mtllib TorusDistrict_Housing4A.mtl
o TorusDistrict_Housing4A
usemtl TorusDistrictBuildings
s off
v -6.25525966 0.09080399 -1.75000000
v -6.25438886 0.12079135 -1.75000000
v -5.29238634 0.09500575 -1.75000000
v -5.29312320 0.06501480 -1.75000000
v -6.25525966 0.09080399 1.75000000
v -5.29312320 0.06501480 1.75000000
v -5.29238634 0.09500575 1.75000000
v -6.25438886 0.12079135 1.75000000
v -4.33027824 0.07351697 -1.75000000
v -4.33088115 0.04352303 -1.75000000
v -4.33088115 0.04352303 1.75000000
v -4.33027824 0.07351697 1.75000000
v -3.36808377 0.05632543 -1.75000000
v -3.36855271 0.02632910 -1.75000000
v -3.36855271 0.02632910 1.75000000
v -3.36808377 0.05632543 1.75000000
v -2.40582211 0.04343148 -1.75000000
v -2.40615708 0.01343335 -1.75000000
v -2.40615708 0.01343335 1.75000000
v -2.40582211 0.04343148 1.75000000
v -1.44351246 0.03483536 -1.75000000
v -1.44371344 0.00483604 -1.75000000
v -1.44371344 0.00483604 1.75000000
v -1.44351246 0.03483536 1.75000000
v -0.48117402 0.03053726 -1.75000000
v -0.48124101 0.00053734 -1.75000000
v -0.48124101 0.00053734 1.75000000
v -0.48117402 0.03053726 1.75000000
v 0.48117402 0.03053726 -1.75000000
v 0.48124101 0.00053734 -1.75000000
v 0.48124101 0.00053734 1.75000000
v 0.48117402 0.03053726 1.75000000
v 1.44351246 0.03483536 -1.75000000
v 1.44371344 0.00483604 -1.75000000
v 1.44371344 0.00483604 1.75000000
v 1.44351246 0.03483536 1.75000000
v 2.40582211 0.04343148 -1.75000000
v 2.40615708 0.01343335 -1.75000000
v 2.40615708 0.01343335 1.75000000
v 2.40582211 0.04343148 1.75000000
v 3.36808377 0.05632543 -1.75000000
v 3.36855271 0.02632910 -1.75000000
v 3.36855271 0.02632910 1.75000000
v 3.36808377 0.05632543 1.75000000
v 4.33027824 0.07351697 -1.75000000
v 4.33088115 0.04352303 -1.75000000
v 4.33088115 0.04352303 1.75000000
v 4.33027824 0.07351697 1.75000000
v 5.29238634 0.09500575 -1.75000000
v 5.29312320 0.06501480 -1.75000000
v 5.29312320 0.06501480 1.75000000
v 5.29238634 0.09500575 1.75000000
v 6.25438886 0.12079135 -1.75000000
v 6.25525966 0.09080399 -1.75000000
v 6.25525966 0.09080399 1.75000000
v 6.25438886 0.12079135 1.75000000
v -6.23436042 0.81050061 -1.75000000
v -6.20447319 0.80963479 -1.75000000
v -6.22440562 0.11992275 -1.75000000
v -6.25438886 0.12079135 1.35000000
v -6.22440562 0.11992275 1.35000000
v -6.20447319 0.80963479 1.35000000
v -6.23436042 0.81050061 1.35000000
v 6.22440562 0.11992275 -1.75000000
v 6.20447319 0.80963479 -1.75000000
v 6.23436042 0.81050061 -1.75000000
v 6.22440562 0.11992275 1.35000000
v 6.25438886 0.12079135 1.35000000
v 6.23436042 0.81050061 1.35000000
v 6.20447319 0.80963479 1.35000000
v -4.84921609 0.77474880 -1.75000000
v -4.86479463 0.08492468 -1.75000000
v -6.25438886 0.12079135 -1.72000000
v -4.86479463 0.08492468 -1.72000000
v -4.84921609 0.77474880 -1.72000000
v -6.23436042 0.81050061 -1.72000000
v -6.25438886 0.12079135 1.32000000
v -6.24967202 0.28322288 1.32000000
v -5.34805329 0.25893077 1.32000000
v -5.35208965 0.09648091 1.32000000
v -5.35208965 0.09648091 1.35000000
v -5.34805329 0.25893077 1.35000000
v -6.24967202 0.28322288 1.35000000
v -6.24967202 0.28322288 1.32500000
v -6.23878700 0.65806486 1.32500000
v -5.33873862 0.63381507 1.32500000
v -5.34805329 0.25893077 1.32500000
v -5.33873862 0.63381507 1.35000000
v -6.23878700 0.65806486 1.35000000
v -6.23878700 0.65806486 1.32000000
v -6.23436042 0.81050061 1.32000000
v -5.33495065 0.78626802 1.32000000
v -5.33873862 0.63381507 1.32000000
v -5.33495065 0.78626802 1.35000000
v -4.90227978 0.08577449 1.32000000
v -4.88658120 0.77559588 1.32000000
v -4.84921609 0.77474880 1.32000000
v -4.86479463 0.08492468 1.32000000
v -4.90227978 0.08577449 1.35000000
v -4.86479463 0.08492468 1.35000000
v -4.84921609 0.77474880 1.35000000
v -4.88658120 0.77559588 1.35000000
v -5.33749666 0.68379964 1.32000000
v -4.88891324 0.67312241 1.32000000
v -5.33749666 0.68379964 1.35000000
v -4.88891324 0.67312241 1.35000000
v -6.20555647 0.77215044 1.35000000
v -4.87910819 0.77542594 1.35000000
v -4.87996007 0.73793562 1.35000000
v -6.20555647 0.77215044 1.51250000
v -4.87996007 0.73793562 1.51250000
v -4.87910819 0.77542594 1.51250000
v -6.20447319 0.80963479 1.51250000
v -3.46386994 0.74793364 -1.75000000
v -3.47499794 0.05802338 -1.75000000
v -3.47499794 0.05802338 -1.72000000
v -3.46386994 0.74793364 -1.72000000
v -4.86112577 0.24738326 1.32000000
v -3.95936910 0.22890823 1.32000000
v -3.96235737 0.06643571 1.32000000
v -3.96235737 0.06643571 1.35000000
v -3.95936910 0.22890823 1.35000000
v -4.86112577 0.24738326 1.35000000
v -4.86112577 0.24738326 1.32500000
v -4.85265918 0.62228767 1.32500000
v -3.95247308 0.60384482 1.32500000
v -3.95936910 0.22890823 1.32500000
v -3.95247308 0.60384482 1.35000000
v -4.85265918 0.62228767 1.35000000
v -4.85265918 0.62228767 1.32000000
v -3.94966871 0.75631903 1.32000000
v -3.95247308 0.60384482 1.32000000
v -3.94966871 0.75631903 1.35000000
v -3.51248779 0.05863134 1.32000000
v -3.50123974 0.74853966 1.32000000
v -3.46386994 0.74793364 1.32000000
v -3.47499794 0.05802338 1.32000000
v -3.51248779 0.05863134 1.35000000
v -3.47499794 0.05802338 1.35000000
v -3.46386994 0.74793364 1.35000000
v -3.50123974 0.74853966 1.35000000
v -3.95155362 0.65383636 1.32000000
v -3.50291065 0.64605328 1.32000000
v -3.95155362 0.65383636 1.35000000
v -3.50291065 0.64605328 1.35000000
v -4.82016534 0.73658526 1.35000000
v -4.81932390 0.77407581 1.35000000
v -3.49376579 0.74841793 1.35000000
v -3.49437579 0.71092289 1.35000000
v -4.82016534 0.73658526 1.51250000
v -3.49437579 0.71092289 1.51250000
v -3.49376579 0.74841793 1.51250000
v -4.81932390 0.77407581 1.51250000
v -4.86479463 0.08492468 -0.75000000
v -4.84921609 0.77474880 -0.75000000
v -4.82430594 0.77418769 -0.75000000
v -4.83980445 0.08436177 -0.75000000
v -4.83980445 0.08436177 1.35000000
v -4.82430594 0.77418769 1.35000000
v -2.07837963 0.73005625 -1.75000000
v -2.08505661 0.04008856 -1.75000000
v -2.08505661 0.04008856 -1.72000000
v -2.07837963 0.73005625 -1.72000000
v -3.47237721 0.22050225 1.32000000
v -2.57052012 0.20784505 1.32000000
v -2.57246018 0.04535663 1.32000000
v -2.57246018 0.04535663 1.35000000
v -2.57052012 0.20784505 1.35000000
v -3.47237721 0.22050225 1.35000000
v -3.47237721 0.22050225 1.32500000
v -3.46632939 0.59545348 1.32500000
v -2.56604305 0.58281832 1.32500000
v -2.57052012 0.20784505 1.32500000
v -2.56604305 0.58281832 1.35000000
v -3.46632939 0.59545348 1.35000000
v -3.46632939 0.59545348 1.32000000
v -2.56422238 0.73530746 1.32000000
v -2.56604305 0.58281832 1.32000000
v -2.56422238 0.73530746 1.35000000
v -2.12254961 0.04045465 1.32000000
v -2.11575256 0.73042117 1.32000000
v -2.07837963 0.73005625 1.32000000
v -2.08505661 0.04008856 1.32000000
v -2.12254961 0.04045465 1.35000000
v -2.08505661 0.04008856 1.35000000
v -2.07837963 0.73005625 1.35000000
v -2.11575256 0.73042117 1.35000000
v -2.56544611 0.63281476 1.32000000
v -2.11676227 0.62792614 1.32000000
v -2.56544611 0.63281476 1.35000000
v -2.11676227 0.62792614 1.35000000
v -3.43457359 0.70995831 1.35000000
v -3.43397403 0.74745351 1.35000000
v -2.10827798 0.73034767 1.35000000
v -2.10864608 0.69284947 1.35000000
v -3.43457359 0.70995831 1.51250000
v -2.10864608 0.69284947 1.51250000
v -2.10827798 0.73034767 1.51250000
v -3.43397403 0.74745351 1.51250000
v -3.47499794 0.05802338 -0.75000000
v -3.46386994 0.74793364 -0.75000000
v -3.43895669 0.74753325 -0.75000000
v -3.45000464 0.05762170 -0.75000000
v -3.45000464 0.05762170 1.35000000
v -3.43895669 0.74753325 1.35000000
v -0.69280282 0.72111737 -1.75000000
v -0.69502851 0.03112096 -1.75000000
v -0.69502851 0.03112096 -1.72000000
v -0.69280282 0.72111737 -1.72000000
v -2.08348414 0.20258095 1.32000000
v -1.18156415 0.19574212 1.32000000
v -1.18245592 0.03324456 1.32000000
v -1.18245592 0.03324456 1.35000000
v -1.18156415 0.19574212 1.35000000
v -2.08348414 0.20258095 1.35000000
v -2.08348414 0.20258095 1.32500000
v -2.07985534 0.57756339 1.32500000
v -1.17950623 0.57073647 1.32500000
v -1.18156415 0.19574212 1.32500000
v -1.17950623 0.57073647 1.35000000
v -2.07985534 0.57756339 1.35000000
v -2.07985534 0.57756339 1.32000000
v -1.17866934 0.72323417 1.32000000
v -1.17950623 0.57073647 1.32000000
v -1.17866934 0.72323417 1.35000000
v -0.73252309 0.03124517 1.32000000
v -0.73017733 0.72124118 1.32000000
v -0.69280282 0.72111737 1.32000000
v -0.69502851 0.03112096 1.32000000
v -0.73252309 0.03124517 1.35000000
v -0.69502851 0.03112096 1.35000000
v -0.69280282 0.72111737 1.35000000
v -0.73017733 0.72124118 1.35000000
v -1.17923184 0.62073572 1.32000000
v -0.73052579 0.61874177 1.32000000
v -1.17923184 0.62073572 1.35000000
v -0.73052579 0.61874177 1.35000000
v -2.04883890 0.69227070 1.35000000
v -2.04848125 0.72976900 1.35000000
v -0.72270243 0.72121590 1.35000000
v -0.72282861 0.68371611 1.35000000
v -2.04883890 0.69227070 1.51250000
v -0.72282861 0.68371611 1.51250000
v -0.72270243 0.72121590 1.51250000
v -2.04848125 0.72976900 1.51250000
v 0.69280282 0.72111737 -1.75000000
v 0.69502851 0.03112096 -1.75000000
v 0.69502851 0.03112096 -1.72000000
v 0.69280282 0.72111737 -1.72000000
v -0.69450435 0.19362011 1.32000000
v 0.20744099 0.19259993 1.32000000
v 0.20759755 0.03010001 1.32000000
v 0.20759755 0.03010001 1.35000000
v 0.20744099 0.19259993 1.35000000
v -0.69450435 0.19362011 1.35000000
v -0.69450435 0.19362011 1.32500000
v -0.69329473 0.56861816 1.32500000
v 0.20707969 0.56759976 1.32500000
v 0.20744099 0.19259993 1.32500000
v 0.20707969 0.56759976 1.35000000
v -0.69329473 0.56861816 1.35000000
v -0.69329473 0.56861816 1.32000000
v 0.20693276 0.72009969 1.32000000
v 0.20707969 0.56759976 1.32000000
v 0.20693276 0.72009969 1.35000000
v 0.65753392 0.03100328 1.32000000
v 0.65542830 0.72100006 1.32000000
v 0.69280282 0.72111737 1.32000000
v 0.69502851 0.03112096 1.32000000
v 0.65753392 0.03100328 1.35000000
v 0.69502851 0.03112096 1.35000000
v 0.69280282 0.72111737 1.35000000
v 0.65542830 0.72100006 1.35000000
v 0.20703152 0.61759973 1.32000000
v 0.65574109 0.61850054 1.32000000
v 0.20703152 0.61759973 1.35000000
v 0.65574109 0.61850054 1.35000000
v -0.66301894 0.68352318 1.35000000
v -0.66290320 0.72102300 1.35000000
v 0.66290320 0.72102300 1.35000000
v 0.66301894 0.68352318 1.35000000
v -0.66301894 0.68352318 1.51250000
v 0.66301894 0.68352318 1.51250000
v 0.66290320 0.72102300 1.51250000
v -0.66290320 0.72102300 1.51250000
v 2.07837963 0.73005625 -1.75000000
v 2.08505661 0.04008856 -1.75000000
v 2.08505661 0.04008856 -1.72000000
v 2.07837963 0.73005625 -1.72000000
v 0.69450435 0.19362011 1.32000000
v 1.59643750 0.19841862 1.32000000
v 1.59764238 0.03592309 1.32000000
v 1.59764238 0.03592309 1.35000000
v 1.59643750 0.19841862 1.35000000
v 0.69450435 0.19362011 1.35000000
v 0.69450435 0.19362011 1.32500000
v 0.69329473 0.56861816 1.32500000
v 1.59365699 0.57340831 1.32500000
v 1.59643750 0.19841862 1.32500000
v 1.59365699 0.57340831 1.35000000
v 0.69329473 0.56861816 1.35000000
v 0.69329473 0.56861816 1.32000000
v 1.59252625 0.72590412 1.32000000
v 1.59365699 0.57340831 1.32000000
v 1.59252625 0.72590412 1.35000000
v 2.04756356 0.03972899 1.32000000
v 2.04100664 0.72969784 1.32000000
v 2.07837963 0.73005625 1.32000000
v 2.08505661 0.04008856 1.32000000
v 2.04756356 0.03972899 1.35000000
v 2.08505661 0.04008856 1.35000000
v 2.07837963 0.73005625 1.35000000
v 2.04100664 0.72969784 1.35000000
v 1.59328625 0.62340694 1.32000000
v 2.04198068 0.62720246 1.32000000
v 1.59328625 0.62340694 1.35000000
v 2.04198068 0.62720246 1.35000000
v 0.72282861 0.68371611 1.35000000
v 0.72270243 0.72121590 1.35000000
v 2.04848125 0.72976900 1.35000000
v 2.04883890 0.69227070 1.35000000
v 0.72282861 0.68371611 1.51250000
v 2.04883890 0.69227070 1.51250000
v 2.04848125 0.72976900 1.51250000
v 0.72270243 0.72121590 1.51250000
v 0.69502851 0.03112096 -0.75000000
v 0.69280282 0.72111737 -0.75000000
v 0.71771916 0.72119919 -0.75000000
v 0.72002490 0.03120304 -0.75000000
v 0.72002490 0.03120304 1.35000000
v 0.71771916 0.72119919 1.35000000
v 3.46386994 0.74793364 -1.75000000
v 3.47499794 0.05802338 -1.75000000
v 3.47499794 0.05802338 -1.72000000
v 3.46386994 0.74793364 -1.72000000
v 2.08348414 0.20258095 1.32000000
v 2.98536756 0.21319795 1.32000000
v 2.98762072 0.05071357 1.32000000
v 2.98762072 0.05071357 1.35000000
v 2.98536756 0.21319795 1.35000000
v 2.08348414 0.20258095 1.35000000
v 2.08348414 0.20258095 1.32500000
v 2.07985534 0.57756339 1.32500000
v 2.98016796 0.58816190 1.32500000
v 2.98536756 0.21319795 1.32500000
v 2.98016796 0.58816190 1.35000000
v 2.07985534 0.57756339 1.35000000
v 2.07985534 0.57756339 1.32000000
v 2.97805346 0.74064724 1.32000000
v 2.98016796 0.58816190 1.32000000
v 2.97805346 0.74064724 1.35000000
v 3.43750798 0.05742195 1.32000000
v 3.42650004 0.74733413 1.32000000
v 3.46386994 0.74793364 1.32000000
v 3.47499794 0.05802338 1.32000000
v 3.43750798 0.05742195 1.35000000
v 3.47499794 0.05802338 1.35000000
v 3.46386994 0.74793364 1.35000000
v 3.42650004 0.74733413 1.35000000
v 2.97947468 0.63815709 1.32000000
v 3.42813528 0.64484718 1.32000000
v 2.97947468 0.63815709 1.35000000
v 3.42813528 0.64484718 1.35000000
v 2.10864608 0.69284947 1.35000000
v 2.10827798 0.73034767 1.35000000
v 3.43397403 0.74745351 1.35000000
v 3.43457359 0.70995831 1.35000000
v 2.10864608 0.69284947 1.51250000
v 3.43457359 0.70995831 1.51250000
v 3.43397403 0.74745351 1.51250000
v 2.10827798 0.73034767 1.51250000
v 2.08505661 0.04008856 -0.75000000
v 2.07837963 0.73005625 -0.75000000
v 2.10329493 0.73029881 -0.75000000
v 2.11005195 0.04033189 -0.75000000
v 2.11005195 0.04033189 1.35000000
v 2.10329493 0.73029881 1.35000000
v 4.84921609 0.77474880 -1.75000000
v 4.86479463 0.08492468 -1.75000000
v 4.86479463 0.08492468 -1.72000000
v 4.84921609 0.77474880 -1.72000000
v 3.47237721 0.22050225 1.32000000
v 4.37417338 0.23693730 1.32000000
v 4.37747472 0.07447084 1.32000000
v 4.37747472 0.07447084 1.35000000
v 4.37417338 0.23693730 1.35000000
v 3.47237721 0.22050225 1.35000000
v 3.47237721 0.22050225 1.32500000
v 3.46632939 0.59545348 1.32500000
v 4.36655490 0.61185990 1.32500000
v 4.37417338 0.23693730 1.32500000
v 4.36655490 0.61185990 1.35000000
v 3.46632939 0.59545348 1.35000000
v 3.46632939 0.59545348 1.32000000
v 4.36345672 0.76432843 1.32000000
v 4.36655490 0.61185990 1.32000000
v 4.36345672 0.76432843 1.35000000
v 4.82730934 0.08408140 1.32000000
v 4.81185084 0.77390822 1.32000000
v 4.84921609 0.77474880 1.32000000
v 4.86479463 0.08492468 1.32000000
v 4.82730934 0.08408140 1.35000000
v 4.86479463 0.08492468 1.35000000
v 4.84921609 0.77474880 1.35000000
v 4.81185084 0.77390822 1.35000000
v 4.36553910 0.66184958 1.32000000
v 4.81414721 0.67143395 1.32000000
v 4.36553910 0.66184958 1.35000000
v 4.81414721 0.67143395 1.35000000
v 3.49437579 0.71092289 1.35000000
v 3.49376579 0.74841793 1.35000000
v 4.81932390 0.77407581 1.35000000
v 4.82016534 0.73658526 1.35000000
v 3.49437579 0.71092289 1.51250000
v 4.82016534 0.73658526 1.51250000
v 4.81932390 0.77407581 1.51250000
v 3.49376579 0.74841793 1.51250000
v 3.47499794 0.05802338 -0.75000000
v 3.46386994 0.74793364 -0.75000000
v 3.48878315 0.74833693 -0.75000000
v 3.49999118 0.05842796 -0.75000000
v 3.49999118 0.05842796 1.35000000
v 3.48878315 0.74833693 1.35000000
v 6.25438886 0.12079135 -1.72000000
v 6.23436042 0.81050061 -1.72000000
v 4.86112577 0.24738326 1.32000000
v 5.76279714 0.26963568 1.32000000
v 5.76714653 0.10719390 1.32000000
v 5.76714653 0.10719390 1.35000000
v 5.76279714 0.26963568 1.35000000
v 4.86112577 0.24738326 1.35000000
v 4.86112577 0.24738326 1.32500000
v 4.85265918 0.62228767 1.32500000
v 5.75276011 0.64450133 1.32500000
v 5.76279714 0.26963568 1.32500000
v 5.75276011 0.64450133 1.35000000
v 4.85265918 0.62228767 1.35000000
v 4.85265918 0.62228767 1.32000000
v 5.74867838 0.79694670 1.32000000
v 5.75276011 0.64450133 1.32000000
v 5.74867838 0.79694670 1.35000000
v 6.21690979 0.11970626 1.32000000
v 6.19700136 0.80941899 1.32000000
v 6.23436042 0.81050061 1.32000000
v 6.25438886 0.12079135 1.32000000
v 6.21690979 0.11970626 1.35000000
v 6.19700136 0.80941899 1.35000000
v 5.75142184 0.69448342 1.32000000
v 6.19995878 0.70696166 1.32000000
v 5.75142184 0.69448342 1.35000000
v 6.19995878 0.70696166 1.35000000
v 4.87996007 0.73793562 1.35000000
v 4.87910819 0.77542594 1.35000000
v 6.20555647 0.77215044 1.35000000
v 4.87996007 0.73793562 1.51250000
v 6.20555647 0.77215044 1.51250000
v 6.20447319 0.80963479 1.51250000
v 4.87910819 0.77542594 1.51250000
v 4.86479463 0.08492468 -0.75000000
v 4.84921609 0.77474880 -0.75000000
v 4.87412618 0.77531280 -0.75000000
v 4.88978475 0.08549050 -0.75000000
v 4.88978475 0.08549050 1.35000000
v 4.87412618 0.77531280 1.35000000
v -6.23348962 0.84048796 -1.75000000
v -5.27242008 0.81473249 -1.75000000
v -5.27315662 0.78474153 -1.75000000
v -6.23436042 0.81050061 1.75000000
v -5.27315662 0.78474153 1.75000000
v -5.27242008 0.81473249 1.75000000
v -6.23348962 0.84048796 1.75000000
v -4.31124487 0.79327987 -1.75000000
v -4.31184714 0.76328592 -1.75000000
v -4.31184714 0.76328592 1.75000000
v -4.31124487 0.79327987 1.75000000
v -3.34998325 0.77613055 -1.75000000
v -3.35045123 0.74613420 -1.75000000
v -3.35045123 0.74613420 1.75000000
v -3.34998325 0.77613055 1.75000000
v -2.38865449 0.76328486 -1.75000000
v -2.38898817 0.73328671 -1.75000000
v -2.38898817 0.73328671 1.75000000
v -2.38865449 0.76328486 1.75000000
v -1.42727785 0.75474306 -1.75000000
v -1.42747724 0.72474372 -1.75000000
v -1.42747724 0.72474372 1.75000000
v -1.42727785 0.75474306 1.75000000
v -0.46587260 0.75050533 -1.75000000
v -0.46593769 0.72050540 -1.75000000
v -0.46593769 0.72050540 1.75000000
v -0.46587260 0.75050533 1.75000000
v 0.46593769 0.72050540 -1.75000000
v 0.46587260 0.75050533 -1.75000000
v 1.42727785 0.75474306 -1.75000000
v 1.42747724 0.72474372 -1.75000000
v 0.46593769 0.72050540 1.75000000
v 1.42747724 0.72474372 1.75000000
v 1.42727785 0.75474306 1.75000000
v 0.46587260 0.75050533 1.75000000
v 2.38865449 0.76328486 -1.75000000
v 2.38898817 0.73328671 -1.75000000
v 2.38898817 0.73328671 1.75000000
v 2.38865449 0.76328486 1.75000000
v 3.34998325 0.77613055 -1.75000000
v 3.35045123 0.74613420 -1.75000000
v 3.35045123 0.74613420 1.75000000
v 3.34998325 0.77613055 1.75000000
v 4.31124487 0.79327987 -1.75000000
v 4.31184714 0.76328592 -1.75000000
v 4.31184714 0.76328592 1.75000000
v 4.31124487 0.79327987 1.75000000
v 5.27242008 0.81473249 -1.75000000
v 5.27315662 0.78474153 -1.75000000
v 5.27315662 0.78474153 1.75000000
v 5.27242008 0.81473249 1.75000000
v 6.23348962 0.84048796 -1.75000000
v 6.23436042 0.81050061 1.75000000
v 6.23348962 0.84048796 1.75000000
v -0.46593769 0.72050540 -1.62500000
v 0.46593769 0.72050540 -1.62500000
v 0.46587260 0.75050533 -1.62500000
v -0.46587260 0.75050533 -1.62500000
v -0.46593769 0.72050540 -1.22500000
v -0.46587260 0.75050533 -1.22500000
v 0.46587260 0.75050533 -1.22500000
v 0.46593769 0.72050540 -1.22500000
v -0.46734679 0.07096147 -1.62500000
v -0.46729256 0.09596141 -1.62500000
v -0.38233037 0.09579385 -1.62500000
v -0.38237475 0.07079389 -1.62500000
v -0.46734679 0.07096147 -1.22500000
v -0.38237475 0.07079389 -1.22500000
v -0.38233037 0.09579385 -1.22500000
v -0.46729256 0.09596141 -1.22500000
v -0.46743455 0.03050702 -1.62500000
v -0.45479812 0.09593467 -1.62500000
v -0.45493632 0.03048027 -1.62500000
v -0.46743455 0.03050702 -1.22500000
v -0.45493632 0.03048027 -1.22500000
v -0.45479812 0.09593467 -1.22500000
v -0.38225857 0.13624833 -1.62500000
v -0.38221420 0.16124830 -1.62500000
v -0.29727777 0.16111429 -1.62500000
v -0.29731228 0.13611431 -1.62500000
v -0.38225857 0.13624833 -1.22500000
v -0.29731228 0.13611431 -1.22500000
v -0.29727777 0.16111429 -1.22500000
v -0.38221420 0.16124830 -1.22500000
v -0.36972355 0.16122649 -1.62500000
v -0.36983593 0.09577204 -1.62500000
v -0.36983593 0.09577204 -1.22500000
v -0.36972355 0.16122649 -1.22500000
v -0.29722192 0.20156880 -1.62500000
v -0.29718741 0.22656877 -1.62500000
v -0.21227675 0.22646830 -1.62500000
v -0.21230141 0.20146831 -1.62500000
v -0.29722192 0.20156880 -1.22500000
v -0.21230141 0.20146831 -1.22500000
v -0.21227675 0.22646830 -1.22500000
v -0.29718741 0.22656877 -1.22500000
v -0.28470055 0.22655190 -1.62500000
v -0.28478711 0.16109741 -1.62500000
v -0.28478711 0.16109741 -1.22500000
v -0.28470055 0.22655190 -1.22500000
v -0.21223686 0.26692282 -1.62500000
v -0.21221221 0.29192281 -1.62500000
v -0.12732734 0.29185585 -1.62500000
v -0.12734213 0.26685585 -1.62500000
v -0.21223686 0.26692282 -1.22500000
v -0.12734213 0.26685585 -1.22500000
v -0.12732734 0.29185585 -1.22500000
v -0.21221221 0.29192281 -1.22500000
v -0.19972914 0.29191086 -1.62500000
v -0.19978989 0.22645635 -1.62500000
v -0.19978989 0.22645635 -1.22500000
v -0.19972914 0.29191086 -1.22500000
v -0.12730340 0.33231039 -1.62500000
v -0.12728861 0.35731038 -1.62500000
v -0.04242954 0.35727691 -1.62500000
v -0.04243447 0.33227691 -1.62500000
v -0.12730340 0.33231039 -1.22500000
v -0.04243447 0.33227691 -1.22500000
v -0.04242954 0.35727691 -1.22500000
v -0.12728861 0.35731038 -1.22500000
v -0.11480934 0.35730336 -1.62500000
v -0.11484427 0.29184882 -1.62500000
v -0.11484427 0.29184882 -1.22500000
v -0.11480934 0.35730336 -1.22500000
v -0.04242156 0.39773146 -1.62500000
v -0.04241663 0.42273146 -1.62500000
v 0.04241663 0.42273146 -1.62500000
v 0.04242156 0.39773146 -1.62500000
v -0.04242156 0.39773146 -1.22500000
v 0.04242156 0.39773146 -1.22500000
v 0.04241663 0.42273146 -1.22500000
v -0.04241663 0.42273146 -1.22500000
v -0.02994115 0.42272936 -1.62500000
v -0.02995026 0.35727481 -1.62500000
v -0.02995026 0.35727481 -1.22500000
v -0.02994115 0.42272936 -1.22500000
v 0.04240865 0.46318600 -1.62500000
v 0.04240372 0.48818600 -1.62500000
v 0.12721116 0.48821945 -1.62500000
v 0.12722595 0.46321945 -1.62500000
v 0.04240865 0.46318600 -1.22500000
v 0.12722595 0.46321945 -1.22500000
v 0.12721116 0.48821945 -1.22500000
v 0.04240372 0.48818600 -1.22500000
v 0.05487541 0.48818882 -1.62500000
v 0.05489211 0.42273428 -1.62500000
v 0.05489211 0.42273428 -1.22500000
v 0.05487541 0.48818882 -1.22500000
v 0.12718723 0.52867399 -1.62500000
v 0.12717244 0.55367398 -1.62500000
v 0.21195404 0.55374087 -1.62500000
v 0.21197869 0.52874088 -1.62500000
v 0.12718723 0.52867399 -1.22500000
v 0.21197869 0.52874088 -1.22500000
v 0.21195404 0.55374087 -1.22500000
v 0.12717244 0.55367398 -1.22500000
v 0.13964032 0.55368172 -1.62500000
v 0.13968284 0.48822719 -1.62500000
v 0.13968284 0.48822719 -1.22500000
v 0.13964032 0.55368172 -1.22500000
v 0.21191415 0.59419539 -1.62500000
v 0.21188949 0.61919538 -1.62500000
v 0.29664524 0.61929567 -1.62500000
v 0.29667976 0.59429569 -1.62500000
v 0.21191415 0.59419539 -1.22500000
v 0.29667976 0.59429569 -1.22500000
v 0.29664524 0.61929567 -1.22500000
v 0.21188949 0.61919538 -1.22500000
v 0.22435358 0.61920803 -1.62500000
v 0.22442192 0.55375352 -1.62500000
v 0.22442192 0.55375352 -1.22500000
v 0.22435358 0.61920803 -1.22500000
v 0.29658940 0.65975018 -1.62500000
v 0.29655488 0.68475015 -1.62500000
v 0.38128477 0.68488383 -1.62500000
v 0.38132914 0.65988387 -1.62500000
v 0.29658940 0.65975018 -1.22500000
v 0.38132914 0.65988387 -1.22500000
v 0.38128477 0.68488383 -1.22500000
v 0.29655488 0.68475015 -1.22500000
v 0.30901516 0.68476772 -1.62500000
v 0.30910932 0.61931324 -1.62500000
v 0.30910932 0.61931324 -1.22500000
v 0.30901516 0.68476772 -1.22500000
v 0.38121297 0.72533832 -1.62500000
v 0.38116859 0.75033828 -1.62500000
v 0.46592684 0.72550538 -1.62500000
v 0.38121297 0.72533832 -1.22500000
v 0.46592684 0.72550538 -1.22500000
v 0.38116859 0.75033828 -1.22500000
v 0.39362507 0.75036075 -1.62500000
v 0.39374504 0.68490631 -1.62500000
v 0.39374504 0.68490631 -1.22500000
v 0.39362507 0.75036075 -1.22500000
v -6.21259038 1.56018458 -1.75000000
v -6.18280751 1.55932179 -1.75000000
v -6.20360656 0.83962227 -1.75000000
v -6.23348962 0.84048796 1.30500000
v -6.20360656 0.83962227 1.30500000
v -6.18280751 1.55932179 1.30500000
v -6.21259038 1.56018458 1.30500000
v 6.20360656 0.83962227 -1.75000000
v 6.18280751 1.55932179 -1.75000000
v 6.21259038 1.56018458 -1.75000000
v 6.20360656 0.83962227 1.30500000
v 6.23348962 0.84048796 1.30500000
v 6.21259038 1.56018458 1.30500000
v 6.18280751 1.55932179 1.30500000
v -4.83228289 1.52455762 -1.75000000
v -4.84853876 0.80474115 -1.75000000
v -6.23348962 0.84048796 -1.72000000
v -4.84853876 0.80474115 -1.72000000
v -4.83228289 1.52455762 -1.72000000
v -6.21259038 1.56018458 -1.72000000
v -6.23348962 0.84048796 1.27500000
v -6.22877278 1.00291949 1.27500000
v -5.33016911 0.97870862 1.27500000
v -5.33420547 0.81625876 1.27500000
v -5.33420547 0.81625876 1.30500000
v -5.33016911 0.97870862 1.30500000
v -6.22877278 1.00291949 1.30500000
v -6.22877278 1.00291949 1.28000000
v -6.21788775 1.37776148 1.28000000
v -5.32085444 1.35359292 1.28000000
v -5.33016911 0.97870862 1.28000000
v -5.32085444 1.35359292 1.30500000
v -6.21788775 1.37776148 1.30500000
v -6.21788775 1.37776148 1.27500000
v -6.21259038 1.56018458 1.27500000
v -5.31632129 1.53603661 1.27500000
v -5.32085444 1.35359292 1.27500000
v -5.31632129 1.53603661 1.30500000
v -4.88589865 0.80558812 1.27500000
v -4.86951753 1.52540174 1.27500000
v -4.83228289 1.52455762 1.27500000
v -4.84853876 0.80474115 1.27500000
v -4.88589865 0.80558812 1.30500000
v -4.84853876 0.80474115 1.30500000
v -4.83228289 1.52455762 1.30500000
v -4.86951753 1.52540174 1.30500000
v -5.31961248 1.40357750 1.27500000
v -4.87253211 1.39293604 1.27500000
v -5.31961248 1.40357750 1.30500000
v -4.87253211 1.39293604 1.30500000
v -6.18389079 1.52183744 1.30500000
v -4.86207061 1.52523240 1.30500000
v -4.86292249 1.48774208 1.30500000
v -6.18389079 1.52183744 1.46750000
v -4.86292249 1.48774208 1.46750000
v -4.86207061 1.52523240 1.46750000
v -6.18280751 1.55932179 1.46750000
v -3.45177430 1.49783610 -1.75000000
v -3.46338612 0.77792974 -1.75000000
v -3.46338612 0.77792974 -1.72000000
v -3.45177430 1.49783610 -1.72000000
v -4.84486990 0.96719973 1.27500000
v -3.94612875 0.94878648 1.27500000
v -3.94911702 0.78631396 1.27500000
v -3.94911702 0.78631396 1.30500000
v -3.94612875 0.94878648 1.30500000
v -4.84486990 0.96719973 1.30500000
v -4.84486990 0.96719973 1.28000000
v -4.83640331 1.34210414 1.28000000
v -3.93923274 1.32372307 1.28000000
v -3.94612875 0.94878648 1.28000000
v -3.93923274 1.32372307 1.30500000
v -4.83640331 1.34210414 1.30500000
v -4.83640331 1.34210414 1.27500000
v -3.93587668 1.50619220 1.27500000
v -3.93923274 1.32372307 1.27500000
v -3.93587668 1.50619220 1.30500000
v -3.50075069 0.77853567 1.27500000
v -3.48901360 1.49844000 1.27500000
v -3.45177430 1.49783610 1.27500000
v -3.46338612 0.77792974 1.27500000
v -3.50075069 0.77853567 1.30500000
v -3.46338612 0.77792974 1.30500000
v -3.45177430 1.49783610 1.30500000
v -3.48901360 1.49844000 1.30500000
v -3.93831327 1.37371461 1.27500000
v -3.49117355 1.36595760 1.27500000
v -3.93831327 1.37371461 1.30500000
v -3.49117355 1.36595760 1.30500000
v -4.80333652 1.48639643 1.30500000
v -4.80249508 1.52388699 1.30500000
v -3.48156575 1.49831870 1.30500000
v -3.48217575 1.46082366 1.30500000
v -4.80333652 1.48639643 1.46750000
v -3.48217575 1.46082366 1.46750000
v -3.48156575 1.49831870 1.46750000
v -4.80249508 1.52388699 1.46750000
v -4.84853876 0.80474115 -0.75000000
v -4.83228289 1.52455762 -0.75000000
v -4.80745973 1.52399847 -0.75000000
v -4.82363209 0.80418012 -0.75000000
v -4.82363209 0.80418012 1.30500000
v -4.80745973 1.52399847 1.30500000
v -2.07112205 1.48002113 -1.75000000
v -2.07808933 0.76005485 -1.75000000
v -2.07808933 0.76005485 -1.72000000
v -2.07112205 1.48002113 -1.72000000
v -3.46076540 0.94040861 1.27500000
v -2.56192416 0.92779374 1.27500000
v -2.56386422 0.76530532 1.27500000
v -2.56386422 0.76530532 1.30500000
v -2.56192416 0.92779374 1.30500000
v -3.46076540 0.94040861 1.30500000
v -3.46076540 0.94040861 1.28000000
v -3.45471757 1.31535983 1.28000000
v -2.55744709 1.30276701 1.28000000
v -2.56192416 0.92779374 1.28000000
v -2.55744709 1.30276701 1.30500000
v -3.45471757 1.31535983 1.30500000
v -3.45471757 1.31535983 1.27500000
v -2.55526826 1.48525400 1.27500000
v -2.55744709 1.30276701 1.27500000
v -2.55526826 1.48525400 1.30500000
v -2.11545704 0.76041971 1.27500000
v -2.10836447 1.48038478 1.27500000
v -2.07112205 1.48002113 1.27500000
v -2.07808933 0.76005485 1.27500000
v -2.11545704 0.76041971 1.30500000
v -2.07808933 0.76005485 1.30500000
v -2.07112205 1.48002113 1.30500000
v -2.10836447 1.48038478 1.30500000
v -2.55685015 1.35276345 1.27500000
v -2.10966970 1.34789121 1.27500000
v -2.55685015 1.35276345 1.30500000
v -2.10966970 1.34789121 1.30500000
v -3.42258234 1.45986244 1.30500000
v -3.42198278 1.49735765 1.30500000
v -2.10091599 1.48031153 1.30500000
v -2.10128409 1.44281334 1.30500000
v -3.42258234 1.45986244 1.46750000
v -2.10128409 1.44281334 1.46750000
v -2.10091599 1.48031153 1.46750000
v -3.42198278 1.49735765 1.46750000
v -3.46338612 0.77792974 -0.75000000
v -3.45177430 1.49783610 -0.75000000
v -3.42694804 1.49743710 -0.75000000
v -3.43847634 0.77752940 -0.75000000
v -3.43847634 0.77752940 1.30500000
v -3.42694804 1.49743710 1.30500000
v -0.69038359 1.47111347 -1.75000000
v -0.69270605 0.75111721 -1.75000000
v -0.69270605 0.75111721 -1.72000000
v -0.69038359 1.47111347 -1.72000000
v -2.07651685 0.92254724 1.27500000
v -1.17761294 0.91573128 1.27500000
v -1.17850470 0.75323372 1.27500000
v -1.17850470 0.75323372 1.30500000
v -1.17761294 0.91573128 1.30500000
v -2.07651685 0.92254724 1.30500000
v -2.07651685 0.92254724 1.28000000
v -2.07288806 1.29752968 1.28000000
v -1.17555501 1.29072563 1.28000000
v -1.17761294 0.91573128 1.28000000
v -1.17555501 1.29072563 1.30500000
v -2.07288806 1.29752968 1.30500000
v -2.07288806 1.29752968 1.27500000
v -1.17455349 1.47322288 1.27500000
v -1.17555501 1.29072563 1.27500000
v -1.17455349 1.47322288 1.30500000
v -0.73007534 0.75124100 1.27500000
v -0.72762759 1.47123684 1.27500000
v -0.69038359 1.47111347 1.27500000
v -0.69270605 0.75111721 1.27500000
v -0.73007534 0.75124100 1.30500000
v -0.69270605 0.75111721 1.30500000
v -0.69038359 1.47111347 1.30500000
v -0.72762759 1.47123684 1.30500000
v -1.17528062 1.34072488 1.27500000
v -0.72807804 1.33873761 1.27500000
v -1.17528062 1.34072488 1.30500000
v -0.72807804 1.33873761 1.30500000
v -2.04168572 1.44223659 1.30500000
v -2.04132806 1.47973489 1.30500000
v -0.72017879 1.47121165 1.30500000
v -0.72030497 1.43371186 1.30500000
v -2.04168572 1.44223659 1.46750000
v -0.72030497 1.43371186 1.46750000
v -0.72017879 1.47121165 1.46750000
v -2.04132806 1.47973489 1.46750000
v 0.69038359 1.47111347 -1.75000000
v 0.69270605 0.75111721 -1.75000000
v 0.69270605 0.75111721 -1.72000000
v 0.69038359 1.47111347 -1.72000000
v -0.69218189 0.91361637 1.27500000
v 0.20674730 0.91259960 1.27500000
v 0.20690386 0.75009967 1.27500000
v 0.20690386 0.75009967 1.30500000
v 0.20674730 0.91259960 1.30500000
v -0.69218189 0.91361637 1.30500000
v -0.69218189 0.91361637 1.28000000
v -0.69097227 1.28861442 1.28000000
v 0.20638600 1.28759942 1.28000000
v 0.20674730 0.91259960 1.28000000
v 0.20638600 1.28759942 1.30500000
v -0.69097227 1.28861442 1.30500000
v -0.69097227 1.28861442 1.27500000
v 0.20621016 1.47009934 1.27500000
v 0.20638600 1.28759942 1.27500000
v 0.20621016 1.47009934 1.30500000
v 0.65533675 0.75099992 1.27500000
v 0.65313958 1.47099657 1.27500000
v 0.69038359 1.47111347 1.27500000
v 0.69270605 0.75111721 1.27500000
v 0.65533675 0.75099992 1.30500000
v 0.69270605 0.75111721 1.30500000
v 0.69038359 1.47111347 1.30500000
v 0.65313958 1.47099657 1.30500000
v 0.20633782 1.33759940 1.27500000
v 0.65354392 1.33849719 1.27500000
v 0.20633782 1.33759940 1.30500000
v 0.65354392 1.33849719 1.30500000
v -0.66070412 1.43351961 1.30500000
v -0.66058838 1.47101943 1.30500000
v 0.66058838 1.47101943 1.30500000
v 0.66070412 1.43351961 1.30500000
v -0.66070412 1.43351961 1.46750000
v 0.66070412 1.43351961 1.46750000
v 0.66058838 1.47101943 1.46750000
v -0.66058838 1.47101943 1.46750000
v 2.07112205 1.48002113 -1.75000000
v 2.07808933 0.76005485 -1.75000000
v 2.07808933 0.76005485 -1.72000000
v 2.07112205 1.48002113 -1.72000000
v 0.69218189 0.91361637 1.27500000
v 1.59109892 0.91839883 1.27500000
v 1.59230381 0.75590330 1.27500000
v 1.59230381 0.75590330 1.30500000
v 1.59109892 0.91839883 1.30500000
v 0.69218189 0.91361637 1.30500000
v 0.69218189 0.91361637 1.28000000
v 0.69097227 1.28861442 1.28000000
v 1.58831841 1.29338852 1.28000000
v 1.59109892 0.91839883 1.28000000
v 1.58831841 1.29338852 1.30500000
v 0.69097227 1.28861442 1.30500000
v 0.69097227 1.28861442 1.27500000
v 1.58696523 1.47588351 1.27500000
v 1.58831841 1.29338852 1.27500000
v 1.58696523 1.47588351 1.30500000
v 2.04072156 0.75969648 1.27500000
v 2.03387956 1.47966397 1.27500000
v 2.07112205 1.48002113 1.27500000
v 2.07808933 0.76005485 1.27500000
v 2.04072156 0.75969648 1.30500000
v 2.07808933 0.76005485 1.30500000
v 2.07112205 1.48002113 1.30500000
v 2.03387956 1.47966397 1.30500000
v 1.58794768 1.34338715 1.27500000
v 2.03513868 1.34716995 1.27500000
v 1.58794768 1.34338715 1.30500000
v 2.03513868 1.34716995 1.30500000
v 0.72030497 1.43371186 1.30500000
v 0.72017879 1.47121165 1.30500000
v 2.04132806 1.47973489 1.30500000
v 2.04168572 1.44223659 1.30500000
v 0.72030497 1.43371186 1.46750000
v 2.04168572 1.44223659 1.46750000
v 2.04132806 1.47973489 1.46750000
v 0.72017879 1.47121165 1.46750000
v 0.69270605 0.75111721 -0.75000000
v 0.69038359 1.47111347 -0.75000000
v 0.71521293 1.47119500 -0.75000000
v 0.71761891 0.75119902 -0.75000000
v 0.71761891 0.75119902 1.30500000
v 0.71521293 1.47119500 1.30500000
v 3.45177430 1.49783610 -1.75000000
v 3.46338612 0.77792974 -1.75000000
v 3.46338612 0.77792974 -1.72000000
v 3.45177430 1.49783610 -1.72000000
v 2.07651685 0.92254724 1.27500000
v 2.97538433 0.93312874 1.27500000
v 2.97763749 0.77064436 1.27500000
v 2.97763749 0.77064436 1.30500000
v 2.97538433 0.93312874 1.30500000
v 2.07651685 0.92254724 1.30500000
v 2.07651685 0.92254724 1.28000000
v 2.07288806 1.29752968 1.28000000
v 2.97018473 1.30809269 1.28000000
v 2.97538433 0.93312874 1.28000000
v 2.97018473 1.30809269 1.30500000
v 2.07288806 1.29752968 1.30500000
v 2.07288806 1.29752968 1.27500000
v 2.96765426 1.49057514 1.27500000
v 2.97018473 1.30809269 1.27500000
v 2.96765426 1.49057514 1.30500000
v 3.42602144 0.77733031 1.27500000
v 3.41453489 1.49723868 1.27500000
v 3.45177430 1.49783610 1.27500000
v 3.46338612 0.77792974 1.27500000
v 3.42602144 0.77733031 1.30500000
v 3.46338612 0.77792974 1.30500000
v 3.45177430 1.49783610 1.30500000
v 3.41453489 1.49723868 1.30500000
v 2.96949145 1.35808788 1.27500000
v 3.41664874 1.36475555 1.27500000
v 2.96949145 1.35808788 1.30500000
v 3.41664874 1.36475555 1.30500000
v 2.10128409 1.44281334 1.30500000
v 2.10091599 1.48031153 1.30500000
v 3.42198278 1.49735765 1.30500000
v 3.42258234 1.45986244 1.30500000
v 2.10128409 1.44281334 1.46750000
v 3.42258234 1.45986244 1.46750000
v 3.42198278 1.49735765 1.46750000
v 2.10091599 1.48031153 1.46750000
v 2.07808933 0.76005485 -0.75000000
v 2.07112205 1.48002113 -0.75000000
v 2.09595034 1.48026284 -0.75000000
v 2.10300114 0.76029737 -0.75000000
v 2.10300114 0.76029737 1.30500000
v 2.09595034 1.48026284 1.30500000
v 4.83228289 1.52455762 -1.75000000
v 4.84853876 0.80474115 -1.75000000
v 4.84853876 0.80474115 -1.72000000
v 4.83228289 1.52455762 -1.72000000
v 3.46076540 0.94040861 1.27500000
v 4.35954590 0.95678870 1.27500000
v 4.36284724 0.79432224 1.27500000
v 4.36284724 0.79432224 1.30500000
v 4.35954590 0.95678870 1.30500000
v 3.46076540 0.94040861 1.30500000
v 3.46076540 0.94040861 1.28000000
v 3.45471757 1.31535983 1.28000000
v 4.35192743 1.33171130 1.28000000
v 4.35954590 0.95678870 1.28000000
v 4.35192743 1.33171130 1.30500000
v 3.45471757 1.31535983 1.30500000
v 3.45471757 1.31535983 1.27500000
v 4.34821977 1.51417364 1.27500000
v 4.35192743 1.33171130 1.27500000
v 4.34821977 1.51417364 1.30500000
v 4.81117873 0.80390069 1.27500000
v 4.79504812 1.52371997 1.27500000
v 4.83228289 1.52455762 1.27500000
v 4.84853876 0.80474115 1.27500000
v 4.81117873 0.80390069 1.30500000
v 4.84853876 0.80474115 1.30500000
v 4.83228289 1.52455762 1.30500000
v 4.79504812 1.52371997 1.30500000
v 4.35091163 1.38170098 1.27500000
v 4.79801660 1.39125323 1.27500000
v 4.35091163 1.38170098 1.30500000
v 4.79801660 1.39125323 1.30500000
v 3.48217575 1.46082366 1.30500000
v 3.48156575 1.49831870 1.30500000
v 4.80249508 1.52388699 1.30500000
v 4.80333652 1.48639643 1.30500000
v 3.48217575 1.46082366 1.46750000
v 4.80333652 1.48639643 1.46750000
v 4.80249508 1.52388699 1.46750000
v 3.48156575 1.49831870 1.46750000
v 3.46338612 0.77792974 -0.75000000
v 3.45177430 1.49783610 -0.75000000
v 3.47660051 1.49823798 -0.75000000
v 3.48829585 0.77833297 -0.75000000
v 3.48829585 0.77833297 1.30500000
v 3.47660051 1.49823798 1.30500000
v 6.23348962 0.84048796 -1.72000000
v 6.21259038 1.56018458 -1.72000000
v 4.84486990 0.96719973 1.27500000
v 5.74352604 0.98937773 1.27500000
v 5.74787542 0.82693595 1.27500000
v 5.74787542 0.82693595 1.30500000
v 5.74352604 0.98937773 1.30500000
v 4.84486990 0.96719973 1.30500000
v 4.84486990 0.96719973 1.28000000
v 4.83640331 1.34210414 1.28000000
v 5.73348900 1.36424339 1.28000000
v 5.74352604 0.98937773 1.28000000
v 5.73348900 1.36424339 1.30500000
v 4.83640331 1.34210414 1.30500000
v 4.83640331 1.34210414 1.27500000
v 5.72860431 1.54667801 1.27500000
v 5.73348900 1.36424339 1.27500000
v 5.72860431 1.54667801 1.30500000
v 6.19613578 0.83940650 1.27500000
v 6.17536178 1.55910674 1.27500000
v 6.21259038 1.56018458 1.27500000
v 6.23348962 0.84048796 1.27500000
v 6.19613578 0.83940650 1.30500000
v 6.17536178 1.55910674 1.30500000
v 5.73215073 1.41422547 1.27500000
v 6.17918477 1.42666191 1.27500000
v 5.73215073 1.41422547 1.30500000
v 6.17918477 1.42666191 1.30500000
v 4.86292249 1.48774208 1.30500000
v 4.86207061 1.52523240 1.30500000
v 6.18389079 1.52183744 1.30500000
v 4.86292249 1.48774208 1.46750000
v 6.18389079 1.52183744 1.46750000
v 6.18280751 1.55932179 1.46750000
v 4.86207061 1.52523240 1.46750000
v 4.84853876 0.80474115 -0.75000000
v 4.83228289 1.52455762 -0.75000000
v 4.85710600 1.52511965 -0.75000000
v 4.87344537 0.80530507 -0.75000000
v 4.87344537 0.80530507 1.30500000
v 4.85710600 1.52511965 1.30500000
v -6.18935538 1.07430866 1.70500000
v -6.18892258 1.08930242 1.70500000
v -4.42095951 1.04556401 1.70500000
v -4.42126867 1.03056719 1.70500000
v -6.18935538 1.07430866 1.72500000
v -4.42126867 1.03056719 1.72500000
v -4.42095951 1.04556401 1.72500000
v -6.18892258 1.08930242 1.72500000
v -2.65269592 1.01640341 1.70500000
v -2.65288143 1.00140456 1.70500000
v -2.65288143 1.00140456 1.72500000
v -2.65269592 1.01640341 1.72500000
v -0.88425201 1.00182262 1.70500000
v -0.88431385 0.98682275 1.70500000
v -0.88431385 0.98682275 1.72500000
v -0.88425201 1.00182262 1.72500000
v 0.88425201 1.00182262 1.70500000
v 0.88431385 0.98682275 1.70500000
v 0.88431385 0.98682275 1.72500000
v 0.88425201 1.00182262 1.72500000
v 2.65269592 1.01640341 1.70500000
v 2.65288143 1.00140456 1.70500000
v 2.65288143 1.00140456 1.72500000
v 2.65269592 1.01640341 1.72500000
v 4.42095951 1.04556401 1.70500000
v 4.42126867 1.03056719 1.70500000
v 4.42126867 1.03056719 1.72500000
v 4.42095951 1.04556401 1.72500000
v 6.18892258 1.08930242 1.70500000
v 6.18935538 1.07430866 1.70500000
v 6.18935538 1.07430866 1.72500000
v 6.18892258 1.08930242 1.72500000
v -6.18991012 0.83922689 1.70500000
v -6.18270417 1.08912302 1.70500000
v -6.17026734 1.08876475 1.70500000
v -6.17745879 0.83886821 1.70500000
v -6.18991012 0.83922689 1.72000000
v -6.17745879 0.83886821 1.72000000
v -6.17026734 1.08876475 1.72000000
v -6.18270417 1.08912302 1.72000000
v -4.81602170 0.80400927 1.70500000
v -4.81041516 1.05394640 1.70500000
v -4.79797628 1.05366773 1.70500000
v -4.80356833 0.80373028 1.70500000
v -4.81602170 0.80400927 1.72000000
v -4.80356833 0.80373028 1.72000000
v -4.79797628 1.05366773 1.72000000
v -4.81041516 1.05394640 1.72000000
v -3.44193604 0.77758483 1.70500000
v -3.43792913 1.02755272 1.70500000
v -3.42548872 1.02735366 1.70500000
v -3.42948113 0.77738554 1.70500000
v -3.44193604 0.77758483 1.72000000
v -3.42948113 0.77738554 1.72000000
v -3.42548872 1.02735366 1.72000000
v -3.43792913 1.02755272 1.72000000
v -2.06770940 0.75995465 1.70500000
v -2.06530229 1.00994306 1.70500000
v -2.05286087 1.00982362 1.70500000
v -2.05525348 0.75983507 1.70500000
v -2.06770940 0.75995465 1.72000000
v -2.05525348 0.75983507 1.72000000
v -2.05286087 1.00982362 1.72000000
v -2.06530229 1.00994306 1.72000000
v -0.69339808 0.75111945 1.70500000
v -0.69259086 1.00111814 1.70500000
v -0.68014893 1.00107833 1.70500000
v -0.68094164 0.75107959 1.70500000
v -0.69339808 0.75111945 1.72000000
v -0.68094164 0.75107959 1.72000000
v -0.68014893 1.00107833 1.72000000
v -0.69259086 1.00111814 1.72000000
v 0.68094164 0.75107959 1.70500000
v 0.68014893 1.00107833 1.70500000
v 0.69259086 1.00111814 1.70500000
v 0.69339808 0.75111945 1.70500000
v 0.68094164 0.75107959 1.72000000
v 0.69339808 0.75111945 1.72000000
v 0.69259086 1.00111814 1.72000000
v 0.68014893 1.00107833 1.72000000
v 2.05525348 0.75983507 1.70500000
v 2.05286087 1.00982362 1.70500000
v 2.06530229 1.00994306 1.70500000
v 2.06770940 0.75995465 1.70500000
v 2.05525348 0.75983507 1.72000000
v 2.06770940 0.75995465 1.72000000
v 2.06530229 1.00994306 1.72000000
v 2.05286087 1.00982362 1.72000000
v 3.42948113 0.77738554 1.70500000
v 3.42548872 1.02735366 1.70500000
v 3.43792913 1.02755272 1.70500000
v 3.44193604 0.77758483 1.70500000
v 3.42948113 0.77738554 1.72000000
v 3.44193604 0.77758483 1.72000000
v 3.43792913 1.02755272 1.72000000
v 3.42548872 1.02735366 1.72000000
v 4.80356833 0.80373028 1.70500000
v 4.79797628 1.05366773 1.70500000
v 4.81041516 1.05394640 1.70500000
v 4.81602170 0.80400927 1.70500000
v 4.80356833 0.80373028 1.72000000
v 4.81602170 0.80400927 1.72000000
v 4.81041516 1.05394640 1.72000000
v 4.79797628 1.05366773 1.72000000
v 6.17745879 0.83886821 1.70500000
v 6.17026734 1.08876475 1.70500000
v 6.18270417 1.08912302 1.70500000
v 6.18991012 0.83922689 1.70500000
v 6.17745879 0.83886821 1.72000000
v 6.18991012 0.83922689 1.72000000
v 6.18270417 1.08912302 1.72000000
v 6.17026734 1.08876475 1.72000000
v -6.21171957 1.59017194 -1.75000000
v -5.25400651 1.56450641 -1.75000000
v -5.25474305 1.53451546 -1.75000000
v -6.21259038 1.56018458 1.75000000
v -5.25474305 1.53451546 1.75000000
v -5.25400651 1.56450641 1.75000000
v -6.21171957 1.59017194 1.75000000
v -4.29618813 1.54312872 -1.75000000
v -4.29679040 1.51313477 -1.75000000
v -4.29679040 1.51313477 1.75000000
v -4.29618813 1.54312872 1.75000000
v -3.33828366 1.52603929 -1.75000000
v -3.33875164 1.49604294 -1.75000000
v -3.33875164 1.49604294 1.75000000
v -3.33828366 1.52603929 1.75000000
v -2.38031227 1.51323846 -1.75000000
v -2.38064596 1.48324032 -1.75000000
v -2.38064596 1.48324032 1.75000000
v -2.38031227 1.51323846 1.75000000
v -1.42229318 1.50472650 -1.75000000
v -1.42249256 1.47472716 -1.75000000
v -1.42249256 1.47472716 1.75000000
v -1.42229318 1.50472650 1.75000000
v -0.46424558 1.50050356 -1.75000000
v -0.46431066 1.47050363 -1.75000000
v -0.46431066 1.47050363 1.75000000
v -0.46424558 1.50050356 1.75000000
v 0.46431066 1.47050363 -1.75000000
v 0.46424558 1.50050356 -1.75000000
v 1.42229318 1.50472650 -1.75000000
v 1.42249256 1.47472716 -1.75000000
v 0.46431066 1.47050363 1.75000000
v 1.42249256 1.47472716 1.75000000
v 1.42229318 1.50472650 1.75000000
v 0.46424558 1.50050356 1.75000000
v 2.38031227 1.51323846 -1.75000000
v 2.38064596 1.48324032 -1.75000000
v 2.38064596 1.48324032 1.75000000
v 2.38031227 1.51323846 1.75000000
v 3.33828366 1.52603929 -1.75000000
v 3.33875164 1.49604294 -1.75000000
v 3.33875164 1.49604294 1.75000000
v 3.33828366 1.52603929 1.75000000
v 4.29618813 1.54312872 -1.75000000
v 4.29679040 1.51313477 -1.75000000
v 4.29679040 1.51313477 1.75000000
v 4.29618813 1.54312872 1.75000000
v 5.25400651 1.56450641 -1.75000000
v 5.25474305 1.53451546 -1.75000000
v 5.25474305 1.53451546 1.75000000
v 5.25400651 1.56450641 1.75000000
v 6.21171957 1.59017194 -1.75000000
v 6.21259038 1.56018458 1.75000000
v 6.21171957 1.59017194 1.75000000
v -0.46431066 1.47050363 -1.62500000
v 0.46431066 1.47050363 -1.62500000
v 0.46424558 1.50050356 -1.62500000
v -0.46424558 1.50050356 -1.62500000
v -0.46431066 1.47050363 -1.22500000
v -0.46424558 1.50050356 -1.22500000
v 0.46424558 1.50050356 -1.22500000
v 0.46431066 1.47050363 -1.22500000
v -0.46577893 0.79368704 -1.62500000
v -0.46572469 0.81868698 -1.62500000
v -0.38104757 0.81851999 -1.62500000
v -0.38109195 0.79352003 -1.62500000
v -0.46577893 0.79368704 -1.22500000
v -0.38109195 0.79352003 -1.22500000
v -0.38104757 0.81851999 -1.22500000
v -0.46572469 0.81868698 -1.22500000
v -0.45327218 0.81866033 -1.62500000
v -0.45341614 0.75047866 -1.62500000
v -0.45341614 0.75047866 -1.22500000
v -0.45327218 0.81866033 -1.22500000
v -0.38097093 0.86170174 -1.62500000
v -0.38092656 0.88670170 -1.62500000
v -0.29627627 0.88656814 -1.62500000
v -0.29631078 0.86156817 -1.62500000
v -0.38097093 0.86170174 -1.22500000
v -0.29631078 0.86156817 -1.22500000
v -0.29627627 0.88656814 -1.22500000
v -0.38092656 0.88670170 -1.22500000
v -0.36847799 0.88667996 -1.62500000
v -0.36859505 0.81849825 -1.62500000
v -0.36859505 0.81849825 -1.22500000
v -0.36847799 0.88667996 -1.22500000
v -0.29621666 0.92974992 -1.62500000
v -0.29618215 0.95474990 -1.62500000
v -0.21155871 0.95464976 -1.62500000
v -0.21158336 0.92964977 -1.62500000
v -0.29621666 0.92974992 -1.22500000
v -0.21158336 0.92964977 -1.22500000
v -0.21155871 0.95464976 -1.22500000
v -0.29618215 0.95474990 -1.22500000
v -0.28373753 0.95473308 -1.62500000
v -0.28382770 0.88655132 -1.62500000
v -0.28382770 0.88655132 -1.22500000
v -0.28373753 0.95473308 -1.22500000
v -0.21151613 0.99783156 -1.62500000
v -0.21149148 1.02283155 -1.62500000
v -0.12689490 1.02276481 -1.62500000
v -0.12690969 0.99776482 -1.62500000
v -0.21151613 0.99783156 -1.22500000
v -0.12690969 0.99776482 -1.22500000
v -0.12689490 1.02276481 -1.22500000
v -0.21149148 1.02283155 -1.22500000
v -0.19905080 1.02281964 -1.62500000
v -0.19911408 0.95463785 -1.62500000
v -0.19911408 0.95463785 -1.22500000
v -0.19905080 1.02281964 -1.22500000
v -0.12686935 1.06594662 -1.62500000
v -0.12685456 1.09094662 -1.62500000
v -0.04228486 1.09091326 -1.62500000
v -0.04228979 1.06591326 -1.62500000
v -0.12686935 1.06594662 -1.22500000
v -0.04228979 1.06591326 -1.22500000
v -0.04228486 1.09091326 -1.22500000
v -0.12685456 1.09094662 -1.22500000
v -0.11441784 1.09093962 -1.62500000
v -0.11445422 1.02275781 -1.62500000
v -0.11445422 1.02275781 -1.22500000
v -0.11441784 1.09093962 -1.22500000
v -0.04227634 1.13409508 -1.62500000
v -0.04227141 1.15909508 -1.62500000
v 0.04227141 1.15909508 -1.62500000
v 0.04227634 1.13409508 -1.62500000
v -0.04227634 1.13409508 -1.22500000
v 0.04227634 1.13409508 -1.22500000
v 0.04227141 1.15909508 -1.22500000
v -0.04227141 1.15909508 -1.22500000
v -0.02983864 1.15909299 -1.62500000
v -0.02984813 1.09091117 -1.62500000
v -0.02984813 1.09091117 -1.22500000
v -0.02983864 1.15909299 -1.22500000
v 0.04226289 1.20227689 -1.62500000
v 0.04225796 1.22727689 -1.62500000
v 0.12677388 1.22731023 -1.62500000
v 0.12678867 1.20231023 -1.62500000
v 0.04226289 1.20227689 -1.22500000
v 0.12678867 1.20231023 -1.22500000
v 0.12677388 1.22731023 -1.22500000
v 0.04225796 1.22727689 -1.22500000
v 0.05468677 1.22727971 -1.62500000
v 0.05470418 1.15909789 -1.62500000
v 0.05470418 1.15909789 -1.22500000
v 0.05468677 1.22727971 -1.22500000
v 0.12674833 1.27049204 -1.62500000
v 0.12673354 1.29549204 -1.62500000
v 0.21122255 1.29555869 -1.62500000
v 0.21124720 1.27055870 -1.62500000
v 0.12674833 1.27049204 -1.22500000
v 0.21124720 1.27055870 -1.22500000
v 0.21122255 1.29555869 -1.22500000
v 0.12673354 1.29549204 -1.22500000
v 0.13915840 1.29549975 -1.62500000
v 0.13920269 1.22731794 -1.62500000
v 0.13920269 1.22731794 -1.22500000
v 0.13915840 1.29549975 -1.22500000
v 0.21117996 1.33874048 -1.62500000
v 0.21115531 1.36374047 -1.62500000
v 0.29561739 1.36384042 -1.62500000
v 0.29565190 1.33884044 -1.62500000
v 0.21117996 1.33874048 -1.22500000
v 0.29565190 1.33884044 -1.22500000
v 0.29561739 1.36384042 -1.22500000
v 0.21115531 1.36374047 -1.22500000
v 0.22357621 1.36375308 -1.62500000
v 0.22364740 1.29557130 -1.62500000
v 0.22364740 1.29557130 -1.22500000
v 0.22357621 1.36375308 -1.22500000
v 0.29555778 1.40702219 -1.62500000
v 0.29552327 1.43202217 -1.62500000
v 0.37995841 1.43215538 -1.62500000
v 0.38000278 1.40715542 -1.62500000
v 0.29555778 1.40702219 -1.22500000
v 0.38000278 1.40715542 -1.22500000
v 0.37995841 1.43215538 -1.22500000
v 0.29552327 1.43202217 -1.22500000
v 0.30794020 1.43203967 -1.62500000
v 0.30803828 1.36385792 -1.62500000
v 0.30803828 1.36385792 -1.22500000
v 0.30794020 1.43203967 -1.22500000
v 0.37988176 1.47533713 -1.62500000
v 0.37983739 1.50033709 -1.62500000
v 0.46429981 1.47550362 -1.62500000
v 0.37988176 1.47533713 -1.22500000
v 0.46429981 1.47550362 -1.22500000
v 0.37983739 1.50033709 -1.22500000
v 0.39225036 1.50035949 -1.62500000
v 0.39237533 1.43217778 -1.62500000
v 0.39237533 1.43217778 -1.22500000
v 0.39225036 1.50035949 -1.22500000
v -6.19082033 2.30986856 -1.75000000
v -6.16114183 2.30900879 -1.75000000
v -6.18194088 1.58930927 -1.75000000
v -6.21171957 1.59017194 1.26000000
v -6.18194088 1.58930927 1.26000000
v -6.16114183 2.30900879 1.26000000
v -6.19082033 2.30986856 1.26000000
v 6.18194088 1.58930927 -1.75000000
v 6.16114183 2.30900879 -1.75000000
v 6.19082033 2.30986856 -1.75000000
v 6.18194088 1.58930927 1.26000000
v 6.21171957 1.59017194 1.26000000
v 6.19082033 2.30986856 1.26000000
v 6.16114183 2.30900879 1.26000000
v -4.81534970 2.27436644 -1.75000000
v -4.83160557 1.55454997 -1.75000000
v -6.21171957 1.59017194 -1.72000000
v -4.83160557 1.55454997 -1.72000000
v -4.81534970 2.27436644 -1.72000000
v -6.19082033 2.30986856 -1.72000000
v -6.21171957 1.59017194 1.23000000
v -6.20700273 1.75260347 1.23000000
v -5.31153976 1.72847722 1.23000000
v -5.31557612 1.56602736 1.23000000
v -5.31557612 1.56602736 1.26000000
v -5.31153976 1.72847722 1.26000000
v -6.20700273 1.75260347 1.26000000
v -6.20700273 1.75260347 1.23500000
v -6.19611771 2.12744546 1.23500000
v -5.30222508 2.10336152 1.23500000
v -5.31153976 1.72847722 1.23500000
v -5.30222508 2.10336152 1.26000000
v -6.19611771 2.12744546 1.26000000
v -6.19611771 2.12744546 1.23000000
v -6.19082033 2.30986856 1.23000000
v -5.29769194 2.28580521 1.23000000
v -5.30222508 2.10336152 1.23000000
v -5.29769194 2.28580521 1.26000000
v -4.86883498 1.55539398 1.23000000
v -4.85245385 2.27520761 1.23000000
v -4.81534970 2.27436644 1.23000000
v -4.83160557 1.55454997 1.23000000
v -4.86883498 1.55539398 1.26000000
v -4.83160557 1.55454997 1.26000000
v -4.81534970 2.27436644 1.26000000
v -4.85245385 2.27520761 1.26000000
v -5.30098312 2.15334609 1.23000000
v -4.85546844 2.14274190 1.23000000
v -5.30098312 2.15334609 1.26000000
v -4.85546844 2.14274190 1.26000000
v -6.16222511 2.27152444 1.26000000
v -4.84503303 2.27503886 1.26000000
v -4.84588491 2.23754853 1.26000000
v -6.16222511 2.27152444 1.42250000
v -4.84588491 2.23754853 1.42250000
v -4.84503303 2.27503886 1.42250000
v -6.16114183 2.30900879 1.42250000
v -3.43967866 2.24773856 -1.75000000
v -3.45129047 1.52783220 -1.75000000
v -3.45129047 1.52783220 -1.72000000
v -3.43967866 2.24773856 -1.72000000
v -4.82793671 1.71700855 1.23000000
v -3.93233672 1.69865965 1.23000000
v -3.93532500 1.53618713 1.23000000
v -3.93532500 1.53618713 1.26000000
v -3.93233672 1.69865965 1.26000000
v -4.82793671 1.71700855 1.26000000
v -4.82793671 1.71700855 1.23500000
v -4.81947011 2.09191296 1.23500000
v -3.92544071 2.07359624 1.23500000
v -3.93233672 1.69865965 1.23500000
v -3.92544071 2.07359624 1.26000000
v -4.81947011 2.09191296 1.26000000
v -4.81947011 2.09191296 1.23000000
v -3.92208465 2.25606538 1.23000000
v -3.92544071 2.07359624 1.23000000
v -3.92208465 2.25606538 1.26000000
v -3.48852456 1.52843601 1.23000000
v -3.47678747 2.24834034 1.23000000
v -3.43967866 2.24773856 1.23000000
v -3.45129047 1.52783220 1.23000000
v -3.48852456 1.52843601 1.26000000
v -3.45129047 1.52783220 1.26000000
v -3.43967866 2.24773856 1.26000000
v -3.47678747 2.24834034 1.26000000
v -3.92452124 2.12358779 1.23000000
v -3.47894742 2.11585794 1.23000000
v -3.92452124 2.12358779 1.26000000
v -3.47894742 2.11585794 1.26000000
v -4.78650771 2.23620760 1.26000000
v -4.78566627 2.27369816 1.26000000
v -3.46936571 2.24821946 1.26000000
v -3.46997571 2.21072443 1.26000000
v -4.78650771 2.23620760 1.42250000
v -3.46997571 2.21072443 1.42250000
v -3.46936571 2.24821946 1.42250000
v -4.78566627 2.27369816 1.42250000
v -4.83160557 1.55454997 -0.75000000
v -4.81534970 2.27436644 -0.75000000
v -4.79061351 2.27380925 -0.75000000
v -4.80678588 1.55399090 -0.75000000
v -4.80678588 1.55399090 1.26000000
v -4.79061351 2.27380925 1.26000000
v -2.06386446 2.22998602 -1.75000000
v -2.07083174 1.51001973 -1.75000000
v -2.07083174 1.51001973 -1.72000000
v -2.06386446 2.22998602 -1.72000000
v -3.44866975 1.69031106 1.23000000
v -2.55297003 1.67774028 1.23000000
v -2.55491009 1.51525186 1.23000000
v -2.55491009 1.51525186 1.26000000
v -2.55297003 1.67774028 1.26000000
v -3.44866975 1.69031106 1.26000000
v -3.44866975 1.69031106 1.23500000
v -3.44262193 2.06526229 1.23500000
v -2.54849297 2.05271356 1.23500000
v -2.55297003 1.67774028 1.23500000
v -2.54849297 2.05271356 1.26000000
v -3.44262193 2.06526229 1.26000000
v -3.44262193 2.06526229 1.23000000
v -2.54631413 2.23520055 1.23000000
v -2.54849297 2.05271356 1.23000000
v -2.54631413 2.23520055 1.26000000
v -2.10806895 1.51038332 1.23000000
v -2.10097638 2.23034839 1.23000000
v -2.06386446 2.22998602 1.23000000
v -2.07083174 1.51001973 1.23000000
v -2.10806895 1.51038332 1.26000000
v -2.07083174 1.51001973 1.26000000
v -2.06386446 2.22998602 1.26000000
v -2.10097638 2.23034839 1.26000000
v -2.54789603 2.10270999 1.23000000
v -2.10228161 2.09785482 1.23000000
v -2.54789603 2.10270999 1.26000000
v -2.10228161 2.09785482 1.26000000
v -3.41059110 2.20976657 1.26000000
v -3.40999153 2.24726178 1.26000000
v -2.09355400 2.23027540 1.26000000
v -2.09392210 2.19277721 1.26000000
v -3.41059110 2.20976657 1.42250000
v -2.09392210 2.19277721 1.42250000
v -2.09355400 2.23027540 1.42250000
v -3.40999153 2.24726178 1.42250000
v -3.45129047 1.52783220 -0.75000000
v -3.43967866 2.24773856 -0.75000000
v -3.41493939 2.24734096 -0.75000000
v -3.42646769 1.52743326 -0.75000000
v -3.42646769 1.52743326 1.26000000
v -3.41493939 2.24734096 1.26000000
v -0.68796436 2.22110957 -1.75000000
v -0.69028682 1.50111331 -1.75000000
v -0.69028682 1.50111331 -1.72000000
v -0.68796436 2.22110957 -1.72000000
v -2.06925926 1.67251212 1.23000000
v -1.17349709 1.66571998 1.23000000
v -1.17438885 1.50322243 1.23000000
v -1.17438885 1.50322243 1.26000000
v -1.17349709 1.66571998 1.26000000
v -2.06925926 1.67251212 1.26000000
v -2.06925926 1.67251212 1.23500000
v -2.06563047 2.04749456 1.23500000
v -1.17143916 2.04071434 1.23500000
v -1.17349709 1.66571998 1.23500000
v -1.17143916 2.04071434 1.26000000
v -2.06563047 2.04749456 1.26000000
v -2.06563047 2.04749456 1.23000000
v -1.17043764 2.22321159 1.23000000
v -1.17143916 2.04071434 1.23000000
v -1.17043764 2.22321159 1.26000000
v -0.72752560 1.50123667 1.23000000
v -0.72507785 2.22123251 1.23000000
v -0.68796436 2.22110957 1.23000000
v -0.69028682 1.50111331 1.23000000
v -0.72752560 1.50123667 1.26000000
v -0.69028682 1.50111331 1.26000000
v -0.68796436 2.22110957 1.26000000
v -0.72507785 2.22123251 1.26000000
v -1.17116477 2.09071358 1.23000000
v -0.72552830 2.08873328 1.23000000
v -1.17116477 2.09071358 1.26000000
v -0.72552830 2.08873328 1.26000000
v -2.03453254 2.19220248 1.26000000
v -2.03417488 2.22970077 1.26000000
v -0.71765515 2.22120740 1.26000000
v -0.71778134 2.18370762 1.26000000
v -2.03453254 2.19220248 1.42250000
v -0.71778134 2.18370762 1.42250000
v -0.71765515 2.22120740 1.42250000
v -2.03417488 2.22970077 1.42250000
v 0.68796436 2.22110957 -1.75000000
v 0.69028682 1.50111331 -1.75000000
v 0.69028682 1.50111331 -1.72000000
v 0.68796436 2.22110957 -1.72000000
v -0.68976266 1.66361247 1.23000000
v 0.20602470 1.66259925 1.23000000
v 0.20618126 1.50009932 1.23000000
v 0.20618126 1.50009932 1.26000000
v 0.20602470 1.66259925 1.26000000
v -0.68976266 1.66361247 1.26000000
v -0.68976266 1.66361247 1.23500000
v -0.68855304 2.03861051 1.23500000
v 0.20566340 2.03759907 1.23500000
v 0.20602470 1.66259925 1.23500000
v 0.20566340 2.03759907 1.26000000
v -0.68855304 2.03861051 1.26000000
v -0.68855304 2.03861051 1.23000000
v 0.20548757 2.22009899 1.23000000
v 0.20566340 2.03759907 1.23000000
v 0.20548757 2.22009899 1.26000000
v 0.65304803 1.50099643 1.23000000
v 0.65085086 2.22099308 1.23000000
v 0.68796436 2.22110957 1.23000000
v 0.69028682 1.50111331 1.23000000
v 0.65304803 1.50099643 1.26000000
v 0.69028682 1.50111331 1.26000000
v 0.68796436 2.22110957 1.26000000
v 0.65085086 2.22099308 1.26000000
v 0.20561523 2.08759905 1.23000000
v 0.65125520 2.08849370 1.23000000
v 0.20561523 2.08759905 1.26000000
v 0.65125520 2.08849370 1.26000000
v -0.65838930 2.18351604 1.26000000
v -0.65827356 2.22101586 1.26000000
v 0.65827356 2.22101586 1.26000000
v 0.65838930 2.18351604 1.26000000
v -0.65838930 2.18351604 1.42250000
v 0.65838930 2.18351604 1.42250000
v 0.65827356 2.22101586 1.42250000
v -0.65827356 2.22101586 1.42250000
v 2.06386446 2.22998602 -1.75000000
v 2.07083174 1.51001973 -1.75000000
v 2.07083174 1.51001973 -1.72000000
v 2.06386446 2.22998602 -1.72000000
v 0.68976266 1.66361247 1.23000000
v 1.58553791 1.66837821 1.23000000
v 1.58674279 1.50588268 1.23000000
v 1.58674279 1.50588268 1.26000000
v 1.58553791 1.66837821 1.26000000
v 0.68976266 1.66361247 1.26000000
v 0.68976266 1.66361247 1.23500000
v 0.68855304 2.03861051 1.23500000
v 1.58275740 2.04336791 1.23500000
v 1.58553791 1.66837821 1.23500000
v 1.58275740 2.04336791 1.26000000
v 0.68855304 2.03861051 1.26000000
v 0.68855304 2.03861051 1.23000000
v 1.58140422 2.22586289 1.23000000
v 1.58275740 2.04336791 1.23000000
v 1.58140422 2.22586289 1.26000000
v 2.03359448 1.50966262 1.23000000
v 2.02675247 2.22963011 1.23000000
v 2.06386446 2.22998602 1.23000000
v 2.07083174 1.51001973 1.23000000
v 2.03359448 1.50966262 1.26000000
v 2.07083174 1.51001973 1.26000000
v 2.06386446 2.22998602 1.26000000
v 2.02675247 2.22963011 1.26000000
v 1.58238667 2.09336653 1.23000000
v 2.02801159 2.09713609 1.23000000
v 1.58238667 2.09336653 1.26000000
v 2.02801159 2.09713609 1.26000000
v 0.71778134 2.18370762 1.26000000
v 0.71765515 2.22120740 1.26000000
v 2.03417488 2.22970077 1.26000000
v 2.03453254 2.19220248 1.26000000
v 0.71778134 2.18370762 1.42250000
v 2.03453254 2.19220248 1.42250000
v 2.03417488 2.22970077 1.42250000
v 0.71765515 2.22120740 1.42250000
v 0.69028682 1.50111331 -0.75000000
v 0.68796436 2.22110957 -0.75000000
v 0.71270669 2.22119081 -0.75000000
v 0.71511268 1.50119483 -0.75000000
v 0.71511268 1.50119483 1.26000000
v 0.71270669 2.22119081 1.26000000
v 3.43967866 2.24773856 -1.75000000
v 3.45129047 1.52783220 -1.75000000
v 3.45129047 1.52783220 -1.72000000
v 3.43967866 2.24773856 -1.72000000
v 2.06925926 1.67251212 1.23000000
v 2.96498513 1.68305664 1.23000000
v 2.96723829 1.52057226 1.23000000
v 2.96723829 1.52057226 1.26000000
v 2.96498513 1.68305664 1.26000000
v 2.06925926 1.67251212 1.26000000
v 2.06925926 1.67251212 1.23500000
v 2.06563047 2.04749456 1.23500000
v 2.95978553 2.05802059 1.23500000
v 2.96498513 1.68305664 1.23500000
v 2.95978553 2.05802059 1.26000000
v 2.06563047 2.04749456 1.26000000
v 2.06563047 2.04749456 1.23000000
v 2.95725506 2.24050304 1.23000000
v 2.95978553 2.05802059 1.23000000
v 2.95725506 2.24050304 1.26000000
v 3.41405629 1.52723486 1.23000000
v 3.40256974 2.24714323 1.23000000
v 3.43967866 2.24773856 1.23000000
v 3.45129047 1.52783220 1.23000000
v 3.41405629 1.52723486 1.26000000
v 3.45129047 1.52783220 1.26000000
v 3.43967866 2.24773856 1.26000000
v 3.40256974 2.24714323 1.26000000
v 2.95909225 2.10801578 1.23000000
v 3.40468358 2.11466010 1.23000000
v 2.95909225 2.10801578 1.26000000
v 3.40468358 2.11466010 1.26000000
v 2.09392210 2.19277721 1.26000000
v 2.09355400 2.23027540 1.26000000
v 3.40999153 2.24726178 1.26000000
v 3.41059110 2.20976657 1.26000000
v 2.09392210 2.19277721 1.42250000
v 3.41059110 2.20976657 1.42250000
v 3.40999153 2.24726178 1.42250000
v 2.09355400 2.23027540 1.42250000
v 2.07083174 1.51001973 -0.75000000
v 2.06386446 2.22998602 -0.75000000
v 2.08860574 2.23022688 -0.75000000
v 2.09565655 1.51026141 -0.75000000
v 2.09565655 1.51026141 1.26000000
v 2.08860574 2.23022688 1.26000000
v 4.81534970 2.27436644 -1.75000000
v 4.83160557 1.55454997 -1.75000000
v 4.83160557 1.55454997 -1.72000000
v 4.81534970 2.27436644 -1.72000000
v 3.44866975 1.69031106 1.23000000
v 4.34430895 1.70663391 1.23000000
v 4.34761029 1.54416744 1.23000000
v 4.34761029 1.54416744 1.26000000
v 4.34430895 1.70663391 1.26000000
v 3.44866975 1.69031106 1.26000000
v 3.44866975 1.69031106 1.23500000
v 3.44262193 2.06526229 1.23500000
v 4.33669047 2.08155651 1.23500000
v 4.34430895 1.70663391 1.23500000
v 4.33669047 2.08155651 1.26000000
v 3.44262193 2.06526229 1.26000000
v 3.44262193 2.06526229 1.23000000
v 4.33298282 2.26401884 1.23000000
v 4.33669047 2.08155651 1.23000000
v 4.33298282 2.26401884 1.26000000
v 4.79437601 1.55371244 1.23000000
v 4.77824540 2.27353173 1.23000000
v 4.81534970 2.27436644 1.23000000
v 4.83160557 1.55454997 1.23000000
v 4.79437601 1.55371244 1.26000000
v 4.83160557 1.55454997 1.26000000
v 4.81534970 2.27436644 1.26000000
v 4.77824540 2.27353173 1.26000000
v 4.33567468 2.13154619 1.23000000
v 4.78121388 2.14106499 1.23000000
v 4.33567468 2.13154619 1.26000000
v 4.78121388 2.14106499 1.26000000
v 3.46997571 2.21072443 1.26000000
v 3.46936571 2.24821946 1.26000000
v 4.78566627 2.27369816 1.26000000
v 4.78650771 2.23620760 1.26000000
v 3.46997571 2.21072443 1.42250000
v 4.78650771 2.23620760 1.42250000
v 4.78566627 2.27369816 1.42250000
v 3.46936571 2.24821946 1.42250000
v 3.45129047 1.52783220 -0.75000000
v 3.43967866 2.24773856 -0.75000000
v 3.46441787 2.24813903 -0.75000000
v 3.47611321 1.52823402 -0.75000000
v 3.47611321 1.52823402 1.26000000
v 3.46441787 2.24813903 1.26000000
v 6.21171957 1.59017194 -1.72000000
v 6.19082033 2.30986856 -1.72000000
v 4.82793671 1.71700855 1.23000000
v 5.72345197 1.73910904 1.23000000
v 5.72780135 1.57666726 1.23000000
v 5.72780135 1.57666726 1.26000000
v 5.72345197 1.73910904 1.26000000
v 4.82793671 1.71700855 1.26000000
v 4.82793671 1.71700855 1.23500000
v 4.81947011 2.09191296 1.23500000
v 5.71341493 2.11397469 1.23500000
v 5.72345197 1.73910904 1.23500000
v 5.71341493 2.11397469 1.26000000
v 4.81947011 2.09191296 1.26000000
v 4.81947011 2.09191296 1.23000000
v 5.70853024 2.29640931 1.23000000
v 5.71341493 2.11397469 1.23000000
v 5.70853024 2.29640931 1.26000000
v 6.17449619 1.58909425 1.23000000
v 6.15372219 2.30879450 1.23000000
v 6.19082033 2.30986856 1.23000000
v 6.21171957 1.59017194 1.23000000
v 6.17449619 1.58909425 1.26000000
v 6.15372219 2.30879450 1.26000000
v 5.71207666 2.16395678 1.23000000
v 6.15754518 2.17634966 1.23000000
v 5.71207666 2.16395678 1.26000000
v 6.15754518 2.17634966 1.26000000
v 4.84588491 2.23754853 1.26000000
v 4.84503303 2.27503886 1.26000000
v 6.16222511 2.27152444 1.26000000
v 4.84588491 2.23754853 1.42250000
v 6.16222511 2.27152444 1.42250000
v 6.16114183 2.30900879 1.42250000
v 4.84503303 2.27503886 1.42250000
v 4.83160557 1.55454997 -0.75000000
v 4.81534970 2.27436644 -0.75000000
v 4.84008582 2.27492650 -0.75000000
v 4.85642519 1.55511192 -0.75000000
v 4.85642519 1.55511192 1.26000000
v 4.84008582 2.27492650 1.26000000
v -6.16771579 1.82399642 1.70500000
v -6.16728300 1.83899017 1.70500000
v -4.40550161 1.79540469 1.70500000
v -4.40581077 1.78040788 1.70500000
v -6.16771579 1.82399642 1.72500000
v -4.40581077 1.78040788 1.72500000
v -4.40550161 1.79540469 1.72500000
v -6.16728300 1.83899017 1.72500000
v -2.64342076 1.76634606 1.70500000
v -2.64360626 1.75134721 1.70500000
v -2.64360626 1.75134721 1.72500000
v -2.64342076 1.76634606 1.72500000
v -0.88116022 1.75181625 1.70500000
v -0.88122206 1.73681638 1.70500000
v -0.88122206 1.73681638 1.72500000
v -0.88116022 1.75181625 1.72500000
v 0.88116022 1.75181625 1.70500000
v 0.88122206 1.73681638 1.70500000
v 0.88122206 1.73681638 1.72500000
v 0.88116022 1.75181625 1.72500000
v 2.64342076 1.76634606 1.70500000
v 2.64360626 1.75134721 1.70500000
v 2.64360626 1.75134721 1.72500000
v 2.64342076 1.76634606 1.72500000
v 4.40550161 1.79540469 1.70500000
v 4.40581077 1.78040788 1.70500000
v 4.40581077 1.78040788 1.72500000
v 4.40550161 1.79540469 1.72500000
v 6.16728300 1.83899017 1.70500000
v 6.16771579 1.82399642 1.70500000
v 6.16771579 1.82399642 1.72500000
v 6.16728300 1.83899017 1.72500000
v -6.16829228 1.58891527 1.70500000
v -6.16108633 1.83881140 1.70500000
v -6.14869298 1.83845438 1.70500000
v -6.15588443 1.58855784 1.70500000
v -6.16829228 1.58891527 1.72000000
v -6.15588443 1.58855784 1.72000000
v -6.14869298 1.83845438 1.72000000
v -6.16108633 1.83881140 1.72000000
v -4.79920207 1.55382065 1.70500000
v -4.79359553 1.80375777 1.70500000
v -4.78120014 1.80348008 1.70500000
v -4.78679219 1.55354263 1.70500000
v -4.79920207 1.55382065 1.72000000
v -4.78679219 1.55354263 1.72000000
v -4.78120014 1.80348008 1.72000000
v -4.79359553 1.80375777 1.72000000
v -3.42991530 1.52748849 1.70500000
v -3.42590839 1.77745638 1.70500000
v -3.41351149 1.77725802 1.70500000
v -3.41750390 1.52728990 1.70500000
v -3.42991530 1.52748849 1.72000000
v -3.41750390 1.52728990 1.72000000
v -3.41351149 1.77725802 1.72000000
v -3.42590839 1.77745638 1.72000000
v -2.06048806 1.50991988 1.70500000
v -2.05808095 1.75990829 1.70500000
v -2.04568303 1.75978927 1.70500000
v -2.04807564 1.50980072 1.70500000
v -2.06048806 1.50991988 1.72000000
v -2.04807564 1.50980072 1.72000000
v -2.04568303 1.75978927 1.72000000
v -2.05808095 1.75990829 1.72000000
v -0.69097643 1.50111554 1.70500000
v -0.69016922 1.75111423 1.70500000
v -0.67777079 1.75107456 1.70500000
v -0.67856350 1.50107582 1.70500000
v -0.69097643 1.50111554 1.72000000
v -0.67856350 1.50107582 1.72000000
v -0.67777079 1.75107456 1.72000000
v -0.69016922 1.75111423 1.72000000
v 0.67856350 1.50107582 1.70500000
v 0.67777079 1.75107456 1.70500000
v 0.69016922 1.75111423 1.70500000
v 0.69097643 1.50111554 1.70500000
v 0.67856350 1.50107582 1.72000000
v 0.69097643 1.50111554 1.72000000
v 0.69016922 1.75111423 1.72000000
v 0.67777079 1.75107456 1.72000000
v 2.04807564 1.50980072 1.70500000
v 2.04568303 1.75978927 1.70500000
v 2.05808095 1.75990829 1.70500000
v 2.06048806 1.50991988 1.70500000
v 2.04807564 1.50980072 1.72000000
v 2.06048806 1.50991988 1.72000000
v 2.05808095 1.75990829 1.72000000
v 2.04568303 1.75978927 1.72000000
v 3.41750390 1.52728990 1.70500000
v 3.41351149 1.77725802 1.70500000
v 3.42590839 1.77745638 1.70500000
v 3.42991530 1.52748849 1.70500000
v 3.41750390 1.52728990 1.72000000
v 3.42991530 1.52748849 1.72000000
v 3.42590839 1.77745638 1.72000000
v 3.41351149 1.77725802 1.72000000
v 4.78679219 1.55354263 1.70500000
v 4.78120014 1.80348008 1.70500000
v 4.79359553 1.80375777 1.70500000
v 4.79920207 1.55382065 1.70500000
v 4.78679219 1.55354263 1.72000000
v 4.79920207 1.55382065 1.72000000
v 4.79359553 1.80375777 1.72000000
v 4.78120014 1.80348008 1.72000000
v 6.15588443 1.58855784 1.70500000
v 6.14869298 1.83845438 1.70500000
v 6.16108633 1.83881140 1.70500000
v 6.16829228 1.58891527 1.70500000
v 6.15588443 1.58855784 1.72000000
v 6.16829228 1.58891527 1.72000000
v 6.16108633 1.83881140 1.72000000
v 6.14869298 1.83845438 1.72000000
v -6.18994953 2.33985592 -1.75000000
v -5.23559293 2.31428034 -1.75000000
v -5.23632948 2.28428938 -1.75000000
v -6.19082033 2.30986856 1.75000000
v -5.23632948 2.28428938 1.75000000
v -5.23559293 2.31428034 1.75000000
v -6.18994953 2.33985592 1.75000000
v -4.28113140 2.29297757 -1.75000000
v -4.28173367 2.26298361 -1.75000000
v -4.28173367 2.26298361 1.75000000
v -4.28113140 2.29297757 1.75000000
v -3.32658406 2.27594803 -1.75000000
v -3.32705205 2.24595168 -1.75000000
v -3.32705205 2.24595168 1.75000000
v -3.32658406 2.27594803 1.75000000
v -2.37197005 2.26319207 -1.75000000
v -2.37230374 2.23319392 -1.75000000
v -2.37230374 2.23319392 1.75000000
v -2.37197005 2.26319207 1.75000000
v -1.41730850 2.25470993 -1.75000000
v -1.41750789 2.22471059 -1.75000000
v -1.41750789 2.22471059 1.75000000
v -1.41730850 2.25470993 1.75000000
v -0.46261855 2.25050180 -1.75000000
v -0.46268363 2.22050187 -1.75000000
v -0.46268363 2.22050187 1.75000000
v -0.46261855 2.25050180 1.75000000
v 0.46268363 2.22050187 -1.75000000
v 0.46261855 2.25050180 -1.75000000
v 1.41730850 2.25470993 -1.75000000
v 1.41750789 2.22471059 -1.75000000
v 0.46268363 2.22050187 1.75000000
v 1.41750789 2.22471059 1.75000000
v 1.41730850 2.25470993 1.75000000
v 0.46261855 2.25050180 1.75000000
v 2.37197005 2.26319207 -1.75000000
v 2.37230374 2.23319392 -1.75000000
v 2.37230374 2.23319392 1.75000000
v 2.37197005 2.26319207 1.75000000
v 3.32658406 2.27594803 -1.75000000
v 3.32705205 2.24595168 -1.75000000
v 3.32705205 2.24595168 1.75000000
v 3.32658406 2.27594803 1.75000000
v 4.28113140 2.29297757 -1.75000000
v 4.28173367 2.26298361 -1.75000000
v 4.28173367 2.26298361 1.75000000
v 4.28113140 2.29297757 1.75000000
v 5.23559293 2.31428034 -1.75000000
v 5.23632948 2.28428938 -1.75000000
v 5.23632948 2.28428938 1.75000000
v 5.23559293 2.31428034 1.75000000
v 6.18994953 2.33985592 -1.75000000
v 6.19082033 2.30986856 1.75000000
v 6.18994953 2.33985592 1.75000000
v -0.46268363 2.22050187 -1.62500000
v 0.46268363 2.22050187 -1.62500000
v 0.46261855 2.25050180 -1.62500000
v -0.46261855 2.25050180 -1.62500000
v -0.46268363 2.22050187 -1.22500000
v -0.46261855 2.25050180 -1.22500000
v 0.46261855 2.25050180 -1.22500000
v 0.46268363 2.22050187 -1.22500000
v -0.46415190 1.54368528 -1.62500000
v -0.46409766 1.56868522 -1.62500000
v -0.37971637 1.56851881 -1.62500000
v -0.37976074 1.54351884 -1.62500000
v -0.46415190 1.54368528 -1.22500000
v -0.37976074 1.54351884 -1.22500000
v -0.37971637 1.56851881 -1.22500000
v -0.46409766 1.56868522 -1.22500000
v -0.45168865 1.56865866 -1.62500000
v -0.45183261 1.50047699 -1.62500000
v -0.45183261 1.50047699 -1.22500000
v -0.45168865 1.56865866 -1.22500000
v -0.37963972 1.61170056 -1.62500000
v -0.37959535 1.63670052 -1.62500000
v -0.29524089 1.63656743 -1.62500000
v -0.29527540 1.61156745 -1.62500000
v -0.37963972 1.61170056 -1.22500000
v -0.29527540 1.61156745 -1.22500000
v -0.29524089 1.63656743 -1.22500000
v -0.37959535 1.63670052 -1.22500000
v -0.36719029 1.63667886 -1.62500000
v -0.36730735 1.56849714 -1.62500000
v -0.36730735 1.56849714 -1.22500000
v -0.36719029 1.63667886 -1.22500000
v -0.29518128 1.67974920 -1.62500000
v -0.29514676 1.70474918 -1.62500000
v -0.21081915 1.70464940 -1.62500000
v -0.21084380 1.67964941 -1.62500000
v -0.29518128 1.67974920 -1.22500000
v -0.21084380 1.67964941 -1.22500000
v -0.21081915 1.70464940 -1.22500000
v -0.29514676 1.70474918 -1.22500000
v -0.28274565 1.70473242 -1.62500000
v -0.28283582 1.63655066 -1.62500000
v -0.28283582 1.63655066 -1.22500000
v -0.28274565 1.70473242 -1.22500000
v -0.21077657 1.74783119 -1.62500000
v -0.21075192 1.77283118 -1.62500000
v -0.12645116 1.77276468 -1.62500000
v -0.12646595 1.74776468 -1.62500000
v -0.21077657 1.74783119 -1.22500000
v -0.12646595 1.74776468 -1.22500000
v -0.12645116 1.77276468 -1.22500000
v -0.21075192 1.77283118 -1.22500000
v -0.19835475 1.77281932 -1.62500000
v -0.19841803 1.70463753 -1.62500000
v -0.19841803 1.70463753 -1.22500000
v -0.19835475 1.77281932 -1.22500000
v -0.12642561 1.81594649 -1.62500000
v -0.12641082 1.84094649 -1.62500000
v -0.04213694 1.84091325 -1.62500000
v -0.04214187 1.81591325 -1.62500000
v -0.12642561 1.81594649 -1.22500000
v -0.04214187 1.81591325 -1.22500000
v -0.04213694 1.84091325 -1.22500000
v -0.12641082 1.84094649 -1.22500000
v -0.11401761 1.84093951 -1.62500000
v -0.11405399 1.77275770 -1.62500000
v -0.11405399 1.77275770 -1.22500000
v -0.11401761 1.84093951 -1.22500000
v -0.04212843 1.88409506 -1.62500000
v -0.04212350 1.90909506 -1.62500000
v 0.04212350 1.90909506 -1.62500000
v 0.04212843 1.88409506 -1.62500000
v -0.04212843 1.88409506 -1.22500000
v 0.04212843 1.88409506 -1.22500000
v 0.04212350 1.90909506 -1.22500000
v -0.04212350 1.90909506 -1.22500000
v -0.02973423 1.90909298 -1.62500000
v -0.02974372 1.84091116 -1.62500000
v -0.02974372 1.84091116 -1.22500000
v -0.02973423 1.90909298 -1.22500000
v 0.04211498 1.95227688 -1.62500000
v 0.04211005 1.97727688 -1.62500000
v 0.12633014 1.97731010 -1.62500000
v 0.12634494 1.95231010 -1.62500000
v 0.04211498 1.95227688 -1.22500000
v 0.12634494 1.95231010 -1.22500000
v 0.12633014 1.97731010 -1.22500000
v 0.04211005 1.97727688 -1.22500000
v 0.05449536 1.97727968 -1.62500000
v 0.05451276 1.90909787 -1.62500000
v 0.05451276 1.90909787 -1.22500000
v 0.05449536 1.97727968 -1.22500000
v 0.12630460 2.02049191 -1.62500000
v 0.12628980 2.04549190 -1.62500000
v 0.21048299 2.04555832 -1.62500000
v 0.21050764 2.02055833 -1.62500000
v 0.12630460 2.02049191 -1.22500000
v 0.21050764 2.02055833 -1.22500000
v 0.21048299 2.04555832 -1.22500000
v 0.12628980 2.04549190 -1.22500000
v 0.13867116 2.04549959 -1.62500000
v 0.13871545 1.97731779 -1.62500000
v 0.13871545 1.97731779 -1.22500000
v 0.13867116 2.04549959 -1.22500000
v 0.21044041 2.08874012 -1.62500000
v 0.21041575 2.11374011 -1.62500000
v 0.29458201 2.11383970 -1.62500000
v 0.29461652 2.08883972 -1.62500000
v 0.21044041 2.08874012 -1.22500000
v 0.29461652 2.08883972 -1.22500000
v 0.29458201 2.11383970 -1.22500000
v 0.21041575 2.11374011 -1.22500000
v 0.22279315 2.11375267 -1.62500000
v 0.22286433 2.04557089 -1.62500000
v 0.22286433 2.04557089 -1.22500000
v 0.22279315 2.11375267 -1.22500000
v 0.29452240 2.15702148 -1.62500000
v 0.29448788 2.18202145 -1.62500000
v 0.37862720 2.18215420 -1.62500000
v 0.37867157 2.15715424 -1.62500000
v 0.29452240 2.15702148 -1.22500000
v 0.37867157 2.15715424 -1.22500000
v 0.37862720 2.18215420 -1.22500000
v 0.29448788 2.18202145 -1.22500000
v 0.30686132 2.18203889 -1.62500000
v 0.30695940 2.11385715 -1.62500000
v 0.30695940 2.11385715 -1.22500000
v 0.30686132 2.18203889 -1.22500000
v 0.37855056 2.22533595 -1.62500000
v 0.37850618 2.25033591 -1.62500000
v 0.46267278 2.22550186 -1.62500000
v 0.37855056 2.22533595 -1.22500000
v 0.46267278 2.22550186 -1.22500000
v 0.37850618 2.25033591 -1.22500000
v 0.39087565 2.25035823 -1.62500000
v 0.39100062 2.18217652 -1.62500000
v 0.39100062 2.18217652 -1.22500000
v 0.39087565 2.25035823 -1.22500000
v -6.16905028 3.05955254 -1.75000000
v -6.13947615 3.05869579 -1.75000000
v -6.16027520 2.33899627 -1.75000000
v -6.18994953 2.33985592 1.21500000
v -6.16027520 2.33899627 1.21500000
v -6.13947615 3.05869579 1.21500000
v -6.16905028 3.05955254 1.21500000
v 6.16027520 2.33899627 -1.75000000
v 6.13947615 3.05869579 -1.75000000
v 6.16905028 3.05955254 -1.75000000
v 6.16027520 2.33899627 1.21500000
v 6.18994953 2.33985592 1.21500000
v 6.16905028 3.05955254 1.21500000
v 6.13947615 3.05869579 1.21500000
v -4.79841650 3.02417526 -1.75000000
v -4.81467237 2.30435879 -1.75000000
v -6.18994953 2.33985592 -1.72000000
v -4.81467237 2.30435879 -1.72000000
v -4.79841650 3.02417526 -1.72000000
v -6.16905028 3.05955254 -1.72000000
v -6.16817948 3.08953990 -1.75000000
v -5.48298785 3.07074861 -1.75000000
v -5.48376192 3.04075860 -1.75000000
v -5.48376192 3.04075860 1.21500000
v -5.48298785 3.07074861 1.21500000
v -6.16817948 3.08953990 1.21500000
v -4.79773917 3.05416761 -1.75000000
v -4.79841650 3.02417526 1.21500000
v -4.79773917 3.05416761 1.21500000
v -6.18994953 2.33985592 1.18500000
v -6.18523269 2.50228745 1.18500000
v -5.29291040 2.47824582 1.18500000
v -5.29694676 2.31579595 1.18500000
v -5.29694676 2.31579595 1.21500000
v -5.29291040 2.47824582 1.21500000
v -6.18523269 2.50228745 1.21500000
v -6.18523269 2.50228745 1.19000000
v -6.17434766 2.87712944 1.19000000
v -5.28359572 2.85313011 1.19000000
v -5.29291040 2.47824582 1.19000000
v -5.28359572 2.85313011 1.21500000
v -6.17434766 2.87712944 1.21500000
v -6.17434766 2.87712944 1.18500000
v -6.16905028 3.05955254 1.18500000
v -5.27906258 3.03557381 1.18500000
v -5.28359572 2.85313011 1.18500000
v -5.27906258 3.03557381 1.21500000
v -4.85177131 2.30519984 1.18500000
v -4.83539018 3.02501347 1.18500000
v -4.79841650 3.02417526 1.18500000
v -4.81467237 2.30435879 1.18500000
v -4.85177131 2.30519984 1.21500000
v -4.81467237 2.30435879 1.21500000
v -4.83539018 3.02501347 1.21500000
v -5.28235377 2.90311469 1.18500000
v -4.83840476 2.89254777 1.18500000
v -5.28235377 2.90311469 1.21500000
v -4.83840476 2.89254777 1.21500000
v -6.14055943 3.02121144 1.21500000
v -4.82799546 3.02484531 1.21500000
v -4.82884733 2.98735499 1.21500000
v -6.14055943 3.02121144 1.37750000
v -4.82884733 2.98735499 1.37750000
v -4.82799546 3.02484531 1.37750000
v -6.13947615 3.05869579 1.37750000
v -4.80010982 2.94919438 -1.75000000
v -3.42879258 2.92265077 -1.75000000
v -3.43919483 2.27773465 -1.75000000
v -3.43919483 2.27773465 -1.72000000
v -3.42879258 2.92265077 -1.72000000
v -4.80010982 2.94919438 -1.72000000
v -4.79943249 2.97918673 -1.75000000
v -4.11389202 2.96481111 -1.75000000
v -4.11447260 2.93481673 -1.75000000
v -4.80010982 2.94919438 1.21500000
v -4.11447260 2.93481673 1.21500000
v -4.11389202 2.96481111 1.21500000
v -4.79943249 2.97918673 1.21500000
v -3.42830875 2.95264687 -1.75000000
v -3.42879258 2.92265077 1.21500000
v -3.42830875 2.95264687 1.21500000
v -4.77309345 3.05361246 -1.75000000
v -4.77545192 2.94863895 -1.75000000
v -4.77545192 2.94863895 1.21500000
v -4.77309345 3.05361246 1.21500000
v -4.81100351 2.46681737 1.18500000
v -3.91854470 2.44853283 1.18500000
v -3.92153297 2.28606031 1.18500000
v -3.92153297 2.28606031 1.21500000
v -3.91854470 2.44853283 1.21500000
v -4.81100351 2.46681737 1.21500000
v -4.81100351 2.46681737 1.19000000
v -4.80253691 2.84172178 1.19000000
v -3.91164868 2.82346942 1.19000000
v -3.91854470 2.44853283 1.19000000
v -3.91164868 2.82346942 1.21500000
v -4.80253691 2.84172178 1.21500000
v -4.80253691 2.84172178 1.18500000
v -4.80010982 2.94919438 1.18500000
v -3.90967183 2.93095124 1.18500000
v -3.91164868 2.82346942 1.18500000
v -3.90967183 2.93095124 1.21500000
v -3.47629842 2.27833635 1.18500000
v -3.46578394 2.92325064 1.18500000
v -3.42879258 2.92265077 1.18500000
v -3.43919483 2.27773465 1.18500000
v -3.47629842 2.27833635 1.21500000
v -3.43919483 2.27773465 1.21500000
v -3.46578394 2.92325064 1.21500000
v -3.91072922 2.87346096 1.18500000
v -3.46672128 2.86575828 1.18500000
v -3.91072922 2.87346096 1.21500000
v -3.46672128 2.86575828 1.21500000
v -4.77136178 2.91103765 1.21500000
v -4.77052033 2.94852821 1.21500000
v -3.45838568 2.92313015 1.21500000
v -3.45899568 2.88563512 1.21500000
v -4.77136178 2.91103765 1.37750000
v -3.45899568 2.88563512 1.37750000
v -3.45838568 2.92313015 1.37750000
v -4.77052033 2.94852821 1.37750000
v -4.81467237 2.30435879 -0.75000000
v -4.80010982 2.94919438 -0.75000000
v -4.77545192 2.94863895 -0.75000000
v -4.78993966 2.30380168 -0.75000000
v -4.78993966 2.30380168 1.21500000
v -3.42758301 2.99764101 -1.75000000
v -2.05660687 2.97995090 -1.75000000
v -2.06357415 2.25998461 -1.75000000
v -2.06357415 2.25998461 -1.72000000
v -2.05660687 2.97995090 -1.72000000
v -3.42758301 2.99764101 -1.72000000
v -3.42709919 3.02763711 -1.75000000
v -2.74172214 3.01768789 -1.75000000
v -2.74210921 2.98769039 -1.75000000
v -3.42758301 2.99764101 1.21500000
v -2.74210921 2.98769039 1.21500000
v -2.74172214 3.01768789 1.21500000
v -3.42709919 3.02763711 1.21500000
v -2.05631657 3.00994950 -1.75000000
v -2.05660687 2.97995090 1.21500000
v -2.05631657 3.00994950 1.21500000
v -3.40245040 3.02724097 -1.75000000
v -3.40413161 2.92225443 -1.75000000
v -3.40413161 2.92225443 1.21500000
v -3.40245040 3.02724097 1.21500000
v -3.43657411 2.44021352 1.18500000
v -2.54401591 2.42768683 1.18500000
v -2.54595597 2.26519841 1.18500000
v -2.54595597 2.26519841 1.21500000
v -2.54401591 2.42768683 1.21500000
v -3.43657411 2.44021352 1.21500000
v -3.43657411 2.44021352 1.19000000
v -3.43052628 2.81516475 1.19000000
v -2.53953885 2.80266010 1.19000000
v -2.54401591 2.42768683 1.19000000
v -2.53953885 2.80266010 1.21500000
v -3.43052628 2.81516475 1.21500000
v -3.43052628 2.81516475 1.18500000
v -3.42758301 2.99764101 1.18500000
v -2.53736001 2.98514710 1.18500000
v -2.53953885 2.80266010 1.18500000
v -2.53736001 2.98514710 1.21500000
v -2.10068085 2.26034693 1.18500000
v -2.09358829 2.98031200 1.18500000
v -2.05660687 2.97995090 1.18500000
v -2.06357415 2.25998461 1.18500000
v -2.10068085 2.26034693 1.21500000
v -2.06357415 2.25998461 1.21500000
v -2.09358829 2.98031200 1.21500000
v -2.53894190 2.85265654 1.18500000
v -2.09489351 2.84781843 1.18500000
v -2.53894190 2.85265654 1.21500000
v -2.09489351 2.84781843 1.21500000
v -3.39859985 2.95967071 1.21500000
v -3.39800028 2.99716592 1.21500000
v -2.08619201 2.98023926 1.21500000
v -2.08656011 2.94274107 1.21500000
v -3.39859985 2.95967071 1.37750000
v -2.08656011 2.94274107 1.37750000
v -2.08619201 2.98023926 1.37750000
v -3.39800028 2.99716592 1.37750000
v -3.43919483 2.27773465 -0.75000000
v -3.42758301 2.99764101 -0.75000000
v -3.40293074 2.99724481 -0.75000000
v -3.41445905 2.27733711 -0.75000000
v -3.41445905 2.27733711 1.21500000
v -3.40293074 2.99724481 1.21500000
v -2.05733263 2.90495441 -1.75000000
v -0.68578706 2.89610605 -1.75000000
v -0.68786759 2.25110941 -1.75000000
v -0.68786759 2.25110941 -1.72000000
v -0.68578706 2.89610605 -1.72000000
v -2.05733263 2.90495441 -1.72000000
v -2.05704232 2.93495301 -1.75000000
v -1.37137344 2.92942358 -1.75000000
v -1.37156698 2.89942420 -1.75000000
v -2.05733263 2.90495441 1.21500000
v -1.37156698 2.89942420 1.21500000
v -1.37137344 2.92942358 1.21500000
v -2.05704232 2.93495301 1.21500000
v -0.68569029 2.92610590 -1.75000000
v -0.68578706 2.89610605 1.21500000
v -0.68569029 2.92610590 1.21500000
v -2.03166573 3.00971238 -1.75000000
v -2.03266962 2.90471718 -1.75000000
v -2.03266962 2.90471718 1.21500000
v -2.03166573 3.00971238 1.21500000
v -2.06200168 2.42247701 1.18500000
v -1.16938124 2.41570869 1.18500000
v -1.17027301 2.25321114 1.18500000
v -1.17027301 2.25321114 1.21500000
v -1.16938124 2.41570869 1.21500000
v -2.06200168 2.42247701 1.21500000
v -2.06200168 2.42247701 1.19000000
v -2.05837288 2.79745945 1.19000000
v -1.16732331 2.79070304 1.19000000
v -1.16938124 2.41570869 1.19000000
v -1.16732331 2.79070304 1.21500000
v -2.05837288 2.79745945 1.21500000
v -2.05837288 2.79745945 1.18500000
v -2.05733263 2.90495441 1.18500000
v -1.16673338 2.89820142 1.18500000
v -1.16732331 2.79070304 1.18500000
v -1.16673338 2.89820142 1.21500000
v -0.72497586 2.25123234 1.18500000
v -0.72278308 2.89622861 1.18500000
v -0.68578706 2.89610605 1.18500000
v -0.68786759 2.25110941 1.18500000
v -0.72497586 2.25123234 1.21500000
v -0.68786759 2.25110941 1.21500000
v -0.72278308 2.89622861 1.21500000
v -1.16704892 2.84070229 1.18500000
v -0.72297856 2.83872894 1.18500000
v -1.16704892 2.84070229 1.21500000
v -0.72297856 2.83872894 1.21500000
v -2.02809467 2.86717178 1.21500000
v -2.02773701 2.90467007 1.21500000
v -0.71538388 2.89620358 1.21500000
v -0.71551006 2.85870380 1.21500000
v -2.02809467 2.86717178 1.37750000
v -0.71551006 2.85870380 1.37750000
v -0.71538388 2.89620358 1.37750000
v -2.02773701 2.90467007 1.37750000
v -0.68554513 2.97110566 -1.75000000
v 0.68554513 2.97110566 -1.75000000
v 0.68786759 2.25110941 -1.75000000
v 0.68786759 2.25110941 -1.72000000
v 0.68554513 2.97110566 -1.72000000
v -0.68554513 2.97110566 -1.72000000
v -0.68544836 3.00110551 -1.75000000
v 0.00000000 3.00000000 -1.75000000
v 0.00000000 2.97000000 -1.75000000
v -0.68554513 2.97110566 1.21500000
v 0.00000000 2.97000000 1.21500000
v 0.00000000 3.00000000 1.21500000
v -0.68544836 3.00110551 1.21500000
v 0.68544836 3.00110551 -1.75000000
v 0.68554513 2.97110566 1.21500000
v 0.68544836 3.00110551 1.21500000
v -0.66079652 3.00102742 -1.75000000
v -0.66112303 2.89602793 -1.75000000
v -0.66112303 2.89602793 1.21500000
v -0.66079652 3.00102742 1.21500000
v -0.68734343 2.41360856 1.18500000
v 0.20530210 2.41259890 1.18500000
v 0.20545866 2.25009898 1.18500000
v 0.20545866 2.25009898 1.21500000
v 0.20530210 2.41259890 1.21500000
v -0.68734343 2.41360856 1.21500000
v -0.68734343 2.41360856 1.19000000
v -0.68613381 2.78860661 1.19000000
v 0.20494080 2.78759873 1.19000000
v 0.20530210 2.41259890 1.19000000
v 0.20494080 2.78759873 1.21500000
v -0.68613381 2.78860661 1.21500000
v -0.68613381 2.78860661 1.18500000
v -0.68554513 2.97110566 1.18500000
v 0.20476497 2.97009864 1.18500000
v 0.20494080 2.78759873 1.18500000
v 0.20476497 2.97009864 1.21500000
v 0.65075931 2.25099294 1.18500000
v 0.64856214 2.97098959 1.18500000
v 0.68554513 2.97110566 1.18500000
v 0.68786759 2.25110941 1.18500000
v 0.65075931 2.25099294 1.21500000
v 0.68786759 2.25110941 1.21500000
v 0.64856214 2.97098959 1.21500000
v 0.20489263 2.83759870 1.18500000
v 0.64896648 2.83849020 1.18500000
v 0.20489263 2.83759870 1.21500000
v 0.64896648 2.83849020 1.21500000
v -0.65607448 2.93351247 1.21500000
v -0.65595874 2.97101229 1.21500000
v 0.65595874 2.97101229 1.21500000
v 0.65607448 2.93351247 1.21500000
v -0.65607448 2.93351247 1.37750000
v 0.65607448 2.93351247 1.37750000
v 0.65595874 2.97101229 1.37750000
v -0.65595874 2.97101229 1.37750000
v 0.68578706 2.89610605 -1.75000000
v 2.05733263 2.90495441 -1.75000000
v 2.06357415 2.25998461 -1.75000000
v 2.06357415 2.25998461 -1.72000000
v 2.05733263 2.90495441 -1.72000000
v 0.68578706 2.89610605 -1.72000000
v 0.68569029 2.92610590 -1.75000000
v 1.37137344 2.92942358 -1.75000000
v 1.37156698 2.89942420 -1.75000000
v 0.68578706 2.89610605 1.21500000
v 1.37156698 2.89942420 1.21500000
v 1.37137344 2.92942358 1.21500000
v 0.68569029 2.92610590 1.21500000
v 2.05704232 2.93495301 -1.75000000
v 2.05733263 2.90495441 1.21500000
v 2.05704232 2.93495301 1.21500000
v 0.71010020 3.00118646 -1.75000000
v 0.71045108 2.89618704 -1.75000000
v 0.71045108 2.89618704 1.21500000
v 0.71010020 3.00118646 1.21500000
v 0.68734343 2.41360856 1.18500000
v 1.57997689 2.41835760 1.18500000
v 1.58118178 2.25586206 1.18500000
v 1.58118178 2.25586206 1.21500000
v 1.57997689 2.41835760 1.21500000
v 0.68734343 2.41360856 1.21500000
v 0.68734343 2.41360856 1.19000000
v 0.68613381 2.78860661 1.19000000
v 1.57719639 2.79334729 1.19000000
v 1.57997689 2.41835760 1.19000000
v 1.57719639 2.79334729 1.21500000
v 0.68613381 2.78860661 1.21500000
v 0.68613381 2.78860661 1.18500000
v 0.68578706 2.89610605 1.18500000
v 1.57639931 2.90084433 1.18500000
v 1.57719639 2.79334729 1.18500000
v 1.57639931 2.90084433 1.21500000
v 2.02646739 2.25962875 1.18500000
v 2.02033810 2.90459963 1.18500000
v 2.05733263 2.90495441 1.18500000
v 2.06357415 2.25998461 1.18500000
v 2.02646739 2.25962875 1.21500000
v 2.06357415 2.25998461 1.21500000
v 2.02033810 2.90459963 1.21500000
v 1.57682565 2.84334591 1.18500000
v 2.02088451 2.84710223 1.18500000
v 1.57682565 2.84334591 1.21500000
v 2.02088451 2.84710223 1.21500000
v 0.71551006 2.85870380 1.21500000
v 0.71538388 2.89620358 1.21500000
v 2.02773701 2.90467007 1.21500000
v 2.02809467 2.86717178 1.21500000
v 0.71551006 2.85870380 1.37750000
v 2.02809467 2.86717178 1.37750000
v 2.02773701 2.90467007 1.37750000
v 0.71538388 2.89620358 1.37750000
v 0.68786759 2.25110941 -0.75000000
v 0.68578706 2.89610605 -0.75000000
v 0.71045108 2.89618704 -0.75000000
v 0.71260644 2.25119064 -0.75000000
v 0.71260644 2.25119064 1.21500000
v 2.05660687 2.97995090 -1.75000000
v 3.42758301 2.99764101 -1.75000000
v 3.43919483 2.27773465 -1.75000000
v 3.43919483 2.27773465 -1.72000000
v 3.42758301 2.99764101 -1.72000000
v 2.05660687 2.97995090 -1.72000000
v 2.05631657 3.00994950 -1.75000000
v 2.74172214 3.01768789 -1.75000000
v 2.74210921 2.98769039 -1.75000000
v 2.05660687 2.97995090 1.21500000
v 2.74210921 2.98769039 1.21500000
v 2.74172214 3.01768789 1.21500000
v 2.05631657 3.00994950 1.21500000
v 3.42709919 3.02763711 -1.75000000
v 3.42758301 2.99764101 1.21500000
v 3.42709919 3.02763711 1.21500000
v 2.08096737 3.01018948 -1.75000000
v 2.08199561 2.90519451 -1.75000000
v 2.08199561 2.90519451 1.21500000
v 2.08096737 3.01018948 1.21500000
v 2.06200168 2.42247701 1.18500000
v 2.95458593 2.43298454 1.18500000
v 2.95683909 2.27050016 1.18500000
v 2.95683909 2.27050016 1.21500000
v 2.95458593 2.43298454 1.21500000
v 2.06200168 2.42247701 1.21500000
v 2.06200168 2.42247701 1.19000000
v 2.05837288 2.79745945 1.19000000
v 2.94938633 2.80794849 1.19000000
v 2.95458593 2.43298454 1.19000000
v 2.94938633 2.80794849 1.21500000
v 2.05837288 2.79745945 1.21500000
v 2.05837288 2.79745945 1.18500000
v 2.05660687 2.97995090 1.18500000
v 2.94685586 2.99043094 1.18500000
v 2.94938633 2.80794849 1.18500000
v 2.94685586 2.99043094 1.21500000
v 3.40209114 2.27713942 1.18500000
v 3.39060459 2.99704778 1.18500000
v 3.42758301 2.99764101 1.18500000
v 3.43919483 2.27773465 1.18500000
v 3.40209114 2.27713942 1.21500000
v 3.43919483 2.27773465 1.21500000
v 3.39060459 2.99704778 1.21500000
v 2.94869305 2.85794368 1.18500000
v 3.39271843 2.86456465 1.18500000
v 2.94869305 2.85794368 1.21500000
v 3.39271843 2.86456465 1.21500000
v 2.08656011 2.94274107 1.21500000
v 2.08619201 2.98023926 1.21500000
v 3.39800028 2.99716592 1.21500000
v 3.39859985 2.95967071 1.21500000
v 2.08656011 2.94274107 1.37750000
v 3.39859985 2.95967071 1.37750000
v 3.39800028 2.99716592 1.37750000
v 2.08619201 2.98023926 1.37750000
v 2.06357415 2.25998461 -0.75000000
v 2.05660687 2.97995090 -0.75000000
v 2.08126115 2.98019092 -0.75000000
v 2.08831196 2.26022544 -0.75000000
v 2.08831196 2.26022544 1.21500000
v 2.08126115 2.98019092 1.21500000
v 3.42879258 2.92265077 -1.75000000
v 4.80010982 2.94919438 -1.75000000
v 4.81467237 2.30435879 -1.75000000
v 4.81467237 2.30435879 -1.72000000
v 4.80010982 2.94919438 -1.72000000
v 3.42879258 2.92265077 -1.72000000
v 3.42830875 2.95264687 -1.75000000
v 4.11389202 2.96481111 -1.75000000
v 4.11447260 2.93481673 -1.75000000
v 3.42879258 2.92265077 1.21500000
v 4.11447260 2.93481673 1.21500000
v 4.11389202 2.96481111 1.21500000
v 3.42830875 2.95264687 1.21500000
v 4.79943249 2.97918673 -1.75000000
v 4.80010982 2.94919438 1.21500000
v 4.79943249 2.97918673 1.21500000
v 3.45174793 3.02803612 -1.75000000
v 3.45345350 2.92304997 -1.75000000
v 3.45345350 2.92304997 1.21500000
v 3.45174793 3.02803612 1.21500000
v 3.43657411 2.44021352 1.18500000
v 4.32907200 2.45647911 1.18500000
v 4.33237334 2.29401265 1.18500000
v 4.33237334 2.29401265 1.21500000
v 4.32907200 2.45647911 1.21500000
v 3.43657411 2.44021352 1.21500000
v 3.43657411 2.44021352 1.19000000
v 3.43052628 2.81516475 1.19000000
v 4.32145352 2.83140172 1.19000000
v 4.32907200 2.45647911 1.19000000
v 4.32145352 2.83140172 1.21500000
v 3.43052628 2.81516475 1.21500000
v 3.43052628 2.81516475 1.18500000
v 3.42879258 2.92265077 1.18500000
v 4.31926956 2.93887953 1.18500000
v 4.32145352 2.83140172 1.18500000
v 4.31926956 2.93887953 1.21500000
v 4.77757329 2.30352420 1.18500000
v 4.76312295 2.94836231 1.18500000
v 4.80010982 2.94919438 1.18500000
v 4.81467237 2.30435879 1.18500000
v 4.77757329 2.30352420 1.21500000
v 4.81467237 2.30435879 1.21500000
v 4.76312295 2.94836231 1.21500000
v 4.32043773 2.88139140 1.18500000
v 4.76441116 2.89087674 1.18500000
v 4.32043773 2.88139140 1.21500000
v 4.76441116 2.89087674 1.21500000
v 3.45899568 2.88563512 1.21500000
v 3.45838568 2.92313015 1.21500000
v 4.77052033 2.94852821 1.21500000
v 4.77136178 2.91103765 1.21500000
v 3.45899568 2.88563512 1.37750000
v 4.77136178 2.91103765 1.37750000
v 4.77052033 2.94852821 1.37750000
v 3.45838568 2.92313015 1.37750000
v 3.43919483 2.27773465 -0.75000000
v 3.42879258 2.92265077 -0.75000000
v 3.45345350 2.92304997 -0.75000000
v 3.46393057 2.27813507 -0.75000000
v 3.46393057 2.27813507 1.21500000
v 4.79841650 3.02417526 -1.75000000
v 6.18994953 2.33985592 -1.72000000
v 6.16905028 3.05955254 -1.72000000
v 4.79841650 3.02417526 -1.72000000
v 4.79773917 3.05416761 -1.75000000
v 5.48298785 3.07074861 -1.75000000
v 5.48376192 3.04075860 -1.75000000
v 4.79841650 3.02417526 1.21500000
v 5.48376192 3.04075860 1.21500000
v 5.48298785 3.07074861 1.21500000
v 4.79773917 3.05416761 1.21500000
v 6.16817948 3.08953990 -1.75000000
v 6.16817948 3.08953990 1.21500000
v 4.82238483 3.05472562 -1.75000000
v 4.82476765 2.94975267 -1.75000000
v 4.82476765 2.94975267 1.21500000
v 4.82238483 3.05472562 1.21500000
v 4.81100351 2.46681737 1.18500000
v 5.70337790 2.48884035 1.18500000
v 5.70772728 2.32639856 1.18500000
v 5.70772728 2.32639856 1.21500000
v 5.70337790 2.48884035 1.21500000
v 4.81100351 2.46681737 1.21500000
v 4.81100351 2.46681737 1.19000000
v 4.80253691 2.84172178 1.19000000
v 5.69334086 2.86370600 1.19000000
v 5.70337790 2.48884035 1.19000000
v 5.69334086 2.86370600 1.21500000
v 4.80253691 2.84172178 1.21500000
v 4.80253691 2.84172178 1.18500000
v 4.79841650 3.02417526 1.18500000
v 5.68845617 3.04614062 1.18500000
v 5.69334086 2.86370600 1.18500000
v 5.68845617 3.04614062 1.21500000
v 6.15285660 2.33878201 1.18500000
v 6.13208260 3.05848225 1.18500000
v 6.16905028 3.05955254 1.18500000
v 6.18994953 2.33985592 1.18500000
v 6.15285660 2.33878201 1.21500000
v 6.13208260 3.05848225 1.21500000
v 5.69200259 2.91368809 1.18500000
v 6.13590559 2.92603742 1.18500000
v 5.69200259 2.91368809 1.21500000
v 6.13590559 2.92603742 1.21500000
v 4.82884733 2.98735499 1.21500000
v 4.82799546 3.02484531 1.21500000
v 6.14055943 3.02121144 1.21500000
v 4.82884733 2.98735499 1.37750000
v 6.14055943 3.02121144 1.37750000
v 6.13947615 3.05869579 1.37750000
v 4.82799546 3.02484531 1.37750000
v 4.81467237 2.30435879 -0.75000000
v 4.79841650 3.02417526 -0.75000000
v 4.82306564 3.02473335 -0.75000000
v 4.83940501 2.30491877 -0.75000000
v 4.83940501 2.30491877 1.21500000
v 4.82306564 3.02473335 1.21500000
v -6.14607620 2.57368417 1.70500000
v -6.14564341 2.58867793 1.70500000
v -4.39004371 2.54524538 1.70500000
v -4.39035287 2.53024856 1.70500000
v -6.14607620 2.57368417 1.72500000
v -4.39035287 2.53024856 1.72500000
v -4.39004371 2.54524538 1.72500000
v -6.14564341 2.58867793 1.72500000
v -2.63414560 2.51628871 1.70500000
v -2.63433110 2.50128985 1.70500000
v -2.63433110 2.50128985 1.72500000
v -2.63414560 2.51628871 1.72500000
v -0.87806843 2.50180988 1.70500000
v -0.87813027 2.48681000 1.70500000
v -0.87813027 2.48681000 1.72500000
v -0.87806843 2.50180988 1.72500000
v 0.87806843 2.50180988 1.70500000
v 0.87813027 2.48681000 1.70500000
v 0.87813027 2.48681000 1.72500000
v 0.87806843 2.50180988 1.72500000
v 2.63414560 2.51628871 1.70500000
v 2.63433110 2.50128985 1.70500000
v 2.63433110 2.50128985 1.72500000
v 2.63414560 2.51628871 1.72500000
v 4.39004371 2.54524538 1.70500000
v 4.39035287 2.53024856 1.70500000
v 4.39035287 2.53024856 1.72500000
v 4.39004371 2.54524538 1.72500000
v 6.14564341 2.58867793 1.70500000
v 6.14607620 2.57368417 1.70500000
v 6.14607620 2.57368417 1.72500000
v 6.14564341 2.58867793 1.72500000
v -6.14667443 2.33860365 1.70500000
v -6.13946848 2.58849978 1.70500000
v -6.12711862 2.58814402 1.70500000
v -6.13431007 2.33824747 1.70500000
v -6.14667443 2.33860365 1.72000000
v -6.13431007 2.33824747 1.72000000
v -6.12711862 2.58814402 1.72000000
v -6.13946848 2.58849978 1.72000000
v -4.78238244 2.30363202 1.70500000
v -4.77677589 2.55356915 1.70500000
v -4.76442400 2.55329243 1.70500000
v -4.77001605 2.30335498 1.70500000
v -4.78238244 2.30363202 1.72000000
v -4.77001605 2.30335498 1.72000000
v -4.76442400 2.55329243 1.72000000
v -4.77677589 2.55356915 1.72000000
v -3.41789457 2.27739215 1.70500000
v -3.41388766 2.52736004 1.70500000
v -3.40153426 2.52716238 1.70500000
v -3.40552667 2.27719426 1.70500000
v -3.41789457 2.27739215 1.72000000
v -3.40552667 2.27719426 1.72000000
v -3.40153426 2.52716238 1.72000000
v -3.41388766 2.52736004 1.72000000
v -2.05326673 2.25988512 1.70500000
v -2.05085961 2.50987353 1.70500000
v -2.03850519 2.50975493 1.70500000
v -2.04089781 2.25976638 1.70500000
v -2.05326673 2.25988512 1.72000000
v -2.04089781 2.25976638 1.72000000
v -2.03850519 2.50975493 1.72000000
v -2.05085961 2.50987353 1.72000000
v -0.68855478 2.25111163 1.70500000
v -0.68774757 2.50111032 1.70500000
v -0.67539264 2.50107079 1.70500000
v -0.67618536 2.25107205 1.70500000
v -0.68855478 2.25111163 1.72000000
v -0.67618536 2.25107205 1.72000000
v -0.67539264 2.50107079 1.72000000
v -0.68774757 2.50111032 1.72000000
v 0.67618536 2.25107205 1.70500000
v 0.67539264 2.50107079 1.70500000
v 0.68774757 2.50111032 1.70500000
v 0.68855478 2.25111163 1.70500000
v 0.67618536 2.25107205 1.72000000
v 0.68855478 2.25111163 1.72000000
v 0.68774757 2.50111032 1.72000000
v 0.67539264 2.50107079 1.72000000
v 2.04089781 2.25976638 1.70500000
v 2.03850519 2.50975493 1.70500000
v 2.05085961 2.50987353 1.70500000
v 2.05326673 2.25988512 1.70500000
v 2.04089781 2.25976638 1.72000000
v 2.05326673 2.25988512 1.72000000
v 2.05085961 2.50987353 1.72000000
v 2.03850519 2.50975493 1.72000000
v 3.40552667 2.27719426 1.70500000
v 3.40153426 2.52716238 1.70500000
v 3.41388766 2.52736004 1.70500000
v 3.41789457 2.27739215 1.70500000
v 3.40552667 2.27719426 1.72000000
v 3.41789457 2.27739215 1.72000000
v 3.41388766 2.52736004 1.72000000
v 3.40153426 2.52716238 1.72000000
v 4.77001605 2.30335498 1.70500000
v 4.76442400 2.55329243 1.70500000
v 4.77677589 2.55356915 1.70500000
v 4.78238244 2.30363202 1.70500000
v 4.77001605 2.30335498 1.72000000
v 4.78238244 2.30363202 1.72000000
v 4.77677589 2.55356915 1.72000000
v 4.76442400 2.55329243 1.72000000
v 6.13431007 2.33824747 1.70500000
v 6.12711862 2.58814402 1.70500000
v 6.13946848 2.58849978 1.70500000
v 6.14667443 2.33860365 1.70500000
v 6.13431007 2.33824747 1.72000000
v 6.14667443 2.33860365 1.72000000
v 6.13946848 2.58849978 1.72000000
v 6.12711862 2.58814402 1.72000000
vt 0.01562500 0.51562500
vt 0.48437500 0.51562500
vt 0.48437500 0.98437500
vt 0.01562500 0.98437500
vt 0.01562500 0.51562500
vt 0.48437500 0.51562500
vt 0.48437500 0.98437500
vt 0.01562500 0.98437500
vt 0.01562500 0.51562500
vt 0.48437500 0.51562500
vt 0.48437500 0.98437500
vt 0.01562500 0.98437500
vt 0.01562500 0.51562500
vt 0.48437500 0.51562500
vt 0.48437500 0.98437500
vt 0.01562500 0.98437500
vt 0.01562500 0.51562500
vt 0.48437500 0.51562500
vt 0.48437500 0.98437500
vt 0.01562500 0.98437500
vt 0.01562500 0.51562500
vt 0.48437500 0.51562500
vt 0.48437500 0.98437500
vt 0.01562500 0.98437500
vt 0.01562500 0.51562500
vt 0.48437500 0.51562500
vt 0.48437500 0.98437500
vt 0.01562500 0.98437500
vt 0.01562500 0.51562500
vt 0.48437500 0.51562500
vt 0.48437500 0.98437500
vt 0.01562500 0.98437500
vt 0.01562500 0.51562500
vt 0.48437500 0.51562500
vt 0.48437500 0.98437500
vt 0.01562500 0.98437500
vt 0.01562500 0.51562500
vt 0.48437500 0.51562500
vt 0.48437500 0.98437500
vt 0.01562500 0.98437500
vt 0.01562500 0.51562500
vt 0.48437500 0.51562500
vt 0.48437500 0.98437500
vt 0.01562500 0.98437500
vt 0.01562500 0.51562500
vt 0.48437500 0.51562500
vt 0.48437500 0.98437500
vt 0.01562500 0.98437500
vt 0.01562500 0.51562500
vt 0.48437500 0.51562500
vt 0.48437500 0.98437500
vt 0.01562500 0.98437500
vt 0.01562500 0.51562500
vt 0.48437500 0.51562500
vt 0.48437500 0.98437500
vt 0.01562500 0.98437500
vt 0.01562500 0.51562500
vt 0.48437500 0.51562500
vt 0.48437500 0.98437500
vt 0.01562500 0.98437500
vt 0.01562500 0.51562500
vt 0.48437500 0.51562500
vt 0.48437500 0.98437500
vt 0.01562500 0.98437500
vt 0.01562500 0.51562500
vt 0.48437500 0.51562500
vt 0.48437500 0.98437500
vt 0.01562500 0.98437500
vt 0.01562500 0.51562500
vt 0.48437500 0.51562500
vt 0.48437500 0.98437500
vt 0.01562500 0.98437500
vt 0.01562500 0.51562500
vt 0.48437500 0.51562500
vt 0.48437500 0.98437500
vt 0.01562500 0.98437500
vt 0.01562500 0.51562500
vt 0.48437500 0.51562500
vt 0.48437500 0.98437500
vt 0.01562500 0.98437500
vt 0.01562500 0.51562500
vt 0.48437500 0.51562500
vt 0.48437500 0.98437500
vt 0.01562500 0.98437500
vt 0.01562500 0.51562500
vt 0.48437500 0.51562500
vt 0.48437500 0.98437500
vt 0.01562500 0.98437500
vt 0.01562500 0.51562500
vt 0.48437500 0.51562500
vt 0.48437500 0.98437500
vt 0.01562500 0.98437500
vt 0.01562500 0.51562500
vt 0.48437500 0.51562500
vt 0.48437500 0.98437500
vt 0.01562500 0.98437500
vt 0.01562500 0.51562500
vt 0.48437500 0.51562500
vt 0.48437500 0.98437500
vt 0.01562500 0.98437500
vt 0.01562500 0.51562500
vt 0.48437500 0.51562500
vt 0.48437500 0.98437500
vt 0.01562500 0.98437500
vt 0.01562500 0.51562500
vt 0.48437500 0.51562500
vt 0.48437500 0.98437500
vt 0.01562500 0.98437500
vt 0.01562500 0.51562500
vt 0.48437500 0.51562500
vt 0.48437500 0.98437500
vt 0.01562500 0.98437500
vt 0.01562500 0.51562500
vt 0.48437500 0.51562500
vt 0.48437500 0.98437500
vt 0.01562500 0.98437500
vt 0.01562500 0.51562500
vt 0.48437500 0.51562500
vt 0.48437500 0.98437500
vt 0.01562500 0.98437500
vt 0.01562500 0.51562500
vt 0.48437500 0.51562500
vt 0.48437500 0.98437500
vt 0.01562500 0.98437500
vt 0.01562500 0.51562500
vt 0.48437500 0.51562500
vt 0.48437500 0.98437500
vt 0.01562500 0.98437500
vt 0.01562500 0.51562500
vt 0.48437500 0.51562500
vt 0.48437500 0.98437500
vt 0.01562500 0.98437500
vt 0.01562500 0.51562500
vt 0.48437500 0.51562500
vt 0.48437500 0.98437500
vt 0.01562500 0.98437500
vt 0.01562500 0.51562500
vt 0.48437500 0.51562500
vt 0.48437500 0.98437500
vt 0.01562500 0.98437500
vt 0.01562500 0.51562500
vt 0.48437500 0.51562500
vt 0.48437500 0.98437500
vt 0.01562500 0.98437500
vt 0.01562500 0.51562500
vt 0.48437500 0.51562500
vt 0.48437500 0.98437500
vt 0.01562500 0.98437500
vt 0.01562500 0.51562500
vt 0.48437500 0.51562500
vt 0.48437500 0.98437500
vt 0.01562500 0.98437500
vt 0.01562500 0.51562500
vt 0.48437500 0.51562500
vt 0.48437500 0.98437500
vt 0.01562500 0.98437500
vt 0.01562500 0.51562500
vt 0.48437500 0.51562500
vt 0.48437500 0.98437500
vt 0.01562500 0.98437500
vt 0.01562500 0.51562500
vt 0.48437500 0.51562500
vt 0.48437500 0.98437500
vt 0.01562500 0.98437500
vt 0.01562500 0.51562500
vt 0.48437500 0.51562500
vt 0.48437500 0.98437500
vt 0.01562500 0.98437500
vt 0.01562500 0.51562500
vt 0.48437500 0.51562500
vt 0.48437500 0.98437500
vt 0.01562500 0.98437500
vt 0.01562500 0.51562500
vt 0.48437500 0.51562500
vt 0.48437500 0.98437500
vt 0.01562500 0.98437500
vt 0.01562500 0.51562500
vt 0.48437500 0.51562500
vt 0.48437500 0.98437500
vt 0.01562500 0.98437500
vt 0.01562500 0.51562500
vt 0.48437500 0.51562500
vt 0.48437500 0.98437500
vt 0.01562500 0.98437500
vt 0.01562500 0.51562500
vt 0.48437500 0.51562500
vt 0.48437500 0.98437500
vt 0.01562500 0.98437500
vt 0.01562500 0.51562500
vt 0.48437500 0.51562500
vt 0.48437500 0.98437500
vt 0.01562500 0.98437500
vt 0.01562500 0.51562500
vt 0.48437500 0.51562500
vt 0.48437500 0.98437500
vt 0.01562500 0.98437500
vt 0.01562500 0.51562500
vt 0.48437500 0.51562500
vt 0.48437500 0.98437500
vt 0.01562500 0.98437500
vt 0.01562500 0.51562500
vt 0.48437500 0.51562500
vt 0.48437500 0.98437500
vt 0.01562500 0.98437500
vt 0.01562500 0.51562500
vt 0.48437500 0.51562500
vt 0.48437500 0.98437500
vt 0.01562500 0.98437500
vt 0.01562500 0.51562500
vt 0.48437500 0.51562500
vt 0.48437500 0.98437500
vt 0.01562500 0.98437500
vt 0.01562500 0.51562500
vt 0.48437500 0.51562500
vt 0.48437500 0.98437500
vt 0.01562500 0.98437500
vt 0.01562500 0.51562500
vt 0.48437500 0.51562500
vt 0.48437500 0.98437500
vt 0.01562500 0.98437500
vt 0.01562500 0.51562500
vt 0.48437500 0.51562500
vt 0.48437500 0.98437500
vt 0.01562500 0.98437500
vt 0.01562500 0.51562500
vt 0.48437500 0.51562500
vt 0.48437500 0.98437500
vt 0.01562500 0.98437500
vt 0.01562500 0.51562500
vt 0.48437500 0.51562500
vt 0.48437500 0.98437500
vt 0.01562500 0.98437500
vt 0.01562500 0.51562500
vt 0.48437500 0.51562500
vt 0.48437500 0.98437500
vt 0.01562500 0.98437500
vt 0.01562500 0.51562500
vt 0.48437500 0.51562500
vt 0.48437500 0.98437500
vt 0.01562500 0.98437500
vt 0.01562500 0.51562500
vt 0.48437500 0.51562500
vt 0.48437500 0.98437500
vt 0.01562500 0.98437500
vt 0.01562500 0.51562500
vt 0.48437500 0.51562500
vt 0.48437500 0.98437500
vt 0.01562500 0.98437500
vt 0.01562500 0.51562500
vt 0.48437500 0.51562500
vt 0.48437500 0.98437500
vt 0.01562500 0.98437500
vt 0.01562500 0.51562500
vt 0.48437500 0.51562500
vt 0.48437500 0.98437500
vt 0.01562500 0.98437500
vt 0.01562500 0.51562500
vt 0.48437500 0.51562500
vt 0.48437500 0.98437500
vt 0.01562500 0.98437500
vt 0.01562500 0.51562500
vt 0.48437500 0.51562500
vt 0.48437500 0.98437500
vt 0.01562500 0.98437500
vt 0.01562500 0.51562500
vt 0.48437500 0.51562500
vt 0.48437500 0.98437500
vt 0.01562500 0.98437500
vt 0.01562500 0.51562500
vt 0.48437500 0.51562500
vt 0.48437500 0.98437500
vt 0.01562500 0.98437500
vt 0.01562500 0.51562500
vt 0.48437500 0.51562500
vt 0.48437500 0.98437500
vt 0.01562500 0.98437500
vt 0.01562500 0.51562500
vt 0.48437500 0.51562500
vt 0.48437500 0.98437500
vt 0.01562500 0.98437500
vt 0.51562500 0.51562500
vt 0.98437500 0.51562500
vt 0.98437500 0.98437500
vt 0.51562500 0.98437500
vt 0.51562500 0.51562500
vt 0.98437500 0.51562500
vt 0.98437500 0.98437500
vt 0.51562500 0.98437500
vt 0.51562500 0.51562500
vt 0.98437500 0.51562500
vt 0.98437500 0.98437500
vt 0.51562500 0.98437500
vt 0.51562500 0.51562500
vt 0.98437500 0.51562500
vt 0.98437500 0.98437500
vt 0.51562500 0.98437500
vt 0.01562500 0.51562500
vt 0.48437500 0.51562500
vt 0.48437500 0.98437500
vt 0.01562500 0.98437500
vt 0.01562500 0.51562500
vt 0.48437500 0.51562500
vt 0.48437500 0.98437500
vt 0.01562500 0.98437500
vt 0.01562500 0.51562500
vt 0.48437500 0.51562500
vt 0.48437500 0.98437500
vt 0.01562500 0.98437500
vt 0.01562500 0.51562500
vt 0.48437500 0.51562500
vt 0.48437500 0.98437500
vt 0.01562500 0.98437500
vt 0.51562500 0.01562500
vt 0.73437500 0.01562500
vt 0.73437500 0.48437500
vt 0.51562500 0.48437500
vt 0.51562500 0.01562500
vt 0.73437500 0.01562500
vt 0.73437500 0.48437500
vt 0.51562500 0.48437500
vt 0.51562500 0.01562500
vt 0.73437500 0.01562500
vt 0.73437500 0.48437500
vt 0.51562500 0.48437500
vt 0.51562500 0.01562500
vt 0.73437500 0.01562500
vt 0.73437500 0.48437500
vt 0.51562500 0.48437500
vt 0.51562500 0.01562500
vt 0.73437500 0.01562500
vt 0.73437500 0.48437500
vt 0.51562500 0.48437500
vt 0.51562500 0.01562500
vt 0.73437500 0.01562500
vt 0.73437500 0.48437500
vt 0.51562500 0.48437500
vt 0.51562500 0.01562500
vt 0.73437500 0.01562500
vt 0.73437500 0.48437500
vt 0.51562500 0.48437500
vt 0.51562500 0.01562500
vt 0.73437500 0.01562500
vt 0.73437500 0.48437500
vt 0.51562500 0.48437500
vt 0.51562500 0.01562500
vt 0.73437500 0.01562500
vt 0.73437500 0.48437500
vt 0.51562500 0.48437500
vt 0.76562500 0.01562500
vt 0.98437500 0.01562500
vt 0.98437500 0.48437500
vt 0.76562500 0.48437500
vt 0.76562500 0.01562500
vt 0.98437500 0.01562500
vt 0.98437500 0.48437500
vt 0.76562500 0.48437500
vt 0.76562500 0.01562500
vt 0.98437500 0.01562500
vt 0.98437500 0.48437500
vt 0.76562500 0.48437500
vt 0.76562500 0.01562500
vt 0.98437500 0.01562500
vt 0.98437500 0.48437500
vt 0.76562500 0.48437500
vt 0.76562500 0.01562500
vt 0.98437500 0.01562500
vt 0.98437500 0.48437500
vt 0.76562500 0.48437500
vt 0.76562500 0.01562500
vt 0.98437500 0.01562500
vt 0.98437500 0.48437500
vt 0.76562500 0.48437500
vt 0.01562500 0.51562500
vt 0.48437500 0.51562500
vt 0.48437500 0.98437500
vt 0.01562500 0.98437500
vt 0.01562500 0.51562500
vt 0.48437500 0.51562500
vt 0.48437500 0.98437500
vt 0.01562500 0.98437500
vt 0.01562500 0.51562500
vt 0.48437500 0.51562500
vt 0.48437500 0.98437500
vt 0.01562500 0.98437500
vt 0.01562500 0.51562500
vt 0.48437500 0.51562500
vt 0.48437500 0.98437500
vt 0.01562500 0.98437500
vt 0.01562500 0.51562500
vt 0.48437500 0.51562500
vt 0.48437500 0.98437500
vt 0.01562500 0.98437500
vt 0.01562500 0.51562500
vt 0.48437500 0.51562500
vt 0.48437500 0.98437500
vt 0.01562500 0.98437500
vt 0.01562500 0.51562500
vt 0.48437500 0.51562500
vt 0.48437500 0.98437500
vt 0.01562500 0.98437500
vt 0.01562500 0.51562500
vt 0.48437500 0.51562500
vt 0.48437500 0.98437500
vt 0.01562500 0.98437500
vt 0.51562500 0.51562500
vt 0.98437500 0.51562500
vt 0.98437500 0.98437500
vt 0.51562500 0.98437500
vt 0.51562500 0.51562500
vt 0.98437500 0.51562500
vt 0.98437500 0.98437500
vt 0.51562500 0.98437500
vt 0.51562500 0.51562500
vt 0.98437500 0.51562500
vt 0.98437500 0.98437500
vt 0.51562500 0.98437500
vt 0.51562500 0.51562500
vt 0.98437500 0.51562500
vt 0.98437500 0.98437500
vt 0.51562500 0.98437500
vt 0.01562500 0.51562500
vt 0.48437500 0.51562500
vt 0.48437500 0.98437500
vt 0.01562500 0.98437500
vt 0.01562500 0.51562500
vt 0.48437500 0.51562500
vt 0.48437500 0.98437500
vt 0.01562500 0.98437500
vt 0.01562500 0.51562500
vt 0.48437500 0.51562500
vt 0.48437500 0.98437500
vt 0.01562500 0.98437500
vt 0.01562500 0.51562500
vt 0.48437500 0.51562500
vt 0.48437500 0.98437500
vt 0.01562500 0.98437500
vt 0.51562500 0.01562500
vt 0.73437500 0.01562500
vt 0.73437500 0.48437500
vt 0.51562500 0.48437500
vt 0.51562500 0.01562500
vt 0.73437500 0.01562500
vt 0.73437500 0.48437500
vt 0.51562500 0.48437500
vt 0.51562500 0.01562500
vt 0.73437500 0.01562500
vt 0.73437500 0.48437500
vt 0.51562500 0.48437500
vt 0.51562500 0.01562500
vt 0.73437500 0.01562500
vt 0.73437500 0.48437500
vt 0.51562500 0.48437500
vt 0.51562500 0.01562500
vt 0.73437500 0.01562500
vt 0.73437500 0.48437500
vt 0.51562500 0.48437500
vt 0.51562500 0.01562500
vt 0.73437500 0.01562500
vt 0.73437500 0.48437500
vt 0.51562500 0.48437500
vt 0.51562500 0.01562500
vt 0.73437500 0.01562500
vt 0.73437500 0.48437500
vt 0.51562500 0.48437500
vt 0.51562500 0.01562500
vt 0.73437500 0.01562500
vt 0.73437500 0.48437500
vt 0.51562500 0.48437500
vt 0.51562500 0.01562500
vt 0.73437500 0.01562500
vt 0.73437500 0.48437500
vt 0.51562500 0.48437500
vt 0.76562500 0.01562500
vt 0.98437500 0.01562500
vt 0.98437500 0.48437500
vt 0.76562500 0.48437500
vt 0.76562500 0.01562500
vt 0.98437500 0.01562500
vt 0.98437500 0.48437500
vt 0.76562500 0.48437500
vt 0.76562500 0.01562500
vt 0.98437500 0.01562500
vt 0.98437500 0.48437500
vt 0.76562500 0.48437500
vt 0.76562500 0.01562500
vt 0.98437500 0.01562500
vt 0.98437500 0.48437500
vt 0.76562500 0.48437500
vt 0.76562500 0.01562500
vt 0.98437500 0.01562500
vt 0.98437500 0.48437500
vt 0.76562500 0.48437500
vt 0.76562500 0.01562500
vt 0.98437500 0.01562500
vt 0.98437500 0.48437500
vt 0.76562500 0.48437500
vt 0.01562500 0.51562500
vt 0.48437500 0.51562500
vt 0.48437500 0.98437500
vt 0.01562500 0.98437500
vt 0.01562500 0.51562500
vt 0.48437500 0.51562500
vt 0.48437500 0.98437500
vt 0.01562500 0.98437500
vt 0.01562500 0.51562500
vt 0.48437500 0.51562500
vt 0.48437500 0.98437500
vt 0.01562500 0.98437500
vt 0.01562500 0.51562500
vt 0.48437500 0.51562500
vt 0.48437500 0.98437500
vt 0.01562500 0.98437500
vt 0.01562500 0.51562500
vt 0.48437500 0.51562500
vt 0.48437500 0.98437500
vt 0.01562500 0.98437500
vt 0.01562500 0.51562500
vt 0.48437500 0.51562500
vt 0.48437500 0.98437500
vt 0.01562500 0.98437500
vt 0.01562500 0.51562500
vt 0.48437500 0.51562500
vt 0.48437500 0.98437500
vt 0.01562500 0.98437500
vt 0.01562500 0.51562500
vt 0.48437500 0.51562500
vt 0.48437500 0.98437500
vt 0.01562500 0.98437500
vt 0.01562500 0.51562500
vt 0.48437500 0.51562500
vt 0.48437500 0.98437500
vt 0.01562500 0.98437500
vt 0.01562500 0.51562500
vt 0.48437500 0.51562500
vt 0.48437500 0.98437500
vt 0.01562500 0.98437500
vt 0.01562500 0.51562500
vt 0.48437500 0.51562500
vt 0.48437500 0.98437500
vt 0.01562500 0.98437500
vt 0.01562500 0.51562500
vt 0.48437500 0.51562500
vt 0.48437500 0.98437500
vt 0.01562500 0.98437500
vt 0.51562500 0.51562500
vt 0.98437500 0.51562500
vt 0.98437500 0.98437500
vt 0.51562500 0.98437500
vt 0.51562500 0.51562500
vt 0.98437500 0.51562500
vt 0.98437500 0.98437500
vt 0.51562500 0.98437500
vt 0.51562500 0.51562500
vt 0.98437500 0.51562500
vt 0.98437500 0.98437500
vt 0.51562500 0.98437500
vt 0.51562500 0.51562500
vt 0.98437500 0.51562500
vt 0.98437500 0.98437500
vt 0.51562500 0.98437500
vt 0.01562500 0.51562500
vt 0.48437500 0.51562500
vt 0.48437500 0.98437500
vt 0.01562500 0.98437500
vt 0.01562500 0.51562500
vt 0.48437500 0.51562500
vt 0.48437500 0.98437500
vt 0.01562500 0.98437500
vt 0.01562500 0.51562500
vt 0.48437500 0.51562500
vt 0.48437500 0.98437500
vt 0.01562500 0.98437500
vt 0.01562500 0.51562500
vt 0.48437500 0.51562500
vt 0.48437500 0.98437500
vt 0.01562500 0.98437500
vt 0.51562500 0.01562500
vt 0.73437500 0.01562500
vt 0.73437500 0.48437500
vt 0.51562500 0.48437500
vt 0.51562500 0.01562500
vt 0.73437500 0.01562500
vt 0.73437500 0.48437500
vt 0.51562500 0.48437500
vt 0.51562500 0.01562500
vt 0.73437500 0.01562500
vt 0.73437500 0.48437500
vt 0.51562500 0.48437500
vt 0.51562500 0.01562500
vt 0.73437500 0.01562500
vt 0.73437500 0.48437500
vt 0.51562500 0.48437500
vt 0.51562500 0.01562500
vt 0.73437500 0.01562500
vt 0.73437500 0.48437500
vt 0.51562500 0.48437500
vt 0.51562500 0.01562500
vt 0.73437500 0.01562500
vt 0.73437500 0.48437500
vt 0.51562500 0.48437500
vt 0.51562500 0.01562500
vt 0.73437500 0.01562500
vt 0.73437500 0.48437500
vt 0.51562500 0.48437500
vt 0.51562500 0.01562500
vt 0.73437500 0.01562500
vt 0.73437500 0.48437500
vt 0.51562500 0.48437500
vt 0.51562500 0.01562500
vt 0.73437500 0.01562500
vt 0.73437500 0.48437500
vt 0.51562500 0.48437500
vt 0.76562500 0.01562500
vt 0.98437500 0.01562500
vt 0.98437500 0.48437500
vt 0.76562500 0.48437500
vt 0.76562500 0.01562500
vt 0.98437500 0.01562500
vt 0.98437500 0.48437500
vt 0.76562500 0.48437500
vt 0.76562500 0.01562500
vt 0.98437500 0.01562500
vt 0.98437500 0.48437500
vt 0.76562500 0.48437500
vt 0.76562500 0.01562500
vt 0.98437500 0.01562500
vt 0.98437500 0.48437500
vt 0.76562500 0.48437500
vt 0.76562500 0.01562500
vt 0.98437500 0.01562500
vt 0.98437500 0.48437500
vt 0.76562500 0.48437500
vt 0.76562500 0.01562500
vt 0.98437500 0.01562500
vt 0.98437500 0.48437500
vt 0.76562500 0.48437500
vt 0.01562500 0.51562500
vt 0.48437500 0.51562500
vt 0.48437500 0.98437500
vt 0.01562500 0.98437500
vt 0.01562500 0.51562500
vt 0.48437500 0.51562500
vt 0.48437500 0.98437500
vt 0.01562500 0.98437500
vt 0.01562500 0.51562500
vt 0.48437500 0.51562500
vt 0.48437500 0.98437500
vt 0.01562500 0.98437500
vt 0.01562500 0.51562500
vt 0.48437500 0.51562500
vt 0.48437500 0.98437500
vt 0.01562500 0.98437500
vt 0.01562500 0.51562500
vt 0.48437500 0.51562500
vt 0.48437500 0.98437500
vt 0.01562500 0.98437500
vt 0.01562500 0.51562500
vt 0.48437500 0.51562500
vt 0.48437500 0.98437500
vt 0.01562500 0.98437500
vt 0.01562500 0.51562500
vt 0.48437500 0.51562500
vt 0.48437500 0.98437500
vt 0.01562500 0.98437500
vt 0.01562500 0.51562500
vt 0.48437500 0.51562500
vt 0.48437500 0.98437500
vt 0.01562500 0.98437500
vt 0.01562500 0.51562500
vt 0.48437500 0.51562500
vt 0.48437500 0.98437500
vt 0.01562500 0.98437500
vt 0.01562500 0.51562500
vt 0.48437500 0.51562500
vt 0.48437500 0.98437500
vt 0.01562500 0.98437500
vt 0.01562500 0.51562500
vt 0.48437500 0.51562500
vt 0.48437500 0.98437500
vt 0.01562500 0.98437500
vt 0.01562500 0.51562500
vt 0.48437500 0.51562500
vt 0.48437500 0.98437500
vt 0.01562500 0.98437500
vt 0.51562500 0.51562500
vt 0.98437500 0.51562500
vt 0.98437500 0.98437500
vt 0.51562500 0.98437500
vt 0.51562500 0.51562500
vt 0.98437500 0.51562500
vt 0.98437500 0.98437500
vt 0.51562500 0.98437500
vt 0.51562500 0.51562500
vt 0.98437500 0.51562500
vt 0.98437500 0.98437500
vt 0.51562500 0.98437500
vt 0.51562500 0.51562500
vt 0.98437500 0.51562500
vt 0.98437500 0.98437500
vt 0.51562500 0.98437500
vt 0.01562500 0.51562500
vt 0.48437500 0.51562500
vt 0.48437500 0.98437500
vt 0.01562500 0.98437500
vt 0.01562500 0.51562500
vt 0.48437500 0.51562500
vt 0.48437500 0.98437500
vt 0.01562500 0.98437500
vt 0.01562500 0.51562500
vt 0.48437500 0.51562500
vt 0.48437500 0.98437500
vt 0.01562500 0.98437500
vt 0.01562500 0.51562500
vt 0.48437500 0.51562500
vt 0.48437500 0.98437500
vt 0.01562500 0.98437500
vt 0.51562500 0.01562500
vt 0.73437500 0.01562500
vt 0.73437500 0.48437500
vt 0.51562500 0.48437500
vt 0.51562500 0.01562500
vt 0.73437500 0.01562500
vt 0.73437500 0.48437500
vt 0.51562500 0.48437500
vt 0.51562500 0.01562500
vt 0.73437500 0.01562500
vt 0.73437500 0.48437500
vt 0.51562500 0.48437500
vt 0.51562500 0.01562500
vt 0.73437500 0.01562500
vt 0.73437500 0.48437500
vt 0.51562500 0.48437500
vt 0.51562500 0.01562500
vt 0.73437500 0.01562500
vt 0.73437500 0.48437500
vt 0.51562500 0.48437500
vt 0.51562500 0.01562500
vt 0.73437500 0.01562500
vt 0.73437500 0.48437500
vt 0.51562500 0.48437500
vt 0.51562500 0.01562500
vt 0.73437500 0.01562500
vt 0.73437500 0.48437500
vt 0.51562500 0.48437500
vt 0.51562500 0.01562500
vt 0.73437500 0.01562500
vt 0.73437500 0.48437500
vt 0.51562500 0.48437500
vt 0.51562500 0.01562500
vt 0.73437500 0.01562500
vt 0.73437500 0.48437500
vt 0.51562500 0.48437500
vt 0.76562500 0.01562500
vt 0.98437500 0.01562500
vt 0.98437500 0.48437500
vt 0.76562500 0.48437500
vt 0.76562500 0.01562500
vt 0.98437500 0.01562500
vt 0.98437500 0.48437500
vt 0.76562500 0.48437500
vt 0.76562500 0.01562500
vt 0.98437500 0.01562500
vt 0.98437500 0.48437500
vt 0.76562500 0.48437500
vt 0.76562500 0.01562500
vt 0.98437500 0.01562500
vt 0.98437500 0.48437500
vt 0.76562500 0.48437500
vt 0.76562500 0.01562500
vt 0.98437500 0.01562500
vt 0.98437500 0.48437500
vt 0.76562500 0.48437500
vt 0.76562500 0.01562500
vt 0.98437500 0.01562500
vt 0.98437500 0.48437500
vt 0.76562500 0.48437500
vt 0.01562500 0.51562500
vt 0.48437500 0.51562500
vt 0.48437500 0.98437500
vt 0.01562500 0.98437500
vt 0.01562500 0.51562500
vt 0.48437500 0.51562500
vt 0.48437500 0.98437500
vt 0.01562500 0.98437500
vt 0.01562500 0.51562500
vt 0.48437500 0.51562500
vt 0.48437500 0.98437500
vt 0.01562500 0.98437500
vt 0.01562500 0.51562500
vt 0.48437500 0.51562500
vt 0.48437500 0.98437500
vt 0.01562500 0.98437500
vt 0.01562500 0.51562500
vt 0.48437500 0.51562500
vt 0.48437500 0.98437500
vt 0.01562500 0.98437500
vt 0.01562500 0.51562500
vt 0.48437500 0.51562500
vt 0.48437500 0.98437500
vt 0.01562500 0.98437500
vt 0.01562500 0.51562500
vt 0.48437500 0.51562500
vt 0.48437500 0.98437500
vt 0.01562500 0.98437500
vt 0.01562500 0.51562500
vt 0.48437500 0.51562500
vt 0.48437500 0.98437500
vt 0.01562500 0.98437500
vt 0.51562500 0.51562500
vt 0.98437500 0.51562500
vt 0.98437500 0.98437500
vt 0.51562500 0.98437500
vt 0.51562500 0.51562500
vt 0.98437500 0.51562500
vt 0.98437500 0.98437500
vt 0.51562500 0.98437500
vt 0.51562500 0.51562500
vt 0.98437500 0.51562500
vt 0.98437500 0.98437500
vt 0.51562500 0.98437500
vt 0.51562500 0.51562500
vt 0.98437500 0.51562500
vt 0.98437500 0.98437500
vt 0.51562500 0.98437500
vt 0.01562500 0.51562500
vt 0.48437500 0.51562500
vt 0.48437500 0.98437500
vt 0.01562500 0.98437500
vt 0.01562500 0.51562500
vt 0.48437500 0.51562500
vt 0.48437500 0.98437500
vt 0.01562500 0.98437500
vt 0.01562500 0.51562500
vt 0.48437500 0.51562500
vt 0.48437500 0.98437500
vt 0.01562500 0.98437500
vt 0.01562500 0.51562500
vt 0.48437500 0.51562500
vt 0.48437500 0.98437500
vt 0.01562500 0.98437500
vt 0.51562500 0.01562500
vt 0.73437500 0.01562500
vt 0.73437500 0.48437500
vt 0.51562500 0.48437500
vt 0.51562500 0.01562500
vt 0.73437500 0.01562500
vt 0.73437500 0.48437500
vt 0.51562500 0.48437500
vt 0.51562500 0.01562500
vt 0.73437500 0.01562500
vt 0.73437500 0.48437500
vt 0.51562500 0.48437500
vt 0.51562500 0.01562500
vt 0.73437500 0.01562500
vt 0.73437500 0.48437500
vt 0.51562500 0.48437500
vt 0.51562500 0.01562500
vt 0.73437500 0.01562500
vt 0.73437500 0.48437500
vt 0.51562500 0.48437500
vt 0.51562500 0.01562500
vt 0.73437500 0.01562500
vt 0.73437500 0.48437500
vt 0.51562500 0.48437500
vt 0.51562500 0.01562500
vt 0.73437500 0.01562500
vt 0.73437500 0.48437500
vt 0.51562500 0.48437500
vt 0.51562500 0.01562500
vt 0.73437500 0.01562500
vt 0.73437500 0.48437500
vt 0.51562500 0.48437500
vt 0.51562500 0.01562500
vt 0.73437500 0.01562500
vt 0.73437500 0.48437500
vt 0.51562500 0.48437500
vt 0.76562500 0.01562500
vt 0.98437500 0.01562500
vt 0.98437500 0.48437500
vt 0.76562500 0.48437500
vt 0.76562500 0.01562500
vt 0.98437500 0.01562500
vt 0.98437500 0.48437500
vt 0.76562500 0.48437500
vt 0.76562500 0.01562500
vt 0.98437500 0.01562500
vt 0.98437500 0.48437500
vt 0.76562500 0.48437500
vt 0.76562500 0.01562500
vt 0.98437500 0.01562500
vt 0.98437500 0.48437500
vt 0.76562500 0.48437500
vt 0.76562500 0.01562500
vt 0.98437500 0.01562500
vt 0.98437500 0.48437500
vt 0.76562500 0.48437500
vt 0.76562500 0.01562500
vt 0.98437500 0.01562500
vt 0.98437500 0.48437500
vt 0.76562500 0.48437500
vt 0.01562500 0.51562500
vt 0.48437500 0.51562500
vt 0.48437500 0.98437500
vt 0.01562500 0.98437500
vt 0.01562500 0.51562500
vt 0.48437500 0.51562500
vt 0.48437500 0.98437500
vt 0.01562500 0.98437500
vt 0.01562500 0.51562500
vt 0.48437500 0.51562500
vt 0.48437500 0.98437500
vt 0.01562500 0.98437500
vt 0.01562500 0.51562500
vt 0.48437500 0.51562500
vt 0.48437500 0.98437500
vt 0.01562500 0.98437500
vt 0.01562500 0.51562500
vt 0.48437500 0.51562500
vt 0.48437500 0.98437500
vt 0.01562500 0.98437500
vt 0.01562500 0.51562500
vt 0.48437500 0.51562500
vt 0.48437500 0.98437500
vt 0.01562500 0.98437500
vt 0.01562500 0.51562500
vt 0.48437500 0.51562500
vt 0.48437500 0.98437500
vt 0.01562500 0.98437500
vt 0.01562500 0.51562500
vt 0.48437500 0.51562500
vt 0.48437500 0.98437500
vt 0.01562500 0.98437500
vt 0.51562500 0.51562500
vt 0.98437500 0.51562500
vt 0.98437500 0.98437500
vt 0.51562500 0.98437500
vt 0.51562500 0.51562500
vt 0.98437500 0.51562500
vt 0.98437500 0.98437500
vt 0.51562500 0.98437500
vt 0.51562500 0.51562500
vt 0.98437500 0.51562500
vt 0.98437500 0.98437500
vt 0.51562500 0.98437500
vt 0.51562500 0.51562500
vt 0.98437500 0.51562500
vt 0.98437500 0.98437500
vt 0.51562500 0.98437500
vt 0.01562500 0.51562500
vt 0.48437500 0.51562500
vt 0.48437500 0.98437500
vt 0.01562500 0.98437500
vt 0.01562500 0.51562500
vt 0.48437500 0.51562500
vt 0.48437500 0.98437500
vt 0.01562500 0.98437500
vt 0.01562500 0.51562500
vt 0.48437500 0.51562500
vt 0.48437500 0.98437500
vt 0.01562500 0.98437500
vt 0.01562500 0.51562500
vt 0.48437500 0.51562500
vt 0.48437500 0.98437500
vt 0.01562500 0.98437500
vt 0.51562500 0.01562500
vt 0.73437500 0.01562500
vt 0.73437500 0.48437500
vt 0.51562500 0.48437500
vt 0.51562500 0.01562500
vt 0.73437500 0.01562500
vt 0.73437500 0.48437500
vt 0.51562500 0.48437500
vt 0.51562500 0.01562500
vt 0.73437500 0.01562500
vt 0.73437500 0.48437500
vt 0.51562500 0.48437500
vt 0.51562500 0.01562500
vt 0.73437500 0.01562500
vt 0.73437500 0.48437500
vt 0.51562500 0.48437500
vt 0.51562500 0.01562500
vt 0.73437500 0.01562500
vt 0.73437500 0.48437500
vt 0.51562500 0.48437500
vt 0.51562500 0.01562500
vt 0.73437500 0.01562500
vt 0.73437500 0.48437500
vt 0.51562500 0.48437500
vt 0.51562500 0.01562500
vt 0.73437500 0.01562500
vt 0.73437500 0.48437500
vt 0.51562500 0.48437500
vt 0.51562500 0.01562500
vt 0.73437500 0.01562500
vt 0.73437500 0.48437500
vt 0.51562500 0.48437500
vt 0.51562500 0.01562500
vt 0.73437500 0.01562500
vt 0.73437500 0.48437500
vt 0.51562500 0.48437500
vt 0.76562500 0.01562500
vt 0.98437500 0.01562500
vt 0.98437500 0.48437500
vt 0.76562500 0.48437500
vt 0.76562500 0.01562500
vt 0.98437500 0.01562500
vt 0.98437500 0.48437500
vt 0.76562500 0.48437500
vt 0.76562500 0.01562500
vt 0.98437500 0.01562500
vt 0.98437500 0.48437500
vt 0.76562500 0.48437500
vt 0.76562500 0.01562500
vt 0.98437500 0.01562500
vt 0.98437500 0.48437500
vt 0.76562500 0.48437500
vt 0.76562500 0.01562500
vt 0.98437500 0.01562500
vt 0.98437500 0.48437500
vt 0.76562500 0.48437500
vt 0.76562500 0.01562500
vt 0.98437500 0.01562500
vt 0.98437500 0.48437500
vt 0.76562500 0.48437500
vt 0.01562500 0.51562500
vt 0.48437500 0.51562500
vt 0.48437500 0.98437500
vt 0.01562500 0.98437500
vt 0.01562500 0.51562500
vt 0.48437500 0.51562500
vt 0.48437500 0.98437500
vt 0.01562500 0.98437500
vt 0.01562500 0.51562500
vt 0.48437500 0.51562500
vt 0.48437500 0.98437500
vt 0.01562500 0.98437500
vt 0.01562500 0.51562500
vt 0.48437500 0.51562500
vt 0.48437500 0.98437500
vt 0.01562500 0.98437500
vt 0.01562500 0.51562500
vt 0.48437500 0.51562500
vt 0.48437500 0.98437500
vt 0.01562500 0.98437500
vt 0.01562500 0.51562500
vt 0.48437500 0.51562500
vt 0.48437500 0.98437500
vt 0.01562500 0.98437500
vt 0.01562500 0.51562500
vt 0.48437500 0.51562500
vt 0.48437500 0.98437500
vt 0.01562500 0.98437500
vt 0.01562500 0.51562500
vt 0.48437500 0.51562500
vt 0.48437500 0.98437500
vt 0.01562500 0.98437500
vt 0.01562500 0.51562500
vt 0.48437500 0.51562500
vt 0.48437500 0.98437500
vt 0.01562500 0.98437500
vt 0.01562500 0.51562500
vt 0.48437500 0.51562500
vt 0.48437500 0.98437500
vt 0.01562500 0.98437500
vt 0.01562500 0.51562500
vt 0.48437500 0.51562500
vt 0.48437500 0.98437500
vt 0.01562500 0.98437500
vt 0.01562500 0.51562500
vt 0.48437500 0.51562500
vt 0.48437500 0.98437500
vt 0.01562500 0.98437500
vt 0.51562500 0.51562500
vt 0.98437500 0.51562500
vt 0.98437500 0.98437500
vt 0.51562500 0.98437500
vt 0.51562500 0.51562500
vt 0.98437500 0.51562500
vt 0.98437500 0.98437500
vt 0.51562500 0.98437500
vt 0.51562500 0.51562500
vt 0.98437500 0.51562500
vt 0.98437500 0.98437500
vt 0.51562500 0.98437500
vt 0.51562500 0.51562500
vt 0.98437500 0.51562500
vt 0.98437500 0.98437500
vt 0.51562500 0.98437500
vt 0.01562500 0.51562500
vt 0.48437500 0.51562500
vt 0.48437500 0.98437500
vt 0.01562500 0.98437500
vt 0.01562500 0.51562500
vt 0.48437500 0.51562500
vt 0.48437500 0.98437500
vt 0.01562500 0.98437500
vt 0.01562500 0.51562500
vt 0.48437500 0.51562500
vt 0.48437500 0.98437500
vt 0.01562500 0.98437500
vt 0.01562500 0.51562500
vt 0.48437500 0.51562500
vt 0.48437500 0.98437500
vt 0.01562500 0.98437500
vt 0.51562500 0.01562500
vt 0.73437500 0.01562500
vt 0.73437500 0.48437500
vt 0.51562500 0.48437500
vt 0.51562500 0.01562500
vt 0.73437500 0.01562500
vt 0.73437500 0.48437500
vt 0.51562500 0.48437500
vt 0.51562500 0.01562500
vt 0.73437500 0.01562500
vt 0.73437500 0.48437500
vt 0.51562500 0.48437500
vt 0.51562500 0.01562500
vt 0.73437500 0.01562500
vt 0.73437500 0.48437500
vt 0.51562500 0.48437500
vt 0.51562500 0.01562500
vt 0.73437500 0.01562500
vt 0.73437500 0.48437500
vt 0.51562500 0.48437500
vt 0.51562500 0.01562500
vt 0.73437500 0.01562500
vt 0.73437500 0.48437500
vt 0.51562500 0.48437500
vt 0.51562500 0.01562500
vt 0.73437500 0.01562500
vt 0.73437500 0.48437500
vt 0.51562500 0.48437500
vt 0.51562500 0.01562500
vt 0.73437500 0.01562500
vt 0.73437500 0.48437500
vt 0.51562500 0.48437500
vt 0.51562500 0.01562500
vt 0.73437500 0.01562500
vt 0.73437500 0.48437500
vt 0.51562500 0.48437500
vt 0.76562500 0.01562500
vt 0.98437500 0.01562500
vt 0.98437500 0.48437500
vt 0.76562500 0.48437500
vt 0.76562500 0.01562500
vt 0.98437500 0.01562500
vt 0.98437500 0.48437500
vt 0.76562500 0.48437500
vt 0.76562500 0.01562500
vt 0.98437500 0.01562500
vt 0.98437500 0.48437500
vt 0.76562500 0.48437500
vt 0.76562500 0.01562500
vt 0.98437500 0.01562500
vt 0.98437500 0.48437500
vt 0.76562500 0.48437500
vt 0.76562500 0.01562500
vt 0.98437500 0.01562500
vt 0.98437500 0.48437500
vt 0.76562500 0.48437500
vt 0.76562500 0.01562500
vt 0.98437500 0.01562500
vt 0.98437500 0.48437500
vt 0.76562500 0.48437500
vt 0.01562500 0.51562500
vt 0.48437500 0.51562500
vt 0.48437500 0.98437500
vt 0.01562500 0.98437500
vt 0.01562500 0.51562500
vt 0.48437500 0.51562500
vt 0.48437500 0.98437500
vt 0.01562500 0.98437500
vt 0.01562500 0.51562500
vt 0.48437500 0.51562500
vt 0.48437500 0.98437500
vt 0.01562500 0.98437500
vt 0.01562500 0.51562500
vt 0.48437500 0.51562500
vt 0.48437500 0.98437500
vt 0.01562500 0.98437500
vt 0.01562500 0.51562500
vt 0.48437500 0.51562500
vt 0.48437500 0.98437500
vt 0.01562500 0.98437500
vt 0.01562500 0.51562500
vt 0.48437500 0.51562500
vt 0.48437500 0.98437500
vt 0.01562500 0.98437500
vt 0.01562500 0.51562500
vt 0.48437500 0.51562500
vt 0.48437500 0.98437500
vt 0.01562500 0.98437500
vt 0.01562500 0.51562500
vt 0.48437500 0.51562500
vt 0.48437500 0.98437500
vt 0.01562500 0.98437500
vt 0.01562500 0.51562500
vt 0.48437500 0.51562500
vt 0.48437500 0.98437500
vt 0.01562500 0.98437500
vt 0.01562500 0.51562500
vt 0.48437500 0.51562500
vt 0.48437500 0.98437500
vt 0.01562500 0.98437500
vt 0.01562500 0.51562500
vt 0.48437500 0.51562500
vt 0.48437500 0.98437500
vt 0.01562500 0.98437500
vt 0.01562500 0.51562500
vt 0.48437500 0.51562500
vt 0.48437500 0.98437500
vt 0.01562500 0.98437500
vt 0.51562500 0.51562500
vt 0.98437500 0.51562500
vt 0.98437500 0.98437500
vt 0.51562500 0.98437500
vt 0.51562500 0.51562500
vt 0.98437500 0.51562500
vt 0.98437500 0.98437500
vt 0.51562500 0.98437500
vt 0.51562500 0.51562500
vt 0.98437500 0.51562500
vt 0.98437500 0.98437500
vt 0.51562500 0.98437500
vt 0.51562500 0.51562500
vt 0.98437500 0.51562500
vt 0.98437500 0.98437500
vt 0.51562500 0.98437500
vt 0.01562500 0.51562500
vt 0.48437500 0.51562500
vt 0.48437500 0.98437500
vt 0.01562500 0.98437500
vt 0.01562500 0.51562500
vt 0.48437500 0.51562500
vt 0.48437500 0.98437500
vt 0.01562500 0.98437500
vt 0.01562500 0.51562500
vt 0.48437500 0.51562500
vt 0.48437500 0.98437500
vt 0.01562500 0.98437500
vt 0.01562500 0.51562500
vt 0.48437500 0.51562500
vt 0.48437500 0.98437500
vt 0.01562500 0.98437500
vt 0.51562500 0.01562500
vt 0.73437500 0.01562500
vt 0.73437500 0.48437500
vt 0.51562500 0.48437500
vt 0.51562500 0.01562500
vt 0.73437500 0.01562500
vt 0.73437500 0.48437500
vt 0.51562500 0.48437500
vt 0.51562500 0.01562500
vt 0.73437500 0.01562500
vt 0.73437500 0.48437500
vt 0.51562500 0.48437500
vt 0.51562500 0.01562500
vt 0.73437500 0.01562500
vt 0.73437500 0.48437500
vt 0.51562500 0.48437500
vt 0.51562500 0.01562500
vt 0.73437500 0.01562500
vt 0.73437500 0.48437500
vt 0.51562500 0.48437500
vt 0.51562500 0.01562500
vt 0.73437500 0.01562500
vt 0.73437500 0.48437500
vt 0.51562500 0.48437500
vt 0.51562500 0.01562500
vt 0.73437500 0.01562500
vt 0.73437500 0.48437500
vt 0.51562500 0.48437500
vt 0.51562500 0.01562500
vt 0.73437500 0.01562500
vt 0.73437500 0.48437500
vt 0.51562500 0.48437500
vt 0.51562500 0.01562500
vt 0.73437500 0.01562500
vt 0.73437500 0.48437500
vt 0.51562500 0.48437500
vt 0.76562500 0.01562500
vt 0.98437500 0.01562500
vt 0.98437500 0.48437500
vt 0.76562500 0.48437500
vt 0.76562500 0.01562500
vt 0.98437500 0.01562500
vt 0.98437500 0.48437500
vt 0.76562500 0.48437500
vt 0.76562500 0.01562500
vt 0.98437500 0.01562500
vt 0.98437500 0.48437500
vt 0.76562500 0.48437500
vt 0.76562500 0.01562500
vt 0.98437500 0.01562500
vt 0.98437500 0.48437500
vt 0.76562500 0.48437500
vt 0.76562500 0.01562500
vt 0.98437500 0.01562500
vt 0.98437500 0.48437500
vt 0.76562500 0.48437500
vt 0.76562500 0.01562500
vt 0.98437500 0.01562500
vt 0.98437500 0.48437500
vt 0.76562500 0.48437500
vt 0.01562500 0.51562500
vt 0.48437500 0.51562500
vt 0.48437500 0.98437500
vt 0.01562500 0.98437500
vt 0.01562500 0.51562500
vt 0.48437500 0.51562500
vt 0.48437500 0.98437500
vt 0.01562500 0.98437500
vt 0.01562500 0.51562500
vt 0.48437500 0.51562500
vt 0.48437500 0.98437500
vt 0.01562500 0.98437500
vt 0.01562500 0.51562500
vt 0.48437500 0.51562500
vt 0.48437500 0.98437500
vt 0.01562500 0.98437500
vt 0.01562500 0.51562500
vt 0.48437500 0.51562500
vt 0.48437500 0.98437500
vt 0.01562500 0.98437500
vt 0.01562500 0.51562500
vt 0.48437500 0.51562500
vt 0.48437500 0.98437500
vt 0.01562500 0.98437500
vt 0.01562500 0.51562500
vt 0.48437500 0.51562500
vt 0.48437500 0.98437500
vt 0.01562500 0.98437500
vt 0.01562500 0.51562500
vt 0.48437500 0.51562500
vt 0.48437500 0.98437500
vt 0.01562500 0.98437500
vt 0.01562500 0.51562500
vt 0.48437500 0.51562500
vt 0.48437500 0.98437500
vt 0.01562500 0.98437500
vt 0.01562500 0.51562500
vt 0.48437500 0.51562500
vt 0.48437500 0.98437500
vt 0.01562500 0.98437500
vt 0.01562500 0.51562500
vt 0.48437500 0.51562500
vt 0.48437500 0.98437500
vt 0.01562500 0.98437500
vt 0.01562500 0.51562500
vt 0.48437500 0.51562500
vt 0.48437500 0.98437500
vt 0.01562500 0.98437500
vt 0.51562500 0.51562500
vt 0.98437500 0.51562500
vt 0.98437500 0.98437500
vt 0.51562500 0.98437500
vt 0.51562500 0.51562500
vt 0.98437500 0.51562500
vt 0.98437500 0.98437500
vt 0.51562500 0.98437500
vt 0.51562500 0.51562500
vt 0.98437500 0.51562500
vt 0.98437500 0.98437500
vt 0.51562500 0.98437500
vt 0.51562500 0.51562500
vt 0.98437500 0.51562500
vt 0.98437500 0.98437500
vt 0.51562500 0.98437500
vt 0.01562500 0.51562500
vt 0.48437500 0.51562500
vt 0.48437500 0.98437500
vt 0.01562500 0.98437500
vt 0.01562500 0.51562500
vt 0.48437500 0.51562500
vt 0.48437500 0.98437500
vt 0.01562500 0.98437500
vt 0.01562500 0.51562500
vt 0.48437500 0.51562500
vt 0.48437500 0.98437500
vt 0.01562500 0.98437500
vt 0.01562500 0.51562500
vt 0.48437500 0.51562500
vt 0.48437500 0.98437500
vt 0.01562500 0.98437500
vt 0.51562500 0.01562500
vt 0.73437500 0.01562500
vt 0.73437500 0.48437500
vt 0.51562500 0.48437500
vt 0.51562500 0.01562500
vt 0.73437500 0.01562500
vt 0.73437500 0.48437500
vt 0.51562500 0.48437500
vt 0.51562500 0.01562500
vt 0.73437500 0.01562500
vt 0.73437500 0.48437500
vt 0.51562500 0.48437500
vt 0.51562500 0.01562500
vt 0.73437500 0.01562500
vt 0.73437500 0.48437500
vt 0.51562500 0.48437500
vt 0.51562500 0.01562500
vt 0.73437500 0.01562500
vt 0.73437500 0.48437500
vt 0.51562500 0.48437500
vt 0.51562500 0.01562500
vt 0.73437500 0.01562500
vt 0.73437500 0.48437500
vt 0.51562500 0.48437500
vt 0.51562500 0.01562500
vt 0.73437500 0.01562500
vt 0.73437500 0.48437500
vt 0.51562500 0.48437500
vt 0.51562500 0.01562500
vt 0.73437500 0.01562500
vt 0.73437500 0.48437500
vt 0.51562500 0.48437500
vt 0.51562500 0.01562500
vt 0.73437500 0.01562500
vt 0.73437500 0.48437500
vt 0.51562500 0.48437500
vt 0.76562500 0.01562500
vt 0.98437500 0.01562500
vt 0.98437500 0.48437500
vt 0.76562500 0.48437500
vt 0.76562500 0.01562500
vt 0.98437500 0.01562500
vt 0.98437500 0.48437500
vt 0.76562500 0.48437500
vt 0.76562500 0.01562500
vt 0.98437500 0.01562500
vt 0.98437500 0.48437500
vt 0.76562500 0.48437500
vt 0.76562500 0.01562500
vt 0.98437500 0.01562500
vt 0.98437500 0.48437500
vt 0.76562500 0.48437500
vt 0.76562500 0.01562500
vt 0.98437500 0.01562500
vt 0.98437500 0.48437500
vt 0.76562500 0.48437500
vt 0.76562500 0.01562500
vt 0.98437500 0.01562500
vt 0.98437500 0.48437500
vt 0.76562500 0.48437500
vt 0.01562500 0.51562500
vt 0.48437500 0.51562500
vt 0.48437500 0.98437500
vt 0.01562500 0.98437500
vt 0.01562500 0.51562500
vt 0.48437500 0.51562500
vt 0.48437500 0.98437500
vt 0.01562500 0.98437500
vt 0.01562500 0.51562500
vt 0.48437500 0.51562500
vt 0.48437500 0.98437500
vt 0.01562500 0.98437500
vt 0.01562500 0.51562500
vt 0.48437500 0.51562500
vt 0.48437500 0.98437500
vt 0.01562500 0.98437500
vt 0.01562500 0.01562500
vt 0.48437500 0.01562500
vt 0.48437500 0.48437500
vt 0.01562500 0.48437500
vt 0.01562500 0.01562500
vt 0.48437500 0.01562500
vt 0.48437500 0.48437500
vt 0.01562500 0.48437500
vt 0.01562500 0.01562500
vt 0.48437500 0.01562500
vt 0.48437500 0.48437500
vt 0.01562500 0.48437500
vt 0.01562500 0.01562500
vt 0.48437500 0.01562500
vt 0.48437500 0.48437500
vt 0.01562500 0.48437500
vt 0.01562500 0.01562500
vt 0.48437500 0.01562500
vt 0.48437500 0.48437500
vt 0.01562500 0.48437500
vt 0.01562500 0.01562500
vt 0.48437500 0.01562500
vt 0.48437500 0.48437500
vt 0.01562500 0.48437500
vt 0.01562500 0.01562500
vt 0.48437500 0.01562500
vt 0.48437500 0.48437500
vt 0.01562500 0.48437500
vt 0.01562500 0.01562500
vt 0.48437500 0.01562500
vt 0.48437500 0.48437500
vt 0.01562500 0.48437500
vt 0.01562500 0.01562500
vt 0.48437500 0.01562500
vt 0.48437500 0.48437500
vt 0.01562500 0.48437500
vt 0.01562500 0.01562500
vt 0.48437500 0.01562500
vt 0.48437500 0.48437500
vt 0.01562500 0.48437500
vt 0.01562500 0.01562500
vt 0.48437500 0.01562500
vt 0.48437500 0.48437500
vt 0.01562500 0.48437500
vt 0.01562500 0.01562500
vt 0.48437500 0.01562500
vt 0.48437500 0.48437500
vt 0.01562500 0.48437500
vt 0.01562500 0.01562500
vt 0.48437500 0.01562500
vt 0.48437500 0.48437500
vt 0.01562500 0.48437500
vt 0.01562500 0.01562500
vt 0.48437500 0.01562500
vt 0.48437500 0.48437500
vt 0.01562500 0.48437500
vt 0.01562500 0.01562500
vt 0.48437500 0.01562500
vt 0.48437500 0.48437500
vt 0.01562500 0.48437500
vt 0.01562500 0.01562500
vt 0.48437500 0.01562500
vt 0.48437500 0.48437500
vt 0.01562500 0.48437500
vt 0.01562500 0.01562500
vt 0.48437500 0.01562500
vt 0.48437500 0.48437500
vt 0.01562500 0.48437500
vt 0.01562500 0.01562500
vt 0.48437500 0.01562500
vt 0.48437500 0.48437500
vt 0.01562500 0.48437500
vt 0.01562500 0.01562500
vt 0.48437500 0.01562500
vt 0.48437500 0.48437500
vt 0.01562500 0.48437500
vt 0.01562500 0.01562500
vt 0.48437500 0.01562500
vt 0.48437500 0.48437500
vt 0.01562500 0.48437500
vt 0.01562500 0.01562500
vt 0.48437500 0.01562500
vt 0.48437500 0.48437500
vt 0.01562500 0.48437500
vt 0.01562500 0.01562500
vt 0.48437500 0.01562500
vt 0.48437500 0.48437500
vt 0.01562500 0.48437500
vt 0.01562500 0.01562500
vt 0.48437500 0.01562500
vt 0.48437500 0.48437500
vt 0.01562500 0.48437500
vt 0.01562500 0.01562500
vt 0.48437500 0.01562500
vt 0.48437500 0.48437500
vt 0.01562500 0.48437500
vt 0.01562500 0.01562500
vt 0.48437500 0.01562500
vt 0.48437500 0.48437500
vt 0.01562500 0.48437500
vt 0.01562500 0.01562500
vt 0.48437500 0.01562500
vt 0.48437500 0.48437500
vt 0.01562500 0.48437500
vt 0.01562500 0.01562500
vt 0.48437500 0.01562500
vt 0.48437500 0.48437500
vt 0.01562500 0.48437500
vt 0.01562500 0.01562500
vt 0.48437500 0.01562500
vt 0.48437500 0.48437500
vt 0.01562500 0.48437500
vt 0.01562500 0.01562500
vt 0.48437500 0.01562500
vt 0.48437500 0.48437500
vt 0.01562500 0.48437500
vt 0.01562500 0.01562500
vt 0.48437500 0.01562500
vt 0.48437500 0.48437500
vt 0.01562500 0.48437500
vt 0.01562500 0.01562500
vt 0.48437500 0.01562500
vt 0.48437500 0.48437500
vt 0.01562500 0.48437500
vt 0.01562500 0.01562500
vt 0.48437500 0.01562500
vt 0.48437500 0.48437500
vt 0.01562500 0.48437500
vt 0.01562500 0.01562500
vt 0.48437500 0.01562500
vt 0.48437500 0.48437500
vt 0.01562500 0.48437500
vt 0.01562500 0.01562500
vt 0.48437500 0.01562500
vt 0.48437500 0.48437500
vt 0.01562500 0.48437500
vt 0.01562500 0.01562500
vt 0.48437500 0.01562500
vt 0.48437500 0.48437500
vt 0.01562500 0.48437500
vt 0.01562500 0.01562500
vt 0.48437500 0.01562500
vt 0.48437500 0.48437500
vt 0.01562500 0.48437500
vt 0.01562500 0.01562500
vt 0.48437500 0.01562500
vt 0.48437500 0.48437500
vt 0.01562500 0.48437500
vt 0.01562500 0.01562500
vt 0.48437500 0.01562500
vt 0.48437500 0.48437500
vt 0.01562500 0.48437500
vt 0.01562500 0.01562500
vt 0.48437500 0.01562500
vt 0.48437500 0.48437500
vt 0.01562500 0.48437500
vt 0.01562500 0.01562500
vt 0.48437500 0.01562500
vt 0.48437500 0.48437500
vt 0.01562500 0.48437500
vt 0.01562500 0.01562500
vt 0.48437500 0.01562500
vt 0.48437500 0.48437500
vt 0.01562500 0.48437500
vt 0.01562500 0.01562500
vt 0.48437500 0.01562500
vt 0.48437500 0.48437500
vt 0.01562500 0.48437500
vt 0.01562500 0.01562500
vt 0.48437500 0.01562500
vt 0.48437500 0.48437500
vt 0.01562500 0.48437500
vt 0.01562500 0.01562500
vt 0.48437500 0.01562500
vt 0.48437500 0.48437500
vt 0.01562500 0.48437500
vt 0.01562500 0.01562500
vt 0.48437500 0.01562500
vt 0.48437500 0.48437500
vt 0.01562500 0.48437500
vt 0.01562500 0.01562500
vt 0.48437500 0.01562500
vt 0.48437500 0.48437500
vt 0.01562500 0.48437500
vt 0.01562500 0.01562500
vt 0.48437500 0.01562500
vt 0.48437500 0.48437500
vt 0.01562500 0.48437500
vt 0.01562500 0.01562500
vt 0.48437500 0.01562500
vt 0.48437500 0.48437500
vt 0.01562500 0.48437500
vt 0.01562500 0.01562500
vt 0.48437500 0.01562500
vt 0.48437500 0.48437500
vt 0.01562500 0.48437500
vt 0.01562500 0.01562500
vt 0.48437500 0.01562500
vt 0.48437500 0.48437500
vt 0.01562500 0.48437500
vt 0.01562500 0.01562500
vt 0.48437500 0.01562500
vt 0.48437500 0.48437500
vt 0.01562500 0.48437500
vt 0.01562500 0.01562500
vt 0.48437500 0.01562500
vt 0.48437500 0.48437500
vt 0.01562500 0.48437500
vt 0.01562500 0.01562500
vt 0.48437500 0.01562500
vt 0.48437500 0.48437500
vt 0.01562500 0.48437500
vt 0.01562500 0.01562500
vt 0.48437500 0.01562500
vt 0.48437500 0.48437500
vt 0.01562500 0.48437500
vt 0.01562500 0.01562500
vt 0.48437500 0.01562500
vt 0.48437500 0.48437500
vt 0.01562500 0.48437500
vt 0.01562500 0.01562500
vt 0.48437500 0.01562500
vt 0.48437500 0.48437500
vt 0.01562500 0.48437500
vt 0.01562500 0.01562500
vt 0.48437500 0.01562500
vt 0.48437500 0.48437500
vt 0.01562500 0.48437500
vt 0.01562500 0.01562500
vt 0.48437500 0.01562500
vt 0.48437500 0.48437500
vt 0.01562500 0.48437500
vt 0.01562500 0.01562500
vt 0.48437500 0.01562500
vt 0.48437500 0.48437500
vt 0.01562500 0.48437500
vt 0.01562500 0.01562500
vt 0.48437500 0.01562500
vt 0.48437500 0.48437500
vt 0.01562500 0.48437500
vt 0.01562500 0.01562500
vt 0.48437500 0.01562500
vt 0.48437500 0.48437500
vt 0.01562500 0.48437500
vt 0.01562500 0.01562500
vt 0.48437500 0.01562500
vt 0.48437500 0.48437500
vt 0.01562500 0.48437500
vt 0.01562500 0.01562500
vt 0.48437500 0.01562500
vt 0.48437500 0.48437500
vt 0.01562500 0.48437500
vt 0.01562500 0.01562500
vt 0.48437500 0.01562500
vt 0.48437500 0.48437500
vt 0.01562500 0.48437500
vt 0.01562500 0.01562500
vt 0.48437500 0.01562500
vt 0.48437500 0.48437500
vt 0.01562500 0.48437500
vt 0.01562500 0.01562500
vt 0.48437500 0.01562500
vt 0.48437500 0.48437500
vt 0.01562500 0.48437500
vt 0.01562500 0.01562500
vt 0.48437500 0.01562500
vt 0.48437500 0.48437500
vt 0.01562500 0.48437500
vt 0.01562500 0.01562500
vt 0.48437500 0.01562500
vt 0.48437500 0.48437500
vt 0.01562500 0.48437500
vt 0.01562500 0.01562500
vt 0.48437500 0.01562500
vt 0.48437500 0.48437500
vt 0.01562500 0.48437500
vt 0.01562500 0.01562500
vt 0.48437500 0.01562500
vt 0.48437500 0.48437500
vt 0.01562500 0.48437500
vt 0.51562500 0.01562500
vt 0.73437500 0.01562500
vt 0.73437500 0.48437500
vt 0.51562500 0.48437500
vt 0.51562500 0.01562500
vt 0.73437500 0.01562500
vt 0.73437500 0.48437500
vt 0.51562500 0.48437500
vt 0.51562500 0.01562500
vt 0.73437500 0.01562500
vt 0.73437500 0.48437500
vt 0.51562500 0.48437500
vt 0.51562500 0.01562500
vt 0.73437500 0.01562500
vt 0.73437500 0.48437500
vt 0.51562500 0.48437500
vt 0.51562500 0.01562500
vt 0.73437500 0.01562500
vt 0.73437500 0.48437500
vt 0.51562500 0.48437500
vt 0.51562500 0.01562500
vt 0.73437500 0.01562500
vt 0.73437500 0.48437500
vt 0.51562500 0.48437500
vt 0.01562500 0.01562500
vt 0.48437500 0.01562500
vt 0.48437500 0.48437500
vt 0.01562500 0.48437500
vt 0.01562500 0.01562500
vt 0.48437500 0.01562500
vt 0.48437500 0.48437500
vt 0.01562500 0.48437500
vt 0.01562500 0.01562500
vt 0.48437500 0.01562500
vt 0.48437500 0.48437500
vt 0.01562500 0.48437500
vt 0.01562500 0.01562500
vt 0.48437500 0.01562500
vt 0.48437500 0.48437500
vt 0.01562500 0.48437500
vt 0.01562500 0.01562500
vt 0.48437500 0.01562500
vt 0.48437500 0.48437500
vt 0.01562500 0.48437500
vt 0.01562500 0.01562500
vt 0.48437500 0.01562500
vt 0.48437500 0.48437500
vt 0.01562500 0.48437500
vt 0.51562500 0.01562500
vt 0.73437500 0.01562500
vt 0.73437500 0.48437500
vt 0.51562500 0.48437500
vt 0.51562500 0.01562500
vt 0.73437500 0.01562500
vt 0.73437500 0.48437500
vt 0.51562500 0.48437500
vt 0.51562500 0.01562500
vt 0.73437500 0.01562500
vt 0.73437500 0.48437500
vt 0.51562500 0.48437500
vt 0.51562500 0.01562500
vt 0.73437500 0.01562500
vt 0.73437500 0.48437500
vt 0.51562500 0.48437500
vt 0.51562500 0.01562500
vt 0.73437500 0.01562500
vt 0.73437500 0.48437500
vt 0.51562500 0.48437500
vt 0.51562500 0.01562500
vt 0.73437500 0.01562500
vt 0.73437500 0.48437500
vt 0.51562500 0.48437500
vt 0.01562500 0.01562500
vt 0.48437500 0.01562500
vt 0.48437500 0.48437500
vt 0.01562500 0.48437500
vt 0.01562500 0.01562500
vt 0.48437500 0.01562500
vt 0.48437500 0.48437500
vt 0.01562500 0.48437500
vt 0.01562500 0.01562500
vt 0.48437500 0.01562500
vt 0.48437500 0.48437500
vt 0.01562500 0.48437500
vt 0.01562500 0.01562500
vt 0.48437500 0.01562500
vt 0.48437500 0.48437500
vt 0.01562500 0.48437500
vt 0.01562500 0.01562500
vt 0.48437500 0.01562500
vt 0.48437500 0.48437500
vt 0.01562500 0.48437500
vt 0.01562500 0.01562500
vt 0.48437500 0.01562500
vt 0.48437500 0.48437500
vt 0.01562500 0.48437500
vt 0.51562500 0.01562500
vt 0.73437500 0.01562500
vt 0.73437500 0.48437500
vt 0.51562500 0.48437500
vt 0.51562500 0.01562500
vt 0.73437500 0.01562500
vt 0.73437500 0.48437500
vt 0.51562500 0.48437500
vt 0.51562500 0.01562500
vt 0.73437500 0.01562500
vt 0.73437500 0.48437500
vt 0.51562500 0.48437500
vt 0.51562500 0.01562500
vt 0.73437500 0.01562500
vt 0.73437500 0.48437500
vt 0.51562500 0.48437500
vt 0.51562500 0.01562500
vt 0.73437500 0.01562500
vt 0.73437500 0.48437500
vt 0.51562500 0.48437500
vt 0.51562500 0.01562500
vt 0.73437500 0.01562500
vt 0.73437500 0.48437500
vt 0.51562500 0.48437500
vt 0.01562500 0.01562500
vt 0.48437500 0.01562500
vt 0.48437500 0.48437500
vt 0.01562500 0.48437500
vt 0.01562500 0.01562500
vt 0.48437500 0.01562500
vt 0.48437500 0.48437500
vt 0.01562500 0.48437500
vt 0.01562500 0.01562500
vt 0.48437500 0.01562500
vt 0.48437500 0.48437500
vt 0.01562500 0.48437500
vt 0.01562500 0.01562500
vt 0.48437500 0.01562500
vt 0.48437500 0.48437500
vt 0.01562500 0.48437500
vt 0.01562500 0.01562500
vt 0.48437500 0.01562500
vt 0.48437500 0.48437500
vt 0.01562500 0.48437500
vt 0.01562500 0.01562500
vt 0.48437500 0.01562500
vt 0.48437500 0.48437500
vt 0.01562500 0.48437500
vt 0.51562500 0.01562500
vt 0.73437500 0.01562500
vt 0.73437500 0.48437500
vt 0.51562500 0.48437500
vt 0.51562500 0.01562500
vt 0.73437500 0.01562500
vt 0.73437500 0.48437500
vt 0.51562500 0.48437500
vt 0.51562500 0.01562500
vt 0.73437500 0.01562500
vt 0.73437500 0.48437500
vt 0.51562500 0.48437500
vt 0.51562500 0.01562500
vt 0.73437500 0.01562500
vt 0.73437500 0.48437500
vt 0.51562500 0.48437500
vt 0.51562500 0.01562500
vt 0.73437500 0.01562500
vt 0.73437500 0.48437500
vt 0.51562500 0.48437500
vt 0.51562500 0.01562500
vt 0.73437500 0.01562500
vt 0.73437500 0.48437500
vt 0.51562500 0.48437500
vt 0.01562500 0.01562500
vt 0.48437500 0.01562500
vt 0.48437500 0.48437500
vt 0.01562500 0.48437500
vt 0.01562500 0.01562500
vt 0.48437500 0.01562500
vt 0.48437500 0.48437500
vt 0.01562500 0.48437500
vt 0.01562500 0.01562500
vt 0.48437500 0.01562500
vt 0.48437500 0.48437500
vt 0.01562500 0.48437500
vt 0.01562500 0.01562500
vt 0.48437500 0.01562500
vt 0.48437500 0.48437500
vt 0.01562500 0.48437500
vt 0.01562500 0.01562500
vt 0.48437500 0.01562500
vt 0.48437500 0.48437500
vt 0.01562500 0.48437500
vt 0.01562500 0.01562500
vt 0.48437500 0.01562500
vt 0.48437500 0.48437500
vt 0.01562500 0.48437500
vt 0.51562500 0.01562500
vt 0.73437500 0.01562500
vt 0.73437500 0.48437500
vt 0.51562500 0.48437500
vt 0.51562500 0.01562500
vt 0.73437500 0.01562500
vt 0.73437500 0.48437500
vt 0.51562500 0.48437500
vt 0.51562500 0.01562500
vt 0.73437500 0.01562500
vt 0.73437500 0.48437500
vt 0.51562500 0.48437500
vt 0.51562500 0.01562500
vt 0.73437500 0.01562500
vt 0.73437500 0.48437500
vt 0.51562500 0.48437500
vt 0.51562500 0.01562500
vt 0.73437500 0.01562500
vt 0.73437500 0.48437500
vt 0.51562500 0.48437500
vt 0.51562500 0.01562500
vt 0.73437500 0.01562500
vt 0.73437500 0.48437500
vt 0.51562500 0.48437500
vt 0.01562500 0.01562500
vt 0.48437500 0.01562500
vt 0.48437500 0.48437500
vt 0.01562500 0.48437500
vt 0.01562500 0.01562500
vt 0.48437500 0.01562500
vt 0.48437500 0.48437500
vt 0.01562500 0.48437500
vt 0.01562500 0.01562500
vt 0.48437500 0.01562500
vt 0.48437500 0.48437500
vt 0.01562500 0.48437500
vt 0.01562500 0.01562500
vt 0.48437500 0.01562500
vt 0.48437500 0.48437500
vt 0.01562500 0.48437500
vt 0.01562500 0.01562500
vt 0.48437500 0.01562500
vt 0.48437500 0.48437500
vt 0.01562500 0.48437500
vt 0.01562500 0.01562500
vt 0.48437500 0.01562500
vt 0.48437500 0.48437500
vt 0.01562500 0.48437500
vt 0.51562500 0.01562500
vt 0.73437500 0.01562500
vt 0.73437500 0.48437500
vt 0.51562500 0.48437500
vt 0.51562500 0.01562500
vt 0.73437500 0.01562500
vt 0.73437500 0.48437500
vt 0.51562500 0.48437500
vt 0.51562500 0.01562500
vt 0.73437500 0.01562500
vt 0.73437500 0.48437500
vt 0.51562500 0.48437500
vt 0.51562500 0.01562500
vt 0.73437500 0.01562500
vt 0.73437500 0.48437500
vt 0.51562500 0.48437500
vt 0.51562500 0.01562500
vt 0.73437500 0.01562500
vt 0.73437500 0.48437500
vt 0.51562500 0.48437500
vt 0.51562500 0.01562500
vt 0.73437500 0.01562500
vt 0.73437500 0.48437500
vt 0.51562500 0.48437500
vt 0.01562500 0.01562500
vt 0.48437500 0.01562500
vt 0.48437500 0.48437500
vt 0.01562500 0.48437500
vt 0.01562500 0.01562500
vt 0.48437500 0.01562500
vt 0.48437500 0.48437500
vt 0.01562500 0.48437500
vt 0.01562500 0.01562500
vt 0.48437500 0.01562500
vt 0.48437500 0.48437500
vt 0.01562500 0.48437500
vt 0.01562500 0.01562500
vt 0.48437500 0.01562500
vt 0.48437500 0.48437500
vt 0.01562500 0.48437500
vt 0.01562500 0.01562500
vt 0.48437500 0.01562500
vt 0.48437500 0.48437500
vt 0.01562500 0.48437500
vt 0.01562500 0.01562500
vt 0.48437500 0.01562500
vt 0.48437500 0.48437500
vt 0.01562500 0.48437500
vt 0.51562500 0.01562500
vt 0.73437500 0.01562500
vt 0.73437500 0.48437500
vt 0.51562500 0.48437500
vt 0.51562500 0.01562500
vt 0.73437500 0.01562500
vt 0.73437500 0.48437500
vt 0.51562500 0.48437500
vt 0.51562500 0.01562500
vt 0.73437500 0.01562500
vt 0.73437500 0.48437500
vt 0.51562500 0.48437500
vt 0.51562500 0.01562500
vt 0.73437500 0.01562500
vt 0.73437500 0.48437500
vt 0.51562500 0.48437500
vt 0.51562500 0.01562500
vt 0.73437500 0.01562500
vt 0.73437500 0.48437500
vt 0.51562500 0.48437500
vt 0.51562500 0.01562500
vt 0.73437500 0.01562500
vt 0.73437500 0.48437500
vt 0.51562500 0.48437500
vt 0.01562500 0.01562500
vt 0.48437500 0.01562500
vt 0.48437500 0.48437500
vt 0.01562500 0.48437500
vt 0.01562500 0.01562500
vt 0.48437500 0.01562500
vt 0.48437500 0.48437500
vt 0.01562500 0.48437500
vt 0.01562500 0.01562500
vt 0.48437500 0.01562500
vt 0.48437500 0.48437500
vt 0.01562500 0.48437500
vt 0.01562500 0.01562500
vt 0.48437500 0.01562500
vt 0.48437500 0.48437500
vt 0.01562500 0.48437500
vt 0.01562500 0.01562500
vt 0.48437500 0.01562500
vt 0.48437500 0.48437500
vt 0.01562500 0.48437500
vt 0.01562500 0.01562500
vt 0.48437500 0.01562500
vt 0.48437500 0.48437500
vt 0.01562500 0.48437500
vt 0.51562500 0.01562500
vt 0.73437500 0.01562500
vt 0.73437500 0.48437500
vt 0.51562500 0.48437500
vt 0.51562500 0.01562500
vt 0.73437500 0.01562500
vt 0.73437500 0.48437500
vt 0.51562500 0.48437500
vt 0.51562500 0.01562500
vt 0.73437500 0.01562500
vt 0.73437500 0.48437500
vt 0.51562500 0.48437500
vt 0.51562500 0.01562500
vt 0.73437500 0.01562500
vt 0.73437500 0.48437500
vt 0.51562500 0.48437500
vt 0.51562500 0.01562500
vt 0.73437500 0.01562500
vt 0.73437500 0.48437500
vt 0.51562500 0.48437500
vt 0.51562500 0.01562500
vt 0.73437500 0.01562500
vt 0.73437500 0.48437500
vt 0.51562500 0.48437500
vt 0.01562500 0.01562500
vt 0.48437500 0.01562500
vt 0.48437500 0.48437500
vt 0.01562500 0.48437500
vt 0.01562500 0.01562500
vt 0.48437500 0.01562500
vt 0.48437500 0.48437500
vt 0.01562500 0.48437500
vt 0.01562500 0.01562500
vt 0.48437500 0.01562500
vt 0.48437500 0.48437500
vt 0.01562500 0.48437500
vt 0.01562500 0.01562500
vt 0.48437500 0.01562500
vt 0.48437500 0.48437500
vt 0.01562500 0.48437500
vt 0.01562500 0.01562500
vt 0.48437500 0.01562500
vt 0.48437500 0.48437500
vt 0.01562500 0.48437500
vt 0.01562500 0.01562500
vt 0.48437500 0.01562500
vt 0.48437500 0.48437500
vt 0.01562500 0.48437500
vt 0.51562500 0.01562500
vt 0.73437500 0.01562500
vt 0.73437500 0.48437500
vt 0.51562500 0.48437500
vt 0.51562500 0.01562500
vt 0.73437500 0.01562500
vt 0.73437500 0.48437500
vt 0.51562500 0.48437500
vt 0.51562500 0.01562500
vt 0.73437500 0.01562500
vt 0.73437500 0.48437500
vt 0.51562500 0.48437500
vt 0.51562500 0.01562500
vt 0.73437500 0.01562500
vt 0.73437500 0.48437500
vt 0.51562500 0.48437500
vt 0.51562500 0.01562500
vt 0.73437500 0.01562500
vt 0.73437500 0.48437500
vt 0.51562500 0.48437500
vt 0.51562500 0.01562500
vt 0.73437500 0.01562500
vt 0.73437500 0.48437500
vt 0.51562500 0.48437500
vt 0.01562500 0.01562500
vt 0.48437500 0.01562500
vt 0.48437500 0.48437500
vt 0.01562500 0.48437500
vt 0.01562500 0.01562500
vt 0.48437500 0.01562500
vt 0.48437500 0.48437500
vt 0.01562500 0.48437500
vt 0.01562500 0.01562500
vt 0.48437500 0.01562500
vt 0.48437500 0.48437500
vt 0.01562500 0.48437500
vt 0.01562500 0.01562500
vt 0.48437500 0.01562500
vt 0.48437500 0.48437500
vt 0.01562500 0.48437500
vt 0.01562500 0.01562500
vt 0.48437500 0.01562500
vt 0.48437500 0.48437500
vt 0.01562500 0.48437500
vt 0.01562500 0.01562500
vt 0.48437500 0.01562500
vt 0.48437500 0.48437500
vt 0.01562500 0.48437500
vt 0.51562500 0.01562500
vt 0.73437500 0.01562500
vt 0.73437500 0.48437500
vt 0.51562500 0.48437500
vt 0.51562500 0.01562500
vt 0.73437500 0.01562500
vt 0.73437500 0.48437500
vt 0.51562500 0.48437500
vt 0.51562500 0.01562500
vt 0.73437500 0.01562500
vt 0.73437500 0.48437500
vt 0.51562500 0.48437500
vt 0.51562500 0.01562500
vt 0.73437500 0.01562500
vt 0.73437500 0.48437500
vt 0.51562500 0.48437500
vt 0.51562500 0.01562500
vt 0.73437500 0.01562500
vt 0.73437500 0.48437500
vt 0.51562500 0.48437500
vt 0.51562500 0.01562500
vt 0.73437500 0.01562500
vt 0.73437500 0.48437500
vt 0.51562500 0.48437500
vt 0.01562500 0.01562500
vt 0.48437500 0.01562500
vt 0.48437500 0.48437500
vt 0.01562500 0.48437500
vt 0.01562500 0.01562500
vt 0.48437500 0.01562500
vt 0.48437500 0.48437500
vt 0.01562500 0.48437500
vt 0.01562500 0.01562500
vt 0.48437500 0.01562500
vt 0.48437500 0.48437500
vt 0.01562500 0.48437500
vt 0.01562500 0.01562500
vt 0.48437500 0.01562500
vt 0.48437500 0.48437500
vt 0.01562500 0.48437500
vt 0.01562500 0.01562500
vt 0.48437500 0.01562500
vt 0.48437500 0.48437500
vt 0.01562500 0.48437500
vt 0.01562500 0.01562500
vt 0.48437500 0.01562500
vt 0.48437500 0.48437500
vt 0.01562500 0.48437500
vt 0.51562500 0.01562500
vt 0.73437500 0.01562500
vt 0.73437500 0.48437500
vt 0.51562500 0.48437500
vt 0.51562500 0.01562500
vt 0.73437500 0.01562500
vt 0.73437500 0.48437500
vt 0.51562500 0.48437500
vt 0.51562500 0.01562500
vt 0.73437500 0.01562500
vt 0.73437500 0.48437500
vt 0.51562500 0.48437500
vt 0.51562500 0.01562500
vt 0.73437500 0.01562500
vt 0.73437500 0.48437500
vt 0.51562500 0.48437500
vt 0.51562500 0.01562500
vt 0.73437500 0.01562500
vt 0.73437500 0.48437500
vt 0.51562500 0.48437500
vt 0.51562500 0.01562500
vt 0.73437500 0.01562500
vt 0.73437500 0.48437500
vt 0.51562500 0.48437500
vt 0.01562500 0.51562500
vt 0.48437500 0.51562500
vt 0.48437500 0.98437500
vt 0.01562500 0.98437500
vt 0.01562500 0.51562500
vt 0.48437500 0.51562500
vt 0.48437500 0.98437500
vt 0.01562500 0.98437500
vt 0.01562500 0.51562500
vt 0.48437500 0.51562500
vt 0.48437500 0.98437500
vt 0.01562500 0.98437500
vt 0.01562500 0.51562500
vt 0.48437500 0.51562500
vt 0.48437500 0.98437500
vt 0.01562500 0.98437500
vt 0.01562500 0.51562500
vt 0.48437500 0.51562500
vt 0.48437500 0.98437500
vt 0.01562500 0.98437500
vt 0.01562500 0.51562500
vt 0.48437500 0.51562500
vt 0.48437500 0.98437500
vt 0.01562500 0.98437500
vt 0.01562500 0.51562500
vt 0.48437500 0.51562500
vt 0.48437500 0.98437500
vt 0.01562500 0.98437500
vt 0.01562500 0.51562500
vt 0.48437500 0.51562500
vt 0.48437500 0.98437500
vt 0.01562500 0.98437500
vt 0.01562500 0.51562500
vt 0.48437500 0.51562500
vt 0.48437500 0.98437500
vt 0.01562500 0.98437500
vt 0.01562500 0.51562500
vt 0.48437500 0.51562500
vt 0.48437500 0.98437500
vt 0.01562500 0.98437500
vt 0.01562500 0.51562500
vt 0.48437500 0.51562500
vt 0.48437500 0.98437500
vt 0.01562500 0.98437500
vt 0.01562500 0.51562500
vt 0.48437500 0.51562500
vt 0.48437500 0.98437500
vt 0.01562500 0.98437500
vt 0.01562500 0.51562500
vt 0.48437500 0.51562500
vt 0.48437500 0.98437500
vt 0.01562500 0.98437500
vt 0.01562500 0.51562500
vt 0.48437500 0.51562500
vt 0.48437500 0.98437500
vt 0.01562500 0.98437500
vt 0.01562500 0.51562500
vt 0.48437500 0.51562500
vt 0.48437500 0.98437500
vt 0.01562500 0.98437500
vt 0.01562500 0.51562500
vt 0.48437500 0.51562500
vt 0.48437500 0.98437500
vt 0.01562500 0.98437500
vt 0.51562500 0.51562500
vt 0.98437500 0.51562500
vt 0.98437500 0.98437500
vt 0.51562500 0.98437500
vt 0.51562500 0.51562500
vt 0.98437500 0.51562500
vt 0.98437500 0.98437500
vt 0.51562500 0.98437500
vt 0.51562500 0.51562500
vt 0.98437500 0.51562500
vt 0.98437500 0.98437500
vt 0.51562500 0.98437500
vt 0.51562500 0.51562500
vt 0.98437500 0.51562500
vt 0.98437500 0.98437500
vt 0.51562500 0.98437500
vt 0.01562500 0.51562500
vt 0.48437500 0.51562500
vt 0.48437500 0.98437500
vt 0.01562500 0.98437500
vt 0.01562500 0.51562500
vt 0.48437500 0.51562500
vt 0.48437500 0.98437500
vt 0.01562500 0.98437500
vt 0.01562500 0.51562500
vt 0.48437500 0.51562500
vt 0.48437500 0.98437500
vt 0.01562500 0.98437500
vt 0.01562500 0.51562500
vt 0.48437500 0.51562500
vt 0.48437500 0.98437500
vt 0.01562500 0.98437500
vt 0.51562500 0.01562500
vt 0.73437500 0.01562500
vt 0.73437500 0.48437500
vt 0.51562500 0.48437500
vt 0.51562500 0.01562500
vt 0.73437500 0.01562500
vt 0.73437500 0.48437500
vt 0.51562500 0.48437500
vt 0.51562500 0.01562500
vt 0.73437500 0.01562500
vt 0.73437500 0.48437500
vt 0.51562500 0.48437500
vt 0.51562500 0.01562500
vt 0.73437500 0.01562500
vt 0.73437500 0.48437500
vt 0.51562500 0.48437500
vt 0.51562500 0.01562500
vt 0.73437500 0.01562500
vt 0.73437500 0.48437500
vt 0.51562500 0.48437500
vt 0.51562500 0.01562500
vt 0.73437500 0.01562500
vt 0.73437500 0.48437500
vt 0.51562500 0.48437500
vt 0.51562500 0.01562500
vt 0.73437500 0.01562500
vt 0.73437500 0.48437500
vt 0.51562500 0.48437500
vt 0.51562500 0.01562500
vt 0.73437500 0.01562500
vt 0.73437500 0.48437500
vt 0.51562500 0.48437500
vt 0.51562500 0.01562500
vt 0.73437500 0.01562500
vt 0.73437500 0.48437500
vt 0.51562500 0.48437500
vt 0.76562500 0.01562500
vt 0.98437500 0.01562500
vt 0.98437500 0.48437500
vt 0.76562500 0.48437500
vt 0.76562500 0.01562500
vt 0.98437500 0.01562500
vt 0.98437500 0.48437500
vt 0.76562500 0.48437500
vt 0.76562500 0.01562500
vt 0.98437500 0.01562500
vt 0.98437500 0.48437500
vt 0.76562500 0.48437500
vt 0.76562500 0.01562500
vt 0.98437500 0.01562500
vt 0.98437500 0.48437500
vt 0.76562500 0.48437500
vt 0.76562500 0.01562500
vt 0.98437500 0.01562500
vt 0.98437500 0.48437500
vt 0.76562500 0.48437500
vt 0.76562500 0.01562500
vt 0.98437500 0.01562500
vt 0.98437500 0.48437500
vt 0.76562500 0.48437500
vt 0.01562500 0.51562500
vt 0.48437500 0.51562500
vt 0.48437500 0.98437500
vt 0.01562500 0.98437500
vt 0.01562500 0.51562500
vt 0.48437500 0.51562500
vt 0.48437500 0.98437500
vt 0.01562500 0.98437500
vt 0.01562500 0.51562500
vt 0.48437500 0.51562500
vt 0.48437500 0.98437500
vt 0.01562500 0.98437500
vt 0.01562500 0.51562500
vt 0.48437500 0.51562500
vt 0.48437500 0.98437500
vt 0.01562500 0.98437500
vt 0.01562500 0.51562500
vt 0.48437500 0.51562500
vt 0.48437500 0.98437500
vt 0.01562500 0.98437500
vt 0.01562500 0.51562500
vt 0.48437500 0.51562500
vt 0.48437500 0.98437500
vt 0.01562500 0.98437500
vt 0.01562500 0.51562500
vt 0.48437500 0.51562500
vt 0.48437500 0.98437500
vt 0.01562500 0.98437500
vt 0.01562500 0.51562500
vt 0.48437500 0.51562500
vt 0.48437500 0.98437500
vt 0.01562500 0.98437500
vt 0.51562500 0.51562500
vt 0.98437500 0.51562500
vt 0.98437500 0.98437500
vt 0.51562500 0.98437500
vt 0.51562500 0.51562500
vt 0.98437500 0.51562500
vt 0.98437500 0.98437500
vt 0.51562500 0.98437500
vt 0.51562500 0.51562500
vt 0.98437500 0.51562500
vt 0.98437500 0.98437500
vt 0.51562500 0.98437500
vt 0.51562500 0.51562500
vt 0.98437500 0.51562500
vt 0.98437500 0.98437500
vt 0.51562500 0.98437500
vt 0.01562500 0.51562500
vt 0.48437500 0.51562500
vt 0.48437500 0.98437500
vt 0.01562500 0.98437500
vt 0.01562500 0.51562500
vt 0.48437500 0.51562500
vt 0.48437500 0.98437500
vt 0.01562500 0.98437500
vt 0.01562500 0.51562500
vt 0.48437500 0.51562500
vt 0.48437500 0.98437500
vt 0.01562500 0.98437500
vt 0.01562500 0.51562500
vt 0.48437500 0.51562500
vt 0.48437500 0.98437500
vt 0.01562500 0.98437500
vt 0.51562500 0.01562500
vt 0.73437500 0.01562500
vt 0.73437500 0.48437500
vt 0.51562500 0.48437500
vt 0.51562500 0.01562500
vt 0.73437500 0.01562500
vt 0.73437500 0.48437500
vt 0.51562500 0.48437500
vt 0.51562500 0.01562500
vt 0.73437500 0.01562500
vt 0.73437500 0.48437500
vt 0.51562500 0.48437500
vt 0.51562500 0.01562500
vt 0.73437500 0.01562500
vt 0.73437500 0.48437500
vt 0.51562500 0.48437500
vt 0.51562500 0.01562500
vt 0.73437500 0.01562500
vt 0.73437500 0.48437500
vt 0.51562500 0.48437500
vt 0.51562500 0.01562500
vt 0.73437500 0.01562500
vt 0.73437500 0.48437500
vt 0.51562500 0.48437500
vt 0.51562500 0.01562500
vt 0.73437500 0.01562500
vt 0.73437500 0.48437500
vt 0.51562500 0.48437500
vt 0.51562500 0.01562500
vt 0.73437500 0.01562500
vt 0.73437500 0.48437500
vt 0.51562500 0.48437500
vt 0.51562500 0.01562500
vt 0.73437500 0.01562500
vt 0.73437500 0.48437500
vt 0.51562500 0.48437500
vt 0.76562500 0.01562500
vt 0.98437500 0.01562500
vt 0.98437500 0.48437500
vt 0.76562500 0.48437500
vt 0.76562500 0.01562500
vt 0.98437500 0.01562500
vt 0.98437500 0.48437500
vt 0.76562500 0.48437500
vt 0.76562500 0.01562500
vt 0.98437500 0.01562500
vt 0.98437500 0.48437500
vt 0.76562500 0.48437500
vt 0.76562500 0.01562500
vt 0.98437500 0.01562500
vt 0.98437500 0.48437500
vt 0.76562500 0.48437500
vt 0.76562500 0.01562500
vt 0.98437500 0.01562500
vt 0.98437500 0.48437500
vt 0.76562500 0.48437500
vt 0.76562500 0.01562500
vt 0.98437500 0.01562500
vt 0.98437500 0.48437500
vt 0.76562500 0.48437500
vt 0.01562500 0.51562500
vt 0.48437500 0.51562500
vt 0.48437500 0.98437500
vt 0.01562500 0.98437500
vt 0.01562500 0.51562500
vt 0.48437500 0.51562500
vt 0.48437500 0.98437500
vt 0.01562500 0.98437500
vt 0.01562500 0.51562500
vt 0.48437500 0.51562500
vt 0.48437500 0.98437500
vt 0.01562500 0.98437500
vt 0.01562500 0.51562500
vt 0.48437500 0.51562500
vt 0.48437500 0.98437500
vt 0.01562500 0.98437500
vt 0.01562500 0.51562500
vt 0.48437500 0.51562500
vt 0.48437500 0.98437500
vt 0.01562500 0.98437500
vt 0.01562500 0.51562500
vt 0.48437500 0.51562500
vt 0.48437500 0.98437500
vt 0.01562500 0.98437500
vt 0.01562500 0.51562500
vt 0.48437500 0.51562500
vt 0.48437500 0.98437500
vt 0.01562500 0.98437500
vt 0.01562500 0.51562500
vt 0.48437500 0.51562500
vt 0.48437500 0.98437500
vt 0.01562500 0.98437500
vt 0.01562500 0.51562500
vt 0.48437500 0.51562500
vt 0.48437500 0.98437500
vt 0.01562500 0.98437500
vt 0.01562500 0.51562500
vt 0.48437500 0.51562500
vt 0.48437500 0.98437500
vt 0.01562500 0.98437500
vt 0.01562500 0.51562500
vt 0.48437500 0.51562500
vt 0.48437500 0.98437500
vt 0.01562500 0.98437500
vt 0.01562500 0.51562500
vt 0.48437500 0.51562500
vt 0.48437500 0.98437500
vt 0.01562500 0.98437500
vt 0.51562500 0.51562500
vt 0.98437500 0.51562500
vt 0.98437500 0.98437500
vt 0.51562500 0.98437500
vt 0.51562500 0.51562500
vt 0.98437500 0.51562500
vt 0.98437500 0.98437500
vt 0.51562500 0.98437500
vt 0.51562500 0.51562500
vt 0.98437500 0.51562500
vt 0.98437500 0.98437500
vt 0.51562500 0.98437500
vt 0.51562500 0.51562500
vt 0.98437500 0.51562500
vt 0.98437500 0.98437500
vt 0.51562500 0.98437500
vt 0.01562500 0.51562500
vt 0.48437500 0.51562500
vt 0.48437500 0.98437500
vt 0.01562500 0.98437500
vt 0.01562500 0.51562500
vt 0.48437500 0.51562500
vt 0.48437500 0.98437500
vt 0.01562500 0.98437500
vt 0.01562500 0.51562500
vt 0.48437500 0.51562500
vt 0.48437500 0.98437500
vt 0.01562500 0.98437500
vt 0.01562500 0.51562500
vt 0.48437500 0.51562500
vt 0.48437500 0.98437500
vt 0.01562500 0.98437500
vt 0.51562500 0.01562500
vt 0.73437500 0.01562500
vt 0.73437500 0.48437500
vt 0.51562500 0.48437500
vt 0.51562500 0.01562500
vt 0.73437500 0.01562500
vt 0.73437500 0.48437500
vt 0.51562500 0.48437500
vt 0.51562500 0.01562500
vt 0.73437500 0.01562500
vt 0.73437500 0.48437500
vt 0.51562500 0.48437500
vt 0.51562500 0.01562500
vt 0.73437500 0.01562500
vt 0.73437500 0.48437500
vt 0.51562500 0.48437500
vt 0.51562500 0.01562500
vt 0.73437500 0.01562500
vt 0.73437500 0.48437500
vt 0.51562500 0.48437500
vt 0.51562500 0.01562500
vt 0.73437500 0.01562500
vt 0.73437500 0.48437500
vt 0.51562500 0.48437500
vt 0.51562500 0.01562500
vt 0.73437500 0.01562500
vt 0.73437500 0.48437500
vt 0.51562500 0.48437500
vt 0.51562500 0.01562500
vt 0.73437500 0.01562500
vt 0.73437500 0.48437500
vt 0.51562500 0.48437500
vt 0.51562500 0.01562500
vt 0.73437500 0.01562500
vt 0.73437500 0.48437500
vt 0.51562500 0.48437500
vt 0.76562500 0.01562500
vt 0.98437500 0.01562500
vt 0.98437500 0.48437500
vt 0.76562500 0.48437500
vt 0.76562500 0.01562500
vt 0.98437500 0.01562500
vt 0.98437500 0.48437500
vt 0.76562500 0.48437500
vt 0.76562500 0.01562500
vt 0.98437500 0.01562500
vt 0.98437500 0.48437500
vt 0.76562500 0.48437500
vt 0.76562500 0.01562500
vt 0.98437500 0.01562500
vt 0.98437500 0.48437500
vt 0.76562500 0.48437500
vt 0.76562500 0.01562500
vt 0.98437500 0.01562500
vt 0.98437500 0.48437500
vt 0.76562500 0.48437500
vt 0.76562500 0.01562500
vt 0.98437500 0.01562500
vt 0.98437500 0.48437500
vt 0.76562500 0.48437500
vt 0.01562500 0.51562500
vt 0.48437500 0.51562500
vt 0.48437500 0.98437500
vt 0.01562500 0.98437500
vt 0.01562500 0.51562500
vt 0.48437500 0.51562500
vt 0.48437500 0.98437500
vt 0.01562500 0.98437500
vt 0.01562500 0.51562500
vt 0.48437500 0.51562500
vt 0.48437500 0.98437500
vt 0.01562500 0.98437500
vt 0.01562500 0.51562500
vt 0.48437500 0.51562500
vt 0.48437500 0.98437500
vt 0.01562500 0.98437500
vt 0.01562500 0.51562500
vt 0.48437500 0.51562500
vt 0.48437500 0.98437500
vt 0.01562500 0.98437500
vt 0.01562500 0.51562500
vt 0.48437500 0.51562500
vt 0.48437500 0.98437500
vt 0.01562500 0.98437500
vt 0.01562500 0.51562500
vt 0.48437500 0.51562500
vt 0.48437500 0.98437500
vt 0.01562500 0.98437500
vt 0.01562500 0.51562500
vt 0.48437500 0.51562500
vt 0.48437500 0.98437500
vt 0.01562500 0.98437500
vt 0.01562500 0.51562500
vt 0.48437500 0.51562500
vt 0.48437500 0.98437500
vt 0.01562500 0.98437500
vt 0.01562500 0.51562500
vt 0.48437500 0.51562500
vt 0.48437500 0.98437500
vt 0.01562500 0.98437500
vt 0.01562500 0.51562500
vt 0.48437500 0.51562500
vt 0.48437500 0.98437500
vt 0.01562500 0.98437500
vt 0.01562500 0.51562500
vt 0.48437500 0.51562500
vt 0.48437500 0.98437500
vt 0.01562500 0.98437500
vt 0.51562500 0.51562500
vt 0.98437500 0.51562500
vt 0.98437500 0.98437500
vt 0.51562500 0.98437500
vt 0.51562500 0.51562500
vt 0.98437500 0.51562500
vt 0.98437500 0.98437500
vt 0.51562500 0.98437500
vt 0.51562500 0.51562500
vt 0.98437500 0.51562500
vt 0.98437500 0.98437500
vt 0.51562500 0.98437500
vt 0.51562500 0.51562500
vt 0.98437500 0.51562500
vt 0.98437500 0.98437500
vt 0.51562500 0.98437500
vt 0.01562500 0.51562500
vt 0.48437500 0.51562500
vt 0.48437500 0.98437500
vt 0.01562500 0.98437500
vt 0.01562500 0.51562500
vt 0.48437500 0.51562500
vt 0.48437500 0.98437500
vt 0.01562500 0.98437500
vt 0.01562500 0.51562500
vt 0.48437500 0.51562500
vt 0.48437500 0.98437500
vt 0.01562500 0.98437500
vt 0.01562500 0.51562500
vt 0.48437500 0.51562500
vt 0.48437500 0.98437500
vt 0.01562500 0.98437500
vt 0.51562500 0.01562500
vt 0.73437500 0.01562500
vt 0.73437500 0.48437500
vt 0.51562500 0.48437500
vt 0.51562500 0.01562500
vt 0.73437500 0.01562500
vt 0.73437500 0.48437500
vt 0.51562500 0.48437500
vt 0.51562500 0.01562500
vt 0.73437500 0.01562500
vt 0.73437500 0.48437500
vt 0.51562500 0.48437500
vt 0.51562500 0.01562500
vt 0.73437500 0.01562500
vt 0.73437500 0.48437500
vt 0.51562500 0.48437500
vt 0.51562500 0.01562500
vt 0.73437500 0.01562500
vt 0.73437500 0.48437500
vt 0.51562500 0.48437500
vt 0.51562500 0.01562500
vt 0.73437500 0.01562500
vt 0.73437500 0.48437500
vt 0.51562500 0.48437500
vt 0.51562500 0.01562500
vt 0.73437500 0.01562500
vt 0.73437500 0.48437500
vt 0.51562500 0.48437500
vt 0.51562500 0.01562500
vt 0.73437500 0.01562500
vt 0.73437500 0.48437500
vt 0.51562500 0.48437500
vt 0.51562500 0.01562500
vt 0.73437500 0.01562500
vt 0.73437500 0.48437500
vt 0.51562500 0.48437500
vt 0.76562500 0.01562500
vt 0.98437500 0.01562500
vt 0.98437500 0.48437500
vt 0.76562500 0.48437500
vt 0.76562500 0.01562500
vt 0.98437500 0.01562500
vt 0.98437500 0.48437500
vt 0.76562500 0.48437500
vt 0.76562500 0.01562500
vt 0.98437500 0.01562500
vt 0.98437500 0.48437500
vt 0.76562500 0.48437500
vt 0.76562500 0.01562500
vt 0.98437500 0.01562500
vt 0.98437500 0.48437500
vt 0.76562500 0.48437500
vt 0.76562500 0.01562500
vt 0.98437500 0.01562500
vt 0.98437500 0.48437500
vt 0.76562500 0.48437500
vt 0.76562500 0.01562500
vt 0.98437500 0.01562500
vt 0.98437500 0.48437500
vt 0.76562500 0.48437500
vt 0.01562500 0.51562500
vt 0.48437500 0.51562500
vt 0.48437500 0.98437500
vt 0.01562500 0.98437500
vt 0.01562500 0.51562500
vt 0.48437500 0.51562500
vt 0.48437500 0.98437500
vt 0.01562500 0.98437500
vt 0.01562500 0.51562500
vt 0.48437500 0.51562500
vt 0.48437500 0.98437500
vt 0.01562500 0.98437500
vt 0.01562500 0.51562500
vt 0.48437500 0.51562500
vt 0.48437500 0.98437500
vt 0.01562500 0.98437500
vt 0.01562500 0.51562500
vt 0.48437500 0.51562500
vt 0.48437500 0.98437500
vt 0.01562500 0.98437500
vt 0.01562500 0.51562500
vt 0.48437500 0.51562500
vt 0.48437500 0.98437500
vt 0.01562500 0.98437500
vt 0.01562500 0.51562500
vt 0.48437500 0.51562500
vt 0.48437500 0.98437500
vt 0.01562500 0.98437500
vt 0.01562500 0.51562500
vt 0.48437500 0.51562500
vt 0.48437500 0.98437500
vt 0.01562500 0.98437500
vt 0.51562500 0.51562500
vt 0.98437500 0.51562500
vt 0.98437500 0.98437500
vt 0.51562500 0.98437500
vt 0.51562500 0.51562500
vt 0.98437500 0.51562500
vt 0.98437500 0.98437500
vt 0.51562500 0.98437500
vt 0.51562500 0.51562500
vt 0.98437500 0.51562500
vt 0.98437500 0.98437500
vt 0.51562500 0.98437500
vt 0.51562500 0.51562500
vt 0.98437500 0.51562500
vt 0.98437500 0.98437500
vt 0.51562500 0.98437500
vt 0.01562500 0.51562500
vt 0.48437500 0.51562500
vt 0.48437500 0.98437500
vt 0.01562500 0.98437500
vt 0.01562500 0.51562500
vt 0.48437500 0.51562500
vt 0.48437500 0.98437500
vt 0.01562500 0.98437500
vt 0.01562500 0.51562500
vt 0.48437500 0.51562500
vt 0.48437500 0.98437500
vt 0.01562500 0.98437500
vt 0.01562500 0.51562500
vt 0.48437500 0.51562500
vt 0.48437500 0.98437500
vt 0.01562500 0.98437500
vt 0.51562500 0.01562500
vt 0.73437500 0.01562500
vt 0.73437500 0.48437500
vt 0.51562500 0.48437500
vt 0.51562500 0.01562500
vt 0.73437500 0.01562500
vt 0.73437500 0.48437500
vt 0.51562500 0.48437500
vt 0.51562500 0.01562500
vt 0.73437500 0.01562500
vt 0.73437500 0.48437500
vt 0.51562500 0.48437500
vt 0.51562500 0.01562500
vt 0.73437500 0.01562500
vt 0.73437500 0.48437500
vt 0.51562500 0.48437500
vt 0.51562500 0.01562500
vt 0.73437500 0.01562500
vt 0.73437500 0.48437500
vt 0.51562500 0.48437500
vt 0.51562500 0.01562500
vt 0.73437500 0.01562500
vt 0.73437500 0.48437500
vt 0.51562500 0.48437500
vt 0.51562500 0.01562500
vt 0.73437500 0.01562500
vt 0.73437500 0.48437500
vt 0.51562500 0.48437500
vt 0.51562500 0.01562500
vt 0.73437500 0.01562500
vt 0.73437500 0.48437500
vt 0.51562500 0.48437500
vt 0.51562500 0.01562500
vt 0.73437500 0.01562500
vt 0.73437500 0.48437500
vt 0.51562500 0.48437500
vt 0.76562500 0.01562500
vt 0.98437500 0.01562500
vt 0.98437500 0.48437500
vt 0.76562500 0.48437500
vt 0.76562500 0.01562500
vt 0.98437500 0.01562500
vt 0.98437500 0.48437500
vt 0.76562500 0.48437500
vt 0.76562500 0.01562500
vt 0.98437500 0.01562500
vt 0.98437500 0.48437500
vt 0.76562500 0.48437500
vt 0.76562500 0.01562500
vt 0.98437500 0.01562500
vt 0.98437500 0.48437500
vt 0.76562500 0.48437500
vt 0.76562500 0.01562500
vt 0.98437500 0.01562500
vt 0.98437500 0.48437500
vt 0.76562500 0.48437500
vt 0.76562500 0.01562500
vt 0.98437500 0.01562500
vt 0.98437500 0.48437500
vt 0.76562500 0.48437500
vt 0.01562500 0.51562500
vt 0.48437500 0.51562500
vt 0.48437500 0.98437500
vt 0.01562500 0.98437500
vt 0.01562500 0.51562500
vt 0.48437500 0.51562500
vt 0.48437500 0.98437500
vt 0.01562500 0.98437500
vt 0.01562500 0.51562500
vt 0.48437500 0.51562500
vt 0.48437500 0.98437500
vt 0.01562500 0.98437500
vt 0.01562500 0.51562500
vt 0.48437500 0.51562500
vt 0.48437500 0.98437500
vt 0.01562500 0.98437500
vt 0.01562500 0.51562500
vt 0.48437500 0.51562500
vt 0.48437500 0.98437500
vt 0.01562500 0.98437500
vt 0.01562500 0.51562500
vt 0.48437500 0.51562500
vt 0.48437500 0.98437500
vt 0.01562500 0.98437500
vt 0.01562500 0.51562500
vt 0.48437500 0.51562500
vt 0.48437500 0.98437500
vt 0.01562500 0.98437500
vt 0.01562500 0.51562500
vt 0.48437500 0.51562500
vt 0.48437500 0.98437500
vt 0.01562500 0.98437500
vt 0.51562500 0.51562500
vt 0.98437500 0.51562500
vt 0.98437500 0.98437500
vt 0.51562500 0.98437500
vt 0.51562500 0.51562500
vt 0.98437500 0.51562500
vt 0.98437500 0.98437500
vt 0.51562500 0.98437500
vt 0.51562500 0.51562500
vt 0.98437500 0.51562500
vt 0.98437500 0.98437500
vt 0.51562500 0.98437500
vt 0.51562500 0.51562500
vt 0.98437500 0.51562500
vt 0.98437500 0.98437500
vt 0.51562500 0.98437500
vt 0.01562500 0.51562500
vt 0.48437500 0.51562500
vt 0.48437500 0.98437500
vt 0.01562500 0.98437500
vt 0.01562500 0.51562500
vt 0.48437500 0.51562500
vt 0.48437500 0.98437500
vt 0.01562500 0.98437500
vt 0.01562500 0.51562500
vt 0.48437500 0.51562500
vt 0.48437500 0.98437500
vt 0.01562500 0.98437500
vt 0.01562500 0.51562500
vt 0.48437500 0.51562500
vt 0.48437500 0.98437500
vt 0.01562500 0.98437500
vt 0.51562500 0.01562500
vt 0.73437500 0.01562500
vt 0.73437500 0.48437500
vt 0.51562500 0.48437500
vt 0.51562500 0.01562500
vt 0.73437500 0.01562500
vt 0.73437500 0.48437500
vt 0.51562500 0.48437500
vt 0.51562500 0.01562500
vt 0.73437500 0.01562500
vt 0.73437500 0.48437500
vt 0.51562500 0.48437500
vt 0.51562500 0.01562500
vt 0.73437500 0.01562500
vt 0.73437500 0.48437500
vt 0.51562500 0.48437500
vt 0.51562500 0.01562500
vt 0.73437500 0.01562500
vt 0.73437500 0.48437500
vt 0.51562500 0.48437500
vt 0.51562500 0.01562500
vt 0.73437500 0.01562500
vt 0.73437500 0.48437500
vt 0.51562500 0.48437500
vt 0.51562500 0.01562500
vt 0.73437500 0.01562500
vt 0.73437500 0.48437500
vt 0.51562500 0.48437500
vt 0.51562500 0.01562500
vt 0.73437500 0.01562500
vt 0.73437500 0.48437500
vt 0.51562500 0.48437500
vt 0.51562500 0.01562500
vt 0.73437500 0.01562500
vt 0.73437500 0.48437500
vt 0.51562500 0.48437500
vt 0.76562500 0.01562500
vt 0.98437500 0.01562500
vt 0.98437500 0.48437500
vt 0.76562500 0.48437500
vt 0.76562500 0.01562500
vt 0.98437500 0.01562500
vt 0.98437500 0.48437500
vt 0.76562500 0.48437500
vt 0.76562500 0.01562500
vt 0.98437500 0.01562500
vt 0.98437500 0.48437500
vt 0.76562500 0.48437500
vt 0.76562500 0.01562500
vt 0.98437500 0.01562500
vt 0.98437500 0.48437500
vt 0.76562500 0.48437500
vt 0.76562500 0.01562500
vt 0.98437500 0.01562500
vt 0.98437500 0.48437500
vt 0.76562500 0.48437500
vt 0.76562500 0.01562500
vt 0.98437500 0.01562500
vt 0.98437500 0.48437500
vt 0.76562500 0.48437500
vt 0.01562500 0.51562500
vt 0.48437500 0.51562500
vt 0.48437500 0.98437500
vt 0.01562500 0.98437500
vt 0.01562500 0.51562500
vt 0.48437500 0.51562500
vt 0.48437500 0.98437500
vt 0.01562500 0.98437500
vt 0.01562500 0.51562500
vt 0.48437500 0.51562500
vt 0.48437500 0.98437500
vt 0.01562500 0.98437500
vt 0.01562500 0.51562500
vt 0.48437500 0.51562500
vt 0.48437500 0.98437500
vt 0.01562500 0.98437500
vt 0.01562500 0.51562500
vt 0.48437500 0.51562500
vt 0.48437500 0.98437500
vt 0.01562500 0.98437500
vt 0.01562500 0.51562500
vt 0.48437500 0.51562500
vt 0.48437500 0.98437500
vt 0.01562500 0.98437500
vt 0.01562500 0.51562500
vt 0.48437500 0.51562500
vt 0.48437500 0.98437500
vt 0.01562500 0.98437500
vt 0.01562500 0.51562500
vt 0.48437500 0.51562500
vt 0.48437500 0.98437500
vt 0.01562500 0.98437500
vt 0.01562500 0.51562500
vt 0.48437500 0.51562500
vt 0.48437500 0.98437500
vt 0.01562500 0.98437500
vt 0.01562500 0.51562500
vt 0.48437500 0.51562500
vt 0.48437500 0.98437500
vt 0.01562500 0.98437500
vt 0.01562500 0.51562500
vt 0.48437500 0.51562500
vt 0.48437500 0.98437500
vt 0.01562500 0.98437500
vt 0.01562500 0.51562500
vt 0.48437500 0.51562500
vt 0.48437500 0.98437500
vt 0.01562500 0.98437500
vt 0.51562500 0.51562500
vt 0.98437500 0.51562500
vt 0.98437500 0.98437500
vt 0.51562500 0.98437500
vt 0.51562500 0.51562500
vt 0.98437500 0.51562500
vt 0.98437500 0.98437500
vt 0.51562500 0.98437500
vt 0.51562500 0.51562500
vt 0.98437500 0.51562500
vt 0.98437500 0.98437500
vt 0.51562500 0.98437500
vt 0.51562500 0.51562500
vt 0.98437500 0.51562500
vt 0.98437500 0.98437500
vt 0.51562500 0.98437500
vt 0.01562500 0.51562500
vt 0.48437500 0.51562500
vt 0.48437500 0.98437500
vt 0.01562500 0.98437500
vt 0.01562500 0.51562500
vt 0.48437500 0.51562500
vt 0.48437500 0.98437500
vt 0.01562500 0.98437500
vt 0.01562500 0.51562500
vt 0.48437500 0.51562500
vt 0.48437500 0.98437500
vt 0.01562500 0.98437500
vt 0.01562500 0.51562500
vt 0.48437500 0.51562500
vt 0.48437500 0.98437500
vt 0.01562500 0.98437500
vt 0.51562500 0.01562500
vt 0.73437500 0.01562500
vt 0.73437500 0.48437500
vt 0.51562500 0.48437500
vt 0.51562500 0.01562500
vt 0.73437500 0.01562500
vt 0.73437500 0.48437500
vt 0.51562500 0.48437500
vt 0.51562500 0.01562500
vt 0.73437500 0.01562500
vt 0.73437500 0.48437500
vt 0.51562500 0.48437500
vt 0.51562500 0.01562500
vt 0.73437500 0.01562500
vt 0.73437500 0.48437500
vt 0.51562500 0.48437500
vt 0.51562500 0.01562500
vt 0.73437500 0.01562500
vt 0.73437500 0.48437500
vt 0.51562500 0.48437500
vt 0.51562500 0.01562500
vt 0.73437500 0.01562500
vt 0.73437500 0.48437500
vt 0.51562500 0.48437500
vt 0.51562500 0.01562500
vt 0.73437500 0.01562500
vt 0.73437500 0.48437500
vt 0.51562500 0.48437500
vt 0.51562500 0.01562500
vt 0.73437500 0.01562500
vt 0.73437500 0.48437500
vt 0.51562500 0.48437500
vt 0.51562500 0.01562500
vt 0.73437500 0.01562500
vt 0.73437500 0.48437500
vt 0.51562500 0.48437500
vt 0.76562500 0.01562500
vt 0.98437500 0.01562500
vt 0.98437500 0.48437500
vt 0.76562500 0.48437500
vt 0.76562500 0.01562500
vt 0.98437500 0.01562500
vt 0.98437500 0.48437500
vt 0.76562500 0.48437500
vt 0.76562500 0.01562500
vt 0.98437500 0.01562500
vt 0.98437500 0.48437500
vt 0.76562500 0.48437500
vt 0.76562500 0.01562500
vt 0.98437500 0.01562500
vt 0.98437500 0.48437500
vt 0.76562500 0.48437500
vt 0.76562500 0.01562500
vt 0.98437500 0.01562500
vt 0.98437500 0.48437500
vt 0.76562500 0.48437500
vt 0.76562500 0.01562500
vt 0.98437500 0.01562500
vt 0.98437500 0.48437500
vt 0.76562500 0.48437500
vt 0.01562500 0.51562500
vt 0.48437500 0.51562500
vt 0.48437500 0.98437500
vt 0.01562500 0.98437500
vt 0.01562500 0.51562500
vt 0.48437500 0.51562500
vt 0.48437500 0.98437500
vt 0.01562500 0.98437500
vt 0.01562500 0.51562500
vt 0.48437500 0.51562500
vt 0.48437500 0.98437500
vt 0.01562500 0.98437500
vt 0.01562500 0.51562500
vt 0.48437500 0.51562500
vt 0.48437500 0.98437500
vt 0.01562500 0.98437500
vt 0.01562500 0.51562500
vt 0.48437500 0.51562500
vt 0.48437500 0.98437500
vt 0.01562500 0.98437500
vt 0.01562500 0.51562500
vt 0.48437500 0.51562500
vt 0.48437500 0.98437500
vt 0.01562500 0.98437500
vt 0.01562500 0.51562500
vt 0.48437500 0.51562500
vt 0.48437500 0.98437500
vt 0.01562500 0.98437500
vt 0.01562500 0.51562500
vt 0.48437500 0.51562500
vt 0.48437500 0.98437500
vt 0.01562500 0.98437500
vt 0.01562500 0.51562500
vt 0.48437500 0.51562500
vt 0.48437500 0.98437500
vt 0.01562500 0.98437500
vt 0.01562500 0.51562500
vt 0.48437500 0.51562500
vt 0.48437500 0.98437500
vt 0.01562500 0.98437500
vt 0.01562500 0.51562500
vt 0.48437500 0.51562500
vt 0.48437500 0.98437500
vt 0.01562500 0.98437500
vt 0.01562500 0.51562500
vt 0.48437500 0.51562500
vt 0.48437500 0.98437500
vt 0.01562500 0.98437500
vt 0.51562500 0.51562500
vt 0.98437500 0.51562500
vt 0.98437500 0.98437500
vt 0.51562500 0.98437500
vt 0.51562500 0.51562500
vt 0.98437500 0.51562500
vt 0.98437500 0.98437500
vt 0.51562500 0.98437500
vt 0.51562500 0.51562500
vt 0.98437500 0.51562500
vt 0.98437500 0.98437500
vt 0.51562500 0.98437500
vt 0.51562500 0.51562500
vt 0.98437500 0.51562500
vt 0.98437500 0.98437500
vt 0.51562500 0.98437500
vt 0.01562500 0.51562500
vt 0.48437500 0.51562500
vt 0.48437500 0.98437500
vt 0.01562500 0.98437500
vt 0.01562500 0.51562500
vt 0.48437500 0.51562500
vt 0.48437500 0.98437500
vt 0.01562500 0.98437500
vt 0.01562500 0.51562500
vt 0.48437500 0.51562500
vt 0.48437500 0.98437500
vt 0.01562500 0.98437500
vt 0.01562500 0.51562500
vt 0.48437500 0.51562500
vt 0.48437500 0.98437500
vt 0.01562500 0.98437500
vt 0.51562500 0.01562500
vt 0.73437500 0.01562500
vt 0.73437500 0.48437500
vt 0.51562500 0.48437500
vt 0.51562500 0.01562500
vt 0.73437500 0.01562500
vt 0.73437500 0.48437500
vt 0.51562500 0.48437500
vt 0.51562500 0.01562500
vt 0.73437500 0.01562500
vt 0.73437500 0.48437500
vt 0.51562500 0.48437500
vt 0.51562500 0.01562500
vt 0.73437500 0.01562500
vt 0.73437500 0.48437500
vt 0.51562500 0.48437500
vt 0.51562500 0.01562500
vt 0.73437500 0.01562500
vt 0.73437500 0.48437500
vt 0.51562500 0.48437500
vt 0.51562500 0.01562500
vt 0.73437500 0.01562500
vt 0.73437500 0.48437500
vt 0.51562500 0.48437500
vt 0.51562500 0.01562500
vt 0.73437500 0.01562500
vt 0.73437500 0.48437500
vt 0.51562500 0.48437500
vt 0.51562500 0.01562500
vt 0.73437500 0.01562500
vt 0.73437500 0.48437500
vt 0.51562500 0.48437500
vt 0.51562500 0.01562500
vt 0.73437500 0.01562500
vt 0.73437500 0.48437500
vt 0.51562500 0.48437500
vt 0.76562500 0.01562500
vt 0.98437500 0.01562500
vt 0.98437500 0.48437500
vt 0.76562500 0.48437500
vt 0.76562500 0.01562500
vt 0.98437500 0.01562500
vt 0.98437500 0.48437500
vt 0.76562500 0.48437500
vt 0.76562500 0.01562500
vt 0.98437500 0.01562500
vt 0.98437500 0.48437500
vt 0.76562500 0.48437500
vt 0.76562500 0.01562500
vt 0.98437500 0.01562500
vt 0.98437500 0.48437500
vt 0.76562500 0.48437500
vt 0.76562500 0.01562500
vt 0.98437500 0.01562500
vt 0.98437500 0.48437500
vt 0.76562500 0.48437500
vt 0.76562500 0.01562500
vt 0.98437500 0.01562500
vt 0.98437500 0.48437500
vt 0.76562500 0.48437500
vt 0.01562500 0.51562500
vt 0.48437500 0.51562500
vt 0.48437500 0.98437500
vt 0.01562500 0.98437500
vt 0.01562500 0.51562500
vt 0.48437500 0.51562500
vt 0.48437500 0.98437500
vt 0.01562500 0.98437500
vt 0.01562500 0.51562500
vt 0.48437500 0.51562500
vt 0.48437500 0.98437500
vt 0.01562500 0.98437500
vt 0.01562500 0.51562500
vt 0.48437500 0.51562500
vt 0.48437500 0.98437500
vt 0.01562500 0.98437500
vt 0.01562500 0.51562500
vt 0.48437500 0.51562500
vt 0.48437500 0.98437500
vt 0.01562500 0.98437500
vt 0.01562500 0.51562500
vt 0.48437500 0.51562500
vt 0.48437500 0.98437500
vt 0.01562500 0.98437500
vt 0.01562500 0.51562500
vt 0.48437500 0.51562500
vt 0.48437500 0.98437500
vt 0.01562500 0.98437500
vt 0.01562500 0.51562500
vt 0.48437500 0.51562500
vt 0.48437500 0.98437500
vt 0.01562500 0.98437500
vt 0.01562500 0.51562500
vt 0.48437500 0.51562500
vt 0.48437500 0.98437500
vt 0.01562500 0.98437500
vt 0.01562500 0.51562500
vt 0.48437500 0.51562500
vt 0.48437500 0.98437500
vt 0.01562500 0.98437500
vt 0.01562500 0.51562500
vt 0.48437500 0.51562500
vt 0.48437500 0.98437500
vt 0.01562500 0.98437500
vt 0.01562500 0.51562500
vt 0.48437500 0.51562500
vt 0.48437500 0.98437500
vt 0.01562500 0.98437500
vt 0.51562500 0.51562500
vt 0.98437500 0.51562500
vt 0.98437500 0.98437500
vt 0.51562500 0.98437500
vt 0.51562500 0.51562500
vt 0.98437500 0.51562500
vt 0.98437500 0.98437500
vt 0.51562500 0.98437500
vt 0.51562500 0.51562500
vt 0.98437500 0.51562500
vt 0.98437500 0.98437500
vt 0.51562500 0.98437500
vt 0.51562500 0.51562500
vt 0.98437500 0.51562500
vt 0.98437500 0.98437500
vt 0.51562500 0.98437500
vt 0.01562500 0.51562500
vt 0.48437500 0.51562500
vt 0.48437500 0.98437500
vt 0.01562500 0.98437500
vt 0.01562500 0.51562500
vt 0.48437500 0.51562500
vt 0.48437500 0.98437500
vt 0.01562500 0.98437500
vt 0.01562500 0.51562500
vt 0.48437500 0.51562500
vt 0.48437500 0.98437500
vt 0.01562500 0.98437500
vt 0.01562500 0.51562500
vt 0.48437500 0.51562500
vt 0.48437500 0.98437500
vt 0.01562500 0.98437500
vt 0.51562500 0.01562500
vt 0.73437500 0.01562500
vt 0.73437500 0.48437500
vt 0.51562500 0.48437500
vt 0.51562500 0.01562500
vt 0.73437500 0.01562500
vt 0.73437500 0.48437500
vt 0.51562500 0.48437500
vt 0.51562500 0.01562500
vt 0.73437500 0.01562500
vt 0.73437500 0.48437500
vt 0.51562500 0.48437500
vt 0.51562500 0.01562500
vt 0.73437500 0.01562500
vt 0.73437500 0.48437500
vt 0.51562500 0.48437500
vt 0.51562500 0.01562500
vt 0.73437500 0.01562500
vt 0.73437500 0.48437500
vt 0.51562500 0.48437500
vt 0.51562500 0.01562500
vt 0.73437500 0.01562500
vt 0.73437500 0.48437500
vt 0.51562500 0.48437500
vt 0.51562500 0.01562500
vt 0.73437500 0.01562500
vt 0.73437500 0.48437500
vt 0.51562500 0.48437500
vt 0.51562500 0.01562500
vt 0.73437500 0.01562500
vt 0.73437500 0.48437500
vt 0.51562500 0.48437500
vt 0.51562500 0.01562500
vt 0.73437500 0.01562500
vt 0.73437500 0.48437500
vt 0.51562500 0.48437500
vt 0.76562500 0.01562500
vt 0.98437500 0.01562500
vt 0.98437500 0.48437500
vt 0.76562500 0.48437500
vt 0.76562500 0.01562500
vt 0.98437500 0.01562500
vt 0.98437500 0.48437500
vt 0.76562500 0.48437500
vt 0.76562500 0.01562500
vt 0.98437500 0.01562500
vt 0.98437500 0.48437500
vt 0.76562500 0.48437500
vt 0.76562500 0.01562500
vt 0.98437500 0.01562500
vt 0.98437500 0.48437500
vt 0.76562500 0.48437500
vt 0.76562500 0.01562500
vt 0.98437500 0.01562500
vt 0.98437500 0.48437500
vt 0.76562500 0.48437500
vt 0.76562500 0.01562500
vt 0.98437500 0.01562500
vt 0.98437500 0.48437500
vt 0.76562500 0.48437500
vt 0.01562500 0.51562500
vt 0.48437500 0.51562500
vt 0.48437500 0.98437500
vt 0.01562500 0.98437500
vt 0.01562500 0.51562500
vt 0.48437500 0.51562500
vt 0.48437500 0.98437500
vt 0.01562500 0.98437500
vt 0.01562500 0.51562500
vt 0.48437500 0.51562500
vt 0.48437500 0.98437500
vt 0.01562500 0.98437500
vt 0.01562500 0.51562500
vt 0.48437500 0.51562500
vt 0.48437500 0.98437500
vt 0.01562500 0.98437500
vt 0.76562500 0.01562500
vt 0.98437500 0.01562500
vt 0.98437500 0.48437500
vt 0.76562500 0.48437500
vt 0.76562500 0.01562500
vt 0.98437500 0.01562500
vt 0.98437500 0.48437500
vt 0.76562500 0.48437500
vt 0.76562500 0.01562500
vt 0.98437500 0.01562500
vt 0.98437500 0.48437500
vt 0.76562500 0.48437500
vt 0.76562500 0.01562500
vt 0.98437500 0.01562500
vt 0.98437500 0.48437500
vt 0.76562500 0.48437500
vt 0.76562500 0.01562500
vt 0.98437500 0.01562500
vt 0.98437500 0.48437500
vt 0.76562500 0.48437500
vt 0.76562500 0.01562500
vt 0.98437500 0.01562500
vt 0.98437500 0.48437500
vt 0.76562500 0.48437500
vt 0.76562500 0.01562500
vt 0.98437500 0.01562500
vt 0.98437500 0.48437500
vt 0.76562500 0.48437500
vt 0.76562500 0.01562500
vt 0.98437500 0.01562500
vt 0.98437500 0.48437500
vt 0.76562500 0.48437500
vt 0.76562500 0.01562500
vt 0.98437500 0.01562500
vt 0.98437500 0.48437500
vt 0.76562500 0.48437500
vt 0.76562500 0.01562500
vt 0.98437500 0.01562500
vt 0.98437500 0.48437500
vt 0.76562500 0.48437500
vt 0.76562500 0.01562500
vt 0.98437500 0.01562500
vt 0.98437500 0.48437500
vt 0.76562500 0.48437500
vt 0.76562500 0.01562500
vt 0.98437500 0.01562500
vt 0.98437500 0.48437500
vt 0.76562500 0.48437500
vt 0.76562500 0.01562500
vt 0.98437500 0.01562500
vt 0.98437500 0.48437500
vt 0.76562500 0.48437500
vt 0.76562500 0.01562500
vt 0.98437500 0.01562500
vt 0.98437500 0.48437500
vt 0.76562500 0.48437500
vt 0.76562500 0.01562500
vt 0.98437500 0.01562500
vt 0.98437500 0.48437500
vt 0.76562500 0.48437500
vt 0.76562500 0.01562500
vt 0.98437500 0.01562500
vt 0.98437500 0.48437500
vt 0.76562500 0.48437500
vt 0.76562500 0.01562500
vt 0.98437500 0.01562500
vt 0.98437500 0.48437500
vt 0.76562500 0.48437500
vt 0.76562500 0.01562500
vt 0.98437500 0.01562500
vt 0.98437500 0.48437500
vt 0.76562500 0.48437500
vt 0.76562500 0.01562500
vt 0.98437500 0.01562500
vt 0.98437500 0.48437500
vt 0.76562500 0.48437500
vt 0.76562500 0.01562500
vt 0.98437500 0.01562500
vt 0.98437500 0.48437500
vt 0.76562500 0.48437500
vt 0.76562500 0.01562500
vt 0.98437500 0.01562500
vt 0.98437500 0.48437500
vt 0.76562500 0.48437500
vt 0.76562500 0.01562500
vt 0.98437500 0.01562500
vt 0.98437500 0.48437500
vt 0.76562500 0.48437500
vt 0.76562500 0.01562500
vt 0.98437500 0.01562500
vt 0.98437500 0.48437500
vt 0.76562500 0.48437500
vt 0.76562500 0.01562500
vt 0.98437500 0.01562500
vt 0.98437500 0.48437500
vt 0.76562500 0.48437500
vt 0.76562500 0.01562500
vt 0.98437500 0.01562500
vt 0.98437500 0.48437500
vt 0.76562500 0.48437500
vt 0.76562500 0.01562500
vt 0.98437500 0.01562500
vt 0.98437500 0.48437500
vt 0.76562500 0.48437500
vt 0.76562500 0.01562500
vt 0.98437500 0.01562500
vt 0.98437500 0.48437500
vt 0.76562500 0.48437500
vt 0.76562500 0.01562500
vt 0.98437500 0.01562500
vt 0.98437500 0.48437500
vt 0.76562500 0.48437500
vt 0.76562500 0.01562500
vt 0.98437500 0.01562500
vt 0.98437500 0.48437500
vt 0.76562500 0.48437500
vt 0.76562500 0.01562500
vt 0.98437500 0.01562500
vt 0.98437500 0.48437500
vt 0.76562500 0.48437500
vt 0.01562500 0.01562500
vt 0.48437500 0.01562500
vt 0.48437500 0.48437500
vt 0.01562500 0.48437500
vt 0.01562500 0.01562500
vt 0.48437500 0.01562500
vt 0.48437500 0.48437500
vt 0.01562500 0.48437500
vt 0.01562500 0.01562500
vt 0.48437500 0.01562500
vt 0.48437500 0.48437500
vt 0.01562500 0.48437500
vt 0.01562500 0.01562500
vt 0.48437500 0.01562500
vt 0.48437500 0.48437500
vt 0.01562500 0.48437500
vt 0.01562500 0.01562500
vt 0.48437500 0.01562500
vt 0.48437500 0.48437500
vt 0.01562500 0.48437500
vt 0.01562500 0.01562500
vt 0.48437500 0.01562500
vt 0.48437500 0.48437500
vt 0.01562500 0.48437500
vt 0.01562500 0.01562500
vt 0.48437500 0.01562500
vt 0.48437500 0.48437500
vt 0.01562500 0.48437500
vt 0.01562500 0.01562500
vt 0.48437500 0.01562500
vt 0.48437500 0.48437500
vt 0.01562500 0.48437500
vt 0.01562500 0.01562500
vt 0.48437500 0.01562500
vt 0.48437500 0.48437500
vt 0.01562500 0.48437500
vt 0.01562500 0.01562500
vt 0.48437500 0.01562500
vt 0.48437500 0.48437500
vt 0.01562500 0.48437500
vt 0.01562500 0.01562500
vt 0.48437500 0.01562500
vt 0.48437500 0.48437500
vt 0.01562500 0.48437500
vt 0.01562500 0.01562500
vt 0.48437500 0.01562500
vt 0.48437500 0.48437500
vt 0.01562500 0.48437500
vt 0.01562500 0.01562500
vt 0.48437500 0.01562500
vt 0.48437500 0.48437500
vt 0.01562500 0.48437500
vt 0.01562500 0.01562500
vt 0.48437500 0.01562500
vt 0.48437500 0.48437500
vt 0.01562500 0.48437500
vt 0.01562500 0.01562500
vt 0.48437500 0.01562500
vt 0.48437500 0.48437500
vt 0.01562500 0.48437500
vt 0.01562500 0.01562500
vt 0.48437500 0.01562500
vt 0.48437500 0.48437500
vt 0.01562500 0.48437500
vt 0.01562500 0.01562500
vt 0.48437500 0.01562500
vt 0.48437500 0.48437500
vt 0.01562500 0.48437500
vt 0.01562500 0.01562500
vt 0.48437500 0.01562500
vt 0.48437500 0.48437500
vt 0.01562500 0.48437500
vt 0.01562500 0.01562500
vt 0.48437500 0.01562500
vt 0.48437500 0.48437500
vt 0.01562500 0.48437500
vt 0.01562500 0.01562500
vt 0.48437500 0.01562500
vt 0.48437500 0.48437500
vt 0.01562500 0.48437500
vt 0.01562500 0.01562500
vt 0.48437500 0.01562500
vt 0.48437500 0.48437500
vt 0.01562500 0.48437500
vt 0.01562500 0.01562500
vt 0.48437500 0.01562500
vt 0.48437500 0.48437500
vt 0.01562500 0.48437500
vt 0.01562500 0.01562500
vt 0.48437500 0.01562500
vt 0.48437500 0.48437500
vt 0.01562500 0.48437500
vt 0.01562500 0.01562500
vt 0.48437500 0.01562500
vt 0.48437500 0.48437500
vt 0.01562500 0.48437500
vt 0.01562500 0.01562500
vt 0.48437500 0.01562500
vt 0.48437500 0.48437500
vt 0.01562500 0.48437500
vt 0.01562500 0.01562500
vt 0.48437500 0.01562500
vt 0.48437500 0.48437500
vt 0.01562500 0.48437500
vt 0.01562500 0.01562500
vt 0.48437500 0.01562500
vt 0.48437500 0.48437500
vt 0.01562500 0.48437500
vt 0.01562500 0.01562500
vt 0.48437500 0.01562500
vt 0.48437500 0.48437500
vt 0.01562500 0.48437500
vt 0.01562500 0.01562500
vt 0.48437500 0.01562500
vt 0.48437500 0.48437500
vt 0.01562500 0.48437500
vt 0.01562500 0.01562500
vt 0.48437500 0.01562500
vt 0.48437500 0.48437500
vt 0.01562500 0.48437500
vt 0.01562500 0.01562500
vt 0.48437500 0.01562500
vt 0.48437500 0.48437500
vt 0.01562500 0.48437500
vt 0.01562500 0.01562500
vt 0.48437500 0.01562500
vt 0.48437500 0.48437500
vt 0.01562500 0.48437500
vt 0.01562500 0.01562500
vt 0.48437500 0.01562500
vt 0.48437500 0.48437500
vt 0.01562500 0.48437500
vt 0.01562500 0.01562500
vt 0.48437500 0.01562500
vt 0.48437500 0.48437500
vt 0.01562500 0.48437500
vt 0.01562500 0.01562500
vt 0.48437500 0.01562500
vt 0.48437500 0.48437500
vt 0.01562500 0.48437500
vt 0.01562500 0.01562500
vt 0.48437500 0.01562500
vt 0.48437500 0.48437500
vt 0.01562500 0.48437500
vt 0.01562500 0.01562500
vt 0.48437500 0.01562500
vt 0.48437500 0.48437500
vt 0.01562500 0.48437500
vt 0.01562500 0.01562500
vt 0.48437500 0.01562500
vt 0.48437500 0.48437500
vt 0.01562500 0.48437500
vt 0.01562500 0.01562500
vt 0.48437500 0.01562500
vt 0.48437500 0.48437500
vt 0.01562500 0.48437500
vt 0.01562500 0.01562500
vt 0.48437500 0.01562500
vt 0.48437500 0.48437500
vt 0.01562500 0.48437500
vt 0.01562500 0.01562500
vt 0.48437500 0.01562500
vt 0.48437500 0.48437500
vt 0.01562500 0.48437500
vt 0.01562500 0.01562500
vt 0.48437500 0.01562500
vt 0.48437500 0.48437500
vt 0.01562500 0.48437500
vt 0.01562500 0.01562500
vt 0.48437500 0.01562500
vt 0.48437500 0.48437500
vt 0.01562500 0.48437500
vt 0.01562500 0.01562500
vt 0.48437500 0.01562500
vt 0.48437500 0.48437500
vt 0.01562500 0.48437500
vt 0.01562500 0.01562500
vt 0.48437500 0.01562500
vt 0.48437500 0.48437500
vt 0.01562500 0.48437500
vt 0.01562500 0.01562500
vt 0.48437500 0.01562500
vt 0.48437500 0.48437500
vt 0.01562500 0.48437500
vt 0.01562500 0.01562500
vt 0.48437500 0.01562500
vt 0.48437500 0.48437500
vt 0.01562500 0.48437500
vt 0.01562500 0.01562500
vt 0.48437500 0.01562500
vt 0.48437500 0.48437500
vt 0.01562500 0.48437500
vt 0.01562500 0.01562500
vt 0.48437500 0.01562500
vt 0.48437500 0.48437500
vt 0.01562500 0.48437500
vt 0.01562500 0.01562500
vt 0.48437500 0.01562500
vt 0.48437500 0.48437500
vt 0.01562500 0.48437500
vt 0.01562500 0.01562500
vt 0.48437500 0.01562500
vt 0.48437500 0.48437500
vt 0.01562500 0.48437500
vt 0.01562500 0.01562500
vt 0.48437500 0.01562500
vt 0.48437500 0.48437500
vt 0.01562500 0.48437500
vt 0.01562500 0.01562500
vt 0.48437500 0.01562500
vt 0.48437500 0.48437500
vt 0.01562500 0.48437500
vt 0.01562500 0.01562500
vt 0.48437500 0.01562500
vt 0.48437500 0.48437500
vt 0.01562500 0.48437500
vt 0.01562500 0.01562500
vt 0.48437500 0.01562500
vt 0.48437500 0.48437500
vt 0.01562500 0.48437500
vt 0.01562500 0.01562500
vt 0.48437500 0.01562500
vt 0.48437500 0.48437500
vt 0.01562500 0.48437500
vt 0.01562500 0.01562500
vt 0.48437500 0.01562500
vt 0.48437500 0.48437500
vt 0.01562500 0.48437500
vt 0.01562500 0.01562500
vt 0.48437500 0.01562500
vt 0.48437500 0.48437500
vt 0.01562500 0.48437500
vt 0.01562500 0.01562500
vt 0.48437500 0.01562500
vt 0.48437500 0.48437500
vt 0.01562500 0.48437500
vt 0.01562500 0.01562500
vt 0.48437500 0.01562500
vt 0.48437500 0.48437500
vt 0.01562500 0.48437500
vt 0.01562500 0.01562500
vt 0.48437500 0.01562500
vt 0.48437500 0.48437500
vt 0.01562500 0.48437500
vt 0.01562500 0.01562500
vt 0.48437500 0.01562500
vt 0.48437500 0.48437500
vt 0.01562500 0.48437500
vt 0.01562500 0.01562500
vt 0.48437500 0.01562500
vt 0.48437500 0.48437500
vt 0.01562500 0.48437500
vt 0.01562500 0.01562500
vt 0.48437500 0.01562500
vt 0.48437500 0.48437500
vt 0.01562500 0.48437500
vt 0.01562500 0.01562500
vt 0.48437500 0.01562500
vt 0.48437500 0.48437500
vt 0.01562500 0.48437500
vt 0.01562500 0.01562500
vt 0.48437500 0.01562500
vt 0.48437500 0.48437500
vt 0.01562500 0.48437500
vt 0.01562500 0.01562500
vt 0.48437500 0.01562500
vt 0.48437500 0.48437500
vt 0.01562500 0.48437500
vt 0.01562500 0.01562500
vt 0.48437500 0.01562500
vt 0.48437500 0.48437500
vt 0.01562500 0.48437500
vt 0.01562500 0.01562500
vt 0.48437500 0.01562500
vt 0.48437500 0.48437500
vt 0.01562500 0.48437500
vt 0.01562500 0.01562500
vt 0.48437500 0.01562500
vt 0.48437500 0.48437500
vt 0.01562500 0.48437500
vt 0.01562500 0.01562500
vt 0.48437500 0.01562500
vt 0.48437500 0.48437500
vt 0.01562500 0.48437500
vt 0.01562500 0.01562500
vt 0.48437500 0.01562500
vt 0.48437500 0.48437500
vt 0.01562500 0.48437500
vt 0.01562500 0.01562500
vt 0.48437500 0.01562500
vt 0.48437500 0.48437500
vt 0.01562500 0.48437500
vt 0.01562500 0.01562500
vt 0.48437500 0.01562500
vt 0.48437500 0.48437500
vt 0.01562500 0.48437500
vt 0.01562500 0.01562500
vt 0.48437500 0.01562500
vt 0.48437500 0.48437500
vt 0.01562500 0.48437500
vt 0.01562500 0.01562500
vt 0.48437500 0.01562500
vt 0.48437500 0.48437500
vt 0.01562500 0.48437500
vt 0.01562500 0.01562500
vt 0.48437500 0.01562500
vt 0.48437500 0.48437500
vt 0.01562500 0.48437500
vt 0.01562500 0.01562500
vt 0.48437500 0.01562500
vt 0.48437500 0.48437500
vt 0.01562500 0.48437500
vt 0.01562500 0.01562500
vt 0.48437500 0.01562500
vt 0.48437500 0.48437500
vt 0.01562500 0.48437500
vt 0.01562500 0.01562500
vt 0.48437500 0.01562500
vt 0.48437500 0.48437500
vt 0.01562500 0.48437500
vt 0.01562500 0.01562500
vt 0.48437500 0.01562500
vt 0.48437500 0.48437500
vt 0.01562500 0.48437500
vt 0.01562500 0.01562500
vt 0.48437500 0.01562500
vt 0.48437500 0.48437500
vt 0.01562500 0.48437500
vt 0.01562500 0.01562500
vt 0.48437500 0.01562500
vt 0.48437500 0.48437500
vt 0.01562500 0.48437500
vt 0.01562500 0.01562500
vt 0.48437500 0.01562500
vt 0.48437500 0.48437500
vt 0.01562500 0.48437500
vt 0.01562500 0.01562500
vt 0.48437500 0.01562500
vt 0.48437500 0.48437500
vt 0.01562500 0.48437500
vt 0.01562500 0.01562500
vt 0.48437500 0.01562500
vt 0.48437500 0.48437500
vt 0.01562500 0.48437500
vt 0.01562500 0.01562500
vt 0.48437500 0.01562500
vt 0.48437500 0.48437500
vt 0.01562500 0.48437500
vt 0.01562500 0.01562500
vt 0.48437500 0.01562500
vt 0.48437500 0.48437500
vt 0.01562500 0.48437500
vt 0.01562500 0.01562500
vt 0.48437500 0.01562500
vt 0.48437500 0.48437500
vt 0.01562500 0.48437500
vt 0.01562500 0.01562500
vt 0.48437500 0.01562500
vt 0.48437500 0.48437500
vt 0.01562500 0.48437500
vt 0.01562500 0.01562500
vt 0.48437500 0.01562500
vt 0.48437500 0.48437500
vt 0.01562500 0.48437500
vt 0.01562500 0.01562500
vt 0.48437500 0.01562500
vt 0.48437500 0.48437500
vt 0.01562500 0.48437500
vt 0.01562500 0.01562500
vt 0.48437500 0.01562500
vt 0.48437500 0.48437500
vt 0.01562500 0.48437500
vt 0.01562500 0.01562500
vt 0.48437500 0.01562500
vt 0.48437500 0.48437500
vt 0.01562500 0.48437500
vt 0.01562500 0.01562500
vt 0.48437500 0.01562500
vt 0.48437500 0.48437500
vt 0.01562500 0.48437500
vt 0.01562500 0.01562500
vt 0.48437500 0.01562500
vt 0.48437500 0.48437500
vt 0.01562500 0.48437500
vt 0.01562500 0.01562500
vt 0.48437500 0.01562500
vt 0.48437500 0.48437500
vt 0.01562500 0.48437500
vt 0.01562500 0.01562500
vt 0.48437500 0.01562500
vt 0.48437500 0.48437500
vt 0.01562500 0.48437500
vt 0.01562500 0.01562500
vt 0.48437500 0.01562500
vt 0.48437500 0.48437500
vt 0.01562500 0.48437500
vt 0.01562500 0.01562500
vt 0.48437500 0.01562500
vt 0.48437500 0.48437500
vt 0.01562500 0.48437500
vt 0.01562500 0.01562500
vt 0.48437500 0.01562500
vt 0.48437500 0.48437500
vt 0.01562500 0.48437500
vt 0.01562500 0.01562500
vt 0.48437500 0.01562500
vt 0.48437500 0.48437500
vt 0.01562500 0.48437500
vt 0.01562500 0.01562500
vt 0.48437500 0.01562500
vt 0.48437500 0.48437500
vt 0.01562500 0.48437500
vt 0.01562500 0.01562500
vt 0.48437500 0.01562500
vt 0.48437500 0.48437500
vt 0.01562500 0.48437500
vt 0.01562500 0.01562500
vt 0.48437500 0.01562500
vt 0.48437500 0.48437500
vt 0.01562500 0.48437500
vt 0.01562500 0.01562500
vt 0.48437500 0.01562500
vt 0.48437500 0.48437500
vt 0.01562500 0.48437500
vt 0.01562500 0.01562500
vt 0.48437500 0.01562500
vt 0.48437500 0.48437500
vt 0.01562500 0.48437500
vt 0.01562500 0.01562500
vt 0.48437500 0.01562500
vt 0.48437500 0.48437500
vt 0.01562500 0.48437500
vt 0.01562500 0.01562500
vt 0.48437500 0.01562500
vt 0.48437500 0.48437500
vt 0.01562500 0.48437500
vt 0.01562500 0.01562500
vt 0.48437500 0.01562500
vt 0.48437500 0.48437500
vt 0.01562500 0.48437500
vt 0.01562500 0.01562500
vt 0.48437500 0.01562500
vt 0.48437500 0.48437500
vt 0.01562500 0.48437500
vt 0.01562500 0.01562500
vt 0.48437500 0.01562500
vt 0.48437500 0.48437500
vt 0.01562500 0.48437500
vt 0.01562500 0.01562500
vt 0.48437500 0.01562500
vt 0.48437500 0.48437500
vt 0.01562500 0.48437500
vt 0.01562500 0.01562500
vt 0.48437500 0.01562500
vt 0.48437500 0.48437500
vt 0.01562500 0.48437500
vt 0.01562500 0.01562500
vt 0.48437500 0.01562500
vt 0.48437500 0.48437500
vt 0.01562500 0.48437500
vt 0.01562500 0.01562500
vt 0.48437500 0.01562500
vt 0.48437500 0.48437500
vt 0.01562500 0.48437500
vt 0.01562500 0.01562500
vt 0.48437500 0.01562500
vt 0.48437500 0.48437500
vt 0.01562500 0.48437500
vt 0.01562500 0.01562500
vt 0.48437500 0.01562500
vt 0.48437500 0.48437500
vt 0.01562500 0.48437500
vt 0.01562500 0.01562500
vt 0.48437500 0.01562500
vt 0.48437500 0.48437500
vt 0.01562500 0.48437500
vt 0.01562500 0.01562500
vt 0.48437500 0.01562500
vt 0.48437500 0.48437500
vt 0.01562500 0.48437500
vt 0.51562500 0.01562500
vt 0.73437500 0.01562500
vt 0.73437500 0.48437500
vt 0.51562500 0.48437500
vt 0.51562500 0.01562500
vt 0.73437500 0.01562500
vt 0.73437500 0.48437500
vt 0.51562500 0.48437500
vt 0.51562500 0.01562500
vt 0.73437500 0.01562500
vt 0.73437500 0.48437500
vt 0.51562500 0.48437500
vt 0.51562500 0.01562500
vt 0.73437500 0.01562500
vt 0.73437500 0.48437500
vt 0.51562500 0.48437500
vt 0.51562500 0.01562500
vt 0.73437500 0.01562500
vt 0.73437500 0.48437500
vt 0.51562500 0.48437500
vt 0.51562500 0.01562500
vt 0.73437500 0.01562500
vt 0.73437500 0.48437500
vt 0.51562500 0.48437500
vt 0.01562500 0.01562500
vt 0.48437500 0.01562500
vt 0.48437500 0.48437500
vt 0.01562500 0.48437500
vt 0.01562500 0.01562500
vt 0.48437500 0.01562500
vt 0.48437500 0.48437500
vt 0.01562500 0.48437500
vt 0.01562500 0.01562500
vt 0.48437500 0.01562500
vt 0.48437500 0.48437500
vt 0.01562500 0.48437500
vt 0.01562500 0.01562500
vt 0.48437500 0.01562500
vt 0.48437500 0.48437500
vt 0.01562500 0.48437500
vt 0.01562500 0.01562500
vt 0.48437500 0.01562500
vt 0.48437500 0.48437500
vt 0.01562500 0.48437500
vt 0.01562500 0.01562500
vt 0.48437500 0.01562500
vt 0.48437500 0.48437500
vt 0.01562500 0.48437500
vt 0.51562500 0.01562500
vt 0.73437500 0.01562500
vt 0.73437500 0.48437500
vt 0.51562500 0.48437500
vt 0.51562500 0.01562500
vt 0.73437500 0.01562500
vt 0.73437500 0.48437500
vt 0.51562500 0.48437500
vt 0.51562500 0.01562500
vt 0.73437500 0.01562500
vt 0.73437500 0.48437500
vt 0.51562500 0.48437500
vt 0.51562500 0.01562500
vt 0.73437500 0.01562500
vt 0.73437500 0.48437500
vt 0.51562500 0.48437500
vt 0.51562500 0.01562500
vt 0.73437500 0.01562500
vt 0.73437500 0.48437500
vt 0.51562500 0.48437500
vt 0.51562500 0.01562500
vt 0.73437500 0.01562500
vt 0.73437500 0.48437500
vt 0.51562500 0.48437500
vt 0.01562500 0.01562500
vt 0.48437500 0.01562500
vt 0.48437500 0.48437500
vt 0.01562500 0.48437500
vt 0.01562500 0.01562500
vt 0.48437500 0.01562500
vt 0.48437500 0.48437500
vt 0.01562500 0.48437500
vt 0.01562500 0.01562500
vt 0.48437500 0.01562500
vt 0.48437500 0.48437500
vt 0.01562500 0.48437500
vt 0.01562500 0.01562500
vt 0.48437500 0.01562500
vt 0.48437500 0.48437500
vt 0.01562500 0.48437500
vt 0.01562500 0.01562500
vt 0.48437500 0.01562500
vt 0.48437500 0.48437500
vt 0.01562500 0.48437500
vt 0.01562500 0.01562500
vt 0.48437500 0.01562500
vt 0.48437500 0.48437500
vt 0.01562500 0.48437500
vt 0.51562500 0.01562500
vt 0.73437500 0.01562500
vt 0.73437500 0.48437500
vt 0.51562500 0.48437500
vt 0.51562500 0.01562500
vt 0.73437500 0.01562500
vt 0.73437500 0.48437500
vt 0.51562500 0.48437500
vt 0.51562500 0.01562500
vt 0.73437500 0.01562500
vt 0.73437500 0.48437500
vt 0.51562500 0.48437500
vt 0.51562500 0.01562500
vt 0.73437500 0.01562500
vt 0.73437500 0.48437500
vt 0.51562500 0.48437500
vt 0.51562500 0.01562500
vt 0.73437500 0.01562500
vt 0.73437500 0.48437500
vt 0.51562500 0.48437500
vt 0.51562500 0.01562500
vt 0.73437500 0.01562500
vt 0.73437500 0.48437500
vt 0.51562500 0.48437500
vt 0.01562500 0.01562500
vt 0.48437500 0.01562500
vt 0.48437500 0.48437500
vt 0.01562500 0.48437500
vt 0.01562500 0.01562500
vt 0.48437500 0.01562500
vt 0.48437500 0.48437500
vt 0.01562500 0.48437500
vt 0.01562500 0.01562500
vt 0.48437500 0.01562500
vt 0.48437500 0.48437500
vt 0.01562500 0.48437500
vt 0.01562500 0.01562500
vt 0.48437500 0.01562500
vt 0.48437500 0.48437500
vt 0.01562500 0.48437500
vt 0.01562500 0.01562500
vt 0.48437500 0.01562500
vt 0.48437500 0.48437500
vt 0.01562500 0.48437500
vt 0.01562500 0.01562500
vt 0.48437500 0.01562500
vt 0.48437500 0.48437500
vt 0.01562500 0.48437500
vt 0.51562500 0.01562500
vt 0.73437500 0.01562500
vt 0.73437500 0.48437500
vt 0.51562500 0.48437500
vt 0.51562500 0.01562500
vt 0.73437500 0.01562500
vt 0.73437500 0.48437500
vt 0.51562500 0.48437500
vt 0.51562500 0.01562500
vt 0.73437500 0.01562500
vt 0.73437500 0.48437500
vt 0.51562500 0.48437500
vt 0.51562500 0.01562500
vt 0.73437500 0.01562500
vt 0.73437500 0.48437500
vt 0.51562500 0.48437500
vt 0.51562500 0.01562500
vt 0.73437500 0.01562500
vt 0.73437500 0.48437500
vt 0.51562500 0.48437500
vt 0.51562500 0.01562500
vt 0.73437500 0.01562500
vt 0.73437500 0.48437500
vt 0.51562500 0.48437500
vt 0.01562500 0.01562500
vt 0.48437500 0.01562500
vt 0.48437500 0.48437500
vt 0.01562500 0.48437500
vt 0.01562500 0.01562500
vt 0.48437500 0.01562500
vt 0.48437500 0.48437500
vt 0.01562500 0.48437500
vt 0.01562500 0.01562500
vt 0.48437500 0.01562500
vt 0.48437500 0.48437500
vt 0.01562500 0.48437500
vt 0.01562500 0.01562500
vt 0.48437500 0.01562500
vt 0.48437500 0.48437500
vt 0.01562500 0.48437500
vt 0.01562500 0.01562500
vt 0.48437500 0.01562500
vt 0.48437500 0.48437500
vt 0.01562500 0.48437500
vt 0.01562500 0.01562500
vt 0.48437500 0.01562500
vt 0.48437500 0.48437500
vt 0.01562500 0.48437500
vt 0.51562500 0.01562500
vt 0.73437500 0.01562500
vt 0.73437500 0.48437500
vt 0.51562500 0.48437500
vt 0.51562500 0.01562500
vt 0.73437500 0.01562500
vt 0.73437500 0.48437500
vt 0.51562500 0.48437500
vt 0.51562500 0.01562500
vt 0.73437500 0.01562500
vt 0.73437500 0.48437500
vt 0.51562500 0.48437500
vt 0.51562500 0.01562500
vt 0.73437500 0.01562500
vt 0.73437500 0.48437500
vt 0.51562500 0.48437500
vt 0.51562500 0.01562500
vt 0.73437500 0.01562500
vt 0.73437500 0.48437500
vt 0.51562500 0.48437500
vt 0.51562500 0.01562500
vt 0.73437500 0.01562500
vt 0.73437500 0.48437500
vt 0.51562500 0.48437500
vt 0.01562500 0.01562500
vt 0.48437500 0.01562500
vt 0.48437500 0.48437500
vt 0.01562500 0.48437500
vt 0.01562500 0.01562500
vt 0.48437500 0.01562500
vt 0.48437500 0.48437500
vt 0.01562500 0.48437500
vt 0.01562500 0.01562500
vt 0.48437500 0.01562500
vt 0.48437500 0.48437500
vt 0.01562500 0.48437500
vt 0.01562500 0.01562500
vt 0.48437500 0.01562500
vt 0.48437500 0.48437500
vt 0.01562500 0.48437500
vt 0.01562500 0.01562500
vt 0.48437500 0.01562500
vt 0.48437500 0.48437500
vt 0.01562500 0.48437500
vt 0.01562500 0.01562500
vt 0.48437500 0.01562500
vt 0.48437500 0.48437500
vt 0.01562500 0.48437500
vt 0.51562500 0.01562500
vt 0.73437500 0.01562500
vt 0.73437500 0.48437500
vt 0.51562500 0.48437500
vt 0.51562500 0.01562500
vt 0.73437500 0.01562500
vt 0.73437500 0.48437500
vt 0.51562500 0.48437500
vt 0.51562500 0.01562500
vt 0.73437500 0.01562500
vt 0.73437500 0.48437500
vt 0.51562500 0.48437500
vt 0.51562500 0.01562500
vt 0.73437500 0.01562500
vt 0.73437500 0.48437500
vt 0.51562500 0.48437500
vt 0.51562500 0.01562500
vt 0.73437500 0.01562500
vt 0.73437500 0.48437500
vt 0.51562500 0.48437500
vt 0.51562500 0.01562500
vt 0.73437500 0.01562500
vt 0.73437500 0.48437500
vt 0.51562500 0.48437500
vt 0.01562500 0.01562500
vt 0.48437500 0.01562500
vt 0.48437500 0.48437500
vt 0.01562500 0.48437500
vt 0.01562500 0.01562500
vt 0.48437500 0.01562500
vt 0.48437500 0.48437500
vt 0.01562500 0.48437500
vt 0.01562500 0.01562500
vt 0.48437500 0.01562500
vt 0.48437500 0.48437500
vt 0.01562500 0.48437500
vt 0.01562500 0.01562500
vt 0.48437500 0.01562500
vt 0.48437500 0.48437500
vt 0.01562500 0.48437500
vt 0.01562500 0.01562500
vt 0.48437500 0.01562500
vt 0.48437500 0.48437500
vt 0.01562500 0.48437500
vt 0.01562500 0.01562500
vt 0.48437500 0.01562500
vt 0.48437500 0.48437500
vt 0.01562500 0.48437500
vt 0.51562500 0.01562500
vt 0.73437500 0.01562500
vt 0.73437500 0.48437500
vt 0.51562500 0.48437500
vt 0.51562500 0.01562500
vt 0.73437500 0.01562500
vt 0.73437500 0.48437500
vt 0.51562500 0.48437500
vt 0.51562500 0.01562500
vt 0.73437500 0.01562500
vt 0.73437500 0.48437500
vt 0.51562500 0.48437500
vt 0.51562500 0.01562500
vt 0.73437500 0.01562500
vt 0.73437500 0.48437500
vt 0.51562500 0.48437500
vt 0.51562500 0.01562500
vt 0.73437500 0.01562500
vt 0.73437500 0.48437500
vt 0.51562500 0.48437500
vt 0.51562500 0.01562500
vt 0.73437500 0.01562500
vt 0.73437500 0.48437500
vt 0.51562500 0.48437500
vt 0.01562500 0.01562500
vt 0.48437500 0.01562500
vt 0.48437500 0.48437500
vt 0.01562500 0.48437500
vt 0.01562500 0.01562500
vt 0.48437500 0.01562500
vt 0.48437500 0.48437500
vt 0.01562500 0.48437500
vt 0.01562500 0.01562500
vt 0.48437500 0.01562500
vt 0.48437500 0.48437500
vt 0.01562500 0.48437500
vt 0.01562500 0.01562500
vt 0.48437500 0.01562500
vt 0.48437500 0.48437500
vt 0.01562500 0.48437500
vt 0.01562500 0.01562500
vt 0.48437500 0.01562500
vt 0.48437500 0.48437500
vt 0.01562500 0.48437500
vt 0.01562500 0.01562500
vt 0.48437500 0.01562500
vt 0.48437500 0.48437500
vt 0.01562500 0.48437500
vt 0.51562500 0.01562500
vt 0.73437500 0.01562500
vt 0.73437500 0.48437500
vt 0.51562500 0.48437500
vt 0.51562500 0.01562500
vt 0.73437500 0.01562500
vt 0.73437500 0.48437500
vt 0.51562500 0.48437500
vt 0.51562500 0.01562500
vt 0.73437500 0.01562500
vt 0.73437500 0.48437500
vt 0.51562500 0.48437500
vt 0.51562500 0.01562500
vt 0.73437500 0.01562500
vt 0.73437500 0.48437500
vt 0.51562500 0.48437500
vt 0.51562500 0.01562500
vt 0.73437500 0.01562500
vt 0.73437500 0.48437500
vt 0.51562500 0.48437500
vt 0.51562500 0.01562500
vt 0.73437500 0.01562500
vt 0.73437500 0.48437500
vt 0.51562500 0.48437500
vt 0.01562500 0.01562500
vt 0.48437500 0.01562500
vt 0.48437500 0.48437500
vt 0.01562500 0.48437500
vt 0.01562500 0.01562500
vt 0.48437500 0.01562500
vt 0.48437500 0.48437500
vt 0.01562500 0.48437500
vt 0.01562500 0.01562500
vt 0.48437500 0.01562500
vt 0.48437500 0.48437500
vt 0.01562500 0.48437500
vt 0.01562500 0.01562500
vt 0.48437500 0.01562500
vt 0.48437500 0.48437500
vt 0.01562500 0.48437500
vt 0.01562500 0.01562500
vt 0.48437500 0.01562500
vt 0.48437500 0.48437500
vt 0.01562500 0.48437500
vt 0.01562500 0.01562500
vt 0.48437500 0.01562500
vt 0.48437500 0.48437500
vt 0.01562500 0.48437500
vt 0.51562500 0.01562500
vt 0.73437500 0.01562500
vt 0.73437500 0.48437500
vt 0.51562500 0.48437500
vt 0.51562500 0.01562500
vt 0.73437500 0.01562500
vt 0.73437500 0.48437500
vt 0.51562500 0.48437500
vt 0.51562500 0.01562500
vt 0.73437500 0.01562500
vt 0.73437500 0.48437500
vt 0.51562500 0.48437500
vt 0.51562500 0.01562500
vt 0.73437500 0.01562500
vt 0.73437500 0.48437500
vt 0.51562500 0.48437500
vt 0.51562500 0.01562500
vt 0.73437500 0.01562500
vt 0.73437500 0.48437500
vt 0.51562500 0.48437500
vt 0.51562500 0.01562500
vt 0.73437500 0.01562500
vt 0.73437500 0.48437500
vt 0.51562500 0.48437500
vt 0.01562500 0.01562500
vt 0.48437500 0.01562500
vt 0.48437500 0.48437500
vt 0.01562500 0.48437500
vt 0.01562500 0.01562500
vt 0.48437500 0.01562500
vt 0.48437500 0.48437500
vt 0.01562500 0.48437500
vt 0.01562500 0.01562500
vt 0.48437500 0.01562500
vt 0.48437500 0.48437500
vt 0.01562500 0.48437500
vt 0.01562500 0.01562500
vt 0.48437500 0.01562500
vt 0.48437500 0.48437500
vt 0.01562500 0.48437500
vt 0.01562500 0.01562500
vt 0.48437500 0.01562500
vt 0.48437500 0.48437500
vt 0.01562500 0.48437500
vt 0.01562500 0.01562500
vt 0.48437500 0.01562500
vt 0.48437500 0.48437500
vt 0.01562500 0.48437500
vt 0.51562500 0.01562500
vt 0.73437500 0.01562500
vt 0.73437500 0.48437500
vt 0.51562500 0.48437500
vt 0.51562500 0.01562500
vt 0.73437500 0.01562500
vt 0.73437500 0.48437500
vt 0.51562500 0.48437500
vt 0.51562500 0.01562500
vt 0.73437500 0.01562500
vt 0.73437500 0.48437500
vt 0.51562500 0.48437500
vt 0.51562500 0.01562500
vt 0.73437500 0.01562500
vt 0.73437500 0.48437500
vt 0.51562500 0.48437500
vt 0.51562500 0.01562500
vt 0.73437500 0.01562500
vt 0.73437500 0.48437500
vt 0.51562500 0.48437500
vt 0.51562500 0.01562500
vt 0.73437500 0.01562500
vt 0.73437500 0.48437500
vt 0.51562500 0.48437500
vt 0.01562500 0.01562500
vt 0.48437500 0.01562500
vt 0.48437500 0.48437500
vt 0.01562500 0.48437500
vt 0.01562500 0.01562500
vt 0.48437500 0.01562500
vt 0.48437500 0.48437500
vt 0.01562500 0.48437500
vt 0.01562500 0.01562500
vt 0.48437500 0.01562500
vt 0.48437500 0.48437500
vt 0.01562500 0.48437500
vt 0.01562500 0.01562500
vt 0.48437500 0.01562500
vt 0.48437500 0.48437500
vt 0.01562500 0.48437500
vt 0.01562500 0.01562500
vt 0.48437500 0.01562500
vt 0.48437500 0.48437500
vt 0.01562500 0.48437500
vt 0.01562500 0.01562500
vt 0.48437500 0.01562500
vt 0.48437500 0.48437500
vt 0.01562500 0.48437500
vt 0.51562500 0.01562500
vt 0.73437500 0.01562500
vt 0.73437500 0.48437500
vt 0.51562500 0.48437500
vt 0.51562500 0.01562500
vt 0.73437500 0.01562500
vt 0.73437500 0.48437500
vt 0.51562500 0.48437500
vt 0.51562500 0.01562500
vt 0.73437500 0.01562500
vt 0.73437500 0.48437500
vt 0.51562500 0.48437500
vt 0.51562500 0.01562500
vt 0.73437500 0.01562500
vt 0.73437500 0.48437500
vt 0.51562500 0.48437500
vt 0.51562500 0.01562500
vt 0.73437500 0.01562500
vt 0.73437500 0.48437500
vt 0.51562500 0.48437500
vt 0.51562500 0.01562500
vt 0.73437500 0.01562500
vt 0.73437500 0.48437500
vt 0.51562500 0.48437500
vt 0.01562500 0.51562500
vt 0.48437500 0.51562500
vt 0.48437500 0.98437500
vt 0.01562500 0.98437500
vt 0.01562500 0.51562500
vt 0.48437500 0.51562500
vt 0.48437500 0.98437500
vt 0.01562500 0.98437500
vt 0.01562500 0.51562500
vt 0.48437500 0.51562500
vt 0.48437500 0.98437500
vt 0.01562500 0.98437500
vt 0.01562500 0.51562500
vt 0.48437500 0.51562500
vt 0.48437500 0.98437500
vt 0.01562500 0.98437500
vt 0.01562500 0.51562500
vt 0.48437500 0.51562500
vt 0.48437500 0.98437500
vt 0.01562500 0.98437500
vt 0.01562500 0.51562500
vt 0.48437500 0.51562500
vt 0.48437500 0.98437500
vt 0.01562500 0.98437500
vt 0.01562500 0.51562500
vt 0.48437500 0.51562500
vt 0.48437500 0.98437500
vt 0.01562500 0.98437500
vt 0.01562500 0.51562500
vt 0.48437500 0.51562500
vt 0.48437500 0.98437500
vt 0.01562500 0.98437500
vt 0.01562500 0.51562500
vt 0.48437500 0.51562500
vt 0.48437500 0.98437500
vt 0.01562500 0.98437500
vt 0.01562500 0.51562500
vt 0.48437500 0.51562500
vt 0.48437500 0.98437500
vt 0.01562500 0.98437500
vt 0.01562500 0.51562500
vt 0.48437500 0.51562500
vt 0.48437500 0.98437500
vt 0.01562500 0.98437500
vt 0.01562500 0.51562500
vt 0.48437500 0.51562500
vt 0.48437500 0.98437500
vt 0.01562500 0.98437500
vt 0.01562500 0.51562500
vt 0.48437500 0.51562500
vt 0.48437500 0.98437500
vt 0.01562500 0.98437500
vt 0.01562500 0.51562500
vt 0.48437500 0.51562500
vt 0.48437500 0.98437500
vt 0.01562500 0.98437500
vt 0.01562500 0.51562500
vt 0.48437500 0.51562500
vt 0.48437500 0.98437500
vt 0.01562500 0.98437500
vt 0.01562500 0.51562500
vt 0.48437500 0.51562500
vt 0.48437500 0.98437500
vt 0.01562500 0.98437500
vt 0.51562500 0.51562500
vt 0.98437500 0.51562500
vt 0.98437500 0.98437500
vt 0.51562500 0.98437500
vt 0.51562500 0.51562500
vt 0.98437500 0.51562500
vt 0.98437500 0.98437500
vt 0.51562500 0.98437500
vt 0.51562500 0.51562500
vt 0.98437500 0.51562500
vt 0.98437500 0.98437500
vt 0.51562500 0.98437500
vt 0.51562500 0.51562500
vt 0.98437500 0.51562500
vt 0.98437500 0.98437500
vt 0.51562500 0.98437500
vt 0.01562500 0.51562500
vt 0.48437500 0.51562500
vt 0.48437500 0.98437500
vt 0.01562500 0.98437500
vt 0.01562500 0.51562500
vt 0.48437500 0.51562500
vt 0.48437500 0.98437500
vt 0.01562500 0.98437500
vt 0.01562500 0.51562500
vt 0.48437500 0.51562500
vt 0.48437500 0.98437500
vt 0.01562500 0.98437500
vt 0.01562500 0.51562500
vt 0.48437500 0.51562500
vt 0.48437500 0.98437500
vt 0.01562500 0.98437500
vt 0.51562500 0.01562500
vt 0.73437500 0.01562500
vt 0.73437500 0.48437500
vt 0.51562500 0.48437500
vt 0.51562500 0.01562500
vt 0.73437500 0.01562500
vt 0.73437500 0.48437500
vt 0.51562500 0.48437500
vt 0.51562500 0.01562500
vt 0.73437500 0.01562500
vt 0.73437500 0.48437500
vt 0.51562500 0.48437500
vt 0.51562500 0.01562500
vt 0.73437500 0.01562500
vt 0.73437500 0.48437500
vt 0.51562500 0.48437500
vt 0.51562500 0.01562500
vt 0.73437500 0.01562500
vt 0.73437500 0.48437500
vt 0.51562500 0.48437500
vt 0.51562500 0.01562500
vt 0.73437500 0.01562500
vt 0.73437500 0.48437500
vt 0.51562500 0.48437500
vt 0.51562500 0.01562500
vt 0.73437500 0.01562500
vt 0.73437500 0.48437500
vt 0.51562500 0.48437500
vt 0.51562500 0.01562500
vt 0.73437500 0.01562500
vt 0.73437500 0.48437500
vt 0.51562500 0.48437500
vt 0.51562500 0.01562500
vt 0.73437500 0.01562500
vt 0.73437500 0.48437500
vt 0.51562500 0.48437500
vt 0.76562500 0.01562500
vt 0.98437500 0.01562500
vt 0.98437500 0.48437500
vt 0.76562500 0.48437500
vt 0.76562500 0.01562500
vt 0.98437500 0.01562500
vt 0.98437500 0.48437500
vt 0.76562500 0.48437500
vt 0.76562500 0.01562500
vt 0.98437500 0.01562500
vt 0.98437500 0.48437500
vt 0.76562500 0.48437500
vt 0.76562500 0.01562500
vt 0.98437500 0.01562500
vt 0.98437500 0.48437500
vt 0.76562500 0.48437500
vt 0.76562500 0.01562500
vt 0.98437500 0.01562500
vt 0.98437500 0.48437500
vt 0.76562500 0.48437500
vt 0.76562500 0.01562500
vt 0.98437500 0.01562500
vt 0.98437500 0.48437500
vt 0.76562500 0.48437500
vt 0.01562500 0.51562500
vt 0.48437500 0.51562500
vt 0.48437500 0.98437500
vt 0.01562500 0.98437500
vt 0.01562500 0.51562500
vt 0.48437500 0.51562500
vt 0.48437500 0.98437500
vt 0.01562500 0.98437500
vt 0.01562500 0.51562500
vt 0.48437500 0.51562500
vt 0.48437500 0.98437500
vt 0.01562500 0.98437500
vt 0.01562500 0.51562500
vt 0.48437500 0.51562500
vt 0.48437500 0.98437500
vt 0.01562500 0.98437500
vt 0.01562500 0.51562500
vt 0.48437500 0.51562500
vt 0.48437500 0.98437500
vt 0.01562500 0.98437500
vt 0.01562500 0.51562500
vt 0.48437500 0.51562500
vt 0.48437500 0.98437500
vt 0.01562500 0.98437500
vt 0.01562500 0.51562500
vt 0.48437500 0.51562500
vt 0.48437500 0.98437500
vt 0.01562500 0.98437500
vt 0.01562500 0.51562500
vt 0.48437500 0.51562500
vt 0.48437500 0.98437500
vt 0.01562500 0.98437500
vt 0.51562500 0.51562500
vt 0.98437500 0.51562500
vt 0.98437500 0.98437500
vt 0.51562500 0.98437500
vt 0.51562500 0.51562500
vt 0.98437500 0.51562500
vt 0.98437500 0.98437500
vt 0.51562500 0.98437500
vt 0.51562500 0.51562500
vt 0.98437500 0.51562500
vt 0.98437500 0.98437500
vt 0.51562500 0.98437500
vt 0.51562500 0.51562500
vt 0.98437500 0.51562500
vt 0.98437500 0.98437500
vt 0.51562500 0.98437500
vt 0.01562500 0.51562500
vt 0.48437500 0.51562500
vt 0.48437500 0.98437500
vt 0.01562500 0.98437500
vt 0.01562500 0.51562500
vt 0.48437500 0.51562500
vt 0.48437500 0.98437500
vt 0.01562500 0.98437500
vt 0.01562500 0.51562500
vt 0.48437500 0.51562500
vt 0.48437500 0.98437500
vt 0.01562500 0.98437500
vt 0.01562500 0.51562500
vt 0.48437500 0.51562500
vt 0.48437500 0.98437500
vt 0.01562500 0.98437500
vt 0.51562500 0.01562500
vt 0.73437500 0.01562500
vt 0.73437500 0.48437500
vt 0.51562500 0.48437500
vt 0.51562500 0.01562500
vt 0.73437500 0.01562500
vt 0.73437500 0.48437500
vt 0.51562500 0.48437500
vt 0.51562500 0.01562500
vt 0.73437500 0.01562500
vt 0.73437500 0.48437500
vt 0.51562500 0.48437500
vt 0.51562500 0.01562500
vt 0.73437500 0.01562500
vt 0.73437500 0.48437500
vt 0.51562500 0.48437500
vt 0.51562500 0.01562500
vt 0.73437500 0.01562500
vt 0.73437500 0.48437500
vt 0.51562500 0.48437500
vt 0.51562500 0.01562500
vt 0.73437500 0.01562500
vt 0.73437500 0.48437500
vt 0.51562500 0.48437500
vt 0.51562500 0.01562500
vt 0.73437500 0.01562500
vt 0.73437500 0.48437500
vt 0.51562500 0.48437500
vt 0.51562500 0.01562500
vt 0.73437500 0.01562500
vt 0.73437500 0.48437500
vt 0.51562500 0.48437500
vt 0.51562500 0.01562500
vt 0.73437500 0.01562500
vt 0.73437500 0.48437500
vt 0.51562500 0.48437500
vt 0.76562500 0.01562500
vt 0.98437500 0.01562500
vt 0.98437500 0.48437500
vt 0.76562500 0.48437500
vt 0.76562500 0.01562500
vt 0.98437500 0.01562500
vt 0.98437500 0.48437500
vt 0.76562500 0.48437500
vt 0.76562500 0.01562500
vt 0.98437500 0.01562500
vt 0.98437500 0.48437500
vt 0.76562500 0.48437500
vt 0.76562500 0.01562500
vt 0.98437500 0.01562500
vt 0.98437500 0.48437500
vt 0.76562500 0.48437500
vt 0.76562500 0.01562500
vt 0.98437500 0.01562500
vt 0.98437500 0.48437500
vt 0.76562500 0.48437500
vt 0.76562500 0.01562500
vt 0.98437500 0.01562500
vt 0.98437500 0.48437500
vt 0.76562500 0.48437500
vt 0.01562500 0.51562500
vt 0.48437500 0.51562500
vt 0.48437500 0.98437500
vt 0.01562500 0.98437500
vt 0.01562500 0.51562500
vt 0.48437500 0.51562500
vt 0.48437500 0.98437500
vt 0.01562500 0.98437500
vt 0.01562500 0.51562500
vt 0.48437500 0.51562500
vt 0.48437500 0.98437500
vt 0.01562500 0.98437500
vt 0.01562500 0.51562500
vt 0.48437500 0.51562500
vt 0.48437500 0.98437500
vt 0.01562500 0.98437500
vt 0.01562500 0.51562500
vt 0.48437500 0.51562500
vt 0.48437500 0.98437500
vt 0.01562500 0.98437500
vt 0.01562500 0.51562500
vt 0.48437500 0.51562500
vt 0.48437500 0.98437500
vt 0.01562500 0.98437500
vt 0.01562500 0.51562500
vt 0.48437500 0.51562500
vt 0.48437500 0.98437500
vt 0.01562500 0.98437500
vt 0.01562500 0.51562500
vt 0.48437500 0.51562500
vt 0.48437500 0.98437500
vt 0.01562500 0.98437500
vt 0.01562500 0.51562500
vt 0.48437500 0.51562500
vt 0.48437500 0.98437500
vt 0.01562500 0.98437500
vt 0.01562500 0.51562500
vt 0.48437500 0.51562500
vt 0.48437500 0.98437500
vt 0.01562500 0.98437500
vt 0.01562500 0.51562500
vt 0.48437500 0.51562500
vt 0.48437500 0.98437500
vt 0.01562500 0.98437500
vt 0.01562500 0.51562500
vt 0.48437500 0.51562500
vt 0.48437500 0.98437500
vt 0.01562500 0.98437500
vt 0.51562500 0.51562500
vt 0.98437500 0.51562500
vt 0.98437500 0.98437500
vt 0.51562500 0.98437500
vt 0.51562500 0.51562500
vt 0.98437500 0.51562500
vt 0.98437500 0.98437500
vt 0.51562500 0.98437500
vt 0.51562500 0.51562500
vt 0.98437500 0.51562500
vt 0.98437500 0.98437500
vt 0.51562500 0.98437500
vt 0.51562500 0.51562500
vt 0.98437500 0.51562500
vt 0.98437500 0.98437500
vt 0.51562500 0.98437500
vt 0.01562500 0.51562500
vt 0.48437500 0.51562500
vt 0.48437500 0.98437500
vt 0.01562500 0.98437500
vt 0.01562500 0.51562500
vt 0.48437500 0.51562500
vt 0.48437500 0.98437500
vt 0.01562500 0.98437500
vt 0.01562500 0.51562500
vt 0.48437500 0.51562500
vt 0.48437500 0.98437500
vt 0.01562500 0.98437500
vt 0.01562500 0.51562500
vt 0.48437500 0.51562500
vt 0.48437500 0.98437500
vt 0.01562500 0.98437500
vt 0.51562500 0.01562500
vt 0.73437500 0.01562500
vt 0.73437500 0.48437500
vt 0.51562500 0.48437500
vt 0.51562500 0.01562500
vt 0.73437500 0.01562500
vt 0.73437500 0.48437500
vt 0.51562500 0.48437500
vt 0.51562500 0.01562500
vt 0.73437500 0.01562500
vt 0.73437500 0.48437500
vt 0.51562500 0.48437500
vt 0.51562500 0.01562500
vt 0.73437500 0.01562500
vt 0.73437500 0.48437500
vt 0.51562500 0.48437500
vt 0.51562500 0.01562500
vt 0.73437500 0.01562500
vt 0.73437500 0.48437500
vt 0.51562500 0.48437500
vt 0.51562500 0.01562500
vt 0.73437500 0.01562500
vt 0.73437500 0.48437500
vt 0.51562500 0.48437500
vt 0.51562500 0.01562500
vt 0.73437500 0.01562500
vt 0.73437500 0.48437500
vt 0.51562500 0.48437500
vt 0.51562500 0.01562500
vt 0.73437500 0.01562500
vt 0.73437500 0.48437500
vt 0.51562500 0.48437500
vt 0.51562500 0.01562500
vt 0.73437500 0.01562500
vt 0.73437500 0.48437500
vt 0.51562500 0.48437500
vt 0.76562500 0.01562500
vt 0.98437500 0.01562500
vt 0.98437500 0.48437500
vt 0.76562500 0.48437500
vt 0.76562500 0.01562500
vt 0.98437500 0.01562500
vt 0.98437500 0.48437500
vt 0.76562500 0.48437500
vt 0.76562500 0.01562500
vt 0.98437500 0.01562500
vt 0.98437500 0.48437500
vt 0.76562500 0.48437500
vt 0.76562500 0.01562500
vt 0.98437500 0.01562500
vt 0.98437500 0.48437500
vt 0.76562500 0.48437500
vt 0.76562500 0.01562500
vt 0.98437500 0.01562500
vt 0.98437500 0.48437500
vt 0.76562500 0.48437500
vt 0.76562500 0.01562500
vt 0.98437500 0.01562500
vt 0.98437500 0.48437500
vt 0.76562500 0.48437500
vt 0.01562500 0.51562500
vt 0.48437500 0.51562500
vt 0.48437500 0.98437500
vt 0.01562500 0.98437500
vt 0.01562500 0.51562500
vt 0.48437500 0.51562500
vt 0.48437500 0.98437500
vt 0.01562500 0.98437500
vt 0.01562500 0.51562500
vt 0.48437500 0.51562500
vt 0.48437500 0.98437500
vt 0.01562500 0.98437500
vt 0.01562500 0.51562500
vt 0.48437500 0.51562500
vt 0.48437500 0.98437500
vt 0.01562500 0.98437500
vt 0.01562500 0.51562500
vt 0.48437500 0.51562500
vt 0.48437500 0.98437500
vt 0.01562500 0.98437500
vt 0.01562500 0.51562500
vt 0.48437500 0.51562500
vt 0.48437500 0.98437500
vt 0.01562500 0.98437500
vt 0.01562500 0.51562500
vt 0.48437500 0.51562500
vt 0.48437500 0.98437500
vt 0.01562500 0.98437500
vt 0.01562500 0.51562500
vt 0.48437500 0.51562500
vt 0.48437500 0.98437500
vt 0.01562500 0.98437500
vt 0.01562500 0.51562500
vt 0.48437500 0.51562500
vt 0.48437500 0.98437500
vt 0.01562500 0.98437500
vt 0.01562500 0.51562500
vt 0.48437500 0.51562500
vt 0.48437500 0.98437500
vt 0.01562500 0.98437500
vt 0.01562500 0.51562500
vt 0.48437500 0.51562500
vt 0.48437500 0.98437500
vt 0.01562500 0.98437500
vt 0.01562500 0.51562500
vt 0.48437500 0.51562500
vt 0.48437500 0.98437500
vt 0.01562500 0.98437500
vt 0.51562500 0.51562500
vt 0.98437500 0.51562500
vt 0.98437500 0.98437500
vt 0.51562500 0.98437500
vt 0.51562500 0.51562500
vt 0.98437500 0.51562500
vt 0.98437500 0.98437500
vt 0.51562500 0.98437500
vt 0.51562500 0.51562500
vt 0.98437500 0.51562500
vt 0.98437500 0.98437500
vt 0.51562500 0.98437500
vt 0.51562500 0.51562500
vt 0.98437500 0.51562500
vt 0.98437500 0.98437500
vt 0.51562500 0.98437500
vt 0.01562500 0.51562500
vt 0.48437500 0.51562500
vt 0.48437500 0.98437500
vt 0.01562500 0.98437500
vt 0.01562500 0.51562500
vt 0.48437500 0.51562500
vt 0.48437500 0.98437500
vt 0.01562500 0.98437500
vt 0.01562500 0.51562500
vt 0.48437500 0.51562500
vt 0.48437500 0.98437500
vt 0.01562500 0.98437500
vt 0.01562500 0.51562500
vt 0.48437500 0.51562500
vt 0.48437500 0.98437500
vt 0.01562500 0.98437500
vt 0.51562500 0.01562500
vt 0.73437500 0.01562500
vt 0.73437500 0.48437500
vt 0.51562500 0.48437500
vt 0.51562500 0.01562500
vt 0.73437500 0.01562500
vt 0.73437500 0.48437500
vt 0.51562500 0.48437500
vt 0.51562500 0.01562500
vt 0.73437500 0.01562500
vt 0.73437500 0.48437500
vt 0.51562500 0.48437500
vt 0.51562500 0.01562500
vt 0.73437500 0.01562500
vt 0.73437500 0.48437500
vt 0.51562500 0.48437500
vt 0.51562500 0.01562500
vt 0.73437500 0.01562500
vt 0.73437500 0.48437500
vt 0.51562500 0.48437500
vt 0.51562500 0.01562500
vt 0.73437500 0.01562500
vt 0.73437500 0.48437500
vt 0.51562500 0.48437500
vt 0.51562500 0.01562500
vt 0.73437500 0.01562500
vt 0.73437500 0.48437500
vt 0.51562500 0.48437500
vt 0.51562500 0.01562500
vt 0.73437500 0.01562500
vt 0.73437500 0.48437500
vt 0.51562500 0.48437500
vt 0.51562500 0.01562500
vt 0.73437500 0.01562500
vt 0.73437500 0.48437500
vt 0.51562500 0.48437500
vt 0.76562500 0.01562500
vt 0.98437500 0.01562500
vt 0.98437500 0.48437500
vt 0.76562500 0.48437500
vt 0.76562500 0.01562500
vt 0.98437500 0.01562500
vt 0.98437500 0.48437500
vt 0.76562500 0.48437500
vt 0.76562500 0.01562500
vt 0.98437500 0.01562500
vt 0.98437500 0.48437500
vt 0.76562500 0.48437500
vt 0.76562500 0.01562500
vt 0.98437500 0.01562500
vt 0.98437500 0.48437500
vt 0.76562500 0.48437500
vt 0.76562500 0.01562500
vt 0.98437500 0.01562500
vt 0.98437500 0.48437500
vt 0.76562500 0.48437500
vt 0.76562500 0.01562500
vt 0.98437500 0.01562500
vt 0.98437500 0.48437500
vt 0.76562500 0.48437500
vt 0.01562500 0.51562500
vt 0.48437500 0.51562500
vt 0.48437500 0.98437500
vt 0.01562500 0.98437500
vt 0.01562500 0.51562500
vt 0.48437500 0.51562500
vt 0.48437500 0.98437500
vt 0.01562500 0.98437500
vt 0.01562500 0.51562500
vt 0.48437500 0.51562500
vt 0.48437500 0.98437500
vt 0.01562500 0.98437500
vt 0.01562500 0.51562500
vt 0.48437500 0.51562500
vt 0.48437500 0.98437500
vt 0.01562500 0.98437500
vt 0.01562500 0.51562500
vt 0.48437500 0.51562500
vt 0.48437500 0.98437500
vt 0.01562500 0.98437500
vt 0.01562500 0.51562500
vt 0.48437500 0.51562500
vt 0.48437500 0.98437500
vt 0.01562500 0.98437500
vt 0.01562500 0.51562500
vt 0.48437500 0.51562500
vt 0.48437500 0.98437500
vt 0.01562500 0.98437500
vt 0.01562500 0.51562500
vt 0.48437500 0.51562500
vt 0.48437500 0.98437500
vt 0.01562500 0.98437500
vt 0.51562500 0.51562500
vt 0.98437500 0.51562500
vt 0.98437500 0.98437500
vt 0.51562500 0.98437500
vt 0.51562500 0.51562500
vt 0.98437500 0.51562500
vt 0.98437500 0.98437500
vt 0.51562500 0.98437500
vt 0.51562500 0.51562500
vt 0.98437500 0.51562500
vt 0.98437500 0.98437500
vt 0.51562500 0.98437500
vt 0.51562500 0.51562500
vt 0.98437500 0.51562500
vt 0.98437500 0.98437500
vt 0.51562500 0.98437500
vt 0.01562500 0.51562500
vt 0.48437500 0.51562500
vt 0.48437500 0.98437500
vt 0.01562500 0.98437500
vt 0.01562500 0.51562500
vt 0.48437500 0.51562500
vt 0.48437500 0.98437500
vt 0.01562500 0.98437500
vt 0.01562500 0.51562500
vt 0.48437500 0.51562500
vt 0.48437500 0.98437500
vt 0.01562500 0.98437500
vt 0.01562500 0.51562500
vt 0.48437500 0.51562500
vt 0.48437500 0.98437500
vt 0.01562500 0.98437500
vt 0.51562500 0.01562500
vt 0.73437500 0.01562500
vt 0.73437500 0.48437500
vt 0.51562500 0.48437500
vt 0.51562500 0.01562500
vt 0.73437500 0.01562500
vt 0.73437500 0.48437500
vt 0.51562500 0.48437500
vt 0.51562500 0.01562500
vt 0.73437500 0.01562500
vt 0.73437500 0.48437500
vt 0.51562500 0.48437500
vt 0.51562500 0.01562500
vt 0.73437500 0.01562500
vt 0.73437500 0.48437500
vt 0.51562500 0.48437500
vt 0.51562500 0.01562500
vt 0.73437500 0.01562500
vt 0.73437500 0.48437500
vt 0.51562500 0.48437500
vt 0.51562500 0.01562500
vt 0.73437500 0.01562500
vt 0.73437500 0.48437500
vt 0.51562500 0.48437500
vt 0.51562500 0.01562500
vt 0.73437500 0.01562500
vt 0.73437500 0.48437500
vt 0.51562500 0.48437500
vt 0.51562500 0.01562500
vt 0.73437500 0.01562500
vt 0.73437500 0.48437500
vt 0.51562500 0.48437500
vt 0.51562500 0.01562500
vt 0.73437500 0.01562500
vt 0.73437500 0.48437500
vt 0.51562500 0.48437500
vt 0.76562500 0.01562500
vt 0.98437500 0.01562500
vt 0.98437500 0.48437500
vt 0.76562500 0.48437500
vt 0.76562500 0.01562500
vt 0.98437500 0.01562500
vt 0.98437500 0.48437500
vt 0.76562500 0.48437500
vt 0.76562500 0.01562500
vt 0.98437500 0.01562500
vt 0.98437500 0.48437500
vt 0.76562500 0.48437500
vt 0.76562500 0.01562500
vt 0.98437500 0.01562500
vt 0.98437500 0.48437500
vt 0.76562500 0.48437500
vt 0.76562500 0.01562500
vt 0.98437500 0.01562500
vt 0.98437500 0.48437500
vt 0.76562500 0.48437500
vt 0.76562500 0.01562500
vt 0.98437500 0.01562500
vt 0.98437500 0.48437500
vt 0.76562500 0.48437500
vt 0.01562500 0.51562500
vt 0.48437500 0.51562500
vt 0.48437500 0.98437500
vt 0.01562500 0.98437500
vt 0.01562500 0.51562500
vt 0.48437500 0.51562500
vt 0.48437500 0.98437500
vt 0.01562500 0.98437500
vt 0.01562500 0.51562500
vt 0.48437500 0.51562500
vt 0.48437500 0.98437500
vt 0.01562500 0.98437500
vt 0.01562500 0.51562500
vt 0.48437500 0.51562500
vt 0.48437500 0.98437500
vt 0.01562500 0.98437500
vt 0.01562500 0.51562500
vt 0.48437500 0.51562500
vt 0.48437500 0.98437500
vt 0.01562500 0.98437500
vt 0.01562500 0.51562500
vt 0.48437500 0.51562500
vt 0.48437500 0.98437500
vt 0.01562500 0.98437500
vt 0.01562500 0.51562500
vt 0.48437500 0.51562500
vt 0.48437500 0.98437500
vt 0.01562500 0.98437500
vt 0.01562500 0.51562500
vt 0.48437500 0.51562500
vt 0.48437500 0.98437500
vt 0.01562500 0.98437500
vt 0.51562500 0.51562500
vt 0.98437500 0.51562500
vt 0.98437500 0.98437500
vt 0.51562500 0.98437500
vt 0.51562500 0.51562500
vt 0.98437500 0.51562500
vt 0.98437500 0.98437500
vt 0.51562500 0.98437500
vt 0.51562500 0.51562500
vt 0.98437500 0.51562500
vt 0.98437500 0.98437500
vt 0.51562500 0.98437500
vt 0.51562500 0.51562500
vt 0.98437500 0.51562500
vt 0.98437500 0.98437500
vt 0.51562500 0.98437500
vt 0.01562500 0.51562500
vt 0.48437500 0.51562500
vt 0.48437500 0.98437500
vt 0.01562500 0.98437500
vt 0.01562500 0.51562500
vt 0.48437500 0.51562500
vt 0.48437500 0.98437500
vt 0.01562500 0.98437500
vt 0.01562500 0.51562500
vt 0.48437500 0.51562500
vt 0.48437500 0.98437500
vt 0.01562500 0.98437500
vt 0.01562500 0.51562500
vt 0.48437500 0.51562500
vt 0.48437500 0.98437500
vt 0.01562500 0.98437500
vt 0.51562500 0.01562500
vt 0.73437500 0.01562500
vt 0.73437500 0.48437500
vt 0.51562500 0.48437500
vt 0.51562500 0.01562500
vt 0.73437500 0.01562500
vt 0.73437500 0.48437500
vt 0.51562500 0.48437500
vt 0.51562500 0.01562500
vt 0.73437500 0.01562500
vt 0.73437500 0.48437500
vt 0.51562500 0.48437500
vt 0.51562500 0.01562500
vt 0.73437500 0.01562500
vt 0.73437500 0.48437500
vt 0.51562500 0.48437500
vt 0.51562500 0.01562500
vt 0.73437500 0.01562500
vt 0.73437500 0.48437500
vt 0.51562500 0.48437500
vt 0.51562500 0.01562500
vt 0.73437500 0.01562500
vt 0.73437500 0.48437500
vt 0.51562500 0.48437500
vt 0.51562500 0.01562500
vt 0.73437500 0.01562500
vt 0.73437500 0.48437500
vt 0.51562500 0.48437500
vt 0.51562500 0.01562500
vt 0.73437500 0.01562500
vt 0.73437500 0.48437500
vt 0.51562500 0.48437500
vt 0.51562500 0.01562500
vt 0.73437500 0.01562500
vt 0.73437500 0.48437500
vt 0.51562500 0.48437500
vt 0.76562500 0.01562500
vt 0.98437500 0.01562500
vt 0.98437500 0.48437500
vt 0.76562500 0.48437500
vt 0.76562500 0.01562500
vt 0.98437500 0.01562500
vt 0.98437500 0.48437500
vt 0.76562500 0.48437500
vt 0.76562500 0.01562500
vt 0.98437500 0.01562500
vt 0.98437500 0.48437500
vt 0.76562500 0.48437500
vt 0.76562500 0.01562500
vt 0.98437500 0.01562500
vt 0.98437500 0.48437500
vt 0.76562500 0.48437500
vt 0.76562500 0.01562500
vt 0.98437500 0.01562500
vt 0.98437500 0.48437500
vt 0.76562500 0.48437500
vt 0.76562500 0.01562500
vt 0.98437500 0.01562500
vt 0.98437500 0.48437500
vt 0.76562500 0.48437500
vt 0.01562500 0.51562500
vt 0.48437500 0.51562500
vt 0.48437500 0.98437500
vt 0.01562500 0.98437500
vt 0.01562500 0.51562500
vt 0.48437500 0.51562500
vt 0.48437500 0.98437500
vt 0.01562500 0.98437500
vt 0.01562500 0.51562500
vt 0.48437500 0.51562500
vt 0.48437500 0.98437500
vt 0.01562500 0.98437500
vt 0.01562500 0.51562500
vt 0.48437500 0.51562500
vt 0.48437500 0.98437500
vt 0.01562500 0.98437500
vt 0.01562500 0.51562500
vt 0.48437500 0.51562500
vt 0.48437500 0.98437500
vt 0.01562500 0.98437500
vt 0.01562500 0.51562500
vt 0.48437500 0.51562500
vt 0.48437500 0.98437500
vt 0.01562500 0.98437500
vt 0.01562500 0.51562500
vt 0.48437500 0.51562500
vt 0.48437500 0.98437500
vt 0.01562500 0.98437500
vt 0.01562500 0.51562500
vt 0.48437500 0.51562500
vt 0.48437500 0.98437500
vt 0.01562500 0.98437500
vt 0.01562500 0.51562500
vt 0.48437500 0.51562500
vt 0.48437500 0.98437500
vt 0.01562500 0.98437500
vt 0.01562500 0.51562500
vt 0.48437500 0.51562500
vt 0.48437500 0.98437500
vt 0.01562500 0.98437500
vt 0.01562500 0.51562500
vt 0.48437500 0.51562500
vt 0.48437500 0.98437500
vt 0.01562500 0.98437500
vt 0.01562500 0.51562500
vt 0.48437500 0.51562500
vt 0.48437500 0.98437500
vt 0.01562500 0.98437500
vt 0.51562500 0.51562500
vt 0.98437500 0.51562500
vt 0.98437500 0.98437500
vt 0.51562500 0.98437500
vt 0.51562500 0.51562500
vt 0.98437500 0.51562500
vt 0.98437500 0.98437500
vt 0.51562500 0.98437500
vt 0.51562500 0.51562500
vt 0.98437500 0.51562500
vt 0.98437500 0.98437500
vt 0.51562500 0.98437500
vt 0.51562500 0.51562500
vt 0.98437500 0.51562500
vt 0.98437500 0.98437500
vt 0.51562500 0.98437500
vt 0.01562500 0.51562500
vt 0.48437500 0.51562500
vt 0.48437500 0.98437500
vt 0.01562500 0.98437500
vt 0.01562500 0.51562500
vt 0.48437500 0.51562500
vt 0.48437500 0.98437500
vt 0.01562500 0.98437500
vt 0.01562500 0.51562500
vt 0.48437500 0.51562500
vt 0.48437500 0.98437500
vt 0.01562500 0.98437500
vt 0.01562500 0.51562500
vt 0.48437500 0.51562500
vt 0.48437500 0.98437500
vt 0.01562500 0.98437500
vt 0.51562500 0.01562500
vt 0.73437500 0.01562500
vt 0.73437500 0.48437500
vt 0.51562500 0.48437500
vt 0.51562500 0.01562500
vt 0.73437500 0.01562500
vt 0.73437500 0.48437500
vt 0.51562500 0.48437500
vt 0.51562500 0.01562500
vt 0.73437500 0.01562500
vt 0.73437500 0.48437500
vt 0.51562500 0.48437500
vt 0.51562500 0.01562500
vt 0.73437500 0.01562500
vt 0.73437500 0.48437500
vt 0.51562500 0.48437500
vt 0.51562500 0.01562500
vt 0.73437500 0.01562500
vt 0.73437500 0.48437500
vt 0.51562500 0.48437500
vt 0.51562500 0.01562500
vt 0.73437500 0.01562500
vt 0.73437500 0.48437500
vt 0.51562500 0.48437500
vt 0.51562500 0.01562500
vt 0.73437500 0.01562500
vt 0.73437500 0.48437500
vt 0.51562500 0.48437500
vt 0.51562500 0.01562500
vt 0.73437500 0.01562500
vt 0.73437500 0.48437500
vt 0.51562500 0.48437500
vt 0.51562500 0.01562500
vt 0.73437500 0.01562500
vt 0.73437500 0.48437500
vt 0.51562500 0.48437500
vt 0.76562500 0.01562500
vt 0.98437500 0.01562500
vt 0.98437500 0.48437500
vt 0.76562500 0.48437500
vt 0.76562500 0.01562500
vt 0.98437500 0.01562500
vt 0.98437500 0.48437500
vt 0.76562500 0.48437500
vt 0.76562500 0.01562500
vt 0.98437500 0.01562500
vt 0.98437500 0.48437500
vt 0.76562500 0.48437500
vt 0.76562500 0.01562500
vt 0.98437500 0.01562500
vt 0.98437500 0.48437500
vt 0.76562500 0.48437500
vt 0.76562500 0.01562500
vt 0.98437500 0.01562500
vt 0.98437500 0.48437500
vt 0.76562500 0.48437500
vt 0.76562500 0.01562500
vt 0.98437500 0.01562500
vt 0.98437500 0.48437500
vt 0.76562500 0.48437500
vt 0.01562500 0.51562500
vt 0.48437500 0.51562500
vt 0.48437500 0.98437500
vt 0.01562500 0.98437500
vt 0.01562500 0.51562500
vt 0.48437500 0.51562500
vt 0.48437500 0.98437500
vt 0.01562500 0.98437500
vt 0.01562500 0.51562500
vt 0.48437500 0.51562500
vt 0.48437500 0.98437500
vt 0.01562500 0.98437500
vt 0.01562500 0.51562500
vt 0.48437500 0.51562500
vt 0.48437500 0.98437500
vt 0.01562500 0.98437500
vt 0.01562500 0.51562500
vt 0.48437500 0.51562500
vt 0.48437500 0.98437500
vt 0.01562500 0.98437500
vt 0.01562500 0.51562500
vt 0.48437500 0.51562500
vt 0.48437500 0.98437500
vt 0.01562500 0.98437500
vt 0.01562500 0.51562500
vt 0.48437500 0.51562500
vt 0.48437500 0.98437500
vt 0.01562500 0.98437500
vt 0.01562500 0.51562500
vt 0.48437500 0.51562500
vt 0.48437500 0.98437500
vt 0.01562500 0.98437500
vt 0.01562500 0.51562500
vt 0.48437500 0.51562500
vt 0.48437500 0.98437500
vt 0.01562500 0.98437500
vt 0.01562500 0.51562500
vt 0.48437500 0.51562500
vt 0.48437500 0.98437500
vt 0.01562500 0.98437500
vt 0.01562500 0.51562500
vt 0.48437500 0.51562500
vt 0.48437500 0.98437500
vt 0.01562500 0.98437500
vt 0.01562500 0.51562500
vt 0.48437500 0.51562500
vt 0.48437500 0.98437500
vt 0.01562500 0.98437500
vt 0.51562500 0.51562500
vt 0.98437500 0.51562500
vt 0.98437500 0.98437500
vt 0.51562500 0.98437500
vt 0.51562500 0.51562500
vt 0.98437500 0.51562500
vt 0.98437500 0.98437500
vt 0.51562500 0.98437500
vt 0.51562500 0.51562500
vt 0.98437500 0.51562500
vt 0.98437500 0.98437500
vt 0.51562500 0.98437500
vt 0.51562500 0.51562500
vt 0.98437500 0.51562500
vt 0.98437500 0.98437500
vt 0.51562500 0.98437500
vt 0.01562500 0.51562500
vt 0.48437500 0.51562500
vt 0.48437500 0.98437500
vt 0.01562500 0.98437500
vt 0.01562500 0.51562500
vt 0.48437500 0.51562500
vt 0.48437500 0.98437500
vt 0.01562500 0.98437500
vt 0.01562500 0.51562500
vt 0.48437500 0.51562500
vt 0.48437500 0.98437500
vt 0.01562500 0.98437500
vt 0.01562500 0.51562500
vt 0.48437500 0.51562500
vt 0.48437500 0.98437500
vt 0.01562500 0.98437500
vt 0.51562500 0.01562500
vt 0.73437500 0.01562500
vt 0.73437500 0.48437500
vt 0.51562500 0.48437500
vt 0.51562500 0.01562500
vt 0.73437500 0.01562500
vt 0.73437500 0.48437500
vt 0.51562500 0.48437500
vt 0.51562500 0.01562500
vt 0.73437500 0.01562500
vt 0.73437500 0.48437500
vt 0.51562500 0.48437500
vt 0.51562500 0.01562500
vt 0.73437500 0.01562500
vt 0.73437500 0.48437500
vt 0.51562500 0.48437500
vt 0.51562500 0.01562500
vt 0.73437500 0.01562500
vt 0.73437500 0.48437500
vt 0.51562500 0.48437500
vt 0.51562500 0.01562500
vt 0.73437500 0.01562500
vt 0.73437500 0.48437500
vt 0.51562500 0.48437500
vt 0.51562500 0.01562500
vt 0.73437500 0.01562500
vt 0.73437500 0.48437500
vt 0.51562500 0.48437500
vt 0.51562500 0.01562500
vt 0.73437500 0.01562500
vt 0.73437500 0.48437500
vt 0.51562500 0.48437500
vt 0.51562500 0.01562500
vt 0.73437500 0.01562500
vt 0.73437500 0.48437500
vt 0.51562500 0.48437500
vt 0.76562500 0.01562500
vt 0.98437500 0.01562500
vt 0.98437500 0.48437500
vt 0.76562500 0.48437500
vt 0.76562500 0.01562500
vt 0.98437500 0.01562500
vt 0.98437500 0.48437500
vt 0.76562500 0.48437500
vt 0.76562500 0.01562500
vt 0.98437500 0.01562500
vt 0.98437500 0.48437500
vt 0.76562500 0.48437500
vt 0.76562500 0.01562500
vt 0.98437500 0.01562500
vt 0.98437500 0.48437500
vt 0.76562500 0.48437500
vt 0.76562500 0.01562500
vt 0.98437500 0.01562500
vt 0.98437500 0.48437500
vt 0.76562500 0.48437500
vt 0.76562500 0.01562500
vt 0.98437500 0.01562500
vt 0.98437500 0.48437500
vt 0.76562500 0.48437500
vt 0.01562500 0.51562500
vt 0.48437500 0.51562500
vt 0.48437500 0.98437500
vt 0.01562500 0.98437500
vt 0.01562500 0.51562500
vt 0.48437500 0.51562500
vt 0.48437500 0.98437500
vt 0.01562500 0.98437500
vt 0.01562500 0.51562500
vt 0.48437500 0.51562500
vt 0.48437500 0.98437500
vt 0.01562500 0.98437500
vt 0.01562500 0.51562500
vt 0.48437500 0.51562500
vt 0.48437500 0.98437500
vt 0.01562500 0.98437500
vt 0.01562500 0.51562500
vt 0.48437500 0.51562500
vt 0.48437500 0.98437500
vt 0.01562500 0.98437500
vt 0.01562500 0.51562500
vt 0.48437500 0.51562500
vt 0.48437500 0.98437500
vt 0.01562500 0.98437500
vt 0.01562500 0.51562500
vt 0.48437500 0.51562500
vt 0.48437500 0.98437500
vt 0.01562500 0.98437500
vt 0.01562500 0.51562500
vt 0.48437500 0.51562500
vt 0.48437500 0.98437500
vt 0.01562500 0.98437500
vt 0.01562500 0.51562500
vt 0.48437500 0.51562500
vt 0.48437500 0.98437500
vt 0.01562500 0.98437500
vt 0.01562500 0.51562500
vt 0.48437500 0.51562500
vt 0.48437500 0.98437500
vt 0.01562500 0.98437500
vt 0.01562500 0.51562500
vt 0.48437500 0.51562500
vt 0.48437500 0.98437500
vt 0.01562500 0.98437500
vt 0.01562500 0.51562500
vt 0.48437500 0.51562500
vt 0.48437500 0.98437500
vt 0.01562500 0.98437500
vt 0.51562500 0.51562500
vt 0.98437500 0.51562500
vt 0.98437500 0.98437500
vt 0.51562500 0.98437500
vt 0.51562500 0.51562500
vt 0.98437500 0.51562500
vt 0.98437500 0.98437500
vt 0.51562500 0.98437500
vt 0.51562500 0.51562500
vt 0.98437500 0.51562500
vt 0.98437500 0.98437500
vt 0.51562500 0.98437500
vt 0.51562500 0.51562500
vt 0.98437500 0.51562500
vt 0.98437500 0.98437500
vt 0.51562500 0.98437500
vt 0.01562500 0.51562500
vt 0.48437500 0.51562500
vt 0.48437500 0.98437500
vt 0.01562500 0.98437500
vt 0.01562500 0.51562500
vt 0.48437500 0.51562500
vt 0.48437500 0.98437500
vt 0.01562500 0.98437500
vt 0.01562500 0.51562500
vt 0.48437500 0.51562500
vt 0.48437500 0.98437500
vt 0.01562500 0.98437500
vt 0.01562500 0.51562500
vt 0.48437500 0.51562500
vt 0.48437500 0.98437500
vt 0.01562500 0.98437500
vt 0.51562500 0.01562500
vt 0.73437500 0.01562500
vt 0.73437500 0.48437500
vt 0.51562500 0.48437500
vt 0.51562500 0.01562500
vt 0.73437500 0.01562500
vt 0.73437500 0.48437500
vt 0.51562500 0.48437500
vt 0.51562500 0.01562500
vt 0.73437500 0.01562500
vt 0.73437500 0.48437500
vt 0.51562500 0.48437500
vt 0.51562500 0.01562500
vt 0.73437500 0.01562500
vt 0.73437500 0.48437500
vt 0.51562500 0.48437500
vt 0.51562500 0.01562500
vt 0.73437500 0.01562500
vt 0.73437500 0.48437500
vt 0.51562500 0.48437500
vt 0.51562500 0.01562500
vt 0.73437500 0.01562500
vt 0.73437500 0.48437500
vt 0.51562500 0.48437500
vt 0.51562500 0.01562500
vt 0.73437500 0.01562500
vt 0.73437500 0.48437500
vt 0.51562500 0.48437500
vt 0.51562500 0.01562500
vt 0.73437500 0.01562500
vt 0.73437500 0.48437500
vt 0.51562500 0.48437500
vt 0.51562500 0.01562500
vt 0.73437500 0.01562500
vt 0.73437500 0.48437500
vt 0.51562500 0.48437500
vt 0.76562500 0.01562500
vt 0.98437500 0.01562500
vt 0.98437500 0.48437500
vt 0.76562500 0.48437500
vt 0.76562500 0.01562500
vt 0.98437500 0.01562500
vt 0.98437500 0.48437500
vt 0.76562500 0.48437500
vt 0.76562500 0.01562500
vt 0.98437500 0.01562500
vt 0.98437500 0.48437500
vt 0.76562500 0.48437500
vt 0.76562500 0.01562500
vt 0.98437500 0.01562500
vt 0.98437500 0.48437500
vt 0.76562500 0.48437500
vt 0.76562500 0.01562500
vt 0.98437500 0.01562500
vt 0.98437500 0.48437500
vt 0.76562500 0.48437500
vt 0.76562500 0.01562500
vt 0.98437500 0.01562500
vt 0.98437500 0.48437500
vt 0.76562500 0.48437500
vt 0.01562500 0.51562500
vt 0.48437500 0.51562500
vt 0.48437500 0.98437500
vt 0.01562500 0.98437500
vt 0.01562500 0.51562500
vt 0.48437500 0.51562500
vt 0.48437500 0.98437500
vt 0.01562500 0.98437500
vt 0.01562500 0.51562500
vt 0.48437500 0.51562500
vt 0.48437500 0.98437500
vt 0.01562500 0.98437500
vt 0.01562500 0.51562500
vt 0.48437500 0.51562500
vt 0.48437500 0.98437500
vt 0.01562500 0.98437500
vt 0.76562500 0.01562500
vt 0.98437500 0.01562500
vt 0.98437500 0.48437500
vt 0.76562500 0.48437500
vt 0.76562500 0.01562500
vt 0.98437500 0.01562500
vt 0.98437500 0.48437500
vt 0.76562500 0.48437500
vt 0.76562500 0.01562500
vt 0.98437500 0.01562500
vt 0.98437500 0.48437500
vt 0.76562500 0.48437500
vt 0.76562500 0.01562500
vt 0.98437500 0.01562500
vt 0.98437500 0.48437500
vt 0.76562500 0.48437500
vt 0.76562500 0.01562500
vt 0.98437500 0.01562500
vt 0.98437500 0.48437500
vt 0.76562500 0.48437500
vt 0.76562500 0.01562500
vt 0.98437500 0.01562500
vt 0.98437500 0.48437500
vt 0.76562500 0.48437500
vt 0.76562500 0.01562500
vt 0.98437500 0.01562500
vt 0.98437500 0.48437500
vt 0.76562500 0.48437500
vt 0.76562500 0.01562500
vt 0.98437500 0.01562500
vt 0.98437500 0.48437500
vt 0.76562500 0.48437500
vt 0.76562500 0.01562500
vt 0.98437500 0.01562500
vt 0.98437500 0.48437500
vt 0.76562500 0.48437500
vt 0.76562500 0.01562500
vt 0.98437500 0.01562500
vt 0.98437500 0.48437500
vt 0.76562500 0.48437500
vt 0.76562500 0.01562500
vt 0.98437500 0.01562500
vt 0.98437500 0.48437500
vt 0.76562500 0.48437500
vt 0.76562500 0.01562500
vt 0.98437500 0.01562500
vt 0.98437500 0.48437500
vt 0.76562500 0.48437500
vt 0.76562500 0.01562500
vt 0.98437500 0.01562500
vt 0.98437500 0.48437500
vt 0.76562500 0.48437500
vt 0.76562500 0.01562500
vt 0.98437500 0.01562500
vt 0.98437500 0.48437500
vt 0.76562500 0.48437500
vt 0.76562500 0.01562500
vt 0.98437500 0.01562500
vt 0.98437500 0.48437500
vt 0.76562500 0.48437500
vt 0.76562500 0.01562500
vt 0.98437500 0.01562500
vt 0.98437500 0.48437500
vt 0.76562500 0.48437500
vt 0.76562500 0.01562500
vt 0.98437500 0.01562500
vt 0.98437500 0.48437500
vt 0.76562500 0.48437500
vt 0.76562500 0.01562500
vt 0.98437500 0.01562500
vt 0.98437500 0.48437500
vt 0.76562500 0.48437500
vt 0.76562500 0.01562500
vt 0.98437500 0.01562500
vt 0.98437500 0.48437500
vt 0.76562500 0.48437500
vt 0.76562500 0.01562500
vt 0.98437500 0.01562500
vt 0.98437500 0.48437500
vt 0.76562500 0.48437500
vt 0.76562500 0.01562500
vt 0.98437500 0.01562500
vt 0.98437500 0.48437500
vt 0.76562500 0.48437500
vt 0.76562500 0.01562500
vt 0.98437500 0.01562500
vt 0.98437500 0.48437500
vt 0.76562500 0.48437500
vt 0.76562500 0.01562500
vt 0.98437500 0.01562500
vt 0.98437500 0.48437500
vt 0.76562500 0.48437500
vt 0.76562500 0.01562500
vt 0.98437500 0.01562500
vt 0.98437500 0.48437500
vt 0.76562500 0.48437500
vt 0.76562500 0.01562500
vt 0.98437500 0.01562500
vt 0.98437500 0.48437500
vt 0.76562500 0.48437500
vt 0.76562500 0.01562500
vt 0.98437500 0.01562500
vt 0.98437500 0.48437500
vt 0.76562500 0.48437500
vt 0.76562500 0.01562500
vt 0.98437500 0.01562500
vt 0.98437500 0.48437500
vt 0.76562500 0.48437500
vt 0.76562500 0.01562500
vt 0.98437500 0.01562500
vt 0.98437500 0.48437500
vt 0.76562500 0.48437500
vt 0.76562500 0.01562500
vt 0.98437500 0.01562500
vt 0.98437500 0.48437500
vt 0.76562500 0.48437500
vt 0.76562500 0.01562500
vt 0.98437500 0.01562500
vt 0.98437500 0.48437500
vt 0.76562500 0.48437500
vt 0.01562500 0.01562500
vt 0.48437500 0.01562500
vt 0.48437500 0.48437500
vt 0.01562500 0.48437500
vt 0.01562500 0.01562500
vt 0.48437500 0.01562500
vt 0.48437500 0.48437500
vt 0.01562500 0.48437500
vt 0.01562500 0.01562500
vt 0.48437500 0.01562500
vt 0.48437500 0.48437500
vt 0.01562500 0.48437500
vt 0.01562500 0.01562500
vt 0.48437500 0.01562500
vt 0.48437500 0.48437500
vt 0.01562500 0.48437500
vt 0.01562500 0.01562500
vt 0.48437500 0.01562500
vt 0.48437500 0.48437500
vt 0.01562500 0.48437500
vt 0.01562500 0.01562500
vt 0.48437500 0.01562500
vt 0.48437500 0.48437500
vt 0.01562500 0.48437500
vt 0.01562500 0.01562500
vt 0.48437500 0.01562500
vt 0.48437500 0.48437500
vt 0.01562500 0.48437500
vt 0.01562500 0.01562500
vt 0.48437500 0.01562500
vt 0.48437500 0.48437500
vt 0.01562500 0.48437500
vt 0.01562500 0.01562500
vt 0.48437500 0.01562500
vt 0.48437500 0.48437500
vt 0.01562500 0.48437500
vt 0.01562500 0.01562500
vt 0.48437500 0.01562500
vt 0.48437500 0.48437500
vt 0.01562500 0.48437500
vt 0.01562500 0.01562500
vt 0.48437500 0.01562500
vt 0.48437500 0.48437500
vt 0.01562500 0.48437500
vt 0.01562500 0.01562500
vt 0.48437500 0.01562500
vt 0.48437500 0.48437500
vt 0.01562500 0.48437500
vt 0.01562500 0.01562500
vt 0.48437500 0.01562500
vt 0.48437500 0.48437500
vt 0.01562500 0.48437500
vt 0.01562500 0.01562500
vt 0.48437500 0.01562500
vt 0.48437500 0.48437500
vt 0.01562500 0.48437500
vt 0.01562500 0.01562500
vt 0.48437500 0.01562500
vt 0.48437500 0.48437500
vt 0.01562500 0.48437500
vt 0.01562500 0.01562500
vt 0.48437500 0.01562500
vt 0.48437500 0.48437500
vt 0.01562500 0.48437500
vt 0.01562500 0.01562500
vt 0.48437500 0.01562500
vt 0.48437500 0.48437500
vt 0.01562500 0.48437500
vt 0.01562500 0.01562500
vt 0.48437500 0.01562500
vt 0.48437500 0.48437500
vt 0.01562500 0.48437500
vt 0.01562500 0.01562500
vt 0.48437500 0.01562500
vt 0.48437500 0.48437500
vt 0.01562500 0.48437500
vt 0.01562500 0.01562500
vt 0.48437500 0.01562500
vt 0.48437500 0.48437500
vt 0.01562500 0.48437500
vt 0.01562500 0.01562500
vt 0.48437500 0.01562500
vt 0.48437500 0.48437500
vt 0.01562500 0.48437500
vt 0.01562500 0.01562500
vt 0.48437500 0.01562500
vt 0.48437500 0.48437500
vt 0.01562500 0.48437500
vt 0.01562500 0.01562500
vt 0.48437500 0.01562500
vt 0.48437500 0.48437500
vt 0.01562500 0.48437500
vt 0.01562500 0.01562500
vt 0.48437500 0.01562500
vt 0.48437500 0.48437500
vt 0.01562500 0.48437500
vt 0.01562500 0.01562500
vt 0.48437500 0.01562500
vt 0.48437500 0.48437500
vt 0.01562500 0.48437500
vt 0.01562500 0.01562500
vt 0.48437500 0.01562500
vt 0.48437500 0.48437500
vt 0.01562500 0.48437500
vt 0.01562500 0.01562500
vt 0.48437500 0.01562500
vt 0.48437500 0.48437500
vt 0.01562500 0.48437500
vt 0.01562500 0.01562500
vt 0.48437500 0.01562500
vt 0.48437500 0.48437500
vt 0.01562500 0.48437500
vt 0.01562500 0.01562500
vt 0.48437500 0.01562500
vt 0.48437500 0.48437500
vt 0.01562500 0.48437500
vt 0.01562500 0.01562500
vt 0.48437500 0.01562500
vt 0.48437500 0.48437500
vt 0.01562500 0.48437500
vt 0.01562500 0.01562500
vt 0.48437500 0.01562500
vt 0.48437500 0.48437500
vt 0.01562500 0.48437500
vt 0.01562500 0.01562500
vt 0.48437500 0.01562500
vt 0.48437500 0.48437500
vt 0.01562500 0.48437500
vt 0.01562500 0.01562500
vt 0.48437500 0.01562500
vt 0.48437500 0.48437500
vt 0.01562500 0.48437500
vt 0.01562500 0.01562500
vt 0.48437500 0.01562500
vt 0.48437500 0.48437500
vt 0.01562500 0.48437500
vt 0.01562500 0.01562500
vt 0.48437500 0.01562500
vt 0.48437500 0.48437500
vt 0.01562500 0.48437500
vt 0.01562500 0.01562500
vt 0.48437500 0.01562500
vt 0.48437500 0.48437500
vt 0.01562500 0.48437500
vt 0.01562500 0.01562500
vt 0.48437500 0.01562500
vt 0.48437500 0.48437500
vt 0.01562500 0.48437500
vt 0.01562500 0.01562500
vt 0.48437500 0.01562500
vt 0.48437500 0.48437500
vt 0.01562500 0.48437500
vt 0.01562500 0.01562500
vt 0.48437500 0.01562500
vt 0.48437500 0.48437500
vt 0.01562500 0.48437500
vt 0.01562500 0.01562500
vt 0.48437500 0.01562500
vt 0.48437500 0.48437500
vt 0.01562500 0.48437500
vt 0.01562500 0.01562500
vt 0.48437500 0.01562500
vt 0.48437500 0.48437500
vt 0.01562500 0.48437500
vt 0.01562500 0.01562500
vt 0.48437500 0.01562500
vt 0.48437500 0.48437500
vt 0.01562500 0.48437500
vt 0.01562500 0.01562500
vt 0.48437500 0.01562500
vt 0.48437500 0.48437500
vt 0.01562500 0.48437500
vt 0.01562500 0.01562500
vt 0.48437500 0.01562500
vt 0.48437500 0.48437500
vt 0.01562500 0.48437500
vt 0.01562500 0.01562500
vt 0.48437500 0.01562500
vt 0.48437500 0.48437500
vt 0.01562500 0.48437500
vt 0.01562500 0.01562500
vt 0.48437500 0.01562500
vt 0.48437500 0.48437500
vt 0.01562500 0.48437500
vt 0.01562500 0.01562500
vt 0.48437500 0.01562500
vt 0.48437500 0.48437500
vt 0.01562500 0.48437500
vt 0.01562500 0.01562500
vt 0.48437500 0.01562500
vt 0.48437500 0.48437500
vt 0.01562500 0.48437500
vt 0.01562500 0.01562500
vt 0.48437500 0.01562500
vt 0.48437500 0.48437500
vt 0.01562500 0.48437500
vt 0.01562500 0.01562500
vt 0.48437500 0.01562500
vt 0.48437500 0.48437500
vt 0.01562500 0.48437500
vt 0.01562500 0.01562500
vt 0.48437500 0.01562500
vt 0.48437500 0.48437500
vt 0.01562500 0.48437500
vt 0.01562500 0.01562500
vt 0.48437500 0.01562500
vt 0.48437500 0.48437500
vt 0.01562500 0.48437500
vt 0.01562500 0.01562500
vt 0.48437500 0.01562500
vt 0.48437500 0.48437500
vt 0.01562500 0.48437500
vt 0.01562500 0.01562500
vt 0.48437500 0.01562500
vt 0.48437500 0.48437500
vt 0.01562500 0.48437500
vt 0.01562500 0.01562500
vt 0.48437500 0.01562500
vt 0.48437500 0.48437500
vt 0.01562500 0.48437500
vt 0.01562500 0.01562500
vt 0.48437500 0.01562500
vt 0.48437500 0.48437500
vt 0.01562500 0.48437500
vt 0.01562500 0.01562500
vt 0.48437500 0.01562500
vt 0.48437500 0.48437500
vt 0.01562500 0.48437500
vt 0.01562500 0.01562500
vt 0.48437500 0.01562500
vt 0.48437500 0.48437500
vt 0.01562500 0.48437500
vt 0.01562500 0.01562500
vt 0.48437500 0.01562500
vt 0.48437500 0.48437500
vt 0.01562500 0.48437500
vt 0.01562500 0.01562500
vt 0.48437500 0.01562500
vt 0.48437500 0.48437500
vt 0.01562500 0.48437500
vt 0.01562500 0.01562500
vt 0.48437500 0.01562500
vt 0.48437500 0.48437500
vt 0.01562500 0.48437500
vt 0.01562500 0.01562500
vt 0.48437500 0.01562500
vt 0.48437500 0.48437500
vt 0.01562500 0.48437500
vt 0.01562500 0.01562500
vt 0.48437500 0.01562500
vt 0.48437500 0.48437500
vt 0.01562500 0.48437500
vt 0.01562500 0.01562500
vt 0.48437500 0.01562500
vt 0.48437500 0.48437500
vt 0.01562500 0.48437500
vt 0.01562500 0.01562500
vt 0.48437500 0.01562500
vt 0.48437500 0.48437500
vt 0.01562500 0.48437500
vt 0.01562500 0.01562500
vt 0.48437500 0.01562500
vt 0.48437500 0.48437500
vt 0.01562500 0.48437500
vt 0.01562500 0.01562500
vt 0.48437500 0.01562500
vt 0.48437500 0.48437500
vt 0.01562500 0.48437500
vt 0.01562500 0.01562500
vt 0.48437500 0.01562500
vt 0.48437500 0.48437500
vt 0.01562500 0.48437500
vt 0.01562500 0.01562500
vt 0.48437500 0.01562500
vt 0.48437500 0.48437500
vt 0.01562500 0.48437500
vt 0.01562500 0.01562500
vt 0.48437500 0.01562500
vt 0.48437500 0.48437500
vt 0.01562500 0.48437500
vt 0.01562500 0.01562500
vt 0.48437500 0.01562500
vt 0.48437500 0.48437500
vt 0.01562500 0.48437500
vt 0.01562500 0.01562500
vt 0.48437500 0.01562500
vt 0.48437500 0.48437500
vt 0.01562500 0.48437500
vt 0.01562500 0.01562500
vt 0.48437500 0.01562500
vt 0.48437500 0.48437500
vt 0.01562500 0.48437500
vt 0.01562500 0.01562500
vt 0.48437500 0.01562500
vt 0.48437500 0.48437500
vt 0.01562500 0.48437500
vt 0.01562500 0.01562500
vt 0.48437500 0.01562500
vt 0.48437500 0.48437500
vt 0.01562500 0.48437500
vt 0.01562500 0.01562500
vt 0.48437500 0.01562500
vt 0.48437500 0.48437500
vt 0.01562500 0.48437500
vt 0.01562500 0.01562500
vt 0.48437500 0.01562500
vt 0.48437500 0.48437500
vt 0.01562500 0.48437500
vt 0.01562500 0.01562500
vt 0.48437500 0.01562500
vt 0.48437500 0.48437500
vt 0.01562500 0.48437500
vt 0.01562500 0.01562500
vt 0.48437500 0.01562500
vt 0.48437500 0.48437500
vt 0.01562500 0.48437500
vt 0.01562500 0.01562500
vt 0.48437500 0.01562500
vt 0.48437500 0.48437500
vt 0.01562500 0.48437500
vt 0.01562500 0.01562500
vt 0.48437500 0.01562500
vt 0.48437500 0.48437500
vt 0.01562500 0.48437500
vt 0.01562500 0.01562500
vt 0.48437500 0.01562500
vt 0.48437500 0.48437500
vt 0.01562500 0.48437500
vt 0.01562500 0.01562500
vt 0.48437500 0.01562500
vt 0.48437500 0.48437500
vt 0.01562500 0.48437500
vt 0.01562500 0.01562500
vt 0.48437500 0.01562500
vt 0.48437500 0.48437500
vt 0.01562500 0.48437500
vt 0.01562500 0.01562500
vt 0.48437500 0.01562500
vt 0.48437500 0.48437500
vt 0.01562500 0.48437500
vt 0.01562500 0.01562500
vt 0.48437500 0.01562500
vt 0.48437500 0.48437500
vt 0.01562500 0.48437500
vt 0.01562500 0.01562500
vt 0.48437500 0.01562500
vt 0.48437500 0.48437500
vt 0.01562500 0.48437500
vt 0.01562500 0.01562500
vt 0.48437500 0.01562500
vt 0.48437500 0.48437500
vt 0.01562500 0.48437500
vt 0.01562500 0.01562500
vt 0.48437500 0.01562500
vt 0.48437500 0.48437500
vt 0.01562500 0.48437500
vt 0.01562500 0.01562500
vt 0.48437500 0.01562500
vt 0.48437500 0.48437500
vt 0.01562500 0.48437500
vt 0.01562500 0.01562500
vt 0.48437500 0.01562500
vt 0.48437500 0.48437500
vt 0.01562500 0.48437500
vt 0.01562500 0.01562500
vt 0.48437500 0.01562500
vt 0.48437500 0.48437500
vt 0.01562500 0.48437500
vt 0.01562500 0.01562500
vt 0.48437500 0.01562500
vt 0.48437500 0.48437500
vt 0.01562500 0.48437500
vt 0.01562500 0.01562500
vt 0.48437500 0.01562500
vt 0.48437500 0.48437500
vt 0.01562500 0.48437500
vt 0.01562500 0.01562500
vt 0.48437500 0.01562500
vt 0.48437500 0.48437500
vt 0.01562500 0.48437500
vt 0.01562500 0.01562500
vt 0.48437500 0.01562500
vt 0.48437500 0.48437500
vt 0.01562500 0.48437500
vt 0.01562500 0.01562500
vt 0.48437500 0.01562500
vt 0.48437500 0.48437500
vt 0.01562500 0.48437500
vt 0.01562500 0.01562500
vt 0.48437500 0.01562500
vt 0.48437500 0.48437500
vt 0.01562500 0.48437500
vt 0.01562500 0.01562500
vt 0.48437500 0.01562500
vt 0.48437500 0.48437500
vt 0.01562500 0.48437500
vt 0.01562500 0.01562500
vt 0.48437500 0.01562500
vt 0.48437500 0.48437500
vt 0.01562500 0.48437500
vt 0.01562500 0.01562500
vt 0.48437500 0.01562500
vt 0.48437500 0.48437500
vt 0.01562500 0.48437500
vt 0.01562500 0.01562500
vt 0.48437500 0.01562500
vt 0.48437500 0.48437500
vt 0.01562500 0.48437500
vt 0.01562500 0.01562500
vt 0.48437500 0.01562500
vt 0.48437500 0.48437500
vt 0.01562500 0.48437500
vt 0.01562500 0.01562500
vt 0.48437500 0.01562500
vt 0.48437500 0.48437500
vt 0.01562500 0.48437500
vt 0.01562500 0.01562500
vt 0.48437500 0.01562500
vt 0.48437500 0.48437500
vt 0.01562500 0.48437500
vt 0.01562500 0.01562500
vt 0.48437500 0.01562500
vt 0.48437500 0.48437500
vt 0.01562500 0.48437500
vt 0.01562500 0.01562500
vt 0.48437500 0.01562500
vt 0.48437500 0.48437500
vt 0.01562500 0.48437500
vt 0.01562500 0.01562500
vt 0.48437500 0.01562500
vt 0.48437500 0.48437500
vt 0.01562500 0.48437500
vt 0.01562500 0.01562500
vt 0.48437500 0.01562500
vt 0.48437500 0.48437500
vt 0.01562500 0.48437500
vt 0.01562500 0.01562500
vt 0.48437500 0.01562500
vt 0.48437500 0.48437500
vt 0.01562500 0.48437500
vt 0.01562500 0.01562500
vt 0.48437500 0.01562500
vt 0.48437500 0.48437500
vt 0.01562500 0.48437500
vt 0.01562500 0.01562500
vt 0.48437500 0.01562500
vt 0.48437500 0.48437500
vt 0.01562500 0.48437500
vt 0.01562500 0.01562500
vt 0.48437500 0.01562500
vt 0.48437500 0.48437500
vt 0.01562500 0.48437500
vt 0.01562500 0.01562500
vt 0.48437500 0.01562500
vt 0.48437500 0.48437500
vt 0.01562500 0.48437500
vt 0.01562500 0.01562500
vt 0.48437500 0.01562500
vt 0.48437500 0.48437500
vt 0.01562500 0.48437500
vt 0.01562500 0.01562500
vt 0.48437500 0.01562500
vt 0.48437500 0.48437500
vt 0.01562500 0.48437500
vt 0.01562500 0.01562500
vt 0.48437500 0.01562500
vt 0.48437500 0.48437500
vt 0.01562500 0.48437500
vt 0.01562500 0.01562500
vt 0.48437500 0.01562500
vt 0.48437500 0.48437500
vt 0.01562500 0.48437500
vt 0.01562500 0.01562500
vt 0.48437500 0.01562500
vt 0.48437500 0.48437500
vt 0.01562500 0.48437500
vt 0.01562500 0.01562500
vt 0.48437500 0.01562500
vt 0.48437500 0.48437500
vt 0.01562500 0.48437500
vt 0.51562500 0.01562500
vt 0.73437500 0.01562500
vt 0.73437500 0.48437500
vt 0.51562500 0.48437500
vt 0.51562500 0.01562500
vt 0.73437500 0.01562500
vt 0.73437500 0.48437500
vt 0.51562500 0.48437500
vt 0.51562500 0.01562500
vt 0.73437500 0.01562500
vt 0.73437500 0.48437500
vt 0.51562500 0.48437500
vt 0.51562500 0.01562500
vt 0.73437500 0.01562500
vt 0.73437500 0.48437500
vt 0.51562500 0.48437500
vt 0.51562500 0.01562500
vt 0.73437500 0.01562500
vt 0.73437500 0.48437500
vt 0.51562500 0.48437500
vt 0.51562500 0.01562500
vt 0.73437500 0.01562500
vt 0.73437500 0.48437500
vt 0.51562500 0.48437500
vt 0.01562500 0.01562500
vt 0.48437500 0.01562500
vt 0.48437500 0.48437500
vt 0.01562500 0.48437500
vt 0.01562500 0.01562500
vt 0.48437500 0.01562500
vt 0.48437500 0.48437500
vt 0.01562500 0.48437500
vt 0.01562500 0.01562500
vt 0.48437500 0.01562500
vt 0.48437500 0.48437500
vt 0.01562500 0.48437500
vt 0.01562500 0.01562500
vt 0.48437500 0.01562500
vt 0.48437500 0.48437500
vt 0.01562500 0.48437500
vt 0.01562500 0.01562500
vt 0.48437500 0.01562500
vt 0.48437500 0.48437500
vt 0.01562500 0.48437500
vt 0.01562500 0.01562500
vt 0.48437500 0.01562500
vt 0.48437500 0.48437500
vt 0.01562500 0.48437500
vt 0.51562500 0.01562500
vt 0.73437500 0.01562500
vt 0.73437500 0.48437500
vt 0.51562500 0.48437500
vt 0.51562500 0.01562500
vt 0.73437500 0.01562500
vt 0.73437500 0.48437500
vt 0.51562500 0.48437500
vt 0.51562500 0.01562500
vt 0.73437500 0.01562500
vt 0.73437500 0.48437500
vt 0.51562500 0.48437500
vt 0.51562500 0.01562500
vt 0.73437500 0.01562500
vt 0.73437500 0.48437500
vt 0.51562500 0.48437500
vt 0.51562500 0.01562500
vt 0.73437500 0.01562500
vt 0.73437500 0.48437500
vt 0.51562500 0.48437500
vt 0.51562500 0.01562500
vt 0.73437500 0.01562500
vt 0.73437500 0.48437500
vt 0.51562500 0.48437500
vt 0.01562500 0.01562500
vt 0.48437500 0.01562500
vt 0.48437500 0.48437500
vt 0.01562500 0.48437500
vt 0.01562500 0.01562500
vt 0.48437500 0.01562500
vt 0.48437500 0.48437500
vt 0.01562500 0.48437500
vt 0.01562500 0.01562500
vt 0.48437500 0.01562500
vt 0.48437500 0.48437500
vt 0.01562500 0.48437500
vt 0.01562500 0.01562500
vt 0.48437500 0.01562500
vt 0.48437500 0.48437500
vt 0.01562500 0.48437500
vt 0.01562500 0.01562500
vt 0.48437500 0.01562500
vt 0.48437500 0.48437500
vt 0.01562500 0.48437500
vt 0.01562500 0.01562500
vt 0.48437500 0.01562500
vt 0.48437500 0.48437500
vt 0.01562500 0.48437500
vt 0.51562500 0.01562500
vt 0.73437500 0.01562500
vt 0.73437500 0.48437500
vt 0.51562500 0.48437500
vt 0.51562500 0.01562500
vt 0.73437500 0.01562500
vt 0.73437500 0.48437500
vt 0.51562500 0.48437500
vt 0.51562500 0.01562500
vt 0.73437500 0.01562500
vt 0.73437500 0.48437500
vt 0.51562500 0.48437500
vt 0.51562500 0.01562500
vt 0.73437500 0.01562500
vt 0.73437500 0.48437500
vt 0.51562500 0.48437500
vt 0.51562500 0.01562500
vt 0.73437500 0.01562500
vt 0.73437500 0.48437500
vt 0.51562500 0.48437500
vt 0.51562500 0.01562500
vt 0.73437500 0.01562500
vt 0.73437500 0.48437500
vt 0.51562500 0.48437500
vt 0.01562500 0.01562500
vt 0.48437500 0.01562500
vt 0.48437500 0.48437500
vt 0.01562500 0.48437500
vt 0.01562500 0.01562500
vt 0.48437500 0.01562500
vt 0.48437500 0.48437500
vt 0.01562500 0.48437500
vt 0.01562500 0.01562500
vt 0.48437500 0.01562500
vt 0.48437500 0.48437500
vt 0.01562500 0.48437500
vt 0.01562500 0.01562500
vt 0.48437500 0.01562500
vt 0.48437500 0.48437500
vt 0.01562500 0.48437500
vt 0.01562500 0.01562500
vt 0.48437500 0.01562500
vt 0.48437500 0.48437500
vt 0.01562500 0.48437500
vt 0.01562500 0.01562500
vt 0.48437500 0.01562500
vt 0.48437500 0.48437500
vt 0.01562500 0.48437500
vt 0.51562500 0.01562500
vt 0.73437500 0.01562500
vt 0.73437500 0.48437500
vt 0.51562500 0.48437500
vt 0.51562500 0.01562500
vt 0.73437500 0.01562500
vt 0.73437500 0.48437500
vt 0.51562500 0.48437500
vt 0.51562500 0.01562500
vt 0.73437500 0.01562500
vt 0.73437500 0.48437500
vt 0.51562500 0.48437500
vt 0.51562500 0.01562500
vt 0.73437500 0.01562500
vt 0.73437500 0.48437500
vt 0.51562500 0.48437500
vt 0.51562500 0.01562500
vt 0.73437500 0.01562500
vt 0.73437500 0.48437500
vt 0.51562500 0.48437500
vt 0.51562500 0.01562500
vt 0.73437500 0.01562500
vt 0.73437500 0.48437500
vt 0.51562500 0.48437500
vt 0.01562500 0.01562500
vt 0.48437500 0.01562500
vt 0.48437500 0.48437500
vt 0.01562500 0.48437500
vt 0.01562500 0.01562500
vt 0.48437500 0.01562500
vt 0.48437500 0.48437500
vt 0.01562500 0.48437500
vt 0.01562500 0.01562500
vt 0.48437500 0.01562500
vt 0.48437500 0.48437500
vt 0.01562500 0.48437500
vt 0.01562500 0.01562500
vt 0.48437500 0.01562500
vt 0.48437500 0.48437500
vt 0.01562500 0.48437500
vt 0.01562500 0.01562500
vt 0.48437500 0.01562500
vt 0.48437500 0.48437500
vt 0.01562500 0.48437500
vt 0.01562500 0.01562500
vt 0.48437500 0.01562500
vt 0.48437500 0.48437500
vt 0.01562500 0.48437500
vt 0.51562500 0.01562500
vt 0.73437500 0.01562500
vt 0.73437500 0.48437500
vt 0.51562500 0.48437500
vt 0.51562500 0.01562500
vt 0.73437500 0.01562500
vt 0.73437500 0.48437500
vt 0.51562500 0.48437500
vt 0.51562500 0.01562500
vt 0.73437500 0.01562500
vt 0.73437500 0.48437500
vt 0.51562500 0.48437500
vt 0.51562500 0.01562500
vt 0.73437500 0.01562500
vt 0.73437500 0.48437500
vt 0.51562500 0.48437500
vt 0.51562500 0.01562500
vt 0.73437500 0.01562500
vt 0.73437500 0.48437500
vt 0.51562500 0.48437500
vt 0.51562500 0.01562500
vt 0.73437500 0.01562500
vt 0.73437500 0.48437500
vt 0.51562500 0.48437500
vt 0.01562500 0.01562500
vt 0.48437500 0.01562500
vt 0.48437500 0.48437500
vt 0.01562500 0.48437500
vt 0.01562500 0.01562500
vt 0.48437500 0.01562500
vt 0.48437500 0.48437500
vt 0.01562500 0.48437500
vt 0.01562500 0.01562500
vt 0.48437500 0.01562500
vt 0.48437500 0.48437500
vt 0.01562500 0.48437500
vt 0.01562500 0.01562500
vt 0.48437500 0.01562500
vt 0.48437500 0.48437500
vt 0.01562500 0.48437500
vt 0.01562500 0.01562500
vt 0.48437500 0.01562500
vt 0.48437500 0.48437500
vt 0.01562500 0.48437500
vt 0.01562500 0.01562500
vt 0.48437500 0.01562500
vt 0.48437500 0.48437500
vt 0.01562500 0.48437500
vt 0.51562500 0.01562500
vt 0.73437500 0.01562500
vt 0.73437500 0.48437500
vt 0.51562500 0.48437500
vt 0.51562500 0.01562500
vt 0.73437500 0.01562500
vt 0.73437500 0.48437500
vt 0.51562500 0.48437500
vt 0.51562500 0.01562500
vt 0.73437500 0.01562500
vt 0.73437500 0.48437500
vt 0.51562500 0.48437500
vt 0.51562500 0.01562500
vt 0.73437500 0.01562500
vt 0.73437500 0.48437500
vt 0.51562500 0.48437500
vt 0.51562500 0.01562500
vt 0.73437500 0.01562500
vt 0.73437500 0.48437500
vt 0.51562500 0.48437500
vt 0.51562500 0.01562500
vt 0.73437500 0.01562500
vt 0.73437500 0.48437500
vt 0.51562500 0.48437500
vt 0.01562500 0.01562500
vt 0.48437500 0.01562500
vt 0.48437500 0.48437500
vt 0.01562500 0.48437500
vt 0.01562500 0.01562500
vt 0.48437500 0.01562500
vt 0.48437500 0.48437500
vt 0.01562500 0.48437500
vt 0.01562500 0.01562500
vt 0.48437500 0.01562500
vt 0.48437500 0.48437500
vt 0.01562500 0.48437500
vt 0.01562500 0.01562500
vt 0.48437500 0.01562500
vt 0.48437500 0.48437500
vt 0.01562500 0.48437500
vt 0.01562500 0.01562500
vt 0.48437500 0.01562500
vt 0.48437500 0.48437500
vt 0.01562500 0.48437500
vt 0.01562500 0.01562500
vt 0.48437500 0.01562500
vt 0.48437500 0.48437500
vt 0.01562500 0.48437500
vt 0.51562500 0.01562500
vt 0.73437500 0.01562500
vt 0.73437500 0.48437500
vt 0.51562500 0.48437500
vt 0.51562500 0.01562500
vt 0.73437500 0.01562500
vt 0.73437500 0.48437500
vt 0.51562500 0.48437500
vt 0.51562500 0.01562500
vt 0.73437500 0.01562500
vt 0.73437500 0.48437500
vt 0.51562500 0.48437500
vt 0.51562500 0.01562500
vt 0.73437500 0.01562500
vt 0.73437500 0.48437500
vt 0.51562500 0.48437500
vt 0.51562500 0.01562500
vt 0.73437500 0.01562500
vt 0.73437500 0.48437500
vt 0.51562500 0.48437500
vt 0.51562500 0.01562500
vt 0.73437500 0.01562500
vt 0.73437500 0.48437500
vt 0.51562500 0.48437500
vt 0.01562500 0.01562500
vt 0.48437500 0.01562500
vt 0.48437500 0.48437500
vt 0.01562500 0.48437500
vt 0.01562500 0.01562500
vt 0.48437500 0.01562500
vt 0.48437500 0.48437500
vt 0.01562500 0.48437500
vt 0.01562500 0.01562500
vt 0.48437500 0.01562500
vt 0.48437500 0.48437500
vt 0.01562500 0.48437500
vt 0.01562500 0.01562500
vt 0.48437500 0.01562500
vt 0.48437500 0.48437500
vt 0.01562500 0.48437500
vt 0.01562500 0.01562500
vt 0.48437500 0.01562500
vt 0.48437500 0.48437500
vt 0.01562500 0.48437500
vt 0.01562500 0.01562500
vt 0.48437500 0.01562500
vt 0.48437500 0.48437500
vt 0.01562500 0.48437500
vt 0.51562500 0.01562500
vt 0.73437500 0.01562500
vt 0.73437500 0.48437500
vt 0.51562500 0.48437500
vt 0.51562500 0.01562500
vt 0.73437500 0.01562500
vt 0.73437500 0.48437500
vt 0.51562500 0.48437500
vt 0.51562500 0.01562500
vt 0.73437500 0.01562500
vt 0.73437500 0.48437500
vt 0.51562500 0.48437500
vt 0.51562500 0.01562500
vt 0.73437500 0.01562500
vt 0.73437500 0.48437500
vt 0.51562500 0.48437500
vt 0.51562500 0.01562500
vt 0.73437500 0.01562500
vt 0.73437500 0.48437500
vt 0.51562500 0.48437500
vt 0.51562500 0.01562500
vt 0.73437500 0.01562500
vt 0.73437500 0.48437500
vt 0.51562500 0.48437500
vt 0.01562500 0.01562500
vt 0.48437500 0.01562500
vt 0.48437500 0.48437500
vt 0.01562500 0.48437500
vt 0.01562500 0.01562500
vt 0.48437500 0.01562500
vt 0.48437500 0.48437500
vt 0.01562500 0.48437500
vt 0.01562500 0.01562500
vt 0.48437500 0.01562500
vt 0.48437500 0.48437500
vt 0.01562500 0.48437500
vt 0.01562500 0.01562500
vt 0.48437500 0.01562500
vt 0.48437500 0.48437500
vt 0.01562500 0.48437500
vt 0.01562500 0.01562500
vt 0.48437500 0.01562500
vt 0.48437500 0.48437500
vt 0.01562500 0.48437500
vt 0.01562500 0.01562500
vt 0.48437500 0.01562500
vt 0.48437500 0.48437500
vt 0.01562500 0.48437500
vt 0.51562500 0.01562500
vt 0.73437500 0.01562500
vt 0.73437500 0.48437500
vt 0.51562500 0.48437500
vt 0.51562500 0.01562500
vt 0.73437500 0.01562500
vt 0.73437500 0.48437500
vt 0.51562500 0.48437500
vt 0.51562500 0.01562500
vt 0.73437500 0.01562500
vt 0.73437500 0.48437500
vt 0.51562500 0.48437500
vt 0.51562500 0.01562500
vt 0.73437500 0.01562500
vt 0.73437500 0.48437500
vt 0.51562500 0.48437500
vt 0.51562500 0.01562500
vt 0.73437500 0.01562500
vt 0.73437500 0.48437500
vt 0.51562500 0.48437500
vt 0.51562500 0.01562500
vt 0.73437500 0.01562500
vt 0.73437500 0.48437500
vt 0.51562500 0.48437500
vt 0.01562500 0.01562500
vt 0.48437500 0.01562500
vt 0.48437500 0.48437500
vt 0.01562500 0.48437500
vt 0.01562500 0.01562500
vt 0.48437500 0.01562500
vt 0.48437500 0.48437500
vt 0.01562500 0.48437500
vt 0.01562500 0.01562500
vt 0.48437500 0.01562500
vt 0.48437500 0.48437500
vt 0.01562500 0.48437500
vt 0.01562500 0.01562500
vt 0.48437500 0.01562500
vt 0.48437500 0.48437500
vt 0.01562500 0.48437500
vt 0.01562500 0.01562500
vt 0.48437500 0.01562500
vt 0.48437500 0.48437500
vt 0.01562500 0.48437500
vt 0.01562500 0.01562500
vt 0.48437500 0.01562500
vt 0.48437500 0.48437500
vt 0.01562500 0.48437500
vt 0.51562500 0.01562500
vt 0.73437500 0.01562500
vt 0.73437500 0.48437500
vt 0.51562500 0.48437500
vt 0.51562500 0.01562500
vt 0.73437500 0.01562500
vt 0.73437500 0.48437500
vt 0.51562500 0.48437500
vt 0.51562500 0.01562500
vt 0.73437500 0.01562500
vt 0.73437500 0.48437500
vt 0.51562500 0.48437500
vt 0.51562500 0.01562500
vt 0.73437500 0.01562500
vt 0.73437500 0.48437500
vt 0.51562500 0.48437500
vt 0.51562500 0.01562500
vt 0.73437500 0.01562500
vt 0.73437500 0.48437500
vt 0.51562500 0.48437500
vt 0.51562500 0.01562500
vt 0.73437500 0.01562500
vt 0.73437500 0.48437500
vt 0.51562500 0.48437500
vt 0.01562500 0.01562500
vt 0.48437500 0.01562500
vt 0.48437500 0.48437500
vt 0.01562500 0.48437500
vt 0.01562500 0.01562500
vt 0.48437500 0.01562500
vt 0.48437500 0.48437500
vt 0.01562500 0.48437500
vt 0.01562500 0.01562500
vt 0.48437500 0.01562500
vt 0.48437500 0.48437500
vt 0.01562500 0.48437500
vt 0.01562500 0.01562500
vt 0.48437500 0.01562500
vt 0.48437500 0.48437500
vt 0.01562500 0.48437500
vt 0.01562500 0.01562500
vt 0.48437500 0.01562500
vt 0.48437500 0.48437500
vt 0.01562500 0.48437500
vt 0.01562500 0.01562500
vt 0.48437500 0.01562500
vt 0.48437500 0.48437500
vt 0.01562500 0.48437500
vt 0.51562500 0.01562500
vt 0.73437500 0.01562500
vt 0.73437500 0.48437500
vt 0.51562500 0.48437500
vt 0.51562500 0.01562500
vt 0.73437500 0.01562500
vt 0.73437500 0.48437500
vt 0.51562500 0.48437500
vt 0.51562500 0.01562500
vt 0.73437500 0.01562500
vt 0.73437500 0.48437500
vt 0.51562500 0.48437500
vt 0.51562500 0.01562500
vt 0.73437500 0.01562500
vt 0.73437500 0.48437500
vt 0.51562500 0.48437500
vt 0.51562500 0.01562500
vt 0.73437500 0.01562500
vt 0.73437500 0.48437500
vt 0.51562500 0.48437500
vt 0.51562500 0.01562500
vt 0.73437500 0.01562500
vt 0.73437500 0.48437500
vt 0.51562500 0.48437500
vt 0.01562500 0.51562500
vt 0.48437500 0.51562500
vt 0.48437500 0.98437500
vt 0.01562500 0.98437500
vt 0.01562500 0.51562500
vt 0.48437500 0.51562500
vt 0.48437500 0.98437500
vt 0.01562500 0.98437500
vt 0.01562500 0.51562500
vt 0.48437500 0.51562500
vt 0.48437500 0.98437500
vt 0.01562500 0.98437500
vt 0.01562500 0.51562500
vt 0.48437500 0.51562500
vt 0.48437500 0.98437500
vt 0.01562500 0.98437500
vt 0.01562500 0.51562500
vt 0.48437500 0.51562500
vt 0.48437500 0.98437500
vt 0.01562500 0.98437500
vt 0.01562500 0.51562500
vt 0.48437500 0.51562500
vt 0.48437500 0.98437500
vt 0.01562500 0.98437500
vt 0.01562500 0.51562500
vt 0.48437500 0.51562500
vt 0.48437500 0.98437500
vt 0.01562500 0.98437500
vt 0.01562500 0.51562500
vt 0.48437500 0.51562500
vt 0.48437500 0.98437500
vt 0.01562500 0.98437500
vt 0.01562500 0.51562500
vt 0.48437500 0.51562500
vt 0.48437500 0.98437500
vt 0.01562500 0.98437500
vt 0.01562500 0.51562500
vt 0.48437500 0.51562500
vt 0.48437500 0.98437500
vt 0.01562500 0.98437500
vt 0.01562500 0.51562500
vt 0.48437500 0.51562500
vt 0.48437500 0.98437500
vt 0.01562500 0.98437500
vt 0.01562500 0.51562500
vt 0.48437500 0.51562500
vt 0.48437500 0.98437500
vt 0.01562500 0.98437500
vt 0.01562500 0.51562500
vt 0.48437500 0.51562500
vt 0.48437500 0.98437500
vt 0.01562500 0.98437500
vt 0.01562500 0.51562500
vt 0.48437500 0.51562500
vt 0.48437500 0.98437500
vt 0.01562500 0.98437500
vt 0.01562500 0.51562500
vt 0.48437500 0.51562500
vt 0.48437500 0.98437500
vt 0.01562500 0.98437500
vt 0.01562500 0.51562500
vt 0.48437500 0.51562500
vt 0.48437500 0.98437500
vt 0.01562500 0.98437500
vt 0.01562500 0.51562500
vt 0.48437500 0.51562500
vt 0.48437500 0.98437500
vt 0.01562500 0.98437500
vt 0.01562500 0.51562500
vt 0.48437500 0.51562500
vt 0.48437500 0.98437500
vt 0.01562500 0.98437500
vt 0.01562500 0.51562500
vt 0.48437500 0.51562500
vt 0.48437500 0.98437500
vt 0.01562500 0.98437500
vt 0.01562500 0.51562500
vt 0.48437500 0.51562500
vt 0.48437500 0.98437500
vt 0.01562500 0.98437500
vt 0.01562500 0.51562500
vt 0.48437500 0.51562500
vt 0.48437500 0.98437500
vt 0.01562500 0.98437500
vt 0.01562500 0.51562500
vt 0.48437500 0.51562500
vt 0.48437500 0.98437500
vt 0.01562500 0.98437500
vt 0.01562500 0.51562500
vt 0.48437500 0.51562500
vt 0.48437500 0.98437500
vt 0.01562500 0.98437500
vt 0.01562500 0.51562500
vt 0.48437500 0.51562500
vt 0.48437500 0.98437500
vt 0.01562500 0.98437500
vt 0.01562500 0.51562500
vt 0.48437500 0.51562500
vt 0.48437500 0.98437500
vt 0.01562500 0.98437500
vt 0.01562500 0.51562500
vt 0.48437500 0.51562500
vt 0.48437500 0.98437500
vt 0.01562500 0.98437500
vt 0.51562500 0.51562500
vt 0.98437500 0.51562500
vt 0.98437500 0.98437500
vt 0.51562500 0.98437500
vt 0.51562500 0.51562500
vt 0.98437500 0.51562500
vt 0.98437500 0.98437500
vt 0.51562500 0.98437500
vt 0.51562500 0.51562500
vt 0.98437500 0.51562500
vt 0.98437500 0.98437500
vt 0.51562500 0.98437500
vt 0.51562500 0.51562500
vt 0.98437500 0.51562500
vt 0.98437500 0.98437500
vt 0.51562500 0.98437500
vt 0.01562500 0.51562500
vt 0.48437500 0.51562500
vt 0.48437500 0.98437500
vt 0.01562500 0.98437500
vt 0.01562500 0.51562500
vt 0.48437500 0.51562500
vt 0.48437500 0.98437500
vt 0.01562500 0.98437500
vt 0.01562500 0.51562500
vt 0.48437500 0.51562500
vt 0.48437500 0.98437500
vt 0.01562500 0.98437500
vt 0.01562500 0.51562500
vt 0.48437500 0.51562500
vt 0.48437500 0.98437500
vt 0.01562500 0.98437500
vt 0.51562500 0.01562500
vt 0.73437500 0.01562500
vt 0.73437500 0.48437500
vt 0.51562500 0.48437500
vt 0.51562500 0.01562500
vt 0.73437500 0.01562500
vt 0.73437500 0.48437500
vt 0.51562500 0.48437500
vt 0.51562500 0.01562500
vt 0.73437500 0.01562500
vt 0.73437500 0.48437500
vt 0.51562500 0.48437500
vt 0.51562500 0.01562500
vt 0.73437500 0.01562500
vt 0.73437500 0.48437500
vt 0.51562500 0.48437500
vt 0.51562500 0.01562500
vt 0.73437500 0.01562500
vt 0.73437500 0.48437500
vt 0.51562500 0.48437500
vt 0.51562500 0.01562500
vt 0.73437500 0.01562500
vt 0.73437500 0.48437500
vt 0.51562500 0.48437500
vt 0.51562500 0.01562500
vt 0.73437500 0.01562500
vt 0.73437500 0.48437500
vt 0.51562500 0.48437500
vt 0.51562500 0.01562500
vt 0.73437500 0.01562500
vt 0.73437500 0.48437500
vt 0.51562500 0.48437500
vt 0.51562500 0.01562500
vt 0.73437500 0.01562500
vt 0.73437500 0.48437500
vt 0.51562500 0.48437500
vt 0.76562500 0.01562500
vt 0.98437500 0.01562500
vt 0.98437500 0.48437500
vt 0.76562500 0.48437500
vt 0.76562500 0.01562500
vt 0.98437500 0.01562500
vt 0.98437500 0.48437500
vt 0.76562500 0.48437500
vt 0.76562500 0.01562500
vt 0.98437500 0.01562500
vt 0.98437500 0.48437500
vt 0.76562500 0.48437500
vt 0.76562500 0.01562500
vt 0.98437500 0.01562500
vt 0.98437500 0.48437500
vt 0.76562500 0.48437500
vt 0.76562500 0.01562500
vt 0.98437500 0.01562500
vt 0.98437500 0.48437500
vt 0.76562500 0.48437500
vt 0.76562500 0.01562500
vt 0.98437500 0.01562500
vt 0.98437500 0.48437500
vt 0.76562500 0.48437500
vt 0.01562500 0.51562500
vt 0.48437500 0.51562500
vt 0.48437500 0.98437500
vt 0.01562500 0.98437500
vt 0.01562500 0.51562500
vt 0.48437500 0.51562500
vt 0.48437500 0.98437500
vt 0.01562500 0.98437500
vt 0.01562500 0.51562500
vt 0.48437500 0.51562500
vt 0.48437500 0.98437500
vt 0.01562500 0.98437500
vt 0.01562500 0.51562500
vt 0.48437500 0.51562500
vt 0.48437500 0.98437500
vt 0.01562500 0.98437500
vt 0.01562500 0.51562500
vt 0.48437500 0.51562500
vt 0.48437500 0.98437500
vt 0.01562500 0.98437500
vt 0.01562500 0.51562500
vt 0.48437500 0.51562500
vt 0.48437500 0.98437500
vt 0.01562500 0.98437500
vt 0.01562500 0.51562500
vt 0.48437500 0.51562500
vt 0.48437500 0.98437500
vt 0.01562500 0.98437500
vt 0.01562500 0.51562500
vt 0.48437500 0.51562500
vt 0.48437500 0.98437500
vt 0.01562500 0.98437500
vt 0.01562500 0.51562500
vt 0.48437500 0.51562500
vt 0.48437500 0.98437500
vt 0.01562500 0.98437500
vt 0.01562500 0.51562500
vt 0.48437500 0.51562500
vt 0.48437500 0.98437500
vt 0.01562500 0.98437500
vt 0.01562500 0.51562500
vt 0.48437500 0.51562500
vt 0.48437500 0.98437500
vt 0.01562500 0.98437500
vt 0.01562500 0.51562500
vt 0.48437500 0.51562500
vt 0.48437500 0.98437500
vt 0.01562500 0.98437500
vt 0.01562500 0.51562500
vt 0.48437500 0.51562500
vt 0.48437500 0.98437500
vt 0.01562500 0.98437500
vt 0.01562500 0.51562500
vt 0.48437500 0.51562500
vt 0.48437500 0.98437500
vt 0.01562500 0.98437500
vt 0.01562500 0.51562500
vt 0.48437500 0.51562500
vt 0.48437500 0.98437500
vt 0.01562500 0.98437500
vt 0.01562500 0.51562500
vt 0.48437500 0.51562500
vt 0.48437500 0.98437500
vt 0.01562500 0.98437500
vt 0.01562500 0.51562500
vt 0.48437500 0.51562500
vt 0.48437500 0.98437500
vt 0.01562500 0.98437500
vt 0.01562500 0.51562500
vt 0.48437500 0.51562500
vt 0.48437500 0.98437500
vt 0.01562500 0.98437500
vt 0.01562500 0.51562500
vt 0.48437500 0.51562500
vt 0.48437500 0.98437500
vt 0.01562500 0.98437500
vt 0.01562500 0.51562500
vt 0.48437500 0.51562500
vt 0.48437500 0.98437500
vt 0.01562500 0.98437500
vt 0.01562500 0.51562500
vt 0.48437500 0.51562500
vt 0.48437500 0.98437500
vt 0.01562500 0.98437500
vt 0.01562500 0.51562500
vt 0.48437500 0.51562500
vt 0.48437500 0.98437500
vt 0.01562500 0.98437500
vt 0.01562500 0.51562500
vt 0.48437500 0.51562500
vt 0.48437500 0.98437500
vt 0.01562500 0.98437500
vt 0.01562500 0.51562500
vt 0.48437500 0.51562500
vt 0.48437500 0.98437500
vt 0.01562500 0.98437500
vt 0.51562500 0.51562500
vt 0.98437500 0.51562500
vt 0.98437500 0.98437500
vt 0.51562500 0.98437500
vt 0.51562500 0.51562500
vt 0.98437500 0.51562500
vt 0.98437500 0.98437500
vt 0.51562500 0.98437500
vt 0.51562500 0.51562500
vt 0.98437500 0.51562500
vt 0.98437500 0.98437500
vt 0.51562500 0.98437500
vt 0.51562500 0.51562500
vt 0.98437500 0.51562500
vt 0.98437500 0.98437500
vt 0.51562500 0.98437500
vt 0.01562500 0.51562500
vt 0.48437500 0.51562500
vt 0.48437500 0.98437500
vt 0.01562500 0.98437500
vt 0.01562500 0.51562500
vt 0.48437500 0.51562500
vt 0.48437500 0.98437500
vt 0.01562500 0.98437500
vt 0.01562500 0.51562500
vt 0.48437500 0.51562500
vt 0.48437500 0.98437500
vt 0.01562500 0.98437500
vt 0.01562500 0.51562500
vt 0.48437500 0.51562500
vt 0.48437500 0.98437500
vt 0.01562500 0.98437500
vt 0.51562500 0.01562500
vt 0.73437500 0.01562500
vt 0.73437500 0.48437500
vt 0.51562500 0.48437500
vt 0.51562500 0.01562500
vt 0.73437500 0.01562500
vt 0.73437500 0.48437500
vt 0.51562500 0.48437500
vt 0.51562500 0.01562500
vt 0.73437500 0.01562500
vt 0.73437500 0.48437500
vt 0.51562500 0.48437500
vt 0.51562500 0.01562500
vt 0.73437500 0.01562500
vt 0.73437500 0.48437500
vt 0.51562500 0.48437500
vt 0.51562500 0.01562500
vt 0.73437500 0.01562500
vt 0.73437500 0.48437500
vt 0.51562500 0.48437500
vt 0.51562500 0.01562500
vt 0.73437500 0.01562500
vt 0.73437500 0.48437500
vt 0.51562500 0.48437500
vt 0.51562500 0.01562500
vt 0.73437500 0.01562500
vt 0.73437500 0.48437500
vt 0.51562500 0.48437500
vt 0.51562500 0.01562500
vt 0.73437500 0.01562500
vt 0.73437500 0.48437500
vt 0.51562500 0.48437500
vt 0.51562500 0.01562500
vt 0.73437500 0.01562500
vt 0.73437500 0.48437500
vt 0.51562500 0.48437500
vt 0.76562500 0.01562500
vt 0.98437500 0.01562500
vt 0.98437500 0.48437500
vt 0.76562500 0.48437500
vt 0.76562500 0.01562500
vt 0.98437500 0.01562500
vt 0.98437500 0.48437500
vt 0.76562500 0.48437500
vt 0.76562500 0.01562500
vt 0.98437500 0.01562500
vt 0.98437500 0.48437500
vt 0.76562500 0.48437500
vt 0.76562500 0.01562500
vt 0.98437500 0.01562500
vt 0.98437500 0.48437500
vt 0.76562500 0.48437500
vt 0.76562500 0.01562500
vt 0.98437500 0.01562500
vt 0.98437500 0.48437500
vt 0.76562500 0.48437500
vt 0.76562500 0.01562500
vt 0.98437500 0.01562500
vt 0.98437500 0.48437500
vt 0.76562500 0.48437500
vt 0.01562500 0.51562500
vt 0.48437500 0.51562500
vt 0.48437500 0.98437500
vt 0.01562500 0.98437500
vt 0.01562500 0.51562500
vt 0.48437500 0.51562500
vt 0.48437500 0.98437500
vt 0.01562500 0.98437500
vt 0.01562500 0.51562500
vt 0.48437500 0.51562500
vt 0.48437500 0.98437500
vt 0.01562500 0.98437500
vt 0.01562500 0.51562500
vt 0.48437500 0.51562500
vt 0.48437500 0.98437500
vt 0.01562500 0.98437500
vt 0.01562500 0.51562500
vt 0.48437500 0.51562500
vt 0.48437500 0.98437500
vt 0.01562500 0.98437500
vt 0.01562500 0.51562500
vt 0.48437500 0.51562500
vt 0.48437500 0.98437500
vt 0.01562500 0.98437500
vt 0.01562500 0.51562500
vt 0.48437500 0.51562500
vt 0.48437500 0.98437500
vt 0.01562500 0.98437500
vt 0.01562500 0.51562500
vt 0.48437500 0.51562500
vt 0.48437500 0.98437500
vt 0.01562500 0.98437500
vt 0.01562500 0.51562500
vt 0.48437500 0.51562500
vt 0.48437500 0.98437500
vt 0.01562500 0.98437500
vt 0.01562500 0.51562500
vt 0.48437500 0.51562500
vt 0.48437500 0.98437500
vt 0.01562500 0.98437500
vt 0.01562500 0.51562500
vt 0.48437500 0.51562500
vt 0.48437500 0.98437500
vt 0.01562500 0.98437500
vt 0.01562500 0.51562500
vt 0.48437500 0.51562500
vt 0.48437500 0.98437500
vt 0.01562500 0.98437500
vt 0.01562500 0.51562500
vt 0.48437500 0.51562500
vt 0.48437500 0.98437500
vt 0.01562500 0.98437500
vt 0.01562500 0.51562500
vt 0.48437500 0.51562500
vt 0.48437500 0.98437500
vt 0.01562500 0.98437500
vt 0.01562500 0.51562500
vt 0.48437500 0.51562500
vt 0.48437500 0.98437500
vt 0.01562500 0.98437500
vt 0.01562500 0.51562500
vt 0.48437500 0.51562500
vt 0.48437500 0.98437500
vt 0.01562500 0.98437500
vt 0.01562500 0.51562500
vt 0.48437500 0.51562500
vt 0.48437500 0.98437500
vt 0.01562500 0.98437500
vt 0.01562500 0.51562500
vt 0.48437500 0.51562500
vt 0.48437500 0.98437500
vt 0.01562500 0.98437500
vt 0.01562500 0.51562500
vt 0.48437500 0.51562500
vt 0.48437500 0.98437500
vt 0.01562500 0.98437500
vt 0.01562500 0.51562500
vt 0.48437500 0.51562500
vt 0.48437500 0.98437500
vt 0.01562500 0.98437500
vt 0.01562500 0.51562500
vt 0.48437500 0.51562500
vt 0.48437500 0.98437500
vt 0.01562500 0.98437500
vt 0.01562500 0.51562500
vt 0.48437500 0.51562500
vt 0.48437500 0.98437500
vt 0.01562500 0.98437500
vt 0.01562500 0.51562500
vt 0.48437500 0.51562500
vt 0.48437500 0.98437500
vt 0.01562500 0.98437500
vt 0.01562500 0.51562500
vt 0.48437500 0.51562500
vt 0.48437500 0.98437500
vt 0.01562500 0.98437500
vt 0.01562500 0.51562500
vt 0.48437500 0.51562500
vt 0.48437500 0.98437500
vt 0.01562500 0.98437500
vt 0.01562500 0.51562500
vt 0.48437500 0.51562500
vt 0.48437500 0.98437500
vt 0.01562500 0.98437500
vt 0.01562500 0.51562500
vt 0.48437500 0.51562500
vt 0.48437500 0.98437500
vt 0.01562500 0.98437500
vt 0.01562500 0.51562500
vt 0.48437500 0.51562500
vt 0.48437500 0.98437500
vt 0.01562500 0.98437500
vt 0.51562500 0.51562500
vt 0.98437500 0.51562500
vt 0.98437500 0.98437500
vt 0.51562500 0.98437500
vt 0.51562500 0.51562500
vt 0.98437500 0.51562500
vt 0.98437500 0.98437500
vt 0.51562500 0.98437500
vt 0.51562500 0.51562500
vt 0.98437500 0.51562500
vt 0.98437500 0.98437500
vt 0.51562500 0.98437500
vt 0.51562500 0.51562500
vt 0.98437500 0.51562500
vt 0.98437500 0.98437500
vt 0.51562500 0.98437500
vt 0.01562500 0.51562500
vt 0.48437500 0.51562500
vt 0.48437500 0.98437500
vt 0.01562500 0.98437500
vt 0.01562500 0.51562500
vt 0.48437500 0.51562500
vt 0.48437500 0.98437500
vt 0.01562500 0.98437500
vt 0.01562500 0.51562500
vt 0.48437500 0.51562500
vt 0.48437500 0.98437500
vt 0.01562500 0.98437500
vt 0.01562500 0.51562500
vt 0.48437500 0.51562500
vt 0.48437500 0.98437500
vt 0.01562500 0.98437500
vt 0.51562500 0.01562500
vt 0.73437500 0.01562500
vt 0.73437500 0.48437500
vt 0.51562500 0.48437500
vt 0.51562500 0.01562500
vt 0.73437500 0.01562500
vt 0.73437500 0.48437500
vt 0.51562500 0.48437500
vt 0.51562500 0.01562500
vt 0.73437500 0.01562500
vt 0.73437500 0.48437500
vt 0.51562500 0.48437500
vt 0.51562500 0.01562500
vt 0.73437500 0.01562500
vt 0.73437500 0.48437500
vt 0.51562500 0.48437500
vt 0.51562500 0.01562500
vt 0.73437500 0.01562500
vt 0.73437500 0.48437500
vt 0.51562500 0.48437500
vt 0.51562500 0.01562500
vt 0.73437500 0.01562500
vt 0.73437500 0.48437500
vt 0.51562500 0.48437500
vt 0.51562500 0.01562500
vt 0.73437500 0.01562500
vt 0.73437500 0.48437500
vt 0.51562500 0.48437500
vt 0.51562500 0.01562500
vt 0.73437500 0.01562500
vt 0.73437500 0.48437500
vt 0.51562500 0.48437500
vt 0.51562500 0.01562500
vt 0.73437500 0.01562500
vt 0.73437500 0.48437500
vt 0.51562500 0.48437500
vt 0.76562500 0.01562500
vt 0.98437500 0.01562500
vt 0.98437500 0.48437500
vt 0.76562500 0.48437500
vt 0.76562500 0.01562500
vt 0.98437500 0.01562500
vt 0.98437500 0.48437500
vt 0.76562500 0.48437500
vt 0.76562500 0.01562500
vt 0.98437500 0.01562500
vt 0.98437500 0.48437500
vt 0.76562500 0.48437500
vt 0.76562500 0.01562500
vt 0.98437500 0.01562500
vt 0.98437500 0.48437500
vt 0.76562500 0.48437500
vt 0.76562500 0.01562500
vt 0.98437500 0.01562500
vt 0.98437500 0.48437500
vt 0.76562500 0.48437500
vt 0.76562500 0.01562500
vt 0.98437500 0.01562500
vt 0.98437500 0.48437500
vt 0.76562500 0.48437500
vt 0.01562500 0.51562500
vt 0.48437500 0.51562500
vt 0.48437500 0.98437500
vt 0.01562500 0.98437500
vt 0.01562500 0.51562500
vt 0.48437500 0.51562500
vt 0.48437500 0.98437500
vt 0.01562500 0.98437500
vt 0.01562500 0.51562500
vt 0.48437500 0.51562500
vt 0.48437500 0.98437500
vt 0.01562500 0.98437500
vt 0.01562500 0.51562500
vt 0.48437500 0.51562500
vt 0.48437500 0.98437500
vt 0.01562500 0.98437500
vt 0.01562500 0.51562500
vt 0.48437500 0.51562500
vt 0.48437500 0.98437500
vt 0.01562500 0.98437500
vt 0.01562500 0.51562500
vt 0.48437500 0.51562500
vt 0.48437500 0.98437500
vt 0.01562500 0.98437500
vt 0.01562500 0.51562500
vt 0.48437500 0.51562500
vt 0.48437500 0.98437500
vt 0.01562500 0.98437500
vt 0.01562500 0.51562500
vt 0.48437500 0.51562500
vt 0.48437500 0.98437500
vt 0.01562500 0.98437500
vt 0.01562500 0.51562500
vt 0.48437500 0.51562500
vt 0.48437500 0.98437500
vt 0.01562500 0.98437500
vt 0.01562500 0.51562500
vt 0.48437500 0.51562500
vt 0.48437500 0.98437500
vt 0.01562500 0.98437500
vt 0.01562500 0.51562500
vt 0.48437500 0.51562500
vt 0.48437500 0.98437500
vt 0.01562500 0.98437500
vt 0.01562500 0.51562500
vt 0.48437500 0.51562500
vt 0.48437500 0.98437500
vt 0.01562500 0.98437500
vt 0.01562500 0.51562500
vt 0.48437500 0.51562500
vt 0.48437500 0.98437500
vt 0.01562500 0.98437500
vt 0.01562500 0.51562500
vt 0.48437500 0.51562500
vt 0.48437500 0.98437500
vt 0.01562500 0.98437500
vt 0.01562500 0.51562500
vt 0.48437500 0.51562500
vt 0.48437500 0.98437500
vt 0.01562500 0.98437500
vt 0.01562500 0.51562500
vt 0.48437500 0.51562500
vt 0.48437500 0.98437500
vt 0.01562500 0.98437500
vt 0.01562500 0.51562500
vt 0.48437500 0.51562500
vt 0.48437500 0.98437500
vt 0.01562500 0.98437500
vt 0.01562500 0.51562500
vt 0.48437500 0.51562500
vt 0.48437500 0.98437500
vt 0.01562500 0.98437500
vt 0.01562500 0.51562500
vt 0.48437500 0.51562500
vt 0.48437500 0.98437500
vt 0.01562500 0.98437500
vt 0.01562500 0.51562500
vt 0.48437500 0.51562500
vt 0.48437500 0.98437500
vt 0.01562500 0.98437500
vt 0.01562500 0.51562500
vt 0.48437500 0.51562500
vt 0.48437500 0.98437500
vt 0.01562500 0.98437500
vt 0.01562500 0.51562500
vt 0.48437500 0.51562500
vt 0.48437500 0.98437500
vt 0.01562500 0.98437500
vt 0.01562500 0.51562500
vt 0.48437500 0.51562500
vt 0.48437500 0.98437500
vt 0.01562500 0.98437500
vt 0.01562500 0.51562500
vt 0.48437500 0.51562500
vt 0.48437500 0.98437500
vt 0.01562500 0.98437500
vt 0.01562500 0.51562500
vt 0.48437500 0.51562500
vt 0.48437500 0.98437500
vt 0.01562500 0.98437500
vt 0.01562500 0.51562500
vt 0.48437500 0.51562500
vt 0.48437500 0.98437500
vt 0.01562500 0.98437500
vt 0.01562500 0.51562500
vt 0.48437500 0.51562500
vt 0.48437500 0.98437500
vt 0.01562500 0.98437500
vt 0.01562500 0.51562500
vt 0.48437500 0.51562500
vt 0.48437500 0.98437500
vt 0.01562500 0.98437500
vt 0.51562500 0.51562500
vt 0.98437500 0.51562500
vt 0.98437500 0.98437500
vt 0.51562500 0.98437500
vt 0.51562500 0.51562500
vt 0.98437500 0.51562500
vt 0.98437500 0.98437500
vt 0.51562500 0.98437500
vt 0.51562500 0.51562500
vt 0.98437500 0.51562500
vt 0.98437500 0.98437500
vt 0.51562500 0.98437500
vt 0.51562500 0.51562500
vt 0.98437500 0.51562500
vt 0.98437500 0.98437500
vt 0.51562500 0.98437500
vt 0.01562500 0.51562500
vt 0.48437500 0.51562500
vt 0.48437500 0.98437500
vt 0.01562500 0.98437500
vt 0.01562500 0.51562500
vt 0.48437500 0.51562500
vt 0.48437500 0.98437500
vt 0.01562500 0.98437500
vt 0.01562500 0.51562500
vt 0.48437500 0.51562500
vt 0.48437500 0.98437500
vt 0.01562500 0.98437500
vt 0.01562500 0.51562500
vt 0.48437500 0.51562500
vt 0.48437500 0.98437500
vt 0.01562500 0.98437500
vt 0.51562500 0.01562500
vt 0.73437500 0.01562500
vt 0.73437500 0.48437500
vt 0.51562500 0.48437500
vt 0.51562500 0.01562500
vt 0.73437500 0.01562500
vt 0.73437500 0.48437500
vt 0.51562500 0.48437500
vt 0.51562500 0.01562500
vt 0.73437500 0.01562500
vt 0.73437500 0.48437500
vt 0.51562500 0.48437500
vt 0.51562500 0.01562500
vt 0.73437500 0.01562500
vt 0.73437500 0.48437500
vt 0.51562500 0.48437500
vt 0.51562500 0.01562500
vt 0.73437500 0.01562500
vt 0.73437500 0.48437500
vt 0.51562500 0.48437500
vt 0.51562500 0.01562500
vt 0.73437500 0.01562500
vt 0.73437500 0.48437500
vt 0.51562500 0.48437500
vt 0.51562500 0.01562500
vt 0.73437500 0.01562500
vt 0.73437500 0.48437500
vt 0.51562500 0.48437500
vt 0.51562500 0.01562500
vt 0.73437500 0.01562500
vt 0.73437500 0.48437500
vt 0.51562500 0.48437500
vt 0.51562500 0.01562500
vt 0.73437500 0.01562500
vt 0.73437500 0.48437500
vt 0.51562500 0.48437500
vt 0.76562500 0.01562500
vt 0.98437500 0.01562500
vt 0.98437500 0.48437500
vt 0.76562500 0.48437500
vt 0.76562500 0.01562500
vt 0.98437500 0.01562500
vt 0.98437500 0.48437500
vt 0.76562500 0.48437500
vt 0.76562500 0.01562500
vt 0.98437500 0.01562500
vt 0.98437500 0.48437500
vt 0.76562500 0.48437500
vt 0.76562500 0.01562500
vt 0.98437500 0.01562500
vt 0.98437500 0.48437500
vt 0.76562500 0.48437500
vt 0.76562500 0.01562500
vt 0.98437500 0.01562500
vt 0.98437500 0.48437500
vt 0.76562500 0.48437500
vt 0.76562500 0.01562500
vt 0.98437500 0.01562500
vt 0.98437500 0.48437500
vt 0.76562500 0.48437500
vt 0.01562500 0.51562500
vt 0.48437500 0.51562500
vt 0.48437500 0.98437500
vt 0.01562500 0.98437500
vt 0.01562500 0.51562500
vt 0.48437500 0.51562500
vt 0.48437500 0.98437500
vt 0.01562500 0.98437500
vt 0.01562500 0.51562500
vt 0.48437500 0.51562500
vt 0.48437500 0.98437500
vt 0.01562500 0.98437500
vt 0.01562500 0.51562500
vt 0.48437500 0.51562500
vt 0.48437500 0.98437500
vt 0.01562500 0.98437500
vt 0.01562500 0.51562500
vt 0.48437500 0.51562500
vt 0.48437500 0.98437500
vt 0.01562500 0.98437500
vt 0.01562500 0.51562500
vt 0.48437500 0.51562500
vt 0.48437500 0.98437500
vt 0.01562500 0.98437500
vt 0.01562500 0.51562500
vt 0.48437500 0.51562500
vt 0.48437500 0.98437500
vt 0.01562500 0.98437500
vt 0.01562500 0.51562500
vt 0.48437500 0.51562500
vt 0.48437500 0.98437500
vt 0.01562500 0.98437500
vt 0.01562500 0.51562500
vt 0.48437500 0.51562500
vt 0.48437500 0.98437500
vt 0.01562500 0.98437500
vt 0.01562500 0.51562500
vt 0.48437500 0.51562500
vt 0.48437500 0.98437500
vt 0.01562500 0.98437500
vt 0.01562500 0.51562500
vt 0.48437500 0.51562500
vt 0.48437500 0.98437500
vt 0.01562500 0.98437500
vt 0.01562500 0.51562500
vt 0.48437500 0.51562500
vt 0.48437500 0.98437500
vt 0.01562500 0.98437500
vt 0.01562500 0.51562500
vt 0.48437500 0.51562500
vt 0.48437500 0.98437500
vt 0.01562500 0.98437500
vt 0.01562500 0.51562500
vt 0.48437500 0.51562500
vt 0.48437500 0.98437500
vt 0.01562500 0.98437500
vt 0.01562500 0.51562500
vt 0.48437500 0.51562500
vt 0.48437500 0.98437500
vt 0.01562500 0.98437500
vt 0.01562500 0.51562500
vt 0.48437500 0.51562500
vt 0.48437500 0.98437500
vt 0.01562500 0.98437500
vt 0.01562500 0.51562500
vt 0.48437500 0.51562500
vt 0.48437500 0.98437500
vt 0.01562500 0.98437500
vt 0.01562500 0.51562500
vt 0.48437500 0.51562500
vt 0.48437500 0.98437500
vt 0.01562500 0.98437500
vt 0.01562500 0.51562500
vt 0.48437500 0.51562500
vt 0.48437500 0.98437500
vt 0.01562500 0.98437500
vt 0.01562500 0.51562500
vt 0.48437500 0.51562500
vt 0.48437500 0.98437500
vt 0.01562500 0.98437500
vt 0.01562500 0.51562500
vt 0.48437500 0.51562500
vt 0.48437500 0.98437500
vt 0.01562500 0.98437500
vt 0.01562500 0.51562500
vt 0.48437500 0.51562500
vt 0.48437500 0.98437500
vt 0.01562500 0.98437500
vt 0.01562500 0.51562500
vt 0.48437500 0.51562500
vt 0.48437500 0.98437500
vt 0.01562500 0.98437500
vt 0.01562500 0.51562500
vt 0.48437500 0.51562500
vt 0.48437500 0.98437500
vt 0.01562500 0.98437500
vt 0.51562500 0.51562500
vt 0.98437500 0.51562500
vt 0.98437500 0.98437500
vt 0.51562500 0.98437500
vt 0.51562500 0.51562500
vt 0.98437500 0.51562500
vt 0.98437500 0.98437500
vt 0.51562500 0.98437500
vt 0.51562500 0.51562500
vt 0.98437500 0.51562500
vt 0.98437500 0.98437500
vt 0.51562500 0.98437500
vt 0.51562500 0.51562500
vt 0.98437500 0.51562500
vt 0.98437500 0.98437500
vt 0.51562500 0.98437500
vt 0.01562500 0.51562500
vt 0.48437500 0.51562500
vt 0.48437500 0.98437500
vt 0.01562500 0.98437500
vt 0.01562500 0.51562500
vt 0.48437500 0.51562500
vt 0.48437500 0.98437500
vt 0.01562500 0.98437500
vt 0.01562500 0.51562500
vt 0.48437500 0.51562500
vt 0.48437500 0.98437500
vt 0.01562500 0.98437500
vt 0.01562500 0.51562500
vt 0.48437500 0.51562500
vt 0.48437500 0.98437500
vt 0.01562500 0.98437500
vt 0.51562500 0.01562500
vt 0.73437500 0.01562500
vt 0.73437500 0.48437500
vt 0.51562500 0.48437500
vt 0.51562500 0.01562500
vt 0.73437500 0.01562500
vt 0.73437500 0.48437500
vt 0.51562500 0.48437500
vt 0.51562500 0.01562500
vt 0.73437500 0.01562500
vt 0.73437500 0.48437500
vt 0.51562500 0.48437500
vt 0.51562500 0.01562500
vt 0.73437500 0.01562500
vt 0.73437500 0.48437500
vt 0.51562500 0.48437500
vt 0.51562500 0.01562500
vt 0.73437500 0.01562500
vt 0.73437500 0.48437500
vt 0.51562500 0.48437500
vt 0.51562500 0.01562500
vt 0.73437500 0.01562500
vt 0.73437500 0.48437500
vt 0.51562500 0.48437500
vt 0.51562500 0.01562500
vt 0.73437500 0.01562500
vt 0.73437500 0.48437500
vt 0.51562500 0.48437500
vt 0.51562500 0.01562500
vt 0.73437500 0.01562500
vt 0.73437500 0.48437500
vt 0.51562500 0.48437500
vt 0.51562500 0.01562500
vt 0.73437500 0.01562500
vt 0.73437500 0.48437500
vt 0.51562500 0.48437500
vt 0.76562500 0.01562500
vt 0.98437500 0.01562500
vt 0.98437500 0.48437500
vt 0.76562500 0.48437500
vt 0.76562500 0.01562500
vt 0.98437500 0.01562500
vt 0.98437500 0.48437500
vt 0.76562500 0.48437500
vt 0.76562500 0.01562500
vt 0.98437500 0.01562500
vt 0.98437500 0.48437500
vt 0.76562500 0.48437500
vt 0.76562500 0.01562500
vt 0.98437500 0.01562500
vt 0.98437500 0.48437500
vt 0.76562500 0.48437500
vt 0.76562500 0.01562500
vt 0.98437500 0.01562500
vt 0.98437500 0.48437500
vt 0.76562500 0.48437500
vt 0.76562500 0.01562500
vt 0.98437500 0.01562500
vt 0.98437500 0.48437500
vt 0.76562500 0.48437500
vt 0.01562500 0.51562500
vt 0.48437500 0.51562500
vt 0.48437500 0.98437500
vt 0.01562500 0.98437500
vt 0.01562500 0.51562500
vt 0.48437500 0.51562500
vt 0.48437500 0.98437500
vt 0.01562500 0.98437500
vt 0.01562500 0.51562500
vt 0.48437500 0.51562500
vt 0.48437500 0.98437500
vt 0.01562500 0.98437500
vt 0.01562500 0.51562500
vt 0.48437500 0.51562500
vt 0.48437500 0.98437500
vt 0.01562500 0.98437500
vt 0.01562500 0.51562500
vt 0.48437500 0.51562500
vt 0.48437500 0.98437500
vt 0.01562500 0.98437500
vt 0.01562500 0.51562500
vt 0.48437500 0.51562500
vt 0.48437500 0.98437500
vt 0.01562500 0.98437500
vt 0.01562500 0.51562500
vt 0.48437500 0.51562500
vt 0.48437500 0.98437500
vt 0.01562500 0.98437500
vt 0.01562500 0.51562500
vt 0.48437500 0.51562500
vt 0.48437500 0.98437500
vt 0.01562500 0.98437500
vt 0.01562500 0.51562500
vt 0.48437500 0.51562500
vt 0.48437500 0.98437500
vt 0.01562500 0.98437500
vt 0.01562500 0.51562500
vt 0.48437500 0.51562500
vt 0.48437500 0.98437500
vt 0.01562500 0.98437500
vt 0.01562500 0.51562500
vt 0.48437500 0.51562500
vt 0.48437500 0.98437500
vt 0.01562500 0.98437500
vt 0.01562500 0.51562500
vt 0.48437500 0.51562500
vt 0.48437500 0.98437500
vt 0.01562500 0.98437500
vt 0.01562500 0.51562500
vt 0.48437500 0.51562500
vt 0.48437500 0.98437500
vt 0.01562500 0.98437500
vt 0.01562500 0.51562500
vt 0.48437500 0.51562500
vt 0.48437500 0.98437500
vt 0.01562500 0.98437500
vt 0.01562500 0.51562500
vt 0.48437500 0.51562500
vt 0.48437500 0.98437500
vt 0.01562500 0.98437500
vt 0.01562500 0.51562500
vt 0.48437500 0.51562500
vt 0.48437500 0.98437500
vt 0.01562500 0.98437500
vt 0.01562500 0.51562500
vt 0.48437500 0.51562500
vt 0.48437500 0.98437500
vt 0.01562500 0.98437500
vt 0.01562500 0.51562500
vt 0.48437500 0.51562500
vt 0.48437500 0.98437500
vt 0.01562500 0.98437500
vt 0.01562500 0.51562500
vt 0.48437500 0.51562500
vt 0.48437500 0.98437500
vt 0.01562500 0.98437500
vt 0.01562500 0.51562500
vt 0.48437500 0.51562500
vt 0.48437500 0.98437500
vt 0.01562500 0.98437500
vt 0.01562500 0.51562500
vt 0.48437500 0.51562500
vt 0.48437500 0.98437500
vt 0.01562500 0.98437500
vt 0.01562500 0.51562500
vt 0.48437500 0.51562500
vt 0.48437500 0.98437500
vt 0.01562500 0.98437500
vt 0.01562500 0.51562500
vt 0.48437500 0.51562500
vt 0.48437500 0.98437500
vt 0.01562500 0.98437500
vt 0.01562500 0.51562500
vt 0.48437500 0.51562500
vt 0.48437500 0.98437500
vt 0.01562500 0.98437500
vt 0.51562500 0.51562500
vt 0.98437500 0.51562500
vt 0.98437500 0.98437500
vt 0.51562500 0.98437500
vt 0.51562500 0.51562500
vt 0.98437500 0.51562500
vt 0.98437500 0.98437500
vt 0.51562500 0.98437500
vt 0.51562500 0.51562500
vt 0.98437500 0.51562500
vt 0.98437500 0.98437500
vt 0.51562500 0.98437500
vt 0.51562500 0.51562500
vt 0.98437500 0.51562500
vt 0.98437500 0.98437500
vt 0.51562500 0.98437500
vt 0.01562500 0.51562500
vt 0.48437500 0.51562500
vt 0.48437500 0.98437500
vt 0.01562500 0.98437500
vt 0.01562500 0.51562500
vt 0.48437500 0.51562500
vt 0.48437500 0.98437500
vt 0.01562500 0.98437500
vt 0.01562500 0.51562500
vt 0.48437500 0.51562500
vt 0.48437500 0.98437500
vt 0.01562500 0.98437500
vt 0.01562500 0.51562500
vt 0.48437500 0.51562500
vt 0.48437500 0.98437500
vt 0.01562500 0.98437500
vt 0.51562500 0.01562500
vt 0.73437500 0.01562500
vt 0.73437500 0.48437500
vt 0.51562500 0.48437500
vt 0.51562500 0.01562500
vt 0.73437500 0.01562500
vt 0.73437500 0.48437500
vt 0.51562500 0.48437500
vt 0.51562500 0.01562500
vt 0.73437500 0.01562500
vt 0.73437500 0.48437500
vt 0.51562500 0.48437500
vt 0.51562500 0.01562500
vt 0.73437500 0.01562500
vt 0.73437500 0.48437500
vt 0.51562500 0.48437500
vt 0.51562500 0.01562500
vt 0.73437500 0.01562500
vt 0.73437500 0.48437500
vt 0.51562500 0.48437500
vt 0.51562500 0.01562500
vt 0.73437500 0.01562500
vt 0.73437500 0.48437500
vt 0.51562500 0.48437500
vt 0.51562500 0.01562500
vt 0.73437500 0.01562500
vt 0.73437500 0.48437500
vt 0.51562500 0.48437500
vt 0.51562500 0.01562500
vt 0.73437500 0.01562500
vt 0.73437500 0.48437500
vt 0.51562500 0.48437500
vt 0.51562500 0.01562500
vt 0.73437500 0.01562500
vt 0.73437500 0.48437500
vt 0.51562500 0.48437500
vt 0.76562500 0.01562500
vt 0.98437500 0.01562500
vt 0.98437500 0.48437500
vt 0.76562500 0.48437500
vt 0.76562500 0.01562500
vt 0.98437500 0.01562500
vt 0.98437500 0.48437500
vt 0.76562500 0.48437500
vt 0.76562500 0.01562500
vt 0.98437500 0.01562500
vt 0.98437500 0.48437500
vt 0.76562500 0.48437500
vt 0.76562500 0.01562500
vt 0.98437500 0.01562500
vt 0.98437500 0.48437500
vt 0.76562500 0.48437500
vt 0.76562500 0.01562500
vt 0.98437500 0.01562500
vt 0.98437500 0.48437500
vt 0.76562500 0.48437500
vt 0.76562500 0.01562500
vt 0.98437500 0.01562500
vt 0.98437500 0.48437500
vt 0.76562500 0.48437500
vt 0.01562500 0.51562500
vt 0.48437500 0.51562500
vt 0.48437500 0.98437500
vt 0.01562500 0.98437500
vt 0.01562500 0.51562500
vt 0.48437500 0.51562500
vt 0.48437500 0.98437500
vt 0.01562500 0.98437500
vt 0.01562500 0.51562500
vt 0.48437500 0.51562500
vt 0.48437500 0.98437500
vt 0.01562500 0.98437500
vt 0.01562500 0.51562500
vt 0.48437500 0.51562500
vt 0.48437500 0.98437500
vt 0.01562500 0.98437500
vt 0.01562500 0.51562500
vt 0.48437500 0.51562500
vt 0.48437500 0.98437500
vt 0.01562500 0.98437500
vt 0.01562500 0.51562500
vt 0.48437500 0.51562500
vt 0.48437500 0.98437500
vt 0.01562500 0.98437500
vt 0.01562500 0.51562500
vt 0.48437500 0.51562500
vt 0.48437500 0.98437500
vt 0.01562500 0.98437500
vt 0.01562500 0.51562500
vt 0.48437500 0.51562500
vt 0.48437500 0.98437500
vt 0.01562500 0.98437500
vt 0.01562500 0.51562500
vt 0.48437500 0.51562500
vt 0.48437500 0.98437500
vt 0.01562500 0.98437500
vt 0.01562500 0.51562500
vt 0.48437500 0.51562500
vt 0.48437500 0.98437500
vt 0.01562500 0.98437500
vt 0.01562500 0.51562500
vt 0.48437500 0.51562500
vt 0.48437500 0.98437500
vt 0.01562500 0.98437500
vt 0.01562500 0.51562500
vt 0.48437500 0.51562500
vt 0.48437500 0.98437500
vt 0.01562500 0.98437500
vt 0.01562500 0.51562500
vt 0.48437500 0.51562500
vt 0.48437500 0.98437500
vt 0.01562500 0.98437500
vt 0.01562500 0.51562500
vt 0.48437500 0.51562500
vt 0.48437500 0.98437500
vt 0.01562500 0.98437500
vt 0.01562500 0.51562500
vt 0.48437500 0.51562500
vt 0.48437500 0.98437500
vt 0.01562500 0.98437500
vt 0.01562500 0.51562500
vt 0.48437500 0.51562500
vt 0.48437500 0.98437500
vt 0.01562500 0.98437500
vt 0.01562500 0.51562500
vt 0.48437500 0.51562500
vt 0.48437500 0.98437500
vt 0.01562500 0.98437500
vt 0.01562500 0.51562500
vt 0.48437500 0.51562500
vt 0.48437500 0.98437500
vt 0.01562500 0.98437500
vt 0.01562500 0.51562500
vt 0.48437500 0.51562500
vt 0.48437500 0.98437500
vt 0.01562500 0.98437500
vt 0.01562500 0.51562500
vt 0.48437500 0.51562500
vt 0.48437500 0.98437500
vt 0.01562500 0.98437500
vt 0.01562500 0.51562500
vt 0.48437500 0.51562500
vt 0.48437500 0.98437500
vt 0.01562500 0.98437500
vt 0.01562500 0.51562500
vt 0.48437500 0.51562500
vt 0.48437500 0.98437500
vt 0.01562500 0.98437500
vt 0.01562500 0.51562500
vt 0.48437500 0.51562500
vt 0.48437500 0.98437500
vt 0.01562500 0.98437500
vt 0.01562500 0.51562500
vt 0.48437500 0.51562500
vt 0.48437500 0.98437500
vt 0.01562500 0.98437500
vt 0.01562500 0.51562500
vt 0.48437500 0.51562500
vt 0.48437500 0.98437500
vt 0.01562500 0.98437500
vt 0.01562500 0.51562500
vt 0.48437500 0.51562500
vt 0.48437500 0.98437500
vt 0.01562500 0.98437500
vt 0.01562500 0.51562500
vt 0.48437500 0.51562500
vt 0.48437500 0.98437500
vt 0.01562500 0.98437500
vt 0.01562500 0.51562500
vt 0.48437500 0.51562500
vt 0.48437500 0.98437500
vt 0.01562500 0.98437500
vt 0.51562500 0.51562500
vt 0.98437500 0.51562500
vt 0.98437500 0.98437500
vt 0.51562500 0.98437500
vt 0.51562500 0.51562500
vt 0.98437500 0.51562500
vt 0.98437500 0.98437500
vt 0.51562500 0.98437500
vt 0.51562500 0.51562500
vt 0.98437500 0.51562500
vt 0.98437500 0.98437500
vt 0.51562500 0.98437500
vt 0.51562500 0.51562500
vt 0.98437500 0.51562500
vt 0.98437500 0.98437500
vt 0.51562500 0.98437500
vt 0.01562500 0.51562500
vt 0.48437500 0.51562500
vt 0.48437500 0.98437500
vt 0.01562500 0.98437500
vt 0.01562500 0.51562500
vt 0.48437500 0.51562500
vt 0.48437500 0.98437500
vt 0.01562500 0.98437500
vt 0.01562500 0.51562500
vt 0.48437500 0.51562500
vt 0.48437500 0.98437500
vt 0.01562500 0.98437500
vt 0.01562500 0.51562500
vt 0.48437500 0.51562500
vt 0.48437500 0.98437500
vt 0.01562500 0.98437500
vt 0.51562500 0.01562500
vt 0.73437500 0.01562500
vt 0.73437500 0.48437500
vt 0.51562500 0.48437500
vt 0.51562500 0.01562500
vt 0.73437500 0.01562500
vt 0.73437500 0.48437500
vt 0.51562500 0.48437500
vt 0.51562500 0.01562500
vt 0.73437500 0.01562500
vt 0.73437500 0.48437500
vt 0.51562500 0.48437500
vt 0.51562500 0.01562500
vt 0.73437500 0.01562500
vt 0.73437500 0.48437500
vt 0.51562500 0.48437500
vt 0.51562500 0.01562500
vt 0.73437500 0.01562500
vt 0.73437500 0.48437500
vt 0.51562500 0.48437500
vt 0.51562500 0.01562500
vt 0.73437500 0.01562500
vt 0.73437500 0.48437500
vt 0.51562500 0.48437500
vt 0.51562500 0.01562500
vt 0.73437500 0.01562500
vt 0.73437500 0.48437500
vt 0.51562500 0.48437500
vt 0.51562500 0.01562500
vt 0.73437500 0.01562500
vt 0.73437500 0.48437500
vt 0.51562500 0.48437500
vt 0.51562500 0.01562500
vt 0.73437500 0.01562500
vt 0.73437500 0.48437500
vt 0.51562500 0.48437500
vt 0.76562500 0.01562500
vt 0.98437500 0.01562500
vt 0.98437500 0.48437500
vt 0.76562500 0.48437500
vt 0.76562500 0.01562500
vt 0.98437500 0.01562500
vt 0.98437500 0.48437500
vt 0.76562500 0.48437500
vt 0.76562500 0.01562500
vt 0.98437500 0.01562500
vt 0.98437500 0.48437500
vt 0.76562500 0.48437500
vt 0.76562500 0.01562500
vt 0.98437500 0.01562500
vt 0.98437500 0.48437500
vt 0.76562500 0.48437500
vt 0.76562500 0.01562500
vt 0.98437500 0.01562500
vt 0.98437500 0.48437500
vt 0.76562500 0.48437500
vt 0.76562500 0.01562500
vt 0.98437500 0.01562500
vt 0.98437500 0.48437500
vt 0.76562500 0.48437500
vt 0.01562500 0.51562500
vt 0.48437500 0.51562500
vt 0.48437500 0.98437500
vt 0.01562500 0.98437500
vt 0.01562500 0.51562500
vt 0.48437500 0.51562500
vt 0.48437500 0.98437500
vt 0.01562500 0.98437500
vt 0.01562500 0.51562500
vt 0.48437500 0.51562500
vt 0.48437500 0.98437500
vt 0.01562500 0.98437500
vt 0.01562500 0.51562500
vt 0.48437500 0.51562500
vt 0.48437500 0.98437500
vt 0.01562500 0.98437500
vt 0.01562500 0.51562500
vt 0.48437500 0.51562500
vt 0.48437500 0.98437500
vt 0.01562500 0.98437500
vt 0.01562500 0.51562500
vt 0.48437500 0.51562500
vt 0.48437500 0.98437500
vt 0.01562500 0.98437500
vt 0.01562500 0.51562500
vt 0.48437500 0.51562500
vt 0.48437500 0.98437500
vt 0.01562500 0.98437500
vt 0.01562500 0.51562500
vt 0.48437500 0.51562500
vt 0.48437500 0.98437500
vt 0.01562500 0.98437500
vt 0.01562500 0.51562500
vt 0.48437500 0.51562500
vt 0.48437500 0.98437500
vt 0.01562500 0.98437500
vt 0.01562500 0.51562500
vt 0.48437500 0.51562500
vt 0.48437500 0.98437500
vt 0.01562500 0.98437500
vt 0.01562500 0.51562500
vt 0.48437500 0.51562500
vt 0.48437500 0.98437500
vt 0.01562500 0.98437500
vt 0.01562500 0.51562500
vt 0.48437500 0.51562500
vt 0.48437500 0.98437500
vt 0.01562500 0.98437500
vt 0.01562500 0.51562500
vt 0.48437500 0.51562500
vt 0.48437500 0.98437500
vt 0.01562500 0.98437500
vt 0.01562500 0.51562500
vt 0.48437500 0.51562500
vt 0.48437500 0.98437500
vt 0.01562500 0.98437500
vt 0.01562500 0.51562500
vt 0.48437500 0.51562500
vt 0.48437500 0.98437500
vt 0.01562500 0.98437500
vt 0.01562500 0.51562500
vt 0.48437500 0.51562500
vt 0.48437500 0.98437500
vt 0.01562500 0.98437500
vt 0.01562500 0.51562500
vt 0.48437500 0.51562500
vt 0.48437500 0.98437500
vt 0.01562500 0.98437500
vt 0.01562500 0.51562500
vt 0.48437500 0.51562500
vt 0.48437500 0.98437500
vt 0.01562500 0.98437500
vt 0.01562500 0.51562500
vt 0.48437500 0.51562500
vt 0.48437500 0.98437500
vt 0.01562500 0.98437500
vt 0.01562500 0.51562500
vt 0.48437500 0.51562500
vt 0.48437500 0.98437500
vt 0.01562500 0.98437500
vt 0.01562500 0.51562500
vt 0.48437500 0.51562500
vt 0.48437500 0.98437500
vt 0.01562500 0.98437500
vt 0.01562500 0.51562500
vt 0.48437500 0.51562500
vt 0.48437500 0.98437500
vt 0.01562500 0.98437500
vt 0.01562500 0.51562500
vt 0.48437500 0.51562500
vt 0.48437500 0.98437500
vt 0.01562500 0.98437500
vt 0.01562500 0.51562500
vt 0.48437500 0.51562500
vt 0.48437500 0.98437500
vt 0.01562500 0.98437500
vt 0.01562500 0.51562500
vt 0.48437500 0.51562500
vt 0.48437500 0.98437500
vt 0.01562500 0.98437500
vt 0.01562500 0.51562500
vt 0.48437500 0.51562500
vt 0.48437500 0.98437500
vt 0.01562500 0.98437500
vt 0.01562500 0.51562500
vt 0.48437500 0.51562500
vt 0.48437500 0.98437500
vt 0.01562500 0.98437500
vt 0.01562500 0.51562500
vt 0.48437500 0.51562500
vt 0.48437500 0.98437500
vt 0.01562500 0.98437500
vt 0.51562500 0.51562500
vt 0.98437500 0.51562500
vt 0.98437500 0.98437500
vt 0.51562500 0.98437500
vt 0.51562500 0.51562500
vt 0.98437500 0.51562500
vt 0.98437500 0.98437500
vt 0.51562500 0.98437500
vt 0.51562500 0.51562500
vt 0.98437500 0.51562500
vt 0.98437500 0.98437500
vt 0.51562500 0.98437500
vt 0.51562500 0.51562500
vt 0.98437500 0.51562500
vt 0.98437500 0.98437500
vt 0.51562500 0.98437500
vt 0.01562500 0.51562500
vt 0.48437500 0.51562500
vt 0.48437500 0.98437500
vt 0.01562500 0.98437500
vt 0.01562500 0.51562500
vt 0.48437500 0.51562500
vt 0.48437500 0.98437500
vt 0.01562500 0.98437500
vt 0.01562500 0.51562500
vt 0.48437500 0.51562500
vt 0.48437500 0.98437500
vt 0.01562500 0.98437500
vt 0.01562500 0.51562500
vt 0.48437500 0.51562500
vt 0.48437500 0.98437500
vt 0.01562500 0.98437500
vt 0.51562500 0.01562500
vt 0.73437500 0.01562500
vt 0.73437500 0.48437500
vt 0.51562500 0.48437500
vt 0.51562500 0.01562500
vt 0.73437500 0.01562500
vt 0.73437500 0.48437500
vt 0.51562500 0.48437500
vt 0.51562500 0.01562500
vt 0.73437500 0.01562500
vt 0.73437500 0.48437500
vt 0.51562500 0.48437500
vt 0.51562500 0.01562500
vt 0.73437500 0.01562500
vt 0.73437500 0.48437500
vt 0.51562500 0.48437500
vt 0.51562500 0.01562500
vt 0.73437500 0.01562500
vt 0.73437500 0.48437500
vt 0.51562500 0.48437500
vt 0.51562500 0.01562500
vt 0.73437500 0.01562500
vt 0.73437500 0.48437500
vt 0.51562500 0.48437500
vt 0.51562500 0.01562500
vt 0.73437500 0.01562500
vt 0.73437500 0.48437500
vt 0.51562500 0.48437500
vt 0.51562500 0.01562500
vt 0.73437500 0.01562500
vt 0.73437500 0.48437500
vt 0.51562500 0.48437500
vt 0.51562500 0.01562500
vt 0.73437500 0.01562500
vt 0.73437500 0.48437500
vt 0.51562500 0.48437500
vt 0.76562500 0.01562500
vt 0.98437500 0.01562500
vt 0.98437500 0.48437500
vt 0.76562500 0.48437500
vt 0.76562500 0.01562500
vt 0.98437500 0.01562500
vt 0.98437500 0.48437500
vt 0.76562500 0.48437500
vt 0.76562500 0.01562500
vt 0.98437500 0.01562500
vt 0.98437500 0.48437500
vt 0.76562500 0.48437500
vt 0.76562500 0.01562500
vt 0.98437500 0.01562500
vt 0.98437500 0.48437500
vt 0.76562500 0.48437500
vt 0.76562500 0.01562500
vt 0.98437500 0.01562500
vt 0.98437500 0.48437500
vt 0.76562500 0.48437500
vt 0.76562500 0.01562500
vt 0.98437500 0.01562500
vt 0.98437500 0.48437500
vt 0.76562500 0.48437500
vt 0.01562500 0.51562500
vt 0.48437500 0.51562500
vt 0.48437500 0.98437500
vt 0.01562500 0.98437500
vt 0.01562500 0.51562500
vt 0.48437500 0.51562500
vt 0.48437500 0.98437500
vt 0.01562500 0.98437500
vt 0.01562500 0.51562500
vt 0.48437500 0.51562500
vt 0.48437500 0.98437500
vt 0.01562500 0.98437500
vt 0.01562500 0.51562500
vt 0.48437500 0.51562500
vt 0.48437500 0.98437500
vt 0.01562500 0.98437500
vt 0.01562500 0.51562500
vt 0.48437500 0.51562500
vt 0.48437500 0.98437500
vt 0.01562500 0.98437500
vt 0.01562500 0.51562500
vt 0.48437500 0.51562500
vt 0.48437500 0.98437500
vt 0.01562500 0.98437500
vt 0.01562500 0.51562500
vt 0.48437500 0.51562500
vt 0.48437500 0.98437500
vt 0.01562500 0.98437500
vt 0.01562500 0.51562500
vt 0.48437500 0.51562500
vt 0.48437500 0.98437500
vt 0.01562500 0.98437500
vt 0.01562500 0.51562500
vt 0.48437500 0.51562500
vt 0.48437500 0.98437500
vt 0.01562500 0.98437500
vt 0.01562500 0.51562500
vt 0.48437500 0.51562500
vt 0.48437500 0.98437500
vt 0.01562500 0.98437500
vt 0.01562500 0.51562500
vt 0.48437500 0.51562500
vt 0.48437500 0.98437500
vt 0.01562500 0.98437500
vt 0.01562500 0.51562500
vt 0.48437500 0.51562500
vt 0.48437500 0.98437500
vt 0.01562500 0.98437500
vt 0.01562500 0.51562500
vt 0.48437500 0.51562500
vt 0.48437500 0.98437500
vt 0.01562500 0.98437500
vt 0.01562500 0.51562500
vt 0.48437500 0.51562500
vt 0.48437500 0.98437500
vt 0.01562500 0.98437500
vt 0.01562500 0.51562500
vt 0.48437500 0.51562500
vt 0.48437500 0.98437500
vt 0.01562500 0.98437500
vt 0.01562500 0.51562500
vt 0.48437500 0.51562500
vt 0.48437500 0.98437500
vt 0.01562500 0.98437500
vt 0.01562500 0.51562500
vt 0.48437500 0.51562500
vt 0.48437500 0.98437500
vt 0.01562500 0.98437500
vt 0.01562500 0.51562500
vt 0.48437500 0.51562500
vt 0.48437500 0.98437500
vt 0.01562500 0.98437500
vt 0.01562500 0.51562500
vt 0.48437500 0.51562500
vt 0.48437500 0.98437500
vt 0.01562500 0.98437500
vt 0.01562500 0.51562500
vt 0.48437500 0.51562500
vt 0.48437500 0.98437500
vt 0.01562500 0.98437500
vt 0.01562500 0.51562500
vt 0.48437500 0.51562500
vt 0.48437500 0.98437500
vt 0.01562500 0.98437500
vt 0.01562500 0.51562500
vt 0.48437500 0.51562500
vt 0.48437500 0.98437500
vt 0.01562500 0.98437500
vt 0.01562500 0.51562500
vt 0.48437500 0.51562500
vt 0.48437500 0.98437500
vt 0.01562500 0.98437500
vt 0.01562500 0.51562500
vt 0.48437500 0.51562500
vt 0.48437500 0.98437500
vt 0.01562500 0.98437500
vt 0.01562500 0.51562500
vt 0.48437500 0.51562500
vt 0.48437500 0.98437500
vt 0.01562500 0.98437500
vt 0.01562500 0.51562500
vt 0.48437500 0.51562500
vt 0.48437500 0.98437500
vt 0.01562500 0.98437500
vt 0.01562500 0.51562500
vt 0.48437500 0.51562500
vt 0.48437500 0.98437500
vt 0.01562500 0.98437500
vt 0.01562500 0.51562500
vt 0.48437500 0.51562500
vt 0.48437500 0.98437500
vt 0.01562500 0.98437500
vt 0.51562500 0.51562500
vt 0.98437500 0.51562500
vt 0.98437500 0.98437500
vt 0.51562500 0.98437500
vt 0.51562500 0.51562500
vt 0.98437500 0.51562500
vt 0.98437500 0.98437500
vt 0.51562500 0.98437500
vt 0.51562500 0.51562500
vt 0.98437500 0.51562500
vt 0.98437500 0.98437500
vt 0.51562500 0.98437500
vt 0.51562500 0.51562500
vt 0.98437500 0.51562500
vt 0.98437500 0.98437500
vt 0.51562500 0.98437500
vt 0.01562500 0.51562500
vt 0.48437500 0.51562500
vt 0.48437500 0.98437500
vt 0.01562500 0.98437500
vt 0.01562500 0.51562500
vt 0.48437500 0.51562500
vt 0.48437500 0.98437500
vt 0.01562500 0.98437500
vt 0.01562500 0.51562500
vt 0.48437500 0.51562500
vt 0.48437500 0.98437500
vt 0.01562500 0.98437500
vt 0.01562500 0.51562500
vt 0.48437500 0.51562500
vt 0.48437500 0.98437500
vt 0.01562500 0.98437500
vt 0.51562500 0.01562500
vt 0.73437500 0.01562500
vt 0.73437500 0.48437500
vt 0.51562500 0.48437500
vt 0.51562500 0.01562500
vt 0.73437500 0.01562500
vt 0.73437500 0.48437500
vt 0.51562500 0.48437500
vt 0.51562500 0.01562500
vt 0.73437500 0.01562500
vt 0.73437500 0.48437500
vt 0.51562500 0.48437500
vt 0.51562500 0.01562500
vt 0.73437500 0.01562500
vt 0.73437500 0.48437500
vt 0.51562500 0.48437500
vt 0.51562500 0.01562500
vt 0.73437500 0.01562500
vt 0.73437500 0.48437500
vt 0.51562500 0.48437500
vt 0.51562500 0.01562500
vt 0.73437500 0.01562500
vt 0.73437500 0.48437500
vt 0.51562500 0.48437500
vt 0.51562500 0.01562500
vt 0.73437500 0.01562500
vt 0.73437500 0.48437500
vt 0.51562500 0.48437500
vt 0.51562500 0.01562500
vt 0.73437500 0.01562500
vt 0.73437500 0.48437500
vt 0.51562500 0.48437500
vt 0.51562500 0.01562500
vt 0.73437500 0.01562500
vt 0.73437500 0.48437500
vt 0.51562500 0.48437500
vt 0.76562500 0.01562500
vt 0.98437500 0.01562500
vt 0.98437500 0.48437500
vt 0.76562500 0.48437500
vt 0.76562500 0.01562500
vt 0.98437500 0.01562500
vt 0.98437500 0.48437500
vt 0.76562500 0.48437500
vt 0.76562500 0.01562500
vt 0.98437500 0.01562500
vt 0.98437500 0.48437500
vt 0.76562500 0.48437500
vt 0.76562500 0.01562500
vt 0.98437500 0.01562500
vt 0.98437500 0.48437500
vt 0.76562500 0.48437500
vt 0.76562500 0.01562500
vt 0.98437500 0.01562500
vt 0.98437500 0.48437500
vt 0.76562500 0.48437500
vt 0.76562500 0.01562500
vt 0.98437500 0.01562500
vt 0.98437500 0.48437500
vt 0.76562500 0.48437500
vt 0.01562500 0.51562500
vt 0.48437500 0.51562500
vt 0.48437500 0.98437500
vt 0.01562500 0.98437500
vt 0.01562500 0.51562500
vt 0.48437500 0.51562500
vt 0.48437500 0.98437500
vt 0.01562500 0.98437500
vt 0.01562500 0.51562500
vt 0.48437500 0.51562500
vt 0.48437500 0.98437500
vt 0.01562500 0.98437500
vt 0.01562500 0.51562500
vt 0.48437500 0.51562500
vt 0.48437500 0.98437500
vt 0.01562500 0.98437500
vt 0.76562500 0.01562500
vt 0.98437500 0.01562500
vt 0.98437500 0.48437500
vt 0.76562500 0.48437500
vt 0.76562500 0.01562500
vt 0.98437500 0.01562500
vt 0.98437500 0.48437500
vt 0.76562500 0.48437500
vt 0.76562500 0.01562500
vt 0.98437500 0.01562500
vt 0.98437500 0.48437500
vt 0.76562500 0.48437500
vt 0.76562500 0.01562500
vt 0.98437500 0.01562500
vt 0.98437500 0.48437500
vt 0.76562500 0.48437500
vt 0.76562500 0.01562500
vt 0.98437500 0.01562500
vt 0.98437500 0.48437500
vt 0.76562500 0.48437500
vt 0.76562500 0.01562500
vt 0.98437500 0.01562500
vt 0.98437500 0.48437500
vt 0.76562500 0.48437500
vt 0.76562500 0.01562500
vt 0.98437500 0.01562500
vt 0.98437500 0.48437500
vt 0.76562500 0.48437500
vt 0.76562500 0.01562500
vt 0.98437500 0.01562500
vt 0.98437500 0.48437500
vt 0.76562500 0.48437500
vt 0.76562500 0.01562500
vt 0.98437500 0.01562500
vt 0.98437500 0.48437500
vt 0.76562500 0.48437500
vt 0.76562500 0.01562500
vt 0.98437500 0.01562500
vt 0.98437500 0.48437500
vt 0.76562500 0.48437500
vt 0.76562500 0.01562500
vt 0.98437500 0.01562500
vt 0.98437500 0.48437500
vt 0.76562500 0.48437500
vt 0.76562500 0.01562500
vt 0.98437500 0.01562500
vt 0.98437500 0.48437500
vt 0.76562500 0.48437500
vt 0.76562500 0.01562500
vt 0.98437500 0.01562500
vt 0.98437500 0.48437500
vt 0.76562500 0.48437500
vt 0.76562500 0.01562500
vt 0.98437500 0.01562500
vt 0.98437500 0.48437500
vt 0.76562500 0.48437500
vt 0.76562500 0.01562500
vt 0.98437500 0.01562500
vt 0.98437500 0.48437500
vt 0.76562500 0.48437500
vt 0.76562500 0.01562500
vt 0.98437500 0.01562500
vt 0.98437500 0.48437500
vt 0.76562500 0.48437500
vt 0.76562500 0.01562500
vt 0.98437500 0.01562500
vt 0.98437500 0.48437500
vt 0.76562500 0.48437500
vt 0.76562500 0.01562500
vt 0.98437500 0.01562500
vt 0.98437500 0.48437500
vt 0.76562500 0.48437500
vt 0.76562500 0.01562500
vt 0.98437500 0.01562500
vt 0.98437500 0.48437500
vt 0.76562500 0.48437500
vt 0.76562500 0.01562500
vt 0.98437500 0.01562500
vt 0.98437500 0.48437500
vt 0.76562500 0.48437500
vt 0.76562500 0.01562500
vt 0.98437500 0.01562500
vt 0.98437500 0.48437500
vt 0.76562500 0.48437500
vt 0.76562500 0.01562500
vt 0.98437500 0.01562500
vt 0.98437500 0.48437500
vt 0.76562500 0.48437500
vt 0.76562500 0.01562500
vt 0.98437500 0.01562500
vt 0.98437500 0.48437500
vt 0.76562500 0.48437500
vt 0.76562500 0.01562500
vt 0.98437500 0.01562500
vt 0.98437500 0.48437500
vt 0.76562500 0.48437500
vt 0.76562500 0.01562500
vt 0.98437500 0.01562500
vt 0.98437500 0.48437500
vt 0.76562500 0.48437500
vt 0.76562500 0.01562500
vt 0.98437500 0.01562500
vt 0.98437500 0.48437500
vt 0.76562500 0.48437500
vt 0.76562500 0.01562500
vt 0.98437500 0.01562500
vt 0.98437500 0.48437500
vt 0.76562500 0.48437500
vt 0.76562500 0.01562500
vt 0.98437500 0.01562500
vt 0.98437500 0.48437500
vt 0.76562500 0.48437500
vt 0.76562500 0.01562500
vt 0.98437500 0.01562500
vt 0.98437500 0.48437500
vt 0.76562500 0.48437500
vt 0.76562500 0.01562500
vt 0.98437500 0.01562500
vt 0.98437500 0.48437500
vt 0.76562500 0.48437500
vt 0.01562500 0.01562500
vt 0.48437500 0.01562500
vt 0.48437500 0.48437500
vt 0.01562500 0.48437500
vt 0.01562500 0.01562500
vt 0.48437500 0.01562500
vt 0.48437500 0.48437500
vt 0.01562500 0.48437500
vt 0.01562500 0.01562500
vt 0.48437500 0.01562500
vt 0.48437500 0.48437500
vt 0.01562500 0.48437500
vt 0.01562500 0.01562500
vt 0.48437500 0.01562500
vt 0.48437500 0.48437500
vt 0.01562500 0.48437500
vt 0.01562500 0.01562500
vt 0.48437500 0.01562500
vt 0.48437500 0.48437500
vt 0.01562500 0.48437500
vt 0.01562500 0.01562500
vt 0.48437500 0.01562500
vt 0.48437500 0.48437500
vt 0.01562500 0.48437500
vt 0.01562500 0.01562500
vt 0.48437500 0.01562500
vt 0.48437500 0.48437500
vt 0.01562500 0.48437500
vt 0.01562500 0.01562500
vt 0.48437500 0.01562500
vt 0.48437500 0.48437500
vt 0.01562500 0.48437500
vt 0.01562500 0.01562500
vt 0.48437500 0.01562500
vt 0.48437500 0.48437500
vt 0.01562500 0.48437500
vt 0.01562500 0.01562500
vt 0.48437500 0.01562500
vt 0.48437500 0.48437500
vt 0.01562500 0.48437500
vt 0.01562500 0.01562500
vt 0.48437500 0.01562500
vt 0.48437500 0.48437500
vt 0.01562500 0.48437500
vt 0.01562500 0.01562500
vt 0.48437500 0.01562500
vt 0.48437500 0.48437500
vt 0.01562500 0.48437500
vt 0.01562500 0.01562500
vt 0.48437500 0.01562500
vt 0.48437500 0.48437500
vt 0.01562500 0.48437500
vt 0.01562500 0.01562500
vt 0.48437500 0.01562500
vt 0.48437500 0.48437500
vt 0.01562500 0.48437500
vt 0.01562500 0.01562500
vt 0.48437500 0.01562500
vt 0.48437500 0.48437500
vt 0.01562500 0.48437500
vt 0.01562500 0.01562500
vt 0.48437500 0.01562500
vt 0.48437500 0.48437500
vt 0.01562500 0.48437500
vt 0.01562500 0.01562500
vt 0.48437500 0.01562500
vt 0.48437500 0.48437500
vt 0.01562500 0.48437500
vt 0.01562500 0.01562500
vt 0.48437500 0.01562500
vt 0.48437500 0.48437500
vt 0.01562500 0.48437500
vt 0.01562500 0.01562500
vt 0.48437500 0.01562500
vt 0.48437500 0.48437500
vt 0.01562500 0.48437500
vt 0.01562500 0.01562500
vt 0.48437500 0.01562500
vt 0.48437500 0.48437500
vt 0.01562500 0.48437500
vt 0.01562500 0.01562500
vt 0.48437500 0.01562500
vt 0.48437500 0.48437500
vt 0.01562500 0.48437500
vt 0.01562500 0.01562500
vt 0.48437500 0.01562500
vt 0.48437500 0.48437500
vt 0.01562500 0.48437500
vt 0.01562500 0.01562500
vt 0.48437500 0.01562500
vt 0.48437500 0.48437500
vt 0.01562500 0.48437500
vt 0.01562500 0.01562500
vt 0.48437500 0.01562500
vt 0.48437500 0.48437500
vt 0.01562500 0.48437500
vt 0.01562500 0.01562500
vt 0.48437500 0.01562500
vt 0.48437500 0.48437500
vt 0.01562500 0.48437500
vt 0.01562500 0.01562500
vt 0.48437500 0.01562500
vt 0.48437500 0.48437500
vt 0.01562500 0.48437500
vt 0.01562500 0.01562500
vt 0.48437500 0.01562500
vt 0.48437500 0.48437500
vt 0.01562500 0.48437500
vt 0.01562500 0.01562500
vt 0.48437500 0.01562500
vt 0.48437500 0.48437500
vt 0.01562500 0.48437500
vt 0.01562500 0.01562500
vt 0.48437500 0.01562500
vt 0.48437500 0.48437500
vt 0.01562500 0.48437500
vt 0.01562500 0.01562500
vt 0.48437500 0.01562500
vt 0.48437500 0.48437500
vt 0.01562500 0.48437500
vt 0.01562500 0.01562500
vt 0.48437500 0.01562500
vt 0.48437500 0.48437500
vt 0.01562500 0.48437500
vt 0.01562500 0.01562500
vt 0.48437500 0.01562500
vt 0.48437500 0.48437500
vt 0.01562500 0.48437500
vt 0.01562500 0.01562500
vt 0.48437500 0.01562500
vt 0.48437500 0.48437500
vt 0.01562500 0.48437500
vt 0.01562500 0.01562500
vt 0.48437500 0.01562500
vt 0.48437500 0.48437500
vt 0.01562500 0.48437500
vt 0.01562500 0.01562500
vt 0.48437500 0.01562500
vt 0.48437500 0.48437500
vt 0.01562500 0.48437500
vt 0.01562500 0.01562500
vt 0.48437500 0.01562500
vt 0.48437500 0.48437500
vt 0.01562500 0.48437500
vt 0.01562500 0.01562500
vt 0.48437500 0.01562500
vt 0.48437500 0.48437500
vt 0.01562500 0.48437500
vt 0.01562500 0.01562500
vt 0.48437500 0.01562500
vt 0.48437500 0.48437500
vt 0.01562500 0.48437500
vt 0.01562500 0.01562500
vt 0.48437500 0.01562500
vt 0.48437500 0.48437500
vt 0.01562500 0.48437500
vt 0.01562500 0.01562500
vt 0.48437500 0.01562500
vt 0.48437500 0.48437500
vt 0.01562500 0.48437500
vt 0.01562500 0.01562500
vt 0.48437500 0.01562500
vt 0.48437500 0.48437500
vt 0.01562500 0.48437500
vt 0.01562500 0.01562500
vt 0.48437500 0.01562500
vt 0.48437500 0.48437500
vt 0.01562500 0.48437500
vt 0.01562500 0.01562500
vt 0.48437500 0.01562500
vt 0.48437500 0.48437500
vt 0.01562500 0.48437500
vt 0.01562500 0.01562500
vt 0.48437500 0.01562500
vt 0.48437500 0.48437500
vt 0.01562500 0.48437500
vt 0.01562500 0.01562500
vt 0.48437500 0.01562500
vt 0.48437500 0.48437500
vt 0.01562500 0.48437500
vt 0.01562500 0.01562500
vt 0.48437500 0.01562500
vt 0.48437500 0.48437500
vt 0.01562500 0.48437500
vt 0.01562500 0.01562500
vt 0.48437500 0.01562500
vt 0.48437500 0.48437500
vt 0.01562500 0.48437500
vt 0.01562500 0.01562500
vt 0.48437500 0.01562500
vt 0.48437500 0.48437500
vt 0.01562500 0.48437500
vt 0.01562500 0.01562500
vt 0.48437500 0.01562500
vt 0.48437500 0.48437500
vt 0.01562500 0.48437500
vt 0.01562500 0.01562500
vt 0.48437500 0.01562500
vt 0.48437500 0.48437500
vt 0.01562500 0.48437500
vn 0.00000000 0.00000000 -1.00000000
vn 0.00000000 0.00000000 -1.00000000
vn 0.00000000 0.00000000 -1.00000000
vn 0.00000000 0.00000000 -1.00000000
vn 0.00000000 0.00000000 1.00000000
vn 0.00000000 0.00000000 1.00000000
vn 0.00000000 0.00000000 1.00000000
vn 0.00000000 0.00000000 1.00000000
vn -0.99957864 0.02902673 0.00000000
vn -0.99957864 0.02902673 0.00000000
vn -0.99957864 0.02902673 0.00000000
vn -0.99957864 0.02902673 0.00000000
vn -0.02902673 -0.99957864 0.00000000
vn -0.02456206 -0.99969831 0.00000000
vn -0.02456206 -0.99969831 0.00000000
vn -0.02902673 -0.99957864 0.00000000
vn 0.02902673 0.99957864 0.00000000
vn 0.02902673 0.99957864 0.00000000
vn 0.02456206 0.99969831 0.00000000
vn 0.02456206 0.99969831 0.00000000
vn 0.00000000 0.00000000 -1.00000000
vn 0.00000000 0.00000000 -1.00000000
vn 0.00000000 0.00000000 -1.00000000
vn 0.00000000 0.00000000 -1.00000000
vn 0.00000000 0.00000000 1.00000000
vn 0.00000000 0.00000000 1.00000000
vn 0.00000000 0.00000000 1.00000000
vn 0.00000000 0.00000000 1.00000000
vn -0.02456206 -0.99969831 0.00000000
vn -0.02009690 -0.99979804 0.00000000
vn -0.02009690 -0.99979804 0.00000000
vn -0.02456206 -0.99969831 0.00000000
vn 0.02456206 0.99969831 0.00000000
vn 0.02456206 0.99969831 0.00000000
vn 0.02009690 0.99979804 0.00000000
vn 0.02009690 0.99979804 0.00000000
vn 0.00000000 0.00000000 -1.00000000
vn 0.00000000 0.00000000 -1.00000000
vn 0.00000000 0.00000000 -1.00000000
vn 0.00000000 0.00000000 -1.00000000
vn 0.00000000 0.00000000 1.00000000
vn 0.00000000 0.00000000 1.00000000
vn 0.00000000 0.00000000 1.00000000
vn 0.00000000 0.00000000 1.00000000
vn -0.02009690 -0.99979804 0.00000000
vn -0.01563134 -0.99987782 0.00000000
vn -0.01563134 -0.99987782 0.00000000
vn -0.02009690 -0.99979804 0.00000000
vn 0.02009690 0.99979804 0.00000000
vn 0.02009690 0.99979804 0.00000000
vn 0.01563134 0.99987782 0.00000000
vn 0.01563134 0.99987782 0.00000000
vn 0.00000000 0.00000000 -1.00000000
vn 0.00000000 0.00000000 -1.00000000
vn 0.00000000 0.00000000 -1.00000000
vn 0.00000000 0.00000000 -1.00000000
vn 0.00000000 0.00000000 1.00000000
vn 0.00000000 0.00000000 1.00000000
vn 0.00000000 0.00000000 1.00000000
vn 0.00000000 0.00000000 1.00000000
vn -0.01563134 -0.99987782 0.00000000
vn -0.01116546 -0.99993766 0.00000000
vn -0.01116546 -0.99993766 0.00000000
vn -0.01563134 -0.99987782 0.00000000
vn 0.01563134 0.99987782 0.00000000
vn 0.01563134 0.99987782 0.00000000
vn 0.01116546 0.99993766 0.00000000
vn 0.01116546 0.99993766 0.00000000
vn 0.00000000 0.00000000 -1.00000000
vn 0.00000000 0.00000000 -1.00000000
vn 0.00000000 0.00000000 -1.00000000
vn 0.00000000 0.00000000 -1.00000000
vn 0.00000000 0.00000000 1.00000000
vn 0.00000000 0.00000000 1.00000000
vn 0.00000000 0.00000000 1.00000000
vn 0.00000000 0.00000000 1.00000000
vn -0.01116546 -0.99993766 0.00000000
vn -0.00669937 -0.99997756 0.00000000
vn -0.00669937 -0.99997756 0.00000000
vn -0.01116546 -0.99993766 0.00000000
vn 0.01116546 0.99993766 0.00000000
vn 0.01116546 0.99993766 0.00000000
vn 0.00669937 0.99997756 0.00000000
vn 0.00669937 0.99997756 0.00000000
vn 0.00000000 0.00000000 -1.00000000
vn 0.00000000 0.00000000 -1.00000000
vn 0.00000000 0.00000000 -1.00000000
vn 0.00000000 0.00000000 -1.00000000
vn 0.00000000 0.00000000 1.00000000
vn 0.00000000 0.00000000 1.00000000
vn 0.00000000 0.00000000 1.00000000
vn 0.00000000 0.00000000 1.00000000
vn -0.00669937 -0.99997756 0.00000000
vn -0.00223314 -0.99999751 0.00000000
vn -0.00223314 -0.99999751 0.00000000
vn -0.00669937 -0.99997756 0.00000000
vn 0.00669937 0.99997756 0.00000000
vn 0.00669937 0.99997756 0.00000000
vn 0.00223314 0.99999751 0.00000000
vn 0.00223314 0.99999751 0.00000000
vn 0.00000000 0.00000000 -1.00000000
vn 0.00000000 0.00000000 -1.00000000
vn 0.00000000 0.00000000 -1.00000000
vn 0.00000000 0.00000000 -1.00000000
vn 0.00000000 0.00000000 1.00000000
vn 0.00000000 0.00000000 1.00000000
vn 0.00000000 0.00000000 1.00000000
vn 0.00000000 0.00000000 1.00000000
vn -0.00223314 -0.99999751 0.00000000
vn 0.00223314 -0.99999751 0.00000000
vn 0.00223314 -0.99999751 0.00000000
vn -0.00223314 -0.99999751 0.00000000
vn 0.00223314 0.99999751 0.00000000
vn 0.00223314 0.99999751 0.00000000
vn -0.00223314 0.99999751 0.00000000
vn -0.00223314 0.99999751 0.00000000
vn 0.00000000 0.00000000 -1.00000000
vn 0.00000000 0.00000000 -1.00000000
vn 0.00000000 0.00000000 -1.00000000
vn 0.00000000 0.00000000 -1.00000000
vn 0.00000000 0.00000000 1.00000000
vn 0.00000000 0.00000000 1.00000000
vn 0.00000000 0.00000000 1.00000000
vn 0.00000000 0.00000000 1.00000000
vn 0.00223314 -0.99999751 0.00000000
vn 0.00669937 -0.99997756 0.00000000
vn 0.00669937 -0.99997756 0.00000000
vn 0.00223314 -0.99999751 0.00000000
vn -0.00223314 0.99999751 0.00000000
vn -0.00223314 0.99999751 0.00000000
vn -0.00669937 0.99997756 0.00000000
vn -0.00669937 0.99997756 0.00000000
vn 0.00000000 0.00000000 -1.00000000
vn 0.00000000 0.00000000 -1.00000000
vn 0.00000000 0.00000000 -1.00000000
vn 0.00000000 0.00000000 -1.00000000
vn 0.00000000 0.00000000 1.00000000
vn 0.00000000 0.00000000 1.00000000
vn 0.00000000 0.00000000 1.00000000
vn 0.00000000 0.00000000 1.00000000
vn 0.00669937 -0.99997756 0.00000000
vn 0.01116546 -0.99993766 0.00000000
vn 0.01116546 -0.99993766 0.00000000
vn 0.00669937 -0.99997756 0.00000000
vn -0.00669937 0.99997756 0.00000000
vn -0.00669937 0.99997756 0.00000000
vn -0.01116546 0.99993766 0.00000000
vn -0.01116546 0.99993766 0.00000000
vn 0.00000000 0.00000000 -1.00000000
vn 0.00000000 0.00000000 -1.00000000
vn 0.00000000 0.00000000 -1.00000000
vn 0.00000000 0.00000000 -1.00000000
vn 0.00000000 0.00000000 1.00000000
vn 0.00000000 0.00000000 1.00000000
vn 0.00000000 0.00000000 1.00000000
vn 0.00000000 0.00000000 1.00000000
vn 0.01116546 -0.99993766 0.00000000
vn 0.01563134 -0.99987782 0.00000000
vn 0.01563134 -0.99987782 0.00000000
vn 0.01116546 -0.99993766 0.00000000
vn -0.01116546 0.99993766 0.00000000
vn -0.01116546 0.99993766 0.00000000
vn -0.01563134 0.99987782 0.00000000
vn -0.01563134 0.99987782 0.00000000
vn 0.00000000 0.00000000 -1.00000000
vn 0.00000000 0.00000000 -1.00000000
vn 0.00000000 0.00000000 -1.00000000
vn 0.00000000 0.00000000 -1.00000000
vn 0.00000000 0.00000000 1.00000000
vn 0.00000000 0.00000000 1.00000000
vn 0.00000000 0.00000000 1.00000000
vn 0.00000000 0.00000000 1.00000000
vn 0.01563134 -0.99987782 0.00000000
vn 0.02009690 -0.99979804 0.00000000
vn 0.02009690 -0.99979804 0.00000000
vn 0.01563134 -0.99987782 0.00000000
vn -0.01563134 0.99987782 0.00000000
vn -0.01563134 0.99987782 0.00000000
vn -0.02009690 0.99979804 0.00000000
vn -0.02009690 0.99979804 0.00000000
vn 0.00000000 0.00000000 -1.00000000
vn 0.00000000 0.00000000 -1.00000000
vn 0.00000000 0.00000000 -1.00000000
vn 0.00000000 0.00000000 -1.00000000
vn 0.00000000 0.00000000 1.00000000
vn 0.00000000 0.00000000 1.00000000
vn 0.00000000 0.00000000 1.00000000
vn 0.00000000 0.00000000 1.00000000
vn 0.02009690 -0.99979804 0.00000000
vn 0.02456206 -0.99969831 0.00000000
vn 0.02456206 -0.99969831 0.00000000
vn 0.02009690 -0.99979804 0.00000000
vn -0.02009690 0.99979804 0.00000000
vn -0.02009690 0.99979804 0.00000000
vn -0.02456206 0.99969831 0.00000000
vn -0.02456206 0.99969831 0.00000000
vn 0.00000000 0.00000000 -1.00000000
vn 0.00000000 0.00000000 -1.00000000
vn 0.00000000 0.00000000 -1.00000000
vn 0.00000000 0.00000000 -1.00000000
vn 0.00000000 0.00000000 1.00000000
vn 0.00000000 0.00000000 1.00000000
vn 0.00000000 0.00000000 1.00000000
vn 0.00000000 0.00000000 1.00000000
vn 0.99957864 0.02902673 0.00000000
vn 0.99957864 0.02902673 0.00000000
vn 0.99957864 0.02902673 0.00000000
vn 0.99957864 0.02902673 0.00000000
vn 0.02456206 -0.99969831 0.00000000
vn 0.02902673 -0.99957864 0.00000000
vn 0.02902673 -0.99957864 0.00000000
vn 0.02456206 -0.99969831 0.00000000
vn -0.02456206 0.99969831 0.00000000
vn -0.02456206 0.99969831 0.00000000
vn -0.02902673 0.99957864 0.00000000
vn -0.02902673 0.99957864 0.00000000
vn 0.00000000 0.00000000 -1.00000000
vn 0.00000000 0.00000000 -1.00000000
vn 0.00000000 0.00000000 -1.00000000
vn 0.00000000 0.00000000 -1.00000000
vn 0.00000000 0.00000000 1.00000000
vn 0.00000000 0.00000000 1.00000000
vn 0.00000000 0.00000000 1.00000000
vn 0.00000000 0.00000000 1.00000000
vn -0.99957864 0.02902673 0.00000000
vn -0.99957864 0.02902673 0.00000000
vn -0.99957864 0.02902673 0.00000000
vn -0.99957864 0.02902673 0.00000000
vn 0.99958267 -0.02888757 0.00000000
vn 0.99958267 -0.02888757 0.00000000
vn 0.99958267 -0.02888757 0.00000000
vn 0.99958267 -0.02888757 0.00000000
vn 0.00000000 0.00000000 -1.00000000
vn 0.00000000 0.00000000 -1.00000000
vn 0.00000000 0.00000000 -1.00000000
vn 0.00000000 0.00000000 -1.00000000
vn 0.00000000 0.00000000 1.00000000
vn 0.00000000 0.00000000 1.00000000
vn 0.00000000 0.00000000 1.00000000
vn 0.00000000 0.00000000 1.00000000
vn -0.99958267 -0.02888757 0.00000000
vn -0.99958267 -0.02888757 0.00000000
vn -0.99958267 -0.02888757 0.00000000
vn -0.99958267 -0.02888757 0.00000000
vn 0.99957864 0.02902673 0.00000000
vn 0.99957864 0.02902673 0.00000000
vn 0.99957864 0.02902673 0.00000000
vn 0.99957864 0.02902673 0.00000000
vn 0.00000000 0.00000000 -1.00000000
vn 0.00000000 0.00000000 -1.00000000
vn 0.00000000 0.00000000 -1.00000000
vn 0.00000000 0.00000000 -1.00000000
vn 0.00000000 0.00000000 1.00000000
vn 0.00000000 0.00000000 1.00000000
vn 0.00000000 0.00000000 1.00000000
vn 0.00000000 0.00000000 1.00000000
vn -0.99957864 0.02902673 0.00000000
vn -0.99957864 0.02902673 0.00000000
vn -0.99957864 0.02902673 0.00000000
vn -0.99957864 0.02902673 0.00000000
vn 0.99974509 -0.02257760 0.00000000
vn 0.99974509 -0.02257760 0.00000000
vn 0.99974509 -0.02257760 0.00000000
vn 0.99974509 -0.02257760 0.00000000
vn 0.00000000 0.00000000 -1.00000000
vn 0.00000000 0.00000000 -1.00000000
vn 0.00000000 0.00000000 -1.00000000
vn 0.00000000 0.00000000 -1.00000000
vn 0.00000000 0.00000000 1.00000000
vn 0.00000000 0.00000000 1.00000000
vn 0.00000000 0.00000000 1.00000000
vn 0.00000000 0.00000000 1.00000000
vn -0.99957864 0.02902673 0.00000000
vn -0.99957864 0.02902673 0.00000000
vn -0.99957864 0.02902673 0.00000000
vn -0.99957864 0.02902673 0.00000000
vn 0.99969146 -0.02483914 0.00000000
vn 0.99969146 -0.02483914 0.00000000
vn 0.99969146 -0.02483914 0.00000000
vn 0.99969146 -0.02483914 0.00000000
vn 0.00000000 0.00000000 -1.00000000
vn 0.00000000 0.00000000 -1.00000000
vn 0.00000000 0.00000000 -1.00000000
vn 0.00000000 0.00000000 -1.00000000
vn 0.00000000 0.00000000 1.00000000
vn 0.00000000 0.00000000 1.00000000
vn 0.00000000 0.00000000 1.00000000
vn 0.00000000 0.00000000 1.00000000
vn -0.99957864 0.02902673 0.00000000
vn -0.99957864 0.02902673 0.00000000
vn -0.99957864 0.02902673 0.00000000
vn -0.99957864 0.02902673 0.00000000
vn 0.99969146 -0.02483914 0.00000000
vn 0.99969146 -0.02483914 0.00000000
vn 0.99969146 -0.02483914 0.00000000
vn 0.99969146 -0.02483914 0.00000000
vn 0.00000000 0.00000000 -1.00000000
vn 0.00000000 0.00000000 -1.00000000
vn 0.00000000 0.00000000 -1.00000000
vn 0.00000000 0.00000000 -1.00000000
vn 0.00000000 0.00000000 1.00000000
vn 0.00000000 0.00000000 1.00000000
vn 0.00000000 0.00000000 1.00000000
vn 0.00000000 0.00000000 1.00000000
vn -0.99957864 0.02902673 0.00000000
vn -0.99957864 0.02902673 0.00000000
vn -0.99957864 0.02902673 0.00000000
vn -0.99957864 0.02902673 0.00000000
vn 0.99969146 -0.02483914 0.00000000
vn 0.99969146 -0.02483914 0.00000000
vn 0.99969146 -0.02483914 0.00000000
vn 0.99969146 -0.02483914 0.00000000
vn 0.00000000 0.00000000 -1.00000000
vn 0.00000000 0.00000000 -1.00000000
vn 0.00000000 0.00000000 -1.00000000
vn 0.00000000 0.00000000 -1.00000000
vn 0.00000000 0.00000000 1.00000000
vn 0.00000000 0.00000000 1.00000000
vn 0.00000000 0.00000000 1.00000000
vn 0.00000000 0.00000000 1.00000000
vn -0.99974115 0.02275157 0.00000000
vn -0.99974115 0.02275157 0.00000000
vn -0.99974115 0.02275157 0.00000000
vn -0.99974115 0.02275157 0.00000000
vn 0.99974509 -0.02257760 0.00000000
vn 0.99974509 -0.02257760 0.00000000
vn 0.99974509 -0.02257760 0.00000000
vn 0.99974509 -0.02257760 0.00000000
vn 0.00000000 0.00000000 -1.00000000
vn 0.00000000 0.00000000 -1.00000000
vn 0.00000000 0.00000000 -1.00000000
vn 0.00000000 0.00000000 -1.00000000
vn 0.00000000 0.00000000 1.00000000
vn 0.00000000 0.00000000 1.00000000
vn 0.00000000 0.00000000 1.00000000
vn 0.00000000 0.00000000 1.00000000
vn -0.99969146 0.02483914 0.00000000
vn -0.99969146 0.02483914 0.00000000
vn -0.99969146 0.02483914 0.00000000
vn -0.99969146 0.02483914 0.00000000
vn 0.99974115 -0.02275157 0.00000000
vn 0.99974115 -0.02275157 0.00000000
vn 0.99974115 -0.02275157 0.00000000
vn 0.99974115 -0.02275157 0.00000000
vn -0.02483914 -0.99969146 0.00000000
vn -0.02275157 -0.99974115 0.00000000
vn -0.02275157 -0.99974115 0.00000000
vn -0.02483914 -0.99969146 0.00000000
vn 0.00000000 0.00000000 -1.00000000
vn 0.00000000 0.00000000 -1.00000000
vn 0.00000000 0.00000000 -1.00000000
vn 0.00000000 0.00000000 -1.00000000
vn 0.00000000 0.00000000 1.00000000
vn 0.00000000 0.00000000 1.00000000
vn 0.00000000 0.00000000 1.00000000
vn 0.00000000 0.00000000 1.00000000
vn -0.99958267 0.02888757 0.00000000
vn -0.99958267 0.02888757 0.00000000
vn -0.99958267 0.02888757 0.00000000
vn -0.99958267 0.02888757 0.00000000
vn 0.99974194 -0.02271677 0.00000000
vn 0.99974194 -0.02271677 0.00000000
vn 0.99974194 -0.02271677 0.00000000
vn 0.99974194 -0.02271677 0.00000000
vn -0.02888757 -0.99958267 0.00000000
vn -0.02271677 -0.99974194 0.00000000
vn -0.02271677 -0.99974194 0.00000000
vn -0.02888757 -0.99958267 0.00000000
vn 0.02888757 0.99958267 0.00000000
vn 0.02888757 0.99958267 0.00000000
vn 0.02271677 0.99974194 0.00000000
vn 0.02271677 0.99974194 0.00000000
vn 0.00000000 0.00000000 -1.00000000
vn 0.00000000 0.00000000 -1.00000000
vn 0.00000000 0.00000000 -1.00000000
vn 0.00000000 0.00000000 -1.00000000
vn 0.00000000 0.00000000 1.00000000
vn 0.00000000 0.00000000 1.00000000
vn 0.00000000 0.00000000 1.00000000
vn 0.00000000 0.00000000 1.00000000
vn -0.99974509 0.02257760 0.00000000
vn -0.99974509 0.02257760 0.00000000
vn -0.99974509 0.02257760 0.00000000
vn -0.99974509 0.02257760 0.00000000
vn 0.99986994 -0.01612753 0.00000000
vn 0.99986994 -0.01612753 0.00000000
vn 0.99986994 -0.01612753 0.00000000
vn 0.99986994 -0.01612753 0.00000000
vn 0.00000000 0.00000000 -1.00000000
vn 0.00000000 0.00000000 -1.00000000
vn 0.00000000 0.00000000 -1.00000000
vn 0.00000000 0.00000000 -1.00000000
vn 0.00000000 0.00000000 1.00000000
vn 0.00000000 0.00000000 1.00000000
vn 0.00000000 0.00000000 1.00000000
vn 0.00000000 0.00000000 1.00000000
vn -0.99974509 0.02257760 0.00000000
vn -0.99974509 0.02257760 0.00000000
vn -0.99974509 0.02257760 0.00000000
vn -0.99974509 0.02257760 0.00000000
vn 0.99983090 -0.01838937 0.00000000
vn 0.99983090 -0.01838937 0.00000000
vn 0.99983090 -0.01838937 0.00000000
vn 0.99983090 -0.01838937 0.00000000
vn 0.00000000 0.00000000 -1.00000000
vn 0.00000000 0.00000000 -1.00000000
vn 0.00000000 0.00000000 -1.00000000
vn 0.00000000 0.00000000 -1.00000000
vn 0.00000000 0.00000000 1.00000000
vn 0.00000000 0.00000000 1.00000000
vn 0.00000000 0.00000000 1.00000000
vn 0.00000000 0.00000000 1.00000000
vn -0.99974509 0.02257760 0.00000000
vn -0.99974509 0.02257760 0.00000000
vn -0.99974509 0.02257760 0.00000000
vn -0.99974509 0.02257760 0.00000000
vn 0.99983090 -0.01838937 0.00000000
vn 0.99983090 -0.01838937 0.00000000
vn 0.99983090 -0.01838937 0.00000000
vn 0.99983090 -0.01838937 0.00000000
vn 0.00000000 0.00000000 -1.00000000
vn 0.00000000 0.00000000 -1.00000000
vn 0.00000000 0.00000000 -1.00000000
vn 0.00000000 0.00000000 -1.00000000
vn 0.00000000 0.00000000 1.00000000
vn 0.00000000 0.00000000 1.00000000
vn 0.00000000 0.00000000 1.00000000
vn 0.00000000 0.00000000 1.00000000
vn -0.99974509 0.02257760 0.00000000
vn -0.99974509 0.02257760 0.00000000
vn -0.99974509 0.02257760 0.00000000
vn -0.99974509 0.02257760 0.00000000
vn 0.99983090 -0.01838937 0.00000000
vn 0.99983090 -0.01838937 0.00000000
vn 0.99983090 -0.01838937 0.00000000
vn 0.99983090 -0.01838937 0.00000000
vn 0.00000000 0.00000000 -1.00000000
vn 0.00000000 0.00000000 -1.00000000
vn 0.00000000 0.00000000 -1.00000000
vn 0.00000000 0.00000000 -1.00000000
vn 0.00000000 0.00000000 1.00000000
vn 0.00000000 0.00000000 1.00000000
vn 0.00000000 0.00000000 1.00000000
vn 0.00000000 0.00000000 1.00000000
vn -0.99986712 0.01630152 0.00000000
vn -0.99986712 0.01630152 0.00000000
vn -0.99986712 0.01630152 0.00000000
vn -0.99986712 0.01630152 0.00000000
vn 0.99986994 -0.01612753 0.00000000
vn 0.99986994 -0.01612753 0.00000000
vn 0.99986994 -0.01612753 0.00000000
vn 0.99986994 -0.01612753 0.00000000
vn 0.00000000 0.00000000 -1.00000000
vn 0.00000000 0.00000000 -1.00000000
vn 0.00000000 0.00000000 -1.00000000
vn 0.00000000 0.00000000 -1.00000000
vn 0.00000000 0.00000000 1.00000000
vn 0.00000000 0.00000000 1.00000000
vn 0.00000000 0.00000000 1.00000000
vn 0.00000000 0.00000000 1.00000000
vn -0.99983090 0.01838937 0.00000000
vn -0.99983090 0.01838937 0.00000000
vn -0.99983090 0.01838937 0.00000000
vn -0.99983090 0.01838937 0.00000000
vn 0.99986712 -0.01630152 0.00000000
vn 0.99986712 -0.01630152 0.00000000
vn 0.99986712 -0.01630152 0.00000000
vn 0.99986712 -0.01630152 0.00000000
vn -0.01838937 -0.99983090 0.00000000
vn -0.01630152 -0.99986712 0.00000000
vn -0.01630152 -0.99986712 0.00000000
vn -0.01838937 -0.99983090 0.00000000
vn 0.00000000 0.00000000 -1.00000000
vn 0.00000000 0.00000000 -1.00000000
vn 0.00000000 0.00000000 -1.00000000
vn 0.00000000 0.00000000 -1.00000000
vn 0.00000000 0.00000000 1.00000000
vn 0.00000000 0.00000000 1.00000000
vn 0.00000000 0.00000000 1.00000000
vn 0.00000000 0.00000000 1.00000000
vn -0.99974823 0.02243842 0.00000000
vn -0.99974823 0.02243842 0.00000000
vn -0.99974823 0.02243842 0.00000000
vn -0.99974823 0.02243842 0.00000000
vn 0.99986769 -0.01626672 0.00000000
vn 0.99986769 -0.01626672 0.00000000
vn 0.99986769 -0.01626672 0.00000000
vn 0.99986769 -0.01626672 0.00000000
vn -0.02243842 -0.99974823 0.00000000
vn -0.01626672 -0.99986769 0.00000000
vn -0.01626672 -0.99986769 0.00000000
vn -0.02243842 -0.99974823 0.00000000
vn 0.02243842 0.99974823 0.00000000
vn 0.02243842 0.99974823 0.00000000
vn 0.01626672 0.99986769 0.00000000
vn 0.01626672 0.99986769 0.00000000
vn 0.00000000 0.00000000 -1.00000000
vn 0.00000000 0.00000000 -1.00000000
vn 0.00000000 0.00000000 -1.00000000
vn 0.00000000 0.00000000 -1.00000000
vn 0.00000000 0.00000000 1.00000000
vn 0.00000000 0.00000000 1.00000000
vn 0.00000000 0.00000000 1.00000000
vn 0.00000000 0.00000000 1.00000000
vn -0.99974509 0.02257760 0.00000000
vn -0.99974509 0.02257760 0.00000000
vn -0.99974509 0.02257760 0.00000000
vn -0.99974509 0.02257760 0.00000000
vn 0.99974771 -0.02246162 0.00000000
vn 0.99974771 -0.02246162 0.00000000
vn 0.99974771 -0.02246162 0.00000000
vn 0.99974771 -0.02246162 0.00000000
vn 0.00000000 0.00000000 -1.00000000
vn 0.00000000 0.00000000 -1.00000000
vn 0.00000000 0.00000000 -1.00000000
vn 0.00000000 0.00000000 -1.00000000
vn 0.00000000 0.00000000 1.00000000
vn 0.00000000 0.00000000 1.00000000
vn 0.00000000 0.00000000 1.00000000
vn 0.00000000 0.00000000 1.00000000
vn -0.99986994 0.01612753 0.00000000
vn -0.99986994 0.01612753 0.00000000
vn -0.99986994 0.01612753 0.00000000
vn -0.99986994 0.01612753 0.00000000
vn 0.99995318 -0.00967678 0.00000000
vn 0.99995318 -0.00967678 0.00000000
vn 0.99995318 -0.00967678 0.00000000
vn 0.99995318 -0.00967678 0.00000000
vn 0.00000000 0.00000000 -1.00000000
vn 0.00000000 0.00000000 -1.00000000
vn 0.00000000 0.00000000 -1.00000000
vn 0.00000000 0.00000000 -1.00000000
vn 0.00000000 0.00000000 1.00000000
vn 0.00000000 0.00000000 1.00000000
vn 0.00000000 0.00000000 1.00000000
vn 0.00000000 0.00000000 1.00000000
vn -0.99986994 0.01612753 0.00000000
vn -0.99986994 0.01612753 0.00000000
vn -0.99986994 0.01612753 0.00000000
vn -0.99986994 0.01612753 0.00000000
vn 0.99992873 -0.01193883 0.00000000
vn 0.99992873 -0.01193883 0.00000000
vn 0.99992873 -0.01193883 0.00000000
vn 0.99992873 -0.01193883 0.00000000
vn 0.00000000 0.00000000 -1.00000000
vn 0.00000000 0.00000000 -1.00000000
vn 0.00000000 0.00000000 -1.00000000
vn 0.00000000 0.00000000 -1.00000000
vn 0.00000000 0.00000000 1.00000000
vn 0.00000000 0.00000000 1.00000000
vn 0.00000000 0.00000000 1.00000000
vn 0.00000000 0.00000000 1.00000000
vn -0.99986994 0.01612753 0.00000000
vn -0.99986994 0.01612753 0.00000000
vn -0.99986994 0.01612753 0.00000000
vn -0.99986994 0.01612753 0.00000000
vn 0.99992873 -0.01193883 0.00000000
vn 0.99992873 -0.01193883 0.00000000
vn 0.99992873 -0.01193883 0.00000000
vn 0.99992873 -0.01193883 0.00000000
vn 0.00000000 0.00000000 -1.00000000
vn 0.00000000 0.00000000 -1.00000000
vn 0.00000000 0.00000000 -1.00000000
vn 0.00000000 0.00000000 -1.00000000
vn 0.00000000 0.00000000 1.00000000
vn 0.00000000 0.00000000 1.00000000
vn 0.00000000 0.00000000 1.00000000
vn 0.00000000 0.00000000 1.00000000
vn -0.99986994 0.01612753 0.00000000
vn -0.99986994 0.01612753 0.00000000
vn -0.99986994 0.01612753 0.00000000
vn -0.99986994 0.01612753 0.00000000
vn 0.99992873 -0.01193883 0.00000000
vn 0.99992873 -0.01193883 0.00000000
vn 0.99992873 -0.01193883 0.00000000
vn 0.99992873 -0.01193883 0.00000000
vn 0.00000000 0.00000000 -1.00000000
vn 0.00000000 0.00000000 -1.00000000
vn 0.00000000 0.00000000 -1.00000000
vn 0.00000000 0.00000000 -1.00000000
vn 0.00000000 0.00000000 1.00000000
vn 0.00000000 0.00000000 1.00000000
vn 0.00000000 0.00000000 1.00000000
vn 0.00000000 0.00000000 1.00000000
vn -0.99995148 0.00985079 0.00000000
vn -0.99995148 0.00985079 0.00000000
vn -0.99995148 0.00985079 0.00000000
vn -0.99995148 0.00985079 0.00000000
vn 0.99995318 -0.00967678 0.00000000
vn 0.99995318 -0.00967678 0.00000000
vn 0.99995318 -0.00967678 0.00000000
vn 0.99995318 -0.00967678 0.00000000
vn 0.00000000 0.00000000 -1.00000000
vn 0.00000000 0.00000000 -1.00000000
vn 0.00000000 0.00000000 -1.00000000
vn 0.00000000 0.00000000 -1.00000000
vn 0.00000000 0.00000000 1.00000000
vn 0.00000000 0.00000000 1.00000000
vn 0.00000000 0.00000000 1.00000000
vn 0.00000000 0.00000000 1.00000000
vn -0.99992873 0.01193883 0.00000000
vn -0.99992873 0.01193883 0.00000000
vn -0.99992873 0.01193883 0.00000000
vn -0.99992873 0.01193883 0.00000000
vn 0.99995148 -0.00985079 0.00000000
vn 0.99995148 -0.00985079 0.00000000
vn 0.99995148 -0.00985079 0.00000000
vn 0.99995148 -0.00985079 0.00000000
vn -0.01193883 -0.99992873 0.00000000
vn -0.00985079 -0.99995148 0.00000000
vn -0.00985079 -0.99995148 0.00000000
vn -0.01193883 -0.99992873 0.00000000
vn 0.00000000 0.00000000 -1.00000000
vn 0.00000000 0.00000000 -1.00000000
vn 0.00000000 0.00000000 -1.00000000
vn 0.00000000 0.00000000 -1.00000000
vn 0.00000000 0.00000000 1.00000000
vn 0.00000000 0.00000000 1.00000000
vn 0.00000000 0.00000000 1.00000000
vn 0.00000000 0.00000000 1.00000000
vn -0.99987218 0.01598833 0.00000000
vn -0.99987218 0.01598833 0.00000000
vn -0.99987218 0.01598833 0.00000000
vn -0.99987218 0.01598833 0.00000000
vn 0.99995182 -0.00981599 0.00000000
vn 0.99995182 -0.00981599 0.00000000
vn 0.99995182 -0.00981599 0.00000000
vn 0.99995182 -0.00981599 0.00000000
vn -0.01598833 -0.99987218 0.00000000
vn -0.00981599 -0.99995182 0.00000000
vn -0.00981599 -0.99995182 0.00000000
vn -0.01598833 -0.99987218 0.00000000
vn 0.01598833 0.99987218 0.00000000
vn 0.01598833 0.99987218 0.00000000
vn 0.00981599 0.99995182 0.00000000
vn 0.00981599 0.99995182 0.00000000
vn 0.00000000 0.00000000 -1.00000000
vn 0.00000000 0.00000000 -1.00000000
vn 0.00000000 0.00000000 -1.00000000
vn 0.00000000 0.00000000 -1.00000000
vn 0.00000000 0.00000000 1.00000000
vn 0.00000000 0.00000000 1.00000000
vn 0.00000000 0.00000000 1.00000000
vn 0.00000000 0.00000000 1.00000000
vn -0.99986994 0.01612753 0.00000000
vn -0.99986994 0.01612753 0.00000000
vn -0.99986994 0.01612753 0.00000000
vn -0.99986994 0.01612753 0.00000000
vn 0.99987181 -0.01601153 0.00000000
vn 0.99987181 -0.01601153 0.00000000
vn 0.99987181 -0.01601153 0.00000000
vn 0.99987181 -0.01601153 0.00000000
vn 0.00000000 0.00000000 -1.00000000
vn 0.00000000 0.00000000 -1.00000000
vn 0.00000000 0.00000000 -1.00000000
vn 0.00000000 0.00000000 -1.00000000
vn 0.00000000 0.00000000 1.00000000
vn 0.00000000 0.00000000 1.00000000
vn 0.00000000 0.00000000 1.00000000
vn 0.00000000 0.00000000 1.00000000
vn -0.99995318 0.00967678 0.00000000
vn -0.99995318 0.00967678 0.00000000
vn -0.99995318 0.00967678 0.00000000
vn -0.99995318 0.00967678 0.00000000
vn 0.99999480 -0.00322564 0.00000000
vn 0.99999480 -0.00322564 0.00000000
vn 0.99999480 -0.00322564 0.00000000
vn 0.99999480 -0.00322564 0.00000000
vn 0.00000000 0.00000000 -1.00000000
vn 0.00000000 0.00000000 -1.00000000
vn 0.00000000 0.00000000 -1.00000000
vn 0.00000000 0.00000000 -1.00000000
vn 0.00000000 0.00000000 1.00000000
vn 0.00000000 0.00000000 1.00000000
vn 0.00000000 0.00000000 1.00000000
vn 0.00000000 0.00000000 1.00000000
vn -0.99995318 0.00967678 0.00000000
vn -0.99995318 0.00967678 0.00000000
vn -0.99995318 0.00967678 0.00000000
vn -0.99995318 0.00967678 0.00000000
vn 0.99998494 -0.00548780 0.00000000
vn 0.99998494 -0.00548780 0.00000000
vn 0.99998494 -0.00548780 0.00000000
vn 0.99998494 -0.00548780 0.00000000
vn 0.00000000 0.00000000 -1.00000000
vn 0.00000000 0.00000000 -1.00000000
vn 0.00000000 0.00000000 -1.00000000
vn 0.00000000 0.00000000 -1.00000000
vn 0.00000000 0.00000000 1.00000000
vn 0.00000000 0.00000000 1.00000000
vn 0.00000000 0.00000000 1.00000000
vn 0.00000000 0.00000000 1.00000000
vn -0.99995318 0.00967678 0.00000000
vn -0.99995318 0.00967678 0.00000000
vn -0.99995318 0.00967678 0.00000000
vn -0.99995318 0.00967678 0.00000000
vn 0.99998494 -0.00548780 0.00000000
vn 0.99998494 -0.00548780 0.00000000
vn 0.99998494 -0.00548780 0.00000000
vn 0.99998494 -0.00548780 0.00000000
vn 0.00000000 0.00000000 -1.00000000
vn 0.00000000 0.00000000 -1.00000000
vn 0.00000000 0.00000000 -1.00000000
vn 0.00000000 0.00000000 -1.00000000
vn 0.00000000 0.00000000 1.00000000
vn 0.00000000 0.00000000 1.00000000
vn 0.00000000 0.00000000 1.00000000
vn 0.00000000 0.00000000 1.00000000
vn -0.99995318 0.00967678 0.00000000
vn -0.99995318 0.00967678 0.00000000
vn -0.99995318 0.00967678 0.00000000
vn -0.99995318 0.00967678 0.00000000
vn 0.99998494 -0.00548780 0.00000000
vn 0.99998494 -0.00548780 0.00000000
vn 0.99998494 -0.00548780 0.00000000
vn 0.99998494 -0.00548780 0.00000000
vn 0.00000000 0.00000000 -1.00000000
vn 0.00000000 0.00000000 -1.00000000
vn 0.00000000 0.00000000 -1.00000000
vn 0.00000000 0.00000000 -1.00000000
vn 0.00000000 0.00000000 1.00000000
vn 0.00000000 0.00000000 1.00000000
vn 0.00000000 0.00000000 1.00000000
vn 0.00000000 0.00000000 1.00000000
vn -0.99999422 0.00339965 0.00000000
vn -0.99999422 0.00339965 0.00000000
vn -0.99999422 0.00339965 0.00000000
vn -0.99999422 0.00339965 0.00000000
vn 0.99999480 -0.00322564 0.00000000
vn 0.99999480 -0.00322564 0.00000000
vn 0.99999480 -0.00322564 0.00000000
vn 0.99999480 -0.00322564 0.00000000
vn 0.00000000 0.00000000 -1.00000000
vn 0.00000000 0.00000000 -1.00000000
vn 0.00000000 0.00000000 -1.00000000
vn 0.00000000 0.00000000 -1.00000000
vn 0.00000000 0.00000000 1.00000000
vn 0.00000000 0.00000000 1.00000000
vn 0.00000000 0.00000000 1.00000000
vn 0.00000000 0.00000000 1.00000000
vn -0.99998494 0.00548780 0.00000000
vn -0.99998494 0.00548780 0.00000000
vn -0.99998494 0.00548780 0.00000000
vn -0.99998494 0.00548780 0.00000000
vn 0.99999422 -0.00339965 0.00000000
vn 0.99999422 -0.00339965 0.00000000
vn 0.99999422 -0.00339965 0.00000000
vn 0.99999422 -0.00339965 0.00000000
vn -0.00548780 -0.99998494 0.00000000
vn -0.00339965 -0.99999422 0.00000000
vn -0.00339965 -0.99999422 0.00000000
vn -0.00548780 -0.99998494 0.00000000
vn 0.00000000 0.00000000 -1.00000000
vn 0.00000000 0.00000000 -1.00000000
vn 0.00000000 0.00000000 -1.00000000
vn 0.00000000 0.00000000 -1.00000000
vn 0.00000000 0.00000000 1.00000000
vn 0.00000000 0.00000000 1.00000000
vn 0.00000000 0.00000000 1.00000000
vn 0.00000000 0.00000000 1.00000000
vn -0.99995452 0.00953758 0.00000000
vn -0.99995452 0.00953758 0.00000000
vn -0.99995452 0.00953758 0.00000000
vn -0.99995452 0.00953758 0.00000000
vn 0.99999434 -0.00336485 0.00000000
vn 0.99999434 -0.00336485 0.00000000
vn 0.99999434 -0.00336485 0.00000000
vn 0.99999434 -0.00336485 0.00000000
vn -0.00953758 -0.99995452 0.00000000
vn -0.00336485 -0.99999434 0.00000000
vn -0.00336485 -0.99999434 0.00000000
vn -0.00953758 -0.99995452 0.00000000
vn 0.00953758 0.99995452 0.00000000
vn 0.00953758 0.99995452 0.00000000
vn 0.00336485 0.99999434 0.00000000
vn 0.00336485 0.99999434 0.00000000
vn 0.00000000 0.00000000 -1.00000000
vn 0.00000000 0.00000000 -1.00000000
vn 0.00000000 0.00000000 -1.00000000
vn 0.00000000 0.00000000 -1.00000000
vn 0.00000000 0.00000000 1.00000000
vn 0.00000000 0.00000000 1.00000000
vn 0.00000000 0.00000000 1.00000000
vn 0.00000000 0.00000000 1.00000000
vn -0.99999480 0.00322564 0.00000000
vn -0.99999480 0.00322564 0.00000000
vn -0.99999480 0.00322564 0.00000000
vn -0.99999480 0.00322564 0.00000000
vn 0.99999480 0.00322564 0.00000000
vn 0.99999480 0.00322564 0.00000000
vn 0.99999480 0.00322564 0.00000000
vn 0.99999480 0.00322564 0.00000000
vn 0.00000000 0.00000000 -1.00000000
vn 0.00000000 0.00000000 -1.00000000
vn 0.00000000 0.00000000 -1.00000000
vn 0.00000000 0.00000000 -1.00000000
vn 0.00000000 0.00000000 1.00000000
vn 0.00000000 0.00000000 1.00000000
vn 0.00000000 0.00000000 1.00000000
vn 0.00000000 0.00000000 1.00000000
vn -0.99999480 0.00322564 0.00000000
vn -0.99999480 0.00322564 0.00000000
vn -0.99999480 0.00322564 0.00000000
vn -0.99999480 0.00322564 0.00000000
vn 0.99999954 0.00096346 0.00000000
vn 0.99999954 0.00096346 0.00000000
vn 0.99999954 0.00096346 0.00000000
vn 0.99999954 0.00096346 0.00000000
vn 0.00000000 0.00000000 -1.00000000
vn 0.00000000 0.00000000 -1.00000000
vn 0.00000000 0.00000000 -1.00000000
vn 0.00000000 0.00000000 -1.00000000
vn 0.00000000 0.00000000 1.00000000
vn 0.00000000 0.00000000 1.00000000
vn 0.00000000 0.00000000 1.00000000
vn 0.00000000 0.00000000 1.00000000
vn -0.99999480 0.00322564 0.00000000
vn -0.99999480 0.00322564 0.00000000
vn -0.99999480 0.00322564 0.00000000
vn -0.99999480 0.00322564 0.00000000
vn 0.99999954 0.00096346 0.00000000
vn 0.99999954 0.00096346 0.00000000
vn 0.99999954 0.00096346 0.00000000
vn 0.99999954 0.00096346 0.00000000
vn 0.00000000 0.00000000 -1.00000000
vn 0.00000000 0.00000000 -1.00000000
vn 0.00000000 0.00000000 -1.00000000
vn 0.00000000 0.00000000 -1.00000000
vn 0.00000000 0.00000000 1.00000000
vn 0.00000000 0.00000000 1.00000000
vn 0.00000000 0.00000000 1.00000000
vn 0.00000000 0.00000000 1.00000000
vn -0.99999480 0.00322564 0.00000000
vn -0.99999480 0.00322564 0.00000000
vn -0.99999480 0.00322564 0.00000000
vn -0.99999480 0.00322564 0.00000000
vn 0.99999954 0.00096346 0.00000000
vn 0.99999954 0.00096346 0.00000000
vn 0.99999954 0.00096346 0.00000000
vn 0.99999954 0.00096346 0.00000000
vn 0.00000000 0.00000000 -1.00000000
vn 0.00000000 0.00000000 -1.00000000
vn 0.00000000 0.00000000 -1.00000000
vn 0.00000000 0.00000000 -1.00000000
vn 0.00000000 0.00000000 1.00000000
vn 0.00000000 0.00000000 1.00000000
vn 0.00000000 0.00000000 1.00000000
vn 0.00000000 0.00000000 1.00000000
vn -0.99999534 -0.00305163 0.00000000
vn -0.99999534 -0.00305163 0.00000000
vn -0.99999534 -0.00305163 0.00000000
vn -0.99999534 -0.00305163 0.00000000
vn 0.99999480 0.00322564 0.00000000
vn 0.99999480 0.00322564 0.00000000
vn 0.99999480 0.00322564 0.00000000
vn 0.99999480 0.00322564 0.00000000
vn 0.00000000 0.00000000 -1.00000000
vn 0.00000000 0.00000000 -1.00000000
vn 0.00000000 0.00000000 -1.00000000
vn 0.00000000 0.00000000 -1.00000000
vn 0.00000000 0.00000000 1.00000000
vn 0.00000000 0.00000000 1.00000000
vn 0.00000000 0.00000000 1.00000000
vn 0.00000000 0.00000000 1.00000000
vn -0.99999954 -0.00096346 0.00000000
vn -0.99999954 -0.00096346 0.00000000
vn -0.99999954 -0.00096346 0.00000000
vn -0.99999954 -0.00096346 0.00000000
vn 0.99999534 0.00305163 0.00000000
vn 0.99999534 0.00305163 0.00000000
vn 0.99999534 0.00305163 0.00000000
vn 0.99999534 0.00305163 0.00000000
vn 0.00096346 -0.99999954 0.00000000
vn 0.00305163 -0.99999534 0.00000000
vn 0.00305163 -0.99999534 0.00000000
vn 0.00096346 -0.99999954 0.00000000
vn 0.00000000 0.00000000 -1.00000000
vn 0.00000000 0.00000000 -1.00000000
vn 0.00000000 0.00000000 -1.00000000
vn 0.00000000 0.00000000 -1.00000000
vn 0.00000000 0.00000000 1.00000000
vn 0.00000000 0.00000000 1.00000000
vn 0.00000000 0.00000000 1.00000000
vn 0.00000000 0.00000000 1.00000000
vn -0.99999524 0.00308643 0.00000000
vn -0.99999524 0.00308643 0.00000000
vn -0.99999524 0.00308643 0.00000000
vn -0.99999524 0.00308643 0.00000000
vn 0.99999524 0.00308643 0.00000000
vn 0.99999524 0.00308643 0.00000000
vn 0.99999524 0.00308643 0.00000000
vn 0.99999524 0.00308643 0.00000000
vn -0.00308643 -0.99999524 0.00000000
vn 0.00308643 -0.99999524 0.00000000
vn 0.00308643 -0.99999524 0.00000000
vn -0.00308643 -0.99999524 0.00000000
vn 0.00308643 0.99999524 0.00000000
vn 0.00308643 0.99999524 0.00000000
vn -0.00308643 0.99999524 0.00000000
vn -0.00308643 0.99999524 0.00000000
vn 0.00000000 0.00000000 -1.00000000
vn 0.00000000 0.00000000 -1.00000000
vn 0.00000000 0.00000000 -1.00000000
vn 0.00000000 0.00000000 -1.00000000
vn 0.00000000 0.00000000 1.00000000
vn 0.00000000 0.00000000 1.00000000
vn 0.00000000 0.00000000 1.00000000
vn 0.00000000 0.00000000 1.00000000
vn -0.99999480 -0.00322564 0.00000000
vn -0.99999480 -0.00322564 0.00000000
vn -0.99999480 -0.00322564 0.00000000
vn -0.99999480 -0.00322564 0.00000000
vn 0.99995318 0.00967678 0.00000000
vn 0.99995318 0.00967678 0.00000000
vn 0.99995318 0.00967678 0.00000000
vn 0.99995318 0.00967678 0.00000000
vn 0.00000000 0.00000000 -1.00000000
vn 0.00000000 0.00000000 -1.00000000
vn 0.00000000 0.00000000 -1.00000000
vn 0.00000000 0.00000000 -1.00000000
vn 0.00000000 0.00000000 1.00000000
vn 0.00000000 0.00000000 1.00000000
vn 0.00000000 0.00000000 1.00000000
vn 0.00000000 0.00000000 1.00000000
vn -0.99999480 -0.00322564 0.00000000
vn -0.99999480 -0.00322564 0.00000000
vn -0.99999480 -0.00322564 0.00000000
vn -0.99999480 -0.00322564 0.00000000
vn 0.99997251 0.00741469 0.00000000
vn 0.99997251 0.00741469 0.00000000
vn 0.99997251 0.00741469 0.00000000
vn 0.99997251 0.00741469 0.00000000
vn 0.00000000 0.00000000 -1.00000000
vn 0.00000000 0.00000000 -1.00000000
vn 0.00000000 0.00000000 -1.00000000
vn 0.00000000 0.00000000 -1.00000000
vn 0.00000000 0.00000000 1.00000000
vn 0.00000000 0.00000000 1.00000000
vn 0.00000000 0.00000000 1.00000000
vn 0.00000000 0.00000000 1.00000000
vn -0.99999480 -0.00322564 0.00000000
vn -0.99999480 -0.00322564 0.00000000
vn -0.99999480 -0.00322564 0.00000000
vn -0.99999480 -0.00322564 0.00000000
vn 0.99997251 0.00741469 0.00000000
vn 0.99997251 0.00741469 0.00000000
vn 0.99997251 0.00741469 0.00000000
vn 0.99997251 0.00741469 0.00000000
vn 0.00000000 0.00000000 -1.00000000
vn 0.00000000 0.00000000 -1.00000000
vn 0.00000000 0.00000000 -1.00000000
vn 0.00000000 0.00000000 -1.00000000
vn 0.00000000 0.00000000 1.00000000
vn 0.00000000 0.00000000 1.00000000
vn 0.00000000 0.00000000 1.00000000
vn 0.00000000 0.00000000 1.00000000
vn -0.99999480 -0.00322564 0.00000000
vn -0.99999480 -0.00322564 0.00000000
vn -0.99999480 -0.00322564 0.00000000
vn -0.99999480 -0.00322564 0.00000000
vn 0.99997251 0.00741469 0.00000000
vn 0.99997251 0.00741469 0.00000000
vn 0.99997251 0.00741469 0.00000000
vn 0.99997251 0.00741469 0.00000000
vn 0.00000000 0.00000000 -1.00000000
vn 0.00000000 0.00000000 -1.00000000
vn 0.00000000 0.00000000 -1.00000000
vn 0.00000000 0.00000000 -1.00000000
vn 0.00000000 0.00000000 1.00000000
vn 0.00000000 0.00000000 1.00000000
vn 0.00000000 0.00000000 1.00000000
vn 0.00000000 0.00000000 1.00000000
vn -0.99995485 -0.00950278 0.00000000
vn -0.99995485 -0.00950278 0.00000000
vn -0.99995485 -0.00950278 0.00000000
vn -0.99995485 -0.00950278 0.00000000
vn 0.99995318 0.00967678 0.00000000
vn 0.99995318 0.00967678 0.00000000
vn 0.99995318 0.00967678 0.00000000
vn 0.99995318 0.00967678 0.00000000
vn 0.00000000 0.00000000 -1.00000000
vn 0.00000000 0.00000000 -1.00000000
vn 0.00000000 0.00000000 -1.00000000
vn 0.00000000 0.00000000 -1.00000000
vn 0.00000000 0.00000000 1.00000000
vn 0.00000000 0.00000000 1.00000000
vn 0.00000000 0.00000000 1.00000000
vn 0.00000000 0.00000000 1.00000000
vn -0.99997251 -0.00741469 0.00000000
vn -0.99997251 -0.00741469 0.00000000
vn -0.99997251 -0.00741469 0.00000000
vn -0.99997251 -0.00741469 0.00000000
vn 0.99995485 0.00950278 0.00000000
vn 0.99995485 0.00950278 0.00000000
vn 0.99995485 0.00950278 0.00000000
vn 0.99995485 0.00950278 0.00000000
vn 0.00741469 -0.99997251 0.00000000
vn 0.00950278 -0.99995485 0.00000000
vn 0.00950278 -0.99995485 0.00000000
vn 0.00741469 -0.99997251 0.00000000
vn 0.00000000 0.00000000 -1.00000000
vn 0.00000000 0.00000000 -1.00000000
vn 0.00000000 0.00000000 -1.00000000
vn 0.00000000 0.00000000 -1.00000000
vn 0.00000000 0.00000000 1.00000000
vn 0.00000000 0.00000000 1.00000000
vn 0.00000000 0.00000000 1.00000000
vn 0.00000000 0.00000000 1.00000000
vn -0.99999434 -0.00336485 0.00000000
vn -0.99999434 -0.00336485 0.00000000
vn -0.99999434 -0.00336485 0.00000000
vn -0.99999434 -0.00336485 0.00000000
vn 0.99995452 0.00953758 0.00000000
vn 0.99995452 0.00953758 0.00000000
vn 0.99995452 0.00953758 0.00000000
vn 0.99995452 0.00953758 0.00000000
vn 0.00336485 -0.99999434 0.00000000
vn 0.00953758 -0.99995452 0.00000000
vn 0.00953758 -0.99995452 0.00000000
vn 0.00336485 -0.99999434 0.00000000
vn -0.00336485 0.99999434 0.00000000
vn -0.00336485 0.99999434 0.00000000
vn -0.00953758 0.99995452 0.00000000
vn -0.00953758 0.99995452 0.00000000
vn 0.00000000 0.00000000 -1.00000000
vn 0.00000000 0.00000000 -1.00000000
vn 0.00000000 0.00000000 -1.00000000
vn 0.00000000 0.00000000 -1.00000000
vn 0.00000000 0.00000000 1.00000000
vn 0.00000000 0.00000000 1.00000000
vn 0.00000000 0.00000000 1.00000000
vn 0.00000000 0.00000000 1.00000000
vn -0.99999480 -0.00322564 0.00000000
vn -0.99999480 -0.00322564 0.00000000
vn -0.99999480 -0.00322564 0.00000000
vn -0.99999480 -0.00322564 0.00000000
vn 0.99999442 0.00334165 0.00000000
vn 0.99999442 0.00334165 0.00000000
vn 0.99999442 0.00334165 0.00000000
vn 0.99999442 0.00334165 0.00000000
vn 0.00000000 0.00000000 -1.00000000
vn 0.00000000 0.00000000 -1.00000000
vn 0.00000000 0.00000000 -1.00000000
vn 0.00000000 0.00000000 -1.00000000
vn 0.00000000 0.00000000 1.00000000
vn 0.00000000 0.00000000 1.00000000
vn 0.00000000 0.00000000 1.00000000
vn 0.00000000 0.00000000 1.00000000
vn -0.99995318 -0.00967678 0.00000000
vn -0.99995318 -0.00967678 0.00000000
vn -0.99995318 -0.00967678 0.00000000
vn -0.99995318 -0.00967678 0.00000000
vn 0.99986994 0.01612753 0.00000000
vn 0.99986994 0.01612753 0.00000000
vn 0.99986994 0.01612753 0.00000000
vn 0.99986994 0.01612753 0.00000000
vn 0.00000000 0.00000000 -1.00000000
vn 0.00000000 0.00000000 -1.00000000
vn 0.00000000 0.00000000 -1.00000000
vn 0.00000000 0.00000000 -1.00000000
vn 0.00000000 0.00000000 1.00000000
vn 0.00000000 0.00000000 1.00000000
vn 0.00000000 0.00000000 1.00000000
vn 0.00000000 0.00000000 1.00000000
vn -0.99995318 -0.00967678 0.00000000
vn -0.99995318 -0.00967678 0.00000000
vn -0.99995318 -0.00967678 0.00000000
vn -0.99995318 -0.00967678 0.00000000
vn 0.99990387 0.01386560 0.00000000
vn 0.99990387 0.01386560 0.00000000
vn 0.99990387 0.01386560 0.00000000
vn 0.99990387 0.01386560 0.00000000
vn 0.00000000 0.00000000 -1.00000000
vn 0.00000000 0.00000000 -1.00000000
vn 0.00000000 0.00000000 -1.00000000
vn 0.00000000 0.00000000 -1.00000000
vn 0.00000000 0.00000000 1.00000000
vn 0.00000000 0.00000000 1.00000000
vn 0.00000000 0.00000000 1.00000000
vn 0.00000000 0.00000000 1.00000000
vn -0.99995318 -0.00967678 0.00000000
vn -0.99995318 -0.00967678 0.00000000
vn -0.99995318 -0.00967678 0.00000000
vn -0.99995318 -0.00967678 0.00000000
vn 0.99990387 0.01386560 0.00000000
vn 0.99990387 0.01386560 0.00000000
vn 0.99990387 0.01386560 0.00000000
vn 0.99990387 0.01386560 0.00000000
vn 0.00000000 0.00000000 -1.00000000
vn 0.00000000 0.00000000 -1.00000000
vn 0.00000000 0.00000000 -1.00000000
vn 0.00000000 0.00000000 -1.00000000
vn 0.00000000 0.00000000 1.00000000
vn 0.00000000 0.00000000 1.00000000
vn 0.00000000 0.00000000 1.00000000
vn 0.00000000 0.00000000 1.00000000
vn -0.99995318 -0.00967678 0.00000000
vn -0.99995318 -0.00967678 0.00000000
vn -0.99995318 -0.00967678 0.00000000
vn -0.99995318 -0.00967678 0.00000000
vn 0.99990387 0.01386560 0.00000000
vn 0.99990387 0.01386560 0.00000000
vn 0.99990387 0.01386560 0.00000000
vn 0.99990387 0.01386560 0.00000000
vn 0.00000000 0.00000000 -1.00000000
vn 0.00000000 0.00000000 -1.00000000
vn 0.00000000 0.00000000 -1.00000000
vn 0.00000000 0.00000000 -1.00000000
vn 0.00000000 0.00000000 1.00000000
vn 0.00000000 0.00000000 1.00000000
vn 0.00000000 0.00000000 1.00000000
vn 0.00000000 0.00000000 1.00000000
vn -0.99987273 -0.01595353 0.00000000
vn -0.99987273 -0.01595353 0.00000000
vn -0.99987273 -0.01595353 0.00000000
vn -0.99987273 -0.01595353 0.00000000
vn 0.99986994 0.01612753 0.00000000
vn 0.99986994 0.01612753 0.00000000
vn 0.99986994 0.01612753 0.00000000
vn 0.99986994 0.01612753 0.00000000
vn 0.00000000 0.00000000 -1.00000000
vn 0.00000000 0.00000000 -1.00000000
vn 0.00000000 0.00000000 -1.00000000
vn 0.00000000 0.00000000 -1.00000000
vn 0.00000000 0.00000000 1.00000000
vn 0.00000000 0.00000000 1.00000000
vn 0.00000000 0.00000000 1.00000000
vn 0.00000000 0.00000000 1.00000000
vn -0.99990387 -0.01386560 0.00000000
vn -0.99990387 -0.01386560 0.00000000
vn -0.99990387 -0.01386560 0.00000000
vn -0.99990387 -0.01386560 0.00000000
vn 0.99987273 0.01595353 0.00000000
vn 0.99987273 0.01595353 0.00000000
vn 0.99987273 0.01595353 0.00000000
vn 0.99987273 0.01595353 0.00000000
vn 0.01386560 -0.99990387 0.00000000
vn 0.01595353 -0.99987273 0.00000000
vn 0.01595353 -0.99987273 0.00000000
vn 0.01386560 -0.99990387 0.00000000
vn 0.00000000 0.00000000 -1.00000000
vn 0.00000000 0.00000000 -1.00000000
vn 0.00000000 0.00000000 -1.00000000
vn 0.00000000 0.00000000 -1.00000000
vn 0.00000000 0.00000000 1.00000000
vn 0.00000000 0.00000000 1.00000000
vn 0.00000000 0.00000000 1.00000000
vn 0.00000000 0.00000000 1.00000000
vn -0.99995182 -0.00981599 0.00000000
vn -0.99995182 -0.00981599 0.00000000
vn -0.99995182 -0.00981599 0.00000000
vn -0.99995182 -0.00981599 0.00000000
vn 0.99987218 0.01598833 0.00000000
vn 0.99987218 0.01598833 0.00000000
vn 0.99987218 0.01598833 0.00000000
vn 0.99987218 0.01598833 0.00000000
vn 0.00981599 -0.99995182 0.00000000
vn 0.01598833 -0.99987218 0.00000000
vn 0.01598833 -0.99987218 0.00000000
vn 0.00981599 -0.99995182 0.00000000
vn -0.00981599 0.99995182 0.00000000
vn -0.00981599 0.99995182 0.00000000
vn -0.01598833 0.99987218 0.00000000
vn -0.01598833 0.99987218 0.00000000
vn 0.00000000 0.00000000 -1.00000000
vn 0.00000000 0.00000000 -1.00000000
vn 0.00000000 0.00000000 -1.00000000
vn 0.00000000 0.00000000 -1.00000000
vn 0.00000000 0.00000000 1.00000000
vn 0.00000000 0.00000000 1.00000000
vn 0.00000000 0.00000000 1.00000000
vn 0.00000000 0.00000000 1.00000000
vn -0.99995318 -0.00967678 0.00000000
vn -0.99995318 -0.00967678 0.00000000
vn -0.99995318 -0.00967678 0.00000000
vn -0.99995318 -0.00967678 0.00000000
vn 0.99995205 0.00979279 0.00000000
vn 0.99995205 0.00979279 0.00000000
vn 0.99995205 0.00979279 0.00000000
vn 0.99995205 0.00979279 0.00000000
vn 0.00000000 0.00000000 -1.00000000
vn 0.00000000 0.00000000 -1.00000000
vn 0.00000000 0.00000000 -1.00000000
vn 0.00000000 0.00000000 -1.00000000
vn 0.00000000 0.00000000 1.00000000
vn 0.00000000 0.00000000 1.00000000
vn 0.00000000 0.00000000 1.00000000
vn 0.00000000 0.00000000 1.00000000
vn -0.99986994 -0.01612753 0.00000000
vn -0.99986994 -0.01612753 0.00000000
vn -0.99986994 -0.01612753 0.00000000
vn -0.99986994 -0.01612753 0.00000000
vn 0.99974509 0.02257760 0.00000000
vn 0.99974509 0.02257760 0.00000000
vn 0.99974509 0.02257760 0.00000000
vn 0.99974509 0.02257760 0.00000000
vn 0.00000000 0.00000000 -1.00000000
vn 0.00000000 0.00000000 -1.00000000
vn 0.00000000 0.00000000 -1.00000000
vn 0.00000000 0.00000000 -1.00000000
vn 0.00000000 0.00000000 1.00000000
vn 0.00000000 0.00000000 1.00000000
vn 0.00000000 0.00000000 1.00000000
vn 0.00000000 0.00000000 1.00000000
vn -0.99986994 -0.01612753 0.00000000
vn -0.99986994 -0.01612753 0.00000000
vn -0.99986994 -0.01612753 0.00000000
vn -0.99986994 -0.01612753 0.00000000
vn 0.99979361 0.02031594 0.00000000
vn 0.99979361 0.02031594 0.00000000
vn 0.99979361 0.02031594 0.00000000
vn 0.99979361 0.02031594 0.00000000
vn 0.00000000 0.00000000 -1.00000000
vn 0.00000000 0.00000000 -1.00000000
vn 0.00000000 0.00000000 -1.00000000
vn 0.00000000 0.00000000 -1.00000000
vn 0.00000000 0.00000000 1.00000000
vn 0.00000000 0.00000000 1.00000000
vn 0.00000000 0.00000000 1.00000000
vn 0.00000000 0.00000000 1.00000000
vn -0.99986994 -0.01612753 0.00000000
vn -0.99986994 -0.01612753 0.00000000
vn -0.99986994 -0.01612753 0.00000000
vn -0.99986994 -0.01612753 0.00000000
vn 0.99979361 0.02031594 0.00000000
vn 0.99979361 0.02031594 0.00000000
vn 0.99979361 0.02031594 0.00000000
vn 0.99979361 0.02031594 0.00000000
vn 0.00000000 0.00000000 -1.00000000
vn 0.00000000 0.00000000 -1.00000000
vn 0.00000000 0.00000000 -1.00000000
vn 0.00000000 0.00000000 -1.00000000
vn 0.00000000 0.00000000 1.00000000
vn 0.00000000 0.00000000 1.00000000
vn 0.00000000 0.00000000 1.00000000
vn 0.00000000 0.00000000 1.00000000
vn -0.99986994 -0.01612753 0.00000000
vn -0.99986994 -0.01612753 0.00000000
vn -0.99986994 -0.01612753 0.00000000
vn -0.99986994 -0.01612753 0.00000000
vn 0.99979361 0.02031594 0.00000000
vn 0.99979361 0.02031594 0.00000000
vn 0.99979361 0.02031594 0.00000000
vn 0.99979361 0.02031594 0.00000000
vn 0.00000000 0.00000000 -1.00000000
vn 0.00000000 0.00000000 -1.00000000
vn 0.00000000 0.00000000 -1.00000000
vn 0.00000000 0.00000000 -1.00000000
vn 0.00000000 0.00000000 1.00000000
vn 0.00000000 0.00000000 1.00000000
vn 0.00000000 0.00000000 1.00000000
vn 0.00000000 0.00000000 1.00000000
vn -0.99974901 -0.02240363 0.00000000
vn -0.99974901 -0.02240363 0.00000000
vn -0.99974901 -0.02240363 0.00000000
vn -0.99974901 -0.02240363 0.00000000
vn 0.99974509 0.02257760 0.00000000
vn 0.99974509 0.02257760 0.00000000
vn 0.99974509 0.02257760 0.00000000
vn 0.99974509 0.02257760 0.00000000
vn 0.00000000 0.00000000 -1.00000000
vn 0.00000000 0.00000000 -1.00000000
vn 0.00000000 0.00000000 -1.00000000
vn 0.00000000 0.00000000 -1.00000000
vn 0.00000000 0.00000000 1.00000000
vn 0.00000000 0.00000000 1.00000000
vn 0.00000000 0.00000000 1.00000000
vn 0.00000000 0.00000000 1.00000000
vn -0.99979361 -0.02031594 0.00000000
vn -0.99979361 -0.02031594 0.00000000
vn -0.99979361 -0.02031594 0.00000000
vn -0.99979361 -0.02031594 0.00000000
vn 0.99974901 0.02240363 0.00000000
vn 0.99974901 0.02240363 0.00000000
vn 0.99974901 0.02240363 0.00000000
vn 0.99974901 0.02240363 0.00000000
vn 0.02031594 -0.99979361 0.00000000
vn 0.02240363 -0.99974901 0.00000000
vn 0.02240363 -0.99974901 0.00000000
vn 0.02031594 -0.99979361 0.00000000
vn 0.00000000 0.00000000 -1.00000000
vn 0.00000000 0.00000000 -1.00000000
vn 0.00000000 0.00000000 -1.00000000
vn 0.00000000 0.00000000 -1.00000000
vn 0.00000000 0.00000000 1.00000000
vn 0.00000000 0.00000000 1.00000000
vn 0.00000000 0.00000000 1.00000000
vn 0.00000000 0.00000000 1.00000000
vn -0.99986769 -0.01626672 0.00000000
vn -0.99986769 -0.01626672 0.00000000
vn -0.99986769 -0.01626672 0.00000000
vn -0.99986769 -0.01626672 0.00000000
vn 0.99974823 0.02243842 0.00000000
vn 0.99974823 0.02243842 0.00000000
vn 0.99974823 0.02243842 0.00000000
vn 0.99974823 0.02243842 0.00000000
vn 0.01626672 -0.99986769 0.00000000
vn 0.02243842 -0.99974823 0.00000000
vn 0.02243842 -0.99974823 0.00000000
vn 0.01626672 -0.99986769 0.00000000
vn -0.01626672 0.99986769 0.00000000
vn -0.01626672 0.99986769 0.00000000
vn -0.02243842 0.99974823 0.00000000
vn -0.02243842 0.99974823 0.00000000
vn 0.00000000 0.00000000 -1.00000000
vn 0.00000000 0.00000000 -1.00000000
vn 0.00000000 0.00000000 -1.00000000
vn 0.00000000 0.00000000 -1.00000000
vn 0.00000000 0.00000000 1.00000000
vn 0.00000000 0.00000000 1.00000000
vn 0.00000000 0.00000000 1.00000000
vn 0.00000000 0.00000000 1.00000000
vn -0.99986994 -0.01612753 0.00000000
vn -0.99986994 -0.01612753 0.00000000
vn -0.99986994 -0.01612753 0.00000000
vn -0.99986994 -0.01612753 0.00000000
vn 0.99986807 0.01624352 0.00000000
vn 0.99986807 0.01624352 0.00000000
vn 0.99986807 0.01624352 0.00000000
vn 0.99986807 0.01624352 0.00000000
vn 0.00000000 0.00000000 -1.00000000
vn 0.00000000 0.00000000 -1.00000000
vn 0.00000000 0.00000000 -1.00000000
vn 0.00000000 0.00000000 -1.00000000
vn 0.00000000 0.00000000 1.00000000
vn 0.00000000 0.00000000 1.00000000
vn 0.00000000 0.00000000 1.00000000
vn 0.00000000 0.00000000 1.00000000
vn -0.99974509 -0.02257760 0.00000000
vn -0.99974509 -0.02257760 0.00000000
vn -0.99974509 -0.02257760 0.00000000
vn -0.99974509 -0.02257760 0.00000000
vn 0.99957864 0.02902673 0.00000000
vn 0.99957864 0.02902673 0.00000000
vn 0.99957864 0.02902673 0.00000000
vn 0.99957864 0.02902673 0.00000000
vn 0.00000000 0.00000000 -1.00000000
vn 0.00000000 0.00000000 -1.00000000
vn 0.00000000 0.00000000 -1.00000000
vn 0.00000000 0.00000000 -1.00000000
vn 0.00000000 0.00000000 1.00000000
vn 0.00000000 0.00000000 1.00000000
vn 0.00000000 0.00000000 1.00000000
vn 0.00000000 0.00000000 1.00000000
vn -0.99974509 -0.02257760 0.00000000
vn -0.99974509 -0.02257760 0.00000000
vn -0.99974509 -0.02257760 0.00000000
vn -0.99974509 -0.02257760 0.00000000
vn 0.99964174 0.02676543 0.00000000
vn 0.99964174 0.02676543 0.00000000
vn 0.99964174 0.02676543 0.00000000
vn 0.99964174 0.02676543 0.00000000
vn 0.00000000 0.00000000 -1.00000000
vn 0.00000000 0.00000000 -1.00000000
vn 0.00000000 0.00000000 -1.00000000
vn 0.00000000 0.00000000 -1.00000000
vn 0.00000000 0.00000000 1.00000000
vn 0.00000000 0.00000000 1.00000000
vn 0.00000000 0.00000000 1.00000000
vn 0.00000000 0.00000000 1.00000000
vn -0.99974509 -0.02257760 0.00000000
vn -0.99974509 -0.02257760 0.00000000
vn -0.99974509 -0.02257760 0.00000000
vn -0.99974509 -0.02257760 0.00000000
vn 0.99964174 0.02676543 0.00000000
vn 0.99964174 0.02676543 0.00000000
vn 0.99964174 0.02676543 0.00000000
vn 0.99964174 0.02676543 0.00000000
vn 0.00000000 0.00000000 -1.00000000
vn 0.00000000 0.00000000 -1.00000000
vn 0.00000000 0.00000000 -1.00000000
vn 0.00000000 0.00000000 -1.00000000
vn 0.00000000 0.00000000 1.00000000
vn 0.00000000 0.00000000 1.00000000
vn 0.00000000 0.00000000 1.00000000
vn 0.00000000 0.00000000 1.00000000
vn -0.99974509 -0.02257760 0.00000000
vn -0.99974509 -0.02257760 0.00000000
vn -0.99974509 -0.02257760 0.00000000
vn -0.99974509 -0.02257760 0.00000000
vn 0.99964174 0.02676543 0.00000000
vn 0.99964174 0.02676543 0.00000000
vn 0.99964174 0.02676543 0.00000000
vn 0.99964174 0.02676543 0.00000000
vn 0.00000000 0.00000000 -1.00000000
vn 0.00000000 0.00000000 -1.00000000
vn 0.00000000 0.00000000 -1.00000000
vn 0.00000000 0.00000000 -1.00000000
vn 0.00000000 0.00000000 1.00000000
vn 0.00000000 0.00000000 1.00000000
vn 0.00000000 0.00000000 1.00000000
vn 0.00000000 0.00000000 1.00000000
vn -0.99958367 -0.02885279 0.00000000
vn -0.99958367 -0.02885279 0.00000000
vn -0.99958367 -0.02885279 0.00000000
vn -0.99958367 -0.02885279 0.00000000
vn 0.99957864 0.02902673 0.00000000
vn 0.99957864 0.02902673 0.00000000
vn 0.99957864 0.02902673 0.00000000
vn 0.99957864 0.02902673 0.00000000
vn 0.00000000 0.00000000 -1.00000000
vn 0.00000000 0.00000000 -1.00000000
vn 0.00000000 0.00000000 -1.00000000
vn 0.00000000 0.00000000 -1.00000000
vn 0.00000000 0.00000000 1.00000000
vn 0.00000000 0.00000000 1.00000000
vn 0.00000000 0.00000000 1.00000000
vn 0.00000000 0.00000000 1.00000000
vn -0.99964174 -0.02676543 0.00000000
vn -0.99964174 -0.02676543 0.00000000
vn -0.99964174 -0.02676543 0.00000000
vn -0.99964174 -0.02676543 0.00000000
vn 0.99958367 0.02885279 0.00000000
vn 0.99958367 0.02885279 0.00000000
vn 0.99958367 0.02885279 0.00000000
vn 0.99958367 0.02885279 0.00000000
vn 0.02676543 -0.99964174 0.00000000
vn 0.02885279 -0.99958367 0.00000000
vn 0.02885279 -0.99958367 0.00000000
vn 0.02676543 -0.99964174 0.00000000
vn 0.00000000 0.00000000 -1.00000000
vn 0.00000000 0.00000000 -1.00000000
vn 0.00000000 0.00000000 -1.00000000
vn 0.00000000 0.00000000 -1.00000000
vn 0.00000000 0.00000000 1.00000000
vn 0.00000000 0.00000000 1.00000000
vn 0.00000000 0.00000000 1.00000000
vn 0.00000000 0.00000000 1.00000000
vn -0.99974194 -0.02271677 0.00000000
vn -0.99974194 -0.02271677 0.00000000
vn -0.99974194 -0.02271677 0.00000000
vn -0.99974194 -0.02271677 0.00000000
vn 0.99958267 0.02888757 0.00000000
vn 0.99958267 0.02888757 0.00000000
vn 0.99958267 0.02888757 0.00000000
vn 0.99958267 0.02888757 0.00000000
vn 0.02271677 -0.99974194 0.00000000
vn 0.02888757 -0.99958267 0.00000000
vn 0.02888757 -0.99958267 0.00000000
vn 0.02271677 -0.99974194 0.00000000
vn -0.02271677 0.99974194 0.00000000
vn -0.02271677 0.99974194 0.00000000
vn -0.02888757 0.99958267 0.00000000
vn -0.02888757 0.99958267 0.00000000
vn 0.00000000 0.00000000 -1.00000000
vn 0.00000000 0.00000000 -1.00000000
vn 0.00000000 0.00000000 -1.00000000
vn 0.00000000 0.00000000 -1.00000000
vn 0.00000000 0.00000000 1.00000000
vn 0.00000000 0.00000000 1.00000000
vn 0.00000000 0.00000000 1.00000000
vn 0.00000000 0.00000000 1.00000000
vn -0.99974509 -0.02257760 0.00000000
vn -0.99974509 -0.02257760 0.00000000
vn -0.99974509 -0.02257760 0.00000000
vn -0.99974509 -0.02257760 0.00000000
vn 0.99974247 0.02269358 0.00000000
vn 0.99974247 0.02269358 0.00000000
vn 0.99974247 0.02269358 0.00000000
vn 0.99974247 0.02269358 0.00000000
vn 0.00000000 0.00000000 -1.00000000
vn 0.00000000 0.00000000 -1.00000000
vn 0.00000000 0.00000000 -1.00000000
vn 0.00000000 0.00000000 -1.00000000
vn 0.00000000 0.00000000 1.00000000
vn 0.00000000 0.00000000 1.00000000
vn 0.00000000 0.00000000 1.00000000
vn 0.00000000 0.00000000 1.00000000
vn -0.99957864 0.02902673 0.00000000
vn -0.99957864 0.02902673 0.00000000
vn -0.99957864 0.02902673 0.00000000
vn -0.99957864 0.02902673 0.00000000
vn -0.02902673 -0.99957864 0.00000000
vn -0.02455143 -0.99969857 0.00000000
vn -0.02455143 -0.99969857 0.00000000
vn -0.02902673 -0.99957864 0.00000000
vn 0.02902673 0.99957864 0.00000000
vn 0.02902673 0.99957864 0.00000000
vn 0.02455143 0.99969857 0.00000000
vn 0.02455143 0.99969857 0.00000000
vn 0.00000000 0.00000000 -1.00000000
vn 0.00000000 0.00000000 -1.00000000
vn 0.00000000 0.00000000 -1.00000000
vn 0.00000000 0.00000000 -1.00000000
vn 0.00000000 0.00000000 1.00000000
vn 0.00000000 0.00000000 1.00000000
vn 0.00000000 0.00000000 1.00000000
vn 0.00000000 0.00000000 1.00000000
vn -0.02455143 -0.99969857 0.00000000
vn -0.02007565 -0.99979846 0.00000000
vn -0.02007565 -0.99979846 0.00000000
vn -0.02455143 -0.99969857 0.00000000
vn 0.02455143 0.99969857 0.00000000
vn 0.02455143 0.99969857 0.00000000
vn 0.02007565 0.99979846 0.00000000
vn 0.02007565 0.99979846 0.00000000
vn 0.00000000 0.00000000 -1.00000000
vn 0.00000000 0.00000000 -1.00000000
vn 0.00000000 0.00000000 -1.00000000
vn 0.00000000 0.00000000 -1.00000000
vn 0.00000000 0.00000000 1.00000000
vn 0.00000000 0.00000000 1.00000000
vn 0.00000000 0.00000000 1.00000000
vn 0.00000000 0.00000000 1.00000000
vn -0.02007565 -0.99979846 0.00000000
vn -0.01559946 -0.99987832 0.00000000
vn -0.01559946 -0.99987832 0.00000000
vn -0.02007565 -0.99979846 0.00000000
vn 0.02007565 0.99979846 0.00000000
vn 0.02007565 0.99979846 0.00000000
vn 0.01559946 0.99987832 0.00000000
vn 0.01559946 0.99987832 0.00000000
vn 0.00000000 0.00000000 -1.00000000
vn 0.00000000 0.00000000 -1.00000000
vn 0.00000000 0.00000000 -1.00000000
vn 0.00000000 0.00000000 -1.00000000
vn 0.00000000 0.00000000 1.00000000
vn 0.00000000 0.00000000 1.00000000
vn 0.00000000 0.00000000 1.00000000
vn 0.00000000 0.00000000 1.00000000
vn -0.01559946 -0.99987832 0.00000000
vn -0.01112295 -0.99993814 0.00000000
vn -0.01112295 -0.99993814 0.00000000
vn -0.01559946 -0.99987832 0.00000000
vn 0.01559946 0.99987832 0.00000000
vn 0.01559946 0.99987832 0.00000000
vn 0.01112295 0.99993814 0.00000000
vn 0.01112295 0.99993814 0.00000000
vn 0.00000000 0.00000000 -1.00000000
vn 0.00000000 0.00000000 -1.00000000
vn 0.00000000 0.00000000 -1.00000000
vn 0.00000000 0.00000000 -1.00000000
vn 0.00000000 0.00000000 1.00000000
vn 0.00000000 0.00000000 1.00000000
vn 0.00000000 0.00000000 1.00000000
vn 0.00000000 0.00000000 1.00000000
vn -0.01112295 -0.99993814 0.00000000
vn -0.00664623 -0.99997791 0.00000000
vn -0.00664623 -0.99997791 0.00000000
vn -0.01112295 -0.99993814 0.00000000
vn 0.01112295 0.99993814 0.00000000
vn 0.01112295 0.99993814 0.00000000
vn 0.00664623 0.99997791 0.00000000
vn 0.00664623 0.99997791 0.00000000
vn 0.00000000 0.00000000 -1.00000000
vn 0.00000000 0.00000000 -1.00000000
vn 0.00000000 0.00000000 -1.00000000
vn 0.00000000 0.00000000 -1.00000000
vn 0.00000000 0.00000000 1.00000000
vn 0.00000000 0.00000000 1.00000000
vn 0.00000000 0.00000000 1.00000000
vn 0.00000000 0.00000000 1.00000000
vn 0.99999765 -0.00216937 0.00000000
vn 0.99999765 -0.00216937 0.00000000
vn 0.99999765 -0.00216937 0.00000000
vn 0.99999765 -0.00216937 0.00000000
vn -0.00664623 -0.99997791 0.00000000
vn -0.00216937 -0.99999765 0.00000000
vn -0.00216937 -0.99999765 0.00000000
vn -0.00664623 -0.99997791 0.00000000
vn 0.00664623 0.99997791 0.00000000
vn 0.00664623 0.99997791 0.00000000
vn 0.00216937 0.99999765 0.00000000
vn 0.00216937 0.99999765 0.00000000
vn 0.00000000 0.00000000 -1.00000000
vn 0.00000000 0.00000000 -1.00000000
vn 0.00000000 0.00000000 -1.00000000
vn 0.00000000 0.00000000 -1.00000000
vn 0.00000000 0.00000000 1.00000000
vn 0.00000000 0.00000000 1.00000000
vn 0.00000000 0.00000000 1.00000000
vn 0.00000000 0.00000000 1.00000000
vn -0.99999765 -0.00216937 0.00000000
vn -0.99999765 -0.00216937 0.00000000
vn -0.99999765 -0.00216937 0.00000000
vn -0.99999765 -0.00216937 0.00000000
vn 0.00216937 -0.99999765 0.00000000
vn 0.00664623 -0.99997791 0.00000000
vn 0.00664623 -0.99997791 0.00000000
vn 0.00216937 -0.99999765 0.00000000
vn -0.00216937 0.99999765 0.00000000
vn -0.00216937 0.99999765 0.00000000
vn -0.00664623 0.99997791 0.00000000
vn -0.00664623 0.99997791 0.00000000
vn 0.00000000 0.00000000 -1.00000000
vn 0.00000000 0.00000000 -1.00000000
vn 0.00000000 0.00000000 -1.00000000
vn 0.00000000 0.00000000 -1.00000000
vn 0.00000000 0.00000000 1.00000000
vn 0.00000000 0.00000000 1.00000000
vn 0.00000000 0.00000000 1.00000000
vn 0.00000000 0.00000000 1.00000000
vn 0.00664623 -0.99997791 0.00000000
vn 0.01112295 -0.99993814 0.00000000
vn 0.01112295 -0.99993814 0.00000000
vn 0.00664623 -0.99997791 0.00000000
vn -0.00664623 0.99997791 0.00000000
vn -0.00664623 0.99997791 0.00000000
vn -0.01112295 0.99993814 0.00000000
vn -0.01112295 0.99993814 0.00000000
vn 0.00000000 0.00000000 -1.00000000
vn 0.00000000 0.00000000 -1.00000000
vn 0.00000000 0.00000000 -1.00000000
vn 0.00000000 0.00000000 -1.00000000
vn 0.00000000 0.00000000 1.00000000
vn 0.00000000 0.00000000 1.00000000
vn 0.00000000 0.00000000 1.00000000
vn 0.00000000 0.00000000 1.00000000
vn 0.01112295 -0.99993814 0.00000000
vn 0.01559946 -0.99987832 0.00000000
vn 0.01559946 -0.99987832 0.00000000
vn 0.01112295 -0.99993814 0.00000000
vn -0.01112295 0.99993814 0.00000000
vn -0.01112295 0.99993814 0.00000000
vn -0.01559946 0.99987832 0.00000000
vn -0.01559946 0.99987832 0.00000000
vn 0.00000000 0.00000000 -1.00000000
vn 0.00000000 0.00000000 -1.00000000
vn 0.00000000 0.00000000 -1.00000000
vn 0.00000000 0.00000000 -1.00000000
vn 0.00000000 0.00000000 1.00000000
vn 0.00000000 0.00000000 1.00000000
vn 0.00000000 0.00000000 1.00000000
vn 0.00000000 0.00000000 1.00000000
vn 0.01559946 -0.99987832 0.00000000
vn 0.02007565 -0.99979846 0.00000000
vn 0.02007565 -0.99979846 0.00000000
vn 0.01559946 -0.99987832 0.00000000
vn -0.01559946 0.99987832 0.00000000
vn -0.01559946 0.99987832 0.00000000
vn -0.02007565 0.99979846 0.00000000
vn -0.02007565 0.99979846 0.00000000
vn 0.00000000 0.00000000 -1.00000000
vn 0.00000000 0.00000000 -1.00000000
vn 0.00000000 0.00000000 -1.00000000
vn 0.00000000 0.00000000 -1.00000000
vn 0.00000000 0.00000000 1.00000000
vn 0.00000000 0.00000000 1.00000000
vn 0.00000000 0.00000000 1.00000000
vn 0.00000000 0.00000000 1.00000000
vn 0.02007565 -0.99979846 0.00000000
vn 0.02455143 -0.99969857 0.00000000
vn 0.02455143 -0.99969857 0.00000000
vn 0.02007565 -0.99979846 0.00000000
vn -0.02007565 0.99979846 0.00000000
vn -0.02007565 0.99979846 0.00000000
vn -0.02455143 0.99969857 0.00000000
vn -0.02455143 0.99969857 0.00000000
vn 0.00000000 0.00000000 -1.00000000
vn 0.00000000 0.00000000 -1.00000000
vn 0.00000000 0.00000000 -1.00000000
vn 0.00000000 0.00000000 -1.00000000
vn 0.00000000 0.00000000 1.00000000
vn 0.00000000 0.00000000 1.00000000
vn 0.00000000 0.00000000 1.00000000
vn 0.00000000 0.00000000 1.00000000
vn 0.99957864 0.02902673 0.00000000
vn 0.99957864 0.02902673 0.00000000
vn 0.99957864 0.02902673 0.00000000
vn 0.99957864 0.02902673 0.00000000
vn 0.02455143 -0.99969857 0.00000000
vn 0.02902673 -0.99957864 0.00000000
vn 0.02902673 -0.99957864 0.00000000
vn 0.02455143 -0.99969857 0.00000000
vn -0.02455143 0.99969857 0.00000000
vn -0.02455143 0.99969857 0.00000000
vn -0.02902673 0.99957864 0.00000000
vn -0.02902673 0.99957864 0.00000000
vn 0.00000000 0.00000000 -1.00000000
vn 0.00000000 0.00000000 -1.00000000
vn 0.00000000 0.00000000 -1.00000000
vn 0.00000000 0.00000000 -1.00000000
vn 0.00000000 0.00000000 1.00000000
vn 0.00000000 0.00000000 1.00000000
vn 0.00000000 0.00000000 1.00000000
vn 0.00000000 0.00000000 1.00000000
vn -0.99999765 0.00216937 0.00000000
vn -0.99999765 0.00216937 0.00000000
vn -0.99999765 0.00216937 0.00000000
vn -0.99999765 0.00216937 0.00000000
vn 0.99999765 0.00216937 0.00000000
vn 0.99999765 0.00216937 0.00000000
vn 0.99999765 0.00216937 0.00000000
vn 0.99999765 0.00216937 0.00000000
vn -0.00216937 -0.99999765 0.00000000
vn 0.00216937 -0.99999765 0.00000000
vn 0.00216937 -0.99999765 0.00000000
vn -0.00216937 -0.99999765 0.00000000
vn 0.00216937 0.99999765 0.00000000
vn 0.00216937 0.99999765 0.00000000
vn -0.00216937 0.99999765 0.00000000
vn -0.00216937 0.99999765 0.00000000
vn 0.00000000 0.00000000 -1.00000000
vn 0.00000000 0.00000000 -1.00000000
vn 0.00000000 0.00000000 -1.00000000
vn 0.00000000 0.00000000 -1.00000000
vn 0.00000000 0.00000000 1.00000000
vn 0.00000000 0.00000000 1.00000000
vn 0.00000000 0.00000000 1.00000000
vn 0.00000000 0.00000000 1.00000000
vn -0.99999765 0.00216937 0.00000000
vn -0.99999765 0.00216937 0.00000000
vn -0.99999765 0.00216937 0.00000000
vn -0.99999765 0.00216937 0.00000000
vn 0.99999765 0.00216937 0.00000000
vn 0.99999765 0.00216937 0.00000000
vn 0.99999765 0.00216937 0.00000000
vn 0.99999765 0.00216937 0.00000000
vn -0.00216937 -0.99999765 0.00000000
vn 0.00216937 -0.99999765 0.00000000
vn 0.00216937 -0.99999765 0.00000000
vn -0.00216937 -0.99999765 0.00000000
vn 0.00216937 0.99999765 0.00000000
vn 0.00216937 0.99999765 0.00000000
vn -0.00216937 0.99999765 0.00000000
vn -0.00216937 0.99999765 0.00000000
vn 0.00000000 0.00000000 -1.00000000
vn 0.00000000 0.00000000 -1.00000000
vn 0.00000000 0.00000000 -1.00000000
vn 0.00000000 0.00000000 -1.00000000
vn 0.00000000 0.00000000 1.00000000
vn 0.00000000 0.00000000 1.00000000
vn 0.00000000 0.00000000 1.00000000
vn 0.00000000 0.00000000 1.00000000
vn -0.99999765 0.00216937 0.00000000
vn -0.99999765 0.00216937 0.00000000
vn -0.99999765 0.00216937 0.00000000
vn -0.99999765 0.00216937 0.00000000
vn 0.99999842 -0.00177494 0.00000000
vn 0.99999842 -0.00177494 0.00000000
vn 0.99999842 -0.00177494 0.00000000
vn 0.99999842 -0.00177494 0.00000000
vn -0.00216937 -0.99999765 0.00000000
vn -0.00177494 -0.99999842 0.00000000
vn -0.00177494 -0.99999842 0.00000000
vn -0.00216937 -0.99999765 0.00000000
vn 0.00216937 0.99999765 0.00000000
vn 0.00216937 0.99999765 0.00000000
vn 0.00177494 0.99999842 0.00000000
vn 0.00177494 0.99999842 0.00000000
vn 0.00000000 0.00000000 -1.00000000
vn 0.00000000 0.00000000 -1.00000000
vn 0.00000000 0.00000000 -1.00000000
vn 0.00000000 0.00000000 -1.00000000
vn 0.00000000 0.00000000 1.00000000
vn 0.00000000 0.00000000 1.00000000
vn 0.00000000 0.00000000 1.00000000
vn 0.00000000 0.00000000 1.00000000
vn -0.99999765 0.00216937 0.00000000
vn -0.99999765 0.00216937 0.00000000
vn -0.99999765 0.00216937 0.00000000
vn -0.99999765 0.00216937 0.00000000
vn 0.99999777 -0.00211137 0.00000000
vn 0.99999777 -0.00211137 0.00000000
vn 0.99999777 -0.00211137 0.00000000
vn 0.99999777 -0.00211137 0.00000000
vn -0.00216937 -0.99999765 0.00000000
vn -0.00211137 -0.99999777 0.00000000
vn -0.00211137 -0.99999777 0.00000000
vn -0.00216937 -0.99999765 0.00000000
vn 0.00216937 0.99999765 0.00000000
vn 0.00216937 0.99999765 0.00000000
vn 0.00211137 0.99999777 0.00000000
vn 0.00211137 0.99999777 0.00000000
vn 0.00000000 0.00000000 -1.00000000
vn 0.00000000 0.00000000 -1.00000000
vn 0.00000000 0.00000000 -1.00000000
vn 0.00000000 0.00000000 -1.00000000
vn 0.00000000 0.00000000 1.00000000
vn 0.00000000 0.00000000 1.00000000
vn 0.00000000 0.00000000 1.00000000
vn 0.00000000 0.00000000 1.00000000
vn -0.99999842 0.00177494 0.00000000
vn -0.99999842 0.00177494 0.00000000
vn -0.99999842 0.00177494 0.00000000
vn -0.99999842 0.00177494 0.00000000
vn 0.99999905 -0.00138051 0.00000000
vn 0.99999905 -0.00138051 0.00000000
vn 0.99999905 -0.00138051 0.00000000
vn 0.99999905 -0.00138051 0.00000000
vn -0.00177494 -0.99999842 0.00000000
vn -0.00138051 -0.99999905 0.00000000
vn -0.00138051 -0.99999905 0.00000000
vn -0.00177494 -0.99999842 0.00000000
vn 0.00177494 0.99999842 0.00000000
vn 0.00177494 0.99999842 0.00000000
vn 0.00138051 0.99999905 0.00000000
vn 0.00138051 0.99999905 0.00000000
vn 0.00000000 0.00000000 -1.00000000
vn 0.00000000 0.00000000 -1.00000000
vn 0.00000000 0.00000000 -1.00000000
vn 0.00000000 0.00000000 -1.00000000
vn 0.00000000 0.00000000 1.00000000
vn 0.00000000 0.00000000 1.00000000
vn 0.00000000 0.00000000 1.00000000
vn 0.00000000 0.00000000 1.00000000
vn -0.99999842 0.00177494 0.00000000
vn -0.99999842 0.00177494 0.00000000
vn -0.99999842 0.00177494 0.00000000
vn -0.99999842 0.00177494 0.00000000
vn 0.99999853 -0.00171694 0.00000000
vn 0.99999853 -0.00171694 0.00000000
vn 0.99999853 -0.00171694 0.00000000
vn 0.99999853 -0.00171694 0.00000000
vn -0.00177494 -0.99999842 0.00000000
vn -0.00171694 -0.99999853 0.00000000
vn -0.00171694 -0.99999853 0.00000000
vn -0.00177494 -0.99999842 0.00000000
vn 0.00177494 0.99999842 0.00000000
vn 0.00177494 0.99999842 0.00000000
vn 0.00171694 0.99999853 0.00000000
vn 0.00171694 0.99999853 0.00000000
vn 0.00000000 0.00000000 -1.00000000
vn 0.00000000 0.00000000 -1.00000000
vn 0.00000000 0.00000000 -1.00000000
vn 0.00000000 0.00000000 -1.00000000
vn 0.00000000 0.00000000 1.00000000
vn 0.00000000 0.00000000 1.00000000
vn 0.00000000 0.00000000 1.00000000
vn 0.00000000 0.00000000 1.00000000
vn -0.99999905 0.00138051 0.00000000
vn -0.99999905 0.00138051 0.00000000
vn -0.99999905 0.00138051 0.00000000
vn -0.99999905 0.00138051 0.00000000
vn 0.99999951 -0.00098608 0.00000000
vn 0.99999951 -0.00098608 0.00000000
vn 0.99999951 -0.00098608 0.00000000
vn 0.99999951 -0.00098608 0.00000000
vn -0.00138051 -0.99999905 0.00000000
vn -0.00098608 -0.99999951 0.00000000
vn -0.00098608 -0.99999951 0.00000000
vn -0.00138051 -0.99999905 0.00000000
vn 0.00138051 0.99999905 0.00000000
vn 0.00138051 0.99999905 0.00000000
vn 0.00098608 0.99999951 0.00000000
vn 0.00098608 0.99999951 0.00000000
vn 0.00000000 0.00000000 -1.00000000
vn 0.00000000 0.00000000 -1.00000000
vn 0.00000000 0.00000000 -1.00000000
vn 0.00000000 0.00000000 -1.00000000
vn 0.00000000 0.00000000 1.00000000
vn 0.00000000 0.00000000 1.00000000
vn 0.00000000 0.00000000 1.00000000
vn 0.00000000 0.00000000 1.00000000
vn -0.99999905 0.00138051 0.00000000
vn -0.99999905 0.00138051 0.00000000
vn -0.99999905 0.00138051 0.00000000
vn -0.99999905 0.00138051 0.00000000
vn 0.99999913 -0.00132251 0.00000000
vn 0.99999913 -0.00132251 0.00000000
vn 0.99999913 -0.00132251 0.00000000
vn 0.99999913 -0.00132251 0.00000000
vn -0.00138051 -0.99999905 0.00000000
vn -0.00132251 -0.99999913 0.00000000
vn -0.00132251 -0.99999913 0.00000000
vn -0.00138051 -0.99999905 0.00000000
vn 0.00138051 0.99999905 0.00000000
vn 0.00138051 0.99999905 0.00000000
vn 0.00132251 0.99999913 0.00000000
vn 0.00132251 0.99999913 0.00000000
vn 0.00000000 0.00000000 -1.00000000
vn 0.00000000 0.00000000 -1.00000000
vn 0.00000000 0.00000000 -1.00000000
vn 0.00000000 0.00000000 -1.00000000
vn 0.00000000 0.00000000 1.00000000
vn 0.00000000 0.00000000 1.00000000
vn 0.00000000 0.00000000 1.00000000
vn 0.00000000 0.00000000 1.00000000
vn -0.99999951 0.00098608 0.00000000
vn -0.99999951 0.00098608 0.00000000
vn -0.99999951 0.00098608 0.00000000
vn -0.99999951 0.00098608 0.00000000
vn 0.99999982 -0.00059165 0.00000000
vn 0.99999982 -0.00059165 0.00000000
vn 0.99999982 -0.00059165 0.00000000
vn 0.99999982 -0.00059165 0.00000000
vn -0.00098608 -0.99999951 0.00000000
vn -0.00059165 -0.99999982 0.00000000
vn -0.00059165 -0.99999982 0.00000000
vn -0.00098608 -0.99999951 0.00000000
vn 0.00098608 0.99999951 0.00000000
vn 0.00098608 0.99999951 0.00000000
vn 0.00059165 0.99999982 0.00000000
vn 0.00059165 0.99999982 0.00000000
vn 0.00000000 0.00000000 -1.00000000
vn 0.00000000 0.00000000 -1.00000000
vn 0.00000000 0.00000000 -1.00000000
vn 0.00000000 0.00000000 -1.00000000
vn 0.00000000 0.00000000 1.00000000
vn 0.00000000 0.00000000 1.00000000
vn 0.00000000 0.00000000 1.00000000
vn 0.00000000 0.00000000 1.00000000
vn -0.99999951 0.00098608 0.00000000
vn -0.99999951 0.00098608 0.00000000
vn -0.99999951 0.00098608 0.00000000
vn -0.99999951 0.00098608 0.00000000
vn 0.99999957 -0.00092807 0.00000000
vn 0.99999957 -0.00092807 0.00000000
vn 0.99999957 -0.00092807 0.00000000
vn 0.99999957 -0.00092807 0.00000000
vn -0.00098608 -0.99999951 0.00000000
vn -0.00092807 -0.99999957 0.00000000
vn -0.00092807 -0.99999957 0.00000000
vn -0.00098608 -0.99999951 0.00000000
vn 0.00098608 0.99999951 0.00000000
vn 0.00098608 0.99999951 0.00000000
vn 0.00092807 0.99999957 0.00000000
vn 0.00092807 0.99999957 0.00000000
vn 0.00000000 0.00000000 -1.00000000
vn 0.00000000 0.00000000 -1.00000000
vn 0.00000000 0.00000000 -1.00000000
vn 0.00000000 0.00000000 -1.00000000
vn 0.00000000 0.00000000 1.00000000
vn 0.00000000 0.00000000 1.00000000
vn 0.00000000 0.00000000 1.00000000
vn 0.00000000 0.00000000 1.00000000
vn -0.99999982 0.00059165 0.00000000
vn -0.99999982 0.00059165 0.00000000
vn -0.99999982 0.00059165 0.00000000
vn -0.99999982 0.00059165 0.00000000
vn 0.99999998 -0.00019722 0.00000000
vn 0.99999998 -0.00019722 0.00000000
vn 0.99999998 -0.00019722 0.00000000
vn 0.99999998 -0.00019722 0.00000000
vn -0.00059165 -0.99999982 0.00000000
vn -0.00019722 -0.99999998 0.00000000
vn -0.00019722 -0.99999998 0.00000000
vn -0.00059165 -0.99999982 0.00000000
vn 0.00059165 0.99999982 0.00000000
vn 0.00059165 0.99999982 0.00000000
vn 0.00019722 0.99999998 0.00000000
vn 0.00019722 0.99999998 0.00000000
vn 0.00000000 0.00000000 -1.00000000
vn 0.00000000 0.00000000 -1.00000000
vn 0.00000000 0.00000000 -1.00000000
vn 0.00000000 0.00000000 -1.00000000
vn 0.00000000 0.00000000 1.00000000
vn 0.00000000 0.00000000 1.00000000
vn 0.00000000 0.00000000 1.00000000
vn 0.00000000 0.00000000 1.00000000
vn -0.99999982 0.00059165 0.00000000
vn -0.99999982 0.00059165 0.00000000
vn -0.99999982 0.00059165 0.00000000
vn -0.99999982 0.00059165 0.00000000
vn 0.99999986 -0.00053364 0.00000000
vn 0.99999986 -0.00053364 0.00000000
vn 0.99999986 -0.00053364 0.00000000
vn 0.99999986 -0.00053364 0.00000000
vn -0.00059165 -0.99999982 0.00000000
vn -0.00053364 -0.99999986 0.00000000
vn -0.00053364 -0.99999986 0.00000000
vn -0.00059165 -0.99999982 0.00000000
vn 0.00059165 0.99999982 0.00000000
vn 0.00059165 0.99999982 0.00000000
vn 0.00053364 0.99999986 0.00000000
vn 0.00053364 0.99999986 0.00000000
vn 0.00000000 0.00000000 -1.00000000
vn 0.00000000 0.00000000 -1.00000000
vn 0.00000000 0.00000000 -1.00000000
vn 0.00000000 0.00000000 -1.00000000
vn 0.00000000 0.00000000 1.00000000
vn 0.00000000 0.00000000 1.00000000
vn 0.00000000 0.00000000 1.00000000
vn 0.00000000 0.00000000 1.00000000
vn -0.99999998 0.00019722 0.00000000
vn -0.99999998 0.00019722 0.00000000
vn -0.99999998 0.00019722 0.00000000
vn -0.99999998 0.00019722 0.00000000
vn 0.99999998 0.00019722 0.00000000
vn 0.99999998 0.00019722 0.00000000
vn 0.99999998 0.00019722 0.00000000
vn 0.99999998 0.00019722 0.00000000
vn -0.00019722 -0.99999998 0.00000000
vn 0.00019722 -0.99999998 0.00000000
vn 0.00019722 -0.99999998 0.00000000
vn -0.00019722 -0.99999998 0.00000000
vn 0.00019722 0.99999998 0.00000000
vn 0.00019722 0.99999998 0.00000000
vn -0.00019722 0.99999998 0.00000000
vn -0.00019722 0.99999998 0.00000000
vn 0.00000000 0.00000000 -1.00000000
vn 0.00000000 0.00000000 -1.00000000
vn 0.00000000 0.00000000 -1.00000000
vn 0.00000000 0.00000000 -1.00000000
vn 0.00000000 0.00000000 1.00000000
vn 0.00000000 0.00000000 1.00000000
vn 0.00000000 0.00000000 1.00000000
vn 0.00000000 0.00000000 1.00000000
vn -0.99999998 0.00019722 0.00000000
vn -0.99999998 0.00019722 0.00000000
vn -0.99999998 0.00019722 0.00000000
vn -0.99999998 0.00019722 0.00000000
vn 0.99999999 -0.00013921 0.00000000
vn 0.99999999 -0.00013921 0.00000000
vn 0.99999999 -0.00013921 0.00000000
vn 0.99999999 -0.00013921 0.00000000
vn -0.00019722 -0.99999998 0.00000000
vn -0.00013921 -0.99999999 0.00000000
vn -0.00013921 -0.99999999 0.00000000
vn -0.00019722 -0.99999998 0.00000000
vn 0.00019722 0.99999998 0.00000000
vn 0.00019722 0.99999998 0.00000000
vn 0.00013921 0.99999999 0.00000000
vn 0.00013921 0.99999999 0.00000000
vn 0.00000000 0.00000000 -1.00000000
vn 0.00000000 0.00000000 -1.00000000
vn 0.00000000 0.00000000 -1.00000000
vn 0.00000000 0.00000000 -1.00000000
vn 0.00000000 0.00000000 1.00000000
vn 0.00000000 0.00000000 1.00000000
vn 0.00000000 0.00000000 1.00000000
vn 0.00000000 0.00000000 1.00000000
vn -0.99999998 -0.00019722 0.00000000
vn -0.99999998 -0.00019722 0.00000000
vn -0.99999998 -0.00019722 0.00000000
vn -0.99999998 -0.00019722 0.00000000
vn 0.99999982 0.00059165 0.00000000
vn 0.99999982 0.00059165 0.00000000
vn 0.99999982 0.00059165 0.00000000
vn 0.99999982 0.00059165 0.00000000
vn 0.00019722 -0.99999998 0.00000000
vn 0.00059165 -0.99999982 0.00000000
vn 0.00059165 -0.99999982 0.00000000
vn 0.00019722 -0.99999998 0.00000000
vn -0.00019722 0.99999998 0.00000000
vn -0.00019722 0.99999998 0.00000000
vn -0.00059165 0.99999982 0.00000000
vn -0.00059165 0.99999982 0.00000000
vn 0.00000000 0.00000000 -1.00000000
vn 0.00000000 0.00000000 -1.00000000
vn 0.00000000 0.00000000 -1.00000000
vn 0.00000000 0.00000000 -1.00000000
vn 0.00000000 0.00000000 1.00000000
vn 0.00000000 0.00000000 1.00000000
vn 0.00000000 0.00000000 1.00000000
vn 0.00000000 0.00000000 1.00000000
vn -0.99999998 -0.00019722 0.00000000
vn -0.99999998 -0.00019722 0.00000000
vn -0.99999998 -0.00019722 0.00000000
vn -0.99999998 -0.00019722 0.00000000
vn 0.99999997 0.00025522 0.00000000
vn 0.99999997 0.00025522 0.00000000
vn 0.99999997 0.00025522 0.00000000
vn 0.99999997 0.00025522 0.00000000
vn 0.00019722 -0.99999998 0.00000000
vn 0.00025522 -0.99999997 0.00000000
vn 0.00025522 -0.99999997 0.00000000
vn 0.00019722 -0.99999998 0.00000000
vn -0.00019722 0.99999998 0.00000000
vn -0.00019722 0.99999998 0.00000000
vn -0.00025522 0.99999997 0.00000000
vn -0.00025522 0.99999997 0.00000000
vn 0.00000000 0.00000000 -1.00000000
vn 0.00000000 0.00000000 -1.00000000
vn 0.00000000 0.00000000 -1.00000000
vn 0.00000000 0.00000000 -1.00000000
vn 0.00000000 0.00000000 1.00000000
vn 0.00000000 0.00000000 1.00000000
vn 0.00000000 0.00000000 1.00000000
vn 0.00000000 0.00000000 1.00000000
vn -0.99999982 -0.00059165 0.00000000
vn -0.99999982 -0.00059165 0.00000000
vn -0.99999982 -0.00059165 0.00000000
vn -0.99999982 -0.00059165 0.00000000
vn 0.99999951 0.00098608 0.00000000
vn 0.99999951 0.00098608 0.00000000
vn 0.99999951 0.00098608 0.00000000
vn 0.99999951 0.00098608 0.00000000
vn 0.00059165 -0.99999982 0.00000000
vn 0.00098608 -0.99999951 0.00000000
vn 0.00098608 -0.99999951 0.00000000
vn 0.00059165 -0.99999982 0.00000000
vn -0.00059165 0.99999982 0.00000000
vn -0.00059165 0.99999982 0.00000000
vn -0.00098608 0.99999951 0.00000000
vn -0.00098608 0.99999951 0.00000000
vn 0.00000000 0.00000000 -1.00000000
vn 0.00000000 0.00000000 -1.00000000
vn 0.00000000 0.00000000 -1.00000000
vn 0.00000000 0.00000000 -1.00000000
vn 0.00000000 0.00000000 1.00000000
vn 0.00000000 0.00000000 1.00000000
vn 0.00000000 0.00000000 1.00000000
vn 0.00000000 0.00000000 1.00000000
vn -0.99999982 -0.00059165 0.00000000
vn -0.99999982 -0.00059165 0.00000000
vn -0.99999982 -0.00059165 0.00000000
vn -0.99999982 -0.00059165 0.00000000
vn 0.99999979 0.00064965 0.00000000
vn 0.99999979 0.00064965 0.00000000
vn 0.99999979 0.00064965 0.00000000
vn 0.99999979 0.00064965 0.00000000
vn 0.00059165 -0.99999982 0.00000000
vn 0.00064965 -0.99999979 0.00000000
vn 0.00064965 -0.99999979 0.00000000
vn 0.00059165 -0.99999982 0.00000000
vn -0.00059165 0.99999982 0.00000000
vn -0.00059165 0.99999982 0.00000000
vn -0.00064965 0.99999979 0.00000000
vn -0.00064965 0.99999979 0.00000000
vn 0.00000000 0.00000000 -1.00000000
vn 0.00000000 0.00000000 -1.00000000
vn 0.00000000 0.00000000 -1.00000000
vn 0.00000000 0.00000000 -1.00000000
vn 0.00000000 0.00000000 1.00000000
vn 0.00000000 0.00000000 1.00000000
vn 0.00000000 0.00000000 1.00000000
vn 0.00000000 0.00000000 1.00000000
vn -0.99999951 -0.00098608 0.00000000
vn -0.99999951 -0.00098608 0.00000000
vn -0.99999951 -0.00098608 0.00000000
vn -0.99999951 -0.00098608 0.00000000
vn 0.99999905 0.00138051 0.00000000
vn 0.99999905 0.00138051 0.00000000
vn 0.99999905 0.00138051 0.00000000
vn 0.99999905 0.00138051 0.00000000
vn 0.00098608 -0.99999951 0.00000000
vn 0.00138051 -0.99999905 0.00000000
vn 0.00138051 -0.99999905 0.00000000
vn 0.00098608 -0.99999951 0.00000000
vn -0.00098608 0.99999951 0.00000000
vn -0.00098608 0.99999951 0.00000000
vn -0.00138051 0.99999905 0.00000000
vn -0.00138051 0.99999905 0.00000000
vn 0.00000000 0.00000000 -1.00000000
vn 0.00000000 0.00000000 -1.00000000
vn 0.00000000 0.00000000 -1.00000000
vn 0.00000000 0.00000000 -1.00000000
vn 0.00000000 0.00000000 1.00000000
vn 0.00000000 0.00000000 1.00000000
vn 0.00000000 0.00000000 1.00000000
vn 0.00000000 0.00000000 1.00000000
vn -0.99999951 -0.00098608 0.00000000
vn -0.99999951 -0.00098608 0.00000000
vn -0.99999951 -0.00098608 0.00000000
vn -0.99999951 -0.00098608 0.00000000
vn 0.99999945 0.00104408 0.00000000
vn 0.99999945 0.00104408 0.00000000
vn 0.99999945 0.00104408 0.00000000
vn 0.99999945 0.00104408 0.00000000
vn 0.00098608 -0.99999951 0.00000000
vn 0.00104408 -0.99999945 0.00000000
vn 0.00104408 -0.99999945 0.00000000
vn 0.00098608 -0.99999951 0.00000000
vn -0.00098608 0.99999951 0.00000000
vn -0.00098608 0.99999951 0.00000000
vn -0.00104408 0.99999945 0.00000000
vn -0.00104408 0.99999945 0.00000000
vn 0.00000000 0.00000000 -1.00000000
vn 0.00000000 0.00000000 -1.00000000
vn 0.00000000 0.00000000 -1.00000000
vn 0.00000000 0.00000000 -1.00000000
vn 0.00000000 0.00000000 1.00000000
vn 0.00000000 0.00000000 1.00000000
vn 0.00000000 0.00000000 1.00000000
vn 0.00000000 0.00000000 1.00000000
vn -0.99999905 -0.00138051 0.00000000
vn -0.99999905 -0.00138051 0.00000000
vn -0.99999905 -0.00138051 0.00000000
vn -0.99999905 -0.00138051 0.00000000
vn 0.99999842 0.00177494 0.00000000
vn 0.99999842 0.00177494 0.00000000
vn 0.99999842 0.00177494 0.00000000
vn 0.99999842 0.00177494 0.00000000
vn 0.00138051 -0.99999905 0.00000000
vn 0.00177494 -0.99999842 0.00000000
vn 0.00177494 -0.99999842 0.00000000
vn 0.00138051 -0.99999905 0.00000000
vn -0.00138051 0.99999905 0.00000000
vn -0.00138051 0.99999905 0.00000000
vn -0.00177494 0.99999842 0.00000000
vn -0.00177494 0.99999842 0.00000000
vn 0.00000000 0.00000000 -1.00000000
vn 0.00000000 0.00000000 -1.00000000
vn 0.00000000 0.00000000 -1.00000000
vn 0.00000000 0.00000000 -1.00000000
vn 0.00000000 0.00000000 1.00000000
vn 0.00000000 0.00000000 1.00000000
vn 0.00000000 0.00000000 1.00000000
vn 0.00000000 0.00000000 1.00000000
vn -0.99999905 -0.00138051 0.00000000
vn -0.99999905 -0.00138051 0.00000000
vn -0.99999905 -0.00138051 0.00000000
vn -0.99999905 -0.00138051 0.00000000
vn 0.99999897 0.00143851 0.00000000
vn 0.99999897 0.00143851 0.00000000
vn 0.99999897 0.00143851 0.00000000
vn 0.99999897 0.00143851 0.00000000
vn 0.00138051 -0.99999905 0.00000000
vn 0.00143851 -0.99999897 0.00000000
vn 0.00143851 -0.99999897 0.00000000
vn 0.00138051 -0.99999905 0.00000000
vn -0.00138051 0.99999905 0.00000000
vn -0.00138051 0.99999905 0.00000000
vn -0.00143851 0.99999897 0.00000000
vn -0.00143851 0.99999897 0.00000000
vn 0.00000000 0.00000000 -1.00000000
vn 0.00000000 0.00000000 -1.00000000
vn 0.00000000 0.00000000 -1.00000000
vn 0.00000000 0.00000000 -1.00000000
vn 0.00000000 0.00000000 1.00000000
vn 0.00000000 0.00000000 1.00000000
vn 0.00000000 0.00000000 1.00000000
vn 0.00000000 0.00000000 1.00000000
vn -0.99999842 -0.00177494 0.00000000
vn -0.99999842 -0.00177494 0.00000000
vn -0.99999842 -0.00177494 0.00000000
vn -0.99999842 -0.00177494 0.00000000
vn 0.99999765 0.00216937 0.00000000
vn 0.99999765 0.00216937 0.00000000
vn 0.99999765 0.00216937 0.00000000
vn 0.99999765 0.00216937 0.00000000
vn 0.00177494 -0.99999842 0.00000000
vn 0.00216937 -0.99999765 0.00000000
vn 0.00216937 -0.99999765 0.00000000
vn 0.00177494 -0.99999842 0.00000000
vn -0.00177494 0.99999842 0.00000000
vn -0.00177494 0.99999842 0.00000000
vn -0.00216937 0.99999765 0.00000000
vn -0.00216937 0.99999765 0.00000000
vn 0.00000000 0.00000000 -1.00000000
vn 0.00000000 0.00000000 -1.00000000
vn 0.00000000 0.00000000 -1.00000000
vn 0.00000000 0.00000000 -1.00000000
vn 0.00000000 0.00000000 1.00000000
vn 0.00000000 0.00000000 1.00000000
vn 0.00000000 0.00000000 1.00000000
vn 0.00000000 0.00000000 1.00000000
vn -0.99999842 -0.00177494 0.00000000
vn -0.99999842 -0.00177494 0.00000000
vn -0.99999842 -0.00177494 0.00000000
vn -0.99999842 -0.00177494 0.00000000
vn 0.99999832 0.00183295 0.00000000
vn 0.99999832 0.00183295 0.00000000
vn 0.99999832 0.00183295 0.00000000
vn 0.99999832 0.00183295 0.00000000
vn 0.00177494 -0.99999842 0.00000000
vn 0.00183295 -0.99999832 0.00000000
vn 0.00183295 -0.99999832 0.00000000
vn 0.00177494 -0.99999842 0.00000000
vn -0.00177494 0.99999842 0.00000000
vn -0.00177494 0.99999842 0.00000000
vn -0.00183295 0.99999832 0.00000000
vn -0.00183295 0.99999832 0.00000000
vn 0.00000000 0.00000000 -1.00000000
vn 0.00000000 0.00000000 -1.00000000
vn 0.00000000 0.00000000 -1.00000000
vn 0.00000000 0.00000000 -1.00000000
vn 0.00000000 0.00000000 1.00000000
vn 0.00000000 0.00000000 1.00000000
vn 0.00000000 0.00000000 1.00000000
vn 0.00000000 0.00000000 1.00000000
vn -0.99957864 0.02902673 0.00000000
vn -0.99957864 0.02902673 0.00000000
vn -0.99957864 0.02902673 0.00000000
vn -0.99957864 0.02902673 0.00000000
vn 0.99958267 -0.02888757 0.00000000
vn 0.99958267 -0.02888757 0.00000000
vn 0.99958267 -0.02888757 0.00000000
vn 0.99958267 -0.02888757 0.00000000
vn 0.00000000 0.00000000 -1.00000000
vn 0.00000000 0.00000000 -1.00000000
vn 0.00000000 0.00000000 -1.00000000
vn 0.00000000 0.00000000 -1.00000000
vn 0.00000000 0.00000000 1.00000000
vn 0.00000000 0.00000000 1.00000000
vn 0.00000000 0.00000000 1.00000000
vn 0.00000000 0.00000000 1.00000000
vn -0.99958267 -0.02888757 0.00000000
vn -0.99958267 -0.02888757 0.00000000
vn -0.99958267 -0.02888757 0.00000000
vn -0.99958267 -0.02888757 0.00000000
vn 0.99957864 0.02902673 0.00000000
vn 0.99957864 0.02902673 0.00000000
vn 0.99957864 0.02902673 0.00000000
vn 0.99957864 0.02902673 0.00000000
vn 0.00000000 0.00000000 -1.00000000
vn 0.00000000 0.00000000 -1.00000000
vn 0.00000000 0.00000000 -1.00000000
vn 0.00000000 0.00000000 -1.00000000
vn 0.00000000 0.00000000 1.00000000
vn 0.00000000 0.00000000 1.00000000
vn 0.00000000 0.00000000 1.00000000
vn 0.00000000 0.00000000 1.00000000
vn -0.99957864 0.02902673 0.00000000
vn -0.99957864 0.02902673 0.00000000
vn -0.99957864 0.02902673 0.00000000
vn -0.99957864 0.02902673 0.00000000
vn 0.99974509 -0.02257760 0.00000000
vn 0.99974509 -0.02257760 0.00000000
vn 0.99974509 -0.02257760 0.00000000
vn 0.99974509 -0.02257760 0.00000000
vn 0.00000000 0.00000000 -1.00000000
vn 0.00000000 0.00000000 -1.00000000
vn 0.00000000 0.00000000 -1.00000000
vn 0.00000000 0.00000000 -1.00000000
vn 0.00000000 0.00000000 1.00000000
vn 0.00000000 0.00000000 1.00000000
vn 0.00000000 0.00000000 1.00000000
vn 0.00000000 0.00000000 1.00000000
vn -0.99957864 0.02902673 0.00000000
vn -0.99957864 0.02902673 0.00000000
vn -0.99957864 0.02902673 0.00000000
vn -0.99957864 0.02902673 0.00000000
vn 0.99969146 -0.02483914 0.00000000
vn 0.99969146 -0.02483914 0.00000000
vn 0.99969146 -0.02483914 0.00000000
vn 0.99969146 -0.02483914 0.00000000
vn 0.00000000 0.00000000 -1.00000000
vn 0.00000000 0.00000000 -1.00000000
vn 0.00000000 0.00000000 -1.00000000
vn 0.00000000 0.00000000 -1.00000000
vn 0.00000000 0.00000000 1.00000000
vn 0.00000000 0.00000000 1.00000000
vn 0.00000000 0.00000000 1.00000000
vn 0.00000000 0.00000000 1.00000000
vn -0.99957864 0.02902673 0.00000000
vn -0.99957864 0.02902673 0.00000000
vn -0.99957864 0.02902673 0.00000000
vn -0.99957864 0.02902673 0.00000000
vn 0.99969146 -0.02483914 0.00000000
vn 0.99969146 -0.02483914 0.00000000
vn 0.99969146 -0.02483914 0.00000000
vn 0.99969146 -0.02483914 0.00000000
vn 0.00000000 0.00000000 -1.00000000
vn 0.00000000 0.00000000 -1.00000000
vn 0.00000000 0.00000000 -1.00000000
vn 0.00000000 0.00000000 -1.00000000
vn 0.00000000 0.00000000 1.00000000
vn 0.00000000 0.00000000 1.00000000
vn 0.00000000 0.00000000 1.00000000
vn 0.00000000 0.00000000 1.00000000
vn -0.99957864 0.02902673 0.00000000
vn -0.99957864 0.02902673 0.00000000
vn -0.99957864 0.02902673 0.00000000
vn -0.99957864 0.02902673 0.00000000
vn 0.99969146 -0.02483914 0.00000000
vn 0.99969146 -0.02483914 0.00000000
vn 0.99969146 -0.02483914 0.00000000
vn 0.99969146 -0.02483914 0.00000000
vn 0.00000000 0.00000000 -1.00000000
vn 0.00000000 0.00000000 -1.00000000
vn 0.00000000 0.00000000 -1.00000000
vn 0.00000000 0.00000000 -1.00000000
vn 0.00000000 0.00000000 1.00000000
vn 0.00000000 0.00000000 1.00000000
vn 0.00000000 0.00000000 1.00000000
vn 0.00000000 0.00000000 1.00000000
vn -0.99974115 0.02275157 0.00000000
vn -0.99974115 0.02275157 0.00000000
vn -0.99974115 0.02275157 0.00000000
vn -0.99974115 0.02275157 0.00000000
vn 0.99974509 -0.02257760 0.00000000
vn 0.99974509 -0.02257760 0.00000000
vn 0.99974509 -0.02257760 0.00000000
vn 0.99974509 -0.02257760 0.00000000
vn 0.00000000 0.00000000 -1.00000000
vn 0.00000000 0.00000000 -1.00000000
vn 0.00000000 0.00000000 -1.00000000
vn 0.00000000 0.00000000 -1.00000000
vn 0.00000000 0.00000000 1.00000000
vn 0.00000000 0.00000000 1.00000000
vn 0.00000000 0.00000000 1.00000000
vn 0.00000000 0.00000000 1.00000000
vn -0.99969146 0.02483914 0.00000000
vn -0.99969146 0.02483914 0.00000000
vn -0.99969146 0.02483914 0.00000000
vn -0.99969146 0.02483914 0.00000000
vn 0.99974115 -0.02275157 0.00000000
vn 0.99974115 -0.02275157 0.00000000
vn 0.99974115 -0.02275157 0.00000000
vn 0.99974115 -0.02275157 0.00000000
vn -0.02483914 -0.99969146 0.00000000
vn -0.02275157 -0.99974115 0.00000000
vn -0.02275157 -0.99974115 0.00000000
vn -0.02483914 -0.99969146 0.00000000
vn 0.00000000 0.00000000 -1.00000000
vn 0.00000000 0.00000000 -1.00000000
vn 0.00000000 0.00000000 -1.00000000
vn 0.00000000 0.00000000 -1.00000000
vn 0.00000000 0.00000000 1.00000000
vn 0.00000000 0.00000000 1.00000000
vn 0.00000000 0.00000000 1.00000000
vn 0.00000000 0.00000000 1.00000000
vn -0.99958267 0.02888757 0.00000000
vn -0.99958267 0.02888757 0.00000000
vn -0.99958267 0.02888757 0.00000000
vn -0.99958267 0.02888757 0.00000000
vn 0.99974194 -0.02271677 0.00000000
vn 0.99974194 -0.02271677 0.00000000
vn 0.99974194 -0.02271677 0.00000000
vn 0.99974194 -0.02271677 0.00000000
vn -0.02888757 -0.99958267 0.00000000
vn -0.02271677 -0.99974194 0.00000000
vn -0.02271677 -0.99974194 0.00000000
vn -0.02888757 -0.99958267 0.00000000
vn 0.02888757 0.99958267 0.00000000
vn 0.02888757 0.99958267 0.00000000
vn 0.02271677 0.99974194 0.00000000
vn 0.02271677 0.99974194 0.00000000
vn 0.00000000 0.00000000 -1.00000000
vn 0.00000000 0.00000000 -1.00000000
vn 0.00000000 0.00000000 -1.00000000
vn 0.00000000 0.00000000 -1.00000000
vn 0.00000000 0.00000000 1.00000000
vn 0.00000000 0.00000000 1.00000000
vn 0.00000000 0.00000000 1.00000000
vn 0.00000000 0.00000000 1.00000000
vn -0.99974509 0.02257760 0.00000000
vn -0.99974509 0.02257760 0.00000000
vn -0.99974509 0.02257760 0.00000000
vn -0.99974509 0.02257760 0.00000000
vn 0.99986994 -0.01612753 0.00000000
vn 0.99986994 -0.01612753 0.00000000
vn 0.99986994 -0.01612753 0.00000000
vn 0.99986994 -0.01612753 0.00000000
vn 0.00000000 0.00000000 -1.00000000
vn 0.00000000 0.00000000 -1.00000000
vn 0.00000000 0.00000000 -1.00000000
vn 0.00000000 0.00000000 -1.00000000
vn 0.00000000 0.00000000 1.00000000
vn 0.00000000 0.00000000 1.00000000
vn 0.00000000 0.00000000 1.00000000
vn 0.00000000 0.00000000 1.00000000
vn -0.99974509 0.02257760 0.00000000
vn -0.99974509 0.02257760 0.00000000
vn -0.99974509 0.02257760 0.00000000
vn -0.99974509 0.02257760 0.00000000
vn 0.99983090 -0.01838937 0.00000000
vn 0.99983090 -0.01838937 0.00000000
vn 0.99983090 -0.01838937 0.00000000
vn 0.99983090 -0.01838937 0.00000000
vn 0.00000000 0.00000000 -1.00000000
vn 0.00000000 0.00000000 -1.00000000
vn 0.00000000 0.00000000 -1.00000000
vn 0.00000000 0.00000000 -1.00000000
vn 0.00000000 0.00000000 1.00000000
vn 0.00000000 0.00000000 1.00000000
vn 0.00000000 0.00000000 1.00000000
vn 0.00000000 0.00000000 1.00000000
vn -0.99974509 0.02257760 0.00000000
vn -0.99974509 0.02257760 0.00000000
vn -0.99974509 0.02257760 0.00000000
vn -0.99974509 0.02257760 0.00000000
vn 0.99983090 -0.01838937 0.00000000
vn 0.99983090 -0.01838937 0.00000000
vn 0.99983090 -0.01838937 0.00000000
vn 0.99983090 -0.01838937 0.00000000
vn 0.00000000 0.00000000 -1.00000000
vn 0.00000000 0.00000000 -1.00000000
vn 0.00000000 0.00000000 -1.00000000
vn 0.00000000 0.00000000 -1.00000000
vn 0.00000000 0.00000000 1.00000000
vn 0.00000000 0.00000000 1.00000000
vn 0.00000000 0.00000000 1.00000000
vn 0.00000000 0.00000000 1.00000000
vn -0.99974509 0.02257760 0.00000000
vn -0.99974509 0.02257760 0.00000000
vn -0.99974509 0.02257760 0.00000000
vn -0.99974509 0.02257760 0.00000000
vn 0.99983090 -0.01838937 0.00000000
vn 0.99983090 -0.01838937 0.00000000
vn 0.99983090 -0.01838937 0.00000000
vn 0.99983090 -0.01838937 0.00000000
vn 0.00000000 0.00000000 -1.00000000
vn 0.00000000 0.00000000 -1.00000000
vn 0.00000000 0.00000000 -1.00000000
vn 0.00000000 0.00000000 -1.00000000
vn 0.00000000 0.00000000 1.00000000
vn 0.00000000 0.00000000 1.00000000
vn 0.00000000 0.00000000 1.00000000
vn 0.00000000 0.00000000 1.00000000
vn -0.99986712 0.01630152 0.00000000
vn -0.99986712 0.01630152 0.00000000
vn -0.99986712 0.01630152 0.00000000
vn -0.99986712 0.01630152 0.00000000
vn 0.99986994 -0.01612753 0.00000000
vn 0.99986994 -0.01612753 0.00000000
vn 0.99986994 -0.01612753 0.00000000
vn 0.99986994 -0.01612753 0.00000000
vn 0.00000000 0.00000000 -1.00000000
vn 0.00000000 0.00000000 -1.00000000
vn 0.00000000 0.00000000 -1.00000000
vn 0.00000000 0.00000000 -1.00000000
vn 0.00000000 0.00000000 1.00000000
vn 0.00000000 0.00000000 1.00000000
vn 0.00000000 0.00000000 1.00000000
vn 0.00000000 0.00000000 1.00000000
vn -0.99983090 0.01838937 0.00000000
vn -0.99983090 0.01838937 0.00000000
vn -0.99983090 0.01838937 0.00000000
vn -0.99983090 0.01838937 0.00000000
vn 0.99986712 -0.01630152 0.00000000
vn 0.99986712 -0.01630152 0.00000000
vn 0.99986712 -0.01630152 0.00000000
vn 0.99986712 -0.01630152 0.00000000
vn -0.01838937 -0.99983090 0.00000000
vn -0.01630152 -0.99986712 0.00000000
vn -0.01630152 -0.99986712 0.00000000
vn -0.01838937 -0.99983090 0.00000000
vn 0.00000000 0.00000000 -1.00000000
vn 0.00000000 0.00000000 -1.00000000
vn 0.00000000 0.00000000 -1.00000000
vn 0.00000000 0.00000000 -1.00000000
vn 0.00000000 0.00000000 1.00000000
vn 0.00000000 0.00000000 1.00000000
vn 0.00000000 0.00000000 1.00000000
vn 0.00000000 0.00000000 1.00000000
vn -0.99974823 0.02243842 0.00000000
vn -0.99974823 0.02243842 0.00000000
vn -0.99974823 0.02243842 0.00000000
vn -0.99974823 0.02243842 0.00000000
vn 0.99986769 -0.01626672 0.00000000
vn 0.99986769 -0.01626672 0.00000000
vn 0.99986769 -0.01626672 0.00000000
vn 0.99986769 -0.01626672 0.00000000
vn -0.02243842 -0.99974823 0.00000000
vn -0.01626672 -0.99986769 0.00000000
vn -0.01626672 -0.99986769 0.00000000
vn -0.02243842 -0.99974823 0.00000000
vn 0.02243842 0.99974823 0.00000000
vn 0.02243842 0.99974823 0.00000000
vn 0.01626672 0.99986769 0.00000000
vn 0.01626672 0.99986769 0.00000000
vn 0.00000000 0.00000000 -1.00000000
vn 0.00000000 0.00000000 -1.00000000
vn 0.00000000 0.00000000 -1.00000000
vn 0.00000000 0.00000000 -1.00000000
vn 0.00000000 0.00000000 1.00000000
vn 0.00000000 0.00000000 1.00000000
vn 0.00000000 0.00000000 1.00000000
vn 0.00000000 0.00000000 1.00000000
vn -0.99974509 0.02257760 0.00000000
vn -0.99974509 0.02257760 0.00000000
vn -0.99974509 0.02257760 0.00000000
vn -0.99974509 0.02257760 0.00000000
vn 0.99974771 -0.02246162 0.00000000
vn 0.99974771 -0.02246162 0.00000000
vn 0.99974771 -0.02246162 0.00000000
vn 0.99974771 -0.02246162 0.00000000
vn 0.00000000 0.00000000 -1.00000000
vn 0.00000000 0.00000000 -1.00000000
vn 0.00000000 0.00000000 -1.00000000
vn 0.00000000 0.00000000 -1.00000000
vn 0.00000000 0.00000000 1.00000000
vn 0.00000000 0.00000000 1.00000000
vn 0.00000000 0.00000000 1.00000000
vn 0.00000000 0.00000000 1.00000000
vn -0.99986994 0.01612753 0.00000000
vn -0.99986994 0.01612753 0.00000000
vn -0.99986994 0.01612753 0.00000000
vn -0.99986994 0.01612753 0.00000000
vn 0.99995318 -0.00967678 0.00000000
vn 0.99995318 -0.00967678 0.00000000
vn 0.99995318 -0.00967678 0.00000000
vn 0.99995318 -0.00967678 0.00000000
vn 0.00000000 0.00000000 -1.00000000
vn 0.00000000 0.00000000 -1.00000000
vn 0.00000000 0.00000000 -1.00000000
vn 0.00000000 0.00000000 -1.00000000
vn 0.00000000 0.00000000 1.00000000
vn 0.00000000 0.00000000 1.00000000
vn 0.00000000 0.00000000 1.00000000
vn 0.00000000 0.00000000 1.00000000
vn -0.99986994 0.01612753 0.00000000
vn -0.99986994 0.01612753 0.00000000
vn -0.99986994 0.01612753 0.00000000
vn -0.99986994 0.01612753 0.00000000
vn 0.99992873 -0.01193883 0.00000000
vn 0.99992873 -0.01193883 0.00000000
vn 0.99992873 -0.01193883 0.00000000
vn 0.99992873 -0.01193883 0.00000000
vn 0.00000000 0.00000000 -1.00000000
vn 0.00000000 0.00000000 -1.00000000
vn 0.00000000 0.00000000 -1.00000000
vn 0.00000000 0.00000000 -1.00000000
vn 0.00000000 0.00000000 1.00000000
vn 0.00000000 0.00000000 1.00000000
vn 0.00000000 0.00000000 1.00000000
vn 0.00000000 0.00000000 1.00000000
vn -0.99986994 0.01612753 0.00000000
vn -0.99986994 0.01612753 0.00000000
vn -0.99986994 0.01612753 0.00000000
vn -0.99986994 0.01612753 0.00000000
vn 0.99992873 -0.01193883 0.00000000
vn 0.99992873 -0.01193883 0.00000000
vn 0.99992873 -0.01193883 0.00000000
vn 0.99992873 -0.01193883 0.00000000
vn 0.00000000 0.00000000 -1.00000000
vn 0.00000000 0.00000000 -1.00000000
vn 0.00000000 0.00000000 -1.00000000
vn 0.00000000 0.00000000 -1.00000000
vn 0.00000000 0.00000000 1.00000000
vn 0.00000000 0.00000000 1.00000000
vn 0.00000000 0.00000000 1.00000000
vn 0.00000000 0.00000000 1.00000000
vn -0.99986994 0.01612753 0.00000000
vn -0.99986994 0.01612753 0.00000000
vn -0.99986994 0.01612753 0.00000000
vn -0.99986994 0.01612753 0.00000000
vn 0.99992873 -0.01193883 0.00000000
vn 0.99992873 -0.01193883 0.00000000
vn 0.99992873 -0.01193883 0.00000000
vn 0.99992873 -0.01193883 0.00000000
vn 0.00000000 0.00000000 -1.00000000
vn 0.00000000 0.00000000 -1.00000000
vn 0.00000000 0.00000000 -1.00000000
vn 0.00000000 0.00000000 -1.00000000
vn 0.00000000 0.00000000 1.00000000
vn 0.00000000 0.00000000 1.00000000
vn 0.00000000 0.00000000 1.00000000
vn 0.00000000 0.00000000 1.00000000
vn -0.99995148 0.00985079 0.00000000
vn -0.99995148 0.00985079 0.00000000
vn -0.99995148 0.00985079 0.00000000
vn -0.99995148 0.00985079 0.00000000
vn 0.99995318 -0.00967678 0.00000000
vn 0.99995318 -0.00967678 0.00000000
vn 0.99995318 -0.00967678 0.00000000
vn 0.99995318 -0.00967678 0.00000000
vn 0.00000000 0.00000000 -1.00000000
vn 0.00000000 0.00000000 -1.00000000
vn 0.00000000 0.00000000 -1.00000000
vn 0.00000000 0.00000000 -1.00000000
vn 0.00000000 0.00000000 1.00000000
vn 0.00000000 0.00000000 1.00000000
vn 0.00000000 0.00000000 1.00000000
vn 0.00000000 0.00000000 1.00000000
vn -0.99992873 0.01193883 0.00000000
vn -0.99992873 0.01193883 0.00000000
vn -0.99992873 0.01193883 0.00000000
vn -0.99992873 0.01193883 0.00000000
vn 0.99995148 -0.00985079 0.00000000
vn 0.99995148 -0.00985079 0.00000000
vn 0.99995148 -0.00985079 0.00000000
vn 0.99995148 -0.00985079 0.00000000
vn -0.01193883 -0.99992873 0.00000000
vn -0.00985079 -0.99995148 0.00000000
vn -0.00985079 -0.99995148 0.00000000
vn -0.01193883 -0.99992873 0.00000000
vn 0.00000000 0.00000000 -1.00000000
vn 0.00000000 0.00000000 -1.00000000
vn 0.00000000 0.00000000 -1.00000000
vn 0.00000000 0.00000000 -1.00000000
vn 0.00000000 0.00000000 1.00000000
vn 0.00000000 0.00000000 1.00000000
vn 0.00000000 0.00000000 1.00000000
vn 0.00000000 0.00000000 1.00000000
vn -0.99987218 0.01598833 0.00000000
vn -0.99987218 0.01598833 0.00000000
vn -0.99987218 0.01598833 0.00000000
vn -0.99987218 0.01598833 0.00000000
vn 0.99995182 -0.00981599 0.00000000
vn 0.99995182 -0.00981599 0.00000000
vn 0.99995182 -0.00981599 0.00000000
vn 0.99995182 -0.00981599 0.00000000
vn -0.01598833 -0.99987218 0.00000000
vn -0.00981599 -0.99995182 0.00000000
vn -0.00981599 -0.99995182 0.00000000
vn -0.01598833 -0.99987218 0.00000000
vn 0.01598833 0.99987218 0.00000000
vn 0.01598833 0.99987218 0.00000000
vn 0.00981599 0.99995182 0.00000000
vn 0.00981599 0.99995182 0.00000000
vn 0.00000000 0.00000000 -1.00000000
vn 0.00000000 0.00000000 -1.00000000
vn 0.00000000 0.00000000 -1.00000000
vn 0.00000000 0.00000000 -1.00000000
vn 0.00000000 0.00000000 1.00000000
vn 0.00000000 0.00000000 1.00000000
vn 0.00000000 0.00000000 1.00000000
vn 0.00000000 0.00000000 1.00000000
vn -0.99986994 0.01612753 0.00000000
vn -0.99986994 0.01612753 0.00000000
vn -0.99986994 0.01612753 0.00000000
vn -0.99986994 0.01612753 0.00000000
vn 0.99987181 -0.01601153 0.00000000
vn 0.99987181 -0.01601153 0.00000000
vn 0.99987181 -0.01601153 0.00000000
vn 0.99987181 -0.01601153 0.00000000
vn 0.00000000 0.00000000 -1.00000000
vn 0.00000000 0.00000000 -1.00000000
vn 0.00000000 0.00000000 -1.00000000
vn 0.00000000 0.00000000 -1.00000000
vn 0.00000000 0.00000000 1.00000000
vn 0.00000000 0.00000000 1.00000000
vn 0.00000000 0.00000000 1.00000000
vn 0.00000000 0.00000000 1.00000000
vn -0.99995318 0.00967678 0.00000000
vn -0.99995318 0.00967678 0.00000000
vn -0.99995318 0.00967678 0.00000000
vn -0.99995318 0.00967678 0.00000000
vn 0.99999480 -0.00322564 0.00000000
vn 0.99999480 -0.00322564 0.00000000
vn 0.99999480 -0.00322564 0.00000000
vn 0.99999480 -0.00322564 0.00000000
vn 0.00000000 0.00000000 -1.00000000
vn 0.00000000 0.00000000 -1.00000000
vn 0.00000000 0.00000000 -1.00000000
vn 0.00000000 0.00000000 -1.00000000
vn 0.00000000 0.00000000 1.00000000
vn 0.00000000 0.00000000 1.00000000
vn 0.00000000 0.00000000 1.00000000
vn 0.00000000 0.00000000 1.00000000
vn -0.99995318 0.00967678 0.00000000
vn -0.99995318 0.00967678 0.00000000
vn -0.99995318 0.00967678 0.00000000
vn -0.99995318 0.00967678 0.00000000
vn 0.99998494 -0.00548780 0.00000000
vn 0.99998494 -0.00548780 0.00000000
vn 0.99998494 -0.00548780 0.00000000
vn 0.99998494 -0.00548780 0.00000000
vn 0.00000000 0.00000000 -1.00000000
vn 0.00000000 0.00000000 -1.00000000
vn 0.00000000 0.00000000 -1.00000000
vn 0.00000000 0.00000000 -1.00000000
vn 0.00000000 0.00000000 1.00000000
vn 0.00000000 0.00000000 1.00000000
vn 0.00000000 0.00000000 1.00000000
vn 0.00000000 0.00000000 1.00000000
vn -0.99995318 0.00967678 0.00000000
vn -0.99995318 0.00967678 0.00000000
vn -0.99995318 0.00967678 0.00000000
vn -0.99995318 0.00967678 0.00000000
vn 0.99998494 -0.00548780 0.00000000
vn 0.99998494 -0.00548780 0.00000000
vn 0.99998494 -0.00548780 0.00000000
vn 0.99998494 -0.00548780 0.00000000
vn 0.00000000 0.00000000 -1.00000000
vn 0.00000000 0.00000000 -1.00000000
vn 0.00000000 0.00000000 -1.00000000
vn 0.00000000 0.00000000 -1.00000000
vn 0.00000000 0.00000000 1.00000000
vn 0.00000000 0.00000000 1.00000000
vn 0.00000000 0.00000000 1.00000000
vn 0.00000000 0.00000000 1.00000000
vn -0.99995318 0.00967678 0.00000000
vn -0.99995318 0.00967678 0.00000000
vn -0.99995318 0.00967678 0.00000000
vn -0.99995318 0.00967678 0.00000000
vn 0.99998494 -0.00548780 0.00000000
vn 0.99998494 -0.00548780 0.00000000
vn 0.99998494 -0.00548780 0.00000000
vn 0.99998494 -0.00548780 0.00000000
vn 0.00000000 0.00000000 -1.00000000
vn 0.00000000 0.00000000 -1.00000000
vn 0.00000000 0.00000000 -1.00000000
vn 0.00000000 0.00000000 -1.00000000
vn 0.00000000 0.00000000 1.00000000
vn 0.00000000 0.00000000 1.00000000
vn 0.00000000 0.00000000 1.00000000
vn 0.00000000 0.00000000 1.00000000
vn -0.99999422 0.00339965 0.00000000
vn -0.99999422 0.00339965 0.00000000
vn -0.99999422 0.00339965 0.00000000
vn -0.99999422 0.00339965 0.00000000
vn 0.99999480 -0.00322564 0.00000000
vn 0.99999480 -0.00322564 0.00000000
vn 0.99999480 -0.00322564 0.00000000
vn 0.99999480 -0.00322564 0.00000000
vn 0.00000000 0.00000000 -1.00000000
vn 0.00000000 0.00000000 -1.00000000
vn 0.00000000 0.00000000 -1.00000000
vn 0.00000000 0.00000000 -1.00000000
vn 0.00000000 0.00000000 1.00000000
vn 0.00000000 0.00000000 1.00000000
vn 0.00000000 0.00000000 1.00000000
vn 0.00000000 0.00000000 1.00000000
vn -0.99998494 0.00548780 0.00000000
vn -0.99998494 0.00548780 0.00000000
vn -0.99998494 0.00548780 0.00000000
vn -0.99998494 0.00548780 0.00000000
vn 0.99999422 -0.00339965 0.00000000
vn 0.99999422 -0.00339965 0.00000000
vn 0.99999422 -0.00339965 0.00000000
vn 0.99999422 -0.00339965 0.00000000
vn -0.00548780 -0.99998494 0.00000000
vn -0.00339965 -0.99999422 0.00000000
vn -0.00339965 -0.99999422 0.00000000
vn -0.00548780 -0.99998494 0.00000000
vn 0.00000000 0.00000000 -1.00000000
vn 0.00000000 0.00000000 -1.00000000
vn 0.00000000 0.00000000 -1.00000000
vn 0.00000000 0.00000000 -1.00000000
vn 0.00000000 0.00000000 1.00000000
vn 0.00000000 0.00000000 1.00000000
vn 0.00000000 0.00000000 1.00000000
vn 0.00000000 0.00000000 1.00000000
vn -0.99995452 0.00953758 0.00000000
vn -0.99995452 0.00953758 0.00000000
vn -0.99995452 0.00953758 0.00000000
vn -0.99995452 0.00953758 0.00000000
vn 0.99999434 -0.00336485 0.00000000
vn 0.99999434 -0.00336485 0.00000000
vn 0.99999434 -0.00336485 0.00000000
vn 0.99999434 -0.00336485 0.00000000
vn -0.00953758 -0.99995452 0.00000000
vn -0.00336485 -0.99999434 0.00000000
vn -0.00336485 -0.99999434 0.00000000
vn -0.00953758 -0.99995452 0.00000000
vn 0.00953758 0.99995452 0.00000000
vn 0.00953758 0.99995452 0.00000000
vn 0.00336485 0.99999434 0.00000000
vn 0.00336485 0.99999434 0.00000000
vn 0.00000000 0.00000000 -1.00000000
vn 0.00000000 0.00000000 -1.00000000
vn 0.00000000 0.00000000 -1.00000000
vn 0.00000000 0.00000000 -1.00000000
vn 0.00000000 0.00000000 1.00000000
vn 0.00000000 0.00000000 1.00000000
vn 0.00000000 0.00000000 1.00000000
vn 0.00000000 0.00000000 1.00000000
vn -0.99999480 0.00322564 0.00000000
vn -0.99999480 0.00322564 0.00000000
vn -0.99999480 0.00322564 0.00000000
vn -0.99999480 0.00322564 0.00000000
vn 0.99999480 0.00322564 0.00000000
vn 0.99999480 0.00322564 0.00000000
vn 0.99999480 0.00322564 0.00000000
vn 0.99999480 0.00322564 0.00000000
vn 0.00000000 0.00000000 -1.00000000
vn 0.00000000 0.00000000 -1.00000000
vn 0.00000000 0.00000000 -1.00000000
vn 0.00000000 0.00000000 -1.00000000
vn 0.00000000 0.00000000 1.00000000
vn 0.00000000 0.00000000 1.00000000
vn 0.00000000 0.00000000 1.00000000
vn 0.00000000 0.00000000 1.00000000
vn -0.99999480 0.00322564 0.00000000
vn -0.99999480 0.00322564 0.00000000
vn -0.99999480 0.00322564 0.00000000
vn -0.99999480 0.00322564 0.00000000
vn 0.99999954 0.00096346 0.00000000
vn 0.99999954 0.00096346 0.00000000
vn 0.99999954 0.00096346 0.00000000
vn 0.99999954 0.00096346 0.00000000
vn 0.00000000 0.00000000 -1.00000000
vn 0.00000000 0.00000000 -1.00000000
vn 0.00000000 0.00000000 -1.00000000
vn 0.00000000 0.00000000 -1.00000000
vn 0.00000000 0.00000000 1.00000000
vn 0.00000000 0.00000000 1.00000000
vn 0.00000000 0.00000000 1.00000000
vn 0.00000000 0.00000000 1.00000000
vn -0.99999480 0.00322564 0.00000000
vn -0.99999480 0.00322564 0.00000000
vn -0.99999480 0.00322564 0.00000000
vn -0.99999480 0.00322564 0.00000000
vn 0.99999954 0.00096346 0.00000000
vn 0.99999954 0.00096346 0.00000000
vn 0.99999954 0.00096346 0.00000000
vn 0.99999954 0.00096346 0.00000000
vn 0.00000000 0.00000000 -1.00000000
vn 0.00000000 0.00000000 -1.00000000
vn 0.00000000 0.00000000 -1.00000000
vn 0.00000000 0.00000000 -1.00000000
vn 0.00000000 0.00000000 1.00000000
vn 0.00000000 0.00000000 1.00000000
vn 0.00000000 0.00000000 1.00000000
vn 0.00000000 0.00000000 1.00000000
vn -0.99999480 0.00322564 0.00000000
vn -0.99999480 0.00322564 0.00000000
vn -0.99999480 0.00322564 0.00000000
vn -0.99999480 0.00322564 0.00000000
vn 0.99999954 0.00096346 0.00000000
vn 0.99999954 0.00096346 0.00000000
vn 0.99999954 0.00096346 0.00000000
vn 0.99999954 0.00096346 0.00000000
vn 0.00000000 0.00000000 -1.00000000
vn 0.00000000 0.00000000 -1.00000000
vn 0.00000000 0.00000000 -1.00000000
vn 0.00000000 0.00000000 -1.00000000
vn 0.00000000 0.00000000 1.00000000
vn 0.00000000 0.00000000 1.00000000
vn 0.00000000 0.00000000 1.00000000
vn 0.00000000 0.00000000 1.00000000
vn -0.99999534 -0.00305163 0.00000000
vn -0.99999534 -0.00305163 0.00000000
vn -0.99999534 -0.00305163 0.00000000
vn -0.99999534 -0.00305163 0.00000000
vn 0.99999480 0.00322564 0.00000000
vn 0.99999480 0.00322564 0.00000000
vn 0.99999480 0.00322564 0.00000000
vn 0.99999480 0.00322564 0.00000000
vn 0.00000000 0.00000000 -1.00000000
vn 0.00000000 0.00000000 -1.00000000
vn 0.00000000 0.00000000 -1.00000000
vn 0.00000000 0.00000000 -1.00000000
vn 0.00000000 0.00000000 1.00000000
vn 0.00000000 0.00000000 1.00000000
vn 0.00000000 0.00000000 1.00000000
vn 0.00000000 0.00000000 1.00000000
vn -0.99999954 -0.00096346 0.00000000
vn -0.99999954 -0.00096346 0.00000000
vn -0.99999954 -0.00096346 0.00000000
vn -0.99999954 -0.00096346 0.00000000
vn 0.99999534 0.00305163 0.00000000
vn 0.99999534 0.00305163 0.00000000
vn 0.99999534 0.00305163 0.00000000
vn 0.99999534 0.00305163 0.00000000
vn 0.00096346 -0.99999954 0.00000000
vn 0.00305163 -0.99999534 0.00000000
vn 0.00305163 -0.99999534 0.00000000
vn 0.00096346 -0.99999954 0.00000000
vn 0.00000000 0.00000000 -1.00000000
vn 0.00000000 0.00000000 -1.00000000
vn 0.00000000 0.00000000 -1.00000000
vn 0.00000000 0.00000000 -1.00000000
vn 0.00000000 0.00000000 1.00000000
vn 0.00000000 0.00000000 1.00000000
vn 0.00000000 0.00000000 1.00000000
vn 0.00000000 0.00000000 1.00000000
vn -0.99999524 0.00308643 0.00000000
vn -0.99999524 0.00308643 0.00000000
vn -0.99999524 0.00308643 0.00000000
vn -0.99999524 0.00308643 0.00000000
vn 0.99999524 0.00308643 0.00000000
vn 0.99999524 0.00308643 0.00000000
vn 0.99999524 0.00308643 0.00000000
vn 0.99999524 0.00308643 0.00000000
vn -0.00308643 -0.99999524 0.00000000
vn 0.00308643 -0.99999524 0.00000000
vn 0.00308643 -0.99999524 0.00000000
vn -0.00308643 -0.99999524 0.00000000
vn 0.00308643 0.99999524 0.00000000
vn 0.00308643 0.99999524 0.00000000
vn -0.00308643 0.99999524 0.00000000
vn -0.00308643 0.99999524 0.00000000
vn 0.00000000 0.00000000 -1.00000000
vn 0.00000000 0.00000000 -1.00000000
vn 0.00000000 0.00000000 -1.00000000
vn 0.00000000 0.00000000 -1.00000000
vn 0.00000000 0.00000000 1.00000000
vn 0.00000000 0.00000000 1.00000000
vn 0.00000000 0.00000000 1.00000000
vn 0.00000000 0.00000000 1.00000000
vn -0.99999480 -0.00322564 0.00000000
vn -0.99999480 -0.00322564 0.00000000
vn -0.99999480 -0.00322564 0.00000000
vn -0.99999480 -0.00322564 0.00000000
vn 0.99995318 0.00967678 0.00000000
vn 0.99995318 0.00967678 0.00000000
vn 0.99995318 0.00967678 0.00000000
vn 0.99995318 0.00967678 0.00000000
vn 0.00000000 0.00000000 -1.00000000
vn 0.00000000 0.00000000 -1.00000000
vn 0.00000000 0.00000000 -1.00000000
vn 0.00000000 0.00000000 -1.00000000
vn 0.00000000 0.00000000 1.00000000
vn 0.00000000 0.00000000 1.00000000
vn 0.00000000 0.00000000 1.00000000
vn 0.00000000 0.00000000 1.00000000
vn -0.99999480 -0.00322564 0.00000000
vn -0.99999480 -0.00322564 0.00000000
vn -0.99999480 -0.00322564 0.00000000
vn -0.99999480 -0.00322564 0.00000000
vn 0.99997251 0.00741469 0.00000000
vn 0.99997251 0.00741469 0.00000000
vn 0.99997251 0.00741469 0.00000000
vn 0.99997251 0.00741469 0.00000000
vn 0.00000000 0.00000000 -1.00000000
vn 0.00000000 0.00000000 -1.00000000
vn 0.00000000 0.00000000 -1.00000000
vn 0.00000000 0.00000000 -1.00000000
vn 0.00000000 0.00000000 1.00000000
vn 0.00000000 0.00000000 1.00000000
vn 0.00000000 0.00000000 1.00000000
vn 0.00000000 0.00000000 1.00000000
vn -0.99999480 -0.00322564 0.00000000
vn -0.99999480 -0.00322564 0.00000000
vn -0.99999480 -0.00322564 0.00000000
vn -0.99999480 -0.00322564 0.00000000
vn 0.99997251 0.00741469 0.00000000
vn 0.99997251 0.00741469 0.00000000
vn 0.99997251 0.00741469 0.00000000
vn 0.99997251 0.00741469 0.00000000
vn 0.00000000 0.00000000 -1.00000000
vn 0.00000000 0.00000000 -1.00000000
vn 0.00000000 0.00000000 -1.00000000
vn 0.00000000 0.00000000 -1.00000000
vn 0.00000000 0.00000000 1.00000000
vn 0.00000000 0.00000000 1.00000000
vn 0.00000000 0.00000000 1.00000000
vn 0.00000000 0.00000000 1.00000000
vn -0.99999480 -0.00322564 0.00000000
vn -0.99999480 -0.00322564 0.00000000
vn -0.99999480 -0.00322564 0.00000000
vn -0.99999480 -0.00322564 0.00000000
vn 0.99997251 0.00741469 0.00000000
vn 0.99997251 0.00741469 0.00000000
vn 0.99997251 0.00741469 0.00000000
vn 0.99997251 0.00741469 0.00000000
vn 0.00000000 0.00000000 -1.00000000
vn 0.00000000 0.00000000 -1.00000000
vn 0.00000000 0.00000000 -1.00000000
vn 0.00000000 0.00000000 -1.00000000
vn 0.00000000 0.00000000 1.00000000
vn 0.00000000 0.00000000 1.00000000
vn 0.00000000 0.00000000 1.00000000
vn 0.00000000 0.00000000 1.00000000
vn -0.99995485 -0.00950278 0.00000000
vn -0.99995485 -0.00950278 0.00000000
vn -0.99995485 -0.00950278 0.00000000
vn -0.99995485 -0.00950278 0.00000000
vn 0.99995318 0.00967678 0.00000000
vn 0.99995318 0.00967678 0.00000000
vn 0.99995318 0.00967678 0.00000000
vn 0.99995318 0.00967678 0.00000000
vn 0.00000000 0.00000000 -1.00000000
vn 0.00000000 0.00000000 -1.00000000
vn 0.00000000 0.00000000 -1.00000000
vn 0.00000000 0.00000000 -1.00000000
vn 0.00000000 0.00000000 1.00000000
vn 0.00000000 0.00000000 1.00000000
vn 0.00000000 0.00000000 1.00000000
vn 0.00000000 0.00000000 1.00000000
vn -0.99997251 -0.00741469 0.00000000
vn -0.99997251 -0.00741469 0.00000000
vn -0.99997251 -0.00741469 0.00000000
vn -0.99997251 -0.00741469 0.00000000
vn 0.99995485 0.00950278 0.00000000
vn 0.99995485 0.00950278 0.00000000
vn 0.99995485 0.00950278 0.00000000
vn 0.99995485 0.00950278 0.00000000
vn 0.00741469 -0.99997251 0.00000000
vn 0.00950278 -0.99995485 0.00000000
vn 0.00950278 -0.99995485 0.00000000
vn 0.00741469 -0.99997251 0.00000000
vn 0.00000000 0.00000000 -1.00000000
vn 0.00000000 0.00000000 -1.00000000
vn 0.00000000 0.00000000 -1.00000000
vn 0.00000000 0.00000000 -1.00000000
vn 0.00000000 0.00000000 1.00000000
vn 0.00000000 0.00000000 1.00000000
vn 0.00000000 0.00000000 1.00000000
vn 0.00000000 0.00000000 1.00000000
vn -0.99999434 -0.00336485 0.00000000
vn -0.99999434 -0.00336485 0.00000000
vn -0.99999434 -0.00336485 0.00000000
vn -0.99999434 -0.00336485 0.00000000
vn 0.99995452 0.00953758 0.00000000
vn 0.99995452 0.00953758 0.00000000
vn 0.99995452 0.00953758 0.00000000
vn 0.99995452 0.00953758 0.00000000
vn 0.00336485 -0.99999434 0.00000000
vn 0.00953758 -0.99995452 0.00000000
vn 0.00953758 -0.99995452 0.00000000
vn 0.00336485 -0.99999434 0.00000000
vn -0.00336485 0.99999434 0.00000000
vn -0.00336485 0.99999434 0.00000000
vn -0.00953758 0.99995452 0.00000000
vn -0.00953758 0.99995452 0.00000000
vn 0.00000000 0.00000000 -1.00000000
vn 0.00000000 0.00000000 -1.00000000
vn 0.00000000 0.00000000 -1.00000000
vn 0.00000000 0.00000000 -1.00000000
vn 0.00000000 0.00000000 1.00000000
vn 0.00000000 0.00000000 1.00000000
vn 0.00000000 0.00000000 1.00000000
vn 0.00000000 0.00000000 1.00000000
vn -0.99999480 -0.00322564 0.00000000
vn -0.99999480 -0.00322564 0.00000000
vn -0.99999480 -0.00322564 0.00000000
vn -0.99999480 -0.00322564 0.00000000
vn 0.99999442 0.00334165 0.00000000
vn 0.99999442 0.00334165 0.00000000
vn 0.99999442 0.00334165 0.00000000
vn 0.99999442 0.00334165 0.00000000
vn 0.00000000 0.00000000 -1.00000000
vn 0.00000000 0.00000000 -1.00000000
vn 0.00000000 0.00000000 -1.00000000
vn 0.00000000 0.00000000 -1.00000000
vn 0.00000000 0.00000000 1.00000000
vn 0.00000000 0.00000000 1.00000000
vn 0.00000000 0.00000000 1.00000000
vn 0.00000000 0.00000000 1.00000000
vn -0.99995318 -0.00967678 0.00000000
vn -0.99995318 -0.00967678 0.00000000
vn -0.99995318 -0.00967678 0.00000000
vn -0.99995318 -0.00967678 0.00000000
vn 0.99986994 0.01612753 0.00000000
vn 0.99986994 0.01612753 0.00000000
vn 0.99986994 0.01612753 0.00000000
vn 0.99986994 0.01612753 0.00000000
vn 0.00000000 0.00000000 -1.00000000
vn 0.00000000 0.00000000 -1.00000000
vn 0.00000000 0.00000000 -1.00000000
vn 0.00000000 0.00000000 -1.00000000
vn 0.00000000 0.00000000 1.00000000
vn 0.00000000 0.00000000 1.00000000
vn 0.00000000 0.00000000 1.00000000
vn 0.00000000 0.00000000 1.00000000
vn -0.99995318 -0.00967678 0.00000000
vn -0.99995318 -0.00967678 0.00000000
vn -0.99995318 -0.00967678 0.00000000
vn -0.99995318 -0.00967678 0.00000000
vn 0.99990387 0.01386560 0.00000000
vn 0.99990387 0.01386560 0.00000000
vn 0.99990387 0.01386560 0.00000000
vn 0.99990387 0.01386560 0.00000000
vn 0.00000000 0.00000000 -1.00000000
vn 0.00000000 0.00000000 -1.00000000
vn 0.00000000 0.00000000 -1.00000000
vn 0.00000000 0.00000000 -1.00000000
vn 0.00000000 0.00000000 1.00000000
vn 0.00000000 0.00000000 1.00000000
vn 0.00000000 0.00000000 1.00000000
vn 0.00000000 0.00000000 1.00000000
vn -0.99995318 -0.00967678 0.00000000
vn -0.99995318 -0.00967678 0.00000000
vn -0.99995318 -0.00967678 0.00000000
vn -0.99995318 -0.00967678 0.00000000
vn 0.99990387 0.01386560 0.00000000
vn 0.99990387 0.01386560 0.00000000
vn 0.99990387 0.01386560 0.00000000
vn 0.99990387 0.01386560 0.00000000
vn 0.00000000 0.00000000 -1.00000000
vn 0.00000000 0.00000000 -1.00000000
vn 0.00000000 0.00000000 -1.00000000
vn 0.00000000 0.00000000 -1.00000000
vn 0.00000000 0.00000000 1.00000000
vn 0.00000000 0.00000000 1.00000000
vn 0.00000000 0.00000000 1.00000000
vn 0.00000000 0.00000000 1.00000000
vn -0.99995318 -0.00967678 0.00000000
vn -0.99995318 -0.00967678 0.00000000
vn -0.99995318 -0.00967678 0.00000000
vn -0.99995318 -0.00967678 0.00000000
vn 0.99990387 0.01386560 0.00000000
vn 0.99990387 0.01386560 0.00000000
vn 0.99990387 0.01386560 0.00000000
vn 0.99990387 0.01386560 0.00000000
vn 0.00000000 0.00000000 -1.00000000
vn 0.00000000 0.00000000 -1.00000000
vn 0.00000000 0.00000000 -1.00000000
vn 0.00000000 0.00000000 -1.00000000
vn 0.00000000 0.00000000 1.00000000
vn 0.00000000 0.00000000 1.00000000
vn 0.00000000 0.00000000 1.00000000
vn 0.00000000 0.00000000 1.00000000
vn -0.99987273 -0.01595353 0.00000000
vn -0.99987273 -0.01595353 0.00000000
vn -0.99987273 -0.01595353 0.00000000
vn -0.99987273 -0.01595353 0.00000000
vn 0.99986994 0.01612753 0.00000000
vn 0.99986994 0.01612753 0.00000000
vn 0.99986994 0.01612753 0.00000000
vn 0.99986994 0.01612753 0.00000000
vn 0.00000000 0.00000000 -1.00000000
vn 0.00000000 0.00000000 -1.00000000
vn 0.00000000 0.00000000 -1.00000000
vn 0.00000000 0.00000000 -1.00000000
vn 0.00000000 0.00000000 1.00000000
vn 0.00000000 0.00000000 1.00000000
vn 0.00000000 0.00000000 1.00000000
vn 0.00000000 0.00000000 1.00000000
vn -0.99990387 -0.01386560 0.00000000
vn -0.99990387 -0.01386560 0.00000000
vn -0.99990387 -0.01386560 0.00000000
vn -0.99990387 -0.01386560 0.00000000
vn 0.99987273 0.01595353 0.00000000
vn 0.99987273 0.01595353 0.00000000
vn 0.99987273 0.01595353 0.00000000
vn 0.99987273 0.01595353 0.00000000
vn 0.01386560 -0.99990387 0.00000000
vn 0.01595353 -0.99987273 0.00000000
vn 0.01595353 -0.99987273 0.00000000
vn 0.01386560 -0.99990387 0.00000000
vn 0.00000000 0.00000000 -1.00000000
vn 0.00000000 0.00000000 -1.00000000
vn 0.00000000 0.00000000 -1.00000000
vn 0.00000000 0.00000000 -1.00000000
vn 0.00000000 0.00000000 1.00000000
vn 0.00000000 0.00000000 1.00000000
vn 0.00000000 0.00000000 1.00000000
vn 0.00000000 0.00000000 1.00000000
vn -0.99995182 -0.00981599 0.00000000
vn -0.99995182 -0.00981599 0.00000000
vn -0.99995182 -0.00981599 0.00000000
vn -0.99995182 -0.00981599 0.00000000
vn 0.99987218 0.01598833 0.00000000
vn 0.99987218 0.01598833 0.00000000
vn 0.99987218 0.01598833 0.00000000
vn 0.99987218 0.01598833 0.00000000
vn 0.00981599 -0.99995182 0.00000000
vn 0.01598833 -0.99987218 0.00000000
vn 0.01598833 -0.99987218 0.00000000
vn 0.00981599 -0.99995182 0.00000000
vn -0.00981599 0.99995182 0.00000000
vn -0.00981599 0.99995182 0.00000000
vn -0.01598833 0.99987218 0.00000000
vn -0.01598833 0.99987218 0.00000000
vn 0.00000000 0.00000000 -1.00000000
vn 0.00000000 0.00000000 -1.00000000
vn 0.00000000 0.00000000 -1.00000000
vn 0.00000000 0.00000000 -1.00000000
vn 0.00000000 0.00000000 1.00000000
vn 0.00000000 0.00000000 1.00000000
vn 0.00000000 0.00000000 1.00000000
vn 0.00000000 0.00000000 1.00000000
vn -0.99995318 -0.00967678 0.00000000
vn -0.99995318 -0.00967678 0.00000000
vn -0.99995318 -0.00967678 0.00000000
vn -0.99995318 -0.00967678 0.00000000
vn 0.99995205 0.00979279 0.00000000
vn 0.99995205 0.00979279 0.00000000
vn 0.99995205 0.00979279 0.00000000
vn 0.99995205 0.00979279 0.00000000
vn 0.00000000 0.00000000 -1.00000000
vn 0.00000000 0.00000000 -1.00000000
vn 0.00000000 0.00000000 -1.00000000
vn 0.00000000 0.00000000 -1.00000000
vn 0.00000000 0.00000000 1.00000000
vn 0.00000000 0.00000000 1.00000000
vn 0.00000000 0.00000000 1.00000000
vn 0.00000000 0.00000000 1.00000000
vn -0.99986994 -0.01612753 0.00000000
vn -0.99986994 -0.01612753 0.00000000
vn -0.99986994 -0.01612753 0.00000000
vn -0.99986994 -0.01612753 0.00000000
vn 0.99974509 0.02257760 0.00000000
vn 0.99974509 0.02257760 0.00000000
vn 0.99974509 0.02257760 0.00000000
vn 0.99974509 0.02257760 0.00000000
vn 0.00000000 0.00000000 -1.00000000
vn 0.00000000 0.00000000 -1.00000000
vn 0.00000000 0.00000000 -1.00000000
vn 0.00000000 0.00000000 -1.00000000
vn 0.00000000 0.00000000 1.00000000
vn 0.00000000 0.00000000 1.00000000
vn 0.00000000 0.00000000 1.00000000
vn 0.00000000 0.00000000 1.00000000
vn -0.99986994 -0.01612753 0.00000000
vn -0.99986994 -0.01612753 0.00000000
vn -0.99986994 -0.01612753 0.00000000
vn -0.99986994 -0.01612753 0.00000000
vn 0.99979361 0.02031594 0.00000000
vn 0.99979361 0.02031594 0.00000000
vn 0.99979361 0.02031594 0.00000000
vn 0.99979361 0.02031594 0.00000000
vn 0.00000000 0.00000000 -1.00000000
vn 0.00000000 0.00000000 -1.00000000
vn 0.00000000 0.00000000 -1.00000000
vn 0.00000000 0.00000000 -1.00000000
vn 0.00000000 0.00000000 1.00000000
vn 0.00000000 0.00000000 1.00000000
vn 0.00000000 0.00000000 1.00000000
vn 0.00000000 0.00000000 1.00000000
vn -0.99986994 -0.01612753 0.00000000
vn -0.99986994 -0.01612753 0.00000000
vn -0.99986994 -0.01612753 0.00000000
vn -0.99986994 -0.01612753 0.00000000
vn 0.99979361 0.02031594 0.00000000
vn 0.99979361 0.02031594 0.00000000
vn 0.99979361 0.02031594 0.00000000
vn 0.99979361 0.02031594 0.00000000
vn 0.00000000 0.00000000 -1.00000000
vn 0.00000000 0.00000000 -1.00000000
vn 0.00000000 0.00000000 -1.00000000
vn 0.00000000 0.00000000 -1.00000000
vn 0.00000000 0.00000000 1.00000000
vn 0.00000000 0.00000000 1.00000000
vn 0.00000000 0.00000000 1.00000000
vn 0.00000000 0.00000000 1.00000000
vn -0.99986994 -0.01612753 0.00000000
vn -0.99986994 -0.01612753 0.00000000
vn -0.99986994 -0.01612753 0.00000000
vn -0.99986994 -0.01612753 0.00000000
vn 0.99979361 0.02031594 0.00000000
vn 0.99979361 0.02031594 0.00000000
vn 0.99979361 0.02031594 0.00000000
vn 0.99979361 0.02031594 0.00000000
vn 0.00000000 0.00000000 -1.00000000
vn 0.00000000 0.00000000 -1.00000000
vn 0.00000000 0.00000000 -1.00000000
vn 0.00000000 0.00000000 -1.00000000
vn 0.00000000 0.00000000 1.00000000
vn 0.00000000 0.00000000 1.00000000
vn 0.00000000 0.00000000 1.00000000
vn 0.00000000 0.00000000 1.00000000
vn -0.99974901 -0.02240363 0.00000000
vn -0.99974901 -0.02240363 0.00000000
vn -0.99974901 -0.02240363 0.00000000
vn -0.99974901 -0.02240363 0.00000000
vn 0.99974509 0.02257760 0.00000000
vn 0.99974509 0.02257760 0.00000000
vn 0.99974509 0.02257760 0.00000000
vn 0.99974509 0.02257760 0.00000000
vn 0.00000000 0.00000000 -1.00000000
vn 0.00000000 0.00000000 -1.00000000
vn 0.00000000 0.00000000 -1.00000000
vn 0.00000000 0.00000000 -1.00000000
vn 0.00000000 0.00000000 1.00000000
vn 0.00000000 0.00000000 1.00000000
vn 0.00000000 0.00000000 1.00000000
vn 0.00000000 0.00000000 1.00000000
vn -0.99979361 -0.02031594 0.00000000
vn -0.99979361 -0.02031594 0.00000000
vn -0.99979361 -0.02031594 0.00000000
vn -0.99979361 -0.02031594 0.00000000
vn 0.99974901 0.02240363 0.00000000
vn 0.99974901 0.02240363 0.00000000
vn 0.99974901 0.02240363 0.00000000
vn 0.99974901 0.02240363 0.00000000
vn 0.02031594 -0.99979361 0.00000000
vn 0.02240363 -0.99974901 0.00000000
vn 0.02240363 -0.99974901 0.00000000
vn 0.02031594 -0.99979361 0.00000000
vn 0.00000000 0.00000000 -1.00000000
vn 0.00000000 0.00000000 -1.00000000
vn 0.00000000 0.00000000 -1.00000000
vn 0.00000000 0.00000000 -1.00000000
vn 0.00000000 0.00000000 1.00000000
vn 0.00000000 0.00000000 1.00000000
vn 0.00000000 0.00000000 1.00000000
vn 0.00000000 0.00000000 1.00000000
vn -0.99986769 -0.01626672 0.00000000
vn -0.99986769 -0.01626672 0.00000000
vn -0.99986769 -0.01626672 0.00000000
vn -0.99986769 -0.01626672 0.00000000
vn 0.99974823 0.02243842 0.00000000
vn 0.99974823 0.02243842 0.00000000
vn 0.99974823 0.02243842 0.00000000
vn 0.99974823 0.02243842 0.00000000
vn 0.01626672 -0.99986769 0.00000000
vn 0.02243842 -0.99974823 0.00000000
vn 0.02243842 -0.99974823 0.00000000
vn 0.01626672 -0.99986769 0.00000000
vn -0.01626672 0.99986769 0.00000000
vn -0.01626672 0.99986769 0.00000000
vn -0.02243842 0.99974823 0.00000000
vn -0.02243842 0.99974823 0.00000000
vn 0.00000000 0.00000000 -1.00000000
vn 0.00000000 0.00000000 -1.00000000
vn 0.00000000 0.00000000 -1.00000000
vn 0.00000000 0.00000000 -1.00000000
vn 0.00000000 0.00000000 1.00000000
vn 0.00000000 0.00000000 1.00000000
vn 0.00000000 0.00000000 1.00000000
vn 0.00000000 0.00000000 1.00000000
vn -0.99986994 -0.01612753 0.00000000
vn -0.99986994 -0.01612753 0.00000000
vn -0.99986994 -0.01612753 0.00000000
vn -0.99986994 -0.01612753 0.00000000
vn 0.99986807 0.01624352 0.00000000
vn 0.99986807 0.01624352 0.00000000
vn 0.99986807 0.01624352 0.00000000
vn 0.99986807 0.01624352 0.00000000
vn 0.00000000 0.00000000 -1.00000000
vn 0.00000000 0.00000000 -1.00000000
vn 0.00000000 0.00000000 -1.00000000
vn 0.00000000 0.00000000 -1.00000000
vn 0.00000000 0.00000000 1.00000000
vn 0.00000000 0.00000000 1.00000000
vn 0.00000000 0.00000000 1.00000000
vn 0.00000000 0.00000000 1.00000000
vn -0.99974509 -0.02257760 0.00000000
vn -0.99974509 -0.02257760 0.00000000
vn -0.99974509 -0.02257760 0.00000000
vn -0.99974509 -0.02257760 0.00000000
vn 0.99957864 0.02902673 0.00000000
vn 0.99957864 0.02902673 0.00000000
vn 0.99957864 0.02902673 0.00000000
vn 0.99957864 0.02902673 0.00000000
vn 0.00000000 0.00000000 -1.00000000
vn 0.00000000 0.00000000 -1.00000000
vn 0.00000000 0.00000000 -1.00000000
vn 0.00000000 0.00000000 -1.00000000
vn 0.00000000 0.00000000 1.00000000
vn 0.00000000 0.00000000 1.00000000
vn 0.00000000 0.00000000 1.00000000
vn 0.00000000 0.00000000 1.00000000
vn -0.99974509 -0.02257760 0.00000000
vn -0.99974509 -0.02257760 0.00000000
vn -0.99974509 -0.02257760 0.00000000
vn -0.99974509 -0.02257760 0.00000000
vn 0.99964174 0.02676543 0.00000000
vn 0.99964174 0.02676543 0.00000000
vn 0.99964174 0.02676543 0.00000000
vn 0.99964174 0.02676543 0.00000000
vn 0.00000000 0.00000000 -1.00000000
vn 0.00000000 0.00000000 -1.00000000
vn 0.00000000 0.00000000 -1.00000000
vn 0.00000000 0.00000000 -1.00000000
vn 0.00000000 0.00000000 1.00000000
vn 0.00000000 0.00000000 1.00000000
vn 0.00000000 0.00000000 1.00000000
vn 0.00000000 0.00000000 1.00000000
vn -0.99974509 -0.02257760 0.00000000
vn -0.99974509 -0.02257760 0.00000000
vn -0.99974509 -0.02257760 0.00000000
vn -0.99974509 -0.02257760 0.00000000
vn 0.99964174 0.02676543 0.00000000
vn 0.99964174 0.02676543 0.00000000
vn 0.99964174 0.02676543 0.00000000
vn 0.99964174 0.02676543 0.00000000
vn 0.00000000 0.00000000 -1.00000000
vn 0.00000000 0.00000000 -1.00000000
vn 0.00000000 0.00000000 -1.00000000
vn 0.00000000 0.00000000 -1.00000000
vn 0.00000000 0.00000000 1.00000000
vn 0.00000000 0.00000000 1.00000000
vn 0.00000000 0.00000000 1.00000000
vn 0.00000000 0.00000000 1.00000000
vn -0.99974509 -0.02257760 0.00000000
vn -0.99974509 -0.02257760 0.00000000
vn -0.99974509 -0.02257760 0.00000000
vn -0.99974509 -0.02257760 0.00000000
vn 0.99964174 0.02676543 0.00000000
vn 0.99964174 0.02676543 0.00000000
vn 0.99964174 0.02676543 0.00000000
vn 0.99964174 0.02676543 0.00000000
vn 0.00000000 0.00000000 -1.00000000
vn 0.00000000 0.00000000 -1.00000000
vn 0.00000000 0.00000000 -1.00000000
vn 0.00000000 0.00000000 -1.00000000
vn 0.00000000 0.00000000 1.00000000
vn 0.00000000 0.00000000 1.00000000
vn 0.00000000 0.00000000 1.00000000
vn 0.00000000 0.00000000 1.00000000
vn -0.99958367 -0.02885279 0.00000000
vn -0.99958367 -0.02885279 0.00000000
vn -0.99958367 -0.02885279 0.00000000
vn -0.99958367 -0.02885279 0.00000000
vn 0.99957864 0.02902673 0.00000000
vn 0.99957864 0.02902673 0.00000000
vn 0.99957864 0.02902673 0.00000000
vn 0.99957864 0.02902673 0.00000000
vn 0.00000000 0.00000000 -1.00000000
vn 0.00000000 0.00000000 -1.00000000
vn 0.00000000 0.00000000 -1.00000000
vn 0.00000000 0.00000000 -1.00000000
vn 0.00000000 0.00000000 1.00000000
vn 0.00000000 0.00000000 1.00000000
vn 0.00000000 0.00000000 1.00000000
vn 0.00000000 0.00000000 1.00000000
vn -0.99964174 -0.02676543 0.00000000
vn -0.99964174 -0.02676543 0.00000000
vn -0.99964174 -0.02676543 0.00000000
vn -0.99964174 -0.02676543 0.00000000
vn 0.99958367 0.02885279 0.00000000
vn 0.99958367 0.02885279 0.00000000
vn 0.99958367 0.02885279 0.00000000
vn 0.99958367 0.02885279 0.00000000
vn 0.02676543 -0.99964174 0.00000000
vn 0.02885279 -0.99958367 0.00000000
vn 0.02885279 -0.99958367 0.00000000
vn 0.02676543 -0.99964174 0.00000000
vn 0.00000000 0.00000000 -1.00000000
vn 0.00000000 0.00000000 -1.00000000
vn 0.00000000 0.00000000 -1.00000000
vn 0.00000000 0.00000000 -1.00000000
vn 0.00000000 0.00000000 1.00000000
vn 0.00000000 0.00000000 1.00000000
vn 0.00000000 0.00000000 1.00000000
vn 0.00000000 0.00000000 1.00000000
vn -0.99974194 -0.02271677 0.00000000
vn -0.99974194 -0.02271677 0.00000000
vn -0.99974194 -0.02271677 0.00000000
vn -0.99974194 -0.02271677 0.00000000
vn 0.99958267 0.02888757 0.00000000
vn 0.99958267 0.02888757 0.00000000
vn 0.99958267 0.02888757 0.00000000
vn 0.99958267 0.02888757 0.00000000
vn 0.02271677 -0.99974194 0.00000000
vn 0.02888757 -0.99958267 0.00000000
vn 0.02888757 -0.99958267 0.00000000
vn 0.02271677 -0.99974194 0.00000000
vn -0.02271677 0.99974194 0.00000000
vn -0.02271677 0.99974194 0.00000000
vn -0.02888757 0.99958267 0.00000000
vn -0.02888757 0.99958267 0.00000000
vn 0.00000000 0.00000000 -1.00000000
vn 0.00000000 0.00000000 -1.00000000
vn 0.00000000 0.00000000 -1.00000000
vn 0.00000000 0.00000000 -1.00000000
vn 0.00000000 0.00000000 1.00000000
vn 0.00000000 0.00000000 1.00000000
vn 0.00000000 0.00000000 1.00000000
vn 0.00000000 0.00000000 1.00000000
vn -0.99974509 -0.02257760 0.00000000
vn -0.99974509 -0.02257760 0.00000000
vn -0.99974509 -0.02257760 0.00000000
vn -0.99974509 -0.02257760 0.00000000
vn 0.99974247 0.02269358 0.00000000
vn 0.99974247 0.02269358 0.00000000
vn 0.99974247 0.02269358 0.00000000
vn 0.99974247 0.02269358 0.00000000
vn 0.00000000 0.00000000 -1.00000000
vn 0.00000000 0.00000000 -1.00000000
vn 0.00000000 0.00000000 -1.00000000
vn 0.00000000 0.00000000 -1.00000000
vn 0.00000000 0.00000000 1.00000000
vn 0.00000000 0.00000000 1.00000000
vn 0.00000000 0.00000000 1.00000000
vn 0.00000000 0.00000000 1.00000000
vn -0.99958367 0.02885279 0.00000000
vn -0.99958367 0.02885279 0.00000000
vn -0.99958367 0.02885279 0.00000000
vn -0.99958367 0.02885279 0.00000000
vn -0.02885279 -0.99958367 0.00000000
vn -0.02061053 -0.99978758 0.00000000
vn -0.02061053 -0.99978758 0.00000000
vn -0.02885279 -0.99958367 0.00000000
vn 0.02885279 0.99958367 0.00000000
vn 0.02885279 0.99958367 0.00000000
vn 0.02061053 0.99978758 0.00000000
vn 0.02061053 0.99978758 0.00000000
vn 0.00000000 0.00000000 -1.00000000
vn 0.00000000 0.00000000 -1.00000000
vn 0.00000000 0.00000000 -1.00000000
vn 0.00000000 0.00000000 -1.00000000
vn 0.00000000 0.00000000 1.00000000
vn 0.00000000 0.00000000 1.00000000
vn 0.00000000 0.00000000 1.00000000
vn 0.00000000 0.00000000 1.00000000
vn -0.02061053 -0.99978758 0.00000000
vn -0.01236688 -0.99992353 0.00000000
vn -0.01236688 -0.99992353 0.00000000
vn -0.02061053 -0.99978758 0.00000000
vn 0.02061053 0.99978758 0.00000000
vn 0.02061053 0.99978758 0.00000000
vn 0.01236688 0.99992353 0.00000000
vn 0.01236688 0.99992353 0.00000000
vn 0.00000000 0.00000000 -1.00000000
vn 0.00000000 0.00000000 -1.00000000
vn 0.00000000 0.00000000 -1.00000000
vn 0.00000000 0.00000000 -1.00000000
vn 0.00000000 0.00000000 1.00000000
vn 0.00000000 0.00000000 1.00000000
vn 0.00000000 0.00000000 1.00000000
vn 0.00000000 0.00000000 1.00000000
vn -0.01236688 -0.99992353 0.00000000
vn -0.00412239 -0.99999150 0.00000000
vn -0.00412239 -0.99999150 0.00000000
vn -0.01236688 -0.99992353 0.00000000
vn 0.01236688 0.99992353 0.00000000
vn 0.01236688 0.99992353 0.00000000
vn 0.00412239 0.99999150 0.00000000
vn 0.00412239 0.99999150 0.00000000
vn 0.00000000 0.00000000 -1.00000000
vn 0.00000000 0.00000000 -1.00000000
vn 0.00000000 0.00000000 -1.00000000
vn 0.00000000 0.00000000 -1.00000000
vn 0.00000000 0.00000000 1.00000000
vn 0.00000000 0.00000000 1.00000000
vn 0.00000000 0.00000000 1.00000000
vn 0.00000000 0.00000000 1.00000000
vn -0.00412239 -0.99999150 0.00000000
vn 0.00412239 -0.99999150 0.00000000
vn 0.00412239 -0.99999150 0.00000000
vn -0.00412239 -0.99999150 0.00000000
vn 0.00412239 0.99999150 0.00000000
vn 0.00412239 0.99999150 0.00000000
vn -0.00412239 0.99999150 0.00000000
vn -0.00412239 0.99999150 0.00000000
vn 0.00000000 0.00000000 -1.00000000
vn 0.00000000 0.00000000 -1.00000000
vn 0.00000000 0.00000000 -1.00000000
vn 0.00000000 0.00000000 -1.00000000
vn 0.00000000 0.00000000 1.00000000
vn 0.00000000 0.00000000 1.00000000
vn 0.00000000 0.00000000 1.00000000
vn 0.00000000 0.00000000 1.00000000
vn 0.00412239 -0.99999150 0.00000000
vn 0.01236688 -0.99992353 0.00000000
vn 0.01236688 -0.99992353 0.00000000
vn 0.00412239 -0.99999150 0.00000000
vn -0.00412239 0.99999150 0.00000000
vn -0.00412239 0.99999150 0.00000000
vn -0.01236688 0.99992353 0.00000000
vn -0.01236688 0.99992353 0.00000000
vn 0.00000000 0.00000000 -1.00000000
vn 0.00000000 0.00000000 -1.00000000
vn 0.00000000 0.00000000 -1.00000000
vn 0.00000000 0.00000000 -1.00000000
vn 0.00000000 0.00000000 1.00000000
vn 0.00000000 0.00000000 1.00000000
vn 0.00000000 0.00000000 1.00000000
vn 0.00000000 0.00000000 1.00000000
vn 0.01236688 -0.99992353 0.00000000
vn 0.02061053 -0.99978758 0.00000000
vn 0.02061053 -0.99978758 0.00000000
vn 0.01236688 -0.99992353 0.00000000
vn -0.01236688 0.99992353 0.00000000
vn -0.01236688 0.99992353 0.00000000
vn -0.02061053 0.99978758 0.00000000
vn -0.02061053 0.99978758 0.00000000
vn 0.00000000 0.00000000 -1.00000000
vn 0.00000000 0.00000000 -1.00000000
vn 0.00000000 0.00000000 -1.00000000
vn 0.00000000 0.00000000 -1.00000000
vn 0.00000000 0.00000000 1.00000000
vn 0.00000000 0.00000000 1.00000000
vn 0.00000000 0.00000000 1.00000000
vn 0.00000000 0.00000000 1.00000000
vn 0.99958367 0.02885279 0.00000000
vn 0.99958367 0.02885279 0.00000000
vn 0.99958367 0.02885279 0.00000000
vn 0.99958367 0.02885279 0.00000000
vn 0.02061053 -0.99978758 0.00000000
vn 0.02885279 -0.99958367 0.00000000
vn 0.02885279 -0.99958367 0.00000000
vn 0.02061053 -0.99978758 0.00000000
vn -0.02061053 0.99978758 0.00000000
vn -0.02061053 0.99978758 0.00000000
vn -0.02885279 0.99958367 0.00000000
vn -0.02885279 0.99958367 0.00000000
vn 0.00000000 0.00000000 -1.00000000
vn 0.00000000 0.00000000 -1.00000000
vn 0.00000000 0.00000000 -1.00000000
vn 0.00000000 0.00000000 -1.00000000
vn 0.00000000 0.00000000 1.00000000
vn 0.00000000 0.00000000 1.00000000
vn 0.00000000 0.00000000 1.00000000
vn 0.00000000 0.00000000 1.00000000
vn -0.99958451 0.02882380 0.00000000
vn -0.99958451 0.02882380 0.00000000
vn -0.99958451 0.02882380 0.00000000
vn -0.99958451 0.02882380 0.00000000
vn 0.99958618 -0.02876582 0.00000000
vn 0.99958618 -0.02876582 0.00000000
vn 0.99958618 -0.02876582 0.00000000
vn 0.99958618 -0.02876582 0.00000000
vn 0.02882380 0.99958451 0.00000000
vn 0.02882380 0.99958451 0.00000000
vn 0.02876582 0.99958618 0.00000000
vn 0.02876582 0.99958618 0.00000000
vn 0.00000000 0.00000000 -1.00000000
vn 0.00000000 0.00000000 -1.00000000
vn 0.00000000 0.00000000 -1.00000000
vn 0.00000000 0.00000000 -1.00000000
vn 0.00000000 0.00000000 1.00000000
vn 0.00000000 0.00000000 1.00000000
vn 0.00000000 0.00000000 1.00000000
vn 0.00000000 0.00000000 1.00000000
vn -0.99974850 0.02242618 0.00000000
vn -0.99974850 0.02242618 0.00000000
vn -0.99974850 0.02242618 0.00000000
vn -0.99974850 0.02242618 0.00000000
vn 0.99974980 -0.02236819 0.00000000
vn 0.99974980 -0.02236819 0.00000000
vn 0.99974980 -0.02236819 0.00000000
vn 0.99974980 -0.02236819 0.00000000
vn 0.02242618 0.99974850 0.00000000
vn 0.02242618 0.99974850 0.00000000
vn 0.02236819 0.99974980 0.00000000
vn 0.02236819 0.99974980 0.00000000
vn 0.00000000 0.00000000 -1.00000000
vn 0.00000000 0.00000000 -1.00000000
vn 0.00000000 0.00000000 -1.00000000
vn 0.00000000 0.00000000 -1.00000000
vn 0.00000000 0.00000000 1.00000000
vn 0.00000000 0.00000000 1.00000000
vn 0.00000000 0.00000000 1.00000000
vn 0.00000000 0.00000000 1.00000000
vn -0.99987155 0.01602764 0.00000000
vn -0.99987155 0.01602764 0.00000000
vn -0.99987155 0.01602764 0.00000000
vn -0.99987155 0.01602764 0.00000000
vn 0.99987248 -0.01596964 0.00000000
vn 0.99987248 -0.01596964 0.00000000
vn 0.99987248 -0.01596964 0.00000000
vn 0.99987248 -0.01596964 0.00000000
vn 0.01602764 0.99987155 0.00000000
vn 0.01602764 0.99987155 0.00000000
vn 0.01596964 0.99987248 0.00000000
vn 0.01596964 0.99987248 0.00000000
vn 0.00000000 0.00000000 -1.00000000
vn 0.00000000 0.00000000 -1.00000000
vn 0.00000000 0.00000000 -1.00000000
vn 0.00000000 0.00000000 -1.00000000
vn 0.00000000 0.00000000 1.00000000
vn 0.00000000 0.00000000 1.00000000
vn 0.00000000 0.00000000 1.00000000
vn 0.00000000 0.00000000 1.00000000
vn -0.99995365 0.00962845 0.00000000
vn -0.99995365 0.00962845 0.00000000
vn -0.99995365 0.00962845 0.00000000
vn -0.99995365 0.00962845 0.00000000
vn 0.99995420 -0.00957045 0.00000000
vn 0.99995420 -0.00957045 0.00000000
vn 0.99995420 -0.00957045 0.00000000
vn 0.99995420 -0.00957045 0.00000000
vn 0.00962845 0.99995365 0.00000000
vn 0.00962845 0.99995365 0.00000000
vn 0.00957045 0.99995420 0.00000000
vn 0.00957045 0.99995420 0.00000000
vn 0.00000000 0.00000000 -1.00000000
vn 0.00000000 0.00000000 -1.00000000
vn 0.00000000 0.00000000 -1.00000000
vn 0.00000000 0.00000000 -1.00000000
vn 0.00000000 0.00000000 1.00000000
vn 0.00000000 0.00000000 1.00000000
vn 0.00000000 0.00000000 1.00000000
vn 0.00000000 0.00000000 1.00000000
vn -0.99999479 0.00322886 0.00000000
vn -0.99999479 0.00322886 0.00000000
vn -0.99999479 0.00322886 0.00000000
vn -0.99999479 0.00322886 0.00000000
vn 0.99999497 -0.00317086 0.00000000
vn 0.99999497 -0.00317086 0.00000000
vn 0.99999497 -0.00317086 0.00000000
vn 0.99999497 -0.00317086 0.00000000
vn 0.00322886 0.99999479 0.00000000
vn 0.00322886 0.99999479 0.00000000
vn 0.00317086 0.99999497 0.00000000
vn 0.00317086 0.99999497 0.00000000
vn 0.00000000 0.00000000 -1.00000000
vn 0.00000000 0.00000000 -1.00000000
vn 0.00000000 0.00000000 -1.00000000
vn 0.00000000 0.00000000 -1.00000000
vn 0.00000000 0.00000000 1.00000000
vn 0.00000000 0.00000000 1.00000000
vn 0.00000000 0.00000000 1.00000000
vn 0.00000000 0.00000000 1.00000000
vn -0.99999497 -0.00317086 0.00000000
vn -0.99999497 -0.00317086 0.00000000
vn -0.99999497 -0.00317086 0.00000000
vn -0.99999497 -0.00317086 0.00000000
vn 0.99999479 0.00322886 0.00000000
vn 0.99999479 0.00322886 0.00000000
vn 0.99999479 0.00322886 0.00000000
vn 0.99999479 0.00322886 0.00000000
vn -0.00317086 0.99999497 0.00000000
vn -0.00317086 0.99999497 0.00000000
vn -0.00322886 0.99999479 0.00000000
vn -0.00322886 0.99999479 0.00000000
vn 0.00000000 0.00000000 -1.00000000
vn 0.00000000 0.00000000 -1.00000000
vn 0.00000000 0.00000000 -1.00000000
vn 0.00000000 0.00000000 -1.00000000
vn 0.00000000 0.00000000 1.00000000
vn 0.00000000 0.00000000 1.00000000
vn 0.00000000 0.00000000 1.00000000
vn 0.00000000 0.00000000 1.00000000
vn -0.99995420 -0.00957045 0.00000000
vn -0.99995420 -0.00957045 0.00000000
vn -0.99995420 -0.00957045 0.00000000
vn -0.99995420 -0.00957045 0.00000000
vn 0.99995365 0.00962845 0.00000000
vn 0.99995365 0.00962845 0.00000000
vn 0.99995365 0.00962845 0.00000000
vn 0.99995365 0.00962845 0.00000000
vn -0.00957045 0.99995420 0.00000000
vn -0.00957045 0.99995420 0.00000000
vn -0.00962845 0.99995365 0.00000000
vn -0.00962845 0.99995365 0.00000000
vn 0.00000000 0.00000000 -1.00000000
vn 0.00000000 0.00000000 -1.00000000
vn 0.00000000 0.00000000 -1.00000000
vn 0.00000000 0.00000000 -1.00000000
vn 0.00000000 0.00000000 1.00000000
vn 0.00000000 0.00000000 1.00000000
vn 0.00000000 0.00000000 1.00000000
vn 0.00000000 0.00000000 1.00000000
vn -0.99987248 -0.01596964 0.00000000
vn -0.99987248 -0.01596964 0.00000000
vn -0.99987248 -0.01596964 0.00000000
vn -0.99987248 -0.01596964 0.00000000
vn 0.99987155 0.01602764 0.00000000
vn 0.99987155 0.01602764 0.00000000
vn 0.99987155 0.01602764 0.00000000
vn 0.99987155 0.01602764 0.00000000
vn -0.01596964 0.99987248 0.00000000
vn -0.01596964 0.99987248 0.00000000
vn -0.01602764 0.99987155 0.00000000
vn -0.01602764 0.99987155 0.00000000
vn 0.00000000 0.00000000 -1.00000000
vn 0.00000000 0.00000000 -1.00000000
vn 0.00000000 0.00000000 -1.00000000
vn 0.00000000 0.00000000 -1.00000000
vn 0.00000000 0.00000000 1.00000000
vn 0.00000000 0.00000000 1.00000000
vn 0.00000000 0.00000000 1.00000000
vn 0.00000000 0.00000000 1.00000000
vn -0.99974980 -0.02236819 0.00000000
vn -0.99974980 -0.02236819 0.00000000
vn -0.99974980 -0.02236819 0.00000000
vn -0.99974980 -0.02236819 0.00000000
vn 0.99974850 0.02242618 0.00000000
vn 0.99974850 0.02242618 0.00000000
vn 0.99974850 0.02242618 0.00000000
vn 0.99974850 0.02242618 0.00000000
vn -0.02236819 0.99974980 0.00000000
vn -0.02236819 0.99974980 0.00000000
vn -0.02242618 0.99974850 0.00000000
vn -0.02242618 0.99974850 0.00000000
vn 0.00000000 0.00000000 -1.00000000
vn 0.00000000 0.00000000 -1.00000000
vn 0.00000000 0.00000000 -1.00000000
vn 0.00000000 0.00000000 -1.00000000
vn 0.00000000 0.00000000 1.00000000
vn 0.00000000 0.00000000 1.00000000
vn 0.00000000 0.00000000 1.00000000
vn 0.00000000 0.00000000 1.00000000
vn -0.99958618 -0.02876582 0.00000000
vn -0.99958618 -0.02876582 0.00000000
vn -0.99958618 -0.02876582 0.00000000
vn -0.99958618 -0.02876582 0.00000000
vn 0.99958451 0.02882380 0.00000000
vn 0.99958451 0.02882380 0.00000000
vn 0.99958451 0.02882380 0.00000000
vn 0.99958451 0.02882380 0.00000000
vn -0.02876582 0.99958618 0.00000000
vn -0.02876582 0.99958618 0.00000000
vn -0.02882380 0.99958451 0.00000000
vn -0.02882380 0.99958451 0.00000000
vn 0.00000000 0.00000000 -1.00000000
vn 0.00000000 0.00000000 -1.00000000
vn 0.00000000 0.00000000 -1.00000000
vn 0.00000000 0.00000000 -1.00000000
vn 0.00000000 0.00000000 1.00000000
vn 0.00000000 0.00000000 1.00000000
vn 0.00000000 0.00000000 1.00000000
vn 0.00000000 0.00000000 1.00000000
vn -0.99957864 0.02902673 0.00000000
vn -0.99957864 0.02902673 0.00000000
vn -0.99957864 0.02902673 0.00000000
vn -0.99957864 0.02902673 0.00000000
vn -0.02902673 -0.99957864 0.00000000
vn -0.02455143 -0.99969857 0.00000000
vn -0.02455143 -0.99969857 0.00000000
vn -0.02902673 -0.99957864 0.00000000
vn 0.02902673 0.99957864 0.00000000
vn 0.02902673 0.99957864 0.00000000
vn 0.02455143 0.99969857 0.00000000
vn 0.02455143 0.99969857 0.00000000
vn 0.00000000 0.00000000 -1.00000000
vn 0.00000000 0.00000000 -1.00000000
vn 0.00000000 0.00000000 -1.00000000
vn 0.00000000 0.00000000 -1.00000000
vn 0.00000000 0.00000000 1.00000000
vn 0.00000000 0.00000000 1.00000000
vn 0.00000000 0.00000000 1.00000000
vn 0.00000000 0.00000000 1.00000000
vn -0.02455143 -0.99969857 0.00000000
vn -0.02007565 -0.99979846 0.00000000
vn -0.02007565 -0.99979846 0.00000000
vn -0.02455143 -0.99969857 0.00000000
vn 0.02455143 0.99969857 0.00000000
vn 0.02455143 0.99969857 0.00000000
vn 0.02007565 0.99979846 0.00000000
vn 0.02007565 0.99979846 0.00000000
vn 0.00000000 0.00000000 -1.00000000
vn 0.00000000 0.00000000 -1.00000000
vn 0.00000000 0.00000000 -1.00000000
vn 0.00000000 0.00000000 -1.00000000
vn 0.00000000 0.00000000 1.00000000
vn 0.00000000 0.00000000 1.00000000
vn 0.00000000 0.00000000 1.00000000
vn 0.00000000 0.00000000 1.00000000
vn -0.02007565 -0.99979846 0.00000000
vn -0.01559946 -0.99987832 0.00000000
vn -0.01559946 -0.99987832 0.00000000
vn -0.02007565 -0.99979846 0.00000000
vn 0.02007565 0.99979846 0.00000000
vn 0.02007565 0.99979846 0.00000000
vn 0.01559946 0.99987832 0.00000000
vn 0.01559946 0.99987832 0.00000000
vn 0.00000000 0.00000000 -1.00000000
vn 0.00000000 0.00000000 -1.00000000
vn 0.00000000 0.00000000 -1.00000000
vn 0.00000000 0.00000000 -1.00000000
vn 0.00000000 0.00000000 1.00000000
vn 0.00000000 0.00000000 1.00000000
vn 0.00000000 0.00000000 1.00000000
vn 0.00000000 0.00000000 1.00000000
vn -0.01559946 -0.99987832 0.00000000
vn -0.01112295 -0.99993814 0.00000000
vn -0.01112295 -0.99993814 0.00000000
vn -0.01559946 -0.99987832 0.00000000
vn 0.01559946 0.99987832 0.00000000
vn 0.01559946 0.99987832 0.00000000
vn 0.01112295 0.99993814 0.00000000
vn 0.01112295 0.99993814 0.00000000
vn 0.00000000 0.00000000 -1.00000000
vn 0.00000000 0.00000000 -1.00000000
vn 0.00000000 0.00000000 -1.00000000
vn 0.00000000 0.00000000 -1.00000000
vn 0.00000000 0.00000000 1.00000000
vn 0.00000000 0.00000000 1.00000000
vn 0.00000000 0.00000000 1.00000000
vn 0.00000000 0.00000000 1.00000000
vn -0.01112295 -0.99993814 0.00000000
vn -0.00664623 -0.99997791 0.00000000
vn -0.00664623 -0.99997791 0.00000000
vn -0.01112295 -0.99993814 0.00000000
vn 0.01112295 0.99993814 0.00000000
vn 0.01112295 0.99993814 0.00000000
vn 0.00664623 0.99997791 0.00000000
vn 0.00664623 0.99997791 0.00000000
vn 0.00000000 0.00000000 -1.00000000
vn 0.00000000 0.00000000 -1.00000000
vn 0.00000000 0.00000000 -1.00000000
vn 0.00000000 0.00000000 -1.00000000
vn 0.00000000 0.00000000 1.00000000
vn 0.00000000 0.00000000 1.00000000
vn 0.00000000 0.00000000 1.00000000
vn 0.00000000 0.00000000 1.00000000
vn 0.99999765 -0.00216937 0.00000000
vn 0.99999765 -0.00216937 0.00000000
vn 0.99999765 -0.00216937 0.00000000
vn 0.99999765 -0.00216937 0.00000000
vn -0.00664623 -0.99997791 0.00000000
vn -0.00216937 -0.99999765 0.00000000
vn -0.00216937 -0.99999765 0.00000000
vn -0.00664623 -0.99997791 0.00000000
vn 0.00664623 0.99997791 0.00000000
vn 0.00664623 0.99997791 0.00000000
vn 0.00216937 0.99999765 0.00000000
vn 0.00216937 0.99999765 0.00000000
vn 0.00000000 0.00000000 -1.00000000
vn 0.00000000 0.00000000 -1.00000000
vn 0.00000000 0.00000000 -1.00000000
vn 0.00000000 0.00000000 -1.00000000
vn 0.00000000 0.00000000 1.00000000
vn 0.00000000 0.00000000 1.00000000
vn 0.00000000 0.00000000 1.00000000
vn 0.00000000 0.00000000 1.00000000
vn -0.99999765 -0.00216937 0.00000000
vn -0.99999765 -0.00216937 0.00000000
vn -0.99999765 -0.00216937 0.00000000
vn -0.99999765 -0.00216937 0.00000000
vn 0.00216937 -0.99999765 0.00000000
vn 0.00664623 -0.99997791 0.00000000
vn 0.00664623 -0.99997791 0.00000000
vn 0.00216937 -0.99999765 0.00000000
vn -0.00216937 0.99999765 0.00000000
vn -0.00216937 0.99999765 0.00000000
vn -0.00664623 0.99997791 0.00000000
vn -0.00664623 0.99997791 0.00000000
vn 0.00000000 0.00000000 -1.00000000
vn 0.00000000 0.00000000 -1.00000000
vn 0.00000000 0.00000000 -1.00000000
vn 0.00000000 0.00000000 -1.00000000
vn 0.00000000 0.00000000 1.00000000
vn 0.00000000 0.00000000 1.00000000
vn 0.00000000 0.00000000 1.00000000
vn 0.00000000 0.00000000 1.00000000
vn 0.00664623 -0.99997791 0.00000000
vn 0.01112295 -0.99993814 0.00000000
vn 0.01112295 -0.99993814 0.00000000
vn 0.00664623 -0.99997791 0.00000000
vn -0.00664623 0.99997791 0.00000000
vn -0.00664623 0.99997791 0.00000000
vn -0.01112295 0.99993814 0.00000000
vn -0.01112295 0.99993814 0.00000000
vn 0.00000000 0.00000000 -1.00000000
vn 0.00000000 0.00000000 -1.00000000
vn 0.00000000 0.00000000 -1.00000000
vn 0.00000000 0.00000000 -1.00000000
vn 0.00000000 0.00000000 1.00000000
vn 0.00000000 0.00000000 1.00000000
vn 0.00000000 0.00000000 1.00000000
vn 0.00000000 0.00000000 1.00000000
vn 0.01112295 -0.99993814 0.00000000
vn 0.01559946 -0.99987832 0.00000000
vn 0.01559946 -0.99987832 0.00000000
vn 0.01112295 -0.99993814 0.00000000
vn -0.01112295 0.99993814 0.00000000
vn -0.01112295 0.99993814 0.00000000
vn -0.01559946 0.99987832 0.00000000
vn -0.01559946 0.99987832 0.00000000
vn 0.00000000 0.00000000 -1.00000000
vn 0.00000000 0.00000000 -1.00000000
vn 0.00000000 0.00000000 -1.00000000
vn 0.00000000 0.00000000 -1.00000000
vn 0.00000000 0.00000000 1.00000000
vn 0.00000000 0.00000000 1.00000000
vn 0.00000000 0.00000000 1.00000000
vn 0.00000000 0.00000000 1.00000000
vn 0.01559946 -0.99987832 0.00000000
vn 0.02007565 -0.99979846 0.00000000
vn 0.02007565 -0.99979846 0.00000000
vn 0.01559946 -0.99987832 0.00000000
vn -0.01559946 0.99987832 0.00000000
vn -0.01559946 0.99987832 0.00000000
vn -0.02007565 0.99979846 0.00000000
vn -0.02007565 0.99979846 0.00000000
vn 0.00000000 0.00000000 -1.00000000
vn 0.00000000 0.00000000 -1.00000000
vn 0.00000000 0.00000000 -1.00000000
vn 0.00000000 0.00000000 -1.00000000
vn 0.00000000 0.00000000 1.00000000
vn 0.00000000 0.00000000 1.00000000
vn 0.00000000 0.00000000 1.00000000
vn 0.00000000 0.00000000 1.00000000
vn 0.02007565 -0.99979846 0.00000000
vn 0.02455143 -0.99969857 0.00000000
vn 0.02455143 -0.99969857 0.00000000
vn 0.02007565 -0.99979846 0.00000000
vn -0.02007565 0.99979846 0.00000000
vn -0.02007565 0.99979846 0.00000000
vn -0.02455143 0.99969857 0.00000000
vn -0.02455143 0.99969857 0.00000000
vn 0.00000000 0.00000000 -1.00000000
vn 0.00000000 0.00000000 -1.00000000
vn 0.00000000 0.00000000 -1.00000000
vn 0.00000000 0.00000000 -1.00000000
vn 0.00000000 0.00000000 1.00000000
vn 0.00000000 0.00000000 1.00000000
vn 0.00000000 0.00000000 1.00000000
vn 0.00000000 0.00000000 1.00000000
vn 0.99957864 0.02902673 0.00000000
vn 0.99957864 0.02902673 0.00000000
vn 0.99957864 0.02902673 0.00000000
vn 0.99957864 0.02902673 0.00000000
vn 0.02455143 -0.99969857 0.00000000
vn 0.02902673 -0.99957864 0.00000000
vn 0.02902673 -0.99957864 0.00000000
vn 0.02455143 -0.99969857 0.00000000
vn -0.02455143 0.99969857 0.00000000
vn -0.02455143 0.99969857 0.00000000
vn -0.02902673 0.99957864 0.00000000
vn -0.02902673 0.99957864 0.00000000
vn 0.00000000 0.00000000 -1.00000000
vn 0.00000000 0.00000000 -1.00000000
vn 0.00000000 0.00000000 -1.00000000
vn 0.00000000 0.00000000 -1.00000000
vn 0.00000000 0.00000000 1.00000000
vn 0.00000000 0.00000000 1.00000000
vn 0.00000000 0.00000000 1.00000000
vn 0.00000000 0.00000000 1.00000000
vn -0.99999765 0.00216937 0.00000000
vn -0.99999765 0.00216937 0.00000000
vn -0.99999765 0.00216937 0.00000000
vn -0.99999765 0.00216937 0.00000000
vn 0.99999765 0.00216937 0.00000000
vn 0.99999765 0.00216937 0.00000000
vn 0.99999765 0.00216937 0.00000000
vn 0.99999765 0.00216937 0.00000000
vn -0.00216937 -0.99999765 0.00000000
vn 0.00216937 -0.99999765 0.00000000
vn 0.00216937 -0.99999765 0.00000000
vn -0.00216937 -0.99999765 0.00000000
vn 0.00216937 0.99999765 0.00000000
vn 0.00216937 0.99999765 0.00000000
vn -0.00216937 0.99999765 0.00000000
vn -0.00216937 0.99999765 0.00000000
vn 0.00000000 0.00000000 -1.00000000
vn 0.00000000 0.00000000 -1.00000000
vn 0.00000000 0.00000000 -1.00000000
vn 0.00000000 0.00000000 -1.00000000
vn 0.00000000 0.00000000 1.00000000
vn 0.00000000 0.00000000 1.00000000
vn 0.00000000 0.00000000 1.00000000
vn 0.00000000 0.00000000 1.00000000
vn -0.99999765 0.00216937 0.00000000
vn -0.99999765 0.00216937 0.00000000
vn -0.99999765 0.00216937 0.00000000
vn -0.99999765 0.00216937 0.00000000
vn 0.99999765 0.00216937 0.00000000
vn 0.99999765 0.00216937 0.00000000
vn 0.99999765 0.00216937 0.00000000
vn 0.99999765 0.00216937 0.00000000
vn -0.00216937 -0.99999765 0.00000000
vn 0.00216937 -0.99999765 0.00000000
vn 0.00216937 -0.99999765 0.00000000
vn -0.00216937 -0.99999765 0.00000000
vn 0.00216937 0.99999765 0.00000000
vn 0.00216937 0.99999765 0.00000000
vn -0.00216937 0.99999765 0.00000000
vn -0.00216937 0.99999765 0.00000000
vn 0.00000000 0.00000000 -1.00000000
vn 0.00000000 0.00000000 -1.00000000
vn 0.00000000 0.00000000 -1.00000000
vn 0.00000000 0.00000000 -1.00000000
vn 0.00000000 0.00000000 1.00000000
vn 0.00000000 0.00000000 1.00000000
vn 0.00000000 0.00000000 1.00000000
vn 0.00000000 0.00000000 1.00000000
vn -0.99999765 0.00216937 0.00000000
vn -0.99999765 0.00216937 0.00000000
vn -0.99999765 0.00216937 0.00000000
vn -0.99999765 0.00216937 0.00000000
vn 0.99999842 -0.00177494 0.00000000
vn 0.99999842 -0.00177494 0.00000000
vn 0.99999842 -0.00177494 0.00000000
vn 0.99999842 -0.00177494 0.00000000
vn -0.00216937 -0.99999765 0.00000000
vn -0.00177494 -0.99999842 0.00000000
vn -0.00177494 -0.99999842 0.00000000
vn -0.00216937 -0.99999765 0.00000000
vn 0.00216937 0.99999765 0.00000000
vn 0.00216937 0.99999765 0.00000000
vn 0.00177494 0.99999842 0.00000000
vn 0.00177494 0.99999842 0.00000000
vn 0.00000000 0.00000000 -1.00000000
vn 0.00000000 0.00000000 -1.00000000
vn 0.00000000 0.00000000 -1.00000000
vn 0.00000000 0.00000000 -1.00000000
vn 0.00000000 0.00000000 1.00000000
vn 0.00000000 0.00000000 1.00000000
vn 0.00000000 0.00000000 1.00000000
vn 0.00000000 0.00000000 1.00000000
vn -0.99999765 0.00216937 0.00000000
vn -0.99999765 0.00216937 0.00000000
vn -0.99999765 0.00216937 0.00000000
vn -0.99999765 0.00216937 0.00000000
vn 0.99999777 -0.00211137 0.00000000
vn 0.99999777 -0.00211137 0.00000000
vn 0.99999777 -0.00211137 0.00000000
vn 0.99999777 -0.00211137 0.00000000
vn -0.00216937 -0.99999765 0.00000000
vn -0.00211137 -0.99999777 0.00000000
vn -0.00211137 -0.99999777 0.00000000
vn -0.00216937 -0.99999765 0.00000000
vn 0.00216937 0.99999765 0.00000000
vn 0.00216937 0.99999765 0.00000000
vn 0.00211137 0.99999777 0.00000000
vn 0.00211137 0.99999777 0.00000000
vn 0.00000000 0.00000000 -1.00000000
vn 0.00000000 0.00000000 -1.00000000
vn 0.00000000 0.00000000 -1.00000000
vn 0.00000000 0.00000000 -1.00000000
vn 0.00000000 0.00000000 1.00000000
vn 0.00000000 0.00000000 1.00000000
vn 0.00000000 0.00000000 1.00000000
vn 0.00000000 0.00000000 1.00000000
vn -0.99999842 0.00177494 0.00000000
vn -0.99999842 0.00177494 0.00000000
vn -0.99999842 0.00177494 0.00000000
vn -0.99999842 0.00177494 0.00000000
vn 0.99999905 -0.00138051 0.00000000
vn 0.99999905 -0.00138051 0.00000000
vn 0.99999905 -0.00138051 0.00000000
vn 0.99999905 -0.00138051 0.00000000
vn -0.00177494 -0.99999842 0.00000000
vn -0.00138051 -0.99999905 0.00000000
vn -0.00138051 -0.99999905 0.00000000
vn -0.00177494 -0.99999842 0.00000000
vn 0.00177494 0.99999842 0.00000000
vn 0.00177494 0.99999842 0.00000000
vn 0.00138051 0.99999905 0.00000000
vn 0.00138051 0.99999905 0.00000000
vn 0.00000000 0.00000000 -1.00000000
vn 0.00000000 0.00000000 -1.00000000
vn 0.00000000 0.00000000 -1.00000000
vn 0.00000000 0.00000000 -1.00000000
vn 0.00000000 0.00000000 1.00000000
vn 0.00000000 0.00000000 1.00000000
vn 0.00000000 0.00000000 1.00000000
vn 0.00000000 0.00000000 1.00000000
vn -0.99999842 0.00177494 0.00000000
vn -0.99999842 0.00177494 0.00000000
vn -0.99999842 0.00177494 0.00000000
vn -0.99999842 0.00177494 0.00000000
vn 0.99999853 -0.00171694 0.00000000
vn 0.99999853 -0.00171694 0.00000000
vn 0.99999853 -0.00171694 0.00000000
vn 0.99999853 -0.00171694 0.00000000
vn -0.00177494 -0.99999842 0.00000000
vn -0.00171694 -0.99999853 0.00000000
vn -0.00171694 -0.99999853 0.00000000
vn -0.00177494 -0.99999842 0.00000000
vn 0.00177494 0.99999842 0.00000000
vn 0.00177494 0.99999842 0.00000000
vn 0.00171694 0.99999853 0.00000000
vn 0.00171694 0.99999853 0.00000000
vn 0.00000000 0.00000000 -1.00000000
vn 0.00000000 0.00000000 -1.00000000
vn 0.00000000 0.00000000 -1.00000000
vn 0.00000000 0.00000000 -1.00000000
vn 0.00000000 0.00000000 1.00000000
vn 0.00000000 0.00000000 1.00000000
vn 0.00000000 0.00000000 1.00000000
vn 0.00000000 0.00000000 1.00000000
vn -0.99999905 0.00138051 0.00000000
vn -0.99999905 0.00138051 0.00000000
vn -0.99999905 0.00138051 0.00000000
vn -0.99999905 0.00138051 0.00000000
vn 0.99999951 -0.00098608 0.00000000
vn 0.99999951 -0.00098608 0.00000000
vn 0.99999951 -0.00098608 0.00000000
vn 0.99999951 -0.00098608 0.00000000
vn -0.00138051 -0.99999905 0.00000000
vn -0.00098608 -0.99999951 0.00000000
vn -0.00098608 -0.99999951 0.00000000
vn -0.00138051 -0.99999905 0.00000000
vn 0.00138051 0.99999905 0.00000000
vn 0.00138051 0.99999905 0.00000000
vn 0.00098608 0.99999951 0.00000000
vn 0.00098608 0.99999951 0.00000000
vn 0.00000000 0.00000000 -1.00000000
vn 0.00000000 0.00000000 -1.00000000
vn 0.00000000 0.00000000 -1.00000000
vn 0.00000000 0.00000000 -1.00000000
vn 0.00000000 0.00000000 1.00000000
vn 0.00000000 0.00000000 1.00000000
vn 0.00000000 0.00000000 1.00000000
vn 0.00000000 0.00000000 1.00000000
vn -0.99999905 0.00138051 0.00000000
vn -0.99999905 0.00138051 0.00000000
vn -0.99999905 0.00138051 0.00000000
vn -0.99999905 0.00138051 0.00000000
vn 0.99999913 -0.00132251 0.00000000
vn 0.99999913 -0.00132251 0.00000000
vn 0.99999913 -0.00132251 0.00000000
vn 0.99999913 -0.00132251 0.00000000
vn -0.00138051 -0.99999905 0.00000000
vn -0.00132251 -0.99999913 0.00000000
vn -0.00132251 -0.99999913 0.00000000
vn -0.00138051 -0.99999905 0.00000000
vn 0.00138051 0.99999905 0.00000000
vn 0.00138051 0.99999905 0.00000000
vn 0.00132251 0.99999913 0.00000000
vn 0.00132251 0.99999913 0.00000000
vn 0.00000000 0.00000000 -1.00000000
vn 0.00000000 0.00000000 -1.00000000
vn 0.00000000 0.00000000 -1.00000000
vn 0.00000000 0.00000000 -1.00000000
vn 0.00000000 0.00000000 1.00000000
vn 0.00000000 0.00000000 1.00000000
vn 0.00000000 0.00000000 1.00000000
vn 0.00000000 0.00000000 1.00000000
vn -0.99999951 0.00098608 0.00000000
vn -0.99999951 0.00098608 0.00000000
vn -0.99999951 0.00098608 0.00000000
vn -0.99999951 0.00098608 0.00000000
vn 0.99999982 -0.00059165 0.00000000
vn 0.99999982 -0.00059165 0.00000000
vn 0.99999982 -0.00059165 0.00000000
vn 0.99999982 -0.00059165 0.00000000
vn -0.00098608 -0.99999951 0.00000000
vn -0.00059165 -0.99999982 0.00000000
vn -0.00059165 -0.99999982 0.00000000
vn -0.00098608 -0.99999951 0.00000000
vn 0.00098608 0.99999951 0.00000000
vn 0.00098608 0.99999951 0.00000000
vn 0.00059165 0.99999982 0.00000000
vn 0.00059165 0.99999982 0.00000000
vn 0.00000000 0.00000000 -1.00000000
vn 0.00000000 0.00000000 -1.00000000
vn 0.00000000 0.00000000 -1.00000000
vn 0.00000000 0.00000000 -1.00000000
vn 0.00000000 0.00000000 1.00000000
vn 0.00000000 0.00000000 1.00000000
vn 0.00000000 0.00000000 1.00000000
vn 0.00000000 0.00000000 1.00000000
vn -0.99999951 0.00098608 0.00000000
vn -0.99999951 0.00098608 0.00000000
vn -0.99999951 0.00098608 0.00000000
vn -0.99999951 0.00098608 0.00000000
vn 0.99999957 -0.00092807 0.00000000
vn 0.99999957 -0.00092807 0.00000000
vn 0.99999957 -0.00092807 0.00000000
vn 0.99999957 -0.00092807 0.00000000
vn -0.00098608 -0.99999951 0.00000000
vn -0.00092807 -0.99999957 0.00000000
vn -0.00092807 -0.99999957 0.00000000
vn -0.00098608 -0.99999951 0.00000000
vn 0.00098608 0.99999951 0.00000000
vn 0.00098608 0.99999951 0.00000000
vn 0.00092807 0.99999957 0.00000000
vn 0.00092807 0.99999957 0.00000000
vn 0.00000000 0.00000000 -1.00000000
vn 0.00000000 0.00000000 -1.00000000
vn 0.00000000 0.00000000 -1.00000000
vn 0.00000000 0.00000000 -1.00000000
vn 0.00000000 0.00000000 1.00000000
vn 0.00000000 0.00000000 1.00000000
vn 0.00000000 0.00000000 1.00000000
vn 0.00000000 0.00000000 1.00000000
vn -0.99999982 0.00059165 0.00000000
vn -0.99999982 0.00059165 0.00000000
vn -0.99999982 0.00059165 0.00000000
vn -0.99999982 0.00059165 0.00000000
vn 0.99999998 -0.00019722 0.00000000
vn 0.99999998 -0.00019722 0.00000000
vn 0.99999998 -0.00019722 0.00000000
vn 0.99999998 -0.00019722 0.00000000
vn -0.00059165 -0.99999982 0.00000000
vn -0.00019722 -0.99999998 0.00000000
vn -0.00019722 -0.99999998 0.00000000
vn -0.00059165 -0.99999982 0.00000000
vn 0.00059165 0.99999982 0.00000000
vn 0.00059165 0.99999982 0.00000000
vn 0.00019722 0.99999998 0.00000000
vn 0.00019722 0.99999998 0.00000000
vn 0.00000000 0.00000000 -1.00000000
vn 0.00000000 0.00000000 -1.00000000
vn 0.00000000 0.00000000 -1.00000000
vn 0.00000000 0.00000000 -1.00000000
vn 0.00000000 0.00000000 1.00000000
vn 0.00000000 0.00000000 1.00000000
vn 0.00000000 0.00000000 1.00000000
vn 0.00000000 0.00000000 1.00000000
vn -0.99999982 0.00059165 0.00000000
vn -0.99999982 0.00059165 0.00000000
vn -0.99999982 0.00059165 0.00000000
vn -0.99999982 0.00059165 0.00000000
vn 0.99999986 -0.00053364 0.00000000
vn 0.99999986 -0.00053364 0.00000000
vn 0.99999986 -0.00053364 0.00000000
vn 0.99999986 -0.00053364 0.00000000
vn -0.00059165 -0.99999982 0.00000000
vn -0.00053364 -0.99999986 0.00000000
vn -0.00053364 -0.99999986 0.00000000
vn -0.00059165 -0.99999982 0.00000000
vn 0.00059165 0.99999982 0.00000000
vn 0.00059165 0.99999982 0.00000000
vn 0.00053364 0.99999986 0.00000000
vn 0.00053364 0.99999986 0.00000000
vn 0.00000000 0.00000000 -1.00000000
vn 0.00000000 0.00000000 -1.00000000
vn 0.00000000 0.00000000 -1.00000000
vn 0.00000000 0.00000000 -1.00000000
vn 0.00000000 0.00000000 1.00000000
vn 0.00000000 0.00000000 1.00000000
vn 0.00000000 0.00000000 1.00000000
vn 0.00000000 0.00000000 1.00000000
vn -0.99999998 0.00019722 0.00000000
vn -0.99999998 0.00019722 0.00000000
vn -0.99999998 0.00019722 0.00000000
vn -0.99999998 0.00019722 0.00000000
vn 0.99999998 0.00019722 0.00000000
vn 0.99999998 0.00019722 0.00000000
vn 0.99999998 0.00019722 0.00000000
vn 0.99999998 0.00019722 0.00000000
vn -0.00019722 -0.99999998 0.00000000
vn 0.00019722 -0.99999998 0.00000000
vn 0.00019722 -0.99999998 0.00000000
vn -0.00019722 -0.99999998 0.00000000
vn 0.00019722 0.99999998 0.00000000
vn 0.00019722 0.99999998 0.00000000
vn -0.00019722 0.99999998 0.00000000
vn -0.00019722 0.99999998 0.00000000
vn 0.00000000 0.00000000 -1.00000000
vn 0.00000000 0.00000000 -1.00000000
vn 0.00000000 0.00000000 -1.00000000
vn 0.00000000 0.00000000 -1.00000000
vn 0.00000000 0.00000000 1.00000000
vn 0.00000000 0.00000000 1.00000000
vn 0.00000000 0.00000000 1.00000000
vn 0.00000000 0.00000000 1.00000000
vn -0.99999998 0.00019722 0.00000000
vn -0.99999998 0.00019722 0.00000000
vn -0.99999998 0.00019722 0.00000000
vn -0.99999998 0.00019722 0.00000000
vn 0.99999999 -0.00013921 0.00000000
vn 0.99999999 -0.00013921 0.00000000
vn 0.99999999 -0.00013921 0.00000000
vn 0.99999999 -0.00013921 0.00000000
vn -0.00019722 -0.99999998 0.00000000
vn -0.00013921 -0.99999999 0.00000000
vn -0.00013921 -0.99999999 0.00000000
vn -0.00019722 -0.99999998 0.00000000
vn 0.00019722 0.99999998 0.00000000
vn 0.00019722 0.99999998 0.00000000
vn 0.00013921 0.99999999 0.00000000
vn 0.00013921 0.99999999 0.00000000
vn 0.00000000 0.00000000 -1.00000000
vn 0.00000000 0.00000000 -1.00000000
vn 0.00000000 0.00000000 -1.00000000
vn 0.00000000 0.00000000 -1.00000000
vn 0.00000000 0.00000000 1.00000000
vn 0.00000000 0.00000000 1.00000000
vn 0.00000000 0.00000000 1.00000000
vn 0.00000000 0.00000000 1.00000000
vn -0.99999998 -0.00019722 0.00000000
vn -0.99999998 -0.00019722 0.00000000
vn -0.99999998 -0.00019722 0.00000000
vn -0.99999998 -0.00019722 0.00000000
vn 0.99999982 0.00059165 0.00000000
vn 0.99999982 0.00059165 0.00000000
vn 0.99999982 0.00059165 0.00000000
vn 0.99999982 0.00059165 0.00000000
vn 0.00019722 -0.99999998 0.00000000
vn 0.00059165 -0.99999982 0.00000000
vn 0.00059165 -0.99999982 0.00000000
vn 0.00019722 -0.99999998 0.00000000
vn -0.00019722 0.99999998 0.00000000
vn -0.00019722 0.99999998 0.00000000
vn -0.00059165 0.99999982 0.00000000
vn -0.00059165 0.99999982 0.00000000
vn 0.00000000 0.00000000 -1.00000000
vn 0.00000000 0.00000000 -1.00000000
vn 0.00000000 0.00000000 -1.00000000
vn 0.00000000 0.00000000 -1.00000000
vn 0.00000000 0.00000000 1.00000000
vn 0.00000000 0.00000000 1.00000000
vn 0.00000000 0.00000000 1.00000000
vn 0.00000000 0.00000000 1.00000000
vn -0.99999998 -0.00019722 0.00000000
vn -0.99999998 -0.00019722 0.00000000
vn -0.99999998 -0.00019722 0.00000000
vn -0.99999998 -0.00019722 0.00000000
vn 0.99999997 0.00025522 0.00000000
vn 0.99999997 0.00025522 0.00000000
vn 0.99999997 0.00025522 0.00000000
vn 0.99999997 0.00025522 0.00000000
vn 0.00019722 -0.99999998 0.00000000
vn 0.00025522 -0.99999997 0.00000000
vn 0.00025522 -0.99999997 0.00000000
vn 0.00019722 -0.99999998 0.00000000
vn -0.00019722 0.99999998 0.00000000
vn -0.00019722 0.99999998 0.00000000
vn -0.00025522 0.99999997 0.00000000
vn -0.00025522 0.99999997 0.00000000
vn 0.00000000 0.00000000 -1.00000000
vn 0.00000000 0.00000000 -1.00000000
vn 0.00000000 0.00000000 -1.00000000
vn 0.00000000 0.00000000 -1.00000000
vn 0.00000000 0.00000000 1.00000000
vn 0.00000000 0.00000000 1.00000000
vn 0.00000000 0.00000000 1.00000000
vn 0.00000000 0.00000000 1.00000000
vn -0.99999982 -0.00059165 0.00000000
vn -0.99999982 -0.00059165 0.00000000
vn -0.99999982 -0.00059165 0.00000000
vn -0.99999982 -0.00059165 0.00000000
vn 0.99999951 0.00098608 0.00000000
vn 0.99999951 0.00098608 0.00000000
vn 0.99999951 0.00098608 0.00000000
vn 0.99999951 0.00098608 0.00000000
vn 0.00059165 -0.99999982 0.00000000
vn 0.00098608 -0.99999951 0.00000000
vn 0.00098608 -0.99999951 0.00000000
vn 0.00059165 -0.99999982 0.00000000
vn -0.00059165 0.99999982 0.00000000
vn -0.00059165 0.99999982 0.00000000
vn -0.00098608 0.99999951 0.00000000
vn -0.00098608 0.99999951 0.00000000
vn 0.00000000 0.00000000 -1.00000000
vn 0.00000000 0.00000000 -1.00000000
vn 0.00000000 0.00000000 -1.00000000
vn 0.00000000 0.00000000 -1.00000000
vn 0.00000000 0.00000000 1.00000000
vn 0.00000000 0.00000000 1.00000000
vn 0.00000000 0.00000000 1.00000000
vn 0.00000000 0.00000000 1.00000000
vn -0.99999982 -0.00059165 0.00000000
vn -0.99999982 -0.00059165 0.00000000
vn -0.99999982 -0.00059165 0.00000000
vn -0.99999982 -0.00059165 0.00000000
vn 0.99999979 0.00064965 0.00000000
vn 0.99999979 0.00064965 0.00000000
vn 0.99999979 0.00064965 0.00000000
vn 0.99999979 0.00064965 0.00000000
vn 0.00059165 -0.99999982 0.00000000
vn 0.00064965 -0.99999979 0.00000000
vn 0.00064965 -0.99999979 0.00000000
vn 0.00059165 -0.99999982 0.00000000
vn -0.00059165 0.99999982 0.00000000
vn -0.00059165 0.99999982 0.00000000
vn -0.00064965 0.99999979 0.00000000
vn -0.00064965 0.99999979 0.00000000
vn 0.00000000 0.00000000 -1.00000000
vn 0.00000000 0.00000000 -1.00000000
vn 0.00000000 0.00000000 -1.00000000
vn 0.00000000 0.00000000 -1.00000000
vn 0.00000000 0.00000000 1.00000000
vn 0.00000000 0.00000000 1.00000000
vn 0.00000000 0.00000000 1.00000000
vn 0.00000000 0.00000000 1.00000000
vn -0.99999951 -0.00098608 0.00000000
vn -0.99999951 -0.00098608 0.00000000
vn -0.99999951 -0.00098608 0.00000000
vn -0.99999951 -0.00098608 0.00000000
vn 0.99999905 0.00138051 0.00000000
vn 0.99999905 0.00138051 0.00000000
vn 0.99999905 0.00138051 0.00000000
vn 0.99999905 0.00138051 0.00000000
vn 0.00098608 -0.99999951 0.00000000
vn 0.00138051 -0.99999905 0.00000000
vn 0.00138051 -0.99999905 0.00000000
vn 0.00098608 -0.99999951 0.00000000
vn -0.00098608 0.99999951 0.00000000
vn -0.00098608 0.99999951 0.00000000
vn -0.00138051 0.99999905 0.00000000
vn -0.00138051 0.99999905 0.00000000
vn 0.00000000 0.00000000 -1.00000000
vn 0.00000000 0.00000000 -1.00000000
vn 0.00000000 0.00000000 -1.00000000
vn 0.00000000 0.00000000 -1.00000000
vn 0.00000000 0.00000000 1.00000000
vn 0.00000000 0.00000000 1.00000000
vn 0.00000000 0.00000000 1.00000000
vn 0.00000000 0.00000000 1.00000000
vn -0.99999951 -0.00098608 0.00000000
vn -0.99999951 -0.00098608 0.00000000
vn -0.99999951 -0.00098608 0.00000000
vn -0.99999951 -0.00098608 0.00000000
vn 0.99999945 0.00104408 0.00000000
vn 0.99999945 0.00104408 0.00000000
vn 0.99999945 0.00104408 0.00000000
vn 0.99999945 0.00104408 0.00000000
vn 0.00098608 -0.99999951 0.00000000
vn 0.00104408 -0.99999945 0.00000000
vn 0.00104408 -0.99999945 0.00000000
vn 0.00098608 -0.99999951 0.00000000
vn -0.00098608 0.99999951 0.00000000
vn -0.00098608 0.99999951 0.00000000
vn -0.00104408 0.99999945 0.00000000
vn -0.00104408 0.99999945 0.00000000
vn 0.00000000 0.00000000 -1.00000000
vn 0.00000000 0.00000000 -1.00000000
vn 0.00000000 0.00000000 -1.00000000
vn 0.00000000 0.00000000 -1.00000000
vn 0.00000000 0.00000000 1.00000000
vn 0.00000000 0.00000000 1.00000000
vn 0.00000000 0.00000000 1.00000000
vn 0.00000000 0.00000000 1.00000000
vn -0.99999905 -0.00138051 0.00000000
vn -0.99999905 -0.00138051 0.00000000
vn -0.99999905 -0.00138051 0.00000000
vn -0.99999905 -0.00138051 0.00000000
vn 0.99999842 0.00177494 0.00000000
vn 0.99999842 0.00177494 0.00000000
vn 0.99999842 0.00177494 0.00000000
vn 0.99999842 0.00177494 0.00000000
vn 0.00138051 -0.99999905 0.00000000
vn 0.00177494 -0.99999842 0.00000000
vn 0.00177494 -0.99999842 0.00000000
vn 0.00138051 -0.99999905 0.00000000
vn -0.00138051 0.99999905 0.00000000
vn -0.00138051 0.99999905 0.00000000
vn -0.00177494 0.99999842 0.00000000
vn -0.00177494 0.99999842 0.00000000
vn 0.00000000 0.00000000 -1.00000000
vn 0.00000000 0.00000000 -1.00000000
vn 0.00000000 0.00000000 -1.00000000
vn 0.00000000 0.00000000 -1.00000000
vn 0.00000000 0.00000000 1.00000000
vn 0.00000000 0.00000000 1.00000000
vn 0.00000000 0.00000000 1.00000000
vn 0.00000000 0.00000000 1.00000000
vn -0.99999905 -0.00138051 0.00000000
vn -0.99999905 -0.00138051 0.00000000
vn -0.99999905 -0.00138051 0.00000000
vn -0.99999905 -0.00138051 0.00000000
vn 0.99999897 0.00143851 0.00000000
vn 0.99999897 0.00143851 0.00000000
vn 0.99999897 0.00143851 0.00000000
vn 0.99999897 0.00143851 0.00000000
vn 0.00138051 -0.99999905 0.00000000
vn 0.00143851 -0.99999897 0.00000000
vn 0.00143851 -0.99999897 0.00000000
vn 0.00138051 -0.99999905 0.00000000
vn -0.00138051 0.99999905 0.00000000
vn -0.00138051 0.99999905 0.00000000
vn -0.00143851 0.99999897 0.00000000
vn -0.00143851 0.99999897 0.00000000
vn 0.00000000 0.00000000 -1.00000000
vn 0.00000000 0.00000000 -1.00000000
vn 0.00000000 0.00000000 -1.00000000
vn 0.00000000 0.00000000 -1.00000000
vn 0.00000000 0.00000000 1.00000000
vn 0.00000000 0.00000000 1.00000000
vn 0.00000000 0.00000000 1.00000000
vn 0.00000000 0.00000000 1.00000000
vn -0.99999842 -0.00177494 0.00000000
vn -0.99999842 -0.00177494 0.00000000
vn -0.99999842 -0.00177494 0.00000000
vn -0.99999842 -0.00177494 0.00000000
vn 0.99999765 0.00216937 0.00000000
vn 0.99999765 0.00216937 0.00000000
vn 0.99999765 0.00216937 0.00000000
vn 0.99999765 0.00216937 0.00000000
vn 0.00177494 -0.99999842 0.00000000
vn 0.00216937 -0.99999765 0.00000000
vn 0.00216937 -0.99999765 0.00000000
vn 0.00177494 -0.99999842 0.00000000
vn -0.00177494 0.99999842 0.00000000
vn -0.00177494 0.99999842 0.00000000
vn -0.00216937 0.99999765 0.00000000
vn -0.00216937 0.99999765 0.00000000
vn 0.00000000 0.00000000 -1.00000000
vn 0.00000000 0.00000000 -1.00000000
vn 0.00000000 0.00000000 -1.00000000
vn 0.00000000 0.00000000 -1.00000000
vn 0.00000000 0.00000000 1.00000000
vn 0.00000000 0.00000000 1.00000000
vn 0.00000000 0.00000000 1.00000000
vn 0.00000000 0.00000000 1.00000000
vn -0.99999842 -0.00177494 0.00000000
vn -0.99999842 -0.00177494 0.00000000
vn -0.99999842 -0.00177494 0.00000000
vn -0.99999842 -0.00177494 0.00000000
vn 0.99999832 0.00183295 0.00000000
vn 0.99999832 0.00183295 0.00000000
vn 0.99999832 0.00183295 0.00000000
vn 0.99999832 0.00183295 0.00000000
vn 0.00177494 -0.99999842 0.00000000
vn 0.00183295 -0.99999832 0.00000000
vn 0.00183295 -0.99999832 0.00000000
vn 0.00177494 -0.99999842 0.00000000
vn -0.00177494 0.99999842 0.00000000
vn -0.00177494 0.99999842 0.00000000
vn -0.00183295 0.99999832 0.00000000
vn -0.00183295 0.99999832 0.00000000
vn 0.00000000 0.00000000 -1.00000000
vn 0.00000000 0.00000000 -1.00000000
vn 0.00000000 0.00000000 -1.00000000
vn 0.00000000 0.00000000 -1.00000000
vn 0.00000000 0.00000000 1.00000000
vn 0.00000000 0.00000000 1.00000000
vn 0.00000000 0.00000000 1.00000000
vn 0.00000000 0.00000000 1.00000000
vn -0.99957864 0.02902673 0.00000000
vn -0.99957864 0.02902673 0.00000000
vn -0.99957864 0.02902673 0.00000000
vn -0.99957864 0.02902673 0.00000000
vn 0.99958267 -0.02888757 0.00000000
vn 0.99958267 -0.02888757 0.00000000
vn 0.99958267 -0.02888757 0.00000000
vn 0.99958267 -0.02888757 0.00000000
vn 0.00000000 0.00000000 -1.00000000
vn 0.00000000 0.00000000 -1.00000000
vn 0.00000000 0.00000000 -1.00000000
vn 0.00000000 0.00000000 -1.00000000
vn 0.00000000 0.00000000 1.00000000
vn 0.00000000 0.00000000 1.00000000
vn 0.00000000 0.00000000 1.00000000
vn 0.00000000 0.00000000 1.00000000
vn -0.99958267 -0.02888757 0.00000000
vn -0.99958267 -0.02888757 0.00000000
vn -0.99958267 -0.02888757 0.00000000
vn -0.99958267 -0.02888757 0.00000000
vn 0.99957864 0.02902673 0.00000000
vn 0.99957864 0.02902673 0.00000000
vn 0.99957864 0.02902673 0.00000000
vn 0.99957864 0.02902673 0.00000000
vn 0.00000000 0.00000000 -1.00000000
vn 0.00000000 0.00000000 -1.00000000
vn 0.00000000 0.00000000 -1.00000000
vn 0.00000000 0.00000000 -1.00000000
vn 0.00000000 0.00000000 1.00000000
vn 0.00000000 0.00000000 1.00000000
vn 0.00000000 0.00000000 1.00000000
vn 0.00000000 0.00000000 1.00000000
vn -0.99957864 0.02902673 0.00000000
vn -0.99957864 0.02902673 0.00000000
vn -0.99957864 0.02902673 0.00000000
vn -0.99957864 0.02902673 0.00000000
vn 0.99974509 -0.02257760 0.00000000
vn 0.99974509 -0.02257760 0.00000000
vn 0.99974509 -0.02257760 0.00000000
vn 0.99974509 -0.02257760 0.00000000
vn 0.00000000 0.00000000 -1.00000000
vn 0.00000000 0.00000000 -1.00000000
vn 0.00000000 0.00000000 -1.00000000
vn 0.00000000 0.00000000 -1.00000000
vn 0.00000000 0.00000000 1.00000000
vn 0.00000000 0.00000000 1.00000000
vn 0.00000000 0.00000000 1.00000000
vn 0.00000000 0.00000000 1.00000000
vn -0.99957864 0.02902673 0.00000000
vn -0.99957864 0.02902673 0.00000000
vn -0.99957864 0.02902673 0.00000000
vn -0.99957864 0.02902673 0.00000000
vn 0.99969146 -0.02483914 0.00000000
vn 0.99969146 -0.02483914 0.00000000
vn 0.99969146 -0.02483914 0.00000000
vn 0.99969146 -0.02483914 0.00000000
vn 0.00000000 0.00000000 -1.00000000
vn 0.00000000 0.00000000 -1.00000000
vn 0.00000000 0.00000000 -1.00000000
vn 0.00000000 0.00000000 -1.00000000
vn 0.00000000 0.00000000 1.00000000
vn 0.00000000 0.00000000 1.00000000
vn 0.00000000 0.00000000 1.00000000
vn 0.00000000 0.00000000 1.00000000
vn -0.99957864 0.02902673 0.00000000
vn -0.99957864 0.02902673 0.00000000
vn -0.99957864 0.02902673 0.00000000
vn -0.99957864 0.02902673 0.00000000
vn 0.99969146 -0.02483914 0.00000000
vn 0.99969146 -0.02483914 0.00000000
vn 0.99969146 -0.02483914 0.00000000
vn 0.99969146 -0.02483914 0.00000000
vn 0.00000000 0.00000000 -1.00000000
vn 0.00000000 0.00000000 -1.00000000
vn 0.00000000 0.00000000 -1.00000000
vn 0.00000000 0.00000000 -1.00000000
vn 0.00000000 0.00000000 1.00000000
vn 0.00000000 0.00000000 1.00000000
vn 0.00000000 0.00000000 1.00000000
vn 0.00000000 0.00000000 1.00000000
vn -0.99957864 0.02902673 0.00000000
vn -0.99957864 0.02902673 0.00000000
vn -0.99957864 0.02902673 0.00000000
vn -0.99957864 0.02902673 0.00000000
vn 0.99969146 -0.02483914 0.00000000
vn 0.99969146 -0.02483914 0.00000000
vn 0.99969146 -0.02483914 0.00000000
vn 0.99969146 -0.02483914 0.00000000
vn 0.00000000 0.00000000 -1.00000000
vn 0.00000000 0.00000000 -1.00000000
vn 0.00000000 0.00000000 -1.00000000
vn 0.00000000 0.00000000 -1.00000000
vn 0.00000000 0.00000000 1.00000000
vn 0.00000000 0.00000000 1.00000000
vn 0.00000000 0.00000000 1.00000000
vn 0.00000000 0.00000000 1.00000000
vn -0.99974115 0.02275157 0.00000000
vn -0.99974115 0.02275157 0.00000000
vn -0.99974115 0.02275157 0.00000000
vn -0.99974115 0.02275157 0.00000000
vn 0.99974509 -0.02257760 0.00000000
vn 0.99974509 -0.02257760 0.00000000
vn 0.99974509 -0.02257760 0.00000000
vn 0.99974509 -0.02257760 0.00000000
vn 0.00000000 0.00000000 -1.00000000
vn 0.00000000 0.00000000 -1.00000000
vn 0.00000000 0.00000000 -1.00000000
vn 0.00000000 0.00000000 -1.00000000
vn 0.00000000 0.00000000 1.00000000
vn 0.00000000 0.00000000 1.00000000
vn 0.00000000 0.00000000 1.00000000
vn 0.00000000 0.00000000 1.00000000
vn -0.99969146 0.02483914 0.00000000
vn -0.99969146 0.02483914 0.00000000
vn -0.99969146 0.02483914 0.00000000
vn -0.99969146 0.02483914 0.00000000
vn 0.99974115 -0.02275157 0.00000000
vn 0.99974115 -0.02275157 0.00000000
vn 0.99974115 -0.02275157 0.00000000
vn 0.99974115 -0.02275157 0.00000000
vn -0.02483914 -0.99969146 0.00000000
vn -0.02275157 -0.99974115 0.00000000
vn -0.02275157 -0.99974115 0.00000000
vn -0.02483914 -0.99969146 0.00000000
vn 0.00000000 0.00000000 -1.00000000
vn 0.00000000 0.00000000 -1.00000000
vn 0.00000000 0.00000000 -1.00000000
vn 0.00000000 0.00000000 -1.00000000
vn 0.00000000 0.00000000 1.00000000
vn 0.00000000 0.00000000 1.00000000
vn 0.00000000 0.00000000 1.00000000
vn 0.00000000 0.00000000 1.00000000
vn -0.99958267 0.02888757 0.00000000
vn -0.99958267 0.02888757 0.00000000
vn -0.99958267 0.02888757 0.00000000
vn -0.99958267 0.02888757 0.00000000
vn 0.99974194 -0.02271677 0.00000000
vn 0.99974194 -0.02271677 0.00000000
vn 0.99974194 -0.02271677 0.00000000
vn 0.99974194 -0.02271677 0.00000000
vn -0.02888757 -0.99958267 0.00000000
vn -0.02271677 -0.99974194 0.00000000
vn -0.02271677 -0.99974194 0.00000000
vn -0.02888757 -0.99958267 0.00000000
vn 0.02888757 0.99958267 0.00000000
vn 0.02888757 0.99958267 0.00000000
vn 0.02271677 0.99974194 0.00000000
vn 0.02271677 0.99974194 0.00000000
vn 0.00000000 0.00000000 -1.00000000
vn 0.00000000 0.00000000 -1.00000000
vn 0.00000000 0.00000000 -1.00000000
vn 0.00000000 0.00000000 -1.00000000
vn 0.00000000 0.00000000 1.00000000
vn 0.00000000 0.00000000 1.00000000
vn 0.00000000 0.00000000 1.00000000
vn 0.00000000 0.00000000 1.00000000
vn -0.99974509 0.02257760 0.00000000
vn -0.99974509 0.02257760 0.00000000
vn -0.99974509 0.02257760 0.00000000
vn -0.99974509 0.02257760 0.00000000
vn 0.99986994 -0.01612753 0.00000000
vn 0.99986994 -0.01612753 0.00000000
vn 0.99986994 -0.01612753 0.00000000
vn 0.99986994 -0.01612753 0.00000000
vn 0.00000000 0.00000000 -1.00000000
vn 0.00000000 0.00000000 -1.00000000
vn 0.00000000 0.00000000 -1.00000000
vn 0.00000000 0.00000000 -1.00000000
vn 0.00000000 0.00000000 1.00000000
vn 0.00000000 0.00000000 1.00000000
vn 0.00000000 0.00000000 1.00000000
vn 0.00000000 0.00000000 1.00000000
vn -0.99974509 0.02257760 0.00000000
vn -0.99974509 0.02257760 0.00000000
vn -0.99974509 0.02257760 0.00000000
vn -0.99974509 0.02257760 0.00000000
vn 0.99983090 -0.01838937 0.00000000
vn 0.99983090 -0.01838937 0.00000000
vn 0.99983090 -0.01838937 0.00000000
vn 0.99983090 -0.01838937 0.00000000
vn 0.00000000 0.00000000 -1.00000000
vn 0.00000000 0.00000000 -1.00000000
vn 0.00000000 0.00000000 -1.00000000
vn 0.00000000 0.00000000 -1.00000000
vn 0.00000000 0.00000000 1.00000000
vn 0.00000000 0.00000000 1.00000000
vn 0.00000000 0.00000000 1.00000000
vn 0.00000000 0.00000000 1.00000000
vn -0.99974509 0.02257760 0.00000000
vn -0.99974509 0.02257760 0.00000000
vn -0.99974509 0.02257760 0.00000000
vn -0.99974509 0.02257760 0.00000000
vn 0.99983090 -0.01838937 0.00000000
vn 0.99983090 -0.01838937 0.00000000
vn 0.99983090 -0.01838937 0.00000000
vn 0.99983090 -0.01838937 0.00000000
vn 0.00000000 0.00000000 -1.00000000
vn 0.00000000 0.00000000 -1.00000000
vn 0.00000000 0.00000000 -1.00000000
vn 0.00000000 0.00000000 -1.00000000
vn 0.00000000 0.00000000 1.00000000
vn 0.00000000 0.00000000 1.00000000
vn 0.00000000 0.00000000 1.00000000
vn 0.00000000 0.00000000 1.00000000
vn -0.99974509 0.02257760 0.00000000
vn -0.99974509 0.02257760 0.00000000
vn -0.99974509 0.02257760 0.00000000
vn -0.99974509 0.02257760 0.00000000
vn 0.99983090 -0.01838937 0.00000000
vn 0.99983090 -0.01838937 0.00000000
vn 0.99983090 -0.01838937 0.00000000
vn 0.99983090 -0.01838937 0.00000000
vn 0.00000000 0.00000000 -1.00000000
vn 0.00000000 0.00000000 -1.00000000
vn 0.00000000 0.00000000 -1.00000000
vn 0.00000000 0.00000000 -1.00000000
vn 0.00000000 0.00000000 1.00000000
vn 0.00000000 0.00000000 1.00000000
vn 0.00000000 0.00000000 1.00000000
vn 0.00000000 0.00000000 1.00000000
vn -0.99986712 0.01630152 0.00000000
vn -0.99986712 0.01630152 0.00000000
vn -0.99986712 0.01630152 0.00000000
vn -0.99986712 0.01630152 0.00000000
vn 0.99986994 -0.01612753 0.00000000
vn 0.99986994 -0.01612753 0.00000000
vn 0.99986994 -0.01612753 0.00000000
vn 0.99986994 -0.01612753 0.00000000
vn 0.00000000 0.00000000 -1.00000000
vn 0.00000000 0.00000000 -1.00000000
vn 0.00000000 0.00000000 -1.00000000
vn 0.00000000 0.00000000 -1.00000000
vn 0.00000000 0.00000000 1.00000000
vn 0.00000000 0.00000000 1.00000000
vn 0.00000000 0.00000000 1.00000000
vn 0.00000000 0.00000000 1.00000000
vn -0.99983090 0.01838937 0.00000000
vn -0.99983090 0.01838937 0.00000000
vn -0.99983090 0.01838937 0.00000000
vn -0.99983090 0.01838937 0.00000000
vn 0.99986712 -0.01630152 0.00000000
vn 0.99986712 -0.01630152 0.00000000
vn 0.99986712 -0.01630152 0.00000000
vn 0.99986712 -0.01630152 0.00000000
vn -0.01838937 -0.99983090 0.00000000
vn -0.01630152 -0.99986712 0.00000000
vn -0.01630152 -0.99986712 0.00000000
vn -0.01838937 -0.99983090 0.00000000
vn 0.00000000 0.00000000 -1.00000000
vn 0.00000000 0.00000000 -1.00000000
vn 0.00000000 0.00000000 -1.00000000
vn 0.00000000 0.00000000 -1.00000000
vn 0.00000000 0.00000000 1.00000000
vn 0.00000000 0.00000000 1.00000000
vn 0.00000000 0.00000000 1.00000000
vn 0.00000000 0.00000000 1.00000000
vn -0.99974823 0.02243842 0.00000000
vn -0.99974823 0.02243842 0.00000000
vn -0.99974823 0.02243842 0.00000000
vn -0.99974823 0.02243842 0.00000000
vn 0.99986769 -0.01626672 0.00000000
vn 0.99986769 -0.01626672 0.00000000
vn 0.99986769 -0.01626672 0.00000000
vn 0.99986769 -0.01626672 0.00000000
vn -0.02243842 -0.99974823 0.00000000
vn -0.01626672 -0.99986769 0.00000000
vn -0.01626672 -0.99986769 0.00000000
vn -0.02243842 -0.99974823 0.00000000
vn 0.02243842 0.99974823 0.00000000
vn 0.02243842 0.99974823 0.00000000
vn 0.01626672 0.99986769 0.00000000
vn 0.01626672 0.99986769 0.00000000
vn 0.00000000 0.00000000 -1.00000000
vn 0.00000000 0.00000000 -1.00000000
vn 0.00000000 0.00000000 -1.00000000
vn 0.00000000 0.00000000 -1.00000000
vn 0.00000000 0.00000000 1.00000000
vn 0.00000000 0.00000000 1.00000000
vn 0.00000000 0.00000000 1.00000000
vn 0.00000000 0.00000000 1.00000000
vn -0.99974509 0.02257760 0.00000000
vn -0.99974509 0.02257760 0.00000000
vn -0.99974509 0.02257760 0.00000000
vn -0.99974509 0.02257760 0.00000000
vn 0.99974771 -0.02246162 0.00000000
vn 0.99974771 -0.02246162 0.00000000
vn 0.99974771 -0.02246162 0.00000000
vn 0.99974771 -0.02246162 0.00000000
vn 0.00000000 0.00000000 -1.00000000
vn 0.00000000 0.00000000 -1.00000000
vn 0.00000000 0.00000000 -1.00000000
vn 0.00000000 0.00000000 -1.00000000
vn 0.00000000 0.00000000 1.00000000
vn 0.00000000 0.00000000 1.00000000
vn 0.00000000 0.00000000 1.00000000
vn 0.00000000 0.00000000 1.00000000
vn -0.99986994 0.01612753 0.00000000
vn -0.99986994 0.01612753 0.00000000
vn -0.99986994 0.01612753 0.00000000
vn -0.99986994 0.01612753 0.00000000
vn 0.99995318 -0.00967678 0.00000000
vn 0.99995318 -0.00967678 0.00000000
vn 0.99995318 -0.00967678 0.00000000
vn 0.99995318 -0.00967678 0.00000000
vn 0.00000000 0.00000000 -1.00000000
vn 0.00000000 0.00000000 -1.00000000
vn 0.00000000 0.00000000 -1.00000000
vn 0.00000000 0.00000000 -1.00000000
vn 0.00000000 0.00000000 1.00000000
vn 0.00000000 0.00000000 1.00000000
vn 0.00000000 0.00000000 1.00000000
vn 0.00000000 0.00000000 1.00000000
vn -0.99986994 0.01612753 0.00000000
vn -0.99986994 0.01612753 0.00000000
vn -0.99986994 0.01612753 0.00000000
vn -0.99986994 0.01612753 0.00000000
vn 0.99992873 -0.01193883 0.00000000
vn 0.99992873 -0.01193883 0.00000000
vn 0.99992873 -0.01193883 0.00000000
vn 0.99992873 -0.01193883 0.00000000
vn 0.00000000 0.00000000 -1.00000000
vn 0.00000000 0.00000000 -1.00000000
vn 0.00000000 0.00000000 -1.00000000
vn 0.00000000 0.00000000 -1.00000000
vn 0.00000000 0.00000000 1.00000000
vn 0.00000000 0.00000000 1.00000000
vn 0.00000000 0.00000000 1.00000000
vn 0.00000000 0.00000000 1.00000000
vn -0.99986994 0.01612753 0.00000000
vn -0.99986994 0.01612753 0.00000000
vn -0.99986994 0.01612753 0.00000000
vn -0.99986994 0.01612753 0.00000000
vn 0.99992873 -0.01193883 0.00000000
vn 0.99992873 -0.01193883 0.00000000
vn 0.99992873 -0.01193883 0.00000000
vn 0.99992873 -0.01193883 0.00000000
vn 0.00000000 0.00000000 -1.00000000
vn 0.00000000 0.00000000 -1.00000000
vn 0.00000000 0.00000000 -1.00000000
vn 0.00000000 0.00000000 -1.00000000
vn 0.00000000 0.00000000 1.00000000
vn 0.00000000 0.00000000 1.00000000
vn 0.00000000 0.00000000 1.00000000
vn 0.00000000 0.00000000 1.00000000
vn -0.99986994 0.01612753 0.00000000
vn -0.99986994 0.01612753 0.00000000
vn -0.99986994 0.01612753 0.00000000
vn -0.99986994 0.01612753 0.00000000
vn 0.99992873 -0.01193883 0.00000000
vn 0.99992873 -0.01193883 0.00000000
vn 0.99992873 -0.01193883 0.00000000
vn 0.99992873 -0.01193883 0.00000000
vn 0.00000000 0.00000000 -1.00000000
vn 0.00000000 0.00000000 -1.00000000
vn 0.00000000 0.00000000 -1.00000000
vn 0.00000000 0.00000000 -1.00000000
vn 0.00000000 0.00000000 1.00000000
vn 0.00000000 0.00000000 1.00000000
vn 0.00000000 0.00000000 1.00000000
vn 0.00000000 0.00000000 1.00000000
vn -0.99995148 0.00985079 0.00000000
vn -0.99995148 0.00985079 0.00000000
vn -0.99995148 0.00985079 0.00000000
vn -0.99995148 0.00985079 0.00000000
vn 0.99995318 -0.00967678 0.00000000
vn 0.99995318 -0.00967678 0.00000000
vn 0.99995318 -0.00967678 0.00000000
vn 0.99995318 -0.00967678 0.00000000
vn 0.00000000 0.00000000 -1.00000000
vn 0.00000000 0.00000000 -1.00000000
vn 0.00000000 0.00000000 -1.00000000
vn 0.00000000 0.00000000 -1.00000000
vn 0.00000000 0.00000000 1.00000000
vn 0.00000000 0.00000000 1.00000000
vn 0.00000000 0.00000000 1.00000000
vn 0.00000000 0.00000000 1.00000000
vn -0.99992873 0.01193883 0.00000000
vn -0.99992873 0.01193883 0.00000000
vn -0.99992873 0.01193883 0.00000000
vn -0.99992873 0.01193883 0.00000000
vn 0.99995148 -0.00985079 0.00000000
vn 0.99995148 -0.00985079 0.00000000
vn 0.99995148 -0.00985079 0.00000000
vn 0.99995148 -0.00985079 0.00000000
vn -0.01193883 -0.99992873 0.00000000
vn -0.00985079 -0.99995148 0.00000000
vn -0.00985079 -0.99995148 0.00000000
vn -0.01193883 -0.99992873 0.00000000
vn 0.00000000 0.00000000 -1.00000000
vn 0.00000000 0.00000000 -1.00000000
vn 0.00000000 0.00000000 -1.00000000
vn 0.00000000 0.00000000 -1.00000000
vn 0.00000000 0.00000000 1.00000000
vn 0.00000000 0.00000000 1.00000000
vn 0.00000000 0.00000000 1.00000000
vn 0.00000000 0.00000000 1.00000000
vn -0.99987218 0.01598833 0.00000000
vn -0.99987218 0.01598833 0.00000000
vn -0.99987218 0.01598833 0.00000000
vn -0.99987218 0.01598833 0.00000000
vn 0.99995182 -0.00981599 0.00000000
vn 0.99995182 -0.00981599 0.00000000
vn 0.99995182 -0.00981599 0.00000000
vn 0.99995182 -0.00981599 0.00000000
vn -0.01598833 -0.99987218 0.00000000
vn -0.00981599 -0.99995182 0.00000000
vn -0.00981599 -0.99995182 0.00000000
vn -0.01598833 -0.99987218 0.00000000
vn 0.01598833 0.99987218 0.00000000
vn 0.01598833 0.99987218 0.00000000
vn 0.00981599 0.99995182 0.00000000
vn 0.00981599 0.99995182 0.00000000
vn 0.00000000 0.00000000 -1.00000000
vn 0.00000000 0.00000000 -1.00000000
vn 0.00000000 0.00000000 -1.00000000
vn 0.00000000 0.00000000 -1.00000000
vn 0.00000000 0.00000000 1.00000000
vn 0.00000000 0.00000000 1.00000000
vn 0.00000000 0.00000000 1.00000000
vn 0.00000000 0.00000000 1.00000000
vn -0.99986994 0.01612753 0.00000000
vn -0.99986994 0.01612753 0.00000000
vn -0.99986994 0.01612753 0.00000000
vn -0.99986994 0.01612753 0.00000000
vn 0.99987181 -0.01601153 0.00000000
vn 0.99987181 -0.01601153 0.00000000
vn 0.99987181 -0.01601153 0.00000000
vn 0.99987181 -0.01601153 0.00000000
vn 0.00000000 0.00000000 -1.00000000
vn 0.00000000 0.00000000 -1.00000000
vn 0.00000000 0.00000000 -1.00000000
vn 0.00000000 0.00000000 -1.00000000
vn 0.00000000 0.00000000 1.00000000
vn 0.00000000 0.00000000 1.00000000
vn 0.00000000 0.00000000 1.00000000
vn 0.00000000 0.00000000 1.00000000
vn -0.99995318 0.00967678 0.00000000
vn -0.99995318 0.00967678 0.00000000
vn -0.99995318 0.00967678 0.00000000
vn -0.99995318 0.00967678 0.00000000
vn 0.99999480 -0.00322564 0.00000000
vn 0.99999480 -0.00322564 0.00000000
vn 0.99999480 -0.00322564 0.00000000
vn 0.99999480 -0.00322564 0.00000000
vn 0.00000000 0.00000000 -1.00000000
vn 0.00000000 0.00000000 -1.00000000
vn 0.00000000 0.00000000 -1.00000000
vn 0.00000000 0.00000000 -1.00000000
vn 0.00000000 0.00000000 1.00000000
vn 0.00000000 0.00000000 1.00000000
vn 0.00000000 0.00000000 1.00000000
vn 0.00000000 0.00000000 1.00000000
vn -0.99995318 0.00967678 0.00000000
vn -0.99995318 0.00967678 0.00000000
vn -0.99995318 0.00967678 0.00000000
vn -0.99995318 0.00967678 0.00000000
vn 0.99998494 -0.00548780 0.00000000
vn 0.99998494 -0.00548780 0.00000000
vn 0.99998494 -0.00548780 0.00000000
vn 0.99998494 -0.00548780 0.00000000
vn 0.00000000 0.00000000 -1.00000000
vn 0.00000000 0.00000000 -1.00000000
vn 0.00000000 0.00000000 -1.00000000
vn 0.00000000 0.00000000 -1.00000000
vn 0.00000000 0.00000000 1.00000000
vn 0.00000000 0.00000000 1.00000000
vn 0.00000000 0.00000000 1.00000000
vn 0.00000000 0.00000000 1.00000000
vn -0.99995318 0.00967678 0.00000000
vn -0.99995318 0.00967678 0.00000000
vn -0.99995318 0.00967678 0.00000000
vn -0.99995318 0.00967678 0.00000000
vn 0.99998494 -0.00548780 0.00000000
vn 0.99998494 -0.00548780 0.00000000
vn 0.99998494 -0.00548780 0.00000000
vn 0.99998494 -0.00548780 0.00000000
vn 0.00000000 0.00000000 -1.00000000
vn 0.00000000 0.00000000 -1.00000000
vn 0.00000000 0.00000000 -1.00000000
vn 0.00000000 0.00000000 -1.00000000
vn 0.00000000 0.00000000 1.00000000
vn 0.00000000 0.00000000 1.00000000
vn 0.00000000 0.00000000 1.00000000
vn 0.00000000 0.00000000 1.00000000
vn -0.99995318 0.00967678 0.00000000
vn -0.99995318 0.00967678 0.00000000
vn -0.99995318 0.00967678 0.00000000
vn -0.99995318 0.00967678 0.00000000
vn 0.99998494 -0.00548780 0.00000000
vn 0.99998494 -0.00548780 0.00000000
vn 0.99998494 -0.00548780 0.00000000
vn 0.99998494 -0.00548780 0.00000000
vn 0.00000000 0.00000000 -1.00000000
vn 0.00000000 0.00000000 -1.00000000
vn 0.00000000 0.00000000 -1.00000000
vn 0.00000000 0.00000000 -1.00000000
vn 0.00000000 0.00000000 1.00000000
vn 0.00000000 0.00000000 1.00000000
vn 0.00000000 0.00000000 1.00000000
vn 0.00000000 0.00000000 1.00000000
vn -0.99999422 0.00339965 0.00000000
vn -0.99999422 0.00339965 0.00000000
vn -0.99999422 0.00339965 0.00000000
vn -0.99999422 0.00339965 0.00000000
vn 0.99999480 -0.00322564 0.00000000
vn 0.99999480 -0.00322564 0.00000000
vn 0.99999480 -0.00322564 0.00000000
vn 0.99999480 -0.00322564 0.00000000
vn 0.00000000 0.00000000 -1.00000000
vn 0.00000000 0.00000000 -1.00000000
vn 0.00000000 0.00000000 -1.00000000
vn 0.00000000 0.00000000 -1.00000000
vn 0.00000000 0.00000000 1.00000000
vn 0.00000000 0.00000000 1.00000000
vn 0.00000000 0.00000000 1.00000000
vn 0.00000000 0.00000000 1.00000000
vn -0.99998494 0.00548780 0.00000000
vn -0.99998494 0.00548780 0.00000000
vn -0.99998494 0.00548780 0.00000000
vn -0.99998494 0.00548780 0.00000000
vn 0.99999422 -0.00339965 0.00000000
vn 0.99999422 -0.00339965 0.00000000
vn 0.99999422 -0.00339965 0.00000000
vn 0.99999422 -0.00339965 0.00000000
vn -0.00548780 -0.99998494 0.00000000
vn -0.00339965 -0.99999422 0.00000000
vn -0.00339965 -0.99999422 0.00000000
vn -0.00548780 -0.99998494 0.00000000
vn 0.00000000 0.00000000 -1.00000000
vn 0.00000000 0.00000000 -1.00000000
vn 0.00000000 0.00000000 -1.00000000
vn 0.00000000 0.00000000 -1.00000000
vn 0.00000000 0.00000000 1.00000000
vn 0.00000000 0.00000000 1.00000000
vn 0.00000000 0.00000000 1.00000000
vn 0.00000000 0.00000000 1.00000000
vn -0.99995452 0.00953758 0.00000000
vn -0.99995452 0.00953758 0.00000000
vn -0.99995452 0.00953758 0.00000000
vn -0.99995452 0.00953758 0.00000000
vn 0.99999434 -0.00336485 0.00000000
vn 0.99999434 -0.00336485 0.00000000
vn 0.99999434 -0.00336485 0.00000000
vn 0.99999434 -0.00336485 0.00000000
vn -0.00953758 -0.99995452 0.00000000
vn -0.00336485 -0.99999434 0.00000000
vn -0.00336485 -0.99999434 0.00000000
vn -0.00953758 -0.99995452 0.00000000
vn 0.00953758 0.99995452 0.00000000
vn 0.00953758 0.99995452 0.00000000
vn 0.00336485 0.99999434 0.00000000
vn 0.00336485 0.99999434 0.00000000
vn 0.00000000 0.00000000 -1.00000000
vn 0.00000000 0.00000000 -1.00000000
vn 0.00000000 0.00000000 -1.00000000
vn 0.00000000 0.00000000 -1.00000000
vn 0.00000000 0.00000000 1.00000000
vn 0.00000000 0.00000000 1.00000000
vn 0.00000000 0.00000000 1.00000000
vn 0.00000000 0.00000000 1.00000000
vn -0.99999480 0.00322564 0.00000000
vn -0.99999480 0.00322564 0.00000000
vn -0.99999480 0.00322564 0.00000000
vn -0.99999480 0.00322564 0.00000000
vn 0.99999480 0.00322564 0.00000000
vn 0.99999480 0.00322564 0.00000000
vn 0.99999480 0.00322564 0.00000000
vn 0.99999480 0.00322564 0.00000000
vn 0.00000000 0.00000000 -1.00000000
vn 0.00000000 0.00000000 -1.00000000
vn 0.00000000 0.00000000 -1.00000000
vn 0.00000000 0.00000000 -1.00000000
vn 0.00000000 0.00000000 1.00000000
vn 0.00000000 0.00000000 1.00000000
vn 0.00000000 0.00000000 1.00000000
vn 0.00000000 0.00000000 1.00000000
vn -0.99999480 0.00322564 0.00000000
vn -0.99999480 0.00322564 0.00000000
vn -0.99999480 0.00322564 0.00000000
vn -0.99999480 0.00322564 0.00000000
vn 0.99999954 0.00096346 0.00000000
vn 0.99999954 0.00096346 0.00000000
vn 0.99999954 0.00096346 0.00000000
vn 0.99999954 0.00096346 0.00000000
vn 0.00000000 0.00000000 -1.00000000
vn 0.00000000 0.00000000 -1.00000000
vn 0.00000000 0.00000000 -1.00000000
vn 0.00000000 0.00000000 -1.00000000
vn 0.00000000 0.00000000 1.00000000
vn 0.00000000 0.00000000 1.00000000
vn 0.00000000 0.00000000 1.00000000
vn 0.00000000 0.00000000 1.00000000
vn -0.99999480 0.00322564 0.00000000
vn -0.99999480 0.00322564 0.00000000
vn -0.99999480 0.00322564 0.00000000
vn -0.99999480 0.00322564 0.00000000
vn 0.99999954 0.00096346 0.00000000
vn 0.99999954 0.00096346 0.00000000
vn 0.99999954 0.00096346 0.00000000
vn 0.99999954 0.00096346 0.00000000
vn 0.00000000 0.00000000 -1.00000000
vn 0.00000000 0.00000000 -1.00000000
vn 0.00000000 0.00000000 -1.00000000
vn 0.00000000 0.00000000 -1.00000000
vn 0.00000000 0.00000000 1.00000000
vn 0.00000000 0.00000000 1.00000000
vn 0.00000000 0.00000000 1.00000000
vn 0.00000000 0.00000000 1.00000000
vn -0.99999480 0.00322564 0.00000000
vn -0.99999480 0.00322564 0.00000000
vn -0.99999480 0.00322564 0.00000000
vn -0.99999480 0.00322564 0.00000000
vn 0.99999954 0.00096346 0.00000000
vn 0.99999954 0.00096346 0.00000000
vn 0.99999954 0.00096346 0.00000000
vn 0.99999954 0.00096346 0.00000000
vn 0.00000000 0.00000000 -1.00000000
vn 0.00000000 0.00000000 -1.00000000
vn 0.00000000 0.00000000 -1.00000000
vn 0.00000000 0.00000000 -1.00000000
vn 0.00000000 0.00000000 1.00000000
vn 0.00000000 0.00000000 1.00000000
vn 0.00000000 0.00000000 1.00000000
vn 0.00000000 0.00000000 1.00000000
vn -0.99999534 -0.00305163 0.00000000
vn -0.99999534 -0.00305163 0.00000000
vn -0.99999534 -0.00305163 0.00000000
vn -0.99999534 -0.00305163 0.00000000
vn 0.99999480 0.00322564 0.00000000
vn 0.99999480 0.00322564 0.00000000
vn 0.99999480 0.00322564 0.00000000
vn 0.99999480 0.00322564 0.00000000
vn 0.00000000 0.00000000 -1.00000000
vn 0.00000000 0.00000000 -1.00000000
vn 0.00000000 0.00000000 -1.00000000
vn 0.00000000 0.00000000 -1.00000000
vn 0.00000000 0.00000000 1.00000000
vn 0.00000000 0.00000000 1.00000000
vn 0.00000000 0.00000000 1.00000000
vn 0.00000000 0.00000000 1.00000000
vn -0.99999954 -0.00096346 0.00000000
vn -0.99999954 -0.00096346 0.00000000
vn -0.99999954 -0.00096346 0.00000000
vn -0.99999954 -0.00096346 0.00000000
vn 0.99999534 0.00305163 0.00000000
vn 0.99999534 0.00305163 0.00000000
vn 0.99999534 0.00305163 0.00000000
vn 0.99999534 0.00305163 0.00000000
vn 0.00096346 -0.99999954 0.00000000
vn 0.00305163 -0.99999534 0.00000000
vn 0.00305163 -0.99999534 0.00000000
vn 0.00096346 -0.99999954 0.00000000
vn 0.00000000 0.00000000 -1.00000000
vn 0.00000000 0.00000000 -1.00000000
vn 0.00000000 0.00000000 -1.00000000
vn 0.00000000 0.00000000 -1.00000000
vn 0.00000000 0.00000000 1.00000000
vn 0.00000000 0.00000000 1.00000000
vn 0.00000000 0.00000000 1.00000000
vn 0.00000000 0.00000000 1.00000000
vn -0.99999524 0.00308643 0.00000000
vn -0.99999524 0.00308643 0.00000000
vn -0.99999524 0.00308643 0.00000000
vn -0.99999524 0.00308643 0.00000000
vn 0.99999524 0.00308643 0.00000000
vn 0.99999524 0.00308643 0.00000000
vn 0.99999524 0.00308643 0.00000000
vn 0.99999524 0.00308643 0.00000000
vn -0.00308643 -0.99999524 0.00000000
vn 0.00308643 -0.99999524 0.00000000
vn 0.00308643 -0.99999524 0.00000000
vn -0.00308643 -0.99999524 0.00000000
vn 0.00308643 0.99999524 0.00000000
vn 0.00308643 0.99999524 0.00000000
vn -0.00308643 0.99999524 0.00000000
vn -0.00308643 0.99999524 0.00000000
vn 0.00000000 0.00000000 -1.00000000
vn 0.00000000 0.00000000 -1.00000000
vn 0.00000000 0.00000000 -1.00000000
vn 0.00000000 0.00000000 -1.00000000
vn 0.00000000 0.00000000 1.00000000
vn 0.00000000 0.00000000 1.00000000
vn 0.00000000 0.00000000 1.00000000
vn 0.00000000 0.00000000 1.00000000
vn -0.99999480 -0.00322564 0.00000000
vn -0.99999480 -0.00322564 0.00000000
vn -0.99999480 -0.00322564 0.00000000
vn -0.99999480 -0.00322564 0.00000000
vn 0.99995318 0.00967678 0.00000000
vn 0.99995318 0.00967678 0.00000000
vn 0.99995318 0.00967678 0.00000000
vn 0.99995318 0.00967678 0.00000000
vn 0.00000000 0.00000000 -1.00000000
vn 0.00000000 0.00000000 -1.00000000
vn 0.00000000 0.00000000 -1.00000000
vn 0.00000000 0.00000000 -1.00000000
vn 0.00000000 0.00000000 1.00000000
vn 0.00000000 0.00000000 1.00000000
vn 0.00000000 0.00000000 1.00000000
vn 0.00000000 0.00000000 1.00000000
vn -0.99999480 -0.00322564 0.00000000
vn -0.99999480 -0.00322564 0.00000000
vn -0.99999480 -0.00322564 0.00000000
vn -0.99999480 -0.00322564 0.00000000
vn 0.99997251 0.00741469 0.00000000
vn 0.99997251 0.00741469 0.00000000
vn 0.99997251 0.00741469 0.00000000
vn 0.99997251 0.00741469 0.00000000
vn 0.00000000 0.00000000 -1.00000000
vn 0.00000000 0.00000000 -1.00000000
vn 0.00000000 0.00000000 -1.00000000
vn 0.00000000 0.00000000 -1.00000000
vn 0.00000000 0.00000000 1.00000000
vn 0.00000000 0.00000000 1.00000000
vn 0.00000000 0.00000000 1.00000000
vn 0.00000000 0.00000000 1.00000000
vn -0.99999480 -0.00322564 0.00000000
vn -0.99999480 -0.00322564 0.00000000
vn -0.99999480 -0.00322564 0.00000000
vn -0.99999480 -0.00322564 0.00000000
vn 0.99997251 0.00741469 0.00000000
vn 0.99997251 0.00741469 0.00000000
vn 0.99997251 0.00741469 0.00000000
vn 0.99997251 0.00741469 0.00000000
vn 0.00000000 0.00000000 -1.00000000
vn 0.00000000 0.00000000 -1.00000000
vn 0.00000000 0.00000000 -1.00000000
vn 0.00000000 0.00000000 -1.00000000
vn 0.00000000 0.00000000 1.00000000
vn 0.00000000 0.00000000 1.00000000
vn 0.00000000 0.00000000 1.00000000
vn 0.00000000 0.00000000 1.00000000
vn -0.99999480 -0.00322564 0.00000000
vn -0.99999480 -0.00322564 0.00000000
vn -0.99999480 -0.00322564 0.00000000
vn -0.99999480 -0.00322564 0.00000000
vn 0.99997251 0.00741469 0.00000000
vn 0.99997251 0.00741469 0.00000000
vn 0.99997251 0.00741469 0.00000000
vn 0.99997251 0.00741469 0.00000000
vn 0.00000000 0.00000000 -1.00000000
vn 0.00000000 0.00000000 -1.00000000
vn 0.00000000 0.00000000 -1.00000000
vn 0.00000000 0.00000000 -1.00000000
vn 0.00000000 0.00000000 1.00000000
vn 0.00000000 0.00000000 1.00000000
vn 0.00000000 0.00000000 1.00000000
vn 0.00000000 0.00000000 1.00000000
vn -0.99995485 -0.00950278 0.00000000
vn -0.99995485 -0.00950278 0.00000000
vn -0.99995485 -0.00950278 0.00000000
vn -0.99995485 -0.00950278 0.00000000
vn 0.99995318 0.00967678 0.00000000
vn 0.99995318 0.00967678 0.00000000
vn 0.99995318 0.00967678 0.00000000
vn 0.99995318 0.00967678 0.00000000
vn 0.00000000 0.00000000 -1.00000000
vn 0.00000000 0.00000000 -1.00000000
vn 0.00000000 0.00000000 -1.00000000
vn 0.00000000 0.00000000 -1.00000000
vn 0.00000000 0.00000000 1.00000000
vn 0.00000000 0.00000000 1.00000000
vn 0.00000000 0.00000000 1.00000000
vn 0.00000000 0.00000000 1.00000000
vn -0.99997251 -0.00741469 0.00000000
vn -0.99997251 -0.00741469 0.00000000
vn -0.99997251 -0.00741469 0.00000000
vn -0.99997251 -0.00741469 0.00000000
vn 0.99995485 0.00950278 0.00000000
vn 0.99995485 0.00950278 0.00000000
vn 0.99995485 0.00950278 0.00000000
vn 0.99995485 0.00950278 0.00000000
vn 0.00741469 -0.99997251 0.00000000
vn 0.00950278 -0.99995485 0.00000000
vn 0.00950278 -0.99995485 0.00000000
vn 0.00741469 -0.99997251 0.00000000
vn 0.00000000 0.00000000 -1.00000000
vn 0.00000000 0.00000000 -1.00000000
vn 0.00000000 0.00000000 -1.00000000
vn 0.00000000 0.00000000 -1.00000000
vn 0.00000000 0.00000000 1.00000000
vn 0.00000000 0.00000000 1.00000000
vn 0.00000000 0.00000000 1.00000000
vn 0.00000000 0.00000000 1.00000000
vn -0.99999434 -0.00336485 0.00000000
vn -0.99999434 -0.00336485 0.00000000
vn -0.99999434 -0.00336485 0.00000000
vn -0.99999434 -0.00336485 0.00000000
vn 0.99995452 0.00953758 0.00000000
vn 0.99995452 0.00953758 0.00000000
vn 0.99995452 0.00953758 0.00000000
vn 0.99995452 0.00953758 0.00000000
vn 0.00336485 -0.99999434 0.00000000
vn 0.00953758 -0.99995452 0.00000000
vn 0.00953758 -0.99995452 0.00000000
vn 0.00336485 -0.99999434 0.00000000
vn -0.00336485 0.99999434 0.00000000
vn -0.00336485 0.99999434 0.00000000
vn -0.00953758 0.99995452 0.00000000
vn -0.00953758 0.99995452 0.00000000
vn 0.00000000 0.00000000 -1.00000000
vn 0.00000000 0.00000000 -1.00000000
vn 0.00000000 0.00000000 -1.00000000
vn 0.00000000 0.00000000 -1.00000000
vn 0.00000000 0.00000000 1.00000000
vn 0.00000000 0.00000000 1.00000000
vn 0.00000000 0.00000000 1.00000000
vn 0.00000000 0.00000000 1.00000000
vn -0.99999480 -0.00322564 0.00000000
vn -0.99999480 -0.00322564 0.00000000
vn -0.99999480 -0.00322564 0.00000000
vn -0.99999480 -0.00322564 0.00000000
vn 0.99999442 0.00334165 0.00000000
vn 0.99999442 0.00334165 0.00000000
vn 0.99999442 0.00334165 0.00000000
vn 0.99999442 0.00334165 0.00000000
vn 0.00000000 0.00000000 -1.00000000
vn 0.00000000 0.00000000 -1.00000000
vn 0.00000000 0.00000000 -1.00000000
vn 0.00000000 0.00000000 -1.00000000
vn 0.00000000 0.00000000 1.00000000
vn 0.00000000 0.00000000 1.00000000
vn 0.00000000 0.00000000 1.00000000
vn 0.00000000 0.00000000 1.00000000
vn -0.99995318 -0.00967678 0.00000000
vn -0.99995318 -0.00967678 0.00000000
vn -0.99995318 -0.00967678 0.00000000
vn -0.99995318 -0.00967678 0.00000000
vn 0.99986994 0.01612753 0.00000000
vn 0.99986994 0.01612753 0.00000000
vn 0.99986994 0.01612753 0.00000000
vn 0.99986994 0.01612753 0.00000000
vn 0.00000000 0.00000000 -1.00000000
vn 0.00000000 0.00000000 -1.00000000
vn 0.00000000 0.00000000 -1.00000000
vn 0.00000000 0.00000000 -1.00000000
vn 0.00000000 0.00000000 1.00000000
vn 0.00000000 0.00000000 1.00000000
vn 0.00000000 0.00000000 1.00000000
vn 0.00000000 0.00000000 1.00000000
vn -0.99995318 -0.00967678 0.00000000
vn -0.99995318 -0.00967678 0.00000000
vn -0.99995318 -0.00967678 0.00000000
vn -0.99995318 -0.00967678 0.00000000
vn 0.99990387 0.01386560 0.00000000
vn 0.99990387 0.01386560 0.00000000
vn 0.99990387 0.01386560 0.00000000
vn 0.99990387 0.01386560 0.00000000
vn 0.00000000 0.00000000 -1.00000000
vn 0.00000000 0.00000000 -1.00000000
vn 0.00000000 0.00000000 -1.00000000
vn 0.00000000 0.00000000 -1.00000000
vn 0.00000000 0.00000000 1.00000000
vn 0.00000000 0.00000000 1.00000000
vn 0.00000000 0.00000000 1.00000000
vn 0.00000000 0.00000000 1.00000000
vn -0.99995318 -0.00967678 0.00000000
vn -0.99995318 -0.00967678 0.00000000
vn -0.99995318 -0.00967678 0.00000000
vn -0.99995318 -0.00967678 0.00000000
vn 0.99990387 0.01386560 0.00000000
vn 0.99990387 0.01386560 0.00000000
vn 0.99990387 0.01386560 0.00000000
vn 0.99990387 0.01386560 0.00000000
vn 0.00000000 0.00000000 -1.00000000
vn 0.00000000 0.00000000 -1.00000000
vn 0.00000000 0.00000000 -1.00000000
vn 0.00000000 0.00000000 -1.00000000
vn 0.00000000 0.00000000 1.00000000
vn 0.00000000 0.00000000 1.00000000
vn 0.00000000 0.00000000 1.00000000
vn 0.00000000 0.00000000 1.00000000
vn -0.99995318 -0.00967678 0.00000000
vn -0.99995318 -0.00967678 0.00000000
vn -0.99995318 -0.00967678 0.00000000
vn -0.99995318 -0.00967678 0.00000000
vn 0.99990387 0.01386560 0.00000000
vn 0.99990387 0.01386560 0.00000000
vn 0.99990387 0.01386560 0.00000000
vn 0.99990387 0.01386560 0.00000000
vn 0.00000000 0.00000000 -1.00000000
vn 0.00000000 0.00000000 -1.00000000
vn 0.00000000 0.00000000 -1.00000000
vn 0.00000000 0.00000000 -1.00000000
vn 0.00000000 0.00000000 1.00000000
vn 0.00000000 0.00000000 1.00000000
vn 0.00000000 0.00000000 1.00000000
vn 0.00000000 0.00000000 1.00000000
vn -0.99987273 -0.01595353 0.00000000
vn -0.99987273 -0.01595353 0.00000000
vn -0.99987273 -0.01595353 0.00000000
vn -0.99987273 -0.01595353 0.00000000
vn 0.99986994 0.01612753 0.00000000
vn 0.99986994 0.01612753 0.00000000
vn 0.99986994 0.01612753 0.00000000
vn 0.99986994 0.01612753 0.00000000
vn 0.00000000 0.00000000 -1.00000000
vn 0.00000000 0.00000000 -1.00000000
vn 0.00000000 0.00000000 -1.00000000
vn 0.00000000 0.00000000 -1.00000000
vn 0.00000000 0.00000000 1.00000000
vn 0.00000000 0.00000000 1.00000000
vn 0.00000000 0.00000000 1.00000000
vn 0.00000000 0.00000000 1.00000000
vn -0.99990387 -0.01386560 0.00000000
vn -0.99990387 -0.01386560 0.00000000
vn -0.99990387 -0.01386560 0.00000000
vn -0.99990387 -0.01386560 0.00000000
vn 0.99987273 0.01595353 0.00000000
vn 0.99987273 0.01595353 0.00000000
vn 0.99987273 0.01595353 0.00000000
vn 0.99987273 0.01595353 0.00000000
vn 0.01386560 -0.99990387 0.00000000
vn 0.01595353 -0.99987273 0.00000000
vn 0.01595353 -0.99987273 0.00000000
vn 0.01386560 -0.99990387 0.00000000
vn 0.00000000 0.00000000 -1.00000000
vn 0.00000000 0.00000000 -1.00000000
vn 0.00000000 0.00000000 -1.00000000
vn 0.00000000 0.00000000 -1.00000000
vn 0.00000000 0.00000000 1.00000000
vn 0.00000000 0.00000000 1.00000000
vn 0.00000000 0.00000000 1.00000000
vn 0.00000000 0.00000000 1.00000000
vn -0.99995182 -0.00981599 0.00000000
vn -0.99995182 -0.00981599 0.00000000
vn -0.99995182 -0.00981599 0.00000000
vn -0.99995182 -0.00981599 0.00000000
vn 0.99987218 0.01598833 0.00000000
vn 0.99987218 0.01598833 0.00000000
vn 0.99987218 0.01598833 0.00000000
vn 0.99987218 0.01598833 0.00000000
vn 0.00981599 -0.99995182 0.00000000
vn 0.01598833 -0.99987218 0.00000000
vn 0.01598833 -0.99987218 0.00000000
vn 0.00981599 -0.99995182 0.00000000
vn -0.00981599 0.99995182 0.00000000
vn -0.00981599 0.99995182 0.00000000
vn -0.01598833 0.99987218 0.00000000
vn -0.01598833 0.99987218 0.00000000
vn 0.00000000 0.00000000 -1.00000000
vn 0.00000000 0.00000000 -1.00000000
vn 0.00000000 0.00000000 -1.00000000
vn 0.00000000 0.00000000 -1.00000000
vn 0.00000000 0.00000000 1.00000000
vn 0.00000000 0.00000000 1.00000000
vn 0.00000000 0.00000000 1.00000000
vn 0.00000000 0.00000000 1.00000000
vn -0.99995318 -0.00967678 0.00000000
vn -0.99995318 -0.00967678 0.00000000
vn -0.99995318 -0.00967678 0.00000000
vn -0.99995318 -0.00967678 0.00000000
vn 0.99995205 0.00979279 0.00000000
vn 0.99995205 0.00979279 0.00000000
vn 0.99995205 0.00979279 0.00000000
vn 0.99995205 0.00979279 0.00000000
vn 0.00000000 0.00000000 -1.00000000
vn 0.00000000 0.00000000 -1.00000000
vn 0.00000000 0.00000000 -1.00000000
vn 0.00000000 0.00000000 -1.00000000
vn 0.00000000 0.00000000 1.00000000
vn 0.00000000 0.00000000 1.00000000
vn 0.00000000 0.00000000 1.00000000
vn 0.00000000 0.00000000 1.00000000
vn -0.99986994 -0.01612753 0.00000000
vn -0.99986994 -0.01612753 0.00000000
vn -0.99986994 -0.01612753 0.00000000
vn -0.99986994 -0.01612753 0.00000000
vn 0.99974509 0.02257760 0.00000000
vn 0.99974509 0.02257760 0.00000000
vn 0.99974509 0.02257760 0.00000000
vn 0.99974509 0.02257760 0.00000000
vn 0.00000000 0.00000000 -1.00000000
vn 0.00000000 0.00000000 -1.00000000
vn 0.00000000 0.00000000 -1.00000000
vn 0.00000000 0.00000000 -1.00000000
vn 0.00000000 0.00000000 1.00000000
vn 0.00000000 0.00000000 1.00000000
vn 0.00000000 0.00000000 1.00000000
vn 0.00000000 0.00000000 1.00000000
vn -0.99986994 -0.01612753 0.00000000
vn -0.99986994 -0.01612753 0.00000000
vn -0.99986994 -0.01612753 0.00000000
vn -0.99986994 -0.01612753 0.00000000
vn 0.99979361 0.02031594 0.00000000
vn 0.99979361 0.02031594 0.00000000
vn 0.99979361 0.02031594 0.00000000
vn 0.99979361 0.02031594 0.00000000
vn 0.00000000 0.00000000 -1.00000000
vn 0.00000000 0.00000000 -1.00000000
vn 0.00000000 0.00000000 -1.00000000
vn 0.00000000 0.00000000 -1.00000000
vn 0.00000000 0.00000000 1.00000000
vn 0.00000000 0.00000000 1.00000000
vn 0.00000000 0.00000000 1.00000000
vn 0.00000000 0.00000000 1.00000000
vn -0.99986994 -0.01612753 0.00000000
vn -0.99986994 -0.01612753 0.00000000
vn -0.99986994 -0.01612753 0.00000000
vn -0.99986994 -0.01612753 0.00000000
vn 0.99979361 0.02031594 0.00000000
vn 0.99979361 0.02031594 0.00000000
vn 0.99979361 0.02031594 0.00000000
vn 0.99979361 0.02031594 0.00000000
vn 0.00000000 0.00000000 -1.00000000
vn 0.00000000 0.00000000 -1.00000000
vn 0.00000000 0.00000000 -1.00000000
vn 0.00000000 0.00000000 -1.00000000
vn 0.00000000 0.00000000 1.00000000
vn 0.00000000 0.00000000 1.00000000
vn 0.00000000 0.00000000 1.00000000
vn 0.00000000 0.00000000 1.00000000
vn -0.99986994 -0.01612753 0.00000000
vn -0.99986994 -0.01612753 0.00000000
vn -0.99986994 -0.01612753 0.00000000
vn -0.99986994 -0.01612753 0.00000000
vn 0.99979361 0.02031594 0.00000000
vn 0.99979361 0.02031594 0.00000000
vn 0.99979361 0.02031594 0.00000000
vn 0.99979361 0.02031594 0.00000000
vn 0.00000000 0.00000000 -1.00000000
vn 0.00000000 0.00000000 -1.00000000
vn 0.00000000 0.00000000 -1.00000000
vn 0.00000000 0.00000000 -1.00000000
vn 0.00000000 0.00000000 1.00000000
vn 0.00000000 0.00000000 1.00000000
vn 0.00000000 0.00000000 1.00000000
vn 0.00000000 0.00000000 1.00000000
vn -0.99974901 -0.02240363 0.00000000
vn -0.99974901 -0.02240363 0.00000000
vn -0.99974901 -0.02240363 0.00000000
vn -0.99974901 -0.02240363 0.00000000
vn 0.99974509 0.02257760 0.00000000
vn 0.99974509 0.02257760 0.00000000
vn 0.99974509 0.02257760 0.00000000
vn 0.99974509 0.02257760 0.00000000
vn 0.00000000 0.00000000 -1.00000000
vn 0.00000000 0.00000000 -1.00000000
vn 0.00000000 0.00000000 -1.00000000
vn 0.00000000 0.00000000 -1.00000000
vn 0.00000000 0.00000000 1.00000000
vn 0.00000000 0.00000000 1.00000000
vn 0.00000000 0.00000000 1.00000000
vn 0.00000000 0.00000000 1.00000000
vn -0.99979361 -0.02031594 0.00000000
vn -0.99979361 -0.02031594 0.00000000
vn -0.99979361 -0.02031594 0.00000000
vn -0.99979361 -0.02031594 0.00000000
vn 0.99974901 0.02240363 0.00000000
vn 0.99974901 0.02240363 0.00000000
vn 0.99974901 0.02240363 0.00000000
vn 0.99974901 0.02240363 0.00000000
vn 0.02031594 -0.99979361 0.00000000
vn 0.02240363 -0.99974901 0.00000000
vn 0.02240363 -0.99974901 0.00000000
vn 0.02031594 -0.99979361 0.00000000
vn 0.00000000 0.00000000 -1.00000000
vn 0.00000000 0.00000000 -1.00000000
vn 0.00000000 0.00000000 -1.00000000
vn 0.00000000 0.00000000 -1.00000000
vn 0.00000000 0.00000000 1.00000000
vn 0.00000000 0.00000000 1.00000000
vn 0.00000000 0.00000000 1.00000000
vn 0.00000000 0.00000000 1.00000000
vn -0.99986769 -0.01626672 0.00000000
vn -0.99986769 -0.01626672 0.00000000
vn -0.99986769 -0.01626672 0.00000000
vn -0.99986769 -0.01626672 0.00000000
vn 0.99974823 0.02243842 0.00000000
vn 0.99974823 0.02243842 0.00000000
vn 0.99974823 0.02243842 0.00000000
vn 0.99974823 0.02243842 0.00000000
vn 0.01626672 -0.99986769 0.00000000
vn 0.02243842 -0.99974823 0.00000000
vn 0.02243842 -0.99974823 0.00000000
vn 0.01626672 -0.99986769 0.00000000
vn -0.01626672 0.99986769 0.00000000
vn -0.01626672 0.99986769 0.00000000
vn -0.02243842 0.99974823 0.00000000
vn -0.02243842 0.99974823 0.00000000
vn 0.00000000 0.00000000 -1.00000000
vn 0.00000000 0.00000000 -1.00000000
vn 0.00000000 0.00000000 -1.00000000
vn 0.00000000 0.00000000 -1.00000000
vn 0.00000000 0.00000000 1.00000000
vn 0.00000000 0.00000000 1.00000000
vn 0.00000000 0.00000000 1.00000000
vn 0.00000000 0.00000000 1.00000000
vn -0.99986994 -0.01612753 0.00000000
vn -0.99986994 -0.01612753 0.00000000
vn -0.99986994 -0.01612753 0.00000000
vn -0.99986994 -0.01612753 0.00000000
vn 0.99986807 0.01624352 0.00000000
vn 0.99986807 0.01624352 0.00000000
vn 0.99986807 0.01624352 0.00000000
vn 0.99986807 0.01624352 0.00000000
vn 0.00000000 0.00000000 -1.00000000
vn 0.00000000 0.00000000 -1.00000000
vn 0.00000000 0.00000000 -1.00000000
vn 0.00000000 0.00000000 -1.00000000
vn 0.00000000 0.00000000 1.00000000
vn 0.00000000 0.00000000 1.00000000
vn 0.00000000 0.00000000 1.00000000
vn 0.00000000 0.00000000 1.00000000
vn -0.99974509 -0.02257760 0.00000000
vn -0.99974509 -0.02257760 0.00000000
vn -0.99974509 -0.02257760 0.00000000
vn -0.99974509 -0.02257760 0.00000000
vn 0.99957864 0.02902673 0.00000000
vn 0.99957864 0.02902673 0.00000000
vn 0.99957864 0.02902673 0.00000000
vn 0.99957864 0.02902673 0.00000000
vn 0.00000000 0.00000000 -1.00000000
vn 0.00000000 0.00000000 -1.00000000
vn 0.00000000 0.00000000 -1.00000000
vn 0.00000000 0.00000000 -1.00000000
vn 0.00000000 0.00000000 1.00000000
vn 0.00000000 0.00000000 1.00000000
vn 0.00000000 0.00000000 1.00000000
vn 0.00000000 0.00000000 1.00000000
vn -0.99974509 -0.02257760 0.00000000
vn -0.99974509 -0.02257760 0.00000000
vn -0.99974509 -0.02257760 0.00000000
vn -0.99974509 -0.02257760 0.00000000
vn 0.99964174 0.02676543 0.00000000
vn 0.99964174 0.02676543 0.00000000
vn 0.99964174 0.02676543 0.00000000
vn 0.99964174 0.02676543 0.00000000
vn 0.00000000 0.00000000 -1.00000000
vn 0.00000000 0.00000000 -1.00000000
vn 0.00000000 0.00000000 -1.00000000
vn 0.00000000 0.00000000 -1.00000000
vn 0.00000000 0.00000000 1.00000000
vn 0.00000000 0.00000000 1.00000000
vn 0.00000000 0.00000000 1.00000000
vn 0.00000000 0.00000000 1.00000000
vn -0.99974509 -0.02257760 0.00000000
vn -0.99974509 -0.02257760 0.00000000
vn -0.99974509 -0.02257760 0.00000000
vn -0.99974509 -0.02257760 0.00000000
vn 0.99964174 0.02676543 0.00000000
vn 0.99964174 0.02676543 0.00000000
vn 0.99964174 0.02676543 0.00000000
vn 0.99964174 0.02676543 0.00000000
vn 0.00000000 0.00000000 -1.00000000
vn 0.00000000 0.00000000 -1.00000000
vn 0.00000000 0.00000000 -1.00000000
vn 0.00000000 0.00000000 -1.00000000
vn 0.00000000 0.00000000 1.00000000
vn 0.00000000 0.00000000 1.00000000
vn 0.00000000 0.00000000 1.00000000
vn 0.00000000 0.00000000 1.00000000
vn -0.99974509 -0.02257760 0.00000000
vn -0.99974509 -0.02257760 0.00000000
vn -0.99974509 -0.02257760 0.00000000
vn -0.99974509 -0.02257760 0.00000000
vn 0.99964174 0.02676543 0.00000000
vn 0.99964174 0.02676543 0.00000000
vn 0.99964174 0.02676543 0.00000000
vn 0.99964174 0.02676543 0.00000000
vn 0.00000000 0.00000000 -1.00000000
vn 0.00000000 0.00000000 -1.00000000
vn 0.00000000 0.00000000 -1.00000000
vn 0.00000000 0.00000000 -1.00000000
vn 0.00000000 0.00000000 1.00000000
vn 0.00000000 0.00000000 1.00000000
vn 0.00000000 0.00000000 1.00000000
vn 0.00000000 0.00000000 1.00000000
vn -0.99958367 -0.02885279 0.00000000
vn -0.99958367 -0.02885279 0.00000000
vn -0.99958367 -0.02885279 0.00000000
vn -0.99958367 -0.02885279 0.00000000
vn 0.99957864 0.02902673 0.00000000
vn 0.99957864 0.02902673 0.00000000
vn 0.99957864 0.02902673 0.00000000
vn 0.99957864 0.02902673 0.00000000
vn 0.00000000 0.00000000 -1.00000000
vn 0.00000000 0.00000000 -1.00000000
vn 0.00000000 0.00000000 -1.00000000
vn 0.00000000 0.00000000 -1.00000000
vn 0.00000000 0.00000000 1.00000000
vn 0.00000000 0.00000000 1.00000000
vn 0.00000000 0.00000000 1.00000000
vn 0.00000000 0.00000000 1.00000000
vn -0.99964174 -0.02676543 0.00000000
vn -0.99964174 -0.02676543 0.00000000
vn -0.99964174 -0.02676543 0.00000000
vn -0.99964174 -0.02676543 0.00000000
vn 0.99958367 0.02885279 0.00000000
vn 0.99958367 0.02885279 0.00000000
vn 0.99958367 0.02885279 0.00000000
vn 0.99958367 0.02885279 0.00000000
vn 0.02676543 -0.99964174 0.00000000
vn 0.02885279 -0.99958367 0.00000000
vn 0.02885279 -0.99958367 0.00000000
vn 0.02676543 -0.99964174 0.00000000
vn 0.00000000 0.00000000 -1.00000000
vn 0.00000000 0.00000000 -1.00000000
vn 0.00000000 0.00000000 -1.00000000
vn 0.00000000 0.00000000 -1.00000000
vn 0.00000000 0.00000000 1.00000000
vn 0.00000000 0.00000000 1.00000000
vn 0.00000000 0.00000000 1.00000000
vn 0.00000000 0.00000000 1.00000000
vn -0.99974194 -0.02271677 0.00000000
vn -0.99974194 -0.02271677 0.00000000
vn -0.99974194 -0.02271677 0.00000000
vn -0.99974194 -0.02271677 0.00000000
vn 0.99958267 0.02888757 0.00000000
vn 0.99958267 0.02888757 0.00000000
vn 0.99958267 0.02888757 0.00000000
vn 0.99958267 0.02888757 0.00000000
vn 0.02271677 -0.99974194 0.00000000
vn 0.02888757 -0.99958267 0.00000000
vn 0.02888757 -0.99958267 0.00000000
vn 0.02271677 -0.99974194 0.00000000
vn -0.02271677 0.99974194 0.00000000
vn -0.02271677 0.99974194 0.00000000
vn -0.02888757 0.99958267 0.00000000
vn -0.02888757 0.99958267 0.00000000
vn 0.00000000 0.00000000 -1.00000000
vn 0.00000000 0.00000000 -1.00000000
vn 0.00000000 0.00000000 -1.00000000
vn 0.00000000 0.00000000 -1.00000000
vn 0.00000000 0.00000000 1.00000000
vn 0.00000000 0.00000000 1.00000000
vn 0.00000000 0.00000000 1.00000000
vn 0.00000000 0.00000000 1.00000000
vn -0.99974509 -0.02257760 0.00000000
vn -0.99974509 -0.02257760 0.00000000
vn -0.99974509 -0.02257760 0.00000000
vn -0.99974509 -0.02257760 0.00000000
vn 0.99974247 0.02269358 0.00000000
vn 0.99974247 0.02269358 0.00000000
vn 0.99974247 0.02269358 0.00000000
vn 0.99974247 0.02269358 0.00000000
vn 0.00000000 0.00000000 -1.00000000
vn 0.00000000 0.00000000 -1.00000000
vn 0.00000000 0.00000000 -1.00000000
vn 0.00000000 0.00000000 -1.00000000
vn 0.00000000 0.00000000 1.00000000
vn 0.00000000 0.00000000 1.00000000
vn 0.00000000 0.00000000 1.00000000
vn 0.00000000 0.00000000 1.00000000
vn -0.99958367 0.02885279 0.00000000
vn -0.99958367 0.02885279 0.00000000
vn -0.99958367 0.02885279 0.00000000
vn -0.99958367 0.02885279 0.00000000
vn -0.02885279 -0.99958367 0.00000000
vn -0.02061053 -0.99978758 0.00000000
vn -0.02061053 -0.99978758 0.00000000
vn -0.02885279 -0.99958367 0.00000000
vn 0.02885279 0.99958367 0.00000000
vn 0.02885279 0.99958367 0.00000000
vn 0.02061053 0.99978758 0.00000000
vn 0.02061053 0.99978758 0.00000000
vn 0.00000000 0.00000000 -1.00000000
vn 0.00000000 0.00000000 -1.00000000
vn 0.00000000 0.00000000 -1.00000000
vn 0.00000000 0.00000000 -1.00000000
vn 0.00000000 0.00000000 1.00000000
vn 0.00000000 0.00000000 1.00000000
vn 0.00000000 0.00000000 1.00000000
vn 0.00000000 0.00000000 1.00000000
vn -0.02061053 -0.99978758 0.00000000
vn -0.01236688 -0.99992353 0.00000000
vn -0.01236688 -0.99992353 0.00000000
vn -0.02061053 -0.99978758 0.00000000
vn 0.02061053 0.99978758 0.00000000
vn 0.02061053 0.99978758 0.00000000
vn 0.01236688 0.99992353 0.00000000
vn 0.01236688 0.99992353 0.00000000
vn 0.00000000 0.00000000 -1.00000000
vn 0.00000000 0.00000000 -1.00000000
vn 0.00000000 0.00000000 -1.00000000
vn 0.00000000 0.00000000 -1.00000000
vn 0.00000000 0.00000000 1.00000000
vn 0.00000000 0.00000000 1.00000000
vn 0.00000000 0.00000000 1.00000000
vn 0.00000000 0.00000000 1.00000000
vn -0.01236688 -0.99992353 0.00000000
vn -0.00412239 -0.99999150 0.00000000
vn -0.00412239 -0.99999150 0.00000000
vn -0.01236688 -0.99992353 0.00000000
vn 0.01236688 0.99992353 0.00000000
vn 0.01236688 0.99992353 0.00000000
vn 0.00412239 0.99999150 0.00000000
vn 0.00412239 0.99999150 0.00000000
vn 0.00000000 0.00000000 -1.00000000
vn 0.00000000 0.00000000 -1.00000000
vn 0.00000000 0.00000000 -1.00000000
vn 0.00000000 0.00000000 -1.00000000
vn 0.00000000 0.00000000 1.00000000
vn 0.00000000 0.00000000 1.00000000
vn 0.00000000 0.00000000 1.00000000
vn 0.00000000 0.00000000 1.00000000
vn -0.00412239 -0.99999150 0.00000000
vn 0.00412239 -0.99999150 0.00000000
vn 0.00412239 -0.99999150 0.00000000
vn -0.00412239 -0.99999150 0.00000000
vn 0.00412239 0.99999150 0.00000000
vn 0.00412239 0.99999150 0.00000000
vn -0.00412239 0.99999150 0.00000000
vn -0.00412239 0.99999150 0.00000000
vn 0.00000000 0.00000000 -1.00000000
vn 0.00000000 0.00000000 -1.00000000
vn 0.00000000 0.00000000 -1.00000000
vn 0.00000000 0.00000000 -1.00000000
vn 0.00000000 0.00000000 1.00000000
vn 0.00000000 0.00000000 1.00000000
vn 0.00000000 0.00000000 1.00000000
vn 0.00000000 0.00000000 1.00000000
vn 0.00412239 -0.99999150 0.00000000
vn 0.01236688 -0.99992353 0.00000000
vn 0.01236688 -0.99992353 0.00000000
vn 0.00412239 -0.99999150 0.00000000
vn -0.00412239 0.99999150 0.00000000
vn -0.00412239 0.99999150 0.00000000
vn -0.01236688 0.99992353 0.00000000
vn -0.01236688 0.99992353 0.00000000
vn 0.00000000 0.00000000 -1.00000000
vn 0.00000000 0.00000000 -1.00000000
vn 0.00000000 0.00000000 -1.00000000
vn 0.00000000 0.00000000 -1.00000000
vn 0.00000000 0.00000000 1.00000000
vn 0.00000000 0.00000000 1.00000000
vn 0.00000000 0.00000000 1.00000000
vn 0.00000000 0.00000000 1.00000000
vn 0.01236688 -0.99992353 0.00000000
vn 0.02061053 -0.99978758 0.00000000
vn 0.02061053 -0.99978758 0.00000000
vn 0.01236688 -0.99992353 0.00000000
vn -0.01236688 0.99992353 0.00000000
vn -0.01236688 0.99992353 0.00000000
vn -0.02061053 0.99978758 0.00000000
vn -0.02061053 0.99978758 0.00000000
vn 0.00000000 0.00000000 -1.00000000
vn 0.00000000 0.00000000 -1.00000000
vn 0.00000000 0.00000000 -1.00000000
vn 0.00000000 0.00000000 -1.00000000
vn 0.00000000 0.00000000 1.00000000
vn 0.00000000 0.00000000 1.00000000
vn 0.00000000 0.00000000 1.00000000
vn 0.00000000 0.00000000 1.00000000
vn 0.99958367 0.02885279 0.00000000
vn 0.99958367 0.02885279 0.00000000
vn 0.99958367 0.02885279 0.00000000
vn 0.99958367 0.02885279 0.00000000
vn 0.02061053 -0.99978758 0.00000000
vn 0.02885279 -0.99958367 0.00000000
vn 0.02885279 -0.99958367 0.00000000
vn 0.02061053 -0.99978758 0.00000000
vn -0.02061053 0.99978758 0.00000000
vn -0.02061053 0.99978758 0.00000000
vn -0.02885279 0.99958367 0.00000000
vn -0.02885279 0.99958367 0.00000000
vn 0.00000000 0.00000000 -1.00000000
vn 0.00000000 0.00000000 -1.00000000
vn 0.00000000 0.00000000 -1.00000000
vn 0.00000000 0.00000000 -1.00000000
vn 0.00000000 0.00000000 1.00000000
vn 0.00000000 0.00000000 1.00000000
vn 0.00000000 0.00000000 1.00000000
vn 0.00000000 0.00000000 1.00000000
vn -0.99958451 0.02882380 0.00000000
vn -0.99958451 0.02882380 0.00000000
vn -0.99958451 0.02882380 0.00000000
vn -0.99958451 0.02882380 0.00000000
vn 0.99958618 -0.02876582 0.00000000
vn 0.99958618 -0.02876582 0.00000000
vn 0.99958618 -0.02876582 0.00000000
vn 0.99958618 -0.02876582 0.00000000
vn 0.02882380 0.99958451 0.00000000
vn 0.02882380 0.99958451 0.00000000
vn 0.02876582 0.99958618 0.00000000
vn 0.02876582 0.99958618 0.00000000
vn 0.00000000 0.00000000 -1.00000000
vn 0.00000000 0.00000000 -1.00000000
vn 0.00000000 0.00000000 -1.00000000
vn 0.00000000 0.00000000 -1.00000000
vn 0.00000000 0.00000000 1.00000000
vn 0.00000000 0.00000000 1.00000000
vn 0.00000000 0.00000000 1.00000000
vn 0.00000000 0.00000000 1.00000000
vn -0.99974850 0.02242618 0.00000000
vn -0.99974850 0.02242618 0.00000000
vn -0.99974850 0.02242618 0.00000000
vn -0.99974850 0.02242618 0.00000000
vn 0.99974980 -0.02236819 0.00000000
vn 0.99974980 -0.02236819 0.00000000
vn 0.99974980 -0.02236819 0.00000000
vn 0.99974980 -0.02236819 0.00000000
vn 0.02242618 0.99974850 0.00000000
vn 0.02242618 0.99974850 0.00000000
vn 0.02236819 0.99974980 0.00000000
vn 0.02236819 0.99974980 0.00000000
vn 0.00000000 0.00000000 -1.00000000
vn 0.00000000 0.00000000 -1.00000000
vn 0.00000000 0.00000000 -1.00000000
vn 0.00000000 0.00000000 -1.00000000
vn 0.00000000 0.00000000 1.00000000
vn 0.00000000 0.00000000 1.00000000
vn 0.00000000 0.00000000 1.00000000
vn 0.00000000 0.00000000 1.00000000
vn -0.99987155 0.01602764 0.00000000
vn -0.99987155 0.01602764 0.00000000
vn -0.99987155 0.01602764 0.00000000
vn -0.99987155 0.01602764 0.00000000
vn 0.99987248 -0.01596964 0.00000000
vn 0.99987248 -0.01596964 0.00000000
vn 0.99987248 -0.01596964 0.00000000
vn 0.99987248 -0.01596964 0.00000000
vn 0.01602764 0.99987155 0.00000000
vn 0.01602764 0.99987155 0.00000000
vn 0.01596964 0.99987248 0.00000000
vn 0.01596964 0.99987248 0.00000000
vn 0.00000000 0.00000000 -1.00000000
vn 0.00000000 0.00000000 -1.00000000
vn 0.00000000 0.00000000 -1.00000000
vn 0.00000000 0.00000000 -1.00000000
vn 0.00000000 0.00000000 1.00000000
vn 0.00000000 0.00000000 1.00000000
vn 0.00000000 0.00000000 1.00000000
vn 0.00000000 0.00000000 1.00000000
vn -0.99995365 0.00962845 0.00000000
vn -0.99995365 0.00962845 0.00000000
vn -0.99995365 0.00962845 0.00000000
vn -0.99995365 0.00962845 0.00000000
vn 0.99995420 -0.00957045 0.00000000
vn 0.99995420 -0.00957045 0.00000000
vn 0.99995420 -0.00957045 0.00000000
vn 0.99995420 -0.00957045 0.00000000
vn 0.00962845 0.99995365 0.00000000
vn 0.00962845 0.99995365 0.00000000
vn 0.00957045 0.99995420 0.00000000
vn 0.00957045 0.99995420 0.00000000
vn 0.00000000 0.00000000 -1.00000000
vn 0.00000000 0.00000000 -1.00000000
vn 0.00000000 0.00000000 -1.00000000
vn 0.00000000 0.00000000 -1.00000000
vn 0.00000000 0.00000000 1.00000000
vn 0.00000000 0.00000000 1.00000000
vn 0.00000000 0.00000000 1.00000000
vn 0.00000000 0.00000000 1.00000000
vn -0.99999479 0.00322886 0.00000000
vn -0.99999479 0.00322886 0.00000000
vn -0.99999479 0.00322886 0.00000000
vn -0.99999479 0.00322886 0.00000000
vn 0.99999497 -0.00317086 0.00000000
vn 0.99999497 -0.00317086 0.00000000
vn 0.99999497 -0.00317086 0.00000000
vn 0.99999497 -0.00317086 0.00000000
vn 0.00322886 0.99999479 0.00000000
vn 0.00322886 0.99999479 0.00000000
vn 0.00317086 0.99999497 0.00000000
vn 0.00317086 0.99999497 0.00000000
vn 0.00000000 0.00000000 -1.00000000
vn 0.00000000 0.00000000 -1.00000000
vn 0.00000000 0.00000000 -1.00000000
vn 0.00000000 0.00000000 -1.00000000
vn 0.00000000 0.00000000 1.00000000
vn 0.00000000 0.00000000 1.00000000
vn 0.00000000 0.00000000 1.00000000
vn 0.00000000 0.00000000 1.00000000
vn -0.99999497 -0.00317086 0.00000000
vn -0.99999497 -0.00317086 0.00000000
vn -0.99999497 -0.00317086 0.00000000
vn -0.99999497 -0.00317086 0.00000000
vn 0.99999479 0.00322886 0.00000000
vn 0.99999479 0.00322886 0.00000000
vn 0.99999479 0.00322886 0.00000000
vn 0.99999479 0.00322886 0.00000000
vn -0.00317086 0.99999497 0.00000000
vn -0.00317086 0.99999497 0.00000000
vn -0.00322886 0.99999479 0.00000000
vn -0.00322886 0.99999479 0.00000000
vn 0.00000000 0.00000000 -1.00000000
vn 0.00000000 0.00000000 -1.00000000
vn 0.00000000 0.00000000 -1.00000000
vn 0.00000000 0.00000000 -1.00000000
vn 0.00000000 0.00000000 1.00000000
vn 0.00000000 0.00000000 1.00000000
vn 0.00000000 0.00000000 1.00000000
vn 0.00000000 0.00000000 1.00000000
vn -0.99995420 -0.00957045 0.00000000
vn -0.99995420 -0.00957045 0.00000000
vn -0.99995420 -0.00957045 0.00000000
vn -0.99995420 -0.00957045 0.00000000
vn 0.99995365 0.00962845 0.00000000
vn 0.99995365 0.00962845 0.00000000
vn 0.99995365 0.00962845 0.00000000
vn 0.99995365 0.00962845 0.00000000
vn -0.00957045 0.99995420 0.00000000
vn -0.00957045 0.99995420 0.00000000
vn -0.00962845 0.99995365 0.00000000
vn -0.00962845 0.99995365 0.00000000
vn 0.00000000 0.00000000 -1.00000000
vn 0.00000000 0.00000000 -1.00000000
vn 0.00000000 0.00000000 -1.00000000
vn 0.00000000 0.00000000 -1.00000000
vn 0.00000000 0.00000000 1.00000000
vn 0.00000000 0.00000000 1.00000000
vn 0.00000000 0.00000000 1.00000000
vn 0.00000000 0.00000000 1.00000000
vn -0.99987248 -0.01596964 0.00000000
vn -0.99987248 -0.01596964 0.00000000
vn -0.99987248 -0.01596964 0.00000000
vn -0.99987248 -0.01596964 0.00000000
vn 0.99987155 0.01602764 0.00000000
vn 0.99987155 0.01602764 0.00000000
vn 0.99987155 0.01602764 0.00000000
vn 0.99987155 0.01602764 0.00000000
vn -0.01596964 0.99987248 0.00000000
vn -0.01596964 0.99987248 0.00000000
vn -0.01602764 0.99987155 0.00000000
vn -0.01602764 0.99987155 0.00000000
vn 0.00000000 0.00000000 -1.00000000
vn 0.00000000 0.00000000 -1.00000000
vn 0.00000000 0.00000000 -1.00000000
vn 0.00000000 0.00000000 -1.00000000
vn 0.00000000 0.00000000 1.00000000
vn 0.00000000 0.00000000 1.00000000
vn 0.00000000 0.00000000 1.00000000
vn 0.00000000 0.00000000 1.00000000
vn -0.99974980 -0.02236819 0.00000000
vn -0.99974980 -0.02236819 0.00000000
vn -0.99974980 -0.02236819 0.00000000
vn -0.99974980 -0.02236819 0.00000000
vn 0.99974850 0.02242618 0.00000000
vn 0.99974850 0.02242618 0.00000000
vn 0.99974850 0.02242618 0.00000000
vn 0.99974850 0.02242618 0.00000000
vn -0.02236819 0.99974980 0.00000000
vn -0.02236819 0.99974980 0.00000000
vn -0.02242618 0.99974850 0.00000000
vn -0.02242618 0.99974850 0.00000000
vn 0.00000000 0.00000000 -1.00000000
vn 0.00000000 0.00000000 -1.00000000
vn 0.00000000 0.00000000 -1.00000000
vn 0.00000000 0.00000000 -1.00000000
vn 0.00000000 0.00000000 1.00000000
vn 0.00000000 0.00000000 1.00000000
vn 0.00000000 0.00000000 1.00000000
vn 0.00000000 0.00000000 1.00000000
vn -0.99958618 -0.02876582 0.00000000
vn -0.99958618 -0.02876582 0.00000000
vn -0.99958618 -0.02876582 0.00000000
vn -0.99958618 -0.02876582 0.00000000
vn 0.99958451 0.02882380 0.00000000
vn 0.99958451 0.02882380 0.00000000
vn 0.99958451 0.02882380 0.00000000
vn 0.99958451 0.02882380 0.00000000
vn -0.02876582 0.99958618 0.00000000
vn -0.02876582 0.99958618 0.00000000
vn -0.02882380 0.99958451 0.00000000
vn -0.02882380 0.99958451 0.00000000
vn 0.00000000 0.00000000 -1.00000000
vn 0.00000000 0.00000000 -1.00000000
vn 0.00000000 0.00000000 -1.00000000
vn 0.00000000 0.00000000 -1.00000000
vn 0.00000000 0.00000000 1.00000000
vn 0.00000000 0.00000000 1.00000000
vn 0.00000000 0.00000000 1.00000000
vn 0.00000000 0.00000000 1.00000000
vn -0.99957864 0.02902673 0.00000000
vn -0.99957864 0.02902673 0.00000000
vn -0.99957864 0.02902673 0.00000000
vn -0.99957864 0.02902673 0.00000000
vn -0.02902673 -0.99957864 0.00000000
vn -0.02455143 -0.99969857 0.00000000
vn -0.02455143 -0.99969857 0.00000000
vn -0.02902673 -0.99957864 0.00000000
vn 0.02902673 0.99957864 0.00000000
vn 0.02902673 0.99957864 0.00000000
vn 0.02455143 0.99969857 0.00000000
vn 0.02455143 0.99969857 0.00000000
vn 0.00000000 0.00000000 -1.00000000
vn 0.00000000 0.00000000 -1.00000000
vn 0.00000000 0.00000000 -1.00000000
vn 0.00000000 0.00000000 -1.00000000
vn 0.00000000 0.00000000 1.00000000
vn 0.00000000 0.00000000 1.00000000
vn 0.00000000 0.00000000 1.00000000
vn 0.00000000 0.00000000 1.00000000
vn -0.02455143 -0.99969857 0.00000000
vn -0.02007565 -0.99979846 0.00000000
vn -0.02007565 -0.99979846 0.00000000
vn -0.02455143 -0.99969857 0.00000000
vn 0.02455143 0.99969857 0.00000000
vn 0.02455143 0.99969857 0.00000000
vn 0.02007565 0.99979846 0.00000000
vn 0.02007565 0.99979846 0.00000000
vn 0.00000000 0.00000000 -1.00000000
vn 0.00000000 0.00000000 -1.00000000
vn 0.00000000 0.00000000 -1.00000000
vn 0.00000000 0.00000000 -1.00000000
vn 0.00000000 0.00000000 1.00000000
vn 0.00000000 0.00000000 1.00000000
vn 0.00000000 0.00000000 1.00000000
vn 0.00000000 0.00000000 1.00000000
vn -0.02007565 -0.99979846 0.00000000
vn -0.01559946 -0.99987832 0.00000000
vn -0.01559946 -0.99987832 0.00000000
vn -0.02007565 -0.99979846 0.00000000
vn 0.02007565 0.99979846 0.00000000
vn 0.02007565 0.99979846 0.00000000
vn 0.01559946 0.99987832 0.00000000
vn 0.01559946 0.99987832 0.00000000
vn 0.00000000 0.00000000 -1.00000000
vn 0.00000000 0.00000000 -1.00000000
vn 0.00000000 0.00000000 -1.00000000
vn 0.00000000 0.00000000 -1.00000000
vn 0.00000000 0.00000000 1.00000000
vn 0.00000000 0.00000000 1.00000000
vn 0.00000000 0.00000000 1.00000000
vn 0.00000000 0.00000000 1.00000000
vn -0.01559946 -0.99987832 0.00000000
vn -0.01112295 -0.99993814 0.00000000
vn -0.01112295 -0.99993814 0.00000000
vn -0.01559946 -0.99987832 0.00000000
vn 0.01559946 0.99987832 0.00000000
vn 0.01559946 0.99987832 0.00000000
vn 0.01112295 0.99993814 0.00000000
vn 0.01112295 0.99993814 0.00000000
vn 0.00000000 0.00000000 -1.00000000
vn 0.00000000 0.00000000 -1.00000000
vn 0.00000000 0.00000000 -1.00000000
vn 0.00000000 0.00000000 -1.00000000
vn 0.00000000 0.00000000 1.00000000
vn 0.00000000 0.00000000 1.00000000
vn 0.00000000 0.00000000 1.00000000
vn 0.00000000 0.00000000 1.00000000
vn -0.01112295 -0.99993814 0.00000000
vn -0.00664623 -0.99997791 0.00000000
vn -0.00664623 -0.99997791 0.00000000
vn -0.01112295 -0.99993814 0.00000000
vn 0.01112295 0.99993814 0.00000000
vn 0.01112295 0.99993814 0.00000000
vn 0.00664623 0.99997791 0.00000000
vn 0.00664623 0.99997791 0.00000000
vn 0.00000000 0.00000000 -1.00000000
vn 0.00000000 0.00000000 -1.00000000
vn 0.00000000 0.00000000 -1.00000000
vn 0.00000000 0.00000000 -1.00000000
vn 0.00000000 0.00000000 1.00000000
vn 0.00000000 0.00000000 1.00000000
vn 0.00000000 0.00000000 1.00000000
vn 0.00000000 0.00000000 1.00000000
vn 0.99999765 -0.00216937 0.00000000
vn 0.99999765 -0.00216937 0.00000000
vn 0.99999765 -0.00216937 0.00000000
vn 0.99999765 -0.00216937 0.00000000
vn -0.00664623 -0.99997791 0.00000000
vn -0.00216937 -0.99999765 0.00000000
vn -0.00216937 -0.99999765 0.00000000
vn -0.00664623 -0.99997791 0.00000000
vn 0.00664623 0.99997791 0.00000000
vn 0.00664623 0.99997791 0.00000000
vn 0.00216937 0.99999765 0.00000000
vn 0.00216937 0.99999765 0.00000000
vn 0.00000000 0.00000000 -1.00000000
vn 0.00000000 0.00000000 -1.00000000
vn 0.00000000 0.00000000 -1.00000000
vn 0.00000000 0.00000000 -1.00000000
vn 0.00000000 0.00000000 1.00000000
vn 0.00000000 0.00000000 1.00000000
vn 0.00000000 0.00000000 1.00000000
vn 0.00000000 0.00000000 1.00000000
vn -0.99999765 -0.00216937 0.00000000
vn -0.99999765 -0.00216937 0.00000000
vn -0.99999765 -0.00216937 0.00000000
vn -0.99999765 -0.00216937 0.00000000
vn 0.00216937 -0.99999765 0.00000000
vn 0.00664623 -0.99997791 0.00000000
vn 0.00664623 -0.99997791 0.00000000
vn 0.00216937 -0.99999765 0.00000000
vn -0.00216937 0.99999765 0.00000000
vn -0.00216937 0.99999765 0.00000000
vn -0.00664623 0.99997791 0.00000000
vn -0.00664623 0.99997791 0.00000000
vn 0.00000000 0.00000000 -1.00000000
vn 0.00000000 0.00000000 -1.00000000
vn 0.00000000 0.00000000 -1.00000000
vn 0.00000000 0.00000000 -1.00000000
vn 0.00000000 0.00000000 1.00000000
vn 0.00000000 0.00000000 1.00000000
vn 0.00000000 0.00000000 1.00000000
vn 0.00000000 0.00000000 1.00000000
vn 0.00664623 -0.99997791 0.00000000
vn 0.01112295 -0.99993814 0.00000000
vn 0.01112295 -0.99993814 0.00000000
vn 0.00664623 -0.99997791 0.00000000
vn -0.00664623 0.99997791 0.00000000
vn -0.00664623 0.99997791 0.00000000
vn -0.01112295 0.99993814 0.00000000
vn -0.01112295 0.99993814 0.00000000
vn 0.00000000 0.00000000 -1.00000000
vn 0.00000000 0.00000000 -1.00000000
vn 0.00000000 0.00000000 -1.00000000
vn 0.00000000 0.00000000 -1.00000000
vn 0.00000000 0.00000000 1.00000000
vn 0.00000000 0.00000000 1.00000000
vn 0.00000000 0.00000000 1.00000000
vn 0.00000000 0.00000000 1.00000000
vn 0.01112295 -0.99993814 0.00000000
vn 0.01559946 -0.99987832 0.00000000
vn 0.01559946 -0.99987832 0.00000000
vn 0.01112295 -0.99993814 0.00000000
vn -0.01112295 0.99993814 0.00000000
vn -0.01112295 0.99993814 0.00000000
vn -0.01559946 0.99987832 0.00000000
vn -0.01559946 0.99987832 0.00000000
vn 0.00000000 0.00000000 -1.00000000
vn 0.00000000 0.00000000 -1.00000000
vn 0.00000000 0.00000000 -1.00000000
vn 0.00000000 0.00000000 -1.00000000
vn 0.00000000 0.00000000 1.00000000
vn 0.00000000 0.00000000 1.00000000
vn 0.00000000 0.00000000 1.00000000
vn 0.00000000 0.00000000 1.00000000
vn 0.01559946 -0.99987832 0.00000000
vn 0.02007565 -0.99979846 0.00000000
vn 0.02007565 -0.99979846 0.00000000
vn 0.01559946 -0.99987832 0.00000000
vn -0.01559946 0.99987832 0.00000000
vn -0.01559946 0.99987832 0.00000000
vn -0.02007565 0.99979846 0.00000000
vn -0.02007565 0.99979846 0.00000000
vn 0.00000000 0.00000000 -1.00000000
vn 0.00000000 0.00000000 -1.00000000
vn 0.00000000 0.00000000 -1.00000000
vn 0.00000000 0.00000000 -1.00000000
vn 0.00000000 0.00000000 1.00000000
vn 0.00000000 0.00000000 1.00000000
vn 0.00000000 0.00000000 1.00000000
vn 0.00000000 0.00000000 1.00000000
vn 0.02007565 -0.99979846 0.00000000
vn 0.02455143 -0.99969857 0.00000000
vn 0.02455143 -0.99969857 0.00000000
vn 0.02007565 -0.99979846 0.00000000
vn -0.02007565 0.99979846 0.00000000
vn -0.02007565 0.99979846 0.00000000
vn -0.02455143 0.99969857 0.00000000
vn -0.02455143 0.99969857 0.00000000
vn 0.00000000 0.00000000 -1.00000000
vn 0.00000000 0.00000000 -1.00000000
vn 0.00000000 0.00000000 -1.00000000
vn 0.00000000 0.00000000 -1.00000000
vn 0.00000000 0.00000000 1.00000000
vn 0.00000000 0.00000000 1.00000000
vn 0.00000000 0.00000000 1.00000000
vn 0.00000000 0.00000000 1.00000000
vn 0.99957864 0.02902673 0.00000000
vn 0.99957864 0.02902673 0.00000000
vn 0.99957864 0.02902673 0.00000000
vn 0.99957864 0.02902673 0.00000000
vn 0.02455143 -0.99969857 0.00000000
vn 0.02902673 -0.99957864 0.00000000
vn 0.02902673 -0.99957864 0.00000000
vn 0.02455143 -0.99969857 0.00000000
vn -0.02455143 0.99969857 0.00000000
vn -0.02455143 0.99969857 0.00000000
vn -0.02902673 0.99957864 0.00000000
vn -0.02902673 0.99957864 0.00000000
vn 0.00000000 0.00000000 -1.00000000
vn 0.00000000 0.00000000 -1.00000000
vn 0.00000000 0.00000000 -1.00000000
vn 0.00000000 0.00000000 -1.00000000
vn 0.00000000 0.00000000 1.00000000
vn 0.00000000 0.00000000 1.00000000
vn 0.00000000 0.00000000 1.00000000
vn 0.00000000 0.00000000 1.00000000
vn -0.99999765 0.00216937 0.00000000
vn -0.99999765 0.00216937 0.00000000
vn -0.99999765 0.00216937 0.00000000
vn -0.99999765 0.00216937 0.00000000
vn 0.99999765 0.00216937 0.00000000
vn 0.99999765 0.00216937 0.00000000
vn 0.99999765 0.00216937 0.00000000
vn 0.99999765 0.00216937 0.00000000
vn -0.00216937 -0.99999765 0.00000000
vn 0.00216937 -0.99999765 0.00000000
vn 0.00216937 -0.99999765 0.00000000
vn -0.00216937 -0.99999765 0.00000000
vn 0.00216937 0.99999765 0.00000000
vn 0.00216937 0.99999765 0.00000000
vn -0.00216937 0.99999765 0.00000000
vn -0.00216937 0.99999765 0.00000000
vn 0.00000000 0.00000000 -1.00000000
vn 0.00000000 0.00000000 -1.00000000
vn 0.00000000 0.00000000 -1.00000000
vn 0.00000000 0.00000000 -1.00000000
vn 0.00000000 0.00000000 1.00000000
vn 0.00000000 0.00000000 1.00000000
vn 0.00000000 0.00000000 1.00000000
vn 0.00000000 0.00000000 1.00000000
vn -0.99999765 0.00216937 0.00000000
vn -0.99999765 0.00216937 0.00000000
vn -0.99999765 0.00216937 0.00000000
vn -0.99999765 0.00216937 0.00000000
vn 0.99999765 0.00216937 0.00000000
vn 0.99999765 0.00216937 0.00000000
vn 0.99999765 0.00216937 0.00000000
vn 0.99999765 0.00216937 0.00000000
vn -0.00216937 -0.99999765 0.00000000
vn 0.00216937 -0.99999765 0.00000000
vn 0.00216937 -0.99999765 0.00000000
vn -0.00216937 -0.99999765 0.00000000
vn 0.00216937 0.99999765 0.00000000
vn 0.00216937 0.99999765 0.00000000
vn -0.00216937 0.99999765 0.00000000
vn -0.00216937 0.99999765 0.00000000
vn 0.00000000 0.00000000 -1.00000000
vn 0.00000000 0.00000000 -1.00000000
vn 0.00000000 0.00000000 -1.00000000
vn 0.00000000 0.00000000 -1.00000000
vn 0.00000000 0.00000000 1.00000000
vn 0.00000000 0.00000000 1.00000000
vn 0.00000000 0.00000000 1.00000000
vn 0.00000000 0.00000000 1.00000000
vn -0.99999765 0.00216937 0.00000000
vn -0.99999765 0.00216937 0.00000000
vn -0.99999765 0.00216937 0.00000000
vn -0.99999765 0.00216937 0.00000000
vn 0.99999842 -0.00177494 0.00000000
vn 0.99999842 -0.00177494 0.00000000
vn 0.99999842 -0.00177494 0.00000000
vn 0.99999842 -0.00177494 0.00000000
vn -0.00216937 -0.99999765 0.00000000
vn -0.00177494 -0.99999842 0.00000000
vn -0.00177494 -0.99999842 0.00000000
vn -0.00216937 -0.99999765 0.00000000
vn 0.00216937 0.99999765 0.00000000
vn 0.00216937 0.99999765 0.00000000
vn 0.00177494 0.99999842 0.00000000
vn 0.00177494 0.99999842 0.00000000
vn 0.00000000 0.00000000 -1.00000000
vn 0.00000000 0.00000000 -1.00000000
vn 0.00000000 0.00000000 -1.00000000
vn 0.00000000 0.00000000 -1.00000000
vn 0.00000000 0.00000000 1.00000000
vn 0.00000000 0.00000000 1.00000000
vn 0.00000000 0.00000000 1.00000000
vn 0.00000000 0.00000000 1.00000000
vn -0.99999765 0.00216937 0.00000000
vn -0.99999765 0.00216937 0.00000000
vn -0.99999765 0.00216937 0.00000000
vn -0.99999765 0.00216937 0.00000000
vn 0.99999777 -0.00211137 0.00000000
vn 0.99999777 -0.00211137 0.00000000
vn 0.99999777 -0.00211137 0.00000000
vn 0.99999777 -0.00211137 0.00000000
vn -0.00216937 -0.99999765 0.00000000
vn -0.00211137 -0.99999777 0.00000000
vn -0.00211137 -0.99999777 0.00000000
vn -0.00216937 -0.99999765 0.00000000
vn 0.00216937 0.99999765 0.00000000
vn 0.00216937 0.99999765 0.00000000
vn 0.00211137 0.99999777 0.00000000
vn 0.00211137 0.99999777 0.00000000
vn 0.00000000 0.00000000 -1.00000000
vn 0.00000000 0.00000000 -1.00000000
vn 0.00000000 0.00000000 -1.00000000
vn 0.00000000 0.00000000 -1.00000000
vn 0.00000000 0.00000000 1.00000000
vn 0.00000000 0.00000000 1.00000000
vn 0.00000000 0.00000000 1.00000000
vn 0.00000000 0.00000000 1.00000000
vn -0.99999842 0.00177494 0.00000000
vn -0.99999842 0.00177494 0.00000000
vn -0.99999842 0.00177494 0.00000000
vn -0.99999842 0.00177494 0.00000000
vn 0.99999905 -0.00138051 0.00000000
vn 0.99999905 -0.00138051 0.00000000
vn 0.99999905 -0.00138051 0.00000000
vn 0.99999905 -0.00138051 0.00000000
vn -0.00177494 -0.99999842 0.00000000
vn -0.00138051 -0.99999905 0.00000000
vn -0.00138051 -0.99999905 0.00000000
vn -0.00177494 -0.99999842 0.00000000
vn 0.00177494 0.99999842 0.00000000
vn 0.00177494 0.99999842 0.00000000
vn 0.00138051 0.99999905 0.00000000
vn 0.00138051 0.99999905 0.00000000
vn 0.00000000 0.00000000 -1.00000000
vn 0.00000000 0.00000000 -1.00000000
vn 0.00000000 0.00000000 -1.00000000
vn 0.00000000 0.00000000 -1.00000000
vn 0.00000000 0.00000000 1.00000000
vn 0.00000000 0.00000000 1.00000000
vn 0.00000000 0.00000000 1.00000000
vn 0.00000000 0.00000000 1.00000000
vn -0.99999842 0.00177494 0.00000000
vn -0.99999842 0.00177494 0.00000000
vn -0.99999842 0.00177494 0.00000000
vn -0.99999842 0.00177494 0.00000000
vn 0.99999853 -0.00171694 0.00000000
vn 0.99999853 -0.00171694 0.00000000
vn 0.99999853 -0.00171694 0.00000000
vn 0.99999853 -0.00171694 0.00000000
vn -0.00177494 -0.99999842 0.00000000
vn -0.00171694 -0.99999853 0.00000000
vn -0.00171694 -0.99999853 0.00000000
vn -0.00177494 -0.99999842 0.00000000
vn 0.00177494 0.99999842 0.00000000
vn 0.00177494 0.99999842 0.00000000
vn 0.00171694 0.99999853 0.00000000
vn 0.00171694 0.99999853 0.00000000
vn 0.00000000 0.00000000 -1.00000000
vn 0.00000000 0.00000000 -1.00000000
vn 0.00000000 0.00000000 -1.00000000
vn 0.00000000 0.00000000 -1.00000000
vn 0.00000000 0.00000000 1.00000000
vn 0.00000000 0.00000000 1.00000000
vn 0.00000000 0.00000000 1.00000000
vn 0.00000000 0.00000000 1.00000000
vn -0.99999905 0.00138051 0.00000000
vn -0.99999905 0.00138051 0.00000000
vn -0.99999905 0.00138051 0.00000000
vn -0.99999905 0.00138051 0.00000000
vn 0.99999951 -0.00098608 0.00000000
vn 0.99999951 -0.00098608 0.00000000
vn 0.99999951 -0.00098608 0.00000000
vn 0.99999951 -0.00098608 0.00000000
vn -0.00138051 -0.99999905 0.00000000
vn -0.00098608 -0.99999951 0.00000000
vn -0.00098608 -0.99999951 0.00000000
vn -0.00138051 -0.99999905 0.00000000
vn 0.00138051 0.99999905 0.00000000
vn 0.00138051 0.99999905 0.00000000
vn 0.00098608 0.99999951 0.00000000
vn 0.00098608 0.99999951 0.00000000
vn 0.00000000 0.00000000 -1.00000000
vn 0.00000000 0.00000000 -1.00000000
vn 0.00000000 0.00000000 -1.00000000
vn 0.00000000 0.00000000 -1.00000000
vn 0.00000000 0.00000000 1.00000000
vn 0.00000000 0.00000000 1.00000000
vn 0.00000000 0.00000000 1.00000000
vn 0.00000000 0.00000000 1.00000000
vn -0.99999905 0.00138051 0.00000000
vn -0.99999905 0.00138051 0.00000000
vn -0.99999905 0.00138051 0.00000000
vn -0.99999905 0.00138051 0.00000000
vn 0.99999913 -0.00132251 0.00000000
vn 0.99999913 -0.00132251 0.00000000
vn 0.99999913 -0.00132251 0.00000000
vn 0.99999913 -0.00132251 0.00000000
vn -0.00138051 -0.99999905 0.00000000
vn -0.00132251 -0.99999913 0.00000000
vn -0.00132251 -0.99999913 0.00000000
vn -0.00138051 -0.99999905 0.00000000
vn 0.00138051 0.99999905 0.00000000
vn 0.00138051 0.99999905 0.00000000
vn 0.00132251 0.99999913 0.00000000
vn 0.00132251 0.99999913 0.00000000
vn 0.00000000 0.00000000 -1.00000000
vn 0.00000000 0.00000000 -1.00000000
vn 0.00000000 0.00000000 -1.00000000
vn 0.00000000 0.00000000 -1.00000000
vn 0.00000000 0.00000000 1.00000000
vn 0.00000000 0.00000000 1.00000000
vn 0.00000000 0.00000000 1.00000000
vn 0.00000000 0.00000000 1.00000000
vn -0.99999951 0.00098608 0.00000000
vn -0.99999951 0.00098608 0.00000000
vn -0.99999951 0.00098608 0.00000000
vn -0.99999951 0.00098608 0.00000000
vn 0.99999982 -0.00059165 0.00000000
vn 0.99999982 -0.00059165 0.00000000
vn 0.99999982 -0.00059165 0.00000000
vn 0.99999982 -0.00059165 0.00000000
vn -0.00098608 -0.99999951 0.00000000
vn -0.00059165 -0.99999982 0.00000000
vn -0.00059165 -0.99999982 0.00000000
vn -0.00098608 -0.99999951 0.00000000
vn 0.00098608 0.99999951 0.00000000
vn 0.00098608 0.99999951 0.00000000
vn 0.00059165 0.99999982 0.00000000
vn 0.00059165 0.99999982 0.00000000
vn 0.00000000 0.00000000 -1.00000000
vn 0.00000000 0.00000000 -1.00000000
vn 0.00000000 0.00000000 -1.00000000
vn 0.00000000 0.00000000 -1.00000000
vn 0.00000000 0.00000000 1.00000000
vn 0.00000000 0.00000000 1.00000000
vn 0.00000000 0.00000000 1.00000000
vn 0.00000000 0.00000000 1.00000000
vn -0.99999951 0.00098608 0.00000000
vn -0.99999951 0.00098608 0.00000000
vn -0.99999951 0.00098608 0.00000000
vn -0.99999951 0.00098608 0.00000000
vn 0.99999957 -0.00092807 0.00000000
vn 0.99999957 -0.00092807 0.00000000
vn 0.99999957 -0.00092807 0.00000000
vn 0.99999957 -0.00092807 0.00000000
vn -0.00098608 -0.99999951 0.00000000
vn -0.00092807 -0.99999957 0.00000000
vn -0.00092807 -0.99999957 0.00000000
vn -0.00098608 -0.99999951 0.00000000
vn 0.00098608 0.99999951 0.00000000
vn 0.00098608 0.99999951 0.00000000
vn 0.00092807 0.99999957 0.00000000
vn 0.00092807 0.99999957 0.00000000
vn 0.00000000 0.00000000 -1.00000000
vn 0.00000000 0.00000000 -1.00000000
vn 0.00000000 0.00000000 -1.00000000
vn 0.00000000 0.00000000 -1.00000000
vn 0.00000000 0.00000000 1.00000000
vn 0.00000000 0.00000000 1.00000000
vn 0.00000000 0.00000000 1.00000000
vn 0.00000000 0.00000000 1.00000000
vn -0.99999982 0.00059165 0.00000000
vn -0.99999982 0.00059165 0.00000000
vn -0.99999982 0.00059165 0.00000000
vn -0.99999982 0.00059165 0.00000000
vn 0.99999998 -0.00019722 0.00000000
vn 0.99999998 -0.00019722 0.00000000
vn 0.99999998 -0.00019722 0.00000000
vn 0.99999998 -0.00019722 0.00000000
vn -0.00059165 -0.99999982 0.00000000
vn -0.00019722 -0.99999998 0.00000000
vn -0.00019722 -0.99999998 0.00000000
vn -0.00059165 -0.99999982 0.00000000
vn 0.00059165 0.99999982 0.00000000
vn 0.00059165 0.99999982 0.00000000
vn 0.00019722 0.99999998 0.00000000
vn 0.00019722 0.99999998 0.00000000
vn 0.00000000 0.00000000 -1.00000000
vn 0.00000000 0.00000000 -1.00000000
vn 0.00000000 0.00000000 -1.00000000
vn 0.00000000 0.00000000 -1.00000000
vn 0.00000000 0.00000000 1.00000000
vn 0.00000000 0.00000000 1.00000000
vn 0.00000000 0.00000000 1.00000000
vn 0.00000000 0.00000000 1.00000000
vn -0.99999982 0.00059165 0.00000000
vn -0.99999982 0.00059165 0.00000000
vn -0.99999982 0.00059165 0.00000000
vn -0.99999982 0.00059165 0.00000000
vn 0.99999986 -0.00053364 0.00000000
vn 0.99999986 -0.00053364 0.00000000
vn 0.99999986 -0.00053364 0.00000000
vn 0.99999986 -0.00053364 0.00000000
vn -0.00059165 -0.99999982 0.00000000
vn -0.00053364 -0.99999986 0.00000000
vn -0.00053364 -0.99999986 0.00000000
vn -0.00059165 -0.99999982 0.00000000
vn 0.00059165 0.99999982 0.00000000
vn 0.00059165 0.99999982 0.00000000
vn 0.00053364 0.99999986 0.00000000
vn 0.00053364 0.99999986 0.00000000
vn 0.00000000 0.00000000 -1.00000000
vn 0.00000000 0.00000000 -1.00000000
vn 0.00000000 0.00000000 -1.00000000
vn 0.00000000 0.00000000 -1.00000000
vn 0.00000000 0.00000000 1.00000000
vn 0.00000000 0.00000000 1.00000000
vn 0.00000000 0.00000000 1.00000000
vn 0.00000000 0.00000000 1.00000000
vn -0.99999998 0.00019722 0.00000000
vn -0.99999998 0.00019722 0.00000000
vn -0.99999998 0.00019722 0.00000000
vn -0.99999998 0.00019722 0.00000000
vn 0.99999998 0.00019722 0.00000000
vn 0.99999998 0.00019722 0.00000000
vn 0.99999998 0.00019722 0.00000000
vn 0.99999998 0.00019722 0.00000000
vn -0.00019722 -0.99999998 0.00000000
vn 0.00019722 -0.99999998 0.00000000
vn 0.00019722 -0.99999998 0.00000000
vn -0.00019722 -0.99999998 0.00000000
vn 0.00019722 0.99999998 0.00000000
vn 0.00019722 0.99999998 0.00000000
vn -0.00019722 0.99999998 0.00000000
vn -0.00019722 0.99999998 0.00000000
vn 0.00000000 0.00000000 -1.00000000
vn 0.00000000 0.00000000 -1.00000000
vn 0.00000000 0.00000000 -1.00000000
vn 0.00000000 0.00000000 -1.00000000
vn 0.00000000 0.00000000 1.00000000
vn 0.00000000 0.00000000 1.00000000
vn 0.00000000 0.00000000 1.00000000
vn 0.00000000 0.00000000 1.00000000
vn -0.99999998 0.00019722 0.00000000
vn -0.99999998 0.00019722 0.00000000
vn -0.99999998 0.00019722 0.00000000
vn -0.99999998 0.00019722 0.00000000
vn 0.99999999 -0.00013921 0.00000000
vn 0.99999999 -0.00013921 0.00000000
vn 0.99999999 -0.00013921 0.00000000
vn 0.99999999 -0.00013921 0.00000000
vn -0.00019722 -0.99999998 0.00000000
vn -0.00013921 -0.99999999 0.00000000
vn -0.00013921 -0.99999999 0.00000000
vn -0.00019722 -0.99999998 0.00000000
vn 0.00019722 0.99999998 0.00000000
vn 0.00019722 0.99999998 0.00000000
vn 0.00013921 0.99999999 0.00000000
vn 0.00013921 0.99999999 0.00000000
vn 0.00000000 0.00000000 -1.00000000
vn 0.00000000 0.00000000 -1.00000000
vn 0.00000000 0.00000000 -1.00000000
vn 0.00000000 0.00000000 -1.00000000
vn 0.00000000 0.00000000 1.00000000
vn 0.00000000 0.00000000 1.00000000
vn 0.00000000 0.00000000 1.00000000
vn 0.00000000 0.00000000 1.00000000
vn -0.99999998 -0.00019722 0.00000000
vn -0.99999998 -0.00019722 0.00000000
vn -0.99999998 -0.00019722 0.00000000
vn -0.99999998 -0.00019722 0.00000000
vn 0.99999982 0.00059165 0.00000000
vn 0.99999982 0.00059165 0.00000000
vn 0.99999982 0.00059165 0.00000000
vn 0.99999982 0.00059165 0.00000000
vn 0.00019722 -0.99999998 0.00000000
vn 0.00059165 -0.99999982 0.00000000
vn 0.00059165 -0.99999982 0.00000000
vn 0.00019722 -0.99999998 0.00000000
vn -0.00019722 0.99999998 0.00000000
vn -0.00019722 0.99999998 0.00000000
vn -0.00059165 0.99999982 0.00000000
vn -0.00059165 0.99999982 0.00000000
vn 0.00000000 0.00000000 -1.00000000
vn 0.00000000 0.00000000 -1.00000000
vn 0.00000000 0.00000000 -1.00000000
vn 0.00000000 0.00000000 -1.00000000
vn 0.00000000 0.00000000 1.00000000
vn 0.00000000 0.00000000 1.00000000
vn 0.00000000 0.00000000 1.00000000
vn 0.00000000 0.00000000 1.00000000
vn -0.99999998 -0.00019722 0.00000000
vn -0.99999998 -0.00019722 0.00000000
vn -0.99999998 -0.00019722 0.00000000
vn -0.99999998 -0.00019722 0.00000000
vn 0.99999997 0.00025522 0.00000000
vn 0.99999997 0.00025522 0.00000000
vn 0.99999997 0.00025522 0.00000000
vn 0.99999997 0.00025522 0.00000000
vn 0.00019722 -0.99999998 0.00000000
vn 0.00025522 -0.99999997 0.00000000
vn 0.00025522 -0.99999997 0.00000000
vn 0.00019722 -0.99999998 0.00000000
vn -0.00019722 0.99999998 0.00000000
vn -0.00019722 0.99999998 0.00000000
vn -0.00025522 0.99999997 0.00000000
vn -0.00025522 0.99999997 0.00000000
vn 0.00000000 0.00000000 -1.00000000
vn 0.00000000 0.00000000 -1.00000000
vn 0.00000000 0.00000000 -1.00000000
vn 0.00000000 0.00000000 -1.00000000
vn 0.00000000 0.00000000 1.00000000
vn 0.00000000 0.00000000 1.00000000
vn 0.00000000 0.00000000 1.00000000
vn 0.00000000 0.00000000 1.00000000
vn -0.99999982 -0.00059165 0.00000000
vn -0.99999982 -0.00059165 0.00000000
vn -0.99999982 -0.00059165 0.00000000
vn -0.99999982 -0.00059165 0.00000000
vn 0.99999951 0.00098608 0.00000000
vn 0.99999951 0.00098608 0.00000000
vn 0.99999951 0.00098608 0.00000000
vn 0.99999951 0.00098608 0.00000000
vn 0.00059165 -0.99999982 0.00000000
vn 0.00098608 -0.99999951 0.00000000
vn 0.00098608 -0.99999951 0.00000000
vn 0.00059165 -0.99999982 0.00000000
vn -0.00059165 0.99999982 0.00000000
vn -0.00059165 0.99999982 0.00000000
vn -0.00098608 0.99999951 0.00000000
vn -0.00098608 0.99999951 0.00000000
vn 0.00000000 0.00000000 -1.00000000
vn 0.00000000 0.00000000 -1.00000000
vn 0.00000000 0.00000000 -1.00000000
vn 0.00000000 0.00000000 -1.00000000
vn 0.00000000 0.00000000 1.00000000
vn 0.00000000 0.00000000 1.00000000
vn 0.00000000 0.00000000 1.00000000
vn 0.00000000 0.00000000 1.00000000
vn -0.99999982 -0.00059165 0.00000000
vn -0.99999982 -0.00059165 0.00000000
vn -0.99999982 -0.00059165 0.00000000
vn -0.99999982 -0.00059165 0.00000000
vn 0.99999979 0.00064965 0.00000000
vn 0.99999979 0.00064965 0.00000000
vn 0.99999979 0.00064965 0.00000000
vn 0.99999979 0.00064965 0.00000000
vn 0.00059165 -0.99999982 0.00000000
vn 0.00064965 -0.99999979 0.00000000
vn 0.00064965 -0.99999979 0.00000000
vn 0.00059165 -0.99999982 0.00000000
vn -0.00059165 0.99999982 0.00000000
vn -0.00059165 0.99999982 0.00000000
vn -0.00064965 0.99999979 0.00000000
vn -0.00064965 0.99999979 0.00000000
vn 0.00000000 0.00000000 -1.00000000
vn 0.00000000 0.00000000 -1.00000000
vn 0.00000000 0.00000000 -1.00000000
vn 0.00000000 0.00000000 -1.00000000
vn 0.00000000 0.00000000 1.00000000
vn 0.00000000 0.00000000 1.00000000
vn 0.00000000 0.00000000 1.00000000
vn 0.00000000 0.00000000 1.00000000
vn -0.99999951 -0.00098608 0.00000000
vn -0.99999951 -0.00098608 0.00000000
vn -0.99999951 -0.00098608 0.00000000
vn -0.99999951 -0.00098608 0.00000000
vn 0.99999905 0.00138051 0.00000000
vn 0.99999905 0.00138051 0.00000000
vn 0.99999905 0.00138051 0.00000000
vn 0.99999905 0.00138051 0.00000000
vn 0.00098608 -0.99999951 0.00000000
vn 0.00138051 -0.99999905 0.00000000
vn 0.00138051 -0.99999905 0.00000000
vn 0.00098608 -0.99999951 0.00000000
vn -0.00098608 0.99999951 0.00000000
vn -0.00098608 0.99999951 0.00000000
vn -0.00138051 0.99999905 0.00000000
vn -0.00138051 0.99999905 0.00000000
vn 0.00000000 0.00000000 -1.00000000
vn 0.00000000 0.00000000 -1.00000000
vn 0.00000000 0.00000000 -1.00000000
vn 0.00000000 0.00000000 -1.00000000
vn 0.00000000 0.00000000 1.00000000
vn 0.00000000 0.00000000 1.00000000
vn 0.00000000 0.00000000 1.00000000
vn 0.00000000 0.00000000 1.00000000
vn -0.99999951 -0.00098608 0.00000000
vn -0.99999951 -0.00098608 0.00000000
vn -0.99999951 -0.00098608 0.00000000
vn -0.99999951 -0.00098608 0.00000000
vn 0.99999945 0.00104408 0.00000000
vn 0.99999945 0.00104408 0.00000000
vn 0.99999945 0.00104408 0.00000000
vn 0.99999945 0.00104408 0.00000000
vn 0.00098608 -0.99999951 0.00000000
vn 0.00104408 -0.99999945 0.00000000
vn 0.00104408 -0.99999945 0.00000000
vn 0.00098608 -0.99999951 0.00000000
vn -0.00098608 0.99999951 0.00000000
vn -0.00098608 0.99999951 0.00000000
vn -0.00104408 0.99999945 0.00000000
vn -0.00104408 0.99999945 0.00000000
vn 0.00000000 0.00000000 -1.00000000
vn 0.00000000 0.00000000 -1.00000000
vn 0.00000000 0.00000000 -1.00000000
vn 0.00000000 0.00000000 -1.00000000
vn 0.00000000 0.00000000 1.00000000
vn 0.00000000 0.00000000 1.00000000
vn 0.00000000 0.00000000 1.00000000
vn 0.00000000 0.00000000 1.00000000
vn -0.99999905 -0.00138051 0.00000000
vn -0.99999905 -0.00138051 0.00000000
vn -0.99999905 -0.00138051 0.00000000
vn -0.99999905 -0.00138051 0.00000000
vn 0.99999842 0.00177494 0.00000000
vn 0.99999842 0.00177494 0.00000000
vn 0.99999842 0.00177494 0.00000000
vn 0.99999842 0.00177494 0.00000000
vn 0.00138051 -0.99999905 0.00000000
vn 0.00177494 -0.99999842 0.00000000
vn 0.00177494 -0.99999842 0.00000000
vn 0.00138051 -0.99999905 0.00000000
vn -0.00138051 0.99999905 0.00000000
vn -0.00138051 0.99999905 0.00000000
vn -0.00177494 0.99999842 0.00000000
vn -0.00177494 0.99999842 0.00000000
vn 0.00000000 0.00000000 -1.00000000
vn 0.00000000 0.00000000 -1.00000000
vn 0.00000000 0.00000000 -1.00000000
vn 0.00000000 0.00000000 -1.00000000
vn 0.00000000 0.00000000 1.00000000
vn 0.00000000 0.00000000 1.00000000
vn 0.00000000 0.00000000 1.00000000
vn 0.00000000 0.00000000 1.00000000
vn -0.99999905 -0.00138051 0.00000000
vn -0.99999905 -0.00138051 0.00000000
vn -0.99999905 -0.00138051 0.00000000
vn -0.99999905 -0.00138051 0.00000000
vn 0.99999897 0.00143851 0.00000000
vn 0.99999897 0.00143851 0.00000000
vn 0.99999897 0.00143851 0.00000000
vn 0.99999897 0.00143851 0.00000000
vn 0.00138051 -0.99999905 0.00000000
vn 0.00143851 -0.99999897 0.00000000
vn 0.00143851 -0.99999897 0.00000000
vn 0.00138051 -0.99999905 0.00000000
vn -0.00138051 0.99999905 0.00000000
vn -0.00138051 0.99999905 0.00000000
vn -0.00143851 0.99999897 0.00000000
vn -0.00143851 0.99999897 0.00000000
vn 0.00000000 0.00000000 -1.00000000
vn 0.00000000 0.00000000 -1.00000000
vn 0.00000000 0.00000000 -1.00000000
vn 0.00000000 0.00000000 -1.00000000
vn 0.00000000 0.00000000 1.00000000
vn 0.00000000 0.00000000 1.00000000
vn 0.00000000 0.00000000 1.00000000
vn 0.00000000 0.00000000 1.00000000
vn -0.99999842 -0.00177494 0.00000000
vn -0.99999842 -0.00177494 0.00000000
vn -0.99999842 -0.00177494 0.00000000
vn -0.99999842 -0.00177494 0.00000000
vn 0.99999765 0.00216937 0.00000000
vn 0.99999765 0.00216937 0.00000000
vn 0.99999765 0.00216937 0.00000000
vn 0.99999765 0.00216937 0.00000000
vn 0.00177494 -0.99999842 0.00000000
vn 0.00216937 -0.99999765 0.00000000
vn 0.00216937 -0.99999765 0.00000000
vn 0.00177494 -0.99999842 0.00000000
vn -0.00177494 0.99999842 0.00000000
vn -0.00177494 0.99999842 0.00000000
vn -0.00216937 0.99999765 0.00000000
vn -0.00216937 0.99999765 0.00000000
vn 0.00000000 0.00000000 -1.00000000
vn 0.00000000 0.00000000 -1.00000000
vn 0.00000000 0.00000000 -1.00000000
vn 0.00000000 0.00000000 -1.00000000
vn 0.00000000 0.00000000 1.00000000
vn 0.00000000 0.00000000 1.00000000
vn 0.00000000 0.00000000 1.00000000
vn 0.00000000 0.00000000 1.00000000
vn -0.99999842 -0.00177494 0.00000000
vn -0.99999842 -0.00177494 0.00000000
vn -0.99999842 -0.00177494 0.00000000
vn -0.99999842 -0.00177494 0.00000000
vn 0.99999832 0.00183295 0.00000000
vn 0.99999832 0.00183295 0.00000000
vn 0.99999832 0.00183295 0.00000000
vn 0.99999832 0.00183295 0.00000000
vn 0.00177494 -0.99999842 0.00000000
vn 0.00183295 -0.99999832 0.00000000
vn 0.00183295 -0.99999832 0.00000000
vn 0.00177494 -0.99999842 0.00000000
vn -0.00177494 0.99999842 0.00000000
vn -0.00177494 0.99999842 0.00000000
vn -0.00183295 0.99999832 0.00000000
vn -0.00183295 0.99999832 0.00000000
vn 0.00000000 0.00000000 -1.00000000
vn 0.00000000 0.00000000 -1.00000000
vn 0.00000000 0.00000000 -1.00000000
vn 0.00000000 0.00000000 -1.00000000
vn 0.00000000 0.00000000 1.00000000
vn 0.00000000 0.00000000 1.00000000
vn 0.00000000 0.00000000 1.00000000
vn 0.00000000 0.00000000 1.00000000
vn -0.99957864 0.02902673 0.00000000
vn -0.99957864 0.02902673 0.00000000
vn -0.99957864 0.02902673 0.00000000
vn -0.99957864 0.02902673 0.00000000
vn 0.99958267 -0.02888757 0.00000000
vn 0.99958267 -0.02888757 0.00000000
vn 0.99958267 -0.02888757 0.00000000
vn 0.99958267 -0.02888757 0.00000000
vn 0.00000000 0.00000000 -1.00000000
vn 0.00000000 0.00000000 -1.00000000
vn 0.00000000 0.00000000 -1.00000000
vn 0.00000000 0.00000000 -1.00000000
vn 0.00000000 0.00000000 1.00000000
vn 0.00000000 0.00000000 1.00000000
vn 0.00000000 0.00000000 1.00000000
vn 0.00000000 0.00000000 1.00000000
vn -0.99958267 -0.02888757 0.00000000
vn -0.99958267 -0.02888757 0.00000000
vn -0.99958267 -0.02888757 0.00000000
vn -0.99958267 -0.02888757 0.00000000
vn 0.99957864 0.02902673 0.00000000
vn 0.99957864 0.02902673 0.00000000
vn 0.99957864 0.02902673 0.00000000
vn 0.99957864 0.02902673 0.00000000
vn 0.00000000 0.00000000 -1.00000000
vn 0.00000000 0.00000000 -1.00000000
vn 0.00000000 0.00000000 -1.00000000
vn 0.00000000 0.00000000 -1.00000000
vn 0.00000000 0.00000000 1.00000000
vn 0.00000000 0.00000000 1.00000000
vn 0.00000000 0.00000000 1.00000000
vn 0.00000000 0.00000000 1.00000000
vn -0.99957864 0.02902673 0.00000000
vn -0.99957864 0.02902673 0.00000000
vn -0.99957864 0.02902673 0.00000000
vn -0.99957864 0.02902673 0.00000000
vn 0.99974509 -0.02257760 0.00000000
vn 0.99974509 -0.02257760 0.00000000
vn 0.99974509 -0.02257760 0.00000000
vn 0.99974509 -0.02257760 0.00000000
vn 0.00000000 0.00000000 -1.00000000
vn 0.00000000 0.00000000 -1.00000000
vn 0.00000000 0.00000000 -1.00000000
vn 0.00000000 0.00000000 -1.00000000
vn 0.00000000 0.00000000 1.00000000
vn 0.00000000 0.00000000 1.00000000
vn 0.00000000 0.00000000 1.00000000
vn 0.00000000 0.00000000 1.00000000
vn -0.99957864 0.02902673 0.00000000
vn -0.99957864 0.02902673 0.00000000
vn -0.99957864 0.02902673 0.00000000
vn -0.99957864 0.02902673 0.00000000
vn -0.02902673 -0.99957864 0.00000000
vn -0.02580230 -0.99966707 0.00000000
vn -0.02580230 -0.99966707 0.00000000
vn -0.02902673 -0.99957864 0.00000000
vn 0.02902673 0.99957864 0.00000000
vn 0.02902673 0.99957864 0.00000000
vn 0.02580230 0.99966707 0.00000000
vn 0.02580230 0.99966707 0.00000000
vn 0.00000000 0.00000000 -1.00000000
vn 0.00000000 0.00000000 -1.00000000
vn 0.00000000 0.00000000 -1.00000000
vn 0.00000000 0.00000000 -1.00000000
vn 0.00000000 0.00000000 1.00000000
vn 0.00000000 0.00000000 1.00000000
vn 0.00000000 0.00000000 1.00000000
vn 0.00000000 0.00000000 1.00000000
vn 0.99974509 -0.02257760 0.00000000
vn 0.99974509 -0.02257760 0.00000000
vn 0.99974509 -0.02257760 0.00000000
vn 0.99974509 -0.02257760 0.00000000
vn -0.02580230 -0.99966707 0.00000000
vn -0.02257760 -0.99974509 0.00000000
vn -0.02257760 -0.99974509 0.00000000
vn -0.02580230 -0.99966707 0.00000000
vn 0.02580230 0.99966707 0.00000000
vn 0.02580230 0.99966707 0.00000000
vn 0.02257760 0.99974509 0.00000000
vn 0.02257760 0.99974509 0.00000000
vn 0.00000000 0.00000000 -1.00000000
vn 0.00000000 0.00000000 -1.00000000
vn 0.00000000 0.00000000 -1.00000000
vn 0.00000000 0.00000000 -1.00000000
vn 0.00000000 0.00000000 1.00000000
vn 0.00000000 0.00000000 1.00000000
vn 0.00000000 0.00000000 1.00000000
vn 0.00000000 0.00000000 1.00000000
vn -0.99957864 0.02902673 0.00000000
vn -0.99957864 0.02902673 0.00000000
vn -0.99957864 0.02902673 0.00000000
vn -0.99957864 0.02902673 0.00000000
vn 0.99969146 -0.02483914 0.00000000
vn 0.99969146 -0.02483914 0.00000000
vn 0.99969146 -0.02483914 0.00000000
vn 0.99969146 -0.02483914 0.00000000
vn 0.00000000 0.00000000 -1.00000000
vn 0.00000000 0.00000000 -1.00000000
vn 0.00000000 0.00000000 -1.00000000
vn 0.00000000 0.00000000 -1.00000000
vn 0.00000000 0.00000000 1.00000000
vn 0.00000000 0.00000000 1.00000000
vn 0.00000000 0.00000000 1.00000000
vn 0.00000000 0.00000000 1.00000000
vn -0.99957864 0.02902673 0.00000000
vn -0.99957864 0.02902673 0.00000000
vn -0.99957864 0.02902673 0.00000000
vn -0.99957864 0.02902673 0.00000000
vn 0.99969146 -0.02483914 0.00000000
vn 0.99969146 -0.02483914 0.00000000
vn 0.99969146 -0.02483914 0.00000000
vn 0.99969146 -0.02483914 0.00000000
vn 0.00000000 0.00000000 -1.00000000
vn 0.00000000 0.00000000 -1.00000000
vn 0.00000000 0.00000000 -1.00000000
vn 0.00000000 0.00000000 -1.00000000
vn 0.00000000 0.00000000 1.00000000
vn 0.00000000 0.00000000 1.00000000
vn 0.00000000 0.00000000 1.00000000
vn 0.00000000 0.00000000 1.00000000
vn -0.99957864 0.02902673 0.00000000
vn -0.99957864 0.02902673 0.00000000
vn -0.99957864 0.02902673 0.00000000
vn -0.99957864 0.02902673 0.00000000
vn 0.99969146 -0.02483914 0.00000000
vn 0.99969146 -0.02483914 0.00000000
vn 0.99969146 -0.02483914 0.00000000
vn 0.99969146 -0.02483914 0.00000000
vn 0.00000000 0.00000000 -1.00000000
vn 0.00000000 0.00000000 -1.00000000
vn 0.00000000 0.00000000 -1.00000000
vn 0.00000000 0.00000000 -1.00000000
vn 0.00000000 0.00000000 1.00000000
vn 0.00000000 0.00000000 1.00000000
vn 0.00000000 0.00000000 1.00000000
vn 0.00000000 0.00000000 1.00000000
vn -0.99974115 0.02275157 0.00000000
vn -0.99974115 0.02275157 0.00000000
vn -0.99974115 0.02275157 0.00000000
vn -0.99974115 0.02275157 0.00000000
vn 0.99974509 -0.02257760 0.00000000
vn 0.99974509 -0.02257760 0.00000000
vn 0.99974509 -0.02257760 0.00000000
vn 0.99974509 -0.02257760 0.00000000
vn 0.00000000 0.00000000 -1.00000000
vn 0.00000000 0.00000000 -1.00000000
vn 0.00000000 0.00000000 -1.00000000
vn 0.00000000 0.00000000 -1.00000000
vn 0.00000000 0.00000000 1.00000000
vn 0.00000000 0.00000000 1.00000000
vn 0.00000000 0.00000000 1.00000000
vn 0.00000000 0.00000000 1.00000000
vn -0.99969146 0.02483914 0.00000000
vn -0.99969146 0.02483914 0.00000000
vn -0.99969146 0.02483914 0.00000000
vn -0.99969146 0.02483914 0.00000000
vn 0.99974115 -0.02275157 0.00000000
vn 0.99974115 -0.02275157 0.00000000
vn 0.99974115 -0.02275157 0.00000000
vn 0.99974115 -0.02275157 0.00000000
vn -0.02483914 -0.99969146 0.00000000
vn -0.02275157 -0.99974115 0.00000000
vn -0.02275157 -0.99974115 0.00000000
vn -0.02483914 -0.99969146 0.00000000
vn 0.00000000 0.00000000 -1.00000000
vn 0.00000000 0.00000000 -1.00000000
vn 0.00000000 0.00000000 -1.00000000
vn 0.00000000 0.00000000 -1.00000000
vn 0.00000000 0.00000000 1.00000000
vn 0.00000000 0.00000000 1.00000000
vn 0.00000000 0.00000000 1.00000000
vn 0.00000000 0.00000000 1.00000000
vn -0.99958267 0.02888757 0.00000000
vn -0.99958267 0.02888757 0.00000000
vn -0.99958267 0.02888757 0.00000000
vn -0.99958267 0.02888757 0.00000000
vn 0.99974194 -0.02271677 0.00000000
vn 0.99974194 -0.02271677 0.00000000
vn 0.99974194 -0.02271677 0.00000000
vn 0.99974194 -0.02271677 0.00000000
vn -0.02888757 -0.99958267 0.00000000
vn -0.02271677 -0.99974194 0.00000000
vn -0.02271677 -0.99974194 0.00000000
vn -0.02888757 -0.99958267 0.00000000
vn 0.02888757 0.99958267 0.00000000
vn 0.02888757 0.99958267 0.00000000
vn 0.02271677 0.99974194 0.00000000
vn 0.02271677 0.99974194 0.00000000
vn 0.00000000 0.00000000 -1.00000000
vn 0.00000000 0.00000000 -1.00000000
vn 0.00000000 0.00000000 -1.00000000
vn 0.00000000 0.00000000 -1.00000000
vn 0.00000000 0.00000000 1.00000000
vn 0.00000000 0.00000000 1.00000000
vn 0.00000000 0.00000000 1.00000000
vn 0.00000000 0.00000000 1.00000000
vn -0.99974509 0.02257760 0.00000000
vn -0.99974509 0.02257760 0.00000000
vn -0.99974509 0.02257760 0.00000000
vn -0.99974509 0.02257760 0.00000000
vn 0.99986994 -0.01612753 0.00000000
vn 0.99986994 -0.01612753 0.00000000
vn 0.99986994 -0.01612753 0.00000000
vn 0.99986994 -0.01612753 0.00000000
vn 0.00000000 0.00000000 -1.00000000
vn 0.00000000 0.00000000 -1.00000000
vn 0.00000000 0.00000000 -1.00000000
vn 0.00000000 0.00000000 -1.00000000
vn 0.00000000 0.00000000 1.00000000
vn 0.00000000 0.00000000 1.00000000
vn 0.00000000 0.00000000 1.00000000
vn 0.00000000 0.00000000 1.00000000
vn -0.99974509 0.02257760 0.00000000
vn -0.99974509 0.02257760 0.00000000
vn -0.99974509 0.02257760 0.00000000
vn -0.99974509 0.02257760 0.00000000
vn -0.02257760 -0.99974509 0.00000000
vn -0.01935266 -0.99981272 0.00000000
vn -0.01935266 -0.99981272 0.00000000
vn -0.02257760 -0.99974509 0.00000000
vn 0.02257760 0.99974509 0.00000000
vn 0.02257760 0.99974509 0.00000000
vn 0.01935266 0.99981272 0.00000000
vn 0.01935266 0.99981272 0.00000000
vn 0.00000000 0.00000000 -1.00000000
vn 0.00000000 0.00000000 -1.00000000
vn 0.00000000 0.00000000 -1.00000000
vn 0.00000000 0.00000000 -1.00000000
vn 0.00000000 0.00000000 1.00000000
vn 0.00000000 0.00000000 1.00000000
vn 0.00000000 0.00000000 1.00000000
vn 0.00000000 0.00000000 1.00000000
vn 0.99986994 -0.01612753 0.00000000
vn 0.99986994 -0.01612753 0.00000000
vn 0.99986994 -0.01612753 0.00000000
vn 0.99986994 -0.01612753 0.00000000
vn -0.01935266 -0.99981272 0.00000000
vn -0.01612753 -0.99986994 0.00000000
vn -0.01612753 -0.99986994 0.00000000
vn -0.01935266 -0.99981272 0.00000000
vn 0.01935266 0.99981272 0.00000000
vn 0.01935266 0.99981272 0.00000000
vn 0.01612753 0.99986994 0.00000000
vn 0.01612753 0.99986994 0.00000000
vn 0.00000000 0.00000000 -1.00000000
vn 0.00000000 0.00000000 -1.00000000
vn 0.00000000 0.00000000 -1.00000000
vn 0.00000000 0.00000000 -1.00000000
vn 0.00000000 0.00000000 1.00000000
vn 0.00000000 0.00000000 1.00000000
vn 0.00000000 0.00000000 1.00000000
vn 0.00000000 0.00000000 1.00000000
vn -0.99974509 0.02257760 0.00000000
vn -0.99974509 0.02257760 0.00000000
vn -0.99974509 0.02257760 0.00000000
vn -0.99974509 0.02257760 0.00000000
vn 0.99974771 -0.02246162 0.00000000
vn 0.99974771 -0.02246162 0.00000000
vn 0.99974771 -0.02246162 0.00000000
vn 0.99974771 -0.02246162 0.00000000
vn -0.02257760 -0.99974509 0.00000000
vn -0.02246162 -0.99974771 0.00000000
vn -0.02246162 -0.99974771 0.00000000
vn -0.02257760 -0.99974509 0.00000000
vn 0.02257760 0.99974509 0.00000000
vn 0.02257760 0.99974509 0.00000000
vn 0.02246162 0.99974771 0.00000000
vn 0.02246162 0.99974771 0.00000000
vn 0.00000000 0.00000000 -1.00000000
vn 0.00000000 0.00000000 -1.00000000
vn 0.00000000 0.00000000 -1.00000000
vn 0.00000000 0.00000000 -1.00000000
vn 0.00000000 0.00000000 1.00000000
vn 0.00000000 0.00000000 1.00000000
vn 0.00000000 0.00000000 1.00000000
vn 0.00000000 0.00000000 1.00000000
vn -0.99974509 0.02257760 0.00000000
vn -0.99974509 0.02257760 0.00000000
vn -0.99974509 0.02257760 0.00000000
vn -0.99974509 0.02257760 0.00000000
vn 0.99983090 -0.01838937 0.00000000
vn 0.99983090 -0.01838937 0.00000000
vn 0.99983090 -0.01838937 0.00000000
vn 0.99983090 -0.01838937 0.00000000
vn 0.00000000 0.00000000 -1.00000000
vn 0.00000000 0.00000000 -1.00000000
vn 0.00000000 0.00000000 -1.00000000
vn 0.00000000 0.00000000 -1.00000000
vn 0.00000000 0.00000000 1.00000000
vn 0.00000000 0.00000000 1.00000000
vn 0.00000000 0.00000000 1.00000000
vn 0.00000000 0.00000000 1.00000000
vn -0.99974509 0.02257760 0.00000000
vn -0.99974509 0.02257760 0.00000000
vn -0.99974509 0.02257760 0.00000000
vn -0.99974509 0.02257760 0.00000000
vn 0.99983090 -0.01838937 0.00000000
vn 0.99983090 -0.01838937 0.00000000
vn 0.99983090 -0.01838937 0.00000000
vn 0.99983090 -0.01838937 0.00000000
vn 0.00000000 0.00000000 -1.00000000
vn 0.00000000 0.00000000 -1.00000000
vn 0.00000000 0.00000000 -1.00000000
vn 0.00000000 0.00000000 -1.00000000
vn 0.00000000 0.00000000 1.00000000
vn 0.00000000 0.00000000 1.00000000
vn 0.00000000 0.00000000 1.00000000
vn 0.00000000 0.00000000 1.00000000
vn -0.99974509 0.02257760 0.00000000
vn -0.99974509 0.02257760 0.00000000
vn -0.99974509 0.02257760 0.00000000
vn -0.99974509 0.02257760 0.00000000
vn 0.99983090 -0.01838937 0.00000000
vn 0.99983090 -0.01838937 0.00000000
vn 0.99983090 -0.01838937 0.00000000
vn 0.99983090 -0.01838937 0.00000000
vn 0.00000000 0.00000000 -1.00000000
vn 0.00000000 0.00000000 -1.00000000
vn 0.00000000 0.00000000 -1.00000000
vn 0.00000000 0.00000000 -1.00000000
vn 0.00000000 0.00000000 1.00000000
vn 0.00000000 0.00000000 1.00000000
vn 0.00000000 0.00000000 1.00000000
vn 0.00000000 0.00000000 1.00000000
vn -0.99986712 0.01630152 0.00000000
vn -0.99986712 0.01630152 0.00000000
vn -0.99986712 0.01630152 0.00000000
vn -0.99986712 0.01630152 0.00000000
vn 0.99986994 -0.01612753 0.00000000
vn 0.99986994 -0.01612753 0.00000000
vn 0.99986994 -0.01612753 0.00000000
vn 0.99986994 -0.01612753 0.00000000
vn 0.00000000 0.00000000 -1.00000000
vn 0.00000000 0.00000000 -1.00000000
vn 0.00000000 0.00000000 -1.00000000
vn 0.00000000 0.00000000 -1.00000000
vn 0.00000000 0.00000000 1.00000000
vn 0.00000000 0.00000000 1.00000000
vn 0.00000000 0.00000000 1.00000000
vn 0.00000000 0.00000000 1.00000000
vn -0.99983090 0.01838937 0.00000000
vn -0.99983090 0.01838937 0.00000000
vn -0.99983090 0.01838937 0.00000000
vn -0.99983090 0.01838937 0.00000000
vn 0.99986712 -0.01630152 0.00000000
vn 0.99986712 -0.01630152 0.00000000
vn 0.99986712 -0.01630152 0.00000000
vn 0.99986712 -0.01630152 0.00000000
vn -0.01838937 -0.99983090 0.00000000
vn -0.01630152 -0.99986712 0.00000000
vn -0.01630152 -0.99986712 0.00000000
vn -0.01838937 -0.99983090 0.00000000
vn 0.00000000 0.00000000 -1.00000000
vn 0.00000000 0.00000000 -1.00000000
vn 0.00000000 0.00000000 -1.00000000
vn 0.00000000 0.00000000 -1.00000000
vn 0.00000000 0.00000000 1.00000000
vn 0.00000000 0.00000000 1.00000000
vn 0.00000000 0.00000000 1.00000000
vn 0.00000000 0.00000000 1.00000000
vn -0.99974823 0.02243842 0.00000000
vn -0.99974823 0.02243842 0.00000000
vn -0.99974823 0.02243842 0.00000000
vn -0.99974823 0.02243842 0.00000000
vn 0.99986769 -0.01626672 0.00000000
vn 0.99986769 -0.01626672 0.00000000
vn 0.99986769 -0.01626672 0.00000000
vn 0.99986769 -0.01626672 0.00000000
vn -0.02243842 -0.99974823 0.00000000
vn -0.01626672 -0.99986769 0.00000000
vn -0.01626672 -0.99986769 0.00000000
vn -0.02243842 -0.99974823 0.00000000
vn 0.02243842 0.99974823 0.00000000
vn 0.02243842 0.99974823 0.00000000
vn 0.01626672 0.99986769 0.00000000
vn 0.01626672 0.99986769 0.00000000
vn 0.00000000 0.00000000 -1.00000000
vn 0.00000000 0.00000000 -1.00000000
vn 0.00000000 0.00000000 -1.00000000
vn 0.00000000 0.00000000 -1.00000000
vn 0.00000000 0.00000000 1.00000000
vn 0.00000000 0.00000000 1.00000000
vn 0.00000000 0.00000000 1.00000000
vn 0.00000000 0.00000000 1.00000000
vn -0.99974509 0.02257760 0.00000000
vn -0.99974509 0.02257760 0.00000000
vn -0.99974509 0.02257760 0.00000000
vn -0.99974509 0.02257760 0.00000000
vn 0.99974771 -0.02246162 0.00000000
vn 0.99974771 -0.02246162 0.00000000
vn 0.99974771 -0.02246162 0.00000000
vn 0.99974771 -0.02246162 0.00000000
vn 0.00000000 0.00000000 -1.00000000
vn 0.00000000 0.00000000 -1.00000000
vn 0.00000000 0.00000000 -1.00000000
vn 0.00000000 0.00000000 -1.00000000
vn 0.00000000 0.00000000 1.00000000
vn 0.00000000 0.00000000 1.00000000
vn 0.00000000 0.00000000 1.00000000
vn 0.00000000 0.00000000 1.00000000
vn -0.99986994 0.01612753 0.00000000
vn -0.99986994 0.01612753 0.00000000
vn -0.99986994 0.01612753 0.00000000
vn -0.99986994 0.01612753 0.00000000
vn 0.99995318 -0.00967678 0.00000000
vn 0.99995318 -0.00967678 0.00000000
vn 0.99995318 -0.00967678 0.00000000
vn 0.99995318 -0.00967678 0.00000000
vn 0.00000000 0.00000000 -1.00000000
vn 0.00000000 0.00000000 -1.00000000
vn 0.00000000 0.00000000 -1.00000000
vn 0.00000000 0.00000000 -1.00000000
vn 0.00000000 0.00000000 1.00000000
vn 0.00000000 0.00000000 1.00000000
vn 0.00000000 0.00000000 1.00000000
vn 0.00000000 0.00000000 1.00000000
vn -0.99986994 0.01612753 0.00000000
vn -0.99986994 0.01612753 0.00000000
vn -0.99986994 0.01612753 0.00000000
vn -0.99986994 0.01612753 0.00000000
vn -0.01612753 -0.99986994 0.00000000
vn -0.01290222 -0.99991676 0.00000000
vn -0.01290222 -0.99991676 0.00000000
vn -0.01612753 -0.99986994 0.00000000
vn 0.01612753 0.99986994 0.00000000
vn 0.01612753 0.99986994 0.00000000
vn 0.01290222 0.99991676 0.00000000
vn 0.01290222 0.99991676 0.00000000
vn 0.00000000 0.00000000 -1.00000000
vn 0.00000000 0.00000000 -1.00000000
vn 0.00000000 0.00000000 -1.00000000
vn 0.00000000 0.00000000 -1.00000000
vn 0.00000000 0.00000000 1.00000000
vn 0.00000000 0.00000000 1.00000000
vn 0.00000000 0.00000000 1.00000000
vn 0.00000000 0.00000000 1.00000000
vn 0.99995318 -0.00967678 0.00000000
vn 0.99995318 -0.00967678 0.00000000
vn 0.99995318 -0.00967678 0.00000000
vn 0.99995318 -0.00967678 0.00000000
vn -0.01290222 -0.99991676 0.00000000
vn -0.00967678 -0.99995318 0.00000000
vn -0.00967678 -0.99995318 0.00000000
vn -0.01290222 -0.99991676 0.00000000
vn 0.01290222 0.99991676 0.00000000
vn 0.01290222 0.99991676 0.00000000
vn 0.00967678 0.99995318 0.00000000
vn 0.00967678 0.99995318 0.00000000
vn 0.00000000 0.00000000 -1.00000000
vn 0.00000000 0.00000000 -1.00000000
vn 0.00000000 0.00000000 -1.00000000
vn 0.00000000 0.00000000 -1.00000000
vn 0.00000000 0.00000000 1.00000000
vn 0.00000000 0.00000000 1.00000000
vn 0.00000000 0.00000000 1.00000000
vn 0.00000000 0.00000000 1.00000000
vn -0.99986994 0.01612753 0.00000000
vn -0.99986994 0.01612753 0.00000000
vn -0.99986994 0.01612753 0.00000000
vn -0.99986994 0.01612753 0.00000000
vn 0.99987181 -0.01601153 0.00000000
vn 0.99987181 -0.01601153 0.00000000
vn 0.99987181 -0.01601153 0.00000000
vn 0.99987181 -0.01601153 0.00000000
vn -0.01612753 -0.99986994 0.00000000
vn -0.01601153 -0.99987181 0.00000000
vn -0.01601153 -0.99987181 0.00000000
vn -0.01612753 -0.99986994 0.00000000
vn 0.01612753 0.99986994 0.00000000
vn 0.01612753 0.99986994 0.00000000
vn 0.01601153 0.99987181 0.00000000
vn 0.01601153 0.99987181 0.00000000
vn 0.00000000 0.00000000 -1.00000000
vn 0.00000000 0.00000000 -1.00000000
vn 0.00000000 0.00000000 -1.00000000
vn 0.00000000 0.00000000 -1.00000000
vn 0.00000000 0.00000000 1.00000000
vn 0.00000000 0.00000000 1.00000000
vn 0.00000000 0.00000000 1.00000000
vn 0.00000000 0.00000000 1.00000000
vn -0.99986994 0.01612753 0.00000000
vn -0.99986994 0.01612753 0.00000000
vn -0.99986994 0.01612753 0.00000000
vn -0.99986994 0.01612753 0.00000000
vn 0.99992873 -0.01193883 0.00000000
vn 0.99992873 -0.01193883 0.00000000
vn 0.99992873 -0.01193883 0.00000000
vn 0.99992873 -0.01193883 0.00000000
vn 0.00000000 0.00000000 -1.00000000
vn 0.00000000 0.00000000 -1.00000000
vn 0.00000000 0.00000000 -1.00000000
vn 0.00000000 0.00000000 -1.00000000
vn 0.00000000 0.00000000 1.00000000
vn 0.00000000 0.00000000 1.00000000
vn 0.00000000 0.00000000 1.00000000
vn 0.00000000 0.00000000 1.00000000
vn -0.99986994 0.01612753 0.00000000
vn -0.99986994 0.01612753 0.00000000
vn -0.99986994 0.01612753 0.00000000
vn -0.99986994 0.01612753 0.00000000
vn 0.99992873 -0.01193883 0.00000000
vn 0.99992873 -0.01193883 0.00000000
vn 0.99992873 -0.01193883 0.00000000
vn 0.99992873 -0.01193883 0.00000000
vn 0.00000000 0.00000000 -1.00000000
vn 0.00000000 0.00000000 -1.00000000
vn 0.00000000 0.00000000 -1.00000000
vn 0.00000000 0.00000000 -1.00000000
vn 0.00000000 0.00000000 1.00000000
vn 0.00000000 0.00000000 1.00000000
vn 0.00000000 0.00000000 1.00000000
vn 0.00000000 0.00000000 1.00000000
vn -0.99986994 0.01612753 0.00000000
vn -0.99986994 0.01612753 0.00000000
vn -0.99986994 0.01612753 0.00000000
vn -0.99986994 0.01612753 0.00000000
vn 0.99992873 -0.01193883 0.00000000
vn 0.99992873 -0.01193883 0.00000000
vn 0.99992873 -0.01193883 0.00000000
vn 0.99992873 -0.01193883 0.00000000
vn 0.00000000 0.00000000 -1.00000000
vn 0.00000000 0.00000000 -1.00000000
vn 0.00000000 0.00000000 -1.00000000
vn 0.00000000 0.00000000 -1.00000000
vn 0.00000000 0.00000000 1.00000000
vn 0.00000000 0.00000000 1.00000000
vn 0.00000000 0.00000000 1.00000000
vn 0.00000000 0.00000000 1.00000000
vn -0.99995148 0.00985079 0.00000000
vn -0.99995148 0.00985079 0.00000000
vn -0.99995148 0.00985079 0.00000000
vn -0.99995148 0.00985079 0.00000000
vn 0.99995318 -0.00967678 0.00000000
vn 0.99995318 -0.00967678 0.00000000
vn 0.99995318 -0.00967678 0.00000000
vn 0.99995318 -0.00967678 0.00000000
vn 0.00000000 0.00000000 -1.00000000
vn 0.00000000 0.00000000 -1.00000000
vn 0.00000000 0.00000000 -1.00000000
vn 0.00000000 0.00000000 -1.00000000
vn 0.00000000 0.00000000 1.00000000
vn 0.00000000 0.00000000 1.00000000
vn 0.00000000 0.00000000 1.00000000
vn 0.00000000 0.00000000 1.00000000
vn -0.99992873 0.01193883 0.00000000
vn -0.99992873 0.01193883 0.00000000
vn -0.99992873 0.01193883 0.00000000
vn -0.99992873 0.01193883 0.00000000
vn 0.99995148 -0.00985079 0.00000000
vn 0.99995148 -0.00985079 0.00000000
vn 0.99995148 -0.00985079 0.00000000
vn 0.99995148 -0.00985079 0.00000000
vn -0.01193883 -0.99992873 0.00000000
vn -0.00985079 -0.99995148 0.00000000
vn -0.00985079 -0.99995148 0.00000000
vn -0.01193883 -0.99992873 0.00000000
vn 0.00000000 0.00000000 -1.00000000
vn 0.00000000 0.00000000 -1.00000000
vn 0.00000000 0.00000000 -1.00000000
vn 0.00000000 0.00000000 -1.00000000
vn 0.00000000 0.00000000 1.00000000
vn 0.00000000 0.00000000 1.00000000
vn 0.00000000 0.00000000 1.00000000
vn 0.00000000 0.00000000 1.00000000
vn -0.99987218 0.01598833 0.00000000
vn -0.99987218 0.01598833 0.00000000
vn -0.99987218 0.01598833 0.00000000
vn -0.99987218 0.01598833 0.00000000
vn 0.99995182 -0.00981599 0.00000000
vn 0.99995182 -0.00981599 0.00000000
vn 0.99995182 -0.00981599 0.00000000
vn 0.99995182 -0.00981599 0.00000000
vn -0.01598833 -0.99987218 0.00000000
vn -0.00981599 -0.99995182 0.00000000
vn -0.00981599 -0.99995182 0.00000000
vn -0.01598833 -0.99987218 0.00000000
vn 0.01598833 0.99987218 0.00000000
vn 0.01598833 0.99987218 0.00000000
vn 0.00981599 0.99995182 0.00000000
vn 0.00981599 0.99995182 0.00000000
vn 0.00000000 0.00000000 -1.00000000
vn 0.00000000 0.00000000 -1.00000000
vn 0.00000000 0.00000000 -1.00000000
vn 0.00000000 0.00000000 -1.00000000
vn 0.00000000 0.00000000 1.00000000
vn 0.00000000 0.00000000 1.00000000
vn 0.00000000 0.00000000 1.00000000
vn 0.00000000 0.00000000 1.00000000
vn -0.99986994 0.01612753 0.00000000
vn -0.99986994 0.01612753 0.00000000
vn -0.99986994 0.01612753 0.00000000
vn -0.99986994 0.01612753 0.00000000
vn 0.99987181 -0.01601153 0.00000000
vn 0.99987181 -0.01601153 0.00000000
vn 0.99987181 -0.01601153 0.00000000
vn 0.99987181 -0.01601153 0.00000000
vn 0.00000000 0.00000000 -1.00000000
vn 0.00000000 0.00000000 -1.00000000
vn 0.00000000 0.00000000 -1.00000000
vn 0.00000000 0.00000000 -1.00000000
vn 0.00000000 0.00000000 1.00000000
vn 0.00000000 0.00000000 1.00000000
vn 0.00000000 0.00000000 1.00000000
vn 0.00000000 0.00000000 1.00000000
vn -0.99995318 0.00967678 0.00000000
vn -0.99995318 0.00967678 0.00000000
vn -0.99995318 0.00967678 0.00000000
vn -0.99995318 0.00967678 0.00000000
vn 0.99999480 -0.00322564 0.00000000
vn 0.99999480 -0.00322564 0.00000000
vn 0.99999480 -0.00322564 0.00000000
vn 0.99999480 -0.00322564 0.00000000
vn 0.00000000 0.00000000 -1.00000000
vn 0.00000000 0.00000000 -1.00000000
vn 0.00000000 0.00000000 -1.00000000
vn 0.00000000 0.00000000 -1.00000000
vn 0.00000000 0.00000000 1.00000000
vn 0.00000000 0.00000000 1.00000000
vn 0.00000000 0.00000000 1.00000000
vn 0.00000000 0.00000000 1.00000000
vn -0.99995318 0.00967678 0.00000000
vn -0.99995318 0.00967678 0.00000000
vn -0.99995318 0.00967678 0.00000000
vn -0.99995318 0.00967678 0.00000000
vn -0.00967678 -0.99995318 0.00000000
vn -0.00645125 -0.99997919 0.00000000
vn -0.00645125 -0.99997919 0.00000000
vn -0.00967678 -0.99995318 0.00000000
vn 0.00967678 0.99995318 0.00000000
vn 0.00967678 0.99995318 0.00000000
vn 0.00645125 0.99997919 0.00000000
vn 0.00645125 0.99997919 0.00000000
vn 0.00000000 0.00000000 -1.00000000
vn 0.00000000 0.00000000 -1.00000000
vn 0.00000000 0.00000000 -1.00000000
vn 0.00000000 0.00000000 -1.00000000
vn 0.00000000 0.00000000 1.00000000
vn 0.00000000 0.00000000 1.00000000
vn 0.00000000 0.00000000 1.00000000
vn 0.00000000 0.00000000 1.00000000
vn 0.99999480 -0.00322564 0.00000000
vn 0.99999480 -0.00322564 0.00000000
vn 0.99999480 -0.00322564 0.00000000
vn 0.99999480 -0.00322564 0.00000000
vn -0.00645125 -0.99997919 0.00000000
vn -0.00322564 -0.99999480 0.00000000
vn -0.00322564 -0.99999480 0.00000000
vn -0.00645125 -0.99997919 0.00000000
vn 0.00645125 0.99997919 0.00000000
vn 0.00645125 0.99997919 0.00000000
vn 0.00322564 0.99999480 0.00000000
vn 0.00322564 0.99999480 0.00000000
vn 0.00000000 0.00000000 -1.00000000
vn 0.00000000 0.00000000 -1.00000000
vn 0.00000000 0.00000000 -1.00000000
vn 0.00000000 0.00000000 -1.00000000
vn 0.00000000 0.00000000 1.00000000
vn 0.00000000 0.00000000 1.00000000
vn 0.00000000 0.00000000 1.00000000
vn 0.00000000 0.00000000 1.00000000
vn -0.99995318 0.00967678 0.00000000
vn -0.99995318 0.00967678 0.00000000
vn -0.99995318 0.00967678 0.00000000
vn -0.99995318 0.00967678 0.00000000
vn 0.99995429 -0.00956078 0.00000000
vn 0.99995429 -0.00956078 0.00000000
vn 0.99995429 -0.00956078 0.00000000
vn 0.99995429 -0.00956078 0.00000000
vn -0.00967678 -0.99995318 0.00000000
vn -0.00956078 -0.99995429 0.00000000
vn -0.00956078 -0.99995429 0.00000000
vn -0.00967678 -0.99995318 0.00000000
vn 0.00967678 0.99995318 0.00000000
vn 0.00967678 0.99995318 0.00000000
vn 0.00956078 0.99995429 0.00000000
vn 0.00956078 0.99995429 0.00000000
vn 0.00000000 0.00000000 -1.00000000
vn 0.00000000 0.00000000 -1.00000000
vn 0.00000000 0.00000000 -1.00000000
vn 0.00000000 0.00000000 -1.00000000
vn 0.00000000 0.00000000 1.00000000
vn 0.00000000 0.00000000 1.00000000
vn 0.00000000 0.00000000 1.00000000
vn 0.00000000 0.00000000 1.00000000
vn -0.99995318 0.00967678 0.00000000
vn -0.99995318 0.00967678 0.00000000
vn -0.99995318 0.00967678 0.00000000
vn -0.99995318 0.00967678 0.00000000
vn 0.99998494 -0.00548780 0.00000000
vn 0.99998494 -0.00548780 0.00000000
vn 0.99998494 -0.00548780 0.00000000
vn 0.99998494 -0.00548780 0.00000000
vn 0.00000000 0.00000000 -1.00000000
vn 0.00000000 0.00000000 -1.00000000
vn 0.00000000 0.00000000 -1.00000000
vn 0.00000000 0.00000000 -1.00000000
vn 0.00000000 0.00000000 1.00000000
vn 0.00000000 0.00000000 1.00000000
vn 0.00000000 0.00000000 1.00000000
vn 0.00000000 0.00000000 1.00000000
vn -0.99995318 0.00967678 0.00000000
vn -0.99995318 0.00967678 0.00000000
vn -0.99995318 0.00967678 0.00000000
vn -0.99995318 0.00967678 0.00000000
vn 0.99998494 -0.00548780 0.00000000
vn 0.99998494 -0.00548780 0.00000000
vn 0.99998494 -0.00548780 0.00000000
vn 0.99998494 -0.00548780 0.00000000
vn 0.00000000 0.00000000 -1.00000000
vn 0.00000000 0.00000000 -1.00000000
vn 0.00000000 0.00000000 -1.00000000
vn 0.00000000 0.00000000 -1.00000000
vn 0.00000000 0.00000000 1.00000000
vn 0.00000000 0.00000000 1.00000000
vn 0.00000000 0.00000000 1.00000000
vn 0.00000000 0.00000000 1.00000000
vn -0.99995318 0.00967678 0.00000000
vn -0.99995318 0.00967678 0.00000000
vn -0.99995318 0.00967678 0.00000000
vn -0.99995318 0.00967678 0.00000000
vn 0.99998494 -0.00548780 0.00000000
vn 0.99998494 -0.00548780 0.00000000
vn 0.99998494 -0.00548780 0.00000000
vn 0.99998494 -0.00548780 0.00000000
vn 0.00000000 0.00000000 -1.00000000
vn 0.00000000 0.00000000 -1.00000000
vn 0.00000000 0.00000000 -1.00000000
vn 0.00000000 0.00000000 -1.00000000
vn 0.00000000 0.00000000 1.00000000
vn 0.00000000 0.00000000 1.00000000
vn 0.00000000 0.00000000 1.00000000
vn 0.00000000 0.00000000 1.00000000
vn -0.99999422 0.00339965 0.00000000
vn -0.99999422 0.00339965 0.00000000
vn -0.99999422 0.00339965 0.00000000
vn -0.99999422 0.00339965 0.00000000
vn 0.99999480 -0.00322564 0.00000000
vn 0.99999480 -0.00322564 0.00000000
vn 0.99999480 -0.00322564 0.00000000
vn 0.99999480 -0.00322564 0.00000000
vn 0.00000000 0.00000000 -1.00000000
vn 0.00000000 0.00000000 -1.00000000
vn 0.00000000 0.00000000 -1.00000000
vn 0.00000000 0.00000000 -1.00000000
vn 0.00000000 0.00000000 1.00000000
vn 0.00000000 0.00000000 1.00000000
vn 0.00000000 0.00000000 1.00000000
vn 0.00000000 0.00000000 1.00000000
vn -0.99998494 0.00548780 0.00000000
vn -0.99998494 0.00548780 0.00000000
vn -0.99998494 0.00548780 0.00000000
vn -0.99998494 0.00548780 0.00000000
vn 0.99999422 -0.00339965 0.00000000
vn 0.99999422 -0.00339965 0.00000000
vn 0.99999422 -0.00339965 0.00000000
vn 0.99999422 -0.00339965 0.00000000
vn -0.00548780 -0.99998494 0.00000000
vn -0.00339965 -0.99999422 0.00000000
vn -0.00339965 -0.99999422 0.00000000
vn -0.00548780 -0.99998494 0.00000000
vn 0.00000000 0.00000000 -1.00000000
vn 0.00000000 0.00000000 -1.00000000
vn 0.00000000 0.00000000 -1.00000000
vn 0.00000000 0.00000000 -1.00000000
vn 0.00000000 0.00000000 1.00000000
vn 0.00000000 0.00000000 1.00000000
vn 0.00000000 0.00000000 1.00000000
vn 0.00000000 0.00000000 1.00000000
vn -0.99995452 0.00953758 0.00000000
vn -0.99995452 0.00953758 0.00000000
vn -0.99995452 0.00953758 0.00000000
vn -0.99995452 0.00953758 0.00000000
vn 0.99999434 -0.00336485 0.00000000
vn 0.99999434 -0.00336485 0.00000000
vn 0.99999434 -0.00336485 0.00000000
vn 0.99999434 -0.00336485 0.00000000
vn -0.00953758 -0.99995452 0.00000000
vn -0.00336485 -0.99999434 0.00000000
vn -0.00336485 -0.99999434 0.00000000
vn -0.00953758 -0.99995452 0.00000000
vn 0.00953758 0.99995452 0.00000000
vn 0.00953758 0.99995452 0.00000000
vn 0.00336485 0.99999434 0.00000000
vn 0.00336485 0.99999434 0.00000000
vn 0.00000000 0.00000000 -1.00000000
vn 0.00000000 0.00000000 -1.00000000
vn 0.00000000 0.00000000 -1.00000000
vn 0.00000000 0.00000000 -1.00000000
vn 0.00000000 0.00000000 1.00000000
vn 0.00000000 0.00000000 1.00000000
vn 0.00000000 0.00000000 1.00000000
vn 0.00000000 0.00000000 1.00000000
vn -0.99999480 0.00322564 0.00000000
vn -0.99999480 0.00322564 0.00000000
vn -0.99999480 0.00322564 0.00000000
vn -0.99999480 0.00322564 0.00000000
vn 0.99999480 0.00322564 0.00000000
vn 0.99999480 0.00322564 0.00000000
vn 0.99999480 0.00322564 0.00000000
vn 0.99999480 0.00322564 0.00000000
vn 0.00000000 0.00000000 -1.00000000
vn 0.00000000 0.00000000 -1.00000000
vn 0.00000000 0.00000000 -1.00000000
vn 0.00000000 0.00000000 -1.00000000
vn 0.00000000 0.00000000 1.00000000
vn 0.00000000 0.00000000 1.00000000
vn 0.00000000 0.00000000 1.00000000
vn 0.00000000 0.00000000 1.00000000
vn -0.99999480 0.00322564 0.00000000
vn -0.99999480 0.00322564 0.00000000
vn -0.99999480 0.00322564 0.00000000
vn -0.99999480 0.00322564 0.00000000
vn -0.00322564 -0.99999480 0.00000000
vn 0.00000000 -1.00000000 0.00000000
vn 0.00000000 -1.00000000 0.00000000
vn -0.00322564 -0.99999480 0.00000000
vn 0.00322564 0.99999480 0.00000000
vn 0.00322564 0.99999480 0.00000000
vn 0.00000000 1.00000000 0.00000000
vn 0.00000000 1.00000000 0.00000000
vn 0.00000000 0.00000000 -1.00000000
vn 0.00000000 0.00000000 -1.00000000
vn 0.00000000 0.00000000 -1.00000000
vn 0.00000000 0.00000000 -1.00000000
vn 0.00000000 0.00000000 1.00000000
vn 0.00000000 0.00000000 1.00000000
vn 0.00000000 0.00000000 1.00000000
vn 0.00000000 0.00000000 1.00000000
vn 0.99999480 0.00322564 0.00000000
vn 0.99999480 0.00322564 0.00000000
vn 0.99999480 0.00322564 0.00000000
vn 0.99999480 0.00322564 0.00000000
vn 0.00000000 -1.00000000 0.00000000
vn 0.00322564 -0.99999480 0.00000000
vn 0.00322564 -0.99999480 0.00000000
vn 0.00000000 -1.00000000 0.00000000
vn 0.00000000 1.00000000 0.00000000
vn 0.00000000 1.00000000 0.00000000
vn -0.00322564 0.99999480 0.00000000
vn -0.00322564 0.99999480 0.00000000
vn 0.00000000 0.00000000 -1.00000000
vn 0.00000000 0.00000000 -1.00000000
vn 0.00000000 0.00000000 -1.00000000
vn 0.00000000 0.00000000 -1.00000000
vn 0.00000000 0.00000000 1.00000000
vn 0.00000000 0.00000000 1.00000000
vn 0.00000000 0.00000000 1.00000000
vn 0.00000000 0.00000000 1.00000000
vn -0.99999480 0.00322564 0.00000000
vn -0.99999480 0.00322564 0.00000000
vn -0.99999480 0.00322564 0.00000000
vn -0.99999480 0.00322564 0.00000000
vn 0.99999517 -0.00310963 0.00000000
vn 0.99999517 -0.00310963 0.00000000
vn 0.99999517 -0.00310963 0.00000000
vn 0.99999517 -0.00310963 0.00000000
vn -0.00322564 -0.99999480 0.00000000
vn -0.00310963 -0.99999517 0.00000000
vn -0.00310963 -0.99999517 0.00000000
vn -0.00322564 -0.99999480 0.00000000
vn 0.00322564 0.99999480 0.00000000
vn 0.00322564 0.99999480 0.00000000
vn 0.00310963 0.99999517 0.00000000
vn 0.00310963 0.99999517 0.00000000
vn 0.00000000 0.00000000 -1.00000000
vn 0.00000000 0.00000000 -1.00000000
vn 0.00000000 0.00000000 -1.00000000
vn 0.00000000 0.00000000 -1.00000000
vn 0.00000000 0.00000000 1.00000000
vn 0.00000000 0.00000000 1.00000000
vn 0.00000000 0.00000000 1.00000000
vn 0.00000000 0.00000000 1.00000000
vn -0.99999480 0.00322564 0.00000000
vn -0.99999480 0.00322564 0.00000000
vn -0.99999480 0.00322564 0.00000000
vn -0.99999480 0.00322564 0.00000000
vn 0.99999954 0.00096346 0.00000000
vn 0.99999954 0.00096346 0.00000000
vn 0.99999954 0.00096346 0.00000000
vn 0.99999954 0.00096346 0.00000000
vn 0.00000000 0.00000000 -1.00000000
vn 0.00000000 0.00000000 -1.00000000
vn 0.00000000 0.00000000 -1.00000000
vn 0.00000000 0.00000000 -1.00000000
vn 0.00000000 0.00000000 1.00000000
vn 0.00000000 0.00000000 1.00000000
vn 0.00000000 0.00000000 1.00000000
vn 0.00000000 0.00000000 1.00000000
vn -0.99999480 0.00322564 0.00000000
vn -0.99999480 0.00322564 0.00000000
vn -0.99999480 0.00322564 0.00000000
vn -0.99999480 0.00322564 0.00000000
vn 0.99999954 0.00096346 0.00000000
vn 0.99999954 0.00096346 0.00000000
vn 0.99999954 0.00096346 0.00000000
vn 0.99999954 0.00096346 0.00000000
vn 0.00000000 0.00000000 -1.00000000
vn 0.00000000 0.00000000 -1.00000000
vn 0.00000000 0.00000000 -1.00000000
vn 0.00000000 0.00000000 -1.00000000
vn 0.00000000 0.00000000 1.00000000
vn 0.00000000 0.00000000 1.00000000
vn 0.00000000 0.00000000 1.00000000
vn 0.00000000 0.00000000 1.00000000
vn -0.99999480 0.00322564 0.00000000
vn -0.99999480 0.00322564 0.00000000
vn -0.99999480 0.00322564 0.00000000
vn -0.99999480 0.00322564 0.00000000
vn 0.99999954 0.00096346 0.00000000
vn 0.99999954 0.00096346 0.00000000
vn 0.99999954 0.00096346 0.00000000
vn 0.99999954 0.00096346 0.00000000
vn 0.00000000 0.00000000 -1.00000000
vn 0.00000000 0.00000000 -1.00000000
vn 0.00000000 0.00000000 -1.00000000
vn 0.00000000 0.00000000 -1.00000000
vn 0.00000000 0.00000000 1.00000000
vn 0.00000000 0.00000000 1.00000000
vn 0.00000000 0.00000000 1.00000000
vn 0.00000000 0.00000000 1.00000000
vn -0.99999534 -0.00305163 0.00000000
vn -0.99999534 -0.00305163 0.00000000
vn -0.99999534 -0.00305163 0.00000000
vn -0.99999534 -0.00305163 0.00000000
vn 0.99999480 0.00322564 0.00000000
vn 0.99999480 0.00322564 0.00000000
vn 0.99999480 0.00322564 0.00000000
vn 0.99999480 0.00322564 0.00000000
vn 0.00000000 0.00000000 -1.00000000
vn 0.00000000 0.00000000 -1.00000000
vn 0.00000000 0.00000000 -1.00000000
vn 0.00000000 0.00000000 -1.00000000
vn 0.00000000 0.00000000 1.00000000
vn 0.00000000 0.00000000 1.00000000
vn 0.00000000 0.00000000 1.00000000
vn 0.00000000 0.00000000 1.00000000
vn -0.99999954 -0.00096346 0.00000000
vn -0.99999954 -0.00096346 0.00000000
vn -0.99999954 -0.00096346 0.00000000
vn -0.99999954 -0.00096346 0.00000000
vn 0.99999534 0.00305163 0.00000000
vn 0.99999534 0.00305163 0.00000000
vn 0.99999534 0.00305163 0.00000000
vn 0.99999534 0.00305163 0.00000000
vn 0.00096346 -0.99999954 0.00000000
vn 0.00305163 -0.99999534 0.00000000
vn 0.00305163 -0.99999534 0.00000000
vn 0.00096346 -0.99999954 0.00000000
vn 0.00000000 0.00000000 -1.00000000
vn 0.00000000 0.00000000 -1.00000000
vn 0.00000000 0.00000000 -1.00000000
vn 0.00000000 0.00000000 -1.00000000
vn 0.00000000 0.00000000 1.00000000
vn 0.00000000 0.00000000 1.00000000
vn 0.00000000 0.00000000 1.00000000
vn 0.00000000 0.00000000 1.00000000
vn -0.99999524 0.00308643 0.00000000
vn -0.99999524 0.00308643 0.00000000
vn -0.99999524 0.00308643 0.00000000
vn -0.99999524 0.00308643 0.00000000
vn 0.99999524 0.00308643 0.00000000
vn 0.99999524 0.00308643 0.00000000
vn 0.99999524 0.00308643 0.00000000
vn 0.99999524 0.00308643 0.00000000
vn -0.00308643 -0.99999524 0.00000000
vn 0.00308643 -0.99999524 0.00000000
vn 0.00308643 -0.99999524 0.00000000
vn -0.00308643 -0.99999524 0.00000000
vn 0.00308643 0.99999524 0.00000000
vn 0.00308643 0.99999524 0.00000000
vn -0.00308643 0.99999524 0.00000000
vn -0.00308643 0.99999524 0.00000000
vn 0.00000000 0.00000000 -1.00000000
vn 0.00000000 0.00000000 -1.00000000
vn 0.00000000 0.00000000 -1.00000000
vn 0.00000000 0.00000000 -1.00000000
vn 0.00000000 0.00000000 1.00000000
vn 0.00000000 0.00000000 1.00000000
vn 0.00000000 0.00000000 1.00000000
vn 0.00000000 0.00000000 1.00000000
vn -0.99999480 -0.00322564 0.00000000
vn -0.99999480 -0.00322564 0.00000000
vn -0.99999480 -0.00322564 0.00000000
vn -0.99999480 -0.00322564 0.00000000
vn 0.99995318 0.00967678 0.00000000
vn 0.99995318 0.00967678 0.00000000
vn 0.99995318 0.00967678 0.00000000
vn 0.99995318 0.00967678 0.00000000
vn 0.00000000 0.00000000 -1.00000000
vn 0.00000000 0.00000000 -1.00000000
vn 0.00000000 0.00000000 -1.00000000
vn 0.00000000 0.00000000 -1.00000000
vn 0.00000000 0.00000000 1.00000000
vn 0.00000000 0.00000000 1.00000000
vn 0.00000000 0.00000000 1.00000000
vn 0.00000000 0.00000000 1.00000000
vn -0.99999480 -0.00322564 0.00000000
vn -0.99999480 -0.00322564 0.00000000
vn -0.99999480 -0.00322564 0.00000000
vn -0.99999480 -0.00322564 0.00000000
vn 0.00322564 -0.99999480 0.00000000
vn 0.00645125 -0.99997919 0.00000000
vn 0.00645125 -0.99997919 0.00000000
vn 0.00322564 -0.99999480 0.00000000
vn -0.00322564 0.99999480 0.00000000
vn -0.00322564 0.99999480 0.00000000
vn -0.00645125 0.99997919 0.00000000
vn -0.00645125 0.99997919 0.00000000
vn 0.00000000 0.00000000 -1.00000000
vn 0.00000000 0.00000000 -1.00000000
vn 0.00000000 0.00000000 -1.00000000
vn 0.00000000 0.00000000 -1.00000000
vn 0.00000000 0.00000000 1.00000000
vn 0.00000000 0.00000000 1.00000000
vn 0.00000000 0.00000000 1.00000000
vn 0.00000000 0.00000000 1.00000000
vn 0.99995318 0.00967678 0.00000000
vn 0.99995318 0.00967678 0.00000000
vn 0.99995318 0.00967678 0.00000000
vn 0.99995318 0.00967678 0.00000000
vn 0.00645125 -0.99997919 0.00000000
vn 0.00967678 -0.99995318 0.00000000
vn 0.00967678 -0.99995318 0.00000000
vn 0.00645125 -0.99997919 0.00000000
vn -0.00645125 0.99997919 0.00000000
vn -0.00645125 0.99997919 0.00000000
vn -0.00967678 0.99995318 0.00000000
vn -0.00967678 0.99995318 0.00000000
vn 0.00000000 0.00000000 -1.00000000
vn 0.00000000 0.00000000 -1.00000000
vn 0.00000000 0.00000000 -1.00000000
vn 0.00000000 0.00000000 -1.00000000
vn 0.00000000 0.00000000 1.00000000
vn 0.00000000 0.00000000 1.00000000
vn 0.00000000 0.00000000 1.00000000
vn 0.00000000 0.00000000 1.00000000
vn -0.99999480 -0.00322564 0.00000000
vn -0.99999480 -0.00322564 0.00000000
vn -0.99999480 -0.00322564 0.00000000
vn -0.99999480 -0.00322564 0.00000000
vn 0.99999442 0.00334165 0.00000000
vn 0.99999442 0.00334165 0.00000000
vn 0.99999442 0.00334165 0.00000000
vn 0.99999442 0.00334165 0.00000000
vn 0.00322564 -0.99999480 0.00000000
vn 0.00334165 -0.99999442 0.00000000
vn 0.00334165 -0.99999442 0.00000000
vn 0.00322564 -0.99999480 0.00000000
vn -0.00322564 0.99999480 0.00000000
vn -0.00322564 0.99999480 0.00000000
vn -0.00334165 0.99999442 0.00000000
vn -0.00334165 0.99999442 0.00000000
vn 0.00000000 0.00000000 -1.00000000
vn 0.00000000 0.00000000 -1.00000000
vn 0.00000000 0.00000000 -1.00000000
vn 0.00000000 0.00000000 -1.00000000
vn 0.00000000 0.00000000 1.00000000
vn 0.00000000 0.00000000 1.00000000
vn 0.00000000 0.00000000 1.00000000
vn 0.00000000 0.00000000 1.00000000
vn -0.99999480 -0.00322564 0.00000000
vn -0.99999480 -0.00322564 0.00000000
vn -0.99999480 -0.00322564 0.00000000
vn -0.99999480 -0.00322564 0.00000000
vn 0.99997251 0.00741469 0.00000000
vn 0.99997251 0.00741469 0.00000000
vn 0.99997251 0.00741469 0.00000000
vn 0.99997251 0.00741469 0.00000000
vn 0.00000000 0.00000000 -1.00000000
vn 0.00000000 0.00000000 -1.00000000
vn 0.00000000 0.00000000 -1.00000000
vn 0.00000000 0.00000000 -1.00000000
vn 0.00000000 0.00000000 1.00000000
vn 0.00000000 0.00000000 1.00000000
vn 0.00000000 0.00000000 1.00000000
vn 0.00000000 0.00000000 1.00000000
vn -0.99999480 -0.00322564 0.00000000
vn -0.99999480 -0.00322564 0.00000000
vn -0.99999480 -0.00322564 0.00000000
vn -0.99999480 -0.00322564 0.00000000
vn 0.99997251 0.00741469 0.00000000
vn 0.99997251 0.00741469 0.00000000
vn 0.99997251 0.00741469 0.00000000
vn 0.99997251 0.00741469 0.00000000
vn 0.00000000 0.00000000 -1.00000000
vn 0.00000000 0.00000000 -1.00000000
vn 0.00000000 0.00000000 -1.00000000
vn 0.00000000 0.00000000 -1.00000000
vn 0.00000000 0.00000000 1.00000000
vn 0.00000000 0.00000000 1.00000000
vn 0.00000000 0.00000000 1.00000000
vn 0.00000000 0.00000000 1.00000000
vn -0.99999480 -0.00322564 0.00000000
vn -0.99999480 -0.00322564 0.00000000
vn -0.99999480 -0.00322564 0.00000000
vn -0.99999480 -0.00322564 0.00000000
vn 0.99997251 0.00741469 0.00000000
vn 0.99997251 0.00741469 0.00000000
vn 0.99997251 0.00741469 0.00000000
vn 0.99997251 0.00741469 0.00000000
vn 0.00000000 0.00000000 -1.00000000
vn 0.00000000 0.00000000 -1.00000000
vn 0.00000000 0.00000000 -1.00000000
vn 0.00000000 0.00000000 -1.00000000
vn 0.00000000 0.00000000 1.00000000
vn 0.00000000 0.00000000 1.00000000
vn 0.00000000 0.00000000 1.00000000
vn 0.00000000 0.00000000 1.00000000
vn -0.99995485 -0.00950278 0.00000000
vn -0.99995485 -0.00950278 0.00000000
vn -0.99995485 -0.00950278 0.00000000
vn -0.99995485 -0.00950278 0.00000000
vn 0.99995318 0.00967678 0.00000000
vn 0.99995318 0.00967678 0.00000000
vn 0.99995318 0.00967678 0.00000000
vn 0.99995318 0.00967678 0.00000000
vn 0.00000000 0.00000000 -1.00000000
vn 0.00000000 0.00000000 -1.00000000
vn 0.00000000 0.00000000 -1.00000000
vn 0.00000000 0.00000000 -1.00000000
vn 0.00000000 0.00000000 1.00000000
vn 0.00000000 0.00000000 1.00000000
vn 0.00000000 0.00000000 1.00000000
vn 0.00000000 0.00000000 1.00000000
vn -0.99997251 -0.00741469 0.00000000
vn -0.99997251 -0.00741469 0.00000000
vn -0.99997251 -0.00741469 0.00000000
vn -0.99997251 -0.00741469 0.00000000
vn 0.99995485 0.00950278 0.00000000
vn 0.99995485 0.00950278 0.00000000
vn 0.99995485 0.00950278 0.00000000
vn 0.99995485 0.00950278 0.00000000
vn 0.00741469 -0.99997251 0.00000000
vn 0.00950278 -0.99995485 0.00000000
vn 0.00950278 -0.99995485 0.00000000
vn 0.00741469 -0.99997251 0.00000000
vn 0.00000000 0.00000000 -1.00000000
vn 0.00000000 0.00000000 -1.00000000
vn 0.00000000 0.00000000 -1.00000000
vn 0.00000000 0.00000000 -1.00000000
vn 0.00000000 0.00000000 1.00000000
vn 0.00000000 0.00000000 1.00000000
vn 0.00000000 0.00000000 1.00000000
vn 0.00000000 0.00000000 1.00000000
vn -0.99999434 -0.00336485 0.00000000
vn -0.99999434 -0.00336485 0.00000000
vn -0.99999434 -0.00336485 0.00000000
vn -0.99999434 -0.00336485 0.00000000
vn 0.99995452 0.00953758 0.00000000
vn 0.99995452 0.00953758 0.00000000
vn 0.99995452 0.00953758 0.00000000
vn 0.99995452 0.00953758 0.00000000
vn 0.00336485 -0.99999434 0.00000000
vn 0.00953758 -0.99995452 0.00000000
vn 0.00953758 -0.99995452 0.00000000
vn 0.00336485 -0.99999434 0.00000000
vn -0.00336485 0.99999434 0.00000000
vn -0.00336485 0.99999434 0.00000000
vn -0.00953758 0.99995452 0.00000000
vn -0.00953758 0.99995452 0.00000000
vn 0.00000000 0.00000000 -1.00000000
vn 0.00000000 0.00000000 -1.00000000
vn 0.00000000 0.00000000 -1.00000000
vn 0.00000000 0.00000000 -1.00000000
vn 0.00000000 0.00000000 1.00000000
vn 0.00000000 0.00000000 1.00000000
vn 0.00000000 0.00000000 1.00000000
vn 0.00000000 0.00000000 1.00000000
vn -0.99999480 -0.00322564 0.00000000
vn -0.99999480 -0.00322564 0.00000000
vn -0.99999480 -0.00322564 0.00000000
vn -0.99999480 -0.00322564 0.00000000
vn 0.99999442 0.00334165 0.00000000
vn 0.99999442 0.00334165 0.00000000
vn 0.99999442 0.00334165 0.00000000
vn 0.99999442 0.00334165 0.00000000
vn 0.00000000 0.00000000 -1.00000000
vn 0.00000000 0.00000000 -1.00000000
vn 0.00000000 0.00000000 -1.00000000
vn 0.00000000 0.00000000 -1.00000000
vn 0.00000000 0.00000000 1.00000000
vn 0.00000000 0.00000000 1.00000000
vn 0.00000000 0.00000000 1.00000000
vn 0.00000000 0.00000000 1.00000000
vn -0.99995318 -0.00967678 0.00000000
vn -0.99995318 -0.00967678 0.00000000
vn -0.99995318 -0.00967678 0.00000000
vn -0.99995318 -0.00967678 0.00000000
vn 0.99986994 0.01612753 0.00000000
vn 0.99986994 0.01612753 0.00000000
vn 0.99986994 0.01612753 0.00000000
vn 0.99986994 0.01612753 0.00000000
vn 0.00000000 0.00000000 -1.00000000
vn 0.00000000 0.00000000 -1.00000000
vn 0.00000000 0.00000000 -1.00000000
vn 0.00000000 0.00000000 -1.00000000
vn 0.00000000 0.00000000 1.00000000
vn 0.00000000 0.00000000 1.00000000
vn 0.00000000 0.00000000 1.00000000
vn 0.00000000 0.00000000 1.00000000
vn -0.99995318 -0.00967678 0.00000000
vn -0.99995318 -0.00967678 0.00000000
vn -0.99995318 -0.00967678 0.00000000
vn -0.99995318 -0.00967678 0.00000000
vn 0.00967678 -0.99995318 0.00000000
vn 0.01290222 -0.99991676 0.00000000
vn 0.01290222 -0.99991676 0.00000000
vn 0.00967678 -0.99995318 0.00000000
vn -0.00967678 0.99995318 0.00000000
vn -0.00967678 0.99995318 0.00000000
vn -0.01290222 0.99991676 0.00000000
vn -0.01290222 0.99991676 0.00000000
vn 0.00000000 0.00000000 -1.00000000
vn 0.00000000 0.00000000 -1.00000000
vn 0.00000000 0.00000000 -1.00000000
vn 0.00000000 0.00000000 -1.00000000
vn 0.00000000 0.00000000 1.00000000
vn 0.00000000 0.00000000 1.00000000
vn 0.00000000 0.00000000 1.00000000
vn 0.00000000 0.00000000 1.00000000
vn 0.99986994 0.01612753 0.00000000
vn 0.99986994 0.01612753 0.00000000
vn 0.99986994 0.01612753 0.00000000
vn 0.99986994 0.01612753 0.00000000
vn 0.01290222 -0.99991676 0.00000000
vn 0.01612753 -0.99986994 0.00000000
vn 0.01612753 -0.99986994 0.00000000
vn 0.01290222 -0.99991676 0.00000000
vn -0.01290222 0.99991676 0.00000000
vn -0.01290222 0.99991676 0.00000000
vn -0.01612753 0.99986994 0.00000000
vn -0.01612753 0.99986994 0.00000000
vn 0.00000000 0.00000000 -1.00000000
vn 0.00000000 0.00000000 -1.00000000
vn 0.00000000 0.00000000 -1.00000000
vn 0.00000000 0.00000000 -1.00000000
vn 0.00000000 0.00000000 1.00000000
vn 0.00000000 0.00000000 1.00000000
vn 0.00000000 0.00000000 1.00000000
vn 0.00000000 0.00000000 1.00000000
vn -0.99995318 -0.00967678 0.00000000
vn -0.99995318 -0.00967678 0.00000000
vn -0.99995318 -0.00967678 0.00000000
vn -0.99995318 -0.00967678 0.00000000
vn 0.99995205 0.00979279 0.00000000
vn 0.99995205 0.00979279 0.00000000
vn 0.99995205 0.00979279 0.00000000
vn 0.99995205 0.00979279 0.00000000
vn 0.00967678 -0.99995318 0.00000000
vn 0.00979279 -0.99995205 0.00000000
vn 0.00979279 -0.99995205 0.00000000
vn 0.00967678 -0.99995318 0.00000000
vn -0.00967678 0.99995318 0.00000000
vn -0.00967678 0.99995318 0.00000000
vn -0.00979279 0.99995205 0.00000000
vn -0.00979279 0.99995205 0.00000000
vn 0.00000000 0.00000000 -1.00000000
vn 0.00000000 0.00000000 -1.00000000
vn 0.00000000 0.00000000 -1.00000000
vn 0.00000000 0.00000000 -1.00000000
vn 0.00000000 0.00000000 1.00000000
vn 0.00000000 0.00000000 1.00000000
vn 0.00000000 0.00000000 1.00000000
vn 0.00000000 0.00000000 1.00000000
vn -0.99995318 -0.00967678 0.00000000
vn -0.99995318 -0.00967678 0.00000000
vn -0.99995318 -0.00967678 0.00000000
vn -0.99995318 -0.00967678 0.00000000
vn 0.99990387 0.01386560 0.00000000
vn 0.99990387 0.01386560 0.00000000
vn 0.99990387 0.01386560 0.00000000
vn 0.99990387 0.01386560 0.00000000
vn 0.00000000 0.00000000 -1.00000000
vn 0.00000000 0.00000000 -1.00000000
vn 0.00000000 0.00000000 -1.00000000
vn 0.00000000 0.00000000 -1.00000000
vn 0.00000000 0.00000000 1.00000000
vn 0.00000000 0.00000000 1.00000000
vn 0.00000000 0.00000000 1.00000000
vn 0.00000000 0.00000000 1.00000000
vn -0.99995318 -0.00967678 0.00000000
vn -0.99995318 -0.00967678 0.00000000
vn -0.99995318 -0.00967678 0.00000000
vn -0.99995318 -0.00967678 0.00000000
vn 0.99990387 0.01386560 0.00000000
vn 0.99990387 0.01386560 0.00000000
vn 0.99990387 0.01386560 0.00000000
vn 0.99990387 0.01386560 0.00000000
vn 0.00000000 0.00000000 -1.00000000
vn 0.00000000 0.00000000 -1.00000000
vn 0.00000000 0.00000000 -1.00000000
vn 0.00000000 0.00000000 -1.00000000
vn 0.00000000 0.00000000 1.00000000
vn 0.00000000 0.00000000 1.00000000
vn 0.00000000 0.00000000 1.00000000
vn 0.00000000 0.00000000 1.00000000
vn -0.99995318 -0.00967678 0.00000000
vn -0.99995318 -0.00967678 0.00000000
vn -0.99995318 -0.00967678 0.00000000
vn -0.99995318 -0.00967678 0.00000000
vn 0.99990387 0.01386560 0.00000000
vn 0.99990387 0.01386560 0.00000000
vn 0.99990387 0.01386560 0.00000000
vn 0.99990387 0.01386560 0.00000000
vn 0.00000000 0.00000000 -1.00000000
vn 0.00000000 0.00000000 -1.00000000
vn 0.00000000 0.00000000 -1.00000000
vn 0.00000000 0.00000000 -1.00000000
vn 0.00000000 0.00000000 1.00000000
vn 0.00000000 0.00000000 1.00000000
vn 0.00000000 0.00000000 1.00000000
vn 0.00000000 0.00000000 1.00000000
vn -0.99987273 -0.01595353 0.00000000
vn -0.99987273 -0.01595353 0.00000000
vn -0.99987273 -0.01595353 0.00000000
vn -0.99987273 -0.01595353 0.00000000
vn 0.99986994 0.01612753 0.00000000
vn 0.99986994 0.01612753 0.00000000
vn 0.99986994 0.01612753 0.00000000
vn 0.99986994 0.01612753 0.00000000
vn 0.00000000 0.00000000 -1.00000000
vn 0.00000000 0.00000000 -1.00000000
vn 0.00000000 0.00000000 -1.00000000
vn 0.00000000 0.00000000 -1.00000000
vn 0.00000000 0.00000000 1.00000000
vn 0.00000000 0.00000000 1.00000000
vn 0.00000000 0.00000000 1.00000000
vn 0.00000000 0.00000000 1.00000000
vn -0.99990387 -0.01386560 0.00000000
vn -0.99990387 -0.01386560 0.00000000
vn -0.99990387 -0.01386560 0.00000000
vn -0.99990387 -0.01386560 0.00000000
vn 0.99987273 0.01595353 0.00000000
vn 0.99987273 0.01595353 0.00000000
vn 0.99987273 0.01595353 0.00000000
vn 0.99987273 0.01595353 0.00000000
vn 0.01386560 -0.99990387 0.00000000
vn 0.01595353 -0.99987273 0.00000000
vn 0.01595353 -0.99987273 0.00000000
vn 0.01386560 -0.99990387 0.00000000
vn 0.00000000 0.00000000 -1.00000000
vn 0.00000000 0.00000000 -1.00000000
vn 0.00000000 0.00000000 -1.00000000
vn 0.00000000 0.00000000 -1.00000000
vn 0.00000000 0.00000000 1.00000000
vn 0.00000000 0.00000000 1.00000000
vn 0.00000000 0.00000000 1.00000000
vn 0.00000000 0.00000000 1.00000000
vn -0.99995182 -0.00981599 0.00000000
vn -0.99995182 -0.00981599 0.00000000
vn -0.99995182 -0.00981599 0.00000000
vn -0.99995182 -0.00981599 0.00000000
vn 0.99987218 0.01598833 0.00000000
vn 0.99987218 0.01598833 0.00000000
vn 0.99987218 0.01598833 0.00000000
vn 0.99987218 0.01598833 0.00000000
vn 0.00981599 -0.99995182 0.00000000
vn 0.01598833 -0.99987218 0.00000000
vn 0.01598833 -0.99987218 0.00000000
vn 0.00981599 -0.99995182 0.00000000
vn -0.00981599 0.99995182 0.00000000
vn -0.00981599 0.99995182 0.00000000
vn -0.01598833 0.99987218 0.00000000
vn -0.01598833 0.99987218 0.00000000
vn 0.00000000 0.00000000 -1.00000000
vn 0.00000000 0.00000000 -1.00000000
vn 0.00000000 0.00000000 -1.00000000
vn 0.00000000 0.00000000 -1.00000000
vn 0.00000000 0.00000000 1.00000000
vn 0.00000000 0.00000000 1.00000000
vn 0.00000000 0.00000000 1.00000000
vn 0.00000000 0.00000000 1.00000000
vn -0.99995318 -0.00967678 0.00000000
vn -0.99995318 -0.00967678 0.00000000
vn -0.99995318 -0.00967678 0.00000000
vn -0.99995318 -0.00967678 0.00000000
vn 0.99995205 0.00979279 0.00000000
vn 0.99995205 0.00979279 0.00000000
vn 0.99995205 0.00979279 0.00000000
vn 0.99995205 0.00979279 0.00000000
vn 0.00000000 0.00000000 -1.00000000
vn 0.00000000 0.00000000 -1.00000000
vn 0.00000000 0.00000000 -1.00000000
vn 0.00000000 0.00000000 -1.00000000
vn 0.00000000 0.00000000 1.00000000
vn 0.00000000 0.00000000 1.00000000
vn 0.00000000 0.00000000 1.00000000
vn 0.00000000 0.00000000 1.00000000
vn -0.99986994 -0.01612753 0.00000000
vn -0.99986994 -0.01612753 0.00000000
vn -0.99986994 -0.01612753 0.00000000
vn -0.99986994 -0.01612753 0.00000000
vn 0.99974509 0.02257760 0.00000000
vn 0.99974509 0.02257760 0.00000000
vn 0.99974509 0.02257760 0.00000000
vn 0.99974509 0.02257760 0.00000000
vn 0.00000000 0.00000000 -1.00000000
vn 0.00000000 0.00000000 -1.00000000
vn 0.00000000 0.00000000 -1.00000000
vn 0.00000000 0.00000000 -1.00000000
vn 0.00000000 0.00000000 1.00000000
vn 0.00000000 0.00000000 1.00000000
vn 0.00000000 0.00000000 1.00000000
vn 0.00000000 0.00000000 1.00000000
vn -0.99986994 -0.01612753 0.00000000
vn -0.99986994 -0.01612753 0.00000000
vn -0.99986994 -0.01612753 0.00000000
vn -0.99986994 -0.01612753 0.00000000
vn 0.01612753 -0.99986994 0.00000000
vn 0.01935266 -0.99981272 0.00000000
vn 0.01935266 -0.99981272 0.00000000
vn 0.01612753 -0.99986994 0.00000000
vn -0.01612753 0.99986994 0.00000000
vn -0.01612753 0.99986994 0.00000000
vn -0.01935266 0.99981272 0.00000000
vn -0.01935266 0.99981272 0.00000000
vn 0.00000000 0.00000000 -1.00000000
vn 0.00000000 0.00000000 -1.00000000
vn 0.00000000 0.00000000 -1.00000000
vn 0.00000000 0.00000000 -1.00000000
vn 0.00000000 0.00000000 1.00000000
vn 0.00000000 0.00000000 1.00000000
vn 0.00000000 0.00000000 1.00000000
vn 0.00000000 0.00000000 1.00000000
vn 0.99974509 0.02257760 0.00000000
vn 0.99974509 0.02257760 0.00000000
vn 0.99974509 0.02257760 0.00000000
vn 0.99974509 0.02257760 0.00000000
vn 0.01935266 -0.99981272 0.00000000
vn 0.02257760 -0.99974509 0.00000000
vn 0.02257760 -0.99974509 0.00000000
vn 0.01935266 -0.99981272 0.00000000
vn -0.01935266 0.99981272 0.00000000
vn -0.01935266 0.99981272 0.00000000
vn -0.02257760 0.99974509 0.00000000
vn -0.02257760 0.99974509 0.00000000
vn 0.00000000 0.00000000 -1.00000000
vn 0.00000000 0.00000000 -1.00000000
vn 0.00000000 0.00000000 -1.00000000
vn 0.00000000 0.00000000 -1.00000000
vn 0.00000000 0.00000000 1.00000000
vn 0.00000000 0.00000000 1.00000000
vn 0.00000000 0.00000000 1.00000000
vn 0.00000000 0.00000000 1.00000000
vn -0.99986994 -0.01612753 0.00000000
vn -0.99986994 -0.01612753 0.00000000
vn -0.99986994 -0.01612753 0.00000000
vn -0.99986994 -0.01612753 0.00000000
vn 0.99986807 0.01624352 0.00000000
vn 0.99986807 0.01624352 0.00000000
vn 0.99986807 0.01624352 0.00000000
vn 0.99986807 0.01624352 0.00000000
vn 0.01612753 -0.99986994 0.00000000
vn 0.01624352 -0.99986807 0.00000000
vn 0.01624352 -0.99986807 0.00000000
vn 0.01612753 -0.99986994 0.00000000
vn -0.01612753 0.99986994 0.00000000
vn -0.01612753 0.99986994 0.00000000
vn -0.01624352 0.99986807 0.00000000
vn -0.01624352 0.99986807 0.00000000
vn 0.00000000 0.00000000 -1.00000000
vn 0.00000000 0.00000000 -1.00000000
vn 0.00000000 0.00000000 -1.00000000
vn 0.00000000 0.00000000 -1.00000000
vn 0.00000000 0.00000000 1.00000000
vn 0.00000000 0.00000000 1.00000000
vn 0.00000000 0.00000000 1.00000000
vn 0.00000000 0.00000000 1.00000000
vn -0.99986994 -0.01612753 0.00000000
vn -0.99986994 -0.01612753 0.00000000
vn -0.99986994 -0.01612753 0.00000000
vn -0.99986994 -0.01612753 0.00000000
vn 0.99979361 0.02031594 0.00000000
vn 0.99979361 0.02031594 0.00000000
vn 0.99979361 0.02031594 0.00000000
vn 0.99979361 0.02031594 0.00000000
vn 0.00000000 0.00000000 -1.00000000
vn 0.00000000 0.00000000 -1.00000000
vn 0.00000000 0.00000000 -1.00000000
vn 0.00000000 0.00000000 -1.00000000
vn 0.00000000 0.00000000 1.00000000
vn 0.00000000 0.00000000 1.00000000
vn 0.00000000 0.00000000 1.00000000
vn 0.00000000 0.00000000 1.00000000
vn -0.99986994 -0.01612753 0.00000000
vn -0.99986994 -0.01612753 0.00000000
vn -0.99986994 -0.01612753 0.00000000
vn -0.99986994 -0.01612753 0.00000000
vn 0.99979361 0.02031594 0.00000000
vn 0.99979361 0.02031594 0.00000000
vn 0.99979361 0.02031594 0.00000000
vn 0.99979361 0.02031594 0.00000000
vn 0.00000000 0.00000000 -1.00000000
vn 0.00000000 0.00000000 -1.00000000
vn 0.00000000 0.00000000 -1.00000000
vn 0.00000000 0.00000000 -1.00000000
vn 0.00000000 0.00000000 1.00000000
vn 0.00000000 0.00000000 1.00000000
vn 0.00000000 0.00000000 1.00000000
vn 0.00000000 0.00000000 1.00000000
vn -0.99986994 -0.01612753 0.00000000
vn -0.99986994 -0.01612753 0.00000000
vn -0.99986994 -0.01612753 0.00000000
vn -0.99986994 -0.01612753 0.00000000
vn 0.99979361 0.02031594 0.00000000
vn 0.99979361 0.02031594 0.00000000
vn 0.99979361 0.02031594 0.00000000
vn 0.99979361 0.02031594 0.00000000
vn 0.00000000 0.00000000 -1.00000000
vn 0.00000000 0.00000000 -1.00000000
vn 0.00000000 0.00000000 -1.00000000
vn 0.00000000 0.00000000 -1.00000000
vn 0.00000000 0.00000000 1.00000000
vn 0.00000000 0.00000000 1.00000000
vn 0.00000000 0.00000000 1.00000000
vn 0.00000000 0.00000000 1.00000000
vn -0.99974901 -0.02240363 0.00000000
vn -0.99974901 -0.02240363 0.00000000
vn -0.99974901 -0.02240363 0.00000000
vn -0.99974901 -0.02240363 0.00000000
vn 0.99974509 0.02257760 0.00000000
vn 0.99974509 0.02257760 0.00000000
vn 0.99974509 0.02257760 0.00000000
vn 0.99974509 0.02257760 0.00000000
vn 0.00000000 0.00000000 -1.00000000
vn 0.00000000 0.00000000 -1.00000000
vn 0.00000000 0.00000000 -1.00000000
vn 0.00000000 0.00000000 -1.00000000
vn 0.00000000 0.00000000 1.00000000
vn 0.00000000 0.00000000 1.00000000
vn 0.00000000 0.00000000 1.00000000
vn 0.00000000 0.00000000 1.00000000
vn -0.99979361 -0.02031594 0.00000000
vn -0.99979361 -0.02031594 0.00000000
vn -0.99979361 -0.02031594 0.00000000
vn -0.99979361 -0.02031594 0.00000000
vn 0.99974901 0.02240363 0.00000000
vn 0.99974901 0.02240363 0.00000000
vn 0.99974901 0.02240363 0.00000000
vn 0.99974901 0.02240363 0.00000000
vn 0.02031594 -0.99979361 0.00000000
vn 0.02240363 -0.99974901 0.00000000
vn 0.02240363 -0.99974901 0.00000000
vn 0.02031594 -0.99979361 0.00000000
vn 0.00000000 0.00000000 -1.00000000
vn 0.00000000 0.00000000 -1.00000000
vn 0.00000000 0.00000000 -1.00000000
vn 0.00000000 0.00000000 -1.00000000
vn 0.00000000 0.00000000 1.00000000
vn 0.00000000 0.00000000 1.00000000
vn 0.00000000 0.00000000 1.00000000
vn 0.00000000 0.00000000 1.00000000
vn -0.99986769 -0.01626672 0.00000000
vn -0.99986769 -0.01626672 0.00000000
vn -0.99986769 -0.01626672 0.00000000
vn -0.99986769 -0.01626672 0.00000000
vn 0.99974823 0.02243842 0.00000000
vn 0.99974823 0.02243842 0.00000000
vn 0.99974823 0.02243842 0.00000000
vn 0.99974823 0.02243842 0.00000000
vn 0.01626672 -0.99986769 0.00000000
vn 0.02243842 -0.99974823 0.00000000
vn 0.02243842 -0.99974823 0.00000000
vn 0.01626672 -0.99986769 0.00000000
vn -0.01626672 0.99986769 0.00000000
vn -0.01626672 0.99986769 0.00000000
vn -0.02243842 0.99974823 0.00000000
vn -0.02243842 0.99974823 0.00000000
vn 0.00000000 0.00000000 -1.00000000
vn 0.00000000 0.00000000 -1.00000000
vn 0.00000000 0.00000000 -1.00000000
vn 0.00000000 0.00000000 -1.00000000
vn 0.00000000 0.00000000 1.00000000
vn 0.00000000 0.00000000 1.00000000
vn 0.00000000 0.00000000 1.00000000
vn 0.00000000 0.00000000 1.00000000
vn -0.99986994 -0.01612753 0.00000000
vn -0.99986994 -0.01612753 0.00000000
vn -0.99986994 -0.01612753 0.00000000
vn -0.99986994 -0.01612753 0.00000000
vn 0.99986807 0.01624352 0.00000000
vn 0.99986807 0.01624352 0.00000000
vn 0.99986807 0.01624352 0.00000000
vn 0.99986807 0.01624352 0.00000000
vn 0.00000000 0.00000000 -1.00000000
vn 0.00000000 0.00000000 -1.00000000
vn 0.00000000 0.00000000 -1.00000000
vn 0.00000000 0.00000000 -1.00000000
vn 0.00000000 0.00000000 1.00000000
vn 0.00000000 0.00000000 1.00000000
vn 0.00000000 0.00000000 1.00000000
vn 0.00000000 0.00000000 1.00000000
vn -0.99974509 -0.02257760 0.00000000
vn -0.99974509 -0.02257760 0.00000000
vn -0.99974509 -0.02257760 0.00000000
vn -0.99974509 -0.02257760 0.00000000
vn 0.99957864 0.02902673 0.00000000
vn 0.99957864 0.02902673 0.00000000
vn 0.99957864 0.02902673 0.00000000
vn 0.99957864 0.02902673 0.00000000
vn 0.00000000 0.00000000 -1.00000000
vn 0.00000000 0.00000000 -1.00000000
vn 0.00000000 0.00000000 -1.00000000
vn 0.00000000 0.00000000 -1.00000000
vn 0.00000000 0.00000000 1.00000000
vn 0.00000000 0.00000000 1.00000000
vn 0.00000000 0.00000000 1.00000000
vn 0.00000000 0.00000000 1.00000000
vn -0.99974509 -0.02257760 0.00000000
vn -0.99974509 -0.02257760 0.00000000
vn -0.99974509 -0.02257760 0.00000000
vn -0.99974509 -0.02257760 0.00000000
vn 0.02257760 -0.99974509 0.00000000
vn 0.02580230 -0.99966707 0.00000000
vn 0.02580230 -0.99966707 0.00000000
vn 0.02257760 -0.99974509 0.00000000
vn -0.02257760 0.99974509 0.00000000
vn -0.02257760 0.99974509 0.00000000
vn -0.02580230 0.99966707 0.00000000
vn -0.02580230 0.99966707 0.00000000
vn 0.00000000 0.00000000 -1.00000000
vn 0.00000000 0.00000000 -1.00000000
vn 0.00000000 0.00000000 -1.00000000
vn 0.00000000 0.00000000 -1.00000000
vn 0.00000000 0.00000000 1.00000000
vn 0.00000000 0.00000000 1.00000000
vn 0.00000000 0.00000000 1.00000000
vn 0.00000000 0.00000000 1.00000000
vn 0.99957864 0.02902673 0.00000000
vn 0.99957864 0.02902673 0.00000000
vn 0.99957864 0.02902673 0.00000000
vn 0.99957864 0.02902673 0.00000000
vn 0.02580230 -0.99966707 0.00000000
vn 0.02902673 -0.99957864 0.00000000
vn 0.02902673 -0.99957864 0.00000000
vn 0.02580230 -0.99966707 0.00000000
vn -0.02580230 0.99966707 0.00000000
vn -0.02580230 0.99966707 0.00000000
vn -0.02902673 0.99957864 0.00000000
vn -0.02902673 0.99957864 0.00000000
vn 0.00000000 0.00000000 -1.00000000
vn 0.00000000 0.00000000 -1.00000000
vn 0.00000000 0.00000000 -1.00000000
vn 0.00000000 0.00000000 -1.00000000
vn 0.00000000 0.00000000 1.00000000
vn 0.00000000 0.00000000 1.00000000
vn 0.00000000 0.00000000 1.00000000
vn 0.00000000 0.00000000 1.00000000
vn -0.99974509 -0.02257760 0.00000000
vn -0.99974509 -0.02257760 0.00000000
vn -0.99974509 -0.02257760 0.00000000
vn -0.99974509 -0.02257760 0.00000000
vn 0.99974247 0.02269358 0.00000000
vn 0.99974247 0.02269358 0.00000000
vn 0.99974247 0.02269358 0.00000000
vn 0.99974247 0.02269358 0.00000000
vn 0.02257760 -0.99974509 0.00000000
vn 0.02269358 -0.99974247 0.00000000
vn 0.02269358 -0.99974247 0.00000000
vn 0.02257760 -0.99974509 0.00000000
vn -0.02257760 0.99974509 0.00000000
vn -0.02257760 0.99974509 0.00000000
vn -0.02269358 0.99974247 0.00000000
vn -0.02269358 0.99974247 0.00000000
vn 0.00000000 0.00000000 -1.00000000
vn 0.00000000 0.00000000 -1.00000000
vn 0.00000000 0.00000000 -1.00000000
vn 0.00000000 0.00000000 -1.00000000
vn 0.00000000 0.00000000 1.00000000
vn 0.00000000 0.00000000 1.00000000
vn 0.00000000 0.00000000 1.00000000
vn 0.00000000 0.00000000 1.00000000
vn -0.99974509 -0.02257760 0.00000000
vn -0.99974509 -0.02257760 0.00000000
vn -0.99974509 -0.02257760 0.00000000
vn -0.99974509 -0.02257760 0.00000000
vn 0.99964174 0.02676543 0.00000000
vn 0.99964174 0.02676543 0.00000000
vn 0.99964174 0.02676543 0.00000000
vn 0.99964174 0.02676543 0.00000000
vn 0.00000000 0.00000000 -1.00000000
vn 0.00000000 0.00000000 -1.00000000
vn 0.00000000 0.00000000 -1.00000000
vn 0.00000000 0.00000000 -1.00000000
vn 0.00000000 0.00000000 1.00000000
vn 0.00000000 0.00000000 1.00000000
vn 0.00000000 0.00000000 1.00000000
vn 0.00000000 0.00000000 1.00000000
vn -0.99974509 -0.02257760 0.00000000
vn -0.99974509 -0.02257760 0.00000000
vn -0.99974509 -0.02257760 0.00000000
vn -0.99974509 -0.02257760 0.00000000
vn 0.99964174 0.02676543 0.00000000
vn 0.99964174 0.02676543 0.00000000
vn 0.99964174 0.02676543 0.00000000
vn 0.99964174 0.02676543 0.00000000
vn 0.00000000 0.00000000 -1.00000000
vn 0.00000000 0.00000000 -1.00000000
vn 0.00000000 0.00000000 -1.00000000
vn 0.00000000 0.00000000 -1.00000000
vn 0.00000000 0.00000000 1.00000000
vn 0.00000000 0.00000000 1.00000000
vn 0.00000000 0.00000000 1.00000000
vn 0.00000000 0.00000000 1.00000000
vn -0.99974509 -0.02257760 0.00000000
vn -0.99974509 -0.02257760 0.00000000
vn -0.99974509 -0.02257760 0.00000000
vn -0.99974509 -0.02257760 0.00000000
vn 0.99964174 0.02676543 0.00000000
vn 0.99964174 0.02676543 0.00000000
vn 0.99964174 0.02676543 0.00000000
vn 0.99964174 0.02676543 0.00000000
vn 0.00000000 0.00000000 -1.00000000
vn 0.00000000 0.00000000 -1.00000000
vn 0.00000000 0.00000000 -1.00000000
vn 0.00000000 0.00000000 -1.00000000
vn 0.00000000 0.00000000 1.00000000
vn 0.00000000 0.00000000 1.00000000
vn 0.00000000 0.00000000 1.00000000
vn 0.00000000 0.00000000 1.00000000
vn -0.99958367 -0.02885279 0.00000000
vn -0.99958367 -0.02885279 0.00000000
vn -0.99958367 -0.02885279 0.00000000
vn -0.99958367 -0.02885279 0.00000000
vn 0.99957864 0.02902673 0.00000000
vn 0.99957864 0.02902673 0.00000000
vn 0.99957864 0.02902673 0.00000000
vn 0.99957864 0.02902673 0.00000000
vn 0.00000000 0.00000000 -1.00000000
vn 0.00000000 0.00000000 -1.00000000
vn 0.00000000 0.00000000 -1.00000000
vn 0.00000000 0.00000000 -1.00000000
vn 0.00000000 0.00000000 1.00000000
vn 0.00000000 0.00000000 1.00000000
vn 0.00000000 0.00000000 1.00000000
vn 0.00000000 0.00000000 1.00000000
vn -0.99964174 -0.02676543 0.00000000
vn -0.99964174 -0.02676543 0.00000000
vn -0.99964174 -0.02676543 0.00000000
vn -0.99964174 -0.02676543 0.00000000
vn 0.99958367 0.02885279 0.00000000
vn 0.99958367 0.02885279 0.00000000
vn 0.99958367 0.02885279 0.00000000
vn 0.99958367 0.02885279 0.00000000
vn 0.02676543 -0.99964174 0.00000000
vn 0.02885279 -0.99958367 0.00000000
vn 0.02885279 -0.99958367 0.00000000
vn 0.02676543 -0.99964174 0.00000000
vn 0.00000000 0.00000000 -1.00000000
vn 0.00000000 0.00000000 -1.00000000
vn 0.00000000 0.00000000 -1.00000000
vn 0.00000000 0.00000000 -1.00000000
vn 0.00000000 0.00000000 1.00000000
vn 0.00000000 0.00000000 1.00000000
vn 0.00000000 0.00000000 1.00000000
vn 0.00000000 0.00000000 1.00000000
vn -0.99974194 -0.02271677 0.00000000
vn -0.99974194 -0.02271677 0.00000000
vn -0.99974194 -0.02271677 0.00000000
vn -0.99974194 -0.02271677 0.00000000
vn 0.99958267 0.02888757 0.00000000
vn 0.99958267 0.02888757 0.00000000
vn 0.99958267 0.02888757 0.00000000
vn 0.99958267 0.02888757 0.00000000
vn 0.02271677 -0.99974194 0.00000000
vn 0.02888757 -0.99958267 0.00000000
vn 0.02888757 -0.99958267 0.00000000
vn 0.02271677 -0.99974194 0.00000000
vn -0.02271677 0.99974194 0.00000000
vn -0.02271677 0.99974194 0.00000000
vn -0.02888757 0.99958267 0.00000000
vn -0.02888757 0.99958267 0.00000000
vn 0.00000000 0.00000000 -1.00000000
vn 0.00000000 0.00000000 -1.00000000
vn 0.00000000 0.00000000 -1.00000000
vn 0.00000000 0.00000000 -1.00000000
vn 0.00000000 0.00000000 1.00000000
vn 0.00000000 0.00000000 1.00000000
vn 0.00000000 0.00000000 1.00000000
vn 0.00000000 0.00000000 1.00000000
vn -0.99974509 -0.02257760 0.00000000
vn -0.99974509 -0.02257760 0.00000000
vn -0.99974509 -0.02257760 0.00000000
vn -0.99974509 -0.02257760 0.00000000
vn 0.99974247 0.02269358 0.00000000
vn 0.99974247 0.02269358 0.00000000
vn 0.99974247 0.02269358 0.00000000
vn 0.99974247 0.02269358 0.00000000
vn 0.00000000 0.00000000 -1.00000000
vn 0.00000000 0.00000000 -1.00000000
vn 0.00000000 0.00000000 -1.00000000
vn 0.00000000 0.00000000 -1.00000000
vn 0.00000000 0.00000000 1.00000000
vn 0.00000000 0.00000000 1.00000000
vn 0.00000000 0.00000000 1.00000000
vn 0.00000000 0.00000000 1.00000000
vn -0.99958367 0.02885279 0.00000000
vn -0.99958367 0.02885279 0.00000000
vn -0.99958367 0.02885279 0.00000000
vn -0.99958367 0.02885279 0.00000000
vn -0.02885279 -0.99958367 0.00000000
vn -0.02061053 -0.99978758 0.00000000
vn -0.02061053 -0.99978758 0.00000000
vn -0.02885279 -0.99958367 0.00000000
vn 0.02885279 0.99958367 0.00000000
vn 0.02885279 0.99958367 0.00000000
vn 0.02061053 0.99978758 0.00000000
vn 0.02061053 0.99978758 0.00000000
vn 0.00000000 0.00000000 -1.00000000
vn 0.00000000 0.00000000 -1.00000000
vn 0.00000000 0.00000000 -1.00000000
vn 0.00000000 0.00000000 -1.00000000
vn 0.00000000 0.00000000 1.00000000
vn 0.00000000 0.00000000 1.00000000
vn 0.00000000 0.00000000 1.00000000
vn 0.00000000 0.00000000 1.00000000
vn -0.02061053 -0.99978758 0.00000000
vn -0.01236688 -0.99992353 0.00000000
vn -0.01236688 -0.99992353 0.00000000
vn -0.02061053 -0.99978758 0.00000000
vn 0.02061053 0.99978758 0.00000000
vn 0.02061053 0.99978758 0.00000000
vn 0.01236688 0.99992353 0.00000000
vn 0.01236688 0.99992353 0.00000000
vn 0.00000000 0.00000000 -1.00000000
vn 0.00000000 0.00000000 -1.00000000
vn 0.00000000 0.00000000 -1.00000000
vn 0.00000000 0.00000000 -1.00000000
vn 0.00000000 0.00000000 1.00000000
vn 0.00000000 0.00000000 1.00000000
vn 0.00000000 0.00000000 1.00000000
vn 0.00000000 0.00000000 1.00000000
vn -0.01236688 -0.99992353 0.00000000
vn -0.00412239 -0.99999150 0.00000000
vn -0.00412239 -0.99999150 0.00000000
vn -0.01236688 -0.99992353 0.00000000
vn 0.01236688 0.99992353 0.00000000
vn 0.01236688 0.99992353 0.00000000
vn 0.00412239 0.99999150 0.00000000
vn 0.00412239 0.99999150 0.00000000
vn 0.00000000 0.00000000 -1.00000000
vn 0.00000000 0.00000000 -1.00000000
vn 0.00000000 0.00000000 -1.00000000
vn 0.00000000 0.00000000 -1.00000000
vn 0.00000000 0.00000000 1.00000000
vn 0.00000000 0.00000000 1.00000000
vn 0.00000000 0.00000000 1.00000000
vn 0.00000000 0.00000000 1.00000000
vn -0.00412239 -0.99999150 0.00000000
vn 0.00412239 -0.99999150 0.00000000
vn 0.00412239 -0.99999150 0.00000000
vn -0.00412239 -0.99999150 0.00000000
vn 0.00412239 0.99999150 0.00000000
vn 0.00412239 0.99999150 0.00000000
vn -0.00412239 0.99999150 0.00000000
vn -0.00412239 0.99999150 0.00000000
vn 0.00000000 0.00000000 -1.00000000
vn 0.00000000 0.00000000 -1.00000000
vn 0.00000000 0.00000000 -1.00000000
vn 0.00000000 0.00000000 -1.00000000
vn 0.00000000 0.00000000 1.00000000
vn 0.00000000 0.00000000 1.00000000
vn 0.00000000 0.00000000 1.00000000
vn 0.00000000 0.00000000 1.00000000
vn 0.00412239 -0.99999150 0.00000000
vn 0.01236688 -0.99992353 0.00000000
vn 0.01236688 -0.99992353 0.00000000
vn 0.00412239 -0.99999150 0.00000000
vn -0.00412239 0.99999150 0.00000000
vn -0.00412239 0.99999150 0.00000000
vn -0.01236688 0.99992353 0.00000000
vn -0.01236688 0.99992353 0.00000000
vn 0.00000000 0.00000000 -1.00000000
vn 0.00000000 0.00000000 -1.00000000
vn 0.00000000 0.00000000 -1.00000000
vn 0.00000000 0.00000000 -1.00000000
vn 0.00000000 0.00000000 1.00000000
vn 0.00000000 0.00000000 1.00000000
vn 0.00000000 0.00000000 1.00000000
vn 0.00000000 0.00000000 1.00000000
vn 0.01236688 -0.99992353 0.00000000
vn 0.02061053 -0.99978758 0.00000000
vn 0.02061053 -0.99978758 0.00000000
vn 0.01236688 -0.99992353 0.00000000
vn -0.01236688 0.99992353 0.00000000
vn -0.01236688 0.99992353 0.00000000
vn -0.02061053 0.99978758 0.00000000
vn -0.02061053 0.99978758 0.00000000
vn 0.00000000 0.00000000 -1.00000000
vn 0.00000000 0.00000000 -1.00000000
vn 0.00000000 0.00000000 -1.00000000
vn 0.00000000 0.00000000 -1.00000000
vn 0.00000000 0.00000000 1.00000000
vn 0.00000000 0.00000000 1.00000000
vn 0.00000000 0.00000000 1.00000000
vn 0.00000000 0.00000000 1.00000000
vn 0.99958367 0.02885279 0.00000000
vn 0.99958367 0.02885279 0.00000000
vn 0.99958367 0.02885279 0.00000000
vn 0.99958367 0.02885279 0.00000000
vn 0.02061053 -0.99978758 0.00000000
vn 0.02885279 -0.99958367 0.00000000
vn 0.02885279 -0.99958367 0.00000000
vn 0.02061053 -0.99978758 0.00000000
vn -0.02061053 0.99978758 0.00000000
vn -0.02061053 0.99978758 0.00000000
vn -0.02885279 0.99958367 0.00000000
vn -0.02885279 0.99958367 0.00000000
vn 0.00000000 0.00000000 -1.00000000
vn 0.00000000 0.00000000 -1.00000000
vn 0.00000000 0.00000000 -1.00000000
vn 0.00000000 0.00000000 -1.00000000
vn 0.00000000 0.00000000 1.00000000
vn 0.00000000 0.00000000 1.00000000
vn 0.00000000 0.00000000 1.00000000
vn 0.00000000 0.00000000 1.00000000
vn -0.99958451 0.02882380 0.00000000
vn -0.99958451 0.02882380 0.00000000
vn -0.99958451 0.02882380 0.00000000
vn -0.99958451 0.02882380 0.00000000
vn 0.99958618 -0.02876582 0.00000000
vn 0.99958618 -0.02876582 0.00000000
vn 0.99958618 -0.02876582 0.00000000
vn 0.99958618 -0.02876582 0.00000000
vn 0.02882380 0.99958451 0.00000000
vn 0.02882380 0.99958451 0.00000000
vn 0.02876582 0.99958618 0.00000000
vn 0.02876582 0.99958618 0.00000000
vn 0.00000000 0.00000000 -1.00000000
vn 0.00000000 0.00000000 -1.00000000
vn 0.00000000 0.00000000 -1.00000000
vn 0.00000000 0.00000000 -1.00000000
vn 0.00000000 0.00000000 1.00000000
vn 0.00000000 0.00000000 1.00000000
vn 0.00000000 0.00000000 1.00000000
vn 0.00000000 0.00000000 1.00000000
vn -0.99974850 0.02242618 0.00000000
vn -0.99974850 0.02242618 0.00000000
vn -0.99974850 0.02242618 0.00000000
vn -0.99974850 0.02242618 0.00000000
vn 0.99974980 -0.02236819 0.00000000
vn 0.99974980 -0.02236819 0.00000000
vn 0.99974980 -0.02236819 0.00000000
vn 0.99974980 -0.02236819 0.00000000
vn 0.02242618 0.99974850 0.00000000
vn 0.02242618 0.99974850 0.00000000
vn 0.02236819 0.99974980 0.00000000
vn 0.02236819 0.99974980 0.00000000
vn 0.00000000 0.00000000 -1.00000000
vn 0.00000000 0.00000000 -1.00000000
vn 0.00000000 0.00000000 -1.00000000
vn 0.00000000 0.00000000 -1.00000000
vn 0.00000000 0.00000000 1.00000000
vn 0.00000000 0.00000000 1.00000000
vn 0.00000000 0.00000000 1.00000000
vn 0.00000000 0.00000000 1.00000000
vn -0.99987155 0.01602764 0.00000000
vn -0.99987155 0.01602764 0.00000000
vn -0.99987155 0.01602764 0.00000000
vn -0.99987155 0.01602764 0.00000000
vn 0.99987248 -0.01596964 0.00000000
vn 0.99987248 -0.01596964 0.00000000
vn 0.99987248 -0.01596964 0.00000000
vn 0.99987248 -0.01596964 0.00000000
vn 0.01602764 0.99987155 0.00000000
vn 0.01602764 0.99987155 0.00000000
vn 0.01596964 0.99987248 0.00000000
vn 0.01596964 0.99987248 0.00000000
vn 0.00000000 0.00000000 -1.00000000
vn 0.00000000 0.00000000 -1.00000000
vn 0.00000000 0.00000000 -1.00000000
vn 0.00000000 0.00000000 -1.00000000
vn 0.00000000 0.00000000 1.00000000
vn 0.00000000 0.00000000 1.00000000
vn 0.00000000 0.00000000 1.00000000
vn 0.00000000 0.00000000 1.00000000
vn -0.99995365 0.00962845 0.00000000
vn -0.99995365 0.00962845 0.00000000
vn -0.99995365 0.00962845 0.00000000
vn -0.99995365 0.00962845 0.00000000
vn 0.99995420 -0.00957045 0.00000000
vn 0.99995420 -0.00957045 0.00000000
vn 0.99995420 -0.00957045 0.00000000
vn 0.99995420 -0.00957045 0.00000000
vn 0.00962845 0.99995365 0.00000000
vn 0.00962845 0.99995365 0.00000000
vn 0.00957045 0.99995420 0.00000000
vn 0.00957045 0.99995420 0.00000000
vn 0.00000000 0.00000000 -1.00000000
vn 0.00000000 0.00000000 -1.00000000
vn 0.00000000 0.00000000 -1.00000000
vn 0.00000000 0.00000000 -1.00000000
vn 0.00000000 0.00000000 1.00000000
vn 0.00000000 0.00000000 1.00000000
vn 0.00000000 0.00000000 1.00000000
vn 0.00000000 0.00000000 1.00000000
vn -0.99999479 0.00322886 0.00000000
vn -0.99999479 0.00322886 0.00000000
vn -0.99999479 0.00322886 0.00000000
vn -0.99999479 0.00322886 0.00000000
vn 0.99999497 -0.00317086 0.00000000
vn 0.99999497 -0.00317086 0.00000000
vn 0.99999497 -0.00317086 0.00000000
vn 0.99999497 -0.00317086 0.00000000
vn 0.00322886 0.99999479 0.00000000
vn 0.00322886 0.99999479 0.00000000
vn 0.00317086 0.99999497 0.00000000
vn 0.00317086 0.99999497 0.00000000
vn 0.00000000 0.00000000 -1.00000000
vn 0.00000000 0.00000000 -1.00000000
vn 0.00000000 0.00000000 -1.00000000
vn 0.00000000 0.00000000 -1.00000000
vn 0.00000000 0.00000000 1.00000000
vn 0.00000000 0.00000000 1.00000000
vn 0.00000000 0.00000000 1.00000000
vn 0.00000000 0.00000000 1.00000000
vn -0.99999497 -0.00317086 0.00000000
vn -0.99999497 -0.00317086 0.00000000
vn -0.99999497 -0.00317086 0.00000000
vn -0.99999497 -0.00317086 0.00000000
vn 0.99999479 0.00322886 0.00000000
vn 0.99999479 0.00322886 0.00000000
vn 0.99999479 0.00322886 0.00000000
vn 0.99999479 0.00322886 0.00000000
vn -0.00317086 0.99999497 0.00000000
vn -0.00317086 0.99999497 0.00000000
vn -0.00322886 0.99999479 0.00000000
vn -0.00322886 0.99999479 0.00000000
vn 0.00000000 0.00000000 -1.00000000
vn 0.00000000 0.00000000 -1.00000000
vn 0.00000000 0.00000000 -1.00000000
vn 0.00000000 0.00000000 -1.00000000
vn 0.00000000 0.00000000 1.00000000
vn 0.00000000 0.00000000 1.00000000
vn 0.00000000 0.00000000 1.00000000
vn 0.00000000 0.00000000 1.00000000
vn -0.99995420 -0.00957045 0.00000000
vn -0.99995420 -0.00957045 0.00000000
vn -0.99995420 -0.00957045 0.00000000
vn -0.99995420 -0.00957045 0.00000000
vn 0.99995365 0.00962845 0.00000000
vn 0.99995365 0.00962845 0.00000000
vn 0.99995365 0.00962845 0.00000000
vn 0.99995365 0.00962845 0.00000000
vn -0.00957045 0.99995420 0.00000000
vn -0.00957045 0.99995420 0.00000000
vn -0.00962845 0.99995365 0.00000000
vn -0.00962845 0.99995365 0.00000000
vn 0.00000000 0.00000000 -1.00000000
vn 0.00000000 0.00000000 -1.00000000
vn 0.00000000 0.00000000 -1.00000000
vn 0.00000000 0.00000000 -1.00000000
vn 0.00000000 0.00000000 1.00000000
vn 0.00000000 0.00000000 1.00000000
vn 0.00000000 0.00000000 1.00000000
vn 0.00000000 0.00000000 1.00000000
vn -0.99987248 -0.01596964 0.00000000
vn -0.99987248 -0.01596964 0.00000000
vn -0.99987248 -0.01596964 0.00000000
vn -0.99987248 -0.01596964 0.00000000
vn 0.99987155 0.01602764 0.00000000
vn 0.99987155 0.01602764 0.00000000
vn 0.99987155 0.01602764 0.00000000
vn 0.99987155 0.01602764 0.00000000
vn -0.01596964 0.99987248 0.00000000
vn -0.01596964 0.99987248 0.00000000
vn -0.01602764 0.99987155 0.00000000
vn -0.01602764 0.99987155 0.00000000
vn 0.00000000 0.00000000 -1.00000000
vn 0.00000000 0.00000000 -1.00000000
vn 0.00000000 0.00000000 -1.00000000
vn 0.00000000 0.00000000 -1.00000000
vn 0.00000000 0.00000000 1.00000000
vn 0.00000000 0.00000000 1.00000000
vn 0.00000000 0.00000000 1.00000000
vn 0.00000000 0.00000000 1.00000000
vn -0.99974980 -0.02236819 0.00000000
vn -0.99974980 -0.02236819 0.00000000
vn -0.99974980 -0.02236819 0.00000000
vn -0.99974980 -0.02236819 0.00000000
vn 0.99974850 0.02242618 0.00000000
vn 0.99974850 0.02242618 0.00000000
vn 0.99974850 0.02242618 0.00000000
vn 0.99974850 0.02242618 0.00000000
vn -0.02236819 0.99974980 0.00000000
vn -0.02236819 0.99974980 0.00000000
vn -0.02242618 0.99974850 0.00000000
vn -0.02242618 0.99974850 0.00000000
vn 0.00000000 0.00000000 -1.00000000
vn 0.00000000 0.00000000 -1.00000000
vn 0.00000000 0.00000000 -1.00000000
vn 0.00000000 0.00000000 -1.00000000
vn 0.00000000 0.00000000 1.00000000
vn 0.00000000 0.00000000 1.00000000
vn 0.00000000 0.00000000 1.00000000
vn 0.00000000 0.00000000 1.00000000
vn -0.99958618 -0.02876582 0.00000000
vn -0.99958618 -0.02876582 0.00000000
vn -0.99958618 -0.02876582 0.00000000
vn -0.99958618 -0.02876582 0.00000000
vn 0.99958451 0.02882380 0.00000000
vn 0.99958451 0.02882380 0.00000000
vn 0.99958451 0.02882380 0.00000000
vn 0.99958451 0.02882380 0.00000000
vn -0.02876582 0.99958618 0.00000000
vn -0.02876582 0.99958618 0.00000000
vn -0.02882380 0.99958451 0.00000000
vn -0.02882380 0.99958451 0.00000000
f 1/1/1 2/2/2 3/3/3
f 1/1/1 3/3/3 4/4/4
f 5/5/5 6/6/6 7/7/7
f 5/5/5 7/7/7 8/8/8
f 1/9/9 5/10/10 8/11/11
f 1/9/9 8/11/11 2/12/12
f 1/13/13 4/14/14 6/15/15
f 1/13/13 6/15/15 5/16/16
f 2/17/17 8/18/18 7/19/19
f 2/17/17 7/19/19 3/20/20
f 4/21/21 3/22/22 9/23/23
f 4/21/21 9/23/23 10/24/24
f 6/25/25 11/26/26 12/27/27
f 6/25/25 12/27/27 7/28/28
f 4/29/29 10/30/30 11/31/31
f 4/29/29 11/31/31 6/32/32
f 3/33/33 7/34/34 12/35/35
f 3/33/33 12/35/35 9/36/36
f 10/37/37 9/38/38 13/39/39
f 10/37/37 13/39/39 14/40/40
f 11/41/41 15/42/42 16/43/43
f 11/41/41 16/43/43 12/44/44
f 10/45/45 14/46/46 15/47/47
f 10/45/45 15/47/47 11/48/48
f 9/49/49 12/50/50 16/51/51
f 9/49/49 16/51/51 13/52/52
f 14/53/53 13/54/54 17/55/55
f 14/53/53 17/55/55 18/56/56
f 15/57/57 19/58/58 20/59/59
f 15/57/57 20/59/59 16/60/60
f 14/61/61 18/62/62 19/63/63
f 14/61/61 19/63/63 15/64/64
f 13/65/65 16/66/66 20/67/67
f 13/65/65 20/67/67 17/68/68
f 18/69/69 17/70/70 21/71/71
f 18/69/69 21/71/71 22/72/72
f 19/73/73 23/74/74 24/75/75
f 19/73/73 24/75/75 20/76/76
f 18/77/77 22/78/78 23/79/79
f 18/77/77 23/79/79 19/80/80
f 17/81/81 20/82/82 24/83/83
f 17/81/81 24/83/83 21/84/84
f 22/85/85 21/86/86 25/87/87
f 22/85/85 25/87/87 26/88/88
f 23/89/89 27/90/90 28/91/91
f 23/89/89 28/91/91 24/92/92
f 22/93/93 26/94/94 27/95/95
f 22/93/93 27/95/95 23/96/96
f 21/97/97 24/98/98 28/99/99
f 21/97/97 28/99/99 25/100/100
f 26/101/101 25/102/102 29/103/103
f 26/101/101 29/103/103 30/104/104
f 27/105/105 31/106/106 32/107/107
f 27/105/105 32/107/107 28/108/108
f 26/109/109 30/110/110 31/111/111
f 26/109/109 31/111/111 27/112/112
f 25/113/113 28/114/114 32/115/115
f 25/113/113 32/115/115 29/116/116
f 30/117/117 29/118/118 33/119/119
f 30/117/117 33/119/119 34/120/120
f 31/121/121 35/122/122 36/123/123
f 31/121/121 36/123/123 32/124/124
f 30/125/125 34/126/126 35/127/127
f 30/125/125 35/127/127 31/128/128
f 29/129/129 32/130/130 36/131/131
f 29/129/129 36/131/131 33/132/132
f 34/133/133 33/134/134 37/135/135
f 34/133/133 37/135/135 38/136/136
f 35/137/137 39/138/138 40/139/139
f 35/137/137 40/139/139 36/140/140
f 34/141/141 38/142/142 39/143/143
f 34/141/141 39/143/143 35/144/144
f 33/145/145 36/146/146 40/147/147
f 33/145/145 40/147/147 37/148/148
f 38/149/149 37/150/150 41/151/151
f 38/149/149 41/151/151 42/152/152
f 39/153/153 43/154/154 44/155/155
f 39/153/153 44/155/155 40/156/156
f 38/157/157 42/158/158 43/159/159
f 38/157/157 43/159/159 39/160/160
f 37/161/161 40/162/162 44/163/163
f 37/161/161 44/163/163 41/164/164
f 42/165/165 41/166/166 45/167/167
f 42/165/165 45/167/167 46/168/168
f 43/169/169 47/170/170 48/171/171
f 43/169/169 48/171/171 44/172/172
f 42/173/173 46/174/174 47/175/175
f 42/173/173 47/175/175 43/176/176
f 41/177/177 44/178/178 48/179/179
f 41/177/177 48/179/179 45/180/180
f 46/181/181 45/182/182 49/183/183
f 46/181/181 49/183/183 50/184/184
f 47/185/185 51/186/186 52/187/187
f 47/185/185 52/187/187 48/188/188
f 46/189/189 50/190/190 51/191/191
f 46/189/189 51/191/191 47/192/192
f 45/193/193 48/194/194 52/195/195
f 45/193/193 52/195/195 49/196/196
f 50/197/197 49/198/198 53/199/199
f 50/197/197 53/199/199 54/200/200
f 51/201/201 55/202/202 56/203/203
f 51/201/201 56/203/203 52/204/204
f 54/205/205 53/206/206 56/207/207
f 54/205/205 56/207/207 55/208/208
f 50/209/209 54/210/210 55/211/211
f 50/209/209 55/211/211 51/212/212
f 49/213/213 52/214/214 56/215/215
f 49/213/213 56/215/215 53/216/216
f 2/217/217 57/218/218 58/219/219
f 2/217/217 58/219/219 59/220/220
f 60/221/221 61/222/222 62/223/223
f 60/221/221 62/223/223 63/224/224
f 2/225/225 60/226/226 63/227/227
f 2/225/225 63/227/227 57/228/228
f 59/229/229 58/230/230 62/231/231
f 59/229/229 62/231/231 61/232/232
f 64/233/233 65/234/234 66/235/235
f 64/233/233 66/235/235 53/236/236
f 67/237/237 68/238/238 69/239/239
f 67/237/237 69/239/239 70/240/240
f 64/241/241 67/242/242 70/243/243
f 64/241/241 70/243/243 65/244/244
f 53/245/245 66/246/246 69/247/247
f 53/245/245 69/247/247 68/248/248
f 2/249/249 57/250/250 71/251/251
f 2/249/249 71/251/251 72/252/252
f 73/253/253 74/254/254 75/255/255
f 73/253/253 75/255/255 76/256/256
f 2/257/257 73/258/258 76/259/259
f 2/257/257 76/259/259 57/260/260
f 72/261/261 71/262/262 75/263/263
f 72/261/261 75/263/263 74/264/264
f 77/265/265 78/266/266 79/267/267
f 77/265/265 79/267/267 80/268/268
f 60/269/269 81/270/270 82/271/271
f 60/269/269 82/271/271 83/272/272
f 77/273/273 60/274/274 83/275/275
f 77/273/273 83/275/275 78/276/276
f 80/277/277 79/278/278 82/279/279
f 80/277/277 82/279/279 81/280/280
f 84/281/281 85/282/282 86/283/283
f 84/281/281 86/283/283 87/284/284
f 83/285/285 82/286/286 88/287/287
f 83/285/285 88/287/287 89/288/288
f 84/289/289 83/290/290 89/291/291
f 84/289/289 89/291/291 85/292/292
f 87/293/293 86/294/294 88/295/295
f 87/293/293 88/295/295 82/296/296
f 90/297/297 91/298/298 92/299/299
f 90/297/297 92/299/299 93/300/300
f 89/301/301 88/302/302 94/303/303
f 89/301/301 94/303/303 63/304/304
f 90/305/305 89/306/306 63/307/307
f 90/305/305 63/307/307 91/308/308
f 93/309/309 92/310/310 94/311/311
f 93/309/309 94/311/311 88/312/312
f 95/313/313 96/314/314 97/315/315
f 95/313/313 97/315/315 98/316/316
f 99/317/317 100/318/318 101/319/319
f 99/317/317 101/319/319 102/320/320
f 95/321/321 99/322/322 102/323/323
f 95/321/321 102/323/323 96/324/324
f 98/325/325 97/326/326 101/327/327
f 98/325/325 101/327/327 100/328/328
f 103/329/329 92/330/330 96/331/331
f 103/329/329 96/331/331 104/332/332
f 105/333/333 106/334/334 102/335/335
f 105/333/333 102/335/335 94/336/336
f 103/337/337 105/338/338 94/339/339
f 103/337/337 94/339/339 92/340/340
f 104/341/341 96/342/342 102/343/343
f 104/341/341 102/343/343 106/344/344
f 103/345/345 104/346/346 106/347/347
f 103/345/345 106/347/347 105/348/348
f 107/349/349 62/350/350 108/351/351
f 107/349/349 108/351/351 109/352/352
f 110/353/353 111/354/354 112/355/355
f 110/353/353 112/355/355 113/356/356
f 107/357/357 110/358/358 113/359/359
f 107/357/357 113/359/359 62/360/360
f 109/361/361 108/362/362 112/363/363
f 109/361/361 112/363/363 111/364/364
f 107/365/365 109/366/366 111/367/367
f 107/365/365 111/367/367 110/368/368
f 62/369/369 113/370/370 112/371/371
f 62/369/369 112/371/371 108/372/372
f 72/373/373 71/374/374 114/375/375
f 72/373/373 114/375/375 115/376/376
f 74/377/377 116/378/378 117/379/379
f 74/377/377 117/379/379 75/380/380
f 72/381/381 74/382/382 75/383/383
f 72/381/381 75/383/383 71/384/384
f 115/385/385 114/386/386 117/387/387
f 115/385/385 117/387/387 116/388/388
f 98/389/389 118/390/390 119/391/391
f 98/389/389 119/391/391 120/392/392
f 100/393/393 121/394/394 122/395/395
f 100/393/393 122/395/395 123/396/396
f 98/397/397 100/398/398 123/399/399
f 98/397/397 123/399/399 118/400/400
f 120/401/401 119/402/402 122/403/403
f 120/401/401 122/403/403 121/404/404
f 124/405/405 125/406/406 126/407/407
f 124/405/405 126/407/407 127/408/408
f 123/409/409 122/410/410 128/411/411
f 123/409/409 128/411/411 129/412/412
f 124/413/413 123/414/414 129/415/415
f 124/413/413 129/415/415 125/416/416
f 127/417/417 126/418/418 128/419/419
f 127/417/417 128/419/419 122/420/420
f 130/421/421 97/422/422 131/423/423
f 130/421/421 131/423/423 132/424/424
f 129/425/425 128/426/426 133/427/427
f 129/425/425 133/427/427 101/428/428
f 130/429/429 129/430/430 101/431/431
f 130/429/429 101/431/431 97/432/432
f 132/433/433 131/434/434 133/435/435
f 132/433/433 133/435/435 128/436/436
f 134/437/437 135/438/438 136/439/439
f 134/437/437 136/439/439 137/440/440
f 138/441/441 139/442/442 140/443/443
f 138/441/441 140/443/443 141/444/444
f 134/445/445 138/446/446 141/447/447
f 134/445/445 141/447/447 135/448/448
f 137/449/449 136/450/450 140/451/451
f 137/449/449 140/451/451 139/452/452
f 142/453/453 131/454/454 135/455/455
f 142/453/453 135/455/455 143/456/456
f 144/457/457 145/458/458 141/459/459
f 144/457/457 141/459/459 133/460/460
f 142/461/461 144/462/462 133/463/463
f 142/461/461 133/463/463 131/464/464
f 143/465/465 135/466/466 141/467/467
f 143/465/465 141/467/467 145/468/468
f 142/469/469 143/470/470 145/471/471
f 142/469/469 145/471/471 144/472/472
f 146/473/473 147/474/474 148/475/475
f 146/473/473 148/475/475 149/476/476
f 150/477/477 151/478/478 152/479/479
f 150/477/477 152/479/479 153/480/480
f 146/481/481 150/482/482 153/483/483
f 146/481/481 153/483/483 147/484/484
f 149/485/485 148/486/486 152/487/487
f 149/485/485 152/487/487 151/488/488
f 146/489/489 149/490/490 151/491/491
f 146/489/489 151/491/491 150/492/492
f 147/493/493 153/494/494 152/495/495
f 147/493/493 152/495/495 148/496/496
f 154/497/497 155/498/498 156/499/499
f 154/497/497 156/499/499 157/500/500
f 100/501/501 158/502/502 159/503/503
f 100/501/501 159/503/503 101/504/504
f 154/505/505 100/506/506 101/507/507
f 154/505/505 101/507/507 155/508/508
f 157/509/509 156/510/510 159/511/511
f 157/509/509 159/511/511 158/512/512
f 115/513/513 114/514/514 160/515/515
f 115/513/513 160/515/515 161/516/516
f 116/517/517 162/518/518 163/519/519
f 116/517/517 163/519/519 117/520/520
f 115/521/521 116/522/522 117/523/523
f 115/521/521 117/523/523 114/524/524
f 161/525/525 160/526/526 163/527/527
f 161/525/525 163/527/527 162/528/528
f 137/529/529 164/530/530 165/531/531
f 137/529/529 165/531/531 166/532/532
f 139/533/533 167/534/534 168/535/535
f 139/533/533 168/535/535 169/536/536
f 137/537/537 139/538/538 169/539/539
f 137/537/537 169/539/539 164/540/540
f 166/541/541 165/542/542 168/543/543
f 166/541/541 168/543/543 167/544/544
f 170/545/545 171/546/546 172/547/547
f 170/545/545 172/547/547 173/548/548
f 169/549/549 168/550/550 174/551/551
f 169/549/549 174/551/551 175/552/552
f 170/553/553 169/554/554 175/555/555
f 170/553/553 175/555/555 171/556/556
f 173/557/557 172/558/558 174/559/559
f 173/557/557 174/559/559 168/560/560
f 176/561/561 136/562/562 177/563/563
f 176/561/561 177/563/563 178/564/564
f 175/565/565 174/566/566 179/567/567
f 175/565/565 179/567/567 140/568/568
f 176/569/569 175/570/570 140/571/571
f 176/569/569 140/571/571 136/572/572
f 178/573/573 177/574/574 179/575/575
f 178/573/573 179/575/575 174/576/576
f 180/577/577 181/578/578 182/579/579
f 180/577/577 182/579/579 183/580/580
f 184/581/581 185/582/582 186/583/583
f 184/581/581 186/583/583 187/584/584
f 180/585/585 184/586/586 187/587/587
f 180/585/585 187/587/587 181/588/588
f 183/589/589 182/590/590 186/591/591
f 183/589/589 186/591/591 185/592/592
f 188/593/593 177/594/594 181/595/595
f 188/593/593 181/595/595 189/596/596
f 190/597/597 191/598/598 187/599/599
f 190/597/597 187/599/599 179/600/600
f 188/601/601 190/602/602 179/603/603
f 188/601/601 179/603/603 177/604/604
f 189/605/605 181/606/606 187/607/607
f 189/605/605 187/607/607 191/608/608
f 188/609/609 189/610/610 191/611/611
f 188/609/609 191/611/611 190/612/612
f 192/613/613 193/614/614 194/615/615
f 192/613/613 194/615/615 195/616/616
f 196/617/617 197/618/618 198/619/619
f 196/617/617 198/619/619 199/620/620
f 192/621/621 196/622/622 199/623/623
f 192/621/621 199/623/623 193/624/624
f 195/625/625 194/626/626 198/627/627
f 195/625/625 198/627/627 197/628/628
f 192/629/629 195/630/630 197/631/631
f 192/629/629 197/631/631 196/632/632
f 193/633/633 199/634/634 198/635/635
f 193/633/633 198/635/635 194/636/636
f 200/637/637 201/638/638 202/639/639
f 200/637/637 202/639/639 203/640/640
f 139/641/641 204/642/642 205/643/643
f 139/641/641 205/643/643 140/644/644
f 200/645/645 139/646/646 140/647/647
f 200/645/645 140/647/647 201/648/648
f 203/649/649 202/650/650 205/651/651
f 203/649/649 205/651/651 204/652/652
f 161/653/653 160/654/654 206/655/655
f 161/653/653 206/655/655 207/656/656
f 162/657/657 208/658/658 209/659/659
f 162/657/657 209/659/659 163/660/660
f 161/661/661 162/662/662 163/663/663
f 161/661/661 163/663/663 160/664/664
f 207/665/665 206/666/666 209/667/667
f 207/665/665 209/667/667 208/668/668
f 183/669/669 210/670/670 211/671/671
f 183/669/669 211/671/671 212/672/672
f 185/673/673 213/674/674 214/675/675
f 185/673/673 214/675/675 215/676/676
f 183/677/677 185/678/678 215/679/679
f 183/677/677 215/679/679 210/680/680
f 212/681/681 211/682/682 214/683/683
f 212/681/681 214/683/683 213/684/684
f 216/685/685 217/686/686 218/687/687
f 216/685/685 218/687/687 219/688/688
f 215/689/689 214/690/690 220/691/691
f 215/689/689 220/691/691 221/692/692
f 216/693/693 215/694/694 221/695/695
f 216/693/693 221/695/695 217/696/696
f 219/697/697 218/698/698 220/699/699
f 219/697/697 220/699/699 214/700/700
f 222/701/701 182/702/702 223/703/703
f 222/701/701 223/703/703 224/704/704
f 221/705/705 220/706/706 225/707/707
f 221/705/705 225/707/707 186/708/708
f 222/709/709 221/710/710 186/711/711
f 222/709/709 186/711/711 182/712/712
f 224/713/713 223/714/714 225/715/715
f 224/713/713 225/715/715 220/716/716
f 226/717/717 227/718/718 228/719/719
f 226/717/717 228/719/719 229/720/720
f 230/721/721 231/722/722 232/723/723
f 230/721/721 232/723/723 233/724/724
f 226/725/725 230/726/726 233/727/727
f 226/725/725 233/727/727 227/728/728
f 229/729/729 228/730/730 232/731/731
f 229/729/729 232/731/731 231/732/732
f 234/733/733 223/734/734 227/735/735
f 234/733/733 227/735/735 235/736/736
f 236/737/737 237/738/738 233/739/739
f 236/737/737 233/739/739 225/740/740
f 234/741/741 236/742/742 225/743/743
f 234/741/741 225/743/743 223/744/744
f 235/745/745 227/746/746 233/747/747
f 235/745/745 233/747/747 237/748/748
f 234/749/749 235/750/750 237/751/751
f 234/749/749 237/751/751 236/752/752
f 238/753/753 239/754/754 240/755/755
f 238/753/753 240/755/755 241/756/756
f 242/757/757 243/758/758 244/759/759
f 242/757/757 244/759/759 245/760/760
f 238/761/761 242/762/762 245/763/763
f 238/761/761 245/763/763 239/764/764
f 241/765/765 240/766/766 244/767/767
f 241/765/765 244/767/767 243/768/768
f 238/769/769 241/770/770 243/771/771
f 238/769/769 243/771/771 242/772/772
f 239/773/773 245/774/774 244/775/775
f 239/773/773 244/775/775 240/776/776
f 207/777/777 206/778/778 246/779/779
f 207/777/777 246/779/779 247/780/780
f 208/781/781 248/782/782 249/783/783
f 208/781/781 249/783/783 209/784/784
f 207/785/785 208/786/786 209/787/787
f 207/785/785 209/787/787 206/788/788
f 247/789/789 246/790/790 249/791/791
f 247/789/789 249/791/791 248/792/792
f 229/793/793 250/794/794 251/795/795
f 229/793/793 251/795/795 252/796/796
f 231/797/797 253/798/798 254/799/799
f 231/797/797 254/799/799 255/800/800
f 229/801/801 231/802/802 255/803/803
f 229/801/801 255/803/803 250/804/804
f 252/805/805 251/806/806 254/807/807
f 252/805/805 254/807/807 253/808/808
f 256/809/809 257/810/810 258/811/811
f 256/809/809 258/811/811 259/812/812
f 255/813/813 254/814/814 260/815/815
f 255/813/813 260/815/815 261/816/816
f 256/817/817 255/818/818 261/819/819
f 256/817/817 261/819/819 257/820/820
f 259/821/821 258/822/822 260/823/823
f 259/821/821 260/823/823 254/824/824
f 262/825/825 228/826/826 263/827/827
f 262/825/825 263/827/827 264/828/828
f 261/829/829 260/830/830 265/831/831
f 261/829/829 265/831/831 232/832/832
f 262/833/833 261/834/834 232/835/835
f 262/833/833 232/835/835 228/836/836
f 264/837/837 263/838/838 265/839/839
f 264/837/837 265/839/839 260/840/840
f 266/841/841 267/842/842 268/843/843
f 266/841/841 268/843/843 269/844/844
f 270/845/845 271/846/846 272/847/847
f 270/845/845 272/847/847 273/848/848
f 266/849/849 270/850/850 273/851/851
f 266/849/849 273/851/851 267/852/852
f 269/853/853 268/854/854 272/855/855
f 269/853/853 272/855/855 271/856/856
f 274/857/857 263/858/858 267/859/859
f 274/857/857 267/859/859 275/860/860
f 276/861/861 277/862/862 273/863/863
f 276/861/861 273/863/863 265/864/864
f 274/865/865 276/866/866 265/867/867
f 274/865/865 265/867/867 263/868/868
f 275/869/869 267/870/870 273/871/871
f 275/869/869 273/871/871 277/872/872
f 274/873/873 275/874/874 277/875/875
f 274/873/873 277/875/875 276/876/876
f 278/877/877 279/878/878 280/879/879
f 278/877/877 280/879/879 281/880/880
f 282/881/881 283/882/882 284/883/883
f 282/881/881 284/883/883 285/884/884
f 278/885/885 282/886/886 285/887/887
f 278/885/885 285/887/887 279/888/888
f 281/889/889 280/890/890 284/891/891
f 281/889/889 284/891/891 283/892/892
f 278/893/893 281/894/894 283/895/895
f 278/893/893 283/895/895 282/896/896
f 279/897/897 285/898/898 284/899/899
f 279/897/897 284/899/899 280/900/900
f 247/901/901 246/902/902 286/903/903
f 247/901/901 286/903/903 287/904/904
f 248/905/905 288/906/906 289/907/907
f 248/905/905 289/907/907 249/908/908
f 247/909/909 248/910/910 249/911/911
f 247/909/909 249/911/911 246/912/912
f 287/913/913 286/914/914 289/915/915
f 287/913/913 289/915/915 288/916/916
f 269/917/917 290/918/918 291/919/919
f 269/917/917 291/919/919 292/920/920
f 271/921/921 293/922/922 294/923/923
f 271/921/921 294/923/923 295/924/924
f 269/925/925 271/926/926 295/927/927
f 269/925/925 295/927/927 290/928/928
f 292/929/929 291/930/930 294/931/931
f 292/929/929 294/931/931 293/932/932
f 296/933/933 297/934/934 298/935/935
f 296/933/933 298/935/935 299/936/936
f 295/937/937 294/938/938 300/939/939
f 295/937/937 300/939/939 301/940/940
f 296/941/941 295/942/942 301/943/943
f 296/941/941 301/943/943 297/944/944
f 299/945/945 298/946/946 300/947/947
f 299/945/945 300/947/947 294/948/948
f 302/949/949 268/950/950 303/951/951
f 302/949/949 303/951/951 304/952/952
f 301/953/953 300/954/954 305/955/955
f 301/953/953 305/955/955 272/956/956
f 302/957/957 301/958/958 272/959/959
f 302/957/957 272/959/959 268/960/960
f 304/961/961 303/962/962 305/963/963
f 304/961/961 305/963/963 300/964/964
f 306/965/965 307/966/966 308/967/967
f 306/965/965 308/967/967 309/968/968
f 310/969/969 311/970/970 312/971/971
f 310/969/969 312/971/971 313/972/972
f 306/973/973 310/974/974 313/975/975
f 306/973/973 313/975/975 307/976/976
f 309/977/977 308/978/978 312/979/979
f 309/977/977 312/979/979 311/980/980
f 314/981/981 303/982/982 307/983/983
f 314/981/981 307/983/983 315/984/984
f 316/985/985 317/986/986 313/987/987
f 316/985/985 313/987/987 305/988/988
f 314/989/989 316/990/990 305/991/991
f 314/989/989 305/991/991 303/992/992
f 315/993/993 307/994/994 313/995/995
f 315/993/993 313/995/995 317/996/996
f 314/997/997 315/998/998 317/999/999
f 314/997/997 317/999/999 316/1000/1000
f 318/1001/1001 319/1002/1002 320/1003/1003
f 318/1001/1001 320/1003/1003 321/1004/1004
f 322/1005/1005 323/1006/1006 324/1007/1007
f 322/1005/1005 324/1007/1007 325/1008/1008
f 318/1009/1009 322/1010/1010 325/1011/1011
f 318/1009/1009 325/1011/1011 319/1012/1012
f 321/1013/1013 320/1014/1014 324/1015/1015
f 321/1013/1013 324/1015/1015 323/1016/1016
f 318/1017/1017 321/1018/1018 323/1019/1019
f 318/1017/1017 323/1019/1019 322/1020/1020
f 319/1021/1021 325/1022/1022 324/1023/1023
f 319/1021/1021 324/1023/1023 320/1024/1024
f 326/1025/1025 327/1026/1026 328/1027/1027
f 326/1025/1025 328/1027/1027 329/1028/1028
f 271/1029/1029 330/1030/1030 331/1031/1031
f 271/1029/1029 331/1031/1031 272/1032/1032
f 326/1033/1033 271/1034/1034 272/1035/1035
f 326/1033/1033 272/1035/1035 327/1036/1036
f 329/1037/1037 328/1038/1038 331/1039/1039
f 329/1037/1037 331/1039/1039 330/1040/1040
f 287/1041/1041 286/1042/1042 332/1043/1043
f 287/1041/1041 332/1043/1043 333/1044/1044
f 288/1045/1045 334/1046/1046 335/1047/1047
f 288/1045/1045 335/1047/1047 289/1048/1048
f 287/1049/1049 288/1050/1050 289/1051/1051
f 287/1049/1049 289/1051/1051 286/1052/1052
f 333/1053/1053 332/1054/1054 335/1055/1055
f 333/1053/1053 335/1055/1055 334/1056/1056
f 309/1057/1057 336/1058/1058 337/1059/1059
f 309/1057/1057 337/1059/1059 338/1060/1060
f 311/1061/1061 339/1062/1062 340/1063/1063
f 311/1061/1061 340/1063/1063 341/1064/1064
f 309/1065/1065 311/1066/1066 341/1067/1067
f 309/1065/1065 341/1067/1067 336/1068/1068
f 338/1069/1069 337/1070/1070 340/1071/1071
f 338/1069/1069 340/1071/1071 339/1072/1072
f 342/1073/1073 343/1074/1074 344/1075/1075
f 342/1073/1073 344/1075/1075 345/1076/1076
f 341/1077/1077 340/1078/1078 346/1079/1079
f 341/1077/1077 346/1079/1079 347/1080/1080
f 342/1081/1081 341/1082/1082 347/1083/1083
f 342/1081/1081 347/1083/1083 343/1084/1084
f 345/1085/1085 344/1086/1086 346/1087/1087
f 345/1085/1085 346/1087/1087 340/1088/1088
f 348/1089/1089 308/1090/1090 349/1091/1091
f 348/1089/1089 349/1091/1091 350/1092/1092
f 347/1093/1093 346/1094/1094 351/1095/1095
f 347/1093/1093 351/1095/1095 312/1096/1096
f 348/1097/1097 347/1098/1098 312/1099/1099
f 348/1097/1097 312/1099/1099 308/1100/1100
f 350/1101/1101 349/1102/1102 351/1103/1103
f 350/1101/1101 351/1103/1103 346/1104/1104
f 352/1105/1105 353/1106/1106 354/1107/1107
f 352/1105/1105 354/1107/1107 355/1108/1108
f 356/1109/1109 357/1110/1110 358/1111/1111
f 356/1109/1109 358/1111/1111 359/1112/1112
f 352/1113/1113 356/1114/1114 359/1115/1115
f 352/1113/1113 359/1115/1115 353/1116/1116
f 355/1117/1117 354/1118/1118 358/1119/1119
f 355/1117/1117 358/1119/1119 357/1120/1120
f 360/1121/1121 349/1122/1122 353/1123/1123
f 360/1121/1121 353/1123/1123 361/1124/1124
f 362/1125/1125 363/1126/1126 359/1127/1127
f 362/1125/1125 359/1127/1127 351/1128/1128
f 360/1129/1129 362/1130/1130 351/1131/1131
f 360/1129/1129 351/1131/1131 349/1132/1132
f 361/1133/1133 353/1134/1134 359/1135/1135
f 361/1133/1133 359/1135/1135 363/1136/1136
f 360/1137/1137 361/1138/1138 363/1139/1139
f 360/1137/1137 363/1139/1139 362/1140/1140
f 364/1141/1141 365/1142/1142 366/1143/1143
f 364/1141/1141 366/1143/1143 367/1144/1144
f 368/1145/1145 369/1146/1146 370/1147/1147
f 368/1145/1145 370/1147/1147 371/1148/1148
f 364/1149/1149 368/1150/1150 371/1151/1151
f 364/1149/1149 371/1151/1151 365/1152/1152
f 367/1153/1153 366/1154/1154 370/1155/1155
f 367/1153/1153 370/1155/1155 369/1156/1156
f 364/1157/1157 367/1158/1158 369/1159/1159
f 364/1157/1157 369/1159/1159 368/1160/1160
f 365/1161/1161 371/1162/1162 370/1163/1163
f 365/1161/1161 370/1163/1163 366/1164/1164
f 372/1165/1165 373/1166/1166 374/1167/1167
f 372/1165/1165 374/1167/1167 375/1168/1168
f 311/1169/1169 376/1170/1170 377/1171/1171
f 311/1169/1169 377/1171/1171 312/1172/1172
f 372/1173/1173 311/1174/1174 312/1175/1175
f 372/1173/1173 312/1175/1175 373/1176/1176
f 375/1177/1177 374/1178/1178 377/1179/1179
f 375/1177/1177 377/1179/1179 376/1180/1180
f 333/1181/1181 332/1182/1182 378/1183/1183
f 333/1181/1181 378/1183/1183 379/1184/1184
f 334/1185/1185 380/1186/1186 381/1187/1187
f 334/1185/1185 381/1187/1187 335/1188/1188
f 333/1189/1189 334/1190/1190 335/1191/1191
f 333/1189/1189 335/1191/1191 332/1192/1192
f 379/1193/1193 378/1194/1194 381/1195/1195
f 379/1193/1193 381/1195/1195 380/1196/1196
f 355/1197/1197 382/1198/1198 383/1199/1199
f 355/1197/1197 383/1199/1199 384/1200/1200
f 357/1201/1201 385/1202/1202 386/1203/1203
f 357/1201/1201 386/1203/1203 387/1204/1204
f 355/1205/1205 357/1206/1206 387/1207/1207
f 355/1205/1205 387/1207/1207 382/1208/1208
f 384/1209/1209 383/1210/1210 386/1211/1211
f 384/1209/1209 386/1211/1211 385/1212/1212
f 388/1213/1213 389/1214/1214 390/1215/1215
f 388/1213/1213 390/1215/1215 391/1216/1216
f 387/1217/1217 386/1218/1218 392/1219/1219
f 387/1217/1217 392/1219/1219 393/1220/1220
f 388/1221/1221 387/1222/1222 393/1223/1223
f 388/1221/1221 393/1223/1223 389/1224/1224
f 391/1225/1225 390/1226/1226 392/1227/1227
f 391/1225/1225 392/1227/1227 386/1228/1228
f 394/1229/1229 354/1230/1230 395/1231/1231
f 394/1229/1229 395/1231/1231 396/1232/1232
f 393/1233/1233 392/1234/1234 397/1235/1235
f 393/1233/1233 397/1235/1235 358/1236/1236
f 394/1237/1237 393/1238/1238 358/1239/1239
f 394/1237/1237 358/1239/1239 354/1240/1240
f 396/1241/1241 395/1242/1242 397/1243/1243
f 396/1241/1241 397/1243/1243 392/1244/1244
f 398/1245/1245 399/1246/1246 400/1247/1247
f 398/1245/1245 400/1247/1247 401/1248/1248
f 402/1249/1249 403/1250/1250 404/1251/1251
f 402/1249/1249 404/1251/1251 405/1252/1252
f 398/1253/1253 402/1254/1254 405/1255/1255
f 398/1253/1253 405/1255/1255 399/1256/1256
f 401/1257/1257 400/1258/1258 404/1259/1259
f 401/1257/1257 404/1259/1259 403/1260/1260
f 406/1261/1261 395/1262/1262 399/1263/1263
f 406/1261/1261 399/1263/1263 407/1264/1264
f 408/1265/1265 409/1266/1266 405/1267/1267
f 408/1265/1265 405/1267/1267 397/1268/1268
f 406/1269/1269 408/1270/1270 397/1271/1271
f 406/1269/1269 397/1271/1271 395/1272/1272
f 407/1273/1273 399/1274/1274 405/1275/1275
f 407/1273/1273 405/1275/1275 409/1276/1276
f 406/1277/1277 407/1278/1278 409/1279/1279
f 406/1277/1277 409/1279/1279 408/1280/1280
f 410/1281/1281 411/1282/1282 412/1283/1283
f 410/1281/1281 412/1283/1283 413/1284/1284
f 414/1285/1285 415/1286/1286 416/1287/1287
f 414/1285/1285 416/1287/1287 417/1288/1288
f 410/1289/1289 414/1290/1290 417/1291/1291
f 410/1289/1289 417/1291/1291 411/1292/1292
f 413/1293/1293 412/1294/1294 416/1295/1295
f 413/1293/1293 416/1295/1295 415/1296/1296
f 410/1297/1297 413/1298/1298 415/1299/1299
f 410/1297/1297 415/1299/1299 414/1300/1300
f 411/1301/1301 417/1302/1302 416/1303/1303
f 411/1301/1301 416/1303/1303 412/1304/1304
f 418/1305/1305 419/1306/1306 420/1307/1307
f 418/1305/1305 420/1307/1307 421/1308/1308
f 357/1309/1309 422/1310/1310 423/1311/1311
f 357/1309/1309 423/1311/1311 358/1312/1312
f 418/1313/1313 357/1314/1314 358/1315/1315
f 418/1313/1313 358/1315/1315 419/1316/1316
f 421/1317/1317 420/1318/1318 423/1319/1319
f 421/1317/1317 423/1319/1319 422/1320/1320
f 379/1321/1321 378/1322/1322 66/1323/1323
f 379/1321/1321 66/1323/1323 53/1324/1324
f 380/1325/1325 424/1326/1326 425/1327/1327
f 380/1325/1325 425/1327/1327 381/1328/1328
f 379/1329/1329 380/1330/1330 381/1331/1331
f 379/1329/1329 381/1331/1331 378/1332/1332
f 53/1333/1333 66/1334/1334 425/1335/1335
f 53/1333/1333 425/1335/1335 424/1336/1336
f 401/1337/1337 426/1338/1338 427/1339/1339
f 401/1337/1337 427/1339/1339 428/1340/1340
f 403/1341/1341 429/1342/1342 430/1343/1343
f 403/1341/1341 430/1343/1343 431/1344/1344
f 401/1345/1345 403/1346/1346 431/1347/1347
f 401/1345/1345 431/1347/1347 426/1348/1348
f 428/1349/1349 427/1350/1350 430/1351/1351
f 428/1349/1349 430/1351/1351 429/1352/1352
f 432/1353/1353 433/1354/1354 434/1355/1355
f 432/1353/1353 434/1355/1355 435/1356/1356
f 431/1357/1357 430/1358/1358 436/1359/1359
f 431/1357/1357 436/1359/1359 437/1360/1360
f 432/1361/1361 431/1362/1362 437/1363/1363
f 432/1361/1361 437/1363/1363 433/1364/1364
f 435/1365/1365 434/1366/1366 436/1367/1367
f 435/1365/1365 436/1367/1367 430/1368/1368
f 438/1369/1369 400/1370/1370 439/1371/1371
f 438/1369/1369 439/1371/1371 440/1372/1372
f 437/1373/1373 436/1374/1374 441/1375/1375
f 437/1373/1373 441/1375/1375 404/1376/1376
f 438/1377/1377 437/1378/1378 404/1379/1379
f 438/1377/1377 404/1379/1379 400/1380/1380
f 440/1381/1381 439/1382/1382 441/1383/1383
f 440/1381/1381 441/1383/1383 436/1384/1384
f 442/1385/1385 443/1386/1386 444/1387/1387
f 442/1385/1385 444/1387/1387 445/1388/1388
f 446/1389/1389 68/1390/1390 69/1391/1391
f 446/1389/1389 69/1391/1391 447/1392/1392
f 442/1393/1393 446/1394/1394 447/1395/1395
f 442/1393/1393 447/1395/1395 443/1396/1396
f 445/1397/1397 444/1398/1398 69/1399/1399
f 445/1397/1397 69/1399/1399 68/1400/1400
f 448/1401/1401 439/1402/1402 443/1403/1403
f 448/1401/1401 443/1403/1403 449/1404/1404
f 450/1405/1405 451/1406/1406 447/1407/1407
f 450/1405/1405 447/1407/1407 441/1408/1408
f 448/1409/1409 450/1410/1410 441/1411/1411
f 448/1409/1409 441/1411/1411 439/1412/1412
f 449/1413/1413 443/1414/1414 447/1415/1415
f 449/1413/1413 447/1415/1415 451/1416/1416
f 448/1417/1417 449/1418/1418 451/1419/1419
f 448/1417/1417 451/1419/1419 450/1420/1420
f 452/1421/1421 453/1422/1422 70/1423/1423
f 452/1421/1421 70/1423/1423 454/1424/1424
f 455/1425/1425 456/1426/1426 457/1427/1427
f 455/1425/1425 457/1427/1427 458/1428/1428
f 452/1429/1429 455/1430/1430 458/1431/1431
f 452/1429/1429 458/1431/1431 453/1432/1432
f 454/1433/1433 70/1434/1434 457/1435/1435
f 454/1433/1433 457/1435/1435 456/1436/1436
f 452/1437/1437 454/1438/1438 456/1439/1439
f 452/1437/1437 456/1439/1439 455/1440/1440
f 453/1441/1441 458/1442/1442 457/1443/1443
f 453/1441/1441 457/1443/1443 70/1444/1444
f 459/1445/1445 460/1446/1446 461/1447/1447
f 459/1445/1445 461/1447/1447 462/1448/1448
f 403/1449/1449 463/1450/1450 464/1451/1451
f 403/1449/1449 464/1451/1451 404/1452/1452
f 459/1453/1453 403/1454/1454 404/1455/1455
f 459/1453/1453 404/1455/1455 460/1456/1456
f 462/1457/1457 461/1458/1458 464/1459/1459
f 462/1457/1457 464/1459/1459 463/1460/1460
f 57/1461/1461 465/1462/1462 466/1463/1463
f 57/1461/1461 466/1463/1463 467/1464/1464
f 468/1465/1465 469/1466/1466 470/1467/1467
f 468/1465/1465 470/1467/1467 471/1468/1468
f 57/1469/1469 468/1470/1470 471/1471/1471
f 57/1469/1469 471/1471/1471 465/1472/1472
f 57/1473/1473 467/1474/1474 469/1475/1475
f 57/1473/1473 469/1475/1475 468/1476/1476
f 465/1477/1477 471/1478/1478 470/1479/1479
f 465/1477/1477 470/1479/1479 466/1480/1480
f 467/1481/1481 466/1482/1482 472/1483/1483
f 467/1481/1481 472/1483/1483 473/1484/1484
f 469/1485/1485 474/1486/1486 475/1487/1487
f 469/1485/1485 475/1487/1487 470/1488/1488
f 467/1489/1489 473/1490/1490 474/1491/1491
f 467/1489/1489 474/1491/1491 469/1492/1492
f 466/1493/1493 470/1494/1494 475/1495/1495
f 466/1493/1493 475/1495/1495 472/1496/1496
f 473/1497/1497 472/1498/1498 476/1499/1499
f 473/1497/1497 476/1499/1499 477/1500/1500
f 474/1501/1501 478/1502/1502 479/1503/1503
f 474/1501/1501 479/1503/1503 475/1504/1504
f 473/1505/1505 477/1506/1506 478/1507/1507
f 473/1505/1505 478/1507/1507 474/1508/1508
f 472/1509/1509 475/1510/1510 479/1511/1511
f 472/1509/1509 479/1511/1511 476/1512/1512
f 477/1513/1513 476/1514/1514 480/1515/1515
f 477/1513/1513 480/1515/1515 481/1516/1516
f 478/1517/1517 482/1518/1518 483/1519/1519
f 478/1517/1517 483/1519/1519 479/1520/1520
f 477/1521/1521 481/1522/1522 482/1523/1523
f 477/1521/1521 482/1523/1523 478/1524/1524
f 476/1525/1525 479/1526/1526 483/1527/1527
f 476/1525/1525 483/1527/1527 480/1528/1528
f 481/1529/1529 480/1530/1530 484/1531/1531
f 481/1529/1529 484/1531/1531 485/1532/1532
f 482/1533/1533 486/1534/1534 487/1535/1535
f 482/1533/1533 487/1535/1535 483/1536/1536
f 481/1537/1537 485/1538/1538 486/1539/1539
f 481/1537/1537 486/1539/1539 482/1540/1540
f 480/1541/1541 483/1542/1542 487/1543/1543
f 480/1541/1541 487/1543/1543 484/1544/1544
f 485/1545/1545 484/1546/1546 488/1547/1547
f 485/1545/1545 488/1547/1547 489/1548/1548
f 486/1549/1549 490/1550/1550 491/1551/1551
f 486/1549/1549 491/1551/1551 487/1552/1552
f 489/1553/1553 488/1554/1554 491/1555/1555
f 489/1553/1553 491/1555/1555 490/1556/1556
f 485/1557/1557 489/1558/1558 490/1559/1559
f 485/1557/1557 490/1559/1559 486/1560/1560
f 484/1561/1561 487/1562/1562 491/1563/1563
f 484/1561/1561 491/1563/1563 488/1564/1564
f 492/1565/1565 493/1566/1566 494/1567/1567
f 492/1565/1565 494/1567/1567 495/1568/1568
f 496/1569/1569 497/1570/1570 498/1571/1571
f 496/1569/1569 498/1571/1571 499/1572/1572
f 492/1573/1573 496/1574/1574 499/1575/1575
f 492/1573/1573 499/1575/1575 493/1576/1576
f 492/1577/1577 495/1578/1578 497/1579/1579
f 492/1577/1577 497/1579/1579 496/1580/1580
f 493/1581/1581 499/1582/1582 498/1583/1583
f 493/1581/1581 498/1583/1583 494/1584/1584
f 495/1585/1585 494/1586/1586 500/1587/1587
f 495/1585/1585 500/1587/1587 501/1588/1588
f 497/1589/1589 502/1590/1590 503/1591/1591
f 497/1589/1589 503/1591/1591 498/1592/1592
f 495/1593/1593 501/1594/1594 502/1595/1595
f 495/1593/1593 502/1595/1595 497/1596/1596
f 494/1597/1597 498/1598/1598 503/1599/1599
f 494/1597/1597 503/1599/1599 500/1600/1600
f 501/1601/1601 500/1602/1602 504/1603/1603
f 501/1601/1601 504/1603/1603 505/1604/1604
f 502/1605/1605 506/1606/1606 507/1607/1607
f 502/1605/1605 507/1607/1607 503/1608/1608
f 501/1609/1609 505/1610/1610 506/1611/1611
f 501/1609/1609 506/1611/1611 502/1612/1612
f 500/1613/1613 503/1614/1614 507/1615/1615
f 500/1613/1613 507/1615/1615 504/1616/1616
f 505/1617/1617 504/1618/1618 508/1619/1619
f 505/1617/1617 508/1619/1619 509/1620/1620
f 506/1621/1621 510/1622/1622 511/1623/1623
f 506/1621/1621 511/1623/1623 507/1624/1624
f 505/1625/1625 509/1626/1626 510/1627/1627
f 505/1625/1625 510/1627/1627 506/1628/1628
f 504/1629/1629 507/1630/1630 511/1631/1631
f 504/1629/1629 511/1631/1631 508/1632/1632
f 509/1633/1633 508/1634/1634 512/1635/1635
f 509/1633/1633 512/1635/1635 513/1636/1636
f 510/1637/1637 514/1638/1638 515/1639/1639
f 510/1637/1637 515/1639/1639 511/1640/1640
f 509/1641/1641 513/1642/1642 514/1643/1643
f 509/1641/1641 514/1643/1643 510/1644/1644
f 508/1645/1645 511/1646/1646 515/1647/1647
f 508/1645/1645 515/1647/1647 512/1648/1648
f 513/1649/1649 512/1650/1650 516/1651/1651
f 513/1649/1649 516/1651/1651 66/1652/1652
f 514/1653/1653 517/1654/1654 518/1655/1655
f 514/1653/1653 518/1655/1655 515/1656/1656
f 66/1657/1657 516/1658/1658 518/1659/1659
f 66/1657/1657 518/1659/1659 517/1660/1660
f 513/1661/1661 66/1662/1662 517/1663/1663
f 513/1661/1661 517/1663/1663 514/1664/1664
f 512/1665/1665 515/1666/1666 518/1667/1667
f 512/1665/1665 518/1667/1667 516/1668/1668
f 489/1669/1669 488/1670/1670 493/1671/1671
f 489/1669/1669 493/1671/1671 492/1672/1672
f 519/1673/1673 520/1674/1674 521/1675/1675
f 519/1673/1673 521/1675/1675 522/1676/1676
f 489/1677/1677 519/1678/1678 522/1679/1679
f 489/1677/1677 522/1679/1679 488/1680/1680
f 492/1681/1681 493/1682/1682 521/1683/1683
f 492/1681/1681 521/1683/1683 520/1684/1684
f 489/1685/1685 492/1686/1686 520/1687/1687
f 489/1685/1685 520/1687/1687 519/1688/1688
f 488/1689/1689 522/1690/1690 521/1691/1691
f 488/1689/1689 521/1691/1691 493/1692/1692
f 523/1693/1693 524/1694/1694 525/1695/1695
f 523/1693/1693 525/1695/1695 526/1696/1696
f 490/1697/1697 496/1698/1698 499/1699/1699
f 490/1697/1697 499/1699/1699 491/1700/1700
f 523/1701/1701 490/1702/1702 491/1703/1703
f 523/1701/1701 491/1703/1703 524/1704/1704
f 526/1705/1705 525/1706/1706 499/1707/1707
f 526/1705/1705 499/1707/1707 496/1708/1708
f 523/1709/1709 526/1710/1710 496/1711/1711
f 523/1709/1709 496/1711/1711 490/1712/1712
f 524/1713/1713 491/1714/1714 499/1715/1715
f 524/1713/1713 499/1715/1715 525/1716/1716
f 527/1717/1717 528/1718/1718 529/1719/1719
f 527/1717/1717 529/1719/1719 530/1720/1720
f 531/1721/1721 532/1722/1722 533/1723/1723
f 531/1721/1721 533/1723/1723 534/1724/1724
f 527/1725/1725 531/1726/1726 534/1727/1727
f 527/1725/1725 534/1727/1727 528/1728/1728
f 530/1729/1729 529/1730/1730 533/1731/1731
f 530/1729/1729 533/1731/1731 532/1732/1732
f 527/1733/1733 530/1734/1734 532/1735/1735
f 527/1733/1733 532/1735/1735 531/1736/1736
f 528/1737/1737 534/1738/1738 533/1739/1739
f 528/1737/1737 533/1739/1739 529/1740/1740
f 535/1741/1741 528/1742/1742 536/1743/1743
f 535/1741/1741 536/1743/1743 537/1744/1744
f 538/1745/1745 539/1746/1746 540/1747/1747
f 538/1745/1745 540/1747/1747 534/1748/1748
f 535/1749/1749 538/1750/1750 534/1751/1751
f 535/1749/1749 534/1751/1751 528/1752/1752
f 537/1753/1753 536/1754/1754 540/1755/1755
f 537/1753/1753 540/1755/1755 539/1756/1756
f 535/1757/1757 537/1758/1758 539/1759/1759
f 535/1757/1757 539/1759/1759 538/1760/1760
f 528/1761/1761 534/1762/1762 540/1763/1763
f 528/1761/1761 540/1763/1763 536/1764/1764
f 541/1765/1765 542/1766/1766 543/1767/1767
f 541/1765/1765 543/1767/1767 544/1768/1768
f 545/1769/1769 546/1770/1770 547/1771/1771
f 545/1769/1769 547/1771/1771 548/1772/1772
f 541/1773/1773 545/1774/1774 548/1775/1775
f 541/1773/1773 548/1775/1775 542/1776/1776
f 544/1777/1777 543/1778/1778 547/1779/1779
f 544/1777/1777 547/1779/1779 546/1780/1780
f 541/1781/1781 544/1782/1782 546/1783/1783
f 541/1781/1781 546/1783/1783 545/1784/1784
f 542/1785/1785 548/1786/1786 547/1787/1787
f 542/1785/1785 547/1787/1787 543/1788/1788
f 529/1789/1789 542/1790/1790 549/1791/1791
f 529/1789/1789 549/1791/1791 550/1792/1792
f 533/1793/1793 551/1794/1794 552/1795/1795
f 533/1793/1793 552/1795/1795 548/1796/1796
f 529/1797/1797 533/1798/1798 548/1799/1799
f 529/1797/1797 548/1799/1799 542/1800/1800
f 550/1801/1801 549/1802/1802 552/1803/1803
f 550/1801/1801 552/1803/1803 551/1804/1804
f 529/1805/1805 550/1806/1806 551/1807/1807
f 529/1805/1805 551/1807/1807 533/1808/1808
f 542/1809/1809 548/1810/1810 552/1811/1811
f 542/1809/1809 552/1811/1811 549/1812/1812
f 553/1813/1813 554/1814/1814 555/1815/1815
f 553/1813/1813 555/1815/1815 556/1816/1816
f 557/1817/1817 558/1818/1818 559/1819/1819
f 557/1817/1817 559/1819/1819 560/1820/1820
f 553/1821/1821 557/1822/1822 560/1823/1823
f 553/1821/1821 560/1823/1823 554/1824/1824
f 556/1825/1825 555/1826/1826 559/1827/1827
f 556/1825/1825 559/1827/1827 558/1828/1828
f 553/1829/1829 556/1830/1830 558/1831/1831
f 553/1829/1829 558/1831/1831 557/1832/1832
f 554/1833/1833 560/1834/1834 559/1835/1835
f 554/1833/1833 559/1835/1835 555/1836/1836
f 543/1837/1837 554/1838/1838 561/1839/1839
f 543/1837/1837 561/1839/1839 562/1840/1840
f 547/1841/1841 563/1842/1842 564/1843/1843
f 547/1841/1841 564/1843/1843 560/1844/1844
f 543/1845/1845 547/1846/1846 560/1847/1847
f 543/1845/1845 560/1847/1847 554/1848/1848
f 562/1849/1849 561/1850/1850 564/1851/1851
f 562/1849/1849 564/1851/1851 563/1852/1852
f 543/1853/1853 562/1854/1854 563/1855/1855
f 543/1853/1853 563/1855/1855 547/1856/1856
f 554/1857/1857 560/1858/1858 564/1859/1859
f 554/1857/1857 564/1859/1859 561/1860/1860
f 565/1861/1861 566/1862/1862 567/1863/1863
f 565/1861/1861 567/1863/1863 568/1864/1864
f 569/1865/1865 570/1866/1866 571/1867/1867
f 569/1865/1865 571/1867/1867 572/1868/1868
f 565/1869/1869 569/1870/1870 572/1871/1871
f 565/1869/1869 572/1871/1871 566/1872/1872
f 568/1873/1873 567/1874/1874 571/1875/1875
f 568/1873/1873 571/1875/1875 570/1876/1876
f 565/1877/1877 568/1878/1878 570/1879/1879
f 565/1877/1877 570/1879/1879 569/1880/1880
f 566/1881/1881 572/1882/1882 571/1883/1883
f 566/1881/1881 571/1883/1883 567/1884/1884
f 555/1885/1885 566/1886/1886 573/1887/1887
f 555/1885/1885 573/1887/1887 574/1888/1888
f 559/1889/1889 575/1890/1890 576/1891/1891
f 559/1889/1889 576/1891/1891 572/1892/1892
f 555/1893/1893 559/1894/1894 572/1895/1895
f 555/1893/1893 572/1895/1895 566/1896/1896
f 574/1897/1897 573/1898/1898 576/1899/1899
f 574/1897/1897 576/1899/1899 575/1900/1900
f 555/1901/1901 574/1902/1902 575/1903/1903
f 555/1901/1901 575/1903/1903 559/1904/1904
f 566/1905/1905 572/1906/1906 576/1907/1907
f 566/1905/1905 576/1907/1907 573/1908/1908
f 577/1909/1909 578/1910/1910 579/1911/1911
f 577/1909/1909 579/1911/1911 580/1912/1912
f 581/1913/1913 582/1914/1914 583/1915/1915
f 581/1913/1913 583/1915/1915 584/1916/1916
f 577/1917/1917 581/1918/1918 584/1919/1919
f 577/1917/1917 584/1919/1919 578/1920/1920
f 580/1921/1921 579/1922/1922 583/1923/1923
f 580/1921/1921 583/1923/1923 582/1924/1924
f 577/1925/1925 580/1926/1926 582/1927/1927
f 577/1925/1925 582/1927/1927 581/1928/1928
f 578/1929/1929 584/1930/1930 583/1931/1931
f 578/1929/1929 583/1931/1931 579/1932/1932
f 567/1933/1933 578/1934/1934 585/1935/1935
f 567/1933/1933 585/1935/1935 586/1936/1936
f 571/1937/1937 587/1938/1938 588/1939/1939
f 571/1937/1937 588/1939/1939 584/1940/1940
f 567/1941/1941 571/1942/1942 584/1943/1943
f 567/1941/1941 584/1943/1943 578/1944/1944
f 586/1945/1945 585/1946/1946 588/1947/1947
f 586/1945/1945 588/1947/1947 587/1948/1948
f 567/1949/1949 586/1950/1950 587/1951/1951
f 567/1949/1949 587/1951/1951 571/1952/1952
f 578/1953/1953 584/1954/1954 588/1955/1955
f 578/1953/1953 588/1955/1955 585/1956/1956
f 589/1957/1957 590/1958/1958 591/1959/1959
f 589/1957/1957 591/1959/1959 592/1960/1960
f 593/1961/1961 594/1962/1962 595/1963/1963
f 593/1961/1961 595/1963/1963 596/1964/1964
f 589/1965/1965 593/1966/1966 596/1967/1967
f 589/1965/1965 596/1967/1967 590/1968/1968
f 592/1969/1969 591/1970/1970 595/1971/1971
f 592/1969/1969 595/1971/1971 594/1972/1972
f 589/1973/1973 592/1974/1974 594/1975/1975
f 589/1973/1973 594/1975/1975 593/1976/1976
f 590/1977/1977 596/1978/1978 595/1979/1979
f 590/1977/1977 595/1979/1979 591/1980/1980
f 579/1981/1981 590/1982/1982 597/1983/1983
f 579/1981/1981 597/1983/1983 598/1984/1984
f 583/1985/1985 599/1986/1986 600/1987/1987
f 583/1985/1985 600/1987/1987 596/1988/1988
f 579/1989/1989 583/1990/1990 596/1991/1991
f 579/1989/1989 596/1991/1991 590/1992/1992
f 598/1993/1993 597/1994/1994 600/1995/1995
f 598/1993/1993 600/1995/1995 599/1996/1996
f 579/1997/1997 598/1998/1998 599/1999/1999
f 579/1997/1997 599/1999/1999 583/2000/2000
f 590/2001/2001 596/2002/2002 600/2003/2003
f 590/2001/2001 600/2003/2003 597/2004/2004
f 601/2005/2005 602/2006/2006 603/2007/2007
f 601/2005/2005 603/2007/2007 604/2008/2008
f 605/2009/2009 606/2010/2010 607/2011/2011
f 605/2009/2009 607/2011/2011 608/2012/2012
f 601/2013/2013 605/2014/2014 608/2015/2015
f 601/2013/2013 608/2015/2015 602/2016/2016
f 604/2017/2017 603/2018/2018 607/2019/2019
f 604/2017/2017 607/2019/2019 606/2020/2020
f 601/2021/2021 604/2022/2022 606/2023/2023
f 601/2021/2021 606/2023/2023 605/2024/2024
f 602/2025/2025 608/2026/2026 607/2027/2027
f 602/2025/2025 607/2027/2027 603/2028/2028
f 591/2029/2029 602/2030/2030 609/2031/2031
f 591/2029/2029 609/2031/2031 610/2032/2032
f 595/2033/2033 611/2034/2034 612/2035/2035
f 595/2033/2033 612/2035/2035 608/2036/2036
f 591/2037/2037 595/2038/2038 608/2039/2039
f 591/2037/2037 608/2039/2039 602/2040/2040
f 610/2041/2041 609/2042/2042 612/2043/2043
f 610/2041/2041 612/2043/2043 611/2044/2044
f 591/2045/2045 610/2046/2046 611/2047/2047
f 591/2045/2045 611/2047/2047 595/2048/2048
f 602/2049/2049 608/2050/2050 612/2051/2051
f 602/2049/2049 612/2051/2051 609/2052/2052
f 613/2053/2053 614/2054/2054 615/2055/2055
f 613/2053/2053 615/2055/2055 616/2056/2056
f 617/2057/2057 618/2058/2058 619/2059/2059
f 617/2057/2057 619/2059/2059 620/2060/2060
f 613/2061/2061 617/2062/2062 620/2063/2063
f 613/2061/2061 620/2063/2063 614/2064/2064
f 616/2065/2065 615/2066/2066 619/2067/2067
f 616/2065/2065 619/2067/2067 618/2068/2068
f 613/2069/2069 616/2070/2070 618/2071/2071
f 613/2069/2069 618/2071/2071 617/2072/2072
f 614/2073/2073 620/2074/2074 619/2075/2075
f 614/2073/2073 619/2075/2075 615/2076/2076
f 603/2077/2077 614/2078/2078 621/2079/2079
f 603/2077/2077 621/2079/2079 622/2080/2080
f 607/2081/2081 623/2082/2082 624/2083/2083
f 607/2081/2081 624/2083/2083 620/2084/2084
f 603/2085/2085 607/2086/2086 620/2087/2087
f 603/2085/2085 620/2087/2087 614/2088/2088
f 622/2089/2089 621/2090/2090 624/2091/2091
f 622/2089/2089 624/2091/2091 623/2092/2092
f 603/2093/2093 622/2094/2094 623/2095/2095
f 603/2093/2093 623/2095/2095 607/2096/2096
f 614/2097/2097 620/2098/2098 624/2099/2099
f 614/2097/2097 624/2099/2099 621/2100/2100
f 625/2101/2101 626/2102/2102 627/2103/2103
f 625/2101/2101 627/2103/2103 628/2104/2104
f 629/2105/2105 630/2106/2106 631/2107/2107
f 629/2105/2105 631/2107/2107 632/2108/2108
f 625/2109/2109 629/2110/2110 632/2111/2111
f 625/2109/2109 632/2111/2111 626/2112/2112
f 628/2113/2113 627/2114/2114 631/2115/2115
f 628/2113/2113 631/2115/2115 630/2116/2116
f 625/2117/2117 628/2118/2118 630/2119/2119
f 625/2117/2117 630/2119/2119 629/2120/2120
f 626/2121/2121 632/2122/2122 631/2123/2123
f 626/2121/2121 631/2123/2123 627/2124/2124
f 615/2125/2125 626/2126/2126 633/2127/2127
f 615/2125/2125 633/2127/2127 634/2128/2128
f 619/2129/2129 635/2130/2130 636/2131/2131
f 619/2129/2129 636/2131/2131 632/2132/2132
f 615/2133/2133 619/2134/2134 632/2135/2135
f 615/2133/2133 632/2135/2135 626/2136/2136
f 634/2137/2137 633/2138/2138 636/2139/2139
f 634/2137/2137 636/2139/2139 635/2140/2140
f 615/2141/2141 634/2142/2142 635/2143/2143
f 615/2141/2141 635/2143/2143 619/2144/2144
f 626/2145/2145 632/2146/2146 636/2147/2147
f 626/2145/2145 636/2147/2147 633/2148/2148
f 637/2149/2149 638/2150/2150 639/2151/2151
f 637/2149/2149 639/2151/2151 640/2152/2152
f 641/2153/2153 642/2154/2154 643/2155/2155
f 641/2153/2153 643/2155/2155 644/2156/2156
f 637/2157/2157 641/2158/2158 644/2159/2159
f 637/2157/2157 644/2159/2159 638/2160/2160
f 640/2161/2161 639/2162/2162 643/2163/2163
f 640/2161/2161 643/2163/2163 642/2164/2164
f 637/2165/2165 640/2166/2166 642/2167/2167
f 637/2165/2165 642/2167/2167 641/2168/2168
f 638/2169/2169 644/2170/2170 643/2171/2171
f 638/2169/2169 643/2171/2171 639/2172/2172
f 627/2173/2173 638/2174/2174 645/2175/2175
f 627/2173/2173 645/2175/2175 646/2176/2176
f 631/2177/2177 647/2178/2178 648/2179/2179
f 631/2177/2177 648/2179/2179 644/2180/2180
f 627/2181/2181 631/2182/2182 644/2183/2183
f 627/2181/2181 644/2183/2183 638/2184/2184
f 646/2185/2185 645/2186/2186 648/2187/2187
f 646/2185/2185 648/2187/2187 647/2188/2188
f 627/2189/2189 646/2190/2190 647/2191/2191
f 627/2189/2189 647/2191/2191 631/2192/2192
f 638/2193/2193 644/2194/2194 648/2195/2195
f 638/2193/2193 648/2195/2195 645/2196/2196
f 649/2197/2197 650/2198/2198 521/2199/2199
f 649/2197/2197 521/2199/2199 651/2200/2200
f 652/2201/2201 653/2202/2202 525/2203/2203
f 652/2201/2201 525/2203/2203 654/2204/2204
f 649/2205/2205 652/2206/2206 654/2207/2207
f 649/2205/2205 654/2207/2207 650/2208/2208
f 651/2209/2209 521/2210/2210 525/2211/2211
f 651/2209/2209 525/2211/2211 653/2212/2212
f 649/2213/2213 651/2214/2214 653/2215/2215
f 649/2213/2213 653/2215/2215 652/2216/2216
f 650/2217/2217 654/2218/2218 525/2219/2219
f 650/2217/2217 525/2219/2219 521/2220/2220
f 639/2221/2221 650/2222/2222 655/2223/2223
f 639/2221/2221 655/2223/2223 656/2224/2224
f 643/2225/2225 657/2226/2226 658/2227/2227
f 643/2225/2225 658/2227/2227 654/2228/2228
f 639/2229/2229 643/2230/2230 654/2231/2231
f 639/2229/2229 654/2231/2231 650/2232/2232
f 656/2233/2233 655/2234/2234 658/2235/2235
f 656/2233/2233 658/2235/2235 657/2236/2236
f 639/2237/2237 656/2238/2238 657/2239/2239
f 639/2237/2237 657/2239/2239 643/2240/2240
f 650/2241/2241 654/2242/2242 658/2243/2243
f 650/2241/2241 658/2243/2243 655/2244/2244
f 465/2245/2245 659/2246/2246 660/2247/2247
f 465/2245/2245 660/2247/2247 661/2248/2248
f 662/2249/2249 663/2250/2250 664/2251/2251
f 662/2249/2249 664/2251/2251 665/2252/2252
f 465/2253/2253 662/2254/2254 665/2255/2255
f 465/2253/2253 665/2255/2255 659/2256/2256
f 661/2257/2257 660/2258/2258 664/2259/2259
f 661/2257/2257 664/2259/2259 663/2260/2260
f 666/2261/2261 667/2262/2262 668/2263/2263
f 666/2261/2261 668/2263/2263 516/2264/2264
f 669/2265/2265 670/2266/2266 671/2267/2267
f 669/2265/2265 671/2267/2267 672/2268/2268
f 666/2269/2269 669/2270/2270 672/2271/2271
f 666/2269/2269 672/2271/2271 667/2272/2272
f 516/2273/2273 668/2274/2274 671/2275/2275
f 516/2273/2273 671/2275/2275 670/2276/2276
f 465/2277/2277 659/2278/2278 673/2279/2279
f 465/2277/2277 673/2279/2279 674/2280/2280
f 675/2281/2281 676/2282/2282 677/2283/2283
f 675/2281/2281 677/2283/2283 678/2284/2284
f 465/2285/2285 675/2286/2286 678/2287/2287
f 465/2285/2285 678/2287/2287 659/2288/2288
f 674/2289/2289 673/2290/2290 677/2291/2291
f 674/2289/2289 677/2291/2291 676/2292/2292
f 679/2293/2293 680/2294/2294 681/2295/2295
f 679/2293/2293 681/2295/2295 682/2296/2296
f 662/2297/2297 683/2298/2298 684/2299/2299
f 662/2297/2297 684/2299/2299 685/2300/2300
f 679/2301/2301 662/2302/2302 685/2303/2303
f 679/2301/2301 685/2303/2303 680/2304/2304
f 682/2305/2305 681/2306/2306 684/2307/2307
f 682/2305/2305 684/2307/2307 683/2308/2308
f 686/2309/2309 687/2310/2310 688/2311/2311
f 686/2309/2309 688/2311/2311 689/2312/2312
f 685/2313/2313 684/2314/2314 690/2315/2315
f 685/2313/2313 690/2315/2315 691/2316/2316
f 686/2317/2317 685/2318/2318 691/2319/2319
f 686/2317/2317 691/2319/2319 687/2320/2320
f 689/2321/2321 688/2322/2322 690/2323/2323
f 689/2321/2321 690/2323/2323 684/2324/2324
f 692/2325/2325 693/2326/2326 694/2327/2327
f 692/2325/2325 694/2327/2327 695/2328/2328
f 691/2329/2329 690/2330/2330 696/2331/2331
f 691/2329/2329 696/2331/2331 665/2332/2332
f 692/2333/2333 691/2334/2334 665/2335/2335
f 692/2333/2333 665/2335/2335 693/2336/2336
f 695/2337/2337 694/2338/2338 696/2339/2339
f 695/2337/2337 696/2339/2339 690/2340/2340
f 697/2341/2341 698/2342/2342 699/2343/2343
f 697/2341/2341 699/2343/2343 700/2344/2344
f 701/2345/2345 702/2346/2346 703/2347/2347
f 701/2345/2345 703/2347/2347 704/2348/2348
f 697/2349/2349 701/2350/2350 704/2351/2351
f 697/2349/2349 704/2351/2351 698/2352/2352
f 700/2353/2353 699/2354/2354 703/2355/2355
f 700/2353/2353 703/2355/2355 702/2356/2356
f 705/2357/2357 694/2358/2358 698/2359/2359
f 705/2357/2357 698/2359/2359 706/2360/2360
f 707/2361/2361 708/2362/2362 704/2363/2363
f 707/2361/2361 704/2363/2363 696/2364/2364
f 705/2365/2365 707/2366/2366 696/2367/2367
f 705/2365/2365 696/2367/2367 694/2368/2368
f 706/2369/2369 698/2370/2370 704/2371/2371
f 706/2369/2369 704/2371/2371 708/2372/2372
f 705/2373/2373 706/2374/2374 708/2375/2375
f 705/2373/2373 708/2375/2375 707/2376/2376
f 709/2377/2377 664/2378/2378 710/2379/2379
f 709/2377/2377 710/2379/2379 711/2380/2380
f 712/2381/2381 713/2382/2382 714/2383/2383
f 712/2381/2381 714/2383/2383 715/2384/2384
f 709/2385/2385 712/2386/2386 715/2387/2387
f 709/2385/2385 715/2387/2387 664/2388/2388
f 711/2389/2389 710/2390/2390 714/2391/2391
f 711/2389/2389 714/2391/2391 713/2392/2392
f 709/2393/2393 711/2394/2394 713/2395/2395
f 709/2393/2393 713/2395/2395 712/2396/2396
f 664/2397/2397 715/2398/2398 714/2399/2399
f 664/2397/2397 714/2399/2399 710/2400/2400
f 674/2401/2401 673/2402/2402 716/2403/2403
f 674/2401/2401 716/2403/2403 717/2404/2404
f 676/2405/2405 718/2406/2406 719/2407/2407
f 676/2405/2405 719/2407/2407 677/2408/2408
f 674/2409/2409 676/2410/2410 677/2411/2411
f 674/2409/2409 677/2411/2411 673/2412/2412
f 717/2413/2413 716/2414/2414 719/2415/2415
f 717/2413/2413 719/2415/2415 718/2416/2416
f 700/2417/2417 720/2418/2418 721/2419/2419
f 700/2417/2417 721/2419/2419 722/2420/2420
f 702/2421/2421 723/2422/2422 724/2423/2423
f 702/2421/2421 724/2423/2423 725/2424/2424
f 700/2425/2425 702/2426/2426 725/2427/2427
f 700/2425/2425 725/2427/2427 720/2428/2428
f 722/2429/2429 721/2430/2430 724/2431/2431
f 722/2429/2429 724/2431/2431 723/2432/2432
f 726/2433/2433 727/2434/2434 728/2435/2435
f 726/2433/2433 728/2435/2435 729/2436/2436
f 725/2437/2437 724/2438/2438 730/2439/2439
f 725/2437/2437 730/2439/2439 731/2440/2440
f 726/2441/2441 725/2442/2442 731/2443/2443
f 726/2441/2441 731/2443/2443 727/2444/2444
f 729/2445/2445 728/2446/2446 730/2447/2447
f 729/2445/2445 730/2447/2447 724/2448/2448
f 732/2449/2449 699/2450/2450 733/2451/2451
f 732/2449/2449 733/2451/2451 734/2452/2452
f 731/2453/2453 730/2454/2454 735/2455/2455
f 731/2453/2453 735/2455/2455 703/2456/2456
f 732/2457/2457 731/2458/2458 703/2459/2459
f 732/2457/2457 703/2459/2459 699/2460/2460
f 734/2461/2461 733/2462/2462 735/2463/2463
f 734/2461/2461 735/2463/2463 730/2464/2464
f 736/2465/2465 737/2466/2466 738/2467/2467
f 736/2465/2465 738/2467/2467 739/2468/2468
f 740/2469/2469 741/2470/2470 742/2471/2471
f 740/2469/2469 742/2471/2471 743/2472/2472
f 736/2473/2473 740/2474/2474 743/2475/2475
f 736/2473/2473 743/2475/2475 737/2476/2476
f 739/2477/2477 738/2478/2478 742/2479/2479
f 739/2477/2477 742/2479/2479 741/2480/2480
f 744/2481/2481 733/2482/2482 737/2483/2483
f 744/2481/2481 737/2483/2483 745/2484/2484
f 746/2485/2485 747/2486/2486 743/2487/2487
f 746/2485/2485 743/2487/2487 735/2488/2488
f 744/2489/2489 746/2490/2490 735/2491/2491
f 744/2489/2489 735/2491/2491 733/2492/2492
f 745/2493/2493 737/2494/2494 743/2495/2495
f 745/2493/2493 743/2495/2495 747/2496/2496
f 744/2497/2497 745/2498/2498 747/2499/2499
f 744/2497/2497 747/2499/2499 746/2500/2500
f 748/2501/2501 749/2502/2502 750/2503/2503
f 748/2501/2501 750/2503/2503 751/2504/2504
f 752/2505/2505 753/2506/2506 754/2507/2507
f 752/2505/2505 754/2507/2507 755/2508/2508
f 748/2509/2509 752/2510/2510 755/2511/2511
f 748/2509/2509 755/2511/2511 749/2512/2512
f 751/2513/2513 750/2514/2514 754/2515/2515
f 751/2513/2513 754/2515/2515 753/2516/2516
f 748/2517/2517 751/2518/2518 753/2519/2519
f 748/2517/2517 753/2519/2519 752/2520/2520
f 749/2521/2521 755/2522/2522 754/2523/2523
f 749/2521/2521 754/2523/2523 750/2524/2524
f 756/2525/2525 757/2526/2526 758/2527/2527
f 756/2525/2525 758/2527/2527 759/2528/2528
f 702/2529/2529 760/2530/2530 761/2531/2531
f 702/2529/2529 761/2531/2531 703/2532/2532
f 756/2533/2533 702/2534/2534 703/2535/2535
f 756/2533/2533 703/2535/2535 757/2536/2536
f 759/2537/2537 758/2538/2538 761/2539/2539
f 759/2537/2537 761/2539/2539 760/2540/2540
f 717/2541/2541 716/2542/2542 762/2543/2543
f 717/2541/2541 762/2543/2543 763/2544/2544
f 718/2545/2545 764/2546/2546 765/2547/2547
f 718/2545/2545 765/2547/2547 719/2548/2548
f 717/2549/2549 718/2550/2550 719/2551/2551
f 717/2549/2549 719/2551/2551 716/2552/2552
f 763/2553/2553 762/2554/2554 765/2555/2555
f 763/2553/2553 765/2555/2555 764/2556/2556
f 739/2557/2557 766/2558/2558 767/2559/2559
f 739/2557/2557 767/2559/2559 768/2560/2560
f 741/2561/2561 769/2562/2562 770/2563/2563
f 741/2561/2561 770/2563/2563 771/2564/2564
f 739/2565/2565 741/2566/2566 771/2567/2567
f 739/2565/2565 771/2567/2567 766/2568/2568
f 768/2569/2569 767/2570/2570 770/2571/2571
f 768/2569/2569 770/2571/2571 769/2572/2572
f 772/2573/2573 773/2574/2574 774/2575/2575
f 772/2573/2573 774/2575/2575 775/2576/2576
f 771/2577/2577 770/2578/2578 776/2579/2579
f 771/2577/2577 776/2579/2579 777/2580/2580
f 772/2581/2581 771/2582/2582 777/2583/2583
f 772/2581/2581 777/2583/2583 773/2584/2584
f 775/2585/2585 774/2586/2586 776/2587/2587
f 775/2585/2585 776/2587/2587 770/2588/2588
f 778/2589/2589 738/2590/2590 779/2591/2591
f 778/2589/2589 779/2591/2591 780/2592/2592
f 777/2593/2593 776/2594/2594 781/2595/2595
f 777/2593/2593 781/2595/2595 742/2596/2596
f 778/2597/2597 777/2598/2598 742/2599/2599
f 778/2597/2597 742/2599/2599 738/2600/2600
f 780/2601/2601 779/2602/2602 781/2603/2603
f 780/2601/2601 781/2603/2603 776/2604/2604
f 782/2605/2605 783/2606/2606 784/2607/2607
f 782/2605/2605 784/2607/2607 785/2608/2608
f 786/2609/2609 787/2610/2610 788/2611/2611
f 786/2609/2609 788/2611/2611 789/2612/2612
f 782/2613/2613 786/2614/2614 789/2615/2615
f 782/2613/2613 789/2615/2615 783/2616/2616
f 785/2617/2617 784/2618/2618 788/2619/2619
f 785/2617/2617 788/2619/2619 787/2620/2620
f 790/2621/2621 779/2622/2622 783/2623/2623
f 790/2621/2621 783/2623/2623 791/2624/2624
f 792/2625/2625 793/2626/2626 789/2627/2627
f 792/2625/2625 789/2627/2627 781/2628/2628
f 790/2629/2629 792/2630/2630 781/2631/2631
f 790/2629/2629 781/2631/2631 779/2632/2632
f 791/2633/2633 783/2634/2634 789/2635/2635
f 791/2633/2633 789/2635/2635 793/2636/2636
f 790/2637/2637 791/2638/2638 793/2639/2639
f 790/2637/2637 793/2639/2639 792/2640/2640
f 794/2641/2641 795/2642/2642 796/2643/2643
f 794/2641/2641 796/2643/2643 797/2644/2644
f 798/2645/2645 799/2646/2646 800/2647/2647
f 798/2645/2645 800/2647/2647 801/2648/2648
f 794/2649/2649 798/2650/2650 801/2651/2651
f 794/2649/2649 801/2651/2651 795/2652/2652
f 797/2653/2653 796/2654/2654 800/2655/2655
f 797/2653/2653 800/2655/2655 799/2656/2656
f 794/2657/2657 797/2658/2658 799/2659/2659
f 794/2657/2657 799/2659/2659 798/2660/2660
f 795/2661/2661 801/2662/2662 800/2663/2663
f 795/2661/2661 800/2663/2663 796/2664/2664
f 802/2665/2665 803/2666/2666 804/2667/2667
f 802/2665/2665 804/2667/2667 805/2668/2668
f 741/2669/2669 806/2670/2670 807/2671/2671
f 741/2669/2669 807/2671/2671 742/2672/2672
f 802/2673/2673 741/2674/2674 742/2675/2675
f 802/2673/2673 742/2675/2675 803/2676/2676
f 805/2677/2677 804/2678/2678 807/2679/2679
f 805/2677/2677 807/2679/2679 806/2680/2680
f 763/2681/2681 762/2682/2682 808/2683/2683
f 763/2681/2681 808/2683/2683 809/2684/2684
f 764/2685/2685 810/2686/2686 811/2687/2687
f 764/2685/2685 811/2687/2687 765/2688/2688
f 763/2689/2689 764/2690/2690 765/2691/2691
f 763/2689/2689 765/2691/2691 762/2692/2692
f 809/2693/2693 808/2694/2694 811/2695/2695
f 809/2693/2693 811/2695/2695 810/2696/2696
f 785/2697/2697 812/2698/2698 813/2699/2699
f 785/2697/2697 813/2699/2699 814/2700/2700
f 787/2701/2701 815/2702/2702 816/2703/2703
f 787/2701/2701 816/2703/2703 817/2704/2704
f 785/2705/2705 787/2706/2706 817/2707/2707
f 785/2705/2705 817/2707/2707 812/2708/2708
f 814/2709/2709 813/2710/2710 816/2711/2711
f 814/2709/2709 816/2711/2711 815/2712/2712
f 818/2713/2713 819/2714/2714 820/2715/2715
f 818/2713/2713 820/2715/2715 821/2716/2716
f 817/2717/2717 816/2718/2718 822/2719/2719
f 817/2717/2717 822/2719/2719 823/2720/2720
f 818/2721/2721 817/2722/2722 823/2723/2723
f 818/2721/2721 823/2723/2723 819/2724/2724
f 821/2725/2725 820/2726/2726 822/2727/2727
f 821/2725/2725 822/2727/2727 816/2728/2728
f 824/2729/2729 784/2730/2730 825/2731/2731
f 824/2729/2729 825/2731/2731 826/2732/2732
f 823/2733/2733 822/2734/2734 827/2735/2735
f 823/2733/2733 827/2735/2735 788/2736/2736
f 824/2737/2737 823/2738/2738 788/2739/2739
f 824/2737/2737 788/2739/2739 784/2740/2740
f 826/2741/2741 825/2742/2742 827/2743/2743
f 826/2741/2741 827/2743/2743 822/2744/2744
f 828/2745/2745 829/2746/2746 830/2747/2747
f 828/2745/2745 830/2747/2747 831/2748/2748
f 832/2749/2749 833/2750/2750 834/2751/2751
f 832/2749/2749 834/2751/2751 835/2752/2752
f 828/2753/2753 832/2754/2754 835/2755/2755
f 828/2753/2753 835/2755/2755 829/2756/2756
f 831/2757/2757 830/2758/2758 834/2759/2759
f 831/2757/2757 834/2759/2759 833/2760/2760
f 836/2761/2761 825/2762/2762 829/2763/2763
f 836/2761/2761 829/2763/2763 837/2764/2764
f 838/2765/2765 839/2766/2766 835/2767/2767
f 838/2765/2765 835/2767/2767 827/2768/2768
f 836/2769/2769 838/2770/2770 827/2771/2771
f 836/2769/2769 827/2771/2771 825/2772/2772
f 837/2773/2773 829/2774/2774 835/2775/2775
f 837/2773/2773 835/2775/2775 839/2776/2776
f 836/2777/2777 837/2778/2778 839/2779/2779
f 836/2777/2777 839/2779/2779 838/2780/2780
f 840/2781/2781 841/2782/2782 842/2783/2783
f 840/2781/2781 842/2783/2783 843/2784/2784
f 844/2785/2785 845/2786/2786 846/2787/2787
f 844/2785/2785 846/2787/2787 847/2788/2788
f 840/2789/2789 844/2790/2790 847/2791/2791
f 840/2789/2789 847/2791/2791 841/2792/2792
f 843/2793/2793 842/2794/2794 846/2795/2795
f 843/2793/2793 846/2795/2795 845/2796/2796
f 840/2797/2797 843/2798/2798 845/2799/2799
f 840/2797/2797 845/2799/2799 844/2800/2800
f 841/2801/2801 847/2802/2802 846/2803/2803
f 841/2801/2801 846/2803/2803 842/2804/2804
f 809/2805/2805 808/2806/2806 848/2807/2807
f 809/2805/2805 848/2807/2807 849/2808/2808
f 810/2809/2809 850/2810/2810 851/2811/2811
f 810/2809/2809 851/2811/2811 811/2812/2812
f 809/2813/2813 810/2814/2814 811/2815/2815
f 809/2813/2813 811/2815/2815 808/2816/2816
f 849/2817/2817 848/2818/2818 851/2819/2819
f 849/2817/2817 851/2819/2819 850/2820/2820
f 831/2821/2821 852/2822/2822 853/2823/2823
f 831/2821/2821 853/2823/2823 854/2824/2824
f 833/2825/2825 855/2826/2826 856/2827/2827
f 833/2825/2825 856/2827/2827 857/2828/2828
f 831/2829/2829 833/2830/2830 857/2831/2831
f 831/2829/2829 857/2831/2831 852/2832/2832
f 854/2833/2833 853/2834/2834 856/2835/2835
f 854/2833/2833 856/2835/2835 855/2836/2836
f 858/2837/2837 859/2838/2838 860/2839/2839
f 858/2837/2837 860/2839/2839 861/2840/2840
f 857/2841/2841 856/2842/2842 862/2843/2843
f 857/2841/2841 862/2843/2843 863/2844/2844
f 858/2845/2845 857/2846/2846 863/2847/2847
f 858/2845/2845 863/2847/2847 859/2848/2848
f 861/2849/2849 860/2850/2850 862/2851/2851
f 861/2849/2849 862/2851/2851 856/2852/2852
f 864/2853/2853 830/2854/2854 865/2855/2855
f 864/2853/2853 865/2855/2855 866/2856/2856
f 863/2857/2857 862/2858/2858 867/2859/2859
f 863/2857/2857 867/2859/2859 834/2860/2860
f 864/2861/2861 863/2862/2862 834/2863/2863
f 864/2861/2861 834/2863/2863 830/2864/2864
f 866/2865/2865 865/2866/2866 867/2867/2867
f 866/2865/2865 867/2867/2867 862/2868/2868
f 868/2869/2869 869/2870/2870 870/2871/2871
f 868/2869/2869 870/2871/2871 871/2872/2872
f 872/2873/2873 873/2874/2874 874/2875/2875
f 872/2873/2873 874/2875/2875 875/2876/2876
f 868/2877/2877 872/2878/2878 875/2879/2879
f 868/2877/2877 875/2879/2879 869/2880/2880
f 871/2881/2881 870/2882/2882 874/2883/2883
f 871/2881/2881 874/2883/2883 873/2884/2884
f 876/2885/2885 865/2886/2886 869/2887/2887
f 876/2885/2885 869/2887/2887 877/2888/2888
f 878/2889/2889 879/2890/2890 875/2891/2891
f 878/2889/2889 875/2891/2891 867/2892/2892
f 876/2893/2893 878/2894/2894 867/2895/2895
f 876/2893/2893 867/2895/2895 865/2896/2896
f 877/2897/2897 869/2898/2898 875/2899/2899
f 877/2897/2897 875/2899/2899 879/2900/2900
f 876/2901/2901 877/2902/2902 879/2903/2903
f 876/2901/2901 879/2903/2903 878/2904/2904
f 880/2905/2905 881/2906/2906 882/2907/2907
f 880/2905/2905 882/2907/2907 883/2908/2908
f 884/2909/2909 885/2910/2910 886/2911/2911
f 884/2909/2909 886/2911/2911 887/2912/2912
f 880/2913/2913 884/2914/2914 887/2915/2915
f 880/2913/2913 887/2915/2915 881/2916/2916
f 883/2917/2917 882/2918/2918 886/2919/2919
f 883/2917/2917 886/2919/2919 885/2920/2920
f 880/2921/2921 883/2922/2922 885/2923/2923
f 880/2921/2921 885/2923/2923 884/2924/2924
f 881/2925/2925 887/2926/2926 886/2927/2927
f 881/2925/2925 886/2927/2927 882/2928/2928
f 849/2929/2929 848/2930/2930 888/2931/2931
f 849/2929/2929 888/2931/2931 889/2932/2932
f 850/2933/2933 890/2934/2934 891/2935/2935
f 850/2933/2933 891/2935/2935 851/2936/2936
f 849/2937/2937 850/2938/2938 851/2939/2939
f 849/2937/2937 851/2939/2939 848/2940/2940
f 889/2941/2941 888/2942/2942 891/2943/2943
f 889/2941/2941 891/2943/2943 890/2944/2944
f 871/2945/2945 892/2946/2946 893/2947/2947
f 871/2945/2945 893/2947/2947 894/2948/2948
f 873/2949/2949 895/2950/2950 896/2951/2951
f 873/2949/2949 896/2951/2951 897/2952/2952
f 871/2953/2953 873/2954/2954 897/2955/2955
f 871/2953/2953 897/2955/2955 892/2956/2956
f 894/2957/2957 893/2958/2958 896/2959/2959
f 894/2957/2957 896/2959/2959 895/2960/2960
f 898/2961/2961 899/2962/2962 900/2963/2963
f 898/2961/2961 900/2963/2963 901/2964/2964
f 897/2965/2965 896/2966/2966 902/2967/2967
f 897/2965/2965 902/2967/2967 903/2968/2968
f 898/2969/2969 897/2970/2970 903/2971/2971
f 898/2969/2969 903/2971/2971 899/2972/2972
f 901/2973/2973 900/2974/2974 902/2975/2975
f 901/2973/2973 902/2975/2975 896/2976/2976
f 904/2977/2977 870/2978/2978 905/2979/2979
f 904/2977/2977 905/2979/2979 906/2980/2980
f 903/2981/2981 902/2982/2982 907/2983/2983
f 903/2981/2981 907/2983/2983 874/2984/2984
f 904/2985/2985 903/2986/2986 874/2987/2987
f 904/2985/2985 874/2987/2987 870/2988/2988
f 906/2989/2989 905/2990/2990 907/2991/2991
f 906/2989/2989 907/2991/2991 902/2992/2992
f 908/2993/2993 909/2994/2994 910/2995/2995
f 908/2993/2993 910/2995/2995 911/2996/2996
f 912/2997/2997 913/2998/2998 914/2999/2999
f 912/2997/2997 914/2999/2999 915/3000/3000
f 908/3001/3001 912/3002/3002 915/3003/3003
f 908/3001/3001 915/3003/3003 909/3004/3004
f 911/3005/3005 910/3006/3006 914/3007/3007
f 911/3005/3005 914/3007/3007 913/3008/3008
f 916/3009/3009 905/3010/3010 909/3011/3011
f 916/3009/3009 909/3011/3011 917/3012/3012
f 918/3013/3013 919/3014/3014 915/3015/3015
f 918/3013/3013 915/3015/3015 907/3016/3016
f 916/3017/3017 918/3018/3018 907/3019/3019
f 916/3017/3017 907/3019/3019 905/3020/3020
f 917/3021/3021 909/3022/3022 915/3023/3023
f 917/3021/3021 915/3023/3023 919/3024/3024
f 916/3025/3025 917/3026/3026 919/3027/3027
f 916/3025/3025 919/3027/3027 918/3028/3028
f 920/3029/3029 921/3030/3030 922/3031/3031
f 920/3029/3029 922/3031/3031 923/3032/3032
f 924/3033/3033 925/3034/3034 926/3035/3035
f 924/3033/3033 926/3035/3035 927/3036/3036
f 920/3037/3037 924/3038/3038 927/3039/3039
f 920/3037/3037 927/3039/3039 921/3040/3040
f 923/3041/3041 922/3042/3042 926/3043/3043
f 923/3041/3041 926/3043/3043 925/3044/3044
f 920/3045/3045 923/3046/3046 925/3047/3047
f 920/3045/3045 925/3047/3047 924/3048/3048
f 921/3049/3049 927/3050/3050 926/3051/3051
f 921/3049/3049 926/3051/3051 922/3052/3052
f 928/3053/3053 929/3054/3054 930/3055/3055
f 928/3053/3053 930/3055/3055 931/3056/3056
f 873/3057/3057 932/3058/3058 933/3059/3059
f 873/3057/3057 933/3059/3059 874/3060/3060
f 928/3061/3061 873/3062/3062 874/3063/3063
f 928/3061/3061 874/3063/3063 929/3064/3064
f 931/3065/3065 930/3066/3066 933/3067/3067
f 931/3065/3065 933/3067/3067 932/3068/3068
f 889/3069/3069 888/3070/3070 934/3071/3071
f 889/3069/3069 934/3071/3071 935/3072/3072
f 890/3073/3073 936/3074/3074 937/3075/3075
f 890/3073/3073 937/3075/3075 891/3076/3076
f 889/3077/3077 890/3078/3078 891/3079/3079
f 889/3077/3077 891/3079/3079 888/3080/3080
f 935/3081/3081 934/3082/3082 937/3083/3083
f 935/3081/3081 937/3083/3083 936/3084/3084
f 911/3085/3085 938/3086/3086 939/3087/3087
f 911/3085/3085 939/3087/3087 940/3088/3088
f 913/3089/3089 941/3090/3090 942/3091/3091
f 913/3089/3089 942/3091/3091 943/3092/3092
f 911/3093/3093 913/3094/3094 943/3095/3095
f 911/3093/3093 943/3095/3095 938/3096/3096
f 940/3097/3097 939/3098/3098 942/3099/3099
f 940/3097/3097 942/3099/3099 941/3100/3100
f 944/3101/3101 945/3102/3102 946/3103/3103
f 944/3101/3101 946/3103/3103 947/3104/3104
f 943/3105/3105 942/3106/3106 948/3107/3107
f 943/3105/3105 948/3107/3107 949/3108/3108
f 944/3109/3109 943/3110/3110 949/3111/3111
f 944/3109/3109 949/3111/3111 945/3112/3112
f 947/3113/3113 946/3114/3114 948/3115/3115
f 947/3113/3113 948/3115/3115 942/3116/3116
f 950/3117/3117 910/3118/3118 951/3119/3119
f 950/3117/3117 951/3119/3119 952/3120/3120
f 949/3121/3121 948/3122/3122 953/3123/3123
f 949/3121/3121 953/3123/3123 914/3124/3124
f 950/3125/3125 949/3126/3126 914/3127/3127
f 950/3125/3125 914/3127/3127 910/3128/3128
f 952/3129/3129 951/3130/3130 953/3131/3131
f 952/3129/3129 953/3131/3131 948/3132/3132
f 954/3133/3133 955/3134/3134 956/3135/3135
f 954/3133/3133 956/3135/3135 957/3136/3136
f 958/3137/3137 959/3138/3138 960/3139/3139
f 958/3137/3137 960/3139/3139 961/3140/3140
f 954/3141/3141 958/3142/3142 961/3143/3143
f 954/3141/3141 961/3143/3143 955/3144/3144
f 957/3145/3145 956/3146/3146 960/3147/3147
f 957/3145/3145 960/3147/3147 959/3148/3148
f 962/3149/3149 951/3150/3150 955/3151/3151
f 962/3149/3149 955/3151/3151 963/3152/3152
f 964/3153/3153 965/3154/3154 961/3155/3155
f 964/3153/3153 961/3155/3155 953/3156/3156
f 962/3157/3157 964/3158/3158 953/3159/3159
f 962/3157/3157 953/3159/3159 951/3160/3160
f 963/3161/3161 955/3162/3162 961/3163/3163
f 963/3161/3161 961/3163/3163 965/3164/3164
f 962/3165/3165 963/3166/3166 965/3167/3167
f 962/3165/3165 965/3167/3167 964/3168/3168
f 966/3169/3169 967/3170/3170 968/3171/3171
f 966/3169/3169 968/3171/3171 969/3172/3172
f 970/3173/3173 971/3174/3174 972/3175/3175
f 970/3173/3173 972/3175/3175 973/3176/3176
f 966/3177/3177 970/3178/3178 973/3179/3179
f 966/3177/3177 973/3179/3179 967/3180/3180
f 969/3181/3181 968/3182/3182 972/3183/3183
f 969/3181/3181 972/3183/3183 971/3184/3184
f 966/3185/3185 969/3186/3186 971/3187/3187
f 966/3185/3185 971/3187/3187 970/3188/3188
f 967/3189/3189 973/3190/3190 972/3191/3191
f 967/3189/3189 972/3191/3191 968/3192/3192
f 974/3193/3193 975/3194/3194 976/3195/3195
f 974/3193/3193 976/3195/3195 977/3196/3196
f 913/3197/3197 978/3198/3198 979/3199/3199
f 913/3197/3197 979/3199/3199 914/3200/3200
f 974/3201/3201 913/3202/3202 914/3203/3203
f 974/3201/3201 914/3203/3203 975/3204/3204
f 977/3205/3205 976/3206/3206 979/3207/3207
f 977/3205/3205 979/3207/3207 978/3208/3208
f 935/3209/3209 934/3210/3210 980/3211/3211
f 935/3209/3209 980/3211/3211 981/3212/3212
f 936/3213/3213 982/3214/3214 983/3215/3215
f 936/3213/3213 983/3215/3215 937/3216/3216
f 935/3217/3217 936/3218/3218 937/3219/3219
f 935/3217/3217 937/3219/3219 934/3220/3220
f 981/3221/3221 980/3222/3222 983/3223/3223
f 981/3221/3221 983/3223/3223 982/3224/3224
f 957/3225/3225 984/3226/3226 985/3227/3227
f 957/3225/3225 985/3227/3227 986/3228/3228
f 959/3229/3229 987/3230/3230 988/3231/3231
f 959/3229/3229 988/3231/3231 989/3232/3232
f 957/3233/3233 959/3234/3234 989/3235/3235
f 957/3233/3233 989/3235/3235 984/3236/3236
f 986/3237/3237 985/3238/3238 988/3239/3239
f 986/3237/3237 988/3239/3239 987/3240/3240
f 990/3241/3241 991/3242/3242 992/3243/3243
f 990/3241/3241 992/3243/3243 993/3244/3244
f 989/3245/3245 988/3246/3246 994/3247/3247
f 989/3245/3245 994/3247/3247 995/3248/3248
f 990/3249/3249 989/3250/3250 995/3251/3251
f 990/3249/3249 995/3251/3251 991/3252/3252
f 993/3253/3253 992/3254/3254 994/3255/3255
f 993/3253/3253 994/3255/3255 988/3256/3256
f 996/3257/3257 956/3258/3258 997/3259/3259
f 996/3257/3257 997/3259/3259 998/3260/3260
f 995/3261/3261 994/3262/3262 999/3263/3263
f 995/3261/3261 999/3263/3263 960/3264/3264
f 996/3265/3265 995/3266/3266 960/3267/3267
f 996/3265/3265 960/3267/3267 956/3268/3268
f 998/3269/3269 997/3270/3270 999/3271/3271
f 998/3269/3269 999/3271/3271 994/3272/3272
f 1000/3273/3273 1001/3274/3274 1002/3275/3275
f 1000/3273/3273 1002/3275/3275 1003/3276/3276
f 1004/3277/3277 1005/3278/3278 1006/3279/3279
f 1004/3277/3277 1006/3279/3279 1007/3280/3280
f 1000/3281/3281 1004/3282/3282 1007/3283/3283
f 1000/3281/3281 1007/3283/3283 1001/3284/3284
f 1003/3285/3285 1002/3286/3286 1006/3287/3287
f 1003/3285/3285 1006/3287/3287 1005/3288/3288
f 1008/3289/3289 997/3290/3290 1001/3291/3291
f 1008/3289/3289 1001/3291/3291 1009/3292/3292
f 1010/3293/3293 1011/3294/3294 1007/3295/3295
f 1010/3293/3293 1007/3295/3295 999/3296/3296
f 1008/3297/3297 1010/3298/3298 999/3299/3299
f 1008/3297/3297 999/3299/3299 997/3300/3300
f 1009/3301/3301 1001/3302/3302 1007/3303/3303
f 1009/3301/3301 1007/3303/3303 1011/3304/3304
f 1008/3305/3305 1009/3306/3306 1011/3307/3307
f 1008/3305/3305 1011/3307/3307 1010/3308/3308
f 1012/3309/3309 1013/3310/3310 1014/3311/3311
f 1012/3309/3309 1014/3311/3311 1015/3312/3312
f 1016/3313/3313 1017/3314/3314 1018/3315/3315
f 1016/3313/3313 1018/3315/3315 1019/3316/3316
f 1012/3317/3317 1016/3318/3318 1019/3319/3319
f 1012/3317/3317 1019/3319/3319 1013/3320/3320
f 1015/3321/3321 1014/3322/3322 1018/3323/3323
f 1015/3321/3321 1018/3323/3323 1017/3324/3324
f 1012/3325/3325 1015/3326/3326 1017/3327/3327
f 1012/3325/3325 1017/3327/3327 1016/3328/3328
f 1013/3329/3329 1019/3330/3330 1018/3331/3331
f 1013/3329/3329 1018/3331/3331 1014/3332/3332
f 1020/3333/3333 1021/3334/3334 1022/3335/3335
f 1020/3333/3333 1022/3335/3335 1023/3336/3336
f 959/3337/3337 1024/3338/3338 1025/3339/3339
f 959/3337/3337 1025/3339/3339 960/3340/3340
f 1020/3341/3341 959/3342/3342 960/3343/3343
f 1020/3341/3341 960/3343/3343 1021/3344/3344
f 1023/3345/3345 1022/3346/3346 1025/3347/3347
f 1023/3345/3345 1025/3347/3347 1024/3348/3348
f 981/3349/3349 980/3350/3350 668/3351/3351
f 981/3349/3349 668/3351/3351 516/3352/3352
f 982/3353/3353 1026/3354/3354 1027/3355/3355
f 982/3353/3353 1027/3355/3355 983/3356/3356
f 981/3357/3357 982/3358/3358 983/3359/3359
f 981/3357/3357 983/3359/3359 980/3360/3360
f 516/3361/3361 668/3362/3362 1027/3363/3363
f 516/3361/3361 1027/3363/3363 1026/3364/3364
f 1003/3365/3365 1028/3366/3366 1029/3367/3367
f 1003/3365/3365 1029/3367/3367 1030/3368/3368
f 1005/3369/3369 1031/3370/3370 1032/3371/3371
f 1005/3369/3369 1032/3371/3371 1033/3372/3372
f 1003/3373/3373 1005/3374/3374 1033/3375/3375
f 1003/3373/3373 1033/3375/3375 1028/3376/3376
f 1030/3377/3377 1029/3378/3378 1032/3379/3379
f 1030/3377/3377 1032/3379/3379 1031/3380/3380
f 1034/3381/3381 1035/3382/3382 1036/3383/3383
f 1034/3381/3381 1036/3383/3383 1037/3384/3384
f 1033/3385/3385 1032/3386/3386 1038/3387/3387
f 1033/3385/3385 1038/3387/3387 1039/3388/3388
f 1034/3389/3389 1033/3390/3390 1039/3391/3391
f 1034/3389/3389 1039/3391/3391 1035/3392/3392
f 1037/3393/3393 1036/3394/3394 1038/3395/3395
f 1037/3393/3393 1038/3395/3395 1032/3396/3396
f 1040/3397/3397 1002/3398/3398 1041/3399/3399
f 1040/3397/3397 1041/3399/3399 1042/3400/3400
f 1039/3401/3401 1038/3402/3402 1043/3403/3403
f 1039/3401/3401 1043/3403/3403 1006/3404/3404
f 1040/3405/3405 1039/3406/3406 1006/3407/3407
f 1040/3405/3405 1006/3407/3407 1002/3408/3408
f 1042/3409/3409 1041/3410/3410 1043/3411/3411
f 1042/3409/3409 1043/3411/3411 1038/3412/3412
f 1044/3413/3413 1045/3414/3414 1046/3415/3415
f 1044/3413/3413 1046/3415/3415 1047/3416/3416
f 1048/3417/3417 670/3418/3418 671/3419/3419
f 1048/3417/3417 671/3419/3419 1049/3420/3420
f 1044/3421/3421 1048/3422/3422 1049/3423/3423
f 1044/3421/3421 1049/3423/3423 1045/3424/3424
f 1047/3425/3425 1046/3426/3426 671/3427/3427
f 1047/3425/3425 671/3427/3427 670/3428/3428
f 1050/3429/3429 1041/3430/3430 1045/3431/3431
f 1050/3429/3429 1045/3431/3431 1051/3432/3432
f 1052/3433/3433 1053/3434/3434 1049/3435/3435
f 1052/3433/3433 1049/3435/3435 1043/3436/3436
f 1050/3437/3437 1052/3438/3438 1043/3439/3439
f 1050/3437/3437 1043/3439/3439 1041/3440/3440
f 1051/3441/3441 1045/3442/3442 1049/3443/3443
f 1051/3441/3441 1049/3443/3443 1053/3444/3444
f 1050/3445/3445 1051/3446/3446 1053/3447/3447
f 1050/3445/3445 1053/3447/3447 1052/3448/3448
f 1054/3449/3449 1055/3450/3450 672/3451/3451
f 1054/3449/3449 672/3451/3451 1056/3452/3452
f 1057/3453/3453 1058/3454/3454 1059/3455/3455
f 1057/3453/3453 1059/3455/3455 1060/3456/3456
f 1054/3457/3457 1057/3458/3458 1060/3459/3459
f 1054/3457/3457 1060/3459/3459 1055/3460/3460
f 1056/3461/3461 672/3462/3462 1059/3463/3463
f 1056/3461/3461 1059/3463/3463 1058/3464/3464
f 1054/3465/3465 1056/3466/3466 1058/3467/3467
f 1054/3465/3465 1058/3467/3467 1057/3468/3468
f 1055/3469/3469 1060/3470/3470 1059/3471/3471
f 1055/3469/3469 1059/3471/3471 672/3472/3472
f 1061/3473/3473 1062/3474/3474 1063/3475/3475
f 1061/3473/3473 1063/3475/3475 1064/3476/3476
f 1005/3477/3477 1065/3478/3478 1066/3479/3479
f 1005/3477/3477 1066/3479/3479 1006/3480/3480
f 1061/3481/3481 1005/3482/3482 1006/3483/3483
f 1061/3481/3481 1006/3483/3483 1062/3484/3484
f 1064/3485/3485 1063/3486/3486 1066/3487/3487
f 1064/3485/3485 1066/3487/3487 1065/3488/3488
f 1067/3489/3489 1068/3490/3490 1069/3491/3491
f 1067/3489/3489 1069/3491/3491 1070/3492/3492
f 1071/3493/3493 1072/3494/3494 1073/3495/3495
f 1071/3493/3493 1073/3495/3495 1074/3496/3496
f 1067/3497/3497 1071/3498/3498 1074/3499/3499
f 1067/3497/3497 1074/3499/3499 1068/3500/3500
f 1067/3501/3501 1070/3502/3502 1072/3503/3503
f 1067/3501/3501 1072/3503/3503 1071/3504/3504
f 1068/3505/3505 1074/3506/3506 1073/3507/3507
f 1068/3505/3505 1073/3507/3507 1069/3508/3508
f 1070/3509/3509 1069/3510/3510 1075/3511/3511
f 1070/3509/3509 1075/3511/3511 1076/3512/3512
f 1072/3513/3513 1077/3514/3514 1078/3515/3515
f 1072/3513/3513 1078/3515/3515 1073/3516/3516
f 1070/3517/3517 1076/3518/3518 1077/3519/3519
f 1070/3517/3517 1077/3519/3519 1072/3520/3520
f 1069/3521/3521 1073/3522/3522 1078/3523/3523
f 1069/3521/3521 1078/3523/3523 1075/3524/3524
f 1076/3525/3525 1075/3526/3526 1079/3527/3527
f 1076/3525/3525 1079/3527/3527 1080/3528/3528
f 1077/3529/3529 1081/3530/3530 1082/3531/3531
f 1077/3529/3529 1082/3531/3531 1078/3532/3532
f 1076/3533/3533 1080/3534/3534 1081/3535/3535
f 1076/3533/3533 1081/3535/3535 1077/3536/3536
f 1075/3537/3537 1078/3538/3538 1082/3539/3539
f 1075/3537/3537 1082/3539/3539 1079/3540/3540
f 1080/3541/3541 1079/3542/3542 1083/3543/3543
f 1080/3541/3541 1083/3543/3543 1084/3544/3544
f 1081/3545/3545 1085/3546/3546 1086/3547/3547
f 1081/3545/3545 1086/3547/3547 1082/3548/3548
f 1080/3549/3549 1084/3550/3550 1085/3551/3551
f 1080/3549/3549 1085/3551/3551 1081/3552/3552
f 1079/3553/3553 1082/3554/3554 1086/3555/3555
f 1079/3553/3553 1086/3555/3555 1083/3556/3556
f 1084/3557/3557 1083/3558/3558 1087/3559/3559
f 1084/3557/3557 1087/3559/3559 1088/3560/3560
f 1085/3561/3561 1089/3562/3562 1090/3563/3563
f 1085/3561/3561 1090/3563/3563 1086/3564/3564
f 1084/3565/3565 1088/3566/3566 1089/3567/3567
f 1084/3565/3565 1089/3567/3567 1085/3568/3568
f 1083/3569/3569 1086/3570/3570 1090/3571/3571
f 1083/3569/3569 1090/3571/3571 1087/3572/3572
f 1088/3573/3573 1087/3574/3574 1091/3575/3575
f 1088/3573/3573 1091/3575/3575 1092/3576/3576
f 1089/3577/3577 1093/3578/3578 1094/3579/3579
f 1089/3577/3577 1094/3579/3579 1090/3580/3580
f 1088/3581/3581 1092/3582/3582 1093/3583/3583
f 1088/3581/3581 1093/3583/3583 1089/3584/3584
f 1087/3585/3585 1090/3586/3586 1094/3587/3587
f 1087/3585/3585 1094/3587/3587 1091/3588/3588
f 1092/3589/3589 1091/3590/3590 1095/3591/3591
f 1092/3589/3589 1095/3591/3591 1096/3592/3592
f 1093/3593/3593 1097/3594/3594 1098/3595/3595
f 1093/3593/3593 1098/3595/3595 1094/3596/3596
f 1096/3597/3597 1095/3598/3598 1098/3599/3599
f 1096/3597/3597 1098/3599/3599 1097/3600/3600
f 1092/3601/3601 1096/3602/3602 1097/3603/3603
f 1092/3601/3601 1097/3603/3603 1093/3604/3604
f 1091/3605/3605 1094/3606/3606 1098/3607/3607
f 1091/3605/3605 1098/3607/3607 1095/3608/3608
f 1099/3609/3609 1100/3610/3610 1101/3611/3611
f 1099/3609/3609 1101/3611/3611 1102/3612/3612
f 1103/3613/3613 1104/3614/3614 1105/3615/3615
f 1103/3613/3613 1105/3615/3615 1106/3616/3616
f 1099/3617/3617 1103/3618/3618 1106/3619/3619
f 1099/3617/3617 1106/3619/3619 1100/3620/3620
f 1102/3621/3621 1101/3622/3622 1105/3623/3623
f 1102/3621/3621 1105/3623/3623 1104/3624/3624
f 1100/3625/3625 1106/3626/3626 1105/3627/3627
f 1100/3625/3625 1105/3627/3627 1101/3628/3628
f 1107/3629/3629 1108/3630/3630 1109/3631/3631
f 1107/3629/3629 1109/3631/3631 1110/3632/3632
f 1111/3633/3633 1112/3634/3634 1113/3635/3635
f 1111/3633/3633 1113/3635/3635 1114/3636/3636
f 1107/3637/3637 1111/3638/3638 1114/3639/3639
f 1107/3637/3637 1114/3639/3639 1108/3640/3640
f 1110/3641/3641 1109/3642/3642 1113/3643/3643
f 1110/3641/3641 1113/3643/3643 1112/3644/3644
f 1108/3645/3645 1114/3646/3646 1113/3647/3647
f 1108/3645/3645 1113/3647/3647 1109/3648/3648
f 1115/3649/3649 1116/3650/3650 1117/3651/3651
f 1115/3649/3649 1117/3651/3651 1118/3652/3652
f 1119/3653/3653 1120/3654/3654 1121/3655/3655
f 1119/3653/3653 1121/3655/3655 1122/3656/3656
f 1115/3657/3657 1119/3658/3658 1122/3659/3659
f 1115/3657/3657 1122/3659/3659 1116/3660/3660
f 1118/3661/3661 1117/3662/3662 1121/3663/3663
f 1118/3661/3661 1121/3663/3663 1120/3664/3664
f 1116/3665/3665 1122/3666/3666 1121/3667/3667
f 1116/3665/3665 1121/3667/3667 1117/3668/3668
f 1123/3669/3669 1124/3670/3670 1125/3671/3671
f 1123/3669/3669 1125/3671/3671 1126/3672/3672
f 1127/3673/3673 1128/3674/3674 1129/3675/3675
f 1127/3673/3673 1129/3675/3675 1130/3676/3676
f 1123/3677/3677 1127/3678/3678 1130/3679/3679
f 1123/3677/3677 1130/3679/3679 1124/3680/3680
f 1126/3681/3681 1125/3682/3682 1129/3683/3683
f 1126/3681/3681 1129/3683/3683 1128/3684/3684
f 1124/3685/3685 1130/3686/3686 1129/3687/3687
f 1124/3685/3685 1129/3687/3687 1125/3688/3688
f 1131/3689/3689 1132/3690/3690 1133/3691/3691
f 1131/3689/3689 1133/3691/3691 1134/3692/3692
f 1135/3693/3693 1136/3694/3694 1137/3695/3695
f 1135/3693/3693 1137/3695/3695 1138/3696/3696
f 1131/3697/3697 1135/3698/3698 1138/3699/3699
f 1131/3697/3697 1138/3699/3699 1132/3700/3700
f 1134/3701/3701 1133/3702/3702 1137/3703/3703
f 1134/3701/3701 1137/3703/3703 1136/3704/3704
f 1132/3705/3705 1138/3706/3706 1137/3707/3707
f 1132/3705/3705 1137/3707/3707 1133/3708/3708
f 1139/3709/3709 1140/3710/3710 1141/3711/3711
f 1139/3709/3709 1141/3711/3711 1142/3712/3712
f 1143/3713/3713 1144/3714/3714 1145/3715/3715
f 1143/3713/3713 1145/3715/3715 1146/3716/3716
f 1139/3717/3717 1143/3718/3718 1146/3719/3719
f 1139/3717/3717 1146/3719/3719 1140/3720/3720
f 1142/3721/3721 1141/3722/3722 1145/3723/3723
f 1142/3721/3721 1145/3723/3723 1144/3724/3724
f 1140/3725/3725 1146/3726/3726 1145/3727/3727
f 1140/3725/3725 1145/3727/3727 1141/3728/3728
f 1147/3729/3729 1148/3730/3730 1149/3731/3731
f 1147/3729/3729 1149/3731/3731 1150/3732/3732
f 1151/3733/3733 1152/3734/3734 1153/3735/3735
f 1151/3733/3733 1153/3735/3735 1154/3736/3736
f 1147/3737/3737 1151/3738/3738 1154/3739/3739
f 1147/3737/3737 1154/3739/3739 1148/3740/3740
f 1150/3741/3741 1149/3742/3742 1153/3743/3743
f 1150/3741/3741 1153/3743/3743 1152/3744/3744
f 1148/3745/3745 1154/3746/3746 1153/3747/3747
f 1148/3745/3745 1153/3747/3747 1149/3748/3748
f 1155/3749/3749 1156/3750/3750 1157/3751/3751
f 1155/3749/3749 1157/3751/3751 1158/3752/3752
f 1159/3753/3753 1160/3754/3754 1161/3755/3755
f 1159/3753/3753 1161/3755/3755 1162/3756/3756
f 1155/3757/3757 1159/3758/3758 1162/3759/3759
f 1155/3757/3757 1162/3759/3759 1156/3760/3760
f 1158/3761/3761 1157/3762/3762 1161/3763/3763
f 1158/3761/3761 1161/3763/3763 1160/3764/3764
f 1156/3765/3765 1162/3766/3766 1161/3767/3767
f 1156/3765/3765 1161/3767/3767 1157/3768/3768
f 1163/3769/3769 1164/3770/3770 1165/3771/3771
f 1163/3769/3769 1165/3771/3771 1166/3772/3772
f 1167/3773/3773 1168/3774/3774 1169/3775/3775
f 1167/3773/3773 1169/3775/3775 1170/3776/3776
f 1163/3777/3777 1167/3778/3778 1170/3779/3779
f 1163/3777/3777 1170/3779/3779 1164/3780/3780
f 1166/3781/3781 1165/3782/3782 1169/3783/3783
f 1166/3781/3781 1169/3783/3783 1168/3784/3784
f 1164/3785/3785 1170/3786/3786 1169/3787/3787
f 1164/3785/3785 1169/3787/3787 1165/3788/3788
f 1171/3789/3789 1172/3790/3790 1173/3791/3791
f 1171/3789/3789 1173/3791/3791 1174/3792/3792
f 1175/3793/3793 1176/3794/3794 1177/3795/3795
f 1175/3793/3793 1177/3795/3795 1178/3796/3796
f 1171/3797/3797 1175/3798/3798 1178/3799/3799
f 1171/3797/3797 1178/3799/3799 1172/3800/3800
f 1174/3801/3801 1173/3802/3802 1177/3803/3803
f 1174/3801/3801 1177/3803/3803 1176/3804/3804
f 1172/3805/3805 1178/3806/3806 1177/3807/3807
f 1172/3805/3805 1177/3807/3807 1173/3808/3808
f 659/3809/3809 1179/3810/3810 1180/3811/3811
f 659/3809/3809 1180/3811/3811 1181/3812/3812
f 1182/3813/3813 1183/3814/3814 1184/3815/3815
f 1182/3813/3813 1184/3815/3815 1185/3816/3816
f 659/3817/3817 1182/3818/3818 1185/3819/3819
f 659/3817/3817 1185/3819/3819 1179/3820/3820
f 659/3821/3821 1181/3822/3822 1183/3823/3823
f 659/3821/3821 1183/3823/3823 1182/3824/3824
f 1179/3825/3825 1185/3826/3826 1184/3827/3827
f 1179/3825/3825 1184/3827/3827 1180/3828/3828
f 1181/3829/3829 1180/3830/3830 1186/3831/3831
f 1181/3829/3829 1186/3831/3831 1187/3832/3832
f 1183/3833/3833 1188/3834/3834 1189/3835/3835
f 1183/3833/3833 1189/3835/3835 1184/3836/3836
f 1181/3837/3837 1187/3838/3838 1188/3839/3839
f 1181/3837/3837 1188/3839/3839 1183/3840/3840
f 1180/3841/3841 1184/3842/3842 1189/3843/3843
f 1180/3841/3841 1189/3843/3843 1186/3844/3844
f 1187/3845/3845 1186/3846/3846 1190/3847/3847
f 1187/3845/3845 1190/3847/3847 1191/3848/3848
f 1188/3849/3849 1192/3850/3850 1193/3851/3851
f 1188/3849/3849 1193/3851/3851 1189/3852/3852
f 1187/3853/3853 1191/3854/3854 1192/3855/3855
f 1187/3853/3853 1192/3855/3855 1188/3856/3856
f 1186/3857/3857 1189/3858/3858 1193/3859/3859
f 1186/3857/3857 1193/3859/3859 1190/3860/3860
f 1191/3861/3861 1190/3862/3862 1194/3863/3863
f 1191/3861/3861 1194/3863/3863 1195/3864/3864
f 1192/3865/3865 1196/3866/3866 1197/3867/3867
f 1192/3865/3865 1197/3867/3867 1193/3868/3868
f 1191/3869/3869 1195/3870/3870 1196/3871/3871
f 1191/3869/3869 1196/3871/3871 1192/3872/3872
f 1190/3873/3873 1193/3874/3874 1197/3875/3875
f 1190/3873/3873 1197/3875/3875 1194/3876/3876
f 1195/3877/3877 1194/3878/3878 1198/3879/3879
f 1195/3877/3877 1198/3879/3879 1199/3880/3880
f 1196/3881/3881 1200/3882/3882 1201/3883/3883
f 1196/3881/3881 1201/3883/3883 1197/3884/3884
f 1195/3885/3885 1199/3886/3886 1200/3887/3887
f 1195/3885/3885 1200/3887/3887 1196/3888/3888
f 1194/3889/3889 1197/3890/3890 1201/3891/3891
f 1194/3889/3889 1201/3891/3891 1198/3892/3892
f 1199/3893/3893 1198/3894/3894 1202/3895/3895
f 1199/3893/3893 1202/3895/3895 1203/3896/3896
f 1200/3897/3897 1204/3898/3898 1205/3899/3899
f 1200/3897/3897 1205/3899/3899 1201/3900/3900
f 1203/3901/3901 1202/3902/3902 1205/3903/3903
f 1203/3901/3901 1205/3903/3903 1204/3904/3904
f 1199/3905/3905 1203/3906/3906 1204/3907/3907
f 1199/3905/3905 1204/3907/3907 1200/3908/3908
f 1198/3909/3909 1201/3910/3910 1205/3911/3911
f 1198/3909/3909 1205/3911/3911 1202/3912/3912
f 1206/3913/3913 1207/3914/3914 1208/3915/3915
f 1206/3913/3913 1208/3915/3915 1209/3916/3916
f 1210/3917/3917 1211/3918/3918 1212/3919/3919
f 1210/3917/3917 1212/3919/3919 1213/3920/3920
f 1206/3921/3921 1210/3922/3922 1213/3923/3923
f 1206/3921/3921 1213/3923/3923 1207/3924/3924
f 1206/3925/3925 1209/3926/3926 1211/3927/3927
f 1206/3925/3925 1211/3927/3927 1210/3928/3928
f 1207/3929/3929 1213/3930/3930 1212/3931/3931
f 1207/3929/3929 1212/3931/3931 1208/3932/3932
f 1209/3933/3933 1208/3934/3934 1214/3935/3935
f 1209/3933/3933 1214/3935/3935 1215/3936/3936
f 1211/3937/3937 1216/3938/3938 1217/3939/3939
f 1211/3937/3937 1217/3939/3939 1212/3940/3940
f 1209/3941/3941 1215/3942/3942 1216/3943/3943
f 1209/3941/3941 1216/3943/3943 1211/3944/3944
f 1208/3945/3945 1212/3946/3946 1217/3947/3947
f 1208/3945/3945 1217/3947/3947 1214/3948/3948
f 1215/3949/3949 1214/3950/3950 1218/3951/3951
f 1215/3949/3949 1218/3951/3951 1219/3952/3952
f 1216/3953/3953 1220/3954/3954 1221/3955/3955
f 1216/3953/3953 1221/3955/3955 1217/3956/3956
f 1215/3957/3957 1219/3958/3958 1220/3959/3959
f 1215/3957/3957 1220/3959/3959 1216/3960/3960
f 1214/3961/3961 1217/3962/3962 1221/3963/3963
f 1214/3961/3961 1221/3963/3963 1218/3964/3964
f 1219/3965/3965 1218/3966/3966 1222/3967/3967
f 1219/3965/3965 1222/3967/3967 1223/3968/3968
f 1220/3969/3969 1224/3970/3970 1225/3971/3971
f 1220/3969/3969 1225/3971/3971 1221/3972/3972
f 1219/3973/3973 1223/3974/3974 1224/3975/3975
f 1219/3973/3973 1224/3975/3975 1220/3976/3976
f 1218/3977/3977 1221/3978/3978 1225/3979/3979
f 1218/3977/3977 1225/3979/3979 1222/3980/3980
f 1223/3981/3981 1222/3982/3982 1226/3983/3983
f 1223/3981/3981 1226/3983/3983 1227/3984/3984
f 1224/3985/3985 1228/3986/3986 1229/3987/3987
f 1224/3985/3985 1229/3987/3987 1225/3988/3988
f 1223/3989/3989 1227/3990/3990 1228/3991/3991
f 1223/3989/3989 1228/3991/3991 1224/3992/3992
f 1222/3993/3993 1225/3994/3994 1229/3995/3995
f 1222/3993/3993 1229/3995/3995 1226/3996/3996
f 1227/3997/3997 1226/3998/3998 1230/3999/3999
f 1227/3997/3997 1230/3999/3999 668/4000/4000
f 1228/4001/4001 1231/4002/4002 1232/4003/4003
f 1228/4001/4001 1232/4003/4003 1229/4004/4004
f 668/4005/4005 1230/4006/4006 1232/4007/4007
f 668/4005/4005 1232/4007/4007 1231/4008/4008
f 1227/4009/4009 668/4010/4010 1231/4011/4011
f 1227/4009/4009 1231/4011/4011 1228/4012/4012
f 1226/4013/4013 1229/4014/4014 1232/4015/4015
f 1226/4013/4013 1232/4015/4015 1230/4016/4016
f 1203/4017/4017 1202/4018/4018 1207/4019/4019
f 1203/4017/4017 1207/4019/4019 1206/4020/4020
f 1233/4021/4021 1234/4022/4022 1235/4023/4023
f 1233/4021/4021 1235/4023/4023 1236/4024/4024
f 1203/4025/4025 1233/4026/4026 1236/4027/4027
f 1203/4025/4025 1236/4027/4027 1202/4028/4028
f 1206/4029/4029 1207/4030/4030 1235/4031/4031
f 1206/4029/4029 1235/4031/4031 1234/4032/4032
f 1203/4033/4033 1206/4034/4034 1234/4035/4035
f 1203/4033/4033 1234/4035/4035 1233/4036/4036
f 1202/4037/4037 1236/4038/4038 1235/4039/4039
f 1202/4037/4037 1235/4039/4039 1207/4040/4040
f 1237/4041/4041 1238/4042/4042 1239/4043/4043
f 1237/4041/4041 1239/4043/4043 1240/4044/4044
f 1204/4045/4045 1210/4046/4046 1213/4047/4047
f 1204/4045/4045 1213/4047/4047 1205/4048/4048
f 1237/4049/4049 1204/4050/4050 1205/4051/4051
f 1237/4049/4049 1205/4051/4051 1238/4052/4052
f 1240/4053/4053 1239/4054/4054 1213/4055/4055
f 1240/4053/4053 1213/4055/4055 1210/4056/4056
f 1237/4057/4057 1240/4058/4058 1210/4059/4059
f 1237/4057/4057 1210/4059/4059 1204/4060/4060
f 1238/4061/4061 1205/4062/4062 1213/4063/4063
f 1238/4061/4061 1213/4063/4063 1239/4064/4064
f 1241/4065/4065 1242/4066/4066 1243/4067/4067
f 1241/4065/4065 1243/4067/4067 1244/4068/4068
f 1245/4069/4069 1246/4070/4070 1247/4071/4071
f 1245/4069/4069 1247/4071/4071 1248/4072/4072
f 1241/4073/4073 1245/4074/4074 1248/4075/4075
f 1241/4073/4073 1248/4075/4075 1242/4076/4076
f 1244/4077/4077 1243/4078/4078 1247/4079/4079
f 1244/4077/4077 1247/4079/4079 1246/4080/4080
f 1241/4081/4081 1244/4082/4082 1246/4083/4083
f 1241/4081/4081 1246/4083/4083 1245/4084/4084
f 1242/4085/4085 1248/4086/4086 1247/4087/4087
f 1242/4085/4085 1247/4087/4087 1243/4088/4088
f 522/4089/4089 1242/4090/4090 1249/4091/4091
f 522/4089/4089 1249/4091/4091 1250/4092/4092
f 524/4093/4093 1251/4094/4094 1252/4095/4095
f 524/4093/4093 1252/4095/4095 1248/4096/4096
f 522/4097/4097 524/4098/4098 1248/4099/4099
f 522/4097/4097 1248/4099/4099 1242/4100/4100
f 1250/4101/4101 1249/4102/4102 1252/4103/4103
f 1250/4101/4101 1252/4103/4103 1251/4104/4104
f 522/4105/4105 1250/4106/4106 1251/4107/4107
f 522/4105/4105 1251/4107/4107 524/4108/4108
f 1242/4109/4109 1248/4110/4110 1252/4111/4111
f 1242/4109/4109 1252/4111/4111 1249/4112/4112
f 1253/4113/4113 1254/4114/4114 1255/4115/4115
f 1253/4113/4113 1255/4115/4115 1256/4116/4116
f 1257/4117/4117 1258/4118/4118 1259/4119/4119
f 1257/4117/4117 1259/4119/4119 1260/4120/4120
f 1253/4121/4121 1257/4122/4122 1260/4123/4123
f 1253/4121/4121 1260/4123/4123 1254/4124/4124
f 1256/4125/4125 1255/4126/4126 1259/4127/4127
f 1256/4125/4125 1259/4127/4127 1258/4128/4128
f 1253/4129/4129 1256/4130/4130 1258/4131/4131
f 1253/4129/4129 1258/4131/4131 1257/4132/4132
f 1254/4133/4133 1260/4134/4134 1259/4135/4135
f 1254/4133/4133 1259/4135/4135 1255/4136/4136
f 1243/4137/4137 1254/4138/4138 1261/4139/4139
f 1243/4137/4137 1261/4139/4139 1262/4140/4140
f 1247/4141/4141 1263/4142/4142 1264/4143/4143
f 1247/4141/4141 1264/4143/4143 1260/4144/4144
f 1243/4145/4145 1247/4146/4146 1260/4147/4147
f 1243/4145/4145 1260/4147/4147 1254/4148/4148
f 1262/4149/4149 1261/4150/4150 1264/4151/4151
f 1262/4149/4149 1264/4151/4151 1263/4152/4152
f 1243/4153/4153 1262/4154/4154 1263/4155/4155
f 1243/4153/4153 1263/4155/4155 1247/4156/4156
f 1254/4157/4157 1260/4158/4158 1264/4159/4159
f 1254/4157/4157 1264/4159/4159 1261/4160/4160
f 1265/4161/4161 1266/4162/4162 1267/4163/4163
f 1265/4161/4161 1267/4163/4163 1268/4164/4164
f 1269/4165/4165 1270/4166/4166 1271/4167/4167
f 1269/4165/4165 1271/4167/4167 1272/4168/4168
f 1265/4169/4169 1269/4170/4170 1272/4171/4171
f 1265/4169/4169 1272/4171/4171 1266/4172/4172
f 1268/4173/4173 1267/4174/4174 1271/4175/4175
f 1268/4173/4173 1271/4175/4175 1270/4176/4176
f 1265/4177/4177 1268/4178/4178 1270/4179/4179
f 1265/4177/4177 1270/4179/4179 1269/4180/4180
f 1266/4181/4181 1272/4182/4182 1271/4183/4183
f 1266/4181/4181 1271/4183/4183 1267/4184/4184
f 1255/4185/4185 1266/4186/4186 1273/4187/4187
f 1255/4185/4185 1273/4187/4187 1274/4188/4188
f 1259/4189/4189 1275/4190/4190 1276/4191/4191
f 1259/4189/4189 1276/4191/4191 1272/4192/4192
f 1255/4193/4193 1259/4194/4194 1272/4195/4195
f 1255/4193/4193 1272/4195/4195 1266/4196/4196
f 1274/4197/4197 1273/4198/4198 1276/4199/4199
f 1274/4197/4197 1276/4199/4199 1275/4200/4200
f 1255/4201/4201 1274/4202/4202 1275/4203/4203
f 1255/4201/4201 1275/4203/4203 1259/4204/4204
f 1266/4205/4205 1272/4206/4206 1276/4207/4207
f 1266/4205/4205 1276/4207/4207 1273/4208/4208
f 1277/4209/4209 1278/4210/4210 1279/4211/4211
f 1277/4209/4209 1279/4211/4211 1280/4212/4212
f 1281/4213/4213 1282/4214/4214 1283/4215/4215
f 1281/4213/4213 1283/4215/4215 1284/4216/4216
f 1277/4217/4217 1281/4218/4218 1284/4219/4219
f 1277/4217/4217 1284/4219/4219 1278/4220/4220
f 1280/4221/4221 1279/4222/4222 1283/4223/4223
f 1280/4221/4221 1283/4223/4223 1282/4224/4224
f 1277/4225/4225 1280/4226/4226 1282/4227/4227
f 1277/4225/4225 1282/4227/4227 1281/4228/4228
f 1278/4229/4229 1284/4230/4230 1283/4231/4231
f 1278/4229/4229 1283/4231/4231 1279/4232/4232
f 1267/4233/4233 1278/4234/4234 1285/4235/4235
f 1267/4233/4233 1285/4235/4235 1286/4236/4236
f 1271/4237/4237 1287/4238/4238 1288/4239/4239
f 1271/4237/4237 1288/4239/4239 1284/4240/4240
f 1267/4241/4241 1271/4242/4242 1284/4243/4243
f 1267/4241/4241 1284/4243/4243 1278/4244/4244
f 1286/4245/4245 1285/4246/4246 1288/4247/4247
f 1286/4245/4245 1288/4247/4247 1287/4248/4248
f 1267/4249/4249 1286/4250/4250 1287/4251/4251
f 1267/4249/4249 1287/4251/4251 1271/4252/4252
f 1278/4253/4253 1284/4254/4254 1288/4255/4255
f 1278/4253/4253 1288/4255/4255 1285/4256/4256
f 1289/4257/4257 1290/4258/4258 1291/4259/4259
f 1289/4257/4257 1291/4259/4259 1292/4260/4260
f 1293/4261/4261 1294/4262/4262 1295/4263/4263
f 1293/4261/4261 1295/4263/4263 1296/4264/4264
f 1289/4265/4265 1293/4266/4266 1296/4267/4267
f 1289/4265/4265 1296/4267/4267 1290/4268/4268
f 1292/4269/4269 1291/4270/4270 1295/4271/4271
f 1292/4269/4269 1295/4271/4271 1294/4272/4272
f 1289/4273/4273 1292/4274/4274 1294/4275/4275
f 1289/4273/4273 1294/4275/4275 1293/4276/4276
f 1290/4277/4277 1296/4278/4278 1295/4279/4279
f 1290/4277/4277 1295/4279/4279 1291/4280/4280
f 1279/4281/4281 1290/4282/4282 1297/4283/4283
f 1279/4281/4281 1297/4283/4283 1298/4284/4284
f 1283/4285/4285 1299/4286/4286 1300/4287/4287
f 1283/4285/4285 1300/4287/4287 1296/4288/4288
f 1279/4289/4289 1283/4290/4290 1296/4291/4291
f 1279/4289/4289 1296/4291/4291 1290/4292/4292
f 1298/4293/4293 1297/4294/4294 1300/4295/4295
f 1298/4293/4293 1300/4295/4295 1299/4296/4296
f 1279/4297/4297 1298/4298/4298 1299/4299/4299
f 1279/4297/4297 1299/4299/4299 1283/4300/4300
f 1290/4301/4301 1296/4302/4302 1300/4303/4303
f 1290/4301/4301 1300/4303/4303 1297/4304/4304
f 1301/4305/4305 1302/4306/4306 1303/4307/4307
f 1301/4305/4305 1303/4307/4307 1304/4308/4308
f 1305/4309/4309 1306/4310/4310 1307/4311/4311
f 1305/4309/4309 1307/4311/4311 1308/4312/4312
f 1301/4313/4313 1305/4314/4314 1308/4315/4315
f 1301/4313/4313 1308/4315/4315 1302/4316/4316
f 1304/4317/4317 1303/4318/4318 1307/4319/4319
f 1304/4317/4317 1307/4319/4319 1306/4320/4320
f 1301/4321/4321 1304/4322/4322 1306/4323/4323
f 1301/4321/4321 1306/4323/4323 1305/4324/4324
f 1302/4325/4325 1308/4326/4326 1307/4327/4327
f 1302/4325/4325 1307/4327/4327 1303/4328/4328
f 1291/4329/4329 1302/4330/4330 1309/4331/4331
f 1291/4329/4329 1309/4331/4331 1310/4332/4332
f 1295/4333/4333 1311/4334/4334 1312/4335/4335
f 1295/4333/4333 1312/4335/4335 1308/4336/4336
f 1291/4337/4337 1295/4338/4338 1308/4339/4339
f 1291/4337/4337 1308/4339/4339 1302/4340/4340
f 1310/4341/4341 1309/4342/4342 1312/4343/4343
f 1310/4341/4341 1312/4343/4343 1311/4344/4344
f 1291/4345/4345 1310/4346/4346 1311/4347/4347
f 1291/4345/4345 1311/4347/4347 1295/4348/4348
f 1302/4349/4349 1308/4350/4350 1312/4351/4351
f 1302/4349/4349 1312/4351/4351 1309/4352/4352
f 1313/4353/4353 1314/4354/4354 1315/4355/4355
f 1313/4353/4353 1315/4355/4355 1316/4356/4356
f 1317/4357/4357 1318/4358/4358 1319/4359/4359
f 1317/4357/4357 1319/4359/4359 1320/4360/4360
f 1313/4361/4361 1317/4362/4362 1320/4363/4363
f 1313/4361/4361 1320/4363/4363 1314/4364/4364
f 1316/4365/4365 1315/4366/4366 1319/4367/4367
f 1316/4365/4365 1319/4367/4367 1318/4368/4368
f 1313/4369/4369 1316/4370/4370 1318/4371/4371
f 1313/4369/4369 1318/4371/4371 1317/4372/4372
f 1314/4373/4373 1320/4374/4374 1319/4375/4375
f 1314/4373/4373 1319/4375/4375 1315/4376/4376
f 1303/4377/4377 1314/4378/4378 1321/4379/4379
f 1303/4377/4377 1321/4379/4379 1322/4380/4380
f 1307/4381/4381 1323/4382/4382 1324/4383/4383
f 1307/4381/4381 1324/4383/4383 1320/4384/4384
f 1303/4385/4385 1307/4386/4386 1320/4387/4387
f 1303/4385/4385 1320/4387/4387 1314/4388/4388
f 1322/4389/4389 1321/4390/4390 1324/4391/4391
f 1322/4389/4389 1324/4391/4391 1323/4392/4392
f 1303/4393/4393 1322/4394/4394 1323/4395/4395
f 1303/4393/4393 1323/4395/4395 1307/4396/4396
f 1314/4397/4397 1320/4398/4398 1324/4399/4399
f 1314/4397/4397 1324/4399/4399 1321/4400/4400
f 1325/4401/4401 1326/4402/4402 1327/4403/4403
f 1325/4401/4401 1327/4403/4403 1328/4404/4404
f 1329/4405/4405 1330/4406/4406 1331/4407/4407
f 1329/4405/4405 1331/4407/4407 1332/4408/4408
f 1325/4409/4409 1329/4410/4410 1332/4411/4411
f 1325/4409/4409 1332/4411/4411 1326/4412/4412
f 1328/4413/4413 1327/4414/4414 1331/4415/4415
f 1328/4413/4413 1331/4415/4415 1330/4416/4416
f 1325/4417/4417 1328/4418/4418 1330/4419/4419
f 1325/4417/4417 1330/4419/4419 1329/4420/4420
f 1326/4421/4421 1332/4422/4422 1331/4423/4423
f 1326/4421/4421 1331/4423/4423 1327/4424/4424
f 1315/4425/4425 1326/4426/4426 1333/4427/4427
f 1315/4425/4425 1333/4427/4427 1334/4428/4428
f 1319/4429/4429 1335/4430/4430 1336/4431/4431
f 1319/4429/4429 1336/4431/4431 1332/4432/4432
f 1315/4433/4433 1319/4434/4434 1332/4435/4435
f 1315/4433/4433 1332/4435/4435 1326/4436/4436
f 1334/4437/4437 1333/4438/4438 1336/4439/4439
f 1334/4437/4437 1336/4439/4439 1335/4440/4440
f 1315/4441/4441 1334/4442/4442 1335/4443/4443
f 1315/4441/4441 1335/4443/4443 1319/4444/4444
f 1326/4445/4445 1332/4446/4446 1336/4447/4447
f 1326/4445/4445 1336/4447/4447 1333/4448/4448
f 1337/4449/4449 1338/4450/4450 1339/4451/4451
f 1337/4449/4449 1339/4451/4451 1340/4452/4452
f 1341/4453/4453 1342/4454/4454 1343/4455/4455
f 1341/4453/4453 1343/4455/4455 1344/4456/4456
f 1337/4457/4457 1341/4458/4458 1344/4459/4459
f 1337/4457/4457 1344/4459/4459 1338/4460/4460
f 1340/4461/4461 1339/4462/4462 1343/4463/4463
f 1340/4461/4461 1343/4463/4463 1342/4464/4464
f 1337/4465/4465 1340/4466/4466 1342/4467/4467
f 1337/4465/4465 1342/4467/4467 1341/4468/4468
f 1338/4469/4469 1344/4470/4470 1343/4471/4471
f 1338/4469/4469 1343/4471/4471 1339/4472/4472
f 1327/4473/4473 1338/4474/4474 1345/4475/4475
f 1327/4473/4473 1345/4475/4475 1346/4476/4476
f 1331/4477/4477 1347/4478/4478 1348/4479/4479
f 1331/4477/4477 1348/4479/4479 1344/4480/4480
f 1327/4481/4481 1331/4482/4482 1344/4483/4483
f 1327/4481/4481 1344/4483/4483 1338/4484/4484
f 1346/4485/4485 1345/4486/4486 1348/4487/4487
f 1346/4485/4485 1348/4487/4487 1347/4488/4488
f 1327/4489/4489 1346/4490/4490 1347/4491/4491
f 1327/4489/4489 1347/4491/4491 1331/4492/4492
f 1338/4493/4493 1344/4494/4494 1348/4495/4495
f 1338/4493/4493 1348/4495/4495 1345/4496/4496
f 1349/4497/4497 1350/4498/4498 1351/4499/4499
f 1349/4497/4497 1351/4499/4499 1352/4500/4500
f 1353/4501/4501 1354/4502/4502 1355/4503/4503
f 1353/4501/4501 1355/4503/4503 1356/4504/4504
f 1349/4505/4505 1353/4506/4506 1356/4507/4507
f 1349/4505/4505 1356/4507/4507 1350/4508/4508
f 1352/4509/4509 1351/4510/4510 1355/4511/4511
f 1352/4509/4509 1355/4511/4511 1354/4512/4512
f 1349/4513/4513 1352/4514/4514 1354/4515/4515
f 1349/4513/4513 1354/4515/4515 1353/4516/4516
f 1350/4517/4517 1356/4518/4518 1355/4519/4519
f 1350/4517/4517 1355/4519/4519 1351/4520/4520
f 1339/4521/4521 1350/4522/4522 1357/4523/4523
f 1339/4521/4521 1357/4523/4523 1358/4524/4524
f 1343/4525/4525 1359/4526/4526 1360/4527/4527
f 1343/4525/4525 1360/4527/4527 1356/4528/4528
f 1339/4529/4529 1343/4530/4530 1356/4531/4531
f 1339/4529/4529 1356/4531/4531 1350/4532/4532
f 1358/4533/4533 1357/4534/4534 1360/4535/4535
f 1358/4533/4533 1360/4535/4535 1359/4536/4536
f 1339/4537/4537 1358/4538/4538 1359/4539/4539
f 1339/4537/4537 1359/4539/4539 1343/4540/4540
f 1350/4541/4541 1356/4542/4542 1360/4543/4543
f 1350/4541/4541 1360/4543/4543 1357/4544/4544
f 1361/4545/4545 1362/4546/4546 1235/4547/4547
f 1361/4545/4545 1235/4547/4547 1363/4548/4548
f 1364/4549/4549 1365/4550/4550 1239/4551/4551
f 1364/4549/4549 1239/4551/4551 1366/4552/4552
f 1361/4553/4553 1364/4554/4554 1366/4555/4555
f 1361/4553/4553 1366/4555/4555 1362/4556/4556
f 1363/4557/4557 1235/4558/4558 1239/4559/4559
f 1363/4557/4557 1239/4559/4559 1365/4560/4560
f 1361/4561/4561 1363/4562/4562 1365/4563/4563
f 1361/4561/4561 1365/4563/4563 1364/4564/4564
f 1362/4565/4565 1366/4566/4566 1239/4567/4567
f 1362/4565/4565 1239/4567/4567 1235/4568/4568
f 1351/4569/4569 1362/4570/4570 1367/4571/4571
f 1351/4569/4569 1367/4571/4571 1368/4572/4572
f 1355/4573/4573 1369/4574/4574 1370/4575/4575
f 1355/4573/4573 1370/4575/4575 1366/4576/4576
f 1351/4577/4577 1355/4578/4578 1366/4579/4579
f 1351/4577/4577 1366/4579/4579 1362/4580/4580
f 1368/4581/4581 1367/4582/4582 1370/4583/4583
f 1368/4581/4581 1370/4583/4583 1369/4584/4584
f 1351/4585/4585 1368/4586/4586 1369/4587/4587
f 1351/4585/4585 1369/4587/4587 1355/4588/4588
f 1362/4589/4589 1366/4590/4590 1370/4591/4591
f 1362/4589/4589 1370/4591/4591 1367/4592/4592
f 1179/4593/4593 1371/4594/4594 1372/4595/4595
f 1179/4593/4593 1372/4595/4595 1373/4596/4596
f 1374/4597/4597 1375/4598/4598 1376/4599/4599
f 1374/4597/4597 1376/4599/4599 1377/4600/4600
f 1179/4601/4601 1374/4602/4602 1377/4603/4603
f 1179/4601/4601 1377/4603/4603 1371/4604/4604
f 1373/4605/4605 1372/4606/4606 1376/4607/4607
f 1373/4605/4605 1376/4607/4607 1375/4608/4608
f 1378/4609/4609 1379/4610/4610 1380/4611/4611
f 1378/4609/4609 1380/4611/4611 1230/4612/4612
f 1381/4613/4613 1382/4614/4614 1383/4615/4615
f 1381/4613/4613 1383/4615/4615 1384/4616/4616
f 1378/4617/4617 1381/4618/4618 1384/4619/4619
f 1378/4617/4617 1384/4619/4619 1379/4620/4620
f 1230/4621/4621 1380/4622/4622 1383/4623/4623
f 1230/4621/4621 1383/4623/4623 1382/4624/4624
f 1179/4625/4625 1371/4626/4626 1385/4627/4627
f 1179/4625/4625 1385/4627/4627 1386/4628/4628
f 1387/4629/4629 1388/4630/4630 1389/4631/4631
f 1387/4629/4629 1389/4631/4631 1390/4632/4632
f 1179/4633/4633 1387/4634/4634 1390/4635/4635
f 1179/4633/4633 1390/4635/4635 1371/4636/4636
f 1386/4637/4637 1385/4638/4638 1389/4639/4639
f 1386/4637/4637 1389/4639/4639 1388/4640/4640
f 1391/4641/4641 1392/4642/4642 1393/4643/4643
f 1391/4641/4641 1393/4643/4643 1394/4644/4644
f 1374/4645/4645 1395/4646/4646 1396/4647/4647
f 1374/4645/4645 1396/4647/4647 1397/4648/4648
f 1391/4649/4649 1374/4650/4650 1397/4651/4651
f 1391/4649/4649 1397/4651/4651 1392/4652/4652
f 1394/4653/4653 1393/4654/4654 1396/4655/4655
f 1394/4653/4653 1396/4655/4655 1395/4656/4656
f 1398/4657/4657 1399/4658/4658 1400/4659/4659
f 1398/4657/4657 1400/4659/4659 1401/4660/4660
f 1397/4661/4661 1396/4662/4662 1402/4663/4663
f 1397/4661/4661 1402/4663/4663 1403/4664/4664
f 1398/4665/4665 1397/4666/4666 1403/4667/4667
f 1398/4665/4665 1403/4667/4667 1399/4668/4668
f 1401/4669/4669 1400/4670/4670 1402/4671/4671
f 1401/4669/4669 1402/4671/4671 1396/4672/4672
f 1404/4673/4673 1405/4674/4674 1406/4675/4675
f 1404/4673/4673 1406/4675/4675 1407/4676/4676
f 1403/4677/4677 1402/4678/4678 1408/4679/4679
f 1403/4677/4677 1408/4679/4679 1377/4680/4680
f 1404/4681/4681 1403/4682/4682 1377/4683/4683
f 1404/4681/4681 1377/4683/4683 1405/4684/4684
f 1407/4685/4685 1406/4686/4686 1408/4687/4687
f 1407/4685/4685 1408/4687/4687 1402/4688/4688
f 1409/4689/4689 1410/4690/4690 1411/4691/4691
f 1409/4689/4689 1411/4691/4691 1412/4692/4692
f 1413/4693/4693 1414/4694/4694 1415/4695/4695
f 1413/4693/4693 1415/4695/4695 1416/4696/4696
f 1409/4697/4697 1413/4698/4698 1416/4699/4699
f 1409/4697/4697 1416/4699/4699 1410/4700/4700
f 1412/4701/4701 1411/4702/4702 1415/4703/4703
f 1412/4701/4701 1415/4703/4703 1414/4704/4704
f 1417/4705/4705 1406/4706/4706 1410/4707/4707
f 1417/4705/4705 1410/4707/4707 1418/4708/4708
f 1419/4709/4709 1420/4710/4710 1416/4711/4711
f 1419/4709/4709 1416/4711/4711 1408/4712/4712
f 1417/4713/4713 1419/4714/4714 1408/4715/4715
f 1417/4713/4713 1408/4715/4715 1406/4716/4716
f 1418/4717/4717 1410/4718/4718 1416/4719/4719
f 1418/4717/4717 1416/4719/4719 1420/4720/4720
f 1417/4721/4721 1418/4722/4722 1420/4723/4723
f 1417/4721/4721 1420/4723/4723 1419/4724/4724
f 1421/4725/4725 1376/4726/4726 1422/4727/4727
f 1421/4725/4725 1422/4727/4727 1423/4728/4728
f 1424/4729/4729 1425/4730/4730 1426/4731/4731
f 1424/4729/4729 1426/4731/4731 1427/4732/4732
f 1421/4733/4733 1424/4734/4734 1427/4735/4735
f 1421/4733/4733 1427/4735/4735 1376/4736/4736
f 1423/4737/4737 1422/4738/4738 1426/4739/4739
f 1423/4737/4737 1426/4739/4739 1425/4740/4740
f 1421/4741/4741 1423/4742/4742 1425/4743/4743
f 1421/4741/4741 1425/4743/4743 1424/4744/4744
f 1376/4745/4745 1427/4746/4746 1426/4747/4747
f 1376/4745/4745 1426/4747/4747 1422/4748/4748
f 1386/4749/4749 1385/4750/4750 1428/4751/4751
f 1386/4749/4749 1428/4751/4751 1429/4752/4752
f 1388/4753/4753 1430/4754/4754 1431/4755/4755
f 1388/4753/4753 1431/4755/4755 1389/4756/4756
f 1386/4757/4757 1388/4758/4758 1389/4759/4759
f 1386/4757/4757 1389/4759/4759 1385/4760/4760
f 1429/4761/4761 1428/4762/4762 1431/4763/4763
f 1429/4761/4761 1431/4763/4763 1430/4764/4764
f 1412/4765/4765 1432/4766/4766 1433/4767/4767
f 1412/4765/4765 1433/4767/4767 1434/4768/4768
f 1414/4769/4769 1435/4770/4770 1436/4771/4771
f 1414/4769/4769 1436/4771/4771 1437/4772/4772
f 1412/4773/4773 1414/4774/4774 1437/4775/4775
f 1412/4773/4773 1437/4775/4775 1432/4776/4776
f 1434/4777/4777 1433/4778/4778 1436/4779/4779
f 1434/4777/4777 1436/4779/4779 1435/4780/4780
f 1438/4781/4781 1439/4782/4782 1440/4783/4783
f 1438/4781/4781 1440/4783/4783 1441/4784/4784
f 1437/4785/4785 1436/4786/4786 1442/4787/4787
f 1437/4785/4785 1442/4787/4787 1443/4788/4788
f 1438/4789/4789 1437/4790/4790 1443/4791/4791
f 1438/4789/4789 1443/4791/4791 1439/4792/4792
f 1441/4793/4793 1440/4794/4794 1442/4795/4795
f 1441/4793/4793 1442/4795/4795 1436/4796/4796
f 1444/4797/4797 1411/4798/4798 1445/4799/4799
f 1444/4797/4797 1445/4799/4799 1446/4800/4800
f 1443/4801/4801 1442/4802/4802 1447/4803/4803
f 1443/4801/4801 1447/4803/4803 1415/4804/4804
f 1444/4805/4805 1443/4806/4806 1415/4807/4807
f 1444/4805/4805 1415/4807/4807 1411/4808/4808
f 1446/4809/4809 1445/4810/4810 1447/4811/4811
f 1446/4809/4809 1447/4811/4811 1442/4812/4812
f 1448/4813/4813 1449/4814/4814 1450/4815/4815
f 1448/4813/4813 1450/4815/4815 1451/4816/4816
f 1452/4817/4817 1453/4818/4818 1454/4819/4819
f 1452/4817/4817 1454/4819/4819 1455/4820/4820
f 1448/4821/4821 1452/4822/4822 1455/4823/4823
f 1448/4821/4821 1455/4823/4823 1449/4824/4824
f 1451/4825/4825 1450/4826/4826 1454/4827/4827
f 1451/4825/4825 1454/4827/4827 1453/4828/4828
f 1456/4829/4829 1445/4830/4830 1449/4831/4831
f 1456/4829/4829 1449/4831/4831 1457/4832/4832
f 1458/4833/4833 1459/4834/4834 1455/4835/4835
f 1458/4833/4833 1455/4835/4835 1447/4836/4836
f 1456/4837/4837 1458/4838/4838 1447/4839/4839
f 1456/4837/4837 1447/4839/4839 1445/4840/4840
f 1457/4841/4841 1449/4842/4842 1455/4843/4843
f 1457/4841/4841 1455/4843/4843 1459/4844/4844
f 1456/4845/4845 1457/4846/4846 1459/4847/4847
f 1456/4845/4845 1459/4847/4847 1458/4848/4848
f 1460/4849/4849 1461/4850/4850 1462/4851/4851
f 1460/4849/4849 1462/4851/4851 1463/4852/4852
f 1464/4853/4853 1465/4854/4854 1466/4855/4855
f 1464/4853/4853 1466/4855/4855 1467/4856/4856
f 1460/4857/4857 1464/4858/4858 1467/4859/4859
f 1460/4857/4857 1467/4859/4859 1461/4860/4860
f 1463/4861/4861 1462/4862/4862 1466/4863/4863
f 1463/4861/4861 1466/4863/4863 1465/4864/4864
f 1460/4865/4865 1463/4866/4866 1465/4867/4867
f 1460/4865/4865 1465/4867/4867 1464/4868/4868
f 1461/4869/4869 1467/4870/4870 1466/4871/4871
f 1461/4869/4869 1466/4871/4871 1462/4872/4872
f 1468/4873/4873 1469/4874/4874 1470/4875/4875
f 1468/4873/4873 1470/4875/4875 1471/4876/4876
f 1414/4877/4877 1472/4878/4878 1473/4879/4879
f 1414/4877/4877 1473/4879/4879 1415/4880/4880
f 1468/4881/4881 1414/4882/4882 1415/4883/4883
f 1468/4881/4881 1415/4883/4883 1469/4884/4884
f 1471/4885/4885 1470/4886/4886 1473/4887/4887
f 1471/4885/4885 1473/4887/4887 1472/4888/4888
f 1429/4889/4889 1428/4890/4890 1474/4891/4891
f 1429/4889/4889 1474/4891/4891 1475/4892/4892
f 1430/4893/4893 1476/4894/4894 1477/4895/4895
f 1430/4893/4893 1477/4895/4895 1431/4896/4896
f 1429/4897/4897 1430/4898/4898 1431/4899/4899
f 1429/4897/4897 1431/4899/4899 1428/4900/4900
f 1475/4901/4901 1474/4902/4902 1477/4903/4903
f 1475/4901/4901 1477/4903/4903 1476/4904/4904
f 1451/4905/4905 1478/4906/4906 1479/4907/4907
f 1451/4905/4905 1479/4907/4907 1480/4908/4908
f 1453/4909/4909 1481/4910/4910 1482/4911/4911
f 1453/4909/4909 1482/4911/4911 1483/4912/4912
f 1451/4913/4913 1453/4914/4914 1483/4915/4915
f 1451/4913/4913 1483/4915/4915 1478/4916/4916
f 1480/4917/4917 1479/4918/4918 1482/4919/4919
f 1480/4917/4917 1482/4919/4919 1481/4920/4920
f 1484/4921/4921 1485/4922/4922 1486/4923/4923
f 1484/4921/4921 1486/4923/4923 1487/4924/4924
f 1483/4925/4925 1482/4926/4926 1488/4927/4927
f 1483/4925/4925 1488/4927/4927 1489/4928/4928
f 1484/4929/4929 1483/4930/4930 1489/4931/4931
f 1484/4929/4929 1489/4931/4931 1485/4932/4932
f 1487/4933/4933 1486/4934/4934 1488/4935/4935
f 1487/4933/4933 1488/4935/4935 1482/4936/4936
f 1490/4937/4937 1450/4938/4938 1491/4939/4939
f 1490/4937/4937 1491/4939/4939 1492/4940/4940
f 1489/4941/4941 1488/4942/4942 1493/4943/4943
f 1489/4941/4941 1493/4943/4943 1454/4944/4944
f 1490/4945/4945 1489/4946/4946 1454/4947/4947
f 1490/4945/4945 1454/4947/4947 1450/4948/4948
f 1492/4949/4949 1491/4950/4950 1493/4951/4951
f 1492/4949/4949 1493/4951/4951 1488/4952/4952
f 1494/4953/4953 1495/4954/4954 1496/4955/4955
f 1494/4953/4953 1496/4955/4955 1497/4956/4956
f 1498/4957/4957 1499/4958/4958 1500/4959/4959
f 1498/4957/4957 1500/4959/4959 1501/4960/4960
f 1494/4961/4961 1498/4962/4962 1501/4963/4963
f 1494/4961/4961 1501/4963/4963 1495/4964/4964
f 1497/4965/4965 1496/4966/4966 1500/4967/4967
f 1497/4965/4965 1500/4967/4967 1499/4968/4968
f 1502/4969/4969 1491/4970/4970 1495/4971/4971
f 1502/4969/4969 1495/4971/4971 1503/4972/4972
f 1504/4973/4973 1505/4974/4974 1501/4975/4975
f 1504/4973/4973 1501/4975/4975 1493/4976/4976
f 1502/4977/4977 1504/4978/4978 1493/4979/4979
f 1502/4977/4977 1493/4979/4979 1491/4980/4980
f 1503/4981/4981 1495/4982/4982 1501/4983/4983
f 1503/4981/4981 1501/4983/4983 1505/4984/4984
f 1502/4985/4985 1503/4986/4986 1505/4987/4987
f 1502/4985/4985 1505/4987/4987 1504/4988/4988
f 1506/4989/4989 1507/4990/4990 1508/4991/4991
f 1506/4989/4989 1508/4991/4991 1509/4992/4992
f 1510/4993/4993 1511/4994/4994 1512/4995/4995
f 1510/4993/4993 1512/4995/4995 1513/4996/4996
f 1506/4997/4997 1510/4998/4998 1513/4999/4999
f 1506/4997/4997 1513/4999/4999 1507/5000/5000
f 1509/5001/5001 1508/5002/5002 1512/5003/5003
f 1509/5001/5001 1512/5003/5003 1511/5004/5004
f 1506/5005/5005 1509/5006/5006 1511/5007/5007
f 1506/5005/5005 1511/5007/5007 1510/5008/5008
f 1507/5009/5009 1513/5010/5010 1512/5011/5011
f 1507/5009/5009 1512/5011/5011 1508/5012/5012
f 1514/5013/5013 1515/5014/5014 1516/5015/5015
f 1514/5013/5013 1516/5015/5015 1517/5016/5016
f 1453/5017/5017 1518/5018/5018 1519/5019/5019
f 1453/5017/5017 1519/5019/5019 1454/5020/5020
f 1514/5021/5021 1453/5022/5022 1454/5023/5023
f 1514/5021/5021 1454/5023/5023 1515/5024/5024
f 1517/5025/5025 1516/5026/5026 1519/5027/5027
f 1517/5025/5025 1519/5027/5027 1518/5028/5028
f 1475/5029/5029 1474/5030/5030 1520/5031/5031
f 1475/5029/5029 1520/5031/5031 1521/5032/5032
f 1476/5033/5033 1522/5034/5034 1523/5035/5035
f 1476/5033/5033 1523/5035/5035 1477/5036/5036
f 1475/5037/5037 1476/5038/5038 1477/5039/5039
f 1475/5037/5037 1477/5039/5039 1474/5040/5040
f 1521/5041/5041 1520/5042/5042 1523/5043/5043
f 1521/5041/5041 1523/5043/5043 1522/5044/5044
f 1497/5045/5045 1524/5046/5046 1525/5047/5047
f 1497/5045/5045 1525/5047/5047 1526/5048/5048
f 1499/5049/5049 1527/5050/5050 1528/5051/5051
f 1499/5049/5049 1528/5051/5051 1529/5052/5052
f 1497/5053/5053 1499/5054/5054 1529/5055/5055
f 1497/5053/5053 1529/5055/5055 1524/5056/5056
f 1526/5057/5057 1525/5058/5058 1528/5059/5059
f 1526/5057/5057 1528/5059/5059 1527/5060/5060
f 1530/5061/5061 1531/5062/5062 1532/5063/5063
f 1530/5061/5061 1532/5063/5063 1533/5064/5064
f 1529/5065/5065 1528/5066/5066 1534/5067/5067
f 1529/5065/5065 1534/5067/5067 1535/5068/5068
f 1530/5069/5069 1529/5070/5070 1535/5071/5071
f 1530/5069/5069 1535/5071/5071 1531/5072/5072
f 1533/5073/5073 1532/5074/5074 1534/5075/5075
f 1533/5073/5073 1534/5075/5075 1528/5076/5076
f 1536/5077/5077 1496/5078/5078 1537/5079/5079
f 1536/5077/5077 1537/5079/5079 1538/5080/5080
f 1535/5081/5081 1534/5082/5082 1539/5083/5083
f 1535/5081/5081 1539/5083/5083 1500/5084/5084
f 1536/5085/5085 1535/5086/5086 1500/5087/5087
f 1536/5085/5085 1500/5087/5087 1496/5088/5088
f 1538/5089/5089 1537/5090/5090 1539/5091/5091
f 1538/5089/5089 1539/5091/5091 1534/5092/5092
f 1540/5093/5093 1541/5094/5094 1542/5095/5095
f 1540/5093/5093 1542/5095/5095 1543/5096/5096
f 1544/5097/5097 1545/5098/5098 1546/5099/5099
f 1544/5097/5097 1546/5099/5099 1547/5100/5100
f 1540/5101/5101 1544/5102/5102 1547/5103/5103
f 1540/5101/5101 1547/5103/5103 1541/5104/5104
f 1543/5105/5105 1542/5106/5106 1546/5107/5107
f 1543/5105/5105 1546/5107/5107 1545/5108/5108
f 1548/5109/5109 1537/5110/5110 1541/5111/5111
f 1548/5109/5109 1541/5111/5111 1549/5112/5112
f 1550/5113/5113 1551/5114/5114 1547/5115/5115
f 1550/5113/5113 1547/5115/5115 1539/5116/5116
f 1548/5117/5117 1550/5118/5118 1539/5119/5119
f 1548/5117/5117 1539/5119/5119 1537/5120/5120
f 1549/5121/5121 1541/5122/5122 1547/5123/5123
f 1549/5121/5121 1547/5123/5123 1551/5124/5124
f 1548/5125/5125 1549/5126/5126 1551/5127/5127
f 1548/5125/5125 1551/5127/5127 1550/5128/5128
f 1552/5129/5129 1553/5130/5130 1554/5131/5131
f 1552/5129/5129 1554/5131/5131 1555/5132/5132
f 1556/5133/5133 1557/5134/5134 1558/5135/5135
f 1556/5133/5133 1558/5135/5135 1559/5136/5136
f 1552/5137/5137 1556/5138/5138 1559/5139/5139
f 1552/5137/5137 1559/5139/5139 1553/5140/5140
f 1555/5141/5141 1554/5142/5142 1558/5143/5143
f 1555/5141/5141 1558/5143/5143 1557/5144/5144
f 1552/5145/5145 1555/5146/5146 1557/5147/5147
f 1552/5145/5145 1557/5147/5147 1556/5148/5148
f 1553/5149/5149 1559/5150/5150 1558/5151/5151
f 1553/5149/5149 1558/5151/5151 1554/5152/5152
f 1521/5153/5153 1520/5154/5154 1560/5155/5155
f 1521/5153/5153 1560/5155/5155 1561/5156/5156
f 1522/5157/5157 1562/5158/5158 1563/5159/5159
f 1522/5157/5157 1563/5159/5159 1523/5160/5160
f 1521/5161/5161 1522/5162/5162 1523/5163/5163
f 1521/5161/5161 1523/5163/5163 1520/5164/5164
f 1561/5165/5165 1560/5166/5166 1563/5167/5167
f 1561/5165/5165 1563/5167/5167 1562/5168/5168
f 1543/5169/5169 1564/5170/5170 1565/5171/5171
f 1543/5169/5169 1565/5171/5171 1566/5172/5172
f 1545/5173/5173 1567/5174/5174 1568/5175/5175
f 1545/5173/5173 1568/5175/5175 1569/5176/5176
f 1543/5177/5177 1545/5178/5178 1569/5179/5179
f 1543/5177/5177 1569/5179/5179 1564/5180/5180
f 1566/5181/5181 1565/5182/5182 1568/5183/5183
f 1566/5181/5181 1568/5183/5183 1567/5184/5184
f 1570/5185/5185 1571/5186/5186 1572/5187/5187
f 1570/5185/5185 1572/5187/5187 1573/5188/5188
f 1569/5189/5189 1568/5190/5190 1574/5191/5191
f 1569/5189/5189 1574/5191/5191 1575/5192/5192
f 1570/5193/5193 1569/5194/5194 1575/5195/5195
f 1570/5193/5193 1575/5195/5195 1571/5196/5196
f 1573/5197/5197 1572/5198/5198 1574/5199/5199
f 1573/5197/5197 1574/5199/5199 1568/5200/5200
f 1576/5201/5201 1542/5202/5202 1577/5203/5203
f 1576/5201/5201 1577/5203/5203 1578/5204/5204
f 1575/5205/5205 1574/5206/5206 1579/5207/5207
f 1575/5205/5205 1579/5207/5207 1546/5208/5208
f 1576/5209/5209 1575/5210/5210 1546/5211/5211
f 1576/5209/5209 1546/5211/5211 1542/5212/5212
f 1578/5213/5213 1577/5214/5214 1579/5215/5215
f 1578/5213/5213 1579/5215/5215 1574/5216/5216
f 1580/5217/5217 1581/5218/5218 1582/5219/5219
f 1580/5217/5217 1582/5219/5219 1583/5220/5220
f 1584/5221/5221 1585/5222/5222 1586/5223/5223
f 1584/5221/5221 1586/5223/5223 1587/5224/5224
f 1580/5225/5225 1584/5226/5226 1587/5227/5227
f 1580/5225/5225 1587/5227/5227 1581/5228/5228
f 1583/5229/5229 1582/5230/5230 1586/5231/5231
f 1583/5229/5229 1586/5231/5231 1585/5232/5232
f 1588/5233/5233 1577/5234/5234 1581/5235/5235
f 1588/5233/5233 1581/5235/5235 1589/5236/5236
f 1590/5237/5237 1591/5238/5238 1587/5239/5239
f 1590/5237/5237 1587/5239/5239 1579/5240/5240
f 1588/5241/5241 1590/5242/5242 1579/5243/5243
f 1588/5241/5241 1579/5243/5243 1577/5244/5244
f 1589/5245/5245 1581/5246/5246 1587/5247/5247
f 1589/5245/5245 1587/5247/5247 1591/5248/5248
f 1588/5249/5249 1589/5250/5250 1591/5251/5251
f 1588/5249/5249 1591/5251/5251 1590/5252/5252
f 1592/5253/5253 1593/5254/5254 1594/5255/5255
f 1592/5253/5253 1594/5255/5255 1595/5256/5256
f 1596/5257/5257 1597/5258/5258 1598/5259/5259
f 1596/5257/5257 1598/5259/5259 1599/5260/5260
f 1592/5261/5261 1596/5262/5262 1599/5263/5263
f 1592/5261/5261 1599/5263/5263 1593/5264/5264
f 1595/5265/5265 1594/5266/5266 1598/5267/5267
f 1595/5265/5265 1598/5267/5267 1597/5268/5268
f 1592/5269/5269 1595/5270/5270 1597/5271/5271
f 1592/5269/5269 1597/5271/5271 1596/5272/5272
f 1593/5273/5273 1599/5274/5274 1598/5275/5275
f 1593/5273/5273 1598/5275/5275 1594/5276/5276
f 1561/5277/5277 1560/5278/5278 1600/5279/5279
f 1561/5277/5277 1600/5279/5279 1601/5280/5280
f 1562/5281/5281 1602/5282/5282 1603/5283/5283
f 1562/5281/5281 1603/5283/5283 1563/5284/5284
f 1561/5285/5285 1562/5286/5286 1563/5287/5287
f 1561/5285/5285 1563/5287/5287 1560/5288/5288
f 1601/5289/5289 1600/5290/5290 1603/5291/5291
f 1601/5289/5289 1603/5291/5291 1602/5292/5292
f 1583/5293/5293 1604/5294/5294 1605/5295/5295
f 1583/5293/5293 1605/5295/5295 1606/5296/5296
f 1585/5297/5297 1607/5298/5298 1608/5299/5299
f 1585/5297/5297 1608/5299/5299 1609/5300/5300
f 1583/5301/5301 1585/5302/5302 1609/5303/5303
f 1583/5301/5301 1609/5303/5303 1604/5304/5304
f 1606/5305/5305 1605/5306/5306 1608/5307/5307
f 1606/5305/5305 1608/5307/5307 1607/5308/5308
f 1610/5309/5309 1611/5310/5310 1612/5311/5311
f 1610/5309/5309 1612/5311/5311 1613/5312/5312
f 1609/5313/5313 1608/5314/5314 1614/5315/5315
f 1609/5313/5313 1614/5315/5315 1615/5316/5316
f 1610/5317/5317 1609/5318/5318 1615/5319/5319
f 1610/5317/5317 1615/5319/5319 1611/5320/5320
f 1613/5321/5321 1612/5322/5322 1614/5323/5323
f 1613/5321/5321 1614/5323/5323 1608/5324/5324
f 1616/5325/5325 1582/5326/5326 1617/5327/5327
f 1616/5325/5325 1617/5327/5327 1618/5328/5328
f 1615/5329/5329 1614/5330/5330 1619/5331/5331
f 1615/5329/5329 1619/5331/5331 1586/5332/5332
f 1616/5333/5333 1615/5334/5334 1586/5335/5335
f 1616/5333/5333 1586/5335/5335 1582/5336/5336
f 1618/5337/5337 1617/5338/5338 1619/5339/5339
f 1618/5337/5337 1619/5339/5339 1614/5340/5340
f 1620/5341/5341 1621/5342/5342 1622/5343/5343
f 1620/5341/5341 1622/5343/5343 1623/5344/5344
f 1624/5345/5345 1625/5346/5346 1626/5347/5347
f 1624/5345/5345 1626/5347/5347 1627/5348/5348
f 1620/5349/5349 1624/5350/5350 1627/5351/5351
f 1620/5349/5349 1627/5351/5351 1621/5352/5352
f 1623/5353/5353 1622/5354/5354 1626/5355/5355
f 1623/5353/5353 1626/5355/5355 1625/5356/5356
f 1628/5357/5357 1617/5358/5358 1621/5359/5359
f 1628/5357/5357 1621/5359/5359 1629/5360/5360
f 1630/5361/5361 1631/5362/5362 1627/5363/5363
f 1630/5361/5361 1627/5363/5363 1619/5364/5364
f 1628/5365/5365 1630/5366/5366 1619/5367/5367
f 1628/5365/5365 1619/5367/5367 1617/5368/5368
f 1629/5369/5369 1621/5370/5370 1627/5371/5371
f 1629/5369/5369 1627/5371/5371 1631/5372/5372
f 1628/5373/5373 1629/5374/5374 1631/5375/5375
f 1628/5373/5373 1631/5375/5375 1630/5376/5376
f 1632/5377/5377 1633/5378/5378 1634/5379/5379
f 1632/5377/5377 1634/5379/5379 1635/5380/5380
f 1636/5381/5381 1637/5382/5382 1638/5383/5383
f 1636/5381/5381 1638/5383/5383 1639/5384/5384
f 1632/5385/5385 1636/5386/5386 1639/5387/5387
f 1632/5385/5385 1639/5387/5387 1633/5388/5388
f 1635/5389/5389 1634/5390/5390 1638/5391/5391
f 1635/5389/5389 1638/5391/5391 1637/5392/5392
f 1632/5393/5393 1635/5394/5394 1637/5395/5395
f 1632/5393/5393 1637/5395/5395 1636/5396/5396
f 1633/5397/5397 1639/5398/5398 1638/5399/5399
f 1633/5397/5397 1638/5399/5399 1634/5400/5400
f 1640/5401/5401 1641/5402/5402 1642/5403/5403
f 1640/5401/5401 1642/5403/5403 1643/5404/5404
f 1585/5405/5405 1644/5406/5406 1645/5407/5407
f 1585/5405/5405 1645/5407/5407 1586/5408/5408
f 1640/5409/5409 1585/5410/5410 1586/5411/5411
f 1640/5409/5409 1586/5411/5411 1641/5412/5412
f 1643/5413/5413 1642/5414/5414 1645/5415/5415
f 1643/5413/5413 1645/5415/5415 1644/5416/5416
f 1601/5417/5417 1600/5418/5418 1646/5419/5419
f 1601/5417/5417 1646/5419/5419 1647/5420/5420
f 1602/5421/5421 1648/5422/5422 1649/5423/5423
f 1602/5421/5421 1649/5423/5423 1603/5424/5424
f 1601/5425/5425 1602/5426/5426 1603/5427/5427
f 1601/5425/5425 1603/5427/5427 1600/5428/5428
f 1647/5429/5429 1646/5430/5430 1649/5431/5431
f 1647/5429/5429 1649/5431/5431 1648/5432/5432
f 1623/5433/5433 1650/5434/5434 1651/5435/5435
f 1623/5433/5433 1651/5435/5435 1652/5436/5436
f 1625/5437/5437 1653/5438/5438 1654/5439/5439
f 1625/5437/5437 1654/5439/5439 1655/5440/5440
f 1623/5441/5441 1625/5442/5442 1655/5443/5443
f 1623/5441/5441 1655/5443/5443 1650/5444/5444
f 1652/5445/5445 1651/5446/5446 1654/5447/5447
f 1652/5445/5445 1654/5447/5447 1653/5448/5448
f 1656/5449/5449 1657/5450/5450 1658/5451/5451
f 1656/5449/5449 1658/5451/5451 1659/5452/5452
f 1655/5453/5453 1654/5454/5454 1660/5455/5455
f 1655/5453/5453 1660/5455/5455 1661/5456/5456
f 1656/5457/5457 1655/5458/5458 1661/5459/5459
f 1656/5457/5457 1661/5459/5459 1657/5460/5460
f 1659/5461/5461 1658/5462/5462 1660/5463/5463
f 1659/5461/5461 1660/5463/5463 1654/5464/5464
f 1662/5465/5465 1622/5466/5466 1663/5467/5467
f 1662/5465/5465 1663/5467/5467 1664/5468/5468
f 1661/5469/5469 1660/5470/5470 1665/5471/5471
f 1661/5469/5469 1665/5471/5471 1626/5472/5472
f 1662/5473/5473 1661/5474/5474 1626/5475/5475
f 1662/5473/5473 1626/5475/5475 1622/5476/5476
f 1664/5477/5477 1663/5478/5478 1665/5479/5479
f 1664/5477/5477 1665/5479/5479 1660/5480/5480
f 1666/5481/5481 1667/5482/5482 1668/5483/5483
f 1666/5481/5481 1668/5483/5483 1669/5484/5484
f 1670/5485/5485 1671/5486/5486 1672/5487/5487
f 1670/5485/5485 1672/5487/5487 1673/5488/5488
f 1666/5489/5489 1670/5490/5490 1673/5491/5491
f 1666/5489/5489 1673/5491/5491 1667/5492/5492
f 1669/5493/5493 1668/5494/5494 1672/5495/5495
f 1669/5493/5493 1672/5495/5495 1671/5496/5496
f 1674/5497/5497 1663/5498/5498 1667/5499/5499
f 1674/5497/5497 1667/5499/5499 1675/5500/5500
f 1676/5501/5501 1677/5502/5502 1673/5503/5503
f 1676/5501/5501 1673/5503/5503 1665/5504/5504
f 1674/5505/5505 1676/5506/5506 1665/5507/5507
f 1674/5505/5505 1665/5507/5507 1663/5508/5508
f 1675/5509/5509 1667/5510/5510 1673/5511/5511
f 1675/5509/5509 1673/5511/5511 1677/5512/5512
f 1674/5513/5513 1675/5514/5514 1677/5515/5515
f 1674/5513/5513 1677/5515/5515 1676/5516/5516
f 1678/5517/5517 1679/5518/5518 1680/5519/5519
f 1678/5517/5517 1680/5519/5519 1681/5520/5520
f 1682/5521/5521 1683/5522/5522 1684/5523/5523
f 1682/5521/5521 1684/5523/5523 1685/5524/5524
f 1678/5525/5525 1682/5526/5526 1685/5527/5527
f 1678/5525/5525 1685/5527/5527 1679/5528/5528
f 1681/5529/5529 1680/5530/5530 1684/5531/5531
f 1681/5529/5529 1684/5531/5531 1683/5532/5532
f 1678/5533/5533 1681/5534/5534 1683/5535/5535
f 1678/5533/5533 1683/5535/5535 1682/5536/5536
f 1679/5537/5537 1685/5538/5538 1684/5539/5539
f 1679/5537/5537 1684/5539/5539 1680/5540/5540
f 1686/5541/5541 1687/5542/5542 1688/5543/5543
f 1686/5541/5541 1688/5543/5543 1689/5544/5544
f 1625/5545/5545 1690/5546/5546 1691/5547/5547
f 1625/5545/5545 1691/5547/5547 1626/5548/5548
f 1686/5549/5549 1625/5550/5550 1626/5551/5551
f 1686/5549/5549 1626/5551/5551 1687/5552/5552
f 1689/5553/5553 1688/5554/5554 1691/5555/5555
f 1689/5553/5553 1691/5555/5555 1690/5556/5556
f 1647/5557/5557 1646/5558/5558 1692/5559/5559
f 1647/5557/5557 1692/5559/5559 1693/5560/5560
f 1648/5561/5561 1694/5562/5562 1695/5563/5563
f 1648/5561/5561 1695/5563/5563 1649/5564/5564
f 1647/5565/5565 1648/5566/5566 1649/5567/5567
f 1647/5565/5565 1649/5567/5567 1646/5568/5568
f 1693/5569/5569 1692/5570/5570 1695/5571/5571
f 1693/5569/5569 1695/5571/5571 1694/5572/5572
f 1669/5573/5573 1696/5574/5574 1697/5575/5575
f 1669/5573/5573 1697/5575/5575 1698/5576/5576
f 1671/5577/5577 1699/5578/5578 1700/5579/5579
f 1671/5577/5577 1700/5579/5579 1701/5580/5580
f 1669/5581/5581 1671/5582/5582 1701/5583/5583
f 1669/5581/5581 1701/5583/5583 1696/5584/5584
f 1698/5585/5585 1697/5586/5586 1700/5587/5587
f 1698/5585/5585 1700/5587/5587 1699/5588/5588
f 1702/5589/5589 1703/5590/5590 1704/5591/5591
f 1702/5589/5589 1704/5591/5591 1705/5592/5592
f 1701/5593/5593 1700/5594/5594 1706/5595/5595
f 1701/5593/5593 1706/5595/5595 1707/5596/5596
f 1702/5597/5597 1701/5598/5598 1707/5599/5599
f 1702/5597/5597 1707/5599/5599 1703/5600/5600
f 1705/5601/5601 1704/5602/5602 1706/5603/5603
f 1705/5601/5601 1706/5603/5603 1700/5604/5604
f 1708/5605/5605 1668/5606/5606 1709/5607/5607
f 1708/5605/5605 1709/5607/5607 1710/5608/5608
f 1707/5609/5609 1706/5610/5610 1711/5611/5611
f 1707/5609/5609 1711/5611/5611 1672/5612/5612
f 1708/5613/5613 1707/5614/5614 1672/5615/5615
f 1708/5613/5613 1672/5615/5615 1668/5616/5616
f 1710/5617/5617 1709/5618/5618 1711/5619/5619
f 1710/5617/5617 1711/5619/5619 1706/5620/5620
f 1712/5621/5621 1713/5622/5622 1714/5623/5623
f 1712/5621/5621 1714/5623/5623 1715/5624/5624
f 1716/5625/5625 1717/5626/5626 1718/5627/5627
f 1716/5625/5625 1718/5627/5627 1719/5628/5628
f 1712/5629/5629 1716/5630/5630 1719/5631/5631
f 1712/5629/5629 1719/5631/5631 1713/5632/5632
f 1715/5633/5633 1714/5634/5634 1718/5635/5635
f 1715/5633/5633 1718/5635/5635 1717/5636/5636
f 1720/5637/5637 1709/5638/5638 1713/5639/5639
f 1720/5637/5637 1713/5639/5639 1721/5640/5640
f 1722/5641/5641 1723/5642/5642 1719/5643/5643
f 1722/5641/5641 1719/5643/5643 1711/5644/5644
f 1720/5645/5645 1722/5646/5646 1711/5647/5647
f 1720/5645/5645 1711/5647/5647 1709/5648/5648
f 1721/5649/5649 1713/5650/5650 1719/5651/5651
f 1721/5649/5649 1719/5651/5651 1723/5652/5652
f 1720/5653/5653 1721/5654/5654 1723/5655/5655
f 1720/5653/5653 1723/5655/5655 1722/5656/5656
f 1724/5657/5657 1725/5658/5658 1726/5659/5659
f 1724/5657/5657 1726/5659/5659 1727/5660/5660
f 1728/5661/5661 1729/5662/5662 1730/5663/5663
f 1728/5661/5661 1730/5663/5663 1731/5664/5664
f 1724/5665/5665 1728/5666/5666 1731/5667/5667
f 1724/5665/5665 1731/5667/5667 1725/5668/5668
f 1727/5669/5669 1726/5670/5670 1730/5671/5671
f 1727/5669/5669 1730/5671/5671 1729/5672/5672
f 1724/5673/5673 1727/5674/5674 1729/5675/5675
f 1724/5673/5673 1729/5675/5675 1728/5676/5676
f 1725/5677/5677 1731/5678/5678 1730/5679/5679
f 1725/5677/5677 1730/5679/5679 1726/5680/5680
f 1732/5681/5681 1733/5682/5682 1734/5683/5683
f 1732/5681/5681 1734/5683/5683 1735/5684/5684
f 1671/5685/5685 1736/5686/5686 1737/5687/5687
f 1671/5685/5685 1737/5687/5687 1672/5688/5688
f 1732/5689/5689 1671/5690/5690 1672/5691/5691
f 1732/5689/5689 1672/5691/5691 1733/5692/5692
f 1735/5693/5693 1734/5694/5694 1737/5695/5695
f 1735/5693/5693 1737/5695/5695 1736/5696/5696
f 1693/5697/5697 1692/5698/5698 1380/5699/5699
f 1693/5697/5697 1380/5699/5699 1230/5700/5700
f 1694/5701/5701 1738/5702/5702 1739/5703/5703
f 1694/5701/5701 1739/5703/5703 1695/5704/5704
f 1693/5705/5705 1694/5706/5706 1695/5707/5707
f 1693/5705/5705 1695/5707/5707 1692/5708/5708
f 1230/5709/5709 1380/5710/5710 1739/5711/5711
f 1230/5709/5709 1739/5711/5711 1738/5712/5712
f 1715/5713/5713 1740/5714/5714 1741/5715/5715
f 1715/5713/5713 1741/5715/5715 1742/5716/5716
f 1717/5717/5717 1743/5718/5718 1744/5719/5719
f 1717/5717/5717 1744/5719/5719 1745/5720/5720
f 1715/5721/5721 1717/5722/5722 1745/5723/5723
f 1715/5721/5721 1745/5723/5723 1740/5724/5724
f 1742/5725/5725 1741/5726/5726 1744/5727/5727
f 1742/5725/5725 1744/5727/5727 1743/5728/5728
f 1746/5729/5729 1747/5730/5730 1748/5731/5731
f 1746/5729/5729 1748/5731/5731 1749/5732/5732
f 1745/5733/5733 1744/5734/5734 1750/5735/5735
f 1745/5733/5733 1750/5735/5735 1751/5736/5736
f 1746/5737/5737 1745/5738/5738 1751/5739/5739
f 1746/5737/5737 1751/5739/5739 1747/5740/5740
f 1749/5741/5741 1748/5742/5742 1750/5743/5743
f 1749/5741/5741 1750/5743/5743 1744/5744/5744
f 1752/5745/5745 1714/5746/5746 1753/5747/5747
f 1752/5745/5745 1753/5747/5747 1754/5748/5748
f 1751/5749/5749 1750/5750/5750 1755/5751/5751
f 1751/5749/5749 1755/5751/5751 1718/5752/5752
f 1752/5753/5753 1751/5754/5754 1718/5755/5755
f 1752/5753/5753 1718/5755/5755 1714/5756/5756
f 1754/5757/5757 1753/5758/5758 1755/5759/5759
f 1754/5757/5757 1755/5759/5759 1750/5760/5760
f 1756/5761/5761 1757/5762/5762 1758/5763/5763
f 1756/5761/5761 1758/5763/5763 1759/5764/5764
f 1760/5765/5765 1382/5766/5766 1383/5767/5767
f 1760/5765/5765 1383/5767/5767 1761/5768/5768
f 1756/5769/5769 1760/5770/5770 1761/5771/5771
f 1756/5769/5769 1761/5771/5771 1757/5772/5772
f 1759/5773/5773 1758/5774/5774 1383/5775/5775
f 1759/5773/5773 1383/5775/5775 1382/5776/5776
f 1762/5777/5777 1753/5778/5778 1757/5779/5779
f 1762/5777/5777 1757/5779/5779 1763/5780/5780
f 1764/5781/5781 1765/5782/5782 1761/5783/5783
f 1764/5781/5781 1761/5783/5783 1755/5784/5784
f 1762/5785/5785 1764/5786/5786 1755/5787/5787
f 1762/5785/5785 1755/5787/5787 1753/5788/5788
f 1763/5789/5789 1757/5790/5790 1761/5791/5791
f 1763/5789/5789 1761/5791/5791 1765/5792/5792
f 1762/5793/5793 1763/5794/5794 1765/5795/5795
f 1762/5793/5793 1765/5795/5795 1764/5796/5796
f 1766/5797/5797 1767/5798/5798 1384/5799/5799
f 1766/5797/5797 1384/5799/5799 1768/5800/5800
f 1769/5801/5801 1770/5802/5802 1771/5803/5803
f 1769/5801/5801 1771/5803/5803 1772/5804/5804
f 1766/5805/5805 1769/5806/5806 1772/5807/5807
f 1766/5805/5805 1772/5807/5807 1767/5808/5808
f 1768/5809/5809 1384/5810/5810 1771/5811/5811
f 1768/5809/5809 1771/5811/5811 1770/5812/5812
f 1766/5813/5813 1768/5814/5814 1770/5815/5815
f 1766/5813/5813 1770/5815/5815 1769/5816/5816
f 1767/5817/5817 1772/5818/5818 1771/5819/5819
f 1767/5817/5817 1771/5819/5819 1384/5820/5820
f 1773/5821/5821 1774/5822/5822 1775/5823/5823
f 1773/5821/5821 1775/5823/5823 1776/5824/5824
f 1717/5825/5825 1777/5826/5826 1778/5827/5827
f 1717/5825/5825 1778/5827/5827 1718/5828/5828
f 1773/5829/5829 1717/5830/5830 1718/5831/5831
f 1773/5829/5829 1718/5831/5831 1774/5832/5832
f 1776/5833/5833 1775/5834/5834 1778/5835/5835
f 1776/5833/5833 1778/5835/5835 1777/5836/5836
f 1779/5837/5837 1780/5838/5838 1781/5839/5839
f 1779/5837/5837 1781/5839/5839 1782/5840/5840
f 1783/5841/5841 1784/5842/5842 1785/5843/5843
f 1783/5841/5841 1785/5843/5843 1786/5844/5844
f 1779/5845/5845 1783/5846/5846 1786/5847/5847
f 1779/5845/5845 1786/5847/5847 1780/5848/5848
f 1779/5849/5849 1782/5850/5850 1784/5851/5851
f 1779/5849/5849 1784/5851/5851 1783/5852/5852
f 1780/5853/5853 1786/5854/5854 1785/5855/5855
f 1780/5853/5853 1785/5855/5855 1781/5856/5856
f 1782/5857/5857 1781/5858/5858 1787/5859/5859
f 1782/5857/5857 1787/5859/5859 1788/5860/5860
f 1784/5861/5861 1789/5862/5862 1790/5863/5863
f 1784/5861/5861 1790/5863/5863 1785/5864/5864
f 1782/5865/5865 1788/5866/5866 1789/5867/5867
f 1782/5865/5865 1789/5867/5867 1784/5868/5868
f 1781/5869/5869 1785/5870/5870 1790/5871/5871
f 1781/5869/5869 1790/5871/5871 1787/5872/5872
f 1788/5873/5873 1787/5874/5874 1791/5875/5875
f 1788/5873/5873 1791/5875/5875 1792/5876/5876
f 1789/5877/5877 1793/5878/5878 1794/5879/5879
f 1789/5877/5877 1794/5879/5879 1790/5880/5880
f 1788/5881/5881 1792/5882/5882 1793/5883/5883
f 1788/5881/5881 1793/5883/5883 1789/5884/5884
f 1787/5885/5885 1790/5886/5886 1794/5887/5887
f 1787/5885/5885 1794/5887/5887 1791/5888/5888
f 1792/5889/5889 1791/5890/5890 1795/5891/5891
f 1792/5889/5889 1795/5891/5891 1796/5892/5892
f 1793/5893/5893 1797/5894/5894 1798/5895/5895
f 1793/5893/5893 1798/5895/5895 1794/5896/5896
f 1792/5897/5897 1796/5898/5898 1797/5899/5899
f 1792/5897/5897 1797/5899/5899 1793/5900/5900
f 1791/5901/5901 1794/5902/5902 1798/5903/5903
f 1791/5901/5901 1798/5903/5903 1795/5904/5904
f 1796/5905/5905 1795/5906/5906 1799/5907/5907
f 1796/5905/5905 1799/5907/5907 1800/5908/5908
f 1797/5909/5909 1801/5910/5910 1802/5911/5911
f 1797/5909/5909 1802/5911/5911 1798/5912/5912
f 1796/5913/5913 1800/5914/5914 1801/5915/5915
f 1796/5913/5913 1801/5915/5915 1797/5916/5916
f 1795/5917/5917 1798/5918/5918 1802/5919/5919
f 1795/5917/5917 1802/5919/5919 1799/5920/5920
f 1800/5921/5921 1799/5922/5922 1803/5923/5923
f 1800/5921/5921 1803/5923/5923 1804/5924/5924
f 1801/5925/5925 1805/5926/5926 1806/5927/5927
f 1801/5925/5925 1806/5927/5927 1802/5928/5928
f 1800/5929/5929 1804/5930/5930 1805/5931/5931
f 1800/5929/5929 1805/5931/5931 1801/5932/5932
f 1799/5933/5933 1802/5934/5934 1806/5935/5935
f 1799/5933/5933 1806/5935/5935 1803/5936/5936
f 1804/5937/5937 1803/5938/5938 1807/5939/5939
f 1804/5937/5937 1807/5939/5939 1808/5940/5940
f 1805/5941/5941 1809/5942/5942 1810/5943/5943
f 1805/5941/5941 1810/5943/5943 1806/5944/5944
f 1808/5945/5945 1807/5946/5946 1810/5947/5947
f 1808/5945/5945 1810/5947/5947 1809/5948/5948
f 1804/5949/5949 1808/5950/5950 1809/5951/5951
f 1804/5949/5949 1809/5951/5951 1805/5952/5952
f 1803/5953/5953 1806/5954/5954 1810/5955/5955
f 1803/5953/5953 1810/5955/5955 1807/5956/5956
f 1811/5957/5957 1812/5958/5958 1813/5959/5959
f 1811/5957/5957 1813/5959/5959 1814/5960/5960
f 1815/5961/5961 1816/5962/5962 1817/5963/5963
f 1815/5961/5961 1817/5963/5963 1818/5964/5964
f 1811/5965/5965 1815/5966/5966 1818/5967/5967
f 1811/5965/5965 1818/5967/5967 1812/5968/5968
f 1814/5969/5969 1813/5970/5970 1817/5971/5971
f 1814/5969/5969 1817/5971/5971 1816/5972/5972
f 1812/5973/5973 1818/5974/5974 1817/5975/5975
f 1812/5973/5973 1817/5975/5975 1813/5976/5976
f 1819/5977/5977 1820/5978/5978 1821/5979/5979
f 1819/5977/5977 1821/5979/5979 1822/5980/5980
f 1823/5981/5981 1824/5982/5982 1825/5983/5983
f 1823/5981/5981 1825/5983/5983 1826/5984/5984
f 1819/5985/5985 1823/5986/5986 1826/5987/5987
f 1819/5985/5985 1826/5987/5987 1820/5988/5988
f 1822/5989/5989 1821/5990/5990 1825/5991/5991
f 1822/5989/5989 1825/5991/5991 1824/5992/5992
f 1820/5993/5993 1826/5994/5994 1825/5995/5995
f 1820/5993/5993 1825/5995/5995 1821/5996/5996
f 1827/5997/5997 1828/5998/5998 1829/5999/5999
f 1827/5997/5997 1829/5999/5999 1830/6000/6000
f 1831/6001/6001 1832/6002/6002 1833/6003/6003
f 1831/6001/6001 1833/6003/6003 1834/6004/6004
f 1827/6005/6005 1831/6006/6006 1834/6007/6007
f 1827/6005/6005 1834/6007/6007 1828/6008/6008
f 1830/6009/6009 1829/6010/6010 1833/6011/6011
f 1830/6009/6009 1833/6011/6011 1832/6012/6012
f 1828/6013/6013 1834/6014/6014 1833/6015/6015
f 1828/6013/6013 1833/6015/6015 1829/6016/6016
f 1835/6017/6017 1836/6018/6018 1837/6019/6019
f 1835/6017/6017 1837/6019/6019 1838/6020/6020
f 1839/6021/6021 1840/6022/6022 1841/6023/6023
f 1839/6021/6021 1841/6023/6023 1842/6024/6024
f 1835/6025/6025 1839/6026/6026 1842/6027/6027
f 1835/6025/6025 1842/6027/6027 1836/6028/6028
f 1838/6029/6029 1837/6030/6030 1841/6031/6031
f 1838/6029/6029 1841/6031/6031 1840/6032/6032
f 1836/6033/6033 1842/6034/6034 1841/6035/6035
f 1836/6033/6033 1841/6035/6035 1837/6036/6036
f 1843/6037/6037 1844/6038/6038 1845/6039/6039
f 1843/6037/6037 1845/6039/6039 1846/6040/6040
f 1847/6041/6041 1848/6042/6042 1849/6043/6043
f 1847/6041/6041 1849/6043/6043 1850/6044/6044
f 1843/6045/6045 1847/6046/6046 1850/6047/6047
f 1843/6045/6045 1850/6047/6047 1844/6048/6048
f 1846/6049/6049 1845/6050/6050 1849/6051/6051
f 1846/6049/6049 1849/6051/6051 1848/6052/6052
f 1844/6053/6053 1850/6054/6054 1849/6055/6055
f 1844/6053/6053 1849/6055/6055 1845/6056/6056
f 1851/6057/6057 1852/6058/6058 1853/6059/6059
f 1851/6057/6057 1853/6059/6059 1854/6060/6060
f 1855/6061/6061 1856/6062/6062 1857/6063/6063
f 1855/6061/6061 1857/6063/6063 1858/6064/6064
f 1851/6065/6065 1855/6066/6066 1858/6067/6067
f 1851/6065/6065 1858/6067/6067 1852/6068/6068
f 1854/6069/6069 1853/6070/6070 1857/6071/6071
f 1854/6069/6069 1857/6071/6071 1856/6072/6072
f 1852/6073/6073 1858/6074/6074 1857/6075/6075
f 1852/6073/6073 1857/6075/6075 1853/6076/6076
f 1859/6077/6077 1860/6078/6078 1861/6079/6079
f 1859/6077/6077 1861/6079/6079 1862/6080/6080
f 1863/6081/6081 1864/6082/6082 1865/6083/6083
f 1863/6081/6081 1865/6083/6083 1866/6084/6084
f 1859/6085/6085 1863/6086/6086 1866/6087/6087
f 1859/6085/6085 1866/6087/6087 1860/6088/6088
f 1862/6089/6089 1861/6090/6090 1865/6091/6091
f 1862/6089/6089 1865/6091/6091 1864/6092/6092
f 1860/6093/6093 1866/6094/6094 1865/6095/6095
f 1860/6093/6093 1865/6095/6095 1861/6096/6096
f 1867/6097/6097 1868/6098/6098 1869/6099/6099
f 1867/6097/6097 1869/6099/6099 1870/6100/6100
f 1871/6101/6101 1872/6102/6102 1873/6103/6103
f 1871/6101/6101 1873/6103/6103 1874/6104/6104
f 1867/6105/6105 1871/6106/6106 1874/6107/6107
f 1867/6105/6105 1874/6107/6107 1868/6108/6108
f 1870/6109/6109 1869/6110/6110 1873/6111/6111
f 1870/6109/6109 1873/6111/6111 1872/6112/6112
f 1868/6113/6113 1874/6114/6114 1873/6115/6115
f 1868/6113/6113 1873/6115/6115 1869/6116/6116
f 1875/6117/6117 1876/6118/6118 1877/6119/6119
f 1875/6117/6117 1877/6119/6119 1878/6120/6120
f 1879/6121/6121 1880/6122/6122 1881/6123/6123
f 1879/6121/6121 1881/6123/6123 1882/6124/6124
f 1875/6125/6125 1879/6126/6126 1882/6127/6127
f 1875/6125/6125 1882/6127/6127 1876/6128/6128
f 1878/6129/6129 1877/6130/6130 1881/6131/6131
f 1878/6129/6129 1881/6131/6131 1880/6132/6132
f 1876/6133/6133 1882/6134/6134 1881/6135/6135
f 1876/6133/6133 1881/6135/6135 1877/6136/6136
f 1883/6137/6137 1884/6138/6138 1885/6139/6139
f 1883/6137/6137 1885/6139/6139 1886/6140/6140
f 1887/6141/6141 1888/6142/6142 1889/6143/6143
f 1887/6141/6141 1889/6143/6143 1890/6144/6144
f 1883/6145/6145 1887/6146/6146 1890/6147/6147
f 1883/6145/6145 1890/6147/6147 1884/6148/6148
f 1886/6149/6149 1885/6150/6150 1889/6151/6151
f 1886/6149/6149 1889/6151/6151 1888/6152/6152
f 1884/6153/6153 1890/6154/6154 1889/6155/6155
f 1884/6153/6153 1889/6155/6155 1885/6156/6156
f 1371/6157/6157 1891/6158/6158 1892/6159/6159
f 1371/6157/6157 1892/6159/6159 1893/6160/6160
f 1894/6161/6161 1895/6162/6162 1896/6163/6163
f 1894/6161/6161 1896/6163/6163 1897/6164/6164
f 1371/6165/6165 1894/6166/6166 1897/6167/6167
f 1371/6165/6165 1897/6167/6167 1891/6168/6168
f 1371/6169/6169 1893/6170/6170 1895/6171/6171
f 1371/6169/6169 1895/6171/6171 1894/6172/6172
f 1891/6173/6173 1897/6174/6174 1896/6175/6175
f 1891/6173/6173 1896/6175/6175 1892/6176/6176
f 1893/6177/6177 1892/6178/6178 1898/6179/6179
f 1893/6177/6177 1898/6179/6179 1899/6180/6180
f 1895/6181/6181 1900/6182/6182 1901/6183/6183
f 1895/6181/6181 1901/6183/6183 1896/6184/6184
f 1893/6185/6185 1899/6186/6186 1900/6187/6187
f 1893/6185/6185 1900/6187/6187 1895/6188/6188
f 1892/6189/6189 1896/6190/6190 1901/6191/6191
f 1892/6189/6189 1901/6191/6191 1898/6192/6192
f 1899/6193/6193 1898/6194/6194 1902/6195/6195
f 1899/6193/6193 1902/6195/6195 1903/6196/6196
f 1900/6197/6197 1904/6198/6198 1905/6199/6199
f 1900/6197/6197 1905/6199/6199 1901/6200/6200
f 1899/6201/6201 1903/6202/6202 1904/6203/6203
f 1899/6201/6201 1904/6203/6203 1900/6204/6204
f 1898/6205/6205 1901/6206/6206 1905/6207/6207
f 1898/6205/6205 1905/6207/6207 1902/6208/6208
f 1903/6209/6209 1902/6210/6210 1906/6211/6211
f 1903/6209/6209 1906/6211/6211 1907/6212/6212
f 1904/6213/6213 1908/6214/6214 1909/6215/6215
f 1904/6213/6213 1909/6215/6215 1905/6216/6216
f 1903/6217/6217 1907/6218/6218 1908/6219/6219
f 1903/6217/6217 1908/6219/6219 1904/6220/6220
f 1902/6221/6221 1905/6222/6222 1909/6223/6223
f 1902/6221/6221 1909/6223/6223 1906/6224/6224
f 1907/6225/6225 1906/6226/6226 1910/6227/6227
f 1907/6225/6225 1910/6227/6227 1911/6228/6228
f 1908/6229/6229 1912/6230/6230 1913/6231/6231
f 1908/6229/6229 1913/6231/6231 1909/6232/6232
f 1907/6233/6233 1911/6234/6234 1912/6235/6235
f 1907/6233/6233 1912/6235/6235 1908/6236/6236
f 1906/6237/6237 1909/6238/6238 1913/6239/6239
f 1906/6237/6237 1913/6239/6239 1910/6240/6240
f 1911/6241/6241 1910/6242/6242 1914/6243/6243
f 1911/6241/6241 1914/6243/6243 1915/6244/6244
f 1912/6245/6245 1916/6246/6246 1917/6247/6247
f 1912/6245/6245 1917/6247/6247 1913/6248/6248
f 1915/6249/6249 1914/6250/6250 1917/6251/6251
f 1915/6249/6249 1917/6251/6251 1916/6252/6252
f 1911/6253/6253 1915/6254/6254 1916/6255/6255
f 1911/6253/6253 1916/6255/6255 1912/6256/6256
f 1910/6257/6257 1913/6258/6258 1917/6259/6259
f 1910/6257/6257 1917/6259/6259 1914/6260/6260
f 1918/6261/6261 1919/6262/6262 1920/6263/6263
f 1918/6261/6261 1920/6263/6263 1921/6264/6264
f 1922/6265/6265 1923/6266/6266 1924/6267/6267
f 1922/6265/6265 1924/6267/6267 1925/6268/6268
f 1918/6269/6269 1922/6270/6270 1925/6271/6271
f 1918/6269/6269 1925/6271/6271 1919/6272/6272
f 1918/6273/6273 1921/6274/6274 1923/6275/6275
f 1918/6273/6273 1923/6275/6275 1922/6276/6276
f 1919/6277/6277 1925/6278/6278 1924/6279/6279
f 1919/6277/6277 1924/6279/6279 1920/6280/6280
f 1921/6281/6281 1920/6282/6282 1926/6283/6283
f 1921/6281/6281 1926/6283/6283 1927/6284/6284
f 1923/6285/6285 1928/6286/6286 1929/6287/6287
f 1923/6285/6285 1929/6287/6287 1924/6288/6288
f 1921/6289/6289 1927/6290/6290 1928/6291/6291
f 1921/6289/6289 1928/6291/6291 1923/6292/6292
f 1920/6293/6293 1924/6294/6294 1929/6295/6295
f 1920/6293/6293 1929/6295/6295 1926/6296/6296
f 1927/6297/6297 1926/6298/6298 1930/6299/6299
f 1927/6297/6297 1930/6299/6299 1931/6300/6300
f 1928/6301/6301 1932/6302/6302 1933/6303/6303
f 1928/6301/6301 1933/6303/6303 1929/6304/6304
f 1927/6305/6305 1931/6306/6306 1932/6307/6307
f 1927/6305/6305 1932/6307/6307 1928/6308/6308
f 1926/6309/6309 1929/6310/6310 1933/6311/6311
f 1926/6309/6309 1933/6311/6311 1930/6312/6312
f 1931/6313/6313 1930/6314/6314 1934/6315/6315
f 1931/6313/6313 1934/6315/6315 1935/6316/6316
f 1932/6317/6317 1936/6318/6318 1937/6319/6319
f 1932/6317/6317 1937/6319/6319 1933/6320/6320
f 1931/6321/6321 1935/6322/6322 1936/6323/6323
f 1931/6321/6321 1936/6323/6323 1932/6324/6324
f 1930/6325/6325 1933/6326/6326 1937/6327/6327
f 1930/6325/6325 1937/6327/6327 1934/6328/6328
f 1935/6329/6329 1934/6330/6330 1938/6331/6331
f 1935/6329/6329 1938/6331/6331 1939/6332/6332
f 1936/6333/6333 1940/6334/6334 1941/6335/6335
f 1936/6333/6333 1941/6335/6335 1937/6336/6336
f 1935/6337/6337 1939/6338/6338 1940/6339/6339
f 1935/6337/6337 1940/6339/6339 1936/6340/6340
f 1934/6341/6341 1937/6342/6342 1941/6343/6343
f 1934/6341/6341 1941/6343/6343 1938/6344/6344
f 1939/6345/6345 1938/6346/6346 1942/6347/6347
f 1939/6345/6345 1942/6347/6347 1380/6348/6348
f 1940/6349/6349 1943/6350/6350 1944/6351/6351
f 1940/6349/6349 1944/6351/6351 1941/6352/6352
f 1380/6353/6353 1942/6354/6354 1944/6355/6355
f 1380/6353/6353 1944/6355/6355 1943/6356/6356
f 1939/6357/6357 1380/6358/6358 1943/6359/6359
f 1939/6357/6357 1943/6359/6359 1940/6360/6360
f 1938/6361/6361 1941/6362/6362 1944/6363/6363
f 1938/6361/6361 1944/6363/6363 1942/6364/6364
f 1915/6365/6365 1914/6366/6366 1919/6367/6367
f 1915/6365/6365 1919/6367/6367 1918/6368/6368
f 1945/6369/6369 1946/6370/6370 1947/6371/6371
f 1945/6369/6369 1947/6371/6371 1948/6372/6372
f 1915/6373/6373 1945/6374/6374 1948/6375/6375
f 1915/6373/6373 1948/6375/6375 1914/6376/6376
f 1918/6377/6377 1919/6378/6378 1947/6379/6379
f 1918/6377/6377 1947/6379/6379 1946/6380/6380
f 1915/6381/6381 1918/6382/6382 1946/6383/6383
f 1915/6381/6381 1946/6383/6383 1945/6384/6384
f 1914/6385/6385 1948/6386/6386 1947/6387/6387
f 1914/6385/6385 1947/6387/6387 1919/6388/6388
f 1949/6389/6389 1950/6390/6390 1951/6391/6391
f 1949/6389/6389 1951/6391/6391 1952/6392/6392
f 1916/6393/6393 1922/6394/6394 1925/6395/6395
f 1916/6393/6393 1925/6395/6395 1917/6396/6396
f 1949/6397/6397 1916/6398/6398 1917/6399/6399
f 1949/6397/6397 1917/6399/6399 1950/6400/6400
f 1952/6401/6401 1951/6402/6402 1925/6403/6403
f 1952/6401/6401 1925/6403/6403 1922/6404/6404
f 1949/6405/6405 1952/6406/6406 1922/6407/6407
f 1949/6405/6405 1922/6407/6407 1916/6408/6408
f 1950/6409/6409 1917/6410/6410 1925/6411/6411
f 1950/6409/6409 1925/6411/6411 1951/6412/6412
f 1953/6413/6413 1954/6414/6414 1955/6415/6415
f 1953/6413/6413 1955/6415/6415 1956/6416/6416
f 1957/6417/6417 1958/6418/6418 1959/6419/6419
f 1957/6417/6417 1959/6419/6419 1960/6420/6420
f 1953/6421/6421 1957/6422/6422 1960/6423/6423
f 1953/6421/6421 1960/6423/6423 1954/6424/6424
f 1956/6425/6425 1955/6426/6426 1959/6427/6427
f 1956/6425/6425 1959/6427/6427 1958/6428/6428
f 1953/6429/6429 1956/6430/6430 1958/6431/6431
f 1953/6429/6429 1958/6431/6431 1957/6432/6432
f 1954/6433/6433 1960/6434/6434 1959/6435/6435
f 1954/6433/6433 1959/6435/6435 1955/6436/6436
f 1236/6437/6437 1954/6438/6438 1961/6439/6439
f 1236/6437/6437 1961/6439/6439 1962/6440/6440
f 1238/6441/6441 1963/6442/6442 1964/6443/6443
f 1238/6441/6441 1964/6443/6443 1960/6444/6444
f 1236/6445/6445 1238/6446/6446 1960/6447/6447
f 1236/6445/6445 1960/6447/6447 1954/6448/6448
f 1962/6449/6449 1961/6450/6450 1964/6451/6451
f 1962/6449/6449 1964/6451/6451 1963/6452/6452
f 1236/6453/6453 1962/6454/6454 1963/6455/6455
f 1236/6453/6453 1963/6455/6455 1238/6456/6456
f 1954/6457/6457 1960/6458/6458 1964/6459/6459
f 1954/6457/6457 1964/6459/6459 1961/6460/6460
f 1965/6461/6461 1966/6462/6462 1967/6463/6463
f 1965/6461/6461 1967/6463/6463 1968/6464/6464
f 1969/6465/6465 1970/6466/6466 1971/6467/6467
f 1969/6465/6465 1971/6467/6467 1972/6468/6468
f 1965/6469/6469 1969/6470/6470 1972/6471/6471
f 1965/6469/6469 1972/6471/6471 1966/6472/6472
f 1968/6473/6473 1967/6474/6474 1971/6475/6475
f 1968/6473/6473 1971/6475/6475 1970/6476/6476
f 1965/6477/6477 1968/6478/6478 1970/6479/6479
f 1965/6477/6477 1970/6479/6479 1969/6480/6480
f 1966/6481/6481 1972/6482/6482 1971/6483/6483
f 1966/6481/6481 1971/6483/6483 1967/6484/6484
f 1955/6485/6485 1966/6486/6486 1973/6487/6487
f 1955/6485/6485 1973/6487/6487 1974/6488/6488
f 1959/6489/6489 1975/6490/6490 1976/6491/6491
f 1959/6489/6489 1976/6491/6491 1972/6492/6492
f 1955/6493/6493 1959/6494/6494 1972/6495/6495
f 1955/6493/6493 1972/6495/6495 1966/6496/6496
f 1974/6497/6497 1973/6498/6498 1976/6499/6499
f 1974/6497/6497 1976/6499/6499 1975/6500/6500
f 1955/6501/6501 1974/6502/6502 1975/6503/6503
f 1955/6501/6501 1975/6503/6503 1959/6504/6504
f 1966/6505/6505 1972/6506/6506 1976/6507/6507
f 1966/6505/6505 1976/6507/6507 1973/6508/6508
f 1977/6509/6509 1978/6510/6510 1979/6511/6511
f 1977/6509/6509 1979/6511/6511 1980/6512/6512
f 1981/6513/6513 1982/6514/6514 1983/6515/6515
f 1981/6513/6513 1983/6515/6515 1984/6516/6516
f 1977/6517/6517 1981/6518/6518 1984/6519/6519
f 1977/6517/6517 1984/6519/6519 1978/6520/6520
f 1980/6521/6521 1979/6522/6522 1983/6523/6523
f 1980/6521/6521 1983/6523/6523 1982/6524/6524
f 1977/6525/6525 1980/6526/6526 1982/6527/6527
f 1977/6525/6525 1982/6527/6527 1981/6528/6528
f 1978/6529/6529 1984/6530/6530 1983/6531/6531
f 1978/6529/6529 1983/6531/6531 1979/6532/6532
f 1967/6533/6533 1978/6534/6534 1985/6535/6535
f 1967/6533/6533 1985/6535/6535 1986/6536/6536
f 1971/6537/6537 1987/6538/6538 1988/6539/6539
f 1971/6537/6537 1988/6539/6539 1984/6540/6540
f 1967/6541/6541 1971/6542/6542 1984/6543/6543
f 1967/6541/6541 1984/6543/6543 1978/6544/6544
f 1986/6545/6545 1985/6546/6546 1988/6547/6547
f 1986/6545/6545 1988/6547/6547 1987/6548/6548
f 1967/6549/6549 1986/6550/6550 1987/6551/6551
f 1967/6549/6549 1987/6551/6551 1971/6552/6552
f 1978/6553/6553 1984/6554/6554 1988/6555/6555
f 1978/6553/6553 1988/6555/6555 1985/6556/6556
f 1989/6557/6557 1990/6558/6558 1991/6559/6559
f 1989/6557/6557 1991/6559/6559 1992/6560/6560
f 1993/6561/6561 1994/6562/6562 1995/6563/6563
f 1993/6561/6561 1995/6563/6563 1996/6564/6564
f 1989/6565/6565 1993/6566/6566 1996/6567/6567
f 1989/6565/6565 1996/6567/6567 1990/6568/6568
f 1992/6569/6569 1991/6570/6570 1995/6571/6571
f 1992/6569/6569 1995/6571/6571 1994/6572/6572
f 1989/6573/6573 1992/6574/6574 1994/6575/6575
f 1989/6573/6573 1994/6575/6575 1993/6576/6576
f 1990/6577/6577 1996/6578/6578 1995/6579/6579
f 1990/6577/6577 1995/6579/6579 1991/6580/6580
f 1979/6581/6581 1990/6582/6582 1997/6583/6583
f 1979/6581/6581 1997/6583/6583 1998/6584/6584
f 1983/6585/6585 1999/6586/6586 2000/6587/6587
f 1983/6585/6585 2000/6587/6587 1996/6588/6588
f 1979/6589/6589 1983/6590/6590 1996/6591/6591
f 1979/6589/6589 1996/6591/6591 1990/6592/6592
f 1998/6593/6593 1997/6594/6594 2000/6595/6595
f 1998/6593/6593 2000/6595/6595 1999/6596/6596
f 1979/6597/6597 1998/6598/6598 1999/6599/6599
f 1979/6597/6597 1999/6599/6599 1983/6600/6600
f 1990/6601/6601 1996/6602/6602 2000/6603/6603
f 1990/6601/6601 2000/6603/6603 1997/6604/6604
f 2001/6605/6605 2002/6606/6606 2003/6607/6607
f 2001/6605/6605 2003/6607/6607 2004/6608/6608
f 2005/6609/6609 2006/6610/6610 2007/6611/6611
f 2005/6609/6609 2007/6611/6611 2008/6612/6612
f 2001/6613/6613 2005/6614/6614 2008/6615/6615
f 2001/6613/6613 2008/6615/6615 2002/6616/6616
f 2004/6617/6617 2003/6618/6618 2007/6619/6619
f 2004/6617/6617 2007/6619/6619 2006/6620/6620
f 2001/6621/6621 2004/6622/6622 2006/6623/6623
f 2001/6621/6621 2006/6623/6623 2005/6624/6624
f 2002/6625/6625 2008/6626/6626 2007/6627/6627
f 2002/6625/6625 2007/6627/6627 2003/6628/6628
f 1991/6629/6629 2002/6630/6630 2009/6631/6631
f 1991/6629/6629 2009/6631/6631 2010/6632/6632
f 1995/6633/6633 2011/6634/6634 2012/6635/6635
f 1995/6633/6633 2012/6635/6635 2008/6636/6636
f 1991/6637/6637 1995/6638/6638 2008/6639/6639
f 1991/6637/6637 2008/6639/6639 2002/6640/6640
f 2010/6641/6641 2009/6642/6642 2012/6643/6643
f 2010/6641/6641 2012/6643/6643 2011/6644/6644
f 1991/6645/6645 2010/6646/6646 2011/6647/6647
f 1991/6645/6645 2011/6647/6647 1995/6648/6648
f 2002/6649/6649 2008/6650/6650 2012/6651/6651
f 2002/6649/6649 2012/6651/6651 2009/6652/6652
f 2013/6653/6653 2014/6654/6654 2015/6655/6655
f 2013/6653/6653 2015/6655/6655 2016/6656/6656
f 2017/6657/6657 2018/6658/6658 2019/6659/6659
f 2017/6657/6657 2019/6659/6659 2020/6660/6660
f 2013/6661/6661 2017/6662/6662 2020/6663/6663
f 2013/6661/6661 2020/6663/6663 2014/6664/6664
f 2016/6665/6665 2015/6666/6666 2019/6667/6667
f 2016/6665/6665 2019/6667/6667 2018/6668/6668
f 2013/6669/6669 2016/6670/6670 2018/6671/6671
f 2013/6669/6669 2018/6671/6671 2017/6672/6672
f 2014/6673/6673 2020/6674/6674 2019/6675/6675
f 2014/6673/6673 2019/6675/6675 2015/6676/6676
f 2003/6677/6677 2014/6678/6678 2021/6679/6679
f 2003/6677/6677 2021/6679/6679 2022/6680/6680
f 2007/6681/6681 2023/6682/6682 2024/6683/6683
f 2007/6681/6681 2024/6683/6683 2020/6684/6684
f 2003/6685/6685 2007/6686/6686 2020/6687/6687
f 2003/6685/6685 2020/6687/6687 2014/6688/6688
f 2022/6689/6689 2021/6690/6690 2024/6691/6691
f 2022/6689/6689 2024/6691/6691 2023/6692/6692
f 2003/6693/6693 2022/6694/6694 2023/6695/6695
f 2003/6693/6693 2023/6695/6695 2007/6696/6696
f 2014/6697/6697 2020/6698/6698 2024/6699/6699
f 2014/6697/6697 2024/6699/6699 2021/6700/6700
f 2025/6701/6701 2026/6702/6702 2027/6703/6703
f 2025/6701/6701 2027/6703/6703 2028/6704/6704
f 2029/6705/6705 2030/6706/6706 2031/6707/6707
f 2029/6705/6705 2031/6707/6707 2032/6708/6708
f 2025/6709/6709 2029/6710/6710 2032/6711/6711
f 2025/6709/6709 2032/6711/6711 2026/6712/6712
f 2028/6713/6713 2027/6714/6714 2031/6715/6715
f 2028/6713/6713 2031/6715/6715 2030/6716/6716
f 2025/6717/6717 2028/6718/6718 2030/6719/6719
f 2025/6717/6717 2030/6719/6719 2029/6720/6720
f 2026/6721/6721 2032/6722/6722 2031/6723/6723
f 2026/6721/6721 2031/6723/6723 2027/6724/6724
f 2015/6725/6725 2026/6726/6726 2033/6727/6727
f 2015/6725/6725 2033/6727/6727 2034/6728/6728
f 2019/6729/6729 2035/6730/6730 2036/6731/6731
f 2019/6729/6729 2036/6731/6731 2032/6732/6732
f 2015/6733/6733 2019/6734/6734 2032/6735/6735
f 2015/6733/6733 2032/6735/6735 2026/6736/6736
f 2034/6737/6737 2033/6738/6738 2036/6739/6739
f 2034/6737/6737 2036/6739/6739 2035/6740/6740
f 2015/6741/6741 2034/6742/6742 2035/6743/6743
f 2015/6741/6741 2035/6743/6743 2019/6744/6744
f 2026/6745/6745 2032/6746/6746 2036/6747/6747
f 2026/6745/6745 2036/6747/6747 2033/6748/6748
f 2037/6749/6749 2038/6750/6750 2039/6751/6751
f 2037/6749/6749 2039/6751/6751 2040/6752/6752
f 2041/6753/6753 2042/6754/6754 2043/6755/6755
f 2041/6753/6753 2043/6755/6755 2044/6756/6756
f 2037/6757/6757 2041/6758/6758 2044/6759/6759
f 2037/6757/6757 2044/6759/6759 2038/6760/6760
f 2040/6761/6761 2039/6762/6762 2043/6763/6763
f 2040/6761/6761 2043/6763/6763 2042/6764/6764
f 2037/6765/6765 2040/6766/6766 2042/6767/6767
f 2037/6765/6765 2042/6767/6767 2041/6768/6768
f 2038/6769/6769 2044/6770/6770 2043/6771/6771
f 2038/6769/6769 2043/6771/6771 2039/6772/6772
f 2027/6773/6773 2038/6774/6774 2045/6775/6775
f 2027/6773/6773 2045/6775/6775 2046/6776/6776
f 2031/6777/6777 2047/6778/6778 2048/6779/6779
f 2031/6777/6777 2048/6779/6779 2044/6780/6780
f 2027/6781/6781 2031/6782/6782 2044/6783/6783
f 2027/6781/6781 2044/6783/6783 2038/6784/6784
f 2046/6785/6785 2045/6786/6786 2048/6787/6787
f 2046/6785/6785 2048/6787/6787 2047/6788/6788
f 2027/6789/6789 2046/6790/6790 2047/6791/6791
f 2027/6789/6789 2047/6791/6791 2031/6792/6792
f 2038/6793/6793 2044/6794/6794 2048/6795/6795
f 2038/6793/6793 2048/6795/6795 2045/6796/6796
f 2049/6797/6797 2050/6798/6798 2051/6799/6799
f 2049/6797/6797 2051/6799/6799 2052/6800/6800
f 2053/6801/6801 2054/6802/6802 2055/6803/6803
f 2053/6801/6801 2055/6803/6803 2056/6804/6804
f 2049/6805/6805 2053/6806/6806 2056/6807/6807
f 2049/6805/6805 2056/6807/6807 2050/6808/6808
f 2052/6809/6809 2051/6810/6810 2055/6811/6811
f 2052/6809/6809 2055/6811/6811 2054/6812/6812
f 2049/6813/6813 2052/6814/6814 2054/6815/6815
f 2049/6813/6813 2054/6815/6815 2053/6816/6816
f 2050/6817/6817 2056/6818/6818 2055/6819/6819
f 2050/6817/6817 2055/6819/6819 2051/6820/6820
f 2039/6821/6821 2050/6822/6822 2057/6823/6823
f 2039/6821/6821 2057/6823/6823 2058/6824/6824
f 2043/6825/6825 2059/6826/6826 2060/6827/6827
f 2043/6825/6825 2060/6827/6827 2056/6828/6828
f 2039/6829/6829 2043/6830/6830 2056/6831/6831
f 2039/6829/6829 2056/6831/6831 2050/6832/6832
f 2058/6833/6833 2057/6834/6834 2060/6835/6835
f 2058/6833/6833 2060/6835/6835 2059/6836/6836
f 2039/6837/6837 2058/6838/6838 2059/6839/6839
f 2039/6837/6837 2059/6839/6839 2043/6840/6840
f 2050/6841/6841 2056/6842/6842 2060/6843/6843
f 2050/6841/6841 2060/6843/6843 2057/6844/6844
f 2061/6845/6845 2062/6846/6846 2063/6847/6847
f 2061/6845/6845 2063/6847/6847 2064/6848/6848
f 2065/6849/6849 2066/6850/6850 2067/6851/6851
f 2065/6849/6849 2067/6851/6851 2068/6852/6852
f 2061/6853/6853 2065/6854/6854 2068/6855/6855
f 2061/6853/6853 2068/6855/6855 2062/6856/6856
f 2064/6857/6857 2063/6858/6858 2067/6859/6859
f 2064/6857/6857 2067/6859/6859 2066/6860/6860
f 2061/6861/6861 2064/6862/6862 2066/6863/6863
f 2061/6861/6861 2066/6863/6863 2065/6864/6864
f 2062/6865/6865 2068/6866/6866 2067/6867/6867
f 2062/6865/6865 2067/6867/6867 2063/6868/6868
f 2051/6869/6869 2062/6870/6870 2069/6871/6871
f 2051/6869/6869 2069/6871/6871 2070/6872/6872
f 2055/6873/6873 2071/6874/6874 2072/6875/6875
f 2055/6873/6873 2072/6875/6875 2068/6876/6876
f 2051/6877/6877 2055/6878/6878 2068/6879/6879
f 2051/6877/6877 2068/6879/6879 2062/6880/6880
f 2070/6881/6881 2069/6882/6882 2072/6883/6883
f 2070/6881/6881 2072/6883/6883 2071/6884/6884
f 2051/6885/6885 2070/6886/6886 2071/6887/6887
f 2051/6885/6885 2071/6887/6887 2055/6888/6888
f 2062/6889/6889 2068/6890/6890 2072/6891/6891
f 2062/6889/6889 2072/6891/6891 2069/6892/6892
f 2073/6893/6893 2074/6894/6894 1947/6895/6895
f 2073/6893/6893 1947/6895/6895 2075/6896/6896
f 2076/6897/6897 2077/6898/6898 1951/6899/6899
f 2076/6897/6897 1951/6899/6899 2078/6900/6900
f 2073/6901/6901 2076/6902/6902 2078/6903/6903
f 2073/6901/6901 2078/6903/6903 2074/6904/6904
f 2075/6905/6905 1947/6906/6906 1951/6907/6907
f 2075/6905/6905 1951/6907/6907 2077/6908/6908
f 2073/6909/6909 2075/6910/6910 2077/6911/6911
f 2073/6909/6909 2077/6911/6911 2076/6912/6912
f 2074/6913/6913 2078/6914/6914 1951/6915/6915
f 2074/6913/6913 1951/6915/6915 1947/6916/6916
f 2063/6917/6917 2074/6918/6918 2079/6919/6919
f 2063/6917/6917 2079/6919/6919 2080/6920/6920
f 2067/6921/6921 2081/6922/6922 2082/6923/6923
f 2067/6921/6921 2082/6923/6923 2078/6924/6924
f 2063/6925/6925 2067/6926/6926 2078/6927/6927
f 2063/6925/6925 2078/6927/6927 2074/6928/6928
f 2080/6929/6929 2079/6930/6930 2082/6931/6931
f 2080/6929/6929 2082/6931/6931 2081/6932/6932
f 2063/6933/6933 2080/6934/6934 2081/6935/6935
f 2063/6933/6933 2081/6935/6935 2067/6936/6936
f 2074/6937/6937 2078/6938/6938 2082/6939/6939
f 2074/6937/6937 2082/6939/6939 2079/6940/6940
f 1891/6941/6941 2083/6942/6942 2084/6943/6943
f 1891/6941/6941 2084/6943/6943 2085/6944/6944
f 2086/6945/6945 2087/6946/6946 2088/6947/6947
f 2086/6945/6945 2088/6947/6947 2089/6948/6948
f 1891/6949/6949 2086/6950/6950 2089/6951/6951
f 1891/6949/6949 2089/6951/6951 2083/6952/6952
f 2085/6953/6953 2084/6954/6954 2088/6955/6955
f 2085/6953/6953 2088/6955/6955 2087/6956/6956
f 2090/6957/6957 2091/6958/6958 2092/6959/6959
f 2090/6957/6957 2092/6959/6959 1942/6960/6960
f 2093/6961/6961 2094/6962/6962 2095/6963/6963
f 2093/6961/6961 2095/6963/6963 2096/6964/6964
f 2090/6965/6965 2093/6966/6966 2096/6967/6967
f 2090/6965/6965 2096/6967/6967 2091/6968/6968
f 1942/6969/6969 2092/6970/6970 2095/6971/6971
f 1942/6969/6969 2095/6971/6971 2094/6972/6972
f 1891/6973/6973 2083/6974/6974 2097/6975/6975
f 1891/6973/6973 2097/6975/6975 2098/6976/6976
f 2099/6977/6977 2100/6978/6978 2101/6979/6979
f 2099/6977/6977 2101/6979/6979 2102/6980/6980
f 1891/6981/6981 2099/6982/6982 2102/6983/6983
f 1891/6981/6981 2102/6983/6983 2083/6984/6984
f 2098/6985/6985 2097/6986/6986 2101/6987/6987
f 2098/6985/6985 2101/6987/6987 2100/6988/6988
f 2083/6989/6989 2103/6990/6990 2104/6991/6991
f 2083/6989/6989 2104/6991/6991 2105/6992/6992
f 2089/6993/6993 2106/6994/6994 2107/6995/6995
f 2089/6993/6993 2107/6995/6995 2108/6996/6996
f 2083/6997/6997 2089/6998/6998 2108/6999/6999
f 2083/6997/6997 2108/6999/6999 2103/7000/7000
f 2083/7001/7001 2105/7002/7002 2106/7003/7003
f 2083/7001/7001 2106/7003/7003 2089/7004/7004
f 2103/7005/7005 2108/7006/7006 2107/7007/7007
f 2103/7005/7005 2107/7007/7007 2104/7008/7008
f 2105/7009/7009 2104/7010/7010 2109/7011/7011
f 2105/7009/7009 2109/7011/7011 2097/7012/7012
f 2106/7013/7013 2110/7014/7014 2111/7015/7015
f 2106/7013/7013 2111/7015/7015 2107/7016/7016
f 2097/7017/7017 2109/7018/7018 2111/7019/7019
f 2097/7017/7017 2111/7019/7019 2110/7020/7020
f 2105/7021/7021 2097/7022/7022 2110/7023/7023
f 2105/7021/7021 2110/7023/7023 2106/7024/7024
f 2104/7025/7025 2107/7026/7026 2111/7027/7027
f 2104/7025/7025 2111/7027/7027 2109/7028/7028
f 2112/7029/7029 2113/7030/7030 2114/7031/7031
f 2112/7029/7029 2114/7031/7031 2115/7032/7032
f 2086/7033/7033 2116/7034/7034 2117/7035/7035
f 2086/7033/7033 2117/7035/7035 2118/7036/7036
f 2112/7037/7037 2086/7038/7038 2118/7039/7039
f 2112/7037/7037 2118/7039/7039 2113/7040/7040
f 2115/7041/7041 2114/7042/7042 2117/7043/7043
f 2115/7041/7041 2117/7043/7043 2116/7044/7044
f 2119/7045/7045 2120/7046/7046 2121/7047/7047
f 2119/7045/7045 2121/7047/7047 2122/7048/7048
f 2118/7049/7049 2117/7050/7050 2123/7051/7051
f 2118/7049/7049 2123/7051/7051 2124/7052/7052
f 2119/7053/7053 2118/7054/7054 2124/7055/7055
f 2119/7053/7053 2124/7055/7055 2120/7056/7056
f 2122/7057/7057 2121/7058/7058 2123/7059/7059
f 2122/7057/7057 2123/7059/7059 2117/7060/7060
f 2125/7061/7061 2126/7062/7062 2127/7063/7063
f 2125/7061/7061 2127/7063/7063 2128/7064/7064
f 2124/7065/7065 2123/7066/7066 2129/7067/7067
f 2124/7065/7065 2129/7067/7067 2089/7068/7068
f 2125/7069/7069 2124/7070/7070 2089/7071/7071
f 2125/7069/7069 2089/7071/7071 2126/7072/7072
f 2128/7073/7073 2127/7074/7074 2129/7075/7075
f 2128/7073/7073 2129/7075/7075 2123/7076/7076
f 2130/7077/7077 2131/7078/7078 2132/7079/7079
f 2130/7077/7077 2132/7079/7079 2133/7080/7080
f 2134/7081/7081 2135/7082/7082 2110/7083/7083
f 2134/7081/7081 2110/7083/7083 2136/7084/7084
f 2130/7085/7085 2134/7086/7086 2136/7087/7087
f 2130/7085/7085 2136/7087/7087 2131/7088/7088
f 2133/7089/7089 2132/7090/7090 2110/7091/7091
f 2133/7089/7089 2110/7091/7091 2135/7092/7092
f 2137/7093/7093 2127/7094/7094 2131/7095/7095
f 2137/7093/7093 2131/7095/7095 2138/7096/7096
f 2139/7097/7097 2140/7098/7098 2136/7099/7099
f 2139/7097/7097 2136/7099/7099 2129/7100/7100
f 2137/7101/7101 2139/7102/7102 2129/7103/7103
f 2137/7101/7101 2129/7103/7103 2127/7104/7104
f 2138/7105/7105 2131/7106/7106 2136/7107/7107
f 2138/7105/7105 2136/7107/7107 2140/7108/7108
f 2137/7109/7109 2138/7110/7110 2140/7111/7111
f 2137/7109/7109 2140/7111/7111 2139/7112/7112
f 2141/7113/7113 2088/7114/7114 2142/7115/7115
f 2141/7113/7113 2142/7115/7115 2143/7116/7116
f 2144/7117/7117 2145/7118/7118 2146/7119/7119
f 2144/7117/7117 2146/7119/7119 2147/7120/7120
f 2141/7121/7121 2144/7122/7122 2147/7123/7123
f 2141/7121/7121 2147/7123/7123 2088/7124/7124
f 2143/7125/7125 2142/7126/7126 2146/7127/7127
f 2143/7125/7125 2146/7127/7127 2145/7128/7128
f 2141/7129/7129 2143/7130/7130 2145/7131/7131
f 2141/7129/7129 2145/7131/7131 2144/7132/7132
f 2088/7133/7133 2147/7134/7134 2146/7135/7135
f 2088/7133/7133 2146/7135/7135 2142/7136/7136
f 2098/7137/7137 2148/7138/7138 2149/7139/7139
f 2098/7137/7137 2149/7139/7139 2150/7140/7140
f 2100/7141/7141 2151/7142/7142 2152/7143/7143
f 2100/7141/7141 2152/7143/7143 2153/7144/7144
f 2098/7145/7145 2100/7146/7146 2153/7147/7147
f 2098/7145/7145 2153/7147/7147 2148/7148/7148
f 2150/7149/7149 2149/7150/7150 2152/7151/7151
f 2150/7149/7149 2152/7151/7151 2151/7152/7152
f 2148/7153/7153 2154/7154/7154 2155/7155/7155
f 2148/7153/7153 2155/7155/7155 2156/7156/7156
f 2157/7157/7157 2158/7158/7158 2159/7159/7159
f 2157/7157/7157 2159/7159/7159 2160/7160/7160
f 2148/7161/7161 2157/7162/7162 2160/7163/7163
f 2148/7161/7161 2160/7163/7163 2154/7164/7164
f 2148/7165/7165 2156/7166/7166 2158/7167/7167
f 2148/7165/7165 2158/7167/7167 2157/7168/7168
f 2154/7169/7169 2160/7170/7170 2159/7171/7171
f 2154/7169/7169 2159/7171/7171 2155/7172/7172
f 2156/7173/7173 2155/7174/7174 2161/7175/7175
f 2156/7173/7173 2161/7175/7175 2149/7176/7176
f 2158/7177/7177 2162/7178/7178 2163/7179/7179
f 2158/7177/7177 2163/7179/7179 2159/7180/7180
f 2149/7181/7181 2161/7182/7182 2163/7183/7183
f 2149/7181/7181 2163/7183/7183 2162/7184/7184
f 2156/7185/7185 2149/7186/7186 2162/7187/7187
f 2156/7185/7185 2162/7187/7187 2158/7188/7188
f 2155/7189/7189 2159/7190/7190 2163/7191/7191
f 2155/7189/7189 2163/7191/7191 2161/7192/7192
f 2148/7193/7193 2109/7194/7194 2164/7195/7195
f 2148/7193/7193 2164/7195/7195 2165/7196/7196
f 2157/7197/7197 2166/7198/7198 2167/7199/7199
f 2157/7197/7197 2167/7199/7199 2111/7200/7200
f 2148/7201/7201 2157/7202/7202 2111/7203/7203
f 2148/7201/7201 2111/7203/7203 2109/7204/7204
f 2165/7205/7205 2164/7206/7206 2167/7207/7207
f 2165/7205/7205 2167/7207/7207 2166/7208/7208
f 2148/7209/7209 2165/7210/7210 2166/7211/7211
f 2148/7209/7209 2166/7211/7211 2157/7212/7212
f 2109/7213/7213 2111/7214/7214 2167/7215/7215
f 2109/7213/7213 2167/7215/7215 2164/7216/7216
f 2133/7217/7217 2168/7218/7218 2169/7219/7219
f 2133/7217/7217 2169/7219/7219 2170/7220/7220
f 2135/7221/7221 2171/7222/7222 2172/7223/7223
f 2135/7221/7221 2172/7223/7223 2173/7224/7224
f 2133/7225/7225 2135/7226/7226 2173/7227/7227
f 2133/7225/7225 2173/7227/7227 2168/7228/7228
f 2170/7229/7229 2169/7230/7230 2172/7231/7231
f 2170/7229/7229 2172/7231/7231 2171/7232/7232
f 2174/7233/7233 2175/7234/7234 2176/7235/7235
f 2174/7233/7233 2176/7235/7235 2177/7236/7236
f 2173/7237/7237 2172/7238/7238 2178/7239/7239
f 2173/7237/7237 2178/7239/7239 2179/7240/7240
f 2174/7241/7241 2173/7242/7242 2179/7243/7243
f 2174/7241/7241 2179/7243/7243 2175/7244/7244
f 2177/7245/7245 2176/7246/7246 2178/7247/7247
f 2177/7245/7245 2178/7247/7247 2172/7248/7248
f 2180/7249/7249 2181/7250/7250 2182/7251/7251
f 2180/7249/7249 2182/7251/7251 2183/7252/7252
f 2179/7253/7253 2178/7254/7254 2184/7255/7255
f 2179/7253/7253 2184/7255/7255 2157/7256/7256
f 2180/7257/7257 2179/7258/7258 2157/7259/7259
f 2180/7257/7257 2157/7259/7259 2181/7260/7260
f 2183/7261/7261 2182/7262/7262 2184/7263/7263
f 2183/7261/7261 2184/7263/7263 2178/7264/7264
f 2185/7265/7265 2186/7266/7266 2187/7267/7267
f 2185/7265/7265 2187/7267/7267 2188/7268/7268
f 2189/7269/7269 2190/7270/7270 2162/7271/7271
f 2189/7269/7269 2162/7271/7271 2191/7272/7272
f 2185/7273/7273 2189/7274/7274 2191/7275/7275
f 2185/7273/7273 2191/7275/7275 2186/7276/7276
f 2188/7277/7277 2187/7278/7278 2162/7279/7279
f 2188/7277/7277 2162/7279/7279 2190/7280/7280
f 2192/7281/7281 2182/7282/7282 2186/7283/7283
f 2192/7281/7281 2186/7283/7283 2193/7284/7284
f 2194/7285/7285 2195/7286/7286 2191/7287/7287
f 2194/7285/7285 2191/7287/7287 2184/7288/7288
f 2192/7289/7289 2194/7290/7290 2184/7291/7291
f 2192/7289/7289 2184/7291/7291 2182/7292/7292
f 2193/7293/7293 2186/7294/7294 2191/7295/7295
f 2193/7293/7293 2191/7295/7295 2195/7296/7296
f 2192/7297/7297 2193/7298/7298 2195/7299/7299
f 2192/7297/7297 2195/7299/7299 2194/7300/7300
f 2196/7301/7301 2197/7302/7302 2198/7303/7303
f 2196/7301/7301 2198/7303/7303 2199/7304/7304
f 2200/7305/7305 2201/7306/7306 2202/7307/7307
f 2200/7305/7305 2202/7307/7307 2203/7308/7308
f 2196/7309/7309 2200/7310/7310 2203/7311/7311
f 2196/7309/7309 2203/7311/7311 2197/7312/7312
f 2199/7313/7313 2198/7314/7314 2202/7315/7315
f 2199/7313/7313 2202/7315/7315 2201/7316/7316
f 2196/7317/7317 2199/7318/7318 2201/7319/7319
f 2196/7317/7317 2201/7319/7319 2200/7320/7320
f 2197/7321/7321 2203/7322/7322 2202/7323/7323
f 2197/7321/7321 2202/7323/7323 2198/7324/7324
f 2204/7325/7325 2205/7326/7326 2206/7327/7327
f 2204/7325/7325 2206/7327/7327 2207/7328/7328
f 2135/7329/7329 2208/7330/7330 2166/7331/7331
f 2135/7329/7329 2166/7331/7331 2157/7332/7332
f 2204/7333/7333 2135/7334/7334 2157/7335/7335
f 2204/7333/7333 2157/7335/7335 2205/7336/7336
f 2207/7337/7337 2206/7338/7338 2166/7339/7339
f 2207/7337/7337 2166/7339/7339 2208/7340/7340
f 2150/7341/7341 2209/7342/7342 2210/7343/7343
f 2150/7341/7341 2210/7343/7343 2211/7344/7344
f 2151/7345/7345 2212/7346/7346 2213/7347/7347
f 2151/7345/7345 2213/7347/7347 2214/7348/7348
f 2150/7349/7349 2151/7350/7350 2214/7351/7351
f 2150/7349/7349 2214/7351/7351 2209/7352/7352
f 2211/7353/7353 2210/7354/7354 2213/7355/7355
f 2211/7353/7353 2213/7355/7355 2212/7356/7356
f 2209/7357/7357 2215/7358/7358 2216/7359/7359
f 2209/7357/7357 2216/7359/7359 2217/7360/7360
f 2218/7361/7361 2219/7362/7362 2220/7363/7363
f 2218/7361/7361 2220/7363/7363 2221/7364/7364
f 2209/7365/7365 2218/7366/7366 2221/7367/7367
f 2209/7365/7365 2221/7367/7367 2215/7368/7368
f 2209/7369/7369 2217/7370/7370 2219/7371/7371
f 2209/7369/7369 2219/7371/7371 2218/7372/7372
f 2215/7373/7373 2221/7374/7374 2220/7375/7375
f 2215/7373/7373 2220/7375/7375 2216/7376/7376
f 2217/7377/7377 2216/7378/7378 2222/7379/7379
f 2217/7377/7377 2222/7379/7379 2210/7380/7380
f 2219/7381/7381 2223/7382/7382 2224/7383/7383
f 2219/7381/7381 2224/7383/7383 2220/7384/7384
f 2210/7385/7385 2222/7386/7386 2224/7387/7387
f 2210/7385/7385 2224/7387/7387 2223/7388/7388
f 2217/7389/7389 2210/7390/7390 2223/7391/7391
f 2217/7389/7389 2223/7391/7391 2219/7392/7392
f 2216/7393/7393 2220/7394/7394 2224/7395/7395
f 2216/7393/7393 2224/7395/7395 2222/7396/7396
f 2149/7397/7397 2215/7398/7398 2225/7399/7399
f 2149/7397/7397 2225/7399/7399 2226/7400/7400
f 2162/7401/7401 2227/7402/7402 2228/7403/7403
f 2162/7401/7401 2228/7403/7403 2221/7404/7404
f 2149/7405/7405 2162/7406/7406 2221/7407/7407
f 2149/7405/7405 2221/7407/7407 2215/7408/7408
f 2226/7409/7409 2225/7410/7410 2228/7411/7411
f 2226/7409/7409 2228/7411/7411 2227/7412/7412
f 2149/7413/7413 2226/7414/7414 2227/7415/7415
f 2149/7413/7413 2227/7415/7415 2162/7416/7416
f 2215/7417/7417 2221/7418/7418 2228/7419/7419
f 2215/7417/7417 2228/7419/7419 2225/7420/7420
f 2188/7421/7421 2229/7422/7422 2230/7423/7423
f 2188/7421/7421 2230/7423/7423 2231/7424/7424
f 2190/7425/7425 2232/7426/7426 2233/7427/7427
f 2190/7425/7425 2233/7427/7427 2234/7428/7428
f 2188/7429/7429 2190/7430/7430 2234/7431/7431
f 2188/7429/7429 2234/7431/7431 2229/7432/7432
f 2231/7433/7433 2230/7434/7434 2233/7435/7435
f 2231/7433/7433 2233/7435/7435 2232/7436/7436
f 2235/7437/7437 2236/7438/7438 2237/7439/7439
f 2235/7437/7437 2237/7439/7439 2238/7440/7440
f 2234/7441/7441 2233/7442/7442 2239/7443/7443
f 2234/7441/7441 2239/7443/7443 2240/7444/7444
f 2235/7445/7445 2234/7446/7446 2240/7447/7447
f 2235/7445/7445 2240/7447/7447 2236/7448/7448
f 2238/7449/7449 2237/7450/7450 2239/7451/7451
f 2238/7449/7449 2239/7451/7451 2233/7452/7452
f 2241/7453/7453 2242/7454/7454 2243/7455/7455
f 2241/7453/7453 2243/7455/7455 2244/7456/7456
f 2240/7457/7457 2239/7458/7458 2245/7459/7459
f 2240/7457/7457 2245/7459/7459 2218/7460/7460
f 2241/7461/7461 2240/7462/7462 2218/7463/7463
f 2241/7461/7461 2218/7463/7463 2242/7464/7464
f 2244/7465/7465 2243/7466/7466 2245/7467/7467
f 2244/7465/7465 2245/7467/7467 2239/7468/7468
f 2246/7469/7469 2247/7470/7470 2248/7471/7471
f 2246/7469/7469 2248/7471/7471 2249/7472/7472
f 2250/7473/7473 2251/7474/7474 2223/7475/7475
f 2250/7473/7473 2223/7475/7475 2252/7476/7476
f 2246/7477/7477 2250/7478/7478 2252/7479/7479
f 2246/7477/7477 2252/7479/7479 2247/7480/7480
f 2249/7481/7481 2248/7482/7482 2223/7483/7483
f 2249/7481/7481 2223/7483/7483 2251/7484/7484
f 2253/7485/7485 2243/7486/7486 2247/7487/7487
f 2253/7485/7485 2247/7487/7487 2254/7488/7488
f 2255/7489/7489 2256/7490/7490 2252/7491/7491
f 2255/7489/7489 2252/7491/7491 2245/7492/7492
f 2253/7493/7493 2255/7494/7494 2245/7495/7495
f 2253/7493/7493 2245/7495/7495 2243/7496/7496
f 2254/7497/7497 2247/7498/7498 2252/7499/7499
f 2254/7497/7497 2252/7499/7499 2256/7500/7500
f 2253/7501/7501 2254/7502/7502 2256/7503/7503
f 2253/7501/7501 2256/7503/7503 2255/7504/7504
f 2257/7505/7505 2258/7506/7506 2259/7507/7507
f 2257/7505/7505 2259/7507/7507 2260/7508/7508
f 2261/7509/7509 2262/7510/7510 2263/7511/7511
f 2261/7509/7509 2263/7511/7511 2264/7512/7512
f 2257/7513/7513 2261/7514/7514 2264/7515/7515
f 2257/7513/7513 2264/7515/7515 2258/7516/7516
f 2260/7517/7517 2259/7518/7518 2263/7519/7519
f 2260/7517/7517 2263/7519/7519 2262/7520/7520
f 2257/7521/7521 2260/7522/7522 2262/7523/7523
f 2257/7521/7521 2262/7523/7523 2261/7524/7524
f 2258/7525/7525 2264/7526/7526 2263/7527/7527
f 2258/7525/7525 2263/7527/7527 2259/7528/7528
f 2265/7529/7529 2266/7530/7530 2267/7531/7531
f 2265/7529/7529 2267/7531/7531 2268/7532/7532
f 2190/7533/7533 2269/7534/7534 2270/7535/7535
f 2190/7533/7533 2270/7535/7535 2218/7536/7536
f 2265/7537/7537 2190/7538/7538 2218/7539/7539
f 2265/7537/7537 2218/7539/7539 2266/7540/7540
f 2268/7541/7541 2267/7542/7542 2270/7543/7543
f 2268/7541/7541 2270/7543/7543 2269/7544/7544
f 2211/7545/7545 2271/7546/7546 2272/7547/7547
f 2211/7545/7545 2272/7547/7547 2273/7548/7548
f 2212/7549/7549 2274/7550/7550 2275/7551/7551
f 2212/7549/7549 2275/7551/7551 2276/7552/7552
f 2211/7553/7553 2212/7554/7554 2276/7555/7555
f 2211/7553/7553 2276/7555/7555 2271/7556/7556
f 2273/7557/7557 2272/7558/7558 2275/7559/7559
f 2273/7557/7557 2275/7559/7559 2274/7560/7560
f 2271/7561/7561 2277/7562/7562 2278/7563/7563
f 2271/7561/7561 2278/7563/7563 2279/7564/7564
f 2280/7565/7565 2281/7566/7566 2282/7567/7567
f 2280/7565/7565 2282/7567/7567 2283/7568/7568
f 2271/7569/7569 2280/7570/7570 2283/7571/7571
f 2271/7569/7569 2283/7571/7571 2277/7572/7572
f 2271/7573/7573 2279/7574/7574 2281/7575/7575
f 2271/7573/7573 2281/7575/7575 2280/7576/7576
f 2277/7577/7577 2283/7578/7578 2282/7579/7579
f 2277/7577/7577 2282/7579/7579 2278/7580/7580
f 2279/7581/7581 2278/7582/7582 2284/7583/7583
f 2279/7581/7581 2284/7583/7583 2272/7584/7584
f 2281/7585/7585 2285/7586/7586 2286/7587/7587
f 2281/7585/7585 2286/7587/7587 2282/7588/7588
f 2272/7589/7589 2284/7590/7590 2286/7591/7591
f 2272/7589/7589 2286/7591/7591 2285/7592/7592
f 2279/7593/7593 2272/7594/7594 2285/7595/7595
f 2279/7593/7593 2285/7595/7595 2281/7596/7596
f 2278/7597/7597 2282/7598/7598 2286/7599/7599
f 2278/7597/7597 2286/7599/7599 2284/7600/7600
f 2271/7601/7601 2222/7602/7602 2287/7603/7603
f 2271/7601/7601 2287/7603/7603 2288/7604/7604
f 2280/7605/7605 2289/7606/7606 2290/7607/7607
f 2280/7605/7605 2290/7607/7607 2224/7608/7608
f 2271/7609/7609 2280/7610/7610 2224/7611/7611
f 2271/7609/7609 2224/7611/7611 2222/7612/7612
f 2288/7613/7613 2287/7614/7614 2290/7615/7615
f 2288/7613/7613 2290/7615/7615 2289/7616/7616
f 2271/7617/7617 2288/7618/7618 2289/7619/7619
f 2271/7617/7617 2289/7619/7619 2280/7620/7620
f 2222/7621/7621 2224/7622/7622 2290/7623/7623
f 2222/7621/7621 2290/7623/7623 2287/7624/7624
f 2249/7625/7625 2291/7626/7626 2292/7627/7627
f 2249/7625/7625 2292/7627/7627 2293/7628/7628
f 2251/7629/7629 2294/7630/7630 2295/7631/7631
f 2251/7629/7629 2295/7631/7631 2296/7632/7632
f 2249/7633/7633 2251/7634/7634 2296/7635/7635
f 2249/7633/7633 2296/7635/7635 2291/7636/7636
f 2293/7637/7637 2292/7638/7638 2295/7639/7639
f 2293/7637/7637 2295/7639/7639 2294/7640/7640
f 2297/7641/7641 2298/7642/7642 2299/7643/7643
f 2297/7641/7641 2299/7643/7643 2300/7644/7644
f 2296/7645/7645 2295/7646/7646 2301/7647/7647
f 2296/7645/7645 2301/7647/7647 2302/7648/7648
f 2297/7649/7649 2296/7650/7650 2302/7651/7651
f 2297/7649/7649 2302/7651/7651 2298/7652/7652
f 2300/7653/7653 2299/7654/7654 2301/7655/7655
f 2300/7653/7653 2301/7655/7655 2295/7656/7656
f 2303/7657/7657 2304/7658/7658 2305/7659/7659
f 2303/7657/7657 2305/7659/7659 2306/7660/7660
f 2302/7661/7661 2301/7662/7662 2307/7663/7663
f 2302/7661/7661 2307/7663/7663 2280/7664/7664
f 2303/7665/7665 2302/7666/7666 2280/7667/7667
f 2303/7665/7665 2280/7667/7667 2304/7668/7668
f 2306/7669/7669 2305/7670/7670 2307/7671/7671
f 2306/7669/7669 2307/7671/7671 2301/7672/7672
f 2308/7673/7673 2309/7674/7674 2310/7675/7675
f 2308/7673/7673 2310/7675/7675 2311/7676/7676
f 2312/7677/7677 2313/7678/7678 2285/7679/7679
f 2312/7677/7677 2285/7679/7679 2314/7680/7680
f 2308/7681/7681 2312/7682/7682 2314/7683/7683
f 2308/7681/7681 2314/7683/7683 2309/7684/7684
f 2311/7685/7685 2310/7686/7686 2285/7687/7687
f 2311/7685/7685 2285/7687/7687 2313/7688/7688
f 2315/7689/7689 2305/7690/7690 2309/7691/7691
f 2315/7689/7689 2309/7691/7691 2316/7692/7692
f 2317/7693/7693 2318/7694/7694 2314/7695/7695
f 2317/7693/7693 2314/7695/7695 2307/7696/7696
f 2315/7697/7697 2317/7698/7698 2307/7699/7699
f 2315/7697/7697 2307/7699/7699 2305/7700/7700
f 2316/7701/7701 2309/7702/7702 2314/7703/7703
f 2316/7701/7701 2314/7703/7703 2318/7704/7704
f 2315/7705/7705 2316/7706/7706 2318/7707/7707
f 2315/7705/7705 2318/7707/7707 2317/7708/7708
f 2319/7709/7709 2320/7710/7710 2321/7711/7711
f 2319/7709/7709 2321/7711/7711 2322/7712/7712
f 2323/7713/7713 2324/7714/7714 2325/7715/7715
f 2323/7713/7713 2325/7715/7715 2326/7716/7716
f 2319/7717/7717 2323/7718/7718 2326/7719/7719
f 2319/7717/7717 2326/7719/7719 2320/7720/7720
f 2322/7721/7721 2321/7722/7722 2325/7723/7723
f 2322/7721/7721 2325/7723/7723 2324/7724/7724
f 2319/7725/7725 2322/7726/7726 2324/7727/7727
f 2319/7725/7725 2324/7727/7727 2323/7728/7728
f 2320/7729/7729 2326/7730/7730 2325/7731/7731
f 2320/7729/7729 2325/7731/7731 2321/7732/7732
f 2273/7733/7733 2327/7734/7734 2328/7735/7735
f 2273/7733/7733 2328/7735/7735 2329/7736/7736
f 2274/7737/7737 2330/7738/7738 2331/7739/7739
f 2274/7737/7737 2331/7739/7739 2332/7740/7740
f 2273/7741/7741 2274/7742/7742 2332/7743/7743
f 2273/7741/7741 2332/7743/7743 2327/7744/7744
f 2329/7745/7745 2328/7746/7746 2331/7747/7747
f 2329/7745/7745 2331/7747/7747 2330/7748/7748
f 2327/7749/7749 2333/7750/7750 2334/7751/7751
f 2327/7749/7749 2334/7751/7751 2335/7752/7752
f 2336/7753/7753 2337/7754/7754 2338/7755/7755
f 2336/7753/7753 2338/7755/7755 2339/7756/7756
f 2327/7757/7757 2336/7758/7758 2339/7759/7759
f 2327/7757/7757 2339/7759/7759 2333/7760/7760
f 2327/7761/7761 2335/7762/7762 2337/7763/7763
f 2327/7761/7761 2337/7763/7763 2336/7764/7764
f 2333/7765/7765 2339/7766/7766 2338/7767/7767
f 2333/7765/7765 2338/7767/7767 2334/7768/7768
f 2335/7769/7769 2334/7770/7770 2340/7771/7771
f 2335/7769/7769 2340/7771/7771 2328/7772/7772
f 2337/7773/7773 2341/7774/7774 2342/7775/7775
f 2337/7773/7773 2342/7775/7775 2338/7776/7776
f 2328/7777/7777 2340/7778/7778 2342/7779/7779
f 2328/7777/7777 2342/7779/7779 2341/7780/7780
f 2335/7781/7781 2328/7782/7782 2341/7783/7783
f 2335/7781/7781 2341/7783/7783 2337/7784/7784
f 2334/7785/7785 2338/7786/7786 2342/7787/7787
f 2334/7785/7785 2342/7787/7787 2340/7788/7788
f 2272/7789/7789 2333/7790/7790 2343/7791/7791
f 2272/7789/7789 2343/7791/7791 2344/7792/7792
f 2285/7793/7793 2345/7794/7794 2346/7795/7795
f 2285/7793/7793 2346/7795/7795 2339/7796/7796
f 2272/7797/7797 2285/7798/7798 2339/7799/7799
f 2272/7797/7797 2339/7799/7799 2333/7800/7800
f 2344/7801/7801 2343/7802/7802 2346/7803/7803
f 2344/7801/7801 2346/7803/7803 2345/7804/7804
f 2272/7805/7805 2344/7806/7806 2345/7807/7807
f 2272/7805/7805 2345/7807/7807 2285/7808/7808
f 2333/7809/7809 2339/7810/7810 2346/7811/7811
f 2333/7809/7809 2346/7811/7811 2343/7812/7812
f 2311/7813/7813 2347/7814/7814 2348/7815/7815
f 2311/7813/7813 2348/7815/7815 2349/7816/7816
f 2313/7817/7817 2350/7818/7818 2351/7819/7819
f 2313/7817/7817 2351/7819/7819 2352/7820/7820
f 2311/7821/7821 2313/7822/7822 2352/7823/7823
f 2311/7821/7821 2352/7823/7823 2347/7824/7824
f 2349/7825/7825 2348/7826/7826 2351/7827/7827
f 2349/7825/7825 2351/7827/7827 2350/7828/7828
f 2353/7829/7829 2354/7830/7830 2355/7831/7831
f 2353/7829/7829 2355/7831/7831 2356/7832/7832
f 2352/7833/7833 2351/7834/7834 2357/7835/7835
f 2352/7833/7833 2357/7835/7835 2358/7836/7836
f 2353/7837/7837 2352/7838/7838 2358/7839/7839
f 2353/7837/7837 2358/7839/7839 2354/7840/7840
f 2356/7841/7841 2355/7842/7842 2357/7843/7843
f 2356/7841/7841 2357/7843/7843 2351/7844/7844
f 2359/7845/7845 2360/7846/7846 2361/7847/7847
f 2359/7845/7845 2361/7847/7847 2362/7848/7848
f 2358/7849/7849 2357/7850/7850 2363/7851/7851
f 2358/7849/7849 2363/7851/7851 2336/7852/7852
f 2359/7853/7853 2358/7854/7854 2336/7855/7855
f 2359/7853/7853 2336/7855/7855 2360/7856/7856
f 2362/7857/7857 2361/7858/7858 2363/7859/7859
f 2362/7857/7857 2363/7859/7859 2357/7860/7860
f 2364/7861/7861 2365/7862/7862 2366/7863/7863
f 2364/7861/7861 2366/7863/7863 2367/7864/7864
f 2368/7865/7865 2369/7866/7866 2341/7867/7867
f 2368/7865/7865 2341/7867/7867 2370/7868/7868
f 2364/7869/7869 2368/7870/7870 2370/7871/7871
f 2364/7869/7869 2370/7871/7871 2365/7872/7872
f 2367/7873/7873 2366/7874/7874 2341/7875/7875
f 2367/7873/7873 2341/7875/7875 2369/7876/7876
f 2371/7877/7877 2361/7878/7878 2365/7879/7879
f 2371/7877/7877 2365/7879/7879 2372/7880/7880
f 2373/7881/7881 2374/7882/7882 2370/7883/7883
f 2373/7881/7881 2370/7883/7883 2363/7884/7884
f 2371/7885/7885 2373/7886/7886 2363/7887/7887
f 2371/7885/7885 2363/7887/7887 2361/7888/7888
f 2372/7889/7889 2365/7890/7890 2370/7891/7891
f 2372/7889/7889 2370/7891/7891 2374/7892/7892
f 2371/7893/7893 2372/7894/7894 2374/7895/7895
f 2371/7893/7893 2374/7895/7895 2373/7896/7896
f 2375/7897/7897 2376/7898/7898 2377/7899/7899
f 2375/7897/7897 2377/7899/7899 2378/7900/7900
f 2379/7901/7901 2380/7902/7902 2381/7903/7903
f 2379/7901/7901 2381/7903/7903 2382/7904/7904
f 2375/7905/7905 2379/7906/7906 2382/7907/7907
f 2375/7905/7905 2382/7907/7907 2376/7908/7908
f 2378/7909/7909 2377/7910/7910 2381/7911/7911
f 2378/7909/7909 2381/7911/7911 2380/7912/7912
f 2375/7913/7913 2378/7914/7914 2380/7915/7915
f 2375/7913/7913 2380/7915/7915 2379/7916/7916
f 2376/7917/7917 2382/7918/7918 2381/7919/7919
f 2376/7917/7917 2381/7919/7919 2377/7920/7920
f 2329/7921/7921 2383/7922/7922 2384/7923/7923
f 2329/7921/7921 2384/7923/7923 2385/7924/7924
f 2330/7925/7925 2386/7926/7926 2387/7927/7927
f 2330/7925/7925 2387/7927/7927 2388/7928/7928
f 2329/7929/7929 2330/7930/7930 2388/7931/7931
f 2329/7929/7929 2388/7931/7931 2383/7932/7932
f 2385/7933/7933 2384/7934/7934 2387/7935/7935
f 2385/7933/7933 2387/7935/7935 2386/7936/7936
f 2383/7937/7937 2389/7938/7938 2390/7939/7939
f 2383/7937/7937 2390/7939/7939 2391/7940/7940
f 2392/7941/7941 2393/7942/7942 2394/7943/7943
f 2392/7941/7941 2394/7943/7943 2395/7944/7944
f 2383/7945/7945 2392/7946/7946 2395/7947/7947
f 2383/7945/7945 2395/7947/7947 2389/7948/7948
f 2383/7949/7949 2391/7950/7950 2393/7951/7951
f 2383/7949/7949 2393/7951/7951 2392/7952/7952
f 2389/7953/7953 2395/7954/7954 2394/7955/7955
f 2389/7953/7953 2394/7955/7955 2390/7956/7956
f 2391/7957/7957 2390/7958/7958 2396/7959/7959
f 2391/7957/7957 2396/7959/7959 2384/7960/7960
f 2393/7961/7961 2397/7962/7962 2398/7963/7963
f 2393/7961/7961 2398/7963/7963 2394/7964/7964
f 2384/7965/7965 2396/7966/7966 2398/7967/7967
f 2384/7965/7965 2398/7967/7967 2397/7968/7968
f 2391/7969/7969 2384/7970/7970 2397/7971/7971
f 2391/7969/7969 2397/7971/7971 2393/7972/7972
f 2390/7973/7973 2394/7974/7974 2398/7975/7975
f 2390/7973/7973 2398/7975/7975 2396/7976/7976
f 2383/7977/7977 2340/7978/7978 2399/7979/7979
f 2383/7977/7977 2399/7979/7979 2400/7980/7980
f 2392/7981/7981 2401/7982/7982 2402/7983/7983
f 2392/7981/7981 2402/7983/7983 2342/7984/7984
f 2383/7985/7985 2392/7986/7986 2342/7987/7987
f 2383/7985/7985 2342/7987/7987 2340/7988/7988
f 2400/7989/7989 2399/7990/7990 2402/7991/7991
f 2400/7989/7989 2402/7991/7991 2401/7992/7992
f 2383/7993/7993 2400/7994/7994 2401/7995/7995
f 2383/7993/7993 2401/7995/7995 2392/7996/7996
f 2340/7997/7997 2342/7998/7998 2402/7999/7999
f 2340/7997/7997 2402/7999/7999 2399/8000/8000
f 2367/8001/8001 2403/8002/8002 2404/8003/8003
f 2367/8001/8001 2404/8003/8003 2405/8004/8004
f 2369/8005/8005 2406/8006/8006 2407/8007/8007
f 2369/8005/8005 2407/8007/8007 2408/8008/8008
f 2367/8009/8009 2369/8010/8010 2408/8011/8011
f 2367/8009/8009 2408/8011/8011 2403/8012/8012
f 2405/8013/8013 2404/8014/8014 2407/8015/8015
f 2405/8013/8013 2407/8015/8015 2406/8016/8016
f 2409/8017/8017 2410/8018/8018 2411/8019/8019
f 2409/8017/8017 2411/8019/8019 2412/8020/8020
f 2408/8021/8021 2407/8022/8022 2413/8023/8023
f 2408/8021/8021 2413/8023/8023 2414/8024/8024
f 2409/8025/8025 2408/8026/8026 2414/8027/8027
f 2409/8025/8025 2414/8027/8027 2410/8028/8028
f 2412/8029/8029 2411/8030/8030 2413/8031/8031
f 2412/8029/8029 2413/8031/8031 2407/8032/8032
f 2415/8033/8033 2416/8034/8034 2417/8035/8035
f 2415/8033/8033 2417/8035/8035 2418/8036/8036
f 2414/8037/8037 2413/8038/8038 2419/8039/8039
f 2414/8037/8037 2419/8039/8039 2392/8040/8040
f 2415/8041/8041 2414/8042/8042 2392/8043/8043
f 2415/8041/8041 2392/8043/8043 2416/8044/8044
f 2418/8045/8045 2417/8046/8046 2419/8047/8047
f 2418/8045/8045 2419/8047/8047 2413/8048/8048
f 2420/8049/8049 2421/8050/8050 2422/8051/8051
f 2420/8049/8049 2422/8051/8051 2423/8052/8052
f 2424/8053/8053 2425/8054/8054 2397/8055/8055
f 2424/8053/8053 2397/8055/8055 2426/8056/8056
f 2420/8057/8057 2424/8058/8058 2426/8059/8059
f 2420/8057/8057 2426/8059/8059 2421/8060/8060
f 2423/8061/8061 2422/8062/8062 2397/8063/8063
f 2423/8061/8061 2397/8063/8063 2425/8064/8064
f 2427/8065/8065 2417/8066/8066 2421/8067/8067
f 2427/8065/8065 2421/8067/8067 2428/8068/8068
f 2429/8069/8069 2430/8070/8070 2426/8071/8071
f 2429/8069/8069 2426/8071/8071 2419/8072/8072
f 2427/8073/8073 2429/8074/8074 2419/8075/8075
f 2427/8073/8073 2419/8075/8075 2417/8076/8076
f 2428/8077/8077 2421/8078/8078 2426/8079/8079
f 2428/8077/8077 2426/8079/8079 2430/8080/8080
f 2427/8081/8081 2428/8082/8082 2430/8083/8083
f 2427/8081/8081 2430/8083/8083 2429/8084/8084
f 2431/8085/8085 2432/8086/8086 2433/8087/8087
f 2431/8085/8085 2433/8087/8087 2434/8088/8088
f 2435/8089/8089 2436/8090/8090 2437/8091/8091
f 2435/8089/8089 2437/8091/8091 2438/8092/8092
f 2431/8093/8093 2435/8094/8094 2438/8095/8095
f 2431/8093/8093 2438/8095/8095 2432/8096/8096
f 2434/8097/8097 2433/8098/8098 2437/8099/8099
f 2434/8097/8097 2437/8099/8099 2436/8100/8100
f 2431/8101/8101 2434/8102/8102 2436/8103/8103
f 2431/8101/8101 2436/8103/8103 2435/8104/8104
f 2432/8105/8105 2438/8106/8106 2437/8107/8107
f 2432/8105/8105 2437/8107/8107 2433/8108/8108
f 2439/8109/8109 2440/8110/8110 2441/8111/8111
f 2439/8109/8109 2441/8111/8111 2442/8112/8112
f 2369/8113/8113 2443/8114/8114 2401/8115/8115
f 2369/8113/8113 2401/8115/8115 2392/8116/8116
f 2439/8117/8117 2369/8118/8118 2392/8119/8119
f 2439/8117/8117 2392/8119/8119 2440/8120/8120
f 2442/8121/8121 2441/8122/8122 2401/8123/8123
f 2442/8121/8121 2401/8123/8123 2443/8124/8124
f 2385/8125/8125 2444/8126/8126 2445/8127/8127
f 2385/8125/8125 2445/8127/8127 2446/8128/8128
f 2386/8129/8129 2447/8130/8130 2448/8131/8131
f 2386/8129/8129 2448/8131/8131 2449/8132/8132
f 2385/8133/8133 2386/8134/8134 2449/8135/8135
f 2385/8133/8133 2449/8135/8135 2444/8136/8136
f 2446/8137/8137 2445/8138/8138 2448/8139/8139
f 2446/8137/8137 2448/8139/8139 2447/8140/8140
f 2444/8141/8141 2450/8142/8142 2451/8143/8143
f 2444/8141/8141 2451/8143/8143 2452/8144/8144
f 2453/8145/8145 2454/8146/8146 2455/8147/8147
f 2453/8145/8145 2455/8147/8147 2456/8148/8148
f 2444/8149/8149 2453/8150/8150 2456/8151/8151
f 2444/8149/8149 2456/8151/8151 2450/8152/8152
f 2444/8153/8153 2452/8154/8154 2454/8155/8155
f 2444/8153/8153 2454/8155/8155 2453/8156/8156
f 2450/8157/8157 2456/8158/8158 2455/8159/8159
f 2450/8157/8157 2455/8159/8159 2451/8160/8160
f 2452/8161/8161 2451/8162/8162 2457/8163/8163
f 2452/8161/8161 2457/8163/8163 2445/8164/8164
f 2454/8165/8165 2458/8166/8166 2459/8167/8167
f 2454/8165/8165 2459/8167/8167 2455/8168/8168
f 2445/8169/8169 2457/8170/8170 2459/8171/8171
f 2445/8169/8169 2459/8171/8171 2458/8172/8172
f 2452/8173/8173 2445/8174/8174 2458/8175/8175
f 2452/8173/8173 2458/8175/8175 2454/8176/8176
f 2451/8177/8177 2455/8178/8178 2459/8179/8179
f 2451/8177/8177 2459/8179/8179 2457/8180/8180
f 2384/8181/8181 2450/8182/8182 2460/8183/8183
f 2384/8181/8181 2460/8183/8183 2461/8184/8184
f 2397/8185/8185 2462/8186/8186 2463/8187/8187
f 2397/8185/8185 2463/8187/8187 2456/8188/8188
f 2384/8189/8189 2397/8190/8190 2456/8191/8191
f 2384/8189/8189 2456/8191/8191 2450/8192/8192
f 2461/8193/8193 2460/8194/8194 2463/8195/8195
f 2461/8193/8193 2463/8195/8195 2462/8196/8196
f 2384/8197/8197 2461/8198/8198 2462/8199/8199
f 2384/8197/8197 2462/8199/8199 2397/8200/8200
f 2450/8201/8201 2456/8202/8202 2463/8203/8203
f 2450/8201/8201 2463/8203/8203 2460/8204/8204
f 2423/8205/8205 2464/8206/8206 2465/8207/8207
f 2423/8205/8205 2465/8207/8207 2466/8208/8208
f 2425/8209/8209 2467/8210/8210 2468/8211/8211
f 2425/8209/8209 2468/8211/8211 2469/8212/8212
f 2423/8213/8213 2425/8214/8214 2469/8215/8215
f 2423/8213/8213 2469/8215/8215 2464/8216/8216
f 2466/8217/8217 2465/8218/8218 2468/8219/8219
f 2466/8217/8217 2468/8219/8219 2467/8220/8220
f 2470/8221/8221 2471/8222/8222 2472/8223/8223
f 2470/8221/8221 2472/8223/8223 2473/8224/8224
f 2469/8225/8225 2468/8226/8226 2474/8227/8227
f 2469/8225/8225 2474/8227/8227 2475/8228/8228
f 2470/8229/8229 2469/8230/8230 2475/8231/8231
f 2470/8229/8229 2475/8231/8231 2471/8232/8232
f 2473/8233/8233 2472/8234/8234 2474/8235/8235
f 2473/8233/8233 2474/8235/8235 2468/8236/8236
f 2476/8237/8237 2477/8238/8238 2478/8239/8239
f 2476/8237/8237 2478/8239/8239 2479/8240/8240
f 2475/8241/8241 2474/8242/8242 2480/8243/8243
f 2475/8241/8241 2480/8243/8243 2453/8244/8244
f 2476/8245/8245 2475/8246/8246 2453/8247/8247
f 2476/8245/8245 2453/8247/8247 2477/8248/8248
f 2479/8249/8249 2478/8250/8250 2480/8251/8251
f 2479/8249/8249 2480/8251/8251 2474/8252/8252
f 2481/8253/8253 2482/8254/8254 2483/8255/8255
f 2481/8253/8253 2483/8255/8255 2484/8256/8256
f 2485/8257/8257 2486/8258/8258 2458/8259/8259
f 2485/8257/8257 2458/8259/8259 2487/8260/8260
f 2481/8261/8261 2485/8262/8262 2487/8263/8263
f 2481/8261/8261 2487/8263/8263 2482/8264/8264
f 2484/8265/8265 2483/8266/8266 2458/8267/8267
f 2484/8265/8265 2458/8267/8267 2486/8268/8268
f 2488/8269/8269 2478/8270/8270 2482/8271/8271
f 2488/8269/8269 2482/8271/8271 2489/8272/8272
f 2490/8273/8273 2491/8274/8274 2487/8275/8275
f 2490/8273/8273 2487/8275/8275 2480/8276/8276
f 2488/8277/8277 2490/8278/8278 2480/8279/8279
f 2488/8277/8277 2480/8279/8279 2478/8280/8280
f 2489/8281/8281 2482/8282/8282 2487/8283/8283
f 2489/8281/8281 2487/8283/8283 2491/8284/8284
f 2488/8285/8285 2489/8286/8286 2491/8287/8287
f 2488/8285/8285 2491/8287/8287 2490/8288/8288
f 2492/8289/8289 2493/8290/8290 2494/8291/8291
f 2492/8289/8289 2494/8291/8291 2495/8292/8292
f 2496/8293/8293 2497/8294/8294 2498/8295/8295
f 2496/8293/8293 2498/8295/8295 2499/8296/8296
f 2492/8297/8297 2496/8298/8298 2499/8299/8299
f 2492/8297/8297 2499/8299/8299 2493/8300/8300
f 2495/8301/8301 2494/8302/8302 2498/8303/8303
f 2495/8301/8301 2498/8303/8303 2497/8304/8304
f 2492/8305/8305 2495/8306/8306 2497/8307/8307
f 2492/8305/8305 2497/8307/8307 2496/8308/8308
f 2493/8309/8309 2499/8310/8310 2498/8311/8311
f 2493/8309/8309 2498/8311/8311 2494/8312/8312
f 2500/8313/8313 2501/8314/8314 2502/8315/8315
f 2500/8313/8313 2502/8315/8315 2503/8316/8316
f 2425/8317/8317 2504/8318/8318 2505/8319/8319
f 2425/8317/8317 2505/8319/8319 2453/8320/8320
f 2500/8321/8321 2425/8322/8322 2453/8323/8323
f 2500/8321/8321 2453/8323/8323 2501/8324/8324
f 2503/8325/8325 2502/8326/8326 2505/8327/8327
f 2503/8325/8325 2505/8327/8327 2504/8328/8328
f 2446/8329/8329 2506/8330/8330 2507/8331/8331
f 2446/8329/8329 2507/8331/8331 2508/8332/8332
f 2447/8333/8333 2509/8334/8334 2510/8335/8335
f 2447/8333/8333 2510/8335/8335 2511/8336/8336
f 2446/8337/8337 2447/8338/8338 2511/8339/8339
f 2446/8337/8337 2511/8339/8339 2506/8340/8340
f 2508/8341/8341 2507/8342/8342 2510/8343/8343
f 2508/8341/8341 2510/8343/8343 2509/8344/8344
f 2506/8345/8345 2512/8346/8346 2513/8347/8347
f 2506/8345/8345 2513/8347/8347 2514/8348/8348
f 2515/8349/8349 2516/8350/8350 2517/8351/8351
f 2515/8349/8349 2517/8351/8351 2518/8352/8352
f 2506/8353/8353 2515/8354/8354 2518/8355/8355
f 2506/8353/8353 2518/8355/8355 2512/8356/8356
f 2506/8357/8357 2514/8358/8358 2516/8359/8359
f 2506/8357/8357 2516/8359/8359 2515/8360/8360
f 2512/8361/8361 2518/8362/8362 2517/8363/8363
f 2512/8361/8361 2517/8363/8363 2513/8364/8364
f 2514/8365/8365 2513/8366/8366 2519/8367/8367
f 2514/8365/8365 2519/8367/8367 2507/8368/8368
f 2516/8369/8369 2520/8370/8370 2521/8371/8371
f 2516/8369/8369 2521/8371/8371 2517/8372/8372
f 2507/8373/8373 2519/8374/8374 2521/8375/8375
f 2507/8373/8373 2521/8375/8375 2520/8376/8376
f 2514/8377/8377 2507/8378/8378 2520/8379/8379
f 2514/8377/8377 2520/8379/8379 2516/8380/8380
f 2513/8381/8381 2517/8382/8382 2521/8383/8383
f 2513/8381/8381 2521/8383/8383 2519/8384/8384
f 2506/8385/8385 2457/8386/8386 2522/8387/8387
f 2506/8385/8385 2522/8387/8387 2523/8388/8388
f 2515/8389/8389 2524/8390/8390 2525/8391/8391
f 2515/8389/8389 2525/8391/8391 2459/8392/8392
f 2506/8393/8393 2515/8394/8394 2459/8395/8395
f 2506/8393/8393 2459/8395/8395 2457/8396/8396
f 2523/8397/8397 2522/8398/8398 2525/8399/8399
f 2523/8397/8397 2525/8399/8399 2524/8400/8400
f 2506/8401/8401 2523/8402/8402 2524/8403/8403
f 2506/8401/8401 2524/8403/8403 2515/8404/8404
f 2457/8405/8405 2459/8406/8406 2525/8407/8407
f 2457/8405/8405 2525/8407/8407 2522/8408/8408
f 2484/8409/8409 2526/8410/8410 2527/8411/8411
f 2484/8409/8409 2527/8411/8411 2528/8412/8412
f 2486/8413/8413 2529/8414/8414 2530/8415/8415
f 2486/8413/8413 2530/8415/8415 2531/8416/8416
f 2484/8417/8417 2486/8418/8418 2531/8419/8419
f 2484/8417/8417 2531/8419/8419 2526/8420/8420
f 2528/8421/8421 2527/8422/8422 2530/8423/8423
f 2528/8421/8421 2530/8423/8423 2529/8424/8424
f 2532/8425/8425 2533/8426/8426 2534/8427/8427
f 2532/8425/8425 2534/8427/8427 2535/8428/8428
f 2531/8429/8429 2530/8430/8430 2536/8431/8431
f 2531/8429/8429 2536/8431/8431 2537/8432/8432
f 2532/8433/8433 2531/8434/8434 2537/8435/8435
f 2532/8433/8433 2537/8435/8435 2533/8436/8436
f 2535/8437/8437 2534/8438/8438 2536/8439/8439
f 2535/8437/8437 2536/8439/8439 2530/8440/8440
f 2538/8441/8441 2539/8442/8442 2540/8443/8443
f 2538/8441/8441 2540/8443/8443 2541/8444/8444
f 2537/8445/8445 2536/8446/8446 2542/8447/8447
f 2537/8445/8445 2542/8447/8447 2515/8448/8448
f 2538/8449/8449 2537/8450/8450 2515/8451/8451
f 2538/8449/8449 2515/8451/8451 2539/8452/8452
f 2541/8453/8453 2540/8454/8454 2542/8455/8455
f 2541/8453/8453 2542/8455/8455 2536/8456/8456
f 2543/8457/8457 2544/8458/8458 2545/8459/8459
f 2543/8457/8457 2545/8459/8459 2546/8460/8460
f 2547/8461/8461 2548/8462/8462 2520/8463/8463
f 2547/8461/8461 2520/8463/8463 2549/8464/8464
f 2543/8465/8465 2547/8466/8466 2549/8467/8467
f 2543/8465/8465 2549/8467/8467 2544/8468/8468
f 2546/8469/8469 2545/8470/8470 2520/8471/8471
f 2546/8469/8469 2520/8471/8471 2548/8472/8472
f 2550/8473/8473 2540/8474/8474 2544/8475/8475
f 2550/8473/8473 2544/8475/8475 2551/8476/8476
f 2552/8477/8477 2553/8478/8478 2549/8479/8479
f 2552/8477/8477 2549/8479/8479 2542/8480/8480
f 2550/8481/8481 2552/8482/8482 2542/8483/8483
f 2550/8481/8481 2542/8483/8483 2540/8484/8484
f 2551/8485/8485 2544/8486/8486 2549/8487/8487
f 2551/8485/8485 2549/8487/8487 2553/8488/8488
f 2550/8489/8489 2551/8490/8490 2553/8491/8491
f 2550/8489/8489 2553/8491/8491 2552/8492/8492
f 2554/8493/8493 2555/8494/8494 2556/8495/8495
f 2554/8493/8493 2556/8495/8495 2557/8496/8496
f 2558/8497/8497 2559/8498/8498 2560/8499/8499
f 2558/8497/8497 2560/8499/8499 2561/8500/8500
f 2554/8501/8501 2558/8502/8502 2561/8503/8503
f 2554/8501/8501 2561/8503/8503 2555/8504/8504
f 2557/8505/8505 2556/8506/8506 2560/8507/8507
f 2557/8505/8505 2560/8507/8507 2559/8508/8508
f 2554/8509/8509 2557/8510/8510 2559/8511/8511
f 2554/8509/8509 2559/8511/8511 2558/8512/8512
f 2555/8513/8513 2561/8514/8514 2560/8515/8515
f 2555/8513/8513 2560/8515/8515 2556/8516/8516
f 2562/8517/8517 2563/8518/8518 2564/8519/8519
f 2562/8517/8517 2564/8519/8519 2565/8520/8520
f 2486/8521/8521 2566/8522/8522 2524/8523/8523
f 2486/8521/8521 2524/8523/8523 2515/8524/8524
f 2562/8525/8525 2486/8526/8526 2515/8527/8527
f 2562/8525/8525 2515/8527/8527 2563/8528/8528
f 2565/8529/8529 2564/8530/8530 2524/8531/8531
f 2565/8529/8529 2524/8531/8531 2566/8532/8532
f 2508/8533/8533 2567/8534/8534 2092/8535/8535
f 2508/8533/8533 2092/8535/8535 1942/8536/8536
f 2509/8537/8537 2568/8538/8538 2569/8539/8539
f 2509/8537/8537 2569/8539/8539 2570/8540/8540
f 2508/8541/8541 2509/8542/8542 2570/8543/8543
f 2508/8541/8541 2570/8543/8543 2567/8544/8544
f 1942/8545/8545 2092/8546/8546 2569/8547/8547
f 1942/8545/8545 2569/8547/8547 2568/8548/8548
f 2567/8549/8549 2571/8550/8550 2572/8551/8551
f 2567/8549/8549 2572/8551/8551 2573/8552/8552
f 2574/8553/8553 2575/8554/8554 2576/8555/8555
f 2574/8553/8553 2576/8555/8555 2577/8556/8556
f 2567/8557/8557 2574/8558/8558 2577/8559/8559
f 2567/8557/8557 2577/8559/8559 2571/8560/8560
f 2567/8561/8561 2573/8562/8562 2575/8563/8563
f 2567/8561/8561 2575/8563/8563 2574/8564/8564
f 2571/8565/8565 2577/8566/8566 2576/8567/8567
f 2571/8565/8565 2576/8567/8567 2572/8568/8568
f 2573/8569/8569 2572/8570/8570 2578/8571/8571
f 2573/8569/8569 2578/8571/8571 2092/8572/8572
f 2575/8573/8573 2095/8574/8574 2579/8575/8575
f 2575/8573/8573 2579/8575/8575 2576/8576/8576
f 2092/8577/8577 2578/8578/8578 2579/8579/8579
f 2092/8577/8577 2579/8579/8579 2095/8580/8580
f 2573/8581/8581 2092/8582/8582 2095/8583/8583
f 2573/8581/8581 2095/8583/8583 2575/8584/8584
f 2572/8585/8585 2576/8586/8586 2579/8587/8587
f 2572/8585/8585 2579/8587/8587 2578/8588/8588
f 2507/8589/8589 2571/8590/8590 2580/8591/8591
f 2507/8589/8589 2580/8591/8591 2581/8592/8592
f 2520/8593/8593 2582/8594/8594 2583/8595/8595
f 2520/8593/8593 2583/8595/8595 2577/8596/8596
f 2507/8597/8597 2520/8598/8598 2577/8599/8599
f 2507/8597/8597 2577/8599/8599 2571/8600/8600
f 2581/8601/8601 2580/8602/8602 2583/8603/8603
f 2581/8601/8601 2583/8603/8603 2582/8604/8604
f 2507/8605/8605 2581/8606/8606 2582/8607/8607
f 2507/8605/8605 2582/8607/8607 2520/8608/8608
f 2571/8609/8609 2577/8610/8610 2583/8611/8611
f 2571/8609/8609 2583/8611/8611 2580/8612/8612
f 2546/8613/8613 2584/8614/8614 2585/8615/8615
f 2546/8613/8613 2585/8615/8615 2586/8616/8616
f 2548/8617/8617 2587/8618/8618 2588/8619/8619
f 2548/8617/8617 2588/8619/8619 2589/8620/8620
f 2546/8621/8621 2548/8622/8622 2589/8623/8623
f 2546/8621/8621 2589/8623/8623 2584/8624/8624
f 2586/8625/8625 2585/8626/8626 2588/8627/8627
f 2586/8625/8625 2588/8627/8627 2587/8628/8628
f 2590/8629/8629 2591/8630/8630 2592/8631/8631
f 2590/8629/8629 2592/8631/8631 2593/8632/8632
f 2589/8633/8633 2588/8634/8634 2594/8635/8635
f 2589/8633/8633 2594/8635/8635 2595/8636/8636
f 2590/8637/8637 2589/8638/8638 2595/8639/8639
f 2590/8637/8637 2595/8639/8639 2591/8640/8640
f 2593/8641/8641 2592/8642/8642 2594/8643/8643
f 2593/8641/8641 2594/8643/8643 2588/8644/8644
f 2596/8645/8645 2597/8646/8646 2598/8647/8647
f 2596/8645/8645 2598/8647/8647 2599/8648/8648
f 2595/8649/8649 2594/8650/8650 2600/8651/8651
f 2595/8649/8649 2600/8651/8651 2574/8652/8652
f 2596/8653/8653 2595/8654/8654 2574/8655/8655
f 2596/8653/8653 2574/8655/8655 2597/8656/8656
f 2599/8657/8657 2598/8658/8658 2600/8659/8659
f 2599/8657/8657 2600/8659/8659 2594/8660/8660
f 2601/8661/8661 2602/8662/8662 2603/8663/8663
f 2601/8661/8661 2603/8663/8663 2604/8664/8664
f 2605/8665/8665 2094/8666/8666 2095/8667/8667
f 2605/8665/8665 2095/8667/8667 2606/8668/8668
f 2601/8669/8669 2605/8670/8670 2606/8671/8671
f 2601/8669/8669 2606/8671/8671 2602/8672/8672
f 2604/8673/8673 2603/8674/8674 2095/8675/8675
f 2604/8673/8673 2095/8675/8675 2094/8676/8676
f 2607/8677/8677 2598/8678/8678 2602/8679/8679
f 2607/8677/8677 2602/8679/8679 2608/8680/8680
f 2609/8681/8681 2610/8682/8682 2606/8683/8683
f 2609/8681/8681 2606/8683/8683 2600/8684/8684
f 2607/8685/8685 2609/8686/8686 2600/8687/8687
f 2607/8685/8685 2600/8687/8687 2598/8688/8688
f 2608/8689/8689 2602/8690/8690 2606/8691/8691
f 2608/8689/8689 2606/8691/8691 2610/8692/8692
f 2607/8693/8693 2608/8694/8694 2610/8695/8695
f 2607/8693/8693 2610/8695/8695 2609/8696/8696
f 2611/8697/8697 2612/8698/8698 2096/8699/8699
f 2611/8697/8697 2096/8699/8699 2613/8700/8700
f 2614/8701/8701 2615/8702/8702 2616/8703/8703
f 2614/8701/8701 2616/8703/8703 2617/8704/8704
f 2611/8705/8705 2614/8706/8706 2617/8707/8707
f 2611/8705/8705 2617/8707/8707 2612/8708/8708
f 2613/8709/8709 2096/8710/8710 2616/8711/8711
f 2613/8709/8709 2616/8711/8711 2615/8712/8712
f 2611/8713/8713 2613/8714/8714 2615/8715/8715
f 2611/8713/8713 2615/8715/8715 2614/8716/8716
f 2612/8717/8717 2617/8718/8718 2616/8719/8719
f 2612/8717/8717 2616/8719/8719 2096/8720/8720
f 2618/8721/8721 2619/8722/8722 2620/8723/8723
f 2618/8721/8721 2620/8723/8723 2621/8724/8724
f 2548/8725/8725 2622/8726/8726 2623/8727/8727
f 2548/8725/8725 2623/8727/8727 2574/8728/8728
f 2618/8729/8729 2548/8730/8730 2574/8731/8731
f 2618/8729/8729 2574/8731/8731 2619/8732/8732
f 2621/8733/8733 2620/8734/8734 2623/8735/8735
f 2621/8733/8733 2623/8735/8735 2622/8736/8736
f 2624/8737/8737 2625/8738/8738 2626/8739/8739
f 2624/8737/8737 2626/8739/8739 2627/8740/8740
f 2628/8741/8741 2629/8742/8742 2630/8743/8743
f 2628/8741/8741 2630/8743/8743 2631/8744/8744
f 2624/8745/8745 2628/8746/8746 2631/8747/8747
f 2624/8745/8745 2631/8747/8747 2625/8748/8748
f 2624/8749/8749 2627/8750/8750 2629/8751/8751
f 2624/8749/8749 2629/8751/8751 2628/8752/8752
f 2625/8753/8753 2631/8754/8754 2630/8755/8755
f 2625/8753/8753 2630/8755/8755 2626/8756/8756
f 2627/8757/8757 2626/8758/8758 2632/8759/8759
f 2627/8757/8757 2632/8759/8759 2633/8760/8760
f 2629/8761/8761 2634/8762/8762 2635/8763/8763
f 2629/8761/8761 2635/8763/8763 2630/8764/8764
f 2627/8765/8765 2633/8766/8766 2634/8767/8767
f 2627/8765/8765 2634/8767/8767 2629/8768/8768
f 2626/8769/8769 2630/8770/8770 2635/8771/8771
f 2626/8769/8769 2635/8771/8771 2632/8772/8772
f 2633/8773/8773 2632/8774/8774 2636/8775/8775
f 2633/8773/8773 2636/8775/8775 2637/8776/8776
f 2634/8777/8777 2638/8778/8778 2639/8779/8779
f 2634/8777/8777 2639/8779/8779 2635/8780/8780
f 2633/8781/8781 2637/8782/8782 2638/8783/8783
f 2633/8781/8781 2638/8783/8783 2634/8784/8784
f 2632/8785/8785 2635/8786/8786 2639/8787/8787
f 2632/8785/8785 2639/8787/8787 2636/8788/8788
f 2637/8789/8789 2636/8790/8790 2640/8791/8791
f 2637/8789/8789 2640/8791/8791 2641/8792/8792
f 2638/8793/8793 2642/8794/8794 2643/8795/8795
f 2638/8793/8793 2643/8795/8795 2639/8796/8796
f 2637/8797/8797 2641/8798/8798 2642/8799/8799
f 2637/8797/8797 2642/8799/8799 2638/8800/8800
f 2636/8801/8801 2639/8802/8802 2643/8803/8803
f 2636/8801/8801 2643/8803/8803 2640/8804/8804
f 2641/8805/8805 2640/8806/8806 2644/8807/8807
f 2641/8805/8805 2644/8807/8807 2645/8808/8808
f 2642/8809/8809 2646/8810/8810 2647/8811/8811
f 2642/8809/8809 2647/8811/8811 2643/8812/8812
f 2641/8813/8813 2645/8814/8814 2646/8815/8815
f 2641/8813/8813 2646/8815/8815 2642/8816/8816
f 2640/8817/8817 2643/8818/8818 2647/8819/8819
f 2640/8817/8817 2647/8819/8819 2644/8820/8820
f 2645/8821/8821 2644/8822/8822 2648/8823/8823
f 2645/8821/8821 2648/8823/8823 2649/8824/8824
f 2646/8825/8825 2650/8826/8826 2651/8827/8827
f 2646/8825/8825 2651/8827/8827 2647/8828/8828
f 2645/8829/8829 2649/8830/8830 2650/8831/8831
f 2645/8829/8829 2650/8831/8831 2646/8832/8832
f 2644/8833/8833 2647/8834/8834 2651/8835/8835
f 2644/8833/8833 2651/8835/8835 2648/8836/8836
f 2649/8837/8837 2648/8838/8838 2652/8839/8839
f 2649/8837/8837 2652/8839/8839 2653/8840/8840
f 2650/8841/8841 2654/8842/8842 2655/8843/8843
f 2650/8841/8841 2655/8843/8843 2651/8844/8844
f 2653/8845/8845 2652/8846/8846 2655/8847/8847
f 2653/8845/8845 2655/8847/8847 2654/8848/8848
f 2649/8849/8849 2653/8850/8850 2654/8851/8851
f 2649/8849/8849 2654/8851/8851 2650/8852/8852
f 2648/8853/8853 2651/8854/8854 2655/8855/8855
f 2648/8853/8853 2655/8855/8855 2652/8856/8856
f 2656/8857/8857 2657/8858/8858 2658/8859/8859
f 2656/8857/8857 2658/8859/8859 2659/8860/8860
f 2660/8861/8861 2661/8862/8862 2662/8863/8863
f 2660/8861/8861 2662/8863/8863 2663/8864/8864
f 2656/8865/8865 2660/8866/8866 2663/8867/8867
f 2656/8865/8865 2663/8867/8867 2657/8868/8868
f 2659/8869/8869 2658/8870/8870 2662/8871/8871
f 2659/8869/8869 2662/8871/8871 2661/8872/8872
f 2657/8873/8873 2663/8874/8874 2662/8875/8875
f 2657/8873/8873 2662/8875/8875 2658/8876/8876
f 2664/8877/8877 2665/8878/8878 2666/8879/8879
f 2664/8877/8877 2666/8879/8879 2667/8880/8880
f 2668/8881/8881 2669/8882/8882 2670/8883/8883
f 2668/8881/8881 2670/8883/8883 2671/8884/8884
f 2664/8885/8885 2668/8886/8886 2671/8887/8887
f 2664/8885/8885 2671/8887/8887 2665/8888/8888
f 2667/8889/8889 2666/8890/8890 2670/8891/8891
f 2667/8889/8889 2670/8891/8891 2669/8892/8892
f 2665/8893/8893 2671/8894/8894 2670/8895/8895
f 2665/8893/8893 2670/8895/8895 2666/8896/8896
f 2672/8897/8897 2673/8898/8898 2674/8899/8899
f 2672/8897/8897 2674/8899/8899 2675/8900/8900
f 2676/8901/8901 2677/8902/8902 2678/8903/8903
f 2676/8901/8901 2678/8903/8903 2679/8904/8904
f 2672/8905/8905 2676/8906/8906 2679/8907/8907
f 2672/8905/8905 2679/8907/8907 2673/8908/8908
f 2675/8909/8909 2674/8910/8910 2678/8911/8911
f 2675/8909/8909 2678/8911/8911 2677/8912/8912
f 2673/8913/8913 2679/8914/8914 2678/8915/8915
f 2673/8913/8913 2678/8915/8915 2674/8916/8916
f 2680/8917/8917 2681/8918/8918 2682/8919/8919
f 2680/8917/8917 2682/8919/8919 2683/8920/8920
f 2684/8921/8921 2685/8922/8922 2686/8923/8923
f 2684/8921/8921 2686/8923/8923 2687/8924/8924
f 2680/8925/8925 2684/8926/8926 2687/8927/8927
f 2680/8925/8925 2687/8927/8927 2681/8928/8928
f 2683/8929/8929 2682/8930/8930 2686/8931/8931
f 2683/8929/8929 2686/8931/8931 2685/8932/8932
f 2681/8933/8933 2687/8934/8934 2686/8935/8935
f 2681/8933/8933 2686/8935/8935 2682/8936/8936
f 2688/8937/8937 2689/8938/8938 2690/8939/8939
f 2688/8937/8937 2690/8939/8939 2691/8940/8940
f 2692/8941/8941 2693/8942/8942 2694/8943/8943
f 2692/8941/8941 2694/8943/8943 2695/8944/8944
f 2688/8945/8945 2692/8946/8946 2695/8947/8947
f 2688/8945/8945 2695/8947/8947 2689/8948/8948
f 2691/8949/8949 2690/8950/8950 2694/8951/8951
f 2691/8949/8949 2694/8951/8951 2693/8952/8952
f 2689/8953/8953 2695/8954/8954 2694/8955/8955
f 2689/8953/8953 2694/8955/8955 2690/8956/8956
f 2696/8957/8957 2697/8958/8958 2698/8959/8959
f 2696/8957/8957 2698/8959/8959 2699/8960/8960
f 2700/8961/8961 2701/8962/8962 2702/8963/8963
f 2700/8961/8961 2702/8963/8963 2703/8964/8964
f 2696/8965/8965 2700/8966/8966 2703/8967/8967
f 2696/8965/8965 2703/8967/8967 2697/8968/8968
f 2699/8969/8969 2698/8970/8970 2702/8971/8971
f 2699/8969/8969 2702/8971/8971 2701/8972/8972
f 2697/8973/8973 2703/8974/8974 2702/8975/8975
f 2697/8973/8973 2702/8975/8975 2698/8976/8976
f 2704/8977/8977 2705/8978/8978 2706/8979/8979
f 2704/8977/8977 2706/8979/8979 2707/8980/8980
f 2708/8981/8981 2709/8982/8982 2710/8983/8983
f 2708/8981/8981 2710/8983/8983 2711/8984/8984
f 2704/8985/8985 2708/8986/8986 2711/8987/8987
f 2704/8985/8985 2711/8987/8987 2705/8988/8988
f 2707/8989/8989 2706/8990/8990 2710/8991/8991
f 2707/8989/8989 2710/8991/8991 2709/8992/8992
f 2705/8993/8993 2711/8994/8994 2710/8995/8995
f 2705/8993/8993 2710/8995/8995 2706/8996/8996
f 2712/8997/8997 2713/8998/8998 2714/8999/8999
f 2712/8997/8997 2714/8999/8999 2715/9000/9000
f 2716/9001/9001 2717/9002/9002 2718/9003/9003
f 2716/9001/9001 2718/9003/9003 2719/9004/9004
f 2712/9005/9005 2716/9006/9006 2719/9007/9007
f 2712/9005/9005 2719/9007/9007 2713/9008/9008
f 2715/9009/9009 2714/9010/9010 2718/9011/9011
f 2715/9009/9009 2718/9011/9011 2717/9012/9012
f 2713/9013/9013 2719/9014/9014 2718/9015/9015
f 2713/9013/9013 2718/9015/9015 2714/9016/9016
f 2720/9017/9017 2721/9018/9018 2722/9019/9019
f 2720/9017/9017 2722/9019/9019 2723/9020/9020
f 2724/9021/9021 2725/9022/9022 2726/9023/9023
f 2724/9021/9021 2726/9023/9023 2727/9024/9024
f 2720/9025/9025 2724/9026/9026 2727/9027/9027
f 2720/9025/9025 2727/9027/9027 2721/9028/9028
f 2723/9029/9029 2722/9030/9030 2726/9031/9031
f 2723/9029/9029 2726/9031/9031 2725/9032/9032
f 2721/9033/9033 2727/9034/9034 2726/9035/9035
f 2721/9033/9033 2726/9035/9035 2722/9036/9036
f 2728/9037/9037 2729/9038/9038 2730/9039/9039
f 2728/9037/9037 2730/9039/9039 2731/9040/9040
f 2732/9041/9041 2733/9042/9042 2734/9043/9043
f 2732/9041/9041 2734/9043/9043 2735/9044/9044
f 2728/9045/9045 2732/9046/9046 2735/9047/9047
f 2728/9045/9045 2735/9047/9047 2729/9048/9048
f 2731/9049/9049 2730/9050/9050 2734/9051/9051
f 2731/9049/9049 2734/9051/9051 2733/9052/9052
f 2729/9053/9053 2735/9054/9054 2734/9055/9055
f 2729/9053/9053 2734/9055/9055 2730/9056/9056
