mtllib TorusCommerce_RestaurantA.mtl
o TorusCommerce_RestaurantA
usemtl TorusCommerceKit
s off
v -1.700000 0.000000 -1.402500
v 1.700000 0.000000 -1.402500
v 1.700000 0.900000 -1.402500
v -1.700000 0.900000 -1.402500
v -1.700000 0.000000 -1.347500
v 1.700000 0.000000 -1.347500
v 1.700000 0.900000 -1.347500
v -1.700000 0.900000 -1.347500
v -1.702500 0.000000 -1.400000
v -1.647500 0.000000 -1.400000
v -1.647500 0.250000 -1.400000
v -1.702500 0.250000 -1.400000
v -1.702500 0.000000 1.150000
v -1.647500 0.000000 1.150000
v -1.647500 0.250000 1.150000
v -1.702500 0.250000 1.150000
v -1.705000 0.000000 -1.405000
v -1.645000 0.000000 -1.405000
v -1.645000 0.975000 -1.405000
v -1.705000 0.975000 -1.405000
v -1.705000 0.000000 -1.345000
v -1.645000 0.000000 -1.345000
v -1.645000 0.975000 -1.345000
v -1.705000 0.975000 -1.345000
v -1.705000 0.000000 -0.530000
v -1.645000 0.000000 -0.530000
v -1.645000 0.975000 -0.530000
v -1.705000 0.975000 -0.530000
v -1.705000 0.000000 -0.470000
v -1.645000 0.000000 -0.470000
v -1.645000 0.975000 -0.470000
v -1.705000 0.975000 -0.470000
v -1.705000 0.000000 0.345000
v -1.645000 0.000000 0.345000
v -1.645000 0.975000 0.345000
v -1.705000 0.975000 0.345000
v -1.705000 0.000000 0.405000
v -1.645000 0.000000 0.405000
v -1.645000 0.975000 0.405000
v -1.705000 0.975000 0.405000
v -1.705000 0.000000 1.120000
v -1.645000 0.000000 1.120000
v -1.645000 0.975000 1.120000
v -1.705000 0.975000 1.120000
v -1.705000 0.000000 1.180000
v -1.645000 0.000000 1.180000
v -1.645000 0.975000 1.180000
v -1.705000 0.975000 1.180000
v -1.712500 0.935000 -1.412500
v -1.637500 0.935000 -1.412500
v -1.637500 0.990000 -1.412500
v -1.712500 0.990000 -1.412500
v -1.712500 0.935000 1.212500
v -1.637500 0.935000 1.212500
v -1.637500 0.990000 1.212500
v -1.712500 0.990000 1.212500
v 1.647500 0.000000 -1.400000
v 1.702500 0.000000 -1.400000
v 1.702500 0.250000 -1.400000
v 1.647500 0.250000 -1.400000
v 1.647500 0.000000 1.150000
v 1.702500 0.000000 1.150000
v 1.702500 0.250000 1.150000
v 1.647500 0.250000 1.150000
v 1.645000 0.000000 -1.405000
v 1.705000 0.000000 -1.405000
v 1.705000 0.975000 -1.405000
v 1.645000 0.975000 -1.405000
v 1.645000 0.000000 -1.345000
v 1.705000 0.000000 -1.345000
v 1.705000 0.975000 -1.345000
v 1.645000 0.975000 -1.345000
v 1.645000 0.000000 -0.530000
v 1.705000 0.000000 -0.530000
v 1.705000 0.975000 -0.530000
v 1.645000 0.975000 -0.530000
v 1.645000 0.000000 -0.470000
v 1.705000 0.000000 -0.470000
v 1.705000 0.975000 -0.470000
v 1.645000 0.975000 -0.470000
v 1.645000 0.000000 0.345000
v 1.705000 0.000000 0.345000
v 1.705000 0.975000 0.345000
v 1.645000 0.975000 0.345000
v 1.645000 0.000000 0.405000
v 1.705000 0.000000 0.405000
v 1.705000 0.975000 0.405000
v 1.645000 0.975000 0.405000
v 1.645000 0.000000 1.120000
v 1.705000 0.000000 1.120000
v 1.705000 0.975000 1.120000
v 1.645000 0.975000 1.120000
v 1.645000 0.000000 1.180000
v 1.705000 0.000000 1.180000
v 1.705000 0.975000 1.180000
v 1.645000 0.975000 1.180000
v 1.637500 0.935000 -1.412500
v 1.712500 0.935000 -1.412500
v 1.712500 0.990000 -1.412500
v 1.637500 0.990000 -1.412500
v 1.637500 0.935000 1.212500
v 1.712500 0.935000 1.212500
v 1.712500 0.990000 1.212500
v 1.637500 0.990000 1.212500
v -1.700000 0.932500 1.117500
v 1.700000 0.932500 1.117500
v 1.700000 0.992500 1.117500
v -1.700000 0.992500 1.117500
v -1.700000 0.932500 1.182500
v 1.700000 0.932500 1.182500
v 1.700000 0.992500 1.182500
v -1.700000 0.992500 1.182500
v -1.422500 0.000000 1.127500
v -1.377500 0.000000 1.127500
v -1.377500 0.800000 1.127500
v -1.422500 0.800000 1.127500
v -1.422500 0.000000 1.172500
v -1.377500 0.000000 1.172500
v -1.377500 0.800000 1.172500
v -1.422500 0.800000 1.172500
v 1.377500 0.000000 1.127500
v 1.422500 0.000000 1.127500
v 1.422500 0.800000 1.127500
v 1.377500 0.800000 1.127500
v 1.377500 0.000000 1.172500
v 1.422500 0.000000 1.172500
v 1.422500 0.800000 1.172500
v 1.377500 0.800000 1.172500
v -1.450000 0.697500 1.187500
v -0.900000 0.697500 1.187500
v -0.900000 0.912500 1.187500
v -1.450000 0.912500 1.187500
v -1.450000 0.697500 1.212500
v -0.900000 0.697500 1.212500
v -0.900000 0.912500 1.212500
v -1.450000 0.912500 1.212500
v -1.750000 0.992500 -1.425000
v 1.750000 0.992500 -1.425000
v 1.750000 1.037500 -1.425000
v -1.750000 1.037500 -1.425000
v -1.750000 0.992500 -0.475000
v 1.750000 0.992500 -0.475000
v 1.750000 1.037500 -0.475000
v -1.750000 1.037500 -0.475000
v -1.750000 1.010000 -0.550000
v -0.900000 1.010000 -0.550000
v -0.900000 1.050000 -0.550000
v -1.750000 1.050000 -0.550000
v -1.750000 1.010000 1.225000
v -0.900000 1.010000 1.225000
v -0.900000 1.050000 1.225000
v -1.750000 1.050000 1.225000
v 0.900000 1.010000 -0.550000
v 1.750000 1.010000 -0.550000
v 1.750000 1.050000 -0.550000
v 0.900000 1.050000 -0.550000
v 0.900000 1.010000 1.225000
v 1.750000 1.010000 1.225000
v 1.750000 1.050000 1.225000
v 0.900000 1.050000 1.225000
v -0.900000 1.015000 -0.470000
v 0.900000 1.015000 -0.470000
v 0.900000 1.050000 -0.470000
v -0.900000 1.050000 -0.470000
v -0.900000 1.015000 -0.430000
v 0.900000 1.015000 -0.430000
v 0.900000 1.050000 -0.430000
v -0.900000 1.050000 -0.430000
v -0.900000 1.015000 0.330000
v 0.900000 1.015000 0.330000
v 0.900000 1.050000 0.330000
v -0.900000 1.050000 0.330000
v -0.900000 1.015000 0.370000
v 0.900000 1.015000 0.370000
v 0.900000 1.050000 0.370000
v -0.900000 1.050000 0.370000
v -0.900000 1.015000 1.130000
v 0.900000 1.015000 1.130000
v 0.900000 1.050000 1.130000
v -0.900000 1.050000 1.130000
v -0.900000 1.015000 1.170000
v 0.900000 1.015000 1.170000
v 0.900000 1.050000 1.170000
v -0.900000 1.050000 1.170000
v -0.570000 0.167500 -0.125000
v -0.570000 0.192500 -0.125000
v -0.583702 0.192500 -0.056117
v -0.583702 0.167500 -0.056117
v -0.750000 0.167500 -0.125000
v -0.750000 0.192500 -0.125000
v -0.622721 0.192500 0.002279
v -0.622721 0.167500 0.002279
v -0.681117 0.192500 0.041298
v -0.681117 0.167500 0.041298
v -0.750000 0.192500 0.055000
v -0.750000 0.167500 0.055000
v -0.818883 0.192500 0.041298
v -0.818883 0.167500 0.041298
v -0.877279 0.192500 0.002279
v -0.877279 0.167500 0.002279
v -0.916298 0.192500 -0.056117
v -0.916298 0.167500 -0.056117
v -0.930000 0.192500 -0.125000
v -0.930000 0.167500 -0.125000
v -0.916298 0.192500 -0.193883
v -0.916298 0.167500 -0.193883
v -0.877279 0.192500 -0.252279
v -0.877279 0.167500 -0.252279
v -0.818883 0.192500 -0.291298
v -0.818883 0.167500 -0.291298
v -0.750000 0.192500 -0.305000
v -0.750000 0.167500 -0.305000
v -0.681117 0.192500 -0.291298
v -0.681117 0.167500 -0.291298
v -0.622721 0.192500 -0.252279
v -0.622721 0.167500 -0.252279
v -0.583702 0.192500 -0.193883
v -0.583702 0.167500 -0.193883
v -0.725000 0.000000 -0.125000
v -0.725000 0.175000 -0.125000
v -0.732322 0.175000 -0.107322
v -0.732322 0.000000 -0.107322
v -0.750000 0.000000 -0.125000
v -0.750000 0.175000 -0.125000
v -0.750000 0.175000 -0.100000
v -0.750000 0.000000 -0.100000
v -0.767678 0.175000 -0.107322
v -0.767678 0.000000 -0.107322
v -0.775000 0.175000 -0.125000
v -0.775000 0.000000 -0.125000
v -0.767678 0.175000 -0.142678
v -0.767678 0.000000 -0.142678
v -0.750000 0.175000 -0.150000
v -0.750000 0.000000 -0.150000
v -0.732322 0.175000 -0.142678
v -0.732322 0.000000 -0.142678
v -0.650000 0.000000 -0.125000
v -0.650000 0.022500 -0.125000
v -0.679289 0.022500 -0.054289
v -0.679289 0.000000 -0.054289
v -0.750000 0.022500 -0.125000
v -0.750000 0.022500 -0.025000
v -0.750000 0.000000 -0.025000
v -0.820711 0.022500 -0.054289
v -0.820711 0.000000 -0.054289
v -0.850000 0.022500 -0.125000
v -0.850000 0.000000 -0.125000
v -0.820711 0.022500 -0.195711
v -0.820711 0.000000 -0.195711
v -0.750000 0.022500 -0.225000
v -0.750000 0.000000 -0.225000
v -0.679289 0.022500 -0.195711
v -0.679289 0.000000 -0.195711
v -0.806875 0.000000 -0.431875
v -0.793125 0.000000 -0.431875
v -0.793125 0.125000 -0.431875
v -0.806875 0.125000 -0.431875
v -0.806875 0.000000 -0.418125
v -0.793125 0.000000 -0.418125
v -0.793125 0.125000 -0.418125
v -0.806875 0.125000 -0.418125
v -0.806875 0.000000 -0.331875
v -0.793125 0.000000 -0.331875
v -0.793125 0.125000 -0.331875
v -0.806875 0.125000 -0.331875
v -0.806875 0.000000 -0.318125
v -0.793125 0.000000 -0.318125
v -0.793125 0.125000 -0.318125
v -0.806875 0.125000 -0.318125
v -0.706875 0.000000 -0.431875
v -0.693125 0.000000 -0.431875
v -0.693125 0.125000 -0.431875
v -0.706875 0.125000 -0.431875
v -0.706875 0.000000 -0.418125
v -0.693125 0.000000 -0.418125
v -0.693125 0.125000 -0.418125
v -0.706875 0.125000 -0.418125
v -0.706875 0.000000 -0.331875
v -0.693125 0.000000 -0.331875
v -0.693125 0.125000 -0.331875
v -0.706875 0.125000 -0.331875
v -0.706875 0.000000 -0.318125
v -0.693125 0.000000 -0.318125
v -0.693125 0.125000 -0.318125
v -0.706875 0.125000 -0.318125
v -0.815000 0.112500 -0.440000
v -0.685000 0.112500 -0.440000
v -0.685000 0.132500 -0.440000
v -0.815000 0.132500 -0.440000
v -0.815000 0.112500 -0.310000
v -0.685000 0.112500 -0.310000
v -0.685000 0.132500 -0.310000
v -0.815000 0.132500 -0.310000
v -0.815000 0.130000 -0.442500
v -0.685000 0.130000 -0.442500
v -0.685000 0.250000 -0.442500
v -0.815000 0.250000 -0.442500
v -0.815000 0.130000 -0.427500
v -0.685000 0.130000 -0.427500
v -0.685000 0.250000 -0.427500
v -0.815000 0.250000 -0.427500
v -0.806875 0.000000 0.068125
v -0.793125 0.000000 0.068125
v -0.793125 0.125000 0.068125
v -0.806875 0.125000 0.068125
v -0.806875 0.000000 0.081875
v -0.793125 0.000000 0.081875
v -0.793125 0.125000 0.081875
v -0.806875 0.125000 0.081875
v -0.806875 0.000000 0.168125
v -0.793125 0.000000 0.168125
v -0.793125 0.125000 0.168125
v -0.806875 0.125000 0.168125
v -0.806875 0.000000 0.181875
v -0.793125 0.000000 0.181875
v -0.793125 0.125000 0.181875
v -0.806875 0.125000 0.181875
v -0.706875 0.000000 0.068125
v -0.693125 0.000000 0.068125
v -0.693125 0.125000 0.068125
v -0.706875 0.125000 0.068125
v -0.706875 0.000000 0.081875
v -0.693125 0.000000 0.081875
v -0.693125 0.125000 0.081875
v -0.706875 0.125000 0.081875
v -0.706875 0.000000 0.168125
v -0.693125 0.000000 0.168125
v -0.693125 0.125000 0.168125
v -0.706875 0.125000 0.168125
v -0.706875 0.000000 0.181875
v -0.693125 0.000000 0.181875
v -0.693125 0.125000 0.181875
v -0.706875 0.125000 0.181875
v -0.815000 0.112500 0.060000
v -0.685000 0.112500 0.060000
v -0.685000 0.132500 0.060000
v -0.815000 0.132500 0.060000
v -0.815000 0.112500 0.190000
v -0.685000 0.112500 0.190000
v -0.685000 0.132500 0.190000
v -0.815000 0.132500 0.190000
v -0.815000 0.130000 0.177500
v -0.685000 0.130000 0.177500
v -0.685000 0.250000 0.177500
v -0.815000 0.250000 0.177500
v -0.815000 0.130000 0.192500
v -0.685000 0.130000 0.192500
v -0.685000 0.250000 0.192500
v -0.815000 0.250000 0.192500
v -0.722500 0.192500 -0.125000
v -0.722500 0.217500 -0.125000
v -0.730555 0.217500 -0.105555
v -0.730555 0.192500 -0.105555
v -0.750000 0.217500 -0.125000
v -0.750000 0.217500 -0.097500
v -0.750000 0.192500 -0.097500
v -0.769445 0.217500 -0.105555
v -0.769445 0.192500 -0.105555
v -0.777500 0.217500 -0.125000
v -0.777500 0.192500 -0.125000
v -0.769445 0.217500 -0.144445
v -0.769445 0.192500 -0.144445
v -0.750000 0.217500 -0.152500
v -0.750000 0.192500 -0.152500
v -0.730555 0.217500 -0.144445
v -0.730555 0.192500 -0.144445
v -0.570000 0.167500 0.700000
v -0.570000 0.192500 0.700000
v -0.583702 0.192500 0.768883
v -0.583702 0.167500 0.768883
v -0.750000 0.167500 0.700000
v -0.750000 0.192500 0.700000
v -0.622721 0.192500 0.827279
v -0.622721 0.167500 0.827279
v -0.681117 0.192500 0.866298
v -0.681117 0.167500 0.866298
v -0.750000 0.192500 0.880000
v -0.750000 0.167500 0.880000
v -0.818883 0.192500 0.866298
v -0.818883 0.167500 0.866298
v -0.877279 0.192500 0.827279
v -0.877279 0.167500 0.827279
v -0.916298 0.192500 0.768883
v -0.916298 0.167500 0.768883
v -0.930000 0.192500 0.700000
v -0.930000 0.167500 0.700000
v -0.916298 0.192500 0.631117
v -0.916298 0.167500 0.631117
v -0.877279 0.192500 0.572721
v -0.877279 0.167500 0.572721
v -0.818883 0.192500 0.533702
v -0.818883 0.167500 0.533702
v -0.750000 0.192500 0.520000
v -0.750000 0.167500 0.520000
v -0.681117 0.192500 0.533702
v -0.681117 0.167500 0.533702
v -0.622721 0.192500 0.572721
v -0.622721 0.167500 0.572721
v -0.583702 0.192500 0.631117
v -0.583702 0.167500 0.631117
v -0.725000 0.000000 0.700000
v -0.725000 0.175000 0.700000
v -0.732322 0.175000 0.717678
v -0.732322 0.000000 0.717678
v -0.750000 0.000000 0.700000
v -0.750000 0.175000 0.700000
v -0.750000 0.175000 0.725000
v -0.750000 0.000000 0.725000
v -0.767678 0.175000 0.717678
v -0.767678 0.000000 0.717678
v -0.775000 0.175000 0.700000
v -0.775000 0.000000 0.700000
v -0.767678 0.175000 0.682322
v -0.767678 0.000000 0.682322
v -0.750000 0.175000 0.675000
v -0.750000 0.000000 0.675000
v -0.732322 0.175000 0.682322
v -0.732322 0.000000 0.682322
v -0.650000 0.000000 0.700000
v -0.650000 0.022500 0.700000
v -0.679289 0.022500 0.770711
v -0.679289 0.000000 0.770711
v -0.750000 0.022500 0.700000
v -0.750000 0.022500 0.800000
v -0.750000 0.000000 0.800000
v -0.820711 0.022500 0.770711
v -0.820711 0.000000 0.770711
v -0.850000 0.022500 0.700000
v -0.850000 0.000000 0.700000
v -0.820711 0.022500 0.629289
v -0.820711 0.000000 0.629289
v -0.750000 0.022500 0.600000
v -0.750000 0.000000 0.600000
v -0.679289 0.022500 0.629289
v -0.679289 0.000000 0.629289
v -0.806875 0.000000 0.393125
v -0.793125 0.000000 0.393125
v -0.793125 0.125000 0.393125
v -0.806875 0.125000 0.393125
v -0.806875 0.000000 0.406875
v -0.793125 0.000000 0.406875
v -0.793125 0.125000 0.406875
v -0.806875 0.125000 0.406875
v -0.806875 0.000000 0.493125
v -0.793125 0.000000 0.493125
v -0.793125 0.125000 0.493125
v -0.806875 0.125000 0.493125
v -0.806875 0.000000 0.506875
v -0.793125 0.000000 0.506875
v -0.793125 0.125000 0.506875
v -0.806875 0.125000 0.506875
v -0.706875 0.000000 0.393125
v -0.693125 0.000000 0.393125
v -0.693125 0.125000 0.393125
v -0.706875 0.125000 0.393125
v -0.706875 0.000000 0.406875
v -0.693125 0.000000 0.406875
v -0.693125 0.125000 0.406875
v -0.706875 0.125000 0.406875
v -0.706875 0.000000 0.493125
v -0.693125 0.000000 0.493125
v -0.693125 0.125000 0.493125
v -0.706875 0.125000 0.493125
v -0.706875 0.000000 0.506875
v -0.693125 0.000000 0.506875
v -0.693125 0.125000 0.506875
v -0.706875 0.125000 0.506875
v -0.815000 0.112500 0.385000
v -0.685000 0.112500 0.385000
v -0.685000 0.132500 0.385000
v -0.815000 0.132500 0.385000
v -0.815000 0.112500 0.515000
v -0.685000 0.112500 0.515000
v -0.685000 0.132500 0.515000
v -0.815000 0.132500 0.515000
v -0.815000 0.130000 0.382500
v -0.685000 0.130000 0.382500
v -0.685000 0.250000 0.382500
v -0.815000 0.250000 0.382500
v -0.815000 0.130000 0.397500
v -0.685000 0.130000 0.397500
v -0.685000 0.250000 0.397500
v -0.815000 0.250000 0.397500
v -0.806875 0.000000 0.893125
v -0.793125 0.000000 0.893125
v -0.793125 0.125000 0.893125
v -0.806875 0.125000 0.893125
v -0.806875 0.000000 0.906875
v -0.793125 0.000000 0.906875
v -0.793125 0.125000 0.906875
v -0.806875 0.125000 0.906875
v -0.806875 0.000000 0.993125
v -0.793125 0.000000 0.993125
v -0.793125 0.125000 0.993125
v -0.806875 0.125000 0.993125
v -0.806875 0.000000 1.006875
v -0.793125 0.000000 1.006875
v -0.793125 0.125000 1.006875
v -0.806875 0.125000 1.006875
v -0.706875 0.000000 0.893125
v -0.693125 0.000000 0.893125
v -0.693125 0.125000 0.893125
v -0.706875 0.125000 0.893125
v -0.706875 0.000000 0.906875
v -0.693125 0.000000 0.906875
v -0.693125 0.125000 0.906875
v -0.706875 0.125000 0.906875
v -0.706875 0.000000 0.993125
v -0.693125 0.000000 0.993125
v -0.693125 0.125000 0.993125
v -0.706875 0.125000 0.993125
v -0.706875 0.000000 1.006875
v -0.693125 0.000000 1.006875
v -0.693125 0.125000 1.006875
v -0.706875 0.125000 1.006875
v -0.815000 0.112500 0.885000
v -0.685000 0.112500 0.885000
v -0.685000 0.132500 0.885000
v -0.815000 0.132500 0.885000
v -0.815000 0.112500 1.015000
v -0.685000 0.112500 1.015000
v -0.685000 0.132500 1.015000
v -0.815000 0.132500 1.015000
v -0.815000 0.130000 1.002500
v -0.685000 0.130000 1.002500
v -0.685000 0.250000 1.002500
v -0.815000 0.250000 1.002500
v -0.815000 0.130000 1.017500
v -0.685000 0.130000 1.017500
v -0.685000 0.250000 1.017500
v -0.815000 0.250000 1.017500
v -0.722500 0.192500 0.700000
v -0.722500 0.217500 0.700000
v -0.730555 0.217500 0.719445
v -0.730555 0.192500 0.719445
v -0.750000 0.217500 0.700000
v -0.750000 0.217500 0.727500
v -0.750000 0.192500 0.727500
v -0.769445 0.217500 0.719445
v -0.769445 0.192500 0.719445
v -0.777500 0.217500 0.700000
v -0.777500 0.192500 0.700000
v -0.769445 0.217500 0.680555
v -0.769445 0.192500 0.680555
v -0.750000 0.217500 0.672500
v -0.750000 0.192500 0.672500
v -0.730555 0.217500 0.680555
v -0.730555 0.192500 0.680555
v 0.930000 0.167500 -0.125000
v 0.930000 0.192500 -0.125000
v 0.916298 0.192500 -0.056117
v 0.916298 0.167500 -0.056117
v 0.750000 0.167500 -0.125000
v 0.750000 0.192500 -0.125000
v 0.877279 0.192500 0.002279
v 0.877279 0.167500 0.002279
v 0.818883 0.192500 0.041298
v 0.818883 0.167500 0.041298
v 0.750000 0.192500 0.055000
v 0.750000 0.167500 0.055000
v 0.681117 0.192500 0.041298
v 0.681117 0.167500 0.041298
v 0.622721 0.192500 0.002279
v 0.622721 0.167500 0.002279
v 0.583702 0.192500 -0.056117
v 0.583702 0.167500 -0.056117
v 0.570000 0.192500 -0.125000
v 0.570000 0.167500 -0.125000
v 0.583702 0.192500 -0.193883
v 0.583702 0.167500 -0.193883
v 0.622721 0.192500 -0.252279
v 0.622721 0.167500 -0.252279
v 0.681117 0.192500 -0.291298
v 0.681117 0.167500 -0.291298
v 0.750000 0.192500 -0.305000
v 0.750000 0.167500 -0.305000
v 0.818883 0.192500 -0.291298
v 0.818883 0.167500 -0.291298
v 0.877279 0.192500 -0.252279
v 0.877279 0.167500 -0.252279
v 0.916298 0.192500 -0.193883
v 0.916298 0.167500 -0.193883
v 0.775000 0.000000 -0.125000
v 0.775000 0.175000 -0.125000
v 0.767678 0.175000 -0.107322
v 0.767678 0.000000 -0.107322
v 0.750000 0.000000 -0.125000
v 0.750000 0.175000 -0.125000
v 0.750000 0.175000 -0.100000
v 0.750000 0.000000 -0.100000
v 0.732322 0.175000 -0.107322
v 0.732322 0.000000 -0.107322
v 0.725000 0.175000 -0.125000
v 0.725000 0.000000 -0.125000
v 0.732322 0.175000 -0.142678
v 0.732322 0.000000 -0.142678
v 0.750000 0.175000 -0.150000
v 0.750000 0.000000 -0.150000
v 0.767678 0.175000 -0.142678
v 0.767678 0.000000 -0.142678
v 0.850000 0.000000 -0.125000
v 0.850000 0.022500 -0.125000
v 0.820711 0.022500 -0.054289
v 0.820711 0.000000 -0.054289
v 0.750000 0.022500 -0.125000
v 0.750000 0.022500 -0.025000
v 0.750000 0.000000 -0.025000
v 0.679289 0.022500 -0.054289
v 0.679289 0.000000 -0.054289
v 0.650000 0.022500 -0.125000
v 0.650000 0.000000 -0.125000
v 0.679289 0.022500 -0.195711
v 0.679289 0.000000 -0.195711
v 0.750000 0.022500 -0.225000
v 0.750000 0.000000 -0.225000
v 0.820711 0.022500 -0.195711
v 0.820711 0.000000 -0.195711
v 0.693125 0.000000 -0.431875
v 0.706875 0.000000 -0.431875
v 0.706875 0.125000 -0.431875
v 0.693125 0.125000 -0.431875
v 0.693125 0.000000 -0.418125
v 0.706875 0.000000 -0.418125
v 0.706875 0.125000 -0.418125
v 0.693125 0.125000 -0.418125
v 0.693125 0.000000 -0.331875
v 0.706875 0.000000 -0.331875
v 0.706875 0.125000 -0.331875
v 0.693125 0.125000 -0.331875
v 0.693125 0.000000 -0.318125
v 0.706875 0.000000 -0.318125
v 0.706875 0.125000 -0.318125
v 0.693125 0.125000 -0.318125
v 0.793125 0.000000 -0.431875
v 0.806875 0.000000 -0.431875
v 0.806875 0.125000 -0.431875
v 0.793125 0.125000 -0.431875
v 0.793125 0.000000 -0.418125
v 0.806875 0.000000 -0.418125
v 0.806875 0.125000 -0.418125
v 0.793125 0.125000 -0.418125
v 0.793125 0.000000 -0.331875
v 0.806875 0.000000 -0.331875
v 0.806875 0.125000 -0.331875
v 0.793125 0.125000 -0.331875
v 0.793125 0.000000 -0.318125
v 0.806875 0.000000 -0.318125
v 0.806875 0.125000 -0.318125
v 0.793125 0.125000 -0.318125
v 0.685000 0.112500 -0.440000
v 0.815000 0.112500 -0.440000
v 0.815000 0.132500 -0.440000
v 0.685000 0.132500 -0.440000
v 0.685000 0.112500 -0.310000
v 0.815000 0.112500 -0.310000
v 0.815000 0.132500 -0.310000
v 0.685000 0.132500 -0.310000
v 0.685000 0.130000 -0.442500
v 0.815000 0.130000 -0.442500
v 0.815000 0.250000 -0.442500
v 0.685000 0.250000 -0.442500
v 0.685000 0.130000 -0.427500
v 0.815000 0.130000 -0.427500
v 0.815000 0.250000 -0.427500
v 0.685000 0.250000 -0.427500
v 0.693125 0.000000 0.068125
v 0.706875 0.000000 0.068125
v 0.706875 0.125000 0.068125
v 0.693125 0.125000 0.068125
v 0.693125 0.000000 0.081875
v 0.706875 0.000000 0.081875
v 0.706875 0.125000 0.081875
v 0.693125 0.125000 0.081875
v 0.693125 0.000000 0.168125
v 0.706875 0.000000 0.168125
v 0.706875 0.125000 0.168125
v 0.693125 0.125000 0.168125
v 0.693125 0.000000 0.181875
v 0.706875 0.000000 0.181875
v 0.706875 0.125000 0.181875
v 0.693125 0.125000 0.181875
v 0.793125 0.000000 0.068125
v 0.806875 0.000000 0.068125
v 0.806875 0.125000 0.068125
v 0.793125 0.125000 0.068125
v 0.793125 0.000000 0.081875
v 0.806875 0.000000 0.081875
v 0.806875 0.125000 0.081875
v 0.793125 0.125000 0.081875
v 0.793125 0.000000 0.168125
v 0.806875 0.000000 0.168125
v 0.806875 0.125000 0.168125
v 0.793125 0.125000 0.168125
v 0.793125 0.000000 0.181875
v 0.806875 0.000000 0.181875
v 0.806875 0.125000 0.181875
v 0.793125 0.125000 0.181875
v 0.685000 0.112500 0.060000
v 0.815000 0.112500 0.060000
v 0.815000 0.132500 0.060000
v 0.685000 0.132500 0.060000
v 0.685000 0.112500 0.190000
v 0.815000 0.112500 0.190000
v 0.815000 0.132500 0.190000
v 0.685000 0.132500 0.190000
v 0.685000 0.130000 0.177500
v 0.815000 0.130000 0.177500
v 0.815000 0.250000 0.177500
v 0.685000 0.250000 0.177500
v 0.685000 0.130000 0.192500
v 0.815000 0.130000 0.192500
v 0.815000 0.250000 0.192500
v 0.685000 0.250000 0.192500
v 0.777500 0.192500 -0.125000
v 0.777500 0.217500 -0.125000
v 0.769445 0.217500 -0.105555
v 0.769445 0.192500 -0.105555
v 0.750000 0.217500 -0.125000
v 0.750000 0.217500 -0.097500
v 0.750000 0.192500 -0.097500
v 0.730555 0.217500 -0.105555
v 0.730555 0.192500 -0.105555
v 0.722500 0.217500 -0.125000
v 0.722500 0.192500 -0.125000
v 0.730555 0.217500 -0.144445
v 0.730555 0.192500 -0.144445
v 0.750000 0.217500 -0.152500
v 0.750000 0.192500 -0.152500
v 0.769445 0.217500 -0.144445
v 0.769445 0.192500 -0.144445
v 0.930000 0.167500 0.700000
v 0.930000 0.192500 0.700000
v 0.916298 0.192500 0.768883
v 0.916298 0.167500 0.768883
v 0.750000 0.167500 0.700000
v 0.750000 0.192500 0.700000
v 0.877279 0.192500 0.827279
v 0.877279 0.167500 0.827279
v 0.818883 0.192500 0.866298
v 0.818883 0.167500 0.866298
v 0.750000 0.192500 0.880000
v 0.750000 0.167500 0.880000
v 0.681117 0.192500 0.866298
v 0.681117 0.167500 0.866298
v 0.622721 0.192500 0.827279
v 0.622721 0.167500 0.827279
v 0.583702 0.192500 0.768883
v 0.583702 0.167500 0.768883
v 0.570000 0.192500 0.700000
v 0.570000 0.167500 0.700000
v 0.583702 0.192500 0.631117
v 0.583702 0.167500 0.631117
v 0.622721 0.192500 0.572721
v 0.622721 0.167500 0.572721
v 0.681117 0.192500 0.533702
v 0.681117 0.167500 0.533702
v 0.750000 0.192500 0.520000
v 0.750000 0.167500 0.520000
v 0.818883 0.192500 0.533702
v 0.818883 0.167500 0.533702
v 0.877279 0.192500 0.572721
v 0.877279 0.167500 0.572721
v 0.916298 0.192500 0.631117
v 0.916298 0.167500 0.631117
v 0.775000 0.000000 0.700000
v 0.775000 0.175000 0.700000
v 0.767678 0.175000 0.717678
v 0.767678 0.000000 0.717678
v 0.750000 0.000000 0.700000
v 0.750000 0.175000 0.700000
v 0.750000 0.175000 0.725000
v 0.750000 0.000000 0.725000
v 0.732322 0.175000 0.717678
v 0.732322 0.000000 0.717678
v 0.725000 0.175000 0.700000
v 0.725000 0.000000 0.700000
v 0.732322 0.175000 0.682322
v 0.732322 0.000000 0.682322
v 0.750000 0.175000 0.675000
v 0.750000 0.000000 0.675000
v 0.767678 0.175000 0.682322
v 0.767678 0.000000 0.682322
v 0.850000 0.000000 0.700000
v 0.850000 0.022500 0.700000
v 0.820711 0.022500 0.770711
v 0.820711 0.000000 0.770711
v 0.750000 0.022500 0.700000
v 0.750000 0.022500 0.800000
v 0.750000 0.000000 0.800000
v 0.679289 0.022500 0.770711
v 0.679289 0.000000 0.770711
v 0.650000 0.022500 0.700000
v 0.650000 0.000000 0.700000
v 0.679289 0.022500 0.629289
v 0.679289 0.000000 0.629289
v 0.750000 0.022500 0.600000
v 0.750000 0.000000 0.600000
v 0.820711 0.022500 0.629289
v 0.820711 0.000000 0.629289
v 0.693125 0.000000 0.393125
v 0.706875 0.000000 0.393125
v 0.706875 0.125000 0.393125
v 0.693125 0.125000 0.393125
v 0.693125 0.000000 0.406875
v 0.706875 0.000000 0.406875
v 0.706875 0.125000 0.406875
v 0.693125 0.125000 0.406875
v 0.693125 0.000000 0.493125
v 0.706875 0.000000 0.493125
v 0.706875 0.125000 0.493125
v 0.693125 0.125000 0.493125
v 0.693125 0.000000 0.506875
v 0.706875 0.000000 0.506875
v 0.706875 0.125000 0.506875
v 0.693125 0.125000 0.506875
v 0.793125 0.000000 0.393125
v 0.806875 0.000000 0.393125
v 0.806875 0.125000 0.393125
v 0.793125 0.125000 0.393125
v 0.793125 0.000000 0.406875
v 0.806875 0.000000 0.406875
v 0.806875 0.125000 0.406875
v 0.793125 0.125000 0.406875
v 0.793125 0.000000 0.493125
v 0.806875 0.000000 0.493125
v 0.806875 0.125000 0.493125
v 0.793125 0.125000 0.493125
v 0.793125 0.000000 0.506875
v 0.806875 0.000000 0.506875
v 0.806875 0.125000 0.506875
v 0.793125 0.125000 0.506875
v 0.685000 0.112500 0.385000
v 0.815000 0.112500 0.385000
v 0.815000 0.132500 0.385000
v 0.685000 0.132500 0.385000
v 0.685000 0.112500 0.515000
v 0.815000 0.112500 0.515000
v 0.815000 0.132500 0.515000
v 0.685000 0.132500 0.515000
v 0.685000 0.130000 0.382500
v 0.815000 0.130000 0.382500
v 0.815000 0.250000 0.382500
v 0.685000 0.250000 0.382500
v 0.685000 0.130000 0.397500
v 0.815000 0.130000 0.397500
v 0.815000 0.250000 0.397500
v 0.685000 0.250000 0.397500
v 0.693125 0.000000 0.893125
v 0.706875 0.000000 0.893125
v 0.706875 0.125000 0.893125
v 0.693125 0.125000 0.893125
v 0.693125 0.000000 0.906875
v 0.706875 0.000000 0.906875
v 0.706875 0.125000 0.906875
v 0.693125 0.125000 0.906875
v 0.693125 0.000000 0.993125
v 0.706875 0.000000 0.993125
v 0.706875 0.125000 0.993125
v 0.693125 0.125000 0.993125
v 0.693125 0.000000 1.006875
v 0.706875 0.000000 1.006875
v 0.706875 0.125000 1.006875
v 0.693125 0.125000 1.006875
v 0.793125 0.000000 0.893125
v 0.806875 0.000000 0.893125
v 0.806875 0.125000 0.893125
v 0.793125 0.125000 0.893125
v 0.793125 0.000000 0.906875
v 0.806875 0.000000 0.906875
v 0.806875 0.125000 0.906875
v 0.793125 0.125000 0.906875
v 0.793125 0.000000 0.993125
v 0.806875 0.000000 0.993125
v 0.806875 0.125000 0.993125
v 0.793125 0.125000 0.993125
v 0.793125 0.000000 1.006875
v 0.806875 0.000000 1.006875
v 0.806875 0.125000 1.006875
v 0.793125 0.125000 1.006875
v 0.685000 0.112500 0.885000
v 0.815000 0.112500 0.885000
v 0.815000 0.132500 0.885000
v 0.685000 0.132500 0.885000
v 0.685000 0.112500 1.015000
v 0.815000 0.112500 1.015000
v 0.815000 0.132500 1.015000
v 0.685000 0.132500 1.015000
v 0.685000 0.130000 1.002500
v 0.815000 0.130000 1.002500
v 0.815000 0.250000 1.002500
v 0.685000 0.250000 1.002500
v 0.685000 0.130000 1.017500
v 0.815000 0.130000 1.017500
v 0.815000 0.250000 1.017500
v 0.685000 0.250000 1.017500
v 0.777500 0.192500 0.700000
v 0.777500 0.217500 0.700000
v 0.769445 0.217500 0.719445
v 0.769445 0.192500 0.719445
v 0.750000 0.217500 0.700000
v 0.750000 0.217500 0.727500
v 0.750000 0.192500 0.727500
v 0.730555 0.217500 0.719445
v 0.730555 0.192500 0.719445
v 0.722500 0.217500 0.700000
v 0.722500 0.192500 0.700000
v 0.730555 0.217500 0.680555
v 0.730555 0.192500 0.680555
v 0.750000 0.217500 0.672500
v 0.750000 0.192500 0.672500
v 0.769445 0.217500 0.680555
v 0.769445 0.192500 0.680555
v -1.325000 0.000000 -0.675000
v 0.425000 0.000000 -0.675000
v 0.425000 0.260000 -0.675000
v -1.325000 0.260000 -0.675000
v -1.325000 0.000000 -0.475000
v 0.425000 0.000000 -0.475000
v 0.425000 0.260000 -0.475000
v -1.325000 0.260000 -0.475000
v -1.350000 0.260000 -0.700000
v 0.450000 0.260000 -0.700000
v 0.450000 0.290000 -0.700000
v -1.350000 0.290000 -0.700000
v -1.350000 0.260000 -0.450000
v 0.450000 0.260000 -0.450000
v 0.450000 0.290000 -0.450000
v -1.350000 0.290000 -0.450000
v -1.262500 0.287500 -0.681250
v -0.987500 0.287500 -0.681250
v -0.987500 0.392500 -0.681250
v -1.262500 0.392500 -0.681250
v -1.262500 0.287500 -0.568750
v -0.987500 0.287500 -0.568750
v -0.987500 0.392500 -0.568750
v -1.262500 0.392500 -0.568750
v -1.268750 0.391250 -0.687500
v -0.981250 0.391250 -0.687500
v -0.981250 0.413750 -0.687500
v -1.268750 0.413750 -0.687500
v -1.268750 0.391250 -0.562500
v -0.981250 0.391250 -0.562500
v -0.981250 0.413750 -0.562500
v -1.268750 0.413750 -0.562500
v -1.550000 0.000000 -1.318750
v -0.950000 0.000000 -1.318750
v -0.950000 0.270000 -1.318750
v -1.550000 0.270000 -1.318750
v -1.550000 0.000000 -1.156250
v -0.950000 0.000000 -1.156250
v -0.950000 0.270000 -1.156250
v -1.550000 0.270000 -1.156250
v -1.562500 0.270000 -1.337500
v -0.937500 0.270000 -1.337500
v -0.937500 0.295000 -1.337500
v -1.562500 0.295000 -1.337500
v -1.562500 0.270000 -1.137500
v -0.937500 0.270000 -1.137500
v -0.937500 0.295000 -1.137500
v -1.562500 0.295000 -1.137500
v -1.550000 0.575000 -1.350000
v -0.950000 0.575000 -1.350000
v -0.950000 0.700000 -1.350000
v -1.550000 0.700000 -1.350000
v -1.550000 0.575000 -1.275000
v -0.950000 0.575000 -1.275000
v -0.950000 0.700000 -1.275000
v -1.550000 0.700000 -1.275000
v -0.800000 0.000000 -1.318750
v -0.200000 0.000000 -1.318750
v -0.200000 0.270000 -1.318750
v -0.800000 0.270000 -1.318750
v -0.800000 0.000000 -1.156250
v -0.200000 0.000000 -1.156250
v -0.200000 0.270000 -1.156250
v -0.800000 0.270000 -1.156250
v -0.812500 0.270000 -1.337500
v -0.187500 0.270000 -1.337500
v -0.187500 0.295000 -1.337500
v -0.812500 0.295000 -1.337500
v -0.812500 0.270000 -1.137500
v -0.187500 0.270000 -1.137500
v -0.187500 0.295000 -1.137500
v -0.812500 0.295000 -1.137500
v -0.800000 0.575000 -1.350000
v -0.200000 0.575000 -1.350000
v -0.200000 0.700000 -1.350000
v -0.800000 0.700000 -1.350000
v -0.800000 0.575000 -1.275000
v -0.200000 0.575000 -1.275000
v -0.200000 0.700000 -1.275000
v -0.800000 0.700000 -1.275000
v -0.050000 0.000000 -1.318750
v 0.550000 0.000000 -1.318750
v 0.550000 0.270000 -1.318750
v -0.050000 0.270000 -1.318750
v -0.050000 0.000000 -1.156250
v 0.550000 0.000000 -1.156250
v 0.550000 0.270000 -1.156250
v -0.050000 0.270000 -1.156250
v -0.062500 0.270000 -1.337500
v 0.562500 0.270000 -1.337500
v 0.562500 0.295000 -1.337500
v -0.062500 0.295000 -1.337500
v -0.062500 0.270000 -1.137500
v 0.562500 0.270000 -1.137500
v 0.562500 0.295000 -1.137500
v -0.062500 0.295000 -1.137500
v -0.050000 0.575000 -1.350000
v 0.550000 0.575000 -1.350000
v 0.550000 0.700000 -1.350000
v -0.050000 0.700000 -1.350000
v -0.050000 0.575000 -1.275000
v 0.550000 0.575000 -1.275000
v 0.550000 0.700000 -1.275000
v -0.050000 0.700000 -1.275000
v 0.975000 0.000000 -1.337500
v 1.275000 0.000000 -1.337500
v 1.275000 0.625000 -1.337500
v 0.975000 0.625000 -1.337500
v 0.975000 0.000000 -1.112500
v 1.275000 0.000000 -1.112500
v 1.275000 0.625000 -1.112500
v 0.975000 0.625000 -1.112500
vt 0.017578 0.767578
vt 0.232422 0.767578
vt 0.232422 0.982422
vt 0.017578 0.982422
vt 0.017578 0.767578
vt 0.232422 0.767578
vt 0.232422 0.982422
vt 0.017578 0.982422
vt 0.017578 0.767578
vt 0.232422 0.767578
vt 0.232422 0.982422
vt 0.017578 0.982422
vt 0.017578 0.767578
vt 0.232422 0.767578
vt 0.232422 0.982422
vt 0.017578 0.982422
vt 0.017578 0.767578
vt 0.232422 0.767578
vt 0.232422 0.982422
vt 0.017578 0.982422
vt 0.017578 0.767578
vt 0.232422 0.767578
vt 0.232422 0.982422
vt 0.017578 0.982422
vt 0.017578 0.767578
vt 0.232422 0.767578
vt 0.232422 0.982422
vt 0.017578 0.982422
vt 0.017578 0.767578
vt 0.232422 0.767578
vt 0.232422 0.982422
vt 0.017578 0.982422
vt 0.017578 0.767578
vt 0.232422 0.767578
vt 0.232422 0.982422
vt 0.017578 0.982422
vt 0.017578 0.767578
vt 0.232422 0.767578
vt 0.232422 0.982422
vt 0.017578 0.982422
vt 0.017578 0.767578
vt 0.232422 0.767578
vt 0.232422 0.982422
vt 0.017578 0.982422
vt 0.017578 0.767578
vt 0.232422 0.767578
vt 0.232422 0.982422
vt 0.017578 0.982422
vt 0.267578 0.767578
vt 0.482422 0.767578
vt 0.482422 0.982422
vt 0.267578 0.982422
vt 0.267578 0.767578
vt 0.482422 0.767578
vt 0.482422 0.982422
vt 0.267578 0.982422
vt 0.267578 0.767578
vt 0.482422 0.767578
vt 0.482422 0.982422
vt 0.267578 0.982422
vt 0.267578 0.767578
vt 0.482422 0.767578
vt 0.482422 0.982422
vt 0.267578 0.982422
vt 0.267578 0.767578
vt 0.482422 0.767578
vt 0.482422 0.982422
vt 0.267578 0.982422
vt 0.267578 0.767578
vt 0.482422 0.767578
vt 0.482422 0.982422
vt 0.267578 0.982422
vt 0.267578 0.767578
vt 0.482422 0.767578
vt 0.482422 0.982422
vt 0.267578 0.982422
vt 0.267578 0.767578
vt 0.482422 0.767578
vt 0.482422 0.982422
vt 0.267578 0.982422
vt 0.267578 0.767578
vt 0.482422 0.767578
vt 0.482422 0.982422
vt 0.267578 0.982422
vt 0.267578 0.767578
vt 0.482422 0.767578
vt 0.482422 0.982422
vt 0.267578 0.982422
vt 0.267578 0.767578
vt 0.482422 0.767578
vt 0.482422 0.982422
vt 0.267578 0.982422
vt 0.267578 0.767578
vt 0.482422 0.767578
vt 0.482422 0.982422
vt 0.267578 0.982422
vt 0.267578 0.767578
vt 0.482422 0.767578
vt 0.482422 0.982422
vt 0.267578 0.982422
vt 0.267578 0.767578
vt 0.482422 0.767578
vt 0.482422 0.982422
vt 0.267578 0.982422
vt 0.267578 0.767578
vt 0.482422 0.767578
vt 0.482422 0.982422
vt 0.267578 0.982422
vt 0.267578 0.767578
vt 0.482422 0.767578
vt 0.482422 0.982422
vt 0.267578 0.982422
vt 0.267578 0.767578
vt 0.482422 0.767578
vt 0.482422 0.982422
vt 0.267578 0.982422
vt 0.267578 0.767578
vt 0.482422 0.767578
vt 0.482422 0.982422
vt 0.267578 0.982422
vt 0.267578 0.767578
vt 0.482422 0.767578
vt 0.482422 0.982422
vt 0.267578 0.982422
vt 0.267578 0.767578
vt 0.482422 0.767578
vt 0.482422 0.982422
vt 0.267578 0.982422
vt 0.267578 0.767578
vt 0.482422 0.767578
vt 0.482422 0.982422
vt 0.267578 0.982422
vt 0.267578 0.767578
vt 0.482422 0.767578
vt 0.482422 0.982422
vt 0.267578 0.982422
vt 0.267578 0.767578
vt 0.482422 0.767578
vt 0.482422 0.982422
vt 0.267578 0.982422
vt 0.267578 0.767578
vt 0.482422 0.767578
vt 0.482422 0.982422
vt 0.267578 0.982422
vt 0.267578 0.767578
vt 0.482422 0.767578
vt 0.482422 0.982422
vt 0.267578 0.982422
vt 0.267578 0.767578
vt 0.482422 0.767578
vt 0.482422 0.982422
vt 0.267578 0.982422
vt 0.267578 0.767578
vt 0.482422 0.767578
vt 0.482422 0.982422
vt 0.267578 0.982422
vt 0.267578 0.767578
vt 0.482422 0.767578
vt 0.482422 0.982422
vt 0.267578 0.982422
vt 0.267578 0.767578
vt 0.482422 0.767578
vt 0.482422 0.982422
vt 0.267578 0.982422
vt 0.267578 0.767578
vt 0.482422 0.767578
vt 0.482422 0.982422
vt 0.267578 0.982422
vt 0.017578 0.767578
vt 0.232422 0.767578
vt 0.232422 0.982422
vt 0.017578 0.982422
vt 0.017578 0.767578
vt 0.232422 0.767578
vt 0.232422 0.982422
vt 0.017578 0.982422
vt 0.017578 0.767578
vt 0.232422 0.767578
vt 0.232422 0.982422
vt 0.017578 0.982422
vt 0.017578 0.767578
vt 0.232422 0.767578
vt 0.232422 0.982422
vt 0.017578 0.982422
vt 0.017578 0.767578
vt 0.232422 0.767578
vt 0.232422 0.982422
vt 0.017578 0.982422
vt 0.017578 0.767578
vt 0.232422 0.767578
vt 0.232422 0.982422
vt 0.017578 0.982422
vt 0.267578 0.767578
vt 0.482422 0.767578
vt 0.482422 0.982422
vt 0.267578 0.982422
vt 0.267578 0.767578
vt 0.482422 0.767578
vt 0.482422 0.982422
vt 0.267578 0.982422
vt 0.267578 0.767578
vt 0.482422 0.767578
vt 0.482422 0.982422
vt 0.267578 0.982422
vt 0.267578 0.767578
vt 0.482422 0.767578
vt 0.482422 0.982422
vt 0.267578 0.982422
vt 0.267578 0.767578
vt 0.482422 0.767578
vt 0.482422 0.982422
vt 0.267578 0.982422
vt 0.267578 0.767578
vt 0.482422 0.767578
vt 0.482422 0.982422
vt 0.267578 0.982422
vt 0.267578 0.767578
vt 0.482422 0.767578
vt 0.482422 0.982422
vt 0.267578 0.982422
vt 0.267578 0.767578
vt 0.482422 0.767578
vt 0.482422 0.982422
vt 0.267578 0.982422
vt 0.267578 0.767578
vt 0.482422 0.767578
vt 0.482422 0.982422
vt 0.267578 0.982422
vt 0.267578 0.767578
vt 0.482422 0.767578
vt 0.482422 0.982422
vt 0.267578 0.982422
vt 0.267578 0.767578
vt 0.482422 0.767578
vt 0.482422 0.982422
vt 0.267578 0.982422
vt 0.267578 0.767578
vt 0.482422 0.767578
vt 0.482422 0.982422
vt 0.267578 0.982422
vt 0.267578 0.767578
vt 0.482422 0.767578
vt 0.482422 0.982422
vt 0.267578 0.982422
vt 0.267578 0.767578
vt 0.482422 0.767578
vt 0.482422 0.982422
vt 0.267578 0.982422
vt 0.267578 0.767578
vt 0.482422 0.767578
vt 0.482422 0.982422
vt 0.267578 0.982422
vt 0.267578 0.767578
vt 0.482422 0.767578
vt 0.482422 0.982422
vt 0.267578 0.982422
vt 0.267578 0.767578
vt 0.482422 0.767578
vt 0.482422 0.982422
vt 0.267578 0.982422
vt 0.267578 0.767578
vt 0.482422 0.767578
vt 0.482422 0.982422
vt 0.267578 0.982422
vt 0.267578 0.767578
vt 0.482422 0.767578
vt 0.482422 0.982422
vt 0.267578 0.982422
vt 0.267578 0.767578
vt 0.482422 0.767578
vt 0.482422 0.982422
vt 0.267578 0.982422
vt 0.267578 0.767578
vt 0.482422 0.767578
vt 0.482422 0.982422
vt 0.267578 0.982422
vt 0.267578 0.767578
vt 0.482422 0.767578
vt 0.482422 0.982422
vt 0.267578 0.982422
vt 0.267578 0.767578
vt 0.482422 0.767578
vt 0.482422 0.982422
vt 0.267578 0.982422
vt 0.267578 0.767578
vt 0.482422 0.767578
vt 0.482422 0.982422
vt 0.267578 0.982422
vt 0.267578 0.767578
vt 0.482422 0.767578
vt 0.482422 0.982422
vt 0.267578 0.982422
vt 0.267578 0.767578
vt 0.482422 0.767578
vt 0.482422 0.982422
vt 0.267578 0.982422
vt 0.267578 0.767578
vt 0.482422 0.767578
vt 0.482422 0.982422
vt 0.267578 0.982422
vt 0.267578 0.767578
vt 0.482422 0.767578
vt 0.482422 0.982422
vt 0.267578 0.982422
vt 0.267578 0.767578
vt 0.482422 0.767578
vt 0.482422 0.982422
vt 0.267578 0.982422
vt 0.267578 0.767578
vt 0.482422 0.767578
vt 0.482422 0.982422
vt 0.267578 0.982422
vt 0.267578 0.517578
vt 0.482422 0.517578
vt 0.482422 0.732422
vt 0.267578 0.732422
vt 0.267578 0.517578
vt 0.482422 0.517578
vt 0.482422 0.732422
vt 0.267578 0.732422
vt 0.267578 0.517578
vt 0.482422 0.517578
vt 0.482422 0.732422
vt 0.267578 0.732422
vt 0.267578 0.517578
vt 0.482422 0.517578
vt 0.482422 0.732422
vt 0.267578 0.732422
vt 0.267578 0.517578
vt 0.482422 0.517578
vt 0.482422 0.732422
vt 0.267578 0.732422
vt 0.267578 0.517578
vt 0.482422 0.517578
vt 0.482422 0.732422
vt 0.267578 0.732422
vt 0.267578 0.767578
vt 0.482422 0.767578
vt 0.482422 0.982422
vt 0.267578 0.982422
vt 0.267578 0.767578
vt 0.482422 0.767578
vt 0.482422 0.982422
vt 0.267578 0.982422
vt 0.267578 0.767578
vt 0.482422 0.767578
vt 0.482422 0.982422
vt 0.267578 0.982422
vt 0.267578 0.767578
vt 0.482422 0.767578
vt 0.482422 0.982422
vt 0.267578 0.982422
vt 0.267578 0.767578
vt 0.482422 0.767578
vt 0.482422 0.982422
vt 0.267578 0.982422
vt 0.267578 0.767578
vt 0.482422 0.767578
vt 0.482422 0.982422
vt 0.267578 0.982422
vt 0.267578 0.767578
vt 0.482422 0.767578
vt 0.482422 0.982422
vt 0.267578 0.982422
vt 0.267578 0.767578
vt 0.482422 0.767578
vt 0.482422 0.982422
vt 0.267578 0.982422
vt 0.267578 0.767578
vt 0.482422 0.767578
vt 0.482422 0.982422
vt 0.267578 0.982422
vt 0.267578 0.767578
vt 0.482422 0.767578
vt 0.482422 0.982422
vt 0.267578 0.982422
vt 0.267578 0.767578
vt 0.482422 0.767578
vt 0.482422 0.982422
vt 0.267578 0.982422
vt 0.267578 0.767578
vt 0.482422 0.767578
vt 0.482422 0.982422
vt 0.267578 0.982422
vt 0.767578 0.767578
vt 0.982422 0.767578
vt 0.982422 0.982422
vt 0.767578 0.982422
vt 0.267578 0.017578
vt 0.482422 0.017578
vt 0.482422 0.232422
vt 0.267578 0.232422
vt 0.767578 0.767578
vt 0.982422 0.767578
vt 0.982422 0.982422
vt 0.767578 0.982422
vt 0.767578 0.767578
vt 0.982422 0.767578
vt 0.982422 0.982422
vt 0.767578 0.982422
vt 0.767578 0.767578
vt 0.982422 0.767578
vt 0.982422 0.982422
vt 0.767578 0.982422
vt 0.767578 0.767578
vt 0.982422 0.767578
vt 0.982422 0.982422
vt 0.767578 0.982422
vt 0.017578 0.767578
vt 0.232422 0.767578
vt 0.232422 0.982422
vt 0.017578 0.982422
vt 0.017578 0.767578
vt 0.232422 0.767578
vt 0.232422 0.982422
vt 0.017578 0.982422
vt 0.017578 0.767578
vt 0.232422 0.767578
vt 0.232422 0.982422
vt 0.017578 0.982422
vt 0.017578 0.767578
vt 0.232422 0.767578
vt 0.232422 0.982422
vt 0.017578 0.982422
vt 0.017578 0.767578
vt 0.232422 0.767578
vt 0.232422 0.982422
vt 0.017578 0.982422
vt 0.017578 0.767578
vt 0.232422 0.767578
vt 0.232422 0.982422
vt 0.017578 0.982422
vt 0.767578 0.767578
vt 0.982422 0.767578
vt 0.982422 0.982422
vt 0.767578 0.982422
vt 0.767578 0.767578
vt 0.982422 0.767578
vt 0.982422 0.982422
vt 0.767578 0.982422
vt 0.767578 0.767578
vt 0.982422 0.767578
vt 0.982422 0.982422
vt 0.767578 0.982422
vt 0.767578 0.767578
vt 0.982422 0.767578
vt 0.982422 0.982422
vt 0.767578 0.982422
vt 0.767578 0.767578
vt 0.982422 0.767578
vt 0.982422 0.982422
vt 0.767578 0.982422
vt 0.767578 0.767578
vt 0.982422 0.767578
vt 0.982422 0.982422
vt 0.767578 0.982422
vt 0.767578 0.767578
vt 0.982422 0.767578
vt 0.982422 0.982422
vt 0.767578 0.982422
vt 0.767578 0.767578
vt 0.982422 0.767578
vt 0.982422 0.982422
vt 0.767578 0.982422
vt 0.767578 0.767578
vt 0.982422 0.767578
vt 0.982422 0.982422
vt 0.767578 0.982422
vt 0.767578 0.767578
vt 0.982422 0.767578
vt 0.982422 0.982422
vt 0.767578 0.982422
vt 0.767578 0.767578
vt 0.982422 0.767578
vt 0.982422 0.982422
vt 0.767578 0.982422
vt 0.767578 0.767578
vt 0.982422 0.767578
vt 0.982422 0.982422
vt 0.767578 0.982422
vt 0.267578 0.517578
vt 0.482422 0.517578
vt 0.482422 0.732422
vt 0.267578 0.732422
vt 0.267578 0.517578
vt 0.482422 0.517578
vt 0.482422 0.732422
vt 0.267578 0.732422
vt 0.267578 0.517578
vt 0.482422 0.517578
vt 0.482422 0.732422
vt 0.267578 0.732422
vt 0.267578 0.517578
vt 0.482422 0.517578
vt 0.482422 0.732422
vt 0.267578 0.732422
vt 0.267578 0.517578
vt 0.482422 0.517578
vt 0.482422 0.732422
vt 0.267578 0.732422
vt 0.267578 0.517578
vt 0.482422 0.517578
vt 0.482422 0.732422
vt 0.267578 0.732422
vt 0.267578 0.517578
vt 0.482422 0.517578
vt 0.482422 0.732422
vt 0.267578 0.732422
vt 0.267578 0.517578
vt 0.482422 0.517578
vt 0.482422 0.732422
vt 0.267578 0.732422
vt 0.267578 0.517578
vt 0.482422 0.517578
vt 0.482422 0.732422
vt 0.267578 0.732422
vt 0.267578 0.517578
vt 0.482422 0.517578
vt 0.482422 0.732422
vt 0.267578 0.732422
vt 0.267578 0.517578
vt 0.482422 0.517578
vt 0.482422 0.732422
vt 0.267578 0.732422
vt 0.267578 0.517578
vt 0.482422 0.517578
vt 0.482422 0.732422
vt 0.267578 0.732422
vt 0.267578 0.517578
vt 0.482422 0.517578
vt 0.482422 0.732422
vt 0.267578 0.732422
vt 0.267578 0.517578
vt 0.482422 0.517578
vt 0.482422 0.732422
vt 0.267578 0.732422
vt 0.267578 0.517578
vt 0.482422 0.517578
vt 0.482422 0.732422
vt 0.267578 0.732422
vt 0.267578 0.517578
vt 0.482422 0.517578
vt 0.482422 0.732422
vt 0.267578 0.732422
vt 0.267578 0.517578
vt 0.482422 0.517578
vt 0.482422 0.732422
vt 0.267578 0.732422
vt 0.267578 0.517578
vt 0.482422 0.517578
vt 0.482422 0.732422
vt 0.267578 0.732422
vt 0.267578 0.517578
vt 0.482422 0.517578
vt 0.482422 0.732422
vt 0.267578 0.732422
vt 0.267578 0.517578
vt 0.482422 0.517578
vt 0.482422 0.732422
vt 0.267578 0.517578
vt 0.482422 0.517578
vt 0.482422 0.732422
vt 0.267578 0.517578
vt 0.482422 0.517578
vt 0.482422 0.732422
vt 0.267578 0.732422
vt 0.267578 0.517578
vt 0.482422 0.517578
vt 0.482422 0.732422
vt 0.267578 0.517578
vt 0.482422 0.517578
vt 0.482422 0.732422
vt 0.267578 0.517578
vt 0.482422 0.517578
vt 0.482422 0.732422
vt 0.267578 0.732422
vt 0.267578 0.517578
vt 0.482422 0.517578
vt 0.482422 0.732422
vt 0.267578 0.517578
vt 0.482422 0.517578
vt 0.482422 0.732422
vt 0.267578 0.517578
vt 0.482422 0.517578
vt 0.482422 0.732422
vt 0.267578 0.732422
vt 0.267578 0.517578
vt 0.482422 0.517578
vt 0.482422 0.732422
vt 0.267578 0.517578
vt 0.482422 0.517578
vt 0.482422 0.732422
vt 0.267578 0.517578
vt 0.482422 0.517578
vt 0.482422 0.732422
vt 0.267578 0.732422
vt 0.267578 0.517578
vt 0.482422 0.517578
vt 0.482422 0.732422
vt 0.267578 0.517578
vt 0.482422 0.517578
vt 0.482422 0.732422
vt 0.267578 0.517578
vt 0.482422 0.517578
vt 0.482422 0.732422
vt 0.267578 0.732422
vt 0.267578 0.517578
vt 0.482422 0.517578
vt 0.482422 0.732422
vt 0.267578 0.517578
vt 0.482422 0.517578
vt 0.482422 0.732422
vt 0.267578 0.517578
vt 0.482422 0.517578
vt 0.482422 0.732422
vt 0.267578 0.732422
vt 0.267578 0.517578
vt 0.482422 0.517578
vt 0.482422 0.732422
vt 0.267578 0.517578
vt 0.482422 0.517578
vt 0.482422 0.732422
vt 0.267578 0.517578
vt 0.482422 0.517578
vt 0.482422 0.732422
vt 0.267578 0.732422
vt 0.267578 0.517578
vt 0.482422 0.517578
vt 0.482422 0.732422
vt 0.267578 0.517578
vt 0.482422 0.517578
vt 0.482422 0.732422
vt 0.267578 0.517578
vt 0.482422 0.517578
vt 0.482422 0.732422
vt 0.267578 0.732422
vt 0.267578 0.517578
vt 0.482422 0.517578
vt 0.482422 0.732422
vt 0.267578 0.517578
vt 0.482422 0.517578
vt 0.482422 0.732422
vt 0.267578 0.517578
vt 0.482422 0.517578
vt 0.482422 0.732422
vt 0.267578 0.732422
vt 0.267578 0.517578
vt 0.482422 0.517578
vt 0.482422 0.732422
vt 0.267578 0.517578
vt 0.482422 0.517578
vt 0.482422 0.732422
vt 0.267578 0.517578
vt 0.482422 0.517578
vt 0.482422 0.732422
vt 0.267578 0.732422
vt 0.267578 0.517578
vt 0.482422 0.517578
vt 0.482422 0.732422
vt 0.267578 0.517578
vt 0.482422 0.517578
vt 0.482422 0.732422
vt 0.267578 0.517578
vt 0.482422 0.517578
vt 0.482422 0.732422
vt 0.267578 0.732422
vt 0.267578 0.517578
vt 0.482422 0.517578
vt 0.482422 0.732422
vt 0.267578 0.517578
vt 0.482422 0.517578
vt 0.482422 0.732422
vt 0.267578 0.517578
vt 0.482422 0.517578
vt 0.482422 0.732422
vt 0.267578 0.732422
vt 0.267578 0.517578
vt 0.482422 0.517578
vt 0.482422 0.732422
vt 0.267578 0.517578
vt 0.482422 0.517578
vt 0.482422 0.732422
vt 0.267578 0.517578
vt 0.482422 0.517578
vt 0.482422 0.732422
vt 0.267578 0.732422
vt 0.267578 0.517578
vt 0.482422 0.517578
vt 0.482422 0.732422
vt 0.267578 0.517578
vt 0.482422 0.517578
vt 0.482422 0.732422
vt 0.267578 0.517578
vt 0.482422 0.517578
vt 0.482422 0.732422
vt 0.267578 0.732422
vt 0.267578 0.517578
vt 0.482422 0.517578
vt 0.482422 0.732422
vt 0.267578 0.517578
vt 0.482422 0.517578
vt 0.482422 0.732422
vt 0.267578 0.517578
vt 0.482422 0.517578
vt 0.482422 0.732422
vt 0.267578 0.732422
vt 0.267578 0.517578
vt 0.482422 0.517578
vt 0.482422 0.732422
vt 0.267578 0.517578
vt 0.482422 0.517578
vt 0.482422 0.732422
vt 0.267578 0.767578
vt 0.482422 0.767578
vt 0.482422 0.982422
vt 0.267578 0.982422
vt 0.267578 0.767578
vt 0.482422 0.767578
vt 0.482422 0.982422
vt 0.267578 0.767578
vt 0.482422 0.767578
vt 0.482422 0.982422
vt 0.267578 0.767578
vt 0.482422 0.767578
vt 0.482422 0.982422
vt 0.267578 0.982422
vt 0.267578 0.767578
vt 0.482422 0.767578
vt 0.482422 0.982422
vt 0.267578 0.767578
vt 0.482422 0.767578
vt 0.482422 0.982422
vt 0.267578 0.767578
vt 0.482422 0.767578
vt 0.482422 0.982422
vt 0.267578 0.982422
vt 0.267578 0.767578
vt 0.482422 0.767578
vt 0.482422 0.982422
vt 0.267578 0.767578
vt 0.482422 0.767578
vt 0.482422 0.982422
vt 0.267578 0.767578
vt 0.482422 0.767578
vt 0.482422 0.982422
vt 0.267578 0.982422
vt 0.267578 0.767578
vt 0.482422 0.767578
vt 0.482422 0.982422
vt 0.267578 0.767578
vt 0.482422 0.767578
vt 0.482422 0.982422
vt 0.267578 0.767578
vt 0.482422 0.767578
vt 0.482422 0.982422
vt 0.267578 0.982422
vt 0.267578 0.767578
vt 0.482422 0.767578
vt 0.482422 0.982422
vt 0.267578 0.767578
vt 0.482422 0.767578
vt 0.482422 0.982422
vt 0.267578 0.767578
vt 0.482422 0.767578
vt 0.482422 0.982422
vt 0.267578 0.982422
vt 0.267578 0.767578
vt 0.482422 0.767578
vt 0.482422 0.982422
vt 0.267578 0.767578
vt 0.482422 0.767578
vt 0.482422 0.982422
vt 0.267578 0.767578
vt 0.482422 0.767578
vt 0.482422 0.982422
vt 0.267578 0.982422
vt 0.267578 0.767578
vt 0.482422 0.767578
vt 0.482422 0.982422
vt 0.267578 0.767578
vt 0.482422 0.767578
vt 0.482422 0.982422
vt 0.267578 0.767578
vt 0.482422 0.767578
vt 0.482422 0.982422
vt 0.267578 0.982422
vt 0.267578 0.767578
vt 0.482422 0.767578
vt 0.482422 0.982422
vt 0.267578 0.767578
vt 0.482422 0.767578
vt 0.482422 0.982422
vt 0.267578 0.767578
vt 0.482422 0.767578
vt 0.482422 0.982422
vt 0.267578 0.982422
vt 0.267578 0.767578
vt 0.482422 0.767578
vt 0.482422 0.982422
vt 0.267578 0.767578
vt 0.482422 0.767578
vt 0.482422 0.982422
vt 0.267578 0.767578
vt 0.482422 0.767578
vt 0.482422 0.982422
vt 0.267578 0.982422
vt 0.267578 0.767578
vt 0.482422 0.767578
vt 0.482422 0.982422
vt 0.267578 0.767578
vt 0.482422 0.767578
vt 0.482422 0.982422
vt 0.267578 0.767578
vt 0.482422 0.767578
vt 0.482422 0.982422
vt 0.267578 0.982422
vt 0.267578 0.767578
vt 0.482422 0.767578
vt 0.482422 0.982422
vt 0.267578 0.767578
vt 0.482422 0.767578
vt 0.482422 0.982422
vt 0.267578 0.767578
vt 0.482422 0.767578
vt 0.482422 0.982422
vt 0.267578 0.982422
vt 0.267578 0.767578
vt 0.482422 0.767578
vt 0.482422 0.982422
vt 0.267578 0.767578
vt 0.482422 0.767578
vt 0.482422 0.982422
vt 0.267578 0.767578
vt 0.482422 0.767578
vt 0.482422 0.982422
vt 0.267578 0.982422
vt 0.267578 0.767578
vt 0.482422 0.767578
vt 0.482422 0.982422
vt 0.267578 0.767578
vt 0.482422 0.767578
vt 0.482422 0.982422
vt 0.267578 0.767578
vt 0.482422 0.767578
vt 0.482422 0.982422
vt 0.267578 0.982422
vt 0.267578 0.767578
vt 0.482422 0.767578
vt 0.482422 0.982422
vt 0.267578 0.767578
vt 0.482422 0.767578
vt 0.482422 0.982422
vt 0.267578 0.767578
vt 0.482422 0.767578
vt 0.482422 0.982422
vt 0.267578 0.982422
vt 0.267578 0.767578
vt 0.482422 0.767578
vt 0.482422 0.982422
vt 0.267578 0.767578
vt 0.482422 0.767578
vt 0.482422 0.982422
vt 0.267578 0.767578
vt 0.482422 0.767578
vt 0.482422 0.982422
vt 0.267578 0.982422
vt 0.267578 0.767578
vt 0.482422 0.767578
vt 0.482422 0.982422
vt 0.267578 0.767578
vt 0.482422 0.767578
vt 0.482422 0.982422
vt 0.267578 0.767578
vt 0.482422 0.767578
vt 0.482422 0.982422
vt 0.267578 0.982422
vt 0.267578 0.767578
vt 0.482422 0.767578
vt 0.482422 0.982422
vt 0.267578 0.982422
vt 0.267578 0.767578
vt 0.482422 0.767578
vt 0.482422 0.982422
vt 0.267578 0.982422
vt 0.267578 0.767578
vt 0.482422 0.767578
vt 0.482422 0.982422
vt 0.267578 0.982422
vt 0.267578 0.767578
vt 0.482422 0.767578
vt 0.482422 0.982422
vt 0.267578 0.982422
vt 0.267578 0.767578
vt 0.482422 0.767578
vt 0.482422 0.982422
vt 0.267578 0.982422
vt 0.267578 0.767578
vt 0.482422 0.767578
vt 0.482422 0.982422
vt 0.267578 0.982422
vt 0.267578 0.767578
vt 0.482422 0.767578
vt 0.482422 0.982422
vt 0.267578 0.982422
vt 0.267578 0.767578
vt 0.482422 0.767578
vt 0.482422 0.982422
vt 0.267578 0.982422
vt 0.267578 0.767578
vt 0.482422 0.767578
vt 0.482422 0.982422
vt 0.267578 0.982422
vt 0.267578 0.767578
vt 0.482422 0.767578
vt 0.482422 0.982422
vt 0.267578 0.982422
vt 0.267578 0.767578
vt 0.482422 0.767578
vt 0.482422 0.982422
vt 0.267578 0.982422
vt 0.267578 0.767578
vt 0.482422 0.767578
vt 0.482422 0.982422
vt 0.267578 0.982422
vt 0.267578 0.767578
vt 0.482422 0.767578
vt 0.482422 0.982422
vt 0.267578 0.982422
vt 0.267578 0.767578
vt 0.482422 0.767578
vt 0.482422 0.982422
vt 0.267578 0.982422
vt 0.267578 0.767578
vt 0.482422 0.767578
vt 0.482422 0.982422
vt 0.267578 0.982422
vt 0.267578 0.767578
vt 0.482422 0.767578
vt 0.482422 0.982422
vt 0.267578 0.982422
vt 0.267578 0.767578
vt 0.482422 0.767578
vt 0.482422 0.982422
vt 0.267578 0.982422
vt 0.267578 0.767578
vt 0.482422 0.767578
vt 0.482422 0.982422
vt 0.267578 0.982422
vt 0.267578 0.767578
vt 0.482422 0.767578
vt 0.482422 0.982422
vt 0.267578 0.982422
vt 0.267578 0.767578
vt 0.482422 0.767578
vt 0.482422 0.982422
vt 0.267578 0.982422
vt 0.267578 0.767578
vt 0.482422 0.767578
vt 0.482422 0.982422
vt 0.267578 0.982422
vt 0.267578 0.767578
vt 0.482422 0.767578
vt 0.482422 0.982422
vt 0.267578 0.982422
vt 0.267578 0.767578
vt 0.482422 0.767578
vt 0.482422 0.982422
vt 0.267578 0.982422
vt 0.517578 0.767578
vt 0.732422 0.767578
vt 0.732422 0.982422
vt 0.517578 0.982422
vt 0.517578 0.767578
vt 0.732422 0.767578
vt 0.732422 0.982422
vt 0.517578 0.982422
vt 0.517578 0.767578
vt 0.732422 0.767578
vt 0.732422 0.982422
vt 0.517578 0.982422
vt 0.517578 0.767578
vt 0.732422 0.767578
vt 0.732422 0.982422
vt 0.517578 0.982422
vt 0.517578 0.767578
vt 0.732422 0.767578
vt 0.732422 0.982422
vt 0.517578 0.982422
vt 0.517578 0.767578
vt 0.732422 0.767578
vt 0.732422 0.982422
vt 0.517578 0.982422
vt 0.517578 0.767578
vt 0.732422 0.767578
vt 0.732422 0.982422
vt 0.517578 0.982422
vt 0.517578 0.767578
vt 0.732422 0.767578
vt 0.732422 0.982422
vt 0.517578 0.982422
vt 0.517578 0.767578
vt 0.732422 0.767578
vt 0.732422 0.982422
vt 0.517578 0.982422
vt 0.517578 0.767578
vt 0.732422 0.767578
vt 0.732422 0.982422
vt 0.517578 0.982422
vt 0.517578 0.767578
vt 0.732422 0.767578
vt 0.732422 0.982422
vt 0.517578 0.982422
vt 0.517578 0.767578
vt 0.732422 0.767578
vt 0.732422 0.982422
vt 0.517578 0.982422
vt 0.267578 0.767578
vt 0.482422 0.767578
vt 0.482422 0.982422
vt 0.267578 0.982422
vt 0.267578 0.767578
vt 0.482422 0.767578
vt 0.482422 0.982422
vt 0.267578 0.982422
vt 0.267578 0.767578
vt 0.482422 0.767578
vt 0.482422 0.982422
vt 0.267578 0.982422
vt 0.267578 0.767578
vt 0.482422 0.767578
vt 0.482422 0.982422
vt 0.267578 0.982422
vt 0.267578 0.767578
vt 0.482422 0.767578
vt 0.482422 0.982422
vt 0.267578 0.982422
vt 0.267578 0.767578
vt 0.482422 0.767578
vt 0.482422 0.982422
vt 0.267578 0.982422
vt 0.267578 0.767578
vt 0.482422 0.767578
vt 0.482422 0.982422
vt 0.267578 0.982422
vt 0.267578 0.767578
vt 0.482422 0.767578
vt 0.482422 0.982422
vt 0.267578 0.982422
vt 0.267578 0.767578
vt 0.482422 0.767578
vt 0.482422 0.982422
vt 0.267578 0.982422
vt 0.267578 0.767578
vt 0.482422 0.767578
vt 0.482422 0.982422
vt 0.267578 0.982422
vt 0.267578 0.767578
vt 0.482422 0.767578
vt 0.482422 0.982422
vt 0.267578 0.982422
vt 0.267578 0.767578
vt 0.482422 0.767578
vt 0.482422 0.982422
vt 0.267578 0.982422
vt 0.267578 0.767578
vt 0.482422 0.767578
vt 0.482422 0.982422
vt 0.267578 0.982422
vt 0.267578 0.767578
vt 0.482422 0.767578
vt 0.482422 0.982422
vt 0.267578 0.982422
vt 0.267578 0.767578
vt 0.482422 0.767578
vt 0.482422 0.982422
vt 0.267578 0.982422
vt 0.267578 0.767578
vt 0.482422 0.767578
vt 0.482422 0.982422
vt 0.267578 0.982422
vt 0.267578 0.767578
vt 0.482422 0.767578
vt 0.482422 0.982422
vt 0.267578 0.982422
vt 0.267578 0.767578
vt 0.482422 0.767578
vt 0.482422 0.982422
vt 0.267578 0.982422
vt 0.267578 0.767578
vt 0.482422 0.767578
vt 0.482422 0.982422
vt 0.267578 0.982422
vt 0.267578 0.767578
vt 0.482422 0.767578
vt 0.482422 0.982422
vt 0.267578 0.982422
vt 0.267578 0.767578
vt 0.482422 0.767578
vt 0.482422 0.982422
vt 0.267578 0.982422
vt 0.267578 0.767578
vt 0.482422 0.767578
vt 0.482422 0.982422
vt 0.267578 0.982422
vt 0.267578 0.767578
vt 0.482422 0.767578
vt 0.482422 0.982422
vt 0.267578 0.982422
vt 0.267578 0.767578
vt 0.482422 0.767578
vt 0.482422 0.982422
vt 0.267578 0.982422
vt 0.517578 0.767578
vt 0.732422 0.767578
vt 0.732422 0.982422
vt 0.517578 0.982422
vt 0.517578 0.767578
vt 0.732422 0.767578
vt 0.732422 0.982422
vt 0.517578 0.982422
vt 0.517578 0.767578
vt 0.732422 0.767578
vt 0.732422 0.982422
vt 0.517578 0.982422
vt 0.517578 0.767578
vt 0.732422 0.767578
vt 0.732422 0.982422
vt 0.517578 0.982422
vt 0.517578 0.767578
vt 0.732422 0.767578
vt 0.732422 0.982422
vt 0.517578 0.982422
vt 0.517578 0.767578
vt 0.732422 0.767578
vt 0.732422 0.982422
vt 0.517578 0.982422
vt 0.517578 0.767578
vt 0.732422 0.767578
vt 0.732422 0.982422
vt 0.517578 0.982422
vt 0.517578 0.767578
vt 0.732422 0.767578
vt 0.732422 0.982422
vt 0.517578 0.982422
vt 0.517578 0.767578
vt 0.732422 0.767578
vt 0.732422 0.982422
vt 0.517578 0.982422
vt 0.517578 0.767578
vt 0.732422 0.767578
vt 0.732422 0.982422
vt 0.517578 0.982422
vt 0.517578 0.767578
vt 0.732422 0.767578
vt 0.732422 0.982422
vt 0.517578 0.982422
vt 0.517578 0.767578
vt 0.732422 0.767578
vt 0.732422 0.982422
vt 0.517578 0.982422
vt 0.517578 0.267578
vt 0.732422 0.267578
vt 0.732422 0.482422
vt 0.517578 0.482422
vt 0.517578 0.267578
vt 0.732422 0.267578
vt 0.732422 0.482422
vt 0.517578 0.267578
vt 0.732422 0.267578
vt 0.732422 0.482422
vt 0.517578 0.267578
vt 0.732422 0.267578
vt 0.732422 0.482422
vt 0.517578 0.482422
vt 0.517578 0.267578
vt 0.732422 0.267578
vt 0.732422 0.482422
vt 0.517578 0.267578
vt 0.732422 0.267578
vt 0.732422 0.482422
vt 0.517578 0.267578
vt 0.732422 0.267578
vt 0.732422 0.482422
vt 0.517578 0.482422
vt 0.517578 0.267578
vt 0.732422 0.267578
vt 0.732422 0.482422
vt 0.517578 0.267578
vt 0.732422 0.267578
vt 0.732422 0.482422
vt 0.517578 0.267578
vt 0.732422 0.267578
vt 0.732422 0.482422
vt 0.517578 0.482422
vt 0.517578 0.267578
vt 0.732422 0.267578
vt 0.732422 0.482422
vt 0.517578 0.267578
vt 0.732422 0.267578
vt 0.732422 0.482422
vt 0.517578 0.267578
vt 0.732422 0.267578
vt 0.732422 0.482422
vt 0.517578 0.482422
vt 0.517578 0.267578
vt 0.732422 0.267578
vt 0.732422 0.482422
vt 0.517578 0.267578
vt 0.732422 0.267578
vt 0.732422 0.482422
vt 0.517578 0.267578
vt 0.732422 0.267578
vt 0.732422 0.482422
vt 0.517578 0.482422
vt 0.517578 0.267578
vt 0.732422 0.267578
vt 0.732422 0.482422
vt 0.517578 0.267578
vt 0.732422 0.267578
vt 0.732422 0.482422
vt 0.517578 0.267578
vt 0.732422 0.267578
vt 0.732422 0.482422
vt 0.517578 0.482422
vt 0.517578 0.267578
vt 0.732422 0.267578
vt 0.732422 0.482422
vt 0.517578 0.267578
vt 0.732422 0.267578
vt 0.732422 0.482422
vt 0.517578 0.267578
vt 0.732422 0.267578
vt 0.732422 0.482422
vt 0.517578 0.482422
vt 0.517578 0.267578
vt 0.732422 0.267578
vt 0.732422 0.482422
vt 0.517578 0.267578
vt 0.732422 0.267578
vt 0.732422 0.482422
vt 0.267578 0.517578
vt 0.482422 0.517578
vt 0.482422 0.732422
vt 0.267578 0.732422
vt 0.267578 0.517578
vt 0.482422 0.517578
vt 0.482422 0.732422
vt 0.267578 0.517578
vt 0.482422 0.517578
vt 0.482422 0.732422
vt 0.267578 0.517578
vt 0.482422 0.517578
vt 0.482422 0.732422
vt 0.267578 0.732422
vt 0.267578 0.517578
vt 0.482422 0.517578
vt 0.482422 0.732422
vt 0.267578 0.517578
vt 0.482422 0.517578
vt 0.482422 0.732422
vt 0.267578 0.517578
vt 0.482422 0.517578
vt 0.482422 0.732422
vt 0.267578 0.732422
vt 0.267578 0.517578
vt 0.482422 0.517578
vt 0.482422 0.732422
vt 0.267578 0.517578
vt 0.482422 0.517578
vt 0.482422 0.732422
vt 0.267578 0.517578
vt 0.482422 0.517578
vt 0.482422 0.732422
vt 0.267578 0.732422
vt 0.267578 0.517578
vt 0.482422 0.517578
vt 0.482422 0.732422
vt 0.267578 0.517578
vt 0.482422 0.517578
vt 0.482422 0.732422
vt 0.267578 0.517578
vt 0.482422 0.517578
vt 0.482422 0.732422
vt 0.267578 0.732422
vt 0.267578 0.517578
vt 0.482422 0.517578
vt 0.482422 0.732422
vt 0.267578 0.517578
vt 0.482422 0.517578
vt 0.482422 0.732422
vt 0.267578 0.517578
vt 0.482422 0.517578
vt 0.482422 0.732422
vt 0.267578 0.732422
vt 0.267578 0.517578
vt 0.482422 0.517578
vt 0.482422 0.732422
vt 0.267578 0.517578
vt 0.482422 0.517578
vt 0.482422 0.732422
vt 0.267578 0.517578
vt 0.482422 0.517578
vt 0.482422 0.732422
vt 0.267578 0.732422
vt 0.267578 0.517578
vt 0.482422 0.517578
vt 0.482422 0.732422
vt 0.267578 0.517578
vt 0.482422 0.517578
vt 0.482422 0.732422
vt 0.267578 0.517578
vt 0.482422 0.517578
vt 0.482422 0.732422
vt 0.267578 0.732422
vt 0.267578 0.517578
vt 0.482422 0.517578
vt 0.482422 0.732422
vt 0.267578 0.517578
vt 0.482422 0.517578
vt 0.482422 0.732422
vt 0.267578 0.517578
vt 0.482422 0.517578
vt 0.482422 0.732422
vt 0.267578 0.732422
vt 0.267578 0.517578
vt 0.482422 0.517578
vt 0.482422 0.732422
vt 0.267578 0.517578
vt 0.482422 0.517578
vt 0.482422 0.732422
vt 0.267578 0.517578
vt 0.482422 0.517578
vt 0.482422 0.732422
vt 0.267578 0.732422
vt 0.267578 0.517578
vt 0.482422 0.517578
vt 0.482422 0.732422
vt 0.267578 0.517578
vt 0.482422 0.517578
vt 0.482422 0.732422
vt 0.267578 0.517578
vt 0.482422 0.517578
vt 0.482422 0.732422
vt 0.267578 0.732422
vt 0.267578 0.517578
vt 0.482422 0.517578
vt 0.482422 0.732422
vt 0.267578 0.517578
vt 0.482422 0.517578
vt 0.482422 0.732422
vt 0.267578 0.517578
vt 0.482422 0.517578
vt 0.482422 0.732422
vt 0.267578 0.732422
vt 0.267578 0.517578
vt 0.482422 0.517578
vt 0.482422 0.732422
vt 0.267578 0.517578
vt 0.482422 0.517578
vt 0.482422 0.732422
vt 0.267578 0.517578
vt 0.482422 0.517578
vt 0.482422 0.732422
vt 0.267578 0.732422
vt 0.267578 0.517578
vt 0.482422 0.517578
vt 0.482422 0.732422
vt 0.267578 0.517578
vt 0.482422 0.517578
vt 0.482422 0.732422
vt 0.267578 0.517578
vt 0.482422 0.517578
vt 0.482422 0.732422
vt 0.267578 0.732422
vt 0.267578 0.517578
vt 0.482422 0.517578
vt 0.482422 0.732422
vt 0.267578 0.517578
vt 0.482422 0.517578
vt 0.482422 0.732422
vt 0.267578 0.517578
vt 0.482422 0.517578
vt 0.482422 0.732422
vt 0.267578 0.732422
vt 0.267578 0.517578
vt 0.482422 0.517578
vt 0.482422 0.732422
vt 0.267578 0.517578
vt 0.482422 0.517578
vt 0.482422 0.732422
vt 0.267578 0.517578
vt 0.482422 0.517578
vt 0.482422 0.732422
vt 0.267578 0.732422
vt 0.267578 0.517578
vt 0.482422 0.517578
vt 0.482422 0.732422
vt 0.267578 0.517578
vt 0.482422 0.517578
vt 0.482422 0.732422
vt 0.267578 0.767578
vt 0.482422 0.767578
vt 0.482422 0.982422
vt 0.267578 0.982422
vt 0.267578 0.767578
vt 0.482422 0.767578
vt 0.482422 0.982422
vt 0.267578 0.767578
vt 0.482422 0.767578
vt 0.482422 0.982422
vt 0.267578 0.767578
vt 0.482422 0.767578
vt 0.482422 0.982422
vt 0.267578 0.982422
vt 0.267578 0.767578
vt 0.482422 0.767578
vt 0.482422 0.982422
vt 0.267578 0.767578
vt 0.482422 0.767578
vt 0.482422 0.982422
vt 0.267578 0.767578
vt 0.482422 0.767578
vt 0.482422 0.982422
vt 0.267578 0.982422
vt 0.267578 0.767578
vt 0.482422 0.767578
vt 0.482422 0.982422
vt 0.267578 0.767578
vt 0.482422 0.767578
vt 0.482422 0.982422
vt 0.267578 0.767578
vt 0.482422 0.767578
vt 0.482422 0.982422
vt 0.267578 0.982422
vt 0.267578 0.767578
vt 0.482422 0.767578
vt 0.482422 0.982422
vt 0.267578 0.767578
vt 0.482422 0.767578
vt 0.482422 0.982422
vt 0.267578 0.767578
vt 0.482422 0.767578
vt 0.482422 0.982422
vt 0.267578 0.982422
vt 0.267578 0.767578
vt 0.482422 0.767578
vt 0.482422 0.982422
vt 0.267578 0.767578
vt 0.482422 0.767578
vt 0.482422 0.982422
vt 0.267578 0.767578
vt 0.482422 0.767578
vt 0.482422 0.982422
vt 0.267578 0.982422
vt 0.267578 0.767578
vt 0.482422 0.767578
vt 0.482422 0.982422
vt 0.267578 0.767578
vt 0.482422 0.767578
vt 0.482422 0.982422
vt 0.267578 0.767578
vt 0.482422 0.767578
vt 0.482422 0.982422
vt 0.267578 0.982422
vt 0.267578 0.767578
vt 0.482422 0.767578
vt 0.482422 0.982422
vt 0.267578 0.767578
vt 0.482422 0.767578
vt 0.482422 0.982422
vt 0.267578 0.767578
vt 0.482422 0.767578
vt 0.482422 0.982422
vt 0.267578 0.982422
vt 0.267578 0.767578
vt 0.482422 0.767578
vt 0.482422 0.982422
vt 0.267578 0.767578
vt 0.482422 0.767578
vt 0.482422 0.982422
vt 0.267578 0.767578
vt 0.482422 0.767578
vt 0.482422 0.982422
vt 0.267578 0.982422
vt 0.267578 0.767578
vt 0.482422 0.767578
vt 0.482422 0.982422
vt 0.267578 0.767578
vt 0.482422 0.767578
vt 0.482422 0.982422
vt 0.267578 0.767578
vt 0.482422 0.767578
vt 0.482422 0.982422
vt 0.267578 0.982422
vt 0.267578 0.767578
vt 0.482422 0.767578
vt 0.482422 0.982422
vt 0.267578 0.767578
vt 0.482422 0.767578
vt 0.482422 0.982422
vt 0.267578 0.767578
vt 0.482422 0.767578
vt 0.482422 0.982422
vt 0.267578 0.982422
vt 0.267578 0.767578
vt 0.482422 0.767578
vt 0.482422 0.982422
vt 0.267578 0.767578
vt 0.482422 0.767578
vt 0.482422 0.982422
vt 0.267578 0.767578
vt 0.482422 0.767578
vt 0.482422 0.982422
vt 0.267578 0.982422
vt 0.267578 0.767578
vt 0.482422 0.767578
vt 0.482422 0.982422
vt 0.267578 0.767578
vt 0.482422 0.767578
vt 0.482422 0.982422
vt 0.267578 0.767578
vt 0.482422 0.767578
vt 0.482422 0.982422
vt 0.267578 0.982422
vt 0.267578 0.767578
vt 0.482422 0.767578
vt 0.482422 0.982422
vt 0.267578 0.767578
vt 0.482422 0.767578
vt 0.482422 0.982422
vt 0.267578 0.767578
vt 0.482422 0.767578
vt 0.482422 0.982422
vt 0.267578 0.982422
vt 0.267578 0.767578
vt 0.482422 0.767578
vt 0.482422 0.982422
vt 0.267578 0.767578
vt 0.482422 0.767578
vt 0.482422 0.982422
vt 0.267578 0.767578
vt 0.482422 0.767578
vt 0.482422 0.982422
vt 0.267578 0.982422
vt 0.267578 0.767578
vt 0.482422 0.767578
vt 0.482422 0.982422
vt 0.267578 0.767578
vt 0.482422 0.767578
vt 0.482422 0.982422
vt 0.267578 0.767578
vt 0.482422 0.767578
vt 0.482422 0.982422
vt 0.267578 0.982422
vt 0.267578 0.767578
vt 0.482422 0.767578
vt 0.482422 0.982422
vt 0.267578 0.767578
vt 0.482422 0.767578
vt 0.482422 0.982422
vt 0.267578 0.767578
vt 0.482422 0.767578
vt 0.482422 0.982422
vt 0.267578 0.982422
vt 0.267578 0.767578
vt 0.482422 0.767578
vt 0.482422 0.982422
vt 0.267578 0.982422
vt 0.267578 0.767578
vt 0.482422 0.767578
vt 0.482422 0.982422
vt 0.267578 0.982422
vt 0.267578 0.767578
vt 0.482422 0.767578
vt 0.482422 0.982422
vt 0.267578 0.982422
vt 0.267578 0.767578
vt 0.482422 0.767578
vt 0.482422 0.982422
vt 0.267578 0.982422
vt 0.267578 0.767578
vt 0.482422 0.767578
vt 0.482422 0.982422
vt 0.267578 0.982422
vt 0.267578 0.767578
vt 0.482422 0.767578
vt 0.482422 0.982422
vt 0.267578 0.982422
vt 0.267578 0.767578
vt 0.482422 0.767578
vt 0.482422 0.982422
vt 0.267578 0.982422
vt 0.267578 0.767578
vt 0.482422 0.767578
vt 0.482422 0.982422
vt 0.267578 0.982422
vt 0.267578 0.767578
vt 0.482422 0.767578
vt 0.482422 0.982422
vt 0.267578 0.982422
vt 0.267578 0.767578
vt 0.482422 0.767578
vt 0.482422 0.982422
vt 0.267578 0.982422
vt 0.267578 0.767578
vt 0.482422 0.767578
vt 0.482422 0.982422
vt 0.267578 0.982422
vt 0.267578 0.767578
vt 0.482422 0.767578
vt 0.482422 0.982422
vt 0.267578 0.982422
vt 0.267578 0.767578
vt 0.482422 0.767578
vt 0.482422 0.982422
vt 0.267578 0.982422
vt 0.267578 0.767578
vt 0.482422 0.767578
vt 0.482422 0.982422
vt 0.267578 0.982422
vt 0.267578 0.767578
vt 0.482422 0.767578
vt 0.482422 0.982422
vt 0.267578 0.982422
vt 0.267578 0.767578
vt 0.482422 0.767578
vt 0.482422 0.982422
vt 0.267578 0.982422
vt 0.267578 0.767578
vt 0.482422 0.767578
vt 0.482422 0.982422
vt 0.267578 0.982422
vt 0.267578 0.767578
vt 0.482422 0.767578
vt 0.482422 0.982422
vt 0.267578 0.982422
vt 0.267578 0.767578
vt 0.482422 0.767578
vt 0.482422 0.982422
vt 0.267578 0.982422
vt 0.267578 0.767578
vt 0.482422 0.767578
vt 0.482422 0.982422
vt 0.267578 0.982422
vt 0.267578 0.767578
vt 0.482422 0.767578
vt 0.482422 0.982422
vt 0.267578 0.982422
vt 0.267578 0.767578
vt 0.482422 0.767578
vt 0.482422 0.982422
vt 0.267578 0.982422
vt 0.267578 0.767578
vt 0.482422 0.767578
vt 0.482422 0.982422
vt 0.267578 0.982422
vt 0.517578 0.767578
vt 0.732422 0.767578
vt 0.732422 0.982422
vt 0.517578 0.982422
vt 0.517578 0.767578
vt 0.732422 0.767578
vt 0.732422 0.982422
vt 0.517578 0.982422
vt 0.517578 0.767578
vt 0.732422 0.767578
vt 0.732422 0.982422
vt 0.517578 0.982422
vt 0.517578 0.767578
vt 0.732422 0.767578
vt 0.732422 0.982422
vt 0.517578 0.982422
vt 0.517578 0.767578
vt 0.732422 0.767578
vt 0.732422 0.982422
vt 0.517578 0.982422
vt 0.517578 0.767578
vt 0.732422 0.767578
vt 0.732422 0.982422
vt 0.517578 0.982422
vt 0.517578 0.767578
vt 0.732422 0.767578
vt 0.732422 0.982422
vt 0.517578 0.982422
vt 0.517578 0.767578
vt 0.732422 0.767578
vt 0.732422 0.982422
vt 0.517578 0.982422
vt 0.517578 0.767578
vt 0.732422 0.767578
vt 0.732422 0.982422
vt 0.517578 0.982422
vt 0.517578 0.767578
vt 0.732422 0.767578
vt 0.732422 0.982422
vt 0.517578 0.982422
vt 0.517578 0.767578
vt 0.732422 0.767578
vt 0.732422 0.982422
vt 0.517578 0.982422
vt 0.517578 0.767578
vt 0.732422 0.767578
vt 0.732422 0.982422
vt 0.517578 0.982422
vt 0.267578 0.767578
vt 0.482422 0.767578
vt 0.482422 0.982422
vt 0.267578 0.982422
vt 0.267578 0.767578
vt 0.482422 0.767578
vt 0.482422 0.982422
vt 0.267578 0.982422
vt 0.267578 0.767578
vt 0.482422 0.767578
vt 0.482422 0.982422
vt 0.267578 0.982422
vt 0.267578 0.767578
vt 0.482422 0.767578
vt 0.482422 0.982422
vt 0.267578 0.982422
vt 0.267578 0.767578
vt 0.482422 0.767578
vt 0.482422 0.982422
vt 0.267578 0.982422
vt 0.267578 0.767578
vt 0.482422 0.767578
vt 0.482422 0.982422
vt 0.267578 0.982422
vt 0.267578 0.767578
vt 0.482422 0.767578
vt 0.482422 0.982422
vt 0.267578 0.982422
vt 0.267578 0.767578
vt 0.482422 0.767578
vt 0.482422 0.982422
vt 0.267578 0.982422
vt 0.267578 0.767578
vt 0.482422 0.767578
vt 0.482422 0.982422
vt 0.267578 0.982422
vt 0.267578 0.767578
vt 0.482422 0.767578
vt 0.482422 0.982422
vt 0.267578 0.982422
vt 0.267578 0.767578
vt 0.482422 0.767578
vt 0.482422 0.982422
vt 0.267578 0.982422
vt 0.267578 0.767578
vt 0.482422 0.767578
vt 0.482422 0.982422
vt 0.267578 0.982422
vt 0.267578 0.767578
vt 0.482422 0.767578
vt 0.482422 0.982422
vt 0.267578 0.982422
vt 0.267578 0.767578
vt 0.482422 0.767578
vt 0.482422 0.982422
vt 0.267578 0.982422
vt 0.267578 0.767578
vt 0.482422 0.767578
vt 0.482422 0.982422
vt 0.267578 0.982422
vt 0.267578 0.767578
vt 0.482422 0.767578
vt 0.482422 0.982422
vt 0.267578 0.982422
vt 0.267578 0.767578
vt 0.482422 0.767578
vt 0.482422 0.982422
vt 0.267578 0.982422
vt 0.267578 0.767578
vt 0.482422 0.767578
vt 0.482422 0.982422
vt 0.267578 0.982422
vt 0.267578 0.767578
vt 0.482422 0.767578
vt 0.482422 0.982422
vt 0.267578 0.982422
vt 0.267578 0.767578
vt 0.482422 0.767578
vt 0.482422 0.982422
vt 0.267578 0.982422
vt 0.267578 0.767578
vt 0.482422 0.767578
vt 0.482422 0.982422
vt 0.267578 0.982422
vt 0.267578 0.767578
vt 0.482422 0.767578
vt 0.482422 0.982422
vt 0.267578 0.982422
vt 0.267578 0.767578
vt 0.482422 0.767578
vt 0.482422 0.982422
vt 0.267578 0.982422
vt 0.267578 0.767578
vt 0.482422 0.767578
vt 0.482422 0.982422
vt 0.267578 0.982422
vt 0.517578 0.767578
vt 0.732422 0.767578
vt 0.732422 0.982422
vt 0.517578 0.982422
vt 0.517578 0.767578
vt 0.732422 0.767578
vt 0.732422 0.982422
vt 0.517578 0.982422
vt 0.517578 0.767578
vt 0.732422 0.767578
vt 0.732422 0.982422
vt 0.517578 0.982422
vt 0.517578 0.767578
vt 0.732422 0.767578
vt 0.732422 0.982422
vt 0.517578 0.982422
vt 0.517578 0.767578
vt 0.732422 0.767578
vt 0.732422 0.982422
vt 0.517578 0.982422
vt 0.517578 0.767578
vt 0.732422 0.767578
vt 0.732422 0.982422
vt 0.517578 0.982422
vt 0.517578 0.767578
vt 0.732422 0.767578
vt 0.732422 0.982422
vt 0.517578 0.982422
vt 0.517578 0.767578
vt 0.732422 0.767578
vt 0.732422 0.982422
vt 0.517578 0.982422
vt 0.517578 0.767578
vt 0.732422 0.767578
vt 0.732422 0.982422
vt 0.517578 0.982422
vt 0.517578 0.767578
vt 0.732422 0.767578
vt 0.732422 0.982422
vt 0.517578 0.982422
vt 0.517578 0.767578
vt 0.732422 0.767578
vt 0.732422 0.982422
vt 0.517578 0.982422
vt 0.517578 0.767578
vt 0.732422 0.767578
vt 0.732422 0.982422
vt 0.517578 0.982422
vt 0.517578 0.267578
vt 0.732422 0.267578
vt 0.732422 0.482422
vt 0.517578 0.482422
vt 0.517578 0.267578
vt 0.732422 0.267578
vt 0.732422 0.482422
vt 0.517578 0.267578
vt 0.732422 0.267578
vt 0.732422 0.482422
vt 0.517578 0.267578
vt 0.732422 0.267578
vt 0.732422 0.482422
vt 0.517578 0.482422
vt 0.517578 0.267578
vt 0.732422 0.267578
vt 0.732422 0.482422
vt 0.517578 0.267578
vt 0.732422 0.267578
vt 0.732422 0.482422
vt 0.517578 0.267578
vt 0.732422 0.267578
vt 0.732422 0.482422
vt 0.517578 0.482422
vt 0.517578 0.267578
vt 0.732422 0.267578
vt 0.732422 0.482422
vt 0.517578 0.267578
vt 0.732422 0.267578
vt 0.732422 0.482422
vt 0.517578 0.267578
vt 0.732422 0.267578
vt 0.732422 0.482422
vt 0.517578 0.482422
vt 0.517578 0.267578
vt 0.732422 0.267578
vt 0.732422 0.482422
vt 0.517578 0.267578
vt 0.732422 0.267578
vt 0.732422 0.482422
vt 0.517578 0.267578
vt 0.732422 0.267578
vt 0.732422 0.482422
vt 0.517578 0.482422
vt 0.517578 0.267578
vt 0.732422 0.267578
vt 0.732422 0.482422
vt 0.517578 0.267578
vt 0.732422 0.267578
vt 0.732422 0.482422
vt 0.517578 0.267578
vt 0.732422 0.267578
vt 0.732422 0.482422
vt 0.517578 0.482422
vt 0.517578 0.267578
vt 0.732422 0.267578
vt 0.732422 0.482422
vt 0.517578 0.267578
vt 0.732422 0.267578
vt 0.732422 0.482422
vt 0.517578 0.267578
vt 0.732422 0.267578
vt 0.732422 0.482422
vt 0.517578 0.482422
vt 0.517578 0.267578
vt 0.732422 0.267578
vt 0.732422 0.482422
vt 0.517578 0.267578
vt 0.732422 0.267578
vt 0.732422 0.482422
vt 0.517578 0.267578
vt 0.732422 0.267578
vt 0.732422 0.482422
vt 0.517578 0.482422
vt 0.517578 0.267578
vt 0.732422 0.267578
vt 0.732422 0.482422
vt 0.517578 0.267578
vt 0.732422 0.267578
vt 0.732422 0.482422
vt 0.267578 0.517578
vt 0.482422 0.517578
vt 0.482422 0.732422
vt 0.267578 0.732422
vt 0.267578 0.517578
vt 0.482422 0.517578
vt 0.482422 0.732422
vt 0.267578 0.517578
vt 0.482422 0.517578
vt 0.482422 0.732422
vt 0.267578 0.517578
vt 0.482422 0.517578
vt 0.482422 0.732422
vt 0.267578 0.732422
vt 0.267578 0.517578
vt 0.482422 0.517578
vt 0.482422 0.732422
vt 0.267578 0.517578
vt 0.482422 0.517578
vt 0.482422 0.732422
vt 0.267578 0.517578
vt 0.482422 0.517578
vt 0.482422 0.732422
vt 0.267578 0.732422
vt 0.267578 0.517578
vt 0.482422 0.517578
vt 0.482422 0.732422
vt 0.267578 0.517578
vt 0.482422 0.517578
vt 0.482422 0.732422
vt 0.267578 0.517578
vt 0.482422 0.517578
vt 0.482422 0.732422
vt 0.267578 0.732422
vt 0.267578 0.517578
vt 0.482422 0.517578
vt 0.482422 0.732422
vt 0.267578 0.517578
vt 0.482422 0.517578
vt 0.482422 0.732422
vt 0.267578 0.517578
vt 0.482422 0.517578
vt 0.482422 0.732422
vt 0.267578 0.732422
vt 0.267578 0.517578
vt 0.482422 0.517578
vt 0.482422 0.732422
vt 0.267578 0.517578
vt 0.482422 0.517578
vt 0.482422 0.732422
vt 0.267578 0.517578
vt 0.482422 0.517578
vt 0.482422 0.732422
vt 0.267578 0.732422
vt 0.267578 0.517578
vt 0.482422 0.517578
vt 0.482422 0.732422
vt 0.267578 0.517578
vt 0.482422 0.517578
vt 0.482422 0.732422
vt 0.267578 0.517578
vt 0.482422 0.517578
vt 0.482422 0.732422
vt 0.267578 0.732422
vt 0.267578 0.517578
vt 0.482422 0.517578
vt 0.482422 0.732422
vt 0.267578 0.517578
vt 0.482422 0.517578
vt 0.482422 0.732422
vt 0.267578 0.517578
vt 0.482422 0.517578
vt 0.482422 0.732422
vt 0.267578 0.732422
vt 0.267578 0.517578
vt 0.482422 0.517578
vt 0.482422 0.732422
vt 0.267578 0.517578
vt 0.482422 0.517578
vt 0.482422 0.732422
vt 0.267578 0.517578
vt 0.482422 0.517578
vt 0.482422 0.732422
vt 0.267578 0.732422
vt 0.267578 0.517578
vt 0.482422 0.517578
vt 0.482422 0.732422
vt 0.267578 0.517578
vt 0.482422 0.517578
vt 0.482422 0.732422
vt 0.267578 0.517578
vt 0.482422 0.517578
vt 0.482422 0.732422
vt 0.267578 0.732422
vt 0.267578 0.517578
vt 0.482422 0.517578
vt 0.482422 0.732422
vt 0.267578 0.517578
vt 0.482422 0.517578
vt 0.482422 0.732422
vt 0.267578 0.517578
vt 0.482422 0.517578
vt 0.482422 0.732422
vt 0.267578 0.732422
vt 0.267578 0.517578
vt 0.482422 0.517578
vt 0.482422 0.732422
vt 0.267578 0.517578
vt 0.482422 0.517578
vt 0.482422 0.732422
vt 0.267578 0.517578
vt 0.482422 0.517578
vt 0.482422 0.732422
vt 0.267578 0.732422
vt 0.267578 0.517578
vt 0.482422 0.517578
vt 0.482422 0.732422
vt 0.267578 0.517578
vt 0.482422 0.517578
vt 0.482422 0.732422
vt 0.267578 0.517578
vt 0.482422 0.517578
vt 0.482422 0.732422
vt 0.267578 0.732422
vt 0.267578 0.517578
vt 0.482422 0.517578
vt 0.482422 0.732422
vt 0.267578 0.517578
vt 0.482422 0.517578
vt 0.482422 0.732422
vt 0.267578 0.517578
vt 0.482422 0.517578
vt 0.482422 0.732422
vt 0.267578 0.732422
vt 0.267578 0.517578
vt 0.482422 0.517578
vt 0.482422 0.732422
vt 0.267578 0.517578
vt 0.482422 0.517578
vt 0.482422 0.732422
vt 0.267578 0.517578
vt 0.482422 0.517578
vt 0.482422 0.732422
vt 0.267578 0.732422
vt 0.267578 0.517578
vt 0.482422 0.517578
vt 0.482422 0.732422
vt 0.267578 0.517578
vt 0.482422 0.517578
vt 0.482422 0.732422
vt 0.267578 0.517578
vt 0.482422 0.517578
vt 0.482422 0.732422
vt 0.267578 0.732422
vt 0.267578 0.517578
vt 0.482422 0.517578
vt 0.482422 0.732422
vt 0.267578 0.517578
vt 0.482422 0.517578
vt 0.482422 0.732422
vt 0.267578 0.767578
vt 0.482422 0.767578
vt 0.482422 0.982422
vt 0.267578 0.982422
vt 0.267578 0.767578
vt 0.482422 0.767578
vt 0.482422 0.982422
vt 0.267578 0.767578
vt 0.482422 0.767578
vt 0.482422 0.982422
vt 0.267578 0.767578
vt 0.482422 0.767578
vt 0.482422 0.982422
vt 0.267578 0.982422
vt 0.267578 0.767578
vt 0.482422 0.767578
vt 0.482422 0.982422
vt 0.267578 0.767578
vt 0.482422 0.767578
vt 0.482422 0.982422
vt 0.267578 0.767578
vt 0.482422 0.767578
vt 0.482422 0.982422
vt 0.267578 0.982422
vt 0.267578 0.767578
vt 0.482422 0.767578
vt 0.482422 0.982422
vt 0.267578 0.767578
vt 0.482422 0.767578
vt 0.482422 0.982422
vt 0.267578 0.767578
vt 0.482422 0.767578
vt 0.482422 0.982422
vt 0.267578 0.982422
vt 0.267578 0.767578
vt 0.482422 0.767578
vt 0.482422 0.982422
vt 0.267578 0.767578
vt 0.482422 0.767578
vt 0.482422 0.982422
vt 0.267578 0.767578
vt 0.482422 0.767578
vt 0.482422 0.982422
vt 0.267578 0.982422
vt 0.267578 0.767578
vt 0.482422 0.767578
vt 0.482422 0.982422
vt 0.267578 0.767578
vt 0.482422 0.767578
vt 0.482422 0.982422
vt 0.267578 0.767578
vt 0.482422 0.767578
vt 0.482422 0.982422
vt 0.267578 0.982422
vt 0.267578 0.767578
vt 0.482422 0.767578
vt 0.482422 0.982422
vt 0.267578 0.767578
vt 0.482422 0.767578
vt 0.482422 0.982422
vt 0.267578 0.767578
vt 0.482422 0.767578
vt 0.482422 0.982422
vt 0.267578 0.982422
vt 0.267578 0.767578
vt 0.482422 0.767578
vt 0.482422 0.982422
vt 0.267578 0.767578
vt 0.482422 0.767578
vt 0.482422 0.982422
vt 0.267578 0.767578
vt 0.482422 0.767578
vt 0.482422 0.982422
vt 0.267578 0.982422
vt 0.267578 0.767578
vt 0.482422 0.767578
vt 0.482422 0.982422
vt 0.267578 0.767578
vt 0.482422 0.767578
vt 0.482422 0.982422
vt 0.267578 0.767578
vt 0.482422 0.767578
vt 0.482422 0.982422
vt 0.267578 0.982422
vt 0.267578 0.767578
vt 0.482422 0.767578
vt 0.482422 0.982422
vt 0.267578 0.767578
vt 0.482422 0.767578
vt 0.482422 0.982422
vt 0.267578 0.767578
vt 0.482422 0.767578
vt 0.482422 0.982422
vt 0.267578 0.982422
vt 0.267578 0.767578
vt 0.482422 0.767578
vt 0.482422 0.982422
vt 0.267578 0.767578
vt 0.482422 0.767578
vt 0.482422 0.982422
vt 0.267578 0.767578
vt 0.482422 0.767578
vt 0.482422 0.982422
vt 0.267578 0.982422
vt 0.267578 0.767578
vt 0.482422 0.767578
vt 0.482422 0.982422
vt 0.267578 0.767578
vt 0.482422 0.767578
vt 0.482422 0.982422
vt 0.267578 0.767578
vt 0.482422 0.767578
vt 0.482422 0.982422
vt 0.267578 0.982422
vt 0.267578 0.767578
vt 0.482422 0.767578
vt 0.482422 0.982422
vt 0.267578 0.767578
vt 0.482422 0.767578
vt 0.482422 0.982422
vt 0.267578 0.767578
vt 0.482422 0.767578
vt 0.482422 0.982422
vt 0.267578 0.982422
vt 0.267578 0.767578
vt 0.482422 0.767578
vt 0.482422 0.982422
vt 0.267578 0.767578
vt 0.482422 0.767578
vt 0.482422 0.982422
vt 0.267578 0.767578
vt 0.482422 0.767578
vt 0.482422 0.982422
vt 0.267578 0.982422
vt 0.267578 0.767578
vt 0.482422 0.767578
vt 0.482422 0.982422
vt 0.267578 0.767578
vt 0.482422 0.767578
vt 0.482422 0.982422
vt 0.267578 0.767578
vt 0.482422 0.767578
vt 0.482422 0.982422
vt 0.267578 0.982422
vt 0.267578 0.767578
vt 0.482422 0.767578
vt 0.482422 0.982422
vt 0.267578 0.767578
vt 0.482422 0.767578
vt 0.482422 0.982422
vt 0.267578 0.767578
vt 0.482422 0.767578
vt 0.482422 0.982422
vt 0.267578 0.982422
vt 0.267578 0.767578
vt 0.482422 0.767578
vt 0.482422 0.982422
vt 0.267578 0.767578
vt 0.482422 0.767578
vt 0.482422 0.982422
vt 0.267578 0.767578
vt 0.482422 0.767578
vt 0.482422 0.982422
vt 0.267578 0.982422
vt 0.267578 0.767578
vt 0.482422 0.767578
vt 0.482422 0.982422
vt 0.267578 0.982422
vt 0.267578 0.767578
vt 0.482422 0.767578
vt 0.482422 0.982422
vt 0.267578 0.982422
vt 0.267578 0.767578
vt 0.482422 0.767578
vt 0.482422 0.982422
vt 0.267578 0.982422
vt 0.267578 0.767578
vt 0.482422 0.767578
vt 0.482422 0.982422
vt 0.267578 0.982422
vt 0.267578 0.767578
vt 0.482422 0.767578
vt 0.482422 0.982422
vt 0.267578 0.982422
vt 0.267578 0.767578
vt 0.482422 0.767578
vt 0.482422 0.982422
vt 0.267578 0.982422
vt 0.267578 0.767578
vt 0.482422 0.767578
vt 0.482422 0.982422
vt 0.267578 0.982422
vt 0.267578 0.767578
vt 0.482422 0.767578
vt 0.482422 0.982422
vt 0.267578 0.982422
vt 0.267578 0.767578
vt 0.482422 0.767578
vt 0.482422 0.982422
vt 0.267578 0.982422
vt 0.267578 0.767578
vt 0.482422 0.767578
vt 0.482422 0.982422
vt 0.267578 0.982422
vt 0.267578 0.767578
vt 0.482422 0.767578
vt 0.482422 0.982422
vt 0.267578 0.982422
vt 0.267578 0.767578
vt 0.482422 0.767578
vt 0.482422 0.982422
vt 0.267578 0.982422
vt 0.267578 0.767578
vt 0.482422 0.767578
vt 0.482422 0.982422
vt 0.267578 0.982422
vt 0.267578 0.767578
vt 0.482422 0.767578
vt 0.482422 0.982422
vt 0.267578 0.982422
vt 0.267578 0.767578
vt 0.482422 0.767578
vt 0.482422 0.982422
vt 0.267578 0.982422
vt 0.267578 0.767578
vt 0.482422 0.767578
vt 0.482422 0.982422
vt 0.267578 0.982422
vt 0.267578 0.767578
vt 0.482422 0.767578
vt 0.482422 0.982422
vt 0.267578 0.982422
vt 0.267578 0.767578
vt 0.482422 0.767578
vt 0.482422 0.982422
vt 0.267578 0.982422
vt 0.267578 0.767578
vt 0.482422 0.767578
vt 0.482422 0.982422
vt 0.267578 0.982422
vt 0.267578 0.767578
vt 0.482422 0.767578
vt 0.482422 0.982422
vt 0.267578 0.982422
vt 0.267578 0.767578
vt 0.482422 0.767578
vt 0.482422 0.982422
vt 0.267578 0.982422
vt 0.267578 0.767578
vt 0.482422 0.767578
vt 0.482422 0.982422
vt 0.267578 0.982422
vt 0.267578 0.767578
vt 0.482422 0.767578
vt 0.482422 0.982422
vt 0.267578 0.982422
vt 0.517578 0.767578
vt 0.732422 0.767578
vt 0.732422 0.982422
vt 0.517578 0.982422
vt 0.517578 0.767578
vt 0.732422 0.767578
vt 0.732422 0.982422
vt 0.517578 0.982422
vt 0.517578 0.767578
vt 0.732422 0.767578
vt 0.732422 0.982422
vt 0.517578 0.982422
vt 0.517578 0.767578
vt 0.732422 0.767578
vt 0.732422 0.982422
vt 0.517578 0.982422
vt 0.517578 0.767578
vt 0.732422 0.767578
vt 0.732422 0.982422
vt 0.517578 0.982422
vt 0.517578 0.767578
vt 0.732422 0.767578
vt 0.732422 0.982422
vt 0.517578 0.982422
vt 0.517578 0.767578
vt 0.732422 0.767578
vt 0.732422 0.982422
vt 0.517578 0.982422
vt 0.517578 0.767578
vt 0.732422 0.767578
vt 0.732422 0.982422
vt 0.517578 0.982422
vt 0.517578 0.767578
vt 0.732422 0.767578
vt 0.732422 0.982422
vt 0.517578 0.982422
vt 0.517578 0.767578
vt 0.732422 0.767578
vt 0.732422 0.982422
vt 0.517578 0.982422
vt 0.517578 0.767578
vt 0.732422 0.767578
vt 0.732422 0.982422
vt 0.517578 0.982422
vt 0.517578 0.767578
vt 0.732422 0.767578
vt 0.732422 0.982422
vt 0.517578 0.982422
vt 0.267578 0.767578
vt 0.482422 0.767578
vt 0.482422 0.982422
vt 0.267578 0.982422
vt 0.267578 0.767578
vt 0.482422 0.767578
vt 0.482422 0.982422
vt 0.267578 0.982422
vt 0.267578 0.767578
vt 0.482422 0.767578
vt 0.482422 0.982422
vt 0.267578 0.982422
vt 0.267578 0.767578
vt 0.482422 0.767578
vt 0.482422 0.982422
vt 0.267578 0.982422
vt 0.267578 0.767578
vt 0.482422 0.767578
vt 0.482422 0.982422
vt 0.267578 0.982422
vt 0.267578 0.767578
vt 0.482422 0.767578
vt 0.482422 0.982422
vt 0.267578 0.982422
vt 0.267578 0.767578
vt 0.482422 0.767578
vt 0.482422 0.982422
vt 0.267578 0.982422
vt 0.267578 0.767578
vt 0.482422 0.767578
vt 0.482422 0.982422
vt 0.267578 0.982422
vt 0.267578 0.767578
vt 0.482422 0.767578
vt 0.482422 0.982422
vt 0.267578 0.982422
vt 0.267578 0.767578
vt 0.482422 0.767578
vt 0.482422 0.982422
vt 0.267578 0.982422
vt 0.267578 0.767578
vt 0.482422 0.767578
vt 0.482422 0.982422
vt 0.267578 0.982422
vt 0.267578 0.767578
vt 0.482422 0.767578
vt 0.482422 0.982422
vt 0.267578 0.982422
vt 0.267578 0.767578
vt 0.482422 0.767578
vt 0.482422 0.982422
vt 0.267578 0.982422
vt 0.267578 0.767578
vt 0.482422 0.767578
vt 0.482422 0.982422
vt 0.267578 0.982422
vt 0.267578 0.767578
vt 0.482422 0.767578
vt 0.482422 0.982422
vt 0.267578 0.982422
vt 0.267578 0.767578
vt 0.482422 0.767578
vt 0.482422 0.982422
vt 0.267578 0.982422
vt 0.267578 0.767578
vt 0.482422 0.767578
vt 0.482422 0.982422
vt 0.267578 0.982422
vt 0.267578 0.767578
vt 0.482422 0.767578
vt 0.482422 0.982422
vt 0.267578 0.982422
vt 0.267578 0.767578
vt 0.482422 0.767578
vt 0.482422 0.982422
vt 0.267578 0.982422
vt 0.267578 0.767578
vt 0.482422 0.767578
vt 0.482422 0.982422
vt 0.267578 0.982422
vt 0.267578 0.767578
vt 0.482422 0.767578
vt 0.482422 0.982422
vt 0.267578 0.982422
vt 0.267578 0.767578
vt 0.482422 0.767578
vt 0.482422 0.982422
vt 0.267578 0.982422
vt 0.267578 0.767578
vt 0.482422 0.767578
vt 0.482422 0.982422
vt 0.267578 0.982422
vt 0.267578 0.767578
vt 0.482422 0.767578
vt 0.482422 0.982422
vt 0.267578 0.982422
vt 0.517578 0.767578
vt 0.732422 0.767578
vt 0.732422 0.982422
vt 0.517578 0.982422
vt 0.517578 0.767578
vt 0.732422 0.767578
vt 0.732422 0.982422
vt 0.517578 0.982422
vt 0.517578 0.767578
vt 0.732422 0.767578
vt 0.732422 0.982422
vt 0.517578 0.982422
vt 0.517578 0.767578
vt 0.732422 0.767578
vt 0.732422 0.982422
vt 0.517578 0.982422
vt 0.517578 0.767578
vt 0.732422 0.767578
vt 0.732422 0.982422
vt 0.517578 0.982422
vt 0.517578 0.767578
vt 0.732422 0.767578
vt 0.732422 0.982422
vt 0.517578 0.982422
vt 0.517578 0.767578
vt 0.732422 0.767578
vt 0.732422 0.982422
vt 0.517578 0.982422
vt 0.517578 0.767578
vt 0.732422 0.767578
vt 0.732422 0.982422
vt 0.517578 0.982422
vt 0.517578 0.767578
vt 0.732422 0.767578
vt 0.732422 0.982422
vt 0.517578 0.982422
vt 0.517578 0.767578
vt 0.732422 0.767578
vt 0.732422 0.982422
vt 0.517578 0.982422
vt 0.517578 0.767578
vt 0.732422 0.767578
vt 0.732422 0.982422
vt 0.517578 0.982422
vt 0.517578 0.767578
vt 0.732422 0.767578
vt 0.732422 0.982422
vt 0.517578 0.982422
vt 0.517578 0.267578
vt 0.732422 0.267578
vt 0.732422 0.482422
vt 0.517578 0.482422
vt 0.517578 0.267578
vt 0.732422 0.267578
vt 0.732422 0.482422
vt 0.517578 0.267578
vt 0.732422 0.267578
vt 0.732422 0.482422
vt 0.517578 0.267578
vt 0.732422 0.267578
vt 0.732422 0.482422
vt 0.517578 0.482422
vt 0.517578 0.267578
vt 0.732422 0.267578
vt 0.732422 0.482422
vt 0.517578 0.267578
vt 0.732422 0.267578
vt 0.732422 0.482422
vt 0.517578 0.267578
vt 0.732422 0.267578
vt 0.732422 0.482422
vt 0.517578 0.482422
vt 0.517578 0.267578
vt 0.732422 0.267578
vt 0.732422 0.482422
vt 0.517578 0.267578
vt 0.732422 0.267578
vt 0.732422 0.482422
vt 0.517578 0.267578
vt 0.732422 0.267578
vt 0.732422 0.482422
vt 0.517578 0.482422
vt 0.517578 0.267578
vt 0.732422 0.267578
vt 0.732422 0.482422
vt 0.517578 0.267578
vt 0.732422 0.267578
vt 0.732422 0.482422
vt 0.517578 0.267578
vt 0.732422 0.267578
vt 0.732422 0.482422
vt 0.517578 0.482422
vt 0.517578 0.267578
vt 0.732422 0.267578
vt 0.732422 0.482422
vt 0.517578 0.267578
vt 0.732422 0.267578
vt 0.732422 0.482422
vt 0.517578 0.267578
vt 0.732422 0.267578
vt 0.732422 0.482422
vt 0.517578 0.482422
vt 0.517578 0.267578
vt 0.732422 0.267578
vt 0.732422 0.482422
vt 0.517578 0.267578
vt 0.732422 0.267578
vt 0.732422 0.482422
vt 0.517578 0.267578
vt 0.732422 0.267578
vt 0.732422 0.482422
vt 0.517578 0.482422
vt 0.517578 0.267578
vt 0.732422 0.267578
vt 0.732422 0.482422
vt 0.517578 0.267578
vt 0.732422 0.267578
vt 0.732422 0.482422
vt 0.517578 0.267578
vt 0.732422 0.267578
vt 0.732422 0.482422
vt 0.517578 0.482422
vt 0.517578 0.267578
vt 0.732422 0.267578
vt 0.732422 0.482422
vt 0.517578 0.267578
vt 0.732422 0.267578
vt 0.732422 0.482422
vt 0.267578 0.517578
vt 0.482422 0.517578
vt 0.482422 0.732422
vt 0.267578 0.732422
vt 0.267578 0.517578
vt 0.482422 0.517578
vt 0.482422 0.732422
vt 0.267578 0.517578
vt 0.482422 0.517578
vt 0.482422 0.732422
vt 0.267578 0.517578
vt 0.482422 0.517578
vt 0.482422 0.732422
vt 0.267578 0.732422
vt 0.267578 0.517578
vt 0.482422 0.517578
vt 0.482422 0.732422
vt 0.267578 0.517578
vt 0.482422 0.517578
vt 0.482422 0.732422
vt 0.267578 0.517578
vt 0.482422 0.517578
vt 0.482422 0.732422
vt 0.267578 0.732422
vt 0.267578 0.517578
vt 0.482422 0.517578
vt 0.482422 0.732422
vt 0.267578 0.517578
vt 0.482422 0.517578
vt 0.482422 0.732422
vt 0.267578 0.517578
vt 0.482422 0.517578
vt 0.482422 0.732422
vt 0.267578 0.732422
vt 0.267578 0.517578
vt 0.482422 0.517578
vt 0.482422 0.732422
vt 0.267578 0.517578
vt 0.482422 0.517578
vt 0.482422 0.732422
vt 0.267578 0.517578
vt 0.482422 0.517578
vt 0.482422 0.732422
vt 0.267578 0.732422
vt 0.267578 0.517578
vt 0.482422 0.517578
vt 0.482422 0.732422
vt 0.267578 0.517578
vt 0.482422 0.517578
vt 0.482422 0.732422
vt 0.267578 0.517578
vt 0.482422 0.517578
vt 0.482422 0.732422
vt 0.267578 0.732422
vt 0.267578 0.517578
vt 0.482422 0.517578
vt 0.482422 0.732422
vt 0.267578 0.517578
vt 0.482422 0.517578
vt 0.482422 0.732422
vt 0.267578 0.517578
vt 0.482422 0.517578
vt 0.482422 0.732422
vt 0.267578 0.732422
vt 0.267578 0.517578
vt 0.482422 0.517578
vt 0.482422 0.732422
vt 0.267578 0.517578
vt 0.482422 0.517578
vt 0.482422 0.732422
vt 0.267578 0.517578
vt 0.482422 0.517578
vt 0.482422 0.732422
vt 0.267578 0.732422
vt 0.267578 0.517578
vt 0.482422 0.517578
vt 0.482422 0.732422
vt 0.267578 0.517578
vt 0.482422 0.517578
vt 0.482422 0.732422
vt 0.267578 0.517578
vt 0.482422 0.517578
vt 0.482422 0.732422
vt 0.267578 0.732422
vt 0.267578 0.517578
vt 0.482422 0.517578
vt 0.482422 0.732422
vt 0.267578 0.517578
vt 0.482422 0.517578
vt 0.482422 0.732422
vt 0.267578 0.517578
vt 0.482422 0.517578
vt 0.482422 0.732422
vt 0.267578 0.732422
vt 0.267578 0.517578
vt 0.482422 0.517578
vt 0.482422 0.732422
vt 0.267578 0.517578
vt 0.482422 0.517578
vt 0.482422 0.732422
vt 0.267578 0.517578
vt 0.482422 0.517578
vt 0.482422 0.732422
vt 0.267578 0.732422
vt 0.267578 0.517578
vt 0.482422 0.517578
vt 0.482422 0.732422
vt 0.267578 0.517578
vt 0.482422 0.517578
vt 0.482422 0.732422
vt 0.267578 0.517578
vt 0.482422 0.517578
vt 0.482422 0.732422
vt 0.267578 0.732422
vt 0.267578 0.517578
vt 0.482422 0.517578
vt 0.482422 0.732422
vt 0.267578 0.517578
vt 0.482422 0.517578
vt 0.482422 0.732422
vt 0.267578 0.517578
vt 0.482422 0.517578
vt 0.482422 0.732422
vt 0.267578 0.732422
vt 0.267578 0.517578
vt 0.482422 0.517578
vt 0.482422 0.732422
vt 0.267578 0.517578
vt 0.482422 0.517578
vt 0.482422 0.732422
vt 0.267578 0.517578
vt 0.482422 0.517578
vt 0.482422 0.732422
vt 0.267578 0.732422
vt 0.267578 0.517578
vt 0.482422 0.517578
vt 0.482422 0.732422
vt 0.267578 0.517578
vt 0.482422 0.517578
vt 0.482422 0.732422
vt 0.267578 0.517578
vt 0.482422 0.517578
vt 0.482422 0.732422
vt 0.267578 0.732422
vt 0.267578 0.517578
vt 0.482422 0.517578
vt 0.482422 0.732422
vt 0.267578 0.517578
vt 0.482422 0.517578
vt 0.482422 0.732422
vt 0.267578 0.517578
vt 0.482422 0.517578
vt 0.482422 0.732422
vt 0.267578 0.732422
vt 0.267578 0.517578
vt 0.482422 0.517578
vt 0.482422 0.732422
vt 0.267578 0.517578
vt 0.482422 0.517578
vt 0.482422 0.732422
vt 0.267578 0.767578
vt 0.482422 0.767578
vt 0.482422 0.982422
vt 0.267578 0.982422
vt 0.267578 0.767578
vt 0.482422 0.767578
vt 0.482422 0.982422
vt 0.267578 0.767578
vt 0.482422 0.767578
vt 0.482422 0.982422
vt 0.267578 0.767578
vt 0.482422 0.767578
vt 0.482422 0.982422
vt 0.267578 0.982422
vt 0.267578 0.767578
vt 0.482422 0.767578
vt 0.482422 0.982422
vt 0.267578 0.767578
vt 0.482422 0.767578
vt 0.482422 0.982422
vt 0.267578 0.767578
vt 0.482422 0.767578
vt 0.482422 0.982422
vt 0.267578 0.982422
vt 0.267578 0.767578
vt 0.482422 0.767578
vt 0.482422 0.982422
vt 0.267578 0.767578
vt 0.482422 0.767578
vt 0.482422 0.982422
vt 0.267578 0.767578
vt 0.482422 0.767578
vt 0.482422 0.982422
vt 0.267578 0.982422
vt 0.267578 0.767578
vt 0.482422 0.767578
vt 0.482422 0.982422
vt 0.267578 0.767578
vt 0.482422 0.767578
vt 0.482422 0.982422
vt 0.267578 0.767578
vt 0.482422 0.767578
vt 0.482422 0.982422
vt 0.267578 0.982422
vt 0.267578 0.767578
vt 0.482422 0.767578
vt 0.482422 0.982422
vt 0.267578 0.767578
vt 0.482422 0.767578
vt 0.482422 0.982422
vt 0.267578 0.767578
vt 0.482422 0.767578
vt 0.482422 0.982422
vt 0.267578 0.982422
vt 0.267578 0.767578
vt 0.482422 0.767578
vt 0.482422 0.982422
vt 0.267578 0.767578
vt 0.482422 0.767578
vt 0.482422 0.982422
vt 0.267578 0.767578
vt 0.482422 0.767578
vt 0.482422 0.982422
vt 0.267578 0.982422
vt 0.267578 0.767578
vt 0.482422 0.767578
vt 0.482422 0.982422
vt 0.267578 0.767578
vt 0.482422 0.767578
vt 0.482422 0.982422
vt 0.267578 0.767578
vt 0.482422 0.767578
vt 0.482422 0.982422
vt 0.267578 0.982422
vt 0.267578 0.767578
vt 0.482422 0.767578
vt 0.482422 0.982422
vt 0.267578 0.767578
vt 0.482422 0.767578
vt 0.482422 0.982422
vt 0.267578 0.767578
vt 0.482422 0.767578
vt 0.482422 0.982422
vt 0.267578 0.982422
vt 0.267578 0.767578
vt 0.482422 0.767578
vt 0.482422 0.982422
vt 0.267578 0.767578
vt 0.482422 0.767578
vt 0.482422 0.982422
vt 0.267578 0.767578
vt 0.482422 0.767578
vt 0.482422 0.982422
vt 0.267578 0.982422
vt 0.267578 0.767578
vt 0.482422 0.767578
vt 0.482422 0.982422
vt 0.267578 0.767578
vt 0.482422 0.767578
vt 0.482422 0.982422
vt 0.267578 0.767578
vt 0.482422 0.767578
vt 0.482422 0.982422
vt 0.267578 0.982422
vt 0.267578 0.767578
vt 0.482422 0.767578
vt 0.482422 0.982422
vt 0.267578 0.767578
vt 0.482422 0.767578
vt 0.482422 0.982422
vt 0.267578 0.767578
vt 0.482422 0.767578
vt 0.482422 0.982422
vt 0.267578 0.982422
vt 0.267578 0.767578
vt 0.482422 0.767578
vt 0.482422 0.982422
vt 0.267578 0.767578
vt 0.482422 0.767578
vt 0.482422 0.982422
vt 0.267578 0.767578
vt 0.482422 0.767578
vt 0.482422 0.982422
vt 0.267578 0.982422
vt 0.267578 0.767578
vt 0.482422 0.767578
vt 0.482422 0.982422
vt 0.267578 0.767578
vt 0.482422 0.767578
vt 0.482422 0.982422
vt 0.267578 0.767578
vt 0.482422 0.767578
vt 0.482422 0.982422
vt 0.267578 0.982422
vt 0.267578 0.767578
vt 0.482422 0.767578
vt 0.482422 0.982422
vt 0.267578 0.767578
vt 0.482422 0.767578
vt 0.482422 0.982422
vt 0.267578 0.767578
vt 0.482422 0.767578
vt 0.482422 0.982422
vt 0.267578 0.982422
vt 0.267578 0.767578
vt 0.482422 0.767578
vt 0.482422 0.982422
vt 0.267578 0.767578
vt 0.482422 0.767578
vt 0.482422 0.982422
vt 0.267578 0.767578
vt 0.482422 0.767578
vt 0.482422 0.982422
vt 0.267578 0.982422
vt 0.267578 0.767578
vt 0.482422 0.767578
vt 0.482422 0.982422
vt 0.267578 0.767578
vt 0.482422 0.767578
vt 0.482422 0.982422
vt 0.267578 0.767578
vt 0.482422 0.767578
vt 0.482422 0.982422
vt 0.267578 0.982422
vt 0.267578 0.767578
vt 0.482422 0.767578
vt 0.482422 0.982422
vt 0.267578 0.982422
vt 0.267578 0.767578
vt 0.482422 0.767578
vt 0.482422 0.982422
vt 0.267578 0.982422
vt 0.267578 0.767578
vt 0.482422 0.767578
vt 0.482422 0.982422
vt 0.267578 0.982422
vt 0.267578 0.767578
vt 0.482422 0.767578
vt 0.482422 0.982422
vt 0.267578 0.982422
vt 0.267578 0.767578
vt 0.482422 0.767578
vt 0.482422 0.982422
vt 0.267578 0.982422
vt 0.267578 0.767578
vt 0.482422 0.767578
vt 0.482422 0.982422
vt 0.267578 0.982422
vt 0.267578 0.767578
vt 0.482422 0.767578
vt 0.482422 0.982422
vt 0.267578 0.982422
vt 0.267578 0.767578
vt 0.482422 0.767578
vt 0.482422 0.982422
vt 0.267578 0.982422
vt 0.267578 0.767578
vt 0.482422 0.767578
vt 0.482422 0.982422
vt 0.267578 0.982422
vt 0.267578 0.767578
vt 0.482422 0.767578
vt 0.482422 0.982422
vt 0.267578 0.982422
vt 0.267578 0.767578
vt 0.482422 0.767578
vt 0.482422 0.982422
vt 0.267578 0.982422
vt 0.267578 0.767578
vt 0.482422 0.767578
vt 0.482422 0.982422
vt 0.267578 0.982422
vt 0.267578 0.767578
vt 0.482422 0.767578
vt 0.482422 0.982422
vt 0.267578 0.982422
vt 0.267578 0.767578
vt 0.482422 0.767578
vt 0.482422 0.982422
vt 0.267578 0.982422
vt 0.267578 0.767578
vt 0.482422 0.767578
vt 0.482422 0.982422
vt 0.267578 0.982422
vt 0.267578 0.767578
vt 0.482422 0.767578
vt 0.482422 0.982422
vt 0.267578 0.982422
vt 0.267578 0.767578
vt 0.482422 0.767578
vt 0.482422 0.982422
vt 0.267578 0.982422
vt 0.267578 0.767578
vt 0.482422 0.767578
vt 0.482422 0.982422
vt 0.267578 0.982422
vt 0.267578 0.767578
vt 0.482422 0.767578
vt 0.482422 0.982422
vt 0.267578 0.982422
vt 0.267578 0.767578
vt 0.482422 0.767578
vt 0.482422 0.982422
vt 0.267578 0.982422
vt 0.267578 0.767578
vt 0.482422 0.767578
vt 0.482422 0.982422
vt 0.267578 0.982422
vt 0.267578 0.767578
vt 0.482422 0.767578
vt 0.482422 0.982422
vt 0.267578 0.982422
vt 0.267578 0.767578
vt 0.482422 0.767578
vt 0.482422 0.982422
vt 0.267578 0.982422
vt 0.517578 0.767578
vt 0.732422 0.767578
vt 0.732422 0.982422
vt 0.517578 0.982422
vt 0.517578 0.767578
vt 0.732422 0.767578
vt 0.732422 0.982422
vt 0.517578 0.982422
vt 0.517578 0.767578
vt 0.732422 0.767578
vt 0.732422 0.982422
vt 0.517578 0.982422
vt 0.517578 0.767578
vt 0.732422 0.767578
vt 0.732422 0.982422
vt 0.517578 0.982422
vt 0.517578 0.767578
vt 0.732422 0.767578
vt 0.732422 0.982422
vt 0.517578 0.982422
vt 0.517578 0.767578
vt 0.732422 0.767578
vt 0.732422 0.982422
vt 0.517578 0.982422
vt 0.517578 0.767578
vt 0.732422 0.767578
vt 0.732422 0.982422
vt 0.517578 0.982422
vt 0.517578 0.767578
vt 0.732422 0.767578
vt 0.732422 0.982422
vt 0.517578 0.982422
vt 0.517578 0.767578
vt 0.732422 0.767578
vt 0.732422 0.982422
vt 0.517578 0.982422
vt 0.517578 0.767578
vt 0.732422 0.767578
vt 0.732422 0.982422
vt 0.517578 0.982422
vt 0.517578 0.767578
vt 0.732422 0.767578
vt 0.732422 0.982422
vt 0.517578 0.982422
vt 0.517578 0.767578
vt 0.732422 0.767578
vt 0.732422 0.982422
vt 0.517578 0.982422
vt 0.267578 0.767578
vt 0.482422 0.767578
vt 0.482422 0.982422
vt 0.267578 0.982422
vt 0.267578 0.767578
vt 0.482422 0.767578
vt 0.482422 0.982422
vt 0.267578 0.982422
vt 0.267578 0.767578
vt 0.482422 0.767578
vt 0.482422 0.982422
vt 0.267578 0.982422
vt 0.267578 0.767578
vt 0.482422 0.767578
vt 0.482422 0.982422
vt 0.267578 0.982422
vt 0.267578 0.767578
vt 0.482422 0.767578
vt 0.482422 0.982422
vt 0.267578 0.982422
vt 0.267578 0.767578
vt 0.482422 0.767578
vt 0.482422 0.982422
vt 0.267578 0.982422
vt 0.267578 0.767578
vt 0.482422 0.767578
vt 0.482422 0.982422
vt 0.267578 0.982422
vt 0.267578 0.767578
vt 0.482422 0.767578
vt 0.482422 0.982422
vt 0.267578 0.982422
vt 0.267578 0.767578
vt 0.482422 0.767578
vt 0.482422 0.982422
vt 0.267578 0.982422
vt 0.267578 0.767578
vt 0.482422 0.767578
vt 0.482422 0.982422
vt 0.267578 0.982422
vt 0.267578 0.767578
vt 0.482422 0.767578
vt 0.482422 0.982422
vt 0.267578 0.982422
vt 0.267578 0.767578
vt 0.482422 0.767578
vt 0.482422 0.982422
vt 0.267578 0.982422
vt 0.267578 0.767578
vt 0.482422 0.767578
vt 0.482422 0.982422
vt 0.267578 0.982422
vt 0.267578 0.767578
vt 0.482422 0.767578
vt 0.482422 0.982422
vt 0.267578 0.982422
vt 0.267578 0.767578
vt 0.482422 0.767578
vt 0.482422 0.982422
vt 0.267578 0.982422
vt 0.267578 0.767578
vt 0.482422 0.767578
vt 0.482422 0.982422
vt 0.267578 0.982422
vt 0.267578 0.767578
vt 0.482422 0.767578
vt 0.482422 0.982422
vt 0.267578 0.982422
vt 0.267578 0.767578
vt 0.482422 0.767578
vt 0.482422 0.982422
vt 0.267578 0.982422
vt 0.267578 0.767578
vt 0.482422 0.767578
vt 0.482422 0.982422
vt 0.267578 0.982422
vt 0.267578 0.767578
vt 0.482422 0.767578
vt 0.482422 0.982422
vt 0.267578 0.982422
vt 0.267578 0.767578
vt 0.482422 0.767578
vt 0.482422 0.982422
vt 0.267578 0.982422
vt 0.267578 0.767578
vt 0.482422 0.767578
vt 0.482422 0.982422
vt 0.267578 0.982422
vt 0.267578 0.767578
vt 0.482422 0.767578
vt 0.482422 0.982422
vt 0.267578 0.982422
vt 0.267578 0.767578
vt 0.482422 0.767578
vt 0.482422 0.982422
vt 0.267578 0.982422
vt 0.517578 0.767578
vt 0.732422 0.767578
vt 0.732422 0.982422
vt 0.517578 0.982422
vt 0.517578 0.767578
vt 0.732422 0.767578
vt 0.732422 0.982422
vt 0.517578 0.982422
vt 0.517578 0.767578
vt 0.732422 0.767578
vt 0.732422 0.982422
vt 0.517578 0.982422
vt 0.517578 0.767578
vt 0.732422 0.767578
vt 0.732422 0.982422
vt 0.517578 0.982422
vt 0.517578 0.767578
vt 0.732422 0.767578
vt 0.732422 0.982422
vt 0.517578 0.982422
vt 0.517578 0.767578
vt 0.732422 0.767578
vt 0.732422 0.982422
vt 0.517578 0.982422
vt 0.517578 0.767578
vt 0.732422 0.767578
vt 0.732422 0.982422
vt 0.517578 0.982422
vt 0.517578 0.767578
vt 0.732422 0.767578
vt 0.732422 0.982422
vt 0.517578 0.982422
vt 0.517578 0.767578
vt 0.732422 0.767578
vt 0.732422 0.982422
vt 0.517578 0.982422
vt 0.517578 0.767578
vt 0.732422 0.767578
vt 0.732422 0.982422
vt 0.517578 0.982422
vt 0.517578 0.767578
vt 0.732422 0.767578
vt 0.732422 0.982422
vt 0.517578 0.982422
vt 0.517578 0.767578
vt 0.732422 0.767578
vt 0.732422 0.982422
vt 0.517578 0.982422
vt 0.517578 0.267578
vt 0.732422 0.267578
vt 0.732422 0.482422
vt 0.517578 0.482422
vt 0.517578 0.267578
vt 0.732422 0.267578
vt 0.732422 0.482422
vt 0.517578 0.267578
vt 0.732422 0.267578
vt 0.732422 0.482422
vt 0.517578 0.267578
vt 0.732422 0.267578
vt 0.732422 0.482422
vt 0.517578 0.482422
vt 0.517578 0.267578
vt 0.732422 0.267578
vt 0.732422 0.482422
vt 0.517578 0.267578
vt 0.732422 0.267578
vt 0.732422 0.482422
vt 0.517578 0.267578
vt 0.732422 0.267578
vt 0.732422 0.482422
vt 0.517578 0.482422
vt 0.517578 0.267578
vt 0.732422 0.267578
vt 0.732422 0.482422
vt 0.517578 0.267578
vt 0.732422 0.267578
vt 0.732422 0.482422
vt 0.517578 0.267578
vt 0.732422 0.267578
vt 0.732422 0.482422
vt 0.517578 0.482422
vt 0.517578 0.267578
vt 0.732422 0.267578
vt 0.732422 0.482422
vt 0.517578 0.267578
vt 0.732422 0.267578
vt 0.732422 0.482422
vt 0.517578 0.267578
vt 0.732422 0.267578
vt 0.732422 0.482422
vt 0.517578 0.482422
vt 0.517578 0.267578
vt 0.732422 0.267578
vt 0.732422 0.482422
vt 0.517578 0.267578
vt 0.732422 0.267578
vt 0.732422 0.482422
vt 0.517578 0.267578
vt 0.732422 0.267578
vt 0.732422 0.482422
vt 0.517578 0.482422
vt 0.517578 0.267578
vt 0.732422 0.267578
vt 0.732422 0.482422
vt 0.517578 0.267578
vt 0.732422 0.267578
vt 0.732422 0.482422
vt 0.517578 0.267578
vt 0.732422 0.267578
vt 0.732422 0.482422
vt 0.517578 0.482422
vt 0.517578 0.267578
vt 0.732422 0.267578
vt 0.732422 0.482422
vt 0.517578 0.267578
vt 0.732422 0.267578
vt 0.732422 0.482422
vt 0.517578 0.267578
vt 0.732422 0.267578
vt 0.732422 0.482422
vt 0.517578 0.482422
vt 0.517578 0.267578
vt 0.732422 0.267578
vt 0.732422 0.482422
vt 0.517578 0.267578
vt 0.732422 0.267578
vt 0.732422 0.482422
vt 0.517578 0.767578
vt 0.732422 0.767578
vt 0.732422 0.982422
vt 0.517578 0.982422
vt 0.517578 0.767578
vt 0.732422 0.767578
vt 0.732422 0.982422
vt 0.517578 0.982422
vt 0.517578 0.767578
vt 0.732422 0.767578
vt 0.732422 0.982422
vt 0.517578 0.982422
vt 0.517578 0.767578
vt 0.732422 0.767578
vt 0.732422 0.982422
vt 0.517578 0.982422
vt 0.517578 0.767578
vt 0.732422 0.767578
vt 0.732422 0.982422
vt 0.517578 0.982422
vt 0.517578 0.767578
vt 0.732422 0.767578
vt 0.732422 0.982422
vt 0.517578 0.982422
vt 0.267578 0.517578
vt 0.482422 0.517578
vt 0.482422 0.732422
vt 0.267578 0.732422
vt 0.267578 0.517578
vt 0.482422 0.517578
vt 0.482422 0.732422
vt 0.267578 0.732422
vt 0.267578 0.517578
vt 0.482422 0.517578
vt 0.482422 0.732422
vt 0.267578 0.732422
vt 0.267578 0.517578
vt 0.482422 0.517578
vt 0.482422 0.732422
vt 0.267578 0.732422
vt 0.267578 0.517578
vt 0.482422 0.517578
vt 0.482422 0.732422
vt 0.267578 0.732422
vt 0.267578 0.517578
vt 0.482422 0.517578
vt 0.482422 0.732422
vt 0.267578 0.732422
vt 0.767578 0.267578
vt 0.982422 0.267578
vt 0.982422 0.482422
vt 0.767578 0.482422
vt 0.767578 0.267578
vt 0.982422 0.267578
vt 0.982422 0.482422
vt 0.767578 0.482422
vt 0.767578 0.267578
vt 0.982422 0.267578
vt 0.982422 0.482422
vt 0.767578 0.482422
vt 0.767578 0.267578
vt 0.982422 0.267578
vt 0.982422 0.482422
vt 0.767578 0.482422
vt 0.767578 0.267578
vt 0.982422 0.267578
vt 0.982422 0.482422
vt 0.767578 0.482422
vt 0.767578 0.267578
vt 0.982422 0.267578
vt 0.982422 0.482422
vt 0.767578 0.482422
vt 0.017578 0.517578
vt 0.232422 0.517578
vt 0.232422 0.732422
vt 0.017578 0.732422
vt 0.017578 0.517578
vt 0.232422 0.517578
vt 0.232422 0.732422
vt 0.017578 0.732422
vt 0.017578 0.517578
vt 0.232422 0.517578
vt 0.232422 0.732422
vt 0.017578 0.732422
vt 0.017578 0.517578
vt 0.232422 0.517578
vt 0.232422 0.732422
vt 0.017578 0.732422
vt 0.017578 0.517578
vt 0.232422 0.517578
vt 0.232422 0.732422
vt 0.017578 0.732422
vt 0.017578 0.517578
vt 0.232422 0.517578
vt 0.232422 0.732422
vt 0.017578 0.732422
vt 0.767578 0.267578
vt 0.982422 0.267578
vt 0.982422 0.482422
vt 0.767578 0.482422
vt 0.767578 0.267578
vt 0.982422 0.267578
vt 0.982422 0.482422
vt 0.767578 0.482422
vt 0.767578 0.267578
vt 0.982422 0.267578
vt 0.982422 0.482422
vt 0.767578 0.482422
vt 0.767578 0.267578
vt 0.982422 0.267578
vt 0.982422 0.482422
vt 0.767578 0.482422
vt 0.767578 0.267578
vt 0.982422 0.267578
vt 0.982422 0.482422
vt 0.767578 0.482422
vt 0.767578 0.267578
vt 0.982422 0.267578
vt 0.982422 0.482422
vt 0.767578 0.482422
vt 0.017578 0.767578
vt 0.232422 0.767578
vt 0.232422 0.982422
vt 0.017578 0.982422
vt 0.017578 0.767578
vt 0.232422 0.767578
vt 0.232422 0.982422
vt 0.017578 0.982422
vt 0.017578 0.767578
vt 0.232422 0.767578
vt 0.232422 0.982422
vt 0.017578 0.982422
vt 0.017578 0.767578
vt 0.232422 0.767578
vt 0.232422 0.982422
vt 0.017578 0.982422
vt 0.017578 0.767578
vt 0.232422 0.767578
vt 0.232422 0.982422
vt 0.017578 0.982422
vt 0.017578 0.767578
vt 0.232422 0.767578
vt 0.232422 0.982422
vt 0.017578 0.982422
vt 0.767578 0.767578
vt 0.982422 0.767578
vt 0.982422 0.982422
vt 0.767578 0.982422
vt 0.767578 0.767578
vt 0.982422 0.767578
vt 0.982422 0.982422
vt 0.767578 0.982422
vt 0.767578 0.767578
vt 0.982422 0.767578
vt 0.982422 0.982422
vt 0.767578 0.982422
vt 0.767578 0.767578
vt 0.982422 0.767578
vt 0.982422 0.982422
vt 0.767578 0.982422
vt 0.767578 0.767578
vt 0.982422 0.767578
vt 0.982422 0.982422
vt 0.767578 0.982422
vt 0.767578 0.767578
vt 0.982422 0.767578
vt 0.982422 0.982422
vt 0.767578 0.982422
vt 0.767578 0.267578
vt 0.982422 0.267578
vt 0.982422 0.482422
vt 0.767578 0.482422
vt 0.767578 0.267578
vt 0.982422 0.267578
vt 0.982422 0.482422
vt 0.767578 0.482422
vt 0.767578 0.267578
vt 0.982422 0.267578
vt 0.982422 0.482422
vt 0.767578 0.482422
vt 0.767578 0.267578
vt 0.982422 0.267578
vt 0.982422 0.482422
vt 0.767578 0.482422
vt 0.767578 0.267578
vt 0.982422 0.267578
vt 0.982422 0.482422
vt 0.767578 0.482422
vt 0.767578 0.267578
vt 0.982422 0.267578
vt 0.982422 0.482422
vt 0.767578 0.482422
vt 0.017578 0.767578
vt 0.232422 0.767578
vt 0.232422 0.982422
vt 0.017578 0.982422
vt 0.017578 0.767578
vt 0.232422 0.767578
vt 0.232422 0.982422
vt 0.017578 0.982422
vt 0.017578 0.767578
vt 0.232422 0.767578
vt 0.232422 0.982422
vt 0.017578 0.982422
vt 0.017578 0.767578
vt 0.232422 0.767578
vt 0.232422 0.982422
vt 0.017578 0.982422
vt 0.017578 0.767578
vt 0.232422 0.767578
vt 0.232422 0.982422
vt 0.017578 0.982422
vt 0.017578 0.767578
vt 0.232422 0.767578
vt 0.232422 0.982422
vt 0.017578 0.982422
vt 0.767578 0.767578
vt 0.982422 0.767578
vt 0.982422 0.982422
vt 0.767578 0.982422
vt 0.767578 0.767578
vt 0.982422 0.767578
vt 0.982422 0.982422
vt 0.767578 0.982422
vt 0.767578 0.767578
vt 0.982422 0.767578
vt 0.982422 0.982422
vt 0.767578 0.982422
vt 0.767578 0.767578
vt 0.982422 0.767578
vt 0.982422 0.982422
vt 0.767578 0.982422
vt 0.767578 0.767578
vt 0.982422 0.767578
vt 0.982422 0.982422
vt 0.767578 0.982422
vt 0.767578 0.767578
vt 0.982422 0.767578
vt 0.982422 0.982422
vt 0.767578 0.982422
vt 0.767578 0.267578
vt 0.982422 0.267578
vt 0.982422 0.482422
vt 0.767578 0.482422
vt 0.767578 0.267578
vt 0.982422 0.267578
vt 0.982422 0.482422
vt 0.767578 0.482422
vt 0.767578 0.267578
vt 0.982422 0.267578
vt 0.982422 0.482422
vt 0.767578 0.482422
vt 0.767578 0.267578
vt 0.982422 0.267578
vt 0.982422 0.482422
vt 0.767578 0.482422
vt 0.767578 0.267578
vt 0.982422 0.267578
vt 0.982422 0.482422
vt 0.767578 0.482422
vt 0.767578 0.267578
vt 0.982422 0.267578
vt 0.982422 0.482422
vt 0.767578 0.482422
vt 0.017578 0.767578
vt 0.232422 0.767578
vt 0.232422 0.982422
vt 0.017578 0.982422
vt 0.017578 0.767578
vt 0.232422 0.767578
vt 0.232422 0.982422
vt 0.017578 0.982422
vt 0.017578 0.767578
vt 0.232422 0.767578
vt 0.232422 0.982422
vt 0.017578 0.982422
vt 0.017578 0.767578
vt 0.232422 0.767578
vt 0.232422 0.982422
vt 0.017578 0.982422
vt 0.017578 0.767578
vt 0.232422 0.767578
vt 0.232422 0.982422
vt 0.017578 0.982422
vt 0.017578 0.767578
vt 0.232422 0.767578
vt 0.232422 0.982422
vt 0.017578 0.982422
vt 0.767578 0.767578
vt 0.982422 0.767578
vt 0.982422 0.982422
vt 0.767578 0.982422
vt 0.767578 0.767578
vt 0.982422 0.767578
vt 0.982422 0.982422
vt 0.767578 0.982422
vt 0.767578 0.767578
vt 0.982422 0.767578
vt 0.982422 0.982422
vt 0.767578 0.982422
vt 0.767578 0.767578
vt 0.982422 0.767578
vt 0.982422 0.982422
vt 0.767578 0.982422
vt 0.767578 0.767578
vt 0.982422 0.767578
vt 0.982422 0.982422
vt 0.767578 0.982422
vt 0.767578 0.767578
vt 0.982422 0.767578
vt 0.982422 0.982422
vt 0.767578 0.982422
vt 0.267578 0.267578
vt 0.482422 0.267578
vt 0.482422 0.482422
vt 0.267578 0.482422
vt 0.267578 0.267578
vt 0.482422 0.267578
vt 0.482422 0.482422
vt 0.267578 0.482422
vt 0.267578 0.267578
vt 0.482422 0.267578
vt 0.482422 0.482422
vt 0.267578 0.482422
vt 0.267578 0.267578
vt 0.482422 0.267578
vt 0.482422 0.482422
vt 0.267578 0.482422
vt 0.267578 0.267578
vt 0.482422 0.267578
vt 0.482422 0.482422
vt 0.267578 0.482422
vt 0.267578 0.267578
vt 0.482422 0.267578
vt 0.482422 0.482422
vt 0.267578 0.482422
vn 0.00000000 0.00000000 -1.00000000
vn 0.00000000 0.00000000 1.00000000
vn -1.00000000 0.00000000 0.00000000
vn 1.00000000 0.00000000 0.00000000
vn 0.00000000 -1.00000000 0.00000000
vn 0.00000000 1.00000000 0.00000000
vn 0.00000000 0.00000000 -1.00000000
vn 0.00000000 0.00000000 1.00000000
vn -1.00000000 0.00000000 0.00000000
vn 1.00000000 0.00000000 0.00000000
vn 0.00000000 -1.00000000 0.00000000
vn 0.00000000 1.00000000 0.00000000
vn 0.00000000 0.00000000 -1.00000000
vn 0.00000000 0.00000000 1.00000000
vn -1.00000000 0.00000000 0.00000000
vn 1.00000000 0.00000000 0.00000000
vn 0.00000000 -1.00000000 0.00000000
vn 0.00000000 1.00000000 0.00000000
vn 0.00000000 0.00000000 -1.00000000
vn 0.00000000 0.00000000 1.00000000
vn -1.00000000 0.00000000 0.00000000
vn 1.00000000 0.00000000 0.00000000
vn 0.00000000 -1.00000000 0.00000000
vn 0.00000000 1.00000000 0.00000000
vn 0.00000000 0.00000000 -1.00000000
vn 0.00000000 0.00000000 1.00000000
vn -1.00000000 0.00000000 0.00000000
vn 1.00000000 0.00000000 0.00000000
vn 0.00000000 -1.00000000 0.00000000
vn 0.00000000 1.00000000 0.00000000
vn 0.00000000 0.00000000 -1.00000000
vn 0.00000000 0.00000000 1.00000000
vn -1.00000000 0.00000000 0.00000000
vn 1.00000000 0.00000000 0.00000000
vn 0.00000000 -1.00000000 0.00000000
vn 0.00000000 1.00000000 0.00000000
vn 0.00000000 0.00000000 -1.00000000
vn 0.00000000 0.00000000 1.00000000
vn -1.00000000 0.00000000 0.00000000
vn 1.00000000 0.00000000 0.00000000
vn 0.00000000 -1.00000000 0.00000000
vn 0.00000000 1.00000000 0.00000000
vn 0.00000000 0.00000000 -1.00000000
vn 0.00000000 0.00000000 1.00000000
vn -1.00000000 0.00000000 0.00000000
vn 1.00000000 0.00000000 0.00000000
vn 0.00000000 -1.00000000 0.00000000
vn 0.00000000 1.00000000 0.00000000
vn 0.00000000 0.00000000 -1.00000000
vn 0.00000000 0.00000000 1.00000000
vn -1.00000000 0.00000000 0.00000000
vn 1.00000000 0.00000000 0.00000000
vn 0.00000000 -1.00000000 0.00000000
vn 0.00000000 1.00000000 0.00000000
vn 0.00000000 0.00000000 -1.00000000
vn 0.00000000 0.00000000 1.00000000
vn -1.00000000 0.00000000 0.00000000
vn 1.00000000 0.00000000 0.00000000
vn 0.00000000 -1.00000000 0.00000000
vn 0.00000000 1.00000000 0.00000000
vn 0.00000000 0.00000000 -1.00000000
vn 0.00000000 0.00000000 1.00000000
vn -1.00000000 0.00000000 0.00000000
vn 1.00000000 0.00000000 0.00000000
vn 0.00000000 -1.00000000 0.00000000
vn 0.00000000 1.00000000 0.00000000
vn 0.00000000 0.00000000 -1.00000000
vn 0.00000000 0.00000000 1.00000000
vn -1.00000000 0.00000000 0.00000000
vn 1.00000000 0.00000000 0.00000000
vn 0.00000000 -1.00000000 0.00000000
vn 0.00000000 1.00000000 0.00000000
vn 0.00000000 0.00000000 -1.00000000
vn 0.00000000 0.00000000 1.00000000
vn -1.00000000 0.00000000 0.00000000
vn 1.00000000 0.00000000 0.00000000
vn 0.00000000 -1.00000000 0.00000000
vn 0.00000000 1.00000000 0.00000000
vn 0.00000000 0.00000000 -1.00000000
vn 0.00000000 0.00000000 1.00000000
vn -1.00000000 0.00000000 0.00000000
vn 1.00000000 0.00000000 0.00000000
vn 0.00000000 -1.00000000 0.00000000
vn 0.00000000 1.00000000 0.00000000
vn 0.00000000 0.00000000 -1.00000000
vn 0.00000000 0.00000000 1.00000000
vn -1.00000000 0.00000000 0.00000000
vn 1.00000000 0.00000000 0.00000000
vn 0.00000000 -1.00000000 0.00000000
vn 0.00000000 1.00000000 0.00000000
vn 0.00000000 0.00000000 -1.00000000
vn 0.00000000 0.00000000 1.00000000
vn -1.00000000 0.00000000 0.00000000
vn 1.00000000 0.00000000 0.00000000
vn 0.00000000 -1.00000000 0.00000000
vn 0.00000000 1.00000000 0.00000000
vn 0.00000000 0.00000000 -1.00000000
vn 0.00000000 0.00000000 1.00000000
vn -1.00000000 0.00000000 0.00000000
vn 1.00000000 0.00000000 0.00000000
vn 0.00000000 -1.00000000 0.00000000
vn 0.00000000 1.00000000 0.00000000
vn 0.00000000 0.00000000 -1.00000000
vn 0.00000000 0.00000000 1.00000000
vn -1.00000000 0.00000000 0.00000000
vn 1.00000000 0.00000000 0.00000000
vn 0.00000000 -1.00000000 0.00000000
vn 0.00000000 1.00000000 0.00000000
vn 0.00000000 0.00000000 -1.00000000
vn 0.00000000 0.00000000 1.00000000
vn -1.00000000 0.00000000 0.00000000
vn 1.00000000 0.00000000 0.00000000
vn 0.00000000 -1.00000000 0.00000000
vn 0.00000000 1.00000000 0.00000000
vn 0.00000000 0.00000000 -1.00000000
vn 0.00000000 0.00000000 1.00000000
vn -1.00000000 0.00000000 0.00000000
vn 1.00000000 0.00000000 0.00000000
vn 0.00000000 -1.00000000 0.00000000
vn 0.00000000 1.00000000 0.00000000
vn 0.00000000 0.00000000 -1.00000000
vn 0.00000000 0.00000000 1.00000000
vn -1.00000000 0.00000000 0.00000000
vn 1.00000000 0.00000000 0.00000000
vn 0.00000000 -1.00000000 0.00000000
vn 0.00000000 1.00000000 0.00000000
vn 0.00000000 0.00000000 -1.00000000
vn 0.00000000 0.00000000 1.00000000
vn -1.00000000 0.00000000 0.00000000
vn 1.00000000 0.00000000 0.00000000
vn 0.00000000 -1.00000000 0.00000000
vn 0.00000000 1.00000000 0.00000000
vn 0.00000000 0.00000000 -1.00000000
vn 0.00000000 0.00000000 1.00000000
vn -1.00000000 0.00000000 0.00000000
vn 1.00000000 0.00000000 0.00000000
vn 0.00000000 -1.00000000 0.00000000
vn 0.00000000 1.00000000 0.00000000
vn 0.98078441 -0.00000000 0.19509470
vn 0.00000000 -1.00000000 0.00000000
vn 0.00000000 1.00000000 0.00000000
vn 0.83146935 -0.00000000 0.55557063
vn 0.00000000 -1.00000000 0.00000000
vn 0.00000000 1.00000000 0.00000000
vn 0.55557063 -0.00000000 0.83146935
vn 0.00000000 -1.00000000 0.00000000
vn 0.00000000 1.00000000 0.00000000
vn 0.19509470 -0.00000000 0.98078441
vn 0.00000000 -1.00000000 0.00000000
vn 0.00000000 1.00000000 0.00000000
vn -0.19509470 0.00000000 0.98078441
vn 0.00000000 -1.00000000 0.00000000
vn 0.00000000 1.00000000 -0.00000000
vn -0.55557063 0.00000000 0.83146935
vn 0.00000000 -1.00000000 0.00000000
vn 0.00000000 1.00000000 0.00000000
vn -0.83146935 0.00000000 0.55557063
vn 0.00000000 -1.00000000 0.00000000
vn 0.00000000 1.00000000 0.00000000
vn -0.98078441 0.00000000 0.19509470
vn 0.00000000 -1.00000000 0.00000000
vn 0.00000000 1.00000000 0.00000000
vn -0.98078441 0.00000000 -0.19509470
vn -0.00000000 -1.00000000 0.00000000
vn 0.00000000 1.00000000 0.00000000
vn -0.83146935 0.00000000 -0.55557063
vn 0.00000000 -1.00000000 0.00000000
vn 0.00000000 1.00000000 0.00000000
vn -0.55557063 0.00000000 -0.83146935
vn 0.00000000 -1.00000000 0.00000000
vn 0.00000000 1.00000000 0.00000000
vn -0.19509470 0.00000000 -0.98078441
vn 0.00000000 -1.00000000 -0.00000000
vn 0.00000000 1.00000000 0.00000000
vn 0.19509470 0.00000000 -0.98078441
vn 0.00000000 -1.00000000 0.00000000
vn 0.00000000 1.00000000 0.00000000
vn 0.55557063 0.00000000 -0.83146935
vn 0.00000000 -1.00000000 0.00000000
vn 0.00000000 1.00000000 0.00000000
vn 0.83146935 0.00000000 -0.55557063
vn 0.00000000 -1.00000000 0.00000000
vn 0.00000000 1.00000000 0.00000000
vn 0.98078441 0.00000000 -0.19509470
vn 0.00000000 -1.00000000 0.00000000
vn -0.00000000 1.00000000 0.00000000
vn 0.92388817 -0.00000000 0.38266258
vn 0.00000000 -1.00000000 0.00000000
vn 0.00000000 1.00000000 0.00000000
vn 0.38266258 -0.00000000 0.92388817
vn 0.00000000 -1.00000000 0.00000000
vn 0.00000000 1.00000000 0.00000000
vn -0.38266258 0.00000000 0.92388817
vn 0.00000000 -1.00000000 0.00000000
vn 0.00000000 1.00000000 -0.00000000
vn -0.92388817 0.00000000 0.38266258
vn 0.00000000 -1.00000000 0.00000000
vn 0.00000000 1.00000000 0.00000000
vn -0.92388817 0.00000000 -0.38266258
vn -0.00000000 -1.00000000 0.00000000
vn 0.00000000 1.00000000 0.00000000
vn -0.38266258 0.00000000 -0.92388817
vn 0.00000000 -1.00000000 -0.00000000
vn 0.00000000 1.00000000 0.00000000
vn 0.38266258 0.00000000 -0.92388817
vn 0.00000000 -1.00000000 0.00000000
vn 0.00000000 1.00000000 0.00000000
vn 0.92388817 0.00000000 -0.38266258
vn 0.00000000 -1.00000000 0.00000000
vn -0.00000000 1.00000000 0.00000000
vn 0.92388164 -0.00000000 0.38267836
vn 0.00000000 -1.00000000 0.00000000
vn 0.00000000 1.00000000 0.00000000
vn 0.38267836 -0.00000000 0.92388164
vn 0.00000000 -1.00000000 0.00000000
vn 0.00000000 1.00000000 0.00000000
vn -0.38267836 0.00000000 0.92388164
vn 0.00000000 -1.00000000 0.00000000
vn 0.00000000 1.00000000 -0.00000000
vn -0.92388164 0.00000000 0.38267836
vn 0.00000000 -1.00000000 0.00000000
vn 0.00000000 1.00000000 0.00000000
vn -0.92388164 0.00000000 -0.38267836
vn -0.00000000 -1.00000000 0.00000000
vn 0.00000000 1.00000000 0.00000000
vn -0.38267836 0.00000000 -0.92388164
vn 0.00000000 -1.00000000 -0.00000000
vn 0.00000000 1.00000000 0.00000000
vn 0.38267836 0.00000000 -0.92388164
vn 0.00000000 -1.00000000 0.00000000
vn 0.00000000 1.00000000 0.00000000
vn 0.92388164 0.00000000 -0.38267836
vn 0.00000000 -1.00000000 0.00000000
vn -0.00000000 1.00000000 0.00000000
vn 0.00000000 0.00000000 -1.00000000
vn 0.00000000 0.00000000 1.00000000
vn -1.00000000 0.00000000 0.00000000
vn 1.00000000 0.00000000 0.00000000
vn 0.00000000 -1.00000000 0.00000000
vn 0.00000000 1.00000000 0.00000000
vn 0.00000000 0.00000000 -1.00000000
vn 0.00000000 0.00000000 1.00000000
vn -1.00000000 0.00000000 0.00000000
vn 1.00000000 0.00000000 0.00000000
vn 0.00000000 -1.00000000 0.00000000
vn 0.00000000 1.00000000 0.00000000
vn 0.00000000 0.00000000 -1.00000000
vn 0.00000000 0.00000000 1.00000000
vn -1.00000000 0.00000000 0.00000000
vn 1.00000000 0.00000000 0.00000000
vn 0.00000000 -1.00000000 0.00000000
vn 0.00000000 1.00000000 0.00000000
vn 0.00000000 0.00000000 -1.00000000
vn 0.00000000 0.00000000 1.00000000
vn -1.00000000 0.00000000 0.00000000
vn 1.00000000 0.00000000 0.00000000
vn 0.00000000 -1.00000000 0.00000000
vn 0.00000000 1.00000000 0.00000000
vn 0.00000000 0.00000000 -1.00000000
vn 0.00000000 0.00000000 1.00000000
vn -1.00000000 0.00000000 0.00000000
vn 1.00000000 0.00000000 0.00000000
vn 0.00000000 -1.00000000 0.00000000
vn 0.00000000 1.00000000 0.00000000
vn 0.00000000 0.00000000 -1.00000000
vn 0.00000000 0.00000000 1.00000000
vn -1.00000000 0.00000000 0.00000000
vn 1.00000000 0.00000000 0.00000000
vn 0.00000000 -1.00000000 0.00000000
vn 0.00000000 1.00000000 0.00000000
vn 0.00000000 0.00000000 -1.00000000
vn 0.00000000 0.00000000 1.00000000
vn -1.00000000 0.00000000 0.00000000
vn 1.00000000 0.00000000 0.00000000
vn 0.00000000 -1.00000000 0.00000000
vn 0.00000000 1.00000000 0.00000000
vn 0.00000000 0.00000000 -1.00000000
vn 0.00000000 0.00000000 1.00000000
vn -1.00000000 0.00000000 0.00000000
vn 1.00000000 0.00000000 0.00000000
vn 0.00000000 -1.00000000 0.00000000
vn 0.00000000 1.00000000 0.00000000
vn 0.00000000 0.00000000 -1.00000000
vn 0.00000000 0.00000000 1.00000000
vn -1.00000000 0.00000000 0.00000000
vn 1.00000000 0.00000000 0.00000000
vn 0.00000000 -1.00000000 0.00000000
vn 0.00000000 1.00000000 0.00000000
vn 0.00000000 0.00000000 -1.00000000
vn 0.00000000 0.00000000 1.00000000
vn -1.00000000 0.00000000 0.00000000
vn 1.00000000 0.00000000 0.00000000
vn 0.00000000 -1.00000000 0.00000000
vn 0.00000000 1.00000000 0.00000000
vn 0.00000000 0.00000000 -1.00000000
vn 0.00000000 0.00000000 1.00000000
vn -1.00000000 0.00000000 0.00000000
vn 1.00000000 0.00000000 0.00000000
vn 0.00000000 -1.00000000 0.00000000
vn 0.00000000 1.00000000 0.00000000
vn 0.00000000 0.00000000 -1.00000000
vn 0.00000000 0.00000000 1.00000000
vn -1.00000000 0.00000000 0.00000000
vn 1.00000000 0.00000000 0.00000000
vn 0.00000000 -1.00000000 0.00000000
vn 0.00000000 1.00000000 0.00000000
vn 0.92386916 -0.00000000 0.38270847
vn 0.00000000 -1.00000000 0.00000000
vn 0.00000000 1.00000000 0.00000000
vn 0.38270847 -0.00000000 0.92386916
vn 0.00000000 -1.00000000 0.00000000
vn 0.00000000 1.00000000 0.00000000
vn -0.38270847 0.00000000 0.92386916
vn 0.00000000 -1.00000000 0.00000000
vn 0.00000000 1.00000000 -0.00000000
vn -0.92386916 0.00000000 0.38270847
vn 0.00000000 -1.00000000 0.00000000
vn 0.00000000 1.00000000 0.00000000
vn -0.92386916 0.00000000 -0.38270847
vn -0.00000000 -1.00000000 0.00000000
vn 0.00000000 1.00000000 0.00000000
vn -0.38270847 0.00000000 -0.92386916
vn 0.00000000 -1.00000000 -0.00000000
vn 0.00000000 1.00000000 0.00000000
vn 0.38270847 0.00000000 -0.92386916
vn 0.00000000 -1.00000000 0.00000000
vn 0.00000000 1.00000000 0.00000000
vn 0.92386916 0.00000000 -0.38270847
vn 0.00000000 -1.00000000 0.00000000
vn -0.00000000 1.00000000 0.00000000
vn 0.98078441 -0.00000000 0.19509470
vn 0.00000000 -1.00000000 0.00000000
vn 0.00000000 1.00000000 0.00000000
vn 0.83146935 -0.00000000 0.55557063
vn 0.00000000 -1.00000000 0.00000000
vn 0.00000000 1.00000000 0.00000000
vn 0.55557063 -0.00000000 0.83146935
vn 0.00000000 -1.00000000 0.00000000
vn 0.00000000 1.00000000 0.00000000
vn 0.19509470 -0.00000000 0.98078441
vn 0.00000000 -1.00000000 0.00000000
vn 0.00000000 1.00000000 0.00000000
vn -0.19509470 0.00000000 0.98078441
vn 0.00000000 -1.00000000 0.00000000
vn 0.00000000 1.00000000 -0.00000000
vn -0.55557063 0.00000000 0.83146935
vn 0.00000000 -1.00000000 0.00000000
vn 0.00000000 1.00000000 0.00000000
vn -0.83146935 0.00000000 0.55557063
vn 0.00000000 -1.00000000 0.00000000
vn 0.00000000 1.00000000 0.00000000
vn -0.98078441 0.00000000 0.19509470
vn 0.00000000 -1.00000000 0.00000000
vn 0.00000000 1.00000000 0.00000000
vn -0.98078441 0.00000000 -0.19509470
vn -0.00000000 -1.00000000 0.00000000
vn 0.00000000 1.00000000 0.00000000
vn -0.83146935 0.00000000 -0.55557063
vn 0.00000000 -1.00000000 0.00000000
vn 0.00000000 1.00000000 0.00000000
vn -0.55557063 0.00000000 -0.83146935
vn 0.00000000 -1.00000000 0.00000000
vn 0.00000000 1.00000000 0.00000000
vn -0.19509470 0.00000000 -0.98078441
vn 0.00000000 -1.00000000 -0.00000000
vn 0.00000000 1.00000000 0.00000000
vn 0.19509470 0.00000000 -0.98078441
vn 0.00000000 -1.00000000 0.00000000
vn 0.00000000 1.00000000 0.00000000
vn 0.55557063 0.00000000 -0.83146935
vn 0.00000000 -1.00000000 0.00000000
vn 0.00000000 1.00000000 0.00000000
vn 0.83146935 0.00000000 -0.55557063
vn 0.00000000 -1.00000000 0.00000000
vn 0.00000000 1.00000000 0.00000000
vn 0.98078441 0.00000000 -0.19509470
vn 0.00000000 -1.00000000 0.00000000
vn -0.00000000 1.00000000 0.00000000
vn 0.92388817 -0.00000000 0.38266258
vn 0.00000000 -1.00000000 0.00000000
vn 0.00000000 1.00000000 0.00000000
vn 0.38266258 -0.00000000 0.92388817
vn 0.00000000 -1.00000000 0.00000000
vn 0.00000000 1.00000000 0.00000000
vn -0.38266258 0.00000000 0.92388817
vn 0.00000000 -1.00000000 0.00000000
vn 0.00000000 1.00000000 -0.00000000
vn -0.92388817 0.00000000 0.38266258
vn 0.00000000 -1.00000000 0.00000000
vn 0.00000000 1.00000000 0.00000000
vn -0.92388817 0.00000000 -0.38266258
vn -0.00000000 -1.00000000 0.00000000
vn 0.00000000 1.00000000 0.00000000
vn -0.38266258 0.00000000 -0.92388817
vn 0.00000000 -1.00000000 -0.00000000
vn 0.00000000 1.00000000 0.00000000
vn 0.38266258 0.00000000 -0.92388817
vn 0.00000000 -1.00000000 0.00000000
vn 0.00000000 1.00000000 0.00000000
vn 0.92388817 0.00000000 -0.38266258
vn 0.00000000 -1.00000000 0.00000000
vn -0.00000000 1.00000000 0.00000000
vn 0.92388164 -0.00000000 0.38267836
vn 0.00000000 -1.00000000 0.00000000
vn 0.00000000 1.00000000 0.00000000
vn 0.38267836 -0.00000000 0.92388164
vn 0.00000000 -1.00000000 0.00000000
vn 0.00000000 1.00000000 0.00000000
vn -0.38267836 0.00000000 0.92388164
vn 0.00000000 -1.00000000 0.00000000
vn 0.00000000 1.00000000 -0.00000000
vn -0.92388164 0.00000000 0.38267836
vn 0.00000000 -1.00000000 0.00000000
vn 0.00000000 1.00000000 0.00000000
vn -0.92388164 0.00000000 -0.38267836
vn -0.00000000 -1.00000000 0.00000000
vn 0.00000000 1.00000000 0.00000000
vn -0.38267836 0.00000000 -0.92388164
vn 0.00000000 -1.00000000 -0.00000000
vn 0.00000000 1.00000000 0.00000000
vn 0.38267836 0.00000000 -0.92388164
vn 0.00000000 -1.00000000 0.00000000
vn 0.00000000 1.00000000 0.00000000
vn 0.92388164 0.00000000 -0.38267836
vn 0.00000000 -1.00000000 0.00000000
vn -0.00000000 1.00000000 0.00000000
vn 0.00000000 0.00000000 -1.00000000
vn 0.00000000 0.00000000 1.00000000
vn -1.00000000 0.00000000 0.00000000
vn 1.00000000 0.00000000 0.00000000
vn 0.00000000 -1.00000000 0.00000000
vn 0.00000000 1.00000000 0.00000000
vn 0.00000000 0.00000000 -1.00000000
vn 0.00000000 0.00000000 1.00000000
vn -1.00000000 0.00000000 0.00000000
vn 1.00000000 0.00000000 0.00000000
vn 0.00000000 -1.00000000 0.00000000
vn 0.00000000 1.00000000 0.00000000
vn 0.00000000 0.00000000 -1.00000000
vn 0.00000000 0.00000000 1.00000000
vn -1.00000000 0.00000000 0.00000000
vn 1.00000000 0.00000000 0.00000000
vn 0.00000000 -1.00000000 0.00000000
vn 0.00000000 1.00000000 0.00000000
vn 0.00000000 0.00000000 -1.00000000
vn 0.00000000 0.00000000 1.00000000
vn -1.00000000 0.00000000 0.00000000
vn 1.00000000 0.00000000 0.00000000
vn 0.00000000 -1.00000000 0.00000000
vn 0.00000000 1.00000000 0.00000000
vn 0.00000000 0.00000000 -1.00000000
vn 0.00000000 0.00000000 1.00000000
vn -1.00000000 0.00000000 0.00000000
vn 1.00000000 0.00000000 0.00000000
vn 0.00000000 -1.00000000 0.00000000
vn 0.00000000 1.00000000 0.00000000
vn 0.00000000 0.00000000 -1.00000000
vn 0.00000000 0.00000000 1.00000000
vn -1.00000000 0.00000000 0.00000000
vn 1.00000000 0.00000000 0.00000000
vn 0.00000000 -1.00000000 0.00000000
vn 0.00000000 1.00000000 0.00000000
vn 0.00000000 0.00000000 -1.00000000
vn 0.00000000 0.00000000 1.00000000
vn -1.00000000 0.00000000 0.00000000
vn 1.00000000 0.00000000 0.00000000
vn 0.00000000 -1.00000000 0.00000000
vn 0.00000000 1.00000000 0.00000000
vn 0.00000000 0.00000000 -1.00000000
vn 0.00000000 0.00000000 1.00000000
vn -1.00000000 0.00000000 0.00000000
vn 1.00000000 0.00000000 0.00000000
vn 0.00000000 -1.00000000 0.00000000
vn 0.00000000 1.00000000 0.00000000
vn 0.00000000 0.00000000 -1.00000000
vn 0.00000000 0.00000000 1.00000000
vn -1.00000000 0.00000000 0.00000000
vn 1.00000000 0.00000000 0.00000000
vn 0.00000000 -1.00000000 0.00000000
vn 0.00000000 1.00000000 0.00000000
vn 0.00000000 0.00000000 -1.00000000
vn 0.00000000 0.00000000 1.00000000
vn -1.00000000 0.00000000 0.00000000
vn 1.00000000 0.00000000 0.00000000
vn 0.00000000 -1.00000000 0.00000000
vn 0.00000000 1.00000000 0.00000000
vn 0.00000000 0.00000000 -1.00000000
vn 0.00000000 0.00000000 1.00000000
vn -1.00000000 0.00000000 0.00000000
vn 1.00000000 0.00000000 0.00000000
vn 0.00000000 -1.00000000 0.00000000
vn 0.00000000 1.00000000 0.00000000
vn 0.00000000 0.00000000 -1.00000000
vn 0.00000000 0.00000000 1.00000000
vn -1.00000000 0.00000000 0.00000000
vn 1.00000000 0.00000000 0.00000000
vn 0.00000000 -1.00000000 0.00000000
vn 0.00000000 1.00000000 0.00000000
vn 0.92386916 -0.00000000 0.38270847
vn 0.00000000 -1.00000000 0.00000000
vn 0.00000000 1.00000000 0.00000000
vn 0.38270847 -0.00000000 0.92386916
vn 0.00000000 -1.00000000 0.00000000
vn 0.00000000 1.00000000 0.00000000
vn -0.38270847 0.00000000 0.92386916
vn 0.00000000 -1.00000000 0.00000000
vn 0.00000000 1.00000000 -0.00000000
vn -0.92386916 0.00000000 0.38270847
vn 0.00000000 -1.00000000 0.00000000
vn 0.00000000 1.00000000 0.00000000
vn -0.92386916 0.00000000 -0.38270847
vn -0.00000000 -1.00000000 0.00000000
vn 0.00000000 1.00000000 0.00000000
vn -0.38270847 0.00000000 -0.92386916
vn 0.00000000 -1.00000000 -0.00000000
vn 0.00000000 1.00000000 0.00000000
vn 0.38270847 0.00000000 -0.92386916
vn 0.00000000 -1.00000000 0.00000000
vn 0.00000000 1.00000000 0.00000000
vn 0.92386916 0.00000000 -0.38270847
vn 0.00000000 -1.00000000 0.00000000
vn -0.00000000 1.00000000 0.00000000
vn 0.98078441 -0.00000000 0.19509470
vn 0.00000000 -1.00000000 0.00000000
vn 0.00000000 1.00000000 0.00000000
vn 0.83146935 -0.00000000 0.55557063
vn 0.00000000 -1.00000000 0.00000000
vn 0.00000000 1.00000000 0.00000000
vn 0.55557063 -0.00000000 0.83146935
vn 0.00000000 -1.00000000 0.00000000
vn 0.00000000 1.00000000 0.00000000
vn 0.19509470 -0.00000000 0.98078441
vn 0.00000000 -1.00000000 0.00000000
vn 0.00000000 1.00000000 0.00000000
vn -0.19509470 0.00000000 0.98078441
vn 0.00000000 -1.00000000 0.00000000
vn 0.00000000 1.00000000 -0.00000000
vn -0.55557063 0.00000000 0.83146935
vn 0.00000000 -1.00000000 0.00000000
vn 0.00000000 1.00000000 0.00000000
vn -0.83146935 0.00000000 0.55557063
vn 0.00000000 -1.00000000 0.00000000
vn 0.00000000 1.00000000 0.00000000
vn -0.98078441 0.00000000 0.19509470
vn 0.00000000 -1.00000000 0.00000000
vn 0.00000000 1.00000000 0.00000000
vn -0.98078441 0.00000000 -0.19509470
vn -0.00000000 -1.00000000 0.00000000
vn 0.00000000 1.00000000 0.00000000
vn -0.83146935 0.00000000 -0.55557063
vn 0.00000000 -1.00000000 0.00000000
vn 0.00000000 1.00000000 0.00000000
vn -0.55557063 0.00000000 -0.83146935
vn 0.00000000 -1.00000000 0.00000000
vn 0.00000000 1.00000000 0.00000000
vn -0.19509470 0.00000000 -0.98078441
vn 0.00000000 -1.00000000 -0.00000000
vn 0.00000000 1.00000000 0.00000000
vn 0.19509470 0.00000000 -0.98078441
vn 0.00000000 -1.00000000 0.00000000
vn 0.00000000 1.00000000 0.00000000
vn 0.55557063 0.00000000 -0.83146935
vn 0.00000000 -1.00000000 0.00000000
vn 0.00000000 1.00000000 0.00000000
vn 0.83146935 0.00000000 -0.55557063
vn 0.00000000 -1.00000000 0.00000000
vn 0.00000000 1.00000000 0.00000000
vn 0.98078441 0.00000000 -0.19509470
vn 0.00000000 -1.00000000 0.00000000
vn -0.00000000 1.00000000 0.00000000
vn 0.92388817 -0.00000000 0.38266258
vn 0.00000000 -1.00000000 0.00000000
vn 0.00000000 1.00000000 0.00000000
vn 0.38266258 -0.00000000 0.92388817
vn 0.00000000 -1.00000000 0.00000000
vn 0.00000000 1.00000000 0.00000000
vn -0.38266258 0.00000000 0.92388817
vn 0.00000000 -1.00000000 0.00000000
vn 0.00000000 1.00000000 -0.00000000
vn -0.92388817 0.00000000 0.38266258
vn 0.00000000 -1.00000000 0.00000000
vn 0.00000000 1.00000000 0.00000000
vn -0.92388817 0.00000000 -0.38266258
vn -0.00000000 -1.00000000 0.00000000
vn 0.00000000 1.00000000 0.00000000
vn -0.38266258 0.00000000 -0.92388817
vn 0.00000000 -1.00000000 -0.00000000
vn 0.00000000 1.00000000 0.00000000
vn 0.38266258 0.00000000 -0.92388817
vn 0.00000000 -1.00000000 0.00000000
vn 0.00000000 1.00000000 0.00000000
vn 0.92388817 0.00000000 -0.38266258
vn 0.00000000 -1.00000000 0.00000000
vn -0.00000000 1.00000000 0.00000000
vn 0.92388164 -0.00000000 0.38267836
vn 0.00000000 -1.00000000 0.00000000
vn 0.00000000 1.00000000 0.00000000
vn 0.38267836 -0.00000000 0.92388164
vn 0.00000000 -1.00000000 0.00000000
vn 0.00000000 1.00000000 0.00000000
vn -0.38267836 0.00000000 0.92388164
vn 0.00000000 -1.00000000 0.00000000
vn 0.00000000 1.00000000 -0.00000000
vn -0.92388164 0.00000000 0.38267836
vn 0.00000000 -1.00000000 0.00000000
vn 0.00000000 1.00000000 0.00000000
vn -0.92388164 0.00000000 -0.38267836
vn -0.00000000 -1.00000000 0.00000000
vn 0.00000000 1.00000000 0.00000000
vn -0.38267836 0.00000000 -0.92388164
vn 0.00000000 -1.00000000 -0.00000000
vn 0.00000000 1.00000000 0.00000000
vn 0.38267836 0.00000000 -0.92388164
vn 0.00000000 -1.00000000 0.00000000
vn 0.00000000 1.00000000 0.00000000
vn 0.92388164 0.00000000 -0.38267836
vn 0.00000000 -1.00000000 0.00000000
vn -0.00000000 1.00000000 0.00000000
vn 0.00000000 0.00000000 -1.00000000
vn 0.00000000 0.00000000 1.00000000
vn -1.00000000 0.00000000 0.00000000
vn 1.00000000 0.00000000 0.00000000
vn 0.00000000 -1.00000000 0.00000000
vn 0.00000000 1.00000000 0.00000000
vn 0.00000000 0.00000000 -1.00000000
vn 0.00000000 0.00000000 1.00000000
vn -1.00000000 0.00000000 0.00000000
vn 1.00000000 0.00000000 0.00000000
vn 0.00000000 -1.00000000 0.00000000
vn 0.00000000 1.00000000 0.00000000
vn 0.00000000 0.00000000 -1.00000000
vn 0.00000000 0.00000000 1.00000000
vn -1.00000000 0.00000000 0.00000000
vn 1.00000000 0.00000000 0.00000000
vn 0.00000000 -1.00000000 0.00000000
vn 0.00000000 1.00000000 0.00000000
vn 0.00000000 0.00000000 -1.00000000
vn 0.00000000 0.00000000 1.00000000
vn -1.00000000 0.00000000 0.00000000
vn 1.00000000 0.00000000 0.00000000
vn 0.00000000 -1.00000000 0.00000000
vn 0.00000000 1.00000000 0.00000000
vn 0.00000000 0.00000000 -1.00000000
vn 0.00000000 0.00000000 1.00000000
vn -1.00000000 0.00000000 0.00000000
vn 1.00000000 0.00000000 0.00000000
vn 0.00000000 -1.00000000 0.00000000
vn 0.00000000 1.00000000 0.00000000
vn 0.00000000 0.00000000 -1.00000000
vn 0.00000000 0.00000000 1.00000000
vn -1.00000000 0.00000000 0.00000000
vn 1.00000000 0.00000000 0.00000000
vn 0.00000000 -1.00000000 0.00000000
vn 0.00000000 1.00000000 0.00000000
vn 0.00000000 0.00000000 -1.00000000
vn 0.00000000 0.00000000 1.00000000
vn -1.00000000 0.00000000 0.00000000
vn 1.00000000 0.00000000 0.00000000
vn 0.00000000 -1.00000000 0.00000000
vn 0.00000000 1.00000000 0.00000000
vn 0.00000000 0.00000000 -1.00000000
vn 0.00000000 0.00000000 1.00000000
vn -1.00000000 0.00000000 0.00000000
vn 1.00000000 0.00000000 0.00000000
vn 0.00000000 -1.00000000 0.00000000
vn 0.00000000 1.00000000 0.00000000
vn 0.00000000 0.00000000 -1.00000000
vn 0.00000000 0.00000000 1.00000000
vn -1.00000000 0.00000000 0.00000000
vn 1.00000000 0.00000000 0.00000000
vn 0.00000000 -1.00000000 0.00000000
vn 0.00000000 1.00000000 0.00000000
vn 0.00000000 0.00000000 -1.00000000
vn 0.00000000 0.00000000 1.00000000
vn -1.00000000 0.00000000 0.00000000
vn 1.00000000 0.00000000 0.00000000
vn 0.00000000 -1.00000000 0.00000000
vn 0.00000000 1.00000000 0.00000000
vn 0.00000000 0.00000000 -1.00000000
vn 0.00000000 0.00000000 1.00000000
vn -1.00000000 0.00000000 0.00000000
vn 1.00000000 0.00000000 0.00000000
vn 0.00000000 -1.00000000 0.00000000
vn 0.00000000 1.00000000 0.00000000
vn 0.00000000 0.00000000 -1.00000000
vn 0.00000000 0.00000000 1.00000000
vn -1.00000000 0.00000000 0.00000000
vn 1.00000000 0.00000000 0.00000000
vn 0.00000000 -1.00000000 0.00000000
vn 0.00000000 1.00000000 0.00000000
vn 0.92386916 -0.00000000 0.38270847
vn 0.00000000 -1.00000000 0.00000000
vn 0.00000000 1.00000000 0.00000000
vn 0.38270847 -0.00000000 0.92386916
vn 0.00000000 -1.00000000 0.00000000
vn 0.00000000 1.00000000 0.00000000
vn -0.38270847 0.00000000 0.92386916
vn 0.00000000 -1.00000000 0.00000000
vn 0.00000000 1.00000000 -0.00000000
vn -0.92386916 0.00000000 0.38270847
vn 0.00000000 -1.00000000 0.00000000
vn 0.00000000 1.00000000 0.00000000
vn -0.92386916 0.00000000 -0.38270847
vn -0.00000000 -1.00000000 0.00000000
vn 0.00000000 1.00000000 0.00000000
vn -0.38270847 0.00000000 -0.92386916
vn 0.00000000 -1.00000000 -0.00000000
vn 0.00000000 1.00000000 0.00000000
vn 0.38270847 0.00000000 -0.92386916
vn 0.00000000 -1.00000000 0.00000000
vn 0.00000000 1.00000000 0.00000000
vn 0.92386916 0.00000000 -0.38270847
vn 0.00000000 -1.00000000 0.00000000
vn -0.00000000 1.00000000 0.00000000
vn 0.98078441 -0.00000000 0.19509470
vn 0.00000000 -1.00000000 0.00000000
vn 0.00000000 1.00000000 0.00000000
vn 0.83146935 -0.00000000 0.55557063
vn 0.00000000 -1.00000000 0.00000000
vn 0.00000000 1.00000000 0.00000000
vn 0.55557063 -0.00000000 0.83146935
vn 0.00000000 -1.00000000 0.00000000
vn 0.00000000 1.00000000 0.00000000
vn 0.19509470 -0.00000000 0.98078441
vn 0.00000000 -1.00000000 0.00000000
vn 0.00000000 1.00000000 0.00000000
vn -0.19509470 0.00000000 0.98078441
vn 0.00000000 -1.00000000 0.00000000
vn 0.00000000 1.00000000 -0.00000000
vn -0.55557063 0.00000000 0.83146935
vn 0.00000000 -1.00000000 0.00000000
vn 0.00000000 1.00000000 0.00000000
vn -0.83146935 0.00000000 0.55557063
vn 0.00000000 -1.00000000 0.00000000
vn 0.00000000 1.00000000 0.00000000
vn -0.98078441 0.00000000 0.19509470
vn 0.00000000 -1.00000000 0.00000000
vn 0.00000000 1.00000000 0.00000000
vn -0.98078441 0.00000000 -0.19509470
vn -0.00000000 -1.00000000 0.00000000
vn 0.00000000 1.00000000 0.00000000
vn -0.83146935 0.00000000 -0.55557063
vn 0.00000000 -1.00000000 0.00000000
vn 0.00000000 1.00000000 0.00000000
vn -0.55557063 0.00000000 -0.83146935
vn 0.00000000 -1.00000000 0.00000000
vn 0.00000000 1.00000000 0.00000000
vn -0.19509470 0.00000000 -0.98078441
vn 0.00000000 -1.00000000 -0.00000000
vn 0.00000000 1.00000000 0.00000000
vn 0.19509470 0.00000000 -0.98078441
vn 0.00000000 -1.00000000 0.00000000
vn 0.00000000 1.00000000 0.00000000
vn 0.55557063 0.00000000 -0.83146935
vn 0.00000000 -1.00000000 0.00000000
vn 0.00000000 1.00000000 0.00000000
vn 0.83146935 0.00000000 -0.55557063
vn 0.00000000 -1.00000000 0.00000000
vn 0.00000000 1.00000000 0.00000000
vn 0.98078441 0.00000000 -0.19509470
vn 0.00000000 -1.00000000 0.00000000
vn -0.00000000 1.00000000 0.00000000
vn 0.92388817 -0.00000000 0.38266258
vn 0.00000000 -1.00000000 0.00000000
vn 0.00000000 1.00000000 0.00000000
vn 0.38266258 -0.00000000 0.92388817
vn 0.00000000 -1.00000000 0.00000000
vn 0.00000000 1.00000000 0.00000000
vn -0.38266258 0.00000000 0.92388817
vn 0.00000000 -1.00000000 0.00000000
vn 0.00000000 1.00000000 -0.00000000
vn -0.92388817 0.00000000 0.38266258
vn 0.00000000 -1.00000000 0.00000000
vn 0.00000000 1.00000000 0.00000000
vn -0.92388817 0.00000000 -0.38266258
vn -0.00000000 -1.00000000 0.00000000
vn 0.00000000 1.00000000 0.00000000
vn -0.38266258 0.00000000 -0.92388817
vn 0.00000000 -1.00000000 -0.00000000
vn 0.00000000 1.00000000 0.00000000
vn 0.38266258 0.00000000 -0.92388817
vn 0.00000000 -1.00000000 0.00000000
vn 0.00000000 1.00000000 0.00000000
vn 0.92388817 0.00000000 -0.38266258
vn 0.00000000 -1.00000000 0.00000000
vn -0.00000000 1.00000000 0.00000000
vn 0.92388164 -0.00000000 0.38267836
vn 0.00000000 -1.00000000 0.00000000
vn 0.00000000 1.00000000 0.00000000
vn 0.38267836 -0.00000000 0.92388164
vn 0.00000000 -1.00000000 0.00000000
vn 0.00000000 1.00000000 0.00000000
vn -0.38267836 0.00000000 0.92388164
vn 0.00000000 -1.00000000 0.00000000
vn 0.00000000 1.00000000 -0.00000000
vn -0.92388164 0.00000000 0.38267836
vn 0.00000000 -1.00000000 0.00000000
vn 0.00000000 1.00000000 0.00000000
vn -0.92388164 0.00000000 -0.38267836
vn -0.00000000 -1.00000000 0.00000000
vn 0.00000000 1.00000000 0.00000000
vn -0.38267836 0.00000000 -0.92388164
vn 0.00000000 -1.00000000 -0.00000000
vn 0.00000000 1.00000000 0.00000000
vn 0.38267836 0.00000000 -0.92388164
vn 0.00000000 -1.00000000 0.00000000
vn 0.00000000 1.00000000 0.00000000
vn 0.92388164 0.00000000 -0.38267836
vn 0.00000000 -1.00000000 0.00000000
vn -0.00000000 1.00000000 0.00000000
vn 0.00000000 0.00000000 -1.00000000
vn 0.00000000 0.00000000 1.00000000
vn -1.00000000 0.00000000 0.00000000
vn 1.00000000 0.00000000 0.00000000
vn 0.00000000 -1.00000000 0.00000000
vn 0.00000000 1.00000000 0.00000000
vn 0.00000000 0.00000000 -1.00000000
vn 0.00000000 0.00000000 1.00000000
vn -1.00000000 0.00000000 0.00000000
vn 1.00000000 0.00000000 0.00000000
vn 0.00000000 -1.00000000 0.00000000
vn 0.00000000 1.00000000 0.00000000
vn 0.00000000 0.00000000 -1.00000000
vn 0.00000000 0.00000000 1.00000000
vn -1.00000000 0.00000000 0.00000000
vn 1.00000000 0.00000000 0.00000000
vn 0.00000000 -1.00000000 0.00000000
vn 0.00000000 1.00000000 0.00000000
vn 0.00000000 0.00000000 -1.00000000
vn 0.00000000 0.00000000 1.00000000
vn -1.00000000 0.00000000 0.00000000
vn 1.00000000 0.00000000 0.00000000
vn 0.00000000 -1.00000000 0.00000000
vn 0.00000000 1.00000000 0.00000000
vn 0.00000000 0.00000000 -1.00000000
vn 0.00000000 0.00000000 1.00000000
vn -1.00000000 0.00000000 0.00000000
vn 1.00000000 0.00000000 0.00000000
vn 0.00000000 -1.00000000 0.00000000
vn 0.00000000 1.00000000 0.00000000
vn 0.00000000 0.00000000 -1.00000000
vn 0.00000000 0.00000000 1.00000000
vn -1.00000000 0.00000000 0.00000000
vn 1.00000000 0.00000000 0.00000000
vn 0.00000000 -1.00000000 0.00000000
vn 0.00000000 1.00000000 0.00000000
vn 0.00000000 0.00000000 -1.00000000
vn 0.00000000 0.00000000 1.00000000
vn -1.00000000 0.00000000 0.00000000
vn 1.00000000 0.00000000 0.00000000
vn 0.00000000 -1.00000000 0.00000000
vn 0.00000000 1.00000000 0.00000000
vn 0.00000000 0.00000000 -1.00000000
vn 0.00000000 0.00000000 1.00000000
vn -1.00000000 0.00000000 0.00000000
vn 1.00000000 0.00000000 0.00000000
vn 0.00000000 -1.00000000 0.00000000
vn 0.00000000 1.00000000 0.00000000
vn 0.00000000 0.00000000 -1.00000000
vn 0.00000000 0.00000000 1.00000000
vn -1.00000000 0.00000000 0.00000000
vn 1.00000000 0.00000000 0.00000000
vn 0.00000000 -1.00000000 0.00000000
vn 0.00000000 1.00000000 0.00000000
vn 0.00000000 0.00000000 -1.00000000
vn 0.00000000 0.00000000 1.00000000
vn -1.00000000 0.00000000 0.00000000
vn 1.00000000 0.00000000 0.00000000
vn 0.00000000 -1.00000000 0.00000000
vn 0.00000000 1.00000000 0.00000000
vn 0.00000000 0.00000000 -1.00000000
vn 0.00000000 0.00000000 1.00000000
vn -1.00000000 0.00000000 0.00000000
vn 1.00000000 0.00000000 0.00000000
vn 0.00000000 -1.00000000 0.00000000
vn 0.00000000 1.00000000 0.00000000
vn 0.00000000 0.00000000 -1.00000000
vn 0.00000000 0.00000000 1.00000000
vn -1.00000000 0.00000000 0.00000000
vn 1.00000000 0.00000000 0.00000000
vn 0.00000000 -1.00000000 0.00000000
vn 0.00000000 1.00000000 0.00000000
vn 0.92386916 -0.00000000 0.38270847
vn 0.00000000 -1.00000000 0.00000000
vn 0.00000000 1.00000000 0.00000000
vn 0.38270847 -0.00000000 0.92386916
vn 0.00000000 -1.00000000 0.00000000
vn 0.00000000 1.00000000 0.00000000
vn -0.38270847 0.00000000 0.92386916
vn 0.00000000 -1.00000000 0.00000000
vn 0.00000000 1.00000000 -0.00000000
vn -0.92386916 0.00000000 0.38270847
vn 0.00000000 -1.00000000 0.00000000
vn 0.00000000 1.00000000 0.00000000
vn -0.92386916 0.00000000 -0.38270847
vn -0.00000000 -1.00000000 0.00000000
vn 0.00000000 1.00000000 0.00000000
vn -0.38270847 0.00000000 -0.92386916
vn 0.00000000 -1.00000000 -0.00000000
vn 0.00000000 1.00000000 0.00000000
vn 0.38270847 0.00000000 -0.92386916
vn 0.00000000 -1.00000000 0.00000000
vn 0.00000000 1.00000000 0.00000000
vn 0.92386916 0.00000000 -0.38270847
vn 0.00000000 -1.00000000 0.00000000
vn -0.00000000 1.00000000 0.00000000
vn 0.00000000 0.00000000 -1.00000000
vn 0.00000000 0.00000000 1.00000000
vn -1.00000000 0.00000000 0.00000000
vn 1.00000000 0.00000000 0.00000000
vn 0.00000000 -1.00000000 0.00000000
vn 0.00000000 1.00000000 0.00000000
vn 0.00000000 0.00000000 -1.00000000
vn 0.00000000 0.00000000 1.00000000
vn -1.00000000 0.00000000 0.00000000
vn 1.00000000 0.00000000 0.00000000
vn 0.00000000 -1.00000000 0.00000000
vn 0.00000000 1.00000000 0.00000000
vn 0.00000000 0.00000000 -1.00000000
vn 0.00000000 0.00000000 1.00000000
vn -1.00000000 0.00000000 0.00000000
vn 1.00000000 0.00000000 0.00000000
vn 0.00000000 -1.00000000 0.00000000
vn 0.00000000 1.00000000 0.00000000
vn 0.00000000 0.00000000 -1.00000000
vn 0.00000000 0.00000000 1.00000000
vn -1.00000000 0.00000000 0.00000000
vn 1.00000000 0.00000000 0.00000000
vn 0.00000000 -1.00000000 0.00000000
vn 0.00000000 1.00000000 0.00000000
vn 0.00000000 0.00000000 -1.00000000
vn 0.00000000 0.00000000 1.00000000
vn -1.00000000 0.00000000 0.00000000
vn 1.00000000 0.00000000 0.00000000
vn 0.00000000 -1.00000000 0.00000000
vn 0.00000000 1.00000000 0.00000000
vn 0.00000000 0.00000000 -1.00000000
vn 0.00000000 0.00000000 1.00000000
vn -1.00000000 0.00000000 0.00000000
vn 1.00000000 0.00000000 0.00000000
vn 0.00000000 -1.00000000 0.00000000
vn 0.00000000 1.00000000 0.00000000
vn 0.00000000 0.00000000 -1.00000000
vn 0.00000000 0.00000000 1.00000000
vn -1.00000000 0.00000000 0.00000000
vn 1.00000000 0.00000000 0.00000000
vn 0.00000000 -1.00000000 0.00000000
vn 0.00000000 1.00000000 0.00000000
vn 0.00000000 0.00000000 -1.00000000
vn 0.00000000 0.00000000 1.00000000
vn -1.00000000 0.00000000 0.00000000
vn 1.00000000 0.00000000 0.00000000
vn 0.00000000 -1.00000000 0.00000000
vn 0.00000000 1.00000000 0.00000000
vn 0.00000000 0.00000000 -1.00000000
vn 0.00000000 0.00000000 1.00000000
vn -1.00000000 0.00000000 0.00000000
vn 1.00000000 0.00000000 0.00000000
vn 0.00000000 -1.00000000 0.00000000
vn 0.00000000 1.00000000 0.00000000
vn 0.00000000 0.00000000 -1.00000000
vn 0.00000000 0.00000000 1.00000000
vn -1.00000000 0.00000000 0.00000000
vn 1.00000000 0.00000000 0.00000000
vn 0.00000000 -1.00000000 0.00000000
vn 0.00000000 1.00000000 0.00000000
vn 0.00000000 0.00000000 -1.00000000
vn 0.00000000 0.00000000 1.00000000
vn -1.00000000 0.00000000 0.00000000
vn 1.00000000 0.00000000 0.00000000
vn 0.00000000 -1.00000000 0.00000000
vn 0.00000000 1.00000000 0.00000000
vn 0.00000000 0.00000000 -1.00000000
vn 0.00000000 0.00000000 1.00000000
vn -1.00000000 0.00000000 0.00000000
vn 1.00000000 0.00000000 0.00000000
vn 0.00000000 -1.00000000 0.00000000
vn 0.00000000 1.00000000 0.00000000
vn 0.00000000 0.00000000 -1.00000000
vn 0.00000000 0.00000000 1.00000000
vn -1.00000000 0.00000000 0.00000000
vn 1.00000000 0.00000000 0.00000000
vn 0.00000000 -1.00000000 0.00000000
vn 0.00000000 1.00000000 0.00000000
vn 0.00000000 0.00000000 -1.00000000
vn 0.00000000 0.00000000 1.00000000
vn -1.00000000 0.00000000 0.00000000
vn 1.00000000 0.00000000 0.00000000
vn 0.00000000 -1.00000000 0.00000000
vn 0.00000000 1.00000000 0.00000000
f 1/1/1 4/2/1 3/3/1
f 1/1/1 3/3/1 2/4/1
f 5/5/2 6/6/2 7/7/2
f 5/5/2 7/7/2 8/8/2
f 1/9/3 5/10/3 8/11/3
f 1/9/3 8/11/3 4/12/3
f 2/13/4 3/14/4 7/15/4
f 2/13/4 7/15/4 6/16/4
f 1/17/5 2/18/5 6/19/5
f 1/17/5 6/19/5 5/20/5
f 4/21/6 8/22/6 7/23/6
f 4/21/6 7/23/6 3/24/6
f 9/25/7 12/26/7 11/27/7
f 9/25/7 11/27/7 10/28/7
f 13/29/8 14/30/8 15/31/8
f 13/29/8 15/31/8 16/32/8
f 9/33/9 13/34/9 16/35/9
f 9/33/9 16/35/9 12/36/9
f 10/37/10 11/38/10 15/39/10
f 10/37/10 15/39/10 14/40/10
f 9/41/11 10/42/11 14/43/11
f 9/41/11 14/43/11 13/44/11
f 12/45/12 16/46/12 15/47/12
f 12/45/12 15/47/12 11/48/12
f 17/49/13 20/50/13 19/51/13
f 17/49/13 19/51/13 18/52/13
f 21/53/14 22/54/14 23/55/14
f 21/53/14 23/55/14 24/56/14
f 17/57/15 21/58/15 24/59/15
f 17/57/15 24/59/15 20/60/15
f 18/61/16 19/62/16 23/63/16
f 18/61/16 23/63/16 22/64/16
f 17/65/17 18/66/17 22/67/17
f 17/65/17 22/67/17 21/68/17
f 20/69/18 24/70/18 23/71/18
f 20/69/18 23/71/18 19/72/18
f 25/73/19 28/74/19 27/75/19
f 25/73/19 27/75/19 26/76/19
f 29/77/20 30/78/20 31/79/20
f 29/77/20 31/79/20 32/80/20
f 25/81/21 29/82/21 32/83/21
f 25/81/21 32/83/21 28/84/21
f 26/85/22 27/86/22 31/87/22
f 26/85/22 31/87/22 30/88/22
f 25/89/23 26/90/23 30/91/23
f 25/89/23 30/91/23 29/92/23
f 28/93/24 32/94/24 31/95/24
f 28/93/24 31/95/24 27/96/24
f 33/97/25 36/98/25 35/99/25
f 33/97/25 35/99/25 34/100/25
f 37/101/26 38/102/26 39/103/26
f 37/101/26 39/103/26 40/104/26
f 33/105/27 37/106/27 40/107/27
f 33/105/27 40/107/27 36/108/27
f 34/109/28 35/110/28 39/111/28
f 34/109/28 39/111/28 38/112/28
f 33/113/29 34/114/29 38/115/29
f 33/113/29 38/115/29 37/116/29
f 36/117/30 40/118/30 39/119/30
f 36/117/30 39/119/30 35/120/30
f 41/121/31 44/122/31 43/123/31
f 41/121/31 43/123/31 42/124/31
f 45/125/32 46/126/32 47/127/32
f 45/125/32 47/127/32 48/128/32
f 41/129/33 45/130/33 48/131/33
f 41/129/33 48/131/33 44/132/33
f 42/133/34 43/134/34 47/135/34
f 42/133/34 47/135/34 46/136/34
f 41/137/35 42/138/35 46/139/35
f 41/137/35 46/139/35 45/140/35
f 44/141/36 48/142/36 47/143/36
f 44/141/36 47/143/36 43/144/36
f 49/145/37 52/146/37 51/147/37
f 49/145/37 51/147/37 50/148/37
f 53/149/38 54/150/38 55/151/38
f 53/149/38 55/151/38 56/152/38
f 49/153/39 53/154/39 56/155/39
f 49/153/39 56/155/39 52/156/39
f 50/157/40 51/158/40 55/159/40
f 50/157/40 55/159/40 54/160/40
f 49/161/41 50/162/41 54/163/41
f 49/161/41 54/163/41 53/164/41
f 52/165/42 56/166/42 55/167/42
f 52/165/42 55/167/42 51/168/42
f 57/169/43 60/170/43 59/171/43
f 57/169/43 59/171/43 58/172/43
f 61/173/44 62/174/44 63/175/44
f 61/173/44 63/175/44 64/176/44
f 57/177/45 61/178/45 64/179/45
f 57/177/45 64/179/45 60/180/45
f 58/181/46 59/182/46 63/183/46
f 58/181/46 63/183/46 62/184/46
f 57/185/47 58/186/47 62/187/47
f 57/185/47 62/187/47 61/188/47
f 60/189/48 64/190/48 63/191/48
f 60/189/48 63/191/48 59/192/48
f 65/193/49 68/194/49 67/195/49
f 65/193/49 67/195/49 66/196/49
f 69/197/50 70/198/50 71/199/50
f 69/197/50 71/199/50 72/200/50
f 65/201/51 69/202/51 72/203/51
f 65/201/51 72/203/51 68/204/51
f 66/205/52 67/206/52 71/207/52
f 66/205/52 71/207/52 70/208/52
f 65/209/53 66/210/53 70/211/53
f 65/209/53 70/211/53 69/212/53
f 68/213/54 72/214/54 71/215/54
f 68/213/54 71/215/54 67/216/54
f 73/217/55 76/218/55 75/219/55
f 73/217/55 75/219/55 74/220/55
f 77/221/56 78/222/56 79/223/56
f 77/221/56 79/223/56 80/224/56
f 73/225/57 77/226/57 80/227/57
f 73/225/57 80/227/57 76/228/57
f 74/229/58 75/230/58 79/231/58
f 74/229/58 79/231/58 78/232/58
f 73/233/59 74/234/59 78/235/59
f 73/233/59 78/235/59 77/236/59
f 76/237/60 80/238/60 79/239/60
f 76/237/60 79/239/60 75/240/60
f 81/241/61 84/242/61 83/243/61
f 81/241/61 83/243/61 82/244/61
f 85/245/62 86/246/62 87/247/62
f 85/245/62 87/247/62 88/248/62
f 81/249/63 85/250/63 88/251/63
f 81/249/63 88/251/63 84/252/63
f 82/253/64 83/254/64 87/255/64
f 82/253/64 87/255/64 86/256/64
f 81/257/65 82/258/65 86/259/65
f 81/257/65 86/259/65 85/260/65
f 84/261/66 88/262/66 87/263/66
f 84/261/66 87/263/66 83/264/66
f 89/265/67 92/266/67 91/267/67
f 89/265/67 91/267/67 90/268/67
f 93/269/68 94/270/68 95/271/68
f 93/269/68 95/271/68 96/272/68
f 89/273/69 93/274/69 96/275/69
f 89/273/69 96/275/69 92/276/69
f 90/277/70 91/278/70 95/279/70
f 90/277/70 95/279/70 94/280/70
f 89/281/71 90/282/71 94/283/71
f 89/281/71 94/283/71 93/284/71
f 92/285/72 96/286/72 95/287/72
f 92/285/72 95/287/72 91/288/72
f 97/289/73 100/290/73 99/291/73
f 97/289/73 99/291/73 98/292/73
f 101/293/74 102/294/74 103/295/74
f 101/293/74 103/295/74 104/296/74
f 97/297/75 101/298/75 104/299/75
f 97/297/75 104/299/75 100/300/75
f 98/301/76 99/302/76 103/303/76
f 98/301/76 103/303/76 102/304/76
f 97/305/77 98/306/77 102/307/77
f 97/305/77 102/307/77 101/308/77
f 100/309/78 104/310/78 103/311/78
f 100/309/78 103/311/78 99/312/78
f 105/313/79 108/314/79 107/315/79
f 105/313/79 107/315/79 106/316/79
f 109/317/80 110/318/80 111/319/80
f 109/317/80 111/319/80 112/320/80
f 105/321/81 109/322/81 112/323/81
f 105/321/81 112/323/81 108/324/81
f 106/325/82 107/326/82 111/327/82
f 106/325/82 111/327/82 110/328/82
f 105/329/83 106/330/83 110/331/83
f 105/329/83 110/331/83 109/332/83
f 108/333/84 112/334/84 111/335/84
f 108/333/84 111/335/84 107/336/84
f 113/337/85 116/338/85 115/339/85
f 113/337/85 115/339/85 114/340/85
f 117/341/86 118/342/86 119/343/86
f 117/341/86 119/343/86 120/344/86
f 113/345/87 117/346/87 120/347/87
f 113/345/87 120/347/87 116/348/87
f 114/349/88 115/350/88 119/351/88
f 114/349/88 119/351/88 118/352/88
f 113/353/89 114/354/89 118/355/89
f 113/353/89 118/355/89 117/356/89
f 116/357/90 120/358/90 119/359/90
f 116/357/90 119/359/90 115/360/90
f 121/361/91 124/362/91 123/363/91
f 121/361/91 123/363/91 122/364/91
f 125/365/92 126/366/92 127/367/92
f 125/365/92 127/367/92 128/368/92
f 121/369/93 125/370/93 128/371/93
f 121/369/93 128/371/93 124/372/93
f 122/373/94 123/374/94 127/375/94
f 122/373/94 127/375/94 126/376/94
f 121/377/95 122/378/95 126/379/95
f 121/377/95 126/379/95 125/380/95
f 124/381/96 128/382/96 127/383/96
f 124/381/96 127/383/96 123/384/96
f 129/385/97 132/386/97 131/387/97
f 129/385/97 131/387/97 130/388/97
f 133/389/98 134/390/98 135/391/98
f 133/389/98 135/391/98 136/392/98
f 129/393/99 133/394/99 136/395/99
f 129/393/99 136/395/99 132/396/99
f 130/397/100 131/398/100 135/399/100
f 130/397/100 135/399/100 134/400/100
f 129/401/101 130/402/101 134/403/101
f 129/401/101 134/403/101 133/404/101
f 132/405/102 136/406/102 135/407/102
f 132/405/102 135/407/102 131/408/102
f 137/409/103 140/410/103 139/411/103
f 137/409/103 139/411/103 138/412/103
f 141/413/104 142/414/104 143/415/104
f 141/413/104 143/415/104 144/416/104
f 137/417/105 141/418/105 144/419/105
f 137/417/105 144/419/105 140/420/105
f 138/421/106 139/422/106 143/423/106
f 138/421/106 143/423/106 142/424/106
f 137/425/107 138/426/107 142/427/107
f 137/425/107 142/427/107 141/428/107
f 140/429/108 144/430/108 143/431/108
f 140/429/108 143/431/108 139/432/108
f 145/433/109 148/434/109 147/435/109
f 145/433/109 147/435/109 146/436/109
f 149/437/110 150/438/110 151/439/110
f 149/437/110 151/439/110 152/440/110
f 145/441/111 149/442/111 152/443/111
f 145/441/111 152/443/111 148/444/111
f 146/445/112 147/446/112 151/447/112
f 146/445/112 151/447/112 150/448/112
f 145/449/113 146/450/113 150/451/113
f 145/449/113 150/451/113 149/452/113
f 148/453/114 152/454/114 151/455/114
f 148/453/114 151/455/114 147/456/114
f 153/457/115 156/458/115 155/459/115
f 153/457/115 155/459/115 154/460/115
f 157/461/116 158/462/116 159/463/116
f 157/461/116 159/463/116 160/464/116
f 153/465/117 157/466/117 160/467/117
f 153/465/117 160/467/117 156/468/117
f 154/469/118 155/470/118 159/471/118
f 154/469/118 159/471/118 158/472/118
f 153/473/119 154/474/119 158/475/119
f 153/473/119 158/475/119 157/476/119
f 156/477/120 160/478/120 159/479/120
f 156/477/120 159/479/120 155/480/120
f 161/481/121 164/482/121 163/483/121
f 161/481/121 163/483/121 162/484/121
f 165/485/122 166/486/122 167/487/122
f 165/485/122 167/487/122 168/488/122
f 161/489/123 165/490/123 168/491/123
f 161/489/123 168/491/123 164/492/123
f 162/493/124 163/494/124 167/495/124
f 162/493/124 167/495/124 166/496/124
f 161/497/125 162/498/125 166/499/125
f 161/497/125 166/499/125 165/500/125
f 164/501/126 168/502/126 167/503/126
f 164/501/126 167/503/126 163/504/126
f 169/505/127 172/506/127 171/507/127
f 169/505/127 171/507/127 170/508/127
f 173/509/128 174/510/128 175/511/128
f 173/509/128 175/511/128 176/512/128
f 169/513/129 173/514/129 176/515/129
f 169/513/129 176/515/129 172/516/129
f 170/517/130 171/518/130 175/519/130
f 170/517/130 175/519/130 174/520/130
f 169/521/131 170/522/131 174/523/131
f 169/521/131 174/523/131 173/524/131
f 172/525/132 176/526/132 175/527/132
f 172/525/132 175/527/132 171/528/132
f 177/529/133 180/530/133 179/531/133
f 177/529/133 179/531/133 178/532/133
f 181/533/134 182/534/134 183/535/134
f 181/533/134 183/535/134 184/536/134
f 177/537/135 181/538/135 184/539/135
f 177/537/135 184/539/135 180/540/135
f 178/541/136 179/542/136 183/543/136
f 178/541/136 183/543/136 182/544/136
f 177/545/137 178/546/137 182/547/137
f 177/545/137 182/547/137 181/548/137
f 180/549/138 184/550/138 183/551/138
f 180/549/138 183/551/138 179/552/138
f 185/553/139 186/554/139 187/555/139
f 185/553/139 187/555/139 188/556/139
f 189/557/140 185/558/140 188/559/140
f 190/560/141 187/561/141 186/562/141
f 188/563/142 187/564/142 191/565/142
f 188/563/142 191/565/142 192/566/142
f 189/567/143 188/568/143 192/569/143
f 190/570/144 191/571/144 187/572/144
f 192/573/145 191/574/145 193/575/145
f 192/573/145 193/575/145 194/576/145
f 189/577/146 192/578/146 194/579/146
f 190/580/147 193/581/147 191/582/147
f 194/583/148 193/584/148 195/585/148
f 194/583/148 195/585/148 196/586/148
f 189/587/149 194/588/149 196/589/149
f 190/590/150 195/591/150 193/592/150
f 196/593/151 195/594/151 197/595/151
f 196/593/151 197/595/151 198/596/151
f 189/597/152 196/598/152 198/599/152
f 190/600/153 197/601/153 195/602/153
f 198/603/154 197/604/154 199/605/154
f 198/603/154 199/605/154 200/606/154
f 189/607/155 198/608/155 200/609/155
f 190/610/156 199/611/156 197/612/156
f 200/613/157 199/614/157 201/615/157
f 200/613/157 201/615/157 202/616/157
f 189/617/158 200/618/158 202/619/158
f 190/620/159 201/621/159 199/622/159
f 202/623/160 201/624/160 203/625/160
f 202/623/160 203/625/160 204/626/160
f 189/627/161 202/628/161 204/629/161
f 190/630/162 203/631/162 201/632/162
f 204/633/163 203/634/163 205/635/163
f 204/633/163 205/635/163 206/636/163
f 189/637/164 204/638/164 206/639/164
f 190/640/165 205/641/165 203/642/165
f 206/643/166 205/644/166 207/645/166
f 206/643/166 207/645/166 208/646/166
f 189/647/167 206/648/167 208/649/167
f 190/650/168 207/651/168 205/652/168
f 208/653/169 207/654/169 209/655/169
f 208/653/169 209/655/169 210/656/169
f 189/657/170 208/658/170 210/659/170
f 190/660/171 209/661/171 207/662/171
f 210/663/172 209/664/172 211/665/172
f 210/663/172 211/665/172 212/666/172
f 189/667/173 210/668/173 212/669/173
f 190/670/174 211/671/174 209/672/174
f 212/673/175 211/674/175 213/675/175
f 212/673/175 213/675/175 214/676/175
f 189/677/176 212/678/176 214/679/176
f 190/680/177 213/681/177 211/682/177
f 214/683/178 213/684/178 215/685/178
f 214/683/178 215/685/178 216/686/178
f 189/687/179 214/688/179 216/689/179
f 190/690/180 215/691/180 213/692/180
f 216/693/181 215/694/181 217/695/181
f 216/693/181 217/695/181 218/696/181
f 189/697/182 216/698/182 218/699/182
f 190/700/183 217/701/183 215/702/183
f 218/703/184 217/704/184 186/705/184
f 218/703/184 186/705/184 185/706/184
f 189/707/185 218/708/185 185/709/185
f 190/710/186 186/711/186 217/712/186
f 219/713/187 220/714/187 221/715/187
f 219/713/187 221/715/187 222/716/187
f 223/717/188 219/718/188 222/719/188
f 224/720/189 221/721/189 220/722/189
f 222/723/190 221/724/190 225/725/190
f 222/723/190 225/725/190 226/726/190
f 223/727/191 222/728/191 226/729/191
f 224/730/192 225/731/192 221/732/192
f 226/733/193 225/734/193 227/735/193
f 226/733/193 227/735/193 228/736/193
f 223/737/194 226/738/194 228/739/194
f 224/740/195 227/741/195 225/742/195
f 228/743/196 227/744/196 229/745/196
f 228/743/196 229/745/196 230/746/196
f 223/747/197 228/748/197 230/749/197
f 224/750/198 229/751/198 227/752/198
f 230/753/199 229/754/199 231/755/199
f 230/753/199 231/755/199 232/756/199
f 223/757/200 230/758/200 232/759/200
f 224/760/201 231/761/201 229/762/201
f 232/763/202 231/764/202 233/765/202
f 232/763/202 233/765/202 234/766/202
f 223/767/203 232/768/203 234/769/203
f 224/770/204 233/771/204 231/772/204
f 234/773/205 233/774/205 235/775/205
f 234/773/205 235/775/205 236/776/205
f 223/777/206 234/778/206 236/779/206
f 224/780/207 235/781/207 233/782/207
f 236/783/208 235/784/208 220/785/208
f 236/783/208 220/785/208 219/786/208
f 223/787/209 236/788/209 219/789/209
f 224/790/210 220/791/210 235/792/210
f 237/793/211 238/794/211 239/795/211
f 237/793/211 239/795/211 240/796/211
f 223/797/212 237/798/212 240/799/212
f 241/800/213 239/801/213 238/802/213
f 240/803/214 239/804/214 242/805/214
f 240/803/214 242/805/214 243/806/214
f 223/807/215 240/808/215 243/809/215
f 241/810/216 242/811/216 239/812/216
f 243/813/217 242/814/217 244/815/217
f 243/813/217 244/815/217 245/816/217
f 223/817/218 243/818/218 245/819/218
f 241/820/219 244/821/219 242/822/219
f 245/823/220 244/824/220 246/825/220
f 245/823/220 246/825/220 247/826/220
f 223/827/221 245/828/221 247/829/221
f 241/830/222 246/831/222 244/832/222
f 247/833/223 246/834/223 248/835/223
f 247/833/223 248/835/223 249/836/223
f 223/837/224 247/838/224 249/839/224
f 241/840/225 248/841/225 246/842/225
f 249/843/226 248/844/226 250/845/226
f 249/843/226 250/845/226 251/846/226
f 223/847/227 249/848/227 251/849/227
f 241/850/228 250/851/228 248/852/228
f 251/853/229 250/854/229 252/855/229
f 251/853/229 252/855/229 253/856/229
f 223/857/230 251/858/230 253/859/230
f 241/860/231 252/861/231 250/862/231
f 253/863/232 252/864/232 238/865/232
f 253/863/232 238/865/232 237/866/232
f 223/867/233 253/868/233 237/869/233
f 241/870/234 238/871/234 252/872/234
f 254/873/235 257/874/235 256/875/235
f 254/873/235 256/875/235 255/876/235
f 258/877/236 259/878/236 260/879/236
f 258/877/236 260/879/236 261/880/236
f 254/881/237 258/882/237 261/883/237
f 254/881/237 261/883/237 257/884/237
f 255/885/238 256/886/238 260/887/238
f 255/885/238 260/887/238 259/888/238
f 254/889/239 255/890/239 259/891/239
f 254/889/239 259/891/239 258/892/239
f 257/893/240 261/894/240 260/895/240
f 257/893/240 260/895/240 256/896/240
f 262/897/241 265/898/241 264/899/241
f 262/897/241 264/899/241 263/900/241
f 266/901/242 267/902/242 268/903/242
f 266/901/242 268/903/242 269/904/242
f 262/905/243 266/906/243 269/907/243
f 262/905/243 269/907/243 265/908/243
f 263/909/244 264/910/244 268/911/244
f 263/909/244 268/911/244 267/912/244
f 262/913/245 263/914/245 267/915/245
f 262/913/245 267/915/245 266/916/245
f 265/917/246 269/918/246 268/919/246
f 265/917/246 268/919/246 264/920/246
f 270/921/247 273/922/247 272/923/247
f 270/921/247 272/923/247 271/924/247
f 274/925/248 275/926/248 276/927/248
f 274/925/248 276/927/248 277/928/248
f 270/929/249 274/930/249 277/931/249
f 270/929/249 277/931/249 273/932/249
f 271/933/250 272/934/250 276/935/250
f 271/933/250 276/935/250 275/936/250
f 270/937/251 271/938/251 275/939/251
f 270/937/251 275/939/251 274/940/251
f 273/941/252 277/942/252 276/943/252
f 273/941/252 276/943/252 272/944/252
f 278/945/253 281/946/253 280/947/253
f 278/945/253 280/947/253 279/948/253
f 282/949/254 283/950/254 284/951/254
f 282/949/254 284/951/254 285/952/254
f 278/953/255 282/954/255 285/955/255
f 278/953/255 285/955/255 281/956/255
f 279/957/256 280/958/256 284/959/256
f 279/957/256 284/959/256 283/960/256
f 278/961/257 279/962/257 283/963/257
f 278/961/257 283/963/257 282/964/257
f 281/965/258 285/966/258 284/967/258
f 281/965/258 284/967/258 280/968/258
f 286/969/259 289/970/259 288/971/259
f 286/969/259 288/971/259 287/972/259
f 290/973/260 291/974/260 292/975/260
f 290/973/260 292/975/260 293/976/260
f 286/977/261 290/978/261 293/979/261
f 286/977/261 293/979/261 289/980/261
f 287/981/262 288/982/262 292/983/262
f 287/981/262 292/983/262 291/984/262
f 286/985/263 287/986/263 291/987/263
f 286/985/263 291/987/263 290/988/263
f 289/989/264 293/990/264 292/991/264
f 289/989/264 292/991/264 288/992/264
f 294/993/265 297/994/265 296/995/265
f 294/993/265 296/995/265 295/996/265
f 298/997/266 299/998/266 300/999/266
f 298/997/266 300/999/266 301/1000/266
f 294/1001/267 298/1002/267 301/1003/267
f 294/1001/267 301/1003/267 297/1004/267
f 295/1005/268 296/1006/268 300/1007/268
f 295/1005/268 300/1007/268 299/1008/268
f 294/1009/269 295/1010/269 299/1011/269
f 294/1009/269 299/1011/269 298/1012/269
f 297/1013/270 301/1014/270 300/1015/270
f 297/1013/270 300/1015/270 296/1016/270
f 302/1017/271 305/1018/271 304/1019/271
f 302/1017/271 304/1019/271 303/1020/271
f 306/1021/272 307/1022/272 308/1023/272
f 306/1021/272 308/1023/272 309/1024/272
f 302/1025/273 306/1026/273 309/1027/273
f 302/1025/273 309/1027/273 305/1028/273
f 303/1029/274 304/1030/274 308/1031/274
f 303/1029/274 308/1031/274 307/1032/274
f 302/1033/275 303/1034/275 307/1035/275
f 302/1033/275 307/1035/275 306/1036/275
f 305/1037/276 309/1038/276 308/1039/276
f 305/1037/276 308/1039/276 304/1040/276
f 310/1041/277 313/1042/277 312/1043/277
f 310/1041/277 312/1043/277 311/1044/277
f 314/1045/278 315/1046/278 316/1047/278
f 314/1045/278 316/1047/278 317/1048/278
f 310/1049/279 314/1050/279 317/1051/279
f 310/1049/279 317/1051/279 313/1052/279
f 311/1053/280 312/1054/280 316/1055/280
f 311/1053/280 316/1055/280 315/1056/280
f 310/1057/281 311/1058/281 315/1059/281
f 310/1057/281 315/1059/281 314/1060/281
f 313/1061/282 317/1062/282 316/1063/282
f 313/1061/282 316/1063/282 312/1064/282
f 318/1065/283 321/1066/283 320/1067/283
f 318/1065/283 320/1067/283 319/1068/283
f 322/1069/284 323/1070/284 324/1071/284
f 322/1069/284 324/1071/284 325/1072/284
f 318/1073/285 322/1074/285 325/1075/285
f 318/1073/285 325/1075/285 321/1076/285
f 319/1077/286 320/1078/286 324/1079/286
f 319/1077/286 324/1079/286 323/1080/286
f 318/1081/287 319/1082/287 323/1083/287
f 318/1081/287 323/1083/287 322/1084/287
f 321/1085/288 325/1086/288 324/1087/288
f 321/1085/288 324/1087/288 320/1088/288
f 326/1089/289 329/1090/289 328/1091/289
f 326/1089/289 328/1091/289 327/1092/289
f 330/1093/290 331/1094/290 332/1095/290
f 330/1093/290 332/1095/290 333/1096/290
f 326/1097/291 330/1098/291 333/1099/291
f 326/1097/291 333/1099/291 329/1100/291
f 327/1101/292 328/1102/292 332/1103/292
f 327/1101/292 332/1103/292 331/1104/292
f 326/1105/293 327/1106/293 331/1107/293
f 326/1105/293 331/1107/293 330/1108/293
f 329/1109/294 333/1110/294 332/1111/294
f 329/1109/294 332/1111/294 328/1112/294
f 334/1113/295 337/1114/295 336/1115/295
f 334/1113/295 336/1115/295 335/1116/295
f 338/1117/296 339/1118/296 340/1119/296
f 338/1117/296 340/1119/296 341/1120/296
f 334/1121/297 338/1122/297 341/1123/297
f 334/1121/297 341/1123/297 337/1124/297
f 335/1125/298 336/1126/298 340/1127/298
f 335/1125/298 340/1127/298 339/1128/298
f 334/1129/299 335/1130/299 339/1131/299
f 334/1129/299 339/1131/299 338/1132/299
f 337/1133/300 341/1134/300 340/1135/300
f 337/1133/300 340/1135/300 336/1136/300
f 342/1137/301 345/1138/301 344/1139/301
f 342/1137/301 344/1139/301 343/1140/301
f 346/1141/302 347/1142/302 348/1143/302
f 346/1141/302 348/1143/302 349/1144/302
f 342/1145/303 346/1146/303 349/1147/303
f 342/1145/303 349/1147/303 345/1148/303
f 343/1149/304 344/1150/304 348/1151/304
f 343/1149/304 348/1151/304 347/1152/304
f 342/1153/305 343/1154/305 347/1155/305
f 342/1153/305 347/1155/305 346/1156/305
f 345/1157/306 349/1158/306 348/1159/306
f 345/1157/306 348/1159/306 344/1160/306
f 350/1161/307 351/1162/307 352/1163/307
f 350/1161/307 352/1163/307 353/1164/307
f 190/1165/308 350/1166/308 353/1167/308
f 354/1168/309 352/1169/309 351/1170/309
f 353/1171/310 352/1172/310 355/1173/310
f 353/1171/310 355/1173/310 356/1174/310
f 190/1175/311 353/1176/311 356/1177/311
f 354/1178/312 355/1179/312 352/1180/312
f 356/1181/313 355/1182/313 357/1183/313
f 356/1181/313 357/1183/313 358/1184/313
f 190/1185/314 356/1186/314 358/1187/314
f 354/1188/315 357/1189/315 355/1190/315
f 358/1191/316 357/1192/316 359/1193/316
f 358/1191/316 359/1193/316 360/1194/316
f 190/1195/317 358/1196/317 360/1197/317
f 354/1198/318 359/1199/318 357/1200/318
f 360/1201/319 359/1202/319 361/1203/319
f 360/1201/319 361/1203/319 362/1204/319
f 190/1205/320 360/1206/320 362/1207/320
f 354/1208/321 361/1209/321 359/1210/321
f 362/1211/322 361/1212/322 363/1213/322
f 362/1211/322 363/1213/322 364/1214/322
f 190/1215/323 362/1216/323 364/1217/323
f 354/1218/324 363/1219/324 361/1220/324
f 364/1221/325 363/1222/325 365/1223/325
f 364/1221/325 365/1223/325 366/1224/325
f 190/1225/326 364/1226/326 366/1227/326
f 354/1228/327 365/1229/327 363/1230/327
f 366/1231/328 365/1232/328 351/1233/328
f 366/1231/328 351/1233/328 350/1234/328
f 190/1235/329 366/1236/329 350/1237/329
f 354/1238/330 351/1239/330 365/1240/330
f 367/1241/331 368/1242/331 369/1243/331
f 367/1241/331 369/1243/331 370/1244/331
f 371/1245/332 367/1246/332 370/1247/332
f 372/1248/333 369/1249/333 368/1250/333
f 370/1251/334 369/1252/334 373/1253/334
f 370/1251/334 373/1253/334 374/1254/334
f 371/1255/335 370/1256/335 374/1257/335
f 372/1258/336 373/1259/336 369/1260/336
f 374/1261/337 373/1262/337 375/1263/337
f 374/1261/337 375/1263/337 376/1264/337
f 371/1265/338 374/1266/338 376/1267/338
f 372/1268/339 375/1269/339 373/1270/339
f 376/1271/340 375/1272/340 377/1273/340
f 376/1271/340 377/1273/340 378/1274/340
f 371/1275/341 376/1276/341 378/1277/341
f 372/1278/342 377/1279/342 375/1280/342
f 378/1281/343 377/1282/343 379/1283/343
f 378/1281/343 379/1283/343 380/1284/343
f 371/1285/344 378/1286/344 380/1287/344
f 372/1288/345 379/1289/345 377/1290/345
f 380/1291/346 379/1292/346 381/1293/346
f 380/1291/346 381/1293/346 382/1294/346
f 371/1295/347 380/1296/347 382/1297/347
f 372/1298/348 381/1299/348 379/1300/348
f 382/1301/349 381/1302/349 383/1303/349
f 382/1301/349 383/1303/349 384/1304/349
f 371/1305/350 382/1306/350 384/1307/350
f 372/1308/351 383/1309/351 381/1310/351
f 384/1311/352 383/1312/352 385/1313/352
f 384/1311/352 385/1313/352 386/1314/352
f 371/1315/353 384/1316/353 386/1317/353
f 372/1318/354 385/1319/354 383/1320/354
f 386/1321/355 385/1322/355 387/1323/355
f 386/1321/355 387/1323/355 388/1324/355
f 371/1325/356 386/1326/356 388/1327/356
f 372/1328/357 387/1329/357 385/1330/357
f 388/1331/358 387/1332/358 389/1333/358
f 388/1331/358 389/1333/358 390/1334/358
f 371/1335/359 388/1336/359 390/1337/359
f 372/1338/360 389/1339/360 387/1340/360
f 390/1341/361 389/1342/361 391/1343/361
f 390/1341/361 391/1343/361 392/1344/361
f 371/1345/362 390/1346/362 392/1347/362
f 372/1348/363 391/1349/363 389/1350/363
f 392/1351/364 391/1352/364 393/1353/364
f 392/1351/364 393/1353/364 394/1354/364
f 371/1355/365 392/1356/365 394/1357/365
f 372/1358/366 393/1359/366 391/1360/366
f 394/1361/367 393/1362/367 395/1363/367
f 394/1361/367 395/1363/367 396/1364/367
f 371/1365/368 394/1366/368 396/1367/368
f 372/1368/369 395/1369/369 393/1370/369
f 396/1371/370 395/1372/370 397/1373/370
f 396/1371/370 397/1373/370 398/1374/370
f 371/1375/371 396/1376/371 398/1377/371
f 372/1378/372 397/1379/372 395/1380/372
f 398/1381/373 397/1382/373 399/1383/373
f 398/1381/373 399/1383/373 400/1384/373
f 371/1385/374 398/1386/374 400/1387/374
f 372/1388/375 399/1389/375 397/1390/375
f 400/1391/376 399/1392/376 368/1393/376
f 400/1391/376 368/1393/376 367/1394/376
f 371/1395/377 400/1396/377 367/1397/377
f 372/1398/378 368/1399/378 399/1400/378
f 401/1401/379 402/1402/379 403/1403/379
f 401/1401/379 403/1403/379 404/1404/379
f 405/1405/380 401/1406/380 404/1407/380
f 406/1408/381 403/1409/381 402/1410/381
f 404/1411/382 403/1412/382 407/1413/382
f 404/1411/382 407/1413/382 408/1414/382
f 405/1415/383 404/1416/383 408/1417/383
f 406/1418/384 407/1419/384 403/1420/384
f 408/1421/385 407/1422/385 409/1423/385
f 408/1421/385 409/1423/385 410/1424/385
f 405/1425/386 408/1426/386 410/1427/386
f 406/1428/387 409/1429/387 407/1430/387
f 410/1431/388 409/1432/388 411/1433/388
f 410/1431/388 411/1433/388 412/1434/388
f 405/1435/389 410/1436/389 412/1437/389
f 406/1438/390 411/1439/390 409/1440/390
f 412/1441/391 411/1442/391 413/1443/391
f 412/1441/391 413/1443/391 414/1444/391
f 405/1445/392 412/1446/392 414/1447/392
f 406/1448/393 413/1449/393 411/1450/393
f 414/1451/394 413/1452/394 415/1453/394
f 414/1451/394 415/1453/394 416/1454/394
f 405/1455/395 414/1456/395 416/1457/395
f 406/1458/396 415/1459/396 413/1460/396
f 416/1461/397 415/1462/397 417/1463/397
f 416/1461/397 417/1463/397 418/1464/397
f 405/1465/398 416/1466/398 418/1467/398
f 406/1468/399 417/1469/399 415/1470/399
f 418/1471/400 417/1472/400 402/1473/400
f 418/1471/400 402/1473/400 401/1474/400
f 405/1475/401 418/1476/401 401/1477/401
f 406/1478/402 402/1479/402 417/1480/402
f 419/1481/403 420/1482/403 421/1483/403
f 419/1481/403 421/1483/403 422/1484/403
f 405/1485/404 419/1486/404 422/1487/404
f 423/1488/405 421/1489/405 420/1490/405
f 422/1491/406 421/1492/406 424/1493/406
f 422/1491/406 424/1493/406 425/1494/406
f 405/1495/407 422/1496/407 425/1497/407
f 423/1498/408 424/1499/408 421/1500/408
f 425/1501/409 424/1502/409 426/1503/409
f 425/1501/409 426/1503/409 427/1504/409
f 405/1505/410 425/1506/410 427/1507/410
f 423/1508/411 426/1509/411 424/1510/411
f 427/1511/412 426/1512/412 428/1513/412
f 427/1511/412 428/1513/412 429/1514/412
f 405/1515/413 427/1516/413 429/1517/413
f 423/1518/414 428/1519/414 426/1520/414
f 429/1521/415 428/1522/415 430/1523/415
f 429/1521/415 430/1523/415 431/1524/415
f 405/1525/416 429/1526/416 431/1527/416
f 423/1528/417 430/1529/417 428/1530/417
f 431/1531/418 430/1532/418 432/1533/418
f 431/1531/418 432/1533/418 433/1534/418
f 405/1535/419 431/1536/419 433/1537/419
f 423/1538/420 432/1539/420 430/1540/420
f 433/1541/421 432/1542/421 434/1543/421
f 433/1541/421 434/1543/421 435/1544/421
f 405/1545/422 433/1546/422 435/1547/422
f 423/1548/423 434/1549/423 432/1550/423
f 435/1551/424 434/1552/424 420/1553/424
f 435/1551/424 420/1553/424 419/1554/424
f 405/1555/425 435/1556/425 419/1557/425
f 423/1558/426 420/1559/426 434/1560/426
f 436/1561/427 439/1562/427 438/1563/427
f 436/1561/427 438/1563/427 437/1564/427
f 440/1565/428 441/1566/428 442/1567/428
f 440/1565/428 442/1567/428 443/1568/428
f 436/1569/429 440/1570/429 443/1571/429
f 436/1569/429 443/1571/429 439/1572/429
f 437/1573/430 438/1574/430 442/1575/430
f 437/1573/430 442/1575/430 441/1576/430
f 436/1577/431 437/1578/431 441/1579/431
f 436/1577/431 441/1579/431 440/1580/431
f 439/1581/432 443/1582/432 442/1583/432
f 439/1581/432 442/1583/432 438/1584/432
f 444/1585/433 447/1586/433 446/1587/433
f 444/1585/433 446/1587/433 445/1588/433
f 448/1589/434 449/1590/434 450/1591/434
f 448/1589/434 450/1591/434 451/1592/434
f 444/1593/435 448/1594/435 451/1595/435
f 444/1593/435 451/1595/435 447/1596/435
f 445/1597/436 446/1598/436 450/1599/436
f 445/1597/436 450/1599/436 449/1600/436
f 444/1601/437 445/1602/437 449/1603/437
f 444/1601/437 449/1603/437 448/1604/437
f 447/1605/438 451/1606/438 450/1607/438
f 447/1605/438 450/1607/438 446/1608/438
f 452/1609/439 455/1610/439 454/1611/439
f 452/1609/439 454/1611/439 453/1612/439
f 456/1613/440 457/1614/440 458/1615/440
f 456/1613/440 458/1615/440 459/1616/440
f 452/1617/441 456/1618/441 459/1619/441
f 452/1617/441 459/1619/441 455/1620/441
f 453/1621/442 454/1622/442 458/1623/442
f 453/1621/442 458/1623/442 457/1624/442
f 452/1625/443 453/1626/443 457/1627/443
f 452/1625/443 457/1627/443 456/1628/443
f 455/1629/444 459/1630/444 458/1631/444
f 455/1629/444 458/1631/444 454/1632/444
f 460/1633/445 463/1634/445 462/1635/445
f 460/1633/445 462/1635/445 461/1636/445
f 464/1637/446 465/1638/446 466/1639/446
f 464/1637/446 466/1639/446 467/1640/446
f 460/1641/447 464/1642/447 467/1643/447
f 460/1641/447 467/1643/447 463/1644/447
f 461/1645/448 462/1646/448 466/1647/448
f 461/1645/448 466/1647/448 465/1648/448
f 460/1649/449 461/1650/449 465/1651/449
f 460/1649/449 465/1651/449 464/1652/449
f 463/1653/450 467/1654/450 466/1655/450
f 463/1653/450 466/1655/450 462/1656/450
f 468/1657/451 471/1658/451 470/1659/451
f 468/1657/451 470/1659/451 469/1660/451
f 472/1661/452 473/1662/452 474/1663/452
f 472/1661/452 474/1663/452 475/1664/452
f 468/1665/453 472/1666/453 475/1667/453
f 468/1665/453 475/1667/453 471/1668/453
f 469/1669/454 470/1670/454 474/1671/454
f 469/1669/454 474/1671/454 473/1672/454
f 468/1673/455 469/1674/455 473/1675/455
f 468/1673/455 473/1675/455 472/1676/455
f 471/1677/456 475/1678/456 474/1679/456
f 471/1677/456 474/1679/456 470/1680/456
f 476/1681/457 479/1682/457 478/1683/457
f 476/1681/457 478/1683/457 477/1684/457
f 480/1685/458 481/1686/458 482/1687/458
f 480/1685/458 482/1687/458 483/1688/458
f 476/1689/459 480/1690/459 483/1691/459
f 476/1689/459 483/1691/459 479/1692/459
f 477/1693/460 478/1694/460 482/1695/460
f 477/1693/460 482/1695/460 481/1696/460
f 476/1697/461 477/1698/461 481/1699/461
f 476/1697/461 481/1699/461 480/1700/461
f 479/1701/462 483/1702/462 482/1703/462
f 479/1701/462 482/1703/462 478/1704/462
f 484/1705/463 487/1706/463 486/1707/463
f 484/1705/463 486/1707/463 485/1708/463
f 488/1709/464 489/1710/464 490/1711/464
f 488/1709/464 490/1711/464 491/1712/464
f 484/1713/465 488/1714/465 491/1715/465
f 484/1713/465 491/1715/465 487/1716/465
f 485/1717/466 486/1718/466 490/1719/466
f 485/1717/466 490/1719/466 489/1720/466
f 484/1721/467 485/1722/467 489/1723/467
f 484/1721/467 489/1723/467 488/1724/467
f 487/1725/468 491/1726/468 490/1727/468
f 487/1725/468 490/1727/468 486/1728/468
f 492/1729/469 495/1730/469 494/1731/469
f 492/1729/469 494/1731/469 493/1732/469
f 496/1733/470 497/1734/470 498/1735/470
f 496/1733/470 498/1735/470 499/1736/470
f 492/1737/471 496/1738/471 499/1739/471
f 492/1737/471 499/1739/471 495/1740/471
f 493/1741/472 494/1742/472 498/1743/472
f 493/1741/472 498/1743/472 497/1744/472
f 492/1745/473 493/1746/473 497/1747/473
f 492/1745/473 497/1747/473 496/1748/473
f 495/1749/474 499/1750/474 498/1751/474
f 495/1749/474 498/1751/474 494/1752/474
f 500/1753/475 503/1754/475 502/1755/475
f 500/1753/475 502/1755/475 501/1756/475
f 504/1757/476 505/1758/476 506/1759/476
f 504/1757/476 506/1759/476 507/1760/476
f 500/1761/477 504/1762/477 507/1763/477
f 500/1761/477 507/1763/477 503/1764/477
f 501/1765/478 502/1766/478 506/1767/478
f 501/1765/478 506/1767/478 505/1768/478
f 500/1769/479 501/1770/479 505/1771/479
f 500/1769/479 505/1771/479 504/1772/479
f 503/1773/480 507/1774/480 506/1775/480
f 503/1773/480 506/1775/480 502/1776/480
f 508/1777/481 511/1778/481 510/1779/481
f 508/1777/481 510/1779/481 509/1780/481
f 512/1781/482 513/1782/482 514/1783/482
f 512/1781/482 514/1783/482 515/1784/482
f 508/1785/483 512/1786/483 515/1787/483
f 508/1785/483 515/1787/483 511/1788/483
f 509/1789/484 510/1790/484 514/1791/484
f 509/1789/484 514/1791/484 513/1792/484
f 508/1793/485 509/1794/485 513/1795/485
f 508/1793/485 513/1795/485 512/1796/485
f 511/1797/486 515/1798/486 514/1799/486
f 511/1797/486 514/1799/486 510/1800/486
f 516/1801/487 519/1802/487 518/1803/487
f 516/1801/487 518/1803/487 517/1804/487
f 520/1805/488 521/1806/488 522/1807/488
f 520/1805/488 522/1807/488 523/1808/488
f 516/1809/489 520/1810/489 523/1811/489
f 516/1809/489 523/1811/489 519/1812/489
f 517/1813/490 518/1814/490 522/1815/490
f 517/1813/490 522/1815/490 521/1816/490
f 516/1817/491 517/1818/491 521/1819/491
f 516/1817/491 521/1819/491 520/1820/491
f 519/1821/492 523/1822/492 522/1823/492
f 519/1821/492 522/1823/492 518/1824/492
f 524/1825/493 527/1826/493 526/1827/493
f 524/1825/493 526/1827/493 525/1828/493
f 528/1829/494 529/1830/494 530/1831/494
f 528/1829/494 530/1831/494 531/1832/494
f 524/1833/495 528/1834/495 531/1835/495
f 524/1833/495 531/1835/495 527/1836/495
f 525/1837/496 526/1838/496 530/1839/496
f 525/1837/496 530/1839/496 529/1840/496
f 524/1841/497 525/1842/497 529/1843/497
f 524/1841/497 529/1843/497 528/1844/497
f 527/1845/498 531/1846/498 530/1847/498
f 527/1845/498 530/1847/498 526/1848/498
f 532/1849/499 533/1850/499 534/1851/499
f 532/1849/499 534/1851/499 535/1852/499
f 372/1853/500 532/1854/500 535/1855/500
f 536/1856/501 534/1857/501 533/1858/501
f 535/1859/502 534/1860/502 537/1861/502
f 535/1859/502 537/1861/502 538/1862/502
f 372/1863/503 535/1864/503 538/1865/503
f 536/1866/504 537/1867/504 534/1868/504
f 538/1869/505 537/1870/505 539/1871/505
f 538/1869/505 539/1871/505 540/1872/505
f 372/1873/506 538/1874/506 540/1875/506
f 536/1876/507 539/1877/507 537/1878/507
f 540/1879/508 539/1880/508 541/1881/508
f 540/1879/508 541/1881/508 542/1882/508
f 372/1883/509 540/1884/509 542/1885/509
f 536/1886/510 541/1887/510 539/1888/510
f 542/1889/511 541/1890/511 543/1891/511
f 542/1889/511 543/1891/511 544/1892/511
f 372/1893/512 542/1894/512 544/1895/512
f 536/1896/513 543/1897/513 541/1898/513
f 544/1899/514 543/1900/514 545/1901/514
f 544/1899/514 545/1901/514 546/1902/514
f 372/1903/515 544/1904/515 546/1905/515
f 536/1906/516 545/1907/516 543/1908/516
f 546/1909/517 545/1910/517 547/1911/517
f 546/1909/517 547/1911/517 548/1912/517
f 372/1913/518 546/1914/518 548/1915/518
f 536/1916/519 547/1917/519 545/1918/519
f 548/1919/520 547/1920/520 533/1921/520
f 548/1919/520 533/1921/520 532/1922/520
f 372/1923/521 548/1924/521 532/1925/521
f 536/1926/522 533/1927/522 547/1928/522
f 549/1929/523 550/1930/523 551/1931/523
f 549/1929/523 551/1931/523 552/1932/523
f 553/1933/524 549/1934/524 552/1935/524
f 554/1936/525 551/1937/525 550/1938/525
f 552/1939/526 551/1940/526 555/1941/526
f 552/1939/526 555/1941/526 556/1942/526
f 553/1943/527 552/1944/527 556/1945/527
f 554/1946/528 555/1947/528 551/1948/528
f 556/1949/529 555/1950/529 557/1951/529
f 556/1949/529 557/1951/529 558/1952/529
f 553/1953/530 556/1954/530 558/1955/530
f 554/1956/531 557/1957/531 555/1958/531
f 558/1959/532 557/1960/532 559/1961/532
f 558/1959/532 559/1961/532 560/1962/532
f 553/1963/533 558/1964/533 560/1965/533
f 554/1966/534 559/1967/534 557/1968/534
f 560/1969/535 559/1970/535 561/1971/535
f 560/1969/535 561/1971/535 562/1972/535
f 553/1973/536 560/1974/536 562/1975/536
f 554/1976/537 561/1977/537 559/1978/537
f 562/1979/538 561/1980/538 563/1981/538
f 562/1979/538 563/1981/538 564/1982/538
f 553/1983/539 562/1984/539 564/1985/539
f 554/1986/540 563/1987/540 561/1988/540
f 564/1989/541 563/1990/541 565/1991/541
f 564/1989/541 565/1991/541 566/1992/541
f 553/1993/542 564/1994/542 566/1995/542
f 554/1996/543 565/1997/543 563/1998/543
f 566/1999/544 565/2000/544 567/2001/544
f 566/1999/544 567/2001/544 568/2002/544
f 553/2003/545 566/2004/545 568/2005/545
f 554/2006/546 567/2007/546 565/2008/546
f 568/2009/547 567/2010/547 569/2011/547
f 568/2009/547 569/2011/547 570/2012/547
f 553/2013/548 568/2014/548 570/2015/548
f 554/2016/549 569/2017/549 567/2018/549
f 570/2019/550 569/2020/550 571/2021/550
f 570/2019/550 571/2021/550 572/2022/550
f 553/2023/551 570/2024/551 572/2025/551
f 554/2026/552 571/2027/552 569/2028/552
f 572/2029/553 571/2030/553 573/2031/553
f 572/2029/553 573/2031/553 574/2032/553
f 553/2033/554 572/2034/554 574/2035/554
f 554/2036/555 573/2037/555 571/2038/555
f 574/2039/556 573/2040/556 575/2041/556
f 574/2039/556 575/2041/556 576/2042/556
f 553/2043/557 574/2044/557 576/2045/557
f 554/2046/558 575/2047/558 573/2048/558
f 576/2049/559 575/2050/559 577/2051/559
f 576/2049/559 577/2051/559 578/2052/559
f 553/2053/560 576/2054/560 578/2055/560
f 554/2056/561 577/2057/561 575/2058/561
f 578/2059/562 577/2060/562 579/2061/562
f 578/2059/562 579/2061/562 580/2062/562
f 553/2063/563 578/2064/563 580/2065/563
f 554/2066/564 579/2067/564 577/2068/564
f 580/2069/565 579/2070/565 581/2071/565
f 580/2069/565 581/2071/565 582/2072/565
f 553/2073/566 580/2074/566 582/2075/566
f 554/2076/567 581/2077/567 579/2078/567
f 582/2079/568 581/2080/568 550/2081/568
f 582/2079/568 550/2081/568 549/2082/568
f 553/2083/569 582/2084/569 549/2085/569
f 554/2086/570 550/2087/570 581/2088/570
f 583/2089/571 584/2090/571 585/2091/571
f 583/2089/571 585/2091/571 586/2092/571
f 587/2093/572 583/2094/572 586/2095/572
f 588/2096/573 585/2097/573 584/2098/573
f 586/2099/574 585/2100/574 589/2101/574
f 586/2099/574 589/2101/574 590/2102/574
f 587/2103/575 586/2104/575 590/2105/575
f 588/2106/576 589/2107/576 585/2108/576
f 590/2109/577 589/2110/577 591/2111/577
f 590/2109/577 591/2111/577 592/2112/577
f 587/2113/578 590/2114/578 592/2115/578
f 588/2116/579 591/2117/579 589/2118/579
f 592/2119/580 591/2120/580 593/2121/580
f 592/2119/580 593/2121/580 594/2122/580
f 587/2123/581 592/2124/581 594/2125/581
f 588/2126/582 593/2127/582 591/2128/582
f 594/2129/583 593/2130/583 595/2131/583
f 594/2129/583 595/2131/583 596/2132/583
f 587/2133/584 594/2134/584 596/2135/584
f 588/2136/585 595/2137/585 593/2138/585
f 596/2139/586 595/2140/586 597/2141/586
f 596/2139/586 597/2141/586 598/2142/586
f 587/2143/587 596/2144/587 598/2145/587
f 588/2146/588 597/2147/588 595/2148/588
f 598/2149/589 597/2150/589 599/2151/589
f 598/2149/589 599/2151/589 600/2152/589
f 587/2153/590 598/2154/590 600/2155/590
f 588/2156/591 599/2157/591 597/2158/591
f 600/2159/592 599/2160/592 584/2161/592
f 600/2159/592 584/2161/592 583/2162/592
f 587/2163/593 600/2164/593 583/2165/593
f 588/2166/594 584/2167/594 599/2168/594
f 601/2169/595 602/2170/595 603/2171/595
f 601/2169/595 603/2171/595 604/2172/595
f 587/2173/596 601/2174/596 604/2175/596
f 605/2176/597 603/2177/597 602/2178/597
f 604/2179/598 603/2180/598 606/2181/598
f 604/2179/598 606/2181/598 607/2182/598
f 587/2183/599 604/2184/599 607/2185/599
f 605/2186/600 606/2187/600 603/2188/600
f 607/2189/601 606/2190/601 608/2191/601
f 607/2189/601 608/2191/601 609/2192/601
f 587/2193/602 607/2194/602 609/2195/602
f 605/2196/603 608/2197/603 606/2198/603
f 609/2199/604 608/2200/604 610/2201/604
f 609/2199/604 610/2201/604 611/2202/604
f 587/2203/605 609/2204/605 611/2205/605
f 605/2206/606 610/2207/606 608/2208/606
f 611/2209/607 610/2210/607 612/2211/607
f 611/2209/607 612/2211/607 613/2212/607
f 587/2213/608 611/2214/608 613/2215/608
f 605/2216/609 612/2217/609 610/2218/609
f 613/2219/610 612/2220/610 614/2221/610
f 613/2219/610 614/2221/610 615/2222/610
f 587/2223/611 613/2224/611 615/2225/611
f 605/2226/612 614/2227/612 612/2228/612
f 615/2229/613 614/2230/613 616/2231/613
f 615/2229/613 616/2231/613 617/2232/613
f 587/2233/614 615/2234/614 617/2235/614
f 605/2236/615 616/2237/615 614/2238/615
f 617/2239/616 616/2240/616 602/2241/616
f 617/2239/616 602/2241/616 601/2242/616
f 587/2243/617 617/2244/617 601/2245/617
f 605/2246/618 602/2247/618 616/2248/618
f 618/2249/619 621/2250/619 620/2251/619
f 618/2249/619 620/2251/619 619/2252/619
f 622/2253/620 623/2254/620 624/2255/620
f 622/2253/620 624/2255/620 625/2256/620
f 618/2257/621 622/2258/621 625/2259/621
f 618/2257/621 625/2259/621 621/2260/621
f 619/2261/622 620/2262/622 624/2263/622
f 619/2261/622 624/2263/622 623/2264/622
f 618/2265/623 619/2266/623 623/2267/623
f 618/2265/623 623/2267/623 622/2268/623
f 621/2269/624 625/2270/624 624/2271/624
f 621/2269/624 624/2271/624 620/2272/624
f 626/2273/625 629/2274/625 628/2275/625
f 626/2273/625 628/2275/625 627/2276/625
f 630/2277/626 631/2278/626 632/2279/626
f 630/2277/626 632/2279/626 633/2280/626
f 626/2281/627 630/2282/627 633/2283/627
f 626/2281/627 633/2283/627 629/2284/627
f 627/2285/628 628/2286/628 632/2287/628
f 627/2285/628 632/2287/628 631/2288/628
f 626/2289/629 627/2290/629 631/2291/629
f 626/2289/629 631/2291/629 630/2292/629
f 629/2293/630 633/2294/630 632/2295/630
f 629/2293/630 632/2295/630 628/2296/630
f 634/2297/631 637/2298/631 636/2299/631
f 634/2297/631 636/2299/631 635/2300/631
f 638/2301/632 639/2302/632 640/2303/632
f 638/2301/632 640/2303/632 641/2304/632
f 634/2305/633 638/2306/633 641/2307/633
f 634/2305/633 641/2307/633 637/2308/633
f 635/2309/634 636/2310/634 640/2311/634
f 635/2309/634 640/2311/634 639/2312/634
f 634/2313/635 635/2314/635 639/2315/635
f 634/2313/635 639/2315/635 638/2316/635
f 637/2317/636 641/2318/636 640/2319/636
f 637/2317/636 640/2319/636 636/2320/636
f 642/2321/637 645/2322/637 644/2323/637
f 642/2321/637 644/2323/637 643/2324/637
f 646/2325/638 647/2326/638 648/2327/638
f 646/2325/638 648/2327/638 649/2328/638
f 642/2329/639 646/2330/639 649/2331/639
f 642/2329/639 649/2331/639 645/2332/639
f 643/2333/640 644/2334/640 648/2335/640
f 643/2333/640 648/2335/640 647/2336/640
f 642/2337/641 643/2338/641 647/2339/641
f 642/2337/641 647/2339/641 646/2340/641
f 645/2341/642 649/2342/642 648/2343/642
f 645/2341/642 648/2343/642 644/2344/642
f 650/2345/643 653/2346/643 652/2347/643
f 650/2345/643 652/2347/643 651/2348/643
f 654/2349/644 655/2350/644 656/2351/644
f 654/2349/644 656/2351/644 657/2352/644
f 650/2353/645 654/2354/645 657/2355/645
f 650/2353/645 657/2355/645 653/2356/645
f 651/2357/646 652/2358/646 656/2359/646
f 651/2357/646 656/2359/646 655/2360/646
f 650/2361/647 651/2362/647 655/2363/647
f 650/2361/647 655/2363/647 654/2364/647
f 653/2365/648 657/2366/648 656/2367/648
f 653/2365/648 656/2367/648 652/2368/648
f 658/2369/649 661/2370/649 660/2371/649
f 658/2369/649 660/2371/649 659/2372/649
f 662/2373/650 663/2374/650 664/2375/650
f 662/2373/650 664/2375/650 665/2376/650
f 658/2377/651 662/2378/651 665/2379/651
f 658/2377/651 665/2379/651 661/2380/651
f 659/2381/652 660/2382/652 664/2383/652
f 659/2381/652 664/2383/652 663/2384/652
f 658/2385/653 659/2386/653 663/2387/653
f 658/2385/653 663/2387/653 662/2388/653
f 661/2389/654 665/2390/654 664/2391/654
f 661/2389/654 664/2391/654 660/2392/654
f 666/2393/655 669/2394/655 668/2395/655
f 666/2393/655 668/2395/655 667/2396/655
f 670/2397/656 671/2398/656 672/2399/656
f 670/2397/656 672/2399/656 673/2400/656
f 666/2401/657 670/2402/657 673/2403/657
f 666/2401/657 673/2403/657 669/2404/657
f 667/2405/658 668/2406/658 672/2407/658
f 667/2405/658 672/2407/658 671/2408/658
f 666/2409/659 667/2410/659 671/2411/659
f 666/2409/659 671/2411/659 670/2412/659
f 669/2413/660 673/2414/660 672/2415/660
f 669/2413/660 672/2415/660 668/2416/660
f 674/2417/661 677/2418/661 676/2419/661
f 674/2417/661 676/2419/661 675/2420/661
f 678/2421/662 679/2422/662 680/2423/662
f 678/2421/662 680/2423/662 681/2424/662
f 674/2425/663 678/2426/663 681/2427/663
f 674/2425/663 681/2427/663 677/2428/663
f 675/2429/664 676/2430/664 680/2431/664
f 675/2429/664 680/2431/664 679/2432/664
f 674/2433/665 675/2434/665 679/2435/665
f 674/2433/665 679/2435/665 678/2436/665
f 677/2437/666 681/2438/666 680/2439/666
f 677/2437/666 680/2439/666 676/2440/666
f 682/2441/667 685/2442/667 684/2443/667
f 682/2441/667 684/2443/667 683/2444/667
f 686/2445/668 687/2446/668 688/2447/668
f 686/2445/668 688/2447/668 689/2448/668
f 682/2449/669 686/2450/669 689/2451/669
f 682/2449/669 689/2451/669 685/2452/669
f 683/2453/670 684/2454/670 688/2455/670
f 683/2453/670 688/2455/670 687/2456/670
f 682/2457/671 683/2458/671 687/2459/671
f 682/2457/671 687/2459/671 686/2460/671
f 685/2461/672 689/2462/672 688/2463/672
f 685/2461/672 688/2463/672 684/2464/672
f 690/2465/673 693/2466/673 692/2467/673
f 690/2465/673 692/2467/673 691/2468/673
f 694/2469/674 695/2470/674 696/2471/674
f 694/2469/674 696/2471/674 697/2472/674
f 690/2473/675 694/2474/675 697/2475/675
f 690/2473/675 697/2475/675 693/2476/675
f 691/2477/676 692/2478/676 696/2479/676
f 691/2477/676 696/2479/676 695/2480/676
f 690/2481/677 691/2482/677 695/2483/677
f 690/2481/677 695/2483/677 694/2484/677
f 693/2485/678 697/2486/678 696/2487/678
f 693/2485/678 696/2487/678 692/2488/678
f 698/2489/679 701/2490/679 700/2491/679
f 698/2489/679 700/2491/679 699/2492/679
f 702/2493/680 703/2494/680 704/2495/680
f 702/2493/680 704/2495/680 705/2496/680
f 698/2497/681 702/2498/681 705/2499/681
f 698/2497/681 705/2499/681 701/2500/681
f 699/2501/682 700/2502/682 704/2503/682
f 699/2501/682 704/2503/682 703/2504/682
f 698/2505/683 699/2506/683 703/2507/683
f 698/2505/683 703/2507/683 702/2508/683
f 701/2509/684 705/2510/684 704/2511/684
f 701/2509/684 704/2511/684 700/2512/684
f 706/2513/685 709/2514/685 708/2515/685
f 706/2513/685 708/2515/685 707/2516/685
f 710/2517/686 711/2518/686 712/2519/686
f 710/2517/686 712/2519/686 713/2520/686
f 706/2521/687 710/2522/687 713/2523/687
f 706/2521/687 713/2523/687 709/2524/687
f 707/2525/688 708/2526/688 712/2527/688
f 707/2525/688 712/2527/688 711/2528/688
f 706/2529/689 707/2530/689 711/2531/689
f 706/2529/689 711/2531/689 710/2532/689
f 709/2533/690 713/2534/690 712/2535/690
f 709/2533/690 712/2535/690 708/2536/690
f 714/2537/691 715/2538/691 716/2539/691
f 714/2537/691 716/2539/691 717/2540/691
f 554/2541/692 714/2542/692 717/2543/692
f 718/2544/693 716/2545/693 715/2546/693
f 717/2547/694 716/2548/694 719/2549/694
f 717/2547/694 719/2549/694 720/2550/694
f 554/2551/695 717/2552/695 720/2553/695
f 718/2554/696 719/2555/696 716/2556/696
f 720/2557/697 719/2558/697 721/2559/697
f 720/2557/697 721/2559/697 722/2560/697
f 554/2561/698 720/2562/698 722/2563/698
f 718/2564/699 721/2565/699 719/2566/699
f 722/2567/700 721/2568/700 723/2569/700
f 722/2567/700 723/2569/700 724/2570/700
f 554/2571/701 722/2572/701 724/2573/701
f 718/2574/702 723/2575/702 721/2576/702
f 724/2577/703 723/2578/703 725/2579/703
f 724/2577/703 725/2579/703 726/2580/703
f 554/2581/704 724/2582/704 726/2583/704
f 718/2584/705 725/2585/705 723/2586/705
f 726/2587/706 725/2588/706 727/2589/706
f 726/2587/706 727/2589/706 728/2590/706
f 554/2591/707 726/2592/707 728/2593/707
f 718/2594/708 727/2595/708 725/2596/708
f 728/2597/709 727/2598/709 729/2599/709
f 728/2597/709 729/2599/709 730/2600/709
f 554/2601/710 728/2602/710 730/2603/710
f 718/2604/711 729/2605/711 727/2606/711
f 730/2607/712 729/2608/712 715/2609/712
f 730/2607/712 715/2609/712 714/2610/712
f 554/2611/713 730/2612/713 714/2613/713
f 718/2614/714 715/2615/714 729/2616/714
f 731/2617/715 732/2618/715 733/2619/715
f 731/2617/715 733/2619/715 734/2620/715
f 735/2621/716 731/2622/716 734/2623/716
f 736/2624/717 733/2625/717 732/2626/717
f 734/2627/718 733/2628/718 737/2629/718
f 734/2627/718 737/2629/718 738/2630/718
f 735/2631/719 734/2632/719 738/2633/719
f 736/2634/720 737/2635/720 733/2636/720
f 738/2637/721 737/2638/721 739/2639/721
f 738/2637/721 739/2639/721 740/2640/721
f 735/2641/722 738/2642/722 740/2643/722
f 736/2644/723 739/2645/723 737/2646/723
f 740/2647/724 739/2648/724 741/2649/724
f 740/2647/724 741/2649/724 742/2650/724
f 735/2651/725 740/2652/725 742/2653/725
f 736/2654/726 741/2655/726 739/2656/726
f 742/2657/727 741/2658/727 743/2659/727
f 742/2657/727 743/2659/727 744/2660/727
f 735/2661/728 742/2662/728 744/2663/728
f 736/2664/729 743/2665/729 741/2666/729
f 744/2667/730 743/2668/730 745/2669/730
f 744/2667/730 745/2669/730 746/2670/730
f 735/2671/731 744/2672/731 746/2673/731
f 736/2674/732 745/2675/732 743/2676/732
f 746/2677/733 745/2678/733 747/2679/733
f 746/2677/733 747/2679/733 748/2680/733
f 735/2681/734 746/2682/734 748/2683/734
f 736/2684/735 747/2685/735 745/2686/735
f 748/2687/736 747/2688/736 749/2689/736
f 748/2687/736 749/2689/736 750/2690/736
f 735/2691/737 748/2692/737 750/2693/737
f 736/2694/738 749/2695/738 747/2696/738
f 750/2697/739 749/2698/739 751/2699/739
f 750/2697/739 751/2699/739 752/2700/739
f 735/2701/740 750/2702/740 752/2703/740
f 736/2704/741 751/2705/741 749/2706/741
f 752/2707/742 751/2708/742 753/2709/742
f 752/2707/742 753/2709/742 754/2710/742
f 735/2711/743 752/2712/743 754/2713/743
f 736/2714/744 753/2715/744 751/2716/744
f 754/2717/745 753/2718/745 755/2719/745
f 754/2717/745 755/2719/745 756/2720/745
f 735/2721/746 754/2722/746 756/2723/746
f 736/2724/747 755/2725/747 753/2726/747
f 756/2727/748 755/2728/748 757/2729/748
f 756/2727/748 757/2729/748 758/2730/748
f 735/2731/749 756/2732/749 758/2733/749
f 736/2734/750 757/2735/750 755/2736/750
f 758/2737/751 757/2738/751 759/2739/751
f 758/2737/751 759/2739/751 760/2740/751
f 735/2741/752 758/2742/752 760/2743/752
f 736/2744/753 759/2745/753 757/2746/753
f 760/2747/754 759/2748/754 761/2749/754
f 760/2747/754 761/2749/754 762/2750/754
f 735/2751/755 760/2752/755 762/2753/755
f 736/2754/756 761/2755/756 759/2756/756
f 762/2757/757 761/2758/757 763/2759/757
f 762/2757/757 763/2759/757 764/2760/757
f 735/2761/758 762/2762/758 764/2763/758
f 736/2764/759 763/2765/759 761/2766/759
f 764/2767/760 763/2768/760 732/2769/760
f 764/2767/760 732/2769/760 731/2770/760
f 735/2771/761 764/2772/761 731/2773/761
f 736/2774/762 732/2775/762 763/2776/762
f 765/2777/763 766/2778/763 767/2779/763
f 765/2777/763 767/2779/763 768/2780/763
f 769/2781/764 765/2782/764 768/2783/764
f 770/2784/765 767/2785/765 766/2786/765
f 768/2787/766 767/2788/766 771/2789/766
f 768/2787/766 771/2789/766 772/2790/766
f 769/2791/767 768/2792/767 772/2793/767
f 770/2794/768 771/2795/768 767/2796/768
f 772/2797/769 771/2798/769 773/2799/769
f 772/2797/769 773/2799/769 774/2800/769
f 769/2801/770 772/2802/770 774/2803/770
f 770/2804/771 773/2805/771 771/2806/771
f 774/2807/772 773/2808/772 775/2809/772
f 774/2807/772 775/2809/772 776/2810/772
f 769/2811/773 774/2812/773 776/2813/773
f 770/2814/774 775/2815/774 773/2816/774
f 776/2817/775 775/2818/775 777/2819/775
f 776/2817/775 777/2819/775 778/2820/775
f 769/2821/776 776/2822/776 778/2823/776
f 770/2824/777 777/2825/777 775/2826/777
f 778/2827/778 777/2828/778 779/2829/778
f 778/2827/778 779/2829/778 780/2830/778
f 769/2831/779 778/2832/779 780/2833/779
f 770/2834/780 779/2835/780 777/2836/780
f 780/2837/781 779/2838/781 781/2839/781
f 780/2837/781 781/2839/781 782/2840/781
f 769/2841/782 780/2842/782 782/2843/782
f 770/2844/783 781/2845/783 779/2846/783
f 782/2847/784 781/2848/784 766/2849/784
f 782/2847/784 766/2849/784 765/2850/784
f 769/2851/785 782/2852/785 765/2853/785
f 770/2854/786 766/2855/786 781/2856/786
f 783/2857/787 784/2858/787 785/2859/787
f 783/2857/787 785/2859/787 786/2860/787
f 769/2861/788 783/2862/788 786/2863/788
f 787/2864/789 785/2865/789 784/2866/789
f 786/2867/790 785/2868/790 788/2869/790
f 786/2867/790 788/2869/790 789/2870/790
f 769/2871/791 786/2872/791 789/2873/791
f 787/2874/792 788/2875/792 785/2876/792
f 789/2877/793 788/2878/793 790/2879/793
f 789/2877/793 790/2879/793 791/2880/793
f 769/2881/794 789/2882/794 791/2883/794
f 787/2884/795 790/2885/795 788/2886/795
f 791/2887/796 790/2888/796 792/2889/796
f 791/2887/796 792/2889/796 793/2890/796
f 769/2891/797 791/2892/797 793/2893/797
f 787/2894/798 792/2895/798 790/2896/798
f 793/2897/799 792/2898/799 794/2899/799
f 793/2897/799 794/2899/799 795/2900/799
f 769/2901/800 793/2902/800 795/2903/800
f 787/2904/801 794/2905/801 792/2906/801
f 795/2907/802 794/2908/802 796/2909/802
f 795/2907/802 796/2909/802 797/2910/802
f 769/2911/803 795/2912/803 797/2913/803
f 787/2914/804 796/2915/804 794/2916/804
f 797/2917/805 796/2918/805 798/2919/805
f 797/2917/805 798/2919/805 799/2920/805
f 769/2921/806 797/2922/806 799/2923/806
f 787/2924/807 798/2925/807 796/2926/807
f 799/2927/808 798/2928/808 784/2929/808
f 799/2927/808 784/2929/808 783/2930/808
f 769/2931/809 799/2932/809 783/2933/809
f 787/2934/810 784/2935/810 798/2936/810
f 800/2937/811 803/2938/811 802/2939/811
f 800/2937/811 802/2939/811 801/2940/811
f 804/2941/812 805/2942/812 806/2943/812
f 804/2941/812 806/2943/812 807/2944/812
f 800/2945/813 804/2946/813 807/2947/813
f 800/2945/813 807/2947/813 803/2948/813
f 801/2949/814 802/2950/814 806/2951/814
f 801/2949/814 806/2951/814 805/2952/814
f 800/2953/815 801/2954/815 805/2955/815
f 800/2953/815 805/2955/815 804/2956/815
f 803/2957/816 807/2958/816 806/2959/816
f 803/2957/816 806/2959/816 802/2960/816
f 808/2961/817 811/2962/817 810/2963/817
f 808/2961/817 810/2963/817 809/2964/817
f 812/2965/818 813/2966/818 814/2967/818
f 812/2965/818 814/2967/818 815/2968/818
f 808/2969/819 812/2970/819 815/2971/819
f 808/2969/819 815/2971/819 811/2972/819
f 809/2973/820 810/2974/820 814/2975/820
f 809/2973/820 814/2975/820 813/2976/820
f 808/2977/821 809/2978/821 813/2979/821
f 808/2977/821 813/2979/821 812/2980/821
f 811/2981/822 815/2982/822 814/2983/822
f 811/2981/822 814/2983/822 810/2984/822
f 816/2985/823 819/2986/823 818/2987/823
f 816/2985/823 818/2987/823 817/2988/823
f 820/2989/824 821/2990/824 822/2991/824
f 820/2989/824 822/2991/824 823/2992/824
f 816/2993/825 820/2994/825 823/2995/825
f 816/2993/825 823/2995/825 819/2996/825
f 817/2997/826 818/2998/826 822/2999/826
f 817/2997/826 822/2999/826 821/3000/826
f 816/3001/827 817/3002/827 821/3003/827
f 816/3001/827 821/3003/827 820/3004/827
f 819/3005/828 823/3006/828 822/3007/828
f 819/3005/828 822/3007/828 818/3008/828
f 824/3009/829 827/3010/829 826/3011/829
f 824/3009/829 826/3011/829 825/3012/829
f 828/3013/830 829/3014/830 830/3015/830
f 828/3013/830 830/3015/830 831/3016/830
f 824/3017/831 828/3018/831 831/3019/831
f 824/3017/831 831/3019/831 827/3020/831
f 825/3021/832 826/3022/832 830/3023/832
f 825/3021/832 830/3023/832 829/3024/832
f 824/3025/833 825/3026/833 829/3027/833
f 824/3025/833 829/3027/833 828/3028/833
f 827/3029/834 831/3030/834 830/3031/834
f 827/3029/834 830/3031/834 826/3032/834
f 832/3033/835 835/3034/835 834/3035/835
f 832/3033/835 834/3035/835 833/3036/835
f 836/3037/836 837/3038/836 838/3039/836
f 836/3037/836 838/3039/836 839/3040/836
f 832/3041/837 836/3042/837 839/3043/837
f 832/3041/837 839/3043/837 835/3044/837
f 833/3045/838 834/3046/838 838/3047/838
f 833/3045/838 838/3047/838 837/3048/838
f 832/3049/839 833/3050/839 837/3051/839
f 832/3049/839 837/3051/839 836/3052/839
f 835/3053/840 839/3054/840 838/3055/840
f 835/3053/840 838/3055/840 834/3056/840
f 840/3057/841 843/3058/841 842/3059/841
f 840/3057/841 842/3059/841 841/3060/841
f 844/3061/842 845/3062/842 846/3063/842
f 844/3061/842 846/3063/842 847/3064/842
f 840/3065/843 844/3066/843 847/3067/843
f 840/3065/843 847/3067/843 843/3068/843
f 841/3069/844 842/3070/844 846/3071/844
f 841/3069/844 846/3071/844 845/3072/844
f 840/3073/845 841/3074/845 845/3075/845
f 840/3073/845 845/3075/845 844/3076/845
f 843/3077/846 847/3078/846 846/3079/846
f 843/3077/846 846/3079/846 842/3080/846
f 848/3081/847 851/3082/847 850/3083/847
f 848/3081/847 850/3083/847 849/3084/847
f 852/3085/848 853/3086/848 854/3087/848
f 852/3085/848 854/3087/848 855/3088/848
f 848/3089/849 852/3090/849 855/3091/849
f 848/3089/849 855/3091/849 851/3092/849
f 849/3093/850 850/3094/850 854/3095/850
f 849/3093/850 854/3095/850 853/3096/850
f 848/3097/851 849/3098/851 853/3099/851
f 848/3097/851 853/3099/851 852/3100/851
f 851/3101/852 855/3102/852 854/3103/852
f 851/3101/852 854/3103/852 850/3104/852
f 856/3105/853 859/3106/853 858/3107/853
f 856/3105/853 858/3107/853 857/3108/853
f 860/3109/854 861/3110/854 862/3111/854
f 860/3109/854 862/3111/854 863/3112/854
f 856/3113/855 860/3114/855 863/3115/855
f 856/3113/855 863/3115/855 859/3116/855
f 857/3117/856 858/3118/856 862/3119/856
f 857/3117/856 862/3119/856 861/3120/856
f 856/3121/857 857/3122/857 861/3123/857
f 856/3121/857 861/3123/857 860/3124/857
f 859/3125/858 863/3126/858 862/3127/858
f 859/3125/858 862/3127/858 858/3128/858
f 864/3129/859 867/3130/859 866/3131/859
f 864/3129/859 866/3131/859 865/3132/859
f 868/3133/860 869/3134/860 870/3135/860
f 868/3133/860 870/3135/860 871/3136/860
f 864/3137/861 868/3138/861 871/3139/861
f 864/3137/861 871/3139/861 867/3140/861
f 865/3141/862 866/3142/862 870/3143/862
f 865/3141/862 870/3143/862 869/3144/862
f 864/3145/863 865/3146/863 869/3147/863
f 864/3145/863 869/3147/863 868/3148/863
f 867/3149/864 871/3150/864 870/3151/864
f 867/3149/864 870/3151/864 866/3152/864
f 872/3153/865 875/3154/865 874/3155/865
f 872/3153/865 874/3155/865 873/3156/865
f 876/3157/866 877/3158/866 878/3159/866
f 876/3157/866 878/3159/866 879/3160/866
f 872/3161/867 876/3162/867 879/3163/867
f 872/3161/867 879/3163/867 875/3164/867
f 873/3165/868 874/3166/868 878/3167/868
f 873/3165/868 878/3167/868 877/3168/868
f 872/3169/869 873/3170/869 877/3171/869
f 872/3169/869 877/3171/869 876/3172/869
f 875/3173/870 879/3174/870 878/3175/870
f 875/3173/870 878/3175/870 874/3176/870
f 880/3177/871 883/3178/871 882/3179/871
f 880/3177/871 882/3179/871 881/3180/871
f 884/3181/872 885/3182/872 886/3183/872
f 884/3181/872 886/3183/872 887/3184/872
f 880/3185/873 884/3186/873 887/3187/873
f 880/3185/873 887/3187/873 883/3188/873
f 881/3189/874 882/3190/874 886/3191/874
f 881/3189/874 886/3191/874 885/3192/874
f 880/3193/875 881/3194/875 885/3195/875
f 880/3193/875 885/3195/875 884/3196/875
f 883/3197/876 887/3198/876 886/3199/876
f 883/3197/876 886/3199/876 882/3200/876
f 888/3201/877 891/3202/877 890/3203/877
f 888/3201/877 890/3203/877 889/3204/877
f 892/3205/878 893/3206/878 894/3207/878
f 892/3205/878 894/3207/878 895/3208/878
f 888/3209/879 892/3210/879 895/3211/879
f 888/3209/879 895/3211/879 891/3212/879
f 889/3213/880 890/3214/880 894/3215/880
f 889/3213/880 894/3215/880 893/3216/880
f 888/3217/881 889/3218/881 893/3219/881
f 888/3217/881 893/3219/881 892/3220/881
f 891/3221/882 895/3222/882 894/3223/882
f 891/3221/882 894/3223/882 890/3224/882
f 896/3225/883 897/3226/883 898/3227/883
f 896/3225/883 898/3227/883 899/3228/883
f 736/3229/884 896/3230/884 899/3231/884
f 900/3232/885 898/3233/885 897/3234/885
f 899/3235/886 898/3236/886 901/3237/886
f 899/3235/886 901/3237/886 902/3238/886
f 736/3239/887 899/3240/887 902/3241/887
f 900/3242/888 901/3243/888 898/3244/888
f 902/3245/889 901/3246/889 903/3247/889
f 902/3245/889 903/3247/889 904/3248/889
f 736/3249/890 902/3250/890 904/3251/890
f 900/3252/891 903/3253/891 901/3254/891
f 904/3255/892 903/3256/892 905/3257/892
f 904/3255/892 905/3257/892 906/3258/892
f 736/3259/893 904/3260/893 906/3261/893
f 900/3262/894 905/3263/894 903/3264/894
f 906/3265/895 905/3266/895 907/3267/895
f 906/3265/895 907/3267/895 908/3268/895
f 736/3269/896 906/3270/896 908/3271/896
f 900/3272/897 907/3273/897 905/3274/897
f 908/3275/898 907/3276/898 909/3277/898
f 908/3275/898 909/3277/898 910/3278/898
f 736/3279/899 908/3280/899 910/3281/899
f 900/3282/900 909/3283/900 907/3284/900
f 910/3285/901 909/3286/901 911/3287/901
f 910/3285/901 911/3287/901 912/3288/901
f 736/3289/902 910/3290/902 912/3291/902
f 900/3292/903 911/3293/903 909/3294/903
f 912/3295/904 911/3296/904 897/3297/904
f 912/3295/904 897/3297/904 896/3298/904
f 736/3299/905 912/3300/905 896/3301/905
f 900/3302/906 897/3303/906 911/3304/906
f 913/3305/907 916/3306/907 915/3307/907
f 913/3305/907 915/3307/907 914/3308/907
f 917/3309/908 918/3310/908 919/3311/908
f 917/3309/908 919/3311/908 920/3312/908
f 913/3313/909 917/3314/909 920/3315/909
f 913/3313/909 920/3315/909 916/3316/909
f 914/3317/910 915/3318/910 919/3319/910
f 914/3317/910 919/3319/910 918/3320/910
f 913/3321/911 914/3322/911 918/3323/911
f 913/3321/911 918/3323/911 917/3324/911
f 916/3325/912 920/3326/912 919/3327/912
f 916/3325/912 919/3327/912 915/3328/912
f 921/3329/913 924/3330/913 923/3331/913
f 921/3329/913 923/3331/913 922/3332/913
f 925/3333/914 926/3334/914 927/3335/914
f 925/3333/914 927/3335/914 928/3336/914
f 921/3337/915 925/3338/915 928/3339/915
f 921/3337/915 928/3339/915 924/3340/915
f 922/3341/916 923/3342/916 927/3343/916
f 922/3341/916 927/3343/916 926/3344/916
f 921/3345/917 922/3346/917 926/3347/917
f 921/3345/917 926/3347/917 925/3348/917
f 924/3349/918 928/3350/918 927/3351/918
f 924/3349/918 927/3351/918 923/3352/918
f 929/3353/919 932/3354/919 931/3355/919
f 929/3353/919 931/3355/919 930/3356/919
f 933/3357/920 934/3358/920 935/3359/920
f 933/3357/920 935/3359/920 936/3360/920
f 929/3361/921 933/3362/921 936/3363/921
f 929/3361/921 936/3363/921 932/3364/921
f 930/3365/922 931/3366/922 935/3367/922
f 930/3365/922 935/3367/922 934/3368/922
f 929/3369/923 930/3370/923 934/3371/923
f 929/3369/923 934/3371/923 933/3372/923
f 932/3373/924 936/3374/924 935/3375/924
f 932/3373/924 935/3375/924 931/3376/924
f 937/3377/925 940/3378/925 939/3379/925
f 937/3377/925 939/3379/925 938/3380/925
f 941/3381/926 942/3382/926 943/3383/926
f 941/3381/926 943/3383/926 944/3384/926
f 937/3385/927 941/3386/927 944/3387/927
f 937/3385/927 944/3387/927 940/3388/927
f 938/3389/928 939/3390/928 943/3391/928
f 938/3389/928 943/3391/928 942/3392/928
f 937/3393/929 938/3394/929 942/3395/929
f 937/3393/929 942/3395/929 941/3396/929
f 940/3397/930 944/3398/930 943/3399/930
f 940/3397/930 943/3399/930 939/3400/930
f 945/3401/931 948/3402/931 947/3403/931
f 945/3401/931 947/3403/931 946/3404/931
f 949/3405/932 950/3406/932 951/3407/932
f 949/3405/932 951/3407/932 952/3408/932
f 945/3409/933 949/3410/933 952/3411/933
f 945/3409/933 952/3411/933 948/3412/933
f 946/3413/934 947/3414/934 951/3415/934
f 946/3413/934 951/3415/934 950/3416/934
f 945/3417/935 946/3418/935 950/3419/935
f 945/3417/935 950/3419/935 949/3420/935
f 948/3421/936 952/3422/936 951/3423/936
f 948/3421/936 951/3423/936 947/3424/936
f 953/3425/937 956/3426/937 955/3427/937
f 953/3425/937 955/3427/937 954/3428/937
f 957/3429/938 958/3430/938 959/3431/938
f 957/3429/938 959/3431/938 960/3432/938
f 953/3433/939 957/3434/939 960/3435/939
f 953/3433/939 960/3435/939 956/3436/939
f 954/3437/940 955/3438/940 959/3439/940
f 954/3437/940 959/3439/940 958/3440/940
f 953/3441/941 954/3442/941 958/3443/941
f 953/3441/941 958/3443/941 957/3444/941
f 956/3445/942 960/3446/942 959/3447/942
f 956/3445/942 959/3447/942 955/3448/942
f 961/3449/943 964/3450/943 963/3451/943
f 961/3449/943 963/3451/943 962/3452/943
f 965/3453/944 966/3454/944 967/3455/944
f 965/3453/944 967/3455/944 968/3456/944
f 961/3457/945 965/3458/945 968/3459/945
f 961/3457/945 968/3459/945 964/3460/945
f 962/3461/946 963/3462/946 967/3463/946
f 962/3461/946 967/3463/946 966/3464/946
f 961/3465/947 962/3466/947 966/3467/947
f 961/3465/947 966/3467/947 965/3468/947
f 964/3469/948 968/3470/948 967/3471/948
f 964/3469/948 967/3471/948 963/3472/948
f 969/3473/949 972/3474/949 971/3475/949
f 969/3473/949 971/3475/949 970/3476/949
f 973/3477/950 974/3478/950 975/3479/950
f 973/3477/950 975/3479/950 976/3480/950
f 969/3481/951 973/3482/951 976/3483/951
f 969/3481/951 976/3483/951 972/3484/951
f 970/3485/952 971/3486/952 975/3487/952
f 970/3485/952 975/3487/952 974/3488/952
f 969/3489/953 970/3490/953 974/3491/953
f 969/3489/953 974/3491/953 973/3492/953
f 972/3493/954 976/3494/954 975/3495/954
f 972/3493/954 975/3495/954 971/3496/954
f 977/3497/955 980/3498/955 979/3499/955
f 977/3497/955 979/3499/955 978/3500/955
f 981/3501/956 982/3502/956 983/3503/956
f 981/3501/956 983/3503/956 984/3504/956
f 977/3505/957 981/3506/957 984/3507/957
f 977/3505/957 984/3507/957 980/3508/957
f 978/3509/958 979/3510/958 983/3511/958
f 978/3509/958 983/3511/958 982/3512/958
f 977/3513/959 978/3514/959 982/3515/959
f 977/3513/959 982/3515/959 981/3516/959
f 980/3517/960 984/3518/960 983/3519/960
f 980/3517/960 983/3519/960 979/3520/960
f 985/3521/961 988/3522/961 987/3523/961
f 985/3521/961 987/3523/961 986/3524/961
f 989/3525/962 990/3526/962 991/3527/962
f 989/3525/962 991/3527/962 992/3528/962
f 985/3529/963 989/3530/963 992/3531/963
f 985/3529/963 992/3531/963 988/3532/963
f 986/3533/964 987/3534/964 991/3535/964
f 986/3533/964 991/3535/964 990/3536/964
f 985/3537/965 986/3538/965 990/3539/965
f 985/3537/965 990/3539/965 989/3540/965
f 988/3541/966 992/3542/966 991/3543/966
f 988/3541/966 991/3543/966 987/3544/966
f 993/3545/967 996/3546/967 995/3547/967
f 993/3545/967 995/3547/967 994/3548/967
f 997/3549/968 998/3550/968 999/3551/968
f 997/3549/968 999/3551/968 1000/3552/968
f 993/3553/969 997/3554/969 1000/3555/969
f 993/3553/969 1000/3555/969 996/3556/969
f 994/3557/970 995/3558/970 999/3559/970
f 994/3557/970 999/3559/970 998/3560/970
f 993/3561/971 994/3562/971 998/3563/971
f 993/3561/971 998/3563/971 997/3564/971
f 996/3565/972 1000/3566/972 999/3567/972
f 996/3565/972 999/3567/972 995/3568/972
f 1001/3569/973 1004/3570/973 1003/3571/973
f 1001/3569/973 1003/3571/973 1002/3572/973
f 1005/3573/974 1006/3574/974 1007/3575/974
f 1005/3573/974 1007/3575/974 1008/3576/974
f 1001/3577/975 1005/3578/975 1008/3579/975
f 1001/3577/975 1008/3579/975 1004/3580/975
f 1002/3581/976 1003/3582/976 1007/3583/976
f 1002/3581/976 1007/3583/976 1006/3584/976
f 1001/3585/977 1002/3586/977 1006/3587/977
f 1001/3585/977 1006/3587/977 1005/3588/977
f 1004/3589/978 1008/3590/978 1007/3591/978
f 1004/3589/978 1007/3591/978 1003/3592/978
f 1009/3593/979 1012/3594/979 1011/3595/979
f 1009/3593/979 1011/3595/979 1010/3596/979
f 1013/3597/980 1014/3598/980 1015/3599/980
f 1013/3597/980 1015/3599/980 1016/3600/980
f 1009/3601/981 1013/3602/981 1016/3603/981
f 1009/3601/981 1016/3603/981 1012/3604/981
f 1010/3605/982 1011/3606/982 1015/3607/982
f 1010/3605/982 1015/3607/982 1014/3608/982
f 1009/3609/983 1010/3610/983 1014/3611/983
f 1009/3609/983 1014/3611/983 1013/3612/983
f 1012/3613/984 1016/3614/984 1015/3615/984
f 1012/3613/984 1015/3615/984 1011/3616/984
f 1017/3617/985 1020/3618/985 1019/3619/985
f 1017/3617/985 1019/3619/985 1018/3620/985
f 1021/3621/986 1022/3622/986 1023/3623/986
f 1021/3621/986 1023/3623/986 1024/3624/986
f 1017/3625/987 1021/3626/987 1024/3627/987
f 1017/3625/987 1024/3627/987 1020/3628/987
f 1018/3629/988 1019/3630/988 1023/3631/988
f 1018/3629/988 1023/3631/988 1022/3632/988
f 1017/3633/989 1018/3634/989 1022/3635/989
f 1017/3633/989 1022/3635/989 1021/3636/989
f 1020/3637/990 1024/3638/990 1023/3639/990
f 1020/3637/990 1023/3639/990 1019/3640/990
