# metres / 4; +Y up; minimum y = 0; TorusStructure_HubA
mtllib TorusStructure_HubA.mtl
o TorusStructure_HubA
usemtl TorusStructureKit
v 3.10930289 32.18776081 0.61847880
v 3.17021773 32.18776081 0.00000000
v 0.00000000 32.50000000 0.00000000
v 2.92889928 32.18776081 1.21318980
v 3.10930289 32.18776081 0.61847880
v 0.00000000 32.50000000 0.00000000
v 2.63593971 32.18776081 1.76127860
v 2.92889928 32.18776081 1.21318980
v 0.00000000 32.50000000 0.00000000
v 2.24168246 32.18776081 2.24168246
v 2.63593971 32.18776081 1.76127860
v 0.00000000 32.50000000 0.00000000
v 1.76127860 32.18776081 2.63593971
v 2.24168246 32.18776081 2.24168246
v 0.00000000 32.50000000 0.00000000
v 1.21318980 32.18776081 2.92889928
v 1.76127860 32.18776081 2.63593971
v 0.00000000 32.50000000 0.00000000
v 0.61847880 32.18776081 3.10930289
v 1.21318980 32.18776081 2.92889928
v 0.00000000 32.50000000 0.00000000
v 0.00000000 32.18776081 3.17021773
v 0.61847880 32.18776081 3.10930289
v 0.00000000 32.50000000 0.00000000
v -0.61847880 32.18776081 3.10930289
v 0.00000000 32.18776081 3.17021773
v 0.00000000 32.50000000 0.00000000
v -1.21318980 32.18776081 2.92889928
v -0.61847880 32.18776081 3.10930289
v 0.00000000 32.50000000 0.00000000
v -1.76127860 32.18776081 2.63593971
v -1.21318980 32.18776081 2.92889928
v 0.00000000 32.50000000 0.00000000
v -2.24168246 32.18776081 2.24168246
v -1.76127860 32.18776081 2.63593971
v 0.00000000 32.50000000 0.00000000
v -2.63593971 32.18776081 1.76127860
v -2.24168246 32.18776081 2.24168246
v 0.00000000 32.50000000 0.00000000
v -2.92889928 32.18776081 1.21318980
v -2.63593971 32.18776081 1.76127860
v 0.00000000 32.50000000 0.00000000
v -3.10930289 32.18776081 0.61847880
v -2.92889928 32.18776081 1.21318980
v 0.00000000 32.50000000 0.00000000
v -3.17021773 32.18776081 0.00000000
v -3.10930289 32.18776081 0.61847880
v 0.00000000 32.50000000 0.00000000
v -3.10930289 32.18776081 -0.61847880
v -3.17021773 32.18776081 0.00000000
v 0.00000000 32.50000000 0.00000000
v -2.92889928 32.18776081 -1.21318980
v -3.10930289 32.18776081 -0.61847880
v 0.00000000 32.50000000 0.00000000
v -2.63593971 32.18776081 -1.76127860
v -2.92889928 32.18776081 -1.21318980
v 0.00000000 32.50000000 0.00000000
v -2.24168246 32.18776081 -2.24168246
v -2.63593971 32.18776081 -1.76127860
v 0.00000000 32.50000000 0.00000000
v -1.76127860 32.18776081 -2.63593971
v -2.24168246 32.18776081 -2.24168246
v 0.00000000 32.50000000 0.00000000
v -1.21318980 32.18776081 -2.92889928
v -1.76127860 32.18776081 -2.63593971
v 0.00000000 32.50000000 0.00000000
v -0.61847880 32.18776081 -3.10930289
v -1.21318980 32.18776081 -2.92889928
v 0.00000000 32.50000000 0.00000000
v -0.00000000 32.18776081 -3.17021773
v -0.61847880 32.18776081 -3.10930289
v 0.00000000 32.50000000 0.00000000
v 0.61847880 32.18776081 -3.10930289
v -0.00000000 32.18776081 -3.17021773
v 0.00000000 32.50000000 0.00000000
v 1.21318980 32.18776081 -2.92889928
v 0.61847880 32.18776081 -3.10930289
v 0.00000000 32.50000000 0.00000000
v 1.76127860 32.18776081 -2.63593971
v 1.21318980 32.18776081 -2.92889928
v 0.00000000 32.50000000 0.00000000
v 2.24168246 32.18776081 -2.24168246
v 1.76127860 32.18776081 -2.63593971
v 0.00000000 32.50000000 0.00000000
v 2.63593971 32.18776081 -1.76127860
v 2.24168246 32.18776081 -2.24168246
v 0.00000000 32.50000000 0.00000000
v 2.92889928 32.18776081 -1.21318980
v 2.63593971 32.18776081 -1.76127860
v 0.00000000 32.50000000 0.00000000
v 3.10930289 32.18776081 -0.61847880
v 2.92889928 32.18776081 -1.21318980
v 0.00000000 32.50000000 0.00000000
v 3.17021773 32.18776081 -0.00000000
v 3.10930289 32.18776081 -0.61847880
v 0.00000000 32.50000000 0.00000000
v 3.10930289 32.18776081 0.61847880
v 6.09911701 31.26304240 1.21318980
v 6.21860578 31.26304240 0.00000000
v 3.17021773 32.18776081 0.00000000
v 2.92889928 32.18776081 1.21318980
v 5.74524260 31.26304240 2.37975740
v 6.09911701 31.26304240 1.21318980
v 3.10930289 32.18776081 0.61847880
v 2.63593971 32.18776081 1.76127860
v 5.17058173 31.26304240 3.45487226
v 5.74524260 31.26304240 2.37975740
v 2.92889928 32.18776081 1.21318980
v 2.24168246 32.18776081 2.24168246
v 4.39721831 31.26304240 4.39721831
v 5.17058173 31.26304240 3.45487226
v 2.63593971 32.18776081 1.76127860
v 1.76127860 32.18776081 2.63593971
v 3.45487226 31.26304240 5.17058173
v 4.39721831 31.26304240 4.39721831
v 2.24168246 32.18776081 2.24168246
v 1.21318980 32.18776081 2.92889928
v 2.37975740 31.26304240 5.74524260
v 3.45487226 31.26304240 5.17058173
v 1.76127860 32.18776081 2.63593971
v 0.61847880 32.18776081 3.10930289
v 1.21318980 31.26304240 6.09911701
v 2.37975740 31.26304240 5.74524260
v 1.21318980 32.18776081 2.92889928
v 0.00000000 32.18776081 3.17021773
v 0.00000000 31.26304240 6.21860578
v 1.21318980 31.26304240 6.09911701
v 0.61847880 32.18776081 3.10930289
v -0.61847880 32.18776081 3.10930289
v -1.21318980 31.26304240 6.09911701
v 0.00000000 31.26304240 6.21860578
v 0.00000000 32.18776081 3.17021773
v -1.21318980 32.18776081 2.92889928
v -2.37975740 31.26304240 5.74524260
v -1.21318980 31.26304240 6.09911701
v -0.61847880 32.18776081 3.10930289
v -1.76127860 32.18776081 2.63593971
v -3.45487226 31.26304240 5.17058173
v -2.37975740 31.26304240 5.74524260
v -1.21318980 32.18776081 2.92889928
v -2.24168246 32.18776081 2.24168246
v -4.39721831 31.26304240 4.39721831
v -3.45487226 31.26304240 5.17058173
v -1.76127860 32.18776081 2.63593971
v -2.63593971 32.18776081 1.76127860
v -5.17058173 31.26304240 3.45487226
v -4.39721831 31.26304240 4.39721831
v -2.24168246 32.18776081 2.24168246
v -2.92889928 32.18776081 1.21318980
v -5.74524260 31.26304240 2.37975740
v -5.17058173 31.26304240 3.45487226
v -2.63593971 32.18776081 1.76127860
v -3.10930289 32.18776081 0.61847880
v -6.09911701 31.26304240 1.21318980
v -5.74524260 31.26304240 2.37975740
v -2.92889928 32.18776081 1.21318980
v -3.17021773 32.18776081 0.00000000
v -6.21860578 31.26304240 0.00000000
v -6.09911701 31.26304240 1.21318980
v -3.10930289 32.18776081 0.61847880
v -3.10930289 32.18776081 -0.61847880
v -6.09911701 31.26304240 -1.21318980
v -6.21860578 31.26304240 0.00000000
v -3.17021773 32.18776081 0.00000000
v -2.92889928 32.18776081 -1.21318980
v -5.74524260 31.26304240 -2.37975740
v -6.09911701 31.26304240 -1.21318980
v -3.10930289 32.18776081 -0.61847880
v -2.63593971 32.18776081 -1.76127860
v -5.17058173 31.26304240 -3.45487226
v -5.74524260 31.26304240 -2.37975740
v -2.92889928 32.18776081 -1.21318980
v -2.24168246 32.18776081 -2.24168246
v -4.39721831 31.26304240 -4.39721831
v -5.17058173 31.26304240 -3.45487226
v -2.63593971 32.18776081 -1.76127860
v -1.76127860 32.18776081 -2.63593971
v -3.45487226 31.26304240 -5.17058173
v -4.39721831 31.26304240 -4.39721831
v -2.24168246 32.18776081 -2.24168246
v -1.21318980 32.18776081 -2.92889928
v -2.37975740 31.26304240 -5.74524260
v -3.45487226 31.26304240 -5.17058173
v -1.76127860 32.18776081 -2.63593971
v -0.61847880 32.18776081 -3.10930289
v -1.21318980 31.26304240 -6.09911701
v -2.37975740 31.26304240 -5.74524260
v -1.21318980 32.18776081 -2.92889928
v -0.00000000 32.18776081 -3.17021773
v -0.00000000 31.26304240 -6.21860578
v -1.21318980 31.26304240 -6.09911701
v -0.61847880 32.18776081 -3.10930289
v 0.61847880 32.18776081 -3.10930289
v 1.21318980 31.26304240 -6.09911701
v -0.00000000 31.26304240 -6.21860578
v -0.00000000 32.18776081 -3.17021773
v 1.21318980 32.18776081 -2.92889928
v 2.37975740 31.26304240 -5.74524260
v 1.21318980 31.26304240 -6.09911701
v 0.61847880 32.18776081 -3.10930289
v 1.76127860 32.18776081 -2.63593971
v 3.45487226 31.26304240 -5.17058173
v 2.37975740 31.26304240 -5.74524260
v 1.21318980 32.18776081 -2.92889928
v 2.24168246 32.18776081 -2.24168246
v 4.39721831 31.26304240 -4.39721831
v 3.45487226 31.26304240 -5.17058173
v 1.76127860 32.18776081 -2.63593971
v 2.63593971 32.18776081 -1.76127860
v 5.17058173 31.26304240 -3.45487226
v 4.39721831 31.26304240 -4.39721831
v 2.24168246 32.18776081 -2.24168246
v 2.92889928 32.18776081 -1.21318980
v 5.74524260 31.26304240 -2.37975740
v 5.17058173 31.26304240 -3.45487226
v 2.63593971 32.18776081 -1.76127860
v 3.10930289 32.18776081 -0.61847880
v 6.09911701 31.26304240 -1.21318980
v 5.74524260 31.26304240 -2.37975740
v 2.92889928 32.18776081 -1.21318980
v 3.17021773 32.18776081 -0.00000000
v 6.21860578 31.26304240 -0.00000000
v 6.09911701 31.26304240 -1.21318980
v 3.10930289 32.18776081 -0.61847880
v 6.09911701 31.26304240 1.21318980
v 8.85454549 29.76138120 1.76127860
v 9.02801629 29.76138120 0.00000000
v 6.21860578 31.26304240 0.00000000
v 5.74524260 31.26304240 2.37975740
v 8.34079947 29.76138120 3.45487226
v 8.85454549 29.76138120 1.76127860
v 6.09911701 31.26304240 1.21318980
v 5.17058173 31.26304240 3.45487226
v 7.50652120 29.76138120 5.01569711
v 8.34079947 29.76138120 3.45487226
v 5.74524260 31.26304240 2.37975740
v 4.39721831 31.26304240 4.39721831
v 6.38377154 29.76138120 6.38377154
v 7.50652120 29.76138120 5.01569711
v 5.17058173 31.26304240 3.45487226
v 3.45487226 31.26304240 5.17058173
v 5.01569711 29.76138120 7.50652120
v 6.38377154 29.76138120 6.38377154
v 4.39721831 31.26304240 4.39721831
v 2.37975740 31.26304240 5.74524260
v 3.45487226 29.76138120 8.34079947
v 5.01569711 29.76138120 7.50652120
v 3.45487226 31.26304240 5.17058173
v 1.21318980 31.26304240 6.09911701
v 1.76127860 29.76138120 8.85454549
v 3.45487226 29.76138120 8.34079947
v 2.37975740 31.26304240 5.74524260
v 0.00000000 31.26304240 6.21860578
v 0.00000000 29.76138120 9.02801629
v 1.76127860 29.76138120 8.85454549
v 1.21318980 31.26304240 6.09911701
v -1.21318980 31.26304240 6.09911701
v -1.76127860 29.76138120 8.85454549
v 0.00000000 29.76138120 9.02801629
v 0.00000000 31.26304240 6.21860578
v -2.37975740 31.26304240 5.74524260
v -3.45487226 29.76138120 8.34079947
v -1.76127860 29.76138120 8.85454549
v -1.21318980 31.26304240 6.09911701
v -3.45487226 31.26304240 5.17058173
v -5.01569711 29.76138120 7.50652120
v -3.45487226 29.76138120 8.34079947
v -2.37975740 31.26304240 5.74524260
v -4.39721831 31.26304240 4.39721831
v -6.38377154 29.76138120 6.38377154
v -5.01569711 29.76138120 7.50652120
v -3.45487226 31.26304240 5.17058173
v -5.17058173 31.26304240 3.45487226
v -7.50652120 29.76138120 5.01569711
v -6.38377154 29.76138120 6.38377154
v -4.39721831 31.26304240 4.39721831
v -5.74524260 31.26304240 2.37975740
v -8.34079947 29.76138120 3.45487226
v -7.50652120 29.76138120 5.01569711
v -5.17058173 31.26304240 3.45487226
v -6.09911701 31.26304240 1.21318980
v -8.85454549 29.76138120 1.76127860
v -8.34079947 29.76138120 3.45487226
v -5.74524260 31.26304240 2.37975740
v -6.21860578 31.26304240 0.00000000
v -9.02801629 29.76138120 0.00000000
v -8.85454549 29.76138120 1.76127860
v -6.09911701 31.26304240 1.21318980
v -6.09911701 31.26304240 -1.21318980
v -8.85454549 29.76138120 -1.76127860
v -9.02801629 29.76138120 0.00000000
v -6.21860578 31.26304240 0.00000000
v -5.74524260 31.26304240 -2.37975740
v -8.34079947 29.76138120 -3.45487226
v -8.85454549 29.76138120 -1.76127860
v -6.09911701 31.26304240 -1.21318980
v -5.17058173 31.26304240 -3.45487226
v -7.50652120 29.76138120 -5.01569711
v -8.34079947 29.76138120 -3.45487226
v -5.74524260 31.26304240 -2.37975740
v -4.39721831 31.26304240 -4.39721831
v -6.38377154 29.76138120 -6.38377154
v -7.50652120 29.76138120 -5.01569711
v -5.17058173 31.26304240 -3.45487226
v -3.45487226 31.26304240 -5.17058173
v -5.01569711 29.76138120 -7.50652120
v -6.38377154 29.76138120 -6.38377154
v -4.39721831 31.26304240 -4.39721831
v -2.37975740 31.26304240 -5.74524260
v -3.45487226 29.76138120 -8.34079947
v -5.01569711 29.76138120 -7.50652120
v -3.45487226 31.26304240 -5.17058173
v -1.21318980 31.26304240 -6.09911701
v -1.76127860 29.76138120 -8.85454549
v -3.45487226 29.76138120 -8.34079947
v -2.37975740 31.26304240 -5.74524260
v -0.00000000 31.26304240 -6.21860578
v -0.00000000 29.76138120 -9.02801629
v -1.76127860 29.76138120 -8.85454549
v -1.21318980 31.26304240 -6.09911701
v 1.21318980 31.26304240 -6.09911701
v 1.76127860 29.76138120 -8.85454549
v -0.00000000 29.76138120 -9.02801629
v -0.00000000 31.26304240 -6.21860578
v 2.37975740 31.26304240 -5.74524260
v 3.45487226 29.76138120 -8.34079947
v 1.76127860 29.76138120 -8.85454549
v 1.21318980 31.26304240 -6.09911701
v 3.45487226 31.26304240 -5.17058173
v 5.01569711 29.76138120 -7.50652120
v 3.45487226 29.76138120 -8.34079947
v 2.37975740 31.26304240 -5.74524260
v 4.39721831 31.26304240 -4.39721831
v 6.38377154 29.76138120 -6.38377154
v 5.01569711 29.76138120 -7.50652120
v 3.45487226 31.26304240 -5.17058173
v 5.17058173 31.26304240 -3.45487226
v 7.50652120 29.76138120 -5.01569711
v 6.38377154 29.76138120 -6.38377154
v 4.39721831 31.26304240 -4.39721831
v 5.74524260 31.26304240 -2.37975740
v 8.34079947 29.76138120 -3.45487226
v 7.50652120 29.76138120 -5.01569711
v 5.17058173 31.26304240 -3.45487226
v 6.09911701 31.26304240 -1.21318980
v 8.85454549 29.76138120 -1.76127860
v 8.34079947 29.76138120 -3.45487226
v 5.74524260 31.26304240 -2.37975740
v 6.21860578 31.26304240 -0.00000000
v 9.02801629 29.76138120 -0.00000000
v 8.85454549 29.76138120 -1.76127860
v 6.09911701 31.26304240 -1.21318980
v 8.85454549 29.76138120 1.76127860
v 11.26969874 27.74048519 2.24168246
v 11.49048519 27.74048519 0.00000000
v 9.02801629 29.76138120 0.00000000
v 8.34079947 29.76138120 3.45487226
v 10.61582409 27.74048519 4.39721831
v 11.26969874 27.74048519 2.24168246
v 8.85454549 29.76138120 1.76127860
v 7.50652120 29.76138120 5.01569711
v 9.55398927 27.74048519 6.38377154
v 10.61582409 27.74048519 4.39721831
v 8.34079947 29.76138120 3.45487226
v 6.38377154 29.76138120 6.38377154
v 8.12500000 27.74048519 8.12500000
v 9.55398927 27.74048519 6.38377154
v 7.50652120 29.76138120 5.01569711
v 5.01569711 29.76138120 7.50652120
v 6.38377154 27.74048519 9.55398927
v 8.12500000 27.74048519 8.12500000
v 6.38377154 29.76138120 6.38377154
v 3.45487226 29.76138120 8.34079947
v 4.39721831 27.74048519 10.61582409
v 6.38377154 27.74048519 9.55398927
v 5.01569711 29.76138120 7.50652120
v 1.76127860 29.76138120 8.85454549
v 2.24168246 27.74048519 11.26969874
v 4.39721831 27.74048519 10.61582409
v 3.45487226 29.76138120 8.34079947
v 0.00000000 29.76138120 9.02801629
v 0.00000000 27.74048519 11.49048519
v 2.24168246 27.74048519 11.26969874
v 1.76127860 29.76138120 8.85454549
v -1.76127860 29.76138120 8.85454549
v -2.24168246 27.74048519 11.26969874
v 0.00000000 27.74048519 11.49048519
v 0.00000000 29.76138120 9.02801629
v -3.45487226 29.76138120 8.34079947
v -4.39721831 27.74048519 10.61582409
v -2.24168246 27.74048519 11.26969874
v -1.76127860 29.76138120 8.85454549
v -5.01569711 29.76138120 7.50652120
v -6.38377154 27.74048519 9.55398927
v -4.39721831 27.74048519 10.61582409
v -3.45487226 29.76138120 8.34079947
v -6.38377154 29.76138120 6.38377154
v -8.12500000 27.74048519 8.12500000
v -6.38377154 27.74048519 9.55398927
v -5.01569711 29.76138120 7.50652120
v -7.50652120 29.76138120 5.01569711
v -9.55398927 27.74048519 6.38377154
v -8.12500000 27.74048519 8.12500000
v -6.38377154 29.76138120 6.38377154
v -8.34079947 29.76138120 3.45487226
v -10.61582409 27.74048519 4.39721831
v -9.55398927 27.74048519 6.38377154
v -7.50652120 29.76138120 5.01569711
v -8.85454549 29.76138120 1.76127860
v -11.26969874 27.74048519 2.24168246
v -10.61582409 27.74048519 4.39721831
v -8.34079947 29.76138120 3.45487226
v -9.02801629 29.76138120 0.00000000
v -11.49048519 27.74048519 0.00000000
v -11.26969874 27.74048519 2.24168246
v -8.85454549 29.76138120 1.76127860
v -8.85454549 29.76138120 -1.76127860
v -11.26969874 27.74048519 -2.24168246
v -11.49048519 27.74048519 0.00000000
v -9.02801629 29.76138120 0.00000000
v -8.34079947 29.76138120 -3.45487226
v -10.61582409 27.74048519 -4.39721831
v -11.26969874 27.74048519 -2.24168246
v -8.85454549 29.76138120 -1.76127860
v -7.50652120 29.76138120 -5.01569711
v -9.55398927 27.74048519 -6.38377154
v -10.61582409 27.74048519 -4.39721831
v -8.34079947 29.76138120 -3.45487226
v -6.38377154 29.76138120 -6.38377154
v -8.12500000 27.74048519 -8.12500000
v -9.55398927 27.74048519 -6.38377154
v -7.50652120 29.76138120 -5.01569711
v -5.01569711 29.76138120 -7.50652120
v -6.38377154 27.74048519 -9.55398927
v -8.12500000 27.74048519 -8.12500000
v -6.38377154 29.76138120 -6.38377154
v -3.45487226 29.76138120 -8.34079947
v -4.39721831 27.74048519 -10.61582409
v -6.38377154 27.74048519 -9.55398927
v -5.01569711 29.76138120 -7.50652120
v -1.76127860 29.76138120 -8.85454549
v -2.24168246 27.74048519 -11.26969874
v -4.39721831 27.74048519 -10.61582409
v -3.45487226 29.76138120 -8.34079947
v -0.00000000 29.76138120 -9.02801629
v -0.00000000 27.74048519 -11.49048519
v -2.24168246 27.74048519 -11.26969874
v -1.76127860 29.76138120 -8.85454549
v 1.76127860 29.76138120 -8.85454549
v 2.24168246 27.74048519 -11.26969874
v -0.00000000 27.74048519 -11.49048519
v -0.00000000 29.76138120 -9.02801629
v 3.45487226 29.76138120 -8.34079947
v 4.39721831 27.74048519 -10.61582409
v 2.24168246 27.74048519 -11.26969874
v 1.76127860 29.76138120 -8.85454549
v 5.01569711 29.76138120 -7.50652120
v 6.38377154 27.74048519 -9.55398927
v 4.39721831 27.74048519 -10.61582409
v 3.45487226 29.76138120 -8.34079947
v 6.38377154 29.76138120 -6.38377154
v 8.12500000 27.74048519 -8.12500000
v 6.38377154 27.74048519 -9.55398927
v 5.01569711 29.76138120 -7.50652120
v 7.50652120 29.76138120 -5.01569711
v 9.55398927 27.74048519 -6.38377154
v 8.12500000 27.74048519 -8.12500000
v 6.38377154 29.76138120 -6.38377154
v 8.34079947 29.76138120 -3.45487226
v 10.61582409 27.74048519 -4.39721831
v 9.55398927 27.74048519 -6.38377154
v 7.50652120 29.76138120 -5.01569711
v 8.85454549 29.76138120 -1.76127860
v 11.26969874 27.74048519 -2.24168246
v 10.61582409 27.74048519 -4.39721831
v 8.34079947 29.76138120 -3.45487226
v 9.02801629 29.76138120 -0.00000000
v 11.49048519 27.74048519 -0.00000000
v 11.26969874 27.74048519 -2.24168246
v 8.85454549 29.76138120 -1.76127860
v 11.26969874 27.74048519 2.24168246
v 13.25176380 25.27801629 2.63593971
v 13.51138120 25.27801629 0.00000000
v 11.49048519 27.74048519 0.00000000
v 10.61582409 27.74048519 4.39721831
v 12.48288855 25.27801629 5.17058173
v 13.25176380 25.27801629 2.63593971
v 11.26969874 27.74048519 2.24168246
v 9.55398927 27.74048519 6.38377154
v 11.23430289 25.27801629 7.50652120
v 12.48288855 25.27801629 5.17058173
v 10.61582409 27.74048519 4.39721831
v 8.12500000 27.74048519 8.12500000
v 9.55398927 25.27801629 9.55398927
v 11.23430289 25.27801629 7.50652120
v 9.55398927 27.74048519 6.38377154
v 6.38377154 27.74048519 9.55398927
v 7.50652120 25.27801629 11.23430289
v 9.55398927 25.27801629 9.55398927
v 8.12500000 27.74048519 8.12500000
v 4.39721831 27.74048519 10.61582409
v 5.17058173 25.27801629 12.48288855
v 7.50652120 25.27801629 11.23430289
v 6.38377154 27.74048519 9.55398927
v 2.24168246 27.74048519 11.26969874
v 2.63593971 25.27801629 13.25176380
v 5.17058173 25.27801629 12.48288855
v 4.39721831 27.74048519 10.61582409
v 0.00000000 27.74048519 11.49048519
v 0.00000000 25.27801629 13.51138120
v 2.63593971 25.27801629 13.25176380
v 2.24168246 27.74048519 11.26969874
v -2.24168246 27.74048519 11.26969874
v -2.63593971 25.27801629 13.25176380
v 0.00000000 25.27801629 13.51138120
v 0.00000000 27.74048519 11.49048519
v -4.39721831 27.74048519 10.61582409
v -5.17058173 25.27801629 12.48288855
v -2.63593971 25.27801629 13.25176380
v -2.24168246 27.74048519 11.26969874
v -6.38377154 27.74048519 9.55398927
v -7.50652120 25.27801629 11.23430289
v -5.17058173 25.27801629 12.48288855
v -4.39721831 27.74048519 10.61582409
v -8.12500000 27.74048519 8.12500000
v -9.55398927 25.27801629 9.55398927
v -7.50652120 25.27801629 11.23430289
v -6.38377154 27.74048519 9.55398927
v -9.55398927 27.74048519 6.38377154
v -11.23430289 25.27801629 7.50652120
v -9.55398927 25.27801629 9.55398927
v -8.12500000 27.74048519 8.12500000
v -10.61582409 27.74048519 4.39721831
v -12.48288855 25.27801629 5.17058173
v -11.23430289 25.27801629 7.50652120
v -9.55398927 27.74048519 6.38377154
v -11.26969874 27.74048519 2.24168246
v -13.25176380 25.27801629 2.63593971
v -12.48288855 25.27801629 5.17058173
v -10.61582409 27.74048519 4.39721831
v -11.49048519 27.74048519 0.00000000
v -13.51138120 25.27801629 0.00000000
v -13.25176380 25.27801629 2.63593971
v -11.26969874 27.74048519 2.24168246
v -11.26969874 27.74048519 -2.24168246
v -13.25176380 25.27801629 -2.63593971
v -13.51138120 25.27801629 0.00000000
v -11.49048519 27.74048519 0.00000000
v -10.61582409 27.74048519 -4.39721831
v -12.48288855 25.27801629 -5.17058173
v -13.25176380 25.27801629 -2.63593971
v -11.26969874 27.74048519 -2.24168246
v -9.55398927 27.74048519 -6.38377154
v -11.23430289 25.27801629 -7.50652120
v -12.48288855 25.27801629 -5.17058173
v -10.61582409 27.74048519 -4.39721831
v -8.12500000 27.74048519 -8.12500000
v -9.55398927 25.27801629 -9.55398927
v -11.23430289 25.27801629 -7.50652120
v -9.55398927 27.74048519 -6.38377154
v -6.38377154 27.74048519 -9.55398927
v -7.50652120 25.27801629 -11.23430289
v -9.55398927 25.27801629 -9.55398927
v -8.12500000 27.74048519 -8.12500000
v -4.39721831 27.74048519 -10.61582409
v -5.17058173 25.27801629 -12.48288855
v -7.50652120 25.27801629 -11.23430289
v -6.38377154 27.74048519 -9.55398927
v -2.24168246 27.74048519 -11.26969874
v -2.63593971 25.27801629 -13.25176380
v -5.17058173 25.27801629 -12.48288855
v -4.39721831 27.74048519 -10.61582409
v -0.00000000 27.74048519 -11.49048519
v -0.00000000 25.27801629 -13.51138120
v -2.63593971 25.27801629 -13.25176380
v -2.24168246 27.74048519 -11.26969874
v 2.24168246 27.74048519 -11.26969874
v 2.63593971 25.27801629 -13.25176380
v -0.00000000 25.27801629 -13.51138120
v -0.00000000 27.74048519 -11.49048519
v 4.39721831 27.74048519 -10.61582409
v 5.17058173 25.27801629 -12.48288855
v 2.63593971 25.27801629 -13.25176380
v 2.24168246 27.74048519 -11.26969874
v 6.38377154 27.74048519 -9.55398927
v 7.50652120 25.27801629 -11.23430289
v 5.17058173 25.27801629 -12.48288855
v 4.39721831 27.74048519 -10.61582409
v 8.12500000 27.74048519 -8.12500000
v 9.55398927 25.27801629 -9.55398927
v 7.50652120 25.27801629 -11.23430289
v 6.38377154 27.74048519 -9.55398927
v 9.55398927 27.74048519 -6.38377154
v 11.23430289 25.27801629 -7.50652120
v 9.55398927 25.27801629 -9.55398927
v 8.12500000 27.74048519 -8.12500000
v 10.61582409 27.74048519 -4.39721831
v 12.48288855 25.27801629 -5.17058173
v 11.23430289 25.27801629 -7.50652120
v 9.55398927 27.74048519 -6.38377154
v 11.26969874 27.74048519 -2.24168246
v 13.25176380 25.27801629 -2.63593971
v 12.48288855 25.27801629 -5.17058173
v 10.61582409 27.74048519 -4.39721831
v 11.49048519 27.74048519 -0.00000000
v 13.51138120 25.27801629 -0.00000000
v 13.25176380 25.27801629 -2.63593971
v 11.26969874 27.74048519 -2.24168246
v 13.25176380 25.27801629 2.63593971
v 14.72457100 22.46860578 2.92889928
v 15.01304240 22.46860578 0.00000000
v 13.51138120 25.27801629 0.00000000
v 12.48288855 25.27801629 5.17058173
v 13.87024260 22.46860578 5.74524260
v 14.72457100 22.46860578 2.92889928
v 13.25176380 25.27801629 2.63593971
v 11.23430289 25.27801629 7.50652120
v 12.48288855 22.46860578 8.34079947
v 13.87024260 22.46860578 5.74524260
v 12.48288855 25.27801629 5.17058173
v 9.55398927 25.27801629 9.55398927
v 10.61582409 22.46860578 10.61582409
v 12.48288855 22.46860578 8.34079947
v 11.23430289 25.27801629 7.50652120
v 7.50652120 25.27801629 11.23430289
v 8.34079947 22.46860578 12.48288855
v 10.61582409 22.46860578 10.61582409
v 9.55398927 25.27801629 9.55398927
v 5.17058173 25.27801629 12.48288855
v 5.74524260 22.46860578 13.87024260
v 8.34079947 22.46860578 12.48288855
v 7.50652120 25.27801629 11.23430289
v 2.63593971 25.27801629 13.25176380
v 2.92889928 22.46860578 14.72457100
v 5.74524260 22.46860578 13.87024260
v 5.17058173 25.27801629 12.48288855
v 0.00000000 25.27801629 13.51138120
v 0.00000000 22.46860578 15.01304240
v 2.92889928 22.46860578 14.72457100
v 2.63593971 25.27801629 13.25176380
v -2.63593971 25.27801629 13.25176380
v -2.92889928 22.46860578 14.72457100
v 0.00000000 22.46860578 15.01304240
v 0.00000000 25.27801629 13.51138120
v -5.17058173 25.27801629 12.48288855
v -5.74524260 22.46860578 13.87024260
v -2.92889928 22.46860578 14.72457100
v -2.63593971 25.27801629 13.25176380
v -7.50652120 25.27801629 11.23430289
v -8.34079947 22.46860578 12.48288855
v -5.74524260 22.46860578 13.87024260
v -5.17058173 25.27801629 12.48288855
v -9.55398927 25.27801629 9.55398927
v -10.61582409 22.46860578 10.61582409
v -8.34079947 22.46860578 12.48288855
v -7.50652120 25.27801629 11.23430289
v -11.23430289 25.27801629 7.50652120
v -12.48288855 22.46860578 8.34079947
v -10.61582409 22.46860578 10.61582409
v -9.55398927 25.27801629 9.55398927
v -12.48288855 25.27801629 5.17058173
v -13.87024260 22.46860578 5.74524260
v -12.48288855 22.46860578 8.34079947
v -11.23430289 25.27801629 7.50652120
v -13.25176380 25.27801629 2.63593971
v -14.72457100 22.46860578 2.92889928
v -13.87024260 22.46860578 5.74524260
v -12.48288855 25.27801629 5.17058173
v -13.51138120 25.27801629 0.00000000
v -15.01304240 22.46860578 0.00000000
v -14.72457100 22.46860578 2.92889928
v -13.25176380 25.27801629 2.63593971
v -13.25176380 25.27801629 -2.63593971
v -14.72457100 22.46860578 -2.92889928
v -15.01304240 22.46860578 0.00000000
v -13.51138120 25.27801629 0.00000000
v -12.48288855 25.27801629 -5.17058173
v -13.87024260 22.46860578 -5.74524260
v -14.72457100 22.46860578 -2.92889928
v -13.25176380 25.27801629 -2.63593971
v -11.23430289 25.27801629 -7.50652120
v -12.48288855 22.46860578 -8.34079947
v -13.87024260 22.46860578 -5.74524260
v -12.48288855 25.27801629 -5.17058173
v -9.55398927 25.27801629 -9.55398927
v -10.61582409 22.46860578 -10.61582409
v -12.48288855 22.46860578 -8.34079947
v -11.23430289 25.27801629 -7.50652120
v -7.50652120 25.27801629 -11.23430289
v -8.34079947 22.46860578 -12.48288855
v -10.61582409 22.46860578 -10.61582409
v -9.55398927 25.27801629 -9.55398927
v -5.17058173 25.27801629 -12.48288855
v -5.74524260 22.46860578 -13.87024260
v -8.34079947 22.46860578 -12.48288855
v -7.50652120 25.27801629 -11.23430289
v -2.63593971 25.27801629 -13.25176380
v -2.92889928 22.46860578 -14.72457100
v -5.74524260 22.46860578 -13.87024260
v -5.17058173 25.27801629 -12.48288855
v -0.00000000 25.27801629 -13.51138120
v -0.00000000 22.46860578 -15.01304240
v -2.92889928 22.46860578 -14.72457100
v -2.63593971 25.27801629 -13.25176380
v 2.63593971 25.27801629 -13.25176380
v 2.92889928 22.46860578 -14.72457100
v -0.00000000 22.46860578 -15.01304240
v -0.00000000 25.27801629 -13.51138120
v 5.17058173 25.27801629 -12.48288855
v 5.74524260 22.46860578 -13.87024260
v 2.92889928 22.46860578 -14.72457100
v 2.63593971 25.27801629 -13.25176380
v 7.50652120 25.27801629 -11.23430289
v 8.34079947 22.46860578 -12.48288855
v 5.74524260 22.46860578 -13.87024260
v 5.17058173 25.27801629 -12.48288855
v 9.55398927 25.27801629 -9.55398927
v 10.61582409 22.46860578 -10.61582409
v 8.34079947 22.46860578 -12.48288855
v 7.50652120 25.27801629 -11.23430289
v 11.23430289 25.27801629 -7.50652120
v 12.48288855 22.46860578 -8.34079947
v 10.61582409 22.46860578 -10.61582409
v 9.55398927 25.27801629 -9.55398927
v 12.48288855 25.27801629 -5.17058173
v 13.87024260 22.46860578 -5.74524260
v 12.48288855 22.46860578 -8.34079947
v 11.23430289 25.27801629 -7.50652120
v 13.25176380 25.27801629 -2.63593971
v 14.72457100 22.46860578 -2.92889928
v 13.87024260 22.46860578 -5.74524260
v 12.48288855 25.27801629 -5.17058173
v 13.51138120 25.27801629 -0.00000000
v 15.01304240 22.46860578 -0.00000000
v 14.72457100 22.46860578 -2.92889928
v 13.25176380 25.27801629 -2.63593971
v 14.72457100 22.46860578 2.92889928
v 15.63152120 19.42021773 3.10930289
v 15.93776081 19.42021773 0.00000000
v 15.01304240 22.46860578 0.00000000
v 13.87024260 22.46860578 5.74524260
v 14.72457100 19.42021773 6.09911701
v 15.63152120 19.42021773 3.10930289
v 14.72457100 22.46860578 2.92889928
v 12.48288855 22.46860578 8.34079947
v 13.25176380 19.42021773 8.85454549
v 14.72457100 19.42021773 6.09911701
v 13.87024260 22.46860578 5.74524260
v 10.61582409 22.46860578 10.61582409
v 11.26969874 19.42021773 11.26969874
v 13.25176380 19.42021773 8.85454549
v 12.48288855 22.46860578 8.34079947
v 8.34079947 22.46860578 12.48288855
v 8.85454549 19.42021773 13.25176380
v 11.26969874 19.42021773 11.26969874
v 10.61582409 22.46860578 10.61582409
v 5.74524260 22.46860578 13.87024260
v 6.09911701 19.42021773 14.72457100
v 8.85454549 19.42021773 13.25176380
v 8.34079947 22.46860578 12.48288855
v 2.92889928 22.46860578 14.72457100
v 3.10930289 19.42021773 15.63152120
v 6.09911701 19.42021773 14.72457100
v 5.74524260 22.46860578 13.87024260
v 0.00000000 22.46860578 15.01304240
v 0.00000000 19.42021773 15.93776081
v 3.10930289 19.42021773 15.63152120
v 2.92889928 22.46860578 14.72457100
v -2.92889928 22.46860578 14.72457100
v -3.10930289 19.42021773 15.63152120
v 0.00000000 19.42021773 15.93776081
v 0.00000000 22.46860578 15.01304240
v -5.74524260 22.46860578 13.87024260
v -6.09911701 19.42021773 14.72457100
v -3.10930289 19.42021773 15.63152120
v -2.92889928 22.46860578 14.72457100
v -8.34079947 22.46860578 12.48288855
v -8.85454549 19.42021773 13.25176380
v -6.09911701 19.42021773 14.72457100
v -5.74524260 22.46860578 13.87024260
v -10.61582409 22.46860578 10.61582409
v -11.26969874 19.42021773 11.26969874
v -8.85454549 19.42021773 13.25176380
v -8.34079947 22.46860578 12.48288855
v -12.48288855 22.46860578 8.34079947
v -13.25176380 19.42021773 8.85454549
v -11.26969874 19.42021773 11.26969874
v -10.61582409 22.46860578 10.61582409
v -13.87024260 22.46860578 5.74524260
v -14.72457100 19.42021773 6.09911701
v -13.25176380 19.42021773 8.85454549
v -12.48288855 22.46860578 8.34079947
v -14.72457100 22.46860578 2.92889928
v -15.63152120 19.42021773 3.10930289
v -14.72457100 19.42021773 6.09911701
v -13.87024260 22.46860578 5.74524260
v -15.01304240 22.46860578 0.00000000
v -15.93776081 19.42021773 0.00000000
v -15.63152120 19.42021773 3.10930289
v -14.72457100 22.46860578 2.92889928
v -14.72457100 22.46860578 -2.92889928
v -15.63152120 19.42021773 -3.10930289
v -15.93776081 19.42021773 0.00000000
v -15.01304240 22.46860578 0.00000000
v -13.87024260 22.46860578 -5.74524260
v -14.72457100 19.42021773 -6.09911701
v -15.63152120 19.42021773 -3.10930289
v -14.72457100 22.46860578 -2.92889928
v -12.48288855 22.46860578 -8.34079947
v -13.25176380 19.42021773 -8.85454549
v -14.72457100 19.42021773 -6.09911701
v -13.87024260 22.46860578 -5.74524260
v -10.61582409 22.46860578 -10.61582409
v -11.26969874 19.42021773 -11.26969874
v -13.25176380 19.42021773 -8.85454549
v -12.48288855 22.46860578 -8.34079947
v -8.34079947 22.46860578 -12.48288855
v -8.85454549 19.42021773 -13.25176380
v -11.26969874 19.42021773 -11.26969874
v -10.61582409 22.46860578 -10.61582409
v -5.74524260 22.46860578 -13.87024260
v -6.09911701 19.42021773 -14.72457100
v -8.85454549 19.42021773 -13.25176380
v -8.34079947 22.46860578 -12.48288855
v -2.92889928 22.46860578 -14.72457100
v -3.10930289 19.42021773 -15.63152120
v -6.09911701 19.42021773 -14.72457100
v -5.74524260 22.46860578 -13.87024260
v -0.00000000 22.46860578 -15.01304240
v -0.00000000 19.42021773 -15.93776081
v -3.10930289 19.42021773 -15.63152120
v -2.92889928 22.46860578 -14.72457100
v 2.92889928 22.46860578 -14.72457100
v 3.10930289 19.42021773 -15.63152120
v -0.00000000 19.42021773 -15.93776081
v -0.00000000 22.46860578 -15.01304240
v 5.74524260 22.46860578 -13.87024260
v 6.09911701 19.42021773 -14.72457100
v 3.10930289 19.42021773 -15.63152120
v 2.92889928 22.46860578 -14.72457100
v 8.34079947 22.46860578 -12.48288855
v 8.85454549 19.42021773 -13.25176380
v 6.09911701 19.42021773 -14.72457100
v 5.74524260 22.46860578 -13.87024260
v 10.61582409 22.46860578 -10.61582409
v 11.26969874 19.42021773 -11.26969874
v 8.85454549 19.42021773 -13.25176380
v 8.34079947 22.46860578 -12.48288855
v 12.48288855 22.46860578 -8.34079947
v 13.25176380 19.42021773 -8.85454549
v 11.26969874 19.42021773 -11.26969874
v 10.61582409 22.46860578 -10.61582409
v 13.87024260 22.46860578 -5.74524260
v 14.72457100 19.42021773 -6.09911701
v 13.25176380 19.42021773 -8.85454549
v 12.48288855 22.46860578 -8.34079947
v 14.72457100 22.46860578 -2.92889928
v 15.63152120 19.42021773 -3.10930289
v 14.72457100 19.42021773 -6.09911701
v 13.87024260 22.46860578 -5.74524260
v 15.01304240 22.46860578 -0.00000000
v 15.93776081 19.42021773 -0.00000000
v 15.63152120 19.42021773 -3.10930289
v 14.72457100 22.46860578 -2.92889928
v 15.63152120 19.42021773 3.10930289
v 15.93776081 16.25000000 3.17021773
v 16.25000000 16.25000000 0.00000000
v 15.93776081 19.42021773 0.00000000
v 14.72457100 19.42021773 6.09911701
v 15.01304240 16.25000000 6.21860578
v 15.93776081 16.25000000 3.17021773
v 15.63152120 19.42021773 3.10930289
v 13.25176380 19.42021773 8.85454549
v 13.51138120 16.25000000 9.02801629
v 15.01304240 16.25000000 6.21860578
v 14.72457100 19.42021773 6.09911701
v 11.26969874 19.42021773 11.26969874
v 11.49048519 16.25000000 11.49048519
v 13.51138120 16.25000000 9.02801629
v 13.25176380 19.42021773 8.85454549
v 8.85454549 19.42021773 13.25176380
v 9.02801629 16.25000000 13.51138120
v 11.49048519 16.25000000 11.49048519
v 11.26969874 19.42021773 11.26969874
v 6.09911701 19.42021773 14.72457100
v 6.21860578 16.25000000 15.01304240
v 9.02801629 16.25000000 13.51138120
v 8.85454549 19.42021773 13.25176380
v 3.10930289 19.42021773 15.63152120
v 3.17021773 16.25000000 15.93776081
v 6.21860578 16.25000000 15.01304240
v 6.09911701 19.42021773 14.72457100
v 0.00000000 19.42021773 15.93776081
v 0.00000000 16.25000000 16.25000000
v 3.17021773 16.25000000 15.93776081
v 3.10930289 19.42021773 15.63152120
v -3.10930289 19.42021773 15.63152120
v -3.17021773 16.25000000 15.93776081
v 0.00000000 16.25000000 16.25000000
v 0.00000000 19.42021773 15.93776081
v -6.09911701 19.42021773 14.72457100
v -6.21860578 16.25000000 15.01304240
v -3.17021773 16.25000000 15.93776081
v -3.10930289 19.42021773 15.63152120
v -8.85454549 19.42021773 13.25176380
v -9.02801629 16.25000000 13.51138120
v -6.21860578 16.25000000 15.01304240
v -6.09911701 19.42021773 14.72457100
v -11.26969874 19.42021773 11.26969874
v -11.49048519 16.25000000 11.49048519
v -9.02801629 16.25000000 13.51138120
v -8.85454549 19.42021773 13.25176380
v -13.25176380 19.42021773 8.85454549
v -13.51138120 16.25000000 9.02801629
v -11.49048519 16.25000000 11.49048519
v -11.26969874 19.42021773 11.26969874
v -14.72457100 19.42021773 6.09911701
v -15.01304240 16.25000000 6.21860578
v -13.51138120 16.25000000 9.02801629
v -13.25176380 19.42021773 8.85454549
v -15.63152120 19.42021773 3.10930289
v -15.93776081 16.25000000 3.17021773
v -15.01304240 16.25000000 6.21860578
v -14.72457100 19.42021773 6.09911701
v -15.93776081 19.42021773 0.00000000
v -16.25000000 16.25000000 0.00000000
v -15.93776081 16.25000000 3.17021773
v -15.63152120 19.42021773 3.10930289
v -15.63152120 19.42021773 -3.10930289
v -15.93776081 16.25000000 -3.17021773
v -16.25000000 16.25000000 0.00000000
v -15.93776081 19.42021773 0.00000000
v -14.72457100 19.42021773 -6.09911701
v -15.01304240 16.25000000 -6.21860578
v -15.93776081 16.25000000 -3.17021773
v -15.63152120 19.42021773 -3.10930289
v -13.25176380 19.42021773 -8.85454549
v -13.51138120 16.25000000 -9.02801629
v -15.01304240 16.25000000 -6.21860578
v -14.72457100 19.42021773 -6.09911701
v -11.26969874 19.42021773 -11.26969874
v -11.49048519 16.25000000 -11.49048519
v -13.51138120 16.25000000 -9.02801629
v -13.25176380 19.42021773 -8.85454549
v -8.85454549 19.42021773 -13.25176380
v -9.02801629 16.25000000 -13.51138120
v -11.49048519 16.25000000 -11.49048519
v -11.26969874 19.42021773 -11.26969874
v -6.09911701 19.42021773 -14.72457100
v -6.21860578 16.25000000 -15.01304240
v -9.02801629 16.25000000 -13.51138120
v -8.85454549 19.42021773 -13.25176380
v -3.10930289 19.42021773 -15.63152120
v -3.17021773 16.25000000 -15.93776081
v -6.21860578 16.25000000 -15.01304240
v -6.09911701 19.42021773 -14.72457100
v -0.00000000 19.42021773 -15.93776081
v -0.00000000 16.25000000 -16.25000000
v -3.17021773 16.25000000 -15.93776081
v -3.10930289 19.42021773 -15.63152120
v 3.10930289 19.42021773 -15.63152120
v 3.17021773 16.25000000 -15.93776081
v -0.00000000 16.25000000 -16.25000000
v -0.00000000 19.42021773 -15.93776081
v 6.09911701 19.42021773 -14.72457100
v 6.21860578 16.25000000 -15.01304240
v 3.17021773 16.25000000 -15.93776081
v 3.10930289 19.42021773 -15.63152120
v 8.85454549 19.42021773 -13.25176380
v 9.02801629 16.25000000 -13.51138120
v 6.21860578 16.25000000 -15.01304240
v 6.09911701 19.42021773 -14.72457100
v 11.26969874 19.42021773 -11.26969874
v 11.49048519 16.25000000 -11.49048519
v 9.02801629 16.25000000 -13.51138120
v 8.85454549 19.42021773 -13.25176380
v 13.25176380 19.42021773 -8.85454549
v 13.51138120 16.25000000 -9.02801629
v 11.49048519 16.25000000 -11.49048519
v 11.26969874 19.42021773 -11.26969874
v 14.72457100 19.42021773 -6.09911701
v 15.01304240 16.25000000 -6.21860578
v 13.51138120 16.25000000 -9.02801629
v 13.25176380 19.42021773 -8.85454549
v 15.63152120 19.42021773 -3.10930289
v 15.93776081 16.25000000 -3.17021773
v 15.01304240 16.25000000 -6.21860578
v 14.72457100 19.42021773 -6.09911701
v 15.93776081 19.42021773 -0.00000000
v 16.25000000 16.25000000 -0.00000000
v 15.93776081 16.25000000 -3.17021773
v 15.63152120 19.42021773 -3.10930289
v 15.93776081 16.25000000 3.17021773
v 15.63152120 13.07978227 3.10930289
v 15.93776081 13.07978227 0.00000000
v 16.25000000 16.25000000 0.00000000
v 15.01304240 16.25000000 6.21860578
v 14.72457100 13.07978227 6.09911701
v 15.63152120 13.07978227 3.10930289
v 15.93776081 16.25000000 3.17021773
v 13.51138120 16.25000000 9.02801629
v 13.25176380 13.07978227 8.85454549
v 14.72457100 13.07978227 6.09911701
v 15.01304240 16.25000000 6.21860578
v 11.49048519 16.25000000 11.49048519
v 11.26969874 13.07978227 11.26969874
v 13.25176380 13.07978227 8.85454549
v 13.51138120 16.25000000 9.02801629
v 9.02801629 16.25000000 13.51138120
v 8.85454549 13.07978227 13.25176380
v 11.26969874 13.07978227 11.26969874
v 11.49048519 16.25000000 11.49048519
v 6.21860578 16.25000000 15.01304240
v 6.09911701 13.07978227 14.72457100
v 8.85454549 13.07978227 13.25176380
v 9.02801629 16.25000000 13.51138120
v 3.17021773 16.25000000 15.93776081
v 3.10930289 13.07978227 15.63152120
v 6.09911701 13.07978227 14.72457100
v 6.21860578 16.25000000 15.01304240
v 0.00000000 16.25000000 16.25000000
v 0.00000000 13.07978227 15.93776081
v 3.10930289 13.07978227 15.63152120
v 3.17021773 16.25000000 15.93776081
v -3.17021773 16.25000000 15.93776081
v -3.10930289 13.07978227 15.63152120
v 0.00000000 13.07978227 15.93776081
v 0.00000000 16.25000000 16.25000000
v -6.21860578 16.25000000 15.01304240
v -6.09911701 13.07978227 14.72457100
v -3.10930289 13.07978227 15.63152120
v -3.17021773 16.25000000 15.93776081
v -9.02801629 16.25000000 13.51138120
v -8.85454549 13.07978227 13.25176380
v -6.09911701 13.07978227 14.72457100
v -6.21860578 16.25000000 15.01304240
v -11.49048519 16.25000000 11.49048519
v -11.26969874 13.07978227 11.26969874
v -8.85454549 13.07978227 13.25176380
v -9.02801629 16.25000000 13.51138120
v -13.51138120 16.25000000 9.02801629
v -13.25176380 13.07978227 8.85454549
v -11.26969874 13.07978227 11.26969874
v -11.49048519 16.25000000 11.49048519
v -15.01304240 16.25000000 6.21860578
v -14.72457100 13.07978227 6.09911701
v -13.25176380 13.07978227 8.85454549
v -13.51138120 16.25000000 9.02801629
v -15.93776081 16.25000000 3.17021773
v -15.63152120 13.07978227 3.10930289
v -14.72457100 13.07978227 6.09911701
v -15.01304240 16.25000000 6.21860578
v -16.25000000 16.25000000 0.00000000
v -15.93776081 13.07978227 0.00000000
v -15.63152120 13.07978227 3.10930289
v -15.93776081 16.25000000 3.17021773
v -15.93776081 16.25000000 -3.17021773
v -15.63152120 13.07978227 -3.10930289
v -15.93776081 13.07978227 0.00000000
v -16.25000000 16.25000000 0.00000000
v -15.01304240 16.25000000 -6.21860578
v -14.72457100 13.07978227 -6.09911701
v -15.63152120 13.07978227 -3.10930289
v -15.93776081 16.25000000 -3.17021773
v -13.51138120 16.25000000 -9.02801629
v -13.25176380 13.07978227 -8.85454549
v -14.72457100 13.07978227 -6.09911701
v -15.01304240 16.25000000 -6.21860578
v -11.49048519 16.25000000 -11.49048519
v -11.26969874 13.07978227 -11.26969874
v -13.25176380 13.07978227 -8.85454549
v -13.51138120 16.25000000 -9.02801629
v -9.02801629 16.25000000 -13.51138120
v -8.85454549 13.07978227 -13.25176380
v -11.26969874 13.07978227 -11.26969874
v -11.49048519 16.25000000 -11.49048519
v -6.21860578 16.25000000 -15.01304240
v -6.09911701 13.07978227 -14.72457100
v -8.85454549 13.07978227 -13.25176380
v -9.02801629 16.25000000 -13.51138120
v -3.17021773 16.25000000 -15.93776081
v -3.10930289 13.07978227 -15.63152120
v -6.09911701 13.07978227 -14.72457100
v -6.21860578 16.25000000 -15.01304240
v -0.00000000 16.25000000 -16.25000000
v -0.00000000 13.07978227 -15.93776081
v -3.10930289 13.07978227 -15.63152120
v -3.17021773 16.25000000 -15.93776081
v 3.17021773 16.25000000 -15.93776081
v 3.10930289 13.07978227 -15.63152120
v -0.00000000 13.07978227 -15.93776081
v -0.00000000 16.25000000 -16.25000000
v 6.21860578 16.25000000 -15.01304240
v 6.09911701 13.07978227 -14.72457100
v 3.10930289 13.07978227 -15.63152120
v 3.17021773 16.25000000 -15.93776081
v 9.02801629 16.25000000 -13.51138120
v 8.85454549 13.07978227 -13.25176380
v 6.09911701 13.07978227 -14.72457100
v 6.21860578 16.25000000 -15.01304240
v 11.49048519 16.25000000 -11.49048519
v 11.26969874 13.07978227 -11.26969874
v 8.85454549 13.07978227 -13.25176380
v 9.02801629 16.25000000 -13.51138120
v 13.51138120 16.25000000 -9.02801629
v 13.25176380 13.07978227 -8.85454549
v 11.26969874 13.07978227 -11.26969874
v 11.49048519 16.25000000 -11.49048519
v 15.01304240 16.25000000 -6.21860578
v 14.72457100 13.07978227 -6.09911701
v 13.25176380 13.07978227 -8.85454549
v 13.51138120 16.25000000 -9.02801629
v 15.93776081 16.25000000 -3.17021773
v 15.63152120 13.07978227 -3.10930289
v 14.72457100 13.07978227 -6.09911701
v 15.01304240 16.25000000 -6.21860578
v 16.25000000 16.25000000 -0.00000000
v 15.93776081 13.07978227 -0.00000000
v 15.63152120 13.07978227 -3.10930289
v 15.93776081 16.25000000 -3.17021773
v 15.63152120 13.07978227 3.10930289
v 14.72457100 10.03139422 2.92889928
v 15.01304240 10.03139422 0.00000000
v 15.93776081 13.07978227 0.00000000
v 14.72457100 13.07978227 6.09911701
v 13.87024260 10.03139422 5.74524260
v 14.72457100 10.03139422 2.92889928
v 15.63152120 13.07978227 3.10930289
v 13.25176380 13.07978227 8.85454549
v 12.48288855 10.03139422 8.34079947
v 13.87024260 10.03139422 5.74524260
v 14.72457100 13.07978227 6.09911701
v 11.26969874 13.07978227 11.26969874
v 10.61582409 10.03139422 10.61582409
v 12.48288855 10.03139422 8.34079947
v 13.25176380 13.07978227 8.85454549
v 8.85454549 13.07978227 13.25176380
v 8.34079947 10.03139422 12.48288855
v 10.61582409 10.03139422 10.61582409
v 11.26969874 13.07978227 11.26969874
v 6.09911701 13.07978227 14.72457100
v 5.74524260 10.03139422 13.87024260
v 8.34079947 10.03139422 12.48288855
v 8.85454549 13.07978227 13.25176380
v 3.10930289 13.07978227 15.63152120
v 2.92889928 10.03139422 14.72457100
v 5.74524260 10.03139422 13.87024260
v 6.09911701 13.07978227 14.72457100
v 0.00000000 13.07978227 15.93776081
v 0.00000000 10.03139422 15.01304240
v 2.92889928 10.03139422 14.72457100
v 3.10930289 13.07978227 15.63152120
v -3.10930289 13.07978227 15.63152120
v -2.92889928 10.03139422 14.72457100
v 0.00000000 10.03139422 15.01304240
v 0.00000000 13.07978227 15.93776081
v -6.09911701 13.07978227 14.72457100
v -5.74524260 10.03139422 13.87024260
v -2.92889928 10.03139422 14.72457100
v -3.10930289 13.07978227 15.63152120
v -8.85454549 13.07978227 13.25176380
v -8.34079947 10.03139422 12.48288855
v -5.74524260 10.03139422 13.87024260
v -6.09911701 13.07978227 14.72457100
v -11.26969874 13.07978227 11.26969874
v -10.61582409 10.03139422 10.61582409
v -8.34079947 10.03139422 12.48288855
v -8.85454549 13.07978227 13.25176380
v -13.25176380 13.07978227 8.85454549
v -12.48288855 10.03139422 8.34079947
v -10.61582409 10.03139422 10.61582409
v -11.26969874 13.07978227 11.26969874
v -14.72457100 13.07978227 6.09911701
v -13.87024260 10.03139422 5.74524260
v -12.48288855 10.03139422 8.34079947
v -13.25176380 13.07978227 8.85454549
v -15.63152120 13.07978227 3.10930289
v -14.72457100 10.03139422 2.92889928
v -13.87024260 10.03139422 5.74524260
v -14.72457100 13.07978227 6.09911701
v -15.93776081 13.07978227 0.00000000
v -15.01304240 10.03139422 0.00000000
v -14.72457100 10.03139422 2.92889928
v -15.63152120 13.07978227 3.10930289
v -15.63152120 13.07978227 -3.10930289
v -14.72457100 10.03139422 -2.92889928
v -15.01304240 10.03139422 0.00000000
v -15.93776081 13.07978227 0.00000000
v -14.72457100 13.07978227 -6.09911701
v -13.87024260 10.03139422 -5.74524260
v -14.72457100 10.03139422 -2.92889928
v -15.63152120 13.07978227 -3.10930289
v -13.25176380 13.07978227 -8.85454549
v -12.48288855 10.03139422 -8.34079947
v -13.87024260 10.03139422 -5.74524260
v -14.72457100 13.07978227 -6.09911701
v -11.26969874 13.07978227 -11.26969874
v -10.61582409 10.03139422 -10.61582409
v -12.48288855 10.03139422 -8.34079947
v -13.25176380 13.07978227 -8.85454549
v -8.85454549 13.07978227 -13.25176380
v -8.34079947 10.03139422 -12.48288855
v -10.61582409 10.03139422 -10.61582409
v -11.26969874 13.07978227 -11.26969874
v -6.09911701 13.07978227 -14.72457100
v -5.74524260 10.03139422 -13.87024260
v -8.34079947 10.03139422 -12.48288855
v -8.85454549 13.07978227 -13.25176380
v -3.10930289 13.07978227 -15.63152120
v -2.92889928 10.03139422 -14.72457100
v -5.74524260 10.03139422 -13.87024260
v -6.09911701 13.07978227 -14.72457100
v -0.00000000 13.07978227 -15.93776081
v -0.00000000 10.03139422 -15.01304240
v -2.92889928 10.03139422 -14.72457100
v -3.10930289 13.07978227 -15.63152120
v 3.10930289 13.07978227 -15.63152120
v 2.92889928 10.03139422 -14.72457100
v -0.00000000 10.03139422 -15.01304240
v -0.00000000 13.07978227 -15.93776081
v 6.09911701 13.07978227 -14.72457100
v 5.74524260 10.03139422 -13.87024260
v 2.92889928 10.03139422 -14.72457100
v 3.10930289 13.07978227 -15.63152120
v 8.85454549 13.07978227 -13.25176380
v 8.34079947 10.03139422 -12.48288855
v 5.74524260 10.03139422 -13.87024260
v 6.09911701 13.07978227 -14.72457100
v 11.26969874 13.07978227 -11.26969874
v 10.61582409 10.03139422 -10.61582409
v 8.34079947 10.03139422 -12.48288855
v 8.85454549 13.07978227 -13.25176380
v 13.25176380 13.07978227 -8.85454549
v 12.48288855 10.03139422 -8.34079947
v 10.61582409 10.03139422 -10.61582409
v 11.26969874 13.07978227 -11.26969874
v 14.72457100 13.07978227 -6.09911701
v 13.87024260 10.03139422 -5.74524260
v 12.48288855 10.03139422 -8.34079947
v 13.25176380 13.07978227 -8.85454549
v 15.63152120 13.07978227 -3.10930289
v 14.72457100 10.03139422 -2.92889928
v 13.87024260 10.03139422 -5.74524260
v 14.72457100 13.07978227 -6.09911701
v 15.93776081 13.07978227 -0.00000000
v 15.01304240 10.03139422 -0.00000000
v 14.72457100 10.03139422 -2.92889928
v 15.63152120 13.07978227 -3.10930289
v 14.72457100 10.03139422 2.92889928
v 13.25176380 7.22198371 2.63593971
v 13.51138120 7.22198371 0.00000000
v 15.01304240 10.03139422 0.00000000
v 13.87024260 10.03139422 5.74524260
v 12.48288855 7.22198371 5.17058173
v 13.25176380 7.22198371 2.63593971
v 14.72457100 10.03139422 2.92889928
v 12.48288855 10.03139422 8.34079947
v 11.23430289 7.22198371 7.50652120
v 12.48288855 7.22198371 5.17058173
v 13.87024260 10.03139422 5.74524260
v 10.61582409 10.03139422 10.61582409
v 9.55398927 7.22198371 9.55398927
v 11.23430289 7.22198371 7.50652120
v 12.48288855 10.03139422 8.34079947
v 8.34079947 10.03139422 12.48288855
v 7.50652120 7.22198371 11.23430289
v 9.55398927 7.22198371 9.55398927
v 10.61582409 10.03139422 10.61582409
v 5.74524260 10.03139422 13.87024260
v 5.17058173 7.22198371 12.48288855
v 7.50652120 7.22198371 11.23430289
v 8.34079947 10.03139422 12.48288855
v 2.92889928 10.03139422 14.72457100
v 2.63593971 7.22198371 13.25176380
v 5.17058173 7.22198371 12.48288855
v 5.74524260 10.03139422 13.87024260
v 0.00000000 10.03139422 15.01304240
v 0.00000000 7.22198371 13.51138120
v 2.63593971 7.22198371 13.25176380
v 2.92889928 10.03139422 14.72457100
v -2.92889928 10.03139422 14.72457100
v -2.63593971 7.22198371 13.25176380
v 0.00000000 7.22198371 13.51138120
v 0.00000000 10.03139422 15.01304240
v -5.74524260 10.03139422 13.87024260
v -5.17058173 7.22198371 12.48288855
v -2.63593971 7.22198371 13.25176380
v -2.92889928 10.03139422 14.72457100
v -8.34079947 10.03139422 12.48288855
v -7.50652120 7.22198371 11.23430289
v -5.17058173 7.22198371 12.48288855
v -5.74524260 10.03139422 13.87024260
v -10.61582409 10.03139422 10.61582409
v -9.55398927 7.22198371 9.55398927
v -7.50652120 7.22198371 11.23430289
v -8.34079947 10.03139422 12.48288855
v -12.48288855 10.03139422 8.34079947
v -11.23430289 7.22198371 7.50652120
v -9.55398927 7.22198371 9.55398927
v -10.61582409 10.03139422 10.61582409
v -13.87024260 10.03139422 5.74524260
v -12.48288855 7.22198371 5.17058173
v -11.23430289 7.22198371 7.50652120
v -12.48288855 10.03139422 8.34079947
v -14.72457100 10.03139422 2.92889928
v -13.25176380 7.22198371 2.63593971
v -12.48288855 7.22198371 5.17058173
v -13.87024260 10.03139422 5.74524260
v -15.01304240 10.03139422 0.00000000
v -13.51138120 7.22198371 0.00000000
v -13.25176380 7.22198371 2.63593971
v -14.72457100 10.03139422 2.92889928
v -14.72457100 10.03139422 -2.92889928
v -13.25176380 7.22198371 -2.63593971
v -13.51138120 7.22198371 0.00000000
v -15.01304240 10.03139422 0.00000000
v -13.87024260 10.03139422 -5.74524260
v -12.48288855 7.22198371 -5.17058173
v -13.25176380 7.22198371 -2.63593971
v -14.72457100 10.03139422 -2.92889928
v -12.48288855 10.03139422 -8.34079947
v -11.23430289 7.22198371 -7.50652120
v -12.48288855 7.22198371 -5.17058173
v -13.87024260 10.03139422 -5.74524260
v -10.61582409 10.03139422 -10.61582409
v -9.55398927 7.22198371 -9.55398927
v -11.23430289 7.22198371 -7.50652120
v -12.48288855 10.03139422 -8.34079947
v -8.34079947 10.03139422 -12.48288855
v -7.50652120 7.22198371 -11.23430289
v -9.55398927 7.22198371 -9.55398927
v -10.61582409 10.03139422 -10.61582409
v -5.74524260 10.03139422 -13.87024260
v -5.17058173 7.22198371 -12.48288855
v -7.50652120 7.22198371 -11.23430289
v -8.34079947 10.03139422 -12.48288855
v -2.92889928 10.03139422 -14.72457100
v -2.63593971 7.22198371 -13.25176380
v -5.17058173 7.22198371 -12.48288855
v -5.74524260 10.03139422 -13.87024260
v -0.00000000 10.03139422 -15.01304240
v -0.00000000 7.22198371 -13.51138120
v -2.63593971 7.22198371 -13.25176380
v -2.92889928 10.03139422 -14.72457100
v 2.92889928 10.03139422 -14.72457100
v 2.63593971 7.22198371 -13.25176380
v -0.00000000 7.22198371 -13.51138120
v -0.00000000 10.03139422 -15.01304240
v 5.74524260 10.03139422 -13.87024260
v 5.17058173 7.22198371 -12.48288855
v 2.63593971 7.22198371 -13.25176380
v 2.92889928 10.03139422 -14.72457100
v 8.34079947 10.03139422 -12.48288855
v 7.50652120 7.22198371 -11.23430289
v 5.17058173 7.22198371 -12.48288855
v 5.74524260 10.03139422 -13.87024260
v 10.61582409 10.03139422 -10.61582409
v 9.55398927 7.22198371 -9.55398927
v 7.50652120 7.22198371 -11.23430289
v 8.34079947 10.03139422 -12.48288855
v 12.48288855 10.03139422 -8.34079947
v 11.23430289 7.22198371 -7.50652120
v 9.55398927 7.22198371 -9.55398927
v 10.61582409 10.03139422 -10.61582409
v 13.87024260 10.03139422 -5.74524260
v 12.48288855 7.22198371 -5.17058173
v 11.23430289 7.22198371 -7.50652120
v 12.48288855 10.03139422 -8.34079947
v 14.72457100 10.03139422 -2.92889928
v 13.25176380 7.22198371 -2.63593971
v 12.48288855 7.22198371 -5.17058173
v 13.87024260 10.03139422 -5.74524260
v 15.01304240 10.03139422 -0.00000000
v 13.51138120 7.22198371 -0.00000000
v 13.25176380 7.22198371 -2.63593971
v 14.72457100 10.03139422 -2.92889928
v 13.25176380 7.22198371 2.63593971
v 11.26969874 4.75951481 2.24168246
v 11.49048519 4.75951481 0.00000000
v 13.51138120 7.22198371 0.00000000
v 12.48288855 7.22198371 5.17058173
v 10.61582409 4.75951481 4.39721831
v 11.26969874 4.75951481 2.24168246
v 13.25176380 7.22198371 2.63593971
v 11.23430289 7.22198371 7.50652120
v 9.55398927 4.75951481 6.38377154
v 10.61582409 4.75951481 4.39721831
v 12.48288855 7.22198371 5.17058173
v 9.55398927 7.22198371 9.55398927
v 8.12500000 4.75951481 8.12500000
v 9.55398927 4.75951481 6.38377154
v 11.23430289 7.22198371 7.50652120
v 7.50652120 7.22198371 11.23430289
v 6.38377154 4.75951481 9.55398927
v 8.12500000 4.75951481 8.12500000
v 9.55398927 7.22198371 9.55398927
v 5.17058173 7.22198371 12.48288855
v 4.39721831 4.75951481 10.61582409
v 6.38377154 4.75951481 9.55398927
v 7.50652120 7.22198371 11.23430289
v 2.63593971 7.22198371 13.25176380
v 2.24168246 4.75951481 11.26969874
v 4.39721831 4.75951481 10.61582409
v 5.17058173 7.22198371 12.48288855
v 0.00000000 7.22198371 13.51138120
v 0.00000000 4.75951481 11.49048519
v 2.24168246 4.75951481 11.26969874
v 2.63593971 7.22198371 13.25176380
v -2.63593971 7.22198371 13.25176380
v -2.24168246 4.75951481 11.26969874
v 0.00000000 4.75951481 11.49048519
v 0.00000000 7.22198371 13.51138120
v -5.17058173 7.22198371 12.48288855
v -4.39721831 4.75951481 10.61582409
v -2.24168246 4.75951481 11.26969874
v -2.63593971 7.22198371 13.25176380
v -7.50652120 7.22198371 11.23430289
v -6.38377154 4.75951481 9.55398927
v -4.39721831 4.75951481 10.61582409
v -5.17058173 7.22198371 12.48288855
v -9.55398927 7.22198371 9.55398927
v -8.12500000 4.75951481 8.12500000
v -6.38377154 4.75951481 9.55398927
v -7.50652120 7.22198371 11.23430289
v -11.23430289 7.22198371 7.50652120
v -9.55398927 4.75951481 6.38377154
v -8.12500000 4.75951481 8.12500000
v -9.55398927 7.22198371 9.55398927
v -12.48288855 7.22198371 5.17058173
v -10.61582409 4.75951481 4.39721831
v -9.55398927 4.75951481 6.38377154
v -11.23430289 7.22198371 7.50652120
v -13.25176380 7.22198371 2.63593971
v -11.26969874 4.75951481 2.24168246
v -10.61582409 4.75951481 4.39721831
v -12.48288855 7.22198371 5.17058173
v -13.51138120 7.22198371 0.00000000
v -11.49048519 4.75951481 0.00000000
v -11.26969874 4.75951481 2.24168246
v -13.25176380 7.22198371 2.63593971
v -13.25176380 7.22198371 -2.63593971
v -11.26969874 4.75951481 -2.24168246
v -11.49048519 4.75951481 0.00000000
v -13.51138120 7.22198371 0.00000000
v -12.48288855 7.22198371 -5.17058173
v -10.61582409 4.75951481 -4.39721831
v -11.26969874 4.75951481 -2.24168246
v -13.25176380 7.22198371 -2.63593971
v -11.23430289 7.22198371 -7.50652120
v -9.55398927 4.75951481 -6.38377154
v -10.61582409 4.75951481 -4.39721831
v -12.48288855 7.22198371 -5.17058173
v -9.55398927 7.22198371 -9.55398927
v -8.12500000 4.75951481 -8.12500000
v -9.55398927 4.75951481 -6.38377154
v -11.23430289 7.22198371 -7.50652120
v -7.50652120 7.22198371 -11.23430289
v -6.38377154 4.75951481 -9.55398927
v -8.12500000 4.75951481 -8.12500000
v -9.55398927 7.22198371 -9.55398927
v -5.17058173 7.22198371 -12.48288855
v -4.39721831 4.75951481 -10.61582409
v -6.38377154 4.75951481 -9.55398927
v -7.50652120 7.22198371 -11.23430289
v -2.63593971 7.22198371 -13.25176380
v -2.24168246 4.75951481 -11.26969874
v -4.39721831 4.75951481 -10.61582409
v -5.17058173 7.22198371 -12.48288855
v -0.00000000 7.22198371 -13.51138120
v -0.00000000 4.75951481 -11.49048519
v -2.24168246 4.75951481 -11.26969874
v -2.63593971 7.22198371 -13.25176380
v 2.63593971 7.22198371 -13.25176380
v 2.24168246 4.75951481 -11.26969874
v -0.00000000 4.75951481 -11.49048519
v -0.00000000 7.22198371 -13.51138120
v 5.17058173 7.22198371 -12.48288855
v 4.39721831 4.75951481 -10.61582409
v 2.24168246 4.75951481 -11.26969874
v 2.63593971 7.22198371 -13.25176380
v 7.50652120 7.22198371 -11.23430289
v 6.38377154 4.75951481 -9.55398927
v 4.39721831 4.75951481 -10.61582409
v 5.17058173 7.22198371 -12.48288855
v 9.55398927 7.22198371 -9.55398927
v 8.12500000 4.75951481 -8.12500000
v 6.38377154 4.75951481 -9.55398927
v 7.50652120 7.22198371 -11.23430289
v 11.23430289 7.22198371 -7.50652120
v 9.55398927 4.75951481 -6.38377154
v 8.12500000 4.75951481 -8.12500000
v 9.55398927 7.22198371 -9.55398927
v 12.48288855 7.22198371 -5.17058173
v 10.61582409 4.75951481 -4.39721831
v 9.55398927 4.75951481 -6.38377154
v 11.23430289 7.22198371 -7.50652120
v 13.25176380 7.22198371 -2.63593971
v 11.26969874 4.75951481 -2.24168246
v 10.61582409 4.75951481 -4.39721831
v 12.48288855 7.22198371 -5.17058173
v 13.51138120 7.22198371 -0.00000000
v 11.49048519 4.75951481 -0.00000000
v 11.26969874 4.75951481 -2.24168246
v 13.25176380 7.22198371 -2.63593971
v 11.26969874 4.75951481 2.24168246
v 8.85454549 2.73861880 1.76127860
v 9.02801629 2.73861880 0.00000000
v 11.49048519 4.75951481 0.00000000
v 10.61582409 4.75951481 4.39721831
v 8.34079947 2.73861880 3.45487226
v 8.85454549 2.73861880 1.76127860
v 11.26969874 4.75951481 2.24168246
v 9.55398927 4.75951481 6.38377154
v 7.50652120 2.73861880 5.01569711
v 8.34079947 2.73861880 3.45487226
v 10.61582409 4.75951481 4.39721831
v 8.12500000 4.75951481 8.12500000
v 6.38377154 2.73861880 6.38377154
v 7.50652120 2.73861880 5.01569711
v 9.55398927 4.75951481 6.38377154
v 6.38377154 4.75951481 9.55398927
v 5.01569711 2.73861880 7.50652120
v 6.38377154 2.73861880 6.38377154
v 8.12500000 4.75951481 8.12500000
v 4.39721831 4.75951481 10.61582409
v 3.45487226 2.73861880 8.34079947
v 5.01569711 2.73861880 7.50652120
v 6.38377154 4.75951481 9.55398927
v 2.24168246 4.75951481 11.26969874
v 1.76127860 2.73861880 8.85454549
v 3.45487226 2.73861880 8.34079947
v 4.39721831 4.75951481 10.61582409
v 0.00000000 4.75951481 11.49048519
v 0.00000000 2.73861880 9.02801629
v 1.76127860 2.73861880 8.85454549
v 2.24168246 4.75951481 11.26969874
v -2.24168246 4.75951481 11.26969874
v -1.76127860 2.73861880 8.85454549
v 0.00000000 2.73861880 9.02801629
v 0.00000000 4.75951481 11.49048519
v -4.39721831 4.75951481 10.61582409
v -3.45487226 2.73861880 8.34079947
v -1.76127860 2.73861880 8.85454549
v -2.24168246 4.75951481 11.26969874
v -6.38377154 4.75951481 9.55398927
v -5.01569711 2.73861880 7.50652120
v -3.45487226 2.73861880 8.34079947
v -4.39721831 4.75951481 10.61582409
v -8.12500000 4.75951481 8.12500000
v -6.38377154 2.73861880 6.38377154
v -5.01569711 2.73861880 7.50652120
v -6.38377154 4.75951481 9.55398927
v -9.55398927 4.75951481 6.38377154
v -7.50652120 2.73861880 5.01569711
v -6.38377154 2.73861880 6.38377154
v -8.12500000 4.75951481 8.12500000
v -10.61582409 4.75951481 4.39721831
v -8.34079947 2.73861880 3.45487226
v -7.50652120 2.73861880 5.01569711
v -9.55398927 4.75951481 6.38377154
v -11.26969874 4.75951481 2.24168246
v -8.85454549 2.73861880 1.76127860
v -8.34079947 2.73861880 3.45487226
v -10.61582409 4.75951481 4.39721831
v -11.49048519 4.75951481 0.00000000
v -9.02801629 2.73861880 0.00000000
v -8.85454549 2.73861880 1.76127860
v -11.26969874 4.75951481 2.24168246
v -11.26969874 4.75951481 -2.24168246
v -8.85454549 2.73861880 -1.76127860
v -9.02801629 2.73861880 0.00000000
v -11.49048519 4.75951481 0.00000000
v -10.61582409 4.75951481 -4.39721831
v -8.34079947 2.73861880 -3.45487226
v -8.85454549 2.73861880 -1.76127860
v -11.26969874 4.75951481 -2.24168246
v -9.55398927 4.75951481 -6.38377154
v -7.50652120 2.73861880 -5.01569711
v -8.34079947 2.73861880 -3.45487226
v -10.61582409 4.75951481 -4.39721831
v -8.12500000 4.75951481 -8.12500000
v -6.38377154 2.73861880 -6.38377154
v -7.50652120 2.73861880 -5.01569711
v -9.55398927 4.75951481 -6.38377154
v -6.38377154 4.75951481 -9.55398927
v -5.01569711 2.73861880 -7.50652120
v -6.38377154 2.73861880 -6.38377154
v -8.12500000 4.75951481 -8.12500000
v -4.39721831 4.75951481 -10.61582409
v -3.45487226 2.73861880 -8.34079947
v -5.01569711 2.73861880 -7.50652120
v -6.38377154 4.75951481 -9.55398927
v -2.24168246 4.75951481 -11.26969874
v -1.76127860 2.73861880 -8.85454549
v -3.45487226 2.73861880 -8.34079947
v -4.39721831 4.75951481 -10.61582409
v -0.00000000 4.75951481 -11.49048519
v -0.00000000 2.73861880 -9.02801629
v -1.76127860 2.73861880 -8.85454549
v -2.24168246 4.75951481 -11.26969874
v 2.24168246 4.75951481 -11.26969874
v 1.76127860 2.73861880 -8.85454549
v -0.00000000 2.73861880 -9.02801629
v -0.00000000 4.75951481 -11.49048519
v 4.39721831 4.75951481 -10.61582409
v 3.45487226 2.73861880 -8.34079947
v 1.76127860 2.73861880 -8.85454549
v 2.24168246 4.75951481 -11.26969874
v 6.38377154 4.75951481 -9.55398927
v 5.01569711 2.73861880 -7.50652120
v 3.45487226 2.73861880 -8.34079947
v 4.39721831 4.75951481 -10.61582409
v 8.12500000 4.75951481 -8.12500000
v 6.38377154 2.73861880 -6.38377154
v 5.01569711 2.73861880 -7.50652120
v 6.38377154 4.75951481 -9.55398927
v 9.55398927 4.75951481 -6.38377154
v 7.50652120 2.73861880 -5.01569711
v 6.38377154 2.73861880 -6.38377154
v 8.12500000 4.75951481 -8.12500000
v 10.61582409 4.75951481 -4.39721831
v 8.34079947 2.73861880 -3.45487226
v 7.50652120 2.73861880 -5.01569711
v 9.55398927 4.75951481 -6.38377154
v 11.26969874 4.75951481 -2.24168246
v 8.85454549 2.73861880 -1.76127860
v 8.34079947 2.73861880 -3.45487226
v 10.61582409 4.75951481 -4.39721831
v 11.49048519 4.75951481 -0.00000000
v 9.02801629 2.73861880 -0.00000000
v 8.85454549 2.73861880 -1.76127860
v 11.26969874 4.75951481 -2.24168246
v 8.85454549 2.73861880 1.76127860
v 6.09911701 1.23695760 1.21318980
v 6.21860578 1.23695760 0.00000000
v 9.02801629 2.73861880 0.00000000
v 8.34079947 2.73861880 3.45487226
v 5.74524260 1.23695760 2.37975740
v 6.09911701 1.23695760 1.21318980
v 8.85454549 2.73861880 1.76127860
v 7.50652120 2.73861880 5.01569711
v 5.17058173 1.23695760 3.45487226
v 5.74524260 1.23695760 2.37975740
v 8.34079947 2.73861880 3.45487226
v 6.38377154 2.73861880 6.38377154
v 4.39721831 1.23695760 4.39721831
v 5.17058173 1.23695760 3.45487226
v 7.50652120 2.73861880 5.01569711
v 5.01569711 2.73861880 7.50652120
v 3.45487226 1.23695760 5.17058173
v 4.39721831 1.23695760 4.39721831
v 6.38377154 2.73861880 6.38377154
v 3.45487226 2.73861880 8.34079947
v 2.37975740 1.23695760 5.74524260
v 3.45487226 1.23695760 5.17058173
v 5.01569711 2.73861880 7.50652120
v 1.76127860 2.73861880 8.85454549
v 1.21318980 1.23695760 6.09911701
v 2.37975740 1.23695760 5.74524260
v 3.45487226 2.73861880 8.34079947
v 0.00000000 2.73861880 9.02801629
v 0.00000000 1.23695760 6.21860578
v 1.21318980 1.23695760 6.09911701
v 1.76127860 2.73861880 8.85454549
v -1.76127860 2.73861880 8.85454549
v -1.21318980 1.23695760 6.09911701
v 0.00000000 1.23695760 6.21860578
v 0.00000000 2.73861880 9.02801629
v -3.45487226 2.73861880 8.34079947
v -2.37975740 1.23695760 5.74524260
v -1.21318980 1.23695760 6.09911701
v -1.76127860 2.73861880 8.85454549
v -5.01569711 2.73861880 7.50652120
v -3.45487226 1.23695760 5.17058173
v -2.37975740 1.23695760 5.74524260
v -3.45487226 2.73861880 8.34079947
v -6.38377154 2.73861880 6.38377154
v -4.39721831 1.23695760 4.39721831
v -3.45487226 1.23695760 5.17058173
v -5.01569711 2.73861880 7.50652120
v -7.50652120 2.73861880 5.01569711
v -5.17058173 1.23695760 3.45487226
v -4.39721831 1.23695760 4.39721831
v -6.38377154 2.73861880 6.38377154
v -8.34079947 2.73861880 3.45487226
v -5.74524260 1.23695760 2.37975740
v -5.17058173 1.23695760 3.45487226
v -7.50652120 2.73861880 5.01569711
v -8.85454549 2.73861880 1.76127860
v -6.09911701 1.23695760 1.21318980
v -5.74524260 1.23695760 2.37975740
v -8.34079947 2.73861880 3.45487226
v -9.02801629 2.73861880 0.00000000
v -6.21860578 1.23695760 0.00000000
v -6.09911701 1.23695760 1.21318980
v -8.85454549 2.73861880 1.76127860
v -8.85454549 2.73861880 -1.76127860
v -6.09911701 1.23695760 -1.21318980
v -6.21860578 1.23695760 0.00000000
v -9.02801629 2.73861880 0.00000000
v -8.34079947 2.73861880 -3.45487226
v -5.74524260 1.23695760 -2.37975740
v -6.09911701 1.23695760 -1.21318980
v -8.85454549 2.73861880 -1.76127860
v -7.50652120 2.73861880 -5.01569711
v -5.17058173 1.23695760 -3.45487226
v -5.74524260 1.23695760 -2.37975740
v -8.34079947 2.73861880 -3.45487226
v -6.38377154 2.73861880 -6.38377154
v -4.39721831 1.23695760 -4.39721831
v -5.17058173 1.23695760 -3.45487226
v -7.50652120 2.73861880 -5.01569711
v -5.01569711 2.73861880 -7.50652120
v -3.45487226 1.23695760 -5.17058173
v -4.39721831 1.23695760 -4.39721831
v -6.38377154 2.73861880 -6.38377154
v -3.45487226 2.73861880 -8.34079947
v -2.37975740 1.23695760 -5.74524260
v -3.45487226 1.23695760 -5.17058173
v -5.01569711 2.73861880 -7.50652120
v -1.76127860 2.73861880 -8.85454549
v -1.21318980 1.23695760 -6.09911701
v -2.37975740 1.23695760 -5.74524260
v -3.45487226 2.73861880 -8.34079947
v -0.00000000 2.73861880 -9.02801629
v -0.00000000 1.23695760 -6.21860578
v -1.21318980 1.23695760 -6.09911701
v -1.76127860 2.73861880 -8.85454549
v 1.76127860 2.73861880 -8.85454549
v 1.21318980 1.23695760 -6.09911701
v -0.00000000 1.23695760 -6.21860578
v -0.00000000 2.73861880 -9.02801629
v 3.45487226 2.73861880 -8.34079947
v 2.37975740 1.23695760 -5.74524260
v 1.21318980 1.23695760 -6.09911701
v 1.76127860 2.73861880 -8.85454549
v 5.01569711 2.73861880 -7.50652120
v 3.45487226 1.23695760 -5.17058173
v 2.37975740 1.23695760 -5.74524260
v 3.45487226 2.73861880 -8.34079947
v 6.38377154 2.73861880 -6.38377154
v 4.39721831 1.23695760 -4.39721831
v 3.45487226 1.23695760 -5.17058173
v 5.01569711 2.73861880 -7.50652120
v 7.50652120 2.73861880 -5.01569711
v 5.17058173 1.23695760 -3.45487226
v 4.39721831 1.23695760 -4.39721831
v 6.38377154 2.73861880 -6.38377154
v 8.34079947 2.73861880 -3.45487226
v 5.74524260 1.23695760 -2.37975740
v 5.17058173 1.23695760 -3.45487226
v 7.50652120 2.73861880 -5.01569711
v 8.85454549 2.73861880 -1.76127860
v 6.09911701 1.23695760 -1.21318980
v 5.74524260 1.23695760 -2.37975740
v 8.34079947 2.73861880 -3.45487226
v 9.02801629 2.73861880 -0.00000000
v 6.21860578 1.23695760 -0.00000000
v 6.09911701 1.23695760 -1.21318980
v 8.85454549 2.73861880 -1.76127860
v 6.09911701 1.23695760 1.21318980
v 3.10930289 0.31223919 0.61847880
v 3.17021773 0.31223919 0.00000000
v 6.21860578 1.23695760 0.00000000
v 5.74524260 1.23695760 2.37975740
v 2.92889928 0.31223919 1.21318980
v 3.10930289 0.31223919 0.61847880
v 6.09911701 1.23695760 1.21318980
v 5.17058173 1.23695760 3.45487226
v 2.63593971 0.31223919 1.76127860
v 2.92889928 0.31223919 1.21318980
v 5.74524260 1.23695760 2.37975740
v 4.39721831 1.23695760 4.39721831
v 2.24168246 0.31223919 2.24168246
v 2.63593971 0.31223919 1.76127860
v 5.17058173 1.23695760 3.45487226
v 3.45487226 1.23695760 5.17058173
v 1.76127860 0.31223919 2.63593971
v 2.24168246 0.31223919 2.24168246
v 4.39721831 1.23695760 4.39721831
v 2.37975740 1.23695760 5.74524260
v 1.21318980 0.31223919 2.92889928
v 1.76127860 0.31223919 2.63593971
v 3.45487226 1.23695760 5.17058173
v 1.21318980 1.23695760 6.09911701
v 0.61847880 0.31223919 3.10930289
v 1.21318980 0.31223919 2.92889928
v 2.37975740 1.23695760 5.74524260
v 0.00000000 1.23695760 6.21860578
v 0.00000000 0.31223919 3.17021773
v 0.61847880 0.31223919 3.10930289
v 1.21318980 1.23695760 6.09911701
v -1.21318980 1.23695760 6.09911701
v -0.61847880 0.31223919 3.10930289
v 0.00000000 0.31223919 3.17021773
v 0.00000000 1.23695760 6.21860578
v -2.37975740 1.23695760 5.74524260
v -1.21318980 0.31223919 2.92889928
v -0.61847880 0.31223919 3.10930289
v -1.21318980 1.23695760 6.09911701
v -3.45487226 1.23695760 5.17058173
v -1.76127860 0.31223919 2.63593971
v -1.21318980 0.31223919 2.92889928
v -2.37975740 1.23695760 5.74524260
v -4.39721831 1.23695760 4.39721831
v -2.24168246 0.31223919 2.24168246
v -1.76127860 0.31223919 2.63593971
v -3.45487226 1.23695760 5.17058173
v -5.17058173 1.23695760 3.45487226
v -2.63593971 0.31223919 1.76127860
v -2.24168246 0.31223919 2.24168246
v -4.39721831 1.23695760 4.39721831
v -5.74524260 1.23695760 2.37975740
v -2.92889928 0.31223919 1.21318980
v -2.63593971 0.31223919 1.76127860
v -5.17058173 1.23695760 3.45487226
v -6.09911701 1.23695760 1.21318980
v -3.10930289 0.31223919 0.61847880
v -2.92889928 0.31223919 1.21318980
v -5.74524260 1.23695760 2.37975740
v -6.21860578 1.23695760 0.00000000
v -3.17021773 0.31223919 0.00000000
v -3.10930289 0.31223919 0.61847880
v -6.09911701 1.23695760 1.21318980
v -6.09911701 1.23695760 -1.21318980
v -3.10930289 0.31223919 -0.61847880
v -3.17021773 0.31223919 0.00000000
v -6.21860578 1.23695760 0.00000000
v -5.74524260 1.23695760 -2.37975740
v -2.92889928 0.31223919 -1.21318980
v -3.10930289 0.31223919 -0.61847880
v -6.09911701 1.23695760 -1.21318980
v -5.17058173 1.23695760 -3.45487226
v -2.63593971 0.31223919 -1.76127860
v -2.92889928 0.31223919 -1.21318980
v -5.74524260 1.23695760 -2.37975740
v -4.39721831 1.23695760 -4.39721831
v -2.24168246 0.31223919 -2.24168246
v -2.63593971 0.31223919 -1.76127860
v -5.17058173 1.23695760 -3.45487226
v -3.45487226 1.23695760 -5.17058173
v -1.76127860 0.31223919 -2.63593971
v -2.24168246 0.31223919 -2.24168246
v -4.39721831 1.23695760 -4.39721831
v -2.37975740 1.23695760 -5.74524260
v -1.21318980 0.31223919 -2.92889928
v -1.76127860 0.31223919 -2.63593971
v -3.45487226 1.23695760 -5.17058173
v -1.21318980 1.23695760 -6.09911701
v -0.61847880 0.31223919 -3.10930289
v -1.21318980 0.31223919 -2.92889928
v -2.37975740 1.23695760 -5.74524260
v -0.00000000 1.23695760 -6.21860578
v -0.00000000 0.31223919 -3.17021773
v -0.61847880 0.31223919 -3.10930289
v -1.21318980 1.23695760 -6.09911701
v 1.21318980 1.23695760 -6.09911701
v 0.61847880 0.31223919 -3.10930289
v -0.00000000 0.31223919 -3.17021773
v -0.00000000 1.23695760 -6.21860578
v 2.37975740 1.23695760 -5.74524260
v 1.21318980 0.31223919 -2.92889928
v 0.61847880 0.31223919 -3.10930289
v 1.21318980 1.23695760 -6.09911701
v 3.45487226 1.23695760 -5.17058173
v 1.76127860 0.31223919 -2.63593971
v 1.21318980 0.31223919 -2.92889928
v 2.37975740 1.23695760 -5.74524260
v 4.39721831 1.23695760 -4.39721831
v 2.24168246 0.31223919 -2.24168246
v 1.76127860 0.31223919 -2.63593971
v 3.45487226 1.23695760 -5.17058173
v 5.17058173 1.23695760 -3.45487226
v 2.63593971 0.31223919 -1.76127860
v 2.24168246 0.31223919 -2.24168246
v 4.39721831 1.23695760 -4.39721831
v 5.74524260 1.23695760 -2.37975740
v 2.92889928 0.31223919 -1.21318980
v 2.63593971 0.31223919 -1.76127860
v 5.17058173 1.23695760 -3.45487226
v 6.09911701 1.23695760 -1.21318980
v 3.10930289 0.31223919 -0.61847880
v 2.92889928 0.31223919 -1.21318980
v 5.74524260 1.23695760 -2.37975740
v 6.21860578 1.23695760 -0.00000000
v 3.17021773 0.31223919 -0.00000000
v 3.10930289 0.31223919 -0.61847880
v 6.09911701 1.23695760 -1.21318980
v 3.10930289 0.31223919 0.61847880
v 0.00000000 0.00000000 0.00000000
v 3.17021773 0.31223919 0.00000000
v 2.92889928 0.31223919 1.21318980
v 0.00000000 0.00000000 0.00000000
v 3.10930289 0.31223919 0.61847880
v 2.63593971 0.31223919 1.76127860
v 0.00000000 0.00000000 0.00000000
v 2.92889928 0.31223919 1.21318980
v 2.24168246 0.31223919 2.24168246
v 0.00000000 0.00000000 0.00000000
v 2.63593971 0.31223919 1.76127860
v 1.76127860 0.31223919 2.63593971
v 0.00000000 0.00000000 0.00000000
v 2.24168246 0.31223919 2.24168246
v 1.21318980 0.31223919 2.92889928
v 0.00000000 0.00000000 0.00000000
v 1.76127860 0.31223919 2.63593971
v 0.61847880 0.31223919 3.10930289
v 0.00000000 0.00000000 0.00000000
v 1.21318980 0.31223919 2.92889928
v 0.00000000 0.31223919 3.17021773
v 0.00000000 0.00000000 0.00000000
v 0.61847880 0.31223919 3.10930289
v -0.61847880 0.31223919 3.10930289
v 0.00000000 0.00000000 0.00000000
v 0.00000000 0.31223919 3.17021773
v -1.21318980 0.31223919 2.92889928
v -0.00000000 0.00000000 0.00000000
v -0.61847880 0.31223919 3.10930289
v -1.76127860 0.31223919 2.63593971
v -0.00000000 0.00000000 0.00000000
v -1.21318980 0.31223919 2.92889928
v -2.24168246 0.31223919 2.24168246
v -0.00000000 0.00000000 0.00000000
v -1.76127860 0.31223919 2.63593971
v -2.63593971 0.31223919 1.76127860
v -0.00000000 0.00000000 0.00000000
v -2.24168246 0.31223919 2.24168246
v -2.92889928 0.31223919 1.21318980
v -0.00000000 0.00000000 0.00000000
v -2.63593971 0.31223919 1.76127860
v -3.10930289 0.31223919 0.61847880
v -0.00000000 0.00000000 0.00000000
v -2.92889928 0.31223919 1.21318980
v -3.17021773 0.31223919 0.00000000
v -0.00000000 0.00000000 0.00000000
v -3.10930289 0.31223919 0.61847880
v -3.10930289 0.31223919 -0.61847880
v -0.00000000 0.00000000 0.00000000
v -3.17021773 0.31223919 0.00000000
v -2.92889928 0.31223919 -1.21318980
v -0.00000000 0.00000000 -0.00000000
v -3.10930289 0.31223919 -0.61847880
v -2.63593971 0.31223919 -1.76127860
v -0.00000000 0.00000000 -0.00000000
v -2.92889928 0.31223919 -1.21318980
v -2.24168246 0.31223919 -2.24168246
v -0.00000000 0.00000000 -0.00000000
v -2.63593971 0.31223919 -1.76127860
v -1.76127860 0.31223919 -2.63593971
v -0.00000000 0.00000000 -0.00000000
v -2.24168246 0.31223919 -2.24168246
v -1.21318980 0.31223919 -2.92889928
v -0.00000000 0.00000000 -0.00000000
v -1.76127860 0.31223919 -2.63593971
v -0.61847880 0.31223919 -3.10930289
v -0.00000000 0.00000000 -0.00000000
v -1.21318980 0.31223919 -2.92889928
v -0.00000000 0.31223919 -3.17021773
v -0.00000000 0.00000000 -0.00000000
v -0.61847880 0.31223919 -3.10930289
v 0.61847880 0.31223919 -3.10930289
v -0.00000000 0.00000000 -0.00000000
v -0.00000000 0.31223919 -3.17021773
v 1.21318980 0.31223919 -2.92889928
v 0.00000000 0.00000000 -0.00000000
v 0.61847880 0.31223919 -3.10930289
v 1.76127860 0.31223919 -2.63593971
v 0.00000000 0.00000000 -0.00000000
v 1.21318980 0.31223919 -2.92889928
v 2.24168246 0.31223919 -2.24168246
v 0.00000000 0.00000000 -0.00000000
v 1.76127860 0.31223919 -2.63593971
v 2.63593971 0.31223919 -1.76127860
v 0.00000000 0.00000000 -0.00000000
v 2.24168246 0.31223919 -2.24168246
v 2.92889928 0.31223919 -1.21318980
v 0.00000000 0.00000000 -0.00000000
v 2.63593971 0.31223919 -1.76127860
v 3.10930289 0.31223919 -0.61847880
v 0.00000000 0.00000000 -0.00000000
v 2.92889928 0.31223919 -1.21318980
v 3.17021773 0.31223919 -0.00000000
v 0.00000000 0.00000000 -0.00000000
v 3.10930289 0.31223919 -0.61847880
v 15.75000000 16.25000000 -1.87500000
v 15.75000000 16.82940686 -1.78323097
v 21.25000000 16.82940686 -1.78323097
v 21.25000000 16.25000000 -1.87500000
v 21.25000000 16.25000000 -1.80000000
v 21.25000000 16.80623059 -1.71190173
v 15.75000000 16.80623059 -1.71190173
v 15.75000000 16.25000000 -1.80000000
v 15.75000000 16.25000000 -1.80000000
v 15.75000000 16.80623059 -1.71190173
v 15.75000000 16.82940686 -1.78323097
v 15.75000000 16.25000000 -1.87500000
v 21.25000000 16.25000000 -1.87500000
v 21.25000000 16.82940686 -1.78323097
v 21.25000000 16.80623059 -1.71190173
v 21.25000000 16.25000000 -1.80000000
v 15.75000000 16.82940686 -1.78323097
v 15.75000000 17.35209735 -1.51690686
v 21.25000000 17.35209735 -1.51690686
v 21.25000000 16.82940686 -1.78323097
v 21.25000000 16.80623059 -1.71190173
v 21.25000000 17.30801345 -1.45623059
v 15.75000000 17.30801345 -1.45623059
v 15.75000000 16.80623059 -1.71190173
v 15.75000000 16.80623059 -1.71190173
v 15.75000000 17.30801345 -1.45623059
v 15.75000000 17.35209735 -1.51690686
v 15.75000000 16.82940686 -1.78323097
v 21.25000000 16.82940686 -1.78323097
v 21.25000000 17.35209735 -1.51690686
v 21.25000000 17.30801345 -1.45623059
v 21.25000000 16.80623059 -1.71190173
v 15.75000000 17.35209735 -1.51690686
v 15.75000000 17.76690686 -1.10209735
v 21.25000000 17.76690686 -1.10209735
v 21.25000000 17.35209735 -1.51690686
v 21.25000000 17.30801345 -1.45623059
v 21.25000000 17.70623059 -1.05801345
v 15.75000000 17.70623059 -1.05801345
v 15.75000000 17.30801345 -1.45623059
v 15.75000000 17.30801345 -1.45623059
v 15.75000000 17.70623059 -1.05801345
v 15.75000000 17.76690686 -1.10209735
v 15.75000000 17.35209735 -1.51690686
v 21.25000000 17.35209735 -1.51690686
v 21.25000000 17.76690686 -1.10209735
v 21.25000000 17.70623059 -1.05801345
v 21.25000000 17.30801345 -1.45623059
v 15.75000000 17.76690686 -1.10209735
v 15.75000000 18.03323097 -0.57940686
v 21.25000000 18.03323097 -0.57940686
v 21.25000000 17.76690686 -1.10209735
v 21.25000000 17.70623059 -1.05801345
v 21.25000000 17.96190173 -0.55623059
v 15.75000000 17.96190173 -0.55623059
v 15.75000000 17.70623059 -1.05801345
v 15.75000000 17.70623059 -1.05801345
v 15.75000000 17.96190173 -0.55623059
v 15.75000000 18.03323097 -0.57940686
v 15.75000000 17.76690686 -1.10209735
v 21.25000000 17.76690686 -1.10209735
v 21.25000000 18.03323097 -0.57940686
v 21.25000000 17.96190173 -0.55623059
v 21.25000000 17.70623059 -1.05801345
v 15.75000000 18.03323097 -0.57940686
v 15.75000000 18.12500000 -0.00000000
v 21.25000000 18.12500000 -0.00000000
v 21.25000000 18.03323097 -0.57940686
v 21.25000000 17.96190173 -0.55623059
v 21.25000000 18.05000000 -0.00000000
v 15.75000000 18.05000000 -0.00000000
v 15.75000000 17.96190173 -0.55623059
v 15.75000000 17.96190173 -0.55623059
v 15.75000000 18.05000000 -0.00000000
v 15.75000000 18.12500000 -0.00000000
v 15.75000000 18.03323097 -0.57940686
v 21.25000000 18.03323097 -0.57940686
v 21.25000000 18.12500000 -0.00000000
v 21.25000000 18.05000000 -0.00000000
v 21.25000000 17.96190173 -0.55623059
v 15.75000000 18.12500000 -0.00000000
v 15.75000000 18.03323097 0.57940686
v 21.25000000 18.03323097 0.57940686
v 21.25000000 18.12500000 -0.00000000
v 21.25000000 18.05000000 -0.00000000
v 21.25000000 17.96190173 0.55623059
v 15.75000000 17.96190173 0.55623059
v 15.75000000 18.05000000 -0.00000000
v 15.75000000 18.05000000 -0.00000000
v 15.75000000 17.96190173 0.55623059
v 15.75000000 18.03323097 0.57940686
v 15.75000000 18.12500000 -0.00000000
v 21.25000000 18.12500000 -0.00000000
v 21.25000000 18.03323097 0.57940686
v 21.25000000 17.96190173 0.55623059
v 21.25000000 18.05000000 -0.00000000
v 15.75000000 18.03323097 0.57940686
v 15.75000000 17.76690686 1.10209735
v 21.25000000 17.76690686 1.10209735
v 21.25000000 18.03323097 0.57940686
v 21.25000000 17.96190173 0.55623059
v 21.25000000 17.70623059 1.05801345
v 15.75000000 17.70623059 1.05801345
v 15.75000000 17.96190173 0.55623059
v 15.75000000 17.96190173 0.55623059
v 15.75000000 17.70623059 1.05801345
v 15.75000000 17.76690686 1.10209735
v 15.75000000 18.03323097 0.57940686
v 21.25000000 18.03323097 0.57940686
v 21.25000000 17.76690686 1.10209735
v 21.25000000 17.70623059 1.05801345
v 21.25000000 17.96190173 0.55623059
v 15.75000000 17.76690686 1.10209735
v 15.75000000 17.35209735 1.51690686
v 21.25000000 17.35209735 1.51690686
v 21.25000000 17.76690686 1.10209735
v 21.25000000 17.70623059 1.05801345
v 21.25000000 17.30801345 1.45623059
v 15.75000000 17.30801345 1.45623059
v 15.75000000 17.70623059 1.05801345
v 15.75000000 17.70623059 1.05801345
v 15.75000000 17.30801345 1.45623059
v 15.75000000 17.35209735 1.51690686
v 15.75000000 17.76690686 1.10209735
v 21.25000000 17.76690686 1.10209735
v 21.25000000 17.35209735 1.51690686
v 21.25000000 17.30801345 1.45623059
v 21.25000000 17.70623059 1.05801345
v 15.75000000 17.35209735 1.51690686
v 15.75000000 16.82940686 1.78323097
v 21.25000000 16.82940686 1.78323097
v 21.25000000 17.35209735 1.51690686
v 21.25000000 17.30801345 1.45623059
v 21.25000000 16.80623059 1.71190173
v 15.75000000 16.80623059 1.71190173
v 15.75000000 17.30801345 1.45623059
v 15.75000000 17.30801345 1.45623059
v 15.75000000 16.80623059 1.71190173
v 15.75000000 16.82940686 1.78323097
v 15.75000000 17.35209735 1.51690686
v 21.25000000 17.35209735 1.51690686
v 21.25000000 16.82940686 1.78323097
v 21.25000000 16.80623059 1.71190173
v 21.25000000 17.30801345 1.45623059
v 15.75000000 16.82940686 1.78323097
v 15.75000000 16.25000000 1.87500000
v 21.25000000 16.25000000 1.87500000
v 21.25000000 16.82940686 1.78323097
v 21.25000000 16.80623059 1.71190173
v 21.25000000 16.25000000 1.80000000
v 15.75000000 16.25000000 1.80000000
v 15.75000000 16.80623059 1.71190173
v 15.75000000 16.80623059 1.71190173
v 15.75000000 16.25000000 1.80000000
v 15.75000000 16.25000000 1.87500000
v 15.75000000 16.82940686 1.78323097
v 21.25000000 16.82940686 1.78323097
v 21.25000000 16.25000000 1.87500000
v 21.25000000 16.25000000 1.80000000
v 21.25000000 16.80623059 1.71190173
v 15.75000000 16.25000000 1.87500000
v 15.75000000 15.67059314 1.78323097
v 21.25000000 15.67059314 1.78323097
v 21.25000000 16.25000000 1.87500000
v 21.25000000 16.25000000 1.80000000
v 21.25000000 15.69376941 1.71190173
v 15.75000000 15.69376941 1.71190173
v 15.75000000 16.25000000 1.80000000
v 15.75000000 16.25000000 1.80000000
v 15.75000000 15.69376941 1.71190173
v 15.75000000 15.67059314 1.78323097
v 15.75000000 16.25000000 1.87500000
v 21.25000000 16.25000000 1.87500000
v 21.25000000 15.67059314 1.78323097
v 21.25000000 15.69376941 1.71190173
v 21.25000000 16.25000000 1.80000000
v 15.75000000 15.67059314 1.78323097
v 15.75000000 15.14790265 1.51690686
v 21.25000000 15.14790265 1.51690686
v 21.25000000 15.67059314 1.78323097
v 21.25000000 15.69376941 1.71190173
v 21.25000000 15.19198655 1.45623059
v 15.75000000 15.19198655 1.45623059
v 15.75000000 15.69376941 1.71190173
v 15.75000000 15.69376941 1.71190173
v 15.75000000 15.19198655 1.45623059
v 15.75000000 15.14790265 1.51690686
v 15.75000000 15.67059314 1.78323097
v 21.25000000 15.67059314 1.78323097
v 21.25000000 15.14790265 1.51690686
v 21.25000000 15.19198655 1.45623059
v 21.25000000 15.69376941 1.71190173
v 15.75000000 15.14790265 1.51690686
v 15.75000000 14.73309314 1.10209735
v 21.25000000 14.73309314 1.10209735
v 21.25000000 15.14790265 1.51690686
v 21.25000000 15.19198655 1.45623059
v 21.25000000 14.79376941 1.05801345
v 15.75000000 14.79376941 1.05801345
v 15.75000000 15.19198655 1.45623059
v 15.75000000 15.19198655 1.45623059
v 15.75000000 14.79376941 1.05801345
v 15.75000000 14.73309314 1.10209735
v 15.75000000 15.14790265 1.51690686
v 21.25000000 15.14790265 1.51690686
v 21.25000000 14.73309314 1.10209735
v 21.25000000 14.79376941 1.05801345
v 21.25000000 15.19198655 1.45623059
v 15.75000000 14.73309314 1.10209735
v 15.75000000 14.46676903 0.57940686
v 21.25000000 14.46676903 0.57940686
v 21.25000000 14.73309314 1.10209735
v 21.25000000 14.79376941 1.05801345
v 21.25000000 14.53809827 0.55623059
v 15.75000000 14.53809827 0.55623059
v 15.75000000 14.79376941 1.05801345
v 15.75000000 14.79376941 1.05801345
v 15.75000000 14.53809827 0.55623059
v 15.75000000 14.46676903 0.57940686
v 15.75000000 14.73309314 1.10209735
v 21.25000000 14.73309314 1.10209735
v 21.25000000 14.46676903 0.57940686
v 21.25000000 14.53809827 0.55623059
v 21.25000000 14.79376941 1.05801345
v 15.75000000 14.46676903 0.57940686
v 15.75000000 14.37500000 0.00000000
v 21.25000000 14.37500000 0.00000000
v 21.25000000 14.46676903 0.57940686
v 21.25000000 14.53809827 0.55623059
v 21.25000000 14.45000000 0.00000000
v 15.75000000 14.45000000 0.00000000
v 15.75000000 14.53809827 0.55623059
v 15.75000000 14.53809827 0.55623059
v 15.75000000 14.45000000 0.00000000
v 15.75000000 14.37500000 0.00000000
v 15.75000000 14.46676903 0.57940686
v 21.25000000 14.46676903 0.57940686
v 21.25000000 14.37500000 0.00000000
v 21.25000000 14.45000000 0.00000000
v 21.25000000 14.53809827 0.55623059
v 15.75000000 14.37500000 0.00000000
v 15.75000000 14.46676903 -0.57940686
v 21.25000000 14.46676903 -0.57940686
v 21.25000000 14.37500000 0.00000000
v 21.25000000 14.45000000 0.00000000
v 21.25000000 14.53809827 -0.55623059
v 15.75000000 14.53809827 -0.55623059
v 15.75000000 14.45000000 0.00000000
v 15.75000000 14.45000000 0.00000000
v 15.75000000 14.53809827 -0.55623059
v 15.75000000 14.46676903 -0.57940686
v 15.75000000 14.37500000 0.00000000
v 21.25000000 14.37500000 0.00000000
v 21.25000000 14.46676903 -0.57940686
v 21.25000000 14.53809827 -0.55623059
v 21.25000000 14.45000000 0.00000000
v 15.75000000 14.46676903 -0.57940686
v 15.75000000 14.73309314 -1.10209735
v 21.25000000 14.73309314 -1.10209735
v 21.25000000 14.46676903 -0.57940686
v 21.25000000 14.53809827 -0.55623059
v 21.25000000 14.79376941 -1.05801345
v 15.75000000 14.79376941 -1.05801345
v 15.75000000 14.53809827 -0.55623059
v 15.75000000 14.53809827 -0.55623059
v 15.75000000 14.79376941 -1.05801345
v 15.75000000 14.73309314 -1.10209735
v 15.75000000 14.46676903 -0.57940686
v 21.25000000 14.46676903 -0.57940686
v 21.25000000 14.73309314 -1.10209735
v 21.25000000 14.79376941 -1.05801345
v 21.25000000 14.53809827 -0.55623059
v 15.75000000 14.73309314 -1.10209735
v 15.75000000 15.14790265 -1.51690686
v 21.25000000 15.14790265 -1.51690686
v 21.25000000 14.73309314 -1.10209735
v 21.25000000 14.79376941 -1.05801345
v 21.25000000 15.19198655 -1.45623059
v 15.75000000 15.19198655 -1.45623059
v 15.75000000 14.79376941 -1.05801345
v 15.75000000 14.79376941 -1.05801345
v 15.75000000 15.19198655 -1.45623059
v 15.75000000 15.14790265 -1.51690686
v 15.75000000 14.73309314 -1.10209735
v 21.25000000 14.73309314 -1.10209735
v 21.25000000 15.14790265 -1.51690686
v 21.25000000 15.19198655 -1.45623059
v 21.25000000 14.79376941 -1.05801345
v 15.75000000 15.14790265 -1.51690686
v 15.75000000 15.67059314 -1.78323097
v 21.25000000 15.67059314 -1.78323097
v 21.25000000 15.14790265 -1.51690686
v 21.25000000 15.19198655 -1.45623059
v 21.25000000 15.69376941 -1.71190173
v 15.75000000 15.69376941 -1.71190173
v 15.75000000 15.19198655 -1.45623059
v 15.75000000 15.19198655 -1.45623059
v 15.75000000 15.69376941 -1.71190173
v 15.75000000 15.67059314 -1.78323097
v 15.75000000 15.14790265 -1.51690686
v 21.25000000 15.14790265 -1.51690686
v 21.25000000 15.67059314 -1.78323097
v 21.25000000 15.69376941 -1.71190173
v 21.25000000 15.19198655 -1.45623059
v 15.75000000 15.67059314 -1.78323097
v 15.75000000 16.25000000 -1.87500000
v 21.25000000 16.25000000 -1.87500000
v 21.25000000 15.67059314 -1.78323097
v 21.25000000 15.69376941 -1.71190173
v 21.25000000 16.25000000 -1.80000000
v 15.75000000 16.25000000 -1.80000000
v 15.75000000 15.69376941 -1.71190173
v 15.75000000 15.69376941 -1.71190173
v 15.75000000 16.25000000 -1.80000000
v 15.75000000 16.25000000 -1.87500000
v 15.75000000 15.67059314 -1.78323097
v 21.25000000 15.67059314 -1.78323097
v 21.25000000 16.25000000 -1.87500000
v 21.25000000 16.25000000 -1.80000000
v 21.25000000 15.69376941 -1.71190173
v 20.25000000 16.25000000 -2.05000000
v 20.25000000 16.88348484 -1.94966586
v 20.75000000 16.88348484 -1.94966586
v 20.75000000 16.25000000 -2.05000000
v 20.75000000 16.25000000 -1.80000000
v 20.75000000 16.80623059 -1.71190173
v 20.25000000 16.80623059 -1.71190173
v 20.25000000 16.25000000 -1.80000000
v 20.25000000 16.25000000 -1.80000000
v 20.25000000 16.80623059 -1.71190173
v 20.25000000 16.88348484 -1.94966586
v 20.25000000 16.25000000 -2.05000000
v 20.75000000 16.25000000 -2.05000000
v 20.75000000 16.88348484 -1.94966586
v 20.75000000 16.80623059 -1.71190173
v 20.75000000 16.25000000 -1.80000000
v 20.25000000 16.88348484 -1.94966586
v 20.25000000 17.45495977 -1.65848484
v 20.75000000 17.45495977 -1.65848484
v 20.75000000 16.88348484 -1.94966586
v 20.75000000 16.80623059 -1.71190173
v 20.75000000 17.30801345 -1.45623059
v 20.25000000 17.30801345 -1.45623059
v 20.25000000 16.80623059 -1.71190173
v 20.25000000 16.80623059 -1.71190173
v 20.25000000 17.30801345 -1.45623059
v 20.25000000 17.45495977 -1.65848484
v 20.25000000 16.88348484 -1.94966586
v 20.75000000 16.88348484 -1.94966586
v 20.75000000 17.45495977 -1.65848484
v 20.75000000 17.30801345 -1.45623059
v 20.75000000 16.80623059 -1.71190173
v 20.25000000 17.45495977 -1.65848484
v 20.25000000 17.90848484 -1.20495977
v 20.75000000 17.90848484 -1.20495977
v 20.75000000 17.45495977 -1.65848484
v 20.75000000 17.30801345 -1.45623059
v 20.75000000 17.70623059 -1.05801345
v 20.25000000 17.70623059 -1.05801345
v 20.25000000 17.30801345 -1.45623059
v 20.25000000 17.30801345 -1.45623059
v 20.25000000 17.70623059 -1.05801345
v 20.25000000 17.90848484 -1.20495977
v 20.25000000 17.45495977 -1.65848484
v 20.75000000 17.45495977 -1.65848484
v 20.75000000 17.90848484 -1.20495977
v 20.75000000 17.70623059 -1.05801345
v 20.75000000 17.30801345 -1.45623059
v 20.25000000 17.90848484 -1.20495977
v 20.25000000 18.19966586 -0.63348484
v 20.75000000 18.19966586 -0.63348484
v 20.75000000 17.90848484 -1.20495977
v 20.75000000 17.70623059 -1.05801345
v 20.75000000 17.96190173 -0.55623059
v 20.25000000 17.96190173 -0.55623059
v 20.25000000 17.70623059 -1.05801345
v 20.25000000 17.70623059 -1.05801345
v 20.25000000 17.96190173 -0.55623059
v 20.25000000 18.19966586 -0.63348484
v 20.25000000 17.90848484 -1.20495977
v 20.75000000 17.90848484 -1.20495977
v 20.75000000 18.19966586 -0.63348484
v 20.75000000 17.96190173 -0.55623059
v 20.75000000 17.70623059 -1.05801345
v 20.25000000 18.19966586 -0.63348484
v 20.25000000 18.30000000 -0.00000000
v 20.75000000 18.30000000 -0.00000000
v 20.75000000 18.19966586 -0.63348484
v 20.75000000 17.96190173 -0.55623059
v 20.75000000 18.05000000 -0.00000000
v 20.25000000 18.05000000 -0.00000000
v 20.25000000 17.96190173 -0.55623059
v 20.25000000 17.96190173 -0.55623059
v 20.25000000 18.05000000 -0.00000000
v 20.25000000 18.30000000 -0.00000000
v 20.25000000 18.19966586 -0.63348484
v 20.75000000 18.19966586 -0.63348484
v 20.75000000 18.30000000 -0.00000000
v 20.75000000 18.05000000 -0.00000000
v 20.75000000 17.96190173 -0.55623059
v 20.25000000 18.30000000 -0.00000000
v 20.25000000 18.19966586 0.63348484
v 20.75000000 18.19966586 0.63348484
v 20.75000000 18.30000000 -0.00000000
v 20.75000000 18.05000000 -0.00000000
v 20.75000000 17.96190173 0.55623059
v 20.25000000 17.96190173 0.55623059
v 20.25000000 18.05000000 -0.00000000
v 20.25000000 18.05000000 -0.00000000
v 20.25000000 17.96190173 0.55623059
v 20.25000000 18.19966586 0.63348484
v 20.25000000 18.30000000 -0.00000000
v 20.75000000 18.30000000 -0.00000000
v 20.75000000 18.19966586 0.63348484
v 20.75000000 17.96190173 0.55623059
v 20.75000000 18.05000000 -0.00000000
v 20.25000000 18.19966586 0.63348484
v 20.25000000 17.90848484 1.20495977
v 20.75000000 17.90848484 1.20495977
v 20.75000000 18.19966586 0.63348484
v 20.75000000 17.96190173 0.55623059
v 20.75000000 17.70623059 1.05801345
v 20.25000000 17.70623059 1.05801345
v 20.25000000 17.96190173 0.55623059
v 20.25000000 17.96190173 0.55623059
v 20.25000000 17.70623059 1.05801345
v 20.25000000 17.90848484 1.20495977
v 20.25000000 18.19966586 0.63348484
v 20.75000000 18.19966586 0.63348484
v 20.75000000 17.90848484 1.20495977
v 20.75000000 17.70623059 1.05801345
v 20.75000000 17.96190173 0.55623059
v 20.25000000 17.90848484 1.20495977
v 20.25000000 17.45495977 1.65848484
v 20.75000000 17.45495977 1.65848484
v 20.75000000 17.90848484 1.20495977
v 20.75000000 17.70623059 1.05801345
v 20.75000000 17.30801345 1.45623059
v 20.25000000 17.30801345 1.45623059
v 20.25000000 17.70623059 1.05801345
v 20.25000000 17.70623059 1.05801345
v 20.25000000 17.30801345 1.45623059
v 20.25000000 17.45495977 1.65848484
v 20.25000000 17.90848484 1.20495977
v 20.75000000 17.90848484 1.20495977
v 20.75000000 17.45495977 1.65848484
v 20.75000000 17.30801345 1.45623059
v 20.75000000 17.70623059 1.05801345
v 20.25000000 17.45495977 1.65848484
v 20.25000000 16.88348484 1.94966586
v 20.75000000 16.88348484 1.94966586
v 20.75000000 17.45495977 1.65848484
v 20.75000000 17.30801345 1.45623059
v 20.75000000 16.80623059 1.71190173
v 20.25000000 16.80623059 1.71190173
v 20.25000000 17.30801345 1.45623059
v 20.25000000 17.30801345 1.45623059
v 20.25000000 16.80623059 1.71190173
v 20.25000000 16.88348484 1.94966586
v 20.25000000 17.45495977 1.65848484
v 20.75000000 17.45495977 1.65848484
v 20.75000000 16.88348484 1.94966586
v 20.75000000 16.80623059 1.71190173
v 20.75000000 17.30801345 1.45623059
v 20.25000000 16.88348484 1.94966586
v 20.25000000 16.25000000 2.05000000
v 20.75000000 16.25000000 2.05000000
v 20.75000000 16.88348484 1.94966586
v 20.75000000 16.80623059 1.71190173
v 20.75000000 16.25000000 1.80000000
v 20.25000000 16.25000000 1.80000000
v 20.25000000 16.80623059 1.71190173
v 20.25000000 16.80623059 1.71190173
v 20.25000000 16.25000000 1.80000000
v 20.25000000 16.25000000 2.05000000
v 20.25000000 16.88348484 1.94966586
v 20.75000000 16.88348484 1.94966586
v 20.75000000 16.25000000 2.05000000
v 20.75000000 16.25000000 1.80000000
v 20.75000000 16.80623059 1.71190173
v 20.25000000 16.25000000 2.05000000
v 20.25000000 15.61651516 1.94966586
v 20.75000000 15.61651516 1.94966586
v 20.75000000 16.25000000 2.05000000
v 20.75000000 16.25000000 1.80000000
v 20.75000000 15.69376941 1.71190173
v 20.25000000 15.69376941 1.71190173
v 20.25000000 16.25000000 1.80000000
v 20.25000000 16.25000000 1.80000000
v 20.25000000 15.69376941 1.71190173
v 20.25000000 15.61651516 1.94966586
v 20.25000000 16.25000000 2.05000000
v 20.75000000 16.25000000 2.05000000
v 20.75000000 15.61651516 1.94966586
v 20.75000000 15.69376941 1.71190173
v 20.75000000 16.25000000 1.80000000
v 20.25000000 15.61651516 1.94966586
v 20.25000000 15.04504023 1.65848484
v 20.75000000 15.04504023 1.65848484
v 20.75000000 15.61651516 1.94966586
v 20.75000000 15.69376941 1.71190173
v 20.75000000 15.19198655 1.45623059
v 20.25000000 15.19198655 1.45623059
v 20.25000000 15.69376941 1.71190173
v 20.25000000 15.69376941 1.71190173
v 20.25000000 15.19198655 1.45623059
v 20.25000000 15.04504023 1.65848484
v 20.25000000 15.61651516 1.94966586
v 20.75000000 15.61651516 1.94966586
v 20.75000000 15.04504023 1.65848484
v 20.75000000 15.19198655 1.45623059
v 20.75000000 15.69376941 1.71190173
v 20.25000000 15.04504023 1.65848484
v 20.25000000 14.59151516 1.20495977
v 20.75000000 14.59151516 1.20495977
v 20.75000000 15.04504023 1.65848484
v 20.75000000 15.19198655 1.45623059
v 20.75000000 14.79376941 1.05801345
v 20.25000000 14.79376941 1.05801345
v 20.25000000 15.19198655 1.45623059
v 20.25000000 15.19198655 1.45623059
v 20.25000000 14.79376941 1.05801345
v 20.25000000 14.59151516 1.20495977
v 20.25000000 15.04504023 1.65848484
v 20.75000000 15.04504023 1.65848484
v 20.75000000 14.59151516 1.20495977
v 20.75000000 14.79376941 1.05801345
v 20.75000000 15.19198655 1.45623059
v 20.25000000 14.59151516 1.20495977
v 20.25000000 14.30033414 0.63348484
v 20.75000000 14.30033414 0.63348484
v 20.75000000 14.59151516 1.20495977
v 20.75000000 14.79376941 1.05801345
v 20.75000000 14.53809827 0.55623059
v 20.25000000 14.53809827 0.55623059
v 20.25000000 14.79376941 1.05801345
v 20.25000000 14.79376941 1.05801345
v 20.25000000 14.53809827 0.55623059
v 20.25000000 14.30033414 0.63348484
v 20.25000000 14.59151516 1.20495977
v 20.75000000 14.59151516 1.20495977
v 20.75000000 14.30033414 0.63348484
v 20.75000000 14.53809827 0.55623059
v 20.75000000 14.79376941 1.05801345
v 20.25000000 14.30033414 0.63348484
v 20.25000000 14.20000000 0.00000000
v 20.75000000 14.20000000 0.00000000
v 20.75000000 14.30033414 0.63348484
v 20.75000000 14.53809827 0.55623059
v 20.75000000 14.45000000 0.00000000
v 20.25000000 14.45000000 0.00000000
v 20.25000000 14.53809827 0.55623059
v 20.25000000 14.53809827 0.55623059
v 20.25000000 14.45000000 0.00000000
v 20.25000000 14.20000000 0.00000000
v 20.25000000 14.30033414 0.63348484
v 20.75000000 14.30033414 0.63348484
v 20.75000000 14.20000000 0.00000000
v 20.75000000 14.45000000 0.00000000
v 20.75000000 14.53809827 0.55623059
v 20.25000000 14.20000000 0.00000000
v 20.25000000 14.30033414 -0.63348484
v 20.75000000 14.30033414 -0.63348484
v 20.75000000 14.20000000 0.00000000
v 20.75000000 14.45000000 0.00000000
v 20.75000000 14.53809827 -0.55623059
v 20.25000000 14.53809827 -0.55623059
v 20.25000000 14.45000000 0.00000000
v 20.25000000 14.45000000 0.00000000
v 20.25000000 14.53809827 -0.55623059
v 20.25000000 14.30033414 -0.63348484
v 20.25000000 14.20000000 0.00000000
v 20.75000000 14.20000000 0.00000000
v 20.75000000 14.30033414 -0.63348484
v 20.75000000 14.53809827 -0.55623059
v 20.75000000 14.45000000 0.00000000
v 20.25000000 14.30033414 -0.63348484
v 20.25000000 14.59151516 -1.20495977
v 20.75000000 14.59151516 -1.20495977
v 20.75000000 14.30033414 -0.63348484
v 20.75000000 14.53809827 -0.55623059
v 20.75000000 14.79376941 -1.05801345
v 20.25000000 14.79376941 -1.05801345
v 20.25000000 14.53809827 -0.55623059
v 20.25000000 14.53809827 -0.55623059
v 20.25000000 14.79376941 -1.05801345
v 20.25000000 14.59151516 -1.20495977
v 20.25000000 14.30033414 -0.63348484
v 20.75000000 14.30033414 -0.63348484
v 20.75000000 14.59151516 -1.20495977
v 20.75000000 14.79376941 -1.05801345
v 20.75000000 14.53809827 -0.55623059
v 20.25000000 14.59151516 -1.20495977
v 20.25000000 15.04504023 -1.65848484
v 20.75000000 15.04504023 -1.65848484
v 20.75000000 14.59151516 -1.20495977
v 20.75000000 14.79376941 -1.05801345
v 20.75000000 15.19198655 -1.45623059
v 20.25000000 15.19198655 -1.45623059
v 20.25000000 14.79376941 -1.05801345
v 20.25000000 14.79376941 -1.05801345
v 20.25000000 15.19198655 -1.45623059
v 20.25000000 15.04504023 -1.65848484
v 20.25000000 14.59151516 -1.20495977
v 20.75000000 14.59151516 -1.20495977
v 20.75000000 15.04504023 -1.65848484
v 20.75000000 15.19198655 -1.45623059
v 20.75000000 14.79376941 -1.05801345
v 20.25000000 15.04504023 -1.65848484
v 20.25000000 15.61651516 -1.94966586
v 20.75000000 15.61651516 -1.94966586
v 20.75000000 15.04504023 -1.65848484
v 20.75000000 15.19198655 -1.45623059
v 20.75000000 15.69376941 -1.71190173
v 20.25000000 15.69376941 -1.71190173
v 20.25000000 15.19198655 -1.45623059
v 20.25000000 15.19198655 -1.45623059
v 20.25000000 15.69376941 -1.71190173
v 20.25000000 15.61651516 -1.94966586
v 20.25000000 15.04504023 -1.65848484
v 20.75000000 15.04504023 -1.65848484
v 20.75000000 15.61651516 -1.94966586
v 20.75000000 15.69376941 -1.71190173
v 20.75000000 15.19198655 -1.45623059
v 20.25000000 15.61651516 -1.94966586
v 20.25000000 16.25000000 -2.05000000
v 20.75000000 16.25000000 -2.05000000
v 20.75000000 15.61651516 -1.94966586
v 20.75000000 15.69376941 -1.71190173
v 20.75000000 16.25000000 -1.80000000
v 20.25000000 16.25000000 -1.80000000
v 20.25000000 15.69376941 -1.71190173
v 20.25000000 15.69376941 -1.71190173
v 20.25000000 16.25000000 -1.80000000
v 20.25000000 16.25000000 -2.05000000
v 20.25000000 15.61651516 -1.94966586
v 20.75000000 15.61651516 -1.94966586
v 20.75000000 16.25000000 -2.05000000
v 20.75000000 16.25000000 -1.80000000
v 20.75000000 15.69376941 -1.71190173
v 9.49879763 16.25000000 12.70240011
v 9.41932332 16.82940686 12.74828463
v 12.16932332 16.82940686 17.51142435
v 12.24879763 16.25000000 17.46553983
v 12.18384573 16.25000000 17.50303983
v 12.10755039 16.80623059 17.54708897
v 9.35755039 16.80623059 12.78394924
v 9.43384573 16.25000000 12.73990011
v 9.43384573 16.25000000 12.73990011
v 9.35755039 16.80623059 12.78394924
v 9.41932332 16.82940686 12.74828463
v 9.49879763 16.25000000 12.70240011
v 12.24879763 16.25000000 17.46553983
v 12.16932332 16.82940686 17.51142435
v 12.10755039 16.80623059 17.54708897
v 12.18384573 16.25000000 17.50303983
v 9.41932332 16.82940686 12.74828463
v 9.18867988 17.35209735 12.88144668
v 11.93867988 17.35209735 17.64458640
v 12.16932332 16.82940686 17.51142435
v 12.10755039 16.80623059 17.54708897
v 11.88613268 17.30801345 17.67492454
v 9.13613268 17.30801345 12.91178481
v 9.35755039 16.80623059 12.78394924
v 9.35755039 16.80623059 12.78394924
v 9.13613268 17.30801345 12.91178481
v 9.18867988 17.35209735 12.88144668
v 9.41932332 16.82940686 12.74828463
v 12.16932332 16.82940686 17.51142435
v 11.93867988 17.35209735 17.64458640
v 11.88613268 17.30801345 17.67492454
v 12.10755039 16.80623059 17.54708897
v 9.18867988 17.35209735 12.88144668
v 8.82944430 17.76690686 13.08885144
v 11.57944430 17.76690686 17.85199116
v 11.93867988 17.35209735 17.64458640
v 11.88613268 17.30801345 17.67492454
v 11.54126653 17.70623059 17.87403310
v 8.79126653 17.70623059 13.11089338
v 9.13613268 17.30801345 12.91178481
v 9.13613268 17.30801345 12.91178481
v 8.79126653 17.70623059 13.11089338
v 8.82944430 17.76690686 13.08885144
v 9.18867988 17.35209735 12.88144668
v 11.93867988 17.35209735 17.64458640
v 11.57944430 17.76690686 17.85199116
v 11.54126653 17.70623059 17.87403310
v 11.88613268 17.30801345 17.67492454
v 8.82944430 17.76690686 13.08885144
v 8.37678106 18.03323097 13.35019668
v 11.12678106 18.03323097 18.11333640
v 11.57944430 17.76690686 17.85199116
v 11.54126653 17.70623059 17.87403310
v 11.10670982 17.96190173 18.12492454
v 8.35670982 17.96190173 13.36178481
v 8.79126653 17.70623059 13.11089338
v 8.79126653 17.70623059 13.11089338
v 8.35670982 17.96190173 13.36178481
v 8.37678106 18.03323097 13.35019668
v 8.82944430 17.76690686 13.08885144
v 11.57944430 17.76690686 17.85199116
v 11.12678106 18.03323097 18.11333640
v 11.10670982 17.96190173 18.12492454
v 11.54126653 17.70623059 17.87403310
v 8.37678106 18.03323097 13.35019668
v 7.87500000 18.12500000 13.63990011
v 10.62500000 18.12500000 18.40303983
v 11.12678106 18.03323097 18.11333640
v 11.10670982 17.96190173 18.12492454
v 10.62500000 18.05000000 18.40303983
v 7.87500000 18.05000000 13.63990011
v 8.35670982 17.96190173 13.36178481
v 8.35670982 17.96190173 13.36178481
v 7.87500000 18.05000000 13.63990011
v 7.87500000 18.12500000 13.63990011
v 8.37678106 18.03323097 13.35019668
v 11.12678106 18.03323097 18.11333640
v 10.62500000 18.12500000 18.40303983
v 10.62500000 18.05000000 18.40303983
v 11.10670982 17.96190173 18.12492454
v 7.87500000 18.12500000 13.63990011
v 7.37321894 18.03323097 13.92960354
v 10.12321894 18.03323097 18.69274326
v 10.62500000 18.12500000 18.40303983
v 10.62500000 18.05000000 18.40303983
v 10.14329018 17.96190173 18.68115513
v 7.39329018 17.96190173 13.91801540
v 7.87500000 18.05000000 13.63990011
v 7.87500000 18.05000000 13.63990011
v 7.39329018 17.96190173 13.91801540
v 7.37321894 18.03323097 13.92960354
v 7.87500000 18.12500000 13.63990011
v 10.62500000 18.12500000 18.40303983
v 10.12321894 18.03323097 18.69274326
v 10.14329018 17.96190173 18.68115513
v 10.62500000 18.05000000 18.40303983
v 7.37321894 18.03323097 13.92960354
v 6.92055570 17.76690686 14.19094878
v 9.67055570 17.76690686 18.95408850
v 10.12321894 18.03323097 18.69274326
v 10.14329018 17.96190173 18.68115513
v 9.70873347 17.70623059 18.93204656
v 6.95873347 17.70623059 14.16890684
v 7.39329018 17.96190173 13.91801540
v 7.39329018 17.96190173 13.91801540
v 6.95873347 17.70623059 14.16890684
v 6.92055570 17.76690686 14.19094878
v 7.37321894 18.03323097 13.92960354
v 10.12321894 18.03323097 18.69274326
v 9.67055570 17.76690686 18.95408850
v 9.70873347 17.70623059 18.93204656
v 10.14329018 17.96190173 18.68115513
v 6.92055570 17.76690686 14.19094878
v 6.56132012 17.35209735 14.39835354
v 9.31132012 17.35209735 19.16149326
v 9.67055570 17.76690686 18.95408850
v 9.70873347 17.70623059 18.93204656
v 9.36386732 17.30801345 19.13115513
v 6.61386732 17.30801345 14.36801540
v 6.95873347 17.70623059 14.16890684
v 6.95873347 17.70623059 14.16890684
v 6.61386732 17.30801345 14.36801540
v 6.56132012 17.35209735 14.39835354
v 6.92055570 17.76690686 14.19094878
v 9.67055570 17.76690686 18.95408850
v 9.31132012 17.35209735 19.16149326
v 9.36386732 17.30801345 19.13115513
v 9.70873347 17.70623059 18.93204656
v 6.56132012 17.35209735 14.39835354
v 6.33067668 16.82940686 14.53151559
v 9.08067668 16.82940686 19.29465531
v 9.31132012 17.35209735 19.16149326
v 9.36386732 17.30801345 19.13115513
v 9.14244961 16.80623059 19.25899070
v 6.39244961 16.80623059 14.49585097
v 6.61386732 17.30801345 14.36801540
v 6.61386732 17.30801345 14.36801540
v 6.39244961 16.80623059 14.49585097
v 6.33067668 16.82940686 14.53151559
v 6.56132012 17.35209735 14.39835354
v 9.31132012 17.35209735 19.16149326
v 9.08067668 16.82940686 19.29465531
v 9.14244961 16.80623059 19.25899070
v 9.36386732 17.30801345 19.13115513
v 6.33067668 16.82940686 14.53151559
v 6.25120237 16.25000000 14.57740011
v 9.00120237 16.25000000 19.34053983
v 9.08067668 16.82940686 19.29465531
v 9.14244961 16.80623059 19.25899070
v 9.06615427 16.25000000 19.30303983
v 6.31615427 16.25000000 14.53990011
v 6.39244961 16.80623059 14.49585097
v 6.39244961 16.80623059 14.49585097
v 6.31615427 16.25000000 14.53990011
v 6.25120237 16.25000000 14.57740011
v 6.33067668 16.82940686 14.53151559
v 9.08067668 16.82940686 19.29465531
v 9.00120237 16.25000000 19.34053983
v 9.06615427 16.25000000 19.30303983
v 9.14244961 16.80623059 19.25899070
v 6.25120237 16.25000000 14.57740011
v 6.33067668 15.67059314 14.53151559
v 9.08067668 15.67059314 19.29465531
v 9.00120237 16.25000000 19.34053983
v 9.06615427 16.25000000 19.30303983
v 9.14244961 15.69376941 19.25899070
v 6.39244961 15.69376941 14.49585097
v 6.31615427 16.25000000 14.53990011
v 6.31615427 16.25000000 14.53990011
v 6.39244961 15.69376941 14.49585097
v 6.33067668 15.67059314 14.53151559
v 6.25120237 16.25000000 14.57740011
v 9.00120237 16.25000000 19.34053983
v 9.08067668 15.67059314 19.29465531
v 9.14244961 15.69376941 19.25899070
v 9.06615427 16.25000000 19.30303983
v 6.33067668 15.67059314 14.53151559
v 6.56132012 15.14790265 14.39835354
v 9.31132012 15.14790265 19.16149326
v 9.08067668 15.67059314 19.29465531
v 9.14244961 15.69376941 19.25899070
v 9.36386732 15.19198655 19.13115513
v 6.61386732 15.19198655 14.36801540
v 6.39244961 15.69376941 14.49585097
v 6.39244961 15.69376941 14.49585097
v 6.61386732 15.19198655 14.36801540
v 6.56132012 15.14790265 14.39835354
v 6.33067668 15.67059314 14.53151559
v 9.08067668 15.67059314 19.29465531
v 9.31132012 15.14790265 19.16149326
v 9.36386732 15.19198655 19.13115513
v 9.14244961 15.69376941 19.25899070
v 6.56132012 15.14790265 14.39835354
v 6.92055570 14.73309314 14.19094878
v 9.67055570 14.73309314 18.95408850
v 9.31132012 15.14790265 19.16149326
v 9.36386732 15.19198655 19.13115513
v 9.70873347 14.79376941 18.93204656
v 6.95873347 14.79376941 14.16890684
v 6.61386732 15.19198655 14.36801540
v 6.61386732 15.19198655 14.36801540
v 6.95873347 14.79376941 14.16890684
v 6.92055570 14.73309314 14.19094878
v 6.56132012 15.14790265 14.39835354
v 9.31132012 15.14790265 19.16149326
v 9.67055570 14.73309314 18.95408850
v 9.70873347 14.79376941 18.93204656
v 9.36386732 15.19198655 19.13115513
v 6.92055570 14.73309314 14.19094878
v 7.37321894 14.46676903 13.92960354
v 10.12321894 14.46676903 18.69274326
v 9.67055570 14.73309314 18.95408850
v 9.70873347 14.79376941 18.93204656
v 10.14329018 14.53809827 18.68115513
v 7.39329018 14.53809827 13.91801540
v 6.95873347 14.79376941 14.16890684
v 6.95873347 14.79376941 14.16890684
v 7.39329018 14.53809827 13.91801540
v 7.37321894 14.46676903 13.92960354
v 6.92055570 14.73309314 14.19094878
v 9.67055570 14.73309314 18.95408850
v 10.12321894 14.46676903 18.69274326
v 10.14329018 14.53809827 18.68115513
v 9.70873347 14.79376941 18.93204656
v 7.37321894 14.46676903 13.92960354
v 7.87500000 14.37500000 13.63990011
v 10.62500000 14.37500000 18.40303983
v 10.12321894 14.46676903 18.69274326
v 10.14329018 14.53809827 18.68115513
v 10.62500000 14.45000000 18.40303983
v 7.87500000 14.45000000 13.63990011
v 7.39329018 14.53809827 13.91801540
v 7.39329018 14.53809827 13.91801540
v 7.87500000 14.45000000 13.63990011
v 7.87500000 14.37500000 13.63990011
v 7.37321894 14.46676903 13.92960354
v 10.12321894 14.46676903 18.69274326
v 10.62500000 14.37500000 18.40303983
v 10.62500000 14.45000000 18.40303983
v 10.14329018 14.53809827 18.68115513
v 7.87500000 14.37500000 13.63990011
v 8.37678106 14.46676903 13.35019668
v 11.12678106 14.46676903 18.11333640
v 10.62500000 14.37500000 18.40303983
v 10.62500000 14.45000000 18.40303983
v 11.10670982 14.53809827 18.12492454
v 8.35670982 14.53809827 13.36178481
v 7.87500000 14.45000000 13.63990011
v 7.87500000 14.45000000 13.63990011
v 8.35670982 14.53809827 13.36178481
v 8.37678106 14.46676903 13.35019668
v 7.87500000 14.37500000 13.63990011
v 10.62500000 14.37500000 18.40303983
v 11.12678106 14.46676903 18.11333640
v 11.10670982 14.53809827 18.12492454
v 10.62500000 14.45000000 18.40303983
v 8.37678106 14.46676903 13.35019668
v 8.82944430 14.73309314 13.08885144
v 11.57944430 14.73309314 17.85199116
v 11.12678106 14.46676903 18.11333640
v 11.10670982 14.53809827 18.12492454
v 11.54126653 14.79376941 17.87403310
v 8.79126653 14.79376941 13.11089338
v 8.35670982 14.53809827 13.36178481
v 8.35670982 14.53809827 13.36178481
v 8.79126653 14.79376941 13.11089338
v 8.82944430 14.73309314 13.08885144
v 8.37678106 14.46676903 13.35019668
v 11.12678106 14.46676903 18.11333640
v 11.57944430 14.73309314 17.85199116
v 11.54126653 14.79376941 17.87403310
v 11.10670982 14.53809827 18.12492454
v 8.82944430 14.73309314 13.08885144
v 9.18867988 15.14790265 12.88144668
v 11.93867988 15.14790265 17.64458640
v 11.57944430 14.73309314 17.85199116
v 11.54126653 14.79376941 17.87403310
v 11.88613268 15.19198655 17.67492454
v 9.13613268 15.19198655 12.91178481
v 8.79126653 14.79376941 13.11089338
v 8.79126653 14.79376941 13.11089338
v 9.13613268 15.19198655 12.91178481
v 9.18867988 15.14790265 12.88144668
v 8.82944430 14.73309314 13.08885144
v 11.57944430 14.73309314 17.85199116
v 11.93867988 15.14790265 17.64458640
v 11.88613268 15.19198655 17.67492454
v 11.54126653 14.79376941 17.87403310
v 9.18867988 15.14790265 12.88144668
v 9.41932332 15.67059314 12.74828463
v 12.16932332 15.67059314 17.51142435
v 11.93867988 15.14790265 17.64458640
v 11.88613268 15.19198655 17.67492454
v 12.10755039 15.69376941 17.54708897
v 9.35755039 15.69376941 12.78394924
v 9.13613268 15.19198655 12.91178481
v 9.13613268 15.19198655 12.91178481
v 9.35755039 15.69376941 12.78394924
v 9.41932332 15.67059314 12.74828463
v 9.18867988 15.14790265 12.88144668
v 11.93867988 15.14790265 17.64458640
v 12.16932332 15.67059314 17.51142435
v 12.10755039 15.69376941 17.54708897
v 11.88613268 15.19198655 17.67492454
v 9.41932332 15.67059314 12.74828463
v 9.49879763 16.25000000 12.70240011
v 12.24879763 16.25000000 17.46553983
v 12.16932332 15.67059314 17.51142435
v 12.10755039 15.69376941 17.54708897
v 12.18384573 16.25000000 17.50303983
v 9.43384573 16.25000000 12.73990011
v 9.35755039 15.69376941 12.78394924
v 9.35755039 15.69376941 12.78394924
v 9.43384573 16.25000000 12.73990011
v 9.49879763 16.25000000 12.70240011
v 9.41932332 15.67059314 12.74828463
v 12.16932332 15.67059314 17.51142435
v 12.24879763 16.25000000 17.46553983
v 12.18384573 16.25000000 17.50303983
v 12.10755039 15.69376941 17.54708897
v 11.90035208 16.25000000 16.51201443
v 11.81346016 16.88348484 16.56218150
v 12.06346016 16.88348484 16.99519420
v 12.15035208 16.25000000 16.94502713
v 11.93384573 16.25000000 17.07002713
v 11.85755039 16.80623059 17.11407626
v 11.60755039 16.80623059 16.68106356
v 11.68384573 16.25000000 16.63701443
v 11.68384573 16.25000000 16.63701443
v 11.60755039 16.80623059 16.68106356
v 11.81346016 16.88348484 16.56218150
v 11.90035208 16.25000000 16.51201443
v 12.15035208 16.25000000 16.94502713
v 12.06346016 16.88348484 16.99519420
v 11.85755039 16.80623059 17.11407626
v 11.93384573 16.25000000 17.07002713
v 11.81346016 16.88348484 16.56218150
v 11.56129000 17.45495977 16.70777201
v 11.81129000 17.45495977 17.14078471
v 12.06346016 16.88348484 16.99519420
v 11.85755039 16.80623059 17.11407626
v 11.63613268 17.30801345 17.24191183
v 11.38613268 17.30801345 16.80889913
v 11.60755039 16.80623059 16.68106356
v 11.60755039 16.80623059 16.68106356
v 11.38613268 17.30801345 16.80889913
v 11.56129000 17.45495977 16.70777201
v 11.81346016 16.88348484 16.56218150
v 12.06346016 16.88348484 16.99519420
v 11.81129000 17.45495977 17.14078471
v 11.63613268 17.30801345 17.24191183
v 11.85755039 16.80623059 17.11407626
v 11.56129000 17.45495977 16.70777201
v 11.16852577 17.90848484 16.93453454
v 11.41852577 17.90848484 17.36754724
v 11.81129000 17.45495977 17.14078471
v 11.63613268 17.30801345 17.24191183
v 11.29126653 17.70623059 17.44102040
v 11.04126653 17.70623059 17.00800770
v 11.38613268 17.30801345 16.80889913
v 11.38613268 17.30801345 16.80889913
v 11.04126653 17.70623059 17.00800770
v 11.16852577 17.90848484 16.93453454
v 11.56129000 17.45495977 16.70777201
v 11.81129000 17.45495977 17.14078471
v 11.41852577 17.90848484 17.36754724
v 11.29126653 17.70623059 17.44102040
v 11.63613268 17.30801345 17.24191183
v 11.16852577 17.90848484 16.93453454
v 10.67361396 18.19966586 17.22027201
v 10.92361396 18.19966586 17.65328471
v 11.41852577 17.90848484 17.36754724
v 11.29126653 17.70623059 17.44102040
v 10.85670982 17.96190173 17.69191183
v 10.60670982 17.96190173 17.25889913
v 11.04126653 17.70623059 17.00800770
v 11.04126653 17.70623059 17.00800770
v 10.60670982 17.96190173 17.25889913
v 10.67361396 18.19966586 17.22027201
v 11.16852577 17.90848484 16.93453454
v 11.41852577 17.90848484 17.36754724
v 10.92361396 18.19966586 17.65328471
v 10.85670982 17.96190173 17.69191183
v 11.29126653 17.70623059 17.44102040
v 10.67361396 18.19966586 17.22027201
v 10.12500000 18.30000000 17.53701443
v 10.37500000 18.30000000 17.97002713
v 10.92361396 18.19966586 17.65328471
v 10.85670982 17.96190173 17.69191183
v 10.37500000 18.05000000 17.97002713
v 10.12500000 18.05000000 17.53701443
v 10.60670982 17.96190173 17.25889913
v 10.60670982 17.96190173 17.25889913
v 10.12500000 18.05000000 17.53701443
v 10.12500000 18.30000000 17.53701443
v 10.67361396 18.19966586 17.22027201
v 10.92361396 18.19966586 17.65328471
v 10.37500000 18.30000000 17.97002713
v 10.37500000 18.05000000 17.97002713
v 10.85670982 17.96190173 17.69191183
v 10.12500000 18.30000000 17.53701443
v 9.57638604 18.19966586 17.85375685
v 9.82638604 18.19966586 18.28676955
v 10.37500000 18.30000000 17.97002713
v 10.37500000 18.05000000 17.97002713
v 9.89329018 17.96190173 18.24814242
v 9.64329018 17.96190173 17.81512972
v 10.12500000 18.05000000 17.53701443
v 10.12500000 18.05000000 17.53701443
v 9.64329018 17.96190173 17.81512972
v 9.57638604 18.19966586 17.85375685
v 10.12500000 18.30000000 17.53701443
v 10.37500000 18.30000000 17.97002713
v 9.82638604 18.19966586 18.28676955
v 9.89329018 17.96190173 18.24814242
v 10.37500000 18.05000000 17.97002713
v 9.57638604 18.19966586 17.85375685
v 9.08147423 17.90848484 18.13949431
v 9.33147423 17.90848484 18.57250701
v 9.82638604 18.19966586 18.28676955
v 9.89329018 17.96190173 18.24814242
v 9.45873347 17.70623059 18.49903386
v 9.20873347 17.70623059 18.06602115
v 9.64329018 17.96190173 17.81512972
v 9.64329018 17.96190173 17.81512972
v 9.20873347 17.70623059 18.06602115
v 9.08147423 17.90848484 18.13949431
v 9.57638604 18.19966586 17.85375685
v 9.82638604 18.19966586 18.28676955
v 9.33147423 17.90848484 18.57250701
v 9.45873347 17.70623059 18.49903386
v 9.89329018 17.96190173 18.24814242
v 9.08147423 17.90848484 18.13949431
v 8.68871000 17.45495977 18.36625685
v 8.93871000 17.45495977 18.79926955
v 9.33147423 17.90848484 18.57250701
v 9.45873347 17.70623059 18.49903386
v 9.11386732 17.30801345 18.69814242
v 8.86386732 17.30801345 18.26512972
v 9.20873347 17.70623059 18.06602115
v 9.20873347 17.70623059 18.06602115
v 8.86386732 17.30801345 18.26512972
v 8.68871000 17.45495977 18.36625685
v 9.08147423 17.90848484 18.13949431
v 9.33147423 17.90848484 18.57250701
v 8.93871000 17.45495977 18.79926955
v 9.11386732 17.30801345 18.69814242
v 9.45873347 17.70623059 18.49903386
v 8.68871000 17.45495977 18.36625685
v 8.43653984 16.88348484 18.51184736
v 8.68653984 16.88348484 18.94486006
v 8.93871000 17.45495977 18.79926955
v 9.11386732 17.30801345 18.69814242
v 8.89244961 16.80623059 18.82597799
v 8.64244961 16.80623059 18.39296529
v 8.86386732 17.30801345 18.26512972
v 8.86386732 17.30801345 18.26512972
v 8.64244961 16.80623059 18.39296529
v 8.43653984 16.88348484 18.51184736
v 8.68871000 17.45495977 18.36625685
v 8.93871000 17.45495977 18.79926955
v 8.68653984 16.88348484 18.94486006
v 8.89244961 16.80623059 18.82597799
v 9.11386732 17.30801345 18.69814242
v 8.43653984 16.88348484 18.51184736
v 8.34964792 16.25000000 18.56201443
v 8.59964792 16.25000000 18.99502713
v 8.68653984 16.88348484 18.94486006
v 8.89244961 16.80623059 18.82597799
v 8.81615427 16.25000000 18.87002713
v 8.56615427 16.25000000 18.43701443
v 8.64244961 16.80623059 18.39296529
v 8.64244961 16.80623059 18.39296529
v 8.56615427 16.25000000 18.43701443
v 8.34964792 16.25000000 18.56201443
v 8.43653984 16.88348484 18.51184736
v 8.68653984 16.88348484 18.94486006
v 8.59964792 16.25000000 18.99502713
v 8.81615427 16.25000000 18.87002713
v 8.89244961 16.80623059 18.82597799
v 8.34964792 16.25000000 18.56201443
v 8.43653984 15.61651516 18.51184736
v 8.68653984 15.61651516 18.94486006
v 8.59964792 16.25000000 18.99502713
v 8.81615427 16.25000000 18.87002713
v 8.89244961 15.69376941 18.82597799
v 8.64244961 15.69376941 18.39296529
v 8.56615427 16.25000000 18.43701443
v 8.56615427 16.25000000 18.43701443
v 8.64244961 15.69376941 18.39296529
v 8.43653984 15.61651516 18.51184736
v 8.34964792 16.25000000 18.56201443
v 8.59964792 16.25000000 18.99502713
v 8.68653984 15.61651516 18.94486006
v 8.89244961 15.69376941 18.82597799
v 8.81615427 16.25000000 18.87002713
v 8.43653984 15.61651516 18.51184736
v 8.68871000 15.04504023 18.36625685
v 8.93871000 15.04504023 18.79926955
v 8.68653984 15.61651516 18.94486006
v 8.89244961 15.69376941 18.82597799
v 9.11386732 15.19198655 18.69814242
v 8.86386732 15.19198655 18.26512972
v 8.64244961 15.69376941 18.39296529
v 8.64244961 15.69376941 18.39296529
v 8.86386732 15.19198655 18.26512972
v 8.68871000 15.04504023 18.36625685
v 8.43653984 15.61651516 18.51184736
v 8.68653984 15.61651516 18.94486006
v 8.93871000 15.04504023 18.79926955
v 9.11386732 15.19198655 18.69814242
v 8.89244961 15.69376941 18.82597799
v 8.68871000 15.04504023 18.36625685
v 9.08147423 14.59151516 18.13949431
v 9.33147423 14.59151516 18.57250701
v 8.93871000 15.04504023 18.79926955
v 9.11386732 15.19198655 18.69814242
v 9.45873347 14.79376941 18.49903386
v 9.20873347 14.79376941 18.06602115
v 8.86386732 15.19198655 18.26512972
v 8.86386732 15.19198655 18.26512972
v 9.20873347 14.79376941 18.06602115
v 9.08147423 14.59151516 18.13949431
v 8.68871000 15.04504023 18.36625685
v 8.93871000 15.04504023 18.79926955
v 9.33147423 14.59151516 18.57250701
v 9.45873347 14.79376941 18.49903386
v 9.11386732 15.19198655 18.69814242
v 9.08147423 14.59151516 18.13949431
v 9.57638604 14.30033414 17.85375685
v 9.82638604 14.30033414 18.28676955
v 9.33147423 14.59151516 18.57250701
v 9.45873347 14.79376941 18.49903386
v 9.89329018 14.53809827 18.24814242
v 9.64329018 14.53809827 17.81512972
v 9.20873347 14.79376941 18.06602115
v 9.20873347 14.79376941 18.06602115
v 9.64329018 14.53809827 17.81512972
v 9.57638604 14.30033414 17.85375685
v 9.08147423 14.59151516 18.13949431
v 9.33147423 14.59151516 18.57250701
v 9.82638604 14.30033414 18.28676955
v 9.89329018 14.53809827 18.24814242
v 9.45873347 14.79376941 18.49903386
v 9.57638604 14.30033414 17.85375685
v 10.12500000 14.20000000 17.53701443
v 10.37500000 14.20000000 17.97002713
v 9.82638604 14.30033414 18.28676955
v 9.89329018 14.53809827 18.24814242
v 10.37500000 14.45000000 17.97002713
v 10.12500000 14.45000000 17.53701443
v 9.64329018 14.53809827 17.81512972
v 9.64329018 14.53809827 17.81512972
v 10.12500000 14.45000000 17.53701443
v 10.12500000 14.20000000 17.53701443
v 9.57638604 14.30033414 17.85375685
v 9.82638604 14.30033414 18.28676955
v 10.37500000 14.20000000 17.97002713
v 10.37500000 14.45000000 17.97002713
v 9.89329018 14.53809827 18.24814242
v 10.12500000 14.20000000 17.53701443
v 10.67361396 14.30033414 17.22027201
v 10.92361396 14.30033414 17.65328471
v 10.37500000 14.20000000 17.97002713
v 10.37500000 14.45000000 17.97002713
v 10.85670982 14.53809827 17.69191183
v 10.60670982 14.53809827 17.25889913
v 10.12500000 14.45000000 17.53701443
v 10.12500000 14.45000000 17.53701443
v 10.60670982 14.53809827 17.25889913
v 10.67361396 14.30033414 17.22027201
v 10.12500000 14.20000000 17.53701443
v 10.37500000 14.20000000 17.97002713
v 10.92361396 14.30033414 17.65328471
v 10.85670982 14.53809827 17.69191183
v 10.37500000 14.45000000 17.97002713
v 10.67361396 14.30033414 17.22027201
v 11.16852577 14.59151516 16.93453454
v 11.41852577 14.59151516 17.36754724
v 10.92361396 14.30033414 17.65328471
v 10.85670982 14.53809827 17.69191183
v 11.29126653 14.79376941 17.44102040
v 11.04126653 14.79376941 17.00800770
v 10.60670982 14.53809827 17.25889913
v 10.60670982 14.53809827 17.25889913
v 11.04126653 14.79376941 17.00800770
v 11.16852577 14.59151516 16.93453454
v 10.67361396 14.30033414 17.22027201
v 10.92361396 14.30033414 17.65328471
v 11.41852577 14.59151516 17.36754724
v 11.29126653 14.79376941 17.44102040
v 10.85670982 14.53809827 17.69191183
v 11.16852577 14.59151516 16.93453454
v 11.56129000 15.04504023 16.70777201
v 11.81129000 15.04504023 17.14078471
v 11.41852577 14.59151516 17.36754724
v 11.29126653 14.79376941 17.44102040
v 11.63613268 15.19198655 17.24191183
v 11.38613268 15.19198655 16.80889913
v 11.04126653 14.79376941 17.00800770
v 11.04126653 14.79376941 17.00800770
v 11.38613268 15.19198655 16.80889913
v 11.56129000 15.04504023 16.70777201
v 11.16852577 14.59151516 16.93453454
v 11.41852577 14.59151516 17.36754724
v 11.81129000 15.04504023 17.14078471
v 11.63613268 15.19198655 17.24191183
v 11.29126653 14.79376941 17.44102040
v 11.56129000 15.04504023 16.70777201
v 11.81346016 15.61651516 16.56218150
v 12.06346016 15.61651516 16.99519420
v 11.81129000 15.04504023 17.14078471
v 11.63613268 15.19198655 17.24191183
v 11.85755039 15.69376941 17.11407626
v 11.60755039 15.69376941 16.68106356
v 11.38613268 15.19198655 16.80889913
v 11.38613268 15.19198655 16.80889913
v 11.60755039 15.69376941 16.68106356
v 11.81346016 15.61651516 16.56218150
v 11.56129000 15.04504023 16.70777201
v 11.81129000 15.04504023 17.14078471
v 12.06346016 15.61651516 16.99519420
v 11.85755039 15.69376941 17.11407626
v 11.63613268 15.19198655 17.24191183
v 11.81346016 15.61651516 16.56218150
v 11.90035208 16.25000000 16.51201443
v 12.15035208 16.25000000 16.94502713
v 12.06346016 15.61651516 16.99519420
v 11.85755039 15.69376941 17.11407626
v 11.93384573 16.25000000 17.07002713
v 11.68384573 16.25000000 16.63701443
v 11.60755039 15.69376941 16.68106356
v 11.60755039 15.69376941 16.68106356
v 11.68384573 16.25000000 16.63701443
v 11.90035208 16.25000000 16.51201443
v 11.81346016 15.61651516 16.56218150
v 12.06346016 15.61651516 16.99519420
v 12.15035208 16.25000000 16.94502713
v 11.93384573 16.25000000 17.07002713
v 11.85755039 15.69376941 17.11407626
v -6.25120237 16.25000000 14.57740011
v -6.33067668 16.82940686 14.53151559
v -9.08067668 16.82940686 19.29465531
v -9.00120237 16.25000000 19.34053983
v -9.06615427 16.25000000 19.30303983
v -9.14244961 16.80623059 19.25899070
v -6.39244961 16.80623059 14.49585097
v -6.31615427 16.25000000 14.53990011
v -6.31615427 16.25000000 14.53990011
v -6.39244961 16.80623059 14.49585097
v -6.33067668 16.82940686 14.53151559
v -6.25120237 16.25000000 14.57740011
v -9.00120237 16.25000000 19.34053983
v -9.08067668 16.82940686 19.29465531
v -9.14244961 16.80623059 19.25899070
v -9.06615427 16.25000000 19.30303983
v -6.33067668 16.82940686 14.53151559
v -6.56132012 17.35209735 14.39835354
v -9.31132012 17.35209735 19.16149326
v -9.08067668 16.82940686 19.29465531
v -9.14244961 16.80623059 19.25899070
v -9.36386732 17.30801345 19.13115513
v -6.61386732 17.30801345 14.36801540
v -6.39244961 16.80623059 14.49585097
v -6.39244961 16.80623059 14.49585097
v -6.61386732 17.30801345 14.36801540
v -6.56132012 17.35209735 14.39835354
v -6.33067668 16.82940686 14.53151559
v -9.08067668 16.82940686 19.29465531
v -9.31132012 17.35209735 19.16149326
v -9.36386732 17.30801345 19.13115513
v -9.14244961 16.80623059 19.25899070
v -6.56132012 17.35209735 14.39835354
v -6.92055570 17.76690686 14.19094878
v -9.67055570 17.76690686 18.95408850
v -9.31132012 17.35209735 19.16149326
v -9.36386732 17.30801345 19.13115513
v -9.70873347 17.70623059 18.93204656
v -6.95873347 17.70623059 14.16890684
v -6.61386732 17.30801345 14.36801540
v -6.61386732 17.30801345 14.36801540
v -6.95873347 17.70623059 14.16890684
v -6.92055570 17.76690686 14.19094878
v -6.56132012 17.35209735 14.39835354
v -9.31132012 17.35209735 19.16149326
v -9.67055570 17.76690686 18.95408850
v -9.70873347 17.70623059 18.93204656
v -9.36386732 17.30801345 19.13115513
v -6.92055570 17.76690686 14.19094878
v -7.37321894 18.03323097 13.92960354
v -10.12321894 18.03323097 18.69274326
v -9.67055570 17.76690686 18.95408850
v -9.70873347 17.70623059 18.93204656
v -10.14329018 17.96190173 18.68115513
v -7.39329018 17.96190173 13.91801540
v -6.95873347 17.70623059 14.16890684
v -6.95873347 17.70623059 14.16890684
v -7.39329018 17.96190173 13.91801540
v -7.37321894 18.03323097 13.92960354
v -6.92055570 17.76690686 14.19094878
v -9.67055570 17.76690686 18.95408850
v -10.12321894 18.03323097 18.69274326
v -10.14329018 17.96190173 18.68115513
v -9.70873347 17.70623059 18.93204656
v -7.37321894 18.03323097 13.92960354
v -7.87500000 18.12500000 13.63990011
v -10.62500000 18.12500000 18.40303983
v -10.12321894 18.03323097 18.69274326
v -10.14329018 17.96190173 18.68115513
v -10.62500000 18.05000000 18.40303983
v -7.87500000 18.05000000 13.63990011
v -7.39329018 17.96190173 13.91801540
v -7.39329018 17.96190173 13.91801540
v -7.87500000 18.05000000 13.63990011
v -7.87500000 18.12500000 13.63990011
v -7.37321894 18.03323097 13.92960354
v -10.12321894 18.03323097 18.69274326
v -10.62500000 18.12500000 18.40303983
v -10.62500000 18.05000000 18.40303983
v -10.14329018 17.96190173 18.68115513
v -7.87500000 18.12500000 13.63990011
v -8.37678106 18.03323097 13.35019668
v -11.12678106 18.03323097 18.11333640
v -10.62500000 18.12500000 18.40303983
v -10.62500000 18.05000000 18.40303983
v -11.10670982 17.96190173 18.12492454
v -8.35670982 17.96190173 13.36178481
v -7.87500000 18.05000000 13.63990011
v -7.87500000 18.05000000 13.63990011
v -8.35670982 17.96190173 13.36178481
v -8.37678106 18.03323097 13.35019668
v -7.87500000 18.12500000 13.63990011
v -10.62500000 18.12500000 18.40303983
v -11.12678106 18.03323097 18.11333640
v -11.10670982 17.96190173 18.12492454
v -10.62500000 18.05000000 18.40303983
v -8.37678106 18.03323097 13.35019668
v -8.82944430 17.76690686 13.08885144
v -11.57944430 17.76690686 17.85199116
v -11.12678106 18.03323097 18.11333640
v -11.10670982 17.96190173 18.12492454
v -11.54126653 17.70623059 17.87403310
v -8.79126653 17.70623059 13.11089338
v -8.35670982 17.96190173 13.36178481
v -8.35670982 17.96190173 13.36178481
v -8.79126653 17.70623059 13.11089338
v -8.82944430 17.76690686 13.08885144
v -8.37678106 18.03323097 13.35019668
v -11.12678106 18.03323097 18.11333640
v -11.57944430 17.76690686 17.85199116
v -11.54126653 17.70623059 17.87403310
v -11.10670982 17.96190173 18.12492454
v -8.82944430 17.76690686 13.08885144
v -9.18867988 17.35209735 12.88144668
v -11.93867988 17.35209735 17.64458640
v -11.57944430 17.76690686 17.85199116
v -11.54126653 17.70623059 17.87403310
v -11.88613268 17.30801345 17.67492454
v -9.13613268 17.30801345 12.91178481
v -8.79126653 17.70623059 13.11089338
v -8.79126653 17.70623059 13.11089338
v -9.13613268 17.30801345 12.91178481
v -9.18867988 17.35209735 12.88144668
v -8.82944430 17.76690686 13.08885144
v -11.57944430 17.76690686 17.85199116
v -11.93867988 17.35209735 17.64458640
v -11.88613268 17.30801345 17.67492454
v -11.54126653 17.70623059 17.87403310
v -9.18867988 17.35209735 12.88144668
v -9.41932332 16.82940686 12.74828463
v -12.16932332 16.82940686 17.51142435
v -11.93867988 17.35209735 17.64458640
v -11.88613268 17.30801345 17.67492454
v -12.10755039 16.80623059 17.54708897
v -9.35755039 16.80623059 12.78394924
v -9.13613268 17.30801345 12.91178481
v -9.13613268 17.30801345 12.91178481
v -9.35755039 16.80623059 12.78394924
v -9.41932332 16.82940686 12.74828463
v -9.18867988 17.35209735 12.88144668
v -11.93867988 17.35209735 17.64458640
v -12.16932332 16.82940686 17.51142435
v -12.10755039 16.80623059 17.54708897
v -11.88613268 17.30801345 17.67492454
v -9.41932332 16.82940686 12.74828463
v -9.49879763 16.25000000 12.70240011
v -12.24879763 16.25000000 17.46553983
v -12.16932332 16.82940686 17.51142435
v -12.10755039 16.80623059 17.54708897
v -12.18384573 16.25000000 17.50303983
v -9.43384573 16.25000000 12.73990011
v -9.35755039 16.80623059 12.78394924
v -9.35755039 16.80623059 12.78394924
v -9.43384573 16.25000000 12.73990011
v -9.49879763 16.25000000 12.70240011
v -9.41932332 16.82940686 12.74828463
v -12.16932332 16.82940686 17.51142435
v -12.24879763 16.25000000 17.46553983
v -12.18384573 16.25000000 17.50303983
v -12.10755039 16.80623059 17.54708897
v -9.49879763 16.25000000 12.70240011
v -9.41932332 15.67059314 12.74828463
v -12.16932332 15.67059314 17.51142435
v -12.24879763 16.25000000 17.46553983
v -12.18384573 16.25000000 17.50303983
v -12.10755039 15.69376941 17.54708897
v -9.35755039 15.69376941 12.78394924
v -9.43384573 16.25000000 12.73990011
v -9.43384573 16.25000000 12.73990011
v -9.35755039 15.69376941 12.78394924
v -9.41932332 15.67059314 12.74828463
v -9.49879763 16.25000000 12.70240011
v -12.24879763 16.25000000 17.46553983
v -12.16932332 15.67059314 17.51142435
v -12.10755039 15.69376941 17.54708897
v -12.18384573 16.25000000 17.50303983
v -9.41932332 15.67059314 12.74828463
v -9.18867988 15.14790265 12.88144668
v -11.93867988 15.14790265 17.64458640
v -12.16932332 15.67059314 17.51142435
v -12.10755039 15.69376941 17.54708897
v -11.88613268 15.19198655 17.67492454
v -9.13613268 15.19198655 12.91178481
v -9.35755039 15.69376941 12.78394924
v -9.35755039 15.69376941 12.78394924
v -9.13613268 15.19198655 12.91178481
v -9.18867988 15.14790265 12.88144668
v -9.41932332 15.67059314 12.74828463
v -12.16932332 15.67059314 17.51142435
v -11.93867988 15.14790265 17.64458640
v -11.88613268 15.19198655 17.67492454
v -12.10755039 15.69376941 17.54708897
v -9.18867988 15.14790265 12.88144668
v -8.82944430 14.73309314 13.08885144
v -11.57944430 14.73309314 17.85199116
v -11.93867988 15.14790265 17.64458640
v -11.88613268 15.19198655 17.67492454
v -11.54126653 14.79376941 17.87403310
v -8.79126653 14.79376941 13.11089338
v -9.13613268 15.19198655 12.91178481
v -9.13613268 15.19198655 12.91178481
v -8.79126653 14.79376941 13.11089338
v -8.82944430 14.73309314 13.08885144
v -9.18867988 15.14790265 12.88144668
v -11.93867988 15.14790265 17.64458640
v -11.57944430 14.73309314 17.85199116
v -11.54126653 14.79376941 17.87403310
v -11.88613268 15.19198655 17.67492454
v -8.82944430 14.73309314 13.08885144
v -8.37678106 14.46676903 13.35019668
v -11.12678106 14.46676903 18.11333640
v -11.57944430 14.73309314 17.85199116
v -11.54126653 14.79376941 17.87403310
v -11.10670982 14.53809827 18.12492454
v -8.35670982 14.53809827 13.36178481
v -8.79126653 14.79376941 13.11089338
v -8.79126653 14.79376941 13.11089338
v -8.35670982 14.53809827 13.36178481
v -8.37678106 14.46676903 13.35019668
v -8.82944430 14.73309314 13.08885144
v -11.57944430 14.73309314 17.85199116
v -11.12678106 14.46676903 18.11333640
v -11.10670982 14.53809827 18.12492454
v -11.54126653 14.79376941 17.87403310
v -8.37678106 14.46676903 13.35019668
v -7.87500000 14.37500000 13.63990011
v -10.62500000 14.37500000 18.40303983
v -11.12678106 14.46676903 18.11333640
v -11.10670982 14.53809827 18.12492454
v -10.62500000 14.45000000 18.40303983
v -7.87500000 14.45000000 13.63990011
v -8.35670982 14.53809827 13.36178481
v -8.35670982 14.53809827 13.36178481
v -7.87500000 14.45000000 13.63990011
v -7.87500000 14.37500000 13.63990011
v -8.37678106 14.46676903 13.35019668
v -11.12678106 14.46676903 18.11333640
v -10.62500000 14.37500000 18.40303983
v -10.62500000 14.45000000 18.40303983
v -11.10670982 14.53809827 18.12492454
v -7.87500000 14.37500000 13.63990011
v -7.37321894 14.46676903 13.92960354
v -10.12321894 14.46676903 18.69274326
v -10.62500000 14.37500000 18.40303983
v -10.62500000 14.45000000 18.40303983
v -10.14329018 14.53809827 18.68115513
v -7.39329018 14.53809827 13.91801540
v -7.87500000 14.45000000 13.63990011
v -7.87500000 14.45000000 13.63990011
v -7.39329018 14.53809827 13.91801540
v -7.37321894 14.46676903 13.92960354
v -7.87500000 14.37500000 13.63990011
v -10.62500000 14.37500000 18.40303983
v -10.12321894 14.46676903 18.69274326
v -10.14329018 14.53809827 18.68115513
v -10.62500000 14.45000000 18.40303983
v -7.37321894 14.46676903 13.92960354
v -6.92055570 14.73309314 14.19094878
v -9.67055570 14.73309314 18.95408850
v -10.12321894 14.46676903 18.69274326
v -10.14329018 14.53809827 18.68115513
v -9.70873347 14.79376941 18.93204656
v -6.95873347 14.79376941 14.16890684
v -7.39329018 14.53809827 13.91801540
v -7.39329018 14.53809827 13.91801540
v -6.95873347 14.79376941 14.16890684
v -6.92055570 14.73309314 14.19094878
v -7.37321894 14.46676903 13.92960354
v -10.12321894 14.46676903 18.69274326
v -9.67055570 14.73309314 18.95408850
v -9.70873347 14.79376941 18.93204656
v -10.14329018 14.53809827 18.68115513
v -6.92055570 14.73309314 14.19094878
v -6.56132012 15.14790265 14.39835354
v -9.31132012 15.14790265 19.16149326
v -9.67055570 14.73309314 18.95408850
v -9.70873347 14.79376941 18.93204656
v -9.36386732 15.19198655 19.13115513
v -6.61386732 15.19198655 14.36801540
v -6.95873347 14.79376941 14.16890684
v -6.95873347 14.79376941 14.16890684
v -6.61386732 15.19198655 14.36801540
v -6.56132012 15.14790265 14.39835354
v -6.92055570 14.73309314 14.19094878
v -9.67055570 14.73309314 18.95408850
v -9.31132012 15.14790265 19.16149326
v -9.36386732 15.19198655 19.13115513
v -9.70873347 14.79376941 18.93204656
v -6.56132012 15.14790265 14.39835354
v -6.33067668 15.67059314 14.53151559
v -9.08067668 15.67059314 19.29465531
v -9.31132012 15.14790265 19.16149326
v -9.36386732 15.19198655 19.13115513
v -9.14244961 15.69376941 19.25899070
v -6.39244961 15.69376941 14.49585097
v -6.61386732 15.19198655 14.36801540
v -6.61386732 15.19198655 14.36801540
v -6.39244961 15.69376941 14.49585097
v -6.33067668 15.67059314 14.53151559
v -6.56132012 15.14790265 14.39835354
v -9.31132012 15.14790265 19.16149326
v -9.08067668 15.67059314 19.29465531
v -9.14244961 15.69376941 19.25899070
v -9.36386732 15.19198655 19.13115513
v -6.33067668 15.67059314 14.53151559
v -6.25120237 16.25000000 14.57740011
v -9.00120237 16.25000000 19.34053983
v -9.08067668 15.67059314 19.29465531
v -9.14244961 15.69376941 19.25899070
v -9.06615427 16.25000000 19.30303983
v -6.31615427 16.25000000 14.53990011
v -6.39244961 15.69376941 14.49585097
v -6.39244961 15.69376941 14.49585097
v -6.31615427 16.25000000 14.53990011
v -6.25120237 16.25000000 14.57740011
v -6.33067668 15.67059314 14.53151559
v -9.08067668 15.67059314 19.29465531
v -9.00120237 16.25000000 19.34053983
v -9.06615427 16.25000000 19.30303983
v -9.14244961 15.69376941 19.25899070
v -8.34964792 16.25000000 18.56201443
v -8.43653984 16.88348484 18.51184736
v -8.68653984 16.88348484 18.94486006
v -8.59964792 16.25000000 18.99502713
v -8.81615427 16.25000000 18.87002713
v -8.89244961 16.80623059 18.82597799
v -8.64244961 16.80623059 18.39296529
v -8.56615427 16.25000000 18.43701443
v -8.56615427 16.25000000 18.43701443
v -8.64244961 16.80623059 18.39296529
v -8.43653984 16.88348484 18.51184736
v -8.34964792 16.25000000 18.56201443
v -8.59964792 16.25000000 18.99502713
v -8.68653984 16.88348484 18.94486006
v -8.89244961 16.80623059 18.82597799
v -8.81615427 16.25000000 18.87002713
v -8.43653984 16.88348484 18.51184736
v -8.68871000 17.45495977 18.36625685
v -8.93871000 17.45495977 18.79926955
v -8.68653984 16.88348484 18.94486006
v -8.89244961 16.80623059 18.82597799
v -9.11386732 17.30801345 18.69814242
v -8.86386732 17.30801345 18.26512972
v -8.64244961 16.80623059 18.39296529
v -8.64244961 16.80623059 18.39296529
v -8.86386732 17.30801345 18.26512972
v -8.68871000 17.45495977 18.36625685
v -8.43653984 16.88348484 18.51184736
v -8.68653984 16.88348484 18.94486006
v -8.93871000 17.45495977 18.79926955
v -9.11386732 17.30801345 18.69814242
v -8.89244961 16.80623059 18.82597799
v -8.68871000 17.45495977 18.36625685
v -9.08147423 17.90848484 18.13949431
v -9.33147423 17.90848484 18.57250701
v -8.93871000 17.45495977 18.79926955
v -9.11386732 17.30801345 18.69814242
v -9.45873347 17.70623059 18.49903386
v -9.20873347 17.70623059 18.06602115
v -8.86386732 17.30801345 18.26512972
v -8.86386732 17.30801345 18.26512972
v -9.20873347 17.70623059 18.06602115
v -9.08147423 17.90848484 18.13949431
v -8.68871000 17.45495977 18.36625685
v -8.93871000 17.45495977 18.79926955
v -9.33147423 17.90848484 18.57250701
v -9.45873347 17.70623059 18.49903386
v -9.11386732 17.30801345 18.69814242
v -9.08147423 17.90848484 18.13949431
v -9.57638604 18.19966586 17.85375685
v -9.82638604 18.19966586 18.28676955
v -9.33147423 17.90848484 18.57250701
v -9.45873347 17.70623059 18.49903386
v -9.89329018 17.96190173 18.24814242
v -9.64329018 17.96190173 17.81512972
v -9.20873347 17.70623059 18.06602115
v -9.20873347 17.70623059 18.06602115
v -9.64329018 17.96190173 17.81512972
v -9.57638604 18.19966586 17.85375685
v -9.08147423 17.90848484 18.13949431
v -9.33147423 17.90848484 18.57250701
v -9.82638604 18.19966586 18.28676955
v -9.89329018 17.96190173 18.24814242
v -9.45873347 17.70623059 18.49903386
v -9.57638604 18.19966586 17.85375685
v -10.12500000 18.30000000 17.53701443
v -10.37500000 18.30000000 17.97002713
v -9.82638604 18.19966586 18.28676955
v -9.89329018 17.96190173 18.24814242
v -10.37500000 18.05000000 17.97002713
v -10.12500000 18.05000000 17.53701443
v -9.64329018 17.96190173 17.81512972
v -9.64329018 17.96190173 17.81512972
v -10.12500000 18.05000000 17.53701443
v -10.12500000 18.30000000 17.53701443
v -9.57638604 18.19966586 17.85375685
v -9.82638604 18.19966586 18.28676955
v -10.37500000 18.30000000 17.97002713
v -10.37500000 18.05000000 17.97002713
v -9.89329018 17.96190173 18.24814242
v -10.12500000 18.30000000 17.53701443
v -10.67361396 18.19966586 17.22027201
v -10.92361396 18.19966586 17.65328471
v -10.37500000 18.30000000 17.97002713
v -10.37500000 18.05000000 17.97002713
v -10.85670982 17.96190173 17.69191183
v -10.60670982 17.96190173 17.25889913
v -10.12500000 18.05000000 17.53701443
v -10.12500000 18.05000000 17.53701443
v -10.60670982 17.96190173 17.25889913
v -10.67361396 18.19966586 17.22027201
v -10.12500000 18.30000000 17.53701443
v -10.37500000 18.30000000 17.97002713
v -10.92361396 18.19966586 17.65328471
v -10.85670982 17.96190173 17.69191183
v -10.37500000 18.05000000 17.97002713
v -10.67361396 18.19966586 17.22027201
v -11.16852577 17.90848484 16.93453454
v -11.41852577 17.90848484 17.36754724
v -10.92361396 18.19966586 17.65328471
v -10.85670982 17.96190173 17.69191183
v -11.29126653 17.70623059 17.44102040
v -11.04126653 17.70623059 17.00800770
v -10.60670982 17.96190173 17.25889913
v -10.60670982 17.96190173 17.25889913
v -11.04126653 17.70623059 17.00800770
v -11.16852577 17.90848484 16.93453454
v -10.67361396 18.19966586 17.22027201
v -10.92361396 18.19966586 17.65328471
v -11.41852577 17.90848484 17.36754724
v -11.29126653 17.70623059 17.44102040
v -10.85670982 17.96190173 17.69191183
v -11.16852577 17.90848484 16.93453454
v -11.56129000 17.45495977 16.70777201
v -11.81129000 17.45495977 17.14078471
v -11.41852577 17.90848484 17.36754724
v -11.29126653 17.70623059 17.44102040
v -11.63613268 17.30801345 17.24191183
v -11.38613268 17.30801345 16.80889913
v -11.04126653 17.70623059 17.00800770
v -11.04126653 17.70623059 17.00800770
v -11.38613268 17.30801345 16.80889913
v -11.56129000 17.45495977 16.70777201
v -11.16852577 17.90848484 16.93453454
v -11.41852577 17.90848484 17.36754724
v -11.81129000 17.45495977 17.14078471
v -11.63613268 17.30801345 17.24191183
v -11.29126653 17.70623059 17.44102040
v -11.56129000 17.45495977 16.70777201
v -11.81346016 16.88348484 16.56218150
v -12.06346016 16.88348484 16.99519420
v -11.81129000 17.45495977 17.14078471
v -11.63613268 17.30801345 17.24191183
v -11.85755039 16.80623059 17.11407626
v -11.60755039 16.80623059 16.68106356
v -11.38613268 17.30801345 16.80889913
v -11.38613268 17.30801345 16.80889913
v -11.60755039 16.80623059 16.68106356
v -11.81346016 16.88348484 16.56218150
v -11.56129000 17.45495977 16.70777201
v -11.81129000 17.45495977 17.14078471
v -12.06346016 16.88348484 16.99519420
v -11.85755039 16.80623059 17.11407626
v -11.63613268 17.30801345 17.24191183
v -11.81346016 16.88348484 16.56218150
v -11.90035208 16.25000000 16.51201443
v -12.15035208 16.25000000 16.94502713
v -12.06346016 16.88348484 16.99519420
v -11.85755039 16.80623059 17.11407626
v -11.93384573 16.25000000 17.07002713
v -11.68384573 16.25000000 16.63701443
v -11.60755039 16.80623059 16.68106356
v -11.60755039 16.80623059 16.68106356
v -11.68384573 16.25000000 16.63701443
v -11.90035208 16.25000000 16.51201443
v -11.81346016 16.88348484 16.56218150
v -12.06346016 16.88348484 16.99519420
v -12.15035208 16.25000000 16.94502713
v -11.93384573 16.25000000 17.07002713
v -11.85755039 16.80623059 17.11407626
v -11.90035208 16.25000000 16.51201443
v -11.81346016 15.61651516 16.56218150
v -12.06346016 15.61651516 16.99519420
v -12.15035208 16.25000000 16.94502713
v -11.93384573 16.25000000 17.07002713
v -11.85755039 15.69376941 17.11407626
v -11.60755039 15.69376941 16.68106356
v -11.68384573 16.25000000 16.63701443
v -11.68384573 16.25000000 16.63701443
v -11.60755039 15.69376941 16.68106356
v -11.81346016 15.61651516 16.56218150
v -11.90035208 16.25000000 16.51201443
v -12.15035208 16.25000000 16.94502713
v -12.06346016 15.61651516 16.99519420
v -11.85755039 15.69376941 17.11407626
v -11.93384573 16.25000000 17.07002713
v -11.81346016 15.61651516 16.56218150
v -11.56129000 15.04504023 16.70777201
v -11.81129000 15.04504023 17.14078471
v -12.06346016 15.61651516 16.99519420
v -11.85755039 15.69376941 17.11407626
v -11.63613268 15.19198655 17.24191183
v -11.38613268 15.19198655 16.80889913
v -11.60755039 15.69376941 16.68106356
v -11.60755039 15.69376941 16.68106356
v -11.38613268 15.19198655 16.80889913
v -11.56129000 15.04504023 16.70777201
v -11.81346016 15.61651516 16.56218150
v -12.06346016 15.61651516 16.99519420
v -11.81129000 15.04504023 17.14078471
v -11.63613268 15.19198655 17.24191183
v -11.85755039 15.69376941 17.11407626
v -11.56129000 15.04504023 16.70777201
v -11.16852577 14.59151516 16.93453454
v -11.41852577 14.59151516 17.36754724
v -11.81129000 15.04504023 17.14078471
v -11.63613268 15.19198655 17.24191183
v -11.29126653 14.79376941 17.44102040
v -11.04126653 14.79376941 17.00800770
v -11.38613268 15.19198655 16.80889913
v -11.38613268 15.19198655 16.80889913
v -11.04126653 14.79376941 17.00800770
v -11.16852577 14.59151516 16.93453454
v -11.56129000 15.04504023 16.70777201
v -11.81129000 15.04504023 17.14078471
v -11.41852577 14.59151516 17.36754724
v -11.29126653 14.79376941 17.44102040
v -11.63613268 15.19198655 17.24191183
v -11.16852577 14.59151516 16.93453454
v -10.67361396 14.30033414 17.22027201
v -10.92361396 14.30033414 17.65328471
v -11.41852577 14.59151516 17.36754724
v -11.29126653 14.79376941 17.44102040
v -10.85670982 14.53809827 17.69191183
v -10.60670982 14.53809827 17.25889913
v -11.04126653 14.79376941 17.00800770
v -11.04126653 14.79376941 17.00800770
v -10.60670982 14.53809827 17.25889913
v -10.67361396 14.30033414 17.22027201
v -11.16852577 14.59151516 16.93453454
v -11.41852577 14.59151516 17.36754724
v -10.92361396 14.30033414 17.65328471
v -10.85670982 14.53809827 17.69191183
v -11.29126653 14.79376941 17.44102040
v -10.67361396 14.30033414 17.22027201
v -10.12500000 14.20000000 17.53701443
v -10.37500000 14.20000000 17.97002713
v -10.92361396 14.30033414 17.65328471
v -10.85670982 14.53809827 17.69191183
v -10.37500000 14.45000000 17.97002713
v -10.12500000 14.45000000 17.53701443
v -10.60670982 14.53809827 17.25889913
v -10.60670982 14.53809827 17.25889913
v -10.12500000 14.45000000 17.53701443
v -10.12500000 14.20000000 17.53701443
v -10.67361396 14.30033414 17.22027201
v -10.92361396 14.30033414 17.65328471
v -10.37500000 14.20000000 17.97002713
v -10.37500000 14.45000000 17.97002713
v -10.85670982 14.53809827 17.69191183
v -10.12500000 14.20000000 17.53701443
v -9.57638604 14.30033414 17.85375685
v -9.82638604 14.30033414 18.28676955
v -10.37500000 14.20000000 17.97002713
v -10.37500000 14.45000000 17.97002713
v -9.89329018 14.53809827 18.24814242
v -9.64329018 14.53809827 17.81512972
v -10.12500000 14.45000000 17.53701443
v -10.12500000 14.45000000 17.53701443
v -9.64329018 14.53809827 17.81512972
v -9.57638604 14.30033414 17.85375685
v -10.12500000 14.20000000 17.53701443
v -10.37500000 14.20000000 17.97002713
v -9.82638604 14.30033414 18.28676955
v -9.89329018 14.53809827 18.24814242
v -10.37500000 14.45000000 17.97002713
v -9.57638604 14.30033414 17.85375685
v -9.08147423 14.59151516 18.13949431
v -9.33147423 14.59151516 18.57250701
v -9.82638604 14.30033414 18.28676955
v -9.89329018 14.53809827 18.24814242
v -9.45873347 14.79376941 18.49903386
v -9.20873347 14.79376941 18.06602115
v -9.64329018 14.53809827 17.81512972
v -9.64329018 14.53809827 17.81512972
v -9.20873347 14.79376941 18.06602115
v -9.08147423 14.59151516 18.13949431
v -9.57638604 14.30033414 17.85375685
v -9.82638604 14.30033414 18.28676955
v -9.33147423 14.59151516 18.57250701
v -9.45873347 14.79376941 18.49903386
v -9.89329018 14.53809827 18.24814242
v -9.08147423 14.59151516 18.13949431
v -8.68871000 15.04504023 18.36625685
v -8.93871000 15.04504023 18.79926955
v -9.33147423 14.59151516 18.57250701
v -9.45873347 14.79376941 18.49903386
v -9.11386732 15.19198655 18.69814242
v -8.86386732 15.19198655 18.26512972
v -9.20873347 14.79376941 18.06602115
v -9.20873347 14.79376941 18.06602115
v -8.86386732 15.19198655 18.26512972
v -8.68871000 15.04504023 18.36625685
v -9.08147423 14.59151516 18.13949431
v -9.33147423 14.59151516 18.57250701
v -8.93871000 15.04504023 18.79926955
v -9.11386732 15.19198655 18.69814242
v -9.45873347 14.79376941 18.49903386
v -8.68871000 15.04504023 18.36625685
v -8.43653984 15.61651516 18.51184736
v -8.68653984 15.61651516 18.94486006
v -8.93871000 15.04504023 18.79926955
v -9.11386732 15.19198655 18.69814242
v -8.89244961 15.69376941 18.82597799
v -8.64244961 15.69376941 18.39296529
v -8.86386732 15.19198655 18.26512972
v -8.86386732 15.19198655 18.26512972
v -8.64244961 15.69376941 18.39296529
v -8.43653984 15.61651516 18.51184736
v -8.68871000 15.04504023 18.36625685
v -8.93871000 15.04504023 18.79926955
v -8.68653984 15.61651516 18.94486006
v -8.89244961 15.69376941 18.82597799
v -9.11386732 15.19198655 18.69814242
v -8.43653984 15.61651516 18.51184736
v -8.34964792 16.25000000 18.56201443
v -8.59964792 16.25000000 18.99502713
v -8.68653984 15.61651516 18.94486006
v -8.89244961 15.69376941 18.82597799
v -8.81615427 16.25000000 18.87002713
v -8.56615427 16.25000000 18.43701443
v -8.64244961 15.69376941 18.39296529
v -8.64244961 15.69376941 18.39296529
v -8.56615427 16.25000000 18.43701443
v -8.34964792 16.25000000 18.56201443
v -8.43653984 15.61651516 18.51184736
v -8.68653984 15.61651516 18.94486006
v -8.59964792 16.25000000 18.99502713
v -8.81615427 16.25000000 18.87002713
v -8.89244961 15.69376941 18.82597799
v -15.75000000 16.25000000 1.87500000
v -15.75000000 16.82940686 1.78323097
v -21.25000000 16.82940686 1.78323097
v -21.25000000 16.25000000 1.87500000
v -21.25000000 16.25000000 1.80000000
v -21.25000000 16.80623059 1.71190173
v -15.75000000 16.80623059 1.71190173
v -15.75000000 16.25000000 1.80000000
v -15.75000000 16.25000000 1.80000000
v -15.75000000 16.80623059 1.71190173
v -15.75000000 16.82940686 1.78323097
v -15.75000000 16.25000000 1.87500000
v -21.25000000 16.25000000 1.87500000
v -21.25000000 16.82940686 1.78323097
v -21.25000000 16.80623059 1.71190173
v -21.25000000 16.25000000 1.80000000
v -15.75000000 16.82940686 1.78323097
v -15.75000000 17.35209735 1.51690686
v -21.25000000 17.35209735 1.51690686
v -21.25000000 16.82940686 1.78323097
v -21.25000000 16.80623059 1.71190173
v -21.25000000 17.30801345 1.45623059
v -15.75000000 17.30801345 1.45623059
v -15.75000000 16.80623059 1.71190173
v -15.75000000 16.80623059 1.71190173
v -15.75000000 17.30801345 1.45623059
v -15.75000000 17.35209735 1.51690686
v -15.75000000 16.82940686 1.78323097
v -21.25000000 16.82940686 1.78323097
v -21.25000000 17.35209735 1.51690686
v -21.25000000 17.30801345 1.45623059
v -21.25000000 16.80623059 1.71190173
v -15.75000000 17.35209735 1.51690686
v -15.75000000 17.76690686 1.10209735
v -21.25000000 17.76690686 1.10209735
v -21.25000000 17.35209735 1.51690686
v -21.25000000 17.30801345 1.45623059
v -21.25000000 17.70623059 1.05801345
v -15.75000000 17.70623059 1.05801345
v -15.75000000 17.30801345 1.45623059
v -15.75000000 17.30801345 1.45623059
v -15.75000000 17.70623059 1.05801345
v -15.75000000 17.76690686 1.10209735
v -15.75000000 17.35209735 1.51690686
v -21.25000000 17.35209735 1.51690686
v -21.25000000 17.76690686 1.10209735
v -21.25000000 17.70623059 1.05801345
v -21.25000000 17.30801345 1.45623059
v -15.75000000 17.76690686 1.10209735
v -15.75000000 18.03323097 0.57940686
v -21.25000000 18.03323097 0.57940686
v -21.25000000 17.76690686 1.10209735
v -21.25000000 17.70623059 1.05801345
v -21.25000000 17.96190173 0.55623059
v -15.75000000 17.96190173 0.55623059
v -15.75000000 17.70623059 1.05801345
v -15.75000000 17.70623059 1.05801345
v -15.75000000 17.96190173 0.55623059
v -15.75000000 18.03323097 0.57940686
v -15.75000000 17.76690686 1.10209735
v -21.25000000 17.76690686 1.10209735
v -21.25000000 18.03323097 0.57940686
v -21.25000000 17.96190173 0.55623059
v -21.25000000 17.70623059 1.05801345
v -15.75000000 18.03323097 0.57940686
v -15.75000000 18.12500000 0.00000000
v -21.25000000 18.12500000 0.00000000
v -21.25000000 18.03323097 0.57940686
v -21.25000000 17.96190173 0.55623059
v -21.25000000 18.05000000 0.00000000
v -15.75000000 18.05000000 0.00000000
v -15.75000000 17.96190173 0.55623059
v -15.75000000 17.96190173 0.55623059
v -15.75000000 18.05000000 0.00000000
v -15.75000000 18.12500000 0.00000000
v -15.75000000 18.03323097 0.57940686
v -21.25000000 18.03323097 0.57940686
v -21.25000000 18.12500000 0.00000000
v -21.25000000 18.05000000 0.00000000
v -21.25000000 17.96190173 0.55623059
v -15.75000000 18.12500000 0.00000000
v -15.75000000 18.03323097 -0.57940686
v -21.25000000 18.03323097 -0.57940686
v -21.25000000 18.12500000 0.00000000
v -21.25000000 18.05000000 0.00000000
v -21.25000000 17.96190173 -0.55623059
v -15.75000000 17.96190173 -0.55623059
v -15.75000000 18.05000000 0.00000000
v -15.75000000 18.05000000 0.00000000
v -15.75000000 17.96190173 -0.55623059
v -15.75000000 18.03323097 -0.57940686
v -15.75000000 18.12500000 0.00000000
v -21.25000000 18.12500000 0.00000000
v -21.25000000 18.03323097 -0.57940686
v -21.25000000 17.96190173 -0.55623059
v -21.25000000 18.05000000 0.00000000
v -15.75000000 18.03323097 -0.57940686
v -15.75000000 17.76690686 -1.10209735
v -21.25000000 17.76690686 -1.10209735
v -21.25000000 18.03323097 -0.57940686
v -21.25000000 17.96190173 -0.55623059
v -21.25000000 17.70623059 -1.05801345
v -15.75000000 17.70623059 -1.05801345
v -15.75000000 17.96190173 -0.55623059
v -15.75000000 17.96190173 -0.55623059
v -15.75000000 17.70623059 -1.05801345
v -15.75000000 17.76690686 -1.10209735
v -15.75000000 18.03323097 -0.57940686
v -21.25000000 18.03323097 -0.57940686
v -21.25000000 17.76690686 -1.10209735
v -21.25000000 17.70623059 -1.05801345
v -21.25000000 17.96190173 -0.55623059
v -15.75000000 17.76690686 -1.10209735
v -15.75000000 17.35209735 -1.51690686
v -21.25000000 17.35209735 -1.51690686
v -21.25000000 17.76690686 -1.10209735
v -21.25000000 17.70623059 -1.05801345
v -21.25000000 17.30801345 -1.45623059
v -15.75000000 17.30801345 -1.45623059
v -15.75000000 17.70623059 -1.05801345
v -15.75000000 17.70623059 -1.05801345
v -15.75000000 17.30801345 -1.45623059
v -15.75000000 17.35209735 -1.51690686
v -15.75000000 17.76690686 -1.10209735
v -21.25000000 17.76690686 -1.10209735
v -21.25000000 17.35209735 -1.51690686
v -21.25000000 17.30801345 -1.45623059
v -21.25000000 17.70623059 -1.05801345
v -15.75000000 17.35209735 -1.51690686
v -15.75000000 16.82940686 -1.78323097
v -21.25000000 16.82940686 -1.78323097
v -21.25000000 17.35209735 -1.51690686
v -21.25000000 17.30801345 -1.45623059
v -21.25000000 16.80623059 -1.71190173
v -15.75000000 16.80623059 -1.71190173
v -15.75000000 17.30801345 -1.45623059
v -15.75000000 17.30801345 -1.45623059
v -15.75000000 16.80623059 -1.71190173
v -15.75000000 16.82940686 -1.78323097
v -15.75000000 17.35209735 -1.51690686
v -21.25000000 17.35209735 -1.51690686
v -21.25000000 16.82940686 -1.78323097
v -21.25000000 16.80623059 -1.71190173
v -21.25000000 17.30801345 -1.45623059
v -15.75000000 16.82940686 -1.78323097
v -15.75000000 16.25000000 -1.87500000
v -21.25000000 16.25000000 -1.87500000
v -21.25000000 16.82940686 -1.78323097
v -21.25000000 16.80623059 -1.71190173
v -21.25000000 16.25000000 -1.80000000
v -15.75000000 16.25000000 -1.80000000
v -15.75000000 16.80623059 -1.71190173
v -15.75000000 16.80623059 -1.71190173
v -15.75000000 16.25000000 -1.80000000
v -15.75000000 16.25000000 -1.87500000
v -15.75000000 16.82940686 -1.78323097
v -21.25000000 16.82940686 -1.78323097
v -21.25000000 16.25000000 -1.87500000
v -21.25000000 16.25000000 -1.80000000
v -21.25000000 16.80623059 -1.71190173
v -15.75000000 16.25000000 -1.87500000
v -15.75000000 15.67059314 -1.78323097
v -21.25000000 15.67059314 -1.78323097
v -21.25000000 16.25000000 -1.87500000
v -21.25000000 16.25000000 -1.80000000
v -21.25000000 15.69376941 -1.71190173
v -15.75000000 15.69376941 -1.71190173
v -15.75000000 16.25000000 -1.80000000
v -15.75000000 16.25000000 -1.80000000
v -15.75000000 15.69376941 -1.71190173
v -15.75000000 15.67059314 -1.78323097
v -15.75000000 16.25000000 -1.87500000
v -21.25000000 16.25000000 -1.87500000
v -21.25000000 15.67059314 -1.78323097
v -21.25000000 15.69376941 -1.71190173
v -21.25000000 16.25000000 -1.80000000
v -15.75000000 15.67059314 -1.78323097
v -15.75000000 15.14790265 -1.51690686
v -21.25000000 15.14790265 -1.51690686
v -21.25000000 15.67059314 -1.78323097
v -21.25000000 15.69376941 -1.71190173
v -21.25000000 15.19198655 -1.45623059
v -15.75000000 15.19198655 -1.45623059
v -15.75000000 15.69376941 -1.71190173
v -15.75000000 15.69376941 -1.71190173
v -15.75000000 15.19198655 -1.45623059
v -15.75000000 15.14790265 -1.51690686
v -15.75000000 15.67059314 -1.78323097
v -21.25000000 15.67059314 -1.78323097
v -21.25000000 15.14790265 -1.51690686
v -21.25000000 15.19198655 -1.45623059
v -21.25000000 15.69376941 -1.71190173
v -15.75000000 15.14790265 -1.51690686
v -15.75000000 14.73309314 -1.10209735
v -21.25000000 14.73309314 -1.10209735
v -21.25000000 15.14790265 -1.51690686
v -21.25000000 15.19198655 -1.45623059
v -21.25000000 14.79376941 -1.05801345
v -15.75000000 14.79376941 -1.05801345
v -15.75000000 15.19198655 -1.45623059
v -15.75000000 15.19198655 -1.45623059
v -15.75000000 14.79376941 -1.05801345
v -15.75000000 14.73309314 -1.10209735
v -15.75000000 15.14790265 -1.51690686
v -21.25000000 15.14790265 -1.51690686
v -21.25000000 14.73309314 -1.10209735
v -21.25000000 14.79376941 -1.05801345
v -21.25000000 15.19198655 -1.45623059
v -15.75000000 14.73309314 -1.10209735
v -15.75000000 14.46676903 -0.57940686
v -21.25000000 14.46676903 -0.57940686
v -21.25000000 14.73309314 -1.10209735
v -21.25000000 14.79376941 -1.05801345
v -21.25000000 14.53809827 -0.55623059
v -15.75000000 14.53809827 -0.55623059
v -15.75000000 14.79376941 -1.05801345
v -15.75000000 14.79376941 -1.05801345
v -15.75000000 14.53809827 -0.55623059
v -15.75000000 14.46676903 -0.57940686
v -15.75000000 14.73309314 -1.10209735
v -21.25000000 14.73309314 -1.10209735
v -21.25000000 14.46676903 -0.57940686
v -21.25000000 14.53809827 -0.55623059
v -21.25000000 14.79376941 -1.05801345
v -15.75000000 14.46676903 -0.57940686
v -15.75000000 14.37500000 0.00000000
v -21.25000000 14.37500000 0.00000000
v -21.25000000 14.46676903 -0.57940686
v -21.25000000 14.53809827 -0.55623059
v -21.25000000 14.45000000 0.00000000
v -15.75000000 14.45000000 0.00000000
v -15.75000000 14.53809827 -0.55623059
v -15.75000000 14.53809827 -0.55623059
v -15.75000000 14.45000000 0.00000000
v -15.75000000 14.37500000 0.00000000
v -15.75000000 14.46676903 -0.57940686
v -21.25000000 14.46676903 -0.57940686
v -21.25000000 14.37500000 0.00000000
v -21.25000000 14.45000000 0.00000000
v -21.25000000 14.53809827 -0.55623059
v -15.75000000 14.37500000 0.00000000
v -15.75000000 14.46676903 0.57940686
v -21.25000000 14.46676903 0.57940686
v -21.25000000 14.37500000 0.00000000
v -21.25000000 14.45000000 0.00000000
v -21.25000000 14.53809827 0.55623059
v -15.75000000 14.53809827 0.55623059
v -15.75000000 14.45000000 0.00000000
v -15.75000000 14.45000000 0.00000000
v -15.75000000 14.53809827 0.55623059
v -15.75000000 14.46676903 0.57940686
v -15.75000000 14.37500000 0.00000000
v -21.25000000 14.37500000 0.00000000
v -21.25000000 14.46676903 0.57940686
v -21.25000000 14.53809827 0.55623059
v -21.25000000 14.45000000 0.00000000
v -15.75000000 14.46676903 0.57940686
v -15.75000000 14.73309314 1.10209735
v -21.25000000 14.73309314 1.10209735
v -21.25000000 14.46676903 0.57940686
v -21.25000000 14.53809827 0.55623059
v -21.25000000 14.79376941 1.05801345
v -15.75000000 14.79376941 1.05801345
v -15.75000000 14.53809827 0.55623059
v -15.75000000 14.53809827 0.55623059
v -15.75000000 14.79376941 1.05801345
v -15.75000000 14.73309314 1.10209735
v -15.75000000 14.46676903 0.57940686
v -21.25000000 14.46676903 0.57940686
v -21.25000000 14.73309314 1.10209735
v -21.25000000 14.79376941 1.05801345
v -21.25000000 14.53809827 0.55623059
v -15.75000000 14.73309314 1.10209735
v -15.75000000 15.14790265 1.51690686
v -21.25000000 15.14790265 1.51690686
v -21.25000000 14.73309314 1.10209735
v -21.25000000 14.79376941 1.05801345
v -21.25000000 15.19198655 1.45623059
v -15.75000000 15.19198655 1.45623059
v -15.75000000 14.79376941 1.05801345
v -15.75000000 14.79376941 1.05801345
v -15.75000000 15.19198655 1.45623059
v -15.75000000 15.14790265 1.51690686
v -15.75000000 14.73309314 1.10209735
v -21.25000000 14.73309314 1.10209735
v -21.25000000 15.14790265 1.51690686
v -21.25000000 15.19198655 1.45623059
v -21.25000000 14.79376941 1.05801345
v -15.75000000 15.14790265 1.51690686
v -15.75000000 15.67059314 1.78323097
v -21.25000000 15.67059314 1.78323097
v -21.25000000 15.14790265 1.51690686
v -21.25000000 15.19198655 1.45623059
v -21.25000000 15.69376941 1.71190173
v -15.75000000 15.69376941 1.71190173
v -15.75000000 15.19198655 1.45623059
v -15.75000000 15.19198655 1.45623059
v -15.75000000 15.69376941 1.71190173
v -15.75000000 15.67059314 1.78323097
v -15.75000000 15.14790265 1.51690686
v -21.25000000 15.14790265 1.51690686
v -21.25000000 15.67059314 1.78323097
v -21.25000000 15.69376941 1.71190173
v -21.25000000 15.19198655 1.45623059
v -15.75000000 15.67059314 1.78323097
v -15.75000000 16.25000000 1.87500000
v -21.25000000 16.25000000 1.87500000
v -21.25000000 15.67059314 1.78323097
v -21.25000000 15.69376941 1.71190173
v -21.25000000 16.25000000 1.80000000
v -15.75000000 16.25000000 1.80000000
v -15.75000000 15.69376941 1.71190173
v -15.75000000 15.69376941 1.71190173
v -15.75000000 16.25000000 1.80000000
v -15.75000000 16.25000000 1.87500000
v -15.75000000 15.67059314 1.78323097
v -21.25000000 15.67059314 1.78323097
v -21.25000000 16.25000000 1.87500000
v -21.25000000 16.25000000 1.80000000
v -21.25000000 15.69376941 1.71190173
v -20.25000000 16.25000000 2.05000000
v -20.25000000 16.88348484 1.94966586
v -20.75000000 16.88348484 1.94966586
v -20.75000000 16.25000000 2.05000000
v -20.75000000 16.25000000 1.80000000
v -20.75000000 16.80623059 1.71190173
v -20.25000000 16.80623059 1.71190173
v -20.25000000 16.25000000 1.80000000
v -20.25000000 16.25000000 1.80000000
v -20.25000000 16.80623059 1.71190173
v -20.25000000 16.88348484 1.94966586
v -20.25000000 16.25000000 2.05000000
v -20.75000000 16.25000000 2.05000000
v -20.75000000 16.88348484 1.94966586
v -20.75000000 16.80623059 1.71190173
v -20.75000000 16.25000000 1.80000000
v -20.25000000 16.88348484 1.94966586
v -20.25000000 17.45495977 1.65848484
v -20.75000000 17.45495977 1.65848484
v -20.75000000 16.88348484 1.94966586
v -20.75000000 16.80623059 1.71190173
v -20.75000000 17.30801345 1.45623059
v -20.25000000 17.30801345 1.45623059
v -20.25000000 16.80623059 1.71190173
v -20.25000000 16.80623059 1.71190173
v -20.25000000 17.30801345 1.45623059
v -20.25000000 17.45495977 1.65848484
v -20.25000000 16.88348484 1.94966586
v -20.75000000 16.88348484 1.94966586
v -20.75000000 17.45495977 1.65848484
v -20.75000000 17.30801345 1.45623059
v -20.75000000 16.80623059 1.71190173
v -20.25000000 17.45495977 1.65848484
v -20.25000000 17.90848484 1.20495977
v -20.75000000 17.90848484 1.20495977
v -20.75000000 17.45495977 1.65848484
v -20.75000000 17.30801345 1.45623059
v -20.75000000 17.70623059 1.05801345
v -20.25000000 17.70623059 1.05801345
v -20.25000000 17.30801345 1.45623059
v -20.25000000 17.30801345 1.45623059
v -20.25000000 17.70623059 1.05801345
v -20.25000000 17.90848484 1.20495977
v -20.25000000 17.45495977 1.65848484
v -20.75000000 17.45495977 1.65848484
v -20.75000000 17.90848484 1.20495977
v -20.75000000 17.70623059 1.05801345
v -20.75000000 17.30801345 1.45623059
v -20.25000000 17.90848484 1.20495977
v -20.25000000 18.19966586 0.63348484
v -20.75000000 18.19966586 0.63348484
v -20.75000000 17.90848484 1.20495977
v -20.75000000 17.70623059 1.05801345
v -20.75000000 17.96190173 0.55623059
v -20.25000000 17.96190173 0.55623059
v -20.25000000 17.70623059 1.05801345
v -20.25000000 17.70623059 1.05801345
v -20.25000000 17.96190173 0.55623059
v -20.25000000 18.19966586 0.63348484
v -20.25000000 17.90848484 1.20495977
v -20.75000000 17.90848484 1.20495977
v -20.75000000 18.19966586 0.63348484
v -20.75000000 17.96190173 0.55623059
v -20.75000000 17.70623059 1.05801345
v -20.25000000 18.19966586 0.63348484
v -20.25000000 18.30000000 0.00000000
v -20.75000000 18.30000000 0.00000000
v -20.75000000 18.19966586 0.63348484
v -20.75000000 17.96190173 0.55623059
v -20.75000000 18.05000000 0.00000000
v -20.25000000 18.05000000 0.00000000
v -20.25000000 17.96190173 0.55623059
v -20.25000000 17.96190173 0.55623059
v -20.25000000 18.05000000 0.00000000
v -20.25000000 18.30000000 0.00000000
v -20.25000000 18.19966586 0.63348484
v -20.75000000 18.19966586 0.63348484
v -20.75000000 18.30000000 0.00000000
v -20.75000000 18.05000000 0.00000000
v -20.75000000 17.96190173 0.55623059
v -20.25000000 18.30000000 0.00000000
v -20.25000000 18.19966586 -0.63348484
v -20.75000000 18.19966586 -0.63348484
v -20.75000000 18.30000000 0.00000000
v -20.75000000 18.05000000 0.00000000
v -20.75000000 17.96190173 -0.55623059
v -20.25000000 17.96190173 -0.55623059
v -20.25000000 18.05000000 0.00000000
v -20.25000000 18.05000000 0.00000000
v -20.25000000 17.96190173 -0.55623059
v -20.25000000 18.19966586 -0.63348484
v -20.25000000 18.30000000 0.00000000
v -20.75000000 18.30000000 0.00000000
v -20.75000000 18.19966586 -0.63348484
v -20.75000000 17.96190173 -0.55623059
v -20.75000000 18.05000000 0.00000000
v -20.25000000 18.19966586 -0.63348484
v -20.25000000 17.90848484 -1.20495977
v -20.75000000 17.90848484 -1.20495977
v -20.75000000 18.19966586 -0.63348484
v -20.75000000 17.96190173 -0.55623059
v -20.75000000 17.70623059 -1.05801345
v -20.25000000 17.70623059 -1.05801345
v -20.25000000 17.96190173 -0.55623059
v -20.25000000 17.96190173 -0.55623059
v -20.25000000 17.70623059 -1.05801345
v -20.25000000 17.90848484 -1.20495977
v -20.25000000 18.19966586 -0.63348484
v -20.75000000 18.19966586 -0.63348484
v -20.75000000 17.90848484 -1.20495977
v -20.75000000 17.70623059 -1.05801345
v -20.75000000 17.96190173 -0.55623059
v -20.25000000 17.90848484 -1.20495977
v -20.25000000 17.45495977 -1.65848484
v -20.75000000 17.45495977 -1.65848484
v -20.75000000 17.90848484 -1.20495977
v -20.75000000 17.70623059 -1.05801345
v -20.75000000 17.30801345 -1.45623059
v -20.25000000 17.30801345 -1.45623059
v -20.25000000 17.70623059 -1.05801345
v -20.25000000 17.70623059 -1.05801345
v -20.25000000 17.30801345 -1.45623059
v -20.25000000 17.45495977 -1.65848484
v -20.25000000 17.90848484 -1.20495977
v -20.75000000 17.90848484 -1.20495977
v -20.75000000 17.45495977 -1.65848484
v -20.75000000 17.30801345 -1.45623059
v -20.75000000 17.70623059 -1.05801345
v -20.25000000 17.45495977 -1.65848484
v -20.25000000 16.88348484 -1.94966586
v -20.75000000 16.88348484 -1.94966586
v -20.75000000 17.45495977 -1.65848484
v -20.75000000 17.30801345 -1.45623059
v -20.75000000 16.80623059 -1.71190173
v -20.25000000 16.80623059 -1.71190173
v -20.25000000 17.30801345 -1.45623059
v -20.25000000 17.30801345 -1.45623059
v -20.25000000 16.80623059 -1.71190173
v -20.25000000 16.88348484 -1.94966586
v -20.25000000 17.45495977 -1.65848484
v -20.75000000 17.45495977 -1.65848484
v -20.75000000 16.88348484 -1.94966586
v -20.75000000 16.80623059 -1.71190173
v -20.75000000 17.30801345 -1.45623059
v -20.25000000 16.88348484 -1.94966586
v -20.25000000 16.25000000 -2.05000000
v -20.75000000 16.25000000 -2.05000000
v -20.75000000 16.88348484 -1.94966586
v -20.75000000 16.80623059 -1.71190173
v -20.75000000 16.25000000 -1.80000000
v -20.25000000 16.25000000 -1.80000000
v -20.25000000 16.80623059 -1.71190173
v -20.25000000 16.80623059 -1.71190173
v -20.25000000 16.25000000 -1.80000000
v -20.25000000 16.25000000 -2.05000000
v -20.25000000 16.88348484 -1.94966586
v -20.75000000 16.88348484 -1.94966586
v -20.75000000 16.25000000 -2.05000000
v -20.75000000 16.25000000 -1.80000000
v -20.75000000 16.80623059 -1.71190173
v -20.25000000 16.25000000 -2.05000000
v -20.25000000 15.61651516 -1.94966586
v -20.75000000 15.61651516 -1.94966586
v -20.75000000 16.25000000 -2.05000000
v -20.75000000 16.25000000 -1.80000000
v -20.75000000 15.69376941 -1.71190173
v -20.25000000 15.69376941 -1.71190173
v -20.25000000 16.25000000 -1.80000000
v -20.25000000 16.25000000 -1.80000000
v -20.25000000 15.69376941 -1.71190173
v -20.25000000 15.61651516 -1.94966586
v -20.25000000 16.25000000 -2.05000000
v -20.75000000 16.25000000 -2.05000000
v -20.75000000 15.61651516 -1.94966586
v -20.75000000 15.69376941 -1.71190173
v -20.75000000 16.25000000 -1.80000000
v -20.25000000 15.61651516 -1.94966586
v -20.25000000 15.04504023 -1.65848484
v -20.75000000 15.04504023 -1.65848484
v -20.75000000 15.61651516 -1.94966586
v -20.75000000 15.69376941 -1.71190173
v -20.75000000 15.19198655 -1.45623059
v -20.25000000 15.19198655 -1.45623059
v -20.25000000 15.69376941 -1.71190173
v -20.25000000 15.69376941 -1.71190173
v -20.25000000 15.19198655 -1.45623059
v -20.25000000 15.04504023 -1.65848484
v -20.25000000 15.61651516 -1.94966586
v -20.75000000 15.61651516 -1.94966586
v -20.75000000 15.04504023 -1.65848484
v -20.75000000 15.19198655 -1.45623059
v -20.75000000 15.69376941 -1.71190173
v -20.25000000 15.04504023 -1.65848484
v -20.25000000 14.59151516 -1.20495977
v -20.75000000 14.59151516 -1.20495977
v -20.75000000 15.04504023 -1.65848484
v -20.75000000 15.19198655 -1.45623059
v -20.75000000 14.79376941 -1.05801345
v -20.25000000 14.79376941 -1.05801345
v -20.25000000 15.19198655 -1.45623059
v -20.25000000 15.19198655 -1.45623059
v -20.25000000 14.79376941 -1.05801345
v -20.25000000 14.59151516 -1.20495977
v -20.25000000 15.04504023 -1.65848484
v -20.75000000 15.04504023 -1.65848484
v -20.75000000 14.59151516 -1.20495977
v -20.75000000 14.79376941 -1.05801345
v -20.75000000 15.19198655 -1.45623059
v -20.25000000 14.59151516 -1.20495977
v -20.25000000 14.30033414 -0.63348484
v -20.75000000 14.30033414 -0.63348484
v -20.75000000 14.59151516 -1.20495977
v -20.75000000 14.79376941 -1.05801345
v -20.75000000 14.53809827 -0.55623059
v -20.25000000 14.53809827 -0.55623059
v -20.25000000 14.79376941 -1.05801345
v -20.25000000 14.79376941 -1.05801345
v -20.25000000 14.53809827 -0.55623059
v -20.25000000 14.30033414 -0.63348484
v -20.25000000 14.59151516 -1.20495977
v -20.75000000 14.59151516 -1.20495977
v -20.75000000 14.30033414 -0.63348484
v -20.75000000 14.53809827 -0.55623059
v -20.75000000 14.79376941 -1.05801345
v -20.25000000 14.30033414 -0.63348484
v -20.25000000 14.20000000 0.00000000
v -20.75000000 14.20000000 0.00000000
v -20.75000000 14.30033414 -0.63348484
v -20.75000000 14.53809827 -0.55623059
v -20.75000000 14.45000000 0.00000000
v -20.25000000 14.45000000 0.00000000
v -20.25000000 14.53809827 -0.55623059
v -20.25000000 14.53809827 -0.55623059
v -20.25000000 14.45000000 0.00000000
v -20.25000000 14.20000000 0.00000000
v -20.25000000 14.30033414 -0.63348484
v -20.75000000 14.30033414 -0.63348484
v -20.75000000 14.20000000 0.00000000
v -20.75000000 14.45000000 0.00000000
v -20.75000000 14.53809827 -0.55623059
v -20.25000000 14.20000000 0.00000000
v -20.25000000 14.30033414 0.63348484
v -20.75000000 14.30033414 0.63348484
v -20.75000000 14.20000000 0.00000000
v -20.75000000 14.45000000 0.00000000
v -20.75000000 14.53809827 0.55623059
v -20.25000000 14.53809827 0.55623059
v -20.25000000 14.45000000 0.00000000
v -20.25000000 14.45000000 0.00000000
v -20.25000000 14.53809827 0.55623059
v -20.25000000 14.30033414 0.63348484
v -20.25000000 14.20000000 0.00000000
v -20.75000000 14.20000000 0.00000000
v -20.75000000 14.30033414 0.63348484
v -20.75000000 14.53809827 0.55623059
v -20.75000000 14.45000000 0.00000000
v -20.25000000 14.30033414 0.63348484
v -20.25000000 14.59151516 1.20495977
v -20.75000000 14.59151516 1.20495977
v -20.75000000 14.30033414 0.63348484
v -20.75000000 14.53809827 0.55623059
v -20.75000000 14.79376941 1.05801345
v -20.25000000 14.79376941 1.05801345
v -20.25000000 14.53809827 0.55623059
v -20.25000000 14.53809827 0.55623059
v -20.25000000 14.79376941 1.05801345
v -20.25000000 14.59151516 1.20495977
v -20.25000000 14.30033414 0.63348484
v -20.75000000 14.30033414 0.63348484
v -20.75000000 14.59151516 1.20495977
v -20.75000000 14.79376941 1.05801345
v -20.75000000 14.53809827 0.55623059
v -20.25000000 14.59151516 1.20495977
v -20.25000000 15.04504023 1.65848484
v -20.75000000 15.04504023 1.65848484
v -20.75000000 14.59151516 1.20495977
v -20.75000000 14.79376941 1.05801345
v -20.75000000 15.19198655 1.45623059
v -20.25000000 15.19198655 1.45623059
v -20.25000000 14.79376941 1.05801345
v -20.25000000 14.79376941 1.05801345
v -20.25000000 15.19198655 1.45623059
v -20.25000000 15.04504023 1.65848484
v -20.25000000 14.59151516 1.20495977
v -20.75000000 14.59151516 1.20495977
v -20.75000000 15.04504023 1.65848484
v -20.75000000 15.19198655 1.45623059
v -20.75000000 14.79376941 1.05801345
v -20.25000000 15.04504023 1.65848484
v -20.25000000 15.61651516 1.94966586
v -20.75000000 15.61651516 1.94966586
v -20.75000000 15.04504023 1.65848484
v -20.75000000 15.19198655 1.45623059
v -20.75000000 15.69376941 1.71190173
v -20.25000000 15.69376941 1.71190173
v -20.25000000 15.19198655 1.45623059
v -20.25000000 15.19198655 1.45623059
v -20.25000000 15.69376941 1.71190173
v -20.25000000 15.61651516 1.94966586
v -20.25000000 15.04504023 1.65848484
v -20.75000000 15.04504023 1.65848484
v -20.75000000 15.61651516 1.94966586
v -20.75000000 15.69376941 1.71190173
v -20.75000000 15.19198655 1.45623059
v -20.25000000 15.61651516 1.94966586
v -20.25000000 16.25000000 2.05000000
v -20.75000000 16.25000000 2.05000000
v -20.75000000 15.61651516 1.94966586
v -20.75000000 15.69376941 1.71190173
v -20.75000000 16.25000000 1.80000000
v -20.25000000 16.25000000 1.80000000
v -20.25000000 15.69376941 1.71190173
v -20.25000000 15.69376941 1.71190173
v -20.25000000 16.25000000 1.80000000
v -20.25000000 16.25000000 2.05000000
v -20.25000000 15.61651516 1.94966586
v -20.75000000 15.61651516 1.94966586
v -20.75000000 16.25000000 2.05000000
v -20.75000000 16.25000000 1.80000000
v -20.75000000 15.69376941 1.71190173
v -9.49879763 16.25000000 -12.70240011
v -9.41932332 16.82940686 -12.74828463
v -12.16932332 16.82940686 -17.51142435
v -12.24879763 16.25000000 -17.46553983
v -12.18384573 16.25000000 -17.50303983
v -12.10755039 16.80623059 -17.54708897
v -9.35755039 16.80623059 -12.78394924
v -9.43384573 16.25000000 -12.73990011
v -9.43384573 16.25000000 -12.73990011
v -9.35755039 16.80623059 -12.78394924
v -9.41932332 16.82940686 -12.74828463
v -9.49879763 16.25000000 -12.70240011
v -12.24879763 16.25000000 -17.46553983
v -12.16932332 16.82940686 -17.51142435
v -12.10755039 16.80623059 -17.54708897
v -12.18384573 16.25000000 -17.50303983
v -9.41932332 16.82940686 -12.74828463
v -9.18867988 17.35209735 -12.88144668
v -11.93867988 17.35209735 -17.64458640
v -12.16932332 16.82940686 -17.51142435
v -12.10755039 16.80623059 -17.54708897
v -11.88613268 17.30801345 -17.67492454
v -9.13613268 17.30801345 -12.91178481
v -9.35755039 16.80623059 -12.78394924
v -9.35755039 16.80623059 -12.78394924
v -9.13613268 17.30801345 -12.91178481
v -9.18867988 17.35209735 -12.88144668
v -9.41932332 16.82940686 -12.74828463
v -12.16932332 16.82940686 -17.51142435
v -11.93867988 17.35209735 -17.64458640
v -11.88613268 17.30801345 -17.67492454
v -12.10755039 16.80623059 -17.54708897
v -9.18867988 17.35209735 -12.88144668
v -8.82944430 17.76690686 -13.08885144
v -11.57944430 17.76690686 -17.85199116
v -11.93867988 17.35209735 -17.64458640
v -11.88613268 17.30801345 -17.67492454
v -11.54126653 17.70623059 -17.87403310
v -8.79126653 17.70623059 -13.11089338
v -9.13613268 17.30801345 -12.91178481
v -9.13613268 17.30801345 -12.91178481
v -8.79126653 17.70623059 -13.11089338
v -8.82944430 17.76690686 -13.08885144
v -9.18867988 17.35209735 -12.88144668
v -11.93867988 17.35209735 -17.64458640
v -11.57944430 17.76690686 -17.85199116
v -11.54126653 17.70623059 -17.87403310
v -11.88613268 17.30801345 -17.67492454
v -8.82944430 17.76690686 -13.08885144
v -8.37678106 18.03323097 -13.35019668
v -11.12678106 18.03323097 -18.11333640
v -11.57944430 17.76690686 -17.85199116
v -11.54126653 17.70623059 -17.87403310
v -11.10670982 17.96190173 -18.12492454
v -8.35670982 17.96190173 -13.36178481
v -8.79126653 17.70623059 -13.11089338
v -8.79126653 17.70623059 -13.11089338
v -8.35670982 17.96190173 -13.36178481
v -8.37678106 18.03323097 -13.35019668
v -8.82944430 17.76690686 -13.08885144
v -11.57944430 17.76690686 -17.85199116
v -11.12678106 18.03323097 -18.11333640
v -11.10670982 17.96190173 -18.12492454
v -11.54126653 17.70623059 -17.87403310
v -8.37678106 18.03323097 -13.35019668
v -7.87500000 18.12500000 -13.63990011
v -10.62500000 18.12500000 -18.40303983
v -11.12678106 18.03323097 -18.11333640
v -11.10670982 17.96190173 -18.12492454
v -10.62500000 18.05000000 -18.40303983
v -7.87500000 18.05000000 -13.63990011
v -8.35670982 17.96190173 -13.36178481
v -8.35670982 17.96190173 -13.36178481
v -7.87500000 18.05000000 -13.63990011
v -7.87500000 18.12500000 -13.63990011
v -8.37678106 18.03323097 -13.35019668
v -11.12678106 18.03323097 -18.11333640
v -10.62500000 18.12500000 -18.40303983
v -10.62500000 18.05000000 -18.40303983
v -11.10670982 17.96190173 -18.12492454
v -7.87500000 18.12500000 -13.63990011
v -7.37321894 18.03323097 -13.92960354
v -10.12321894 18.03323097 -18.69274326
v -10.62500000 18.12500000 -18.40303983
v -10.62500000 18.05000000 -18.40303983
v -10.14329018 17.96190173 -18.68115513
v -7.39329018 17.96190173 -13.91801540
v -7.87500000 18.05000000 -13.63990011
v -7.87500000 18.05000000 -13.63990011
v -7.39329018 17.96190173 -13.91801540
v -7.37321894 18.03323097 -13.92960354
v -7.87500000 18.12500000 -13.63990011
v -10.62500000 18.12500000 -18.40303983
v -10.12321894 18.03323097 -18.69274326
v -10.14329018 17.96190173 -18.68115513
v -10.62500000 18.05000000 -18.40303983
v -7.37321894 18.03323097 -13.92960354
v -6.92055570 17.76690686 -14.19094878
v -9.67055570 17.76690686 -18.95408850
v -10.12321894 18.03323097 -18.69274326
v -10.14329018 17.96190173 -18.68115513
v -9.70873347 17.70623059 -18.93204656
v -6.95873347 17.70623059 -14.16890684
v -7.39329018 17.96190173 -13.91801540
v -7.39329018 17.96190173 -13.91801540
v -6.95873347 17.70623059 -14.16890684
v -6.92055570 17.76690686 -14.19094878
v -7.37321894 18.03323097 -13.92960354
v -10.12321894 18.03323097 -18.69274326
v -9.67055570 17.76690686 -18.95408850
v -9.70873347 17.70623059 -18.93204656
v -10.14329018 17.96190173 -18.68115513
v -6.92055570 17.76690686 -14.19094878
v -6.56132012 17.35209735 -14.39835354
v -9.31132012 17.35209735 -19.16149326
v -9.67055570 17.76690686 -18.95408850
v -9.70873347 17.70623059 -18.93204656
v -9.36386732 17.30801345 -19.13115513
v -6.61386732 17.30801345 -14.36801540
v -6.95873347 17.70623059 -14.16890684
v -6.95873347 17.70623059 -14.16890684
v -6.61386732 17.30801345 -14.36801540
v -6.56132012 17.35209735 -14.39835354
v -6.92055570 17.76690686 -14.19094878
v -9.67055570 17.76690686 -18.95408850
v -9.31132012 17.35209735 -19.16149326
v -9.36386732 17.30801345 -19.13115513
v -9.70873347 17.70623059 -18.93204656
v -6.56132012 17.35209735 -14.39835354
v -6.33067668 16.82940686 -14.53151559
v -9.08067668 16.82940686 -19.29465531
v -9.31132012 17.35209735 -19.16149326
v -9.36386732 17.30801345 -19.13115513
v -9.14244961 16.80623059 -19.25899070
v -6.39244961 16.80623059 -14.49585097
v -6.61386732 17.30801345 -14.36801540
v -6.61386732 17.30801345 -14.36801540
v -6.39244961 16.80623059 -14.49585097
v -6.33067668 16.82940686 -14.53151559
v -6.56132012 17.35209735 -14.39835354
v -9.31132012 17.35209735 -19.16149326
v -9.08067668 16.82940686 -19.29465531
v -9.14244961 16.80623059 -19.25899070
v -9.36386732 17.30801345 -19.13115513
v -6.33067668 16.82940686 -14.53151559
v -6.25120237 16.25000000 -14.57740011
v -9.00120237 16.25000000 -19.34053983
v -9.08067668 16.82940686 -19.29465531
v -9.14244961 16.80623059 -19.25899070
v -9.06615427 16.25000000 -19.30303983
v -6.31615427 16.25000000 -14.53990011
v -6.39244961 16.80623059 -14.49585097
v -6.39244961 16.80623059 -14.49585097
v -6.31615427 16.25000000 -14.53990011
v -6.25120237 16.25000000 -14.57740011
v -6.33067668 16.82940686 -14.53151559
v -9.08067668 16.82940686 -19.29465531
v -9.00120237 16.25000000 -19.34053983
v -9.06615427 16.25000000 -19.30303983
v -9.14244961 16.80623059 -19.25899070
v -6.25120237 16.25000000 -14.57740011
v -6.33067668 15.67059314 -14.53151559
v -9.08067668 15.67059314 -19.29465531
v -9.00120237 16.25000000 -19.34053983
v -9.06615427 16.25000000 -19.30303983
v -9.14244961 15.69376941 -19.25899070
v -6.39244961 15.69376941 -14.49585097
v -6.31615427 16.25000000 -14.53990011
v -6.31615427 16.25000000 -14.53990011
v -6.39244961 15.69376941 -14.49585097
v -6.33067668 15.67059314 -14.53151559
v -6.25120237 16.25000000 -14.57740011
v -9.00120237 16.25000000 -19.34053983
v -9.08067668 15.67059314 -19.29465531
v -9.14244961 15.69376941 -19.25899070
v -9.06615427 16.25000000 -19.30303983
v -6.33067668 15.67059314 -14.53151559
v -6.56132012 15.14790265 -14.39835354
v -9.31132012 15.14790265 -19.16149326
v -9.08067668 15.67059314 -19.29465531
v -9.14244961 15.69376941 -19.25899070
v -9.36386732 15.19198655 -19.13115513
v -6.61386732 15.19198655 -14.36801540
v -6.39244961 15.69376941 -14.49585097
v -6.39244961 15.69376941 -14.49585097
v -6.61386732 15.19198655 -14.36801540
v -6.56132012 15.14790265 -14.39835354
v -6.33067668 15.67059314 -14.53151559
v -9.08067668 15.67059314 -19.29465531
v -9.31132012 15.14790265 -19.16149326
v -9.36386732 15.19198655 -19.13115513
v -9.14244961 15.69376941 -19.25899070
v -6.56132012 15.14790265 -14.39835354
v -6.92055570 14.73309314 -14.19094878
v -9.67055570 14.73309314 -18.95408850
v -9.31132012 15.14790265 -19.16149326
v -9.36386732 15.19198655 -19.13115513
v -9.70873347 14.79376941 -18.93204656
v -6.95873347 14.79376941 -14.16890684
v -6.61386732 15.19198655 -14.36801540
v -6.61386732 15.19198655 -14.36801540
v -6.95873347 14.79376941 -14.16890684
v -6.92055570 14.73309314 -14.19094878
v -6.56132012 15.14790265 -14.39835354
v -9.31132012 15.14790265 -19.16149326
v -9.67055570 14.73309314 -18.95408850
v -9.70873347 14.79376941 -18.93204656
v -9.36386732 15.19198655 -19.13115513
v -6.92055570 14.73309314 -14.19094878
v -7.37321894 14.46676903 -13.92960354
v -10.12321894 14.46676903 -18.69274326
v -9.67055570 14.73309314 -18.95408850
v -9.70873347 14.79376941 -18.93204656
v -10.14329018 14.53809827 -18.68115513
v -7.39329018 14.53809827 -13.91801540
v -6.95873347 14.79376941 -14.16890684
v -6.95873347 14.79376941 -14.16890684
v -7.39329018 14.53809827 -13.91801540
v -7.37321894 14.46676903 -13.92960354
v -6.92055570 14.73309314 -14.19094878
v -9.67055570 14.73309314 -18.95408850
v -10.12321894 14.46676903 -18.69274326
v -10.14329018 14.53809827 -18.68115513
v -9.70873347 14.79376941 -18.93204656
v -7.37321894 14.46676903 -13.92960354
v -7.87500000 14.37500000 -13.63990011
v -10.62500000 14.37500000 -18.40303983
v -10.12321894 14.46676903 -18.69274326
v -10.14329018 14.53809827 -18.68115513
v -10.62500000 14.45000000 -18.40303983
v -7.87500000 14.45000000 -13.63990011
v -7.39329018 14.53809827 -13.91801540
v -7.39329018 14.53809827 -13.91801540
v -7.87500000 14.45000000 -13.63990011
v -7.87500000 14.37500000 -13.63990011
v -7.37321894 14.46676903 -13.92960354
v -10.12321894 14.46676903 -18.69274326
v -10.62500000 14.37500000 -18.40303983
v -10.62500000 14.45000000 -18.40303983
v -10.14329018 14.53809827 -18.68115513
v -7.87500000 14.37500000 -13.63990011
v -8.37678106 14.46676903 -13.35019668
v -11.12678106 14.46676903 -18.11333640
v -10.62500000 14.37500000 -18.40303983
v -10.62500000 14.45000000 -18.40303983
v -11.10670982 14.53809827 -18.12492454
v -8.35670982 14.53809827 -13.36178481
v -7.87500000 14.45000000 -13.63990011
v -7.87500000 14.45000000 -13.63990011
v -8.35670982 14.53809827 -13.36178481
v -8.37678106 14.46676903 -13.35019668
v -7.87500000 14.37500000 -13.63990011
v -10.62500000 14.37500000 -18.40303983
v -11.12678106 14.46676903 -18.11333640
v -11.10670982 14.53809827 -18.12492454
v -10.62500000 14.45000000 -18.40303983
v -8.37678106 14.46676903 -13.35019668
v -8.82944430 14.73309314 -13.08885144
v -11.57944430 14.73309314 -17.85199116
v -11.12678106 14.46676903 -18.11333640
v -11.10670982 14.53809827 -18.12492454
v -11.54126653 14.79376941 -17.87403310
v -8.79126653 14.79376941 -13.11089338
v -8.35670982 14.53809827 -13.36178481
v -8.35670982 14.53809827 -13.36178481
v -8.79126653 14.79376941 -13.11089338
v -8.82944430 14.73309314 -13.08885144
v -8.37678106 14.46676903 -13.35019668
v -11.12678106 14.46676903 -18.11333640
v -11.57944430 14.73309314 -17.85199116
v -11.54126653 14.79376941 -17.87403310
v -11.10670982 14.53809827 -18.12492454
v -8.82944430 14.73309314 -13.08885144
v -9.18867988 15.14790265 -12.88144668
v -11.93867988 15.14790265 -17.64458640
v -11.57944430 14.73309314 -17.85199116
v -11.54126653 14.79376941 -17.87403310
v -11.88613268 15.19198655 -17.67492454
v -9.13613268 15.19198655 -12.91178481
v -8.79126653 14.79376941 -13.11089338
v -8.79126653 14.79376941 -13.11089338
v -9.13613268 15.19198655 -12.91178481
v -9.18867988 15.14790265 -12.88144668
v -8.82944430 14.73309314 -13.08885144
v -11.57944430 14.73309314 -17.85199116
v -11.93867988 15.14790265 -17.64458640
v -11.88613268 15.19198655 -17.67492454
v -11.54126653 14.79376941 -17.87403310
v -9.18867988 15.14790265 -12.88144668
v -9.41932332 15.67059314 -12.74828463
v -12.16932332 15.67059314 -17.51142435
v -11.93867988 15.14790265 -17.64458640
v -11.88613268 15.19198655 -17.67492454
v -12.10755039 15.69376941 -17.54708897
v -9.35755039 15.69376941 -12.78394924
v -9.13613268 15.19198655 -12.91178481
v -9.13613268 15.19198655 -12.91178481
v -9.35755039 15.69376941 -12.78394924
v -9.41932332 15.67059314 -12.74828463
v -9.18867988 15.14790265 -12.88144668
v -11.93867988 15.14790265 -17.64458640
v -12.16932332 15.67059314 -17.51142435
v -12.10755039 15.69376941 -17.54708897
v -11.88613268 15.19198655 -17.67492454
v -9.41932332 15.67059314 -12.74828463
v -9.49879763 16.25000000 -12.70240011
v -12.24879763 16.25000000 -17.46553983
v -12.16932332 15.67059314 -17.51142435
v -12.10755039 15.69376941 -17.54708897
v -12.18384573 16.25000000 -17.50303983
v -9.43384573 16.25000000 -12.73990011
v -9.35755039 15.69376941 -12.78394924
v -9.35755039 15.69376941 -12.78394924
v -9.43384573 16.25000000 -12.73990011
v -9.49879763 16.25000000 -12.70240011
v -9.41932332 15.67059314 -12.74828463
v -12.16932332 15.67059314 -17.51142435
v -12.24879763 16.25000000 -17.46553983
v -12.18384573 16.25000000 -17.50303983
v -12.10755039 15.69376941 -17.54708897
v -11.90035208 16.25000000 -16.51201443
v -11.81346016 16.88348484 -16.56218150
v -12.06346016 16.88348484 -16.99519420
v -12.15035208 16.25000000 -16.94502713
v -11.93384573 16.25000000 -17.07002713
v -11.85755039 16.80623059 -17.11407626
v -11.60755039 16.80623059 -16.68106356
v -11.68384573 16.25000000 -16.63701443
v -11.68384573 16.25000000 -16.63701443
v -11.60755039 16.80623059 -16.68106356
v -11.81346016 16.88348484 -16.56218150
v -11.90035208 16.25000000 -16.51201443
v -12.15035208 16.25000000 -16.94502713
v -12.06346016 16.88348484 -16.99519420
v -11.85755039 16.80623059 -17.11407626
v -11.93384573 16.25000000 -17.07002713
v -11.81346016 16.88348484 -16.56218150
v -11.56129000 17.45495977 -16.70777201
v -11.81129000 17.45495977 -17.14078471
v -12.06346016 16.88348484 -16.99519420
v -11.85755039 16.80623059 -17.11407626
v -11.63613268 17.30801345 -17.24191183
v -11.38613268 17.30801345 -16.80889913
v -11.60755039 16.80623059 -16.68106356
v -11.60755039 16.80623059 -16.68106356
v -11.38613268 17.30801345 -16.80889913
v -11.56129000 17.45495977 -16.70777201
v -11.81346016 16.88348484 -16.56218150
v -12.06346016 16.88348484 -16.99519420
v -11.81129000 17.45495977 -17.14078471
v -11.63613268 17.30801345 -17.24191183
v -11.85755039 16.80623059 -17.11407626
v -11.56129000 17.45495977 -16.70777201
v -11.16852577 17.90848484 -16.93453454
v -11.41852577 17.90848484 -17.36754724
v -11.81129000 17.45495977 -17.14078471
v -11.63613268 17.30801345 -17.24191183
v -11.29126653 17.70623059 -17.44102040
v -11.04126653 17.70623059 -17.00800770
v -11.38613268 17.30801345 -16.80889913
v -11.38613268 17.30801345 -16.80889913
v -11.04126653 17.70623059 -17.00800770
v -11.16852577 17.90848484 -16.93453454
v -11.56129000 17.45495977 -16.70777201
v -11.81129000 17.45495977 -17.14078471
v -11.41852577 17.90848484 -17.36754724
v -11.29126653 17.70623059 -17.44102040
v -11.63613268 17.30801345 -17.24191183
v -11.16852577 17.90848484 -16.93453454
v -10.67361396 18.19966586 -17.22027201
v -10.92361396 18.19966586 -17.65328471
v -11.41852577 17.90848484 -17.36754724
v -11.29126653 17.70623059 -17.44102040
v -10.85670982 17.96190173 -17.69191183
v -10.60670982 17.96190173 -17.25889913
v -11.04126653 17.70623059 -17.00800770
v -11.04126653 17.70623059 -17.00800770
v -10.60670982 17.96190173 -17.25889913
v -10.67361396 18.19966586 -17.22027201
v -11.16852577 17.90848484 -16.93453454
v -11.41852577 17.90848484 -17.36754724
v -10.92361396 18.19966586 -17.65328471
v -10.85670982 17.96190173 -17.69191183
v -11.29126653 17.70623059 -17.44102040
v -10.67361396 18.19966586 -17.22027201
v -10.12500000 18.30000000 -17.53701443
v -10.37500000 18.30000000 -17.97002713
v -10.92361396 18.19966586 -17.65328471
v -10.85670982 17.96190173 -17.69191183
v -10.37500000 18.05000000 -17.97002713
v -10.12500000 18.05000000 -17.53701443
v -10.60670982 17.96190173 -17.25889913
v -10.60670982 17.96190173 -17.25889913
v -10.12500000 18.05000000 -17.53701443
v -10.12500000 18.30000000 -17.53701443
v -10.67361396 18.19966586 -17.22027201
v -10.92361396 18.19966586 -17.65328471
v -10.37500000 18.30000000 -17.97002713
v -10.37500000 18.05000000 -17.97002713
v -10.85670982 17.96190173 -17.69191183
v -10.12500000 18.30000000 -17.53701443
v -9.57638604 18.19966586 -17.85375685
v -9.82638604 18.19966586 -18.28676955
v -10.37500000 18.30000000 -17.97002713
v -10.37500000 18.05000000 -17.97002713
v -9.89329018 17.96190173 -18.24814242
v -9.64329018 17.96190173 -17.81512972
v -10.12500000 18.05000000 -17.53701443
v -10.12500000 18.05000000 -17.53701443
v -9.64329018 17.96190173 -17.81512972
v -9.57638604 18.19966586 -17.85375685
v -10.12500000 18.30000000 -17.53701443
v -10.37500000 18.30000000 -17.97002713
v -9.82638604 18.19966586 -18.28676955
v -9.89329018 17.96190173 -18.24814242
v -10.37500000 18.05000000 -17.97002713
v -9.57638604 18.19966586 -17.85375685
v -9.08147423 17.90848484 -18.13949431
v -9.33147423 17.90848484 -18.57250701
v -9.82638604 18.19966586 -18.28676955
v -9.89329018 17.96190173 -18.24814242
v -9.45873347 17.70623059 -18.49903386
v -9.20873347 17.70623059 -18.06602115
v -9.64329018 17.96190173 -17.81512972
v -9.64329018 17.96190173 -17.81512972
v -9.20873347 17.70623059 -18.06602115
v -9.08147423 17.90848484 -18.13949431
v -9.57638604 18.19966586 -17.85375685
v -9.82638604 18.19966586 -18.28676955
v -9.33147423 17.90848484 -18.57250701
v -9.45873347 17.70623059 -18.49903386
v -9.89329018 17.96190173 -18.24814242
v -9.08147423 17.90848484 -18.13949431
v -8.68871000 17.45495977 -18.36625685
v -8.93871000 17.45495977 -18.79926955
v -9.33147423 17.90848484 -18.57250701
v -9.45873347 17.70623059 -18.49903386
v -9.11386732 17.30801345 -18.69814242
v -8.86386732 17.30801345 -18.26512972
v -9.20873347 17.70623059 -18.06602115
v -9.20873347 17.70623059 -18.06602115
v -8.86386732 17.30801345 -18.26512972
v -8.68871000 17.45495977 -18.36625685
v -9.08147423 17.90848484 -18.13949431
v -9.33147423 17.90848484 -18.57250701
v -8.93871000 17.45495977 -18.79926955
v -9.11386732 17.30801345 -18.69814242
v -9.45873347 17.70623059 -18.49903386
v -8.68871000 17.45495977 -18.36625685
v -8.43653984 16.88348484 -18.51184736
v -8.68653984 16.88348484 -18.94486006
v -8.93871000 17.45495977 -18.79926955
v -9.11386732 17.30801345 -18.69814242
v -8.89244961 16.80623059 -18.82597799
v -8.64244961 16.80623059 -18.39296529
v -8.86386732 17.30801345 -18.26512972
v -8.86386732 17.30801345 -18.26512972
v -8.64244961 16.80623059 -18.39296529
v -8.43653984 16.88348484 -18.51184736
v -8.68871000 17.45495977 -18.36625685
v -8.93871000 17.45495977 -18.79926955
v -8.68653984 16.88348484 -18.94486006
v -8.89244961 16.80623059 -18.82597799
v -9.11386732 17.30801345 -18.69814242
v -8.43653984 16.88348484 -18.51184736
v -8.34964792 16.25000000 -18.56201443
v -8.59964792 16.25000000 -18.99502713
v -8.68653984 16.88348484 -18.94486006
v -8.89244961 16.80623059 -18.82597799
v -8.81615427 16.25000000 -18.87002713
v -8.56615427 16.25000000 -18.43701443
v -8.64244961 16.80623059 -18.39296529
v -8.64244961 16.80623059 -18.39296529
v -8.56615427 16.25000000 -18.43701443
v -8.34964792 16.25000000 -18.56201443
v -8.43653984 16.88348484 -18.51184736
v -8.68653984 16.88348484 -18.94486006
v -8.59964792 16.25000000 -18.99502713
v -8.81615427 16.25000000 -18.87002713
v -8.89244961 16.80623059 -18.82597799
v -8.34964792 16.25000000 -18.56201443
v -8.43653984 15.61651516 -18.51184736
v -8.68653984 15.61651516 -18.94486006
v -8.59964792 16.25000000 -18.99502713
v -8.81615427 16.25000000 -18.87002713
v -8.89244961 15.69376941 -18.82597799
v -8.64244961 15.69376941 -18.39296529
v -8.56615427 16.25000000 -18.43701443
v -8.56615427 16.25000000 -18.43701443
v -8.64244961 15.69376941 -18.39296529
v -8.43653984 15.61651516 -18.51184736
v -8.34964792 16.25000000 -18.56201443
v -8.59964792 16.25000000 -18.99502713
v -8.68653984 15.61651516 -18.94486006
v -8.89244961 15.69376941 -18.82597799
v -8.81615427 16.25000000 -18.87002713
v -8.43653984 15.61651516 -18.51184736
v -8.68871000 15.04504023 -18.36625685
v -8.93871000 15.04504023 -18.79926955
v -8.68653984 15.61651516 -18.94486006
v -8.89244961 15.69376941 -18.82597799
v -9.11386732 15.19198655 -18.69814242
v -8.86386732 15.19198655 -18.26512972
v -8.64244961 15.69376941 -18.39296529
v -8.64244961 15.69376941 -18.39296529
v -8.86386732 15.19198655 -18.26512972
v -8.68871000 15.04504023 -18.36625685
v -8.43653984 15.61651516 -18.51184736
v -8.68653984 15.61651516 -18.94486006
v -8.93871000 15.04504023 -18.79926955
v -9.11386732 15.19198655 -18.69814242
v -8.89244961 15.69376941 -18.82597799
v -8.68871000 15.04504023 -18.36625685
v -9.08147423 14.59151516 -18.13949431
v -9.33147423 14.59151516 -18.57250701
v -8.93871000 15.04504023 -18.79926955
v -9.11386732 15.19198655 -18.69814242
v -9.45873347 14.79376941 -18.49903386
v -9.20873347 14.79376941 -18.06602115
v -8.86386732 15.19198655 -18.26512972
v -8.86386732 15.19198655 -18.26512972
v -9.20873347 14.79376941 -18.06602115
v -9.08147423 14.59151516 -18.13949431
v -8.68871000 15.04504023 -18.36625685
v -8.93871000 15.04504023 -18.79926955
v -9.33147423 14.59151516 -18.57250701
v -9.45873347 14.79376941 -18.49903386
v -9.11386732 15.19198655 -18.69814242
v -9.08147423 14.59151516 -18.13949431
v -9.57638604 14.30033414 -17.85375685
v -9.82638604 14.30033414 -18.28676955
v -9.33147423 14.59151516 -18.57250701
v -9.45873347 14.79376941 -18.49903386
v -9.89329018 14.53809827 -18.24814242
v -9.64329018 14.53809827 -17.81512972
v -9.20873347 14.79376941 -18.06602115
v -9.20873347 14.79376941 -18.06602115
v -9.64329018 14.53809827 -17.81512972
v -9.57638604 14.30033414 -17.85375685
v -9.08147423 14.59151516 -18.13949431
v -9.33147423 14.59151516 -18.57250701
v -9.82638604 14.30033414 -18.28676955
v -9.89329018 14.53809827 -18.24814242
v -9.45873347 14.79376941 -18.49903386
v -9.57638604 14.30033414 -17.85375685
v -10.12500000 14.20000000 -17.53701443
v -10.37500000 14.20000000 -17.97002713
v -9.82638604 14.30033414 -18.28676955
v -9.89329018 14.53809827 -18.24814242
v -10.37500000 14.45000000 -17.97002713
v -10.12500000 14.45000000 -17.53701443
v -9.64329018 14.53809827 -17.81512972
v -9.64329018 14.53809827 -17.81512972
v -10.12500000 14.45000000 -17.53701443
v -10.12500000 14.20000000 -17.53701443
v -9.57638604 14.30033414 -17.85375685
v -9.82638604 14.30033414 -18.28676955
v -10.37500000 14.20000000 -17.97002713
v -10.37500000 14.45000000 -17.97002713
v -9.89329018 14.53809827 -18.24814242
v -10.12500000 14.20000000 -17.53701443
v -10.67361396 14.30033414 -17.22027201
v -10.92361396 14.30033414 -17.65328471
v -10.37500000 14.20000000 -17.97002713
v -10.37500000 14.45000000 -17.97002713
v -10.85670982 14.53809827 -17.69191183
v -10.60670982 14.53809827 -17.25889913
v -10.12500000 14.45000000 -17.53701443
v -10.12500000 14.45000000 -17.53701443
v -10.60670982 14.53809827 -17.25889913
v -10.67361396 14.30033414 -17.22027201
v -10.12500000 14.20000000 -17.53701443
v -10.37500000 14.20000000 -17.97002713
v -10.92361396 14.30033414 -17.65328471
v -10.85670982 14.53809827 -17.69191183
v -10.37500000 14.45000000 -17.97002713
v -10.67361396 14.30033414 -17.22027201
v -11.16852577 14.59151516 -16.93453454
v -11.41852577 14.59151516 -17.36754724
v -10.92361396 14.30033414 -17.65328471
v -10.85670982 14.53809827 -17.69191183
v -11.29126653 14.79376941 -17.44102040
v -11.04126653 14.79376941 -17.00800770
v -10.60670982 14.53809827 -17.25889913
v -10.60670982 14.53809827 -17.25889913
v -11.04126653 14.79376941 -17.00800770
v -11.16852577 14.59151516 -16.93453454
v -10.67361396 14.30033414 -17.22027201
v -10.92361396 14.30033414 -17.65328471
v -11.41852577 14.59151516 -17.36754724
v -11.29126653 14.79376941 -17.44102040
v -10.85670982 14.53809827 -17.69191183
v -11.16852577 14.59151516 -16.93453454
v -11.56129000 15.04504023 -16.70777201
v -11.81129000 15.04504023 -17.14078471
v -11.41852577 14.59151516 -17.36754724
v -11.29126653 14.79376941 -17.44102040
v -11.63613268 15.19198655 -17.24191183
v -11.38613268 15.19198655 -16.80889913
v -11.04126653 14.79376941 -17.00800770
v -11.04126653 14.79376941 -17.00800770
v -11.38613268 15.19198655 -16.80889913
v -11.56129000 15.04504023 -16.70777201
v -11.16852577 14.59151516 -16.93453454
v -11.41852577 14.59151516 -17.36754724
v -11.81129000 15.04504023 -17.14078471
v -11.63613268 15.19198655 -17.24191183
v -11.29126653 14.79376941 -17.44102040
v -11.56129000 15.04504023 -16.70777201
v -11.81346016 15.61651516 -16.56218150
v -12.06346016 15.61651516 -16.99519420
v -11.81129000 15.04504023 -17.14078471
v -11.63613268 15.19198655 -17.24191183
v -11.85755039 15.69376941 -17.11407626
v -11.60755039 15.69376941 -16.68106356
v -11.38613268 15.19198655 -16.80889913
v -11.38613268 15.19198655 -16.80889913
v -11.60755039 15.69376941 -16.68106356
v -11.81346016 15.61651516 -16.56218150
v -11.56129000 15.04504023 -16.70777201
v -11.81129000 15.04504023 -17.14078471
v -12.06346016 15.61651516 -16.99519420
v -11.85755039 15.69376941 -17.11407626
v -11.63613268 15.19198655 -17.24191183
v -11.81346016 15.61651516 -16.56218150
v -11.90035208 16.25000000 -16.51201443
v -12.15035208 16.25000000 -16.94502713
v -12.06346016 15.61651516 -16.99519420
v -11.85755039 15.69376941 -17.11407626
v -11.93384573 16.25000000 -17.07002713
v -11.68384573 16.25000000 -16.63701443
v -11.60755039 15.69376941 -16.68106356
v -11.60755039 15.69376941 -16.68106356
v -11.68384573 16.25000000 -16.63701443
v -11.90035208 16.25000000 -16.51201443
v -11.81346016 15.61651516 -16.56218150
v -12.06346016 15.61651516 -16.99519420
v -12.15035208 16.25000000 -16.94502713
v -11.93384573 16.25000000 -17.07002713
v -11.85755039 15.69376941 -17.11407626
v 6.25120237 16.25000000 -14.57740011
v 6.33067668 16.82940686 -14.53151559
v 9.08067668 16.82940686 -19.29465531
v 9.00120237 16.25000000 -19.34053983
v 9.06615427 16.25000000 -19.30303983
v 9.14244961 16.80623059 -19.25899070
v 6.39244961 16.80623059 -14.49585097
v 6.31615427 16.25000000 -14.53990011
v 6.31615427 16.25000000 -14.53990011
v 6.39244961 16.80623059 -14.49585097
v 6.33067668 16.82940686 -14.53151559
v 6.25120237 16.25000000 -14.57740011
v 9.00120237 16.25000000 -19.34053983
v 9.08067668 16.82940686 -19.29465531
v 9.14244961 16.80623059 -19.25899070
v 9.06615427 16.25000000 -19.30303983
v 6.33067668 16.82940686 -14.53151559
v 6.56132012 17.35209735 -14.39835354
v 9.31132012 17.35209735 -19.16149326
v 9.08067668 16.82940686 -19.29465531
v 9.14244961 16.80623059 -19.25899070
v 9.36386732 17.30801345 -19.13115513
v 6.61386732 17.30801345 -14.36801540
v 6.39244961 16.80623059 -14.49585097
v 6.39244961 16.80623059 -14.49585097
v 6.61386732 17.30801345 -14.36801540
v 6.56132012 17.35209735 -14.39835354
v 6.33067668 16.82940686 -14.53151559
v 9.08067668 16.82940686 -19.29465531
v 9.31132012 17.35209735 -19.16149326
v 9.36386732 17.30801345 -19.13115513
v 9.14244961 16.80623059 -19.25899070
v 6.56132012 17.35209735 -14.39835354
v 6.92055570 17.76690686 -14.19094878
v 9.67055570 17.76690686 -18.95408850
v 9.31132012 17.35209735 -19.16149326
v 9.36386732 17.30801345 -19.13115513
v 9.70873347 17.70623059 -18.93204656
v 6.95873347 17.70623059 -14.16890684
v 6.61386732 17.30801345 -14.36801540
v 6.61386732 17.30801345 -14.36801540
v 6.95873347 17.70623059 -14.16890684
v 6.92055570 17.76690686 -14.19094878
v 6.56132012 17.35209735 -14.39835354
v 9.31132012 17.35209735 -19.16149326
v 9.67055570 17.76690686 -18.95408850
v 9.70873347 17.70623059 -18.93204656
v 9.36386732 17.30801345 -19.13115513
v 6.92055570 17.76690686 -14.19094878
v 7.37321894 18.03323097 -13.92960354
v 10.12321894 18.03323097 -18.69274326
v 9.67055570 17.76690686 -18.95408850
v 9.70873347 17.70623059 -18.93204656
v 10.14329018 17.96190173 -18.68115513
v 7.39329018 17.96190173 -13.91801540
v 6.95873347 17.70623059 -14.16890684
v 6.95873347 17.70623059 -14.16890684
v 7.39329018 17.96190173 -13.91801540
v 7.37321894 18.03323097 -13.92960354
v 6.92055570 17.76690686 -14.19094878
v 9.67055570 17.76690686 -18.95408850
v 10.12321894 18.03323097 -18.69274326
v 10.14329018 17.96190173 -18.68115513
v 9.70873347 17.70623059 -18.93204656
v 7.37321894 18.03323097 -13.92960354
v 7.87500000 18.12500000 -13.63990011
v 10.62500000 18.12500000 -18.40303983
v 10.12321894 18.03323097 -18.69274326
v 10.14329018 17.96190173 -18.68115513
v 10.62500000 18.05000000 -18.40303983
v 7.87500000 18.05000000 -13.63990011
v 7.39329018 17.96190173 -13.91801540
v 7.39329018 17.96190173 -13.91801540
v 7.87500000 18.05000000 -13.63990011
v 7.87500000 18.12500000 -13.63990011
v 7.37321894 18.03323097 -13.92960354
v 10.12321894 18.03323097 -18.69274326
v 10.62500000 18.12500000 -18.40303983
v 10.62500000 18.05000000 -18.40303983
v 10.14329018 17.96190173 -18.68115513
v 7.87500000 18.12500000 -13.63990011
v 8.37678106 18.03323097 -13.35019668
v 11.12678106 18.03323097 -18.11333640
v 10.62500000 18.12500000 -18.40303983
v 10.62500000 18.05000000 -18.40303983
v 11.10670982 17.96190173 -18.12492454
v 8.35670982 17.96190173 -13.36178481
v 7.87500000 18.05000000 -13.63990011
v 7.87500000 18.05000000 -13.63990011
v 8.35670982 17.96190173 -13.36178481
v 8.37678106 18.03323097 -13.35019668
v 7.87500000 18.12500000 -13.63990011
v 10.62500000 18.12500000 -18.40303983
v 11.12678106 18.03323097 -18.11333640
v 11.10670982 17.96190173 -18.12492454
v 10.62500000 18.05000000 -18.40303983
v 8.37678106 18.03323097 -13.35019668
v 8.82944430 17.76690686 -13.08885144
v 11.57944430 17.76690686 -17.85199116
v 11.12678106 18.03323097 -18.11333640
v 11.10670982 17.96190173 -18.12492454
v 11.54126653 17.70623059 -17.87403310
v 8.79126653 17.70623059 -13.11089338
v 8.35670982 17.96190173 -13.36178481
v 8.35670982 17.96190173 -13.36178481
v 8.79126653 17.70623059 -13.11089338
v 8.82944430 17.76690686 -13.08885144
v 8.37678106 18.03323097 -13.35019668
v 11.12678106 18.03323097 -18.11333640
v 11.57944430 17.76690686 -17.85199116
v 11.54126653 17.70623059 -17.87403310
v 11.10670982 17.96190173 -18.12492454
v 8.82944430 17.76690686 -13.08885144
v 9.18867988 17.35209735 -12.88144668
v 11.93867988 17.35209735 -17.64458640
v 11.57944430 17.76690686 -17.85199116
v 11.54126653 17.70623059 -17.87403310
v 11.88613268 17.30801345 -17.67492454
v 9.13613268 17.30801345 -12.91178481
v 8.79126653 17.70623059 -13.11089338
v 8.79126653 17.70623059 -13.11089338
v 9.13613268 17.30801345 -12.91178481
v 9.18867988 17.35209735 -12.88144668
v 8.82944430 17.76690686 -13.08885144
v 11.57944430 17.76690686 -17.85199116
v 11.93867988 17.35209735 -17.64458640
v 11.88613268 17.30801345 -17.67492454
v 11.54126653 17.70623059 -17.87403310
v 9.18867988 17.35209735 -12.88144668
v 9.41932332 16.82940686 -12.74828463
v 12.16932332 16.82940686 -17.51142435
v 11.93867988 17.35209735 -17.64458640
v 11.88613268 17.30801345 -17.67492454
v 12.10755039 16.80623059 -17.54708897
v 9.35755039 16.80623059 -12.78394924
v 9.13613268 17.30801345 -12.91178481
v 9.13613268 17.30801345 -12.91178481
v 9.35755039 16.80623059 -12.78394924
v 9.41932332 16.82940686 -12.74828463
v 9.18867988 17.35209735 -12.88144668
v 11.93867988 17.35209735 -17.64458640
v 12.16932332 16.82940686 -17.51142435
v 12.10755039 16.80623059 -17.54708897
v 11.88613268 17.30801345 -17.67492454
v 9.41932332 16.82940686 -12.74828463
v 9.49879763 16.25000000 -12.70240011
v 12.24879763 16.25000000 -17.46553983
v 12.16932332 16.82940686 -17.51142435
v 12.10755039 16.80623059 -17.54708897
v 12.18384573 16.25000000 -17.50303983
v 9.43384573 16.25000000 -12.73990011
v 9.35755039 16.80623059 -12.78394924
v 9.35755039 16.80623059 -12.78394924
v 9.43384573 16.25000000 -12.73990011
v 9.49879763 16.25000000 -12.70240011
v 9.41932332 16.82940686 -12.74828463
v 12.16932332 16.82940686 -17.51142435
v 12.24879763 16.25000000 -17.46553983
v 12.18384573 16.25000000 -17.50303983
v 12.10755039 16.80623059 -17.54708897
v 9.49879763 16.25000000 -12.70240011
v 9.41932332 15.67059314 -12.74828463
v 12.16932332 15.67059314 -17.51142435
v 12.24879763 16.25000000 -17.46553983
v 12.18384573 16.25000000 -17.50303983
v 12.10755039 15.69376941 -17.54708897
v 9.35755039 15.69376941 -12.78394924
v 9.43384573 16.25000000 -12.73990011
v 9.43384573 16.25000000 -12.73990011
v 9.35755039 15.69376941 -12.78394924
v 9.41932332 15.67059314 -12.74828463
v 9.49879763 16.25000000 -12.70240011
v 12.24879763 16.25000000 -17.46553983
v 12.16932332 15.67059314 -17.51142435
v 12.10755039 15.69376941 -17.54708897
v 12.18384573 16.25000000 -17.50303983
v 9.41932332 15.67059314 -12.74828463
v 9.18867988 15.14790265 -12.88144668
v 11.93867988 15.14790265 -17.64458640
v 12.16932332 15.67059314 -17.51142435
v 12.10755039 15.69376941 -17.54708897
v 11.88613268 15.19198655 -17.67492454
v 9.13613268 15.19198655 -12.91178481
v 9.35755039 15.69376941 -12.78394924
v 9.35755039 15.69376941 -12.78394924
v 9.13613268 15.19198655 -12.91178481
v 9.18867988 15.14790265 -12.88144668
v 9.41932332 15.67059314 -12.74828463
v 12.16932332 15.67059314 -17.51142435
v 11.93867988 15.14790265 -17.64458640
v 11.88613268 15.19198655 -17.67492454
v 12.10755039 15.69376941 -17.54708897
v 9.18867988 15.14790265 -12.88144668
v 8.82944430 14.73309314 -13.08885144
v 11.57944430 14.73309314 -17.85199116
v 11.93867988 15.14790265 -17.64458640
v 11.88613268 15.19198655 -17.67492454
v 11.54126653 14.79376941 -17.87403310
v 8.79126653 14.79376941 -13.11089338
v 9.13613268 15.19198655 -12.91178481
v 9.13613268 15.19198655 -12.91178481
v 8.79126653 14.79376941 -13.11089338
v 8.82944430 14.73309314 -13.08885144
v 9.18867988 15.14790265 -12.88144668
v 11.93867988 15.14790265 -17.64458640
v 11.57944430 14.73309314 -17.85199116
v 11.54126653 14.79376941 -17.87403310
v 11.88613268 15.19198655 -17.67492454
v 8.82944430 14.73309314 -13.08885144
v 8.37678106 14.46676903 -13.35019668
v 11.12678106 14.46676903 -18.11333640
v 11.57944430 14.73309314 -17.85199116
v 11.54126653 14.79376941 -17.87403310
v 11.10670982 14.53809827 -18.12492454
v 8.35670982 14.53809827 -13.36178481
v 8.79126653 14.79376941 -13.11089338
v 8.79126653 14.79376941 -13.11089338
v 8.35670982 14.53809827 -13.36178481
v 8.37678106 14.46676903 -13.35019668
v 8.82944430 14.73309314 -13.08885144
v 11.57944430 14.73309314 -17.85199116
v 11.12678106 14.46676903 -18.11333640
v 11.10670982 14.53809827 -18.12492454
v 11.54126653 14.79376941 -17.87403310
v 8.37678106 14.46676903 -13.35019668
v 7.87500000 14.37500000 -13.63990011
v 10.62500000 14.37500000 -18.40303983
v 11.12678106 14.46676903 -18.11333640
v 11.10670982 14.53809827 -18.12492454
v 10.62500000 14.45000000 -18.40303983
v 7.87500000 14.45000000 -13.63990011
v 8.35670982 14.53809827 -13.36178481
v 8.35670982 14.53809827 -13.36178481
v 7.87500000 14.45000000 -13.63990011
v 7.87500000 14.37500000 -13.63990011
v 8.37678106 14.46676903 -13.35019668
v 11.12678106 14.46676903 -18.11333640
v 10.62500000 14.37500000 -18.40303983
v 10.62500000 14.45000000 -18.40303983
v 11.10670982 14.53809827 -18.12492454
v 7.87500000 14.37500000 -13.63990011
v 7.37321894 14.46676903 -13.92960354
v 10.12321894 14.46676903 -18.69274326
v 10.62500000 14.37500000 -18.40303983
v 10.62500000 14.45000000 -18.40303983
v 10.14329018 14.53809827 -18.68115513
v 7.39329018 14.53809827 -13.91801540
v 7.87500000 14.45000000 -13.63990011
v 7.87500000 14.45000000 -13.63990011
v 7.39329018 14.53809827 -13.91801540
v 7.37321894 14.46676903 -13.92960354
v 7.87500000 14.37500000 -13.63990011
v 10.62500000 14.37500000 -18.40303983
v 10.12321894 14.46676903 -18.69274326
v 10.14329018 14.53809827 -18.68115513
v 10.62500000 14.45000000 -18.40303983
v 7.37321894 14.46676903 -13.92960354
v 6.92055570 14.73309314 -14.19094878
v 9.67055570 14.73309314 -18.95408850
v 10.12321894 14.46676903 -18.69274326
v 10.14329018 14.53809827 -18.68115513
v 9.70873347 14.79376941 -18.93204656
v 6.95873347 14.79376941 -14.16890684
v 7.39329018 14.53809827 -13.91801540
v 7.39329018 14.53809827 -13.91801540
v 6.95873347 14.79376941 -14.16890684
v 6.92055570 14.73309314 -14.19094878
v 7.37321894 14.46676903 -13.92960354
v 10.12321894 14.46676903 -18.69274326
v 9.67055570 14.73309314 -18.95408850
v 9.70873347 14.79376941 -18.93204656
v 10.14329018 14.53809827 -18.68115513
v 6.92055570 14.73309314 -14.19094878
v 6.56132012 15.14790265 -14.39835354
v 9.31132012 15.14790265 -19.16149326
v 9.67055570 14.73309314 -18.95408850
v 9.70873347 14.79376941 -18.93204656
v 9.36386732 15.19198655 -19.13115513
v 6.61386732 15.19198655 -14.36801540
v 6.95873347 14.79376941 -14.16890684
v 6.95873347 14.79376941 -14.16890684
v 6.61386732 15.19198655 -14.36801540
v 6.56132012 15.14790265 -14.39835354
v 6.92055570 14.73309314 -14.19094878
v 9.67055570 14.73309314 -18.95408850
v 9.31132012 15.14790265 -19.16149326
v 9.36386732 15.19198655 -19.13115513
v 9.70873347 14.79376941 -18.93204656
v 6.56132012 15.14790265 -14.39835354
v 6.33067668 15.67059314 -14.53151559
v 9.08067668 15.67059314 -19.29465531
v 9.31132012 15.14790265 -19.16149326
v 9.36386732 15.19198655 -19.13115513
v 9.14244961 15.69376941 -19.25899070
v 6.39244961 15.69376941 -14.49585097
v 6.61386732 15.19198655 -14.36801540
v 6.61386732 15.19198655 -14.36801540
v 6.39244961 15.69376941 -14.49585097
v 6.33067668 15.67059314 -14.53151559
v 6.56132012 15.14790265 -14.39835354
v 9.31132012 15.14790265 -19.16149326
v 9.08067668 15.67059314 -19.29465531
v 9.14244961 15.69376941 -19.25899070
v 9.36386732 15.19198655 -19.13115513
v 6.33067668 15.67059314 -14.53151559
v 6.25120237 16.25000000 -14.57740011
v 9.00120237 16.25000000 -19.34053983
v 9.08067668 15.67059314 -19.29465531
v 9.14244961 15.69376941 -19.25899070
v 9.06615427 16.25000000 -19.30303983
v 6.31615427 16.25000000 -14.53990011
v 6.39244961 15.69376941 -14.49585097
v 6.39244961 15.69376941 -14.49585097
v 6.31615427 16.25000000 -14.53990011
v 6.25120237 16.25000000 -14.57740011
v 6.33067668 15.67059314 -14.53151559
v 9.08067668 15.67059314 -19.29465531
v 9.00120237 16.25000000 -19.34053983
v 9.06615427 16.25000000 -19.30303983
v 9.14244961 15.69376941 -19.25899070
v 8.34964792 16.25000000 -18.56201443
v 8.43653984 16.88348484 -18.51184736
v 8.68653984 16.88348484 -18.94486006
v 8.59964792 16.25000000 -18.99502713
v 8.81615427 16.25000000 -18.87002713
v 8.89244961 16.80623059 -18.82597799
v 8.64244961 16.80623059 -18.39296529
v 8.56615427 16.25000000 -18.43701443
v 8.56615427 16.25000000 -18.43701443
v 8.64244961 16.80623059 -18.39296529
v 8.43653984 16.88348484 -18.51184736
v 8.34964792 16.25000000 -18.56201443
v 8.59964792 16.25000000 -18.99502713
v 8.68653984 16.88348484 -18.94486006
v 8.89244961 16.80623059 -18.82597799
v 8.81615427 16.25000000 -18.87002713
v 8.43653984 16.88348484 -18.51184736
v 8.68871000 17.45495977 -18.36625685
v 8.93871000 17.45495977 -18.79926955
v 8.68653984 16.88348484 -18.94486006
v 8.89244961 16.80623059 -18.82597799
v 9.11386732 17.30801345 -18.69814242
v 8.86386732 17.30801345 -18.26512972
v 8.64244961 16.80623059 -18.39296529
v 8.64244961 16.80623059 -18.39296529
v 8.86386732 17.30801345 -18.26512972
v 8.68871000 17.45495977 -18.36625685
v 8.43653984 16.88348484 -18.51184736
v 8.68653984 16.88348484 -18.94486006
v 8.93871000 17.45495977 -18.79926955
v 9.11386732 17.30801345 -18.69814242
v 8.89244961 16.80623059 -18.82597799
v 8.68871000 17.45495977 -18.36625685
v 9.08147423 17.90848484 -18.13949431
v 9.33147423 17.90848484 -18.57250701
v 8.93871000 17.45495977 -18.79926955
v 9.11386732 17.30801345 -18.69814242
v 9.45873347 17.70623059 -18.49903386
v 9.20873347 17.70623059 -18.06602115
v 8.86386732 17.30801345 -18.26512972
v 8.86386732 17.30801345 -18.26512972
v 9.20873347 17.70623059 -18.06602115
v 9.08147423 17.90848484 -18.13949431
v 8.68871000 17.45495977 -18.36625685
v 8.93871000 17.45495977 -18.79926955
v 9.33147423 17.90848484 -18.57250701
v 9.45873347 17.70623059 -18.49903386
v 9.11386732 17.30801345 -18.69814242
v 9.08147423 17.90848484 -18.13949431
v 9.57638604 18.19966586 -17.85375685
v 9.82638604 18.19966586 -18.28676955
v 9.33147423 17.90848484 -18.57250701
v 9.45873347 17.70623059 -18.49903386
v 9.89329018 17.96190173 -18.24814242
v 9.64329018 17.96190173 -17.81512972
v 9.20873347 17.70623059 -18.06602115
v 9.20873347 17.70623059 -18.06602115
v 9.64329018 17.96190173 -17.81512972
v 9.57638604 18.19966586 -17.85375685
v 9.08147423 17.90848484 -18.13949431
v 9.33147423 17.90848484 -18.57250701
v 9.82638604 18.19966586 -18.28676955
v 9.89329018 17.96190173 -18.24814242
v 9.45873347 17.70623059 -18.49903386
v 9.57638604 18.19966586 -17.85375685
v 10.12500000 18.30000000 -17.53701443
v 10.37500000 18.30000000 -17.97002713
v 9.82638604 18.19966586 -18.28676955
v 9.89329018 17.96190173 -18.24814242
v 10.37500000 18.05000000 -17.97002713
v 10.12500000 18.05000000 -17.53701443
v 9.64329018 17.96190173 -17.81512972
v 9.64329018 17.96190173 -17.81512972
v 10.12500000 18.05000000 -17.53701443
v 10.12500000 18.30000000 -17.53701443
v 9.57638604 18.19966586 -17.85375685
v 9.82638604 18.19966586 -18.28676955
v 10.37500000 18.30000000 -17.97002713
v 10.37500000 18.05000000 -17.97002713
v 9.89329018 17.96190173 -18.24814242
v 10.12500000 18.30000000 -17.53701443
v 10.67361396 18.19966586 -17.22027201
v 10.92361396 18.19966586 -17.65328471
v 10.37500000 18.30000000 -17.97002713
v 10.37500000 18.05000000 -17.97002713
v 10.85670982 17.96190173 -17.69191183
v 10.60670982 17.96190173 -17.25889913
v 10.12500000 18.05000000 -17.53701443
v 10.12500000 18.05000000 -17.53701443
v 10.60670982 17.96190173 -17.25889913
v 10.67361396 18.19966586 -17.22027201
v 10.12500000 18.30000000 -17.53701443
v 10.37500000 18.30000000 -17.97002713
v 10.92361396 18.19966586 -17.65328471
v 10.85670982 17.96190173 -17.69191183
v 10.37500000 18.05000000 -17.97002713
v 10.67361396 18.19966586 -17.22027201
v 11.16852577 17.90848484 -16.93453454
v 11.41852577 17.90848484 -17.36754724
v 10.92361396 18.19966586 -17.65328471
v 10.85670982 17.96190173 -17.69191183
v 11.29126653 17.70623059 -17.44102040
v 11.04126653 17.70623059 -17.00800770
v 10.60670982 17.96190173 -17.25889913
v 10.60670982 17.96190173 -17.25889913
v 11.04126653 17.70623059 -17.00800770
v 11.16852577 17.90848484 -16.93453454
v 10.67361396 18.19966586 -17.22027201
v 10.92361396 18.19966586 -17.65328471
v 11.41852577 17.90848484 -17.36754724
v 11.29126653 17.70623059 -17.44102040
v 10.85670982 17.96190173 -17.69191183
v 11.16852577 17.90848484 -16.93453454
v 11.56129000 17.45495977 -16.70777201
v 11.81129000 17.45495977 -17.14078471
v 11.41852577 17.90848484 -17.36754724
v 11.29126653 17.70623059 -17.44102040
v 11.63613268 17.30801345 -17.24191183
v 11.38613268 17.30801345 -16.80889913
v 11.04126653 17.70623059 -17.00800770
v 11.04126653 17.70623059 -17.00800770
v 11.38613268 17.30801345 -16.80889913
v 11.56129000 17.45495977 -16.70777201
v 11.16852577 17.90848484 -16.93453454
v 11.41852577 17.90848484 -17.36754724
v 11.81129000 17.45495977 -17.14078471
v 11.63613268 17.30801345 -17.24191183
v 11.29126653 17.70623059 -17.44102040
v 11.56129000 17.45495977 -16.70777201
v 11.81346016 16.88348484 -16.56218150
v 12.06346016 16.88348484 -16.99519420
v 11.81129000 17.45495977 -17.14078471
v 11.63613268 17.30801345 -17.24191183
v 11.85755039 16.80623059 -17.11407626
v 11.60755039 16.80623059 -16.68106356
v 11.38613268 17.30801345 -16.80889913
v 11.38613268 17.30801345 -16.80889913
v 11.60755039 16.80623059 -16.68106356
v 11.81346016 16.88348484 -16.56218150
v 11.56129000 17.45495977 -16.70777201
v 11.81129000 17.45495977 -17.14078471
v 12.06346016 16.88348484 -16.99519420
v 11.85755039 16.80623059 -17.11407626
v 11.63613268 17.30801345 -17.24191183
v 11.81346016 16.88348484 -16.56218150
v 11.90035208 16.25000000 -16.51201443
v 12.15035208 16.25000000 -16.94502713
v 12.06346016 16.88348484 -16.99519420
v 11.85755039 16.80623059 -17.11407626
v 11.93384573 16.25000000 -17.07002713
v 11.68384573 16.25000000 -16.63701443
v 11.60755039 16.80623059 -16.68106356
v 11.60755039 16.80623059 -16.68106356
v 11.68384573 16.25000000 -16.63701443
v 11.90035208 16.25000000 -16.51201443
v 11.81346016 16.88348484 -16.56218150
v 12.06346016 16.88348484 -16.99519420
v 12.15035208 16.25000000 -16.94502713
v 11.93384573 16.25000000 -17.07002713
v 11.85755039 16.80623059 -17.11407626
v 11.90035208 16.25000000 -16.51201443
v 11.81346016 15.61651516 -16.56218150
v 12.06346016 15.61651516 -16.99519420
v 12.15035208 16.25000000 -16.94502713
v 11.93384573 16.25000000 -17.07002713
v 11.85755039 15.69376941 -17.11407626
v 11.60755039 15.69376941 -16.68106356
v 11.68384573 16.25000000 -16.63701443
v 11.68384573 16.25000000 -16.63701443
v 11.60755039 15.69376941 -16.68106356
v 11.81346016 15.61651516 -16.56218150
v 11.90035208 16.25000000 -16.51201443
v 12.15035208 16.25000000 -16.94502713
v 12.06346016 15.61651516 -16.99519420
v 11.85755039 15.69376941 -17.11407626
v 11.93384573 16.25000000 -17.07002713
v 11.81346016 15.61651516 -16.56218150
v 11.56129000 15.04504023 -16.70777201
v 11.81129000 15.04504023 -17.14078471
v 12.06346016 15.61651516 -16.99519420
v 11.85755039 15.69376941 -17.11407626
v 11.63613268 15.19198655 -17.24191183
v 11.38613268 15.19198655 -16.80889913
v 11.60755039 15.69376941 -16.68106356
v 11.60755039 15.69376941 -16.68106356
v 11.38613268 15.19198655 -16.80889913
v 11.56129000 15.04504023 -16.70777201
v 11.81346016 15.61651516 -16.56218150
v 12.06346016 15.61651516 -16.99519420
v 11.81129000 15.04504023 -17.14078471
v 11.63613268 15.19198655 -17.24191183
v 11.85755039 15.69376941 -17.11407626
v 11.56129000 15.04504023 -16.70777201
v 11.16852577 14.59151516 -16.93453454
v 11.41852577 14.59151516 -17.36754724
v 11.81129000 15.04504023 -17.14078471
v 11.63613268 15.19198655 -17.24191183
v 11.29126653 14.79376941 -17.44102040
v 11.04126653 14.79376941 -17.00800770
v 11.38613268 15.19198655 -16.80889913
v 11.38613268 15.19198655 -16.80889913
v 11.04126653 14.79376941 -17.00800770
v 11.16852577 14.59151516 -16.93453454
v 11.56129000 15.04504023 -16.70777201
v 11.81129000 15.04504023 -17.14078471
v 11.41852577 14.59151516 -17.36754724
v 11.29126653 14.79376941 -17.44102040
v 11.63613268 15.19198655 -17.24191183
v 11.16852577 14.59151516 -16.93453454
v 10.67361396 14.30033414 -17.22027201
v 10.92361396 14.30033414 -17.65328471
v 11.41852577 14.59151516 -17.36754724
v 11.29126653 14.79376941 -17.44102040
v 10.85670982 14.53809827 -17.69191183
v 10.60670982 14.53809827 -17.25889913
v 11.04126653 14.79376941 -17.00800770
v 11.04126653 14.79376941 -17.00800770
v 10.60670982 14.53809827 -17.25889913
v 10.67361396 14.30033414 -17.22027201
v 11.16852577 14.59151516 -16.93453454
v 11.41852577 14.59151516 -17.36754724
v 10.92361396 14.30033414 -17.65328471
v 10.85670982 14.53809827 -17.69191183
v 11.29126653 14.79376941 -17.44102040
v 10.67361396 14.30033414 -17.22027201
v 10.12500000 14.20000000 -17.53701443
v 10.37500000 14.20000000 -17.97002713
v 10.92361396 14.30033414 -17.65328471
v 10.85670982 14.53809827 -17.69191183
v 10.37500000 14.45000000 -17.97002713
v 10.12500000 14.45000000 -17.53701443
v 10.60670982 14.53809827 -17.25889913
v 10.60670982 14.53809827 -17.25889913
v 10.12500000 14.45000000 -17.53701443
v 10.12500000 14.20000000 -17.53701443
v 10.67361396 14.30033414 -17.22027201
v 10.92361396 14.30033414 -17.65328471
v 10.37500000 14.20000000 -17.97002713
v 10.37500000 14.45000000 -17.97002713
v 10.85670982 14.53809827 -17.69191183
v 10.12500000 14.20000000 -17.53701443
v 9.57638604 14.30033414 -17.85375685
v 9.82638604 14.30033414 -18.28676955
v 10.37500000 14.20000000 -17.97002713
v 10.37500000 14.45000000 -17.97002713
v 9.89329018 14.53809827 -18.24814242
v 9.64329018 14.53809827 -17.81512972
v 10.12500000 14.45000000 -17.53701443
v 10.12500000 14.45000000 -17.53701443
v 9.64329018 14.53809827 -17.81512972
v 9.57638604 14.30033414 -17.85375685
v 10.12500000 14.20000000 -17.53701443
v 10.37500000 14.20000000 -17.97002713
v 9.82638604 14.30033414 -18.28676955
v 9.89329018 14.53809827 -18.24814242
v 10.37500000 14.45000000 -17.97002713
v 9.57638604 14.30033414 -17.85375685
v 9.08147423 14.59151516 -18.13949431
v 9.33147423 14.59151516 -18.57250701
v 9.82638604 14.30033414 -18.28676955
v 9.89329018 14.53809827 -18.24814242
v 9.45873347 14.79376941 -18.49903386
v 9.20873347 14.79376941 -18.06602115
v 9.64329018 14.53809827 -17.81512972
v 9.64329018 14.53809827 -17.81512972
v 9.20873347 14.79376941 -18.06602115
v 9.08147423 14.59151516 -18.13949431
v 9.57638604 14.30033414 -17.85375685
v 9.82638604 14.30033414 -18.28676955
v 9.33147423 14.59151516 -18.57250701
v 9.45873347 14.79376941 -18.49903386
v 9.89329018 14.53809827 -18.24814242
v 9.08147423 14.59151516 -18.13949431
v 8.68871000 15.04504023 -18.36625685
v 8.93871000 15.04504023 -18.79926955
v 9.33147423 14.59151516 -18.57250701
v 9.45873347 14.79376941 -18.49903386
v 9.11386732 15.19198655 -18.69814242
v 8.86386732 15.19198655 -18.26512972
v 9.20873347 14.79376941 -18.06602115
v 9.20873347 14.79376941 -18.06602115
v 8.86386732 15.19198655 -18.26512972
v 8.68871000 15.04504023 -18.36625685
v 9.08147423 14.59151516 -18.13949431
v 9.33147423 14.59151516 -18.57250701
v 8.93871000 15.04504023 -18.79926955
v 9.11386732 15.19198655 -18.69814242
v 9.45873347 14.79376941 -18.49903386
v 8.68871000 15.04504023 -18.36625685
v 8.43653984 15.61651516 -18.51184736
v 8.68653984 15.61651516 -18.94486006
v 8.93871000 15.04504023 -18.79926955
v 9.11386732 15.19198655 -18.69814242
v 8.89244961 15.69376941 -18.82597799
v 8.64244961 15.69376941 -18.39296529
v 8.86386732 15.19198655 -18.26512972
v 8.86386732 15.19198655 -18.26512972
v 8.64244961 15.69376941 -18.39296529
v 8.43653984 15.61651516 -18.51184736
v 8.68871000 15.04504023 -18.36625685
v 8.93871000 15.04504023 -18.79926955
v 8.68653984 15.61651516 -18.94486006
v 8.89244961 15.69376941 -18.82597799
v 9.11386732 15.19198655 -18.69814242
v 8.43653984 15.61651516 -18.51184736
v 8.34964792 16.25000000 -18.56201443
v 8.59964792 16.25000000 -18.99502713
v 8.68653984 15.61651516 -18.94486006
v 8.89244961 15.69376941 -18.82597799
v 8.81615427 16.25000000 -18.87002713
v 8.56615427 16.25000000 -18.43701443
v 8.64244961 15.69376941 -18.39296529
v 8.64244961 15.69376941 -18.39296529
v 8.56615427 16.25000000 -18.43701443
v 8.34964792 16.25000000 -18.56201443
v 8.43653984 15.61651516 -18.51184736
v 8.68653984 15.61651516 -18.94486006
v 8.59964792 16.25000000 -18.99502713
v 8.81615427 16.25000000 -18.87002713
v 8.89244961 15.69376941 -18.82597799
v 0.00000000 32.25000000 1.87500000
v 0.48528571 32.25000000 1.81111092
v 0.48528571 47.25000000 1.81111092
v 0.00000000 47.25000000 1.87500000
v 0.00000000 47.25000000 1.80000000
v 0.46587428 47.25000000 1.73866649
v 0.46587428 32.25000000 1.73866649
v 0.00000000 32.25000000 1.80000000
v 0.00000000 32.25000000 1.80000000
v 0.46587428 32.25000000 1.73866649
v 0.48528571 32.25000000 1.81111092
v 0.00000000 32.25000000 1.87500000
v 0.00000000 47.25000000 1.87500000
v 0.48528571 47.25000000 1.81111092
v 0.46587428 47.25000000 1.73866649
v 0.00000000 47.25000000 1.80000000
v 0.48528571 32.25000000 1.81111092
v 0.93750000 32.25000000 1.62379763
v 0.93750000 47.25000000 1.62379763
v 0.48528571 47.25000000 1.81111092
v 0.46587428 47.25000000 1.73866649
v 0.90000000 47.25000000 1.55884573
v 0.90000000 32.25000000 1.55884573
v 0.46587428 32.25000000 1.73866649
v 0.46587428 32.25000000 1.73866649
v 0.90000000 32.25000000 1.55884573
v 0.93750000 32.25000000 1.62379763
v 0.48528571 32.25000000 1.81111092
v 0.48528571 47.25000000 1.81111092
v 0.93750000 47.25000000 1.62379763
v 0.90000000 47.25000000 1.55884573
v 0.46587428 47.25000000 1.73866649
v 0.93750000 32.25000000 1.62379763
v 1.32582521 32.25000000 1.32582521
v 1.32582521 47.25000000 1.32582521
v 0.93750000 47.25000000 1.62379763
v 0.90000000 47.25000000 1.55884573
v 1.27279221 47.25000000 1.27279221
v 1.27279221 32.25000000 1.27279221
v 0.90000000 32.25000000 1.55884573
v 0.90000000 32.25000000 1.55884573
v 1.27279221 32.25000000 1.27279221
v 1.32582521 32.25000000 1.32582521
v 0.93750000 32.25000000 1.62379763
v 0.93750000 47.25000000 1.62379763
v 1.32582521 47.25000000 1.32582521
v 1.27279221 47.25000000 1.27279221
v 0.90000000 47.25000000 1.55884573
v 1.32582521 32.25000000 1.32582521
v 1.62379763 32.25000000 0.93750000
v 1.62379763 47.25000000 0.93750000
v 1.32582521 47.25000000 1.32582521
v 1.27279221 47.25000000 1.27279221
v 1.55884573 47.25000000 0.90000000
v 1.55884573 32.25000000 0.90000000
v 1.27279221 32.25000000 1.27279221
v 1.27279221 32.25000000 1.27279221
v 1.55884573 32.25000000 0.90000000
v 1.62379763 32.25000000 0.93750000
v 1.32582521 32.25000000 1.32582521
v 1.32582521 47.25000000 1.32582521
v 1.62379763 47.25000000 0.93750000
v 1.55884573 47.25000000 0.90000000
v 1.27279221 47.25000000 1.27279221
v 1.62379763 32.25000000 0.93750000
v 1.81111092 32.25000000 0.48528571
v 1.81111092 47.25000000 0.48528571
v 1.62379763 47.25000000 0.93750000
v 1.55884573 47.25000000 0.90000000
v 1.73866649 47.25000000 0.46587428
v 1.73866649 32.25000000 0.46587428
v 1.55884573 32.25000000 0.90000000
v 1.55884573 32.25000000 0.90000000
v 1.73866649 32.25000000 0.46587428
v 1.81111092 32.25000000 0.48528571
v 1.62379763 32.25000000 0.93750000
v 1.62379763 47.25000000 0.93750000
v 1.81111092 47.25000000 0.48528571
v 1.73866649 47.25000000 0.46587428
v 1.55884573 47.25000000 0.90000000
v 1.81111092 32.25000000 0.48528571
v 1.87500000 32.25000000 0.00000000
v 1.87500000 47.25000000 0.00000000
v 1.81111092 47.25000000 0.48528571
v 1.73866649 47.25000000 0.46587428
v 1.80000000 47.25000000 0.00000000
v 1.80000000 32.25000000 0.00000000
v 1.73866649 32.25000000 0.46587428
v 1.73866649 32.25000000 0.46587428
v 1.80000000 32.25000000 0.00000000
v 1.87500000 32.25000000 0.00000000
v 1.81111092 32.25000000 0.48528571
v 1.81111092 47.25000000 0.48528571
v 1.87500000 47.25000000 0.00000000
v 1.80000000 47.25000000 0.00000000
v 1.73866649 47.25000000 0.46587428
v 1.87500000 32.25000000 0.00000000
v 1.81111092 32.25000000 -0.48528571
v 1.81111092 47.25000000 -0.48528571
v 1.87500000 47.25000000 0.00000000
v 1.80000000 47.25000000 0.00000000
v 1.73866649 47.25000000 -0.46587428
v 1.73866649 32.25000000 -0.46587428
v 1.80000000 32.25000000 0.00000000
v 1.80000000 32.25000000 0.00000000
v 1.73866649 32.25000000 -0.46587428
v 1.81111092 32.25000000 -0.48528571
v 1.87500000 32.25000000 0.00000000
v 1.87500000 47.25000000 0.00000000
v 1.81111092 47.25000000 -0.48528571
v 1.73866649 47.25000000 -0.46587428
v 1.80000000 47.25000000 0.00000000
v 1.81111092 32.25000000 -0.48528571
v 1.62379763 32.25000000 -0.93750000
v 1.62379763 47.25000000 -0.93750000
v 1.81111092 47.25000000 -0.48528571
v 1.73866649 47.25000000 -0.46587428
v 1.55884573 47.25000000 -0.90000000
v 1.55884573 32.25000000 -0.90000000
v 1.73866649 32.25000000 -0.46587428
v 1.73866649 32.25000000 -0.46587428
v 1.55884573 32.25000000 -0.90000000
v 1.62379763 32.25000000 -0.93750000
v 1.81111092 32.25000000 -0.48528571
v 1.81111092 47.25000000 -0.48528571
v 1.62379763 47.25000000 -0.93750000
v 1.55884573 47.25000000 -0.90000000
v 1.73866649 47.25000000 -0.46587428
v 1.62379763 32.25000000 -0.93750000
v 1.32582521 32.25000000 -1.32582521
v 1.32582521 47.25000000 -1.32582521
v 1.62379763 47.25000000 -0.93750000
v 1.55884573 47.25000000 -0.90000000
v 1.27279221 47.25000000 -1.27279221
v 1.27279221 32.25000000 -1.27279221
v 1.55884573 32.25000000 -0.90000000
v 1.55884573 32.25000000 -0.90000000
v 1.27279221 32.25000000 -1.27279221
v 1.32582521 32.25000000 -1.32582521
v 1.62379763 32.25000000 -0.93750000
v 1.62379763 47.25000000 -0.93750000
v 1.32582521 47.25000000 -1.32582521
v 1.27279221 47.25000000 -1.27279221
v 1.55884573 47.25000000 -0.90000000
v 1.32582521 32.25000000 -1.32582521
v 0.93750000 32.25000000 -1.62379763
v 0.93750000 47.25000000 -1.62379763
v 1.32582521 47.25000000 -1.32582521
v 1.27279221 47.25000000 -1.27279221
v 0.90000000 47.25000000 -1.55884573
v 0.90000000 32.25000000 -1.55884573
v 1.27279221 32.25000000 -1.27279221
v 1.27279221 32.25000000 -1.27279221
v 0.90000000 32.25000000 -1.55884573
v 0.93750000 32.25000000 -1.62379763
v 1.32582521 32.25000000 -1.32582521
v 1.32582521 47.25000000 -1.32582521
v 0.93750000 47.25000000 -1.62379763
v 0.90000000 47.25000000 -1.55884573
v 1.27279221 47.25000000 -1.27279221
v 0.93750000 32.25000000 -1.62379763
v 0.48528571 32.25000000 -1.81111092
v 0.48528571 47.25000000 -1.81111092
v 0.93750000 47.25000000 -1.62379763
v 0.90000000 47.25000000 -1.55884573
v 0.46587428 47.25000000 -1.73866649
v 0.46587428 32.25000000 -1.73866649
v 0.90000000 32.25000000 -1.55884573
v 0.90000000 32.25000000 -1.55884573
v 0.46587428 32.25000000 -1.73866649
v 0.48528571 32.25000000 -1.81111092
v 0.93750000 32.25000000 -1.62379763
v 0.93750000 47.25000000 -1.62379763
v 0.48528571 47.25000000 -1.81111092
v 0.46587428 47.25000000 -1.73866649
v 0.90000000 47.25000000 -1.55884573
v 0.48528571 32.25000000 -1.81111092
v 0.00000000 32.25000000 -1.87500000
v 0.00000000 47.25000000 -1.87500000
v 0.48528571 47.25000000 -1.81111092
v 0.46587428 47.25000000 -1.73866649
v 0.00000000 47.25000000 -1.80000000
v 0.00000000 32.25000000 -1.80000000
v 0.46587428 32.25000000 -1.73866649
v 0.46587428 32.25000000 -1.73866649
v 0.00000000 32.25000000 -1.80000000
v 0.00000000 32.25000000 -1.87500000
v 0.48528571 32.25000000 -1.81111092
v 0.48528571 47.25000000 -1.81111092
v 0.00000000 47.25000000 -1.87500000
v 0.00000000 47.25000000 -1.80000000
v 0.46587428 47.25000000 -1.73866649
v 0.00000000 32.25000000 -1.87500000
v -0.48528571 32.25000000 -1.81111092
v -0.48528571 47.25000000 -1.81111092
v 0.00000000 47.25000000 -1.87500000
v 0.00000000 47.25000000 -1.80000000
v -0.46587428 47.25000000 -1.73866649
v -0.46587428 32.25000000 -1.73866649
v 0.00000000 32.25000000 -1.80000000
v 0.00000000 32.25000000 -1.80000000
v -0.46587428 32.25000000 -1.73866649
v -0.48528571 32.25000000 -1.81111092
v 0.00000000 32.25000000 -1.87500000
v 0.00000000 47.25000000 -1.87500000
v -0.48528571 47.25000000 -1.81111092
v -0.46587428 47.25000000 -1.73866649
v 0.00000000 47.25000000 -1.80000000
v -0.48528571 32.25000000 -1.81111092
v -0.93750000 32.25000000 -1.62379763
v -0.93750000 47.25000000 -1.62379763
v -0.48528571 47.25000000 -1.81111092
v -0.46587428 47.25000000 -1.73866649
v -0.90000000 47.25000000 -1.55884573
v -0.90000000 32.25000000 -1.55884573
v -0.46587428 32.25000000 -1.73866649
v -0.46587428 32.25000000 -1.73866649
v -0.90000000 32.25000000 -1.55884573
v -0.93750000 32.25000000 -1.62379763
v -0.48528571 32.25000000 -1.81111092
v -0.48528571 47.25000000 -1.81111092
v -0.93750000 47.25000000 -1.62379763
v -0.90000000 47.25000000 -1.55884573
v -0.46587428 47.25000000 -1.73866649
v -0.93750000 32.25000000 -1.62379763
v -1.32582521 32.25000000 -1.32582521
v -1.32582521 47.25000000 -1.32582521
v -0.93750000 47.25000000 -1.62379763
v -0.90000000 47.25000000 -1.55884573
v -1.27279221 47.25000000 -1.27279221
v -1.27279221 32.25000000 -1.27279221
v -0.90000000 32.25000000 -1.55884573
v -0.90000000 32.25000000 -1.55884573
v -1.27279221 32.25000000 -1.27279221
v -1.32582521 32.25000000 -1.32582521
v -0.93750000 32.25000000 -1.62379763
v -0.93750000 47.25000000 -1.62379763
v -1.32582521 47.25000000 -1.32582521
v -1.27279221 47.25000000 -1.27279221
v -0.90000000 47.25000000 -1.55884573
v -1.32582521 32.25000000 -1.32582521
v -1.62379763 32.25000000 -0.93750000
v -1.62379763 47.25000000 -0.93750000
v -1.32582521 47.25000000 -1.32582521
v -1.27279221 47.25000000 -1.27279221
v -1.55884573 47.25000000 -0.90000000
v -1.55884573 32.25000000 -0.90000000
v -1.27279221 32.25000000 -1.27279221
v -1.27279221 32.25000000 -1.27279221
v -1.55884573 32.25000000 -0.90000000
v -1.62379763 32.25000000 -0.93750000
v -1.32582521 32.25000000 -1.32582521
v -1.32582521 47.25000000 -1.32582521
v -1.62379763 47.25000000 -0.93750000
v -1.55884573 47.25000000 -0.90000000
v -1.27279221 47.25000000 -1.27279221
v -1.62379763 32.25000000 -0.93750000
v -1.81111092 32.25000000 -0.48528571
v -1.81111092 47.25000000 -0.48528571
v -1.62379763 47.25000000 -0.93750000
v -1.55884573 47.25000000 -0.90000000
v -1.73866649 47.25000000 -0.46587428
v -1.73866649 32.25000000 -0.46587428
v -1.55884573 32.25000000 -0.90000000
v -1.55884573 32.25000000 -0.90000000
v -1.73866649 32.25000000 -0.46587428
v -1.81111092 32.25000000 -0.48528571
v -1.62379763 32.25000000 -0.93750000
v -1.62379763 47.25000000 -0.93750000
v -1.81111092 47.25000000 -0.48528571
v -1.73866649 47.25000000 -0.46587428
v -1.55884573 47.25000000 -0.90000000
v -1.81111092 32.25000000 -0.48528571
v -1.87500000 32.25000000 -0.00000000
v -1.87500000 47.25000000 -0.00000000
v -1.81111092 47.25000000 -0.48528571
v -1.73866649 47.25000000 -0.46587428
v -1.80000000 47.25000000 -0.00000000
v -1.80000000 32.25000000 -0.00000000
v -1.73866649 32.25000000 -0.46587428
v -1.73866649 32.25000000 -0.46587428
v -1.80000000 32.25000000 -0.00000000
v -1.87500000 32.25000000 -0.00000000
v -1.81111092 32.25000000 -0.48528571
v -1.81111092 47.25000000 -0.48528571
v -1.87500000 47.25000000 -0.00000000
v -1.80000000 47.25000000 -0.00000000
v -1.73866649 47.25000000 -0.46587428
v -1.87500000 32.25000000 -0.00000000
v -1.81111092 32.25000000 0.48528571
v -1.81111092 47.25000000 0.48528571
v -1.87500000 47.25000000 -0.00000000
v -1.80000000 47.25000000 -0.00000000
v -1.73866649 47.25000000 0.46587428
v -1.73866649 32.25000000 0.46587428
v -1.80000000 32.25000000 -0.00000000
v -1.80000000 32.25000000 -0.00000000
v -1.73866649 32.25000000 0.46587428
v -1.81111092 32.25000000 0.48528571
v -1.87500000 32.25000000 -0.00000000
v -1.87500000 47.25000000 -0.00000000
v -1.81111092 47.25000000 0.48528571
v -1.73866649 47.25000000 0.46587428
v -1.80000000 47.25000000 -0.00000000
v -1.81111092 32.25000000 0.48528571
v -1.62379763 32.25000000 0.93750000
v -1.62379763 47.25000000 0.93750000
v -1.81111092 47.25000000 0.48528571
v -1.73866649 47.25000000 0.46587428
v -1.55884573 47.25000000 0.90000000
v -1.55884573 32.25000000 0.90000000
v -1.73866649 32.25000000 0.46587428
v -1.73866649 32.25000000 0.46587428
v -1.55884573 32.25000000 0.90000000
v -1.62379763 32.25000000 0.93750000
v -1.81111092 32.25000000 0.48528571
v -1.81111092 47.25000000 0.48528571
v -1.62379763 47.25000000 0.93750000
v -1.55884573 47.25000000 0.90000000
v -1.73866649 47.25000000 0.46587428
v -1.62379763 32.25000000 0.93750000
v -1.32582521 32.25000000 1.32582521
v -1.32582521 47.25000000 1.32582521
v -1.62379763 47.25000000 0.93750000
v -1.55884573 47.25000000 0.90000000
v -1.27279221 47.25000000 1.27279221
v -1.27279221 32.25000000 1.27279221
v -1.55884573 32.25000000 0.90000000
v -1.55884573 32.25000000 0.90000000
v -1.27279221 32.25000000 1.27279221
v -1.32582521 32.25000000 1.32582521
v -1.62379763 32.25000000 0.93750000
v -1.62379763 47.25000000 0.93750000
v -1.32582521 47.25000000 1.32582521
v -1.27279221 47.25000000 1.27279221
v -1.55884573 47.25000000 0.90000000
v -1.32582521 32.25000000 1.32582521
v -0.93750000 32.25000000 1.62379763
v -0.93750000 47.25000000 1.62379763
v -1.32582521 47.25000000 1.32582521
v -1.27279221 47.25000000 1.27279221
v -0.90000000 47.25000000 1.55884573
v -0.90000000 32.25000000 1.55884573
v -1.27279221 32.25000000 1.27279221
v -1.27279221 32.25000000 1.27279221
v -0.90000000 32.25000000 1.55884573
v -0.93750000 32.25000000 1.62379763
v -1.32582521 32.25000000 1.32582521
v -1.32582521 47.25000000 1.32582521
v -0.93750000 47.25000000 1.62379763
v -0.90000000 47.25000000 1.55884573
v -1.27279221 47.25000000 1.27279221
v -0.93750000 32.25000000 1.62379763
v -0.48528571 32.25000000 1.81111092
v -0.48528571 47.25000000 1.81111092
v -0.93750000 47.25000000 1.62379763
v -0.90000000 47.25000000 1.55884573
v -0.46587428 47.25000000 1.73866649
v -0.46587428 32.25000000 1.73866649
v -0.90000000 32.25000000 1.55884573
v -0.90000000 32.25000000 1.55884573
v -0.46587428 32.25000000 1.73866649
v -0.48528571 32.25000000 1.81111092
v -0.93750000 32.25000000 1.62379763
v -0.93750000 47.25000000 1.62379763
v -0.48528571 47.25000000 1.81111092
v -0.46587428 47.25000000 1.73866649
v -0.90000000 47.25000000 1.55884573
v -0.48528571 32.25000000 1.81111092
v -0.00000000 32.25000000 1.87500000
v -0.00000000 47.25000000 1.87500000
v -0.48528571 47.25000000 1.81111092
v -0.46587428 47.25000000 1.73866649
v -0.00000000 47.25000000 1.80000000
v -0.00000000 32.25000000 1.80000000
v -0.46587428 32.25000000 1.73866649
v -0.46587428 32.25000000 1.73866649
v -0.00000000 32.25000000 1.80000000
v -0.00000000 32.25000000 1.87500000
v -0.48528571 32.25000000 1.81111092
v -0.48528571 47.25000000 1.81111092
v -0.00000000 47.25000000 1.87500000
v -0.00000000 47.25000000 1.80000000
v -0.46587428 47.25000000 1.73866649
v 0.00000000 32.50000000 2.00000000
v 0.51763809 32.50000000 1.93185165
v 0.51763809 32.67500000 1.93185165
v 0.00000000 32.67500000 2.00000000
v 0.00000000 32.67500000 1.80000000
v 0.46587428 32.67500000 1.73866649
v 0.46587428 32.50000000 1.73866649
v 0.00000000 32.50000000 1.80000000
v 0.00000000 32.50000000 1.80000000
v 0.46587428 32.50000000 1.73866649
v 0.51763809 32.50000000 1.93185165
v 0.00000000 32.50000000 2.00000000
v 0.00000000 32.67500000 2.00000000
v 0.51763809 32.67500000 1.93185165
v 0.46587428 32.67500000 1.73866649
v 0.00000000 32.67500000 1.80000000
v 0.51763809 32.50000000 1.93185165
v 1.00000000 32.50000000 1.73205081
v 1.00000000 32.67500000 1.73205081
v 0.51763809 32.67500000 1.93185165
v 0.46587428 32.67500000 1.73866649
v 0.90000000 32.67500000 1.55884573
v 0.90000000 32.50000000 1.55884573
v 0.46587428 32.50000000 1.73866649
v 0.46587428 32.50000000 1.73866649
v 0.90000000 32.50000000 1.55884573
v 1.00000000 32.50000000 1.73205081
v 0.51763809 32.50000000 1.93185165
v 0.51763809 32.67500000 1.93185165
v 1.00000000 32.67500000 1.73205081
v 0.90000000 32.67500000 1.55884573
v 0.46587428 32.67500000 1.73866649
v 1.00000000 32.50000000 1.73205081
v 1.41421356 32.50000000 1.41421356
v 1.41421356 32.67500000 1.41421356
v 1.00000000 32.67500000 1.73205081
v 0.90000000 32.67500000 1.55884573
v 1.27279221 32.67500000 1.27279221
v 1.27279221 32.50000000 1.27279221
v 0.90000000 32.50000000 1.55884573
v 0.90000000 32.50000000 1.55884573
v 1.27279221 32.50000000 1.27279221
v 1.41421356 32.50000000 1.41421356
v 1.00000000 32.50000000 1.73205081
v 1.00000000 32.67500000 1.73205081
v 1.41421356 32.67500000 1.41421356
v 1.27279221 32.67500000 1.27279221
v 0.90000000 32.67500000 1.55884573
v 1.41421356 32.50000000 1.41421356
v 1.73205081 32.50000000 1.00000000
v 1.73205081 32.67500000 1.00000000
v 1.41421356 32.67500000 1.41421356
v 1.27279221 32.67500000 1.27279221
v 1.55884573 32.67500000 0.90000000
v 1.55884573 32.50000000 0.90000000
v 1.27279221 32.50000000 1.27279221
v 1.27279221 32.50000000 1.27279221
v 1.55884573 32.50000000 0.90000000
v 1.73205081 32.50000000 1.00000000
v 1.41421356 32.50000000 1.41421356
v 1.41421356 32.67500000 1.41421356
v 1.73205081 32.67500000 1.00000000
v 1.55884573 32.67500000 0.90000000
v 1.27279221 32.67500000 1.27279221
v 1.73205081 32.50000000 1.00000000
v 1.93185165 32.50000000 0.51763809
v 1.93185165 32.67500000 0.51763809
v 1.73205081 32.67500000 1.00000000
v 1.55884573 32.67500000 0.90000000
v 1.73866649 32.67500000 0.46587428
v 1.73866649 32.50000000 0.46587428
v 1.55884573 32.50000000 0.90000000
v 1.55884573 32.50000000 0.90000000
v 1.73866649 32.50000000 0.46587428
v 1.93185165 32.50000000 0.51763809
v 1.73205081 32.50000000 1.00000000
v 1.73205081 32.67500000 1.00000000
v 1.93185165 32.67500000 0.51763809
v 1.73866649 32.67500000 0.46587428
v 1.55884573 32.67500000 0.90000000
v 1.93185165 32.50000000 0.51763809
v 2.00000000 32.50000000 0.00000000
v 2.00000000 32.67500000 0.00000000
v 1.93185165 32.67500000 0.51763809
v 1.73866649 32.67500000 0.46587428
v 1.80000000 32.67500000 0.00000000
v 1.80000000 32.50000000 0.00000000
v 1.73866649 32.50000000 0.46587428
v 1.73866649 32.50000000 0.46587428
v 1.80000000 32.50000000 0.00000000
v 2.00000000 32.50000000 0.00000000
v 1.93185165 32.50000000 0.51763809
v 1.93185165 32.67500000 0.51763809
v 2.00000000 32.67500000 0.00000000
v 1.80000000 32.67500000 0.00000000
v 1.73866649 32.67500000 0.46587428
v 2.00000000 32.50000000 0.00000000
v 1.93185165 32.50000000 -0.51763809
v 1.93185165 32.67500000 -0.51763809
v 2.00000000 32.67500000 0.00000000
v 1.80000000 32.67500000 0.00000000
v 1.73866649 32.67500000 -0.46587428
v 1.73866649 32.50000000 -0.46587428
v 1.80000000 32.50000000 0.00000000
v 1.80000000 32.50000000 0.00000000
v 1.73866649 32.50000000 -0.46587428
v 1.93185165 32.50000000 -0.51763809
v 2.00000000 32.50000000 0.00000000
v 2.00000000 32.67500000 0.00000000
v 1.93185165 32.67500000 -0.51763809
v 1.73866649 32.67500000 -0.46587428
v 1.80000000 32.67500000 0.00000000
v 1.93185165 32.50000000 -0.51763809
v 1.73205081 32.50000000 -1.00000000
v 1.73205081 32.67500000 -1.00000000
v 1.93185165 32.67500000 -0.51763809
v 1.73866649 32.67500000 -0.46587428
v 1.55884573 32.67500000 -0.90000000
v 1.55884573 32.50000000 -0.90000000
v 1.73866649 32.50000000 -0.46587428
v 1.73866649 32.50000000 -0.46587428
v 1.55884573 32.50000000 -0.90000000
v 1.73205081 32.50000000 -1.00000000
v 1.93185165 32.50000000 -0.51763809
v 1.93185165 32.67500000 -0.51763809
v 1.73205081 32.67500000 -1.00000000
v 1.55884573 32.67500000 -0.90000000
v 1.73866649 32.67500000 -0.46587428
v 1.73205081 32.50000000 -1.00000000
v 1.41421356 32.50000000 -1.41421356
v 1.41421356 32.67500000 -1.41421356
v 1.73205081 32.67500000 -1.00000000
v 1.55884573 32.67500000 -0.90000000
v 1.27279221 32.67500000 -1.27279221
v 1.27279221 32.50000000 -1.27279221
v 1.55884573 32.50000000 -0.90000000
v 1.55884573 32.50000000 -0.90000000
v 1.27279221 32.50000000 -1.27279221
v 1.41421356 32.50000000 -1.41421356
v 1.73205081 32.50000000 -1.00000000
v 1.73205081 32.67500000 -1.00000000
v 1.41421356 32.67500000 -1.41421356
v 1.27279221 32.67500000 -1.27279221
v 1.55884573 32.67500000 -0.90000000
v 1.41421356 32.50000000 -1.41421356
v 1.00000000 32.50000000 -1.73205081
v 1.00000000 32.67500000 -1.73205081
v 1.41421356 32.67500000 -1.41421356
v 1.27279221 32.67500000 -1.27279221
v 0.90000000 32.67500000 -1.55884573
v 0.90000000 32.50000000 -1.55884573
v 1.27279221 32.50000000 -1.27279221
v 1.27279221 32.50000000 -1.27279221
v 0.90000000 32.50000000 -1.55884573
v 1.00000000 32.50000000 -1.73205081
v 1.41421356 32.50000000 -1.41421356
v 1.41421356 32.67500000 -1.41421356
v 1.00000000 32.67500000 -1.73205081
v 0.90000000 32.67500000 -1.55884573
v 1.27279221 32.67500000 -1.27279221
v 1.00000000 32.50000000 -1.73205081
v 0.51763809 32.50000000 -1.93185165
v 0.51763809 32.67500000 -1.93185165
v 1.00000000 32.67500000 -1.73205081
v 0.90000000 32.67500000 -1.55884573
v 0.46587428 32.67500000 -1.73866649
v 0.46587428 32.50000000 -1.73866649
v 0.90000000 32.50000000 -1.55884573
v 0.90000000 32.50000000 -1.55884573
v 0.46587428 32.50000000 -1.73866649
v 0.51763809 32.50000000 -1.93185165
v 1.00000000 32.50000000 -1.73205081
v 1.00000000 32.67500000 -1.73205081
v 0.51763809 32.67500000 -1.93185165
v 0.46587428 32.67500000 -1.73866649
v 0.90000000 32.67500000 -1.55884573
v 0.51763809 32.50000000 -1.93185165
v 0.00000000 32.50000000 -2.00000000
v 0.00000000 32.67500000 -2.00000000
v 0.51763809 32.67500000 -1.93185165
v 0.46587428 32.67500000 -1.73866649
v 0.00000000 32.67500000 -1.80000000
v 0.00000000 32.50000000 -1.80000000
v 0.46587428 32.50000000 -1.73866649
v 0.46587428 32.50000000 -1.73866649
v 0.00000000 32.50000000 -1.80000000
v 0.00000000 32.50000000 -2.00000000
v 0.51763809 32.50000000 -1.93185165
v 0.51763809 32.67500000 -1.93185165
v 0.00000000 32.67500000 -2.00000000
v 0.00000000 32.67500000 -1.80000000
v 0.46587428 32.67500000 -1.73866649
v 0.00000000 32.50000000 -2.00000000
v -0.51763809 32.50000000 -1.93185165
v -0.51763809 32.67500000 -1.93185165
v 0.00000000 32.67500000 -2.00000000
v 0.00000000 32.67500000 -1.80000000
v -0.46587428 32.67500000 -1.73866649
v -0.46587428 32.50000000 -1.73866649
v 0.00000000 32.50000000 -1.80000000
v 0.00000000 32.50000000 -1.80000000
v -0.46587428 32.50000000 -1.73866649
v -0.51763809 32.50000000 -1.93185165
v 0.00000000 32.50000000 -2.00000000
v 0.00000000 32.67500000 -2.00000000
v -0.51763809 32.67500000 -1.93185165
v -0.46587428 32.67500000 -1.73866649
v 0.00000000 32.67500000 -1.80000000
v -0.51763809 32.50000000 -1.93185165
v -1.00000000 32.50000000 -1.73205081
v -1.00000000 32.67500000 -1.73205081
v -0.51763809 32.67500000 -1.93185165
v -0.46587428 32.67500000 -1.73866649
v -0.90000000 32.67500000 -1.55884573
v -0.90000000 32.50000000 -1.55884573
v -0.46587428 32.50000000 -1.73866649
v -0.46587428 32.50000000 -1.73866649
v -0.90000000 32.50000000 -1.55884573
v -1.00000000 32.50000000 -1.73205081
v -0.51763809 32.50000000 -1.93185165
v -0.51763809 32.67500000 -1.93185165
v -1.00000000 32.67500000 -1.73205081
v -0.90000000 32.67500000 -1.55884573
v -0.46587428 32.67500000 -1.73866649
v -1.00000000 32.50000000 -1.73205081
v -1.41421356 32.50000000 -1.41421356
v -1.41421356 32.67500000 -1.41421356
v -1.00000000 32.67500000 -1.73205081
v -0.90000000 32.67500000 -1.55884573
v -1.27279221 32.67500000 -1.27279221
v -1.27279221 32.50000000 -1.27279221
v -0.90000000 32.50000000 -1.55884573
v -0.90000000 32.50000000 -1.55884573
v -1.27279221 32.50000000 -1.27279221
v -1.41421356 32.50000000 -1.41421356
v -1.00000000 32.50000000 -1.73205081
v -1.00000000 32.67500000 -1.73205081
v -1.41421356 32.67500000 -1.41421356
v -1.27279221 32.67500000 -1.27279221
v -0.90000000 32.67500000 -1.55884573
v -1.41421356 32.50000000 -1.41421356
v -1.73205081 32.50000000 -1.00000000
v -1.73205081 32.67500000 -1.00000000
v -1.41421356 32.67500000 -1.41421356
v -1.27279221 32.67500000 -1.27279221
v -1.55884573 32.67500000 -0.90000000
v -1.55884573 32.50000000 -0.90000000
v -1.27279221 32.50000000 -1.27279221
v -1.27279221 32.50000000 -1.27279221
v -1.55884573 32.50000000 -0.90000000
v -1.73205081 32.50000000 -1.00000000
v -1.41421356 32.50000000 -1.41421356
v -1.41421356 32.67500000 -1.41421356
v -1.73205081 32.67500000 -1.00000000
v -1.55884573 32.67500000 -0.90000000
v -1.27279221 32.67500000 -1.27279221
v -1.73205081 32.50000000 -1.00000000
v -1.93185165 32.50000000 -0.51763809
v -1.93185165 32.67500000 -0.51763809
v -1.73205081 32.67500000 -1.00000000
v -1.55884573 32.67500000 -0.90000000
v -1.73866649 32.67500000 -0.46587428
v -1.73866649 32.50000000 -0.46587428
v -1.55884573 32.50000000 -0.90000000
v -1.55884573 32.50000000 -0.90000000
v -1.73866649 32.50000000 -0.46587428
v -1.93185165 32.50000000 -0.51763809
v -1.73205081 32.50000000 -1.00000000
v -1.73205081 32.67500000 -1.00000000
v -1.93185165 32.67500000 -0.51763809
v -1.73866649 32.67500000 -0.46587428
v -1.55884573 32.67500000 -0.90000000
v -1.93185165 32.50000000 -0.51763809
v -2.00000000 32.50000000 -0.00000000
v -2.00000000 32.67500000 -0.00000000
v -1.93185165 32.67500000 -0.51763809
v -1.73866649 32.67500000 -0.46587428
v -1.80000000 32.67500000 -0.00000000
v -1.80000000 32.50000000 -0.00000000
v -1.73866649 32.50000000 -0.46587428
v -1.73866649 32.50000000 -0.46587428
v -1.80000000 32.50000000 -0.00000000
v -2.00000000 32.50000000 -0.00000000
v -1.93185165 32.50000000 -0.51763809
v -1.93185165 32.67500000 -0.51763809
v -2.00000000 32.67500000 -0.00000000
v -1.80000000 32.67500000 -0.00000000
v -1.73866649 32.67500000 -0.46587428
v -2.00000000 32.50000000 -0.00000000
v -1.93185165 32.50000000 0.51763809
v -1.93185165 32.67500000 0.51763809
v -2.00000000 32.67500000 -0.00000000
v -1.80000000 32.67500000 -0.00000000
v -1.73866649 32.67500000 0.46587428
v -1.73866649 32.50000000 0.46587428
v -1.80000000 32.50000000 -0.00000000
v -1.80000000 32.50000000 -0.00000000
v -1.73866649 32.50000000 0.46587428
v -1.93185165 32.50000000 0.51763809
v -2.00000000 32.50000000 -0.00000000
v -2.00000000 32.67500000 -0.00000000
v -1.93185165 32.67500000 0.51763809
v -1.73866649 32.67500000 0.46587428
v -1.80000000 32.67500000 -0.00000000
v -1.93185165 32.50000000 0.51763809
v -1.73205081 32.50000000 1.00000000
v -1.73205081 32.67500000 1.00000000
v -1.93185165 32.67500000 0.51763809
v -1.73866649 32.67500000 0.46587428
v -1.55884573 32.67500000 0.90000000
v -1.55884573 32.50000000 0.90000000
v -1.73866649 32.50000000 0.46587428
v -1.73866649 32.50000000 0.46587428
v -1.55884573 32.50000000 0.90000000
v -1.73205081 32.50000000 1.00000000
v -1.93185165 32.50000000 0.51763809
v -1.93185165 32.67500000 0.51763809
v -1.73205081 32.67500000 1.00000000
v -1.55884573 32.67500000 0.90000000
v -1.73866649 32.67500000 0.46587428
v -1.73205081 32.50000000 1.00000000
v -1.41421356 32.50000000 1.41421356
v -1.41421356 32.67500000 1.41421356
v -1.73205081 32.67500000 1.00000000
v -1.55884573 32.67500000 0.90000000
v -1.27279221 32.67500000 1.27279221
v -1.27279221 32.50000000 1.27279221
v -1.55884573 32.50000000 0.90000000
v -1.55884573 32.50000000 0.90000000
v -1.27279221 32.50000000 1.27279221
v -1.41421356 32.50000000 1.41421356
v -1.73205081 32.50000000 1.00000000
v -1.73205081 32.67500000 1.00000000
v -1.41421356 32.67500000 1.41421356
v -1.27279221 32.67500000 1.27279221
v -1.55884573 32.67500000 0.90000000
v -1.41421356 32.50000000 1.41421356
v -1.00000000 32.50000000 1.73205081
v -1.00000000 32.67500000 1.73205081
v -1.41421356 32.67500000 1.41421356
v -1.27279221 32.67500000 1.27279221
v -0.90000000 32.67500000 1.55884573
v -0.90000000 32.50000000 1.55884573
v -1.27279221 32.50000000 1.27279221
v -1.27279221 32.50000000 1.27279221
v -0.90000000 32.50000000 1.55884573
v -1.00000000 32.50000000 1.73205081
v -1.41421356 32.50000000 1.41421356
v -1.41421356 32.67500000 1.41421356
v -1.00000000 32.67500000 1.73205081
v -0.90000000 32.67500000 1.55884573
v -1.27279221 32.67500000 1.27279221
v -1.00000000 32.50000000 1.73205081
v -0.51763809 32.50000000 1.93185165
v -0.51763809 32.67500000 1.93185165
v -1.00000000 32.67500000 1.73205081
v -0.90000000 32.67500000 1.55884573
v -0.46587428 32.67500000 1.73866649
v -0.46587428 32.50000000 1.73866649
v -0.90000000 32.50000000 1.55884573
v -0.90000000 32.50000000 1.55884573
v -0.46587428 32.50000000 1.73866649
v -0.51763809 32.50000000 1.93185165
v -1.00000000 32.50000000 1.73205081
v -1.00000000 32.67500000 1.73205081
v -0.51763809 32.67500000 1.93185165
v -0.46587428 32.67500000 1.73866649
v -0.90000000 32.67500000 1.55884573
v -0.51763809 32.50000000 1.93185165
v -0.00000000 32.50000000 2.00000000
v -0.00000000 32.67500000 2.00000000
v -0.51763809 32.67500000 1.93185165
v -0.46587428 32.67500000 1.73866649
v -0.00000000 32.67500000 1.80000000
v -0.00000000 32.50000000 1.80000000
v -0.46587428 32.50000000 1.73866649
v -0.46587428 32.50000000 1.73866649
v -0.00000000 32.50000000 1.80000000
v -0.00000000 32.50000000 2.00000000
v -0.51763809 32.50000000 1.93185165
v -0.51763809 32.67500000 1.93185165
v -0.00000000 32.67500000 2.00000000
v -0.00000000 32.67500000 1.80000000
v -0.46587428 32.67500000 1.73866649
v 0.00000000 33.50000000 2.00000000
v 0.51763809 33.50000000 1.93185165
v 0.51763809 33.67500000 1.93185165
v 0.00000000 33.67500000 2.00000000
v 0.00000000 33.67500000 1.80000000
v 0.46587428 33.67500000 1.73866649
v 0.46587428 33.50000000 1.73866649
v 0.00000000 33.50000000 1.80000000
v 0.00000000 33.50000000 1.80000000
v 0.46587428 33.50000000 1.73866649
v 0.51763809 33.50000000 1.93185165
v 0.00000000 33.50000000 2.00000000
v 0.00000000 33.67500000 2.00000000
v 0.51763809 33.67500000 1.93185165
v 0.46587428 33.67500000 1.73866649
v 0.00000000 33.67500000 1.80000000
v 0.51763809 33.50000000 1.93185165
v 1.00000000 33.50000000 1.73205081
v 1.00000000 33.67500000 1.73205081
v 0.51763809 33.67500000 1.93185165
v 0.46587428 33.67500000 1.73866649
v 0.90000000 33.67500000 1.55884573
v 0.90000000 33.50000000 1.55884573
v 0.46587428 33.50000000 1.73866649
v 0.46587428 33.50000000 1.73866649
v 0.90000000 33.50000000 1.55884573
v 1.00000000 33.50000000 1.73205081
v 0.51763809 33.50000000 1.93185165
v 0.51763809 33.67500000 1.93185165
v 1.00000000 33.67500000 1.73205081
v 0.90000000 33.67500000 1.55884573
v 0.46587428 33.67500000 1.73866649
v 1.00000000 33.50000000 1.73205081
v 1.41421356 33.50000000 1.41421356
v 1.41421356 33.67500000 1.41421356
v 1.00000000 33.67500000 1.73205081
v 0.90000000 33.67500000 1.55884573
v 1.27279221 33.67500000 1.27279221
v 1.27279221 33.50000000 1.27279221
v 0.90000000 33.50000000 1.55884573
v 0.90000000 33.50000000 1.55884573
v 1.27279221 33.50000000 1.27279221
v 1.41421356 33.50000000 1.41421356
v 1.00000000 33.50000000 1.73205081
v 1.00000000 33.67500000 1.73205081
v 1.41421356 33.67500000 1.41421356
v 1.27279221 33.67500000 1.27279221
v 0.90000000 33.67500000 1.55884573
v 1.41421356 33.50000000 1.41421356
v 1.73205081 33.50000000 1.00000000
v 1.73205081 33.67500000 1.00000000
v 1.41421356 33.67500000 1.41421356
v 1.27279221 33.67500000 1.27279221
v 1.55884573 33.67500000 0.90000000
v 1.55884573 33.50000000 0.90000000
v 1.27279221 33.50000000 1.27279221
v 1.27279221 33.50000000 1.27279221
v 1.55884573 33.50000000 0.90000000
v 1.73205081 33.50000000 1.00000000
v 1.41421356 33.50000000 1.41421356
v 1.41421356 33.67500000 1.41421356
v 1.73205081 33.67500000 1.00000000
v 1.55884573 33.67500000 0.90000000
v 1.27279221 33.67500000 1.27279221
v 1.73205081 33.50000000 1.00000000
v 1.93185165 33.50000000 0.51763809
v 1.93185165 33.67500000 0.51763809
v 1.73205081 33.67500000 1.00000000
v 1.55884573 33.67500000 0.90000000
v 1.73866649 33.67500000 0.46587428
v 1.73866649 33.50000000 0.46587428
v 1.55884573 33.50000000 0.90000000
v 1.55884573 33.50000000 0.90000000
v 1.73866649 33.50000000 0.46587428
v 1.93185165 33.50000000 0.51763809
v 1.73205081 33.50000000 1.00000000
v 1.73205081 33.67500000 1.00000000
v 1.93185165 33.67500000 0.51763809
v 1.73866649 33.67500000 0.46587428
v 1.55884573 33.67500000 0.90000000
v 1.93185165 33.50000000 0.51763809
v 2.00000000 33.50000000 0.00000000
v 2.00000000 33.67500000 0.00000000
v 1.93185165 33.67500000 0.51763809
v 1.73866649 33.67500000 0.46587428
v 1.80000000 33.67500000 0.00000000
v 1.80000000 33.50000000 0.00000000
v 1.73866649 33.50000000 0.46587428
v 1.73866649 33.50000000 0.46587428
v 1.80000000 33.50000000 0.00000000
v 2.00000000 33.50000000 0.00000000
v 1.93185165 33.50000000 0.51763809
v 1.93185165 33.67500000 0.51763809
v 2.00000000 33.67500000 0.00000000
v 1.80000000 33.67500000 0.00000000
v 1.73866649 33.67500000 0.46587428
v 2.00000000 33.50000000 0.00000000
v 1.93185165 33.50000000 -0.51763809
v 1.93185165 33.67500000 -0.51763809
v 2.00000000 33.67500000 0.00000000
v 1.80000000 33.67500000 0.00000000
v 1.73866649 33.67500000 -0.46587428
v 1.73866649 33.50000000 -0.46587428
v 1.80000000 33.50000000 0.00000000
v 1.80000000 33.50000000 0.00000000
v 1.73866649 33.50000000 -0.46587428
v 1.93185165 33.50000000 -0.51763809
v 2.00000000 33.50000000 0.00000000
v 2.00000000 33.67500000 0.00000000
v 1.93185165 33.67500000 -0.51763809
v 1.73866649 33.67500000 -0.46587428
v 1.80000000 33.67500000 0.00000000
v 1.93185165 33.50000000 -0.51763809
v 1.73205081 33.50000000 -1.00000000
v 1.73205081 33.67500000 -1.00000000
v 1.93185165 33.67500000 -0.51763809
v 1.73866649 33.67500000 -0.46587428
v 1.55884573 33.67500000 -0.90000000
v 1.55884573 33.50000000 -0.90000000
v 1.73866649 33.50000000 -0.46587428
v 1.73866649 33.50000000 -0.46587428
v 1.55884573 33.50000000 -0.90000000
v 1.73205081 33.50000000 -1.00000000
v 1.93185165 33.50000000 -0.51763809
v 1.93185165 33.67500000 -0.51763809
v 1.73205081 33.67500000 -1.00000000
v 1.55884573 33.67500000 -0.90000000
v 1.73866649 33.67500000 -0.46587428
v 1.73205081 33.50000000 -1.00000000
v 1.41421356 33.50000000 -1.41421356
v 1.41421356 33.67500000 -1.41421356
v 1.73205081 33.67500000 -1.00000000
v 1.55884573 33.67500000 -0.90000000
v 1.27279221 33.67500000 -1.27279221
v 1.27279221 33.50000000 -1.27279221
v 1.55884573 33.50000000 -0.90000000
v 1.55884573 33.50000000 -0.90000000
v 1.27279221 33.50000000 -1.27279221
v 1.41421356 33.50000000 -1.41421356
v 1.73205081 33.50000000 -1.00000000
v 1.73205081 33.67500000 -1.00000000
v 1.41421356 33.67500000 -1.41421356
v 1.27279221 33.67500000 -1.27279221
v 1.55884573 33.67500000 -0.90000000
v 1.41421356 33.50000000 -1.41421356
v 1.00000000 33.50000000 -1.73205081
v 1.00000000 33.67500000 -1.73205081
v 1.41421356 33.67500000 -1.41421356
v 1.27279221 33.67500000 -1.27279221
v 0.90000000 33.67500000 -1.55884573
v 0.90000000 33.50000000 -1.55884573
v 1.27279221 33.50000000 -1.27279221
v 1.27279221 33.50000000 -1.27279221
v 0.90000000 33.50000000 -1.55884573
v 1.00000000 33.50000000 -1.73205081
v 1.41421356 33.50000000 -1.41421356
v 1.41421356 33.67500000 -1.41421356
v 1.00000000 33.67500000 -1.73205081
v 0.90000000 33.67500000 -1.55884573
v 1.27279221 33.67500000 -1.27279221
v 1.00000000 33.50000000 -1.73205081
v 0.51763809 33.50000000 -1.93185165
v 0.51763809 33.67500000 -1.93185165
v 1.00000000 33.67500000 -1.73205081
v 0.90000000 33.67500000 -1.55884573
v 0.46587428 33.67500000 -1.73866649
v 0.46587428 33.50000000 -1.73866649
v 0.90000000 33.50000000 -1.55884573
v 0.90000000 33.50000000 -1.55884573
v 0.46587428 33.50000000 -1.73866649
v 0.51763809 33.50000000 -1.93185165
v 1.00000000 33.50000000 -1.73205081
v 1.00000000 33.67500000 -1.73205081
v 0.51763809 33.67500000 -1.93185165
v 0.46587428 33.67500000 -1.73866649
v 0.90000000 33.67500000 -1.55884573
v 0.51763809 33.50000000 -1.93185165
v 0.00000000 33.50000000 -2.00000000
v 0.00000000 33.67500000 -2.00000000
v 0.51763809 33.67500000 -1.93185165
v 0.46587428 33.67500000 -1.73866649
v 0.00000000 33.67500000 -1.80000000
v 0.00000000 33.50000000 -1.80000000
v 0.46587428 33.50000000 -1.73866649
v 0.46587428 33.50000000 -1.73866649
v 0.00000000 33.50000000 -1.80000000
v 0.00000000 33.50000000 -2.00000000
v 0.51763809 33.50000000 -1.93185165
v 0.51763809 33.67500000 -1.93185165
v 0.00000000 33.67500000 -2.00000000
v 0.00000000 33.67500000 -1.80000000
v 0.46587428 33.67500000 -1.73866649
v 0.00000000 33.50000000 -2.00000000
v -0.51763809 33.50000000 -1.93185165
v -0.51763809 33.67500000 -1.93185165
v 0.00000000 33.67500000 -2.00000000
v 0.00000000 33.67500000 -1.80000000
v -0.46587428 33.67500000 -1.73866649
v -0.46587428 33.50000000 -1.73866649
v 0.00000000 33.50000000 -1.80000000
v 0.00000000 33.50000000 -1.80000000
v -0.46587428 33.50000000 -1.73866649
v -0.51763809 33.50000000 -1.93185165
v 0.00000000 33.50000000 -2.00000000
v 0.00000000 33.67500000 -2.00000000
v -0.51763809 33.67500000 -1.93185165
v -0.46587428 33.67500000 -1.73866649
v 0.00000000 33.67500000 -1.80000000
v -0.51763809 33.50000000 -1.93185165
v -1.00000000 33.50000000 -1.73205081
v -1.00000000 33.67500000 -1.73205081
v -0.51763809 33.67500000 -1.93185165
v -0.46587428 33.67500000 -1.73866649
v -0.90000000 33.67500000 -1.55884573
v -0.90000000 33.50000000 -1.55884573
v -0.46587428 33.50000000 -1.73866649
v -0.46587428 33.50000000 -1.73866649
v -0.90000000 33.50000000 -1.55884573
v -1.00000000 33.50000000 -1.73205081
v -0.51763809 33.50000000 -1.93185165
v -0.51763809 33.67500000 -1.93185165
v -1.00000000 33.67500000 -1.73205081
v -0.90000000 33.67500000 -1.55884573
v -0.46587428 33.67500000 -1.73866649
v -1.00000000 33.50000000 -1.73205081
v -1.41421356 33.50000000 -1.41421356
v -1.41421356 33.67500000 -1.41421356
v -1.00000000 33.67500000 -1.73205081
v -0.90000000 33.67500000 -1.55884573
v -1.27279221 33.67500000 -1.27279221
v -1.27279221 33.50000000 -1.27279221
v -0.90000000 33.50000000 -1.55884573
v -0.90000000 33.50000000 -1.55884573
v -1.27279221 33.50000000 -1.27279221
v -1.41421356 33.50000000 -1.41421356
v -1.00000000 33.50000000 -1.73205081
v -1.00000000 33.67500000 -1.73205081
v -1.41421356 33.67500000 -1.41421356
v -1.27279221 33.67500000 -1.27279221
v -0.90000000 33.67500000 -1.55884573
v -1.41421356 33.50000000 -1.41421356
v -1.73205081 33.50000000 -1.00000000
v -1.73205081 33.67500000 -1.00000000
v -1.41421356 33.67500000 -1.41421356
v -1.27279221 33.67500000 -1.27279221
v -1.55884573 33.67500000 -0.90000000
v -1.55884573 33.50000000 -0.90000000
v -1.27279221 33.50000000 -1.27279221
v -1.27279221 33.50000000 -1.27279221
v -1.55884573 33.50000000 -0.90000000
v -1.73205081 33.50000000 -1.00000000
v -1.41421356 33.50000000 -1.41421356
v -1.41421356 33.67500000 -1.41421356
v -1.73205081 33.67500000 -1.00000000
v -1.55884573 33.67500000 -0.90000000
v -1.27279221 33.67500000 -1.27279221
v -1.73205081 33.50000000 -1.00000000
v -1.93185165 33.50000000 -0.51763809
v -1.93185165 33.67500000 -0.51763809
v -1.73205081 33.67500000 -1.00000000
v -1.55884573 33.67500000 -0.90000000
v -1.73866649 33.67500000 -0.46587428
v -1.73866649 33.50000000 -0.46587428
v -1.55884573 33.50000000 -0.90000000
v -1.55884573 33.50000000 -0.90000000
v -1.73866649 33.50000000 -0.46587428
v -1.93185165 33.50000000 -0.51763809
v -1.73205081 33.50000000 -1.00000000
v -1.73205081 33.67500000 -1.00000000
v -1.93185165 33.67500000 -0.51763809
v -1.73866649 33.67500000 -0.46587428
v -1.55884573 33.67500000 -0.90000000
v -1.93185165 33.50000000 -0.51763809
v -2.00000000 33.50000000 -0.00000000
v -2.00000000 33.67500000 -0.00000000
v -1.93185165 33.67500000 -0.51763809
v -1.73866649 33.67500000 -0.46587428
v -1.80000000 33.67500000 -0.00000000
v -1.80000000 33.50000000 -0.00000000
v -1.73866649 33.50000000 -0.46587428
v -1.73866649 33.50000000 -0.46587428
v -1.80000000 33.50000000 -0.00000000
v -2.00000000 33.50000000 -0.00000000
v -1.93185165 33.50000000 -0.51763809
v -1.93185165 33.67500000 -0.51763809
v -2.00000000 33.67500000 -0.00000000
v -1.80000000 33.67500000 -0.00000000
v -1.73866649 33.67500000 -0.46587428
v -2.00000000 33.50000000 -0.00000000
v -1.93185165 33.50000000 0.51763809
v -1.93185165 33.67500000 0.51763809
v -2.00000000 33.67500000 -0.00000000
v -1.80000000 33.67500000 -0.00000000
v -1.73866649 33.67500000 0.46587428
v -1.73866649 33.50000000 0.46587428
v -1.80000000 33.50000000 -0.00000000
v -1.80000000 33.50000000 -0.00000000
v -1.73866649 33.50000000 0.46587428
v -1.93185165 33.50000000 0.51763809
v -2.00000000 33.50000000 -0.00000000
v -2.00000000 33.67500000 -0.00000000
v -1.93185165 33.67500000 0.51763809
v -1.73866649 33.67500000 0.46587428
v -1.80000000 33.67500000 -0.00000000
v -1.93185165 33.50000000 0.51763809
v -1.73205081 33.50000000 1.00000000
v -1.73205081 33.67500000 1.00000000
v -1.93185165 33.67500000 0.51763809
v -1.73866649 33.67500000 0.46587428
v -1.55884573 33.67500000 0.90000000
v -1.55884573 33.50000000 0.90000000
v -1.73866649 33.50000000 0.46587428
v -1.73866649 33.50000000 0.46587428
v -1.55884573 33.50000000 0.90000000
v -1.73205081 33.50000000 1.00000000
v -1.93185165 33.50000000 0.51763809
v -1.93185165 33.67500000 0.51763809
v -1.73205081 33.67500000 1.00000000
v -1.55884573 33.67500000 0.90000000
v -1.73866649 33.67500000 0.46587428
v -1.73205081 33.50000000 1.00000000
v -1.41421356 33.50000000 1.41421356
v -1.41421356 33.67500000 1.41421356
v -1.73205081 33.67500000 1.00000000
v -1.55884573 33.67500000 0.90000000
v -1.27279221 33.67500000 1.27279221
v -1.27279221 33.50000000 1.27279221
v -1.55884573 33.50000000 0.90000000
v -1.55884573 33.50000000 0.90000000
v -1.27279221 33.50000000 1.27279221
v -1.41421356 33.50000000 1.41421356
v -1.73205081 33.50000000 1.00000000
v -1.73205081 33.67500000 1.00000000
v -1.41421356 33.67500000 1.41421356
v -1.27279221 33.67500000 1.27279221
v -1.55884573 33.67500000 0.90000000
v -1.41421356 33.50000000 1.41421356
v -1.00000000 33.50000000 1.73205081
v -1.00000000 33.67500000 1.73205081
v -1.41421356 33.67500000 1.41421356
v -1.27279221 33.67500000 1.27279221
v -0.90000000 33.67500000 1.55884573
v -0.90000000 33.50000000 1.55884573
v -1.27279221 33.50000000 1.27279221
v -1.27279221 33.50000000 1.27279221
v -0.90000000 33.50000000 1.55884573
v -1.00000000 33.50000000 1.73205081
v -1.41421356 33.50000000 1.41421356
v -1.41421356 33.67500000 1.41421356
v -1.00000000 33.67500000 1.73205081
v -0.90000000 33.67500000 1.55884573
v -1.27279221 33.67500000 1.27279221
v -1.00000000 33.50000000 1.73205081
v -0.51763809 33.50000000 1.93185165
v -0.51763809 33.67500000 1.93185165
v -1.00000000 33.67500000 1.73205081
v -0.90000000 33.67500000 1.55884573
v -0.46587428 33.67500000 1.73866649
v -0.46587428 33.50000000 1.73866649
v -0.90000000 33.50000000 1.55884573
v -0.90000000 33.50000000 1.55884573
v -0.46587428 33.50000000 1.73866649
v -0.51763809 33.50000000 1.93185165
v -1.00000000 33.50000000 1.73205081
v -1.00000000 33.67500000 1.73205081
v -0.51763809 33.67500000 1.93185165
v -0.46587428 33.67500000 1.73866649
v -0.90000000 33.67500000 1.55884573
v -0.51763809 33.50000000 1.93185165
v -0.00000000 33.50000000 2.00000000
v -0.00000000 33.67500000 2.00000000
v -0.51763809 33.67500000 1.93185165
v -0.46587428 33.67500000 1.73866649
v -0.00000000 33.67500000 1.80000000
v -0.00000000 33.50000000 1.80000000
v -0.46587428 33.50000000 1.73866649
v -0.46587428 33.50000000 1.73866649
v -0.00000000 33.50000000 1.80000000
v -0.00000000 33.50000000 2.00000000
v -0.51763809 33.50000000 1.93185165
v -0.51763809 33.67500000 1.93185165
v -0.00000000 33.67500000 2.00000000
v -0.00000000 33.67500000 1.80000000
v -0.46587428 33.67500000 1.73866649
v 0.00000000 39.25000000 2.00000000
v 0.51763809 39.25000000 1.93185165
v 0.51763809 39.42500000 1.93185165
v 0.00000000 39.42500000 2.00000000
v 0.00000000 39.42500000 1.80000000
v 0.46587428 39.42500000 1.73866649
v 0.46587428 39.25000000 1.73866649
v 0.00000000 39.25000000 1.80000000
v 0.00000000 39.25000000 1.80000000
v 0.46587428 39.25000000 1.73866649
v 0.51763809 39.25000000 1.93185165
v 0.00000000 39.25000000 2.00000000
v 0.00000000 39.42500000 2.00000000
v 0.51763809 39.42500000 1.93185165
v 0.46587428 39.42500000 1.73866649
v 0.00000000 39.42500000 1.80000000
v 0.51763809 39.25000000 1.93185165
v 1.00000000 39.25000000 1.73205081
v 1.00000000 39.42500000 1.73205081
v 0.51763809 39.42500000 1.93185165
v 0.46587428 39.42500000 1.73866649
v 0.90000000 39.42500000 1.55884573
v 0.90000000 39.25000000 1.55884573
v 0.46587428 39.25000000 1.73866649
v 0.46587428 39.25000000 1.73866649
v 0.90000000 39.25000000 1.55884573
v 1.00000000 39.25000000 1.73205081
v 0.51763809 39.25000000 1.93185165
v 0.51763809 39.42500000 1.93185165
v 1.00000000 39.42500000 1.73205081
v 0.90000000 39.42500000 1.55884573
v 0.46587428 39.42500000 1.73866649
v 1.00000000 39.25000000 1.73205081
v 1.41421356 39.25000000 1.41421356
v 1.41421356 39.42500000 1.41421356
v 1.00000000 39.42500000 1.73205081
v 0.90000000 39.42500000 1.55884573
v 1.27279221 39.42500000 1.27279221
v 1.27279221 39.25000000 1.27279221
v 0.90000000 39.25000000 1.55884573
v 0.90000000 39.25000000 1.55884573
v 1.27279221 39.25000000 1.27279221
v 1.41421356 39.25000000 1.41421356
v 1.00000000 39.25000000 1.73205081
v 1.00000000 39.42500000 1.73205081
v 1.41421356 39.42500000 1.41421356
v 1.27279221 39.42500000 1.27279221
v 0.90000000 39.42500000 1.55884573
v 1.41421356 39.25000000 1.41421356
v 1.73205081 39.25000000 1.00000000
v 1.73205081 39.42500000 1.00000000
v 1.41421356 39.42500000 1.41421356
v 1.27279221 39.42500000 1.27279221
v 1.55884573 39.42500000 0.90000000
v 1.55884573 39.25000000 0.90000000
v 1.27279221 39.25000000 1.27279221
v 1.27279221 39.25000000 1.27279221
v 1.55884573 39.25000000 0.90000000
v 1.73205081 39.25000000 1.00000000
v 1.41421356 39.25000000 1.41421356
v 1.41421356 39.42500000 1.41421356
v 1.73205081 39.42500000 1.00000000
v 1.55884573 39.42500000 0.90000000
v 1.27279221 39.42500000 1.27279221
v 1.73205081 39.25000000 1.00000000
v 1.93185165 39.25000000 0.51763809
v 1.93185165 39.42500000 0.51763809
v 1.73205081 39.42500000 1.00000000
v 1.55884573 39.42500000 0.90000000
v 1.73866649 39.42500000 0.46587428
v 1.73866649 39.25000000 0.46587428
v 1.55884573 39.25000000 0.90000000
v 1.55884573 39.25000000 0.90000000
v 1.73866649 39.25000000 0.46587428
v 1.93185165 39.25000000 0.51763809
v 1.73205081 39.25000000 1.00000000
v 1.73205081 39.42500000 1.00000000
v 1.93185165 39.42500000 0.51763809
v 1.73866649 39.42500000 0.46587428
v 1.55884573 39.42500000 0.90000000
v 1.93185165 39.25000000 0.51763809
v 2.00000000 39.25000000 0.00000000
v 2.00000000 39.42500000 0.00000000
v 1.93185165 39.42500000 0.51763809
v 1.73866649 39.42500000 0.46587428
v 1.80000000 39.42500000 0.00000000
v 1.80000000 39.25000000 0.00000000
v 1.73866649 39.25000000 0.46587428
v 1.73866649 39.25000000 0.46587428
v 1.80000000 39.25000000 0.00000000
v 2.00000000 39.25000000 0.00000000
v 1.93185165 39.25000000 0.51763809
v 1.93185165 39.42500000 0.51763809
v 2.00000000 39.42500000 0.00000000
v 1.80000000 39.42500000 0.00000000
v 1.73866649 39.42500000 0.46587428
v 2.00000000 39.25000000 0.00000000
v 1.93185165 39.25000000 -0.51763809
v 1.93185165 39.42500000 -0.51763809
v 2.00000000 39.42500000 0.00000000
v 1.80000000 39.42500000 0.00000000
v 1.73866649 39.42500000 -0.46587428
v 1.73866649 39.25000000 -0.46587428
v 1.80000000 39.25000000 0.00000000
v 1.80000000 39.25000000 0.00000000
v 1.73866649 39.25000000 -0.46587428
v 1.93185165 39.25000000 -0.51763809
v 2.00000000 39.25000000 0.00000000
v 2.00000000 39.42500000 0.00000000
v 1.93185165 39.42500000 -0.51763809
v 1.73866649 39.42500000 -0.46587428
v 1.80000000 39.42500000 0.00000000
v 1.93185165 39.25000000 -0.51763809
v 1.73205081 39.25000000 -1.00000000
v 1.73205081 39.42500000 -1.00000000
v 1.93185165 39.42500000 -0.51763809
v 1.73866649 39.42500000 -0.46587428
v 1.55884573 39.42500000 -0.90000000
v 1.55884573 39.25000000 -0.90000000
v 1.73866649 39.25000000 -0.46587428
v 1.73866649 39.25000000 -0.46587428
v 1.55884573 39.25000000 -0.90000000
v 1.73205081 39.25000000 -1.00000000
v 1.93185165 39.25000000 -0.51763809
v 1.93185165 39.42500000 -0.51763809
v 1.73205081 39.42500000 -1.00000000
v 1.55884573 39.42500000 -0.90000000
v 1.73866649 39.42500000 -0.46587428
v 1.73205081 39.25000000 -1.00000000
v 1.41421356 39.25000000 -1.41421356
v 1.41421356 39.42500000 -1.41421356
v 1.73205081 39.42500000 -1.00000000
v 1.55884573 39.42500000 -0.90000000
v 1.27279221 39.42500000 -1.27279221
v 1.27279221 39.25000000 -1.27279221
v 1.55884573 39.25000000 -0.90000000
v 1.55884573 39.25000000 -0.90000000
v 1.27279221 39.25000000 -1.27279221
v 1.41421356 39.25000000 -1.41421356
v 1.73205081 39.25000000 -1.00000000
v 1.73205081 39.42500000 -1.00000000
v 1.41421356 39.42500000 -1.41421356
v 1.27279221 39.42500000 -1.27279221
v 1.55884573 39.42500000 -0.90000000
v 1.41421356 39.25000000 -1.41421356
v 1.00000000 39.25000000 -1.73205081
v 1.00000000 39.42500000 -1.73205081
v 1.41421356 39.42500000 -1.41421356
v 1.27279221 39.42500000 -1.27279221
v 0.90000000 39.42500000 -1.55884573
v 0.90000000 39.25000000 -1.55884573
v 1.27279221 39.25000000 -1.27279221
v 1.27279221 39.25000000 -1.27279221
v 0.90000000 39.25000000 -1.55884573
v 1.00000000 39.25000000 -1.73205081
v 1.41421356 39.25000000 -1.41421356
v 1.41421356 39.42500000 -1.41421356
v 1.00000000 39.42500000 -1.73205081
v 0.90000000 39.42500000 -1.55884573
v 1.27279221 39.42500000 -1.27279221
v 1.00000000 39.25000000 -1.73205081
v 0.51763809 39.25000000 -1.93185165
v 0.51763809 39.42500000 -1.93185165
v 1.00000000 39.42500000 -1.73205081
v 0.90000000 39.42500000 -1.55884573
v 0.46587428 39.42500000 -1.73866649
v 0.46587428 39.25000000 -1.73866649
v 0.90000000 39.25000000 -1.55884573
v 0.90000000 39.25000000 -1.55884573
v 0.46587428 39.25000000 -1.73866649
v 0.51763809 39.25000000 -1.93185165
v 1.00000000 39.25000000 -1.73205081
v 1.00000000 39.42500000 -1.73205081
v 0.51763809 39.42500000 -1.93185165
v 0.46587428 39.42500000 -1.73866649
v 0.90000000 39.42500000 -1.55884573
v 0.51763809 39.25000000 -1.93185165
v 0.00000000 39.25000000 -2.00000000
v 0.00000000 39.42500000 -2.00000000
v 0.51763809 39.42500000 -1.93185165
v 0.46587428 39.42500000 -1.73866649
v 0.00000000 39.42500000 -1.80000000
v 0.00000000 39.25000000 -1.80000000
v 0.46587428 39.25000000 -1.73866649
v 0.46587428 39.25000000 -1.73866649
v 0.00000000 39.25000000 -1.80000000
v 0.00000000 39.25000000 -2.00000000
v 0.51763809 39.25000000 -1.93185165
v 0.51763809 39.42500000 -1.93185165
v 0.00000000 39.42500000 -2.00000000
v 0.00000000 39.42500000 -1.80000000
v 0.46587428 39.42500000 -1.73866649
v 0.00000000 39.25000000 -2.00000000
v -0.51763809 39.25000000 -1.93185165
v -0.51763809 39.42500000 -1.93185165
v 0.00000000 39.42500000 -2.00000000
v 0.00000000 39.42500000 -1.80000000
v -0.46587428 39.42500000 -1.73866649
v -0.46587428 39.25000000 -1.73866649
v 0.00000000 39.25000000 -1.80000000
v 0.00000000 39.25000000 -1.80000000
v -0.46587428 39.25000000 -1.73866649
v -0.51763809 39.25000000 -1.93185165
v 0.00000000 39.25000000 -2.00000000
v 0.00000000 39.42500000 -2.00000000
v -0.51763809 39.42500000 -1.93185165
v -0.46587428 39.42500000 -1.73866649
v 0.00000000 39.42500000 -1.80000000
v -0.51763809 39.25000000 -1.93185165
v -1.00000000 39.25000000 -1.73205081
v -1.00000000 39.42500000 -1.73205081
v -0.51763809 39.42500000 -1.93185165
v -0.46587428 39.42500000 -1.73866649
v -0.90000000 39.42500000 -1.55884573
v -0.90000000 39.25000000 -1.55884573
v -0.46587428 39.25000000 -1.73866649
v -0.46587428 39.25000000 -1.73866649
v -0.90000000 39.25000000 -1.55884573
v -1.00000000 39.25000000 -1.73205081
v -0.51763809 39.25000000 -1.93185165
v -0.51763809 39.42500000 -1.93185165
v -1.00000000 39.42500000 -1.73205081
v -0.90000000 39.42500000 -1.55884573
v -0.46587428 39.42500000 -1.73866649
v -1.00000000 39.25000000 -1.73205081
v -1.41421356 39.25000000 -1.41421356
v -1.41421356 39.42500000 -1.41421356
v -1.00000000 39.42500000 -1.73205081
v -0.90000000 39.42500000 -1.55884573
v -1.27279221 39.42500000 -1.27279221
v -1.27279221 39.25000000 -1.27279221
v -0.90000000 39.25000000 -1.55884573
v -0.90000000 39.25000000 -1.55884573
v -1.27279221 39.25000000 -1.27279221
v -1.41421356 39.25000000 -1.41421356
v -1.00000000 39.25000000 -1.73205081
v -1.00000000 39.42500000 -1.73205081
v -1.41421356 39.42500000 -1.41421356
v -1.27279221 39.42500000 -1.27279221
v -0.90000000 39.42500000 -1.55884573
v -1.41421356 39.25000000 -1.41421356
v -1.73205081 39.25000000 -1.00000000
v -1.73205081 39.42500000 -1.00000000
v -1.41421356 39.42500000 -1.41421356
v -1.27279221 39.42500000 -1.27279221
v -1.55884573 39.42500000 -0.90000000
v -1.55884573 39.25000000 -0.90000000
v -1.27279221 39.25000000 -1.27279221
v -1.27279221 39.25000000 -1.27279221
v -1.55884573 39.25000000 -0.90000000
v -1.73205081 39.25000000 -1.00000000
v -1.41421356 39.25000000 -1.41421356
v -1.41421356 39.42500000 -1.41421356
v -1.73205081 39.42500000 -1.00000000
v -1.55884573 39.42500000 -0.90000000
v -1.27279221 39.42500000 -1.27279221
v -1.73205081 39.25000000 -1.00000000
v -1.93185165 39.25000000 -0.51763809
v -1.93185165 39.42500000 -0.51763809
v -1.73205081 39.42500000 -1.00000000
v -1.55884573 39.42500000 -0.90000000
v -1.73866649 39.42500000 -0.46587428
v -1.73866649 39.25000000 -0.46587428
v -1.55884573 39.25000000 -0.90000000
v -1.55884573 39.25000000 -0.90000000
v -1.73866649 39.25000000 -0.46587428
v -1.93185165 39.25000000 -0.51763809
v -1.73205081 39.25000000 -1.00000000
v -1.73205081 39.42500000 -1.00000000
v -1.93185165 39.42500000 -0.51763809
v -1.73866649 39.42500000 -0.46587428
v -1.55884573 39.42500000 -0.90000000
v -1.93185165 39.25000000 -0.51763809
v -2.00000000 39.25000000 -0.00000000
v -2.00000000 39.42500000 -0.00000000
v -1.93185165 39.42500000 -0.51763809
v -1.73866649 39.42500000 -0.46587428
v -1.80000000 39.42500000 -0.00000000
v -1.80000000 39.25000000 -0.00000000
v -1.73866649 39.25000000 -0.46587428
v -1.73866649 39.25000000 -0.46587428
v -1.80000000 39.25000000 -0.00000000
v -2.00000000 39.25000000 -0.00000000
v -1.93185165 39.25000000 -0.51763809
v -1.93185165 39.42500000 -0.51763809
v -2.00000000 39.42500000 -0.00000000
v -1.80000000 39.42500000 -0.00000000
v -1.73866649 39.42500000 -0.46587428
v -2.00000000 39.25000000 -0.00000000
v -1.93185165 39.25000000 0.51763809
v -1.93185165 39.42500000 0.51763809
v -2.00000000 39.42500000 -0.00000000
v -1.80000000 39.42500000 -0.00000000
v -1.73866649 39.42500000 0.46587428
v -1.73866649 39.25000000 0.46587428
v -1.80000000 39.25000000 -0.00000000
v -1.80000000 39.25000000 -0.00000000
v -1.73866649 39.25000000 0.46587428
v -1.93185165 39.25000000 0.51763809
v -2.00000000 39.25000000 -0.00000000
v -2.00000000 39.42500000 -0.00000000
v -1.93185165 39.42500000 0.51763809
v -1.73866649 39.42500000 0.46587428
v -1.80000000 39.42500000 -0.00000000
v -1.93185165 39.25000000 0.51763809
v -1.73205081 39.25000000 1.00000000
v -1.73205081 39.42500000 1.00000000
v -1.93185165 39.42500000 0.51763809
v -1.73866649 39.42500000 0.46587428
v -1.55884573 39.42500000 0.90000000
v -1.55884573 39.25000000 0.90000000
v -1.73866649 39.25000000 0.46587428
v -1.73866649 39.25000000 0.46587428
v -1.55884573 39.25000000 0.90000000
v -1.73205081 39.25000000 1.00000000
v -1.93185165 39.25000000 0.51763809
v -1.93185165 39.42500000 0.51763809
v -1.73205081 39.42500000 1.00000000
v -1.55884573 39.42500000 0.90000000
v -1.73866649 39.42500000 0.46587428
v -1.73205081 39.25000000 1.00000000
v -1.41421356 39.25000000 1.41421356
v -1.41421356 39.42500000 1.41421356
v -1.73205081 39.42500000 1.00000000
v -1.55884573 39.42500000 0.90000000
v -1.27279221 39.42500000 1.27279221
v -1.27279221 39.25000000 1.27279221
v -1.55884573 39.25000000 0.90000000
v -1.55884573 39.25000000 0.90000000
v -1.27279221 39.25000000 1.27279221
v -1.41421356 39.25000000 1.41421356
v -1.73205081 39.25000000 1.00000000
v -1.73205081 39.42500000 1.00000000
v -1.41421356 39.42500000 1.41421356
v -1.27279221 39.42500000 1.27279221
v -1.55884573 39.42500000 0.90000000
v -1.41421356 39.25000000 1.41421356
v -1.00000000 39.25000000 1.73205081
v -1.00000000 39.42500000 1.73205081
v -1.41421356 39.42500000 1.41421356
v -1.27279221 39.42500000 1.27279221
v -0.90000000 39.42500000 1.55884573
v -0.90000000 39.25000000 1.55884573
v -1.27279221 39.25000000 1.27279221
v -1.27279221 39.25000000 1.27279221
v -0.90000000 39.25000000 1.55884573
v -1.00000000 39.25000000 1.73205081
v -1.41421356 39.25000000 1.41421356
v -1.41421356 39.42500000 1.41421356
v -1.00000000 39.42500000 1.73205081
v -0.90000000 39.42500000 1.55884573
v -1.27279221 39.42500000 1.27279221
v -1.00000000 39.25000000 1.73205081
v -0.51763809 39.25000000 1.93185165
v -0.51763809 39.42500000 1.93185165
v -1.00000000 39.42500000 1.73205081
v -0.90000000 39.42500000 1.55884573
v -0.46587428 39.42500000 1.73866649
v -0.46587428 39.25000000 1.73866649
v -0.90000000 39.25000000 1.55884573
v -0.90000000 39.25000000 1.55884573
v -0.46587428 39.25000000 1.73866649
v -0.51763809 39.25000000 1.93185165
v -1.00000000 39.25000000 1.73205081
v -1.00000000 39.42500000 1.73205081
v -0.51763809 39.42500000 1.93185165
v -0.46587428 39.42500000 1.73866649
v -0.90000000 39.42500000 1.55884573
v -0.51763809 39.25000000 1.93185165
v -0.00000000 39.25000000 2.00000000
v -0.00000000 39.42500000 2.00000000
v -0.51763809 39.42500000 1.93185165
v -0.46587428 39.42500000 1.73866649
v -0.00000000 39.42500000 1.80000000
v -0.00000000 39.25000000 1.80000000
v -0.46587428 39.25000000 1.73866649
v -0.46587428 39.25000000 1.73866649
v -0.00000000 39.25000000 1.80000000
v -0.00000000 39.25000000 2.00000000
v -0.51763809 39.25000000 1.93185165
v -0.51763809 39.42500000 1.93185165
v -0.00000000 39.42500000 2.00000000
v -0.00000000 39.42500000 1.80000000
v -0.46587428 39.42500000 1.73866649
v 0.00000000 45.00000000 2.00000000
v 0.51763809 45.00000000 1.93185165
v 0.51763809 45.17500000 1.93185165
v 0.00000000 45.17500000 2.00000000
v 0.00000000 45.17500000 1.80000000
v 0.46587428 45.17500000 1.73866649
v 0.46587428 45.00000000 1.73866649
v 0.00000000 45.00000000 1.80000000
v 0.00000000 45.00000000 1.80000000
v 0.46587428 45.00000000 1.73866649
v 0.51763809 45.00000000 1.93185165
v 0.00000000 45.00000000 2.00000000
v 0.00000000 45.17500000 2.00000000
v 0.51763809 45.17500000 1.93185165
v 0.46587428 45.17500000 1.73866649
v 0.00000000 45.17500000 1.80000000
v 0.51763809 45.00000000 1.93185165
v 1.00000000 45.00000000 1.73205081
v 1.00000000 45.17500000 1.73205081
v 0.51763809 45.17500000 1.93185165
v 0.46587428 45.17500000 1.73866649
v 0.90000000 45.17500000 1.55884573
v 0.90000000 45.00000000 1.55884573
v 0.46587428 45.00000000 1.73866649
v 0.46587428 45.00000000 1.73866649
v 0.90000000 45.00000000 1.55884573
v 1.00000000 45.00000000 1.73205081
v 0.51763809 45.00000000 1.93185165
v 0.51763809 45.17500000 1.93185165
v 1.00000000 45.17500000 1.73205081
v 0.90000000 45.17500000 1.55884573
v 0.46587428 45.17500000 1.73866649
v 1.00000000 45.00000000 1.73205081
v 1.41421356 45.00000000 1.41421356
v 1.41421356 45.17500000 1.41421356
v 1.00000000 45.17500000 1.73205081
v 0.90000000 45.17500000 1.55884573
v 1.27279221 45.17500000 1.27279221
v 1.27279221 45.00000000 1.27279221
v 0.90000000 45.00000000 1.55884573
v 0.90000000 45.00000000 1.55884573
v 1.27279221 45.00000000 1.27279221
v 1.41421356 45.00000000 1.41421356
v 1.00000000 45.00000000 1.73205081
v 1.00000000 45.17500000 1.73205081
v 1.41421356 45.17500000 1.41421356
v 1.27279221 45.17500000 1.27279221
v 0.90000000 45.17500000 1.55884573
v 1.41421356 45.00000000 1.41421356
v 1.73205081 45.00000000 1.00000000
v 1.73205081 45.17500000 1.00000000
v 1.41421356 45.17500000 1.41421356
v 1.27279221 45.17500000 1.27279221
v 1.55884573 45.17500000 0.90000000
v 1.55884573 45.00000000 0.90000000
v 1.27279221 45.00000000 1.27279221
v 1.27279221 45.00000000 1.27279221
v 1.55884573 45.00000000 0.90000000
v 1.73205081 45.00000000 1.00000000
v 1.41421356 45.00000000 1.41421356
v 1.41421356 45.17500000 1.41421356
v 1.73205081 45.17500000 1.00000000
v 1.55884573 45.17500000 0.90000000
v 1.27279221 45.17500000 1.27279221
v 1.73205081 45.00000000 1.00000000
v 1.93185165 45.00000000 0.51763809
v 1.93185165 45.17500000 0.51763809
v 1.73205081 45.17500000 1.00000000
v 1.55884573 45.17500000 0.90000000
v 1.73866649 45.17500000 0.46587428
v 1.73866649 45.00000000 0.46587428
v 1.55884573 45.00000000 0.90000000
v 1.55884573 45.00000000 0.90000000
v 1.73866649 45.00000000 0.46587428
v 1.93185165 45.00000000 0.51763809
v 1.73205081 45.00000000 1.00000000
v 1.73205081 45.17500000 1.00000000
v 1.93185165 45.17500000 0.51763809
v 1.73866649 45.17500000 0.46587428
v 1.55884573 45.17500000 0.90000000
v 1.93185165 45.00000000 0.51763809
v 2.00000000 45.00000000 0.00000000
v 2.00000000 45.17500000 0.00000000
v 1.93185165 45.17500000 0.51763809
v 1.73866649 45.17500000 0.46587428
v 1.80000000 45.17500000 0.00000000
v 1.80000000 45.00000000 0.00000000
v 1.73866649 45.00000000 0.46587428
v 1.73866649 45.00000000 0.46587428
v 1.80000000 45.00000000 0.00000000
v 2.00000000 45.00000000 0.00000000
v 1.93185165 45.00000000 0.51763809
v 1.93185165 45.17500000 0.51763809
v 2.00000000 45.17500000 0.00000000
v 1.80000000 45.17500000 0.00000000
v 1.73866649 45.17500000 0.46587428
v 2.00000000 45.00000000 0.00000000
v 1.93185165 45.00000000 -0.51763809
v 1.93185165 45.17500000 -0.51763809
v 2.00000000 45.17500000 0.00000000
v 1.80000000 45.17500000 0.00000000
v 1.73866649 45.17500000 -0.46587428
v 1.73866649 45.00000000 -0.46587428
v 1.80000000 45.00000000 0.00000000
v 1.80000000 45.00000000 0.00000000
v 1.73866649 45.00000000 -0.46587428
v 1.93185165 45.00000000 -0.51763809
v 2.00000000 45.00000000 0.00000000
v 2.00000000 45.17500000 0.00000000
v 1.93185165 45.17500000 -0.51763809
v 1.73866649 45.17500000 -0.46587428
v 1.80000000 45.17500000 0.00000000
v 1.93185165 45.00000000 -0.51763809
v 1.73205081 45.00000000 -1.00000000
v 1.73205081 45.17500000 -1.00000000
v 1.93185165 45.17500000 -0.51763809
v 1.73866649 45.17500000 -0.46587428
v 1.55884573 45.17500000 -0.90000000
v 1.55884573 45.00000000 -0.90000000
v 1.73866649 45.00000000 -0.46587428
v 1.73866649 45.00000000 -0.46587428
v 1.55884573 45.00000000 -0.90000000
v 1.73205081 45.00000000 -1.00000000
v 1.93185165 45.00000000 -0.51763809
v 1.93185165 45.17500000 -0.51763809
v 1.73205081 45.17500000 -1.00000000
v 1.55884573 45.17500000 -0.90000000
v 1.73866649 45.17500000 -0.46587428
v 1.73205081 45.00000000 -1.00000000
v 1.41421356 45.00000000 -1.41421356
v 1.41421356 45.17500000 -1.41421356
v 1.73205081 45.17500000 -1.00000000
v 1.55884573 45.17500000 -0.90000000
v 1.27279221 45.17500000 -1.27279221
v 1.27279221 45.00000000 -1.27279221
v 1.55884573 45.00000000 -0.90000000
v 1.55884573 45.00000000 -0.90000000
v 1.27279221 45.00000000 -1.27279221
v 1.41421356 45.00000000 -1.41421356
v 1.73205081 45.00000000 -1.00000000
v 1.73205081 45.17500000 -1.00000000
v 1.41421356 45.17500000 -1.41421356
v 1.27279221 45.17500000 -1.27279221
v 1.55884573 45.17500000 -0.90000000
v 1.41421356 45.00000000 -1.41421356
v 1.00000000 45.00000000 -1.73205081
v 1.00000000 45.17500000 -1.73205081
v 1.41421356 45.17500000 -1.41421356
v 1.27279221 45.17500000 -1.27279221
v 0.90000000 45.17500000 -1.55884573
v 0.90000000 45.00000000 -1.55884573
v 1.27279221 45.00000000 -1.27279221
v 1.27279221 45.00000000 -1.27279221
v 0.90000000 45.00000000 -1.55884573
v 1.00000000 45.00000000 -1.73205081
v 1.41421356 45.00000000 -1.41421356
v 1.41421356 45.17500000 -1.41421356
v 1.00000000 45.17500000 -1.73205081
v 0.90000000 45.17500000 -1.55884573
v 1.27279221 45.17500000 -1.27279221
v 1.00000000 45.00000000 -1.73205081
v 0.51763809 45.00000000 -1.93185165
v 0.51763809 45.17500000 -1.93185165
v 1.00000000 45.17500000 -1.73205081
v 0.90000000 45.17500000 -1.55884573
v 0.46587428 45.17500000 -1.73866649
v 0.46587428 45.00000000 -1.73866649
v 0.90000000 45.00000000 -1.55884573
v 0.90000000 45.00000000 -1.55884573
v 0.46587428 45.00000000 -1.73866649
v 0.51763809 45.00000000 -1.93185165
v 1.00000000 45.00000000 -1.73205081
v 1.00000000 45.17500000 -1.73205081
v 0.51763809 45.17500000 -1.93185165
v 0.46587428 45.17500000 -1.73866649
v 0.90000000 45.17500000 -1.55884573
v 0.51763809 45.00000000 -1.93185165
v 0.00000000 45.00000000 -2.00000000
v 0.00000000 45.17500000 -2.00000000
v 0.51763809 45.17500000 -1.93185165
v 0.46587428 45.17500000 -1.73866649
v 0.00000000 45.17500000 -1.80000000
v 0.00000000 45.00000000 -1.80000000
v 0.46587428 45.00000000 -1.73866649
v 0.46587428 45.00000000 -1.73866649
v 0.00000000 45.00000000 -1.80000000
v 0.00000000 45.00000000 -2.00000000
v 0.51763809 45.00000000 -1.93185165
v 0.51763809 45.17500000 -1.93185165
v 0.00000000 45.17500000 -2.00000000
v 0.00000000 45.17500000 -1.80000000
v 0.46587428 45.17500000 -1.73866649
v 0.00000000 45.00000000 -2.00000000
v -0.51763809 45.00000000 -1.93185165
v -0.51763809 45.17500000 -1.93185165
v 0.00000000 45.17500000 -2.00000000
v 0.00000000 45.17500000 -1.80000000
v -0.46587428 45.17500000 -1.73866649
v -0.46587428 45.00000000 -1.73866649
v 0.00000000 45.00000000 -1.80000000
v 0.00000000 45.00000000 -1.80000000
v -0.46587428 45.00000000 -1.73866649
v -0.51763809 45.00000000 -1.93185165
v 0.00000000 45.00000000 -2.00000000
v 0.00000000 45.17500000 -2.00000000
v -0.51763809 45.17500000 -1.93185165
v -0.46587428 45.17500000 -1.73866649
v 0.00000000 45.17500000 -1.80000000
v -0.51763809 45.00000000 -1.93185165
v -1.00000000 45.00000000 -1.73205081
v -1.00000000 45.17500000 -1.73205081
v -0.51763809 45.17500000 -1.93185165
v -0.46587428 45.17500000 -1.73866649
v -0.90000000 45.17500000 -1.55884573
v -0.90000000 45.00000000 -1.55884573
v -0.46587428 45.00000000 -1.73866649
v -0.46587428 45.00000000 -1.73866649
v -0.90000000 45.00000000 -1.55884573
v -1.00000000 45.00000000 -1.73205081
v -0.51763809 45.00000000 -1.93185165
v -0.51763809 45.17500000 -1.93185165
v -1.00000000 45.17500000 -1.73205081
v -0.90000000 45.17500000 -1.55884573
v -0.46587428 45.17500000 -1.73866649
v -1.00000000 45.00000000 -1.73205081
v -1.41421356 45.00000000 -1.41421356
v -1.41421356 45.17500000 -1.41421356
v -1.00000000 45.17500000 -1.73205081
v -0.90000000 45.17500000 -1.55884573
v -1.27279221 45.17500000 -1.27279221
v -1.27279221 45.00000000 -1.27279221
v -0.90000000 45.00000000 -1.55884573
v -0.90000000 45.00000000 -1.55884573
v -1.27279221 45.00000000 -1.27279221
v -1.41421356 45.00000000 -1.41421356
v -1.00000000 45.00000000 -1.73205081
v -1.00000000 45.17500000 -1.73205081
v -1.41421356 45.17500000 -1.41421356
v -1.27279221 45.17500000 -1.27279221
v -0.90000000 45.17500000 -1.55884573
v -1.41421356 45.00000000 -1.41421356
v -1.73205081 45.00000000 -1.00000000
v -1.73205081 45.17500000 -1.00000000
v -1.41421356 45.17500000 -1.41421356
v -1.27279221 45.17500000 -1.27279221
v -1.55884573 45.17500000 -0.90000000
v -1.55884573 45.00000000 -0.90000000
v -1.27279221 45.00000000 -1.27279221
v -1.27279221 45.00000000 -1.27279221
v -1.55884573 45.00000000 -0.90000000
v -1.73205081 45.00000000 -1.00000000
v -1.41421356 45.00000000 -1.41421356
v -1.41421356 45.17500000 -1.41421356
v -1.73205081 45.17500000 -1.00000000
v -1.55884573 45.17500000 -0.90000000
v -1.27279221 45.17500000 -1.27279221
v -1.73205081 45.00000000 -1.00000000
v -1.93185165 45.00000000 -0.51763809
v -1.93185165 45.17500000 -0.51763809
v -1.73205081 45.17500000 -1.00000000
v -1.55884573 45.17500000 -0.90000000
v -1.73866649 45.17500000 -0.46587428
v -1.73866649 45.00000000 -0.46587428
v -1.55884573 45.00000000 -0.90000000
v -1.55884573 45.00000000 -0.90000000
v -1.73866649 45.00000000 -0.46587428
v -1.93185165 45.00000000 -0.51763809
v -1.73205081 45.00000000 -1.00000000
v -1.73205081 45.17500000 -1.00000000
v -1.93185165 45.17500000 -0.51763809
v -1.73866649 45.17500000 -0.46587428
v -1.55884573 45.17500000 -0.90000000
v -1.93185165 45.00000000 -0.51763809
v -2.00000000 45.00000000 -0.00000000
v -2.00000000 45.17500000 -0.00000000
v -1.93185165 45.17500000 -0.51763809
v -1.73866649 45.17500000 -0.46587428
v -1.80000000 45.17500000 -0.00000000
v -1.80000000 45.00000000 -0.00000000
v -1.73866649 45.00000000 -0.46587428
v -1.73866649 45.00000000 -0.46587428
v -1.80000000 45.00000000 -0.00000000
v -2.00000000 45.00000000 -0.00000000
v -1.93185165 45.00000000 -0.51763809
v -1.93185165 45.17500000 -0.51763809
v -2.00000000 45.17500000 -0.00000000
v -1.80000000 45.17500000 -0.00000000
v -1.73866649 45.17500000 -0.46587428
v -2.00000000 45.00000000 -0.00000000
v -1.93185165 45.00000000 0.51763809
v -1.93185165 45.17500000 0.51763809
v -2.00000000 45.17500000 -0.00000000
v -1.80000000 45.17500000 -0.00000000
v -1.73866649 45.17500000 0.46587428
v -1.73866649 45.00000000 0.46587428
v -1.80000000 45.00000000 -0.00000000
v -1.80000000 45.00000000 -0.00000000
v -1.73866649 45.00000000 0.46587428
v -1.93185165 45.00000000 0.51763809
v -2.00000000 45.00000000 -0.00000000
v -2.00000000 45.17500000 -0.00000000
v -1.93185165 45.17500000 0.51763809
v -1.73866649 45.17500000 0.46587428
v -1.80000000 45.17500000 -0.00000000
v -1.93185165 45.00000000 0.51763809
v -1.73205081 45.00000000 1.00000000
v -1.73205081 45.17500000 1.00000000
v -1.93185165 45.17500000 0.51763809
v -1.73866649 45.17500000 0.46587428
v -1.55884573 45.17500000 0.90000000
v -1.55884573 45.00000000 0.90000000
v -1.73866649 45.00000000 0.46587428
v -1.73866649 45.00000000 0.46587428
v -1.55884573 45.00000000 0.90000000
v -1.73205081 45.00000000 1.00000000
v -1.93185165 45.00000000 0.51763809
v -1.93185165 45.17500000 0.51763809
v -1.73205081 45.17500000 1.00000000
v -1.55884573 45.17500000 0.90000000
v -1.73866649 45.17500000 0.46587428
v -1.73205081 45.00000000 1.00000000
v -1.41421356 45.00000000 1.41421356
v -1.41421356 45.17500000 1.41421356
v -1.73205081 45.17500000 1.00000000
v -1.55884573 45.17500000 0.90000000
v -1.27279221 45.17500000 1.27279221
v -1.27279221 45.00000000 1.27279221
v -1.55884573 45.00000000 0.90000000
v -1.55884573 45.00000000 0.90000000
v -1.27279221 45.00000000 1.27279221
v -1.41421356 45.00000000 1.41421356
v -1.73205081 45.00000000 1.00000000
v -1.73205081 45.17500000 1.00000000
v -1.41421356 45.17500000 1.41421356
v -1.27279221 45.17500000 1.27279221
v -1.55884573 45.17500000 0.90000000
v -1.41421356 45.00000000 1.41421356
v -1.00000000 45.00000000 1.73205081
v -1.00000000 45.17500000 1.73205081
v -1.41421356 45.17500000 1.41421356
v -1.27279221 45.17500000 1.27279221
v -0.90000000 45.17500000 1.55884573
v -0.90000000 45.00000000 1.55884573
v -1.27279221 45.00000000 1.27279221
v -1.27279221 45.00000000 1.27279221
v -0.90000000 45.00000000 1.55884573
v -1.00000000 45.00000000 1.73205081
v -1.41421356 45.00000000 1.41421356
v -1.41421356 45.17500000 1.41421356
v -1.00000000 45.17500000 1.73205081
v -0.90000000 45.17500000 1.55884573
v -1.27279221 45.17500000 1.27279221
v -1.00000000 45.00000000 1.73205081
v -0.51763809 45.00000000 1.93185165
v -0.51763809 45.17500000 1.93185165
v -1.00000000 45.17500000 1.73205081
v -0.90000000 45.17500000 1.55884573
v -0.46587428 45.17500000 1.73866649
v -0.46587428 45.00000000 1.73866649
v -0.90000000 45.00000000 1.55884573
v -0.90000000 45.00000000 1.55884573
v -0.46587428 45.00000000 1.73866649
v -0.51763809 45.00000000 1.93185165
v -1.00000000 45.00000000 1.73205081
v -1.00000000 45.17500000 1.73205081
v -0.51763809 45.17500000 1.93185165
v -0.46587428 45.17500000 1.73866649
v -0.90000000 45.17500000 1.55884573
v -0.51763809 45.00000000 1.93185165
v -0.00000000 45.00000000 2.00000000
v -0.00000000 45.17500000 2.00000000
v -0.51763809 45.17500000 1.93185165
v -0.46587428 45.17500000 1.73866649
v -0.00000000 45.17500000 1.80000000
v -0.00000000 45.00000000 1.80000000
v -0.46587428 45.00000000 1.73866649
v -0.46587428 45.00000000 1.73866649
v -0.00000000 45.00000000 1.80000000
v -0.00000000 45.00000000 2.00000000
v -0.51763809 45.00000000 1.93185165
v -0.51763809 45.17500000 1.93185165
v -0.00000000 45.17500000 2.00000000
v -0.00000000 45.17500000 1.80000000
v -0.46587428 45.17500000 1.73866649
v 0.00000000 47.00000000 2.00000000
v 0.51763809 47.00000000 1.93185165
v 0.51763809 47.17500000 1.93185165
v 0.00000000 47.17500000 2.00000000
v 0.00000000 47.17500000 1.80000000
v 0.46587428 47.17500000 1.73866649
v 0.46587428 47.00000000 1.73866649
v 0.00000000 47.00000000 1.80000000
v 0.00000000 47.00000000 1.80000000
v 0.46587428 47.00000000 1.73866649
v 0.51763809 47.00000000 1.93185165
v 0.00000000 47.00000000 2.00000000
v 0.00000000 47.17500000 2.00000000
v 0.51763809 47.17500000 1.93185165
v 0.46587428 47.17500000 1.73866649
v 0.00000000 47.17500000 1.80000000
v 0.51763809 47.00000000 1.93185165
v 1.00000000 47.00000000 1.73205081
v 1.00000000 47.17500000 1.73205081
v 0.51763809 47.17500000 1.93185165
v 0.46587428 47.17500000 1.73866649
v 0.90000000 47.17500000 1.55884573
v 0.90000000 47.00000000 1.55884573
v 0.46587428 47.00000000 1.73866649
v 0.46587428 47.00000000 1.73866649
v 0.90000000 47.00000000 1.55884573
v 1.00000000 47.00000000 1.73205081
v 0.51763809 47.00000000 1.93185165
v 0.51763809 47.17500000 1.93185165
v 1.00000000 47.17500000 1.73205081
v 0.90000000 47.17500000 1.55884573
v 0.46587428 47.17500000 1.73866649
v 1.00000000 47.00000000 1.73205081
v 1.41421356 47.00000000 1.41421356
v 1.41421356 47.17500000 1.41421356
v 1.00000000 47.17500000 1.73205081
v 0.90000000 47.17500000 1.55884573
v 1.27279221 47.17500000 1.27279221
v 1.27279221 47.00000000 1.27279221
v 0.90000000 47.00000000 1.55884573
v 0.90000000 47.00000000 1.55884573
v 1.27279221 47.00000000 1.27279221
v 1.41421356 47.00000000 1.41421356
v 1.00000000 47.00000000 1.73205081
v 1.00000000 47.17500000 1.73205081
v 1.41421356 47.17500000 1.41421356
v 1.27279221 47.17500000 1.27279221
v 0.90000000 47.17500000 1.55884573
v 1.41421356 47.00000000 1.41421356
v 1.73205081 47.00000000 1.00000000
v 1.73205081 47.17500000 1.00000000
v 1.41421356 47.17500000 1.41421356
v 1.27279221 47.17500000 1.27279221
v 1.55884573 47.17500000 0.90000000
v 1.55884573 47.00000000 0.90000000
v 1.27279221 47.00000000 1.27279221
v 1.27279221 47.00000000 1.27279221
v 1.55884573 47.00000000 0.90000000
v 1.73205081 47.00000000 1.00000000
v 1.41421356 47.00000000 1.41421356
v 1.41421356 47.17500000 1.41421356
v 1.73205081 47.17500000 1.00000000
v 1.55884573 47.17500000 0.90000000
v 1.27279221 47.17500000 1.27279221
v 1.73205081 47.00000000 1.00000000
v 1.93185165 47.00000000 0.51763809
v 1.93185165 47.17500000 0.51763809
v 1.73205081 47.17500000 1.00000000
v 1.55884573 47.17500000 0.90000000
v 1.73866649 47.17500000 0.46587428
v 1.73866649 47.00000000 0.46587428
v 1.55884573 47.00000000 0.90000000
v 1.55884573 47.00000000 0.90000000
v 1.73866649 47.00000000 0.46587428
v 1.93185165 47.00000000 0.51763809
v 1.73205081 47.00000000 1.00000000
v 1.73205081 47.17500000 1.00000000
v 1.93185165 47.17500000 0.51763809
v 1.73866649 47.17500000 0.46587428
v 1.55884573 47.17500000 0.90000000
v 1.93185165 47.00000000 0.51763809
v 2.00000000 47.00000000 0.00000000
v 2.00000000 47.17500000 0.00000000
v 1.93185165 47.17500000 0.51763809
v 1.73866649 47.17500000 0.46587428
v 1.80000000 47.17500000 0.00000000
v 1.80000000 47.00000000 0.00000000
v 1.73866649 47.00000000 0.46587428
v 1.73866649 47.00000000 0.46587428
v 1.80000000 47.00000000 0.00000000
v 2.00000000 47.00000000 0.00000000
v 1.93185165 47.00000000 0.51763809
v 1.93185165 47.17500000 0.51763809
v 2.00000000 47.17500000 0.00000000
v 1.80000000 47.17500000 0.00000000
v 1.73866649 47.17500000 0.46587428
v 2.00000000 47.00000000 0.00000000
v 1.93185165 47.00000000 -0.51763809
v 1.93185165 47.17500000 -0.51763809
v 2.00000000 47.17500000 0.00000000
v 1.80000000 47.17500000 0.00000000
v 1.73866649 47.17500000 -0.46587428
v 1.73866649 47.00000000 -0.46587428
v 1.80000000 47.00000000 0.00000000
v 1.80000000 47.00000000 0.00000000
v 1.73866649 47.00000000 -0.46587428
v 1.93185165 47.00000000 -0.51763809
v 2.00000000 47.00000000 0.00000000
v 2.00000000 47.17500000 0.00000000
v 1.93185165 47.17500000 -0.51763809
v 1.73866649 47.17500000 -0.46587428
v 1.80000000 47.17500000 0.00000000
v 1.93185165 47.00000000 -0.51763809
v 1.73205081 47.00000000 -1.00000000
v 1.73205081 47.17500000 -1.00000000
v 1.93185165 47.17500000 -0.51763809
v 1.73866649 47.17500000 -0.46587428
v 1.55884573 47.17500000 -0.90000000
v 1.55884573 47.00000000 -0.90000000
v 1.73866649 47.00000000 -0.46587428
v 1.73866649 47.00000000 -0.46587428
v 1.55884573 47.00000000 -0.90000000
v 1.73205081 47.00000000 -1.00000000
v 1.93185165 47.00000000 -0.51763809
v 1.93185165 47.17500000 -0.51763809
v 1.73205081 47.17500000 -1.00000000
v 1.55884573 47.17500000 -0.90000000
v 1.73866649 47.17500000 -0.46587428
v 1.73205081 47.00000000 -1.00000000
v 1.41421356 47.00000000 -1.41421356
v 1.41421356 47.17500000 -1.41421356
v 1.73205081 47.17500000 -1.00000000
v 1.55884573 47.17500000 -0.90000000
v 1.27279221 47.17500000 -1.27279221
v 1.27279221 47.00000000 -1.27279221
v 1.55884573 47.00000000 -0.90000000
v 1.55884573 47.00000000 -0.90000000
v 1.27279221 47.00000000 -1.27279221
v 1.41421356 47.00000000 -1.41421356
v 1.73205081 47.00000000 -1.00000000
v 1.73205081 47.17500000 -1.00000000
v 1.41421356 47.17500000 -1.41421356
v 1.27279221 47.17500000 -1.27279221
v 1.55884573 47.17500000 -0.90000000
v 1.41421356 47.00000000 -1.41421356
v 1.00000000 47.00000000 -1.73205081
v 1.00000000 47.17500000 -1.73205081
v 1.41421356 47.17500000 -1.41421356
v 1.27279221 47.17500000 -1.27279221
v 0.90000000 47.17500000 -1.55884573
v 0.90000000 47.00000000 -1.55884573
v 1.27279221 47.00000000 -1.27279221
v 1.27279221 47.00000000 -1.27279221
v 0.90000000 47.00000000 -1.55884573
v 1.00000000 47.00000000 -1.73205081
v 1.41421356 47.00000000 -1.41421356
v 1.41421356 47.17500000 -1.41421356
v 1.00000000 47.17500000 -1.73205081
v 0.90000000 47.17500000 -1.55884573
v 1.27279221 47.17500000 -1.27279221
v 1.00000000 47.00000000 -1.73205081
v 0.51763809 47.00000000 -1.93185165
v 0.51763809 47.17500000 -1.93185165
v 1.00000000 47.17500000 -1.73205081
v 0.90000000 47.17500000 -1.55884573
v 0.46587428 47.17500000 -1.73866649
v 0.46587428 47.00000000 -1.73866649
v 0.90000000 47.00000000 -1.55884573
v 0.90000000 47.00000000 -1.55884573
v 0.46587428 47.00000000 -1.73866649
v 0.51763809 47.00000000 -1.93185165
v 1.00000000 47.00000000 -1.73205081
v 1.00000000 47.17500000 -1.73205081
v 0.51763809 47.17500000 -1.93185165
v 0.46587428 47.17500000 -1.73866649
v 0.90000000 47.17500000 -1.55884573
v 0.51763809 47.00000000 -1.93185165
v 0.00000000 47.00000000 -2.00000000
v 0.00000000 47.17500000 -2.00000000
v 0.51763809 47.17500000 -1.93185165
v 0.46587428 47.17500000 -1.73866649
v 0.00000000 47.17500000 -1.80000000
v 0.00000000 47.00000000 -1.80000000
v 0.46587428 47.00000000 -1.73866649
v 0.46587428 47.00000000 -1.73866649
v 0.00000000 47.00000000 -1.80000000
v 0.00000000 47.00000000 -2.00000000
v 0.51763809 47.00000000 -1.93185165
v 0.51763809 47.17500000 -1.93185165
v 0.00000000 47.17500000 -2.00000000
v 0.00000000 47.17500000 -1.80000000
v 0.46587428 47.17500000 -1.73866649
v 0.00000000 47.00000000 -2.00000000
v -0.51763809 47.00000000 -1.93185165
v -0.51763809 47.17500000 -1.93185165
v 0.00000000 47.17500000 -2.00000000
v 0.00000000 47.17500000 -1.80000000
v -0.46587428 47.17500000 -1.73866649
v -0.46587428 47.00000000 -1.73866649
v 0.00000000 47.00000000 -1.80000000
v 0.00000000 47.00000000 -1.80000000
v -0.46587428 47.00000000 -1.73866649
v -0.51763809 47.00000000 -1.93185165
v 0.00000000 47.00000000 -2.00000000
v 0.00000000 47.17500000 -2.00000000
v -0.51763809 47.17500000 -1.93185165
v -0.46587428 47.17500000 -1.73866649
v 0.00000000 47.17500000 -1.80000000
v -0.51763809 47.00000000 -1.93185165
v -1.00000000 47.00000000 -1.73205081
v -1.00000000 47.17500000 -1.73205081
v -0.51763809 47.17500000 -1.93185165
v -0.46587428 47.17500000 -1.73866649
v -0.90000000 47.17500000 -1.55884573
v -0.90000000 47.00000000 -1.55884573
v -0.46587428 47.00000000 -1.73866649
v -0.46587428 47.00000000 -1.73866649
v -0.90000000 47.00000000 -1.55884573
v -1.00000000 47.00000000 -1.73205081
v -0.51763809 47.00000000 -1.93185165
v -0.51763809 47.17500000 -1.93185165
v -1.00000000 47.17500000 -1.73205081
v -0.90000000 47.17500000 -1.55884573
v -0.46587428 47.17500000 -1.73866649
v -1.00000000 47.00000000 -1.73205081
v -1.41421356 47.00000000 -1.41421356
v -1.41421356 47.17500000 -1.41421356
v -1.00000000 47.17500000 -1.73205081
v -0.90000000 47.17500000 -1.55884573
v -1.27279221 47.17500000 -1.27279221
v -1.27279221 47.00000000 -1.27279221
v -0.90000000 47.00000000 -1.55884573
v -0.90000000 47.00000000 -1.55884573
v -1.27279221 47.00000000 -1.27279221
v -1.41421356 47.00000000 -1.41421356
v -1.00000000 47.00000000 -1.73205081
v -1.00000000 47.17500000 -1.73205081
v -1.41421356 47.17500000 -1.41421356
v -1.27279221 47.17500000 -1.27279221
v -0.90000000 47.17500000 -1.55884573
v -1.41421356 47.00000000 -1.41421356
v -1.73205081 47.00000000 -1.00000000
v -1.73205081 47.17500000 -1.00000000
v -1.41421356 47.17500000 -1.41421356
v -1.27279221 47.17500000 -1.27279221
v -1.55884573 47.17500000 -0.90000000
v -1.55884573 47.00000000 -0.90000000
v -1.27279221 47.00000000 -1.27279221
v -1.27279221 47.00000000 -1.27279221
v -1.55884573 47.00000000 -0.90000000
v -1.73205081 47.00000000 -1.00000000
v -1.41421356 47.00000000 -1.41421356
v -1.41421356 47.17500000 -1.41421356
v -1.73205081 47.17500000 -1.00000000
v -1.55884573 47.17500000 -0.90000000
v -1.27279221 47.17500000 -1.27279221
v -1.73205081 47.00000000 -1.00000000
v -1.93185165 47.00000000 -0.51763809
v -1.93185165 47.17500000 -0.51763809
v -1.73205081 47.17500000 -1.00000000
v -1.55884573 47.17500000 -0.90000000
v -1.73866649 47.17500000 -0.46587428
v -1.73866649 47.00000000 -0.46587428
v -1.55884573 47.00000000 -0.90000000
v -1.55884573 47.00000000 -0.90000000
v -1.73866649 47.00000000 -0.46587428
v -1.93185165 47.00000000 -0.51763809
v -1.73205081 47.00000000 -1.00000000
v -1.73205081 47.17500000 -1.00000000
v -1.93185165 47.17500000 -0.51763809
v -1.73866649 47.17500000 -0.46587428
v -1.55884573 47.17500000 -0.90000000
v -1.93185165 47.00000000 -0.51763809
v -2.00000000 47.00000000 -0.00000000
v -2.00000000 47.17500000 -0.00000000
v -1.93185165 47.17500000 -0.51763809
v -1.73866649 47.17500000 -0.46587428
v -1.80000000 47.17500000 -0.00000000
v -1.80000000 47.00000000 -0.00000000
v -1.73866649 47.00000000 -0.46587428
v -1.73866649 47.00000000 -0.46587428
v -1.80000000 47.00000000 -0.00000000
v -2.00000000 47.00000000 -0.00000000
v -1.93185165 47.00000000 -0.51763809
v -1.93185165 47.17500000 -0.51763809
v -2.00000000 47.17500000 -0.00000000
v -1.80000000 47.17500000 -0.00000000
v -1.73866649 47.17500000 -0.46587428
v -2.00000000 47.00000000 -0.00000000
v -1.93185165 47.00000000 0.51763809
v -1.93185165 47.17500000 0.51763809
v -2.00000000 47.17500000 -0.00000000
v -1.80000000 47.17500000 -0.00000000
v -1.73866649 47.17500000 0.46587428
v -1.73866649 47.00000000 0.46587428
v -1.80000000 47.00000000 -0.00000000
v -1.80000000 47.00000000 -0.00000000
v -1.73866649 47.00000000 0.46587428
v -1.93185165 47.00000000 0.51763809
v -2.00000000 47.00000000 -0.00000000
v -2.00000000 47.17500000 -0.00000000
v -1.93185165 47.17500000 0.51763809
v -1.73866649 47.17500000 0.46587428
v -1.80000000 47.17500000 -0.00000000
v -1.93185165 47.00000000 0.51763809
v -1.73205081 47.00000000 1.00000000
v -1.73205081 47.17500000 1.00000000
v -1.93185165 47.17500000 0.51763809
v -1.73866649 47.17500000 0.46587428
v -1.55884573 47.17500000 0.90000000
v -1.55884573 47.00000000 0.90000000
v -1.73866649 47.00000000 0.46587428
v -1.73866649 47.00000000 0.46587428
v -1.55884573 47.00000000 0.90000000
v -1.73205081 47.00000000 1.00000000
v -1.93185165 47.00000000 0.51763809
v -1.93185165 47.17500000 0.51763809
v -1.73205081 47.17500000 1.00000000
v -1.55884573 47.17500000 0.90000000
v -1.73866649 47.17500000 0.46587428
v -1.73205081 47.00000000 1.00000000
v -1.41421356 47.00000000 1.41421356
v -1.41421356 47.17500000 1.41421356
v -1.73205081 47.17500000 1.00000000
v -1.55884573 47.17500000 0.90000000
v -1.27279221 47.17500000 1.27279221
v -1.27279221 47.00000000 1.27279221
v -1.55884573 47.00000000 0.90000000
v -1.55884573 47.00000000 0.90000000
v -1.27279221 47.00000000 1.27279221
v -1.41421356 47.00000000 1.41421356
v -1.73205081 47.00000000 1.00000000
v -1.73205081 47.17500000 1.00000000
v -1.41421356 47.17500000 1.41421356
v -1.27279221 47.17500000 1.27279221
v -1.55884573 47.17500000 0.90000000
v -1.41421356 47.00000000 1.41421356
v -1.00000000 47.00000000 1.73205081
v -1.00000000 47.17500000 1.73205081
v -1.41421356 47.17500000 1.41421356
v -1.27279221 47.17500000 1.27279221
v -0.90000000 47.17500000 1.55884573
v -0.90000000 47.00000000 1.55884573
v -1.27279221 47.00000000 1.27279221
v -1.27279221 47.00000000 1.27279221
v -0.90000000 47.00000000 1.55884573
v -1.00000000 47.00000000 1.73205081
v -1.41421356 47.00000000 1.41421356
v -1.41421356 47.17500000 1.41421356
v -1.00000000 47.17500000 1.73205081
v -0.90000000 47.17500000 1.55884573
v -1.27279221 47.17500000 1.27279221
v -1.00000000 47.00000000 1.73205081
v -0.51763809 47.00000000 1.93185165
v -0.51763809 47.17500000 1.93185165
v -1.00000000 47.17500000 1.73205081
v -0.90000000 47.17500000 1.55884573
v -0.46587428 47.17500000 1.73866649
v -0.46587428 47.00000000 1.73866649
v -0.90000000 47.00000000 1.55884573
v -0.90000000 47.00000000 1.55884573
v -0.46587428 47.00000000 1.73866649
v -0.51763809 47.00000000 1.93185165
v -1.00000000 47.00000000 1.73205081
v -1.00000000 47.17500000 1.73205081
v -0.51763809 47.17500000 1.93185165
v -0.46587428 47.17500000 1.73866649
v -0.90000000 47.17500000 1.55884573
v -0.51763809 47.00000000 1.93185165
v -0.00000000 47.00000000 2.00000000
v -0.00000000 47.17500000 2.00000000
v -0.51763809 47.17500000 1.93185165
v -0.46587428 47.17500000 1.73866649
v -0.00000000 47.17500000 1.80000000
v -0.00000000 47.00000000 1.80000000
v -0.46587428 47.00000000 1.73866649
v -0.46587428 47.00000000 1.73866649
v -0.00000000 47.00000000 1.80000000
v -0.00000000 47.00000000 2.00000000
v -0.51763809 47.00000000 1.93185165
v -0.51763809 47.17500000 1.93185165
v -0.00000000 47.17500000 2.00000000
v -0.00000000 47.17500000 1.80000000
v -0.46587428 47.17500000 1.73866649
v -1.75000000 36.25000000 0.60000000
v -1.75000000 36.55000000 0.51961524
v -3.00000000 36.55000000 0.51961524
v -3.00000000 36.25000000 0.60000000
v -3.00000000 36.25000000 0.47500000
v -3.00000000 36.48750000 0.41136207
v -1.75000000 36.48750000 0.41136207
v -1.75000000 36.25000000 0.47500000
v -1.75000000 36.25000000 0.47500000
v -1.75000000 36.48750000 0.41136207
v -1.75000000 36.55000000 0.51961524
v -1.75000000 36.25000000 0.60000000
v -3.00000000 36.25000000 0.60000000
v -3.00000000 36.55000000 0.51961524
v -3.00000000 36.48750000 0.41136207
v -3.00000000 36.25000000 0.47500000
v -1.75000000 36.55000000 0.51961524
v -1.75000000 36.76961524 0.30000000
v -3.00000000 36.76961524 0.30000000
v -3.00000000 36.55000000 0.51961524
v -3.00000000 36.48750000 0.41136207
v -3.00000000 36.66136207 0.23750000
v -1.75000000 36.66136207 0.23750000
v -1.75000000 36.48750000 0.41136207
v -1.75000000 36.48750000 0.41136207
v -1.75000000 36.66136207 0.23750000
v -1.75000000 36.76961524 0.30000000
v -1.75000000 36.55000000 0.51961524
v -3.00000000 36.55000000 0.51961524
v -3.00000000 36.76961524 0.30000000
v -3.00000000 36.66136207 0.23750000
v -3.00000000 36.48750000 0.41136207
v -1.75000000 36.76961524 0.30000000
v -1.75000000 36.85000000 0.00000000
v -3.00000000 36.85000000 0.00000000
v -3.00000000 36.76961524 0.30000000
v -3.00000000 36.66136207 0.23750000
v -3.00000000 36.72500000 0.00000000
v -1.75000000 36.72500000 0.00000000
v -1.75000000 36.66136207 0.23750000
v -1.75000000 36.66136207 0.23750000
v -1.75000000 36.72500000 0.00000000
v -1.75000000 36.85000000 0.00000000
v -1.75000000 36.76961524 0.30000000
v -3.00000000 36.76961524 0.30000000
v -3.00000000 36.85000000 0.00000000
v -3.00000000 36.72500000 0.00000000
v -3.00000000 36.66136207 0.23750000
v -1.75000000 36.85000000 0.00000000
v -1.75000000 36.76961524 -0.30000000
v -3.00000000 36.76961524 -0.30000000
v -3.00000000 36.85000000 0.00000000
v -3.00000000 36.72500000 0.00000000
v -3.00000000 36.66136207 -0.23750000
v -1.75000000 36.66136207 -0.23750000
v -1.75000000 36.72500000 0.00000000
v -1.75000000 36.72500000 0.00000000
v -1.75000000 36.66136207 -0.23750000
v -1.75000000 36.76961524 -0.30000000
v -1.75000000 36.85000000 0.00000000
v -3.00000000 36.85000000 0.00000000
v -3.00000000 36.76961524 -0.30000000
v -3.00000000 36.66136207 -0.23750000
v -3.00000000 36.72500000 0.00000000
v -1.75000000 36.76961524 -0.30000000
v -1.75000000 36.55000000 -0.51961524
v -3.00000000 36.55000000 -0.51961524
v -3.00000000 36.76961524 -0.30000000
v -3.00000000 36.66136207 -0.23750000
v -3.00000000 36.48750000 -0.41136207
v -1.75000000 36.48750000 -0.41136207
v -1.75000000 36.66136207 -0.23750000
v -1.75000000 36.66136207 -0.23750000
v -1.75000000 36.48750000 -0.41136207
v -1.75000000 36.55000000 -0.51961524
v -1.75000000 36.76961524 -0.30000000
v -3.00000000 36.76961524 -0.30000000
v -3.00000000 36.55000000 -0.51961524
v -3.00000000 36.48750000 -0.41136207
v -3.00000000 36.66136207 -0.23750000
v -1.75000000 36.55000000 -0.51961524
v -1.75000000 36.25000000 -0.60000000
v -3.00000000 36.25000000 -0.60000000
v -3.00000000 36.55000000 -0.51961524
v -3.00000000 36.48750000 -0.41136207
v -3.00000000 36.25000000 -0.47500000
v -1.75000000 36.25000000 -0.47500000
v -1.75000000 36.48750000 -0.41136207
v -1.75000000 36.48750000 -0.41136207
v -1.75000000 36.25000000 -0.47500000
v -1.75000000 36.25000000 -0.60000000
v -1.75000000 36.55000000 -0.51961524
v -3.00000000 36.55000000 -0.51961524
v -3.00000000 36.25000000 -0.60000000
v -3.00000000 36.25000000 -0.47500000
v -3.00000000 36.48750000 -0.41136207
v -1.75000000 36.25000000 -0.60000000
v -1.75000000 35.95000000 -0.51961524
v -3.00000000 35.95000000 -0.51961524
v -3.00000000 36.25000000 -0.60000000
v -3.00000000 36.25000000 -0.47500000
v -3.00000000 36.01250000 -0.41136207
v -1.75000000 36.01250000 -0.41136207
v -1.75000000 36.25000000 -0.47500000
v -1.75000000 36.25000000 -0.47500000
v -1.75000000 36.01250000 -0.41136207
v -1.75000000 35.95000000 -0.51961524
v -1.75000000 36.25000000 -0.60000000
v -3.00000000 36.25000000 -0.60000000
v -3.00000000 35.95000000 -0.51961524
v -3.00000000 36.01250000 -0.41136207
v -3.00000000 36.25000000 -0.47500000
v -1.75000000 35.95000000 -0.51961524
v -1.75000000 35.73038476 -0.30000000
v -3.00000000 35.73038476 -0.30000000
v -3.00000000 35.95000000 -0.51961524
v -3.00000000 36.01250000 -0.41136207
v -3.00000000 35.83863793 -0.23750000
v -1.75000000 35.83863793 -0.23750000
v -1.75000000 36.01250000 -0.41136207
v -1.75000000 36.01250000 -0.41136207
v -1.75000000 35.83863793 -0.23750000
v -1.75000000 35.73038476 -0.30000000
v -1.75000000 35.95000000 -0.51961524
v -3.00000000 35.95000000 -0.51961524
v -3.00000000 35.73038476 -0.30000000
v -3.00000000 35.83863793 -0.23750000
v -3.00000000 36.01250000 -0.41136207
v -1.75000000 35.73038476 -0.30000000
v -1.75000000 35.65000000 -0.00000000
v -3.00000000 35.65000000 -0.00000000
v -3.00000000 35.73038476 -0.30000000
v -3.00000000 35.83863793 -0.23750000
v -3.00000000 35.77500000 -0.00000000
v -1.75000000 35.77500000 -0.00000000
v -1.75000000 35.83863793 -0.23750000
v -1.75000000 35.83863793 -0.23750000
v -1.75000000 35.77500000 -0.00000000
v -1.75000000 35.65000000 -0.00000000
v -1.75000000 35.73038476 -0.30000000
v -3.00000000 35.73038476 -0.30000000
v -3.00000000 35.65000000 -0.00000000
v -3.00000000 35.77500000 -0.00000000
v -3.00000000 35.83863793 -0.23750000
v -1.75000000 35.65000000 -0.00000000
v -1.75000000 35.73038476 0.30000000
v -3.00000000 35.73038476 0.30000000
v -3.00000000 35.65000000 -0.00000000
v -3.00000000 35.77500000 -0.00000000
v -3.00000000 35.83863793 0.23750000
v -1.75000000 35.83863793 0.23750000
v -1.75000000 35.77500000 -0.00000000
v -1.75000000 35.77500000 -0.00000000
v -1.75000000 35.83863793 0.23750000
v -1.75000000 35.73038476 0.30000000
v -1.75000000 35.65000000 -0.00000000
v -3.00000000 35.65000000 -0.00000000
v -3.00000000 35.73038476 0.30000000
v -3.00000000 35.83863793 0.23750000
v -3.00000000 35.77500000 -0.00000000
v -1.75000000 35.73038476 0.30000000
v -1.75000000 35.95000000 0.51961524
v -3.00000000 35.95000000 0.51961524
v -3.00000000 35.73038476 0.30000000
v -3.00000000 35.83863793 0.23750000
v -3.00000000 36.01250000 0.41136207
v -1.75000000 36.01250000 0.41136207
v -1.75000000 35.83863793 0.23750000
v -1.75000000 35.83863793 0.23750000
v -1.75000000 36.01250000 0.41136207
v -1.75000000 35.95000000 0.51961524
v -1.75000000 35.73038476 0.30000000
v -3.00000000 35.73038476 0.30000000
v -3.00000000 35.95000000 0.51961524
v -3.00000000 36.01250000 0.41136207
v -3.00000000 35.83863793 0.23750000
v -1.75000000 35.95000000 0.51961524
v -1.75000000 36.25000000 0.60000000
v -3.00000000 36.25000000 0.60000000
v -3.00000000 35.95000000 0.51961524
v -3.00000000 36.01250000 0.41136207
v -3.00000000 36.25000000 0.47500000
v -1.75000000 36.25000000 0.47500000
v -1.75000000 36.01250000 0.41136207
v -1.75000000 36.01250000 0.41136207
v -1.75000000 36.25000000 0.47500000
v -1.75000000 36.25000000 0.60000000
v -1.75000000 35.95000000 0.51961524
v -3.00000000 35.95000000 0.51961524
v -3.00000000 36.25000000 0.60000000
v -3.00000000 36.25000000 0.47500000
v -3.00000000 36.01250000 0.41136207
v 1.75000000 36.25000000 -0.60000000
v 1.75000000 36.55000000 -0.51961524
v 3.00000000 36.55000000 -0.51961524
v 3.00000000 36.25000000 -0.60000000
v 3.00000000 36.25000000 -0.47500000
v 3.00000000 36.48750000 -0.41136207
v 1.75000000 36.48750000 -0.41136207
v 1.75000000 36.25000000 -0.47500000
v 1.75000000 36.25000000 -0.47500000
v 1.75000000 36.48750000 -0.41136207
v 1.75000000 36.55000000 -0.51961524
v 1.75000000 36.25000000 -0.60000000
v 3.00000000 36.25000000 -0.60000000
v 3.00000000 36.55000000 -0.51961524
v 3.00000000 36.48750000 -0.41136207
v 3.00000000 36.25000000 -0.47500000
v 1.75000000 36.55000000 -0.51961524
v 1.75000000 36.76961524 -0.30000000
v 3.00000000 36.76961524 -0.30000000
v 3.00000000 36.55000000 -0.51961524
v 3.00000000 36.48750000 -0.41136207
v 3.00000000 36.66136207 -0.23750000
v 1.75000000 36.66136207 -0.23750000
v 1.75000000 36.48750000 -0.41136207
v 1.75000000 36.48750000 -0.41136207
v 1.75000000 36.66136207 -0.23750000
v 1.75000000 36.76961524 -0.30000000
v 1.75000000 36.55000000 -0.51961524
v 3.00000000 36.55000000 -0.51961524
v 3.00000000 36.76961524 -0.30000000
v 3.00000000 36.66136207 -0.23750000
v 3.00000000 36.48750000 -0.41136207
v 1.75000000 36.76961524 -0.30000000
v 1.75000000 36.85000000 -0.00000000
v 3.00000000 36.85000000 -0.00000000
v 3.00000000 36.76961524 -0.30000000
v 3.00000000 36.66136207 -0.23750000
v 3.00000000 36.72500000 -0.00000000
v 1.75000000 36.72500000 -0.00000000
v 1.75000000 36.66136207 -0.23750000
v 1.75000000 36.66136207 -0.23750000
v 1.75000000 36.72500000 -0.00000000
v 1.75000000 36.85000000 -0.00000000
v 1.75000000 36.76961524 -0.30000000
v 3.00000000 36.76961524 -0.30000000
v 3.00000000 36.85000000 -0.00000000
v 3.00000000 36.72500000 -0.00000000
v 3.00000000 36.66136207 -0.23750000
v 1.75000000 36.85000000 -0.00000000
v 1.75000000 36.76961524 0.30000000
v 3.00000000 36.76961524 0.30000000
v 3.00000000 36.85000000 -0.00000000
v 3.00000000 36.72500000 -0.00000000
v 3.00000000 36.66136207 0.23750000
v 1.75000000 36.66136207 0.23750000
v 1.75000000 36.72500000 -0.00000000
v 1.75000000 36.72500000 -0.00000000
v 1.75000000 36.66136207 0.23750000
v 1.75000000 36.76961524 0.30000000
v 1.75000000 36.85000000 -0.00000000
v 3.00000000 36.85000000 -0.00000000
v 3.00000000 36.76961524 0.30000000
v 3.00000000 36.66136207 0.23750000
v 3.00000000 36.72500000 -0.00000000
v 1.75000000 36.76961524 0.30000000
v 1.75000000 36.55000000 0.51961524
v 3.00000000 36.55000000 0.51961524
v 3.00000000 36.76961524 0.30000000
v 3.00000000 36.66136207 0.23750000
v 3.00000000 36.48750000 0.41136207
v 1.75000000 36.48750000 0.41136207
v 1.75000000 36.66136207 0.23750000
v 1.75000000 36.66136207 0.23750000
v 1.75000000 36.48750000 0.41136207
v 1.75000000 36.55000000 0.51961524
v 1.75000000 36.76961524 0.30000000
v 3.00000000 36.76961524 0.30000000
v 3.00000000 36.55000000 0.51961524
v 3.00000000 36.48750000 0.41136207
v 3.00000000 36.66136207 0.23750000
v 1.75000000 36.55000000 0.51961524
v 1.75000000 36.25000000 0.60000000
v 3.00000000 36.25000000 0.60000000
v 3.00000000 36.55000000 0.51961524
v 3.00000000 36.48750000 0.41136207
v 3.00000000 36.25000000 0.47500000
v 1.75000000 36.25000000 0.47500000
v 1.75000000 36.48750000 0.41136207
v 1.75000000 36.48750000 0.41136207
v 1.75000000 36.25000000 0.47500000
v 1.75000000 36.25000000 0.60000000
v 1.75000000 36.55000000 0.51961524
v 3.00000000 36.55000000 0.51961524
v 3.00000000 36.25000000 0.60000000
v 3.00000000 36.25000000 0.47500000
v 3.00000000 36.48750000 0.41136207
v 1.75000000 36.25000000 0.60000000
v 1.75000000 35.95000000 0.51961524
v 3.00000000 35.95000000 0.51961524
v 3.00000000 36.25000000 0.60000000
v 3.00000000 36.25000000 0.47500000
v 3.00000000 36.01250000 0.41136207
v 1.75000000 36.01250000 0.41136207
v 1.75000000 36.25000000 0.47500000
v 1.75000000 36.25000000 0.47500000
v 1.75000000 36.01250000 0.41136207
v 1.75000000 35.95000000 0.51961524
v 1.75000000 36.25000000 0.60000000
v 3.00000000 36.25000000 0.60000000
v 3.00000000 35.95000000 0.51961524
v 3.00000000 36.01250000 0.41136207
v 3.00000000 36.25000000 0.47500000
v 1.75000000 35.95000000 0.51961524
v 1.75000000 35.73038476 0.30000000
v 3.00000000 35.73038476 0.30000000
v 3.00000000 35.95000000 0.51961524
v 3.00000000 36.01250000 0.41136207
v 3.00000000 35.83863793 0.23750000
v 1.75000000 35.83863793 0.23750000
v 1.75000000 36.01250000 0.41136207
v 1.75000000 36.01250000 0.41136207
v 1.75000000 35.83863793 0.23750000
v 1.75000000 35.73038476 0.30000000
v 1.75000000 35.95000000 0.51961524
v 3.00000000 35.95000000 0.51961524
v 3.00000000 35.73038476 0.30000000
v 3.00000000 35.83863793 0.23750000
v 3.00000000 36.01250000 0.41136207
v 1.75000000 35.73038476 0.30000000
v 1.75000000 35.65000000 0.00000000
v 3.00000000 35.65000000 0.00000000
v 3.00000000 35.73038476 0.30000000
v 3.00000000 35.83863793 0.23750000
v 3.00000000 35.77500000 0.00000000
v 1.75000000 35.77500000 0.00000000
v 1.75000000 35.83863793 0.23750000
v 1.75000000 35.83863793 0.23750000
v 1.75000000 35.77500000 0.00000000
v 1.75000000 35.65000000 0.00000000
v 1.75000000 35.73038476 0.30000000
v 3.00000000 35.73038476 0.30000000
v 3.00000000 35.65000000 0.00000000
v 3.00000000 35.77500000 0.00000000
v 3.00000000 35.83863793 0.23750000
v 1.75000000 35.65000000 0.00000000
v 1.75000000 35.73038476 -0.30000000
v 3.00000000 35.73038476 -0.30000000
v 3.00000000 35.65000000 0.00000000
v 3.00000000 35.77500000 0.00000000
v 3.00000000 35.83863793 -0.23750000
v 1.75000000 35.83863793 -0.23750000
v 1.75000000 35.77500000 0.00000000
v 1.75000000 35.77500000 0.00000000
v 1.75000000 35.83863793 -0.23750000
v 1.75000000 35.73038476 -0.30000000
v 1.75000000 35.65000000 0.00000000
v 3.00000000 35.65000000 0.00000000
v 3.00000000 35.73038476 -0.30000000
v 3.00000000 35.83863793 -0.23750000
v 3.00000000 35.77500000 0.00000000
v 1.75000000 35.73038476 -0.30000000
v 1.75000000 35.95000000 -0.51961524
v 3.00000000 35.95000000 -0.51961524
v 3.00000000 35.73038476 -0.30000000
v 3.00000000 35.83863793 -0.23750000
v 3.00000000 36.01250000 -0.41136207
v 1.75000000 36.01250000 -0.41136207
v 1.75000000 35.83863793 -0.23750000
v 1.75000000 35.83863793 -0.23750000
v 1.75000000 36.01250000 -0.41136207
v 1.75000000 35.95000000 -0.51961524
v 1.75000000 35.73038476 -0.30000000
v 3.00000000 35.73038476 -0.30000000
v 3.00000000 35.95000000 -0.51961524
v 3.00000000 36.01250000 -0.41136207
v 3.00000000 35.83863793 -0.23750000
v 1.75000000 35.95000000 -0.51961524
v 1.75000000 36.25000000 -0.60000000
v 3.00000000 36.25000000 -0.60000000
v 3.00000000 35.95000000 -0.51961524
v 3.00000000 36.01250000 -0.41136207
v 3.00000000 36.25000000 -0.47500000
v 1.75000000 36.25000000 -0.47500000
v 1.75000000 36.01250000 -0.41136207
v 1.75000000 36.01250000 -0.41136207
v 1.75000000 36.25000000 -0.47500000
v 1.75000000 36.25000000 -0.60000000
v 1.75000000 35.95000000 -0.51961524
v 3.00000000 35.95000000 -0.51961524
v 3.00000000 36.25000000 -0.60000000
v 3.00000000 36.25000000 -0.47500000
v 3.00000000 36.01250000 -0.41136207
v -1.75000000 42.50000000 0.60000000
v -1.75000000 42.80000000 0.51961524
v -3.00000000 42.80000000 0.51961524
v -3.00000000 42.50000000 0.60000000
v -3.00000000 42.50000000 0.47500000
v -3.00000000 42.73750000 0.41136207
v -1.75000000 42.73750000 0.41136207
v -1.75000000 42.50000000 0.47500000
v -1.75000000 42.50000000 0.47500000
v -1.75000000 42.73750000 0.41136207
v -1.75000000 42.80000000 0.51961524
v -1.75000000 42.50000000 0.60000000
v -3.00000000 42.50000000 0.60000000
v -3.00000000 42.80000000 0.51961524
v -3.00000000 42.73750000 0.41136207
v -3.00000000 42.50000000 0.47500000
v -1.75000000 42.80000000 0.51961524
v -1.75000000 43.01961524 0.30000000
v -3.00000000 43.01961524 0.30000000
v -3.00000000 42.80000000 0.51961524
v -3.00000000 42.73750000 0.41136207
v -3.00000000 42.91136207 0.23750000
v -1.75000000 42.91136207 0.23750000
v -1.75000000 42.73750000 0.41136207
v -1.75000000 42.73750000 0.41136207
v -1.75000000 42.91136207 0.23750000
v -1.75000000 43.01961524 0.30000000
v -1.75000000 42.80000000 0.51961524
v -3.00000000 42.80000000 0.51961524
v -3.00000000 43.01961524 0.30000000
v -3.00000000 42.91136207 0.23750000
v -3.00000000 42.73750000 0.41136207
v -1.75000000 43.01961524 0.30000000
v -1.75000000 43.10000000 0.00000000
v -3.00000000 43.10000000 0.00000000
v -3.00000000 43.01961524 0.30000000
v -3.00000000 42.91136207 0.23750000
v -3.00000000 42.97500000 0.00000000
v -1.75000000 42.97500000 0.00000000
v -1.75000000 42.91136207 0.23750000
v -1.75000000 42.91136207 0.23750000
v -1.75000000 42.97500000 0.00000000
v -1.75000000 43.10000000 0.00000000
v -1.75000000 43.01961524 0.30000000
v -3.00000000 43.01961524 0.30000000
v -3.00000000 43.10000000 0.00000000
v -3.00000000 42.97500000 0.00000000
v -3.00000000 42.91136207 0.23750000
v -1.75000000 43.10000000 0.00000000
v -1.75000000 43.01961524 -0.30000000
v -3.00000000 43.01961524 -0.30000000
v -3.00000000 43.10000000 0.00000000
v -3.00000000 42.97500000 0.00000000
v -3.00000000 42.91136207 -0.23750000
v -1.75000000 42.91136207 -0.23750000
v -1.75000000 42.97500000 0.00000000
v -1.75000000 42.97500000 0.00000000
v -1.75000000 42.91136207 -0.23750000
v -1.75000000 43.01961524 -0.30000000
v -1.75000000 43.10000000 0.00000000
v -3.00000000 43.10000000 0.00000000
v -3.00000000 43.01961524 -0.30000000
v -3.00000000 42.91136207 -0.23750000
v -3.00000000 42.97500000 0.00000000
v -1.75000000 43.01961524 -0.30000000
v -1.75000000 42.80000000 -0.51961524
v -3.00000000 42.80000000 -0.51961524
v -3.00000000 43.01961524 -0.30000000
v -3.00000000 42.91136207 -0.23750000
v -3.00000000 42.73750000 -0.41136207
v -1.75000000 42.73750000 -0.41136207
v -1.75000000 42.91136207 -0.23750000
v -1.75000000 42.91136207 -0.23750000
v -1.75000000 42.73750000 -0.41136207
v -1.75000000 42.80000000 -0.51961524
v -1.75000000 43.01961524 -0.30000000
v -3.00000000 43.01961524 -0.30000000
v -3.00000000 42.80000000 -0.51961524
v -3.00000000 42.73750000 -0.41136207
v -3.00000000 42.91136207 -0.23750000
v -1.75000000 42.80000000 -0.51961524
v -1.75000000 42.50000000 -0.60000000
v -3.00000000 42.50000000 -0.60000000
v -3.00000000 42.80000000 -0.51961524
v -3.00000000 42.73750000 -0.41136207
v -3.00000000 42.50000000 -0.47500000
v -1.75000000 42.50000000 -0.47500000
v -1.75000000 42.73750000 -0.41136207
v -1.75000000 42.73750000 -0.41136207
v -1.75000000 42.50000000 -0.47500000
v -1.75000000 42.50000000 -0.60000000
v -1.75000000 42.80000000 -0.51961524
v -3.00000000 42.80000000 -0.51961524
v -3.00000000 42.50000000 -0.60000000
v -3.00000000 42.50000000 -0.47500000
v -3.00000000 42.73750000 -0.41136207
v -1.75000000 42.50000000 -0.60000000
v -1.75000000 42.20000000 -0.51961524
v -3.00000000 42.20000000 -0.51961524
v -3.00000000 42.50000000 -0.60000000
v -3.00000000 42.50000000 -0.47500000
v -3.00000000 42.26250000 -0.41136207
v -1.75000000 42.26250000 -0.41136207
v -1.75000000 42.50000000 -0.47500000
v -1.75000000 42.50000000 -0.47500000
v -1.75000000 42.26250000 -0.41136207
v -1.75000000 42.20000000 -0.51961524
v -1.75000000 42.50000000 -0.60000000
v -3.00000000 42.50000000 -0.60000000
v -3.00000000 42.20000000 -0.51961524
v -3.00000000 42.26250000 -0.41136207
v -3.00000000 42.50000000 -0.47500000
v -1.75000000 42.20000000 -0.51961524
v -1.75000000 41.98038476 -0.30000000
v -3.00000000 41.98038476 -0.30000000
v -3.00000000 42.20000000 -0.51961524
v -3.00000000 42.26250000 -0.41136207
v -3.00000000 42.08863793 -0.23750000
v -1.75000000 42.08863793 -0.23750000
v -1.75000000 42.26250000 -0.41136207
v -1.75000000 42.26250000 -0.41136207
v -1.75000000 42.08863793 -0.23750000
v -1.75000000 41.98038476 -0.30000000
v -1.75000000 42.20000000 -0.51961524
v -3.00000000 42.20000000 -0.51961524
v -3.00000000 41.98038476 -0.30000000
v -3.00000000 42.08863793 -0.23750000
v -3.00000000 42.26250000 -0.41136207
v -1.75000000 41.98038476 -0.30000000
v -1.75000000 41.90000000 -0.00000000
v -3.00000000 41.90000000 -0.00000000
v -3.00000000 41.98038476 -0.30000000
v -3.00000000 42.08863793 -0.23750000
v -3.00000000 42.02500000 -0.00000000
v -1.75000000 42.02500000 -0.00000000
v -1.75000000 42.08863793 -0.23750000
v -1.75000000 42.08863793 -0.23750000
v -1.75000000 42.02500000 -0.00000000
v -1.75000000 41.90000000 -0.00000000
v -1.75000000 41.98038476 -0.30000000
v -3.00000000 41.98038476 -0.30000000
v -3.00000000 41.90000000 -0.00000000
v -3.00000000 42.02500000 -0.00000000
v -3.00000000 42.08863793 -0.23750000
v -1.75000000 41.90000000 -0.00000000
v -1.75000000 41.98038476 0.30000000
v -3.00000000 41.98038476 0.30000000
v -3.00000000 41.90000000 -0.00000000
v -3.00000000 42.02500000 -0.00000000
v -3.00000000 42.08863793 0.23750000
v -1.75000000 42.08863793 0.23750000
v -1.75000000 42.02500000 -0.00000000
v -1.75000000 42.02500000 -0.00000000
v -1.75000000 42.08863793 0.23750000
v -1.75000000 41.98038476 0.30000000
v -1.75000000 41.90000000 -0.00000000
v -3.00000000 41.90000000 -0.00000000
v -3.00000000 41.98038476 0.30000000
v -3.00000000 42.08863793 0.23750000
v -3.00000000 42.02500000 -0.00000000
v -1.75000000 41.98038476 0.30000000
v -1.75000000 42.20000000 0.51961524
v -3.00000000 42.20000000 0.51961524
v -3.00000000 41.98038476 0.30000000
v -3.00000000 42.08863793 0.23750000
v -3.00000000 42.26250000 0.41136207
v -1.75000000 42.26250000 0.41136207
v -1.75000000 42.08863793 0.23750000
v -1.75000000 42.08863793 0.23750000
v -1.75000000 42.26250000 0.41136207
v -1.75000000 42.20000000 0.51961524
v -1.75000000 41.98038476 0.30000000
v -3.00000000 41.98038476 0.30000000
v -3.00000000 42.20000000 0.51961524
v -3.00000000 42.26250000 0.41136207
v -3.00000000 42.08863793 0.23750000
v -1.75000000 42.20000000 0.51961524
v -1.75000000 42.50000000 0.60000000
v -3.00000000 42.50000000 0.60000000
v -3.00000000 42.20000000 0.51961524
v -3.00000000 42.26250000 0.41136207
v -3.00000000 42.50000000 0.47500000
v -1.75000000 42.50000000 0.47500000
v -1.75000000 42.26250000 0.41136207
v -1.75000000 42.26250000 0.41136207
v -1.75000000 42.50000000 0.47500000
v -1.75000000 42.50000000 0.60000000
v -1.75000000 42.20000000 0.51961524
v -3.00000000 42.20000000 0.51961524
v -3.00000000 42.50000000 0.60000000
v -3.00000000 42.50000000 0.47500000
v -3.00000000 42.26250000 0.41136207
v 1.75000000 42.50000000 -0.60000000
v 1.75000000 42.80000000 -0.51961524
v 3.00000000 42.80000000 -0.51961524
v 3.00000000 42.50000000 -0.60000000
v 3.00000000 42.50000000 -0.47500000
v 3.00000000 42.73750000 -0.41136207
v 1.75000000 42.73750000 -0.41136207
v 1.75000000 42.50000000 -0.47500000
v 1.75000000 42.50000000 -0.47500000
v 1.75000000 42.73750000 -0.41136207
v 1.75000000 42.80000000 -0.51961524
v 1.75000000 42.50000000 -0.60000000
v 3.00000000 42.50000000 -0.60000000
v 3.00000000 42.80000000 -0.51961524
v 3.00000000 42.73750000 -0.41136207
v 3.00000000 42.50000000 -0.47500000
v 1.75000000 42.80000000 -0.51961524
v 1.75000000 43.01961524 -0.30000000
v 3.00000000 43.01961524 -0.30000000
v 3.00000000 42.80000000 -0.51961524
v 3.00000000 42.73750000 -0.41136207
v 3.00000000 42.91136207 -0.23750000
v 1.75000000 42.91136207 -0.23750000
v 1.75000000 42.73750000 -0.41136207
v 1.75000000 42.73750000 -0.41136207
v 1.75000000 42.91136207 -0.23750000
v 1.75000000 43.01961524 -0.30000000
v 1.75000000 42.80000000 -0.51961524
v 3.00000000 42.80000000 -0.51961524
v 3.00000000 43.01961524 -0.30000000
v 3.00000000 42.91136207 -0.23750000
v 3.00000000 42.73750000 -0.41136207
v 1.75000000 43.01961524 -0.30000000
v 1.75000000 43.10000000 -0.00000000
v 3.00000000 43.10000000 -0.00000000
v 3.00000000 43.01961524 -0.30000000
v 3.00000000 42.91136207 -0.23750000
v 3.00000000 42.97500000 -0.00000000
v 1.75000000 42.97500000 -0.00000000
v 1.75000000 42.91136207 -0.23750000
v 1.75000000 42.91136207 -0.23750000
v 1.75000000 42.97500000 -0.00000000
v 1.75000000 43.10000000 -0.00000000
v 1.75000000 43.01961524 -0.30000000
v 3.00000000 43.01961524 -0.30000000
v 3.00000000 43.10000000 -0.00000000
v 3.00000000 42.97500000 -0.00000000
v 3.00000000 42.91136207 -0.23750000
v 1.75000000 43.10000000 -0.00000000
v 1.75000000 43.01961524 0.30000000
v 3.00000000 43.01961524 0.30000000
v 3.00000000 43.10000000 -0.00000000
v 3.00000000 42.97500000 -0.00000000
v 3.00000000 42.91136207 0.23750000
v 1.75000000 42.91136207 0.23750000
v 1.75000000 42.97500000 -0.00000000
v 1.75000000 42.97500000 -0.00000000
v 1.75000000 42.91136207 0.23750000
v 1.75000000 43.01961524 0.30000000
v 1.75000000 43.10000000 -0.00000000
v 3.00000000 43.10000000 -0.00000000
v 3.00000000 43.01961524 0.30000000
v 3.00000000 42.91136207 0.23750000
v 3.00000000 42.97500000 -0.00000000
v 1.75000000 43.01961524 0.30000000
v 1.75000000 42.80000000 0.51961524
v 3.00000000 42.80000000 0.51961524
v 3.00000000 43.01961524 0.30000000
v 3.00000000 42.91136207 0.23750000
v 3.00000000 42.73750000 0.41136207
v 1.75000000 42.73750000 0.41136207
v 1.75000000 42.91136207 0.23750000
v 1.75000000 42.91136207 0.23750000
v 1.75000000 42.73750000 0.41136207
v 1.75000000 42.80000000 0.51961524
v 1.75000000 43.01961524 0.30000000
v 3.00000000 43.01961524 0.30000000
v 3.00000000 42.80000000 0.51961524
v 3.00000000 42.73750000 0.41136207
v 3.00000000 42.91136207 0.23750000
v 1.75000000 42.80000000 0.51961524
v 1.75000000 42.50000000 0.60000000
v 3.00000000 42.50000000 0.60000000
v 3.00000000 42.80000000 0.51961524
v 3.00000000 42.73750000 0.41136207
v 3.00000000 42.50000000 0.47500000
v 1.75000000 42.50000000 0.47500000
v 1.75000000 42.73750000 0.41136207
v 1.75000000 42.73750000 0.41136207
v 1.75000000 42.50000000 0.47500000
v 1.75000000 42.50000000 0.60000000
v 1.75000000 42.80000000 0.51961524
v 3.00000000 42.80000000 0.51961524
v 3.00000000 42.50000000 0.60000000
v 3.00000000 42.50000000 0.47500000
v 3.00000000 42.73750000 0.41136207
v 1.75000000 42.50000000 0.60000000
v 1.75000000 42.20000000 0.51961524
v 3.00000000 42.20000000 0.51961524
v 3.00000000 42.50000000 0.60000000
v 3.00000000 42.50000000 0.47500000
v 3.00000000 42.26250000 0.41136207
v 1.75000000 42.26250000 0.41136207
v 1.75000000 42.50000000 0.47500000
v 1.75000000 42.50000000 0.47500000
v 1.75000000 42.26250000 0.41136207
v 1.75000000 42.20000000 0.51961524
v 1.75000000 42.50000000 0.60000000
v 3.00000000 42.50000000 0.60000000
v 3.00000000 42.20000000 0.51961524
v 3.00000000 42.26250000 0.41136207
v 3.00000000 42.50000000 0.47500000
v 1.75000000 42.20000000 0.51961524
v 1.75000000 41.98038476 0.30000000
v 3.00000000 41.98038476 0.30000000
v 3.00000000 42.20000000 0.51961524
v 3.00000000 42.26250000 0.41136207
v 3.00000000 42.08863793 0.23750000
v 1.75000000 42.08863793 0.23750000
v 1.75000000 42.26250000 0.41136207
v 1.75000000 42.26250000 0.41136207
v 1.75000000 42.08863793 0.23750000
v 1.75000000 41.98038476 0.30000000
v 1.75000000 42.20000000 0.51961524
v 3.00000000 42.20000000 0.51961524
v 3.00000000 41.98038476 0.30000000
v 3.00000000 42.08863793 0.23750000
v 3.00000000 42.26250000 0.41136207
v 1.75000000 41.98038476 0.30000000
v 1.75000000 41.90000000 0.00000000
v 3.00000000 41.90000000 0.00000000
v 3.00000000 41.98038476 0.30000000
v 3.00000000 42.08863793 0.23750000
v 3.00000000 42.02500000 0.00000000
v 1.75000000 42.02500000 0.00000000
v 1.75000000 42.08863793 0.23750000
v 1.75000000 42.08863793 0.23750000
v 1.75000000 42.02500000 0.00000000
v 1.75000000 41.90000000 0.00000000
v 1.75000000 41.98038476 0.30000000
v 3.00000000 41.98038476 0.30000000
v 3.00000000 41.90000000 0.00000000
v 3.00000000 42.02500000 0.00000000
v 3.00000000 42.08863793 0.23750000
v 1.75000000 41.90000000 0.00000000
v 1.75000000 41.98038476 -0.30000000
v 3.00000000 41.98038476 -0.30000000
v 3.00000000 41.90000000 0.00000000
v 3.00000000 42.02500000 0.00000000
v 3.00000000 42.08863793 -0.23750000
v 1.75000000 42.08863793 -0.23750000
v 1.75000000 42.02500000 0.00000000
v 1.75000000 42.02500000 0.00000000
v 1.75000000 42.08863793 -0.23750000
v 1.75000000 41.98038476 -0.30000000
v 1.75000000 41.90000000 0.00000000
v 3.00000000 41.90000000 0.00000000
v 3.00000000 41.98038476 -0.30000000
v 3.00000000 42.08863793 -0.23750000
v 3.00000000 42.02500000 0.00000000
v 1.75000000 41.98038476 -0.30000000
v 1.75000000 42.20000000 -0.51961524
v 3.00000000 42.20000000 -0.51961524
v 3.00000000 41.98038476 -0.30000000
v 3.00000000 42.08863793 -0.23750000
v 3.00000000 42.26250000 -0.41136207
v 1.75000000 42.26250000 -0.41136207
v 1.75000000 42.08863793 -0.23750000
v 1.75000000 42.08863793 -0.23750000
v 1.75000000 42.26250000 -0.41136207
v 1.75000000 42.20000000 -0.51961524
v 1.75000000 41.98038476 -0.30000000
v 3.00000000 41.98038476 -0.30000000
v 3.00000000 42.20000000 -0.51961524
v 3.00000000 42.26250000 -0.41136207
v 3.00000000 42.08863793 -0.23750000
v 1.75000000 42.20000000 -0.51961524
v 1.75000000 42.50000000 -0.60000000
v 3.00000000 42.50000000 -0.60000000
v 3.00000000 42.20000000 -0.51961524
v 3.00000000 42.26250000 -0.41136207
v 3.00000000 42.50000000 -0.47500000
v 1.75000000 42.50000000 -0.47500000
v 1.75000000 42.26250000 -0.41136207
v 1.75000000 42.26250000 -0.41136207
v 1.75000000 42.50000000 -0.47500000
v 1.75000000 42.50000000 -0.60000000
v 1.75000000 42.20000000 -0.51961524
v 3.00000000 42.20000000 -0.51961524
v 3.00000000 42.50000000 -0.60000000
v 3.00000000 42.50000000 -0.47500000
v 3.00000000 42.26250000 -0.41136207
vt 0.01562500 0.51562500
vt 0.23437500 0.51562500
vt 0.23437500 0.98437500
vt 0.01562500 0.51562500
vt 0.23437500 0.51562500
vt 0.23437500 0.98437500
vt 0.01562500 0.51562500
vt 0.23437500 0.51562500
vt 0.23437500 0.98437500
vt 0.01562500 0.51562500
vt 0.23437500 0.51562500
vt 0.23437500 0.98437500
vt 0.01562500 0.51562500
vt 0.23437500 0.51562500
vt 0.23437500 0.98437500
vt 0.01562500 0.51562500
vt 0.23437500 0.51562500
vt 0.23437500 0.98437500
vt 0.01562500 0.51562500
vt 0.23437500 0.51562500
vt 0.23437500 0.98437500
vt 0.01562500 0.51562500
vt 0.23437500 0.51562500
vt 0.23437500 0.98437500
vt 0.01562500 0.51562500
vt 0.23437500 0.51562500
vt 0.23437500 0.98437500
vt 0.01562500 0.51562500
vt 0.23437500 0.51562500
vt 0.23437500 0.98437500
vt 0.01562500 0.51562500
vt 0.23437500 0.51562500
vt 0.23437500 0.98437500
vt 0.01562500 0.51562500
vt 0.23437500 0.51562500
vt 0.23437500 0.98437500
vt 0.01562500 0.51562500
vt 0.23437500 0.51562500
vt 0.23437500 0.98437500
vt 0.01562500 0.51562500
vt 0.23437500 0.51562500
vt 0.23437500 0.98437500
vt 0.01562500 0.51562500
vt 0.23437500 0.51562500
vt 0.23437500 0.98437500
vt 0.01562500 0.51562500
vt 0.23437500 0.51562500
vt 0.23437500 0.98437500
vt 0.01562500 0.51562500
vt 0.23437500 0.51562500
vt 0.23437500 0.98437500
vt 0.01562500 0.51562500
vt 0.23437500 0.51562500
vt 0.23437500 0.98437500
vt 0.01562500 0.51562500
vt 0.23437500 0.51562500
vt 0.23437500 0.98437500
vt 0.01562500 0.51562500
vt 0.23437500 0.51562500
vt 0.23437500 0.98437500
vt 0.01562500 0.51562500
vt 0.23437500 0.51562500
vt 0.23437500 0.98437500
vt 0.01562500 0.51562500
vt 0.23437500 0.51562500
vt 0.23437500 0.98437500
vt 0.01562500 0.51562500
vt 0.23437500 0.51562500
vt 0.23437500 0.98437500
vt 0.01562500 0.51562500
vt 0.23437500 0.51562500
vt 0.23437500 0.98437500
vt 0.01562500 0.51562500
vt 0.23437500 0.51562500
vt 0.23437500 0.98437500
vt 0.01562500 0.51562500
vt 0.23437500 0.51562500
vt 0.23437500 0.98437500
vt 0.01562500 0.51562500
vt 0.23437500 0.51562500
vt 0.23437500 0.98437500
vt 0.01562500 0.51562500
vt 0.23437500 0.51562500
vt 0.23437500 0.98437500
vt 0.01562500 0.51562500
vt 0.23437500 0.51562500
vt 0.23437500 0.98437500
vt 0.01562500 0.51562500
vt 0.23437500 0.51562500
vt 0.23437500 0.98437500
vt 0.01562500 0.51562500
vt 0.23437500 0.51562500
vt 0.23437500 0.98437500
vt 0.01562500 0.51562500
vt 0.23437500 0.51562500
vt 0.23437500 0.98437500
vt 0.01562500 0.51562500
vt 0.23437500 0.51562500
vt 0.23437500 0.98437500
vt 0.01562500 0.98437500
vt 0.01562500 0.51562500
vt 0.23437500 0.51562500
vt 0.23437500 0.98437500
vt 0.01562500 0.98437500
vt 0.01562500 0.51562500
vt 0.23437500 0.51562500
vt 0.23437500 0.98437500
vt 0.01562500 0.98437500
vt 0.01562500 0.51562500
vt 0.23437500 0.51562500
vt 0.23437500 0.98437500
vt 0.01562500 0.98437500
vt 0.01562500 0.51562500
vt 0.23437500 0.51562500
vt 0.23437500 0.98437500
vt 0.01562500 0.98437500
vt 0.01562500 0.51562500
vt 0.23437500 0.51562500
vt 0.23437500 0.98437500
vt 0.01562500 0.98437500
vt 0.01562500 0.51562500
vt 0.23437500 0.51562500
vt 0.23437500 0.98437500
vt 0.01562500 0.98437500
vt 0.01562500 0.51562500
vt 0.23437500 0.51562500
vt 0.23437500 0.98437500
vt 0.01562500 0.98437500
vt 0.01562500 0.51562500
vt 0.23437500 0.51562500
vt 0.23437500 0.98437500
vt 0.01562500 0.98437500
vt 0.01562500 0.51562500
vt 0.23437500 0.51562500
vt 0.23437500 0.98437500
vt 0.01562500 0.98437500
vt 0.01562500 0.51562500
vt 0.23437500 0.51562500
vt 0.23437500 0.98437500
vt 0.01562500 0.98437500
vt 0.01562500 0.51562500
vt 0.23437500 0.51562500
vt 0.23437500 0.98437500
vt 0.01562500 0.98437500
vt 0.01562500 0.51562500
vt 0.23437500 0.51562500
vt 0.23437500 0.98437500
vt 0.01562500 0.98437500
vt 0.01562500 0.51562500
vt 0.23437500 0.51562500
vt 0.23437500 0.98437500
vt 0.01562500 0.98437500
vt 0.01562500 0.51562500
vt 0.23437500 0.51562500
vt 0.23437500 0.98437500
vt 0.01562500 0.98437500
vt 0.01562500 0.51562500
vt 0.23437500 0.51562500
vt 0.23437500 0.98437500
vt 0.01562500 0.98437500
vt 0.01562500 0.51562500
vt 0.23437500 0.51562500
vt 0.23437500 0.98437500
vt 0.01562500 0.98437500
vt 0.01562500 0.51562500
vt 0.23437500 0.51562500
vt 0.23437500 0.98437500
vt 0.01562500 0.98437500
vt 0.01562500 0.51562500
vt 0.23437500 0.51562500
vt 0.23437500 0.98437500
vt 0.01562500 0.98437500
vt 0.01562500 0.51562500
vt 0.23437500 0.51562500
vt 0.23437500 0.98437500
vt 0.01562500 0.98437500
vt 0.01562500 0.51562500
vt 0.23437500 0.51562500
vt 0.23437500 0.98437500
vt 0.01562500 0.98437500
vt 0.01562500 0.51562500
vt 0.23437500 0.51562500
vt 0.23437500 0.98437500
vt 0.01562500 0.98437500
vt 0.01562500 0.51562500
vt 0.23437500 0.51562500
vt 0.23437500 0.98437500
vt 0.01562500 0.98437500
vt 0.01562500 0.51562500
vt 0.23437500 0.51562500
vt 0.23437500 0.98437500
vt 0.01562500 0.98437500
vt 0.01562500 0.51562500
vt 0.23437500 0.51562500
vt 0.23437500 0.98437500
vt 0.01562500 0.98437500
vt 0.01562500 0.51562500
vt 0.23437500 0.51562500
vt 0.23437500 0.98437500
vt 0.01562500 0.98437500
vt 0.01562500 0.51562500
vt 0.23437500 0.51562500
vt 0.23437500 0.98437500
vt 0.01562500 0.98437500
vt 0.01562500 0.51562500
vt 0.23437500 0.51562500
vt 0.23437500 0.98437500
vt 0.01562500 0.98437500
vt 0.01562500 0.51562500
vt 0.23437500 0.51562500
vt 0.23437500 0.98437500
vt 0.01562500 0.98437500
vt 0.01562500 0.51562500
vt 0.23437500 0.51562500
vt 0.23437500 0.98437500
vt 0.01562500 0.98437500
vt 0.01562500 0.51562500
vt 0.23437500 0.51562500
vt 0.23437500 0.98437500
vt 0.01562500 0.98437500
vt 0.01562500 0.51562500
vt 0.23437500 0.51562500
vt 0.23437500 0.98437500
vt 0.01562500 0.98437500
vt 0.01562500 0.51562500
vt 0.23437500 0.51562500
vt 0.23437500 0.98437500
vt 0.01562500 0.98437500
vt 0.01562500 0.51562500
vt 0.23437500 0.51562500
vt 0.23437500 0.98437500
vt 0.01562500 0.98437500
vt 0.01562500 0.51562500
vt 0.23437500 0.51562500
vt 0.23437500 0.98437500
vt 0.01562500 0.98437500
vt 0.01562500 0.51562500
vt 0.23437500 0.51562500
vt 0.23437500 0.98437500
vt 0.01562500 0.98437500
vt 0.01562500 0.51562500
vt 0.23437500 0.51562500
vt 0.23437500 0.98437500
vt 0.01562500 0.98437500
vt 0.01562500 0.51562500
vt 0.23437500 0.51562500
vt 0.23437500 0.98437500
vt 0.01562500 0.98437500
vt 0.01562500 0.51562500
vt 0.23437500 0.51562500
vt 0.23437500 0.98437500
vt 0.01562500 0.98437500
vt 0.01562500 0.51562500
vt 0.23437500 0.51562500
vt 0.23437500 0.98437500
vt 0.01562500 0.98437500
vt 0.01562500 0.51562500
vt 0.23437500 0.51562500
vt 0.23437500 0.98437500
vt 0.01562500 0.98437500
vt 0.01562500 0.51562500
vt 0.23437500 0.51562500
vt 0.23437500 0.98437500
vt 0.01562500 0.98437500
vt 0.01562500 0.51562500
vt 0.23437500 0.51562500
vt 0.23437500 0.98437500
vt 0.01562500 0.98437500
vt 0.01562500 0.51562500
vt 0.23437500 0.51562500
vt 0.23437500 0.98437500
vt 0.01562500 0.98437500
vt 0.01562500 0.51562500
vt 0.23437500 0.51562500
vt 0.23437500 0.98437500
vt 0.01562500 0.98437500
vt 0.01562500 0.51562500
vt 0.23437500 0.51562500
vt 0.23437500 0.98437500
vt 0.01562500 0.98437500
vt 0.01562500 0.51562500
vt 0.23437500 0.51562500
vt 0.23437500 0.98437500
vt 0.01562500 0.98437500
vt 0.01562500 0.51562500
vt 0.23437500 0.51562500
vt 0.23437500 0.98437500
vt 0.01562500 0.98437500
vt 0.01562500 0.51562500
vt 0.23437500 0.51562500
vt 0.23437500 0.98437500
vt 0.01562500 0.98437500
vt 0.01562500 0.51562500
vt 0.23437500 0.51562500
vt 0.23437500 0.98437500
vt 0.01562500 0.98437500
vt 0.01562500 0.51562500
vt 0.23437500 0.51562500
vt 0.23437500 0.98437500
vt 0.01562500 0.98437500
vt 0.01562500 0.51562500
vt 0.23437500 0.51562500
vt 0.23437500 0.98437500
vt 0.01562500 0.98437500
vt 0.01562500 0.51562500
vt 0.23437500 0.51562500
vt 0.23437500 0.98437500
vt 0.01562500 0.98437500
vt 0.01562500 0.51562500
vt 0.23437500 0.51562500
vt 0.23437500 0.98437500
vt 0.01562500 0.98437500
vt 0.01562500 0.51562500
vt 0.23437500 0.51562500
vt 0.23437500 0.98437500
vt 0.01562500 0.98437500
vt 0.01562500 0.51562500
vt 0.23437500 0.51562500
vt 0.23437500 0.98437500
vt 0.01562500 0.98437500
vt 0.01562500 0.51562500
vt 0.23437500 0.51562500
vt 0.23437500 0.98437500
vt 0.01562500 0.98437500
vt 0.01562500 0.51562500
vt 0.23437500 0.51562500
vt 0.23437500 0.98437500
vt 0.01562500 0.98437500
vt 0.01562500 0.51562500
vt 0.23437500 0.51562500
vt 0.23437500 0.98437500
vt 0.01562500 0.98437500
vt 0.01562500 0.51562500
vt 0.23437500 0.51562500
vt 0.23437500 0.98437500
vt 0.01562500 0.98437500
vt 0.01562500 0.51562500
vt 0.23437500 0.51562500
vt 0.23437500 0.98437500
vt 0.01562500 0.98437500
vt 0.01562500 0.51562500
vt 0.23437500 0.51562500
vt 0.23437500 0.98437500
vt 0.01562500 0.98437500
vt 0.01562500 0.51562500
vt 0.23437500 0.51562500
vt 0.23437500 0.98437500
vt 0.01562500 0.98437500
vt 0.01562500 0.51562500
vt 0.23437500 0.51562500
vt 0.23437500 0.98437500
vt 0.01562500 0.98437500
vt 0.01562500 0.51562500
vt 0.23437500 0.51562500
vt 0.23437500 0.98437500
vt 0.01562500 0.98437500
vt 0.01562500 0.51562500
vt 0.23437500 0.51562500
vt 0.23437500 0.98437500
vt 0.01562500 0.98437500
vt 0.01562500 0.51562500
vt 0.23437500 0.51562500
vt 0.23437500 0.98437500
vt 0.01562500 0.98437500
vt 0.01562500 0.51562500
vt 0.23437500 0.51562500
vt 0.23437500 0.98437500
vt 0.01562500 0.98437500
vt 0.01562500 0.51562500
vt 0.23437500 0.51562500
vt 0.23437500 0.98437500
vt 0.01562500 0.98437500
vt 0.01562500 0.51562500
vt 0.23437500 0.51562500
vt 0.23437500 0.98437500
vt 0.01562500 0.98437500
vt 0.01562500 0.51562500
vt 0.23437500 0.51562500
vt 0.23437500 0.98437500
vt 0.01562500 0.98437500
vt 0.01562500 0.51562500
vt 0.23437500 0.51562500
vt 0.23437500 0.98437500
vt 0.01562500 0.98437500
vt 0.01562500 0.51562500
vt 0.23437500 0.51562500
vt 0.23437500 0.98437500
vt 0.01562500 0.98437500
vt 0.01562500 0.51562500
vt 0.23437500 0.51562500
vt 0.23437500 0.98437500
vt 0.01562500 0.98437500
vt 0.01562500 0.51562500
vt 0.23437500 0.51562500
vt 0.23437500 0.98437500
vt 0.01562500 0.98437500
vt 0.01562500 0.51562500
vt 0.23437500 0.51562500
vt 0.23437500 0.98437500
vt 0.01562500 0.98437500
vt 0.01562500 0.51562500
vt 0.23437500 0.51562500
vt 0.23437500 0.98437500
vt 0.01562500 0.98437500
vt 0.01562500 0.51562500
vt 0.23437500 0.51562500
vt 0.23437500 0.98437500
vt 0.01562500 0.98437500
vt 0.01562500 0.51562500
vt 0.23437500 0.51562500
vt 0.23437500 0.98437500
vt 0.01562500 0.98437500
vt 0.01562500 0.51562500
vt 0.23437500 0.51562500
vt 0.23437500 0.98437500
vt 0.01562500 0.98437500
vt 0.01562500 0.51562500
vt 0.23437500 0.51562500
vt 0.23437500 0.98437500
vt 0.01562500 0.98437500
vt 0.01562500 0.51562500
vt 0.23437500 0.51562500
vt 0.23437500 0.98437500
vt 0.01562500 0.98437500
vt 0.01562500 0.51562500
vt 0.23437500 0.51562500
vt 0.23437500 0.98437500
vt 0.01562500 0.98437500
vt 0.01562500 0.51562500
vt 0.23437500 0.51562500
vt 0.23437500 0.98437500
vt 0.01562500 0.98437500
vt 0.01562500 0.51562500
vt 0.23437500 0.51562500
vt 0.23437500 0.98437500
vt 0.01562500 0.98437500
vt 0.01562500 0.51562500
vt 0.23437500 0.51562500
vt 0.23437500 0.98437500
vt 0.01562500 0.98437500
vt 0.01562500 0.51562500
vt 0.23437500 0.51562500
vt 0.23437500 0.98437500
vt 0.01562500 0.98437500
vt 0.01562500 0.51562500
vt 0.23437500 0.51562500
vt 0.23437500 0.98437500
vt 0.01562500 0.98437500
vt 0.01562500 0.51562500
vt 0.23437500 0.51562500
vt 0.23437500 0.98437500
vt 0.01562500 0.98437500
vt 0.01562500 0.51562500
vt 0.23437500 0.51562500
vt 0.23437500 0.98437500
vt 0.01562500 0.98437500
vt 0.01562500 0.51562500
vt 0.23437500 0.51562500
vt 0.23437500 0.98437500
vt 0.01562500 0.98437500
vt 0.01562500 0.51562500
vt 0.23437500 0.51562500
vt 0.23437500 0.98437500
vt 0.01562500 0.98437500
vt 0.01562500 0.51562500
vt 0.23437500 0.51562500
vt 0.23437500 0.98437500
vt 0.01562500 0.98437500
vt 0.01562500 0.51562500
vt 0.23437500 0.51562500
vt 0.23437500 0.98437500
vt 0.01562500 0.98437500
vt 0.01562500 0.51562500
vt 0.23437500 0.51562500
vt 0.23437500 0.98437500
vt 0.01562500 0.98437500
vt 0.01562500 0.51562500
vt 0.23437500 0.51562500
vt 0.23437500 0.98437500
vt 0.01562500 0.98437500
vt 0.01562500 0.51562500
vt 0.23437500 0.51562500
vt 0.23437500 0.98437500
vt 0.01562500 0.98437500
vt 0.01562500 0.51562500
vt 0.23437500 0.51562500
vt 0.23437500 0.98437500
vt 0.01562500 0.98437500
vt 0.01562500 0.51562500
vt 0.23437500 0.51562500
vt 0.23437500 0.98437500
vt 0.01562500 0.98437500
vt 0.01562500 0.51562500
vt 0.23437500 0.51562500
vt 0.23437500 0.98437500
vt 0.01562500 0.98437500
vt 0.01562500 0.51562500
vt 0.23437500 0.51562500
vt 0.23437500 0.98437500
vt 0.01562500 0.98437500
vt 0.01562500 0.51562500
vt 0.23437500 0.51562500
vt 0.23437500 0.98437500
vt 0.01562500 0.98437500
vt 0.01562500 0.51562500
vt 0.23437500 0.51562500
vt 0.23437500 0.98437500
vt 0.01562500 0.98437500
vt 0.01562500 0.51562500
vt 0.23437500 0.51562500
vt 0.23437500 0.98437500
vt 0.01562500 0.98437500
vt 0.01562500 0.51562500
vt 0.23437500 0.51562500
vt 0.23437500 0.98437500
vt 0.01562500 0.98437500
vt 0.01562500 0.51562500
vt 0.23437500 0.51562500
vt 0.23437500 0.98437500
vt 0.01562500 0.98437500
vt 0.01562500 0.51562500
vt 0.23437500 0.51562500
vt 0.23437500 0.98437500
vt 0.01562500 0.98437500
vt 0.01562500 0.51562500
vt 0.23437500 0.51562500
vt 0.23437500 0.98437500
vt 0.01562500 0.98437500
vt 0.01562500 0.51562500
vt 0.23437500 0.51562500
vt 0.23437500 0.98437500
vt 0.01562500 0.98437500
vt 0.01562500 0.51562500
vt 0.23437500 0.51562500
vt 0.23437500 0.98437500
vt 0.01562500 0.98437500
vt 0.01562500 0.51562500
vt 0.23437500 0.51562500
vt 0.23437500 0.98437500
vt 0.01562500 0.98437500
vt 0.01562500 0.51562500
vt 0.23437500 0.51562500
vt 0.23437500 0.98437500
vt 0.01562500 0.98437500
vt 0.01562500 0.51562500
vt 0.23437500 0.51562500
vt 0.23437500 0.98437500
vt 0.01562500 0.98437500
vt 0.01562500 0.51562500
vt 0.23437500 0.51562500
vt 0.23437500 0.98437500
vt 0.01562500 0.98437500
vt 0.01562500 0.51562500
vt 0.23437500 0.51562500
vt 0.23437500 0.98437500
vt 0.01562500 0.98437500
vt 0.01562500 0.51562500
vt 0.23437500 0.51562500
vt 0.23437500 0.98437500
vt 0.01562500 0.98437500
vt 0.01562500 0.51562500
vt 0.23437500 0.51562500
vt 0.23437500 0.98437500
vt 0.01562500 0.98437500
vt 0.01562500 0.51562500
vt 0.23437500 0.51562500
vt 0.23437500 0.98437500
vt 0.01562500 0.98437500
vt 0.01562500 0.51562500
vt 0.23437500 0.51562500
vt 0.23437500 0.98437500
vt 0.01562500 0.98437500
vt 0.01562500 0.51562500
vt 0.23437500 0.51562500
vt 0.23437500 0.98437500
vt 0.01562500 0.98437500
vt 0.01562500 0.51562500
vt 0.23437500 0.51562500
vt 0.23437500 0.98437500
vt 0.01562500 0.98437500
vt 0.01562500 0.51562500
vt 0.23437500 0.51562500
vt 0.23437500 0.98437500
vt 0.01562500 0.98437500
vt 0.01562500 0.51562500
vt 0.23437500 0.51562500
vt 0.23437500 0.98437500
vt 0.01562500 0.98437500
vt 0.01562500 0.51562500
vt 0.23437500 0.51562500
vt 0.23437500 0.98437500
vt 0.01562500 0.98437500
vt 0.01562500 0.51562500
vt 0.23437500 0.51562500
vt 0.23437500 0.98437500
vt 0.01562500 0.98437500
vt 0.01562500 0.51562500
vt 0.23437500 0.51562500
vt 0.23437500 0.98437500
vt 0.01562500 0.98437500
vt 0.01562500 0.51562500
vt 0.23437500 0.51562500
vt 0.23437500 0.98437500
vt 0.01562500 0.98437500
vt 0.01562500 0.51562500
vt 0.23437500 0.51562500
vt 0.23437500 0.98437500
vt 0.01562500 0.98437500
vt 0.01562500 0.51562500
vt 0.23437500 0.51562500
vt 0.23437500 0.98437500
vt 0.01562500 0.98437500
vt 0.01562500 0.51562500
vt 0.23437500 0.51562500
vt 0.23437500 0.98437500
vt 0.01562500 0.98437500
vt 0.01562500 0.51562500
vt 0.23437500 0.51562500
vt 0.23437500 0.98437500
vt 0.01562500 0.98437500
vt 0.01562500 0.51562500
vt 0.23437500 0.51562500
vt 0.23437500 0.98437500
vt 0.01562500 0.98437500
vt 0.01562500 0.51562500
vt 0.23437500 0.51562500
vt 0.23437500 0.98437500
vt 0.01562500 0.98437500
vt 0.01562500 0.51562500
vt 0.23437500 0.51562500
vt 0.23437500 0.98437500
vt 0.01562500 0.98437500
vt 0.01562500 0.51562500
vt 0.23437500 0.51562500
vt 0.23437500 0.98437500
vt 0.01562500 0.98437500
vt 0.01562500 0.51562500
vt 0.23437500 0.51562500
vt 0.23437500 0.98437500
vt 0.01562500 0.98437500
vt 0.01562500 0.51562500
vt 0.23437500 0.51562500
vt 0.23437500 0.98437500
vt 0.01562500 0.98437500
vt 0.01562500 0.51562500
vt 0.23437500 0.51562500
vt 0.23437500 0.98437500
vt 0.01562500 0.98437500
vt 0.01562500 0.51562500
vt 0.23437500 0.51562500
vt 0.23437500 0.98437500
vt 0.01562500 0.98437500
vt 0.01562500 0.51562500
vt 0.23437500 0.51562500
vt 0.23437500 0.98437500
vt 0.01562500 0.98437500
vt 0.01562500 0.51562500
vt 0.23437500 0.51562500
vt 0.23437500 0.98437500
vt 0.01562500 0.98437500
vt 0.01562500 0.51562500
vt 0.23437500 0.51562500
vt 0.23437500 0.98437500
vt 0.01562500 0.98437500
vt 0.01562500 0.51562500
vt 0.23437500 0.51562500
vt 0.23437500 0.98437500
vt 0.01562500 0.98437500
vt 0.01562500 0.51562500
vt 0.23437500 0.51562500
vt 0.23437500 0.98437500
vt 0.01562500 0.98437500
vt 0.01562500 0.51562500
vt 0.23437500 0.51562500
vt 0.23437500 0.98437500
vt 0.01562500 0.98437500
vt 0.01562500 0.51562500
vt 0.23437500 0.51562500
vt 0.23437500 0.98437500
vt 0.01562500 0.98437500
vt 0.01562500 0.51562500
vt 0.23437500 0.51562500
vt 0.23437500 0.98437500
vt 0.01562500 0.98437500
vt 0.01562500 0.51562500
vt 0.23437500 0.51562500
vt 0.23437500 0.98437500
vt 0.01562500 0.98437500
vt 0.01562500 0.51562500
vt 0.23437500 0.51562500
vt 0.23437500 0.98437500
vt 0.01562500 0.98437500
vt 0.01562500 0.51562500
vt 0.23437500 0.51562500
vt 0.23437500 0.98437500
vt 0.01562500 0.98437500
vt 0.01562500 0.51562500
vt 0.23437500 0.51562500
vt 0.23437500 0.98437500
vt 0.01562500 0.98437500
vt 0.01562500 0.51562500
vt 0.23437500 0.51562500
vt 0.23437500 0.98437500
vt 0.01562500 0.98437500
vt 0.01562500 0.51562500
vt 0.23437500 0.51562500
vt 0.23437500 0.98437500
vt 0.01562500 0.98437500
vt 0.01562500 0.51562500
vt 0.23437500 0.51562500
vt 0.23437500 0.98437500
vt 0.01562500 0.98437500
vt 0.01562500 0.51562500
vt 0.23437500 0.51562500
vt 0.23437500 0.98437500
vt 0.01562500 0.98437500
vt 0.01562500 0.51562500
vt 0.23437500 0.51562500
vt 0.23437500 0.98437500
vt 0.01562500 0.98437500
vt 0.01562500 0.51562500
vt 0.23437500 0.51562500
vt 0.23437500 0.98437500
vt 0.01562500 0.98437500
vt 0.01562500 0.51562500
vt 0.23437500 0.51562500
vt 0.23437500 0.98437500
vt 0.01562500 0.98437500
vt 0.01562500 0.51562500
vt 0.23437500 0.51562500
vt 0.23437500 0.98437500
vt 0.01562500 0.98437500
vt 0.01562500 0.51562500
vt 0.23437500 0.51562500
vt 0.23437500 0.98437500
vt 0.01562500 0.98437500
vt 0.01562500 0.51562500
vt 0.23437500 0.51562500
vt 0.23437500 0.98437500
vt 0.01562500 0.98437500
vt 0.01562500 0.51562500
vt 0.23437500 0.51562500
vt 0.23437500 0.98437500
vt 0.01562500 0.98437500
vt 0.01562500 0.51562500
vt 0.23437500 0.51562500
vt 0.23437500 0.98437500
vt 0.01562500 0.98437500
vt 0.01562500 0.51562500
vt 0.23437500 0.51562500
vt 0.23437500 0.98437500
vt 0.01562500 0.98437500
vt 0.01562500 0.51562500
vt 0.23437500 0.51562500
vt 0.23437500 0.98437500
vt 0.01562500 0.98437500
vt 0.01562500 0.51562500
vt 0.23437500 0.51562500
vt 0.23437500 0.98437500
vt 0.01562500 0.98437500
vt 0.01562500 0.51562500
vt 0.23437500 0.51562500
vt 0.23437500 0.98437500
vt 0.01562500 0.98437500
vt 0.01562500 0.51562500
vt 0.23437500 0.51562500
vt 0.23437500 0.98437500
vt 0.01562500 0.98437500
vt 0.01562500 0.51562500
vt 0.23437500 0.51562500
vt 0.23437500 0.98437500
vt 0.01562500 0.98437500
vt 0.01562500 0.51562500
vt 0.23437500 0.51562500
vt 0.23437500 0.98437500
vt 0.01562500 0.98437500
vt 0.01562500 0.51562500
vt 0.23437500 0.51562500
vt 0.23437500 0.98437500
vt 0.01562500 0.98437500
vt 0.01562500 0.51562500
vt 0.23437500 0.51562500
vt 0.23437500 0.98437500
vt 0.01562500 0.98437500
vt 0.01562500 0.51562500
vt 0.23437500 0.51562500
vt 0.23437500 0.98437500
vt 0.01562500 0.98437500
vt 0.01562500 0.51562500
vt 0.23437500 0.51562500
vt 0.23437500 0.98437500
vt 0.01562500 0.98437500
vt 0.01562500 0.51562500
vt 0.23437500 0.51562500
vt 0.23437500 0.98437500
vt 0.01562500 0.98437500
vt 0.01562500 0.51562500
vt 0.23437500 0.51562500
vt 0.23437500 0.98437500
vt 0.01562500 0.98437500
vt 0.01562500 0.51562500
vt 0.23437500 0.51562500
vt 0.23437500 0.98437500
vt 0.01562500 0.98437500
vt 0.01562500 0.51562500
vt 0.23437500 0.51562500
vt 0.23437500 0.98437500
vt 0.01562500 0.98437500
vt 0.01562500 0.51562500
vt 0.23437500 0.51562500
vt 0.23437500 0.98437500
vt 0.01562500 0.98437500
vt 0.01562500 0.51562500
vt 0.23437500 0.51562500
vt 0.23437500 0.98437500
vt 0.01562500 0.98437500
vt 0.01562500 0.51562500
vt 0.23437500 0.51562500
vt 0.23437500 0.98437500
vt 0.01562500 0.98437500
vt 0.01562500 0.51562500
vt 0.23437500 0.51562500
vt 0.23437500 0.98437500
vt 0.01562500 0.98437500
vt 0.01562500 0.51562500
vt 0.23437500 0.51562500
vt 0.23437500 0.98437500
vt 0.01562500 0.98437500
vt 0.01562500 0.51562500
vt 0.23437500 0.51562500
vt 0.23437500 0.98437500
vt 0.01562500 0.98437500
vt 0.01562500 0.51562500
vt 0.23437500 0.51562500
vt 0.23437500 0.98437500
vt 0.01562500 0.98437500
vt 0.01562500 0.51562500
vt 0.23437500 0.51562500
vt 0.23437500 0.98437500
vt 0.01562500 0.98437500
vt 0.01562500 0.51562500
vt 0.23437500 0.51562500
vt 0.23437500 0.98437500
vt 0.01562500 0.98437500
vt 0.01562500 0.51562500
vt 0.23437500 0.51562500
vt 0.23437500 0.98437500
vt 0.01562500 0.98437500
vt 0.01562500 0.51562500
vt 0.23437500 0.51562500
vt 0.23437500 0.98437500
vt 0.01562500 0.98437500
vt 0.01562500 0.51562500
vt 0.23437500 0.51562500
vt 0.23437500 0.98437500
vt 0.01562500 0.98437500
vt 0.01562500 0.51562500
vt 0.23437500 0.51562500
vt 0.23437500 0.98437500
vt 0.01562500 0.98437500
vt 0.01562500 0.51562500
vt 0.23437500 0.51562500
vt 0.23437500 0.98437500
vt 0.01562500 0.98437500
vt 0.01562500 0.51562500
vt 0.23437500 0.51562500
vt 0.23437500 0.98437500
vt 0.01562500 0.98437500
vt 0.01562500 0.51562500
vt 0.23437500 0.51562500
vt 0.23437500 0.98437500
vt 0.01562500 0.98437500
vt 0.01562500 0.51562500
vt 0.23437500 0.51562500
vt 0.23437500 0.98437500
vt 0.01562500 0.98437500
vt 0.01562500 0.51562500
vt 0.23437500 0.51562500
vt 0.23437500 0.98437500
vt 0.01562500 0.98437500
vt 0.01562500 0.51562500
vt 0.23437500 0.51562500
vt 0.23437500 0.98437500
vt 0.01562500 0.98437500
vt 0.01562500 0.51562500
vt 0.23437500 0.51562500
vt 0.23437500 0.98437500
vt 0.01562500 0.98437500
vt 0.01562500 0.51562500
vt 0.23437500 0.51562500
vt 0.23437500 0.98437500
vt 0.01562500 0.98437500
vt 0.01562500 0.51562500
vt 0.23437500 0.51562500
vt 0.23437500 0.98437500
vt 0.01562500 0.98437500
vt 0.01562500 0.51562500
vt 0.23437500 0.51562500
vt 0.23437500 0.98437500
vt 0.01562500 0.98437500
vt 0.01562500 0.51562500
vt 0.23437500 0.51562500
vt 0.23437500 0.98437500
vt 0.01562500 0.98437500
vt 0.01562500 0.51562500
vt 0.23437500 0.51562500
vt 0.23437500 0.98437500
vt 0.01562500 0.98437500
vt 0.01562500 0.51562500
vt 0.23437500 0.51562500
vt 0.23437500 0.98437500
vt 0.01562500 0.98437500
vt 0.01562500 0.51562500
vt 0.23437500 0.51562500
vt 0.23437500 0.98437500
vt 0.01562500 0.98437500
vt 0.01562500 0.51562500
vt 0.23437500 0.51562500
vt 0.23437500 0.98437500
vt 0.01562500 0.98437500
vt 0.01562500 0.51562500
vt 0.23437500 0.51562500
vt 0.23437500 0.98437500
vt 0.01562500 0.98437500
vt 0.01562500 0.51562500
vt 0.23437500 0.51562500
vt 0.23437500 0.98437500
vt 0.01562500 0.98437500
vt 0.01562500 0.51562500
vt 0.23437500 0.51562500
vt 0.23437500 0.98437500
vt 0.01562500 0.98437500
vt 0.01562500 0.51562500
vt 0.23437500 0.51562500
vt 0.23437500 0.98437500
vt 0.01562500 0.98437500
vt 0.01562500 0.51562500
vt 0.23437500 0.51562500
vt 0.23437500 0.98437500
vt 0.01562500 0.98437500
vt 0.01562500 0.51562500
vt 0.23437500 0.51562500
vt 0.23437500 0.98437500
vt 0.01562500 0.98437500
vt 0.01562500 0.51562500
vt 0.23437500 0.51562500
vt 0.23437500 0.98437500
vt 0.01562500 0.98437500
vt 0.01562500 0.51562500
vt 0.23437500 0.51562500
vt 0.23437500 0.98437500
vt 0.01562500 0.98437500
vt 0.01562500 0.51562500
vt 0.23437500 0.51562500
vt 0.23437500 0.98437500
vt 0.01562500 0.98437500
vt 0.01562500 0.51562500
vt 0.23437500 0.51562500
vt 0.23437500 0.98437500
vt 0.01562500 0.98437500
vt 0.01562500 0.51562500
vt 0.23437500 0.51562500
vt 0.23437500 0.98437500
vt 0.01562500 0.98437500
vt 0.01562500 0.51562500
vt 0.23437500 0.51562500
vt 0.23437500 0.98437500
vt 0.01562500 0.98437500
vt 0.01562500 0.51562500
vt 0.23437500 0.51562500
vt 0.23437500 0.98437500
vt 0.01562500 0.98437500
vt 0.01562500 0.51562500
vt 0.23437500 0.51562500
vt 0.23437500 0.98437500
vt 0.01562500 0.98437500
vt 0.01562500 0.51562500
vt 0.23437500 0.51562500
vt 0.23437500 0.98437500
vt 0.01562500 0.98437500
vt 0.01562500 0.51562500
vt 0.23437500 0.51562500
vt 0.23437500 0.98437500
vt 0.01562500 0.98437500
vt 0.01562500 0.51562500
vt 0.23437500 0.51562500
vt 0.23437500 0.98437500
vt 0.01562500 0.98437500
vt 0.01562500 0.51562500
vt 0.23437500 0.51562500
vt 0.23437500 0.98437500
vt 0.01562500 0.98437500
vt 0.01562500 0.51562500
vt 0.23437500 0.51562500
vt 0.23437500 0.98437500
vt 0.01562500 0.98437500
vt 0.01562500 0.51562500
vt 0.23437500 0.51562500
vt 0.23437500 0.98437500
vt 0.01562500 0.98437500
vt 0.01562500 0.51562500
vt 0.23437500 0.51562500
vt 0.23437500 0.98437500
vt 0.01562500 0.98437500
vt 0.01562500 0.51562500
vt 0.23437500 0.51562500
vt 0.23437500 0.98437500
vt 0.01562500 0.98437500
vt 0.01562500 0.51562500
vt 0.23437500 0.51562500
vt 0.23437500 0.98437500
vt 0.01562500 0.98437500
vt 0.01562500 0.51562500
vt 0.23437500 0.51562500
vt 0.23437500 0.98437500
vt 0.01562500 0.98437500
vt 0.01562500 0.51562500
vt 0.23437500 0.51562500
vt 0.23437500 0.98437500
vt 0.01562500 0.98437500
vt 0.01562500 0.51562500
vt 0.23437500 0.51562500
vt 0.23437500 0.98437500
vt 0.01562500 0.98437500
vt 0.01562500 0.51562500
vt 0.23437500 0.51562500
vt 0.23437500 0.98437500
vt 0.01562500 0.98437500
vt 0.01562500 0.51562500
vt 0.23437500 0.51562500
vt 0.23437500 0.98437500
vt 0.01562500 0.98437500
vt 0.01562500 0.51562500
vt 0.23437500 0.51562500
vt 0.23437500 0.98437500
vt 0.01562500 0.98437500
vt 0.01562500 0.51562500
vt 0.23437500 0.51562500
vt 0.23437500 0.98437500
vt 0.01562500 0.98437500
vt 0.01562500 0.51562500
vt 0.23437500 0.51562500
vt 0.23437500 0.98437500
vt 0.01562500 0.98437500
vt 0.01562500 0.51562500
vt 0.23437500 0.51562500
vt 0.23437500 0.98437500
vt 0.01562500 0.98437500
vt 0.01562500 0.51562500
vt 0.23437500 0.51562500
vt 0.23437500 0.98437500
vt 0.01562500 0.98437500
vt 0.01562500 0.51562500
vt 0.23437500 0.51562500
vt 0.23437500 0.98437500
vt 0.01562500 0.98437500
vt 0.01562500 0.51562500
vt 0.23437500 0.51562500
vt 0.23437500 0.98437500
vt 0.01562500 0.98437500
vt 0.01562500 0.51562500
vt 0.23437500 0.51562500
vt 0.23437500 0.98437500
vt 0.01562500 0.98437500
vt 0.01562500 0.51562500
vt 0.23437500 0.51562500
vt 0.23437500 0.98437500
vt 0.01562500 0.98437500
vt 0.01562500 0.51562500
vt 0.23437500 0.51562500
vt 0.23437500 0.98437500
vt 0.01562500 0.98437500
vt 0.01562500 0.51562500
vt 0.23437500 0.51562500
vt 0.23437500 0.98437500
vt 0.01562500 0.98437500
vt 0.01562500 0.51562500
vt 0.23437500 0.51562500
vt 0.23437500 0.98437500
vt 0.01562500 0.98437500
vt 0.01562500 0.51562500
vt 0.23437500 0.51562500
vt 0.23437500 0.98437500
vt 0.01562500 0.98437500
vt 0.01562500 0.51562500
vt 0.23437500 0.51562500
vt 0.23437500 0.98437500
vt 0.01562500 0.98437500
vt 0.01562500 0.51562500
vt 0.23437500 0.51562500
vt 0.23437500 0.98437500
vt 0.01562500 0.98437500
vt 0.01562500 0.51562500
vt 0.23437500 0.51562500
vt 0.23437500 0.98437500
vt 0.01562500 0.98437500
vt 0.01562500 0.51562500
vt 0.23437500 0.51562500
vt 0.23437500 0.98437500
vt 0.01562500 0.98437500
vt 0.01562500 0.51562500
vt 0.23437500 0.51562500
vt 0.23437500 0.98437500
vt 0.01562500 0.98437500
vt 0.01562500 0.51562500
vt 0.23437500 0.51562500
vt 0.23437500 0.98437500
vt 0.01562500 0.98437500
vt 0.01562500 0.51562500
vt 0.23437500 0.51562500
vt 0.23437500 0.98437500
vt 0.01562500 0.98437500
vt 0.01562500 0.51562500
vt 0.23437500 0.51562500
vt 0.23437500 0.98437500
vt 0.01562500 0.98437500
vt 0.01562500 0.51562500
vt 0.23437500 0.51562500
vt 0.23437500 0.98437500
vt 0.01562500 0.98437500
vt 0.01562500 0.51562500
vt 0.23437500 0.51562500
vt 0.23437500 0.98437500
vt 0.01562500 0.98437500
vt 0.01562500 0.51562500
vt 0.23437500 0.51562500
vt 0.23437500 0.98437500
vt 0.01562500 0.98437500
vt 0.01562500 0.51562500
vt 0.23437500 0.51562500
vt 0.23437500 0.98437500
vt 0.01562500 0.98437500
vt 0.01562500 0.51562500
vt 0.23437500 0.51562500
vt 0.23437500 0.98437500
vt 0.01562500 0.98437500
vt 0.01562500 0.51562500
vt 0.23437500 0.51562500
vt 0.23437500 0.98437500
vt 0.01562500 0.98437500
vt 0.01562500 0.51562500
vt 0.23437500 0.51562500
vt 0.23437500 0.98437500
vt 0.01562500 0.98437500
vt 0.01562500 0.51562500
vt 0.23437500 0.51562500
vt 0.23437500 0.98437500
vt 0.01562500 0.98437500
vt 0.01562500 0.51562500
vt 0.23437500 0.51562500
vt 0.23437500 0.98437500
vt 0.01562500 0.98437500
vt 0.01562500 0.51562500
vt 0.23437500 0.51562500
vt 0.23437500 0.98437500
vt 0.01562500 0.98437500
vt 0.01562500 0.51562500
vt 0.23437500 0.51562500
vt 0.23437500 0.98437500
vt 0.01562500 0.98437500
vt 0.01562500 0.51562500
vt 0.23437500 0.51562500
vt 0.23437500 0.98437500
vt 0.01562500 0.98437500
vt 0.01562500 0.51562500
vt 0.23437500 0.51562500
vt 0.23437500 0.98437500
vt 0.01562500 0.98437500
vt 0.01562500 0.51562500
vt 0.23437500 0.51562500
vt 0.23437500 0.98437500
vt 0.01562500 0.98437500
vt 0.01562500 0.51562500
vt 0.23437500 0.51562500
vt 0.23437500 0.98437500
vt 0.01562500 0.98437500
vt 0.01562500 0.51562500
vt 0.23437500 0.51562500
vt 0.23437500 0.98437500
vt 0.01562500 0.98437500
vt 0.01562500 0.51562500
vt 0.23437500 0.51562500
vt 0.23437500 0.98437500
vt 0.01562500 0.98437500
vt 0.01562500 0.51562500
vt 0.23437500 0.51562500
vt 0.23437500 0.98437500
vt 0.01562500 0.98437500
vt 0.01562500 0.51562500
vt 0.23437500 0.51562500
vt 0.23437500 0.98437500
vt 0.01562500 0.98437500
vt 0.01562500 0.51562500
vt 0.23437500 0.51562500
vt 0.23437500 0.98437500
vt 0.01562500 0.98437500
vt 0.01562500 0.51562500
vt 0.23437500 0.51562500
vt 0.23437500 0.98437500
vt 0.01562500 0.98437500
vt 0.01562500 0.51562500
vt 0.23437500 0.51562500
vt 0.23437500 0.98437500
vt 0.01562500 0.98437500
vt 0.01562500 0.51562500
vt 0.23437500 0.51562500
vt 0.23437500 0.98437500
vt 0.01562500 0.98437500
vt 0.01562500 0.51562500
vt 0.23437500 0.51562500
vt 0.23437500 0.98437500
vt 0.01562500 0.98437500
vt 0.01562500 0.51562500
vt 0.23437500 0.51562500
vt 0.23437500 0.98437500
vt 0.01562500 0.98437500
vt 0.01562500 0.51562500
vt 0.23437500 0.51562500
vt 0.23437500 0.98437500
vt 0.01562500 0.98437500
vt 0.01562500 0.51562500
vt 0.23437500 0.51562500
vt 0.23437500 0.98437500
vt 0.01562500 0.98437500
vt 0.01562500 0.51562500
vt 0.23437500 0.51562500
vt 0.23437500 0.98437500
vt 0.01562500 0.98437500
vt 0.01562500 0.51562500
vt 0.23437500 0.51562500
vt 0.23437500 0.98437500
vt 0.01562500 0.98437500
vt 0.01562500 0.51562500
vt 0.23437500 0.51562500
vt 0.23437500 0.98437500
vt 0.01562500 0.98437500
vt 0.01562500 0.51562500
vt 0.23437500 0.51562500
vt 0.23437500 0.98437500
vt 0.01562500 0.98437500
vt 0.01562500 0.51562500
vt 0.23437500 0.51562500
vt 0.23437500 0.98437500
vt 0.01562500 0.98437500
vt 0.01562500 0.51562500
vt 0.23437500 0.51562500
vt 0.23437500 0.98437500
vt 0.01562500 0.98437500
vt 0.01562500 0.51562500
vt 0.23437500 0.51562500
vt 0.23437500 0.98437500
vt 0.01562500 0.98437500
vt 0.01562500 0.51562500
vt 0.23437500 0.51562500
vt 0.23437500 0.98437500
vt 0.01562500 0.98437500
vt 0.01562500 0.51562500
vt 0.23437500 0.51562500
vt 0.23437500 0.98437500
vt 0.01562500 0.98437500
vt 0.01562500 0.51562500
vt 0.23437500 0.51562500
vt 0.23437500 0.98437500
vt 0.01562500 0.98437500
vt 0.01562500 0.51562500
vt 0.23437500 0.51562500
vt 0.23437500 0.98437500
vt 0.01562500 0.98437500
vt 0.01562500 0.51562500
vt 0.23437500 0.51562500
vt 0.23437500 0.98437500
vt 0.01562500 0.98437500
vt 0.01562500 0.51562500
vt 0.23437500 0.51562500
vt 0.23437500 0.98437500
vt 0.01562500 0.98437500
vt 0.01562500 0.51562500
vt 0.23437500 0.51562500
vt 0.23437500 0.98437500
vt 0.01562500 0.98437500
vt 0.01562500 0.51562500
vt 0.23437500 0.51562500
vt 0.23437500 0.98437500
vt 0.01562500 0.98437500
vt 0.01562500 0.51562500
vt 0.23437500 0.51562500
vt 0.23437500 0.98437500
vt 0.01562500 0.98437500
vt 0.01562500 0.51562500
vt 0.23437500 0.51562500
vt 0.23437500 0.98437500
vt 0.01562500 0.98437500
vt 0.01562500 0.51562500
vt 0.23437500 0.51562500
vt 0.23437500 0.98437500
vt 0.01562500 0.98437500
vt 0.01562500 0.51562500
vt 0.23437500 0.51562500
vt 0.23437500 0.98437500
vt 0.01562500 0.98437500
vt 0.01562500 0.51562500
vt 0.23437500 0.51562500
vt 0.23437500 0.98437500
vt 0.01562500 0.98437500
vt 0.01562500 0.51562500
vt 0.23437500 0.51562500
vt 0.23437500 0.98437500
vt 0.01562500 0.98437500
vt 0.01562500 0.51562500
vt 0.23437500 0.51562500
vt 0.23437500 0.98437500
vt 0.01562500 0.98437500
vt 0.01562500 0.51562500
vt 0.23437500 0.51562500
vt 0.23437500 0.98437500
vt 0.01562500 0.98437500
vt 0.01562500 0.51562500
vt 0.23437500 0.51562500
vt 0.23437500 0.98437500
vt 0.01562500 0.98437500
vt 0.01562500 0.51562500
vt 0.23437500 0.51562500
vt 0.23437500 0.98437500
vt 0.01562500 0.98437500
vt 0.01562500 0.51562500
vt 0.23437500 0.51562500
vt 0.23437500 0.98437500
vt 0.01562500 0.98437500
vt 0.01562500 0.51562500
vt 0.23437500 0.51562500
vt 0.23437500 0.98437500
vt 0.01562500 0.98437500
vt 0.01562500 0.51562500
vt 0.23437500 0.51562500
vt 0.23437500 0.98437500
vt 0.01562500 0.98437500
vt 0.01562500 0.51562500
vt 0.23437500 0.51562500
vt 0.23437500 0.98437500
vt 0.01562500 0.98437500
vt 0.01562500 0.51562500
vt 0.23437500 0.51562500
vt 0.23437500 0.98437500
vt 0.01562500 0.98437500
vt 0.01562500 0.51562500
vt 0.23437500 0.51562500
vt 0.23437500 0.98437500
vt 0.01562500 0.98437500
vt 0.01562500 0.51562500
vt 0.23437500 0.51562500
vt 0.23437500 0.98437500
vt 0.01562500 0.98437500
vt 0.01562500 0.51562500
vt 0.23437500 0.51562500
vt 0.23437500 0.98437500
vt 0.01562500 0.98437500
vt 0.01562500 0.51562500
vt 0.23437500 0.51562500
vt 0.23437500 0.98437500
vt 0.01562500 0.98437500
vt 0.01562500 0.51562500
vt 0.23437500 0.51562500
vt 0.23437500 0.98437500
vt 0.01562500 0.98437500
vt 0.01562500 0.51562500
vt 0.23437500 0.51562500
vt 0.23437500 0.98437500
vt 0.01562500 0.98437500
vt 0.01562500 0.51562500
vt 0.23437500 0.51562500
vt 0.23437500 0.98437500
vt 0.01562500 0.98437500
vt 0.01562500 0.51562500
vt 0.23437500 0.51562500
vt 0.23437500 0.98437500
vt 0.01562500 0.98437500
vt 0.01562500 0.51562500
vt 0.23437500 0.51562500
vt 0.23437500 0.98437500
vt 0.01562500 0.98437500
vt 0.01562500 0.51562500
vt 0.23437500 0.51562500
vt 0.23437500 0.98437500
vt 0.01562500 0.98437500
vt 0.01562500 0.51562500
vt 0.23437500 0.51562500
vt 0.23437500 0.98437500
vt 0.01562500 0.98437500
vt 0.01562500 0.51562500
vt 0.23437500 0.51562500
vt 0.23437500 0.98437500
vt 0.01562500 0.98437500
vt 0.01562500 0.51562500
vt 0.23437500 0.51562500
vt 0.23437500 0.98437500
vt 0.01562500 0.98437500
vt 0.01562500 0.51562500
vt 0.23437500 0.51562500
vt 0.23437500 0.98437500
vt 0.01562500 0.98437500
vt 0.01562500 0.51562500
vt 0.23437500 0.51562500
vt 0.23437500 0.98437500
vt 0.01562500 0.98437500
vt 0.01562500 0.51562500
vt 0.23437500 0.51562500
vt 0.23437500 0.98437500
vt 0.01562500 0.98437500
vt 0.01562500 0.51562500
vt 0.23437500 0.51562500
vt 0.23437500 0.98437500
vt 0.01562500 0.98437500
vt 0.01562500 0.51562500
vt 0.23437500 0.51562500
vt 0.23437500 0.98437500
vt 0.01562500 0.98437500
vt 0.01562500 0.51562500
vt 0.23437500 0.51562500
vt 0.23437500 0.98437500
vt 0.01562500 0.98437500
vt 0.01562500 0.51562500
vt 0.23437500 0.51562500
vt 0.23437500 0.98437500
vt 0.01562500 0.98437500
vt 0.01562500 0.51562500
vt 0.23437500 0.51562500
vt 0.23437500 0.98437500
vt 0.01562500 0.98437500
vt 0.01562500 0.51562500
vt 0.23437500 0.51562500
vt 0.23437500 0.98437500
vt 0.01562500 0.98437500
vt 0.01562500 0.51562500
vt 0.23437500 0.51562500
vt 0.23437500 0.98437500
vt 0.01562500 0.98437500
vt 0.01562500 0.51562500
vt 0.23437500 0.51562500
vt 0.23437500 0.98437500
vt 0.01562500 0.98437500
vt 0.01562500 0.51562500
vt 0.23437500 0.51562500
vt 0.23437500 0.98437500
vt 0.01562500 0.98437500
vt 0.01562500 0.51562500
vt 0.23437500 0.51562500
vt 0.23437500 0.98437500
vt 0.01562500 0.98437500
vt 0.01562500 0.51562500
vt 0.23437500 0.51562500
vt 0.23437500 0.98437500
vt 0.01562500 0.98437500
vt 0.01562500 0.51562500
vt 0.23437500 0.51562500
vt 0.23437500 0.98437500
vt 0.01562500 0.98437500
vt 0.01562500 0.51562500
vt 0.23437500 0.51562500
vt 0.23437500 0.98437500
vt 0.01562500 0.98437500
vt 0.01562500 0.51562500
vt 0.23437500 0.51562500
vt 0.23437500 0.98437500
vt 0.01562500 0.98437500
vt 0.01562500 0.51562500
vt 0.23437500 0.51562500
vt 0.23437500 0.98437500
vt 0.01562500 0.98437500
vt 0.01562500 0.51562500
vt 0.23437500 0.51562500
vt 0.23437500 0.98437500
vt 0.01562500 0.98437500
vt 0.01562500 0.51562500
vt 0.23437500 0.51562500
vt 0.23437500 0.98437500
vt 0.01562500 0.98437500
vt 0.01562500 0.51562500
vt 0.23437500 0.51562500
vt 0.23437500 0.98437500
vt 0.01562500 0.98437500
vt 0.01562500 0.51562500
vt 0.23437500 0.51562500
vt 0.23437500 0.98437500
vt 0.01562500 0.98437500
vt 0.01562500 0.51562500
vt 0.23437500 0.51562500
vt 0.23437500 0.98437500
vt 0.01562500 0.98437500
vt 0.01562500 0.51562500
vt 0.23437500 0.51562500
vt 0.23437500 0.98437500
vt 0.01562500 0.98437500
vt 0.01562500 0.51562500
vt 0.23437500 0.51562500
vt 0.23437500 0.98437500
vt 0.01562500 0.98437500
vt 0.01562500 0.51562500
vt 0.23437500 0.51562500
vt 0.23437500 0.98437500
vt 0.01562500 0.98437500
vt 0.01562500 0.51562500
vt 0.23437500 0.51562500
vt 0.23437500 0.98437500
vt 0.01562500 0.98437500
vt 0.01562500 0.51562500
vt 0.23437500 0.51562500
vt 0.23437500 0.98437500
vt 0.01562500 0.98437500
vt 0.01562500 0.51562500
vt 0.23437500 0.51562500
vt 0.23437500 0.98437500
vt 0.01562500 0.98437500
vt 0.01562500 0.51562500
vt 0.23437500 0.51562500
vt 0.23437500 0.98437500
vt 0.01562500 0.98437500
vt 0.01562500 0.51562500
vt 0.23437500 0.51562500
vt 0.23437500 0.98437500
vt 0.01562500 0.98437500
vt 0.01562500 0.51562500
vt 0.23437500 0.51562500
vt 0.23437500 0.98437500
vt 0.01562500 0.98437500
vt 0.01562500 0.51562500
vt 0.23437500 0.51562500
vt 0.23437500 0.98437500
vt 0.01562500 0.98437500
vt 0.01562500 0.51562500
vt 0.23437500 0.51562500
vt 0.23437500 0.98437500
vt 0.01562500 0.98437500
vt 0.01562500 0.51562500
vt 0.23437500 0.51562500
vt 0.23437500 0.98437500
vt 0.01562500 0.98437500
vt 0.01562500 0.51562500
vt 0.23437500 0.51562500
vt 0.23437500 0.98437500
vt 0.01562500 0.98437500
vt 0.01562500 0.51562500
vt 0.23437500 0.51562500
vt 0.23437500 0.98437500
vt 0.01562500 0.98437500
vt 0.01562500 0.51562500
vt 0.23437500 0.51562500
vt 0.23437500 0.98437500
vt 0.01562500 0.98437500
vt 0.01562500 0.51562500
vt 0.23437500 0.51562500
vt 0.23437500 0.98437500
vt 0.01562500 0.98437500
vt 0.01562500 0.51562500
vt 0.23437500 0.51562500
vt 0.23437500 0.98437500
vt 0.01562500 0.98437500
vt 0.01562500 0.51562500
vt 0.23437500 0.51562500
vt 0.23437500 0.98437500
vt 0.01562500 0.98437500
vt 0.01562500 0.51562500
vt 0.23437500 0.51562500
vt 0.23437500 0.98437500
vt 0.01562500 0.98437500
vt 0.01562500 0.51562500
vt 0.23437500 0.51562500
vt 0.23437500 0.98437500
vt 0.01562500 0.98437500
vt 0.01562500 0.51562500
vt 0.23437500 0.51562500
vt 0.23437500 0.98437500
vt 0.01562500 0.98437500
vt 0.01562500 0.51562500
vt 0.23437500 0.51562500
vt 0.23437500 0.98437500
vt 0.01562500 0.98437500
vt 0.01562500 0.51562500
vt 0.23437500 0.51562500
vt 0.23437500 0.98437500
vt 0.01562500 0.98437500
vt 0.01562500 0.51562500
vt 0.23437500 0.51562500
vt 0.23437500 0.98437500
vt 0.01562500 0.98437500
vt 0.01562500 0.51562500
vt 0.23437500 0.51562500
vt 0.23437500 0.98437500
vt 0.01562500 0.98437500
vt 0.01562500 0.51562500
vt 0.23437500 0.51562500
vt 0.23437500 0.98437500
vt 0.01562500 0.98437500
vt 0.01562500 0.51562500
vt 0.23437500 0.51562500
vt 0.23437500 0.98437500
vt 0.01562500 0.98437500
vt 0.01562500 0.51562500
vt 0.23437500 0.51562500
vt 0.23437500 0.98437500
vt 0.01562500 0.98437500
vt 0.01562500 0.51562500
vt 0.23437500 0.51562500
vt 0.23437500 0.98437500
vt 0.01562500 0.98437500
vt 0.01562500 0.51562500
vt 0.23437500 0.51562500
vt 0.23437500 0.98437500
vt 0.01562500 0.98437500
vt 0.01562500 0.51562500
vt 0.23437500 0.51562500
vt 0.23437500 0.98437500
vt 0.01562500 0.98437500
vt 0.01562500 0.51562500
vt 0.23437500 0.51562500
vt 0.23437500 0.98437500
vt 0.01562500 0.98437500
vt 0.01562500 0.51562500
vt 0.23437500 0.51562500
vt 0.23437500 0.98437500
vt 0.01562500 0.98437500
vt 0.01562500 0.51562500
vt 0.23437500 0.51562500
vt 0.23437500 0.98437500
vt 0.01562500 0.98437500
vt 0.01562500 0.51562500
vt 0.23437500 0.51562500
vt 0.23437500 0.98437500
vt 0.01562500 0.98437500
vt 0.01562500 0.51562500
vt 0.23437500 0.51562500
vt 0.23437500 0.98437500
vt 0.01562500 0.98437500
vt 0.01562500 0.51562500
vt 0.23437500 0.51562500
vt 0.23437500 0.98437500
vt 0.01562500 0.98437500
vt 0.01562500 0.51562500
vt 0.23437500 0.51562500
vt 0.23437500 0.98437500
vt 0.01562500 0.98437500
vt 0.01562500 0.51562500
vt 0.23437500 0.51562500
vt 0.23437500 0.98437500
vt 0.01562500 0.98437500
vt 0.01562500 0.51562500
vt 0.23437500 0.51562500
vt 0.23437500 0.98437500
vt 0.01562500 0.98437500
vt 0.01562500 0.51562500
vt 0.23437500 0.51562500
vt 0.23437500 0.98437500
vt 0.01562500 0.98437500
vt 0.01562500 0.51562500
vt 0.23437500 0.51562500
vt 0.23437500 0.98437500
vt 0.01562500 0.98437500
vt 0.01562500 0.51562500
vt 0.23437500 0.51562500
vt 0.23437500 0.98437500
vt 0.01562500 0.98437500
vt 0.01562500 0.51562500
vt 0.23437500 0.51562500
vt 0.23437500 0.98437500
vt 0.01562500 0.98437500
vt 0.01562500 0.51562500
vt 0.23437500 0.51562500
vt 0.23437500 0.98437500
vt 0.01562500 0.98437500
vt 0.01562500 0.51562500
vt 0.23437500 0.51562500
vt 0.23437500 0.98437500
vt 0.01562500 0.98437500
vt 0.01562500 0.51562500
vt 0.23437500 0.51562500
vt 0.23437500 0.98437500
vt 0.01562500 0.98437500
vt 0.01562500 0.51562500
vt 0.23437500 0.51562500
vt 0.23437500 0.98437500
vt 0.01562500 0.98437500
vt 0.01562500 0.51562500
vt 0.23437500 0.51562500
vt 0.23437500 0.98437500
vt 0.01562500 0.98437500
vt 0.01562500 0.51562500
vt 0.23437500 0.51562500
vt 0.23437500 0.98437500
vt 0.01562500 0.98437500
vt 0.01562500 0.51562500
vt 0.23437500 0.51562500
vt 0.23437500 0.98437500
vt 0.01562500 0.98437500
vt 0.01562500 0.51562500
vt 0.23437500 0.51562500
vt 0.23437500 0.98437500
vt 0.01562500 0.98437500
vt 0.01562500 0.51562500
vt 0.23437500 0.51562500
vt 0.23437500 0.98437500
vt 0.01562500 0.98437500
vt 0.01562500 0.51562500
vt 0.23437500 0.51562500
vt 0.23437500 0.98437500
vt 0.01562500 0.98437500
vt 0.01562500 0.51562500
vt 0.23437500 0.51562500
vt 0.23437500 0.98437500
vt 0.01562500 0.98437500
vt 0.01562500 0.51562500
vt 0.23437500 0.51562500
vt 0.23437500 0.98437500
vt 0.01562500 0.98437500
vt 0.01562500 0.51562500
vt 0.23437500 0.51562500
vt 0.23437500 0.98437500
vt 0.01562500 0.98437500
vt 0.01562500 0.51562500
vt 0.23437500 0.51562500
vt 0.23437500 0.98437500
vt 0.01562500 0.98437500
vt 0.01562500 0.51562500
vt 0.23437500 0.51562500
vt 0.23437500 0.98437500
vt 0.01562500 0.98437500
vt 0.01562500 0.51562500
vt 0.23437500 0.51562500
vt 0.23437500 0.98437500
vt 0.01562500 0.98437500
vt 0.01562500 0.51562500
vt 0.23437500 0.51562500
vt 0.23437500 0.98437500
vt 0.01562500 0.98437500
vt 0.01562500 0.51562500
vt 0.23437500 0.51562500
vt 0.23437500 0.98437500
vt 0.01562500 0.98437500
vt 0.01562500 0.51562500
vt 0.23437500 0.51562500
vt 0.23437500 0.98437500
vt 0.01562500 0.98437500
vt 0.01562500 0.51562500
vt 0.23437500 0.51562500
vt 0.23437500 0.98437500
vt 0.01562500 0.98437500
vt 0.01562500 0.51562500
vt 0.23437500 0.51562500
vt 0.23437500 0.98437500
vt 0.01562500 0.98437500
vt 0.01562500 0.51562500
vt 0.23437500 0.51562500
vt 0.23437500 0.98437500
vt 0.01562500 0.98437500
vt 0.01562500 0.51562500
vt 0.23437500 0.51562500
vt 0.23437500 0.98437500
vt 0.01562500 0.98437500
vt 0.01562500 0.51562500
vt 0.23437500 0.51562500
vt 0.23437500 0.98437500
vt 0.01562500 0.98437500
vt 0.01562500 0.51562500
vt 0.23437500 0.51562500
vt 0.23437500 0.98437500
vt 0.01562500 0.98437500
vt 0.01562500 0.51562500
vt 0.23437500 0.51562500
vt 0.23437500 0.98437500
vt 0.01562500 0.98437500
vt 0.01562500 0.51562500
vt 0.23437500 0.51562500
vt 0.23437500 0.98437500
vt 0.01562500 0.98437500
vt 0.01562500 0.51562500
vt 0.23437500 0.51562500
vt 0.23437500 0.98437500
vt 0.01562500 0.98437500
vt 0.01562500 0.51562500
vt 0.23437500 0.51562500
vt 0.23437500 0.98437500
vt 0.01562500 0.98437500
vt 0.01562500 0.51562500
vt 0.23437500 0.51562500
vt 0.23437500 0.98437500
vt 0.01562500 0.98437500
vt 0.01562500 0.51562500
vt 0.23437500 0.51562500
vt 0.23437500 0.98437500
vt 0.01562500 0.98437500
vt 0.01562500 0.51562500
vt 0.23437500 0.51562500
vt 0.23437500 0.98437500
vt 0.01562500 0.98437500
vt 0.01562500 0.51562500
vt 0.23437500 0.51562500
vt 0.23437500 0.98437500
vt 0.01562500 0.98437500
vt 0.01562500 0.51562500
vt 0.23437500 0.51562500
vt 0.23437500 0.98437500
vt 0.01562500 0.98437500
vt 0.01562500 0.51562500
vt 0.23437500 0.51562500
vt 0.23437500 0.98437500
vt 0.01562500 0.98437500
vt 0.01562500 0.51562500
vt 0.23437500 0.51562500
vt 0.23437500 0.98437500
vt 0.01562500 0.98437500
vt 0.01562500 0.51562500
vt 0.23437500 0.51562500
vt 0.23437500 0.98437500
vt 0.01562500 0.98437500
vt 0.01562500 0.51562500
vt 0.23437500 0.51562500
vt 0.23437500 0.98437500
vt 0.01562500 0.98437500
vt 0.01562500 0.51562500
vt 0.23437500 0.51562500
vt 0.23437500 0.98437500
vt 0.01562500 0.98437500
vt 0.01562500 0.51562500
vt 0.23437500 0.51562500
vt 0.23437500 0.98437500
vt 0.01562500 0.98437500
vt 0.01562500 0.51562500
vt 0.23437500 0.51562500
vt 0.23437500 0.98437500
vt 0.01562500 0.98437500
vt 0.01562500 0.51562500
vt 0.23437500 0.51562500
vt 0.23437500 0.98437500
vt 0.01562500 0.98437500
vt 0.01562500 0.51562500
vt 0.23437500 0.51562500
vt 0.23437500 0.98437500
vt 0.01562500 0.98437500
vt 0.01562500 0.51562500
vt 0.23437500 0.51562500
vt 0.23437500 0.98437500
vt 0.01562500 0.98437500
vt 0.01562500 0.51562500
vt 0.23437500 0.51562500
vt 0.23437500 0.98437500
vt 0.01562500 0.98437500
vt 0.01562500 0.51562500
vt 0.23437500 0.51562500
vt 0.23437500 0.98437500
vt 0.01562500 0.98437500
vt 0.01562500 0.51562500
vt 0.23437500 0.51562500
vt 0.23437500 0.98437500
vt 0.01562500 0.98437500
vt 0.01562500 0.51562500
vt 0.23437500 0.51562500
vt 0.23437500 0.98437500
vt 0.01562500 0.98437500
vt 0.01562500 0.51562500
vt 0.23437500 0.51562500
vt 0.23437500 0.98437500
vt 0.01562500 0.98437500
vt 0.01562500 0.51562500
vt 0.23437500 0.51562500
vt 0.23437500 0.98437500
vt 0.01562500 0.98437500
vt 0.01562500 0.51562500
vt 0.23437500 0.51562500
vt 0.23437500 0.98437500
vt 0.01562500 0.98437500
vt 0.01562500 0.51562500
vt 0.23437500 0.51562500
vt 0.23437500 0.98437500
vt 0.01562500 0.98437500
vt 0.01562500 0.51562500
vt 0.23437500 0.51562500
vt 0.23437500 0.98437500
vt 0.01562500 0.98437500
vt 0.01562500 0.51562500
vt 0.23437500 0.51562500
vt 0.23437500 0.98437500
vt 0.01562500 0.98437500
vt 0.01562500 0.51562500
vt 0.23437500 0.51562500
vt 0.23437500 0.98437500
vt 0.01562500 0.98437500
vt 0.01562500 0.51562500
vt 0.23437500 0.51562500
vt 0.23437500 0.98437500
vt 0.01562500 0.98437500
vt 0.01562500 0.51562500
vt 0.23437500 0.51562500
vt 0.23437500 0.98437500
vt 0.01562500 0.51562500
vt 0.23437500 0.51562500
vt 0.23437500 0.98437500
vt 0.01562500 0.51562500
vt 0.23437500 0.51562500
vt 0.23437500 0.98437500
vt 0.01562500 0.51562500
vt 0.23437500 0.51562500
vt 0.23437500 0.98437500
vt 0.01562500 0.51562500
vt 0.23437500 0.51562500
vt 0.23437500 0.98437500
vt 0.01562500 0.51562500
vt 0.23437500 0.51562500
vt 0.23437500 0.98437500
vt 0.01562500 0.51562500
vt 0.23437500 0.51562500
vt 0.23437500 0.98437500
vt 0.01562500 0.51562500
vt 0.23437500 0.51562500
vt 0.23437500 0.98437500
vt 0.01562500 0.51562500
vt 0.23437500 0.51562500
vt 0.23437500 0.98437500
vt 0.01562500 0.51562500
vt 0.23437500 0.51562500
vt 0.23437500 0.98437500
vt 0.01562500 0.51562500
vt 0.23437500 0.51562500
vt 0.23437500 0.98437500
vt 0.01562500 0.51562500
vt 0.23437500 0.51562500
vt 0.23437500 0.98437500
vt 0.01562500 0.51562500
vt 0.23437500 0.51562500
vt 0.23437500 0.98437500
vt 0.01562500 0.51562500
vt 0.23437500 0.51562500
vt 0.23437500 0.98437500
vt 0.01562500 0.51562500
vt 0.23437500 0.51562500
vt 0.23437500 0.98437500
vt 0.01562500 0.51562500
vt 0.23437500 0.51562500
vt 0.23437500 0.98437500
vt 0.01562500 0.51562500
vt 0.23437500 0.51562500
vt 0.23437500 0.98437500
vt 0.01562500 0.51562500
vt 0.23437500 0.51562500
vt 0.23437500 0.98437500
vt 0.01562500 0.51562500
vt 0.23437500 0.51562500
vt 0.23437500 0.98437500
vt 0.01562500 0.51562500
vt 0.23437500 0.51562500
vt 0.23437500 0.98437500
vt 0.01562500 0.51562500
vt 0.23437500 0.51562500
vt 0.23437500 0.98437500
vt 0.01562500 0.51562500
vt 0.23437500 0.51562500
vt 0.23437500 0.98437500
vt 0.01562500 0.51562500
vt 0.23437500 0.51562500
vt 0.23437500 0.98437500
vt 0.01562500 0.51562500
vt 0.23437500 0.51562500
vt 0.23437500 0.98437500
vt 0.01562500 0.51562500
vt 0.23437500 0.51562500
vt 0.23437500 0.98437500
vt 0.01562500 0.51562500
vt 0.23437500 0.51562500
vt 0.23437500 0.98437500
vt 0.01562500 0.51562500
vt 0.23437500 0.51562500
vt 0.23437500 0.98437500
vt 0.01562500 0.51562500
vt 0.23437500 0.51562500
vt 0.23437500 0.98437500
vt 0.01562500 0.51562500
vt 0.23437500 0.51562500
vt 0.23437500 0.98437500
vt 0.01562500 0.51562500
vt 0.23437500 0.51562500
vt 0.23437500 0.98437500
vt 0.01562500 0.51562500
vt 0.23437500 0.51562500
vt 0.23437500 0.98437500
vt 0.01562500 0.51562500
vt 0.23437500 0.51562500
vt 0.23437500 0.98437500
vt 0.26562500 0.51562500
vt 0.48437500 0.51562500
vt 0.48437500 0.98437500
vt 0.26562500 0.98437500
vt 0.26562500 0.51562500
vt 0.48437500 0.51562500
vt 0.48437500 0.98437500
vt 0.26562500 0.98437500
vt 0.26562500 0.51562500
vt 0.48437500 0.51562500
vt 0.48437500 0.98437500
vt 0.26562500 0.98437500
vt 0.26562500 0.51562500
vt 0.48437500 0.51562500
vt 0.48437500 0.98437500
vt 0.26562500 0.98437500
vt 0.26562500 0.51562500
vt 0.48437500 0.51562500
vt 0.48437500 0.98437500
vt 0.26562500 0.98437500
vt 0.26562500 0.51562500
vt 0.48437500 0.51562500
vt 0.48437500 0.98437500
vt 0.26562500 0.98437500
vt 0.26562500 0.51562500
vt 0.48437500 0.51562500
vt 0.48437500 0.98437500
vt 0.26562500 0.98437500
vt 0.26562500 0.51562500
vt 0.48437500 0.51562500
vt 0.48437500 0.98437500
vt 0.26562500 0.98437500
vt 0.26562500 0.51562500
vt 0.48437500 0.51562500
vt 0.48437500 0.98437500
vt 0.26562500 0.98437500
vt 0.26562500 0.51562500
vt 0.48437500 0.51562500
vt 0.48437500 0.98437500
vt 0.26562500 0.98437500
vt 0.26562500 0.51562500
vt 0.48437500 0.51562500
vt 0.48437500 0.98437500
vt 0.26562500 0.98437500
vt 0.26562500 0.51562500
vt 0.48437500 0.51562500
vt 0.48437500 0.98437500
vt 0.26562500 0.98437500
vt 0.26562500 0.51562500
vt 0.48437500 0.51562500
vt 0.48437500 0.98437500
vt 0.26562500 0.98437500
vt 0.26562500 0.51562500
vt 0.48437500 0.51562500
vt 0.48437500 0.98437500
vt 0.26562500 0.98437500
vt 0.26562500 0.51562500
vt 0.48437500 0.51562500
vt 0.48437500 0.98437500
vt 0.26562500 0.98437500
vt 0.26562500 0.51562500
vt 0.48437500 0.51562500
vt 0.48437500 0.98437500
vt 0.26562500 0.98437500
vt 0.26562500 0.51562500
vt 0.48437500 0.51562500
vt 0.48437500 0.98437500
vt 0.26562500 0.98437500
vt 0.26562500 0.51562500
vt 0.48437500 0.51562500
vt 0.48437500 0.98437500
vt 0.26562500 0.98437500
vt 0.26562500 0.51562500
vt 0.48437500 0.51562500
vt 0.48437500 0.98437500
vt 0.26562500 0.98437500
vt 0.26562500 0.51562500
vt 0.48437500 0.51562500
vt 0.48437500 0.98437500
vt 0.26562500 0.98437500
vt 0.26562500 0.51562500
vt 0.48437500 0.51562500
vt 0.48437500 0.98437500
vt 0.26562500 0.98437500
vt 0.26562500 0.51562500
vt 0.48437500 0.51562500
vt 0.48437500 0.98437500
vt 0.26562500 0.98437500
vt 0.26562500 0.51562500
vt 0.48437500 0.51562500
vt 0.48437500 0.98437500
vt 0.26562500 0.98437500
vt 0.26562500 0.51562500
vt 0.48437500 0.51562500
vt 0.48437500 0.98437500
vt 0.26562500 0.98437500
vt 0.26562500 0.51562500
vt 0.48437500 0.51562500
vt 0.48437500 0.98437500
vt 0.26562500 0.98437500
vt 0.26562500 0.51562500
vt 0.48437500 0.51562500
vt 0.48437500 0.98437500
vt 0.26562500 0.98437500
vt 0.26562500 0.51562500
vt 0.48437500 0.51562500
vt 0.48437500 0.98437500
vt 0.26562500 0.98437500
vt 0.26562500 0.51562500
vt 0.48437500 0.51562500
vt 0.48437500 0.98437500
vt 0.26562500 0.98437500
vt 0.26562500 0.51562500
vt 0.48437500 0.51562500
vt 0.48437500 0.98437500
vt 0.26562500 0.98437500
vt 0.26562500 0.51562500
vt 0.48437500 0.51562500
vt 0.48437500 0.98437500
vt 0.26562500 0.98437500
vt 0.26562500 0.51562500
vt 0.48437500 0.51562500
vt 0.48437500 0.98437500
vt 0.26562500 0.98437500
vt 0.26562500 0.51562500
vt 0.48437500 0.51562500
vt 0.48437500 0.98437500
vt 0.26562500 0.98437500
vt 0.26562500 0.51562500
vt 0.48437500 0.51562500
vt 0.48437500 0.98437500
vt 0.26562500 0.98437500
vt 0.26562500 0.51562500
vt 0.48437500 0.51562500
vt 0.48437500 0.98437500
vt 0.26562500 0.98437500
vt 0.26562500 0.51562500
vt 0.48437500 0.51562500
vt 0.48437500 0.98437500
vt 0.26562500 0.98437500
vt 0.26562500 0.51562500
vt 0.48437500 0.51562500
vt 0.48437500 0.98437500
vt 0.26562500 0.98437500
vt 0.26562500 0.51562500
vt 0.48437500 0.51562500
vt 0.48437500 0.98437500
vt 0.26562500 0.98437500
vt 0.26562500 0.51562500
vt 0.48437500 0.51562500
vt 0.48437500 0.98437500
vt 0.26562500 0.98437500
vt 0.26562500 0.51562500
vt 0.48437500 0.51562500
vt 0.48437500 0.98437500
vt 0.26562500 0.98437500
vt 0.26562500 0.51562500
vt 0.48437500 0.51562500
vt 0.48437500 0.98437500
vt 0.26562500 0.98437500
vt 0.26562500 0.51562500
vt 0.48437500 0.51562500
vt 0.48437500 0.98437500
vt 0.26562500 0.98437500
vt 0.26562500 0.51562500
vt 0.48437500 0.51562500
vt 0.48437500 0.98437500
vt 0.26562500 0.98437500
vt 0.26562500 0.51562500
vt 0.48437500 0.51562500
vt 0.48437500 0.98437500
vt 0.26562500 0.98437500
vt 0.26562500 0.51562500
vt 0.48437500 0.51562500
vt 0.48437500 0.98437500
vt 0.26562500 0.98437500
vt 0.26562500 0.51562500
vt 0.48437500 0.51562500
vt 0.48437500 0.98437500
vt 0.26562500 0.98437500
vt 0.26562500 0.51562500
vt 0.48437500 0.51562500
vt 0.48437500 0.98437500
vt 0.26562500 0.98437500
vt 0.26562500 0.51562500
vt 0.48437500 0.51562500
vt 0.48437500 0.98437500
vt 0.26562500 0.98437500
vt 0.26562500 0.51562500
vt 0.48437500 0.51562500
vt 0.48437500 0.98437500
vt 0.26562500 0.98437500
vt 0.26562500 0.51562500
vt 0.48437500 0.51562500
vt 0.48437500 0.98437500
vt 0.26562500 0.98437500
vt 0.26562500 0.51562500
vt 0.48437500 0.51562500
vt 0.48437500 0.98437500
vt 0.26562500 0.98437500
vt 0.26562500 0.51562500
vt 0.48437500 0.51562500
vt 0.48437500 0.98437500
vt 0.26562500 0.98437500
vt 0.26562500 0.51562500
vt 0.48437500 0.51562500
vt 0.48437500 0.98437500
vt 0.26562500 0.98437500
vt 0.26562500 0.51562500
vt 0.48437500 0.51562500
vt 0.48437500 0.98437500
vt 0.26562500 0.98437500
vt 0.26562500 0.51562500
vt 0.48437500 0.51562500
vt 0.48437500 0.98437500
vt 0.26562500 0.98437500
vt 0.26562500 0.51562500
vt 0.48437500 0.51562500
vt 0.48437500 0.98437500
vt 0.26562500 0.98437500
vt 0.26562500 0.51562500
vt 0.48437500 0.51562500
vt 0.48437500 0.98437500
vt 0.26562500 0.98437500
vt 0.26562500 0.51562500
vt 0.48437500 0.51562500
vt 0.48437500 0.98437500
vt 0.26562500 0.98437500
vt 0.26562500 0.51562500
vt 0.48437500 0.51562500
vt 0.48437500 0.98437500
vt 0.26562500 0.98437500
vt 0.26562500 0.51562500
vt 0.48437500 0.51562500
vt 0.48437500 0.98437500
vt 0.26562500 0.98437500
vt 0.26562500 0.51562500
vt 0.48437500 0.51562500
vt 0.48437500 0.98437500
vt 0.26562500 0.98437500
vt 0.26562500 0.51562500
vt 0.48437500 0.51562500
vt 0.48437500 0.98437500
vt 0.26562500 0.98437500
vt 0.26562500 0.51562500
vt 0.48437500 0.51562500
vt 0.48437500 0.98437500
vt 0.26562500 0.98437500
vt 0.26562500 0.51562500
vt 0.48437500 0.51562500
vt 0.48437500 0.98437500
vt 0.26562500 0.98437500
vt 0.26562500 0.51562500
vt 0.48437500 0.51562500
vt 0.48437500 0.98437500
vt 0.26562500 0.98437500
vt 0.26562500 0.51562500
vt 0.48437500 0.51562500
vt 0.48437500 0.98437500
vt 0.26562500 0.98437500
vt 0.26562500 0.51562500
vt 0.48437500 0.51562500
vt 0.48437500 0.98437500
vt 0.26562500 0.98437500
vt 0.26562500 0.51562500
vt 0.48437500 0.51562500
vt 0.48437500 0.98437500
vt 0.26562500 0.98437500
vt 0.26562500 0.51562500
vt 0.48437500 0.51562500
vt 0.48437500 0.98437500
vt 0.26562500 0.98437500
vt 0.26562500 0.51562500
vt 0.48437500 0.51562500
vt 0.48437500 0.98437500
vt 0.26562500 0.98437500
vt 0.26562500 0.51562500
vt 0.48437500 0.51562500
vt 0.48437500 0.98437500
vt 0.26562500 0.98437500
vt 0.26562500 0.51562500
vt 0.48437500 0.51562500
vt 0.48437500 0.98437500
vt 0.26562500 0.98437500
vt 0.26562500 0.51562500
vt 0.48437500 0.51562500
vt 0.48437500 0.98437500
vt 0.26562500 0.98437500
vt 0.26562500 0.51562500
vt 0.48437500 0.51562500
vt 0.48437500 0.98437500
vt 0.26562500 0.98437500
vt 0.26562500 0.51562500
vt 0.48437500 0.51562500
vt 0.48437500 0.98437500
vt 0.26562500 0.98437500
vt 0.26562500 0.51562500
vt 0.48437500 0.51562500
vt 0.48437500 0.98437500
vt 0.26562500 0.98437500
vt 0.26562500 0.51562500
vt 0.48437500 0.51562500
vt 0.48437500 0.98437500
vt 0.26562500 0.98437500
vt 0.26562500 0.51562500
vt 0.48437500 0.51562500
vt 0.48437500 0.98437500
vt 0.26562500 0.98437500
vt 0.26562500 0.51562500
vt 0.48437500 0.51562500
vt 0.48437500 0.98437500
vt 0.26562500 0.98437500
vt 0.26562500 0.51562500
vt 0.48437500 0.51562500
vt 0.48437500 0.98437500
vt 0.26562500 0.98437500
vt 0.26562500 0.51562500
vt 0.48437500 0.51562500
vt 0.48437500 0.98437500
vt 0.26562500 0.98437500
vt 0.51562500 0.51562500
vt 0.73437500 0.51562500
vt 0.73437500 0.98437500
vt 0.51562500 0.98437500
vt 0.51562500 0.51562500
vt 0.73437500 0.51562500
vt 0.73437500 0.98437500
vt 0.51562500 0.98437500
vt 0.51562500 0.51562500
vt 0.73437500 0.51562500
vt 0.73437500 0.98437500
vt 0.51562500 0.98437500
vt 0.51562500 0.51562500
vt 0.73437500 0.51562500
vt 0.73437500 0.98437500
vt 0.51562500 0.98437500
vt 0.51562500 0.51562500
vt 0.73437500 0.51562500
vt 0.73437500 0.98437500
vt 0.51562500 0.98437500
vt 0.51562500 0.51562500
vt 0.73437500 0.51562500
vt 0.73437500 0.98437500
vt 0.51562500 0.98437500
vt 0.51562500 0.51562500
vt 0.73437500 0.51562500
vt 0.73437500 0.98437500
vt 0.51562500 0.98437500
vt 0.51562500 0.51562500
vt 0.73437500 0.51562500
vt 0.73437500 0.98437500
vt 0.51562500 0.98437500
vt 0.51562500 0.51562500
vt 0.73437500 0.51562500
vt 0.73437500 0.98437500
vt 0.51562500 0.98437500
vt 0.51562500 0.51562500
vt 0.73437500 0.51562500
vt 0.73437500 0.98437500
vt 0.51562500 0.98437500
vt 0.51562500 0.51562500
vt 0.73437500 0.51562500
vt 0.73437500 0.98437500
vt 0.51562500 0.98437500
vt 0.51562500 0.51562500
vt 0.73437500 0.51562500
vt 0.73437500 0.98437500
vt 0.51562500 0.98437500
vt 0.51562500 0.51562500
vt 0.73437500 0.51562500
vt 0.73437500 0.98437500
vt 0.51562500 0.98437500
vt 0.51562500 0.51562500
vt 0.73437500 0.51562500
vt 0.73437500 0.98437500
vt 0.51562500 0.98437500
vt 0.51562500 0.51562500
vt 0.73437500 0.51562500
vt 0.73437500 0.98437500
vt 0.51562500 0.98437500
vt 0.51562500 0.51562500
vt 0.73437500 0.51562500
vt 0.73437500 0.98437500
vt 0.51562500 0.98437500
vt 0.51562500 0.51562500
vt 0.73437500 0.51562500
vt 0.73437500 0.98437500
vt 0.51562500 0.98437500
vt 0.51562500 0.51562500
vt 0.73437500 0.51562500
vt 0.73437500 0.98437500
vt 0.51562500 0.98437500
vt 0.51562500 0.51562500
vt 0.73437500 0.51562500
vt 0.73437500 0.98437500
vt 0.51562500 0.98437500
vt 0.51562500 0.51562500
vt 0.73437500 0.51562500
vt 0.73437500 0.98437500
vt 0.51562500 0.98437500
vt 0.51562500 0.51562500
vt 0.73437500 0.51562500
vt 0.73437500 0.98437500
vt 0.51562500 0.98437500
vt 0.51562500 0.51562500
vt 0.73437500 0.51562500
vt 0.73437500 0.98437500
vt 0.51562500 0.98437500
vt 0.51562500 0.51562500
vt 0.73437500 0.51562500
vt 0.73437500 0.98437500
vt 0.51562500 0.98437500
vt 0.51562500 0.51562500
vt 0.73437500 0.51562500
vt 0.73437500 0.98437500
vt 0.51562500 0.98437500
vt 0.51562500 0.51562500
vt 0.73437500 0.51562500
vt 0.73437500 0.98437500
vt 0.51562500 0.98437500
vt 0.51562500 0.51562500
vt 0.73437500 0.51562500
vt 0.73437500 0.98437500
vt 0.51562500 0.98437500
vt 0.51562500 0.51562500
vt 0.73437500 0.51562500
vt 0.73437500 0.98437500
vt 0.51562500 0.98437500
vt 0.51562500 0.51562500
vt 0.73437500 0.51562500
vt 0.73437500 0.98437500
vt 0.51562500 0.98437500
vt 0.51562500 0.51562500
vt 0.73437500 0.51562500
vt 0.73437500 0.98437500
vt 0.51562500 0.98437500
vt 0.51562500 0.51562500
vt 0.73437500 0.51562500
vt 0.73437500 0.98437500
vt 0.51562500 0.98437500
vt 0.51562500 0.51562500
vt 0.73437500 0.51562500
vt 0.73437500 0.98437500
vt 0.51562500 0.98437500
vt 0.51562500 0.51562500
vt 0.73437500 0.51562500
vt 0.73437500 0.98437500
vt 0.51562500 0.98437500
vt 0.51562500 0.51562500
vt 0.73437500 0.51562500
vt 0.73437500 0.98437500
vt 0.51562500 0.98437500
vt 0.51562500 0.51562500
vt 0.73437500 0.51562500
vt 0.73437500 0.98437500
vt 0.51562500 0.98437500
vt 0.51562500 0.51562500
vt 0.73437500 0.51562500
vt 0.73437500 0.98437500
vt 0.51562500 0.98437500
vt 0.51562500 0.51562500
vt 0.73437500 0.51562500
vt 0.73437500 0.98437500
vt 0.51562500 0.98437500
vt 0.51562500 0.51562500
vt 0.73437500 0.51562500
vt 0.73437500 0.98437500
vt 0.51562500 0.98437500
vt 0.51562500 0.51562500
vt 0.73437500 0.51562500
vt 0.73437500 0.98437500
vt 0.51562500 0.98437500
vt 0.51562500 0.51562500
vt 0.73437500 0.51562500
vt 0.73437500 0.98437500
vt 0.51562500 0.98437500
vt 0.51562500 0.51562500
vt 0.73437500 0.51562500
vt 0.73437500 0.98437500
vt 0.51562500 0.98437500
vt 0.51562500 0.51562500
vt 0.73437500 0.51562500
vt 0.73437500 0.98437500
vt 0.51562500 0.98437500
vt 0.51562500 0.51562500
vt 0.73437500 0.51562500
vt 0.73437500 0.98437500
vt 0.51562500 0.98437500
vt 0.51562500 0.51562500
vt 0.73437500 0.51562500
vt 0.73437500 0.98437500
vt 0.51562500 0.98437500
vt 0.51562500 0.51562500
vt 0.73437500 0.51562500
vt 0.73437500 0.98437500
vt 0.51562500 0.98437500
vt 0.51562500 0.51562500
vt 0.73437500 0.51562500
vt 0.73437500 0.98437500
vt 0.51562500 0.98437500
vt 0.51562500 0.51562500
vt 0.73437500 0.51562500
vt 0.73437500 0.98437500
vt 0.51562500 0.98437500
vt 0.51562500 0.51562500
vt 0.73437500 0.51562500
vt 0.73437500 0.98437500
vt 0.51562500 0.98437500
vt 0.51562500 0.51562500
vt 0.73437500 0.51562500
vt 0.73437500 0.98437500
vt 0.51562500 0.98437500
vt 0.51562500 0.51562500
vt 0.73437500 0.51562500
vt 0.73437500 0.98437500
vt 0.51562500 0.98437500
vt 0.51562500 0.51562500
vt 0.73437500 0.51562500
vt 0.73437500 0.98437500
vt 0.51562500 0.98437500
vt 0.51562500 0.51562500
vt 0.73437500 0.51562500
vt 0.73437500 0.98437500
vt 0.51562500 0.98437500
vt 0.51562500 0.51562500
vt 0.73437500 0.51562500
vt 0.73437500 0.98437500
vt 0.51562500 0.98437500
vt 0.51562500 0.51562500
vt 0.73437500 0.51562500
vt 0.73437500 0.98437500
vt 0.51562500 0.98437500
vt 0.51562500 0.51562500
vt 0.73437500 0.51562500
vt 0.73437500 0.98437500
vt 0.51562500 0.98437500
vt 0.51562500 0.51562500
vt 0.73437500 0.51562500
vt 0.73437500 0.98437500
vt 0.51562500 0.98437500
vt 0.51562500 0.51562500
vt 0.73437500 0.51562500
vt 0.73437500 0.98437500
vt 0.51562500 0.98437500
vt 0.51562500 0.51562500
vt 0.73437500 0.51562500
vt 0.73437500 0.98437500
vt 0.51562500 0.98437500
vt 0.51562500 0.51562500
vt 0.73437500 0.51562500
vt 0.73437500 0.98437500
vt 0.51562500 0.98437500
vt 0.51562500 0.51562500
vt 0.73437500 0.51562500
vt 0.73437500 0.98437500
vt 0.51562500 0.98437500
vt 0.51562500 0.51562500
vt 0.73437500 0.51562500
vt 0.73437500 0.98437500
vt 0.51562500 0.98437500
vt 0.51562500 0.51562500
vt 0.73437500 0.51562500
vt 0.73437500 0.98437500
vt 0.51562500 0.98437500
vt 0.51562500 0.51562500
vt 0.73437500 0.51562500
vt 0.73437500 0.98437500
vt 0.51562500 0.98437500
vt 0.51562500 0.51562500
vt 0.73437500 0.51562500
vt 0.73437500 0.98437500
vt 0.51562500 0.98437500
vt 0.51562500 0.51562500
vt 0.73437500 0.51562500
vt 0.73437500 0.98437500
vt 0.51562500 0.98437500
vt 0.51562500 0.51562500
vt 0.73437500 0.51562500
vt 0.73437500 0.98437500
vt 0.51562500 0.98437500
vt 0.51562500 0.51562500
vt 0.73437500 0.51562500
vt 0.73437500 0.98437500
vt 0.51562500 0.98437500
vt 0.51562500 0.51562500
vt 0.73437500 0.51562500
vt 0.73437500 0.98437500
vt 0.51562500 0.98437500
vt 0.51562500 0.51562500
vt 0.73437500 0.51562500
vt 0.73437500 0.98437500
vt 0.51562500 0.98437500
vt 0.51562500 0.51562500
vt 0.73437500 0.51562500
vt 0.73437500 0.98437500
vt 0.51562500 0.98437500
vt 0.51562500 0.51562500
vt 0.73437500 0.51562500
vt 0.73437500 0.98437500
vt 0.51562500 0.98437500
vt 0.51562500 0.51562500
vt 0.73437500 0.51562500
vt 0.73437500 0.98437500
vt 0.51562500 0.98437500
vt 0.51562500 0.51562500
vt 0.73437500 0.51562500
vt 0.73437500 0.98437500
vt 0.51562500 0.98437500
vt 0.51562500 0.51562500
vt 0.73437500 0.51562500
vt 0.73437500 0.98437500
vt 0.51562500 0.98437500
vt 0.51562500 0.51562500
vt 0.73437500 0.51562500
vt 0.73437500 0.98437500
vt 0.51562500 0.98437500
vt 0.51562500 0.51562500
vt 0.73437500 0.51562500
vt 0.73437500 0.98437500
vt 0.51562500 0.98437500
vt 0.51562500 0.51562500
vt 0.73437500 0.51562500
vt 0.73437500 0.98437500
vt 0.51562500 0.98437500
vt 0.51562500 0.51562500
vt 0.73437500 0.51562500
vt 0.73437500 0.98437500
vt 0.51562500 0.98437500
vt 0.51562500 0.51562500
vt 0.73437500 0.51562500
vt 0.73437500 0.98437500
vt 0.51562500 0.98437500
vt 0.51562500 0.51562500
vt 0.73437500 0.51562500
vt 0.73437500 0.98437500
vt 0.51562500 0.98437500
vt 0.51562500 0.51562500
vt 0.73437500 0.51562500
vt 0.73437500 0.98437500
vt 0.51562500 0.98437500
vt 0.26562500 0.51562500
vt 0.48437500 0.51562500
vt 0.48437500 0.98437500
vt 0.26562500 0.98437500
vt 0.26562500 0.51562500
vt 0.48437500 0.51562500
vt 0.48437500 0.98437500
vt 0.26562500 0.98437500
vt 0.26562500 0.51562500
vt 0.48437500 0.51562500
vt 0.48437500 0.98437500
vt 0.26562500 0.98437500
vt 0.26562500 0.51562500
vt 0.48437500 0.51562500
vt 0.48437500 0.98437500
vt 0.26562500 0.98437500
vt 0.26562500 0.51562500
vt 0.48437500 0.51562500
vt 0.48437500 0.98437500
vt 0.26562500 0.98437500
vt 0.26562500 0.51562500
vt 0.48437500 0.51562500
vt 0.48437500 0.98437500
vt 0.26562500 0.98437500
vt 0.26562500 0.51562500
vt 0.48437500 0.51562500
vt 0.48437500 0.98437500
vt 0.26562500 0.98437500
vt 0.26562500 0.51562500
vt 0.48437500 0.51562500
vt 0.48437500 0.98437500
vt 0.26562500 0.98437500
vt 0.26562500 0.51562500
vt 0.48437500 0.51562500
vt 0.48437500 0.98437500
vt 0.26562500 0.98437500
vt 0.26562500 0.51562500
vt 0.48437500 0.51562500
vt 0.48437500 0.98437500
vt 0.26562500 0.98437500
vt 0.26562500 0.51562500
vt 0.48437500 0.51562500
vt 0.48437500 0.98437500
vt 0.26562500 0.98437500
vt 0.26562500 0.51562500
vt 0.48437500 0.51562500
vt 0.48437500 0.98437500
vt 0.26562500 0.98437500
vt 0.26562500 0.51562500
vt 0.48437500 0.51562500
vt 0.48437500 0.98437500
vt 0.26562500 0.98437500
vt 0.26562500 0.51562500
vt 0.48437500 0.51562500
vt 0.48437500 0.98437500
vt 0.26562500 0.98437500
vt 0.26562500 0.51562500
vt 0.48437500 0.51562500
vt 0.48437500 0.98437500
vt 0.26562500 0.98437500
vt 0.26562500 0.51562500
vt 0.48437500 0.51562500
vt 0.48437500 0.98437500
vt 0.26562500 0.98437500
vt 0.26562500 0.51562500
vt 0.48437500 0.51562500
vt 0.48437500 0.98437500
vt 0.26562500 0.98437500
vt 0.26562500 0.51562500
vt 0.48437500 0.51562500
vt 0.48437500 0.98437500
vt 0.26562500 0.98437500
vt 0.26562500 0.51562500
vt 0.48437500 0.51562500
vt 0.48437500 0.98437500
vt 0.26562500 0.98437500
vt 0.26562500 0.51562500
vt 0.48437500 0.51562500
vt 0.48437500 0.98437500
vt 0.26562500 0.98437500
vt 0.26562500 0.51562500
vt 0.48437500 0.51562500
vt 0.48437500 0.98437500
vt 0.26562500 0.98437500
vt 0.26562500 0.51562500
vt 0.48437500 0.51562500
vt 0.48437500 0.98437500
vt 0.26562500 0.98437500
vt 0.26562500 0.51562500
vt 0.48437500 0.51562500
vt 0.48437500 0.98437500
vt 0.26562500 0.98437500
vt 0.26562500 0.51562500
vt 0.48437500 0.51562500
vt 0.48437500 0.98437500
vt 0.26562500 0.98437500
vt 0.26562500 0.51562500
vt 0.48437500 0.51562500
vt 0.48437500 0.98437500
vt 0.26562500 0.98437500
vt 0.26562500 0.51562500
vt 0.48437500 0.51562500
vt 0.48437500 0.98437500
vt 0.26562500 0.98437500
vt 0.26562500 0.51562500
vt 0.48437500 0.51562500
vt 0.48437500 0.98437500
vt 0.26562500 0.98437500
vt 0.26562500 0.51562500
vt 0.48437500 0.51562500
vt 0.48437500 0.98437500
vt 0.26562500 0.98437500
vt 0.26562500 0.51562500
vt 0.48437500 0.51562500
vt 0.48437500 0.98437500
vt 0.26562500 0.98437500
vt 0.26562500 0.51562500
vt 0.48437500 0.51562500
vt 0.48437500 0.98437500
vt 0.26562500 0.98437500
vt 0.26562500 0.51562500
vt 0.48437500 0.51562500
vt 0.48437500 0.98437500
vt 0.26562500 0.98437500
vt 0.26562500 0.51562500
vt 0.48437500 0.51562500
vt 0.48437500 0.98437500
vt 0.26562500 0.98437500
vt 0.26562500 0.51562500
vt 0.48437500 0.51562500
vt 0.48437500 0.98437500
vt 0.26562500 0.98437500
vt 0.26562500 0.51562500
vt 0.48437500 0.51562500
vt 0.48437500 0.98437500
vt 0.26562500 0.98437500
vt 0.26562500 0.51562500
vt 0.48437500 0.51562500
vt 0.48437500 0.98437500
vt 0.26562500 0.98437500
vt 0.26562500 0.51562500
vt 0.48437500 0.51562500
vt 0.48437500 0.98437500
vt 0.26562500 0.98437500
vt 0.26562500 0.51562500
vt 0.48437500 0.51562500
vt 0.48437500 0.98437500
vt 0.26562500 0.98437500
vt 0.26562500 0.51562500
vt 0.48437500 0.51562500
vt 0.48437500 0.98437500
vt 0.26562500 0.98437500
vt 0.26562500 0.51562500
vt 0.48437500 0.51562500
vt 0.48437500 0.98437500
vt 0.26562500 0.98437500
vt 0.26562500 0.51562500
vt 0.48437500 0.51562500
vt 0.48437500 0.98437500
vt 0.26562500 0.98437500
vt 0.26562500 0.51562500
vt 0.48437500 0.51562500
vt 0.48437500 0.98437500
vt 0.26562500 0.98437500
vt 0.26562500 0.51562500
vt 0.48437500 0.51562500
vt 0.48437500 0.98437500
vt 0.26562500 0.98437500
vt 0.26562500 0.51562500
vt 0.48437500 0.51562500
vt 0.48437500 0.98437500
vt 0.26562500 0.98437500
vt 0.26562500 0.51562500
vt 0.48437500 0.51562500
vt 0.48437500 0.98437500
vt 0.26562500 0.98437500
vt 0.26562500 0.51562500
vt 0.48437500 0.51562500
vt 0.48437500 0.98437500
vt 0.26562500 0.98437500
vt 0.26562500 0.51562500
vt 0.48437500 0.51562500
vt 0.48437500 0.98437500
vt 0.26562500 0.98437500
vt 0.26562500 0.51562500
vt 0.48437500 0.51562500
vt 0.48437500 0.98437500
vt 0.26562500 0.98437500
vt 0.26562500 0.51562500
vt 0.48437500 0.51562500
vt 0.48437500 0.98437500
vt 0.26562500 0.98437500
vt 0.26562500 0.51562500
vt 0.48437500 0.51562500
vt 0.48437500 0.98437500
vt 0.26562500 0.98437500
vt 0.26562500 0.51562500
vt 0.48437500 0.51562500
vt 0.48437500 0.98437500
vt 0.26562500 0.98437500
vt 0.26562500 0.51562500
vt 0.48437500 0.51562500
vt 0.48437500 0.98437500
vt 0.26562500 0.98437500
vt 0.26562500 0.51562500
vt 0.48437500 0.51562500
vt 0.48437500 0.98437500
vt 0.26562500 0.98437500
vt 0.26562500 0.51562500
vt 0.48437500 0.51562500
vt 0.48437500 0.98437500
vt 0.26562500 0.98437500
vt 0.26562500 0.51562500
vt 0.48437500 0.51562500
vt 0.48437500 0.98437500
vt 0.26562500 0.98437500
vt 0.26562500 0.51562500
vt 0.48437500 0.51562500
vt 0.48437500 0.98437500
vt 0.26562500 0.98437500
vt 0.26562500 0.51562500
vt 0.48437500 0.51562500
vt 0.48437500 0.98437500
vt 0.26562500 0.98437500
vt 0.26562500 0.51562500
vt 0.48437500 0.51562500
vt 0.48437500 0.98437500
vt 0.26562500 0.98437500
vt 0.26562500 0.51562500
vt 0.48437500 0.51562500
vt 0.48437500 0.98437500
vt 0.26562500 0.98437500
vt 0.26562500 0.51562500
vt 0.48437500 0.51562500
vt 0.48437500 0.98437500
vt 0.26562500 0.98437500
vt 0.26562500 0.51562500
vt 0.48437500 0.51562500
vt 0.48437500 0.98437500
vt 0.26562500 0.98437500
vt 0.26562500 0.51562500
vt 0.48437500 0.51562500
vt 0.48437500 0.98437500
vt 0.26562500 0.98437500
vt 0.26562500 0.51562500
vt 0.48437500 0.51562500
vt 0.48437500 0.98437500
vt 0.26562500 0.98437500
vt 0.26562500 0.51562500
vt 0.48437500 0.51562500
vt 0.48437500 0.98437500
vt 0.26562500 0.98437500
vt 0.26562500 0.51562500
vt 0.48437500 0.51562500
vt 0.48437500 0.98437500
vt 0.26562500 0.98437500
vt 0.26562500 0.51562500
vt 0.48437500 0.51562500
vt 0.48437500 0.98437500
vt 0.26562500 0.98437500
vt 0.26562500 0.51562500
vt 0.48437500 0.51562500
vt 0.48437500 0.98437500
vt 0.26562500 0.98437500
vt 0.26562500 0.51562500
vt 0.48437500 0.51562500
vt 0.48437500 0.98437500
vt 0.26562500 0.98437500
vt 0.26562500 0.51562500
vt 0.48437500 0.51562500
vt 0.48437500 0.98437500
vt 0.26562500 0.98437500
vt 0.26562500 0.51562500
vt 0.48437500 0.51562500
vt 0.48437500 0.98437500
vt 0.26562500 0.98437500
vt 0.26562500 0.51562500
vt 0.48437500 0.51562500
vt 0.48437500 0.98437500
vt 0.26562500 0.98437500
vt 0.26562500 0.51562500
vt 0.48437500 0.51562500
vt 0.48437500 0.98437500
vt 0.26562500 0.98437500
vt 0.26562500 0.51562500
vt 0.48437500 0.51562500
vt 0.48437500 0.98437500
vt 0.26562500 0.98437500
vt 0.26562500 0.51562500
vt 0.48437500 0.51562500
vt 0.48437500 0.98437500
vt 0.26562500 0.98437500
vt 0.26562500 0.51562500
vt 0.48437500 0.51562500
vt 0.48437500 0.98437500
vt 0.26562500 0.98437500
vt 0.26562500 0.51562500
vt 0.48437500 0.51562500
vt 0.48437500 0.98437500
vt 0.26562500 0.98437500
vt 0.26562500 0.51562500
vt 0.48437500 0.51562500
vt 0.48437500 0.98437500
vt 0.26562500 0.98437500
vt 0.26562500 0.51562500
vt 0.48437500 0.51562500
vt 0.48437500 0.98437500
vt 0.26562500 0.98437500
vt 0.26562500 0.51562500
vt 0.48437500 0.51562500
vt 0.48437500 0.98437500
vt 0.26562500 0.98437500
vt 0.26562500 0.51562500
vt 0.48437500 0.51562500
vt 0.48437500 0.98437500
vt 0.26562500 0.98437500
vt 0.26562500 0.51562500
vt 0.48437500 0.51562500
vt 0.48437500 0.98437500
vt 0.26562500 0.98437500
vt 0.51562500 0.51562500
vt 0.73437500 0.51562500
vt 0.73437500 0.98437500
vt 0.51562500 0.98437500
vt 0.51562500 0.51562500
vt 0.73437500 0.51562500
vt 0.73437500 0.98437500
vt 0.51562500 0.98437500
vt 0.51562500 0.51562500
vt 0.73437500 0.51562500
vt 0.73437500 0.98437500
vt 0.51562500 0.98437500
vt 0.51562500 0.51562500
vt 0.73437500 0.51562500
vt 0.73437500 0.98437500
vt 0.51562500 0.98437500
vt 0.51562500 0.51562500
vt 0.73437500 0.51562500
vt 0.73437500 0.98437500
vt 0.51562500 0.98437500
vt 0.51562500 0.51562500
vt 0.73437500 0.51562500
vt 0.73437500 0.98437500
vt 0.51562500 0.98437500
vt 0.51562500 0.51562500
vt 0.73437500 0.51562500
vt 0.73437500 0.98437500
vt 0.51562500 0.98437500
vt 0.51562500 0.51562500
vt 0.73437500 0.51562500
vt 0.73437500 0.98437500
vt 0.51562500 0.98437500
vt 0.51562500 0.51562500
vt 0.73437500 0.51562500
vt 0.73437500 0.98437500
vt 0.51562500 0.98437500
vt 0.51562500 0.51562500
vt 0.73437500 0.51562500
vt 0.73437500 0.98437500
vt 0.51562500 0.98437500
vt 0.51562500 0.51562500
vt 0.73437500 0.51562500
vt 0.73437500 0.98437500
vt 0.51562500 0.98437500
vt 0.51562500 0.51562500
vt 0.73437500 0.51562500
vt 0.73437500 0.98437500
vt 0.51562500 0.98437500
vt 0.51562500 0.51562500
vt 0.73437500 0.51562500
vt 0.73437500 0.98437500
vt 0.51562500 0.98437500
vt 0.51562500 0.51562500
vt 0.73437500 0.51562500
vt 0.73437500 0.98437500
vt 0.51562500 0.98437500
vt 0.51562500 0.51562500
vt 0.73437500 0.51562500
vt 0.73437500 0.98437500
vt 0.51562500 0.98437500
vt 0.51562500 0.51562500
vt 0.73437500 0.51562500
vt 0.73437500 0.98437500
vt 0.51562500 0.98437500
vt 0.51562500 0.51562500
vt 0.73437500 0.51562500
vt 0.73437500 0.98437500
vt 0.51562500 0.98437500
vt 0.51562500 0.51562500
vt 0.73437500 0.51562500
vt 0.73437500 0.98437500
vt 0.51562500 0.98437500
vt 0.51562500 0.51562500
vt 0.73437500 0.51562500
vt 0.73437500 0.98437500
vt 0.51562500 0.98437500
vt 0.51562500 0.51562500
vt 0.73437500 0.51562500
vt 0.73437500 0.98437500
vt 0.51562500 0.98437500
vt 0.51562500 0.51562500
vt 0.73437500 0.51562500
vt 0.73437500 0.98437500
vt 0.51562500 0.98437500
vt 0.51562500 0.51562500
vt 0.73437500 0.51562500
vt 0.73437500 0.98437500
vt 0.51562500 0.98437500
vt 0.51562500 0.51562500
vt 0.73437500 0.51562500
vt 0.73437500 0.98437500
vt 0.51562500 0.98437500
vt 0.51562500 0.51562500
vt 0.73437500 0.51562500
vt 0.73437500 0.98437500
vt 0.51562500 0.98437500
vt 0.51562500 0.51562500
vt 0.73437500 0.51562500
vt 0.73437500 0.98437500
vt 0.51562500 0.98437500
vt 0.51562500 0.51562500
vt 0.73437500 0.51562500
vt 0.73437500 0.98437500
vt 0.51562500 0.98437500
vt 0.51562500 0.51562500
vt 0.73437500 0.51562500
vt 0.73437500 0.98437500
vt 0.51562500 0.98437500
vt 0.51562500 0.51562500
vt 0.73437500 0.51562500
vt 0.73437500 0.98437500
vt 0.51562500 0.98437500
vt 0.51562500 0.51562500
vt 0.73437500 0.51562500
vt 0.73437500 0.98437500
vt 0.51562500 0.98437500
vt 0.51562500 0.51562500
vt 0.73437500 0.51562500
vt 0.73437500 0.98437500
vt 0.51562500 0.98437500
vt 0.51562500 0.51562500
vt 0.73437500 0.51562500
vt 0.73437500 0.98437500
vt 0.51562500 0.98437500
vt 0.51562500 0.51562500
vt 0.73437500 0.51562500
vt 0.73437500 0.98437500
vt 0.51562500 0.98437500
vt 0.51562500 0.51562500
vt 0.73437500 0.51562500
vt 0.73437500 0.98437500
vt 0.51562500 0.98437500
vt 0.51562500 0.51562500
vt 0.73437500 0.51562500
vt 0.73437500 0.98437500
vt 0.51562500 0.98437500
vt 0.51562500 0.51562500
vt 0.73437500 0.51562500
vt 0.73437500 0.98437500
vt 0.51562500 0.98437500
vt 0.51562500 0.51562500
vt 0.73437500 0.51562500
vt 0.73437500 0.98437500
vt 0.51562500 0.98437500
vt 0.51562500 0.51562500
vt 0.73437500 0.51562500
vt 0.73437500 0.98437500
vt 0.51562500 0.98437500
vt 0.51562500 0.51562500
vt 0.73437500 0.51562500
vt 0.73437500 0.98437500
vt 0.51562500 0.98437500
vt 0.51562500 0.51562500
vt 0.73437500 0.51562500
vt 0.73437500 0.98437500
vt 0.51562500 0.98437500
vt 0.51562500 0.51562500
vt 0.73437500 0.51562500
vt 0.73437500 0.98437500
vt 0.51562500 0.98437500
vt 0.51562500 0.51562500
vt 0.73437500 0.51562500
vt 0.73437500 0.98437500
vt 0.51562500 0.98437500
vt 0.51562500 0.51562500
vt 0.73437500 0.51562500
vt 0.73437500 0.98437500
vt 0.51562500 0.98437500
vt 0.51562500 0.51562500
vt 0.73437500 0.51562500
vt 0.73437500 0.98437500
vt 0.51562500 0.98437500
vt 0.51562500 0.51562500
vt 0.73437500 0.51562500
vt 0.73437500 0.98437500
vt 0.51562500 0.98437500
vt 0.51562500 0.51562500
vt 0.73437500 0.51562500
vt 0.73437500 0.98437500
vt 0.51562500 0.98437500
vt 0.51562500 0.51562500
vt 0.73437500 0.51562500
vt 0.73437500 0.98437500
vt 0.51562500 0.98437500
vt 0.51562500 0.51562500
vt 0.73437500 0.51562500
vt 0.73437500 0.98437500
vt 0.51562500 0.98437500
vt 0.51562500 0.51562500
vt 0.73437500 0.51562500
vt 0.73437500 0.98437500
vt 0.51562500 0.98437500
vt 0.51562500 0.51562500
vt 0.73437500 0.51562500
vt 0.73437500 0.98437500
vt 0.51562500 0.98437500
vt 0.51562500 0.51562500
vt 0.73437500 0.51562500
vt 0.73437500 0.98437500
vt 0.51562500 0.98437500
vt 0.51562500 0.51562500
vt 0.73437500 0.51562500
vt 0.73437500 0.98437500
vt 0.51562500 0.98437500
vt 0.51562500 0.51562500
vt 0.73437500 0.51562500
vt 0.73437500 0.98437500
vt 0.51562500 0.98437500
vt 0.51562500 0.51562500
vt 0.73437500 0.51562500
vt 0.73437500 0.98437500
vt 0.51562500 0.98437500
vt 0.51562500 0.51562500
vt 0.73437500 0.51562500
vt 0.73437500 0.98437500
vt 0.51562500 0.98437500
vt 0.51562500 0.51562500
vt 0.73437500 0.51562500
vt 0.73437500 0.98437500
vt 0.51562500 0.98437500
vt 0.51562500 0.51562500
vt 0.73437500 0.51562500
vt 0.73437500 0.98437500
vt 0.51562500 0.98437500
vt 0.51562500 0.51562500
vt 0.73437500 0.51562500
vt 0.73437500 0.98437500
vt 0.51562500 0.98437500
vt 0.51562500 0.51562500
vt 0.73437500 0.51562500
vt 0.73437500 0.98437500
vt 0.51562500 0.98437500
vt 0.51562500 0.51562500
vt 0.73437500 0.51562500
vt 0.73437500 0.98437500
vt 0.51562500 0.98437500
vt 0.51562500 0.51562500
vt 0.73437500 0.51562500
vt 0.73437500 0.98437500
vt 0.51562500 0.98437500
vt 0.51562500 0.51562500
vt 0.73437500 0.51562500
vt 0.73437500 0.98437500
vt 0.51562500 0.98437500
vt 0.51562500 0.51562500
vt 0.73437500 0.51562500
vt 0.73437500 0.98437500
vt 0.51562500 0.98437500
vt 0.51562500 0.51562500
vt 0.73437500 0.51562500
vt 0.73437500 0.98437500
vt 0.51562500 0.98437500
vt 0.51562500 0.51562500
vt 0.73437500 0.51562500
vt 0.73437500 0.98437500
vt 0.51562500 0.98437500
vt 0.51562500 0.51562500
vt 0.73437500 0.51562500
vt 0.73437500 0.98437500
vt 0.51562500 0.98437500
vt 0.51562500 0.51562500
vt 0.73437500 0.51562500
vt 0.73437500 0.98437500
vt 0.51562500 0.98437500
vt 0.51562500 0.51562500
vt 0.73437500 0.51562500
vt 0.73437500 0.98437500
vt 0.51562500 0.98437500
vt 0.51562500 0.51562500
vt 0.73437500 0.51562500
vt 0.73437500 0.98437500
vt 0.51562500 0.98437500
vt 0.51562500 0.51562500
vt 0.73437500 0.51562500
vt 0.73437500 0.98437500
vt 0.51562500 0.98437500
vt 0.51562500 0.51562500
vt 0.73437500 0.51562500
vt 0.73437500 0.98437500
vt 0.51562500 0.98437500
vt 0.51562500 0.51562500
vt 0.73437500 0.51562500
vt 0.73437500 0.98437500
vt 0.51562500 0.98437500
vt 0.51562500 0.51562500
vt 0.73437500 0.51562500
vt 0.73437500 0.98437500
vt 0.51562500 0.98437500
vt 0.51562500 0.51562500
vt 0.73437500 0.51562500
vt 0.73437500 0.98437500
vt 0.51562500 0.98437500
vt 0.51562500 0.51562500
vt 0.73437500 0.51562500
vt 0.73437500 0.98437500
vt 0.51562500 0.98437500
vt 0.51562500 0.51562500
vt 0.73437500 0.51562500
vt 0.73437500 0.98437500
vt 0.51562500 0.98437500
vt 0.51562500 0.51562500
vt 0.73437500 0.51562500
vt 0.73437500 0.98437500
vt 0.51562500 0.98437500
vt 0.51562500 0.51562500
vt 0.73437500 0.51562500
vt 0.73437500 0.98437500
vt 0.51562500 0.98437500
vt 0.51562500 0.51562500
vt 0.73437500 0.51562500
vt 0.73437500 0.98437500
vt 0.51562500 0.98437500
vt 0.51562500 0.51562500
vt 0.73437500 0.51562500
vt 0.73437500 0.98437500
vt 0.51562500 0.98437500
vt 0.51562500 0.51562500
vt 0.73437500 0.51562500
vt 0.73437500 0.98437500
vt 0.51562500 0.98437500
vt 0.26562500 0.51562500
vt 0.48437500 0.51562500
vt 0.48437500 0.98437500
vt 0.26562500 0.98437500
vt 0.26562500 0.51562500
vt 0.48437500 0.51562500
vt 0.48437500 0.98437500
vt 0.26562500 0.98437500
vt 0.26562500 0.51562500
vt 0.48437500 0.51562500
vt 0.48437500 0.98437500
vt 0.26562500 0.98437500
vt 0.26562500 0.51562500
vt 0.48437500 0.51562500
vt 0.48437500 0.98437500
vt 0.26562500 0.98437500
vt 0.26562500 0.51562500
vt 0.48437500 0.51562500
vt 0.48437500 0.98437500
vt 0.26562500 0.98437500
vt 0.26562500 0.51562500
vt 0.48437500 0.51562500
vt 0.48437500 0.98437500
vt 0.26562500 0.98437500
vt 0.26562500 0.51562500
vt 0.48437500 0.51562500
vt 0.48437500 0.98437500
vt 0.26562500 0.98437500
vt 0.26562500 0.51562500
vt 0.48437500 0.51562500
vt 0.48437500 0.98437500
vt 0.26562500 0.98437500
vt 0.26562500 0.51562500
vt 0.48437500 0.51562500
vt 0.48437500 0.98437500
vt 0.26562500 0.98437500
vt 0.26562500 0.51562500
vt 0.48437500 0.51562500
vt 0.48437500 0.98437500
vt 0.26562500 0.98437500
vt 0.26562500 0.51562500
vt 0.48437500 0.51562500
vt 0.48437500 0.98437500
vt 0.26562500 0.98437500
vt 0.26562500 0.51562500
vt 0.48437500 0.51562500
vt 0.48437500 0.98437500
vt 0.26562500 0.98437500
vt 0.26562500 0.51562500
vt 0.48437500 0.51562500
vt 0.48437500 0.98437500
vt 0.26562500 0.98437500
vt 0.26562500 0.51562500
vt 0.48437500 0.51562500
vt 0.48437500 0.98437500
vt 0.26562500 0.98437500
vt 0.26562500 0.51562500
vt 0.48437500 0.51562500
vt 0.48437500 0.98437500
vt 0.26562500 0.98437500
vt 0.26562500 0.51562500
vt 0.48437500 0.51562500
vt 0.48437500 0.98437500
vt 0.26562500 0.98437500
vt 0.26562500 0.51562500
vt 0.48437500 0.51562500
vt 0.48437500 0.98437500
vt 0.26562500 0.98437500
vt 0.26562500 0.51562500
vt 0.48437500 0.51562500
vt 0.48437500 0.98437500
vt 0.26562500 0.98437500
vt 0.26562500 0.51562500
vt 0.48437500 0.51562500
vt 0.48437500 0.98437500
vt 0.26562500 0.98437500
vt 0.26562500 0.51562500
vt 0.48437500 0.51562500
vt 0.48437500 0.98437500
vt 0.26562500 0.98437500
vt 0.26562500 0.51562500
vt 0.48437500 0.51562500
vt 0.48437500 0.98437500
vt 0.26562500 0.98437500
vt 0.26562500 0.51562500
vt 0.48437500 0.51562500
vt 0.48437500 0.98437500
vt 0.26562500 0.98437500
vt 0.26562500 0.51562500
vt 0.48437500 0.51562500
vt 0.48437500 0.98437500
vt 0.26562500 0.98437500
vt 0.26562500 0.51562500
vt 0.48437500 0.51562500
vt 0.48437500 0.98437500
vt 0.26562500 0.98437500
vt 0.26562500 0.51562500
vt 0.48437500 0.51562500
vt 0.48437500 0.98437500
vt 0.26562500 0.98437500
vt 0.26562500 0.51562500
vt 0.48437500 0.51562500
vt 0.48437500 0.98437500
vt 0.26562500 0.98437500
vt 0.26562500 0.51562500
vt 0.48437500 0.51562500
vt 0.48437500 0.98437500
vt 0.26562500 0.98437500
vt 0.26562500 0.51562500
vt 0.48437500 0.51562500
vt 0.48437500 0.98437500
vt 0.26562500 0.98437500
vt 0.26562500 0.51562500
vt 0.48437500 0.51562500
vt 0.48437500 0.98437500
vt 0.26562500 0.98437500
vt 0.26562500 0.51562500
vt 0.48437500 0.51562500
vt 0.48437500 0.98437500
vt 0.26562500 0.98437500
vt 0.26562500 0.51562500
vt 0.48437500 0.51562500
vt 0.48437500 0.98437500
vt 0.26562500 0.98437500
vt 0.26562500 0.51562500
vt 0.48437500 0.51562500
vt 0.48437500 0.98437500
vt 0.26562500 0.98437500
vt 0.26562500 0.51562500
vt 0.48437500 0.51562500
vt 0.48437500 0.98437500
vt 0.26562500 0.98437500
vt 0.26562500 0.51562500
vt 0.48437500 0.51562500
vt 0.48437500 0.98437500
vt 0.26562500 0.98437500
vt 0.26562500 0.51562500
vt 0.48437500 0.51562500
vt 0.48437500 0.98437500
vt 0.26562500 0.98437500
vt 0.26562500 0.51562500
vt 0.48437500 0.51562500
vt 0.48437500 0.98437500
vt 0.26562500 0.98437500
vt 0.26562500 0.51562500
vt 0.48437500 0.51562500
vt 0.48437500 0.98437500
vt 0.26562500 0.98437500
vt 0.26562500 0.51562500
vt 0.48437500 0.51562500
vt 0.48437500 0.98437500
vt 0.26562500 0.98437500
vt 0.26562500 0.51562500
vt 0.48437500 0.51562500
vt 0.48437500 0.98437500
vt 0.26562500 0.98437500
vt 0.26562500 0.51562500
vt 0.48437500 0.51562500
vt 0.48437500 0.98437500
vt 0.26562500 0.98437500
vt 0.26562500 0.51562500
vt 0.48437500 0.51562500
vt 0.48437500 0.98437500
vt 0.26562500 0.98437500
vt 0.26562500 0.51562500
vt 0.48437500 0.51562500
vt 0.48437500 0.98437500
vt 0.26562500 0.98437500
vt 0.26562500 0.51562500
vt 0.48437500 0.51562500
vt 0.48437500 0.98437500
vt 0.26562500 0.98437500
vt 0.26562500 0.51562500
vt 0.48437500 0.51562500
vt 0.48437500 0.98437500
vt 0.26562500 0.98437500
vt 0.26562500 0.51562500
vt 0.48437500 0.51562500
vt 0.48437500 0.98437500
vt 0.26562500 0.98437500
vt 0.26562500 0.51562500
vt 0.48437500 0.51562500
vt 0.48437500 0.98437500
vt 0.26562500 0.98437500
vt 0.26562500 0.51562500
vt 0.48437500 0.51562500
vt 0.48437500 0.98437500
vt 0.26562500 0.98437500
vt 0.26562500 0.51562500
vt 0.48437500 0.51562500
vt 0.48437500 0.98437500
vt 0.26562500 0.98437500
vt 0.26562500 0.51562500
vt 0.48437500 0.51562500
vt 0.48437500 0.98437500
vt 0.26562500 0.98437500
vt 0.26562500 0.51562500
vt 0.48437500 0.51562500
vt 0.48437500 0.98437500
vt 0.26562500 0.98437500
vt 0.26562500 0.51562500
vt 0.48437500 0.51562500
vt 0.48437500 0.98437500
vt 0.26562500 0.98437500
vt 0.26562500 0.51562500
vt 0.48437500 0.51562500
vt 0.48437500 0.98437500
vt 0.26562500 0.98437500
vt 0.26562500 0.51562500
vt 0.48437500 0.51562500
vt 0.48437500 0.98437500
vt 0.26562500 0.98437500
vt 0.26562500 0.51562500
vt 0.48437500 0.51562500
vt 0.48437500 0.98437500
vt 0.26562500 0.98437500
vt 0.26562500 0.51562500
vt 0.48437500 0.51562500
vt 0.48437500 0.98437500
vt 0.26562500 0.98437500
vt 0.26562500 0.51562500
vt 0.48437500 0.51562500
vt 0.48437500 0.98437500
vt 0.26562500 0.98437500
vt 0.26562500 0.51562500
vt 0.48437500 0.51562500
vt 0.48437500 0.98437500
vt 0.26562500 0.98437500
vt 0.26562500 0.51562500
vt 0.48437500 0.51562500
vt 0.48437500 0.98437500
vt 0.26562500 0.98437500
vt 0.26562500 0.51562500
vt 0.48437500 0.51562500
vt 0.48437500 0.98437500
vt 0.26562500 0.98437500
vt 0.26562500 0.51562500
vt 0.48437500 0.51562500
vt 0.48437500 0.98437500
vt 0.26562500 0.98437500
vt 0.26562500 0.51562500
vt 0.48437500 0.51562500
vt 0.48437500 0.98437500
vt 0.26562500 0.98437500
vt 0.26562500 0.51562500
vt 0.48437500 0.51562500
vt 0.48437500 0.98437500
vt 0.26562500 0.98437500
vt 0.26562500 0.51562500
vt 0.48437500 0.51562500
vt 0.48437500 0.98437500
vt 0.26562500 0.98437500
vt 0.26562500 0.51562500
vt 0.48437500 0.51562500
vt 0.48437500 0.98437500
vt 0.26562500 0.98437500
vt 0.26562500 0.51562500
vt 0.48437500 0.51562500
vt 0.48437500 0.98437500
vt 0.26562500 0.98437500
vt 0.26562500 0.51562500
vt 0.48437500 0.51562500
vt 0.48437500 0.98437500
vt 0.26562500 0.98437500
vt 0.26562500 0.51562500
vt 0.48437500 0.51562500
vt 0.48437500 0.98437500
vt 0.26562500 0.98437500
vt 0.26562500 0.51562500
vt 0.48437500 0.51562500
vt 0.48437500 0.98437500
vt 0.26562500 0.98437500
vt 0.26562500 0.51562500
vt 0.48437500 0.51562500
vt 0.48437500 0.98437500
vt 0.26562500 0.98437500
vt 0.26562500 0.51562500
vt 0.48437500 0.51562500
vt 0.48437500 0.98437500
vt 0.26562500 0.98437500
vt 0.26562500 0.51562500
vt 0.48437500 0.51562500
vt 0.48437500 0.98437500
vt 0.26562500 0.98437500
vt 0.26562500 0.51562500
vt 0.48437500 0.51562500
vt 0.48437500 0.98437500
vt 0.26562500 0.98437500
vt 0.26562500 0.51562500
vt 0.48437500 0.51562500
vt 0.48437500 0.98437500
vt 0.26562500 0.98437500
vt 0.26562500 0.51562500
vt 0.48437500 0.51562500
vt 0.48437500 0.98437500
vt 0.26562500 0.98437500
vt 0.26562500 0.51562500
vt 0.48437500 0.51562500
vt 0.48437500 0.98437500
vt 0.26562500 0.98437500
vt 0.26562500 0.51562500
vt 0.48437500 0.51562500
vt 0.48437500 0.98437500
vt 0.26562500 0.98437500
vt 0.26562500 0.51562500
vt 0.48437500 0.51562500
vt 0.48437500 0.98437500
vt 0.26562500 0.98437500
vt 0.26562500 0.51562500
vt 0.48437500 0.51562500
vt 0.48437500 0.98437500
vt 0.26562500 0.98437500
vt 0.26562500 0.51562500
vt 0.48437500 0.51562500
vt 0.48437500 0.98437500
vt 0.26562500 0.98437500
vt 0.26562500 0.51562500
vt 0.48437500 0.51562500
vt 0.48437500 0.98437500
vt 0.26562500 0.98437500
vt 0.51562500 0.51562500
vt 0.73437500 0.51562500
vt 0.73437500 0.98437500
vt 0.51562500 0.98437500
vt 0.51562500 0.51562500
vt 0.73437500 0.51562500
vt 0.73437500 0.98437500
vt 0.51562500 0.98437500
vt 0.51562500 0.51562500
vt 0.73437500 0.51562500
vt 0.73437500 0.98437500
vt 0.51562500 0.98437500
vt 0.51562500 0.51562500
vt 0.73437500 0.51562500
vt 0.73437500 0.98437500
vt 0.51562500 0.98437500
vt 0.51562500 0.51562500
vt 0.73437500 0.51562500
vt 0.73437500 0.98437500
vt 0.51562500 0.98437500
vt 0.51562500 0.51562500
vt 0.73437500 0.51562500
vt 0.73437500 0.98437500
vt 0.51562500 0.98437500
vt 0.51562500 0.51562500
vt 0.73437500 0.51562500
vt 0.73437500 0.98437500
vt 0.51562500 0.98437500
vt 0.51562500 0.51562500
vt 0.73437500 0.51562500
vt 0.73437500 0.98437500
vt 0.51562500 0.98437500
vt 0.51562500 0.51562500
vt 0.73437500 0.51562500
vt 0.73437500 0.98437500
vt 0.51562500 0.98437500
vt 0.51562500 0.51562500
vt 0.73437500 0.51562500
vt 0.73437500 0.98437500
vt 0.51562500 0.98437500
vt 0.51562500 0.51562500
vt 0.73437500 0.51562500
vt 0.73437500 0.98437500
vt 0.51562500 0.98437500
vt 0.51562500 0.51562500
vt 0.73437500 0.51562500
vt 0.73437500 0.98437500
vt 0.51562500 0.98437500
vt 0.51562500 0.51562500
vt 0.73437500 0.51562500
vt 0.73437500 0.98437500
vt 0.51562500 0.98437500
vt 0.51562500 0.51562500
vt 0.73437500 0.51562500
vt 0.73437500 0.98437500
vt 0.51562500 0.98437500
vt 0.51562500 0.51562500
vt 0.73437500 0.51562500
vt 0.73437500 0.98437500
vt 0.51562500 0.98437500
vt 0.51562500 0.51562500
vt 0.73437500 0.51562500
vt 0.73437500 0.98437500
vt 0.51562500 0.98437500
vt 0.51562500 0.51562500
vt 0.73437500 0.51562500
vt 0.73437500 0.98437500
vt 0.51562500 0.98437500
vt 0.51562500 0.51562500
vt 0.73437500 0.51562500
vt 0.73437500 0.98437500
vt 0.51562500 0.98437500
vt 0.51562500 0.51562500
vt 0.73437500 0.51562500
vt 0.73437500 0.98437500
vt 0.51562500 0.98437500
vt 0.51562500 0.51562500
vt 0.73437500 0.51562500
vt 0.73437500 0.98437500
vt 0.51562500 0.98437500
vt 0.51562500 0.51562500
vt 0.73437500 0.51562500
vt 0.73437500 0.98437500
vt 0.51562500 0.98437500
vt 0.51562500 0.51562500
vt 0.73437500 0.51562500
vt 0.73437500 0.98437500
vt 0.51562500 0.98437500
vt 0.51562500 0.51562500
vt 0.73437500 0.51562500
vt 0.73437500 0.98437500
vt 0.51562500 0.98437500
vt 0.51562500 0.51562500
vt 0.73437500 0.51562500
vt 0.73437500 0.98437500
vt 0.51562500 0.98437500
vt 0.51562500 0.51562500
vt 0.73437500 0.51562500
vt 0.73437500 0.98437500
vt 0.51562500 0.98437500
vt 0.51562500 0.51562500
vt 0.73437500 0.51562500
vt 0.73437500 0.98437500
vt 0.51562500 0.98437500
vt 0.51562500 0.51562500
vt 0.73437500 0.51562500
vt 0.73437500 0.98437500
vt 0.51562500 0.98437500
vt 0.51562500 0.51562500
vt 0.73437500 0.51562500
vt 0.73437500 0.98437500
vt 0.51562500 0.98437500
vt 0.51562500 0.51562500
vt 0.73437500 0.51562500
vt 0.73437500 0.98437500
vt 0.51562500 0.98437500
vt 0.51562500 0.51562500
vt 0.73437500 0.51562500
vt 0.73437500 0.98437500
vt 0.51562500 0.98437500
vt 0.51562500 0.51562500
vt 0.73437500 0.51562500
vt 0.73437500 0.98437500
vt 0.51562500 0.98437500
vt 0.51562500 0.51562500
vt 0.73437500 0.51562500
vt 0.73437500 0.98437500
vt 0.51562500 0.98437500
vt 0.51562500 0.51562500
vt 0.73437500 0.51562500
vt 0.73437500 0.98437500
vt 0.51562500 0.98437500
vt 0.51562500 0.51562500
vt 0.73437500 0.51562500
vt 0.73437500 0.98437500
vt 0.51562500 0.98437500
vt 0.51562500 0.51562500
vt 0.73437500 0.51562500
vt 0.73437500 0.98437500
vt 0.51562500 0.98437500
vt 0.51562500 0.51562500
vt 0.73437500 0.51562500
vt 0.73437500 0.98437500
vt 0.51562500 0.98437500
vt 0.51562500 0.51562500
vt 0.73437500 0.51562500
vt 0.73437500 0.98437500
vt 0.51562500 0.98437500
vt 0.51562500 0.51562500
vt 0.73437500 0.51562500
vt 0.73437500 0.98437500
vt 0.51562500 0.98437500
vt 0.51562500 0.51562500
vt 0.73437500 0.51562500
vt 0.73437500 0.98437500
vt 0.51562500 0.98437500
vt 0.51562500 0.51562500
vt 0.73437500 0.51562500
vt 0.73437500 0.98437500
vt 0.51562500 0.98437500
vt 0.51562500 0.51562500
vt 0.73437500 0.51562500
vt 0.73437500 0.98437500
vt 0.51562500 0.98437500
vt 0.51562500 0.51562500
vt 0.73437500 0.51562500
vt 0.73437500 0.98437500
vt 0.51562500 0.98437500
vt 0.51562500 0.51562500
vt 0.73437500 0.51562500
vt 0.73437500 0.98437500
vt 0.51562500 0.98437500
vt 0.51562500 0.51562500
vt 0.73437500 0.51562500
vt 0.73437500 0.98437500
vt 0.51562500 0.98437500
vt 0.51562500 0.51562500
vt 0.73437500 0.51562500
vt 0.73437500 0.98437500
vt 0.51562500 0.98437500
vt 0.51562500 0.51562500
vt 0.73437500 0.51562500
vt 0.73437500 0.98437500
vt 0.51562500 0.98437500
vt 0.51562500 0.51562500
vt 0.73437500 0.51562500
vt 0.73437500 0.98437500
vt 0.51562500 0.98437500
vt 0.51562500 0.51562500
vt 0.73437500 0.51562500
vt 0.73437500 0.98437500
vt 0.51562500 0.98437500
vt 0.51562500 0.51562500
vt 0.73437500 0.51562500
vt 0.73437500 0.98437500
vt 0.51562500 0.98437500
vt 0.51562500 0.51562500
vt 0.73437500 0.51562500
vt 0.73437500 0.98437500
vt 0.51562500 0.98437500
vt 0.51562500 0.51562500
vt 0.73437500 0.51562500
vt 0.73437500 0.98437500
vt 0.51562500 0.98437500
vt 0.51562500 0.51562500
vt 0.73437500 0.51562500
vt 0.73437500 0.98437500
vt 0.51562500 0.98437500
vt 0.51562500 0.51562500
vt 0.73437500 0.51562500
vt 0.73437500 0.98437500
vt 0.51562500 0.98437500
vt 0.51562500 0.51562500
vt 0.73437500 0.51562500
vt 0.73437500 0.98437500
vt 0.51562500 0.98437500
vt 0.51562500 0.51562500
vt 0.73437500 0.51562500
vt 0.73437500 0.98437500
vt 0.51562500 0.98437500
vt 0.51562500 0.51562500
vt 0.73437500 0.51562500
vt 0.73437500 0.98437500
vt 0.51562500 0.98437500
vt 0.51562500 0.51562500
vt 0.73437500 0.51562500
vt 0.73437500 0.98437500
vt 0.51562500 0.98437500
vt 0.51562500 0.51562500
vt 0.73437500 0.51562500
vt 0.73437500 0.98437500
vt 0.51562500 0.98437500
vt 0.51562500 0.51562500
vt 0.73437500 0.51562500
vt 0.73437500 0.98437500
vt 0.51562500 0.98437500
vt 0.51562500 0.51562500
vt 0.73437500 0.51562500
vt 0.73437500 0.98437500
vt 0.51562500 0.98437500
vt 0.51562500 0.51562500
vt 0.73437500 0.51562500
vt 0.73437500 0.98437500
vt 0.51562500 0.98437500
vt 0.51562500 0.51562500
vt 0.73437500 0.51562500
vt 0.73437500 0.98437500
vt 0.51562500 0.98437500
vt 0.51562500 0.51562500
vt 0.73437500 0.51562500
vt 0.73437500 0.98437500
vt 0.51562500 0.98437500
vt 0.51562500 0.51562500
vt 0.73437500 0.51562500
vt 0.73437500 0.98437500
vt 0.51562500 0.98437500
vt 0.51562500 0.51562500
vt 0.73437500 0.51562500
vt 0.73437500 0.98437500
vt 0.51562500 0.98437500
vt 0.51562500 0.51562500
vt 0.73437500 0.51562500
vt 0.73437500 0.98437500
vt 0.51562500 0.98437500
vt 0.51562500 0.51562500
vt 0.73437500 0.51562500
vt 0.73437500 0.98437500
vt 0.51562500 0.98437500
vt 0.51562500 0.51562500
vt 0.73437500 0.51562500
vt 0.73437500 0.98437500
vt 0.51562500 0.98437500
vt 0.51562500 0.51562500
vt 0.73437500 0.51562500
vt 0.73437500 0.98437500
vt 0.51562500 0.98437500
vt 0.51562500 0.51562500
vt 0.73437500 0.51562500
vt 0.73437500 0.98437500
vt 0.51562500 0.98437500
vt 0.51562500 0.51562500
vt 0.73437500 0.51562500
vt 0.73437500 0.98437500
vt 0.51562500 0.98437500
vt 0.51562500 0.51562500
vt 0.73437500 0.51562500
vt 0.73437500 0.98437500
vt 0.51562500 0.98437500
vt 0.51562500 0.51562500
vt 0.73437500 0.51562500
vt 0.73437500 0.98437500
vt 0.51562500 0.98437500
vt 0.51562500 0.51562500
vt 0.73437500 0.51562500
vt 0.73437500 0.98437500
vt 0.51562500 0.98437500
vt 0.51562500 0.51562500
vt 0.73437500 0.51562500
vt 0.73437500 0.98437500
vt 0.51562500 0.98437500
vt 0.51562500 0.51562500
vt 0.73437500 0.51562500
vt 0.73437500 0.98437500
vt 0.51562500 0.98437500
vt 0.51562500 0.51562500
vt 0.73437500 0.51562500
vt 0.73437500 0.98437500
vt 0.51562500 0.98437500
vt 0.51562500 0.51562500
vt 0.73437500 0.51562500
vt 0.73437500 0.98437500
vt 0.51562500 0.98437500
vt 0.51562500 0.51562500
vt 0.73437500 0.51562500
vt 0.73437500 0.98437500
vt 0.51562500 0.98437500
vt 0.51562500 0.51562500
vt 0.73437500 0.51562500
vt 0.73437500 0.98437500
vt 0.51562500 0.98437500
vt 0.26562500 0.51562500
vt 0.48437500 0.51562500
vt 0.48437500 0.98437500
vt 0.26562500 0.98437500
vt 0.26562500 0.51562500
vt 0.48437500 0.51562500
vt 0.48437500 0.98437500
vt 0.26562500 0.98437500
vt 0.26562500 0.51562500
vt 0.48437500 0.51562500
vt 0.48437500 0.98437500
vt 0.26562500 0.98437500
vt 0.26562500 0.51562500
vt 0.48437500 0.51562500
vt 0.48437500 0.98437500
vt 0.26562500 0.98437500
vt 0.26562500 0.51562500
vt 0.48437500 0.51562500
vt 0.48437500 0.98437500
vt 0.26562500 0.98437500
vt 0.26562500 0.51562500
vt 0.48437500 0.51562500
vt 0.48437500 0.98437500
vt 0.26562500 0.98437500
vt 0.26562500 0.51562500
vt 0.48437500 0.51562500
vt 0.48437500 0.98437500
vt 0.26562500 0.98437500
vt 0.26562500 0.51562500
vt 0.48437500 0.51562500
vt 0.48437500 0.98437500
vt 0.26562500 0.98437500
vt 0.26562500 0.51562500
vt 0.48437500 0.51562500
vt 0.48437500 0.98437500
vt 0.26562500 0.98437500
vt 0.26562500 0.51562500
vt 0.48437500 0.51562500
vt 0.48437500 0.98437500
vt 0.26562500 0.98437500
vt 0.26562500 0.51562500
vt 0.48437500 0.51562500
vt 0.48437500 0.98437500
vt 0.26562500 0.98437500
vt 0.26562500 0.51562500
vt 0.48437500 0.51562500
vt 0.48437500 0.98437500
vt 0.26562500 0.98437500
vt 0.26562500 0.51562500
vt 0.48437500 0.51562500
vt 0.48437500 0.98437500
vt 0.26562500 0.98437500
vt 0.26562500 0.51562500
vt 0.48437500 0.51562500
vt 0.48437500 0.98437500
vt 0.26562500 0.98437500
vt 0.26562500 0.51562500
vt 0.48437500 0.51562500
vt 0.48437500 0.98437500
vt 0.26562500 0.98437500
vt 0.26562500 0.51562500
vt 0.48437500 0.51562500
vt 0.48437500 0.98437500
vt 0.26562500 0.98437500
vt 0.26562500 0.51562500
vt 0.48437500 0.51562500
vt 0.48437500 0.98437500
vt 0.26562500 0.98437500
vt 0.26562500 0.51562500
vt 0.48437500 0.51562500
vt 0.48437500 0.98437500
vt 0.26562500 0.98437500
vt 0.26562500 0.51562500
vt 0.48437500 0.51562500
vt 0.48437500 0.98437500
vt 0.26562500 0.98437500
vt 0.26562500 0.51562500
vt 0.48437500 0.51562500
vt 0.48437500 0.98437500
vt 0.26562500 0.98437500
vt 0.26562500 0.51562500
vt 0.48437500 0.51562500
vt 0.48437500 0.98437500
vt 0.26562500 0.98437500
vt 0.26562500 0.51562500
vt 0.48437500 0.51562500
vt 0.48437500 0.98437500
vt 0.26562500 0.98437500
vt 0.26562500 0.51562500
vt 0.48437500 0.51562500
vt 0.48437500 0.98437500
vt 0.26562500 0.98437500
vt 0.26562500 0.51562500
vt 0.48437500 0.51562500
vt 0.48437500 0.98437500
vt 0.26562500 0.98437500
vt 0.26562500 0.51562500
vt 0.48437500 0.51562500
vt 0.48437500 0.98437500
vt 0.26562500 0.98437500
vt 0.26562500 0.51562500
vt 0.48437500 0.51562500
vt 0.48437500 0.98437500
vt 0.26562500 0.98437500
vt 0.26562500 0.51562500
vt 0.48437500 0.51562500
vt 0.48437500 0.98437500
vt 0.26562500 0.98437500
vt 0.26562500 0.51562500
vt 0.48437500 0.51562500
vt 0.48437500 0.98437500
vt 0.26562500 0.98437500
vt 0.26562500 0.51562500
vt 0.48437500 0.51562500
vt 0.48437500 0.98437500
vt 0.26562500 0.98437500
vt 0.26562500 0.51562500
vt 0.48437500 0.51562500
vt 0.48437500 0.98437500
vt 0.26562500 0.98437500
vt 0.26562500 0.51562500
vt 0.48437500 0.51562500
vt 0.48437500 0.98437500
vt 0.26562500 0.98437500
vt 0.26562500 0.51562500
vt 0.48437500 0.51562500
vt 0.48437500 0.98437500
vt 0.26562500 0.98437500
vt 0.26562500 0.51562500
vt 0.48437500 0.51562500
vt 0.48437500 0.98437500
vt 0.26562500 0.98437500
vt 0.26562500 0.51562500
vt 0.48437500 0.51562500
vt 0.48437500 0.98437500
vt 0.26562500 0.98437500
vt 0.26562500 0.51562500
vt 0.48437500 0.51562500
vt 0.48437500 0.98437500
vt 0.26562500 0.98437500
vt 0.26562500 0.51562500
vt 0.48437500 0.51562500
vt 0.48437500 0.98437500
vt 0.26562500 0.98437500
vt 0.26562500 0.51562500
vt 0.48437500 0.51562500
vt 0.48437500 0.98437500
vt 0.26562500 0.98437500
vt 0.26562500 0.51562500
vt 0.48437500 0.51562500
vt 0.48437500 0.98437500
vt 0.26562500 0.98437500
vt 0.26562500 0.51562500
vt 0.48437500 0.51562500
vt 0.48437500 0.98437500
vt 0.26562500 0.98437500
vt 0.26562500 0.51562500
vt 0.48437500 0.51562500
vt 0.48437500 0.98437500
vt 0.26562500 0.98437500
vt 0.26562500 0.51562500
vt 0.48437500 0.51562500
vt 0.48437500 0.98437500
vt 0.26562500 0.98437500
vt 0.26562500 0.51562500
vt 0.48437500 0.51562500
vt 0.48437500 0.98437500
vt 0.26562500 0.98437500
vt 0.26562500 0.51562500
vt 0.48437500 0.51562500
vt 0.48437500 0.98437500
vt 0.26562500 0.98437500
vt 0.26562500 0.51562500
vt 0.48437500 0.51562500
vt 0.48437500 0.98437500
vt 0.26562500 0.98437500
vt 0.26562500 0.51562500
vt 0.48437500 0.51562500
vt 0.48437500 0.98437500
vt 0.26562500 0.98437500
vt 0.26562500 0.51562500
vt 0.48437500 0.51562500
vt 0.48437500 0.98437500
vt 0.26562500 0.98437500
vt 0.26562500 0.51562500
vt 0.48437500 0.51562500
vt 0.48437500 0.98437500
vt 0.26562500 0.98437500
vt 0.26562500 0.51562500
vt 0.48437500 0.51562500
vt 0.48437500 0.98437500
vt 0.26562500 0.98437500
vt 0.26562500 0.51562500
vt 0.48437500 0.51562500
vt 0.48437500 0.98437500
vt 0.26562500 0.98437500
vt 0.26562500 0.51562500
vt 0.48437500 0.51562500
vt 0.48437500 0.98437500
vt 0.26562500 0.98437500
vt 0.26562500 0.51562500
vt 0.48437500 0.51562500
vt 0.48437500 0.98437500
vt 0.26562500 0.98437500
vt 0.26562500 0.51562500
vt 0.48437500 0.51562500
vt 0.48437500 0.98437500
vt 0.26562500 0.98437500
vt 0.26562500 0.51562500
vt 0.48437500 0.51562500
vt 0.48437500 0.98437500
vt 0.26562500 0.98437500
vt 0.26562500 0.51562500
vt 0.48437500 0.51562500
vt 0.48437500 0.98437500
vt 0.26562500 0.98437500
vt 0.26562500 0.51562500
vt 0.48437500 0.51562500
vt 0.48437500 0.98437500
vt 0.26562500 0.98437500
vt 0.26562500 0.51562500
vt 0.48437500 0.51562500
vt 0.48437500 0.98437500
vt 0.26562500 0.98437500
vt 0.26562500 0.51562500
vt 0.48437500 0.51562500
vt 0.48437500 0.98437500
vt 0.26562500 0.98437500
vt 0.26562500 0.51562500
vt 0.48437500 0.51562500
vt 0.48437500 0.98437500
vt 0.26562500 0.98437500
vt 0.26562500 0.51562500
vt 0.48437500 0.51562500
vt 0.48437500 0.98437500
vt 0.26562500 0.98437500
vt 0.26562500 0.51562500
vt 0.48437500 0.51562500
vt 0.48437500 0.98437500
vt 0.26562500 0.98437500
vt 0.26562500 0.51562500
vt 0.48437500 0.51562500
vt 0.48437500 0.98437500
vt 0.26562500 0.98437500
vt 0.26562500 0.51562500
vt 0.48437500 0.51562500
vt 0.48437500 0.98437500
vt 0.26562500 0.98437500
vt 0.26562500 0.51562500
vt 0.48437500 0.51562500
vt 0.48437500 0.98437500
vt 0.26562500 0.98437500
vt 0.26562500 0.51562500
vt 0.48437500 0.51562500
vt 0.48437500 0.98437500
vt 0.26562500 0.98437500
vt 0.26562500 0.51562500
vt 0.48437500 0.51562500
vt 0.48437500 0.98437500
vt 0.26562500 0.98437500
vt 0.26562500 0.51562500
vt 0.48437500 0.51562500
vt 0.48437500 0.98437500
vt 0.26562500 0.98437500
vt 0.26562500 0.51562500
vt 0.48437500 0.51562500
vt 0.48437500 0.98437500
vt 0.26562500 0.98437500
vt 0.26562500 0.51562500
vt 0.48437500 0.51562500
vt 0.48437500 0.98437500
vt 0.26562500 0.98437500
vt 0.26562500 0.51562500
vt 0.48437500 0.51562500
vt 0.48437500 0.98437500
vt 0.26562500 0.98437500
vt 0.26562500 0.51562500
vt 0.48437500 0.51562500
vt 0.48437500 0.98437500
vt 0.26562500 0.98437500
vt 0.26562500 0.51562500
vt 0.48437500 0.51562500
vt 0.48437500 0.98437500
vt 0.26562500 0.98437500
vt 0.26562500 0.51562500
vt 0.48437500 0.51562500
vt 0.48437500 0.98437500
vt 0.26562500 0.98437500
vt 0.26562500 0.51562500
vt 0.48437500 0.51562500
vt 0.48437500 0.98437500
vt 0.26562500 0.98437500
vt 0.26562500 0.51562500
vt 0.48437500 0.51562500
vt 0.48437500 0.98437500
vt 0.26562500 0.98437500
vt 0.26562500 0.51562500
vt 0.48437500 0.51562500
vt 0.48437500 0.98437500
vt 0.26562500 0.98437500
vt 0.26562500 0.51562500
vt 0.48437500 0.51562500
vt 0.48437500 0.98437500
vt 0.26562500 0.98437500
vt 0.26562500 0.51562500
vt 0.48437500 0.51562500
vt 0.48437500 0.98437500
vt 0.26562500 0.98437500
vt 0.26562500 0.51562500
vt 0.48437500 0.51562500
vt 0.48437500 0.98437500
vt 0.26562500 0.98437500
vt 0.26562500 0.51562500
vt 0.48437500 0.51562500
vt 0.48437500 0.98437500
vt 0.26562500 0.98437500
vt 0.26562500 0.51562500
vt 0.48437500 0.51562500
vt 0.48437500 0.98437500
vt 0.26562500 0.98437500
vt 0.51562500 0.51562500
vt 0.73437500 0.51562500
vt 0.73437500 0.98437500
vt 0.51562500 0.98437500
vt 0.51562500 0.51562500
vt 0.73437500 0.51562500
vt 0.73437500 0.98437500
vt 0.51562500 0.98437500
vt 0.51562500 0.51562500
vt 0.73437500 0.51562500
vt 0.73437500 0.98437500
vt 0.51562500 0.98437500
vt 0.51562500 0.51562500
vt 0.73437500 0.51562500
vt 0.73437500 0.98437500
vt 0.51562500 0.98437500
vt 0.51562500 0.51562500
vt 0.73437500 0.51562500
vt 0.73437500 0.98437500
vt 0.51562500 0.98437500
vt 0.51562500 0.51562500
vt 0.73437500 0.51562500
vt 0.73437500 0.98437500
vt 0.51562500 0.98437500
vt 0.51562500 0.51562500
vt 0.73437500 0.51562500
vt 0.73437500 0.98437500
vt 0.51562500 0.98437500
vt 0.51562500 0.51562500
vt 0.73437500 0.51562500
vt 0.73437500 0.98437500
vt 0.51562500 0.98437500
vt 0.51562500 0.51562500
vt 0.73437500 0.51562500
vt 0.73437500 0.98437500
vt 0.51562500 0.98437500
vt 0.51562500 0.51562500
vt 0.73437500 0.51562500
vt 0.73437500 0.98437500
vt 0.51562500 0.98437500
vt 0.51562500 0.51562500
vt 0.73437500 0.51562500
vt 0.73437500 0.98437500
vt 0.51562500 0.98437500
vt 0.51562500 0.51562500
vt 0.73437500 0.51562500
vt 0.73437500 0.98437500
vt 0.51562500 0.98437500
vt 0.51562500 0.51562500
vt 0.73437500 0.51562500
vt 0.73437500 0.98437500
vt 0.51562500 0.98437500
vt 0.51562500 0.51562500
vt 0.73437500 0.51562500
vt 0.73437500 0.98437500
vt 0.51562500 0.98437500
vt 0.51562500 0.51562500
vt 0.73437500 0.51562500
vt 0.73437500 0.98437500
vt 0.51562500 0.98437500
vt 0.51562500 0.51562500
vt 0.73437500 0.51562500
vt 0.73437500 0.98437500
vt 0.51562500 0.98437500
vt 0.51562500 0.51562500
vt 0.73437500 0.51562500
vt 0.73437500 0.98437500
vt 0.51562500 0.98437500
vt 0.51562500 0.51562500
vt 0.73437500 0.51562500
vt 0.73437500 0.98437500
vt 0.51562500 0.98437500
vt 0.51562500 0.51562500
vt 0.73437500 0.51562500
vt 0.73437500 0.98437500
vt 0.51562500 0.98437500
vt 0.51562500 0.51562500
vt 0.73437500 0.51562500
vt 0.73437500 0.98437500
vt 0.51562500 0.98437500
vt 0.51562500 0.51562500
vt 0.73437500 0.51562500
vt 0.73437500 0.98437500
vt 0.51562500 0.98437500
vt 0.51562500 0.51562500
vt 0.73437500 0.51562500
vt 0.73437500 0.98437500
vt 0.51562500 0.98437500
vt 0.51562500 0.51562500
vt 0.73437500 0.51562500
vt 0.73437500 0.98437500
vt 0.51562500 0.98437500
vt 0.51562500 0.51562500
vt 0.73437500 0.51562500
vt 0.73437500 0.98437500
vt 0.51562500 0.98437500
vt 0.51562500 0.51562500
vt 0.73437500 0.51562500
vt 0.73437500 0.98437500
vt 0.51562500 0.98437500
vt 0.51562500 0.51562500
vt 0.73437500 0.51562500
vt 0.73437500 0.98437500
vt 0.51562500 0.98437500
vt 0.51562500 0.51562500
vt 0.73437500 0.51562500
vt 0.73437500 0.98437500
vt 0.51562500 0.98437500
vt 0.51562500 0.51562500
vt 0.73437500 0.51562500
vt 0.73437500 0.98437500
vt 0.51562500 0.98437500
vt 0.51562500 0.51562500
vt 0.73437500 0.51562500
vt 0.73437500 0.98437500
vt 0.51562500 0.98437500
vt 0.51562500 0.51562500
vt 0.73437500 0.51562500
vt 0.73437500 0.98437500
vt 0.51562500 0.98437500
vt 0.51562500 0.51562500
vt 0.73437500 0.51562500
vt 0.73437500 0.98437500
vt 0.51562500 0.98437500
vt 0.51562500 0.51562500
vt 0.73437500 0.51562500
vt 0.73437500 0.98437500
vt 0.51562500 0.98437500
vt 0.51562500 0.51562500
vt 0.73437500 0.51562500
vt 0.73437500 0.98437500
vt 0.51562500 0.98437500
vt 0.51562500 0.51562500
vt 0.73437500 0.51562500
vt 0.73437500 0.98437500
vt 0.51562500 0.98437500
vt 0.51562500 0.51562500
vt 0.73437500 0.51562500
vt 0.73437500 0.98437500
vt 0.51562500 0.98437500
vt 0.51562500 0.51562500
vt 0.73437500 0.51562500
vt 0.73437500 0.98437500
vt 0.51562500 0.98437500
vt 0.51562500 0.51562500
vt 0.73437500 0.51562500
vt 0.73437500 0.98437500
vt 0.51562500 0.98437500
vt 0.51562500 0.51562500
vt 0.73437500 0.51562500
vt 0.73437500 0.98437500
vt 0.51562500 0.98437500
vt 0.51562500 0.51562500
vt 0.73437500 0.51562500
vt 0.73437500 0.98437500
vt 0.51562500 0.98437500
vt 0.51562500 0.51562500
vt 0.73437500 0.51562500
vt 0.73437500 0.98437500
vt 0.51562500 0.98437500
vt 0.51562500 0.51562500
vt 0.73437500 0.51562500
vt 0.73437500 0.98437500
vt 0.51562500 0.98437500
vt 0.51562500 0.51562500
vt 0.73437500 0.51562500
vt 0.73437500 0.98437500
vt 0.51562500 0.98437500
vt 0.51562500 0.51562500
vt 0.73437500 0.51562500
vt 0.73437500 0.98437500
vt 0.51562500 0.98437500
vt 0.51562500 0.51562500
vt 0.73437500 0.51562500
vt 0.73437500 0.98437500
vt 0.51562500 0.98437500
vt 0.51562500 0.51562500
vt 0.73437500 0.51562500
vt 0.73437500 0.98437500
vt 0.51562500 0.98437500
vt 0.51562500 0.51562500
vt 0.73437500 0.51562500
vt 0.73437500 0.98437500
vt 0.51562500 0.98437500
vt 0.51562500 0.51562500
vt 0.73437500 0.51562500
vt 0.73437500 0.98437500
vt 0.51562500 0.98437500
vt 0.51562500 0.51562500
vt 0.73437500 0.51562500
vt 0.73437500 0.98437500
vt 0.51562500 0.98437500
vt 0.51562500 0.51562500
vt 0.73437500 0.51562500
vt 0.73437500 0.98437500
vt 0.51562500 0.98437500
vt 0.51562500 0.51562500
vt 0.73437500 0.51562500
vt 0.73437500 0.98437500
vt 0.51562500 0.98437500
vt 0.51562500 0.51562500
vt 0.73437500 0.51562500
vt 0.73437500 0.98437500
vt 0.51562500 0.98437500
vt 0.51562500 0.51562500
vt 0.73437500 0.51562500
vt 0.73437500 0.98437500
vt 0.51562500 0.98437500
vt 0.51562500 0.51562500
vt 0.73437500 0.51562500
vt 0.73437500 0.98437500
vt 0.51562500 0.98437500
vt 0.51562500 0.51562500
vt 0.73437500 0.51562500
vt 0.73437500 0.98437500
vt 0.51562500 0.98437500
vt 0.51562500 0.51562500
vt 0.73437500 0.51562500
vt 0.73437500 0.98437500
vt 0.51562500 0.98437500
vt 0.51562500 0.51562500
vt 0.73437500 0.51562500
vt 0.73437500 0.98437500
vt 0.51562500 0.98437500
vt 0.51562500 0.51562500
vt 0.73437500 0.51562500
vt 0.73437500 0.98437500
vt 0.51562500 0.98437500
vt 0.51562500 0.51562500
vt 0.73437500 0.51562500
vt 0.73437500 0.98437500
vt 0.51562500 0.98437500
vt 0.51562500 0.51562500
vt 0.73437500 0.51562500
vt 0.73437500 0.98437500
vt 0.51562500 0.98437500
vt 0.51562500 0.51562500
vt 0.73437500 0.51562500
vt 0.73437500 0.98437500
vt 0.51562500 0.98437500
vt 0.51562500 0.51562500
vt 0.73437500 0.51562500
vt 0.73437500 0.98437500
vt 0.51562500 0.98437500
vt 0.51562500 0.51562500
vt 0.73437500 0.51562500
vt 0.73437500 0.98437500
vt 0.51562500 0.98437500
vt 0.51562500 0.51562500
vt 0.73437500 0.51562500
vt 0.73437500 0.98437500
vt 0.51562500 0.98437500
vt 0.51562500 0.51562500
vt 0.73437500 0.51562500
vt 0.73437500 0.98437500
vt 0.51562500 0.98437500
vt 0.51562500 0.51562500
vt 0.73437500 0.51562500
vt 0.73437500 0.98437500
vt 0.51562500 0.98437500
vt 0.51562500 0.51562500
vt 0.73437500 0.51562500
vt 0.73437500 0.98437500
vt 0.51562500 0.98437500
vt 0.51562500 0.51562500
vt 0.73437500 0.51562500
vt 0.73437500 0.98437500
vt 0.51562500 0.98437500
vt 0.51562500 0.51562500
vt 0.73437500 0.51562500
vt 0.73437500 0.98437500
vt 0.51562500 0.98437500
vt 0.51562500 0.51562500
vt 0.73437500 0.51562500
vt 0.73437500 0.98437500
vt 0.51562500 0.98437500
vt 0.51562500 0.51562500
vt 0.73437500 0.51562500
vt 0.73437500 0.98437500
vt 0.51562500 0.98437500
vt 0.51562500 0.51562500
vt 0.73437500 0.51562500
vt 0.73437500 0.98437500
vt 0.51562500 0.98437500
vt 0.51562500 0.51562500
vt 0.73437500 0.51562500
vt 0.73437500 0.98437500
vt 0.51562500 0.98437500
vt 0.51562500 0.51562500
vt 0.73437500 0.51562500
vt 0.73437500 0.98437500
vt 0.51562500 0.98437500
vt 0.51562500 0.51562500
vt 0.73437500 0.51562500
vt 0.73437500 0.98437500
vt 0.51562500 0.98437500
vt 0.51562500 0.51562500
vt 0.73437500 0.51562500
vt 0.73437500 0.98437500
vt 0.51562500 0.98437500
vt 0.51562500 0.51562500
vt 0.73437500 0.51562500
vt 0.73437500 0.98437500
vt 0.51562500 0.98437500
vt 0.51562500 0.51562500
vt 0.73437500 0.51562500
vt 0.73437500 0.98437500
vt 0.51562500 0.98437500
vt 0.51562500 0.51562500
vt 0.73437500 0.51562500
vt 0.73437500 0.98437500
vt 0.51562500 0.98437500
vt 0.51562500 0.51562500
vt 0.73437500 0.51562500
vt 0.73437500 0.98437500
vt 0.51562500 0.98437500
vt 0.51562500 0.51562500
vt 0.73437500 0.51562500
vt 0.73437500 0.98437500
vt 0.51562500 0.98437500
vt 0.26562500 0.51562500
vt 0.48437500 0.51562500
vt 0.48437500 0.98437500
vt 0.26562500 0.98437500
vt 0.26562500 0.51562500
vt 0.48437500 0.51562500
vt 0.48437500 0.98437500
vt 0.26562500 0.98437500
vt 0.26562500 0.51562500
vt 0.48437500 0.51562500
vt 0.48437500 0.98437500
vt 0.26562500 0.98437500
vt 0.26562500 0.51562500
vt 0.48437500 0.51562500
vt 0.48437500 0.98437500
vt 0.26562500 0.98437500
vt 0.26562500 0.51562500
vt 0.48437500 0.51562500
vt 0.48437500 0.98437500
vt 0.26562500 0.98437500
vt 0.26562500 0.51562500
vt 0.48437500 0.51562500
vt 0.48437500 0.98437500
vt 0.26562500 0.98437500
vt 0.26562500 0.51562500
vt 0.48437500 0.51562500
vt 0.48437500 0.98437500
vt 0.26562500 0.98437500
vt 0.26562500 0.51562500
vt 0.48437500 0.51562500
vt 0.48437500 0.98437500
vt 0.26562500 0.98437500
vt 0.26562500 0.51562500
vt 0.48437500 0.51562500
vt 0.48437500 0.98437500
vt 0.26562500 0.98437500
vt 0.26562500 0.51562500
vt 0.48437500 0.51562500
vt 0.48437500 0.98437500
vt 0.26562500 0.98437500
vt 0.26562500 0.51562500
vt 0.48437500 0.51562500
vt 0.48437500 0.98437500
vt 0.26562500 0.98437500
vt 0.26562500 0.51562500
vt 0.48437500 0.51562500
vt 0.48437500 0.98437500
vt 0.26562500 0.98437500
vt 0.26562500 0.51562500
vt 0.48437500 0.51562500
vt 0.48437500 0.98437500
vt 0.26562500 0.98437500
vt 0.26562500 0.51562500
vt 0.48437500 0.51562500
vt 0.48437500 0.98437500
vt 0.26562500 0.98437500
vt 0.26562500 0.51562500
vt 0.48437500 0.51562500
vt 0.48437500 0.98437500
vt 0.26562500 0.98437500
vt 0.26562500 0.51562500
vt 0.48437500 0.51562500
vt 0.48437500 0.98437500
vt 0.26562500 0.98437500
vt 0.26562500 0.51562500
vt 0.48437500 0.51562500
vt 0.48437500 0.98437500
vt 0.26562500 0.98437500
vt 0.26562500 0.51562500
vt 0.48437500 0.51562500
vt 0.48437500 0.98437500
vt 0.26562500 0.98437500
vt 0.26562500 0.51562500
vt 0.48437500 0.51562500
vt 0.48437500 0.98437500
vt 0.26562500 0.98437500
vt 0.26562500 0.51562500
vt 0.48437500 0.51562500
vt 0.48437500 0.98437500
vt 0.26562500 0.98437500
vt 0.26562500 0.51562500
vt 0.48437500 0.51562500
vt 0.48437500 0.98437500
vt 0.26562500 0.98437500
vt 0.26562500 0.51562500
vt 0.48437500 0.51562500
vt 0.48437500 0.98437500
vt 0.26562500 0.98437500
vt 0.26562500 0.51562500
vt 0.48437500 0.51562500
vt 0.48437500 0.98437500
vt 0.26562500 0.98437500
vt 0.26562500 0.51562500
vt 0.48437500 0.51562500
vt 0.48437500 0.98437500
vt 0.26562500 0.98437500
vt 0.26562500 0.51562500
vt 0.48437500 0.51562500
vt 0.48437500 0.98437500
vt 0.26562500 0.98437500
vt 0.26562500 0.51562500
vt 0.48437500 0.51562500
vt 0.48437500 0.98437500
vt 0.26562500 0.98437500
vt 0.26562500 0.51562500
vt 0.48437500 0.51562500
vt 0.48437500 0.98437500
vt 0.26562500 0.98437500
vt 0.26562500 0.51562500
vt 0.48437500 0.51562500
vt 0.48437500 0.98437500
vt 0.26562500 0.98437500
vt 0.26562500 0.51562500
vt 0.48437500 0.51562500
vt 0.48437500 0.98437500
vt 0.26562500 0.98437500
vt 0.26562500 0.51562500
vt 0.48437500 0.51562500
vt 0.48437500 0.98437500
vt 0.26562500 0.98437500
vt 0.26562500 0.51562500
vt 0.48437500 0.51562500
vt 0.48437500 0.98437500
vt 0.26562500 0.98437500
vt 0.26562500 0.51562500
vt 0.48437500 0.51562500
vt 0.48437500 0.98437500
vt 0.26562500 0.98437500
vt 0.26562500 0.51562500
vt 0.48437500 0.51562500
vt 0.48437500 0.98437500
vt 0.26562500 0.98437500
vt 0.26562500 0.51562500
vt 0.48437500 0.51562500
vt 0.48437500 0.98437500
vt 0.26562500 0.98437500
vt 0.26562500 0.51562500
vt 0.48437500 0.51562500
vt 0.48437500 0.98437500
vt 0.26562500 0.98437500
vt 0.26562500 0.51562500
vt 0.48437500 0.51562500
vt 0.48437500 0.98437500
vt 0.26562500 0.98437500
vt 0.26562500 0.51562500
vt 0.48437500 0.51562500
vt 0.48437500 0.98437500
vt 0.26562500 0.98437500
vt 0.26562500 0.51562500
vt 0.48437500 0.51562500
vt 0.48437500 0.98437500
vt 0.26562500 0.98437500
vt 0.26562500 0.51562500
vt 0.48437500 0.51562500
vt 0.48437500 0.98437500
vt 0.26562500 0.98437500
vt 0.26562500 0.51562500
vt 0.48437500 0.51562500
vt 0.48437500 0.98437500
vt 0.26562500 0.98437500
vt 0.26562500 0.51562500
vt 0.48437500 0.51562500
vt 0.48437500 0.98437500
vt 0.26562500 0.98437500
vt 0.26562500 0.51562500
vt 0.48437500 0.51562500
vt 0.48437500 0.98437500
vt 0.26562500 0.98437500
vt 0.26562500 0.51562500
vt 0.48437500 0.51562500
vt 0.48437500 0.98437500
vt 0.26562500 0.98437500
vt 0.26562500 0.51562500
vt 0.48437500 0.51562500
vt 0.48437500 0.98437500
vt 0.26562500 0.98437500
vt 0.26562500 0.51562500
vt 0.48437500 0.51562500
vt 0.48437500 0.98437500
vt 0.26562500 0.98437500
vt 0.26562500 0.51562500
vt 0.48437500 0.51562500
vt 0.48437500 0.98437500
vt 0.26562500 0.98437500
vt 0.26562500 0.51562500
vt 0.48437500 0.51562500
vt 0.48437500 0.98437500
vt 0.26562500 0.98437500
vt 0.26562500 0.51562500
vt 0.48437500 0.51562500
vt 0.48437500 0.98437500
vt 0.26562500 0.98437500
vt 0.26562500 0.51562500
vt 0.48437500 0.51562500
vt 0.48437500 0.98437500
vt 0.26562500 0.98437500
vt 0.26562500 0.51562500
vt 0.48437500 0.51562500
vt 0.48437500 0.98437500
vt 0.26562500 0.98437500
vt 0.26562500 0.51562500
vt 0.48437500 0.51562500
vt 0.48437500 0.98437500
vt 0.26562500 0.98437500
vt 0.26562500 0.51562500
vt 0.48437500 0.51562500
vt 0.48437500 0.98437500
vt 0.26562500 0.98437500
vt 0.26562500 0.51562500
vt 0.48437500 0.51562500
vt 0.48437500 0.98437500
vt 0.26562500 0.98437500
vt 0.26562500 0.51562500
vt 0.48437500 0.51562500
vt 0.48437500 0.98437500
vt 0.26562500 0.98437500
vt 0.26562500 0.51562500
vt 0.48437500 0.51562500
vt 0.48437500 0.98437500
vt 0.26562500 0.98437500
vt 0.26562500 0.51562500
vt 0.48437500 0.51562500
vt 0.48437500 0.98437500
vt 0.26562500 0.98437500
vt 0.26562500 0.51562500
vt 0.48437500 0.51562500
vt 0.48437500 0.98437500
vt 0.26562500 0.98437500
vt 0.26562500 0.51562500
vt 0.48437500 0.51562500
vt 0.48437500 0.98437500
vt 0.26562500 0.98437500
vt 0.26562500 0.51562500
vt 0.48437500 0.51562500
vt 0.48437500 0.98437500
vt 0.26562500 0.98437500
vt 0.26562500 0.51562500
vt 0.48437500 0.51562500
vt 0.48437500 0.98437500
vt 0.26562500 0.98437500
vt 0.26562500 0.51562500
vt 0.48437500 0.51562500
vt 0.48437500 0.98437500
vt 0.26562500 0.98437500
vt 0.26562500 0.51562500
vt 0.48437500 0.51562500
vt 0.48437500 0.98437500
vt 0.26562500 0.98437500
vt 0.26562500 0.51562500
vt 0.48437500 0.51562500
vt 0.48437500 0.98437500
vt 0.26562500 0.98437500
vt 0.26562500 0.51562500
vt 0.48437500 0.51562500
vt 0.48437500 0.98437500
vt 0.26562500 0.98437500
vt 0.26562500 0.51562500
vt 0.48437500 0.51562500
vt 0.48437500 0.98437500
vt 0.26562500 0.98437500
vt 0.26562500 0.51562500
vt 0.48437500 0.51562500
vt 0.48437500 0.98437500
vt 0.26562500 0.98437500
vt 0.26562500 0.51562500
vt 0.48437500 0.51562500
vt 0.48437500 0.98437500
vt 0.26562500 0.98437500
vt 0.26562500 0.51562500
vt 0.48437500 0.51562500
vt 0.48437500 0.98437500
vt 0.26562500 0.98437500
vt 0.26562500 0.51562500
vt 0.48437500 0.51562500
vt 0.48437500 0.98437500
vt 0.26562500 0.98437500
vt 0.26562500 0.51562500
vt 0.48437500 0.51562500
vt 0.48437500 0.98437500
vt 0.26562500 0.98437500
vt 0.26562500 0.51562500
vt 0.48437500 0.51562500
vt 0.48437500 0.98437500
vt 0.26562500 0.98437500
vt 0.26562500 0.51562500
vt 0.48437500 0.51562500
vt 0.48437500 0.98437500
vt 0.26562500 0.98437500
vt 0.26562500 0.51562500
vt 0.48437500 0.51562500
vt 0.48437500 0.98437500
vt 0.26562500 0.98437500
vt 0.26562500 0.51562500
vt 0.48437500 0.51562500
vt 0.48437500 0.98437500
vt 0.26562500 0.98437500
vt 0.26562500 0.51562500
vt 0.48437500 0.51562500
vt 0.48437500 0.98437500
vt 0.26562500 0.98437500
vt 0.26562500 0.51562500
vt 0.48437500 0.51562500
vt 0.48437500 0.98437500
vt 0.26562500 0.98437500
vt 0.26562500 0.51562500
vt 0.48437500 0.51562500
vt 0.48437500 0.98437500
vt 0.26562500 0.98437500
vt 0.26562500 0.51562500
vt 0.48437500 0.51562500
vt 0.48437500 0.98437500
vt 0.26562500 0.98437500
vt 0.26562500 0.51562500
vt 0.48437500 0.51562500
vt 0.48437500 0.98437500
vt 0.26562500 0.98437500
vt 0.26562500 0.51562500
vt 0.48437500 0.51562500
vt 0.48437500 0.98437500
vt 0.26562500 0.98437500
vt 0.51562500 0.51562500
vt 0.73437500 0.51562500
vt 0.73437500 0.98437500
vt 0.51562500 0.98437500
vt 0.51562500 0.51562500
vt 0.73437500 0.51562500
vt 0.73437500 0.98437500
vt 0.51562500 0.98437500
vt 0.51562500 0.51562500
vt 0.73437500 0.51562500
vt 0.73437500 0.98437500
vt 0.51562500 0.98437500
vt 0.51562500 0.51562500
vt 0.73437500 0.51562500
vt 0.73437500 0.98437500
vt 0.51562500 0.98437500
vt 0.51562500 0.51562500
vt 0.73437500 0.51562500
vt 0.73437500 0.98437500
vt 0.51562500 0.98437500
vt 0.51562500 0.51562500
vt 0.73437500 0.51562500
vt 0.73437500 0.98437500
vt 0.51562500 0.98437500
vt 0.51562500 0.51562500
vt 0.73437500 0.51562500
vt 0.73437500 0.98437500
vt 0.51562500 0.98437500
vt 0.51562500 0.51562500
vt 0.73437500 0.51562500
vt 0.73437500 0.98437500
vt 0.51562500 0.98437500
vt 0.51562500 0.51562500
vt 0.73437500 0.51562500
vt 0.73437500 0.98437500
vt 0.51562500 0.98437500
vt 0.51562500 0.51562500
vt 0.73437500 0.51562500
vt 0.73437500 0.98437500
vt 0.51562500 0.98437500
vt 0.51562500 0.51562500
vt 0.73437500 0.51562500
vt 0.73437500 0.98437500
vt 0.51562500 0.98437500
vt 0.51562500 0.51562500
vt 0.73437500 0.51562500
vt 0.73437500 0.98437500
vt 0.51562500 0.98437500
vt 0.51562500 0.51562500
vt 0.73437500 0.51562500
vt 0.73437500 0.98437500
vt 0.51562500 0.98437500
vt 0.51562500 0.51562500
vt 0.73437500 0.51562500
vt 0.73437500 0.98437500
vt 0.51562500 0.98437500
vt 0.51562500 0.51562500
vt 0.73437500 0.51562500
vt 0.73437500 0.98437500
vt 0.51562500 0.98437500
vt 0.51562500 0.51562500
vt 0.73437500 0.51562500
vt 0.73437500 0.98437500
vt 0.51562500 0.98437500
vt 0.51562500 0.51562500
vt 0.73437500 0.51562500
vt 0.73437500 0.98437500
vt 0.51562500 0.98437500
vt 0.51562500 0.51562500
vt 0.73437500 0.51562500
vt 0.73437500 0.98437500
vt 0.51562500 0.98437500
vt 0.51562500 0.51562500
vt 0.73437500 0.51562500
vt 0.73437500 0.98437500
vt 0.51562500 0.98437500
vt 0.51562500 0.51562500
vt 0.73437500 0.51562500
vt 0.73437500 0.98437500
vt 0.51562500 0.98437500
vt 0.51562500 0.51562500
vt 0.73437500 0.51562500
vt 0.73437500 0.98437500
vt 0.51562500 0.98437500
vt 0.51562500 0.51562500
vt 0.73437500 0.51562500
vt 0.73437500 0.98437500
vt 0.51562500 0.98437500
vt 0.51562500 0.51562500
vt 0.73437500 0.51562500
vt 0.73437500 0.98437500
vt 0.51562500 0.98437500
vt 0.51562500 0.51562500
vt 0.73437500 0.51562500
vt 0.73437500 0.98437500
vt 0.51562500 0.98437500
vt 0.51562500 0.51562500
vt 0.73437500 0.51562500
vt 0.73437500 0.98437500
vt 0.51562500 0.98437500
vt 0.51562500 0.51562500
vt 0.73437500 0.51562500
vt 0.73437500 0.98437500
vt 0.51562500 0.98437500
vt 0.51562500 0.51562500
vt 0.73437500 0.51562500
vt 0.73437500 0.98437500
vt 0.51562500 0.98437500
vt 0.51562500 0.51562500
vt 0.73437500 0.51562500
vt 0.73437500 0.98437500
vt 0.51562500 0.98437500
vt 0.51562500 0.51562500
vt 0.73437500 0.51562500
vt 0.73437500 0.98437500
vt 0.51562500 0.98437500
vt 0.51562500 0.51562500
vt 0.73437500 0.51562500
vt 0.73437500 0.98437500
vt 0.51562500 0.98437500
vt 0.51562500 0.51562500
vt 0.73437500 0.51562500
vt 0.73437500 0.98437500
vt 0.51562500 0.98437500
vt 0.51562500 0.51562500
vt 0.73437500 0.51562500
vt 0.73437500 0.98437500
vt 0.51562500 0.98437500
vt 0.51562500 0.51562500
vt 0.73437500 0.51562500
vt 0.73437500 0.98437500
vt 0.51562500 0.98437500
vt 0.51562500 0.51562500
vt 0.73437500 0.51562500
vt 0.73437500 0.98437500
vt 0.51562500 0.98437500
vt 0.51562500 0.51562500
vt 0.73437500 0.51562500
vt 0.73437500 0.98437500
vt 0.51562500 0.98437500
vt 0.51562500 0.51562500
vt 0.73437500 0.51562500
vt 0.73437500 0.98437500
vt 0.51562500 0.98437500
vt 0.51562500 0.51562500
vt 0.73437500 0.51562500
vt 0.73437500 0.98437500
vt 0.51562500 0.98437500
vt 0.51562500 0.51562500
vt 0.73437500 0.51562500
vt 0.73437500 0.98437500
vt 0.51562500 0.98437500
vt 0.51562500 0.51562500
vt 0.73437500 0.51562500
vt 0.73437500 0.98437500
vt 0.51562500 0.98437500
vt 0.51562500 0.51562500
vt 0.73437500 0.51562500
vt 0.73437500 0.98437500
vt 0.51562500 0.98437500
vt 0.51562500 0.51562500
vt 0.73437500 0.51562500
vt 0.73437500 0.98437500
vt 0.51562500 0.98437500
vt 0.51562500 0.51562500
vt 0.73437500 0.51562500
vt 0.73437500 0.98437500
vt 0.51562500 0.98437500
vt 0.51562500 0.51562500
vt 0.73437500 0.51562500
vt 0.73437500 0.98437500
vt 0.51562500 0.98437500
vt 0.51562500 0.51562500
vt 0.73437500 0.51562500
vt 0.73437500 0.98437500
vt 0.51562500 0.98437500
vt 0.51562500 0.51562500
vt 0.73437500 0.51562500
vt 0.73437500 0.98437500
vt 0.51562500 0.98437500
vt 0.51562500 0.51562500
vt 0.73437500 0.51562500
vt 0.73437500 0.98437500
vt 0.51562500 0.98437500
vt 0.51562500 0.51562500
vt 0.73437500 0.51562500
vt 0.73437500 0.98437500
vt 0.51562500 0.98437500
vt 0.51562500 0.51562500
vt 0.73437500 0.51562500
vt 0.73437500 0.98437500
vt 0.51562500 0.98437500
vt 0.51562500 0.51562500
vt 0.73437500 0.51562500
vt 0.73437500 0.98437500
vt 0.51562500 0.98437500
vt 0.51562500 0.51562500
vt 0.73437500 0.51562500
vt 0.73437500 0.98437500
vt 0.51562500 0.98437500
vt 0.51562500 0.51562500
vt 0.73437500 0.51562500
vt 0.73437500 0.98437500
vt 0.51562500 0.98437500
vt 0.51562500 0.51562500
vt 0.73437500 0.51562500
vt 0.73437500 0.98437500
vt 0.51562500 0.98437500
vt 0.51562500 0.51562500
vt 0.73437500 0.51562500
vt 0.73437500 0.98437500
vt 0.51562500 0.98437500
vt 0.51562500 0.51562500
vt 0.73437500 0.51562500
vt 0.73437500 0.98437500
vt 0.51562500 0.98437500
vt 0.51562500 0.51562500
vt 0.73437500 0.51562500
vt 0.73437500 0.98437500
vt 0.51562500 0.98437500
vt 0.51562500 0.51562500
vt 0.73437500 0.51562500
vt 0.73437500 0.98437500
vt 0.51562500 0.98437500
vt 0.51562500 0.51562500
vt 0.73437500 0.51562500
vt 0.73437500 0.98437500
vt 0.51562500 0.98437500
vt 0.51562500 0.51562500
vt 0.73437500 0.51562500
vt 0.73437500 0.98437500
vt 0.51562500 0.98437500
vt 0.51562500 0.51562500
vt 0.73437500 0.51562500
vt 0.73437500 0.98437500
vt 0.51562500 0.98437500
vt 0.51562500 0.51562500
vt 0.73437500 0.51562500
vt 0.73437500 0.98437500
vt 0.51562500 0.98437500
vt 0.51562500 0.51562500
vt 0.73437500 0.51562500
vt 0.73437500 0.98437500
vt 0.51562500 0.98437500
vt 0.51562500 0.51562500
vt 0.73437500 0.51562500
vt 0.73437500 0.98437500
vt 0.51562500 0.98437500
vt 0.51562500 0.51562500
vt 0.73437500 0.51562500
vt 0.73437500 0.98437500
vt 0.51562500 0.98437500
vt 0.51562500 0.51562500
vt 0.73437500 0.51562500
vt 0.73437500 0.98437500
vt 0.51562500 0.98437500
vt 0.51562500 0.51562500
vt 0.73437500 0.51562500
vt 0.73437500 0.98437500
vt 0.51562500 0.98437500
vt 0.51562500 0.51562500
vt 0.73437500 0.51562500
vt 0.73437500 0.98437500
vt 0.51562500 0.98437500
vt 0.51562500 0.51562500
vt 0.73437500 0.51562500
vt 0.73437500 0.98437500
vt 0.51562500 0.98437500
vt 0.51562500 0.51562500
vt 0.73437500 0.51562500
vt 0.73437500 0.98437500
vt 0.51562500 0.98437500
vt 0.51562500 0.51562500
vt 0.73437500 0.51562500
vt 0.73437500 0.98437500
vt 0.51562500 0.98437500
vt 0.51562500 0.51562500
vt 0.73437500 0.51562500
vt 0.73437500 0.98437500
vt 0.51562500 0.98437500
vt 0.51562500 0.51562500
vt 0.73437500 0.51562500
vt 0.73437500 0.98437500
vt 0.51562500 0.98437500
vt 0.51562500 0.51562500
vt 0.73437500 0.51562500
vt 0.73437500 0.98437500
vt 0.51562500 0.98437500
vt 0.51562500 0.51562500
vt 0.73437500 0.51562500
vt 0.73437500 0.98437500
vt 0.51562500 0.98437500
vt 0.51562500 0.51562500
vt 0.73437500 0.51562500
vt 0.73437500 0.98437500
vt 0.51562500 0.98437500
vt 0.51562500 0.51562500
vt 0.73437500 0.51562500
vt 0.73437500 0.98437500
vt 0.51562500 0.98437500
vt 0.51562500 0.51562500
vt 0.73437500 0.51562500
vt 0.73437500 0.98437500
vt 0.51562500 0.98437500
vt 0.51562500 0.51562500
vt 0.73437500 0.51562500
vt 0.73437500 0.98437500
vt 0.51562500 0.98437500
vt 0.51562500 0.51562500
vt 0.73437500 0.51562500
vt 0.73437500 0.98437500
vt 0.51562500 0.98437500
vt 0.51562500 0.51562500
vt 0.73437500 0.51562500
vt 0.73437500 0.98437500
vt 0.51562500 0.98437500
vt 0.51562500 0.51562500
vt 0.73437500 0.51562500
vt 0.73437500 0.98437500
vt 0.51562500 0.98437500
vt 0.26562500 0.51562500
vt 0.48437500 0.51562500
vt 0.48437500 0.98437500
vt 0.26562500 0.98437500
vt 0.26562500 0.51562500
vt 0.48437500 0.51562500
vt 0.48437500 0.98437500
vt 0.26562500 0.98437500
vt 0.26562500 0.51562500
vt 0.48437500 0.51562500
vt 0.48437500 0.98437500
vt 0.26562500 0.98437500
vt 0.26562500 0.51562500
vt 0.48437500 0.51562500
vt 0.48437500 0.98437500
vt 0.26562500 0.98437500
vt 0.26562500 0.51562500
vt 0.48437500 0.51562500
vt 0.48437500 0.98437500
vt 0.26562500 0.98437500
vt 0.26562500 0.51562500
vt 0.48437500 0.51562500
vt 0.48437500 0.98437500
vt 0.26562500 0.98437500
vt 0.26562500 0.51562500
vt 0.48437500 0.51562500
vt 0.48437500 0.98437500
vt 0.26562500 0.98437500
vt 0.26562500 0.51562500
vt 0.48437500 0.51562500
vt 0.48437500 0.98437500
vt 0.26562500 0.98437500
vt 0.26562500 0.51562500
vt 0.48437500 0.51562500
vt 0.48437500 0.98437500
vt 0.26562500 0.98437500
vt 0.26562500 0.51562500
vt 0.48437500 0.51562500
vt 0.48437500 0.98437500
vt 0.26562500 0.98437500
vt 0.26562500 0.51562500
vt 0.48437500 0.51562500
vt 0.48437500 0.98437500
vt 0.26562500 0.98437500
vt 0.26562500 0.51562500
vt 0.48437500 0.51562500
vt 0.48437500 0.98437500
vt 0.26562500 0.98437500
vt 0.26562500 0.51562500
vt 0.48437500 0.51562500
vt 0.48437500 0.98437500
vt 0.26562500 0.98437500
vt 0.26562500 0.51562500
vt 0.48437500 0.51562500
vt 0.48437500 0.98437500
vt 0.26562500 0.98437500
vt 0.26562500 0.51562500
vt 0.48437500 0.51562500
vt 0.48437500 0.98437500
vt 0.26562500 0.98437500
vt 0.26562500 0.51562500
vt 0.48437500 0.51562500
vt 0.48437500 0.98437500
vt 0.26562500 0.98437500
vt 0.26562500 0.51562500
vt 0.48437500 0.51562500
vt 0.48437500 0.98437500
vt 0.26562500 0.98437500
vt 0.26562500 0.51562500
vt 0.48437500 0.51562500
vt 0.48437500 0.98437500
vt 0.26562500 0.98437500
vt 0.26562500 0.51562500
vt 0.48437500 0.51562500
vt 0.48437500 0.98437500
vt 0.26562500 0.98437500
vt 0.26562500 0.51562500
vt 0.48437500 0.51562500
vt 0.48437500 0.98437500
vt 0.26562500 0.98437500
vt 0.26562500 0.51562500
vt 0.48437500 0.51562500
vt 0.48437500 0.98437500
vt 0.26562500 0.98437500
vt 0.26562500 0.51562500
vt 0.48437500 0.51562500
vt 0.48437500 0.98437500
vt 0.26562500 0.98437500
vt 0.26562500 0.51562500
vt 0.48437500 0.51562500
vt 0.48437500 0.98437500
vt 0.26562500 0.98437500
vt 0.26562500 0.51562500
vt 0.48437500 0.51562500
vt 0.48437500 0.98437500
vt 0.26562500 0.98437500
vt 0.26562500 0.51562500
vt 0.48437500 0.51562500
vt 0.48437500 0.98437500
vt 0.26562500 0.98437500
vt 0.26562500 0.51562500
vt 0.48437500 0.51562500
vt 0.48437500 0.98437500
vt 0.26562500 0.98437500
vt 0.26562500 0.51562500
vt 0.48437500 0.51562500
vt 0.48437500 0.98437500
vt 0.26562500 0.98437500
vt 0.26562500 0.51562500
vt 0.48437500 0.51562500
vt 0.48437500 0.98437500
vt 0.26562500 0.98437500
vt 0.26562500 0.51562500
vt 0.48437500 0.51562500
vt 0.48437500 0.98437500
vt 0.26562500 0.98437500
vt 0.26562500 0.51562500
vt 0.48437500 0.51562500
vt 0.48437500 0.98437500
vt 0.26562500 0.98437500
vt 0.26562500 0.51562500
vt 0.48437500 0.51562500
vt 0.48437500 0.98437500
vt 0.26562500 0.98437500
vt 0.26562500 0.51562500
vt 0.48437500 0.51562500
vt 0.48437500 0.98437500
vt 0.26562500 0.98437500
vt 0.26562500 0.51562500
vt 0.48437500 0.51562500
vt 0.48437500 0.98437500
vt 0.26562500 0.98437500
vt 0.26562500 0.51562500
vt 0.48437500 0.51562500
vt 0.48437500 0.98437500
vt 0.26562500 0.98437500
vt 0.26562500 0.51562500
vt 0.48437500 0.51562500
vt 0.48437500 0.98437500
vt 0.26562500 0.98437500
vt 0.26562500 0.51562500
vt 0.48437500 0.51562500
vt 0.48437500 0.98437500
vt 0.26562500 0.98437500
vt 0.26562500 0.51562500
vt 0.48437500 0.51562500
vt 0.48437500 0.98437500
vt 0.26562500 0.98437500
vt 0.26562500 0.51562500
vt 0.48437500 0.51562500
vt 0.48437500 0.98437500
vt 0.26562500 0.98437500
vt 0.26562500 0.51562500
vt 0.48437500 0.51562500
vt 0.48437500 0.98437500
vt 0.26562500 0.98437500
vt 0.26562500 0.51562500
vt 0.48437500 0.51562500
vt 0.48437500 0.98437500
vt 0.26562500 0.98437500
vt 0.26562500 0.51562500
vt 0.48437500 0.51562500
vt 0.48437500 0.98437500
vt 0.26562500 0.98437500
vt 0.26562500 0.51562500
vt 0.48437500 0.51562500
vt 0.48437500 0.98437500
vt 0.26562500 0.98437500
vt 0.26562500 0.51562500
vt 0.48437500 0.51562500
vt 0.48437500 0.98437500
vt 0.26562500 0.98437500
vt 0.26562500 0.51562500
vt 0.48437500 0.51562500
vt 0.48437500 0.98437500
vt 0.26562500 0.98437500
vt 0.26562500 0.51562500
vt 0.48437500 0.51562500
vt 0.48437500 0.98437500
vt 0.26562500 0.98437500
vt 0.26562500 0.51562500
vt 0.48437500 0.51562500
vt 0.48437500 0.98437500
vt 0.26562500 0.98437500
vt 0.26562500 0.51562500
vt 0.48437500 0.51562500
vt 0.48437500 0.98437500
vt 0.26562500 0.98437500
vt 0.26562500 0.51562500
vt 0.48437500 0.51562500
vt 0.48437500 0.98437500
vt 0.26562500 0.98437500
vt 0.26562500 0.51562500
vt 0.48437500 0.51562500
vt 0.48437500 0.98437500
vt 0.26562500 0.98437500
vt 0.26562500 0.51562500
vt 0.48437500 0.51562500
vt 0.48437500 0.98437500
vt 0.26562500 0.98437500
vt 0.26562500 0.51562500
vt 0.48437500 0.51562500
vt 0.48437500 0.98437500
vt 0.26562500 0.98437500
vt 0.26562500 0.51562500
vt 0.48437500 0.51562500
vt 0.48437500 0.98437500
vt 0.26562500 0.98437500
vt 0.26562500 0.51562500
vt 0.48437500 0.51562500
vt 0.48437500 0.98437500
vt 0.26562500 0.98437500
vt 0.26562500 0.51562500
vt 0.48437500 0.51562500
vt 0.48437500 0.98437500
vt 0.26562500 0.98437500
vt 0.26562500 0.51562500
vt 0.48437500 0.51562500
vt 0.48437500 0.98437500
vt 0.26562500 0.98437500
vt 0.26562500 0.51562500
vt 0.48437500 0.51562500
vt 0.48437500 0.98437500
vt 0.26562500 0.98437500
vt 0.26562500 0.51562500
vt 0.48437500 0.51562500
vt 0.48437500 0.98437500
vt 0.26562500 0.98437500
vt 0.26562500 0.51562500
vt 0.48437500 0.51562500
vt 0.48437500 0.98437500
vt 0.26562500 0.98437500
vt 0.26562500 0.51562500
vt 0.48437500 0.51562500
vt 0.48437500 0.98437500
vt 0.26562500 0.98437500
vt 0.26562500 0.51562500
vt 0.48437500 0.51562500
vt 0.48437500 0.98437500
vt 0.26562500 0.98437500
vt 0.26562500 0.51562500
vt 0.48437500 0.51562500
vt 0.48437500 0.98437500
vt 0.26562500 0.98437500
vt 0.26562500 0.51562500
vt 0.48437500 0.51562500
vt 0.48437500 0.98437500
vt 0.26562500 0.98437500
vt 0.26562500 0.51562500
vt 0.48437500 0.51562500
vt 0.48437500 0.98437500
vt 0.26562500 0.98437500
vt 0.26562500 0.51562500
vt 0.48437500 0.51562500
vt 0.48437500 0.98437500
vt 0.26562500 0.98437500
vt 0.26562500 0.51562500
vt 0.48437500 0.51562500
vt 0.48437500 0.98437500
vt 0.26562500 0.98437500
vt 0.26562500 0.51562500
vt 0.48437500 0.51562500
vt 0.48437500 0.98437500
vt 0.26562500 0.98437500
vt 0.26562500 0.51562500
vt 0.48437500 0.51562500
vt 0.48437500 0.98437500
vt 0.26562500 0.98437500
vt 0.26562500 0.51562500
vt 0.48437500 0.51562500
vt 0.48437500 0.98437500
vt 0.26562500 0.98437500
vt 0.26562500 0.51562500
vt 0.48437500 0.51562500
vt 0.48437500 0.98437500
vt 0.26562500 0.98437500
vt 0.26562500 0.51562500
vt 0.48437500 0.51562500
vt 0.48437500 0.98437500
vt 0.26562500 0.98437500
vt 0.26562500 0.51562500
vt 0.48437500 0.51562500
vt 0.48437500 0.98437500
vt 0.26562500 0.98437500
vt 0.26562500 0.51562500
vt 0.48437500 0.51562500
vt 0.48437500 0.98437500
vt 0.26562500 0.98437500
vt 0.26562500 0.51562500
vt 0.48437500 0.51562500
vt 0.48437500 0.98437500
vt 0.26562500 0.98437500
vt 0.26562500 0.51562500
vt 0.48437500 0.51562500
vt 0.48437500 0.98437500
vt 0.26562500 0.98437500
vt 0.26562500 0.51562500
vt 0.48437500 0.51562500
vt 0.48437500 0.98437500
vt 0.26562500 0.98437500
vt 0.26562500 0.51562500
vt 0.48437500 0.51562500
vt 0.48437500 0.98437500
vt 0.26562500 0.98437500
vt 0.26562500 0.51562500
vt 0.48437500 0.51562500
vt 0.48437500 0.98437500
vt 0.26562500 0.98437500
vt 0.26562500 0.51562500
vt 0.48437500 0.51562500
vt 0.48437500 0.98437500
vt 0.26562500 0.98437500
vt 0.26562500 0.51562500
vt 0.48437500 0.51562500
vt 0.48437500 0.98437500
vt 0.26562500 0.98437500
vt 0.26562500 0.51562500
vt 0.48437500 0.51562500
vt 0.48437500 0.98437500
vt 0.26562500 0.98437500
vt 0.51562500 0.51562500
vt 0.73437500 0.51562500
vt 0.73437500 0.98437500
vt 0.51562500 0.98437500
vt 0.51562500 0.51562500
vt 0.73437500 0.51562500
vt 0.73437500 0.98437500
vt 0.51562500 0.98437500
vt 0.51562500 0.51562500
vt 0.73437500 0.51562500
vt 0.73437500 0.98437500
vt 0.51562500 0.98437500
vt 0.51562500 0.51562500
vt 0.73437500 0.51562500
vt 0.73437500 0.98437500
vt 0.51562500 0.98437500
vt 0.51562500 0.51562500
vt 0.73437500 0.51562500
vt 0.73437500 0.98437500
vt 0.51562500 0.98437500
vt 0.51562500 0.51562500
vt 0.73437500 0.51562500
vt 0.73437500 0.98437500
vt 0.51562500 0.98437500
vt 0.51562500 0.51562500
vt 0.73437500 0.51562500
vt 0.73437500 0.98437500
vt 0.51562500 0.98437500
vt 0.51562500 0.51562500
vt 0.73437500 0.51562500
vt 0.73437500 0.98437500
vt 0.51562500 0.98437500
vt 0.51562500 0.51562500
vt 0.73437500 0.51562500
vt 0.73437500 0.98437500
vt 0.51562500 0.98437500
vt 0.51562500 0.51562500
vt 0.73437500 0.51562500
vt 0.73437500 0.98437500
vt 0.51562500 0.98437500
vt 0.51562500 0.51562500
vt 0.73437500 0.51562500
vt 0.73437500 0.98437500
vt 0.51562500 0.98437500
vt 0.51562500 0.51562500
vt 0.73437500 0.51562500
vt 0.73437500 0.98437500
vt 0.51562500 0.98437500
vt 0.51562500 0.51562500
vt 0.73437500 0.51562500
vt 0.73437500 0.98437500
vt 0.51562500 0.98437500
vt 0.51562500 0.51562500
vt 0.73437500 0.51562500
vt 0.73437500 0.98437500
vt 0.51562500 0.98437500
vt 0.51562500 0.51562500
vt 0.73437500 0.51562500
vt 0.73437500 0.98437500
vt 0.51562500 0.98437500
vt 0.51562500 0.51562500
vt 0.73437500 0.51562500
vt 0.73437500 0.98437500
vt 0.51562500 0.98437500
vt 0.51562500 0.51562500
vt 0.73437500 0.51562500
vt 0.73437500 0.98437500
vt 0.51562500 0.98437500
vt 0.51562500 0.51562500
vt 0.73437500 0.51562500
vt 0.73437500 0.98437500
vt 0.51562500 0.98437500
vt 0.51562500 0.51562500
vt 0.73437500 0.51562500
vt 0.73437500 0.98437500
vt 0.51562500 0.98437500
vt 0.51562500 0.51562500
vt 0.73437500 0.51562500
vt 0.73437500 0.98437500
vt 0.51562500 0.98437500
vt 0.51562500 0.51562500
vt 0.73437500 0.51562500
vt 0.73437500 0.98437500
vt 0.51562500 0.98437500
vt 0.51562500 0.51562500
vt 0.73437500 0.51562500
vt 0.73437500 0.98437500
vt 0.51562500 0.98437500
vt 0.51562500 0.51562500
vt 0.73437500 0.51562500
vt 0.73437500 0.98437500
vt 0.51562500 0.98437500
vt 0.51562500 0.51562500
vt 0.73437500 0.51562500
vt 0.73437500 0.98437500
vt 0.51562500 0.98437500
vt 0.51562500 0.51562500
vt 0.73437500 0.51562500
vt 0.73437500 0.98437500
vt 0.51562500 0.98437500
vt 0.51562500 0.51562500
vt 0.73437500 0.51562500
vt 0.73437500 0.98437500
vt 0.51562500 0.98437500
vt 0.51562500 0.51562500
vt 0.73437500 0.51562500
vt 0.73437500 0.98437500
vt 0.51562500 0.98437500
vt 0.51562500 0.51562500
vt 0.73437500 0.51562500
vt 0.73437500 0.98437500
vt 0.51562500 0.98437500
vt 0.51562500 0.51562500
vt 0.73437500 0.51562500
vt 0.73437500 0.98437500
vt 0.51562500 0.98437500
vt 0.51562500 0.51562500
vt 0.73437500 0.51562500
vt 0.73437500 0.98437500
vt 0.51562500 0.98437500
vt 0.51562500 0.51562500
vt 0.73437500 0.51562500
vt 0.73437500 0.98437500
vt 0.51562500 0.98437500
vt 0.51562500 0.51562500
vt 0.73437500 0.51562500
vt 0.73437500 0.98437500
vt 0.51562500 0.98437500
vt 0.51562500 0.51562500
vt 0.73437500 0.51562500
vt 0.73437500 0.98437500
vt 0.51562500 0.98437500
vt 0.51562500 0.51562500
vt 0.73437500 0.51562500
vt 0.73437500 0.98437500
vt 0.51562500 0.98437500
vt 0.51562500 0.51562500
vt 0.73437500 0.51562500
vt 0.73437500 0.98437500
vt 0.51562500 0.98437500
vt 0.51562500 0.51562500
vt 0.73437500 0.51562500
vt 0.73437500 0.98437500
vt 0.51562500 0.98437500
vt 0.51562500 0.51562500
vt 0.73437500 0.51562500
vt 0.73437500 0.98437500
vt 0.51562500 0.98437500
vt 0.51562500 0.51562500
vt 0.73437500 0.51562500
vt 0.73437500 0.98437500
vt 0.51562500 0.98437500
vt 0.51562500 0.51562500
vt 0.73437500 0.51562500
vt 0.73437500 0.98437500
vt 0.51562500 0.98437500
vt 0.51562500 0.51562500
vt 0.73437500 0.51562500
vt 0.73437500 0.98437500
vt 0.51562500 0.98437500
vt 0.51562500 0.51562500
vt 0.73437500 0.51562500
vt 0.73437500 0.98437500
vt 0.51562500 0.98437500
vt 0.51562500 0.51562500
vt 0.73437500 0.51562500
vt 0.73437500 0.98437500
vt 0.51562500 0.98437500
vt 0.51562500 0.51562500
vt 0.73437500 0.51562500
vt 0.73437500 0.98437500
vt 0.51562500 0.98437500
vt 0.51562500 0.51562500
vt 0.73437500 0.51562500
vt 0.73437500 0.98437500
vt 0.51562500 0.98437500
vt 0.51562500 0.51562500
vt 0.73437500 0.51562500
vt 0.73437500 0.98437500
vt 0.51562500 0.98437500
vt 0.51562500 0.51562500
vt 0.73437500 0.51562500
vt 0.73437500 0.98437500
vt 0.51562500 0.98437500
vt 0.51562500 0.51562500
vt 0.73437500 0.51562500
vt 0.73437500 0.98437500
vt 0.51562500 0.98437500
vt 0.51562500 0.51562500
vt 0.73437500 0.51562500
vt 0.73437500 0.98437500
vt 0.51562500 0.98437500
vt 0.51562500 0.51562500
vt 0.73437500 0.51562500
vt 0.73437500 0.98437500
vt 0.51562500 0.98437500
vt 0.51562500 0.51562500
vt 0.73437500 0.51562500
vt 0.73437500 0.98437500
vt 0.51562500 0.98437500
vt 0.51562500 0.51562500
vt 0.73437500 0.51562500
vt 0.73437500 0.98437500
vt 0.51562500 0.98437500
vt 0.51562500 0.51562500
vt 0.73437500 0.51562500
vt 0.73437500 0.98437500
vt 0.51562500 0.98437500
vt 0.51562500 0.51562500
vt 0.73437500 0.51562500
vt 0.73437500 0.98437500
vt 0.51562500 0.98437500
vt 0.51562500 0.51562500
vt 0.73437500 0.51562500
vt 0.73437500 0.98437500
vt 0.51562500 0.98437500
vt 0.51562500 0.51562500
vt 0.73437500 0.51562500
vt 0.73437500 0.98437500
vt 0.51562500 0.98437500
vt 0.51562500 0.51562500
vt 0.73437500 0.51562500
vt 0.73437500 0.98437500
vt 0.51562500 0.98437500
vt 0.51562500 0.51562500
vt 0.73437500 0.51562500
vt 0.73437500 0.98437500
vt 0.51562500 0.98437500
vt 0.51562500 0.51562500
vt 0.73437500 0.51562500
vt 0.73437500 0.98437500
vt 0.51562500 0.98437500
vt 0.51562500 0.51562500
vt 0.73437500 0.51562500
vt 0.73437500 0.98437500
vt 0.51562500 0.98437500
vt 0.51562500 0.51562500
vt 0.73437500 0.51562500
vt 0.73437500 0.98437500
vt 0.51562500 0.98437500
vt 0.51562500 0.51562500
vt 0.73437500 0.51562500
vt 0.73437500 0.98437500
vt 0.51562500 0.98437500
vt 0.51562500 0.51562500
vt 0.73437500 0.51562500
vt 0.73437500 0.98437500
vt 0.51562500 0.98437500
vt 0.51562500 0.51562500
vt 0.73437500 0.51562500
vt 0.73437500 0.98437500
vt 0.51562500 0.98437500
vt 0.51562500 0.51562500
vt 0.73437500 0.51562500
vt 0.73437500 0.98437500
vt 0.51562500 0.98437500
vt 0.51562500 0.51562500
vt 0.73437500 0.51562500
vt 0.73437500 0.98437500
vt 0.51562500 0.98437500
vt 0.51562500 0.51562500
vt 0.73437500 0.51562500
vt 0.73437500 0.98437500
vt 0.51562500 0.98437500
vt 0.51562500 0.51562500
vt 0.73437500 0.51562500
vt 0.73437500 0.98437500
vt 0.51562500 0.98437500
vt 0.51562500 0.51562500
vt 0.73437500 0.51562500
vt 0.73437500 0.98437500
vt 0.51562500 0.98437500
vt 0.51562500 0.51562500
vt 0.73437500 0.51562500
vt 0.73437500 0.98437500
vt 0.51562500 0.98437500
vt 0.51562500 0.51562500
vt 0.73437500 0.51562500
vt 0.73437500 0.98437500
vt 0.51562500 0.98437500
vt 0.51562500 0.51562500
vt 0.73437500 0.51562500
vt 0.73437500 0.98437500
vt 0.51562500 0.98437500
vt 0.51562500 0.51562500
vt 0.73437500 0.51562500
vt 0.73437500 0.98437500
vt 0.51562500 0.98437500
vt 0.51562500 0.51562500
vt 0.73437500 0.51562500
vt 0.73437500 0.98437500
vt 0.51562500 0.98437500
vt 0.51562500 0.51562500
vt 0.73437500 0.51562500
vt 0.73437500 0.98437500
vt 0.51562500 0.98437500
vt 0.51562500 0.51562500
vt 0.73437500 0.51562500
vt 0.73437500 0.98437500
vt 0.51562500 0.98437500
vt 0.51562500 0.51562500
vt 0.73437500 0.51562500
vt 0.73437500 0.98437500
vt 0.51562500 0.98437500
vt 0.51562500 0.51562500
vt 0.73437500 0.51562500
vt 0.73437500 0.98437500
vt 0.51562500 0.98437500
vt 0.51562500 0.51562500
vt 0.73437500 0.51562500
vt 0.73437500 0.98437500
vt 0.51562500 0.98437500
vt 0.51562500 0.51562500
vt 0.73437500 0.51562500
vt 0.73437500 0.98437500
vt 0.51562500 0.98437500
vt 0.51562500 0.51562500
vt 0.73437500 0.51562500
vt 0.73437500 0.98437500
vt 0.51562500 0.98437500
vt 0.01562500 0.51562500
vt 0.23437500 0.51562500
vt 0.23437500 0.98437500
vt 0.01562500 0.98437500
vt 0.01562500 0.51562500
vt 0.23437500 0.51562500
vt 0.23437500 0.98437500
vt 0.01562500 0.98437500
vt 0.01562500 0.51562500
vt 0.23437500 0.51562500
vt 0.23437500 0.98437500
vt 0.01562500 0.98437500
vt 0.01562500 0.51562500
vt 0.23437500 0.51562500
vt 0.23437500 0.98437500
vt 0.01562500 0.98437500
vt 0.01562500 0.51562500
vt 0.23437500 0.51562500
vt 0.23437500 0.98437500
vt 0.01562500 0.98437500
vt 0.01562500 0.51562500
vt 0.23437500 0.51562500
vt 0.23437500 0.98437500
vt 0.01562500 0.98437500
vt 0.01562500 0.51562500
vt 0.23437500 0.51562500
vt 0.23437500 0.98437500
vt 0.01562500 0.98437500
vt 0.01562500 0.51562500
vt 0.23437500 0.51562500
vt 0.23437500 0.98437500
vt 0.01562500 0.98437500
vt 0.01562500 0.51562500
vt 0.23437500 0.51562500
vt 0.23437500 0.98437500
vt 0.01562500 0.98437500
vt 0.01562500 0.51562500
vt 0.23437500 0.51562500
vt 0.23437500 0.98437500
vt 0.01562500 0.98437500
vt 0.01562500 0.51562500
vt 0.23437500 0.51562500
vt 0.23437500 0.98437500
vt 0.01562500 0.98437500
vt 0.01562500 0.51562500
vt 0.23437500 0.51562500
vt 0.23437500 0.98437500
vt 0.01562500 0.98437500
vt 0.01562500 0.51562500
vt 0.23437500 0.51562500
vt 0.23437500 0.98437500
vt 0.01562500 0.98437500
vt 0.01562500 0.51562500
vt 0.23437500 0.51562500
vt 0.23437500 0.98437500
vt 0.01562500 0.98437500
vt 0.01562500 0.51562500
vt 0.23437500 0.51562500
vt 0.23437500 0.98437500
vt 0.01562500 0.98437500
vt 0.01562500 0.51562500
vt 0.23437500 0.51562500
vt 0.23437500 0.98437500
vt 0.01562500 0.98437500
vt 0.01562500 0.51562500
vt 0.23437500 0.51562500
vt 0.23437500 0.98437500
vt 0.01562500 0.98437500
vt 0.01562500 0.51562500
vt 0.23437500 0.51562500
vt 0.23437500 0.98437500
vt 0.01562500 0.98437500
vt 0.01562500 0.51562500
vt 0.23437500 0.51562500
vt 0.23437500 0.98437500
vt 0.01562500 0.98437500
vt 0.01562500 0.51562500
vt 0.23437500 0.51562500
vt 0.23437500 0.98437500
vt 0.01562500 0.98437500
vt 0.01562500 0.51562500
vt 0.23437500 0.51562500
vt 0.23437500 0.98437500
vt 0.01562500 0.98437500
vt 0.01562500 0.51562500
vt 0.23437500 0.51562500
vt 0.23437500 0.98437500
vt 0.01562500 0.98437500
vt 0.01562500 0.51562500
vt 0.23437500 0.51562500
vt 0.23437500 0.98437500
vt 0.01562500 0.98437500
vt 0.01562500 0.51562500
vt 0.23437500 0.51562500
vt 0.23437500 0.98437500
vt 0.01562500 0.98437500
vt 0.01562500 0.51562500
vt 0.23437500 0.51562500
vt 0.23437500 0.98437500
vt 0.01562500 0.98437500
vt 0.01562500 0.51562500
vt 0.23437500 0.51562500
vt 0.23437500 0.98437500
vt 0.01562500 0.98437500
vt 0.01562500 0.51562500
vt 0.23437500 0.51562500
vt 0.23437500 0.98437500
vt 0.01562500 0.98437500
vt 0.01562500 0.51562500
vt 0.23437500 0.51562500
vt 0.23437500 0.98437500
vt 0.01562500 0.98437500
vt 0.01562500 0.51562500
vt 0.23437500 0.51562500
vt 0.23437500 0.98437500
vt 0.01562500 0.98437500
vt 0.01562500 0.51562500
vt 0.23437500 0.51562500
vt 0.23437500 0.98437500
vt 0.01562500 0.98437500
vt 0.01562500 0.51562500
vt 0.23437500 0.51562500
vt 0.23437500 0.98437500
vt 0.01562500 0.98437500
vt 0.01562500 0.51562500
vt 0.23437500 0.51562500
vt 0.23437500 0.98437500
vt 0.01562500 0.98437500
vt 0.01562500 0.51562500
vt 0.23437500 0.51562500
vt 0.23437500 0.98437500
vt 0.01562500 0.98437500
vt 0.01562500 0.51562500
vt 0.23437500 0.51562500
vt 0.23437500 0.98437500
vt 0.01562500 0.98437500
vt 0.01562500 0.51562500
vt 0.23437500 0.51562500
vt 0.23437500 0.98437500
vt 0.01562500 0.98437500
vt 0.01562500 0.51562500
vt 0.23437500 0.51562500
vt 0.23437500 0.98437500
vt 0.01562500 0.98437500
vt 0.01562500 0.51562500
vt 0.23437500 0.51562500
vt 0.23437500 0.98437500
vt 0.01562500 0.98437500
vt 0.01562500 0.51562500
vt 0.23437500 0.51562500
vt 0.23437500 0.98437500
vt 0.01562500 0.98437500
vt 0.01562500 0.51562500
vt 0.23437500 0.51562500
vt 0.23437500 0.98437500
vt 0.01562500 0.98437500
vt 0.01562500 0.51562500
vt 0.23437500 0.51562500
vt 0.23437500 0.98437500
vt 0.01562500 0.98437500
vt 0.01562500 0.51562500
vt 0.23437500 0.51562500
vt 0.23437500 0.98437500
vt 0.01562500 0.98437500
vt 0.01562500 0.51562500
vt 0.23437500 0.51562500
vt 0.23437500 0.98437500
vt 0.01562500 0.98437500
vt 0.01562500 0.51562500
vt 0.23437500 0.51562500
vt 0.23437500 0.98437500
vt 0.01562500 0.98437500
vt 0.01562500 0.51562500
vt 0.23437500 0.51562500
vt 0.23437500 0.98437500
vt 0.01562500 0.98437500
vt 0.01562500 0.51562500
vt 0.23437500 0.51562500
vt 0.23437500 0.98437500
vt 0.01562500 0.98437500
vt 0.01562500 0.51562500
vt 0.23437500 0.51562500
vt 0.23437500 0.98437500
vt 0.01562500 0.98437500
vt 0.01562500 0.51562500
vt 0.23437500 0.51562500
vt 0.23437500 0.98437500
vt 0.01562500 0.98437500
vt 0.01562500 0.51562500
vt 0.23437500 0.51562500
vt 0.23437500 0.98437500
vt 0.01562500 0.98437500
vt 0.01562500 0.51562500
vt 0.23437500 0.51562500
vt 0.23437500 0.98437500
vt 0.01562500 0.98437500
vt 0.01562500 0.51562500
vt 0.23437500 0.51562500
vt 0.23437500 0.98437500
vt 0.01562500 0.98437500
vt 0.01562500 0.51562500
vt 0.23437500 0.51562500
vt 0.23437500 0.98437500
vt 0.01562500 0.98437500
vt 0.01562500 0.51562500
vt 0.23437500 0.51562500
vt 0.23437500 0.98437500
vt 0.01562500 0.98437500
vt 0.01562500 0.51562500
vt 0.23437500 0.51562500
vt 0.23437500 0.98437500
vt 0.01562500 0.98437500
vt 0.01562500 0.51562500
vt 0.23437500 0.51562500
vt 0.23437500 0.98437500
vt 0.01562500 0.98437500
vt 0.01562500 0.51562500
vt 0.23437500 0.51562500
vt 0.23437500 0.98437500
vt 0.01562500 0.98437500
vt 0.01562500 0.51562500
vt 0.23437500 0.51562500
vt 0.23437500 0.98437500
vt 0.01562500 0.98437500
vt 0.01562500 0.51562500
vt 0.23437500 0.51562500
vt 0.23437500 0.98437500
vt 0.01562500 0.98437500
vt 0.01562500 0.51562500
vt 0.23437500 0.51562500
vt 0.23437500 0.98437500
vt 0.01562500 0.98437500
vt 0.01562500 0.51562500
vt 0.23437500 0.51562500
vt 0.23437500 0.98437500
vt 0.01562500 0.98437500
vt 0.01562500 0.51562500
vt 0.23437500 0.51562500
vt 0.23437500 0.98437500
vt 0.01562500 0.98437500
vt 0.01562500 0.51562500
vt 0.23437500 0.51562500
vt 0.23437500 0.98437500
vt 0.01562500 0.98437500
vt 0.01562500 0.51562500
vt 0.23437500 0.51562500
vt 0.23437500 0.98437500
vt 0.01562500 0.98437500
vt 0.01562500 0.51562500
vt 0.23437500 0.51562500
vt 0.23437500 0.98437500
vt 0.01562500 0.98437500
vt 0.01562500 0.51562500
vt 0.23437500 0.51562500
vt 0.23437500 0.98437500
vt 0.01562500 0.98437500
vt 0.01562500 0.51562500
vt 0.23437500 0.51562500
vt 0.23437500 0.98437500
vt 0.01562500 0.98437500
vt 0.01562500 0.51562500
vt 0.23437500 0.51562500
vt 0.23437500 0.98437500
vt 0.01562500 0.98437500
vt 0.01562500 0.51562500
vt 0.23437500 0.51562500
vt 0.23437500 0.98437500
vt 0.01562500 0.98437500
vt 0.01562500 0.51562500
vt 0.23437500 0.51562500
vt 0.23437500 0.98437500
vt 0.01562500 0.98437500
vt 0.01562500 0.51562500
vt 0.23437500 0.51562500
vt 0.23437500 0.98437500
vt 0.01562500 0.98437500
vt 0.01562500 0.51562500
vt 0.23437500 0.51562500
vt 0.23437500 0.98437500
vt 0.01562500 0.98437500
vt 0.01562500 0.51562500
vt 0.23437500 0.51562500
vt 0.23437500 0.98437500
vt 0.01562500 0.98437500
vt 0.01562500 0.51562500
vt 0.23437500 0.51562500
vt 0.23437500 0.98437500
vt 0.01562500 0.98437500
vt 0.01562500 0.51562500
vt 0.23437500 0.51562500
vt 0.23437500 0.98437500
vt 0.01562500 0.98437500
vt 0.01562500 0.51562500
vt 0.23437500 0.51562500
vt 0.23437500 0.98437500
vt 0.01562500 0.98437500
vt 0.01562500 0.51562500
vt 0.23437500 0.51562500
vt 0.23437500 0.98437500
vt 0.01562500 0.98437500
vt 0.01562500 0.51562500
vt 0.23437500 0.51562500
vt 0.23437500 0.98437500
vt 0.01562500 0.98437500
vt 0.01562500 0.51562500
vt 0.23437500 0.51562500
vt 0.23437500 0.98437500
vt 0.01562500 0.98437500
vt 0.01562500 0.51562500
vt 0.23437500 0.51562500
vt 0.23437500 0.98437500
vt 0.01562500 0.98437500
vt 0.01562500 0.51562500
vt 0.23437500 0.51562500
vt 0.23437500 0.98437500
vt 0.01562500 0.98437500
vt 0.01562500 0.51562500
vt 0.23437500 0.51562500
vt 0.23437500 0.98437500
vt 0.01562500 0.98437500
vt 0.01562500 0.51562500
vt 0.23437500 0.51562500
vt 0.23437500 0.98437500
vt 0.01562500 0.98437500
vt 0.01562500 0.51562500
vt 0.23437500 0.51562500
vt 0.23437500 0.98437500
vt 0.01562500 0.98437500
vt 0.01562500 0.51562500
vt 0.23437500 0.51562500
vt 0.23437500 0.98437500
vt 0.01562500 0.98437500
vt 0.01562500 0.51562500
vt 0.23437500 0.51562500
vt 0.23437500 0.98437500
vt 0.01562500 0.98437500
vt 0.01562500 0.51562500
vt 0.23437500 0.51562500
vt 0.23437500 0.98437500
vt 0.01562500 0.98437500
vt 0.01562500 0.51562500
vt 0.23437500 0.51562500
vt 0.23437500 0.98437500
vt 0.01562500 0.98437500
vt 0.01562500 0.51562500
vt 0.23437500 0.51562500
vt 0.23437500 0.98437500
vt 0.01562500 0.98437500
vt 0.01562500 0.51562500
vt 0.23437500 0.51562500
vt 0.23437500 0.98437500
vt 0.01562500 0.98437500
vt 0.01562500 0.51562500
vt 0.23437500 0.51562500
vt 0.23437500 0.98437500
vt 0.01562500 0.98437500
vt 0.01562500 0.51562500
vt 0.23437500 0.51562500
vt 0.23437500 0.98437500
vt 0.01562500 0.98437500
vt 0.01562500 0.51562500
vt 0.23437500 0.51562500
vt 0.23437500 0.98437500
vt 0.01562500 0.98437500
vt 0.01562500 0.51562500
vt 0.23437500 0.51562500
vt 0.23437500 0.98437500
vt 0.01562500 0.98437500
vt 0.01562500 0.51562500
vt 0.23437500 0.51562500
vt 0.23437500 0.98437500
vt 0.01562500 0.98437500
vt 0.01562500 0.51562500
vt 0.23437500 0.51562500
vt 0.23437500 0.98437500
vt 0.01562500 0.98437500
vt 0.01562500 0.51562500
vt 0.23437500 0.51562500
vt 0.23437500 0.98437500
vt 0.01562500 0.98437500
vt 0.01562500 0.51562500
vt 0.23437500 0.51562500
vt 0.23437500 0.98437500
vt 0.01562500 0.98437500
vt 0.26562500 0.51562500
vt 0.48437500 0.51562500
vt 0.48437500 0.98437500
vt 0.26562500 0.98437500
vt 0.26562500 0.51562500
vt 0.48437500 0.51562500
vt 0.48437500 0.98437500
vt 0.26562500 0.98437500
vt 0.26562500 0.51562500
vt 0.48437500 0.51562500
vt 0.48437500 0.98437500
vt 0.26562500 0.98437500
vt 0.26562500 0.51562500
vt 0.48437500 0.51562500
vt 0.48437500 0.98437500
vt 0.26562500 0.98437500
vt 0.26562500 0.51562500
vt 0.48437500 0.51562500
vt 0.48437500 0.98437500
vt 0.26562500 0.98437500
vt 0.26562500 0.51562500
vt 0.48437500 0.51562500
vt 0.48437500 0.98437500
vt 0.26562500 0.98437500
vt 0.26562500 0.51562500
vt 0.48437500 0.51562500
vt 0.48437500 0.98437500
vt 0.26562500 0.98437500
vt 0.26562500 0.51562500
vt 0.48437500 0.51562500
vt 0.48437500 0.98437500
vt 0.26562500 0.98437500
vt 0.26562500 0.51562500
vt 0.48437500 0.51562500
vt 0.48437500 0.98437500
vt 0.26562500 0.98437500
vt 0.26562500 0.51562500
vt 0.48437500 0.51562500
vt 0.48437500 0.98437500
vt 0.26562500 0.98437500
vt 0.26562500 0.51562500
vt 0.48437500 0.51562500
vt 0.48437500 0.98437500
vt 0.26562500 0.98437500
vt 0.26562500 0.51562500
vt 0.48437500 0.51562500
vt 0.48437500 0.98437500
vt 0.26562500 0.98437500
vt 0.26562500 0.51562500
vt 0.48437500 0.51562500
vt 0.48437500 0.98437500
vt 0.26562500 0.98437500
vt 0.26562500 0.51562500
vt 0.48437500 0.51562500
vt 0.48437500 0.98437500
vt 0.26562500 0.98437500
vt 0.26562500 0.51562500
vt 0.48437500 0.51562500
vt 0.48437500 0.98437500
vt 0.26562500 0.98437500
vt 0.26562500 0.51562500
vt 0.48437500 0.51562500
vt 0.48437500 0.98437500
vt 0.26562500 0.98437500
vt 0.26562500 0.51562500
vt 0.48437500 0.51562500
vt 0.48437500 0.98437500
vt 0.26562500 0.98437500
vt 0.26562500 0.51562500
vt 0.48437500 0.51562500
vt 0.48437500 0.98437500
vt 0.26562500 0.98437500
vt 0.26562500 0.51562500
vt 0.48437500 0.51562500
vt 0.48437500 0.98437500
vt 0.26562500 0.98437500
vt 0.26562500 0.51562500
vt 0.48437500 0.51562500
vt 0.48437500 0.98437500
vt 0.26562500 0.98437500
vt 0.26562500 0.51562500
vt 0.48437500 0.51562500
vt 0.48437500 0.98437500
vt 0.26562500 0.98437500
vt 0.26562500 0.51562500
vt 0.48437500 0.51562500
vt 0.48437500 0.98437500
vt 0.26562500 0.98437500
vt 0.26562500 0.51562500
vt 0.48437500 0.51562500
vt 0.48437500 0.98437500
vt 0.26562500 0.98437500
vt 0.26562500 0.51562500
vt 0.48437500 0.51562500
vt 0.48437500 0.98437500
vt 0.26562500 0.98437500
vt 0.26562500 0.51562500
vt 0.48437500 0.51562500
vt 0.48437500 0.98437500
vt 0.26562500 0.98437500
vt 0.26562500 0.51562500
vt 0.48437500 0.51562500
vt 0.48437500 0.98437500
vt 0.26562500 0.98437500
vt 0.26562500 0.51562500
vt 0.48437500 0.51562500
vt 0.48437500 0.98437500
vt 0.26562500 0.98437500
vt 0.26562500 0.51562500
vt 0.48437500 0.51562500
vt 0.48437500 0.98437500
vt 0.26562500 0.98437500
vt 0.26562500 0.51562500
vt 0.48437500 0.51562500
vt 0.48437500 0.98437500
vt 0.26562500 0.98437500
vt 0.26562500 0.51562500
vt 0.48437500 0.51562500
vt 0.48437500 0.98437500
vt 0.26562500 0.98437500
vt 0.26562500 0.51562500
vt 0.48437500 0.51562500
vt 0.48437500 0.98437500
vt 0.26562500 0.98437500
vt 0.26562500 0.51562500
vt 0.48437500 0.51562500
vt 0.48437500 0.98437500
vt 0.26562500 0.98437500
vt 0.26562500 0.51562500
vt 0.48437500 0.51562500
vt 0.48437500 0.98437500
vt 0.26562500 0.98437500
vt 0.26562500 0.51562500
vt 0.48437500 0.51562500
vt 0.48437500 0.98437500
vt 0.26562500 0.98437500
vt 0.26562500 0.51562500
vt 0.48437500 0.51562500
vt 0.48437500 0.98437500
vt 0.26562500 0.98437500
vt 0.26562500 0.51562500
vt 0.48437500 0.51562500
vt 0.48437500 0.98437500
vt 0.26562500 0.98437500
vt 0.26562500 0.51562500
vt 0.48437500 0.51562500
vt 0.48437500 0.98437500
vt 0.26562500 0.98437500
vt 0.26562500 0.51562500
vt 0.48437500 0.51562500
vt 0.48437500 0.98437500
vt 0.26562500 0.98437500
vt 0.26562500 0.51562500
vt 0.48437500 0.51562500
vt 0.48437500 0.98437500
vt 0.26562500 0.98437500
vt 0.26562500 0.51562500
vt 0.48437500 0.51562500
vt 0.48437500 0.98437500
vt 0.26562500 0.98437500
vt 0.26562500 0.51562500
vt 0.48437500 0.51562500
vt 0.48437500 0.98437500
vt 0.26562500 0.98437500
vt 0.26562500 0.51562500
vt 0.48437500 0.51562500
vt 0.48437500 0.98437500
vt 0.26562500 0.98437500
vt 0.26562500 0.51562500
vt 0.48437500 0.51562500
vt 0.48437500 0.98437500
vt 0.26562500 0.98437500
vt 0.26562500 0.51562500
vt 0.48437500 0.51562500
vt 0.48437500 0.98437500
vt 0.26562500 0.98437500
vt 0.26562500 0.51562500
vt 0.48437500 0.51562500
vt 0.48437500 0.98437500
vt 0.26562500 0.98437500
vt 0.26562500 0.51562500
vt 0.48437500 0.51562500
vt 0.48437500 0.98437500
vt 0.26562500 0.98437500
vt 0.26562500 0.51562500
vt 0.48437500 0.51562500
vt 0.48437500 0.98437500
vt 0.26562500 0.98437500
vt 0.26562500 0.51562500
vt 0.48437500 0.51562500
vt 0.48437500 0.98437500
vt 0.26562500 0.98437500
vt 0.26562500 0.51562500
vt 0.48437500 0.51562500
vt 0.48437500 0.98437500
vt 0.26562500 0.98437500
vt 0.26562500 0.51562500
vt 0.48437500 0.51562500
vt 0.48437500 0.98437500
vt 0.26562500 0.98437500
vt 0.26562500 0.51562500
vt 0.48437500 0.51562500
vt 0.48437500 0.98437500
vt 0.26562500 0.98437500
vt 0.26562500 0.51562500
vt 0.48437500 0.51562500
vt 0.48437500 0.98437500
vt 0.26562500 0.98437500
vt 0.26562500 0.51562500
vt 0.48437500 0.51562500
vt 0.48437500 0.98437500
vt 0.26562500 0.98437500
vt 0.26562500 0.51562500
vt 0.48437500 0.51562500
vt 0.48437500 0.98437500
vt 0.26562500 0.98437500
vt 0.26562500 0.51562500
vt 0.48437500 0.51562500
vt 0.48437500 0.98437500
vt 0.26562500 0.98437500
vt 0.26562500 0.51562500
vt 0.48437500 0.51562500
vt 0.48437500 0.98437500
vt 0.26562500 0.98437500
vt 0.26562500 0.51562500
vt 0.48437500 0.51562500
vt 0.48437500 0.98437500
vt 0.26562500 0.98437500
vt 0.26562500 0.51562500
vt 0.48437500 0.51562500
vt 0.48437500 0.98437500
vt 0.26562500 0.98437500
vt 0.26562500 0.51562500
vt 0.48437500 0.51562500
vt 0.48437500 0.98437500
vt 0.26562500 0.98437500
vt 0.26562500 0.51562500
vt 0.48437500 0.51562500
vt 0.48437500 0.98437500
vt 0.26562500 0.98437500
vt 0.26562500 0.51562500
vt 0.48437500 0.51562500
vt 0.48437500 0.98437500
vt 0.26562500 0.98437500
vt 0.26562500 0.51562500
vt 0.48437500 0.51562500
vt 0.48437500 0.98437500
vt 0.26562500 0.98437500
vt 0.26562500 0.51562500
vt 0.48437500 0.51562500
vt 0.48437500 0.98437500
vt 0.26562500 0.98437500
vt 0.26562500 0.51562500
vt 0.48437500 0.51562500
vt 0.48437500 0.98437500
vt 0.26562500 0.98437500
vt 0.26562500 0.51562500
vt 0.48437500 0.51562500
vt 0.48437500 0.98437500
vt 0.26562500 0.98437500
vt 0.26562500 0.51562500
vt 0.48437500 0.51562500
vt 0.48437500 0.98437500
vt 0.26562500 0.98437500
vt 0.26562500 0.51562500
vt 0.48437500 0.51562500
vt 0.48437500 0.98437500
vt 0.26562500 0.98437500
vt 0.26562500 0.51562500
vt 0.48437500 0.51562500
vt 0.48437500 0.98437500
vt 0.26562500 0.98437500
vt 0.26562500 0.51562500
vt 0.48437500 0.51562500
vt 0.48437500 0.98437500
vt 0.26562500 0.98437500
vt 0.26562500 0.51562500
vt 0.48437500 0.51562500
vt 0.48437500 0.98437500
vt 0.26562500 0.98437500
vt 0.26562500 0.51562500
vt 0.48437500 0.51562500
vt 0.48437500 0.98437500
vt 0.26562500 0.98437500
vt 0.26562500 0.51562500
vt 0.48437500 0.51562500
vt 0.48437500 0.98437500
vt 0.26562500 0.98437500
vt 0.26562500 0.51562500
vt 0.48437500 0.51562500
vt 0.48437500 0.98437500
vt 0.26562500 0.98437500
vt 0.26562500 0.51562500
vt 0.48437500 0.51562500
vt 0.48437500 0.98437500
vt 0.26562500 0.98437500
vt 0.26562500 0.51562500
vt 0.48437500 0.51562500
vt 0.48437500 0.98437500
vt 0.26562500 0.98437500
vt 0.26562500 0.51562500
vt 0.48437500 0.51562500
vt 0.48437500 0.98437500
vt 0.26562500 0.98437500
vt 0.26562500 0.51562500
vt 0.48437500 0.51562500
vt 0.48437500 0.98437500
vt 0.26562500 0.98437500
vt 0.26562500 0.51562500
vt 0.48437500 0.51562500
vt 0.48437500 0.98437500
vt 0.26562500 0.98437500
vt 0.26562500 0.51562500
vt 0.48437500 0.51562500
vt 0.48437500 0.98437500
vt 0.26562500 0.98437500
vt 0.26562500 0.51562500
vt 0.48437500 0.51562500
vt 0.48437500 0.98437500
vt 0.26562500 0.98437500
vt 0.26562500 0.51562500
vt 0.48437500 0.51562500
vt 0.48437500 0.98437500
vt 0.26562500 0.98437500
vt 0.26562500 0.51562500
vt 0.48437500 0.51562500
vt 0.48437500 0.98437500
vt 0.26562500 0.98437500
vt 0.26562500 0.51562500
vt 0.48437500 0.51562500
vt 0.48437500 0.98437500
vt 0.26562500 0.98437500
vt 0.26562500 0.51562500
vt 0.48437500 0.51562500
vt 0.48437500 0.98437500
vt 0.26562500 0.98437500
vt 0.26562500 0.51562500
vt 0.48437500 0.51562500
vt 0.48437500 0.98437500
vt 0.26562500 0.98437500
vt 0.26562500 0.51562500
vt 0.48437500 0.51562500
vt 0.48437500 0.98437500
vt 0.26562500 0.98437500
vt 0.26562500 0.51562500
vt 0.48437500 0.51562500
vt 0.48437500 0.98437500
vt 0.26562500 0.98437500
vt 0.26562500 0.51562500
vt 0.48437500 0.51562500
vt 0.48437500 0.98437500
vt 0.26562500 0.98437500
vt 0.26562500 0.51562500
vt 0.48437500 0.51562500
vt 0.48437500 0.98437500
vt 0.26562500 0.98437500
vt 0.26562500 0.51562500
vt 0.48437500 0.51562500
vt 0.48437500 0.98437500
vt 0.26562500 0.98437500
vt 0.26562500 0.51562500
vt 0.48437500 0.51562500
vt 0.48437500 0.98437500
vt 0.26562500 0.98437500
vt 0.26562500 0.51562500
vt 0.48437500 0.51562500
vt 0.48437500 0.98437500
vt 0.26562500 0.98437500
vt 0.26562500 0.51562500
vt 0.48437500 0.51562500
vt 0.48437500 0.98437500
vt 0.26562500 0.98437500
vt 0.26562500 0.51562500
vt 0.48437500 0.51562500
vt 0.48437500 0.98437500
vt 0.26562500 0.98437500
vt 0.26562500 0.51562500
vt 0.48437500 0.51562500
vt 0.48437500 0.98437500
vt 0.26562500 0.98437500
vt 0.26562500 0.51562500
vt 0.48437500 0.51562500
vt 0.48437500 0.98437500
vt 0.26562500 0.98437500
vt 0.26562500 0.51562500
vt 0.48437500 0.51562500
vt 0.48437500 0.98437500
vt 0.26562500 0.98437500
vt 0.26562500 0.51562500
vt 0.48437500 0.51562500
vt 0.48437500 0.98437500
vt 0.26562500 0.98437500
vt 0.26562500 0.51562500
vt 0.48437500 0.51562500
vt 0.48437500 0.98437500
vt 0.26562500 0.98437500
vt 0.26562500 0.51562500
vt 0.48437500 0.51562500
vt 0.48437500 0.98437500
vt 0.26562500 0.98437500
vt 0.26562500 0.51562500
vt 0.48437500 0.51562500
vt 0.48437500 0.98437500
vt 0.26562500 0.98437500
vt 0.26562500 0.51562500
vt 0.48437500 0.51562500
vt 0.48437500 0.98437500
vt 0.26562500 0.98437500
vt 0.26562500 0.51562500
vt 0.48437500 0.51562500
vt 0.48437500 0.98437500
vt 0.26562500 0.98437500
vt 0.26562500 0.51562500
vt 0.48437500 0.51562500
vt 0.48437500 0.98437500
vt 0.26562500 0.98437500
vt 0.26562500 0.51562500
vt 0.48437500 0.51562500
vt 0.48437500 0.98437500
vt 0.26562500 0.98437500
vt 0.26562500 0.51562500
vt 0.48437500 0.51562500
vt 0.48437500 0.98437500
vt 0.26562500 0.98437500
vt 0.26562500 0.51562500
vt 0.48437500 0.51562500
vt 0.48437500 0.98437500
vt 0.26562500 0.98437500
vt 0.26562500 0.51562500
vt 0.48437500 0.51562500
vt 0.48437500 0.98437500
vt 0.26562500 0.98437500
vt 0.26562500 0.51562500
vt 0.48437500 0.51562500
vt 0.48437500 0.98437500
vt 0.26562500 0.98437500
vt 0.26562500 0.51562500
vt 0.48437500 0.51562500
vt 0.48437500 0.98437500
vt 0.26562500 0.98437500
vt 0.26562500 0.51562500
vt 0.48437500 0.51562500
vt 0.48437500 0.98437500
vt 0.26562500 0.98437500
vt 0.26562500 0.51562500
vt 0.48437500 0.51562500
vt 0.48437500 0.98437500
vt 0.26562500 0.98437500
vt 0.26562500 0.51562500
vt 0.48437500 0.51562500
vt 0.48437500 0.98437500
vt 0.26562500 0.98437500
vt 0.26562500 0.51562500
vt 0.48437500 0.51562500
vt 0.48437500 0.98437500
vt 0.26562500 0.98437500
vt 0.26562500 0.51562500
vt 0.48437500 0.51562500
vt 0.48437500 0.98437500
vt 0.26562500 0.98437500
vt 0.26562500 0.51562500
vt 0.48437500 0.51562500
vt 0.48437500 0.98437500
vt 0.26562500 0.98437500
vt 0.26562500 0.51562500
vt 0.48437500 0.51562500
vt 0.48437500 0.98437500
vt 0.26562500 0.98437500
vt 0.26562500 0.51562500
vt 0.48437500 0.51562500
vt 0.48437500 0.98437500
vt 0.26562500 0.98437500
vt 0.26562500 0.51562500
vt 0.48437500 0.51562500
vt 0.48437500 0.98437500
vt 0.26562500 0.98437500
vt 0.26562500 0.51562500
vt 0.48437500 0.51562500
vt 0.48437500 0.98437500
vt 0.26562500 0.98437500
vt 0.26562500 0.51562500
vt 0.48437500 0.51562500
vt 0.48437500 0.98437500
vt 0.26562500 0.98437500
vt 0.26562500 0.51562500
vt 0.48437500 0.51562500
vt 0.48437500 0.98437500
vt 0.26562500 0.98437500
vt 0.26562500 0.51562500
vt 0.48437500 0.51562500
vt 0.48437500 0.98437500
vt 0.26562500 0.98437500
vt 0.26562500 0.51562500
vt 0.48437500 0.51562500
vt 0.48437500 0.98437500
vt 0.26562500 0.98437500
vt 0.26562500 0.51562500
vt 0.48437500 0.51562500
vt 0.48437500 0.98437500
vt 0.26562500 0.98437500
vt 0.26562500 0.51562500
vt 0.48437500 0.51562500
vt 0.48437500 0.98437500
vt 0.26562500 0.98437500
vt 0.26562500 0.51562500
vt 0.48437500 0.51562500
vt 0.48437500 0.98437500
vt 0.26562500 0.98437500
vt 0.26562500 0.51562500
vt 0.48437500 0.51562500
vt 0.48437500 0.98437500
vt 0.26562500 0.98437500
vt 0.26562500 0.51562500
vt 0.48437500 0.51562500
vt 0.48437500 0.98437500
vt 0.26562500 0.98437500
vt 0.26562500 0.51562500
vt 0.48437500 0.51562500
vt 0.48437500 0.98437500
vt 0.26562500 0.98437500
vt 0.26562500 0.51562500
vt 0.48437500 0.51562500
vt 0.48437500 0.98437500
vt 0.26562500 0.98437500
vt 0.26562500 0.51562500
vt 0.48437500 0.51562500
vt 0.48437500 0.98437500
vt 0.26562500 0.98437500
vt 0.26562500 0.51562500
vt 0.48437500 0.51562500
vt 0.48437500 0.98437500
vt 0.26562500 0.98437500
vt 0.26562500 0.51562500
vt 0.48437500 0.51562500
vt 0.48437500 0.98437500
vt 0.26562500 0.98437500
vt 0.26562500 0.51562500
vt 0.48437500 0.51562500
vt 0.48437500 0.98437500
vt 0.26562500 0.98437500
vt 0.26562500 0.51562500
vt 0.48437500 0.51562500
vt 0.48437500 0.98437500
vt 0.26562500 0.98437500
vt 0.26562500 0.51562500
vt 0.48437500 0.51562500
vt 0.48437500 0.98437500
vt 0.26562500 0.98437500
vt 0.26562500 0.51562500
vt 0.48437500 0.51562500
vt 0.48437500 0.98437500
vt 0.26562500 0.98437500
vt 0.26562500 0.51562500
vt 0.48437500 0.51562500
vt 0.48437500 0.98437500
vt 0.26562500 0.98437500
vt 0.26562500 0.51562500
vt 0.48437500 0.51562500
vt 0.48437500 0.98437500
vt 0.26562500 0.98437500
vt 0.26562500 0.51562500
vt 0.48437500 0.51562500
vt 0.48437500 0.98437500
vt 0.26562500 0.98437500
vt 0.26562500 0.51562500
vt 0.48437500 0.51562500
vt 0.48437500 0.98437500
vt 0.26562500 0.98437500
vt 0.26562500 0.51562500
vt 0.48437500 0.51562500
vt 0.48437500 0.98437500
vt 0.26562500 0.98437500
vt 0.26562500 0.51562500
vt 0.48437500 0.51562500
vt 0.48437500 0.98437500
vt 0.26562500 0.98437500
vt 0.26562500 0.51562500
vt 0.48437500 0.51562500
vt 0.48437500 0.98437500
vt 0.26562500 0.98437500
vt 0.26562500 0.51562500
vt 0.48437500 0.51562500
vt 0.48437500 0.98437500
vt 0.26562500 0.98437500
vt 0.26562500 0.51562500
vt 0.48437500 0.51562500
vt 0.48437500 0.98437500
vt 0.26562500 0.98437500
vt 0.26562500 0.51562500
vt 0.48437500 0.51562500
vt 0.48437500 0.98437500
vt 0.26562500 0.98437500
vt 0.26562500 0.51562500
vt 0.48437500 0.51562500
vt 0.48437500 0.98437500
vt 0.26562500 0.98437500
vt 0.26562500 0.51562500
vt 0.48437500 0.51562500
vt 0.48437500 0.98437500
vt 0.26562500 0.98437500
vt 0.26562500 0.51562500
vt 0.48437500 0.51562500
vt 0.48437500 0.98437500
vt 0.26562500 0.98437500
vt 0.26562500 0.51562500
vt 0.48437500 0.51562500
vt 0.48437500 0.98437500
vt 0.26562500 0.98437500
vt 0.26562500 0.51562500
vt 0.48437500 0.51562500
vt 0.48437500 0.98437500
vt 0.26562500 0.98437500
vt 0.26562500 0.51562500
vt 0.48437500 0.51562500
vt 0.48437500 0.98437500
vt 0.26562500 0.98437500
vt 0.26562500 0.51562500
vt 0.48437500 0.51562500
vt 0.48437500 0.98437500
vt 0.26562500 0.98437500
vt 0.26562500 0.51562500
vt 0.48437500 0.51562500
vt 0.48437500 0.98437500
vt 0.26562500 0.98437500
vt 0.26562500 0.51562500
vt 0.48437500 0.51562500
vt 0.48437500 0.98437500
vt 0.26562500 0.98437500
vt 0.26562500 0.51562500
vt 0.48437500 0.51562500
vt 0.48437500 0.98437500
vt 0.26562500 0.98437500
vt 0.26562500 0.51562500
vt 0.48437500 0.51562500
vt 0.48437500 0.98437500
vt 0.26562500 0.98437500
vt 0.26562500 0.51562500
vt 0.48437500 0.51562500
vt 0.48437500 0.98437500
vt 0.26562500 0.98437500
vt 0.26562500 0.51562500
vt 0.48437500 0.51562500
vt 0.48437500 0.98437500
vt 0.26562500 0.98437500
vt 0.26562500 0.51562500
vt 0.48437500 0.51562500
vt 0.48437500 0.98437500
vt 0.26562500 0.98437500
vt 0.26562500 0.51562500
vt 0.48437500 0.51562500
vt 0.48437500 0.98437500
vt 0.26562500 0.98437500
vt 0.26562500 0.51562500
vt 0.48437500 0.51562500
vt 0.48437500 0.98437500
vt 0.26562500 0.98437500
vt 0.26562500 0.51562500
vt 0.48437500 0.51562500
vt 0.48437500 0.98437500
vt 0.26562500 0.98437500
vt 0.26562500 0.51562500
vt 0.48437500 0.51562500
vt 0.48437500 0.98437500
vt 0.26562500 0.98437500
vt 0.26562500 0.51562500
vt 0.48437500 0.51562500
vt 0.48437500 0.98437500
vt 0.26562500 0.98437500
vt 0.26562500 0.51562500
vt 0.48437500 0.51562500
vt 0.48437500 0.98437500
vt 0.26562500 0.98437500
vt 0.26562500 0.51562500
vt 0.48437500 0.51562500
vt 0.48437500 0.98437500
vt 0.26562500 0.98437500
vt 0.26562500 0.51562500
vt 0.48437500 0.51562500
vt 0.48437500 0.98437500
vt 0.26562500 0.98437500
vt 0.26562500 0.51562500
vt 0.48437500 0.51562500
vt 0.48437500 0.98437500
vt 0.26562500 0.98437500
vt 0.26562500 0.51562500
vt 0.48437500 0.51562500
vt 0.48437500 0.98437500
vt 0.26562500 0.98437500
vt 0.26562500 0.51562500
vt 0.48437500 0.51562500
vt 0.48437500 0.98437500
vt 0.26562500 0.98437500
vt 0.26562500 0.51562500
vt 0.48437500 0.51562500
vt 0.48437500 0.98437500
vt 0.26562500 0.98437500
vt 0.26562500 0.51562500
vt 0.48437500 0.51562500
vt 0.48437500 0.98437500
vt 0.26562500 0.98437500
vt 0.26562500 0.51562500
vt 0.48437500 0.51562500
vt 0.48437500 0.98437500
vt 0.26562500 0.98437500
vt 0.26562500 0.51562500
vt 0.48437500 0.51562500
vt 0.48437500 0.98437500
vt 0.26562500 0.98437500
vt 0.26562500 0.51562500
vt 0.48437500 0.51562500
vt 0.48437500 0.98437500
vt 0.26562500 0.98437500
vt 0.26562500 0.51562500
vt 0.48437500 0.51562500
vt 0.48437500 0.98437500
vt 0.26562500 0.98437500
vt 0.26562500 0.51562500
vt 0.48437500 0.51562500
vt 0.48437500 0.98437500
vt 0.26562500 0.98437500
vt 0.26562500 0.51562500
vt 0.48437500 0.51562500
vt 0.48437500 0.98437500
vt 0.26562500 0.98437500
vt 0.26562500 0.51562500
vt 0.48437500 0.51562500
vt 0.48437500 0.98437500
vt 0.26562500 0.98437500
vt 0.26562500 0.51562500
vt 0.48437500 0.51562500
vt 0.48437500 0.98437500
vt 0.26562500 0.98437500
vt 0.26562500 0.51562500
vt 0.48437500 0.51562500
vt 0.48437500 0.98437500
vt 0.26562500 0.98437500
vt 0.26562500 0.51562500
vt 0.48437500 0.51562500
vt 0.48437500 0.98437500
vt 0.26562500 0.98437500
vt 0.26562500 0.51562500
vt 0.48437500 0.51562500
vt 0.48437500 0.98437500
vt 0.26562500 0.98437500
vt 0.26562500 0.51562500
vt 0.48437500 0.51562500
vt 0.48437500 0.98437500
vt 0.26562500 0.98437500
vt 0.26562500 0.51562500
vt 0.48437500 0.51562500
vt 0.48437500 0.98437500
vt 0.26562500 0.98437500
vt 0.26562500 0.51562500
vt 0.48437500 0.51562500
vt 0.48437500 0.98437500
vt 0.26562500 0.98437500
vt 0.26562500 0.51562500
vt 0.48437500 0.51562500
vt 0.48437500 0.98437500
vt 0.26562500 0.98437500
vt 0.26562500 0.51562500
vt 0.48437500 0.51562500
vt 0.48437500 0.98437500
vt 0.26562500 0.98437500
vt 0.26562500 0.51562500
vt 0.48437500 0.51562500
vt 0.48437500 0.98437500
vt 0.26562500 0.98437500
vt 0.26562500 0.51562500
vt 0.48437500 0.51562500
vt 0.48437500 0.98437500
vt 0.26562500 0.98437500
vt 0.26562500 0.51562500
vt 0.48437500 0.51562500
vt 0.48437500 0.98437500
vt 0.26562500 0.98437500
vt 0.26562500 0.51562500
vt 0.48437500 0.51562500
vt 0.48437500 0.98437500
vt 0.26562500 0.98437500
vt 0.26562500 0.51562500
vt 0.48437500 0.51562500
vt 0.48437500 0.98437500
vt 0.26562500 0.98437500
vt 0.26562500 0.51562500
vt 0.48437500 0.51562500
vt 0.48437500 0.98437500
vt 0.26562500 0.98437500
vt 0.26562500 0.51562500
vt 0.48437500 0.51562500
vt 0.48437500 0.98437500
vt 0.26562500 0.98437500
vt 0.26562500 0.51562500
vt 0.48437500 0.51562500
vt 0.48437500 0.98437500
vt 0.26562500 0.98437500
vt 0.26562500 0.51562500
vt 0.48437500 0.51562500
vt 0.48437500 0.98437500
vt 0.26562500 0.98437500
vt 0.26562500 0.51562500
vt 0.48437500 0.51562500
vt 0.48437500 0.98437500
vt 0.26562500 0.98437500
vt 0.26562500 0.51562500
vt 0.48437500 0.51562500
vt 0.48437500 0.98437500
vt 0.26562500 0.98437500
vt 0.26562500 0.51562500
vt 0.48437500 0.51562500
vt 0.48437500 0.98437500
vt 0.26562500 0.98437500
vt 0.26562500 0.51562500
vt 0.48437500 0.51562500
vt 0.48437500 0.98437500
vt 0.26562500 0.98437500
vt 0.26562500 0.51562500
vt 0.48437500 0.51562500
vt 0.48437500 0.98437500
vt 0.26562500 0.98437500
vt 0.26562500 0.51562500
vt 0.48437500 0.51562500
vt 0.48437500 0.98437500
vt 0.26562500 0.98437500
vt 0.26562500 0.51562500
vt 0.48437500 0.51562500
vt 0.48437500 0.98437500
vt 0.26562500 0.98437500
vt 0.26562500 0.51562500
vt 0.48437500 0.51562500
vt 0.48437500 0.98437500
vt 0.26562500 0.98437500
vt 0.26562500 0.51562500
vt 0.48437500 0.51562500
vt 0.48437500 0.98437500
vt 0.26562500 0.98437500
vt 0.26562500 0.51562500
vt 0.48437500 0.51562500
vt 0.48437500 0.98437500
vt 0.26562500 0.98437500
vt 0.26562500 0.51562500
vt 0.48437500 0.51562500
vt 0.48437500 0.98437500
vt 0.26562500 0.98437500
vt 0.26562500 0.51562500
vt 0.48437500 0.51562500
vt 0.48437500 0.98437500
vt 0.26562500 0.98437500
vt 0.26562500 0.51562500
vt 0.48437500 0.51562500
vt 0.48437500 0.98437500
vt 0.26562500 0.98437500
vt 0.26562500 0.51562500
vt 0.48437500 0.51562500
vt 0.48437500 0.98437500
vt 0.26562500 0.98437500
vt 0.26562500 0.51562500
vt 0.48437500 0.51562500
vt 0.48437500 0.98437500
vt 0.26562500 0.98437500
vt 0.26562500 0.51562500
vt 0.48437500 0.51562500
vt 0.48437500 0.98437500
vt 0.26562500 0.98437500
vt 0.26562500 0.51562500
vt 0.48437500 0.51562500
vt 0.48437500 0.98437500
vt 0.26562500 0.98437500
vt 0.26562500 0.51562500
vt 0.48437500 0.51562500
vt 0.48437500 0.98437500
vt 0.26562500 0.98437500
vt 0.26562500 0.51562500
vt 0.48437500 0.51562500
vt 0.48437500 0.98437500
vt 0.26562500 0.98437500
vt 0.26562500 0.51562500
vt 0.48437500 0.51562500
vt 0.48437500 0.98437500
vt 0.26562500 0.98437500
vt 0.26562500 0.51562500
vt 0.48437500 0.51562500
vt 0.48437500 0.98437500
vt 0.26562500 0.98437500
vt 0.26562500 0.51562500
vt 0.48437500 0.51562500
vt 0.48437500 0.98437500
vt 0.26562500 0.98437500
vt 0.26562500 0.51562500
vt 0.48437500 0.51562500
vt 0.48437500 0.98437500
vt 0.26562500 0.98437500
vt 0.26562500 0.51562500
vt 0.48437500 0.51562500
vt 0.48437500 0.98437500
vt 0.26562500 0.98437500
vt 0.26562500 0.51562500
vt 0.48437500 0.51562500
vt 0.48437500 0.98437500
vt 0.26562500 0.98437500
vt 0.26562500 0.51562500
vt 0.48437500 0.51562500
vt 0.48437500 0.98437500
vt 0.26562500 0.98437500
vt 0.26562500 0.51562500
vt 0.48437500 0.51562500
vt 0.48437500 0.98437500
vt 0.26562500 0.98437500
vt 0.26562500 0.51562500
vt 0.48437500 0.51562500
vt 0.48437500 0.98437500
vt 0.26562500 0.98437500
vt 0.26562500 0.51562500
vt 0.48437500 0.51562500
vt 0.48437500 0.98437500
vt 0.26562500 0.98437500
vt 0.26562500 0.51562500
vt 0.48437500 0.51562500
vt 0.48437500 0.98437500
vt 0.26562500 0.98437500
vt 0.26562500 0.51562500
vt 0.48437500 0.51562500
vt 0.48437500 0.98437500
vt 0.26562500 0.98437500
vt 0.26562500 0.51562500
vt 0.48437500 0.51562500
vt 0.48437500 0.98437500
vt 0.26562500 0.98437500
vt 0.26562500 0.51562500
vt 0.48437500 0.51562500
vt 0.48437500 0.98437500
vt 0.26562500 0.98437500
vt 0.26562500 0.51562500
vt 0.48437500 0.51562500
vt 0.48437500 0.98437500
vt 0.26562500 0.98437500
vt 0.26562500 0.51562500
vt 0.48437500 0.51562500
vt 0.48437500 0.98437500
vt 0.26562500 0.98437500
vt 0.26562500 0.51562500
vt 0.48437500 0.51562500
vt 0.48437500 0.98437500
vt 0.26562500 0.98437500
vt 0.26562500 0.51562500
vt 0.48437500 0.51562500
vt 0.48437500 0.98437500
vt 0.26562500 0.98437500
vt 0.26562500 0.51562500
vt 0.48437500 0.51562500
vt 0.48437500 0.98437500
vt 0.26562500 0.98437500
vt 0.26562500 0.51562500
vt 0.48437500 0.51562500
vt 0.48437500 0.98437500
vt 0.26562500 0.98437500
vt 0.26562500 0.51562500
vt 0.48437500 0.51562500
vt 0.48437500 0.98437500
vt 0.26562500 0.98437500
vt 0.26562500 0.51562500
vt 0.48437500 0.51562500
vt 0.48437500 0.98437500
vt 0.26562500 0.98437500
vt 0.26562500 0.51562500
vt 0.48437500 0.51562500
vt 0.48437500 0.98437500
vt 0.26562500 0.98437500
vt 0.26562500 0.51562500
vt 0.48437500 0.51562500
vt 0.48437500 0.98437500
vt 0.26562500 0.98437500
vt 0.26562500 0.51562500
vt 0.48437500 0.51562500
vt 0.48437500 0.98437500
vt 0.26562500 0.98437500
vt 0.26562500 0.51562500
vt 0.48437500 0.51562500
vt 0.48437500 0.98437500
vt 0.26562500 0.98437500
vt 0.26562500 0.51562500
vt 0.48437500 0.51562500
vt 0.48437500 0.98437500
vt 0.26562500 0.98437500
vt 0.26562500 0.51562500
vt 0.48437500 0.51562500
vt 0.48437500 0.98437500
vt 0.26562500 0.98437500
vt 0.26562500 0.51562500
vt 0.48437500 0.51562500
vt 0.48437500 0.98437500
vt 0.26562500 0.98437500
vt 0.26562500 0.51562500
vt 0.48437500 0.51562500
vt 0.48437500 0.98437500
vt 0.26562500 0.98437500
vt 0.26562500 0.51562500
vt 0.48437500 0.51562500
vt 0.48437500 0.98437500
vt 0.26562500 0.98437500
vt 0.26562500 0.51562500
vt 0.48437500 0.51562500
vt 0.48437500 0.98437500
vt 0.26562500 0.98437500
vt 0.26562500 0.51562500
vt 0.48437500 0.51562500
vt 0.48437500 0.98437500
vt 0.26562500 0.98437500
vt 0.26562500 0.51562500
vt 0.48437500 0.51562500
vt 0.48437500 0.98437500
vt 0.26562500 0.98437500
vt 0.26562500 0.51562500
vt 0.48437500 0.51562500
vt 0.48437500 0.98437500
vt 0.26562500 0.98437500
vt 0.26562500 0.51562500
vt 0.48437500 0.51562500
vt 0.48437500 0.98437500
vt 0.26562500 0.98437500
vt 0.26562500 0.51562500
vt 0.48437500 0.51562500
vt 0.48437500 0.98437500
vt 0.26562500 0.98437500
vt 0.26562500 0.51562500
vt 0.48437500 0.51562500
vt 0.48437500 0.98437500
vt 0.26562500 0.98437500
vt 0.26562500 0.51562500
vt 0.48437500 0.51562500
vt 0.48437500 0.98437500
vt 0.26562500 0.98437500
vt 0.26562500 0.51562500
vt 0.48437500 0.51562500
vt 0.48437500 0.98437500
vt 0.26562500 0.98437500
vt 0.26562500 0.51562500
vt 0.48437500 0.51562500
vt 0.48437500 0.98437500
vt 0.26562500 0.98437500
vt 0.26562500 0.51562500
vt 0.48437500 0.51562500
vt 0.48437500 0.98437500
vt 0.26562500 0.98437500
vt 0.26562500 0.51562500
vt 0.48437500 0.51562500
vt 0.48437500 0.98437500
vt 0.26562500 0.98437500
vt 0.26562500 0.51562500
vt 0.48437500 0.51562500
vt 0.48437500 0.98437500
vt 0.26562500 0.98437500
vt 0.26562500 0.51562500
vt 0.48437500 0.51562500
vt 0.48437500 0.98437500
vt 0.26562500 0.98437500
vt 0.26562500 0.51562500
vt 0.48437500 0.51562500
vt 0.48437500 0.98437500
vt 0.26562500 0.98437500
vt 0.26562500 0.51562500
vt 0.48437500 0.51562500
vt 0.48437500 0.98437500
vt 0.26562500 0.98437500
vt 0.26562500 0.51562500
vt 0.48437500 0.51562500
vt 0.48437500 0.98437500
vt 0.26562500 0.98437500
vt 0.26562500 0.51562500
vt 0.48437500 0.51562500
vt 0.48437500 0.98437500
vt 0.26562500 0.98437500
vt 0.26562500 0.51562500
vt 0.48437500 0.51562500
vt 0.48437500 0.98437500
vt 0.26562500 0.98437500
vt 0.26562500 0.51562500
vt 0.48437500 0.51562500
vt 0.48437500 0.98437500
vt 0.26562500 0.98437500
vt 0.26562500 0.51562500
vt 0.48437500 0.51562500
vt 0.48437500 0.98437500
vt 0.26562500 0.98437500
vt 0.26562500 0.51562500
vt 0.48437500 0.51562500
vt 0.48437500 0.98437500
vt 0.26562500 0.98437500
vt 0.26562500 0.51562500
vt 0.48437500 0.51562500
vt 0.48437500 0.98437500
vt 0.26562500 0.98437500
vt 0.26562500 0.51562500
vt 0.48437500 0.51562500
vt 0.48437500 0.98437500
vt 0.26562500 0.98437500
vt 0.26562500 0.51562500
vt 0.48437500 0.51562500
vt 0.48437500 0.98437500
vt 0.26562500 0.98437500
vt 0.26562500 0.51562500
vt 0.48437500 0.51562500
vt 0.48437500 0.98437500
vt 0.26562500 0.98437500
vt 0.26562500 0.51562500
vt 0.48437500 0.51562500
vt 0.48437500 0.98437500
vt 0.26562500 0.98437500
vt 0.26562500 0.51562500
vt 0.48437500 0.51562500
vt 0.48437500 0.98437500
vt 0.26562500 0.98437500
vt 0.26562500 0.51562500
vt 0.48437500 0.51562500
vt 0.48437500 0.98437500
vt 0.26562500 0.98437500
vt 0.26562500 0.51562500
vt 0.48437500 0.51562500
vt 0.48437500 0.98437500
vt 0.26562500 0.98437500
vt 0.26562500 0.51562500
vt 0.48437500 0.51562500
vt 0.48437500 0.98437500
vt 0.26562500 0.98437500
vt 0.26562500 0.51562500
vt 0.48437500 0.51562500
vt 0.48437500 0.98437500
vt 0.26562500 0.98437500
vt 0.26562500 0.51562500
vt 0.48437500 0.51562500
vt 0.48437500 0.98437500
vt 0.26562500 0.98437500
vt 0.26562500 0.51562500
vt 0.48437500 0.51562500
vt 0.48437500 0.98437500
vt 0.26562500 0.98437500
vt 0.26562500 0.51562500
vt 0.48437500 0.51562500
vt 0.48437500 0.98437500
vt 0.26562500 0.98437500
vt 0.26562500 0.51562500
vt 0.48437500 0.51562500
vt 0.48437500 0.98437500
vt 0.26562500 0.98437500
vt 0.26562500 0.51562500
vt 0.48437500 0.51562500
vt 0.48437500 0.98437500
vt 0.26562500 0.98437500
vt 0.26562500 0.51562500
vt 0.48437500 0.51562500
vt 0.48437500 0.98437500
vt 0.26562500 0.98437500
vt 0.26562500 0.51562500
vt 0.48437500 0.51562500
vt 0.48437500 0.98437500
vt 0.26562500 0.98437500
vt 0.26562500 0.51562500
vt 0.48437500 0.51562500
vt 0.48437500 0.98437500
vt 0.26562500 0.98437500
vt 0.26562500 0.51562500
vt 0.48437500 0.51562500
vt 0.48437500 0.98437500
vt 0.26562500 0.98437500
vt 0.26562500 0.51562500
vt 0.48437500 0.51562500
vt 0.48437500 0.98437500
vt 0.26562500 0.98437500
vt 0.26562500 0.51562500
vt 0.48437500 0.51562500
vt 0.48437500 0.98437500
vt 0.26562500 0.98437500
vt 0.26562500 0.51562500
vt 0.48437500 0.51562500
vt 0.48437500 0.98437500
vt 0.26562500 0.98437500
vt 0.26562500 0.51562500
vt 0.48437500 0.51562500
vt 0.48437500 0.98437500
vt 0.26562500 0.98437500
vt 0.26562500 0.51562500
vt 0.48437500 0.51562500
vt 0.48437500 0.98437500
vt 0.26562500 0.98437500
vt 0.26562500 0.51562500
vt 0.48437500 0.51562500
vt 0.48437500 0.98437500
vt 0.26562500 0.98437500
vt 0.26562500 0.51562500
vt 0.48437500 0.51562500
vt 0.48437500 0.98437500
vt 0.26562500 0.98437500
vt 0.26562500 0.51562500
vt 0.48437500 0.51562500
vt 0.48437500 0.98437500
vt 0.26562500 0.98437500
vt 0.26562500 0.51562500
vt 0.48437500 0.51562500
vt 0.48437500 0.98437500
vt 0.26562500 0.98437500
vt 0.26562500 0.51562500
vt 0.48437500 0.51562500
vt 0.48437500 0.98437500
vt 0.26562500 0.98437500
vt 0.26562500 0.51562500
vt 0.48437500 0.51562500
vt 0.48437500 0.98437500
vt 0.26562500 0.98437500
vt 0.26562500 0.51562500
vt 0.48437500 0.51562500
vt 0.48437500 0.98437500
vt 0.26562500 0.98437500
vt 0.26562500 0.51562500
vt 0.48437500 0.51562500
vt 0.48437500 0.98437500
vt 0.26562500 0.98437500
vt 0.26562500 0.51562500
vt 0.48437500 0.51562500
vt 0.48437500 0.98437500
vt 0.26562500 0.98437500
vt 0.26562500 0.51562500
vt 0.48437500 0.51562500
vt 0.48437500 0.98437500
vt 0.26562500 0.98437500
vt 0.26562500 0.51562500
vt 0.48437500 0.51562500
vt 0.48437500 0.98437500
vt 0.26562500 0.98437500
vt 0.26562500 0.51562500
vt 0.48437500 0.51562500
vt 0.48437500 0.98437500
vt 0.26562500 0.98437500
vt 0.26562500 0.51562500
vt 0.48437500 0.51562500
vt 0.48437500 0.98437500
vt 0.26562500 0.98437500
vt 0.26562500 0.51562500
vt 0.48437500 0.51562500
vt 0.48437500 0.98437500
vt 0.26562500 0.98437500
vt 0.26562500 0.51562500
vt 0.48437500 0.51562500
vt 0.48437500 0.98437500
vt 0.26562500 0.98437500
vt 0.26562500 0.51562500
vt 0.48437500 0.51562500
vt 0.48437500 0.98437500
vt 0.26562500 0.98437500
vt 0.26562500 0.51562500
vt 0.48437500 0.51562500
vt 0.48437500 0.98437500
vt 0.26562500 0.98437500
vt 0.26562500 0.51562500
vt 0.48437500 0.51562500
vt 0.48437500 0.98437500
vt 0.26562500 0.98437500
vt 0.26562500 0.51562500
vt 0.48437500 0.51562500
vt 0.48437500 0.98437500
vt 0.26562500 0.98437500
vt 0.26562500 0.51562500
vt 0.48437500 0.51562500
vt 0.48437500 0.98437500
vt 0.26562500 0.98437500
vt 0.26562500 0.51562500
vt 0.48437500 0.51562500
vt 0.48437500 0.98437500
vt 0.26562500 0.98437500
vt 0.26562500 0.51562500
vt 0.48437500 0.51562500
vt 0.48437500 0.98437500
vt 0.26562500 0.98437500
vt 0.26562500 0.51562500
vt 0.48437500 0.51562500
vt 0.48437500 0.98437500
vt 0.26562500 0.98437500
vt 0.26562500 0.51562500
vt 0.48437500 0.51562500
vt 0.48437500 0.98437500
vt 0.26562500 0.98437500
vt 0.26562500 0.51562500
vt 0.48437500 0.51562500
vt 0.48437500 0.98437500
vt 0.26562500 0.98437500
vt 0.26562500 0.51562500
vt 0.48437500 0.51562500
vt 0.48437500 0.98437500
vt 0.26562500 0.98437500
vt 0.26562500 0.51562500
vt 0.48437500 0.51562500
vt 0.48437500 0.98437500
vt 0.26562500 0.98437500
vt 0.26562500 0.51562500
vt 0.48437500 0.51562500
vt 0.48437500 0.98437500
vt 0.26562500 0.98437500
vt 0.26562500 0.51562500
vt 0.48437500 0.51562500
vt 0.48437500 0.98437500
vt 0.26562500 0.98437500
vt 0.26562500 0.51562500
vt 0.48437500 0.51562500
vt 0.48437500 0.98437500
vt 0.26562500 0.98437500
vt 0.26562500 0.51562500
vt 0.48437500 0.51562500
vt 0.48437500 0.98437500
vt 0.26562500 0.98437500
vt 0.26562500 0.51562500
vt 0.48437500 0.51562500
vt 0.48437500 0.98437500
vt 0.26562500 0.98437500
vt 0.26562500 0.51562500
vt 0.48437500 0.51562500
vt 0.48437500 0.98437500
vt 0.26562500 0.98437500
vt 0.26562500 0.51562500
vt 0.48437500 0.51562500
vt 0.48437500 0.98437500
vt 0.26562500 0.98437500
vt 0.26562500 0.51562500
vt 0.48437500 0.51562500
vt 0.48437500 0.98437500
vt 0.26562500 0.98437500
vt 0.26562500 0.51562500
vt 0.48437500 0.51562500
vt 0.48437500 0.98437500
vt 0.26562500 0.98437500
vt 0.26562500 0.51562500
vt 0.48437500 0.51562500
vt 0.48437500 0.98437500
vt 0.26562500 0.98437500
vt 0.26562500 0.51562500
vt 0.48437500 0.51562500
vt 0.48437500 0.98437500
vt 0.26562500 0.98437500
vt 0.26562500 0.51562500
vt 0.48437500 0.51562500
vt 0.48437500 0.98437500
vt 0.26562500 0.98437500
vt 0.26562500 0.51562500
vt 0.48437500 0.51562500
vt 0.48437500 0.98437500
vt 0.26562500 0.98437500
vt 0.26562500 0.51562500
vt 0.48437500 0.51562500
vt 0.48437500 0.98437500
vt 0.26562500 0.98437500
vt 0.26562500 0.51562500
vt 0.48437500 0.51562500
vt 0.48437500 0.98437500
vt 0.26562500 0.98437500
vt 0.26562500 0.51562500
vt 0.48437500 0.51562500
vt 0.48437500 0.98437500
vt 0.26562500 0.98437500
vt 0.26562500 0.51562500
vt 0.48437500 0.51562500
vt 0.48437500 0.98437500
vt 0.26562500 0.98437500
vt 0.26562500 0.51562500
vt 0.48437500 0.51562500
vt 0.48437500 0.98437500
vt 0.26562500 0.98437500
vt 0.26562500 0.51562500
vt 0.48437500 0.51562500
vt 0.48437500 0.98437500
vt 0.26562500 0.98437500
vt 0.26562500 0.51562500
vt 0.48437500 0.51562500
vt 0.48437500 0.98437500
vt 0.26562500 0.98437500
vt 0.26562500 0.51562500
vt 0.48437500 0.51562500
vt 0.48437500 0.98437500
vt 0.26562500 0.98437500
vt 0.26562500 0.51562500
vt 0.48437500 0.51562500
vt 0.48437500 0.98437500
vt 0.26562500 0.98437500
vt 0.26562500 0.51562500
vt 0.48437500 0.51562500
vt 0.48437500 0.98437500
vt 0.26562500 0.98437500
vt 0.26562500 0.51562500
vt 0.48437500 0.51562500
vt 0.48437500 0.98437500
vt 0.26562500 0.98437500
vt 0.26562500 0.51562500
vt 0.48437500 0.51562500
vt 0.48437500 0.98437500
vt 0.26562500 0.98437500
vt 0.26562500 0.51562500
vt 0.48437500 0.51562500
vt 0.48437500 0.98437500
vt 0.26562500 0.98437500
vt 0.26562500 0.51562500
vt 0.48437500 0.51562500
vt 0.48437500 0.98437500
vt 0.26562500 0.98437500
vt 0.26562500 0.51562500
vt 0.48437500 0.51562500
vt 0.48437500 0.98437500
vt 0.26562500 0.98437500
vt 0.26562500 0.51562500
vt 0.48437500 0.51562500
vt 0.48437500 0.98437500
vt 0.26562500 0.98437500
vt 0.26562500 0.51562500
vt 0.48437500 0.51562500
vt 0.48437500 0.98437500
vt 0.26562500 0.98437500
vt 0.26562500 0.51562500
vt 0.48437500 0.51562500
vt 0.48437500 0.98437500
vt 0.26562500 0.98437500
vt 0.26562500 0.51562500
vt 0.48437500 0.51562500
vt 0.48437500 0.98437500
vt 0.26562500 0.98437500
vt 0.26562500 0.51562500
vt 0.48437500 0.51562500
vt 0.48437500 0.98437500
vt 0.26562500 0.98437500
vt 0.26562500 0.51562500
vt 0.48437500 0.51562500
vt 0.48437500 0.98437500
vt 0.26562500 0.98437500
vt 0.26562500 0.51562500
vt 0.48437500 0.51562500
vt 0.48437500 0.98437500
vt 0.26562500 0.98437500
vt 0.26562500 0.51562500
vt 0.48437500 0.51562500
vt 0.48437500 0.98437500
vt 0.26562500 0.98437500
vt 0.26562500 0.51562500
vt 0.48437500 0.51562500
vt 0.48437500 0.98437500
vt 0.26562500 0.98437500
vt 0.26562500 0.51562500
vt 0.48437500 0.51562500
vt 0.48437500 0.98437500
vt 0.26562500 0.98437500
vt 0.26562500 0.51562500
vt 0.48437500 0.51562500
vt 0.48437500 0.98437500
vt 0.26562500 0.98437500
vt 0.26562500 0.51562500
vt 0.48437500 0.51562500
vt 0.48437500 0.98437500
vt 0.26562500 0.98437500
vt 0.26562500 0.51562500
vt 0.48437500 0.51562500
vt 0.48437500 0.98437500
vt 0.26562500 0.98437500
vt 0.26562500 0.51562500
vt 0.48437500 0.51562500
vt 0.48437500 0.98437500
vt 0.26562500 0.98437500
vt 0.26562500 0.51562500
vt 0.48437500 0.51562500
vt 0.48437500 0.98437500
vt 0.26562500 0.98437500
vt 0.26562500 0.51562500
vt 0.48437500 0.51562500
vt 0.48437500 0.98437500
vt 0.26562500 0.98437500
vt 0.26562500 0.51562500
vt 0.48437500 0.51562500
vt 0.48437500 0.98437500
vt 0.26562500 0.98437500
vt 0.26562500 0.51562500
vt 0.48437500 0.51562500
vt 0.48437500 0.98437500
vt 0.26562500 0.98437500
vt 0.26562500 0.51562500
vt 0.48437500 0.51562500
vt 0.48437500 0.98437500
vt 0.26562500 0.98437500
vt 0.26562500 0.51562500
vt 0.48437500 0.51562500
vt 0.48437500 0.98437500
vt 0.26562500 0.98437500
vt 0.26562500 0.51562500
vt 0.48437500 0.51562500
vt 0.48437500 0.98437500
vt 0.26562500 0.98437500
vt 0.26562500 0.51562500
vt 0.48437500 0.51562500
vt 0.48437500 0.98437500
vt 0.26562500 0.98437500
vt 0.26562500 0.51562500
vt 0.48437500 0.51562500
vt 0.48437500 0.98437500
vt 0.26562500 0.98437500
vt 0.26562500 0.51562500
vt 0.48437500 0.51562500
vt 0.48437500 0.98437500
vt 0.26562500 0.98437500
vt 0.26562500 0.51562500
vt 0.48437500 0.51562500
vt 0.48437500 0.98437500
vt 0.26562500 0.98437500
vt 0.26562500 0.51562500
vt 0.48437500 0.51562500
vt 0.48437500 0.98437500
vt 0.26562500 0.98437500
vt 0.26562500 0.51562500
vt 0.48437500 0.51562500
vt 0.48437500 0.98437500
vt 0.26562500 0.98437500
vt 0.26562500 0.51562500
vt 0.48437500 0.51562500
vt 0.48437500 0.98437500
vt 0.26562500 0.98437500
vt 0.26562500 0.51562500
vt 0.48437500 0.51562500
vt 0.48437500 0.98437500
vt 0.26562500 0.98437500
vt 0.26562500 0.51562500
vt 0.48437500 0.51562500
vt 0.48437500 0.98437500
vt 0.26562500 0.98437500
vt 0.26562500 0.51562500
vt 0.48437500 0.51562500
vt 0.48437500 0.98437500
vt 0.26562500 0.98437500
vt 0.26562500 0.51562500
vt 0.48437500 0.51562500
vt 0.48437500 0.98437500
vt 0.26562500 0.98437500
vt 0.26562500 0.51562500
vt 0.48437500 0.51562500
vt 0.48437500 0.98437500
vt 0.26562500 0.98437500
vt 0.26562500 0.51562500
vt 0.48437500 0.51562500
vt 0.48437500 0.98437500
vt 0.26562500 0.98437500
vt 0.26562500 0.51562500
vt 0.48437500 0.51562500
vt 0.48437500 0.98437500
vt 0.26562500 0.98437500
vt 0.26562500 0.51562500
vt 0.48437500 0.51562500
vt 0.48437500 0.98437500
vt 0.26562500 0.98437500
vt 0.26562500 0.51562500
vt 0.48437500 0.51562500
vt 0.48437500 0.98437500
vt 0.26562500 0.98437500
vt 0.26562500 0.51562500
vt 0.48437500 0.51562500
vt 0.48437500 0.98437500
vt 0.26562500 0.98437500
vt 0.26562500 0.51562500
vt 0.48437500 0.51562500
vt 0.48437500 0.98437500
vt 0.26562500 0.98437500
vt 0.26562500 0.51562500
vt 0.48437500 0.51562500
vt 0.48437500 0.98437500
vt 0.26562500 0.98437500
vt 0.26562500 0.51562500
vt 0.48437500 0.51562500
vt 0.48437500 0.98437500
vt 0.26562500 0.98437500
vt 0.26562500 0.51562500
vt 0.48437500 0.51562500
vt 0.48437500 0.98437500
vt 0.26562500 0.98437500
vt 0.26562500 0.51562500
vt 0.48437500 0.51562500
vt 0.48437500 0.98437500
vt 0.26562500 0.98437500
vt 0.26562500 0.51562500
vt 0.48437500 0.51562500
vt 0.48437500 0.98437500
vt 0.26562500 0.98437500
vt 0.26562500 0.51562500
vt 0.48437500 0.51562500
vt 0.48437500 0.98437500
vt 0.26562500 0.98437500
vt 0.26562500 0.51562500
vt 0.48437500 0.51562500
vt 0.48437500 0.98437500
vt 0.26562500 0.98437500
vt 0.26562500 0.51562500
vt 0.48437500 0.51562500
vt 0.48437500 0.98437500
vt 0.26562500 0.98437500
vt 0.26562500 0.51562500
vt 0.48437500 0.51562500
vt 0.48437500 0.98437500
vt 0.26562500 0.98437500
vt 0.26562500 0.51562500
vt 0.48437500 0.51562500
vt 0.48437500 0.98437500
vt 0.26562500 0.98437500
vt 0.26562500 0.51562500
vt 0.48437500 0.51562500
vt 0.48437500 0.98437500
vt 0.26562500 0.98437500
vt 0.26562500 0.51562500
vt 0.48437500 0.51562500
vt 0.48437500 0.98437500
vt 0.26562500 0.98437500
vt 0.26562500 0.51562500
vt 0.48437500 0.51562500
vt 0.48437500 0.98437500
vt 0.26562500 0.98437500
vt 0.26562500 0.51562500
vt 0.48437500 0.51562500
vt 0.48437500 0.98437500
vt 0.26562500 0.98437500
vt 0.26562500 0.51562500
vt 0.48437500 0.51562500
vt 0.48437500 0.98437500
vt 0.26562500 0.98437500
vt 0.26562500 0.51562500
vt 0.48437500 0.51562500
vt 0.48437500 0.98437500
vt 0.26562500 0.98437500
vt 0.26562500 0.51562500
vt 0.48437500 0.51562500
vt 0.48437500 0.98437500
vt 0.26562500 0.98437500
vt 0.26562500 0.51562500
vt 0.48437500 0.51562500
vt 0.48437500 0.98437500
vt 0.26562500 0.98437500
vt 0.26562500 0.51562500
vt 0.48437500 0.51562500
vt 0.48437500 0.98437500
vt 0.26562500 0.98437500
vt 0.26562500 0.51562500
vt 0.48437500 0.51562500
vt 0.48437500 0.98437500
vt 0.26562500 0.98437500
vt 0.26562500 0.51562500
vt 0.48437500 0.51562500
vt 0.48437500 0.98437500
vt 0.26562500 0.98437500
vt 0.26562500 0.51562500
vt 0.48437500 0.51562500
vt 0.48437500 0.98437500
vt 0.26562500 0.98437500
vt 0.26562500 0.51562500
vt 0.48437500 0.51562500
vt 0.48437500 0.98437500
vt 0.26562500 0.98437500
vt 0.26562500 0.51562500
vt 0.48437500 0.51562500
vt 0.48437500 0.98437500
vt 0.26562500 0.98437500
vt 0.26562500 0.51562500
vt 0.48437500 0.51562500
vt 0.48437500 0.98437500
vt 0.26562500 0.98437500
vt 0.26562500 0.51562500
vt 0.48437500 0.51562500
vt 0.48437500 0.98437500
vt 0.26562500 0.98437500
vt 0.26562500 0.51562500
vt 0.48437500 0.51562500
vt 0.48437500 0.98437500
vt 0.26562500 0.98437500
vt 0.26562500 0.51562500
vt 0.48437500 0.51562500
vt 0.48437500 0.98437500
vt 0.26562500 0.98437500
vt 0.26562500 0.51562500
vt 0.48437500 0.51562500
vt 0.48437500 0.98437500
vt 0.26562500 0.98437500
vt 0.26562500 0.51562500
vt 0.48437500 0.51562500
vt 0.48437500 0.98437500
vt 0.26562500 0.98437500
vt 0.26562500 0.51562500
vt 0.48437500 0.51562500
vt 0.48437500 0.98437500
vt 0.26562500 0.98437500
vt 0.26562500 0.51562500
vt 0.48437500 0.51562500
vt 0.48437500 0.98437500
vt 0.26562500 0.98437500
vt 0.26562500 0.51562500
vt 0.48437500 0.51562500
vt 0.48437500 0.98437500
vt 0.26562500 0.98437500
vt 0.26562500 0.51562500
vt 0.48437500 0.51562500
vt 0.48437500 0.98437500
vt 0.26562500 0.98437500
vt 0.26562500 0.51562500
vt 0.48437500 0.51562500
vt 0.48437500 0.98437500
vt 0.26562500 0.98437500
vt 0.26562500 0.51562500
vt 0.48437500 0.51562500
vt 0.48437500 0.98437500
vt 0.26562500 0.98437500
vt 0.26562500 0.51562500
vt 0.48437500 0.51562500
vt 0.48437500 0.98437500
vt 0.26562500 0.98437500
vt 0.26562500 0.51562500
vt 0.48437500 0.51562500
vt 0.48437500 0.98437500
vt 0.26562500 0.98437500
vt 0.26562500 0.51562500
vt 0.48437500 0.51562500
vt 0.48437500 0.98437500
vt 0.26562500 0.98437500
vt 0.26562500 0.51562500
vt 0.48437500 0.51562500
vt 0.48437500 0.98437500
vt 0.26562500 0.98437500
vt 0.26562500 0.51562500
vt 0.48437500 0.51562500
vt 0.48437500 0.98437500
vt 0.26562500 0.98437500
vt 0.26562500 0.51562500
vt 0.48437500 0.51562500
vt 0.48437500 0.98437500
vt 0.26562500 0.98437500
vt 0.26562500 0.51562500
vt 0.48437500 0.51562500
vt 0.48437500 0.98437500
vt 0.26562500 0.98437500
vt 0.26562500 0.51562500
vt 0.48437500 0.51562500
vt 0.48437500 0.98437500
vt 0.26562500 0.98437500
vt 0.26562500 0.51562500
vt 0.48437500 0.51562500
vt 0.48437500 0.98437500
vt 0.26562500 0.98437500
vt 0.26562500 0.51562500
vt 0.48437500 0.51562500
vt 0.48437500 0.98437500
vt 0.26562500 0.98437500
vt 0.26562500 0.51562500
vt 0.48437500 0.51562500
vt 0.48437500 0.98437500
vt 0.26562500 0.98437500
vt 0.26562500 0.51562500
vt 0.48437500 0.51562500
vt 0.48437500 0.98437500
vt 0.26562500 0.98437500
vt 0.26562500 0.51562500
vt 0.48437500 0.51562500
vt 0.48437500 0.98437500
vt 0.26562500 0.98437500
vt 0.26562500 0.51562500
vt 0.48437500 0.51562500
vt 0.48437500 0.98437500
vt 0.26562500 0.98437500
vt 0.26562500 0.51562500
vt 0.48437500 0.51562500
vt 0.48437500 0.98437500
vt 0.26562500 0.98437500
vt 0.26562500 0.51562500
vt 0.48437500 0.51562500
vt 0.48437500 0.98437500
vt 0.26562500 0.98437500
vt 0.26562500 0.51562500
vt 0.48437500 0.51562500
vt 0.48437500 0.98437500
vt 0.26562500 0.98437500
vt 0.26562500 0.51562500
vt 0.48437500 0.51562500
vt 0.48437500 0.98437500
vt 0.26562500 0.98437500
vt 0.26562500 0.51562500
vt 0.48437500 0.51562500
vt 0.48437500 0.98437500
vt 0.26562500 0.98437500
vt 0.26562500 0.51562500
vt 0.48437500 0.51562500
vt 0.48437500 0.98437500
vt 0.26562500 0.98437500
vt 0.26562500 0.51562500
vt 0.48437500 0.51562500
vt 0.48437500 0.98437500
vt 0.26562500 0.98437500
vt 0.26562500 0.51562500
vt 0.48437500 0.51562500
vt 0.48437500 0.98437500
vt 0.26562500 0.98437500
vt 0.26562500 0.51562500
vt 0.48437500 0.51562500
vt 0.48437500 0.98437500
vt 0.26562500 0.98437500
vt 0.26562500 0.51562500
vt 0.48437500 0.51562500
vt 0.48437500 0.98437500
vt 0.26562500 0.98437500
vt 0.26562500 0.51562500
vt 0.48437500 0.51562500
vt 0.48437500 0.98437500
vt 0.26562500 0.98437500
vt 0.26562500 0.51562500
vt 0.48437500 0.51562500
vt 0.48437500 0.98437500
vt 0.26562500 0.98437500
vt 0.26562500 0.51562500
vt 0.48437500 0.51562500
vt 0.48437500 0.98437500
vt 0.26562500 0.98437500
vt 0.26562500 0.51562500
vt 0.48437500 0.51562500
vt 0.48437500 0.98437500
vt 0.26562500 0.98437500
vt 0.26562500 0.51562500
vt 0.48437500 0.51562500
vt 0.48437500 0.98437500
vt 0.26562500 0.98437500
vt 0.26562500 0.51562500
vt 0.48437500 0.51562500
vt 0.48437500 0.98437500
vt 0.26562500 0.98437500
vt 0.26562500 0.51562500
vt 0.48437500 0.51562500
vt 0.48437500 0.98437500
vt 0.26562500 0.98437500
vt 0.26562500 0.51562500
vt 0.48437500 0.51562500
vt 0.48437500 0.98437500
vt 0.26562500 0.98437500
vt 0.26562500 0.51562500
vt 0.48437500 0.51562500
vt 0.48437500 0.98437500
vt 0.26562500 0.98437500
vt 0.26562500 0.51562500
vt 0.48437500 0.51562500
vt 0.48437500 0.98437500
vt 0.26562500 0.98437500
vt 0.26562500 0.51562500
vt 0.48437500 0.51562500
vt 0.48437500 0.98437500
vt 0.26562500 0.98437500
vt 0.26562500 0.51562500
vt 0.48437500 0.51562500
vt 0.48437500 0.98437500
vt 0.26562500 0.98437500
vt 0.26562500 0.51562500
vt 0.48437500 0.51562500
vt 0.48437500 0.98437500
vt 0.26562500 0.98437500
vt 0.26562500 0.51562500
vt 0.48437500 0.51562500
vt 0.48437500 0.98437500
vt 0.26562500 0.98437500
vt 0.26562500 0.51562500
vt 0.48437500 0.51562500
vt 0.48437500 0.98437500
vt 0.26562500 0.98437500
vt 0.26562500 0.51562500
vt 0.48437500 0.51562500
vt 0.48437500 0.98437500
vt 0.26562500 0.98437500
vt 0.26562500 0.51562500
vt 0.48437500 0.51562500
vt 0.48437500 0.98437500
vt 0.26562500 0.98437500
vt 0.26562500 0.51562500
vt 0.48437500 0.51562500
vt 0.48437500 0.98437500
vt 0.26562500 0.98437500
vt 0.26562500 0.51562500
vt 0.48437500 0.51562500
vt 0.48437500 0.98437500
vt 0.26562500 0.98437500
vt 0.26562500 0.51562500
vt 0.48437500 0.51562500
vt 0.48437500 0.98437500
vt 0.26562500 0.98437500
vt 0.26562500 0.51562500
vt 0.48437500 0.51562500
vt 0.48437500 0.98437500
vt 0.26562500 0.98437500
vt 0.26562500 0.51562500
vt 0.48437500 0.51562500
vt 0.48437500 0.98437500
vt 0.26562500 0.98437500
vt 0.26562500 0.51562500
vt 0.48437500 0.51562500
vt 0.48437500 0.98437500
vt 0.26562500 0.98437500
vt 0.26562500 0.51562500
vt 0.48437500 0.51562500
vt 0.48437500 0.98437500
vt 0.26562500 0.98437500
vt 0.26562500 0.51562500
vt 0.48437500 0.51562500
vt 0.48437500 0.98437500
vt 0.26562500 0.98437500
vt 0.26562500 0.51562500
vt 0.48437500 0.51562500
vt 0.48437500 0.98437500
vt 0.26562500 0.98437500
vt 0.26562500 0.51562500
vt 0.48437500 0.51562500
vt 0.48437500 0.98437500
vt 0.26562500 0.98437500
vt 0.26562500 0.51562500
vt 0.48437500 0.51562500
vt 0.48437500 0.98437500
vt 0.26562500 0.98437500
vt 0.26562500 0.51562500
vt 0.48437500 0.51562500
vt 0.48437500 0.98437500
vt 0.26562500 0.98437500
vt 0.26562500 0.51562500
vt 0.48437500 0.51562500
vt 0.48437500 0.98437500
vt 0.26562500 0.98437500
vt 0.51562500 0.51562500
vt 0.73437500 0.51562500
vt 0.73437500 0.98437500
vt 0.51562500 0.98437500
vt 0.51562500 0.51562500
vt 0.73437500 0.51562500
vt 0.73437500 0.98437500
vt 0.51562500 0.98437500
vt 0.51562500 0.51562500
vt 0.73437500 0.51562500
vt 0.73437500 0.98437500
vt 0.51562500 0.98437500
vt 0.51562500 0.51562500
vt 0.73437500 0.51562500
vt 0.73437500 0.98437500
vt 0.51562500 0.98437500
vt 0.51562500 0.51562500
vt 0.73437500 0.51562500
vt 0.73437500 0.98437500
vt 0.51562500 0.98437500
vt 0.51562500 0.51562500
vt 0.73437500 0.51562500
vt 0.73437500 0.98437500
vt 0.51562500 0.98437500
vt 0.51562500 0.51562500
vt 0.73437500 0.51562500
vt 0.73437500 0.98437500
vt 0.51562500 0.98437500
vt 0.51562500 0.51562500
vt 0.73437500 0.51562500
vt 0.73437500 0.98437500
vt 0.51562500 0.98437500
vt 0.51562500 0.51562500
vt 0.73437500 0.51562500
vt 0.73437500 0.98437500
vt 0.51562500 0.98437500
vt 0.51562500 0.51562500
vt 0.73437500 0.51562500
vt 0.73437500 0.98437500
vt 0.51562500 0.98437500
vt 0.51562500 0.51562500
vt 0.73437500 0.51562500
vt 0.73437500 0.98437500
vt 0.51562500 0.98437500
vt 0.51562500 0.51562500
vt 0.73437500 0.51562500
vt 0.73437500 0.98437500
vt 0.51562500 0.98437500
vt 0.51562500 0.51562500
vt 0.73437500 0.51562500
vt 0.73437500 0.98437500
vt 0.51562500 0.98437500
vt 0.51562500 0.51562500
vt 0.73437500 0.51562500
vt 0.73437500 0.98437500
vt 0.51562500 0.98437500
vt 0.51562500 0.51562500
vt 0.73437500 0.51562500
vt 0.73437500 0.98437500
vt 0.51562500 0.98437500
vt 0.51562500 0.51562500
vt 0.73437500 0.51562500
vt 0.73437500 0.98437500
vt 0.51562500 0.98437500
vt 0.51562500 0.51562500
vt 0.73437500 0.51562500
vt 0.73437500 0.98437500
vt 0.51562500 0.98437500
vt 0.51562500 0.51562500
vt 0.73437500 0.51562500
vt 0.73437500 0.98437500
vt 0.51562500 0.98437500
vt 0.51562500 0.51562500
vt 0.73437500 0.51562500
vt 0.73437500 0.98437500
vt 0.51562500 0.98437500
vt 0.51562500 0.51562500
vt 0.73437500 0.51562500
vt 0.73437500 0.98437500
vt 0.51562500 0.98437500
vt 0.51562500 0.51562500
vt 0.73437500 0.51562500
vt 0.73437500 0.98437500
vt 0.51562500 0.98437500
vt 0.51562500 0.51562500
vt 0.73437500 0.51562500
vt 0.73437500 0.98437500
vt 0.51562500 0.98437500
vt 0.51562500 0.51562500
vt 0.73437500 0.51562500
vt 0.73437500 0.98437500
vt 0.51562500 0.98437500
vt 0.51562500 0.51562500
vt 0.73437500 0.51562500
vt 0.73437500 0.98437500
vt 0.51562500 0.98437500
vt 0.51562500 0.51562500
vt 0.73437500 0.51562500
vt 0.73437500 0.98437500
vt 0.51562500 0.98437500
vt 0.51562500 0.51562500
vt 0.73437500 0.51562500
vt 0.73437500 0.98437500
vt 0.51562500 0.98437500
vt 0.51562500 0.51562500
vt 0.73437500 0.51562500
vt 0.73437500 0.98437500
vt 0.51562500 0.98437500
vt 0.51562500 0.51562500
vt 0.73437500 0.51562500
vt 0.73437500 0.98437500
vt 0.51562500 0.98437500
vt 0.51562500 0.51562500
vt 0.73437500 0.51562500
vt 0.73437500 0.98437500
vt 0.51562500 0.98437500
vt 0.51562500 0.51562500
vt 0.73437500 0.51562500
vt 0.73437500 0.98437500
vt 0.51562500 0.98437500
vt 0.51562500 0.51562500
vt 0.73437500 0.51562500
vt 0.73437500 0.98437500
vt 0.51562500 0.98437500
vt 0.51562500 0.51562500
vt 0.73437500 0.51562500
vt 0.73437500 0.98437500
vt 0.51562500 0.98437500
vt 0.51562500 0.51562500
vt 0.73437500 0.51562500
vt 0.73437500 0.98437500
vt 0.51562500 0.98437500
vt 0.51562500 0.51562500
vt 0.73437500 0.51562500
vt 0.73437500 0.98437500
vt 0.51562500 0.98437500
vt 0.51562500 0.51562500
vt 0.73437500 0.51562500
vt 0.73437500 0.98437500
vt 0.51562500 0.98437500
vt 0.51562500 0.51562500
vt 0.73437500 0.51562500
vt 0.73437500 0.98437500
vt 0.51562500 0.98437500
vt 0.51562500 0.51562500
vt 0.73437500 0.51562500
vt 0.73437500 0.98437500
vt 0.51562500 0.98437500
vt 0.51562500 0.51562500
vt 0.73437500 0.51562500
vt 0.73437500 0.98437500
vt 0.51562500 0.98437500
vt 0.51562500 0.51562500
vt 0.73437500 0.51562500
vt 0.73437500 0.98437500
vt 0.51562500 0.98437500
vt 0.51562500 0.51562500
vt 0.73437500 0.51562500
vt 0.73437500 0.98437500
vt 0.51562500 0.98437500
vt 0.51562500 0.51562500
vt 0.73437500 0.51562500
vt 0.73437500 0.98437500
vt 0.51562500 0.98437500
vt 0.51562500 0.51562500
vt 0.73437500 0.51562500
vt 0.73437500 0.98437500
vt 0.51562500 0.98437500
vt 0.51562500 0.51562500
vt 0.73437500 0.51562500
vt 0.73437500 0.98437500
vt 0.51562500 0.98437500
vt 0.51562500 0.51562500
vt 0.73437500 0.51562500
vt 0.73437500 0.98437500
vt 0.51562500 0.98437500
vt 0.51562500 0.51562500
vt 0.73437500 0.51562500
vt 0.73437500 0.98437500
vt 0.51562500 0.98437500
vt 0.51562500 0.51562500
vt 0.73437500 0.51562500
vt 0.73437500 0.98437500
vt 0.51562500 0.98437500
vt 0.51562500 0.51562500
vt 0.73437500 0.51562500
vt 0.73437500 0.98437500
vt 0.51562500 0.98437500
vt 0.51562500 0.51562500
vt 0.73437500 0.51562500
vt 0.73437500 0.98437500
vt 0.51562500 0.98437500
vt 0.51562500 0.51562500
vt 0.73437500 0.51562500
vt 0.73437500 0.98437500
vt 0.51562500 0.98437500
vt 0.51562500 0.51562500
vt 0.73437500 0.51562500
vt 0.73437500 0.98437500
vt 0.51562500 0.98437500
vt 0.51562500 0.51562500
vt 0.73437500 0.51562500
vt 0.73437500 0.98437500
vt 0.51562500 0.98437500
vt 0.51562500 0.51562500
vt 0.73437500 0.51562500
vt 0.73437500 0.98437500
vt 0.51562500 0.98437500
vt 0.51562500 0.51562500
vt 0.73437500 0.51562500
vt 0.73437500 0.98437500
vt 0.51562500 0.98437500
vt 0.51562500 0.51562500
vt 0.73437500 0.51562500
vt 0.73437500 0.98437500
vt 0.51562500 0.98437500
vt 0.51562500 0.51562500
vt 0.73437500 0.51562500
vt 0.73437500 0.98437500
vt 0.51562500 0.98437500
vt 0.51562500 0.51562500
vt 0.73437500 0.51562500
vt 0.73437500 0.98437500
vt 0.51562500 0.98437500
vt 0.51562500 0.51562500
vt 0.73437500 0.51562500
vt 0.73437500 0.98437500
vt 0.51562500 0.98437500
vt 0.51562500 0.51562500
vt 0.73437500 0.51562500
vt 0.73437500 0.98437500
vt 0.51562500 0.98437500
vt 0.51562500 0.51562500
vt 0.73437500 0.51562500
vt 0.73437500 0.98437500
vt 0.51562500 0.98437500
vt 0.51562500 0.51562500
vt 0.73437500 0.51562500
vt 0.73437500 0.98437500
vt 0.51562500 0.98437500
vt 0.51562500 0.51562500
vt 0.73437500 0.51562500
vt 0.73437500 0.98437500
vt 0.51562500 0.98437500
vt 0.51562500 0.51562500
vt 0.73437500 0.51562500
vt 0.73437500 0.98437500
vt 0.51562500 0.98437500
vt 0.51562500 0.51562500
vt 0.73437500 0.51562500
vt 0.73437500 0.98437500
vt 0.51562500 0.98437500
vt 0.51562500 0.51562500
vt 0.73437500 0.51562500
vt 0.73437500 0.98437500
vt 0.51562500 0.98437500
vt 0.51562500 0.51562500
vt 0.73437500 0.51562500
vt 0.73437500 0.98437500
vt 0.51562500 0.98437500
vt 0.51562500 0.51562500
vt 0.73437500 0.51562500
vt 0.73437500 0.98437500
vt 0.51562500 0.98437500
vt 0.51562500 0.51562500
vt 0.73437500 0.51562500
vt 0.73437500 0.98437500
vt 0.51562500 0.98437500
vt 0.51562500 0.51562500
vt 0.73437500 0.51562500
vt 0.73437500 0.98437500
vt 0.51562500 0.98437500
vt 0.51562500 0.51562500
vt 0.73437500 0.51562500
vt 0.73437500 0.98437500
vt 0.51562500 0.98437500
vt 0.51562500 0.51562500
vt 0.73437500 0.51562500
vt 0.73437500 0.98437500
vt 0.51562500 0.98437500
vt 0.51562500 0.51562500
vt 0.73437500 0.51562500
vt 0.73437500 0.98437500
vt 0.51562500 0.98437500
vt 0.51562500 0.51562500
vt 0.73437500 0.51562500
vt 0.73437500 0.98437500
vt 0.51562500 0.98437500
vt 0.51562500 0.51562500
vt 0.73437500 0.51562500
vt 0.73437500 0.98437500
vt 0.51562500 0.98437500
vt 0.51562500 0.51562500
vt 0.73437500 0.51562500
vt 0.73437500 0.98437500
vt 0.51562500 0.98437500
vt 0.51562500 0.51562500
vt 0.73437500 0.51562500
vt 0.73437500 0.98437500
vt 0.51562500 0.98437500
vt 0.51562500 0.51562500
vt 0.73437500 0.51562500
vt 0.73437500 0.98437500
vt 0.51562500 0.98437500
vt 0.51562500 0.51562500
vt 0.73437500 0.51562500
vt 0.73437500 0.98437500
vt 0.51562500 0.98437500
vt 0.51562500 0.51562500
vt 0.73437500 0.51562500
vt 0.73437500 0.98437500
vt 0.51562500 0.98437500
vt 0.51562500 0.51562500
vt 0.73437500 0.51562500
vt 0.73437500 0.98437500
vt 0.51562500 0.98437500
vt 0.51562500 0.51562500
vt 0.73437500 0.51562500
vt 0.73437500 0.98437500
vt 0.51562500 0.98437500
vt 0.51562500 0.51562500
vt 0.73437500 0.51562500
vt 0.73437500 0.98437500
vt 0.51562500 0.98437500
vt 0.51562500 0.51562500
vt 0.73437500 0.51562500
vt 0.73437500 0.98437500
vt 0.51562500 0.98437500
vt 0.51562500 0.51562500
vt 0.73437500 0.51562500
vt 0.73437500 0.98437500
vt 0.51562500 0.98437500
vt 0.51562500 0.51562500
vt 0.73437500 0.51562500
vt 0.73437500 0.98437500
vt 0.51562500 0.98437500
vt 0.51562500 0.51562500
vt 0.73437500 0.51562500
vt 0.73437500 0.98437500
vt 0.51562500 0.98437500
vt 0.51562500 0.51562500
vt 0.73437500 0.51562500
vt 0.73437500 0.98437500
vt 0.51562500 0.98437500
vt 0.51562500 0.51562500
vt 0.73437500 0.51562500
vt 0.73437500 0.98437500
vt 0.51562500 0.98437500
vt 0.51562500 0.51562500
vt 0.73437500 0.51562500
vt 0.73437500 0.98437500
vt 0.51562500 0.98437500
vt 0.51562500 0.51562500
vt 0.73437500 0.51562500
vt 0.73437500 0.98437500
vt 0.51562500 0.98437500
vt 0.51562500 0.51562500
vt 0.73437500 0.51562500
vt 0.73437500 0.98437500
vt 0.51562500 0.98437500
vt 0.51562500 0.51562500
vt 0.73437500 0.51562500
vt 0.73437500 0.98437500
vt 0.51562500 0.98437500
vt 0.51562500 0.51562500
vt 0.73437500 0.51562500
vt 0.73437500 0.98437500
vt 0.51562500 0.98437500
vt 0.51562500 0.51562500
vt 0.73437500 0.51562500
vt 0.73437500 0.98437500
vt 0.51562500 0.98437500
vt 0.51562500 0.51562500
vt 0.73437500 0.51562500
vt 0.73437500 0.98437500
vt 0.51562500 0.98437500
vt 0.51562500 0.51562500
vt 0.73437500 0.51562500
vt 0.73437500 0.98437500
vt 0.51562500 0.98437500
vt 0.51562500 0.51562500
vt 0.73437500 0.51562500
vt 0.73437500 0.98437500
vt 0.51562500 0.98437500
vt 0.51562500 0.51562500
vt 0.73437500 0.51562500
vt 0.73437500 0.98437500
vt 0.51562500 0.98437500
vt 0.51562500 0.51562500
vt 0.73437500 0.51562500
vt 0.73437500 0.98437500
vt 0.51562500 0.98437500
vt 0.51562500 0.51562500
vt 0.73437500 0.51562500
vt 0.73437500 0.98437500
vt 0.51562500 0.98437500
vt 0.51562500 0.51562500
vt 0.73437500 0.51562500
vt 0.73437500 0.98437500
vt 0.51562500 0.98437500
vt 0.51562500 0.51562500
vt 0.73437500 0.51562500
vt 0.73437500 0.98437500
vt 0.51562500 0.98437500
vt 0.51562500 0.51562500
vt 0.73437500 0.51562500
vt 0.73437500 0.98437500
vt 0.51562500 0.98437500
vt 0.51562500 0.51562500
vt 0.73437500 0.51562500
vt 0.73437500 0.98437500
vt 0.51562500 0.98437500
vt 0.51562500 0.51562500
vt 0.73437500 0.51562500
vt 0.73437500 0.98437500
vt 0.51562500 0.98437500
vt 0.51562500 0.51562500
vt 0.73437500 0.51562500
vt 0.73437500 0.98437500
vt 0.51562500 0.98437500
vt 0.51562500 0.51562500
vt 0.73437500 0.51562500
vt 0.73437500 0.98437500
vt 0.51562500 0.98437500
vt 0.51562500 0.51562500
vt 0.73437500 0.51562500
vt 0.73437500 0.98437500
vt 0.51562500 0.98437500
vt 0.51562500 0.51562500
vt 0.73437500 0.51562500
vt 0.73437500 0.98437500
vt 0.51562500 0.98437500
vt 0.51562500 0.51562500
vt 0.73437500 0.51562500
vt 0.73437500 0.98437500
vt 0.51562500 0.98437500
vt 0.51562500 0.51562500
vt 0.73437500 0.51562500
vt 0.73437500 0.98437500
vt 0.51562500 0.98437500
vt 0.51562500 0.51562500
vt 0.73437500 0.51562500
vt 0.73437500 0.98437500
vt 0.51562500 0.98437500
vt 0.51562500 0.51562500
vt 0.73437500 0.51562500
vt 0.73437500 0.98437500
vt 0.51562500 0.98437500
vt 0.51562500 0.51562500
vt 0.73437500 0.51562500
vt 0.73437500 0.98437500
vt 0.51562500 0.98437500
vt 0.51562500 0.51562500
vt 0.73437500 0.51562500
vt 0.73437500 0.98437500
vt 0.51562500 0.98437500
vt 0.51562500 0.51562500
vt 0.73437500 0.51562500
vt 0.73437500 0.98437500
vt 0.51562500 0.98437500
vt 0.51562500 0.51562500
vt 0.73437500 0.51562500
vt 0.73437500 0.98437500
vt 0.51562500 0.98437500
vt 0.51562500 0.51562500
vt 0.73437500 0.51562500
vt 0.73437500 0.98437500
vt 0.51562500 0.98437500
vt 0.51562500 0.51562500
vt 0.73437500 0.51562500
vt 0.73437500 0.98437500
vt 0.51562500 0.98437500
vt 0.51562500 0.51562500
vt 0.73437500 0.51562500
vt 0.73437500 0.98437500
vt 0.51562500 0.98437500
vt 0.51562500 0.51562500
vt 0.73437500 0.51562500
vt 0.73437500 0.98437500
vt 0.51562500 0.98437500
vt 0.51562500 0.51562500
vt 0.73437500 0.51562500
vt 0.73437500 0.98437500
vt 0.51562500 0.98437500
vt 0.51562500 0.51562500
vt 0.73437500 0.51562500
vt 0.73437500 0.98437500
vt 0.51562500 0.98437500
vt 0.51562500 0.51562500
vt 0.73437500 0.51562500
vt 0.73437500 0.98437500
vt 0.51562500 0.98437500
vt 0.51562500 0.51562500
vt 0.73437500 0.51562500
vt 0.73437500 0.98437500
vt 0.51562500 0.98437500
vt 0.51562500 0.51562500
vt 0.73437500 0.51562500
vt 0.73437500 0.98437500
vt 0.51562500 0.98437500
vt 0.51562500 0.51562500
vt 0.73437500 0.51562500
vt 0.73437500 0.98437500
vt 0.51562500 0.98437500
vt 0.51562500 0.51562500
vt 0.73437500 0.51562500
vt 0.73437500 0.98437500
vt 0.51562500 0.98437500
vt 0.51562500 0.51562500
vt 0.73437500 0.51562500
vt 0.73437500 0.98437500
vt 0.51562500 0.98437500
vt 0.51562500 0.51562500
vt 0.73437500 0.51562500
vt 0.73437500 0.98437500
vt 0.51562500 0.98437500
vt 0.51562500 0.51562500
vt 0.73437500 0.51562500
vt 0.73437500 0.98437500
vt 0.51562500 0.98437500
vt 0.51562500 0.51562500
vt 0.73437500 0.51562500
vt 0.73437500 0.98437500
vt 0.51562500 0.98437500
vt 0.51562500 0.51562500
vt 0.73437500 0.51562500
vt 0.73437500 0.98437500
vt 0.51562500 0.98437500
vt 0.51562500 0.51562500
vt 0.73437500 0.51562500
vt 0.73437500 0.98437500
vt 0.51562500 0.98437500
vt 0.51562500 0.51562500
vt 0.73437500 0.51562500
vt 0.73437500 0.98437500
vt 0.51562500 0.98437500
vt 0.51562500 0.51562500
vt 0.73437500 0.51562500
vt 0.73437500 0.98437500
vt 0.51562500 0.98437500
vt 0.51562500 0.51562500
vt 0.73437500 0.51562500
vt 0.73437500 0.98437500
vt 0.51562500 0.98437500
vt 0.51562500 0.51562500
vt 0.73437500 0.51562500
vt 0.73437500 0.98437500
vt 0.51562500 0.98437500
vt 0.51562500 0.51562500
vt 0.73437500 0.51562500
vt 0.73437500 0.98437500
vt 0.51562500 0.98437500
vt 0.51562500 0.51562500
vt 0.73437500 0.51562500
vt 0.73437500 0.98437500
vt 0.51562500 0.98437500
vt 0.51562500 0.51562500
vt 0.73437500 0.51562500
vt 0.73437500 0.98437500
vt 0.51562500 0.98437500
vt 0.51562500 0.51562500
vt 0.73437500 0.51562500
vt 0.73437500 0.98437500
vt 0.51562500 0.98437500
vt 0.51562500 0.51562500
vt 0.73437500 0.51562500
vt 0.73437500 0.98437500
vt 0.51562500 0.98437500
vt 0.51562500 0.51562500
vt 0.73437500 0.51562500
vt 0.73437500 0.98437500
vt 0.51562500 0.98437500
vt 0.51562500 0.51562500
vt 0.73437500 0.51562500
vt 0.73437500 0.98437500
vt 0.51562500 0.98437500
vt 0.51562500 0.51562500
vt 0.73437500 0.51562500
vt 0.73437500 0.98437500
vt 0.51562500 0.98437500
vt 0.51562500 0.51562500
vt 0.73437500 0.51562500
vt 0.73437500 0.98437500
vt 0.51562500 0.98437500
vt 0.51562500 0.51562500
vt 0.73437500 0.51562500
vt 0.73437500 0.98437500
vt 0.51562500 0.98437500
vt 0.51562500 0.51562500
vt 0.73437500 0.51562500
vt 0.73437500 0.98437500
vt 0.51562500 0.98437500
vt 0.51562500 0.51562500
vt 0.73437500 0.51562500
vt 0.73437500 0.98437500
vt 0.51562500 0.98437500
vt 0.51562500 0.51562500
vt 0.73437500 0.51562500
vt 0.73437500 0.98437500
vt 0.51562500 0.98437500
vt 0.51562500 0.51562500
vt 0.73437500 0.51562500
vt 0.73437500 0.98437500
vt 0.51562500 0.98437500
vt 0.51562500 0.51562500
vt 0.73437500 0.51562500
vt 0.73437500 0.98437500
vt 0.51562500 0.98437500
vt 0.51562500 0.51562500
vt 0.73437500 0.51562500
vt 0.73437500 0.98437500
vt 0.51562500 0.98437500
vt 0.51562500 0.51562500
vt 0.73437500 0.51562500
vt 0.73437500 0.98437500
vt 0.51562500 0.98437500
vt 0.51562500 0.51562500
vt 0.73437500 0.51562500
vt 0.73437500 0.98437500
vt 0.51562500 0.98437500
vt 0.51562500 0.51562500
vt 0.73437500 0.51562500
vt 0.73437500 0.98437500
vt 0.51562500 0.98437500
vt 0.51562500 0.51562500
vt 0.73437500 0.51562500
vt 0.73437500 0.98437500
vt 0.51562500 0.98437500
vt 0.51562500 0.51562500
vt 0.73437500 0.51562500
vt 0.73437500 0.98437500
vt 0.51562500 0.98437500
vt 0.51562500 0.51562500
vt 0.73437500 0.51562500
vt 0.73437500 0.98437500
vt 0.51562500 0.98437500
vt 0.51562500 0.51562500
vt 0.73437500 0.51562500
vt 0.73437500 0.98437500
vt 0.51562500 0.98437500
vt 0.51562500 0.51562500
vt 0.73437500 0.51562500
vt 0.73437500 0.98437500
vt 0.51562500 0.98437500
vt 0.51562500 0.51562500
vt 0.73437500 0.51562500
vt 0.73437500 0.98437500
vt 0.51562500 0.98437500
vt 0.51562500 0.51562500
vt 0.73437500 0.51562500
vt 0.73437500 0.98437500
vt 0.51562500 0.98437500
vt 0.51562500 0.51562500
vt 0.73437500 0.51562500
vt 0.73437500 0.98437500
vt 0.51562500 0.98437500
vt 0.51562500 0.51562500
vt 0.73437500 0.51562500
vt 0.73437500 0.98437500
vt 0.51562500 0.98437500
vt 0.51562500 0.51562500
vt 0.73437500 0.51562500
vt 0.73437500 0.98437500
vt 0.51562500 0.98437500
vt 0.51562500 0.51562500
vt 0.73437500 0.51562500
vt 0.73437500 0.98437500
vt 0.51562500 0.98437500
vt 0.51562500 0.51562500
vt 0.73437500 0.51562500
vt 0.73437500 0.98437500
vt 0.51562500 0.98437500
vt 0.51562500 0.51562500
vt 0.73437500 0.51562500
vt 0.73437500 0.98437500
vt 0.51562500 0.98437500
vt 0.51562500 0.51562500
vt 0.73437500 0.51562500
vt 0.73437500 0.98437500
vt 0.51562500 0.98437500
vt 0.51562500 0.51562500
vt 0.73437500 0.51562500
vt 0.73437500 0.98437500
vt 0.51562500 0.98437500
vt 0.51562500 0.51562500
vt 0.73437500 0.51562500
vt 0.73437500 0.98437500
vt 0.51562500 0.98437500
vt 0.51562500 0.51562500
vt 0.73437500 0.51562500
vt 0.73437500 0.98437500
vt 0.51562500 0.98437500
vt 0.51562500 0.51562500
vt 0.73437500 0.51562500
vt 0.73437500 0.98437500
vt 0.51562500 0.98437500
vt 0.51562500 0.51562500
vt 0.73437500 0.51562500
vt 0.73437500 0.98437500
vt 0.51562500 0.98437500
vt 0.51562500 0.51562500
vt 0.73437500 0.51562500
vt 0.73437500 0.98437500
vt 0.51562500 0.98437500
vt 0.51562500 0.51562500
vt 0.73437500 0.51562500
vt 0.73437500 0.98437500
vt 0.51562500 0.98437500
vt 0.51562500 0.51562500
vt 0.73437500 0.51562500
vt 0.73437500 0.98437500
vt 0.51562500 0.98437500
vt 0.51562500 0.51562500
vt 0.73437500 0.51562500
vt 0.73437500 0.98437500
vt 0.51562500 0.98437500
vt 0.51562500 0.51562500
vt 0.73437500 0.51562500
vt 0.73437500 0.98437500
vt 0.51562500 0.98437500
vt 0.51562500 0.51562500
vt 0.73437500 0.51562500
vt 0.73437500 0.98437500
vt 0.51562500 0.98437500
vt 0.51562500 0.51562500
vt 0.73437500 0.51562500
vt 0.73437500 0.98437500
vt 0.51562500 0.98437500
vt 0.51562500 0.51562500
vt 0.73437500 0.51562500
vt 0.73437500 0.98437500
vt 0.51562500 0.98437500
vt 0.51562500 0.51562500
vt 0.73437500 0.51562500
vt 0.73437500 0.98437500
vt 0.51562500 0.98437500
vt 0.51562500 0.51562500
vt 0.73437500 0.51562500
vt 0.73437500 0.98437500
vt 0.51562500 0.98437500
vt 0.51562500 0.51562500
vt 0.73437500 0.51562500
vt 0.73437500 0.98437500
vt 0.51562500 0.98437500
vt 0.51562500 0.51562500
vt 0.73437500 0.51562500
vt 0.73437500 0.98437500
vt 0.51562500 0.98437500
vt 0.51562500 0.51562500
vt 0.73437500 0.51562500
vt 0.73437500 0.98437500
vt 0.51562500 0.98437500
vt 0.51562500 0.51562500
vt 0.73437500 0.51562500
vt 0.73437500 0.98437500
vt 0.51562500 0.98437500
vt 0.51562500 0.51562500
vt 0.73437500 0.51562500
vt 0.73437500 0.98437500
vt 0.51562500 0.98437500
vt 0.51562500 0.51562500
vt 0.73437500 0.51562500
vt 0.73437500 0.98437500
vt 0.51562500 0.98437500
vt 0.51562500 0.51562500
vt 0.73437500 0.51562500
vt 0.73437500 0.98437500
vt 0.51562500 0.98437500
vn 0.09801257 0.99513836 0.00965340
vn 0.09424600 0.99513836 0.02858921
vn 0.08685762 0.99513836 0.04642636
vn 0.07613134 0.99513836 0.06247937
vn 0.06247937 0.99513836 0.07613134
vn 0.04642636 0.99513836 0.08685762
vn 0.02858921 0.99513836 0.09424600
vn 0.00965340 0.99513836 0.09801257
vn -0.00965340 0.99513836 0.09801257
vn -0.02858921 0.99513836 0.09424600
vn -0.04642636 0.99513836 0.08685762
vn -0.06247937 0.99513836 0.07613134
vn -0.07613134 0.99513836 0.06247937
vn -0.08685762 0.99513836 0.04642636
vn -0.09424600 0.99513836 0.02858921
vn -0.09801257 0.99513836 0.00965340
vn -0.09801257 0.99513836 -0.00965340
vn -0.09424600 0.99513836 -0.02858921
vn -0.08685762 0.99513836 -0.04642636
vn -0.07613134 0.99513836 -0.06247937
vn -0.06247937 0.99513836 -0.07613134
vn -0.04642636 0.99513836 -0.08685762
vn -0.02858921 0.99513836 -0.09424600
vn -0.00965340 0.99513836 -0.09801257
vn 0.00965340 0.99513836 -0.09801257
vn 0.02858921 0.99513836 -0.09424600
vn 0.04642636 0.99513836 -0.08685762
vn 0.06247937 0.99513836 -0.07613134
vn 0.07613134 0.99513836 -0.06247937
vn 0.08685762 0.99513836 -0.04642636
vn 0.09424600 0.99513836 -0.02858921
vn 0.09801257 0.99513836 -0.00965340
vn 0.29016611 0.95654946 0.02857887
vn 0.27901519 0.95654946 0.08463833
vn 0.25714187 0.95654946 0.13744519
vn 0.22538673 0.95654946 0.18497011
vn 0.18497011 0.95654946 0.22538673
vn 0.13744519 0.95654946 0.25714187
vn 0.08463833 0.95654946 0.27901519
vn 0.02857887 0.95654946 0.29016611
vn -0.02857887 0.95654946 0.29016611
vn -0.08463833 0.95654946 0.27901519
vn -0.13744519 0.95654946 0.25714187
vn -0.18497011 0.95654946 0.22538673
vn -0.22538673 0.95654946 0.18497011
vn -0.25714187 0.95654946 0.13744519
vn -0.27901519 0.95654946 0.08463833
vn -0.29016611 0.95654946 0.02857887
vn -0.29016611 0.95654946 -0.02857887
vn -0.27901519 0.95654946 -0.08463833
vn -0.25714187 0.95654946 -0.13744519
vn -0.22538673 0.95654946 -0.18497011
vn -0.18497011 0.95654946 -0.22538673
vn -0.13744519 0.95654946 -0.25714187
vn -0.08463833 0.95654946 -0.27901519
vn -0.02857887 0.95654946 -0.29016611
vn 0.02857887 0.95654946 -0.29016611
vn 0.08463833 0.95654946 -0.27901519
vn 0.13744519 0.95654946 -0.25714187
vn 0.18497011 0.95654946 -0.22538673
vn 0.22538673 0.95654946 -0.18497011
vn 0.25714187 0.95654946 -0.13744519
vn 0.27901519 0.95654946 -0.08463833
vn 0.29016611 0.95654946 -0.02857887
vn 0.47088948 0.88097226 0.04637857
vn 0.45279346 0.88097226 0.13735340
vn 0.41729685 0.88097226 0.22304981
vn 0.36576375 0.88097226 0.30017455
vn 0.30017455 0.88097226 0.36576375
vn 0.22304981 0.88097226 0.41729685
vn 0.13735340 0.88097226 0.45279346
vn 0.04637857 0.88097226 0.47088948
vn -0.04637857 0.88097226 0.47088948
vn -0.13735340 0.88097226 0.45279346
vn -0.22304981 0.88097226 0.41729685
vn -0.30017455 0.88097226 0.36576375
vn -0.36576375 0.88097226 0.30017455
vn -0.41729685 0.88097226 0.22304981
vn -0.45279346 0.88097226 0.13735340
vn -0.47088948 0.88097226 0.04637857
vn -0.47088948 0.88097226 -0.04637857
vn -0.45279346 0.88097226 -0.13735340
vn -0.41729685 0.88097226 -0.22304981
vn -0.36576375 0.88097226 -0.30017455
vn -0.30017455 0.88097226 -0.36576375
vn -0.22304981 0.88097226 -0.41729685
vn -0.13735340 0.88097226 -0.45279346
vn -0.04637857 0.88097226 -0.47088948
vn 0.04637857 0.88097226 -0.47088948
vn 0.13735340 0.88097226 -0.45279346
vn 0.22304981 0.88097226 -0.41729685
vn 0.30017455 0.88097226 -0.36576375
vn 0.36576375 0.88097226 -0.30017455
vn 0.41729685 0.88097226 -0.22304981
vn 0.45279346 0.88097226 -0.13735340
vn 0.47088948 0.88097226 -0.04637857
vn 0.63315855 0.77150593 0.06236067
vn 0.60882662 0.77150593 0.18468554
vn 0.56109783 0.77150593 0.29991304
vn 0.49180636 0.77150593 0.40361505
vn 0.40361505 0.77150593 0.49180636
vn 0.29991304 0.77150593 0.56109783
vn 0.18468554 0.77150593 0.60882662
vn 0.06236067 0.77150593 0.63315855
vn -0.06236067 0.77150593 0.63315855
vn -0.18468554 0.77150593 0.60882662
vn -0.29991304 0.77150593 0.56109783
vn -0.40361505 0.77150593 0.49180636
vn -0.49180636 0.77150593 0.40361505
vn -0.56109783 0.77150593 0.29991304
vn -0.60882662 0.77150593 0.18468554
vn -0.63315855 0.77150593 0.06236067
vn -0.63315855 0.77150593 -0.06236067
vn -0.60882662 0.77150593 -0.18468554
vn -0.56109783 0.77150593 -0.29991304
vn -0.49180636 0.77150593 -0.40361505
vn -0.40361505 0.77150593 -0.49180636
vn -0.29991304 0.77150593 -0.56109783
vn -0.18468554 0.77150593 -0.60882662
vn -0.06236067 0.77150593 -0.63315855
vn 0.06236067 0.77150593 -0.63315855
vn 0.18468554 0.77150593 -0.60882662
vn 0.29991304 0.77150593 -0.56109783
vn 0.40361505 0.77150593 -0.49180636
vn 0.49180636 0.77150593 -0.40361505
vn 0.56109783 0.77150593 -0.29991304
vn 0.60882662 0.77150593 -0.18468554
vn 0.63315855 0.77150593 -0.06236067
vn 0.77077976 0.63256260 0.07591518
vn 0.74115913 0.63256260 0.22482816
vn 0.68305616 0.63256260 0.36510113
vn 0.59870373 0.63256260 0.49134346
vn 0.49134346 0.63256260 0.59870373
vn 0.36510113 0.63256260 0.68305616
vn 0.22482816 0.63256260 0.74115913
vn 0.07591518 0.63256260 0.77077976
vn -0.07591518 0.63256260 0.77077976
vn -0.22482816 0.63256260 0.74115913
vn -0.36510113 0.63256260 0.68305616
vn -0.49134346 0.63256260 0.59870373
vn -0.59870373 0.63256260 0.49134346
vn -0.68305616 0.63256260 0.36510113
vn -0.74115913 0.63256260 0.22482816
vn -0.77077976 0.63256260 0.07591518
vn -0.77077976 0.63256260 -0.07591518
vn -0.74115913 0.63256260 -0.22482816
vn -0.68305616 0.63256260 -0.36510113
vn -0.59870373 0.63256260 -0.49134346
vn -0.49134346 0.63256260 -0.59870373
vn -0.36510113 0.63256260 -0.68305616
vn -0.22482816 0.63256260 -0.74115913
vn -0.07591518 0.63256260 -0.77077976
vn 0.07591518 0.63256260 -0.77077976
vn 0.22482816 0.63256260 -0.74115913
vn 0.36510113 0.63256260 -0.68305616
vn 0.49134346 0.63256260 -0.59870373
vn 0.59870373 0.63256260 -0.49134346
vn 0.68305616 0.63256260 -0.36510113
vn 0.74115913 0.63256260 -0.22482816
vn 0.77077976 0.63256260 -0.07591518
vn 0.87861295 0.46962840 0.08653582
vn 0.84484835 0.46962840 0.25628194
vn 0.77861669 0.46962840 0.41617929
vn 0.68246324 0.46962840 0.56008311
vn 0.56008311 0.46962840 0.68246324
vn 0.41617929 0.46962840 0.77861669
vn 0.25628194 0.46962840 0.84484835
vn 0.08653582 0.46962840 0.87861295
vn -0.08653582 0.46962840 0.87861295
vn -0.25628194 0.46962840 0.84484835
vn -0.41617929 0.46962840 0.77861669
vn -0.56008311 0.46962840 0.68246324
vn -0.68246324 0.46962840 0.56008311
vn -0.77861669 0.46962840 0.41617929
vn -0.84484835 0.46962840 0.25628194
vn -0.87861295 0.46962840 0.08653582
vn -0.87861295 0.46962840 -0.08653582
vn -0.84484835 0.46962840 -0.25628194
vn -0.77861669 0.46962840 -0.41617929
vn -0.68246324 0.46962840 -0.56008311
vn -0.56008311 0.46962840 -0.68246324
vn -0.41617929 0.46962840 -0.77861669
vn -0.25628194 0.46962840 -0.84484835
vn -0.08653582 0.46962840 -0.87861295
vn 0.08653582 0.46962840 -0.87861295
vn 0.25628194 0.46962840 -0.84484835
vn 0.41617929 0.46962840 -0.77861669
vn 0.56008311 0.46962840 -0.68246324
vn 0.68246324 0.46962840 -0.56008311
vn 0.77861669 0.46962840 -0.41617929
vn 0.84484835 0.46962840 -0.25628194
vn 0.87861295 0.46962840 -0.08653582
vn 0.95271813 0.28900388 0.09383455
vn 0.91610571 0.28900388 0.27789763
vn 0.84428785 0.28900388 0.45128126
vn 0.74002449 0.28900388 0.60732241
vn 0.60732241 0.28900388 0.74002449
vn 0.45128126 0.28900388 0.84428785
vn 0.27789763 0.28900388 0.91610571
vn 0.09383455 0.28900388 0.95271813
vn -0.09383455 0.28900388 0.95271813
vn -0.27789763 0.28900388 0.91610571
vn -0.45128126 0.28900388 0.84428785
vn -0.60732241 0.28900388 0.74002449
vn -0.74002449 0.28900388 0.60732241
vn -0.84428785 0.28900388 0.45128126
vn -0.91610571 0.28900388 0.27789763
vn -0.95271813 0.28900388 0.09383455
vn -0.95271813 0.28900388 -0.09383455
vn -0.91610571 0.28900388 -0.27789763
vn -0.84428785 0.28900388 -0.45128126
vn -0.74002449 0.28900388 -0.60732241
vn -0.60732241 0.28900388 -0.74002449
vn -0.45128126 0.28900388 -0.84428785
vn -0.27789763 0.28900388 -0.91610571
vn -0.09383455 0.28900388 -0.95271813
vn 0.09383455 0.28900388 -0.95271813
vn 0.27789763 0.28900388 -0.91610571
vn 0.45128126 0.28900388 -0.84428785
vn 0.60732241 0.28900388 -0.74002449
vn 0.74002449 0.28900388 -0.60732241
vn 0.84428785 0.28900388 -0.45128126
vn 0.91610571 0.28900388 -0.27789763
vn 0.95271813 0.28900388 -0.09383455
vn 0.99043835 0.09754966 0.09754966
vn 0.95237636 0.09754966 0.28890021
vn 0.87771508 0.09754966 0.46914848
vn 0.76932370 0.09754966 0.63136765
vn 0.63136765 0.09754966 0.76932370
vn 0.46914848 0.09754966 0.87771508
vn 0.28890021 0.09754966 0.95237636
vn 0.09754966 0.09754966 0.99043835
vn -0.09754966 0.09754966 0.99043835
vn -0.28890021 0.09754966 0.95237636
vn -0.46914848 0.09754966 0.87771508
vn -0.63136765 0.09754966 0.76932370
vn -0.76932370 0.09754966 0.63136765
vn -0.87771508 0.09754966 0.46914848
vn -0.95237636 0.09754966 0.28890021
vn -0.99043835 0.09754966 0.09754966
vn -0.99043835 0.09754966 -0.09754966
vn -0.95237636 0.09754966 -0.28890021
vn -0.87771508 0.09754966 -0.46914848
vn -0.76932370 0.09754966 -0.63136765
vn -0.63136765 0.09754966 -0.76932370
vn -0.46914848 0.09754966 -0.87771508
vn -0.28890021 0.09754966 -0.95237636
vn -0.09754966 0.09754966 -0.99043835
vn 0.09754966 0.09754966 -0.99043835
vn 0.28890021 0.09754966 -0.95237636
vn 0.46914848 0.09754966 -0.87771508
vn 0.63136765 0.09754966 -0.76932370
vn 0.76932370 0.09754966 -0.63136765
vn 0.87771508 0.09754966 -0.46914848
vn 0.95237636 0.09754966 -0.28890021
vn 0.99043835 0.09754966 -0.09754966
vn 0.99043835 -0.09754966 0.09754966
vn 0.95237636 -0.09754966 0.28890021
vn 0.87771508 -0.09754966 0.46914848
vn 0.76932370 -0.09754966 0.63136765
vn 0.63136765 -0.09754966 0.76932370
vn 0.46914848 -0.09754966 0.87771508
vn 0.28890021 -0.09754966 0.95237636
vn 0.09754966 -0.09754966 0.99043835
vn -0.09754966 -0.09754966 0.99043835
vn -0.28890021 -0.09754966 0.95237636
vn -0.46914848 -0.09754966 0.87771508
vn -0.63136765 -0.09754966 0.76932370
vn -0.76932370 -0.09754966 0.63136765
vn -0.87771508 -0.09754966 0.46914848
vn -0.95237636 -0.09754966 0.28890021
vn -0.99043835 -0.09754966 0.09754966
vn -0.99043835 -0.09754966 -0.09754966
vn -0.95237636 -0.09754966 -0.28890021
vn -0.87771508 -0.09754966 -0.46914848
vn -0.76932370 -0.09754966 -0.63136765
vn -0.63136765 -0.09754966 -0.76932370
vn -0.46914848 -0.09754966 -0.87771508
vn -0.28890021 -0.09754966 -0.95237636
vn -0.09754966 -0.09754966 -0.99043835
vn 0.09754966 -0.09754966 -0.99043835
vn 0.28890021 -0.09754966 -0.95237636
vn 0.46914848 -0.09754966 -0.87771508
vn 0.63136765 -0.09754966 -0.76932370
vn 0.76932370 -0.09754966 -0.63136765
vn 0.87771508 -0.09754966 -0.46914848
vn 0.95237636 -0.09754966 -0.28890021
vn 0.99043835 -0.09754966 -0.09754966
vn 0.95271813 -0.28900388 0.09383455
vn 0.91610571 -0.28900388 0.27789763
vn 0.84428785 -0.28900388 0.45128126
vn 0.74002449 -0.28900388 0.60732241
vn 0.60732241 -0.28900388 0.74002449
vn 0.45128126 -0.28900388 0.84428785
vn 0.27789763 -0.28900388 0.91610571
vn 0.09383455 -0.28900388 0.95271813
vn -0.09383455 -0.28900388 0.95271813
vn -0.27789763 -0.28900388 0.91610571
vn -0.45128126 -0.28900388 0.84428785
vn -0.60732241 -0.28900388 0.74002449
vn -0.74002449 -0.28900388 0.60732241
vn -0.84428785 -0.28900388 0.45128126
vn -0.91610571 -0.28900388 0.27789763
vn -0.95271813 -0.28900388 0.09383455
vn -0.95271813 -0.28900388 -0.09383455
vn -0.91610571 -0.28900388 -0.27789763
vn -0.84428785 -0.28900388 -0.45128126
vn -0.74002449 -0.28900388 -0.60732241
vn -0.60732241 -0.28900388 -0.74002449
vn -0.45128126 -0.28900388 -0.84428785
vn -0.27789763 -0.28900388 -0.91610571
vn -0.09383455 -0.28900388 -0.95271813
vn 0.09383455 -0.28900388 -0.95271813
vn 0.27789763 -0.28900388 -0.91610571
vn 0.45128126 -0.28900388 -0.84428785
vn 0.60732241 -0.28900388 -0.74002449
vn 0.74002449 -0.28900388 -0.60732241
vn 0.84428785 -0.28900388 -0.45128126
vn 0.91610571 -0.28900388 -0.27789763
vn 0.95271813 -0.28900388 -0.09383455
vn 0.87861295 -0.46962840 0.08653582
vn 0.84484835 -0.46962840 0.25628194
vn 0.77861669 -0.46962840 0.41617929
vn 0.68246324 -0.46962840 0.56008311
vn 0.56008311 -0.46962840 0.68246324
vn 0.41617929 -0.46962840 0.77861669
vn 0.25628194 -0.46962840 0.84484835
vn 0.08653582 -0.46962840 0.87861295
vn -0.08653582 -0.46962840 0.87861295
vn -0.25628194 -0.46962840 0.84484835
vn -0.41617929 -0.46962840 0.77861669
vn -0.56008311 -0.46962840 0.68246324
vn -0.68246324 -0.46962840 0.56008311
vn -0.77861669 -0.46962840 0.41617929
vn -0.84484835 -0.46962840 0.25628194
vn -0.87861295 -0.46962840 0.08653582
vn -0.87861295 -0.46962840 -0.08653582
vn -0.84484835 -0.46962840 -0.25628194
vn -0.77861669 -0.46962840 -0.41617929
vn -0.68246324 -0.46962840 -0.56008311
vn -0.56008311 -0.46962840 -0.68246324
vn -0.41617929 -0.46962840 -0.77861669
vn -0.25628194 -0.46962840 -0.84484835
vn -0.08653582 -0.46962840 -0.87861295
vn 0.08653582 -0.46962840 -0.87861295
vn 0.25628194 -0.46962840 -0.84484835
vn 0.41617929 -0.46962840 -0.77861669
vn 0.56008311 -0.46962840 -0.68246324
vn 0.68246324 -0.46962840 -0.56008311
vn 0.77861669 -0.46962840 -0.41617929
vn 0.84484835 -0.46962840 -0.25628194
vn 0.87861295 -0.46962840 -0.08653582
vn 0.77077976 -0.63256260 0.07591518
vn 0.74115913 -0.63256260 0.22482816
vn 0.68305616 -0.63256260 0.36510113
vn 0.59870373 -0.63256260 0.49134346
vn 0.49134346 -0.63256260 0.59870373
vn 0.36510113 -0.63256260 0.68305616
vn 0.22482816 -0.63256260 0.74115913
vn 0.07591518 -0.63256260 0.77077976
vn -0.07591518 -0.63256260 0.77077976
vn -0.22482816 -0.63256260 0.74115913
vn -0.36510113 -0.63256260 0.68305616
vn -0.49134346 -0.63256260 0.59870373
vn -0.59870373 -0.63256260 0.49134346
vn -0.68305616 -0.63256260 0.36510113
vn -0.74115913 -0.63256260 0.22482816
vn -0.77077976 -0.63256260 0.07591518
vn -0.77077976 -0.63256260 -0.07591518
vn -0.74115913 -0.63256260 -0.22482816
vn -0.68305616 -0.63256260 -0.36510113
vn -0.59870373 -0.63256260 -0.49134346
vn -0.49134346 -0.63256260 -0.59870373
vn -0.36510113 -0.63256260 -0.68305616
vn -0.22482816 -0.63256260 -0.74115913
vn -0.07591518 -0.63256260 -0.77077976
vn 0.07591518 -0.63256260 -0.77077976
vn 0.22482816 -0.63256260 -0.74115913
vn 0.36510113 -0.63256260 -0.68305616
vn 0.49134346 -0.63256260 -0.59870373
vn 0.59870373 -0.63256260 -0.49134346
vn 0.68305616 -0.63256260 -0.36510113
vn 0.74115913 -0.63256260 -0.22482816
vn 0.77077976 -0.63256260 -0.07591518
vn 0.63315855 -0.77150593 0.06236067
vn 0.60882662 -0.77150593 0.18468554
vn 0.56109783 -0.77150593 0.29991304
vn 0.49180636 -0.77150593 0.40361505
vn 0.40361505 -0.77150593 0.49180636
vn 0.29991304 -0.77150593 0.56109783
vn 0.18468554 -0.77150593 0.60882662
vn 0.06236067 -0.77150593 0.63315855
vn -0.06236067 -0.77150593 0.63315855
vn -0.18468554 -0.77150593 0.60882662
vn -0.29991304 -0.77150593 0.56109783
vn -0.40361505 -0.77150593 0.49180636
vn -0.49180636 -0.77150593 0.40361505
vn -0.56109783 -0.77150593 0.29991304
vn -0.60882662 -0.77150593 0.18468554
vn -0.63315855 -0.77150593 0.06236067
vn -0.63315855 -0.77150593 -0.06236067
vn -0.60882662 -0.77150593 -0.18468554
vn -0.56109783 -0.77150593 -0.29991304
vn -0.49180636 -0.77150593 -0.40361505
vn -0.40361505 -0.77150593 -0.49180636
vn -0.29991304 -0.77150593 -0.56109783
vn -0.18468554 -0.77150593 -0.60882662
vn -0.06236067 -0.77150593 -0.63315855
vn 0.06236067 -0.77150593 -0.63315855
vn 0.18468554 -0.77150593 -0.60882662
vn 0.29991304 -0.77150593 -0.56109783
vn 0.40361505 -0.77150593 -0.49180636
vn 0.49180636 -0.77150593 -0.40361505
vn 0.56109783 -0.77150593 -0.29991304
vn 0.60882662 -0.77150593 -0.18468554
vn 0.63315855 -0.77150593 -0.06236067
vn 0.47088948 -0.88097226 0.04637857
vn 0.45279346 -0.88097226 0.13735340
vn 0.41729685 -0.88097226 0.22304981
vn 0.36576375 -0.88097226 0.30017455
vn 0.30017455 -0.88097226 0.36576375
vn 0.22304981 -0.88097226 0.41729685
vn 0.13735340 -0.88097226 0.45279346
vn 0.04637857 -0.88097226 0.47088948
vn -0.04637857 -0.88097226 0.47088948
vn -0.13735340 -0.88097226 0.45279346
vn -0.22304981 -0.88097226 0.41729685
vn -0.30017455 -0.88097226 0.36576375
vn -0.36576375 -0.88097226 0.30017455
vn -0.41729685 -0.88097226 0.22304981
vn -0.45279346 -0.88097226 0.13735340
vn -0.47088948 -0.88097226 0.04637857
vn -0.47088948 -0.88097226 -0.04637857
vn -0.45279346 -0.88097226 -0.13735340
vn -0.41729685 -0.88097226 -0.22304981
vn -0.36576375 -0.88097226 -0.30017455
vn -0.30017455 -0.88097226 -0.36576375
vn -0.22304981 -0.88097226 -0.41729685
vn -0.13735340 -0.88097226 -0.45279346
vn -0.04637857 -0.88097226 -0.47088948
vn 0.04637857 -0.88097226 -0.47088948
vn 0.13735340 -0.88097226 -0.45279346
vn 0.22304981 -0.88097226 -0.41729685
vn 0.30017455 -0.88097226 -0.36576375
vn 0.36576375 -0.88097226 -0.30017455
vn 0.41729685 -0.88097226 -0.22304981
vn 0.45279346 -0.88097226 -0.13735340
vn 0.47088948 -0.88097226 -0.04637857
vn 0.29016611 -0.95654946 0.02857887
vn 0.27901519 -0.95654946 0.08463833
vn 0.25714187 -0.95654946 0.13744519
vn 0.22538673 -0.95654946 0.18497011
vn 0.18497011 -0.95654946 0.22538673
vn 0.13744519 -0.95654946 0.25714187
vn 0.08463833 -0.95654946 0.27901519
vn 0.02857887 -0.95654946 0.29016611
vn -0.02857887 -0.95654946 0.29016611
vn -0.08463833 -0.95654946 0.27901519
vn -0.13744519 -0.95654946 0.25714187
vn -0.18497011 -0.95654946 0.22538673
vn -0.22538673 -0.95654946 0.18497011
vn -0.25714187 -0.95654946 0.13744519
vn -0.27901519 -0.95654946 0.08463833
vn -0.29016611 -0.95654946 0.02857887
vn -0.29016611 -0.95654946 -0.02857887
vn -0.27901519 -0.95654946 -0.08463833
vn -0.25714187 -0.95654946 -0.13744519
vn -0.22538673 -0.95654946 -0.18497011
vn -0.18497011 -0.95654946 -0.22538673
vn -0.13744519 -0.95654946 -0.25714187
vn -0.08463833 -0.95654946 -0.27901519
vn -0.02857887 -0.95654946 -0.29016611
vn 0.02857887 -0.95654946 -0.29016611
vn 0.08463833 -0.95654946 -0.27901519
vn 0.13744519 -0.95654946 -0.25714187
vn 0.18497011 -0.95654946 -0.22538673
vn 0.22538673 -0.95654946 -0.18497011
vn 0.25714187 -0.95654946 -0.13744519
vn 0.27901519 -0.95654946 -0.08463833
vn 0.29016611 -0.95654946 -0.02857887
vn 0.09801257 -0.99513836 0.00965340
vn 0.09424600 -0.99513836 0.02858921
vn 0.08685762 -0.99513836 0.04642636
vn 0.07613134 -0.99513836 0.06247937
vn 0.06247937 -0.99513836 0.07613134
vn 0.04642636 -0.99513836 0.08685762
vn 0.02858921 -0.99513836 0.09424600
vn 0.00965340 -0.99513836 0.09801257
vn -0.00965340 -0.99513836 0.09801257
vn -0.02858921 -0.99513836 0.09424600
vn -0.04642636 -0.99513836 0.08685762
vn -0.06247937 -0.99513836 0.07613134
vn -0.07613134 -0.99513836 0.06247937
vn -0.08685762 -0.99513836 0.04642636
vn -0.09424600 -0.99513836 0.02858921
vn -0.09801257 -0.99513836 0.00965340
vn -0.09801257 -0.99513836 -0.00965340
vn -0.09424600 -0.99513836 -0.02858921
vn -0.08685762 -0.99513836 -0.04642636
vn -0.07613134 -0.99513836 -0.06247937
vn -0.06247937 -0.99513836 -0.07613134
vn -0.04642636 -0.99513836 -0.08685762
vn -0.02858921 -0.99513836 -0.09424600
vn -0.00965340 -0.99513836 -0.09801257
vn 0.00965340 -0.99513836 -0.09801257
vn 0.02858921 -0.99513836 -0.09424600
vn 0.04642636 -0.99513836 -0.08685762
vn 0.06247937 -0.99513836 -0.07613134
vn 0.07613134 -0.99513836 -0.06247937
vn 0.08685762 -0.99513836 -0.04642636
vn 0.09424600 -0.99513836 -0.02858921
vn 0.09801257 -0.99513836 -0.00965340
vn 0.00000000 0.15643447 -0.98768834
vn 0.00000000 -0.15643447 0.98768834
vn -1.00000000 0.00000000 0.00000000
vn 1.00000000 0.00000000 0.00000000
vn 0.00000000 0.45399050 -0.89100652
vn 0.00000000 -0.45399050 0.89100652
vn -1.00000000 0.00000000 0.00000000
vn 1.00000000 0.00000000 0.00000000
vn 0.00000000 0.70710678 -0.70710678
vn 0.00000000 -0.70710678 0.70710678
vn -1.00000000 0.00000000 0.00000000
vn 1.00000000 0.00000000 0.00000000
vn 0.00000000 0.89100652 -0.45399050
vn 0.00000000 -0.89100652 0.45399050
vn -1.00000000 0.00000000 0.00000000
vn 1.00000000 0.00000000 0.00000000
vn 0.00000000 0.98768834 -0.15643447
vn 0.00000000 -0.98768834 0.15643447
vn -1.00000000 0.00000000 0.00000000
vn 1.00000000 0.00000000 0.00000000
vn 0.00000000 0.98768834 0.15643447
vn 0.00000000 -0.98768834 -0.15643447
vn -1.00000000 0.00000000 0.00000000
vn 1.00000000 0.00000000 0.00000000
vn 0.00000000 0.89100652 0.45399050
vn 0.00000000 -0.89100652 -0.45399050
vn -1.00000000 0.00000000 0.00000000
vn 1.00000000 0.00000000 0.00000000
vn 0.00000000 0.70710678 0.70710678
vn 0.00000000 -0.70710678 -0.70710678
vn -1.00000000 0.00000000 0.00000000
vn 1.00000000 0.00000000 0.00000000
vn 0.00000000 0.45399050 0.89100652
vn 0.00000000 -0.45399050 -0.89100652
vn -1.00000000 0.00000000 0.00000000
vn 1.00000000 0.00000000 0.00000000
vn 0.00000000 0.15643447 0.98768834
vn 0.00000000 -0.15643447 -0.98768834
vn -1.00000000 0.00000000 0.00000000
vn 1.00000000 0.00000000 0.00000000
vn 0.00000000 -0.15643447 0.98768834
vn 0.00000000 0.15643447 -0.98768834
vn -1.00000000 0.00000000 0.00000000
vn 1.00000000 0.00000000 0.00000000
vn 0.00000000 -0.45399050 0.89100652
vn 0.00000000 0.45399050 -0.89100652
vn -1.00000000 0.00000000 0.00000000
vn 1.00000000 0.00000000 0.00000000
vn 0.00000000 -0.70710678 0.70710678
vn 0.00000000 0.70710678 -0.70710678
vn -1.00000000 0.00000000 0.00000000
vn 1.00000000 0.00000000 0.00000000
vn 0.00000000 -0.89100652 0.45399050
vn 0.00000000 0.89100652 -0.45399050
vn -1.00000000 0.00000000 0.00000000
vn 1.00000000 0.00000000 0.00000000
vn 0.00000000 -0.98768834 0.15643447
vn 0.00000000 0.98768834 -0.15643447
vn -1.00000000 0.00000000 0.00000000
vn 1.00000000 0.00000000 0.00000000
vn 0.00000000 -0.98768834 -0.15643447
vn 0.00000000 0.98768834 0.15643447
vn -1.00000000 0.00000000 0.00000000
vn 1.00000000 0.00000000 0.00000000
vn 0.00000000 -0.89100652 -0.45399050
vn 0.00000000 0.89100652 0.45399050
vn -1.00000000 0.00000000 0.00000000
vn 1.00000000 0.00000000 0.00000000
vn 0.00000000 -0.70710678 -0.70710678
vn 0.00000000 0.70710678 0.70710678
vn -1.00000000 0.00000000 0.00000000
vn 1.00000000 0.00000000 0.00000000
vn 0.00000000 -0.45399050 -0.89100652
vn 0.00000000 0.45399050 0.89100652
vn -1.00000000 0.00000000 0.00000000
vn 1.00000000 0.00000000 0.00000000
vn 0.00000000 -0.15643447 -0.98768834
vn 0.00000000 0.15643447 0.98768834
vn -1.00000000 0.00000000 0.00000000
vn 1.00000000 0.00000000 0.00000000
vn 0.00000000 0.15643447 -0.98768834
vn 0.00000000 -0.15643447 0.98768834
vn -1.00000000 0.00000000 0.00000000
vn 1.00000000 0.00000000 0.00000000
vn 0.00000000 0.45399050 -0.89100652
vn 0.00000000 -0.45399050 0.89100652
vn -1.00000000 0.00000000 0.00000000
vn 1.00000000 0.00000000 0.00000000
vn 0.00000000 0.70710678 -0.70710678
vn 0.00000000 -0.70710678 0.70710678
vn -1.00000000 0.00000000 0.00000000
vn 1.00000000 0.00000000 0.00000000
vn 0.00000000 0.89100652 -0.45399050
vn 0.00000000 -0.89100652 0.45399050
vn -1.00000000 0.00000000 0.00000000
vn 1.00000000 0.00000000 0.00000000
vn 0.00000000 0.98768834 -0.15643447
vn 0.00000000 -0.98768834 0.15643447
vn -1.00000000 0.00000000 0.00000000
vn 1.00000000 0.00000000 -0.00000000
vn 0.00000000 0.98768834 0.15643447
vn 0.00000000 -0.98768834 -0.15643447
vn -1.00000000 0.00000000 0.00000000
vn 1.00000000 0.00000000 0.00000000
vn 0.00000000 0.89100652 0.45399050
vn 0.00000000 -0.89100652 -0.45399050
vn -1.00000000 0.00000000 0.00000000
vn 1.00000000 0.00000000 0.00000000
vn 0.00000000 0.70710678 0.70710678
vn 0.00000000 -0.70710678 -0.70710678
vn -1.00000000 0.00000000 0.00000000
vn 1.00000000 0.00000000 0.00000000
vn 0.00000000 0.45399050 0.89100652
vn 0.00000000 -0.45399050 -0.89100652
vn -1.00000000 0.00000000 0.00000000
vn 1.00000000 0.00000000 0.00000000
vn 0.00000000 0.15643447 0.98768834
vn 0.00000000 -0.15643447 -0.98768834
vn -1.00000000 0.00000000 0.00000000
vn 1.00000000 0.00000000 0.00000000
vn 0.00000000 -0.15643447 0.98768834
vn 0.00000000 0.15643447 -0.98768834
vn -1.00000000 -0.00000000 0.00000000
vn 1.00000000 0.00000000 0.00000000
vn 0.00000000 -0.45399050 0.89100652
vn 0.00000000 0.45399050 -0.89100652
vn -1.00000000 0.00000000 0.00000000
vn 1.00000000 0.00000000 0.00000000
vn 0.00000000 -0.70710678 0.70710678
vn 0.00000000 0.70710678 -0.70710678
vn -1.00000000 0.00000000 0.00000000
vn 1.00000000 0.00000000 0.00000000
vn 0.00000000 -0.89100652 0.45399050
vn 0.00000000 0.89100652 -0.45399050
vn -1.00000000 0.00000000 0.00000000
vn 1.00000000 0.00000000 0.00000000
vn 0.00000000 -0.98768834 0.15643447
vn 0.00000000 0.98768834 -0.15643447
vn -1.00000000 0.00000000 0.00000000
vn 1.00000000 0.00000000 0.00000000
vn 0.00000000 -0.98768834 -0.15643447
vn 0.00000000 0.98768834 0.15643447
vn -1.00000000 0.00000000 -0.00000000
vn 1.00000000 0.00000000 0.00000000
vn 0.00000000 -0.89100652 -0.45399050
vn 0.00000000 0.89100652 0.45399050
vn -1.00000000 0.00000000 0.00000000
vn 1.00000000 0.00000000 0.00000000
vn 0.00000000 -0.70710678 -0.70710678
vn 0.00000000 0.70710678 0.70710678
vn -1.00000000 0.00000000 0.00000000
vn 1.00000000 0.00000000 0.00000000
vn 0.00000000 -0.45399050 -0.89100652
vn 0.00000000 0.45399050 0.89100652
vn -1.00000000 0.00000000 0.00000000
vn 1.00000000 0.00000000 0.00000000
vn 0.00000000 -0.15643447 -0.98768834
vn 0.00000000 0.15643447 0.98768834
vn -1.00000000 0.00000000 0.00000000
vn 1.00000000 -0.00000000 0.00000000
vn 0.85536319 0.15643447 -0.49384417
vn -0.85536319 -0.15643447 0.49384417
vn -0.50000000 -0.00000000 -0.86602540
vn 0.50000000 -0.00000000 0.86602540
vn 0.77163428 0.45399050 -0.44550326
vn -0.77163428 -0.45399050 0.44550326
vn -0.50000000 0.00000000 -0.86602540
vn 0.50000000 -0.00000000 0.86602540
vn 0.61237244 0.70710678 -0.35355339
vn -0.61237244 -0.70710678 0.35355339
vn -0.50000000 0.00000000 -0.86602540
vn 0.50000000 -0.00000000 0.86602540
vn 0.39316731 0.89100652 -0.22699525
vn -0.39316731 -0.89100652 0.22699525
vn -0.50000000 -0.00000000 -0.86602540
vn 0.50000000 -0.00000000 0.86602540
vn 0.13547622 0.98768834 -0.07821723
vn -0.13547622 -0.98768834 0.07821723
vn -0.50000000 0.00000000 -0.86602540
vn 0.50000000 0.00000000 0.86602540
vn -0.13547622 0.98768834 0.07821723
vn 0.13547622 -0.98768834 -0.07821723
vn -0.50000000 0.00000000 -0.86602540
vn 0.50000000 0.00000000 0.86602540
vn -0.39316731 0.89100652 0.22699525
vn 0.39316731 -0.89100652 -0.22699525
vn -0.50000000 -0.00000000 -0.86602540
vn 0.50000000 0.00000000 0.86602540
vn -0.61237244 0.70710678 0.35355339
vn 0.61237244 -0.70710678 -0.35355339
vn -0.50000000 -0.00000000 -0.86602540
vn 0.50000000 0.00000000 0.86602540
vn -0.77163428 0.45399050 0.44550326
vn 0.77163428 -0.45399050 -0.44550326
vn -0.50000000 0.00000000 -0.86602540
vn 0.50000000 -0.00000000 0.86602540
vn -0.85536319 0.15643447 0.49384417
vn 0.85536319 -0.15643447 -0.49384417
vn -0.50000000 -0.00000000 -0.86602540
vn 0.50000000 -0.00000000 0.86602540
vn -0.85536319 -0.15643447 0.49384417
vn 0.85536319 0.15643447 -0.49384417
vn -0.50000000 0.00000000 -0.86602540
vn 0.50000000 0.00000000 0.86602540
vn -0.77163428 -0.45399050 0.44550326
vn 0.77163428 0.45399050 -0.44550326
vn -0.50000000 0.00000000 -0.86602540
vn 0.50000000 -0.00000000 0.86602540
vn -0.61237244 -0.70710678 0.35355339
vn 0.61237244 0.70710678 -0.35355339
vn -0.50000000 -0.00000000 -0.86602540
vn 0.50000000 -0.00000000 0.86602540
vn -0.39316731 -0.89100652 0.22699525
vn 0.39316731 0.89100652 -0.22699525
vn -0.50000000 -0.00000000 -0.86602540
vn 0.50000000 -0.00000000 0.86602540
vn -0.13547622 -0.98768834 0.07821723
vn 0.13547622 0.98768834 -0.07821723
vn -0.50000000 0.00000000 -0.86602540
vn 0.50000000 0.00000000 0.86602540
vn 0.13547622 -0.98768834 -0.07821723
vn -0.13547622 0.98768834 0.07821723
vn -0.50000000 0.00000000 -0.86602540
vn 0.50000000 0.00000000 0.86602540
vn 0.39316731 -0.89100652 -0.22699525
vn -0.39316731 0.89100652 0.22699525
vn -0.50000000 -0.00000000 -0.86602540
vn 0.50000000 -0.00000000 0.86602540
vn 0.61237244 -0.70710678 -0.35355339
vn -0.61237244 0.70710678 0.35355339
vn -0.50000000 -0.00000000 -0.86602540
vn 0.50000000 0.00000000 0.86602540
vn 0.77163428 -0.45399050 -0.44550326
vn -0.77163428 0.45399050 0.44550326
vn -0.50000000 0.00000000 -0.86602540
vn 0.50000000 -0.00000000 0.86602540
vn 0.85536319 -0.15643447 -0.49384417
vn -0.85536319 0.15643447 0.49384417
vn -0.50000000 -0.00000000 -0.86602540
vn 0.50000000 -0.00000000 0.86602540
vn 0.85536319 0.15643447 -0.49384417
vn -0.85536319 -0.15643447 0.49384417
vn -0.50000000 -0.00000000 -0.86602540
vn 0.50000000 -0.00000000 0.86602540
vn 0.77163428 0.45399050 -0.44550326
vn -0.77163428 -0.45399050 0.44550326
vn -0.50000000 -0.00000000 -0.86602540
vn 0.50000000 0.00000000 0.86602540
vn 0.61237244 0.70710678 -0.35355339
vn -0.61237244 -0.70710678 0.35355339
vn -0.50000000 -0.00000000 -0.86602540
vn 0.50000000 0.00000000 0.86602540
vn 0.39316731 0.89100652 -0.22699525
vn -0.39316731 -0.89100652 0.22699525
vn -0.50000000 -0.00000000 -0.86602540
vn 0.50000000 0.00000000 0.86602540
vn 0.13547622 0.98768834 -0.07821723
vn -0.13547622 -0.98768834 0.07821723
vn -0.50000000 0.00000000 -0.86602540
vn 0.50000000 0.00000000 0.86602540
vn -0.13547622 0.98768834 0.07821723
vn 0.13547622 -0.98768834 -0.07821723
vn -0.50000000 0.00000000 -0.86602540
vn 0.50000000 -0.00000000 0.86602540
vn -0.39316731 0.89100652 0.22699525
vn 0.39316731 -0.89100652 -0.22699525
vn -0.50000000 0.00000000 -0.86602540
vn 0.50000000 -0.00000000 0.86602540
vn -0.61237244 0.70710678 0.35355339
vn 0.61237244 -0.70710678 -0.35355339
vn -0.50000000 -0.00000000 -0.86602540
vn 0.50000000 -0.00000000 0.86602540
vn -0.77163428 0.45399050 0.44550326
vn 0.77163428 -0.45399050 -0.44550326
vn -0.50000000 0.00000000 -0.86602540
vn 0.50000000 -0.00000000 0.86602540
vn -0.85536319 0.15643447 0.49384417
vn 0.85536319 -0.15643447 -0.49384417
vn -0.50000000 0.00000000 -0.86602540
vn 0.50000000 0.00000000 0.86602540
vn -0.85536319 -0.15643447 0.49384417
vn 0.85536319 0.15643447 -0.49384417
vn -0.50000000 -0.00000000 -0.86602540
vn 0.50000000 0.00000000 0.86602540
vn -0.77163428 -0.45399050 0.44550326
vn 0.77163428 0.45399050 -0.44550326
vn -0.50000000 -0.00000000 -0.86602540
vn 0.50000000 -0.00000000 0.86602540
vn -0.61237244 -0.70710678 0.35355339
vn 0.61237244 0.70710678 -0.35355339
vn -0.50000000 -0.00000000 -0.86602540
vn 0.50000000 0.00000000 0.86602540
vn -0.39316731 -0.89100652 0.22699525
vn 0.39316731 0.89100652 -0.22699525
vn -0.50000000 -0.00000000 -0.86602540
vn 0.50000000 0.00000000 0.86602540
vn -0.13547622 -0.98768834 0.07821723
vn 0.13547622 0.98768834 -0.07821723
vn -0.50000000 0.00000000 -0.86602540
vn 0.50000000 0.00000000 0.86602540
vn 0.13547622 -0.98768834 -0.07821723
vn -0.13547622 0.98768834 0.07821723
vn -0.50000000 0.00000000 -0.86602540
vn 0.50000000 -0.00000000 0.86602540
vn 0.39316731 -0.89100652 -0.22699525
vn -0.39316731 0.89100652 0.22699525
vn -0.50000000 0.00000000 -0.86602540
vn 0.50000000 -0.00000000 0.86602540
vn 0.61237244 -0.70710678 -0.35355339
vn -0.61237244 0.70710678 0.35355339
vn -0.50000000 -0.00000000 -0.86602540
vn 0.50000000 -0.00000000 0.86602540
vn 0.77163428 -0.45399050 -0.44550326
vn -0.77163428 0.45399050 0.44550326
vn -0.50000000 0.00000000 -0.86602540
vn 0.50000000 -0.00000000 0.86602540
vn 0.85536319 -0.15643447 -0.49384417
vn -0.85536319 0.15643447 0.49384417
vn -0.50000000 0.00000000 -0.86602540
vn 0.50000000 0.00000000 0.86602540
vn 0.85536319 0.15643447 0.49384417
vn -0.85536319 -0.15643447 -0.49384417
vn 0.50000000 -0.00000000 -0.86602540
vn -0.50000000 0.00000000 0.86602540
vn 0.77163428 0.45399050 0.44550326
vn -0.77163428 -0.45399050 -0.44550326
vn 0.50000000 0.00000000 -0.86602540
vn -0.50000000 -0.00000000 0.86602540
vn 0.61237244 0.70710678 0.35355339
vn -0.61237244 -0.70710678 -0.35355339
vn 0.50000000 -0.00000000 -0.86602540
vn -0.50000000 0.00000000 0.86602540
vn 0.39316731 0.89100652 0.22699525
vn -0.39316731 -0.89100652 -0.22699525
vn 0.50000000 0.00000000 -0.86602540
vn -0.50000000 0.00000000 0.86602540
vn 0.13547622 0.98768834 0.07821723
vn -0.13547622 -0.98768834 -0.07821723
vn 0.50000000 0.00000000 -0.86602540
vn -0.50000000 0.00000000 0.86602540
vn -0.13547622 0.98768834 -0.07821723
vn 0.13547622 -0.98768834 0.07821723
vn 0.50000000 -0.00000000 -0.86602540
vn -0.50000000 -0.00000000 0.86602540
vn -0.39316731 0.89100652 -0.22699525
vn 0.39316731 -0.89100652 0.22699525
vn 0.50000000 0.00000000 -0.86602540
vn -0.50000000 -0.00000000 0.86602540
vn -0.61237244 0.70710678 -0.35355339
vn 0.61237244 -0.70710678 0.35355339
vn 0.50000000 0.00000000 -0.86602540
vn -0.50000000 -0.00000000 0.86602540
vn -0.77163428 0.45399050 -0.44550326
vn 0.77163428 -0.45399050 0.44550326
vn 0.50000000 -0.00000000 -0.86602540
vn -0.50000000 0.00000000 0.86602540
vn -0.85536319 0.15643447 -0.49384417
vn 0.85536319 -0.15643447 0.49384417
vn 0.50000000 -0.00000000 -0.86602540
vn -0.50000000 0.00000000 0.86602540
vn -0.85536319 -0.15643447 -0.49384417
vn 0.85536319 0.15643447 0.49384417
vn 0.50000000 0.00000000 -0.86602540
vn -0.50000000 0.00000000 0.86602540
vn -0.77163428 -0.45399050 -0.44550326
vn 0.77163428 0.45399050 0.44550326
vn 0.50000000 0.00000000 -0.86602540
vn -0.50000000 -0.00000000 0.86602540
vn -0.61237244 -0.70710678 -0.35355339
vn 0.61237244 0.70710678 0.35355339
vn 0.50000000 -0.00000000 -0.86602540
vn -0.50000000 0.00000000 0.86602540
vn -0.39316731 -0.89100652 -0.22699525
vn 0.39316731 0.89100652 0.22699525
vn 0.50000000 0.00000000 -0.86602540
vn -0.50000000 0.00000000 0.86602540
vn -0.13547622 -0.98768834 -0.07821723
vn 0.13547622 0.98768834 0.07821723
vn 0.50000000 0.00000000 -0.86602540
vn -0.50000000 0.00000000 0.86602540
vn 0.13547622 -0.98768834 0.07821723
vn -0.13547622 0.98768834 -0.07821723
vn 0.50000000 -0.00000000 -0.86602540
vn -0.50000000 -0.00000000 0.86602540
vn 0.39316731 -0.89100652 0.22699525
vn -0.39316731 0.89100652 -0.22699525
vn 0.50000000 -0.00000000 -0.86602540
vn -0.50000000 -0.00000000 0.86602540
vn 0.61237244 -0.70710678 0.35355339
vn -0.61237244 0.70710678 -0.35355339
vn 0.50000000 -0.00000000 -0.86602540
vn -0.50000000 -0.00000000 0.86602540
vn 0.77163428 -0.45399050 0.44550326
vn -0.77163428 0.45399050 -0.44550326
vn 0.50000000 0.00000000 -0.86602540
vn -0.50000000 0.00000000 0.86602540
vn 0.85536319 -0.15643447 0.49384417
vn -0.85536319 0.15643447 -0.49384417
vn 0.50000000 -0.00000000 -0.86602540
vn -0.50000000 0.00000000 0.86602540
vn 0.85536319 0.15643447 0.49384417
vn -0.85536319 -0.15643447 -0.49384417
vn 0.50000000 -0.00000000 -0.86602540
vn -0.50000000 0.00000000 0.86602540
vn 0.77163428 0.45399050 0.44550326
vn -0.77163428 -0.45399050 -0.44550326
vn 0.50000000 -0.00000000 -0.86602540
vn -0.50000000 -0.00000000 0.86602540
vn 0.61237244 0.70710678 0.35355339
vn -0.61237244 -0.70710678 -0.35355339
vn 0.50000000 -0.00000000 -0.86602540
vn -0.50000000 0.00000000 0.86602540
vn 0.39316731 0.89100652 0.22699525
vn -0.39316731 -0.89100652 -0.22699525
vn 0.50000000 -0.00000000 -0.86602540
vn -0.50000000 0.00000000 0.86602540
vn 0.13547622 0.98768834 0.07821723
vn -0.13547622 -0.98768834 -0.07821723
vn 0.50000000 0.00000000 -0.86602540
vn -0.50000000 0.00000000 0.86602540
vn -0.13547622 0.98768834 -0.07821723
vn 0.13547622 -0.98768834 0.07821723
vn 0.50000000 0.00000000 -0.86602540
vn -0.50000000 -0.00000000 0.86602540
vn -0.39316731 0.89100652 -0.22699525
vn 0.39316731 -0.89100652 0.22699525
vn 0.50000000 0.00000000 -0.86602540
vn -0.50000000 0.00000000 0.86602540
vn -0.61237244 0.70710678 -0.35355339
vn 0.61237244 -0.70710678 0.35355339
vn 0.50000000 -0.00000000 -0.86602540
vn -0.50000000 0.00000000 0.86602540
vn -0.77163428 0.45399050 -0.44550326
vn 0.77163428 -0.45399050 0.44550326
vn 0.50000000 0.00000000 -0.86602540
vn -0.50000000 -0.00000000 0.86602540
vn -0.85536319 0.15643447 -0.49384417
vn 0.85536319 -0.15643447 0.49384417
vn 0.50000000 0.00000000 -0.86602540
vn -0.50000000 -0.00000000 0.86602540
vn -0.85536319 -0.15643447 -0.49384417
vn 0.85536319 0.15643447 0.49384417
vn 0.50000000 -0.00000000 -0.86602540
vn -0.50000000 -0.00000000 0.86602540
vn -0.77163428 -0.45399050 -0.44550326
vn 0.77163428 0.45399050 0.44550326
vn 0.50000000 -0.00000000 -0.86602540
vn -0.50000000 0.00000000 0.86602540
vn -0.61237244 -0.70710678 -0.35355339
vn 0.61237244 0.70710678 0.35355339
vn 0.50000000 -0.00000000 -0.86602540
vn -0.50000000 0.00000000 0.86602540
vn -0.39316731 -0.89100652 -0.22699525
vn 0.39316731 0.89100652 0.22699525
vn 0.50000000 -0.00000000 -0.86602540
vn -0.50000000 0.00000000 0.86602540
vn -0.13547622 -0.98768834 -0.07821723
vn 0.13547622 0.98768834 0.07821723
vn 0.50000000 0.00000000 -0.86602540
vn -0.50000000 0.00000000 0.86602540
vn 0.13547622 -0.98768834 0.07821723
vn -0.13547622 0.98768834 -0.07821723
vn 0.50000000 0.00000000 -0.86602540
vn -0.50000000 -0.00000000 0.86602540
vn 0.39316731 -0.89100652 0.22699525
vn -0.39316731 0.89100652 -0.22699525
vn 0.50000000 -0.00000000 -0.86602540
vn -0.50000000 0.00000000 0.86602540
vn 0.61237244 -0.70710678 0.35355339
vn -0.61237244 0.70710678 -0.35355339
vn 0.50000000 -0.00000000 -0.86602540
vn -0.50000000 0.00000000 0.86602540
vn 0.77163428 -0.45399050 0.44550326
vn -0.77163428 0.45399050 -0.44550326
vn 0.50000000 0.00000000 -0.86602540
vn -0.50000000 -0.00000000 0.86602540
vn 0.85536319 -0.15643447 0.49384417
vn -0.85536319 0.15643447 -0.49384417
vn 0.50000000 0.00000000 -0.86602540
vn -0.50000000 -0.00000000 0.86602540
vn 0.00000000 0.15643447 0.98768834
vn -0.00000000 -0.15643447 -0.98768834
vn 1.00000000 0.00000000 0.00000000
vn -1.00000000 0.00000000 0.00000000
vn 0.00000000 0.45399050 0.89100652
vn -0.00000000 -0.45399050 -0.89100652
vn 1.00000000 0.00000000 0.00000000
vn -1.00000000 0.00000000 0.00000000
vn 0.00000000 0.70710678 0.70710678
vn -0.00000000 -0.70710678 -0.70710678
vn 1.00000000 0.00000000 0.00000000
vn -1.00000000 0.00000000 0.00000000
vn 0.00000000 0.89100652 0.45399050
vn -0.00000000 -0.89100652 -0.45399050
vn 1.00000000 0.00000000 0.00000000
vn -1.00000000 0.00000000 0.00000000
vn 0.00000000 0.98768834 0.15643447
vn -0.00000000 -0.98768834 -0.15643447
vn 1.00000000 0.00000000 0.00000000
vn -1.00000000 0.00000000 0.00000000
vn -0.00000000 0.98768834 -0.15643447
vn 0.00000000 -0.98768834 0.15643447
vn 1.00000000 0.00000000 0.00000000
vn -1.00000000 0.00000000 0.00000000
vn -0.00000000 0.89100652 -0.45399050
vn 0.00000000 -0.89100652 0.45399050
vn 1.00000000 0.00000000 0.00000000
vn -1.00000000 0.00000000 0.00000000
vn -0.00000000 0.70710678 -0.70710678
vn 0.00000000 -0.70710678 0.70710678
vn 1.00000000 0.00000000 0.00000000
vn -1.00000000 0.00000000 0.00000000
vn -0.00000000 0.45399050 -0.89100652
vn 0.00000000 -0.45399050 0.89100652
vn 1.00000000 0.00000000 0.00000000
vn -1.00000000 0.00000000 0.00000000
vn -0.00000000 0.15643447 -0.98768834
vn 0.00000000 -0.15643447 0.98768834
vn 1.00000000 0.00000000 0.00000000
vn -1.00000000 0.00000000 0.00000000
vn -0.00000000 -0.15643447 -0.98768834
vn 0.00000000 0.15643447 0.98768834
vn 1.00000000 0.00000000 0.00000000
vn -1.00000000 0.00000000 0.00000000
vn -0.00000000 -0.45399050 -0.89100652
vn 0.00000000 0.45399050 0.89100652
vn 1.00000000 0.00000000 0.00000000
vn -1.00000000 0.00000000 0.00000000
vn -0.00000000 -0.70710678 -0.70710678
vn 0.00000000 0.70710678 0.70710678
vn 1.00000000 0.00000000 0.00000000
vn -1.00000000 0.00000000 0.00000000
vn -0.00000000 -0.89100652 -0.45399050
vn 0.00000000 0.89100652 0.45399050
vn 1.00000000 0.00000000 0.00000000
vn -1.00000000 0.00000000 0.00000000
vn -0.00000000 -0.98768834 -0.15643447
vn 0.00000000 0.98768834 0.15643447
vn 1.00000000 0.00000000 0.00000000
vn -1.00000000 0.00000000 0.00000000
vn 0.00000000 -0.98768834 0.15643447
vn -0.00000000 0.98768834 -0.15643447
vn 1.00000000 0.00000000 0.00000000
vn -1.00000000 0.00000000 0.00000000
vn 0.00000000 -0.89100652 0.45399050
vn -0.00000000 0.89100652 -0.45399050
vn 1.00000000 0.00000000 0.00000000
vn -1.00000000 0.00000000 0.00000000
vn 0.00000000 -0.70710678 0.70710678
vn -0.00000000 0.70710678 -0.70710678
vn 1.00000000 0.00000000 0.00000000
vn -1.00000000 0.00000000 0.00000000
vn 0.00000000 -0.45399050 0.89100652
vn -0.00000000 0.45399050 -0.89100652
vn 1.00000000 0.00000000 0.00000000
vn -1.00000000 0.00000000 0.00000000
vn 0.00000000 -0.15643447 0.98768834
vn -0.00000000 0.15643447 -0.98768834
vn 1.00000000 0.00000000 0.00000000
vn -1.00000000 0.00000000 0.00000000
vn 0.00000000 0.15643447 0.98768834
vn 0.00000000 -0.15643447 -0.98768834
vn 1.00000000 -0.00000000 0.00000000
vn -1.00000000 0.00000000 0.00000000
vn 0.00000000 0.45399050 0.89100652
vn 0.00000000 -0.45399050 -0.89100652
vn 1.00000000 0.00000000 0.00000000
vn -1.00000000 0.00000000 0.00000000
vn 0.00000000 0.70710678 0.70710678
vn 0.00000000 -0.70710678 -0.70710678
vn 1.00000000 0.00000000 0.00000000
vn -1.00000000 0.00000000 0.00000000
vn 0.00000000 0.89100652 0.45399050
vn -0.00000000 -0.89100652 -0.45399050
vn 1.00000000 0.00000000 0.00000000
vn -1.00000000 0.00000000 0.00000000
vn 0.00000000 0.98768834 0.15643447
vn -0.00000000 -0.98768834 -0.15643447
vn 1.00000000 0.00000000 0.00000000
vn -1.00000000 0.00000000 -0.00000000
vn -0.00000000 0.98768834 -0.15643447
vn 0.00000000 -0.98768834 0.15643447
vn 1.00000000 0.00000000 0.00000000
vn -1.00000000 0.00000000 0.00000000
vn 0.00000000 0.89100652 -0.45399050
vn 0.00000000 -0.89100652 0.45399050
vn 1.00000000 0.00000000 0.00000000
vn -1.00000000 0.00000000 0.00000000
vn 0.00000000 0.70710678 -0.70710678
vn 0.00000000 -0.70710678 0.70710678
vn 1.00000000 0.00000000 0.00000000
vn -1.00000000 0.00000000 0.00000000
vn 0.00000000 0.45399050 -0.89100652
vn 0.00000000 -0.45399050 0.89100652
vn 1.00000000 0.00000000 0.00000000
vn -1.00000000 0.00000000 0.00000000
vn 0.00000000 0.15643447 -0.98768834
vn 0.00000000 -0.15643447 0.98768834
vn 1.00000000 0.00000000 0.00000000
vn -1.00000000 -0.00000000 0.00000000
vn 0.00000000 -0.15643447 -0.98768834
vn 0.00000000 0.15643447 0.98768834
vn 1.00000000 0.00000000 0.00000000
vn -1.00000000 0.00000000 0.00000000
vn 0.00000000 -0.45399050 -0.89100652
vn 0.00000000 0.45399050 0.89100652
vn 1.00000000 0.00000000 0.00000000
vn -1.00000000 0.00000000 0.00000000
vn 0.00000000 -0.70710678 -0.70710678
vn 0.00000000 0.70710678 0.70710678
vn 1.00000000 0.00000000 0.00000000
vn -1.00000000 0.00000000 0.00000000
vn -0.00000000 -0.89100652 -0.45399050
vn 0.00000000 0.89100652 0.45399050
vn 1.00000000 0.00000000 0.00000000
vn -1.00000000 0.00000000 0.00000000
vn 0.00000000 -0.98768834 -0.15643447
vn 0.00000000 0.98768834 0.15643447
vn 1.00000000 0.00000000 0.00000000
vn -1.00000000 0.00000000 0.00000000
vn 0.00000000 -0.98768834 0.15643447
vn -0.00000000 0.98768834 -0.15643447
vn 1.00000000 0.00000000 -0.00000000
vn -1.00000000 0.00000000 0.00000000
vn 0.00000000 -0.89100652 0.45399050
vn 0.00000000 0.89100652 -0.45399050
vn 1.00000000 0.00000000 0.00000000
vn -1.00000000 0.00000000 0.00000000
vn 0.00000000 -0.70710678 0.70710678
vn 0.00000000 0.70710678 -0.70710678
vn 1.00000000 0.00000000 0.00000000
vn -1.00000000 0.00000000 0.00000000
vn 0.00000000 -0.45399050 0.89100652
vn 0.00000000 0.45399050 -0.89100652
vn 1.00000000 0.00000000 0.00000000
vn -1.00000000 0.00000000 0.00000000
vn 0.00000000 -0.15643447 0.98768834
vn 0.00000000 0.15643447 -0.98768834
vn 1.00000000 0.00000000 0.00000000
vn -1.00000000 0.00000000 0.00000000
vn -0.85536319 0.15643447 0.49384417
vn 0.85536319 -0.15643447 -0.49384417
vn 0.50000000 -0.00000000 0.86602540
vn -0.50000000 0.00000000 -0.86602540
vn -0.77163428 0.45399050 0.44550326
vn 0.77163428 -0.45399050 -0.44550326
vn 0.50000000 0.00000000 0.86602540
vn -0.50000000 -0.00000000 -0.86602540
vn -0.61237244 0.70710678 0.35355339
vn 0.61237244 -0.70710678 -0.35355339
vn 0.50000000 0.00000000 0.86602540
vn -0.50000000 -0.00000000 -0.86602540
vn -0.39316731 0.89100652 0.22699525
vn 0.39316731 -0.89100652 -0.22699525
vn 0.50000000 -0.00000000 0.86602540
vn -0.50000000 -0.00000000 -0.86602540
vn -0.13547622 0.98768834 0.07821723
vn 0.13547622 -0.98768834 -0.07821723
vn 0.50000000 0.00000000 0.86602540
vn -0.50000000 0.00000000 -0.86602540
vn 0.13547622 0.98768834 -0.07821723
vn -0.13547622 -0.98768834 0.07821723
vn 0.50000000 0.00000000 0.86602540
vn -0.50000000 0.00000000 -0.86602540
vn 0.39316731 0.89100652 -0.22699525
vn -0.39316731 -0.89100652 0.22699525
vn 0.50000000 0.00000000 0.86602540
vn -0.50000000 -0.00000000 -0.86602540
vn 0.61237244 0.70710678 -0.35355339
vn -0.61237244 -0.70710678 0.35355339
vn 0.50000000 0.00000000 0.86602540
vn -0.50000000 0.00000000 -0.86602540
vn 0.77163428 0.45399050 -0.44550326
vn -0.77163428 -0.45399050 0.44550326
vn 0.50000000 -0.00000000 0.86602540
vn -0.50000000 -0.00000000 -0.86602540
vn 0.85536319 0.15643447 -0.49384417
vn -0.85536319 -0.15643447 0.49384417
vn 0.50000000 0.00000000 0.86602540
vn -0.50000000 0.00000000 -0.86602540
vn 0.85536319 -0.15643447 -0.49384417
vn -0.85536319 0.15643447 0.49384417
vn 0.50000000 -0.00000000 0.86602540
vn -0.50000000 0.00000000 -0.86602540
vn 0.77163428 -0.45399050 -0.44550326
vn -0.77163428 0.45399050 0.44550326
vn 0.50000000 0.00000000 0.86602540
vn -0.50000000 -0.00000000 -0.86602540
vn 0.61237244 -0.70710678 -0.35355339
vn -0.61237244 0.70710678 0.35355339
vn 0.50000000 0.00000000 0.86602540
vn -0.50000000 -0.00000000 -0.86602540
vn 0.39316731 -0.89100652 -0.22699525
vn -0.39316731 0.89100652 0.22699525
vn 0.50000000 0.00000000 0.86602540
vn -0.50000000 -0.00000000 -0.86602540
vn 0.13547622 -0.98768834 -0.07821723
vn -0.13547622 0.98768834 0.07821723
vn 0.50000000 0.00000000 0.86602540
vn -0.50000000 0.00000000 -0.86602540
vn -0.13547622 -0.98768834 0.07821723
vn 0.13547622 0.98768834 -0.07821723
vn 0.50000000 0.00000000 0.86602540
vn -0.50000000 0.00000000 -0.86602540
vn -0.39316731 -0.89100652 0.22699525
vn 0.39316731 0.89100652 -0.22699525
vn 0.50000000 -0.00000000 0.86602540
vn -0.50000000 -0.00000000 -0.86602540
vn -0.61237244 -0.70710678 0.35355339
vn 0.61237244 0.70710678 -0.35355339
vn 0.50000000 -0.00000000 0.86602540
vn -0.50000000 0.00000000 -0.86602540
vn -0.77163428 -0.45399050 0.44550326
vn 0.77163428 0.45399050 -0.44550326
vn 0.50000000 0.00000000 0.86602540
vn -0.50000000 -0.00000000 -0.86602540
vn -0.85536319 -0.15643447 0.49384417
vn 0.85536319 0.15643447 -0.49384417
vn 0.50000000 -0.00000000 0.86602540
vn -0.50000000 0.00000000 -0.86602540
vn -0.85536319 0.15643447 0.49384417
vn 0.85536319 -0.15643447 -0.49384417
vn 0.50000000 0.00000000 0.86602540
vn -0.50000000 -0.00000000 -0.86602540
vn -0.77163428 0.45399050 0.44550326
vn 0.77163428 -0.45399050 -0.44550326
vn 0.50000000 0.00000000 0.86602540
vn -0.50000000 0.00000000 -0.86602540
vn -0.61237244 0.70710678 0.35355339
vn 0.61237244 -0.70710678 -0.35355339
vn 0.50000000 0.00000000 0.86602540
vn -0.50000000 -0.00000000 -0.86602540
vn -0.39316731 0.89100652 0.22699525
vn 0.39316731 -0.89100652 -0.22699525
vn 0.50000000 0.00000000 0.86602540
vn -0.50000000 -0.00000000 -0.86602540
vn -0.13547622 0.98768834 0.07821723
vn 0.13547622 -0.98768834 -0.07821723
vn 0.50000000 0.00000000 0.86602540
vn -0.50000000 0.00000000 -0.86602540
vn 0.13547622 0.98768834 -0.07821723
vn -0.13547622 -0.98768834 0.07821723
vn 0.50000000 -0.00000000 0.86602540
vn -0.50000000 0.00000000 -0.86602540
vn 0.39316731 0.89100652 -0.22699525
vn -0.39316731 -0.89100652 0.22699525
vn 0.50000000 -0.00000000 0.86602540
vn -0.50000000 -0.00000000 -0.86602540
vn 0.61237244 0.70710678 -0.35355339
vn -0.61237244 -0.70710678 0.35355339
vn 0.50000000 0.00000000 0.86602540
vn -0.50000000 -0.00000000 -0.86602540
vn 0.77163428 0.45399050 -0.44550326
vn -0.77163428 -0.45399050 0.44550326
vn 0.50000000 -0.00000000 0.86602540
vn -0.50000000 0.00000000 -0.86602540
vn 0.85536319 0.15643447 -0.49384417
vn -0.85536319 -0.15643447 0.49384417
vn 0.50000000 -0.00000000 0.86602540
vn -0.50000000 0.00000000 -0.86602540
vn 0.85536319 -0.15643447 -0.49384417
vn -0.85536319 0.15643447 0.49384417
vn 0.50000000 0.00000000 0.86602540
vn -0.50000000 0.00000000 -0.86602540
vn 0.77163428 -0.45399050 -0.44550326
vn -0.77163428 0.45399050 0.44550326
vn 0.50000000 0.00000000 0.86602540
vn -0.50000000 -0.00000000 -0.86602540
vn 0.61237244 -0.70710678 -0.35355339
vn -0.61237244 0.70710678 0.35355339
vn 0.50000000 0.00000000 0.86602540
vn -0.50000000 -0.00000000 -0.86602540
vn 0.39316731 -0.89100652 -0.22699525
vn -0.39316731 0.89100652 0.22699525
vn 0.50000000 0.00000000 0.86602540
vn -0.50000000 -0.00000000 -0.86602540
vn 0.13547622 -0.98768834 -0.07821723
vn -0.13547622 0.98768834 0.07821723
vn 0.50000000 0.00000000 0.86602540
vn -0.50000000 0.00000000 -0.86602540
vn -0.13547622 -0.98768834 0.07821723
vn 0.13547622 0.98768834 -0.07821723
vn 0.50000000 -0.00000000 0.86602540
vn -0.50000000 0.00000000 -0.86602540
vn -0.39316731 -0.89100652 0.22699525
vn 0.39316731 0.89100652 -0.22699525
vn 0.50000000 0.00000000 0.86602540
vn -0.50000000 -0.00000000 -0.86602540
vn -0.61237244 -0.70710678 0.35355339
vn 0.61237244 0.70710678 -0.35355339
vn 0.50000000 0.00000000 0.86602540
vn -0.50000000 -0.00000000 -0.86602540
vn -0.77163428 -0.45399050 0.44550326
vn 0.77163428 0.45399050 -0.44550326
vn 0.50000000 -0.00000000 0.86602540
vn -0.50000000 0.00000000 -0.86602540
vn -0.85536319 -0.15643447 0.49384417
vn 0.85536319 0.15643447 -0.49384417
vn 0.50000000 -0.00000000 0.86602540
vn -0.50000000 0.00000000 -0.86602540
vn -0.85536319 0.15643447 -0.49384417
vn 0.85536319 -0.15643447 0.49384417
vn -0.50000000 0.00000000 0.86602540
vn 0.50000000 0.00000000 -0.86602540
vn -0.77163428 0.45399050 -0.44550326
vn 0.77163428 -0.45399050 0.44550326
vn -0.50000000 0.00000000 0.86602540
vn 0.50000000 0.00000000 -0.86602540
vn -0.61237244 0.70710678 -0.35355339
vn 0.61237244 -0.70710678 0.35355339
vn -0.50000000 -0.00000000 0.86602540
vn 0.50000000 0.00000000 -0.86602540
vn -0.39316731 0.89100652 -0.22699525
vn 0.39316731 -0.89100652 0.22699525
vn -0.50000000 0.00000000 0.86602540
vn 0.50000000 0.00000000 -0.86602540
vn -0.13547622 0.98768834 -0.07821723
vn 0.13547622 -0.98768834 0.07821723
vn -0.50000000 0.00000000 0.86602540
vn 0.50000000 0.00000000 -0.86602540
vn 0.13547622 0.98768834 0.07821723
vn -0.13547622 -0.98768834 -0.07821723
vn -0.50000000 -0.00000000 0.86602540
vn 0.50000000 -0.00000000 -0.86602540
vn 0.39316731 0.89100652 0.22699525
vn -0.39316731 -0.89100652 -0.22699525
vn -0.50000000 0.00000000 0.86602540
vn 0.50000000 -0.00000000 -0.86602540
vn 0.61237244 0.70710678 0.35355339
vn -0.61237244 -0.70710678 -0.35355339
vn -0.50000000 0.00000000 0.86602540
vn 0.50000000 -0.00000000 -0.86602540
vn 0.77163428 0.45399050 0.44550326
vn -0.77163428 -0.45399050 -0.44550326
vn -0.50000000 -0.00000000 0.86602540
vn 0.50000000 0.00000000 -0.86602540
vn 0.85536319 0.15643447 0.49384417
vn -0.85536319 -0.15643447 -0.49384417
vn -0.50000000 0.00000000 0.86602540
vn 0.50000000 0.00000000 -0.86602540
vn 0.85536319 -0.15643447 0.49384417
vn -0.85536319 0.15643447 -0.49384417
vn -0.50000000 0.00000000 0.86602540
vn 0.50000000 -0.00000000 -0.86602540
vn 0.77163428 -0.45399050 0.44550326
vn -0.77163428 0.45399050 -0.44550326
vn -0.50000000 -0.00000000 0.86602540
vn 0.50000000 0.00000000 -0.86602540
vn 0.61237244 -0.70710678 0.35355339
vn -0.61237244 0.70710678 -0.35355339
vn -0.50000000 -0.00000000 0.86602540
vn 0.50000000 0.00000000 -0.86602540
vn 0.39316731 -0.89100652 0.22699525
vn -0.39316731 0.89100652 -0.22699525
vn -0.50000000 0.00000000 0.86602540
vn 0.50000000 0.00000000 -0.86602540
vn 0.13547622 -0.98768834 0.07821723
vn -0.13547622 0.98768834 -0.07821723
vn -0.50000000 0.00000000 0.86602540
vn 0.50000000 0.00000000 -0.86602540
vn -0.13547622 -0.98768834 -0.07821723
vn 0.13547622 0.98768834 0.07821723
vn -0.50000000 -0.00000000 0.86602540
vn 0.50000000 -0.00000000 -0.86602540
vn -0.39316731 -0.89100652 -0.22699525
vn 0.39316731 0.89100652 0.22699525
vn -0.50000000 0.00000000 0.86602540
vn 0.50000000 0.00000000 -0.86602540
vn -0.61237244 -0.70710678 -0.35355339
vn 0.61237244 0.70710678 0.35355339
vn -0.50000000 0.00000000 0.86602540
vn 0.50000000 -0.00000000 -0.86602540
vn -0.77163428 -0.45399050 -0.44550326
vn 0.77163428 0.45399050 0.44550326
vn -0.50000000 -0.00000000 0.86602540
vn 0.50000000 0.00000000 -0.86602540
vn -0.85536319 -0.15643447 -0.49384417
vn 0.85536319 0.15643447 0.49384417
vn -0.50000000 0.00000000 0.86602540
vn 0.50000000 0.00000000 -0.86602540
vn -0.85536319 0.15643447 -0.49384417
vn 0.85536319 -0.15643447 0.49384417
vn -0.50000000 0.00000000 0.86602540
vn 0.50000000 0.00000000 -0.86602540
vn -0.77163428 0.45399050 -0.44550326
vn 0.77163428 -0.45399050 0.44550326
vn -0.50000000 0.00000000 0.86602540
vn 0.50000000 -0.00000000 -0.86602540
vn -0.61237244 0.70710678 -0.35355339
vn 0.61237244 -0.70710678 0.35355339
vn -0.50000000 0.00000000 0.86602540
vn 0.50000000 -0.00000000 -0.86602540
vn -0.39316731 0.89100652 -0.22699525
vn 0.39316731 -0.89100652 0.22699525
vn -0.50000000 0.00000000 0.86602540
vn 0.50000000 -0.00000000 -0.86602540
vn -0.13547622 0.98768834 -0.07821723
vn 0.13547622 -0.98768834 0.07821723
vn -0.50000000 0.00000000 0.86602540
vn 0.50000000 0.00000000 -0.86602540
vn 0.13547622 0.98768834 0.07821723
vn -0.13547622 -0.98768834 -0.07821723
vn -0.50000000 -0.00000000 0.86602540
vn 0.50000000 0.00000000 -0.86602540
vn 0.39316731 0.89100652 0.22699525
vn -0.39316731 -0.89100652 -0.22699525
vn -0.50000000 -0.00000000 0.86602540
vn 0.50000000 0.00000000 -0.86602540
vn 0.61237244 0.70710678 0.35355339
vn -0.61237244 -0.70710678 -0.35355339
vn -0.50000000 0.00000000 0.86602540
vn 0.50000000 0.00000000 -0.86602540
vn 0.77163428 0.45399050 0.44550326
vn -0.77163428 -0.45399050 -0.44550326
vn -0.50000000 -0.00000000 0.86602540
vn 0.50000000 0.00000000 -0.86602540
vn 0.85536319 0.15643447 0.49384417
vn -0.85536319 -0.15643447 -0.49384417
vn -0.50000000 -0.00000000 0.86602540
vn 0.50000000 -0.00000000 -0.86602540
vn 0.85536319 -0.15643447 0.49384417
vn -0.85536319 0.15643447 -0.49384417
vn -0.50000000 0.00000000 0.86602540
vn 0.50000000 -0.00000000 -0.86602540
vn 0.77163428 -0.45399050 0.44550326
vn -0.77163428 0.45399050 -0.44550326
vn -0.50000000 0.00000000 0.86602540
vn 0.50000000 0.00000000 -0.86602540
vn 0.61237244 -0.70710678 0.35355339
vn -0.61237244 0.70710678 -0.35355339
vn -0.50000000 0.00000000 0.86602540
vn 0.50000000 -0.00000000 -0.86602540
vn 0.39316731 -0.89100652 0.22699525
vn -0.39316731 0.89100652 -0.22699525
vn -0.50000000 0.00000000 0.86602540
vn 0.50000000 -0.00000000 -0.86602540
vn 0.13547622 -0.98768834 0.07821723
vn -0.13547622 0.98768834 -0.07821723
vn -0.50000000 0.00000000 0.86602540
vn 0.50000000 0.00000000 -0.86602540
vn -0.13547622 -0.98768834 -0.07821723
vn 0.13547622 0.98768834 0.07821723
vn -0.50000000 -0.00000000 0.86602540
vn 0.50000000 0.00000000 -0.86602540
vn -0.39316731 -0.89100652 -0.22699525
vn 0.39316731 0.89100652 0.22699525
vn -0.50000000 -0.00000000 0.86602540
vn 0.50000000 0.00000000 -0.86602540
vn -0.61237244 -0.70710678 -0.35355339
vn 0.61237244 0.70710678 0.35355339
vn -0.50000000 0.00000000 0.86602540
vn 0.50000000 0.00000000 -0.86602540
vn -0.77163428 -0.45399050 -0.44550326
vn 0.77163428 0.45399050 0.44550326
vn -0.50000000 -0.00000000 0.86602540
vn 0.50000000 0.00000000 -0.86602540
vn -0.85536319 -0.15643447 -0.49384417
vn 0.85536319 0.15643447 0.49384417
vn -0.50000000 -0.00000000 0.86602540
vn 0.50000000 -0.00000000 -0.86602540
vn 0.13052619 0.00000000 0.99144486
vn -0.13052619 0.00000000 -0.99144486
vn 0.00000000 -1.00000000 0.00000000
vn 0.00000000 1.00000000 0.00000000
vn 0.38268343 0.00000000 0.92387953
vn -0.38268343 0.00000000 -0.92387953
vn 0.00000000 -1.00000000 0.00000000
vn 0.00000000 1.00000000 0.00000000
vn 0.60876143 0.00000000 0.79335334
vn -0.60876143 0.00000000 -0.79335334
vn 0.00000000 -1.00000000 0.00000000
vn 0.00000000 1.00000000 0.00000000
vn 0.79335334 0.00000000 0.60876143
vn -0.79335334 0.00000000 -0.60876143
vn 0.00000000 -1.00000000 0.00000000
vn 0.00000000 1.00000000 0.00000000
vn 0.92387953 0.00000000 0.38268343
vn -0.92387953 0.00000000 -0.38268343
vn 0.00000000 -1.00000000 0.00000000
vn 0.00000000 1.00000000 0.00000000
vn 0.99144486 0.00000000 0.13052619
vn -0.99144486 0.00000000 -0.13052619
vn 0.00000000 -1.00000000 0.00000000
vn 0.00000000 1.00000000 0.00000000
vn 0.99144486 0.00000000 -0.13052619
vn -0.99144486 0.00000000 0.13052619
vn 0.00000000 -1.00000000 -0.00000000
vn 0.00000000 1.00000000 0.00000000
vn 0.92387953 0.00000000 -0.38268343
vn -0.92387953 0.00000000 0.38268343
vn 0.00000000 -1.00000000 0.00000000
vn 0.00000000 1.00000000 0.00000000
vn 0.79335334 0.00000000 -0.60876143
vn -0.79335334 0.00000000 0.60876143
vn 0.00000000 -1.00000000 0.00000000
vn 0.00000000 1.00000000 0.00000000
vn 0.60876143 0.00000000 -0.79335334
vn -0.60876143 0.00000000 0.79335334
vn 0.00000000 -1.00000000 0.00000000
vn 0.00000000 1.00000000 0.00000000
vn 0.38268343 0.00000000 -0.92387953
vn -0.38268343 0.00000000 0.92387953
vn 0.00000000 -1.00000000 0.00000000
vn 0.00000000 1.00000000 0.00000000
vn 0.13052619 0.00000000 -0.99144486
vn -0.13052619 0.00000000 0.99144486
vn 0.00000000 -1.00000000 0.00000000
vn 0.00000000 1.00000000 0.00000000
vn -0.13052619 0.00000000 -0.99144486
vn 0.13052619 0.00000000 0.99144486
vn -0.00000000 -1.00000000 0.00000000
vn 0.00000000 1.00000000 0.00000000
vn -0.38268343 0.00000000 -0.92387953
vn 0.38268343 0.00000000 0.92387953
vn 0.00000000 -1.00000000 0.00000000
vn 0.00000000 1.00000000 0.00000000
vn -0.60876143 0.00000000 -0.79335334
vn 0.60876143 0.00000000 0.79335334
vn 0.00000000 -1.00000000 0.00000000
vn 0.00000000 1.00000000 0.00000000
vn -0.79335334 0.00000000 -0.60876143
vn 0.79335334 0.00000000 0.60876143
vn 0.00000000 -1.00000000 0.00000000
vn 0.00000000 1.00000000 0.00000000
vn -0.92387953 0.00000000 -0.38268343
vn 0.92387953 0.00000000 0.38268343
vn 0.00000000 -1.00000000 0.00000000
vn 0.00000000 1.00000000 0.00000000
vn -0.99144486 0.00000000 -0.13052619
vn 0.99144486 0.00000000 0.13052619
vn 0.00000000 -1.00000000 0.00000000
vn 0.00000000 1.00000000 -0.00000000
vn -0.99144486 0.00000000 0.13052619
vn 0.99144486 0.00000000 -0.13052619
vn 0.00000000 -1.00000000 0.00000000
vn 0.00000000 1.00000000 0.00000000
vn -0.92387953 0.00000000 0.38268343
vn 0.92387953 0.00000000 -0.38268343
vn 0.00000000 -1.00000000 0.00000000
vn 0.00000000 1.00000000 0.00000000
vn -0.79335334 0.00000000 0.60876143
vn 0.79335334 0.00000000 -0.60876143
vn 0.00000000 -1.00000000 0.00000000
vn 0.00000000 1.00000000 0.00000000
vn -0.60876143 0.00000000 0.79335334
vn 0.60876143 0.00000000 -0.79335334
vn 0.00000000 -1.00000000 0.00000000
vn 0.00000000 1.00000000 0.00000000
vn -0.38268343 0.00000000 0.92387953
vn 0.38268343 0.00000000 -0.92387953
vn 0.00000000 -1.00000000 0.00000000
vn 0.00000000 1.00000000 0.00000000
vn -0.13052619 0.00000000 0.99144486
vn 0.13052619 0.00000000 -0.99144486
vn 0.00000000 -1.00000000 0.00000000
vn -0.00000000 1.00000000 0.00000000
vn 0.13052619 0.00000000 0.99144486
vn -0.13052619 0.00000000 -0.99144486
vn 0.00000000 -1.00000000 0.00000000
vn 0.00000000 1.00000000 0.00000000
vn 0.38268343 0.00000000 0.92387953
vn -0.38268343 0.00000000 -0.92387953
vn 0.00000000 -1.00000000 0.00000000
vn 0.00000000 1.00000000 0.00000000
vn 0.60876143 0.00000000 0.79335334
vn -0.60876143 0.00000000 -0.79335334
vn 0.00000000 -1.00000000 0.00000000
vn 0.00000000 1.00000000 0.00000000
vn 0.79335334 0.00000000 0.60876143
vn -0.79335334 0.00000000 -0.60876143
vn 0.00000000 -1.00000000 0.00000000
vn 0.00000000 1.00000000 0.00000000
vn 0.92387953 0.00000000 0.38268343
vn -0.92387953 0.00000000 -0.38268343
vn 0.00000000 -1.00000000 0.00000000
vn 0.00000000 1.00000000 0.00000000
vn 0.99144486 0.00000000 0.13052619
vn -0.99144486 0.00000000 -0.13052619
vn 0.00000000 -1.00000000 0.00000000
vn 0.00000000 1.00000000 0.00000000
vn 0.99144486 0.00000000 -0.13052619
vn -0.99144486 0.00000000 0.13052619
vn 0.00000000 -1.00000000 -0.00000000
vn 0.00000000 1.00000000 0.00000000
vn 0.92387953 0.00000000 -0.38268343
vn -0.92387953 0.00000000 0.38268343
vn 0.00000000 -1.00000000 0.00000000
vn 0.00000000 1.00000000 0.00000000
vn 0.79335334 0.00000000 -0.60876143
vn -0.79335334 0.00000000 0.60876143
vn 0.00000000 -1.00000000 0.00000000
vn 0.00000000 1.00000000 0.00000000
vn 0.60876143 0.00000000 -0.79335334
vn -0.60876143 0.00000000 0.79335334
vn 0.00000000 -1.00000000 0.00000000
vn 0.00000000 1.00000000 0.00000000
vn 0.38268343 0.00000000 -0.92387953
vn -0.38268343 0.00000000 0.92387953
vn 0.00000000 -1.00000000 0.00000000
vn 0.00000000 1.00000000 0.00000000
vn 0.13052619 0.00000000 -0.99144486
vn -0.13052619 0.00000000 0.99144486
vn 0.00000000 -1.00000000 0.00000000
vn 0.00000000 1.00000000 0.00000000
vn -0.13052619 0.00000000 -0.99144486
vn 0.13052619 0.00000000 0.99144486
vn -0.00000000 -1.00000000 0.00000000
vn 0.00000000 1.00000000 0.00000000
vn -0.38268343 0.00000000 -0.92387953
vn 0.38268343 0.00000000 0.92387953
vn 0.00000000 -1.00000000 0.00000000
vn 0.00000000 1.00000000 0.00000000
vn -0.60876143 0.00000000 -0.79335334
vn 0.60876143 0.00000000 0.79335334
vn 0.00000000 -1.00000000 0.00000000
vn 0.00000000 1.00000000 0.00000000
vn -0.79335334 0.00000000 -0.60876143
vn 0.79335334 0.00000000 0.60876143
vn 0.00000000 -1.00000000 0.00000000
vn 0.00000000 1.00000000 0.00000000
vn -0.92387953 0.00000000 -0.38268343
vn 0.92387953 0.00000000 0.38268343
vn 0.00000000 -1.00000000 0.00000000
vn 0.00000000 1.00000000 0.00000000
vn -0.99144486 0.00000000 -0.13052619
vn 0.99144486 0.00000000 0.13052619
vn 0.00000000 -1.00000000 0.00000000
vn 0.00000000 1.00000000 -0.00000000
vn -0.99144486 0.00000000 0.13052619
vn 0.99144486 0.00000000 -0.13052619
vn 0.00000000 -1.00000000 0.00000000
vn 0.00000000 1.00000000 0.00000000
vn -0.92387953 0.00000000 0.38268343
vn 0.92387953 0.00000000 -0.38268343
vn 0.00000000 -1.00000000 0.00000000
vn 0.00000000 1.00000000 0.00000000
vn -0.79335334 0.00000000 0.60876143
vn 0.79335334 0.00000000 -0.60876143
vn 0.00000000 -1.00000000 0.00000000
vn 0.00000000 1.00000000 0.00000000
vn -0.60876143 0.00000000 0.79335334
vn 0.60876143 0.00000000 -0.79335334
vn 0.00000000 -1.00000000 0.00000000
vn 0.00000000 1.00000000 0.00000000
vn -0.38268343 0.00000000 0.92387953
vn 0.38268343 0.00000000 -0.92387953
vn 0.00000000 -1.00000000 0.00000000
vn 0.00000000 1.00000000 0.00000000
vn -0.13052619 0.00000000 0.99144486
vn 0.13052619 0.00000000 -0.99144486
vn 0.00000000 -1.00000000 0.00000000
vn -0.00000000 1.00000000 0.00000000
vn 0.13052619 0.00000000 0.99144486
vn -0.13052619 0.00000000 -0.99144486
vn 0.00000000 -1.00000000 0.00000000
vn 0.00000000 1.00000000 0.00000000
vn 0.38268343 0.00000000 0.92387953
vn -0.38268343 0.00000000 -0.92387953
vn 0.00000000 -1.00000000 0.00000000
vn 0.00000000 1.00000000 0.00000000
vn 0.60876143 0.00000000 0.79335334
vn -0.60876143 0.00000000 -0.79335334
vn 0.00000000 -1.00000000 0.00000000
vn 0.00000000 1.00000000 0.00000000
vn 0.79335334 0.00000000 0.60876143
vn -0.79335334 0.00000000 -0.60876143
vn 0.00000000 -1.00000000 0.00000000
vn 0.00000000 1.00000000 0.00000000
vn 0.92387953 0.00000000 0.38268343
vn -0.92387953 0.00000000 -0.38268343
vn 0.00000000 -1.00000000 0.00000000
vn 0.00000000 1.00000000 0.00000000
vn 0.99144486 0.00000000 0.13052619
vn -0.99144486 0.00000000 -0.13052619
vn 0.00000000 -1.00000000 0.00000000
vn 0.00000000 1.00000000 0.00000000
vn 0.99144486 0.00000000 -0.13052619
vn -0.99144486 0.00000000 0.13052619
vn 0.00000000 -1.00000000 -0.00000000
vn 0.00000000 1.00000000 0.00000000
vn 0.92387953 0.00000000 -0.38268343
vn -0.92387953 0.00000000 0.38268343
vn 0.00000000 -1.00000000 0.00000000
vn 0.00000000 1.00000000 0.00000000
vn 0.79335334 0.00000000 -0.60876143
vn -0.79335334 0.00000000 0.60876143
vn 0.00000000 -1.00000000 0.00000000
vn 0.00000000 1.00000000 0.00000000
vn 0.60876143 0.00000000 -0.79335334
vn -0.60876143 0.00000000 0.79335334
vn 0.00000000 -1.00000000 0.00000000
vn 0.00000000 1.00000000 0.00000000
vn 0.38268343 0.00000000 -0.92387953
vn -0.38268343 0.00000000 0.92387953
vn 0.00000000 -1.00000000 0.00000000
vn 0.00000000 1.00000000 0.00000000
vn 0.13052619 0.00000000 -0.99144486
vn -0.13052619 0.00000000 0.99144486
vn 0.00000000 -1.00000000 0.00000000
vn 0.00000000 1.00000000 0.00000000
vn -0.13052619 0.00000000 -0.99144486
vn 0.13052619 0.00000000 0.99144486
vn -0.00000000 -1.00000000 0.00000000
vn 0.00000000 1.00000000 0.00000000
vn -0.38268343 0.00000000 -0.92387953
vn 0.38268343 0.00000000 0.92387953
vn 0.00000000 -1.00000000 0.00000000
vn 0.00000000 1.00000000 0.00000000
vn -0.60876143 0.00000000 -0.79335334
vn 0.60876143 0.00000000 0.79335334
vn 0.00000000 -1.00000000 0.00000000
vn 0.00000000 1.00000000 0.00000000
vn -0.79335334 0.00000000 -0.60876143
vn 0.79335334 0.00000000 0.60876143
vn 0.00000000 -1.00000000 0.00000000
vn 0.00000000 1.00000000 0.00000000
vn -0.92387953 0.00000000 -0.38268343
vn 0.92387953 0.00000000 0.38268343
vn 0.00000000 -1.00000000 0.00000000
vn 0.00000000 1.00000000 0.00000000
vn -0.99144486 0.00000000 -0.13052619
vn 0.99144486 0.00000000 0.13052619
vn 0.00000000 -1.00000000 0.00000000
vn 0.00000000 1.00000000 -0.00000000
vn -0.99144486 0.00000000 0.13052619
vn 0.99144486 0.00000000 -0.13052619
vn 0.00000000 -1.00000000 0.00000000
vn 0.00000000 1.00000000 0.00000000
vn -0.92387953 0.00000000 0.38268343
vn 0.92387953 0.00000000 -0.38268343
vn 0.00000000 -1.00000000 0.00000000
vn 0.00000000 1.00000000 0.00000000
vn -0.79335334 0.00000000 0.60876143
vn 0.79335334 0.00000000 -0.60876143
vn 0.00000000 -1.00000000 0.00000000
vn 0.00000000 1.00000000 0.00000000
vn -0.60876143 0.00000000 0.79335334
vn 0.60876143 0.00000000 -0.79335334
vn 0.00000000 -1.00000000 0.00000000
vn 0.00000000 1.00000000 0.00000000
vn -0.38268343 0.00000000 0.92387953
vn 0.38268343 0.00000000 -0.92387953
vn 0.00000000 -1.00000000 0.00000000
vn 0.00000000 1.00000000 0.00000000
vn -0.13052619 0.00000000 0.99144486
vn 0.13052619 0.00000000 -0.99144486
vn 0.00000000 -1.00000000 0.00000000
vn -0.00000000 1.00000000 0.00000000
vn 0.13052619 0.00000000 0.99144486
vn -0.13052619 0.00000000 -0.99144486
vn 0.00000000 -1.00000000 0.00000000
vn 0.00000000 1.00000000 0.00000000
vn 0.38268343 0.00000000 0.92387953
vn -0.38268343 0.00000000 -0.92387953
vn 0.00000000 -1.00000000 0.00000000
vn 0.00000000 1.00000000 0.00000000
vn 0.60876143 0.00000000 0.79335334
vn -0.60876143 0.00000000 -0.79335334
vn 0.00000000 -1.00000000 0.00000000
vn 0.00000000 1.00000000 0.00000000
vn 0.79335334 0.00000000 0.60876143
vn -0.79335334 0.00000000 -0.60876143
vn 0.00000000 -1.00000000 0.00000000
vn 0.00000000 1.00000000 0.00000000
vn 0.92387953 0.00000000 0.38268343
vn -0.92387953 0.00000000 -0.38268343
vn 0.00000000 -1.00000000 0.00000000
vn 0.00000000 1.00000000 0.00000000
vn 0.99144486 0.00000000 0.13052619
vn -0.99144486 0.00000000 -0.13052619
vn 0.00000000 -1.00000000 0.00000000
vn 0.00000000 1.00000000 0.00000000
vn 0.99144486 0.00000000 -0.13052619
vn -0.99144486 0.00000000 0.13052619
vn 0.00000000 -1.00000000 -0.00000000
vn 0.00000000 1.00000000 0.00000000
vn 0.92387953 0.00000000 -0.38268343
vn -0.92387953 0.00000000 0.38268343
vn 0.00000000 -1.00000000 0.00000000
vn 0.00000000 1.00000000 0.00000000
vn 0.79335334 0.00000000 -0.60876143
vn -0.79335334 0.00000000 0.60876143
vn 0.00000000 -1.00000000 0.00000000
vn 0.00000000 1.00000000 0.00000000
vn 0.60876143 0.00000000 -0.79335334
vn -0.60876143 0.00000000 0.79335334
vn 0.00000000 -1.00000000 0.00000000
vn 0.00000000 1.00000000 0.00000000
vn 0.38268343 0.00000000 -0.92387953
vn -0.38268343 0.00000000 0.92387953
vn 0.00000000 -1.00000000 0.00000000
vn 0.00000000 1.00000000 0.00000000
vn 0.13052619 0.00000000 -0.99144486
vn -0.13052619 0.00000000 0.99144486
vn 0.00000000 -1.00000000 0.00000000
vn 0.00000000 1.00000000 0.00000000
vn -0.13052619 0.00000000 -0.99144486
vn 0.13052619 0.00000000 0.99144486
vn -0.00000000 -1.00000000 0.00000000
vn 0.00000000 1.00000000 0.00000000
vn -0.38268343 0.00000000 -0.92387953
vn 0.38268343 0.00000000 0.92387953
vn 0.00000000 -1.00000000 0.00000000
vn 0.00000000 1.00000000 0.00000000
vn -0.60876143 0.00000000 -0.79335334
vn 0.60876143 0.00000000 0.79335334
vn 0.00000000 -1.00000000 0.00000000
vn 0.00000000 1.00000000 0.00000000
vn -0.79335334 0.00000000 -0.60876143
vn 0.79335334 0.00000000 0.60876143
vn 0.00000000 -1.00000000 0.00000000
vn 0.00000000 1.00000000 0.00000000
vn -0.92387953 0.00000000 -0.38268343
vn 0.92387953 0.00000000 0.38268343
vn 0.00000000 -1.00000000 0.00000000
vn 0.00000000 1.00000000 0.00000000
vn -0.99144486 0.00000000 -0.13052619
vn 0.99144486 0.00000000 0.13052619
vn 0.00000000 -1.00000000 0.00000000
vn 0.00000000 1.00000000 -0.00000000
vn -0.99144486 0.00000000 0.13052619
vn 0.99144486 0.00000000 -0.13052619
vn 0.00000000 -1.00000000 0.00000000
vn 0.00000000 1.00000000 0.00000000
vn -0.92387953 0.00000000 0.38268343
vn 0.92387953 0.00000000 -0.38268343
vn 0.00000000 -1.00000000 0.00000000
vn 0.00000000 1.00000000 0.00000000
vn -0.79335334 0.00000000 0.60876143
vn 0.79335334 0.00000000 -0.60876143
vn 0.00000000 -1.00000000 0.00000000
vn 0.00000000 1.00000000 0.00000000
vn -0.60876143 0.00000000 0.79335334
vn 0.60876143 0.00000000 -0.79335334
vn 0.00000000 -1.00000000 0.00000000
vn 0.00000000 1.00000000 0.00000000
vn -0.38268343 0.00000000 0.92387953
vn 0.38268343 0.00000000 -0.92387953
vn 0.00000000 -1.00000000 0.00000000
vn 0.00000000 1.00000000 0.00000000
vn -0.13052619 0.00000000 0.99144486
vn 0.13052619 0.00000000 -0.99144486
vn 0.00000000 -1.00000000 0.00000000
vn -0.00000000 1.00000000 0.00000000
vn 0.13052619 0.00000000 0.99144486
vn -0.13052619 0.00000000 -0.99144486
vn 0.00000000 -1.00000000 0.00000000
vn 0.00000000 1.00000000 0.00000000
vn 0.38268343 0.00000000 0.92387953
vn -0.38268343 0.00000000 -0.92387953
vn 0.00000000 -1.00000000 0.00000000
vn 0.00000000 1.00000000 0.00000000
vn 0.60876143 0.00000000 0.79335334
vn -0.60876143 0.00000000 -0.79335334
vn 0.00000000 -1.00000000 0.00000000
vn 0.00000000 1.00000000 0.00000000
vn 0.79335334 0.00000000 0.60876143
vn -0.79335334 0.00000000 -0.60876143
vn 0.00000000 -1.00000000 0.00000000
vn 0.00000000 1.00000000 0.00000000
vn 0.92387953 0.00000000 0.38268343
vn -0.92387953 0.00000000 -0.38268343
vn 0.00000000 -1.00000000 0.00000000
vn 0.00000000 1.00000000 0.00000000
vn 0.99144486 0.00000000 0.13052619
vn -0.99144486 0.00000000 -0.13052619
vn 0.00000000 -1.00000000 0.00000000
vn 0.00000000 1.00000000 0.00000000
vn 0.99144486 0.00000000 -0.13052619
vn -0.99144486 0.00000000 0.13052619
vn 0.00000000 -1.00000000 -0.00000000
vn 0.00000000 1.00000000 0.00000000
vn 0.92387953 0.00000000 -0.38268343
vn -0.92387953 0.00000000 0.38268343
vn 0.00000000 -1.00000000 0.00000000
vn 0.00000000 1.00000000 0.00000000
vn 0.79335334 0.00000000 -0.60876143
vn -0.79335334 0.00000000 0.60876143
vn 0.00000000 -1.00000000 0.00000000
vn 0.00000000 1.00000000 0.00000000
vn 0.60876143 0.00000000 -0.79335334
vn -0.60876143 0.00000000 0.79335334
vn 0.00000000 -1.00000000 0.00000000
vn 0.00000000 1.00000000 0.00000000
vn 0.38268343 0.00000000 -0.92387953
vn -0.38268343 0.00000000 0.92387953
vn 0.00000000 -1.00000000 0.00000000
vn 0.00000000 1.00000000 0.00000000
vn 0.13052619 0.00000000 -0.99144486
vn -0.13052619 0.00000000 0.99144486
vn 0.00000000 -1.00000000 0.00000000
vn 0.00000000 1.00000000 0.00000000
vn -0.13052619 0.00000000 -0.99144486
vn 0.13052619 0.00000000 0.99144486
vn -0.00000000 -1.00000000 0.00000000
vn 0.00000000 1.00000000 0.00000000
vn -0.38268343 0.00000000 -0.92387953
vn 0.38268343 0.00000000 0.92387953
vn 0.00000000 -1.00000000 0.00000000
vn 0.00000000 1.00000000 0.00000000
vn -0.60876143 0.00000000 -0.79335334
vn 0.60876143 0.00000000 0.79335334
vn 0.00000000 -1.00000000 0.00000000
vn 0.00000000 1.00000000 0.00000000
vn -0.79335334 0.00000000 -0.60876143
vn 0.79335334 0.00000000 0.60876143
vn 0.00000000 -1.00000000 0.00000000
vn 0.00000000 1.00000000 0.00000000
vn -0.92387953 0.00000000 -0.38268343
vn 0.92387953 0.00000000 0.38268343
vn 0.00000000 -1.00000000 0.00000000
vn 0.00000000 1.00000000 0.00000000
vn -0.99144486 0.00000000 -0.13052619
vn 0.99144486 0.00000000 0.13052619
vn 0.00000000 -1.00000000 0.00000000
vn 0.00000000 1.00000000 -0.00000000
vn -0.99144486 0.00000000 0.13052619
vn 0.99144486 0.00000000 -0.13052619
vn 0.00000000 -1.00000000 0.00000000
vn 0.00000000 1.00000000 0.00000000
vn -0.92387953 0.00000000 0.38268343
vn 0.92387953 0.00000000 -0.38268343
vn 0.00000000 -1.00000000 0.00000000
vn 0.00000000 1.00000000 0.00000000
vn -0.79335334 0.00000000 0.60876143
vn 0.79335334 0.00000000 -0.60876143
vn 0.00000000 -1.00000000 0.00000000
vn 0.00000000 1.00000000 0.00000000
vn -0.60876143 0.00000000 0.79335334
vn 0.60876143 0.00000000 -0.79335334
vn 0.00000000 -1.00000000 0.00000000
vn 0.00000000 1.00000000 0.00000000
vn -0.38268343 0.00000000 0.92387953
vn 0.38268343 0.00000000 -0.92387953
vn 0.00000000 -1.00000000 0.00000000
vn 0.00000000 1.00000000 0.00000000
vn -0.13052619 0.00000000 0.99144486
vn 0.13052619 0.00000000 -0.99144486
vn 0.00000000 -1.00000000 0.00000000
vn -0.00000000 1.00000000 0.00000000
vn 0.13052619 0.00000000 0.99144486
vn -0.13052619 0.00000000 -0.99144486
vn 0.00000000 -1.00000000 0.00000000
vn 0.00000000 1.00000000 0.00000000
vn 0.38268343 0.00000000 0.92387953
vn -0.38268343 0.00000000 -0.92387953
vn 0.00000000 -1.00000000 0.00000000
vn 0.00000000 1.00000000 0.00000000
vn 0.60876143 0.00000000 0.79335334
vn -0.60876143 0.00000000 -0.79335334
vn 0.00000000 -1.00000000 0.00000000
vn 0.00000000 1.00000000 0.00000000
vn 0.79335334 0.00000000 0.60876143
vn -0.79335334 0.00000000 -0.60876143
vn 0.00000000 -1.00000000 0.00000000
vn 0.00000000 1.00000000 0.00000000
vn 0.92387953 0.00000000 0.38268343
vn -0.92387953 0.00000000 -0.38268343
vn 0.00000000 -1.00000000 0.00000000
vn 0.00000000 1.00000000 0.00000000
vn 0.99144486 0.00000000 0.13052619
vn -0.99144486 0.00000000 -0.13052619
vn 0.00000000 -1.00000000 0.00000000
vn 0.00000000 1.00000000 0.00000000
vn 0.99144486 0.00000000 -0.13052619
vn -0.99144486 0.00000000 0.13052619
vn 0.00000000 -1.00000000 -0.00000000
vn 0.00000000 1.00000000 0.00000000
vn 0.92387953 0.00000000 -0.38268343
vn -0.92387953 0.00000000 0.38268343
vn 0.00000000 -1.00000000 0.00000000
vn 0.00000000 1.00000000 0.00000000
vn 0.79335334 0.00000000 -0.60876143
vn -0.79335334 0.00000000 0.60876143
vn 0.00000000 -1.00000000 0.00000000
vn 0.00000000 1.00000000 0.00000000
vn 0.60876143 0.00000000 -0.79335334
vn -0.60876143 0.00000000 0.79335334
vn 0.00000000 -1.00000000 0.00000000
vn 0.00000000 1.00000000 0.00000000
vn 0.38268343 0.00000000 -0.92387953
vn -0.38268343 0.00000000 0.92387953
vn 0.00000000 -1.00000000 0.00000000
vn 0.00000000 1.00000000 0.00000000
vn 0.13052619 0.00000000 -0.99144486
vn -0.13052619 0.00000000 0.99144486
vn 0.00000000 -1.00000000 0.00000000
vn 0.00000000 1.00000000 0.00000000
vn -0.13052619 0.00000000 -0.99144486
vn 0.13052619 0.00000000 0.99144486
vn -0.00000000 -1.00000000 0.00000000
vn 0.00000000 1.00000000 0.00000000
vn -0.38268343 0.00000000 -0.92387953
vn 0.38268343 0.00000000 0.92387953
vn 0.00000000 -1.00000000 0.00000000
vn 0.00000000 1.00000000 0.00000000
vn -0.60876143 0.00000000 -0.79335334
vn 0.60876143 0.00000000 0.79335334
vn 0.00000000 -1.00000000 0.00000000
vn 0.00000000 1.00000000 0.00000000
vn -0.79335334 0.00000000 -0.60876143
vn 0.79335334 0.00000000 0.60876143
vn 0.00000000 -1.00000000 0.00000000
vn 0.00000000 1.00000000 0.00000000
vn -0.92387953 0.00000000 -0.38268343
vn 0.92387953 0.00000000 0.38268343
vn 0.00000000 -1.00000000 0.00000000
vn 0.00000000 1.00000000 0.00000000
vn -0.99144486 0.00000000 -0.13052619
vn 0.99144486 0.00000000 0.13052619
vn 0.00000000 -1.00000000 0.00000000
vn 0.00000000 1.00000000 -0.00000000
vn -0.99144486 0.00000000 0.13052619
vn 0.99144486 0.00000000 -0.13052619
vn 0.00000000 -1.00000000 0.00000000
vn 0.00000000 1.00000000 0.00000000
vn -0.92387953 0.00000000 0.38268343
vn 0.92387953 0.00000000 -0.38268343
vn 0.00000000 -1.00000000 0.00000000
vn 0.00000000 1.00000000 0.00000000
vn -0.79335334 0.00000000 0.60876143
vn 0.79335334 0.00000000 -0.60876143
vn 0.00000000 -1.00000000 0.00000000
vn 0.00000000 1.00000000 0.00000000
vn -0.60876143 0.00000000 0.79335334
vn 0.60876143 0.00000000 -0.79335334
vn 0.00000000 -1.00000000 0.00000000
vn 0.00000000 1.00000000 0.00000000
vn -0.38268343 0.00000000 0.92387953
vn 0.38268343 0.00000000 -0.92387953
vn 0.00000000 -1.00000000 0.00000000
vn 0.00000000 1.00000000 0.00000000
vn -0.13052619 0.00000000 0.99144486
vn 0.13052619 0.00000000 -0.99144486
vn 0.00000000 -1.00000000 0.00000000
vn -0.00000000 1.00000000 0.00000000
vn 0.00000000 0.25881905 0.96592583
vn 0.00000000 -0.25881905 -0.96592583
vn 1.00000000 -0.00000000 0.00000000
vn -1.00000000 0.00000000 0.00000000
vn 0.00000000 0.70710678 0.70710678
vn 0.00000000 -0.70710678 -0.70710678
vn 1.00000000 0.00000000 0.00000000
vn -1.00000000 0.00000000 0.00000000
vn 0.00000000 0.96592583 0.25881905
vn 0.00000000 -0.96592583 -0.25881905
vn 1.00000000 0.00000000 0.00000000
vn -1.00000000 0.00000000 -0.00000000
vn 0.00000000 0.96592583 -0.25881905
vn 0.00000000 -0.96592583 0.25881905
vn 1.00000000 0.00000000 0.00000000
vn -1.00000000 0.00000000 0.00000000
vn 0.00000000 0.70710678 -0.70710678
vn 0.00000000 -0.70710678 0.70710678
vn 1.00000000 0.00000000 0.00000000
vn -1.00000000 0.00000000 0.00000000
vn 0.00000000 0.25881905 -0.96592583
vn 0.00000000 -0.25881905 0.96592583
vn 1.00000000 0.00000000 0.00000000
vn -1.00000000 -0.00000000 0.00000000
vn 0.00000000 -0.25881905 -0.96592583
vn 0.00000000 0.25881905 0.96592583
vn 1.00000000 0.00000000 0.00000000
vn -1.00000000 0.00000000 0.00000000
vn 0.00000000 -0.70710678 -0.70710678
vn 0.00000000 0.70710678 0.70710678
vn 1.00000000 0.00000000 0.00000000
vn -1.00000000 0.00000000 0.00000000
vn 0.00000000 -0.96592583 -0.25881905
vn 0.00000000 0.96592583 0.25881905
vn 1.00000000 0.00000000 0.00000000
vn -1.00000000 0.00000000 0.00000000
vn 0.00000000 -0.96592583 0.25881905
vn 0.00000000 0.96592583 -0.25881905
vn 1.00000000 0.00000000 -0.00000000
vn -1.00000000 0.00000000 0.00000000
vn 0.00000000 -0.70710678 0.70710678
vn 0.00000000 0.70710678 -0.70710678
vn 1.00000000 0.00000000 0.00000000
vn -1.00000000 0.00000000 0.00000000
vn 0.00000000 -0.25881905 0.96592583
vn 0.00000000 0.25881905 -0.96592583
vn 1.00000000 0.00000000 0.00000000
vn -1.00000000 0.00000000 0.00000000
vn 0.00000000 0.25881905 -0.96592583
vn 0.00000000 -0.25881905 0.96592583
vn -1.00000000 0.00000000 0.00000000
vn 1.00000000 0.00000000 0.00000000
vn 0.00000000 0.70710678 -0.70710678
vn 0.00000000 -0.70710678 0.70710678
vn -1.00000000 0.00000000 0.00000000
vn 1.00000000 0.00000000 0.00000000
vn 0.00000000 0.96592583 -0.25881905
vn 0.00000000 -0.96592583 0.25881905
vn -1.00000000 0.00000000 0.00000000
vn 1.00000000 0.00000000 -0.00000000
vn 0.00000000 0.96592583 0.25881905
vn 0.00000000 -0.96592583 -0.25881905
vn -1.00000000 0.00000000 0.00000000
vn 1.00000000 0.00000000 0.00000000
vn 0.00000000 0.70710678 0.70710678
vn 0.00000000 -0.70710678 -0.70710678
vn -1.00000000 0.00000000 0.00000000
vn 1.00000000 0.00000000 0.00000000
vn 0.00000000 0.25881905 0.96592583
vn 0.00000000 -0.25881905 -0.96592583
vn -1.00000000 0.00000000 0.00000000
vn 1.00000000 0.00000000 0.00000000
vn 0.00000000 -0.25881905 0.96592583
vn 0.00000000 0.25881905 -0.96592583
vn -1.00000000 -0.00000000 0.00000000
vn 1.00000000 0.00000000 0.00000000
vn 0.00000000 -0.70710678 0.70710678
vn 0.00000000 0.70710678 -0.70710678
vn -1.00000000 0.00000000 0.00000000
vn 1.00000000 0.00000000 0.00000000
vn 0.00000000 -0.96592583 0.25881905
vn 0.00000000 0.96592583 -0.25881905
vn -1.00000000 0.00000000 0.00000000
vn 1.00000000 0.00000000 0.00000000
vn 0.00000000 -0.96592583 -0.25881905
vn 0.00000000 0.96592583 0.25881905
vn -1.00000000 0.00000000 -0.00000000
vn 1.00000000 0.00000000 0.00000000
vn 0.00000000 -0.70710678 -0.70710678
vn 0.00000000 0.70710678 0.70710678
vn -1.00000000 0.00000000 0.00000000
vn 1.00000000 0.00000000 0.00000000
vn 0.00000000 -0.25881905 -0.96592583
vn 0.00000000 0.25881905 0.96592583
vn -1.00000000 0.00000000 0.00000000
vn 1.00000000 -0.00000000 0.00000000
vn 0.00000000 0.25881905 0.96592583
vn 0.00000000 -0.25881905 -0.96592583
vn 1.00000000 -0.00000000 0.00000000
vn -1.00000000 0.00000000 0.00000000
vn 0.00000000 0.70710678 0.70710678
vn 0.00000000 -0.70710678 -0.70710678
vn 1.00000000 0.00000000 0.00000000
vn -1.00000000 0.00000000 0.00000000
vn 0.00000000 0.96592583 0.25881905
vn 0.00000000 -0.96592583 -0.25881905
vn 1.00000000 0.00000000 0.00000000
vn -1.00000000 0.00000000 -0.00000000
vn 0.00000000 0.96592583 -0.25881905
vn 0.00000000 -0.96592583 0.25881905
vn 1.00000000 0.00000000 0.00000000
vn -1.00000000 0.00000000 0.00000000
vn 0.00000000 0.70710678 -0.70710678
vn 0.00000000 -0.70710678 0.70710678
vn 1.00000000 0.00000000 0.00000000
vn -1.00000000 0.00000000 0.00000000
vn 0.00000000 0.25881905 -0.96592583
vn 0.00000000 -0.25881905 0.96592583
vn 1.00000000 0.00000000 0.00000000
vn -1.00000000 -0.00000000 0.00000000
vn 0.00000000 -0.25881905 -0.96592583
vn 0.00000000 0.25881905 0.96592583
vn 1.00000000 0.00000000 0.00000000
vn -1.00000000 0.00000000 0.00000000
vn 0.00000000 -0.70710678 -0.70710678
vn 0.00000000 0.70710678 0.70710678
vn 1.00000000 0.00000000 0.00000000
vn -1.00000000 0.00000000 0.00000000
vn 0.00000000 -0.96592583 -0.25881905
vn 0.00000000 0.96592583 0.25881905
vn 1.00000000 0.00000000 0.00000000
vn -1.00000000 0.00000000 0.00000000
vn 0.00000000 -0.96592583 0.25881905
vn 0.00000000 0.96592583 -0.25881905
vn 1.00000000 0.00000000 -0.00000000
vn -1.00000000 0.00000000 0.00000000
vn 0.00000000 -0.70710678 0.70710678
vn 0.00000000 0.70710678 -0.70710678
vn 1.00000000 0.00000000 0.00000000
vn -1.00000000 0.00000000 0.00000000
vn 0.00000000 -0.25881905 0.96592583
vn 0.00000000 0.25881905 -0.96592583
vn 1.00000000 0.00000000 0.00000000
vn -1.00000000 0.00000000 0.00000000
vn 0.00000000 0.25881905 -0.96592583
vn 0.00000000 -0.25881905 0.96592583
vn -1.00000000 0.00000000 0.00000000
vn 1.00000000 0.00000000 0.00000000
vn 0.00000000 0.70710678 -0.70710678
vn 0.00000000 -0.70710678 0.70710678
vn -1.00000000 0.00000000 0.00000000
vn 1.00000000 0.00000000 0.00000000
vn 0.00000000 0.96592583 -0.25881905
vn 0.00000000 -0.96592583 0.25881905
vn -1.00000000 0.00000000 0.00000000
vn 1.00000000 0.00000000 -0.00000000
vn 0.00000000 0.96592583 0.25881905
vn 0.00000000 -0.96592583 -0.25881905
vn -1.00000000 0.00000000 0.00000000
vn 1.00000000 0.00000000 0.00000000
vn 0.00000000 0.70710678 0.70710678
vn 0.00000000 -0.70710678 -0.70710678
vn -1.00000000 0.00000000 0.00000000
vn 1.00000000 0.00000000 0.00000000
vn 0.00000000 0.25881905 0.96592583
vn 0.00000000 -0.25881905 -0.96592583
vn -1.00000000 0.00000000 0.00000000
vn 1.00000000 0.00000000 0.00000000
vn 0.00000000 -0.25881905 0.96592583
vn 0.00000000 0.25881905 -0.96592583
vn -1.00000000 -0.00000000 0.00000000
vn 1.00000000 0.00000000 0.00000000
vn 0.00000000 -0.70710678 0.70710678
vn 0.00000000 0.70710678 -0.70710678
vn -1.00000000 0.00000000 0.00000000
vn 1.00000000 0.00000000 0.00000000
vn 0.00000000 -0.96592583 0.25881905
vn 0.00000000 0.96592583 -0.25881905
vn -1.00000000 0.00000000 0.00000000
vn 1.00000000 0.00000000 0.00000000
vn 0.00000000 -0.96592583 -0.25881905
vn 0.00000000 0.96592583 0.25881905
vn -1.00000000 0.00000000 -0.00000000
vn 1.00000000 0.00000000 0.00000000
vn 0.00000000 -0.70710678 -0.70710678
vn 0.00000000 0.70710678 0.70710678
vn -1.00000000 0.00000000 0.00000000
vn 1.00000000 0.00000000 0.00000000
vn 0.00000000 -0.25881905 -0.96592583
vn 0.00000000 0.25881905 0.96592583
vn -1.00000000 0.00000000 0.00000000
vn 1.00000000 -0.00000000 0.00000000
f 1/1/1 2/2/1 3/3/1
f 4/4/2 5/5/2 6/6/2
f 7/7/3 8/8/3 9/9/3
f 10/10/4 11/11/4 12/12/4
f 13/13/5 14/14/5 15/15/5
f 16/16/6 17/17/6 18/18/6
f 19/19/7 20/20/7 21/21/7
f 22/22/8 23/23/8 24/24/8
f 25/25/9 26/26/9 27/27/9
f 28/28/10 29/29/10 30/30/10
f 31/31/11 32/32/11 33/33/11
f 34/34/12 35/35/12 36/36/12
f 37/37/13 38/38/13 39/39/13
f 40/40/14 41/41/14 42/42/14
f 43/43/15 44/44/15 45/45/15
f 46/46/16 47/47/16 48/48/16
f 49/49/17 50/50/17 51/51/17
f 52/52/18 53/53/18 54/54/18
f 55/55/19 56/56/19 57/57/19
f 58/58/20 59/59/20 60/60/20
f 61/61/21 62/62/21 63/63/21
f 64/64/22 65/65/22 66/66/22
f 67/67/23 68/68/23 69/69/23
f 70/70/24 71/71/24 72/72/24
f 73/73/25 74/74/25 75/75/25
f 76/76/26 77/77/26 78/78/26
f 79/79/27 80/80/27 81/81/27
f 82/82/28 83/83/28 84/84/28
f 85/85/29 86/86/29 87/87/29
f 88/88/30 89/89/30 90/90/30
f 91/91/31 92/92/31 93/93/31
f 94/94/32 95/95/32 96/96/32
f 97/97/33 98/98/33 99/99/33 100/100/33
f 101/101/34 102/102/34 103/103/34 104/104/34
f 105/105/35 106/106/35 107/107/35 108/108/35
f 109/109/36 110/110/36 111/111/36 112/112/36
f 113/113/37 114/114/37 115/115/37 116/116/37
f 117/117/38 118/118/38 119/119/38 120/120/38
f 121/121/39 122/122/39 123/123/39 124/124/39
f 125/125/40 126/126/40 127/127/40 128/128/40
f 129/129/41 130/130/41 131/131/41 132/132/41
f 133/133/42 134/134/42 135/135/42 136/136/42
f 137/137/43 138/138/43 139/139/43 140/140/43
f 141/141/44 142/142/44 143/143/44 144/144/44
f 145/145/45 146/146/45 147/147/45 148/148/45
f 149/149/46 150/150/46 151/151/46 152/152/46
f 153/153/47 154/154/47 155/155/47 156/156/47
f 157/157/48 158/158/48 159/159/48 160/160/48
f 161/161/49 162/162/49 163/163/49 164/164/49
f 165/165/50 166/166/50 167/167/50 168/168/50
f 169/169/51 170/170/51 171/171/51 172/172/51
f 173/173/52 174/174/52 175/175/52 176/176/52
f 177/177/53 178/178/53 179/179/53 180/180/53
f 181/181/54 182/182/54 183/183/54 184/184/54
f 185/185/55 186/186/55 187/187/55 188/188/55
f 189/189/56 190/190/56 191/191/56 192/192/56
f 193/193/57 194/194/57 195/195/57 196/196/57
f 197/197/58 198/198/58 199/199/58 200/200/58
f 201/201/59 202/202/59 203/203/59 204/204/59
f 205/205/60 206/206/60 207/207/60 208/208/60
f 209/209/61 210/210/61 211/211/61 212/212/61
f 213/213/62 214/214/62 215/215/62 216/216/62
f 217/217/63 218/218/63 219/219/63 220/220/63
f 221/221/64 222/222/64 223/223/64 224/224/64
f 225/225/65 226/226/65 227/227/65 228/228/65
f 229/229/66 230/230/66 231/231/66 232/232/66
f 233/233/67 234/234/67 235/235/67 236/236/67
f 237/237/68 238/238/68 239/239/68 240/240/68
f 241/241/69 242/242/69 243/243/69 244/244/69
f 245/245/70 246/246/70 247/247/70 248/248/70
f 249/249/71 250/250/71 251/251/71 252/252/71
f 253/253/72 254/254/72 255/255/72 256/256/72
f 257/257/73 258/258/73 259/259/73 260/260/73
f 261/261/74 262/262/74 263/263/74 264/264/74
f 265/265/75 266/266/75 267/267/75 268/268/75
f 269/269/76 270/270/76 271/271/76 272/272/76
f 273/273/77 274/274/77 275/275/77 276/276/77
f 277/277/78 278/278/78 279/279/78 280/280/78
f 281/281/79 282/282/79 283/283/79 284/284/79
f 285/285/80 286/286/80 287/287/80 288/288/80
f 289/289/81 290/290/81 291/291/81 292/292/81
f 293/293/82 294/294/82 295/295/82 296/296/82
f 297/297/83 298/298/83 299/299/83 300/300/83
f 301/301/84 302/302/84 303/303/84 304/304/84
f 305/305/85 306/306/85 307/307/85 308/308/85
f 309/309/86 310/310/86 311/311/86 312/312/86
f 313/313/87 314/314/87 315/315/87 316/316/87
f 317/317/88 318/318/88 319/319/88 320/320/88
f 321/321/89 322/322/89 323/323/89 324/324/89
f 325/325/90 326/326/90 327/327/90 328/328/90
f 329/329/91 330/330/91 331/331/91 332/332/91
f 333/333/92 334/334/92 335/335/92 336/336/92
f 337/337/93 338/338/93 339/339/93 340/340/93
f 341/341/94 342/342/94 343/343/94 344/344/94
f 345/345/95 346/346/95 347/347/95 348/348/95
f 349/349/96 350/350/96 351/351/96 352/352/96
f 353/353/97 354/354/97 355/355/97 356/356/97
f 357/357/98 358/358/98 359/359/98 360/360/98
f 361/361/99 362/362/99 363/363/99 364/364/99
f 365/365/100 366/366/100 367/367/100 368/368/100
f 369/369/101 370/370/101 371/371/101 372/372/101
f 373/373/102 374/374/102 375/375/102 376/376/102
f 377/377/103 378/378/103 379/379/103 380/380/103
f 381/381/104 382/382/104 383/383/104 384/384/104
f 385/385/105 386/386/105 387/387/105 388/388/105
f 389/389/106 390/390/106 391/391/106 392/392/106
f 393/393/107 394/394/107 395/395/107 396/396/107
f 397/397/108 398/398/108 399/399/108 400/400/108
f 401/401/109 402/402/109 403/403/109 404/404/109
f 405/405/110 406/406/110 407/407/110 408/408/110
f 409/409/111 410/410/111 411/411/111 412/412/111
f 413/413/112 414/414/112 415/415/112 416/416/112
f 417/417/113 418/418/113 419/419/113 420/420/113
f 421/421/114 422/422/114 423/423/114 424/424/114
f 425/425/115 426/426/115 427/427/115 428/428/115
f 429/429/116 430/430/116 431/431/116 432/432/116
f 433/433/117 434/434/117 435/435/117 436/436/117
f 437/437/118 438/438/118 439/439/118 440/440/118
f 441/441/119 442/442/119 443/443/119 444/444/119
f 445/445/120 446/446/120 447/447/120 448/448/120
f 449/449/121 450/450/121 451/451/121 452/452/121
f 453/453/122 454/454/122 455/455/122 456/456/122
f 457/457/123 458/458/123 459/459/123 460/460/123
f 461/461/124 462/462/124 463/463/124 464/464/124
f 465/465/125 466/466/125 467/467/125 468/468/125
f 469/469/126 470/470/126 471/471/126 472/472/126
f 473/473/127 474/474/127 475/475/127 476/476/127
f 477/477/128 478/478/128 479/479/128 480/480/128
f 481/481/129 482/482/129 483/483/129 484/484/129
f 485/485/130 486/486/130 487/487/130 488/488/130
f 489/489/131 490/490/131 491/491/131 492/492/131
f 493/493/132 494/494/132 495/495/132 496/496/132
f 497/497/133 498/498/133 499/499/133 500/500/133
f 501/501/134 502/502/134 503/503/134 504/504/134
f 505/505/135 506/506/135 507/507/135 508/508/135
f 509/509/136 510/510/136 511/511/136 512/512/136
f 513/513/137 514/514/137 515/515/137 516/516/137
f 517/517/138 518/518/138 519/519/138 520/520/138
f 521/521/139 522/522/139 523/523/139 524/524/139
f 525/525/140 526/526/140 527/527/140 528/528/140
f 529/529/141 530/530/141 531/531/141 532/532/141
f 533/533/142 534/534/142 535/535/142 536/536/142
f 537/537/143 538/538/143 539/539/143 540/540/143
f 541/541/144 542/542/144 543/543/144 544/544/144
f 545/545/145 546/546/145 547/547/145 548/548/145
f 549/549/146 550/550/146 551/551/146 552/552/146
f 553/553/147 554/554/147 555/555/147 556/556/147
f 557/557/148 558/558/148 559/559/148 560/560/148
f 561/561/149 562/562/149 563/563/149 564/564/149
f 565/565/150 566/566/150 567/567/150 568/568/150
f 569/569/151 570/570/151 571/571/151 572/572/151
f 573/573/152 574/574/152 575/575/152 576/576/152
f 577/577/153 578/578/153 579/579/153 580/580/153
f 581/581/154 582/582/154 583/583/154 584/584/154
f 585/585/155 586/586/155 587/587/155 588/588/155
f 589/589/156 590/590/156 591/591/156 592/592/156
f 593/593/157 594/594/157 595/595/157 596/596/157
f 597/597/158 598/598/158 599/599/158 600/600/158
f 601/601/159 602/602/159 603/603/159 604/604/159
f 605/605/160 606/606/160 607/607/160 608/608/160
f 609/609/161 610/610/161 611/611/161 612/612/161
f 613/613/162 614/614/162 615/615/162 616/616/162
f 617/617/163 618/618/163 619/619/163 620/620/163
f 621/621/164 622/622/164 623/623/164 624/624/164
f 625/625/165 626/626/165 627/627/165 628/628/165
f 629/629/166 630/630/166 631/631/166 632/632/166
f 633/633/167 634/634/167 635/635/167 636/636/167
f 637/637/168 638/638/168 639/639/168 640/640/168
f 641/641/169 642/642/169 643/643/169 644/644/169
f 645/645/170 646/646/170 647/647/170 648/648/170
f 649/649/171 650/650/171 651/651/171 652/652/171
f 653/653/172 654/654/172 655/655/172 656/656/172
f 657/657/173 658/658/173 659/659/173 660/660/173
f 661/661/174 662/662/174 663/663/174 664/664/174
f 665/665/175 666/666/175 667/667/175 668/668/175
f 669/669/176 670/670/176 671/671/176 672/672/176
f 673/673/177 674/674/177 675/675/177 676/676/177
f 677/677/178 678/678/178 679/679/178 680/680/178
f 681/681/179 682/682/179 683/683/179 684/684/179
f 685/685/180 686/686/180 687/687/180 688/688/180
f 689/689/181 690/690/181 691/691/181 692/692/181
f 693/693/182 694/694/182 695/695/182 696/696/182
f 697/697/183 698/698/183 699/699/183 700/700/183
f 701/701/184 702/702/184 703/703/184 704/704/184
f 705/705/185 706/706/185 707/707/185 708/708/185
f 709/709/186 710/710/186 711/711/186 712/712/186
f 713/713/187 714/714/187 715/715/187 716/716/187
f 717/717/188 718/718/188 719/719/188 720/720/188
f 721/721/189 722/722/189 723/723/189 724/724/189
f 725/725/190 726/726/190 727/727/190 728/728/190
f 729/729/191 730/730/191 731/731/191 732/732/191
f 733/733/192 734/734/192 735/735/192 736/736/192
f 737/737/193 738/738/193 739/739/193 740/740/193
f 741/741/194 742/742/194 743/743/194 744/744/194
f 745/745/195 746/746/195 747/747/195 748/748/195
f 749/749/196 750/750/196 751/751/196 752/752/196
f 753/753/197 754/754/197 755/755/197 756/756/197
f 757/757/198 758/758/198 759/759/198 760/760/198
f 761/761/199 762/762/199 763/763/199 764/764/199
f 765/765/200 766/766/200 767/767/200 768/768/200
f 769/769/201 770/770/201 771/771/201 772/772/201
f 773/773/202 774/774/202 775/775/202 776/776/202
f 777/777/203 778/778/203 779/779/203 780/780/203
f 781/781/204 782/782/204 783/783/204 784/784/204
f 785/785/205 786/786/205 787/787/205 788/788/205
f 789/789/206 790/790/206 791/791/206 792/792/206
f 793/793/207 794/794/207 795/795/207 796/796/207
f 797/797/208 798/798/208 799/799/208 800/800/208
f 801/801/209 802/802/209 803/803/209 804/804/209
f 805/805/210 806/806/210 807/807/210 808/808/210
f 809/809/211 810/810/211 811/811/211 812/812/211
f 813/813/212 814/814/212 815/815/212 816/816/212
f 817/817/213 818/818/213 819/819/213 820/820/213
f 821/821/214 822/822/214 823/823/214 824/824/214
f 825/825/215 826/826/215 827/827/215 828/828/215
f 829/829/216 830/830/216 831/831/216 832/832/216
f 833/833/217 834/834/217 835/835/217 836/836/217
f 837/837/218 838/838/218 839/839/218 840/840/218
f 841/841/219 842/842/219 843/843/219 844/844/219
f 845/845/220 846/846/220 847/847/220 848/848/220
f 849/849/221 850/850/221 851/851/221 852/852/221
f 853/853/222 854/854/222 855/855/222 856/856/222
f 857/857/223 858/858/223 859/859/223 860/860/223
f 861/861/224 862/862/224 863/863/224 864/864/224
f 865/865/225 866/866/225 867/867/225 868/868/225
f 869/869/226 870/870/226 871/871/226 872/872/226
f 873/873/227 874/874/227 875/875/227 876/876/227
f 877/877/228 878/878/228 879/879/228 880/880/228
f 881/881/229 882/882/229 883/883/229 884/884/229
f 885/885/230 886/886/230 887/887/230 888/888/230
f 889/889/231 890/890/231 891/891/231 892/892/231
f 893/893/232 894/894/232 895/895/232 896/896/232
f 897/897/233 898/898/233 899/899/233 900/900/233
f 901/901/234 902/902/234 903/903/234 904/904/234
f 905/905/235 906/906/235 907/907/235 908/908/235
f 909/909/236 910/910/236 911/911/236 912/912/236
f 913/913/237 914/914/237 915/915/237 916/916/237
f 917/917/238 918/918/238 919/919/238 920/920/238
f 921/921/239 922/922/239 923/923/239 924/924/239
f 925/925/240 926/926/240 927/927/240 928/928/240
f 929/929/241 930/930/241 931/931/241 932/932/241
f 933/933/242 934/934/242 935/935/242 936/936/242
f 937/937/243 938/938/243 939/939/243 940/940/243
f 941/941/244 942/942/244 943/943/244 944/944/244
f 945/945/245 946/946/245 947/947/245 948/948/245
f 949/949/246 950/950/246 951/951/246 952/952/246
f 953/953/247 954/954/247 955/955/247 956/956/247
f 957/957/248 958/958/248 959/959/248 960/960/248
f 961/961/249 962/962/249 963/963/249 964/964/249
f 965/965/250 966/966/250 967/967/250 968/968/250
f 969/969/251 970/970/251 971/971/251 972/972/251
f 973/973/252 974/974/252 975/975/252 976/976/252
f 977/977/253 978/978/253 979/979/253 980/980/253
f 981/981/254 982/982/254 983/983/254 984/984/254
f 985/985/255 986/986/255 987/987/255 988/988/255
f 989/989/256 990/990/256 991/991/256 992/992/256
f 993/993/257 994/994/257 995/995/257 996/996/257
f 997/997/258 998/998/258 999/999/258 1000/1000/258
f 1001/1001/259 1002/1002/259 1003/1003/259 1004/1004/259
f 1005/1005/260 1006/1006/260 1007/1007/260 1008/1008/260
f 1009/1009/261 1010/1010/261 1011/1011/261 1012/1012/261
f 1013/1013/262 1014/1014/262 1015/1015/262 1016/1016/262
f 1017/1017/263 1018/1018/263 1019/1019/263 1020/1020/263
f 1021/1021/264 1022/1022/264 1023/1023/264 1024/1024/264
f 1025/1025/265 1026/1026/265 1027/1027/265 1028/1028/265
f 1029/1029/266 1030/1030/266 1031/1031/266 1032/1032/266
f 1033/1033/267 1034/1034/267 1035/1035/267 1036/1036/267
f 1037/1037/268 1038/1038/268 1039/1039/268 1040/1040/268
f 1041/1041/269 1042/1042/269 1043/1043/269 1044/1044/269
f 1045/1045/270 1046/1046/270 1047/1047/270 1048/1048/270
f 1049/1049/271 1050/1050/271 1051/1051/271 1052/1052/271
f 1053/1053/272 1054/1054/272 1055/1055/272 1056/1056/272
f 1057/1057/273 1058/1058/273 1059/1059/273 1060/1060/273
f 1061/1061/274 1062/1062/274 1063/1063/274 1064/1064/274
f 1065/1065/275 1066/1066/275 1067/1067/275 1068/1068/275
f 1069/1069/276 1070/1070/276 1071/1071/276 1072/1072/276
f 1073/1073/277 1074/1074/277 1075/1075/277 1076/1076/277
f 1077/1077/278 1078/1078/278 1079/1079/278 1080/1080/278
f 1081/1081/279 1082/1082/279 1083/1083/279 1084/1084/279
f 1085/1085/280 1086/1086/280 1087/1087/280 1088/1088/280
f 1089/1089/281 1090/1090/281 1091/1091/281 1092/1092/281
f 1093/1093/282 1094/1094/282 1095/1095/282 1096/1096/282
f 1097/1097/283 1098/1098/283 1099/1099/283 1100/1100/283
f 1101/1101/284 1102/1102/284 1103/1103/284 1104/1104/284
f 1105/1105/285 1106/1106/285 1107/1107/285 1108/1108/285
f 1109/1109/286 1110/1110/286 1111/1111/286 1112/1112/286
f 1113/1113/287 1114/1114/287 1115/1115/287 1116/1116/287
f 1117/1117/288 1118/1118/288 1119/1119/288 1120/1120/288
f 1121/1121/289 1122/1122/289 1123/1123/289 1124/1124/289
f 1125/1125/290 1126/1126/290 1127/1127/290 1128/1128/290
f 1129/1129/291 1130/1130/291 1131/1131/291 1132/1132/291
f 1133/1133/292 1134/1134/292 1135/1135/292 1136/1136/292
f 1137/1137/293 1138/1138/293 1139/1139/293 1140/1140/293
f 1141/1141/294 1142/1142/294 1143/1143/294 1144/1144/294
f 1145/1145/295 1146/1146/295 1147/1147/295 1148/1148/295
f 1149/1149/296 1150/1150/296 1151/1151/296 1152/1152/296
f 1153/1153/297 1154/1154/297 1155/1155/297 1156/1156/297
f 1157/1157/298 1158/1158/298 1159/1159/298 1160/1160/298
f 1161/1161/299 1162/1162/299 1163/1163/299 1164/1164/299
f 1165/1165/300 1166/1166/300 1167/1167/300 1168/1168/300
f 1169/1169/301 1170/1170/301 1171/1171/301 1172/1172/301
f 1173/1173/302 1174/1174/302 1175/1175/302 1176/1176/302
f 1177/1177/303 1178/1178/303 1179/1179/303 1180/1180/303
f 1181/1181/304 1182/1182/304 1183/1183/304 1184/1184/304
f 1185/1185/305 1186/1186/305 1187/1187/305 1188/1188/305
f 1189/1189/306 1190/1190/306 1191/1191/306 1192/1192/306
f 1193/1193/307 1194/1194/307 1195/1195/307 1196/1196/307
f 1197/1197/308 1198/1198/308 1199/1199/308 1200/1200/308
f 1201/1201/309 1202/1202/309 1203/1203/309 1204/1204/309
f 1205/1205/310 1206/1206/310 1207/1207/310 1208/1208/310
f 1209/1209/311 1210/1210/311 1211/1211/311 1212/1212/311
f 1213/1213/312 1214/1214/312 1215/1215/312 1216/1216/312
f 1217/1217/313 1218/1218/313 1219/1219/313 1220/1220/313
f 1221/1221/314 1222/1222/314 1223/1223/314 1224/1224/314
f 1225/1225/315 1226/1226/315 1227/1227/315 1228/1228/315
f 1229/1229/316 1230/1230/316 1231/1231/316 1232/1232/316
f 1233/1233/317 1234/1234/317 1235/1235/317 1236/1236/317
f 1237/1237/318 1238/1238/318 1239/1239/318 1240/1240/318
f 1241/1241/319 1242/1242/319 1243/1243/319 1244/1244/319
f 1245/1245/320 1246/1246/320 1247/1247/320 1248/1248/320
f 1249/1249/321 1250/1250/321 1251/1251/321 1252/1252/321
f 1253/1253/322 1254/1254/322 1255/1255/322 1256/1256/322
f 1257/1257/323 1258/1258/323 1259/1259/323 1260/1260/323
f 1261/1261/324 1262/1262/324 1263/1263/324 1264/1264/324
f 1265/1265/325 1266/1266/325 1267/1267/325 1268/1268/325
f 1269/1269/326 1270/1270/326 1271/1271/326 1272/1272/326
f 1273/1273/327 1274/1274/327 1275/1275/327 1276/1276/327
f 1277/1277/328 1278/1278/328 1279/1279/328 1280/1280/328
f 1281/1281/329 1282/1282/329 1283/1283/329 1284/1284/329
f 1285/1285/330 1286/1286/330 1287/1287/330 1288/1288/330
f 1289/1289/331 1290/1290/331 1291/1291/331 1292/1292/331
f 1293/1293/332 1294/1294/332 1295/1295/332 1296/1296/332
f 1297/1297/333 1298/1298/333 1299/1299/333 1300/1300/333
f 1301/1301/334 1302/1302/334 1303/1303/334 1304/1304/334
f 1305/1305/335 1306/1306/335 1307/1307/335 1308/1308/335
f 1309/1309/336 1310/1310/336 1311/1311/336 1312/1312/336
f 1313/1313/337 1314/1314/337 1315/1315/337 1316/1316/337
f 1317/1317/338 1318/1318/338 1319/1319/338 1320/1320/338
f 1321/1321/339 1322/1322/339 1323/1323/339 1324/1324/339
f 1325/1325/340 1326/1326/340 1327/1327/340 1328/1328/340
f 1329/1329/341 1330/1330/341 1331/1331/341 1332/1332/341
f 1333/1333/342 1334/1334/342 1335/1335/342 1336/1336/342
f 1337/1337/343 1338/1338/343 1339/1339/343 1340/1340/343
f 1341/1341/344 1342/1342/344 1343/1343/344 1344/1344/344
f 1345/1345/345 1346/1346/345 1347/1347/345 1348/1348/345
f 1349/1349/346 1350/1350/346 1351/1351/346 1352/1352/346
f 1353/1353/347 1354/1354/347 1355/1355/347 1356/1356/347
f 1357/1357/348 1358/1358/348 1359/1359/348 1360/1360/348
f 1361/1361/349 1362/1362/349 1363/1363/349 1364/1364/349
f 1365/1365/350 1366/1366/350 1367/1367/350 1368/1368/350
f 1369/1369/351 1370/1370/351 1371/1371/351 1372/1372/351
f 1373/1373/352 1374/1374/352 1375/1375/352 1376/1376/352
f 1377/1377/353 1378/1378/353 1379/1379/353 1380/1380/353
f 1381/1381/354 1382/1382/354 1383/1383/354 1384/1384/354
f 1385/1385/355 1386/1386/355 1387/1387/355 1388/1388/355
f 1389/1389/356 1390/1390/356 1391/1391/356 1392/1392/356
f 1393/1393/357 1394/1394/357 1395/1395/357 1396/1396/357
f 1397/1397/358 1398/1398/358 1399/1399/358 1400/1400/358
f 1401/1401/359 1402/1402/359 1403/1403/359 1404/1404/359
f 1405/1405/360 1406/1406/360 1407/1407/360 1408/1408/360
f 1409/1409/361 1410/1410/361 1411/1411/361 1412/1412/361
f 1413/1413/362 1414/1414/362 1415/1415/362 1416/1416/362
f 1417/1417/363 1418/1418/363 1419/1419/363 1420/1420/363
f 1421/1421/364 1422/1422/364 1423/1423/364 1424/1424/364
f 1425/1425/365 1426/1426/365 1427/1427/365 1428/1428/365
f 1429/1429/366 1430/1430/366 1431/1431/366 1432/1432/366
f 1433/1433/367 1434/1434/367 1435/1435/367 1436/1436/367
f 1437/1437/368 1438/1438/368 1439/1439/368 1440/1440/368
f 1441/1441/369 1442/1442/369 1443/1443/369 1444/1444/369
f 1445/1445/370 1446/1446/370 1447/1447/370 1448/1448/370
f 1449/1449/371 1450/1450/371 1451/1451/371 1452/1452/371
f 1453/1453/372 1454/1454/372 1455/1455/372 1456/1456/372
f 1457/1457/373 1458/1458/373 1459/1459/373 1460/1460/373
f 1461/1461/374 1462/1462/374 1463/1463/374 1464/1464/374
f 1465/1465/375 1466/1466/375 1467/1467/375 1468/1468/375
f 1469/1469/376 1470/1470/376 1471/1471/376 1472/1472/376
f 1473/1473/377 1474/1474/377 1475/1475/377 1476/1476/377
f 1477/1477/378 1478/1478/378 1479/1479/378 1480/1480/378
f 1481/1481/379 1482/1482/379 1483/1483/379 1484/1484/379
f 1485/1485/380 1486/1486/380 1487/1487/380 1488/1488/380
f 1489/1489/381 1490/1490/381 1491/1491/381 1492/1492/381
f 1493/1493/382 1494/1494/382 1495/1495/382 1496/1496/382
f 1497/1497/383 1498/1498/383 1499/1499/383 1500/1500/383
f 1501/1501/384 1502/1502/384 1503/1503/384 1504/1504/384
f 1505/1505/385 1506/1506/385 1507/1507/385 1508/1508/385
f 1509/1509/386 1510/1510/386 1511/1511/386 1512/1512/386
f 1513/1513/387 1514/1514/387 1515/1515/387 1516/1516/387
f 1517/1517/388 1518/1518/388 1519/1519/388 1520/1520/388
f 1521/1521/389 1522/1522/389 1523/1523/389 1524/1524/389
f 1525/1525/390 1526/1526/390 1527/1527/390 1528/1528/390
f 1529/1529/391 1530/1530/391 1531/1531/391 1532/1532/391
f 1533/1533/392 1534/1534/392 1535/1535/392 1536/1536/392
f 1537/1537/393 1538/1538/393 1539/1539/393 1540/1540/393
f 1541/1541/394 1542/1542/394 1543/1543/394 1544/1544/394
f 1545/1545/395 1546/1546/395 1547/1547/395 1548/1548/395
f 1549/1549/396 1550/1550/396 1551/1551/396 1552/1552/396
f 1553/1553/397 1554/1554/397 1555/1555/397 1556/1556/397
f 1557/1557/398 1558/1558/398 1559/1559/398 1560/1560/398
f 1561/1561/399 1562/1562/399 1563/1563/399 1564/1564/399
f 1565/1565/400 1566/1566/400 1567/1567/400 1568/1568/400
f 1569/1569/401 1570/1570/401 1571/1571/401 1572/1572/401
f 1573/1573/402 1574/1574/402 1575/1575/402 1576/1576/402
f 1577/1577/403 1578/1578/403 1579/1579/403 1580/1580/403
f 1581/1581/404 1582/1582/404 1583/1583/404 1584/1584/404
f 1585/1585/405 1586/1586/405 1587/1587/405 1588/1588/405
f 1589/1589/406 1590/1590/406 1591/1591/406 1592/1592/406
f 1593/1593/407 1594/1594/407 1595/1595/407 1596/1596/407
f 1597/1597/408 1598/1598/408 1599/1599/408 1600/1600/408
f 1601/1601/409 1602/1602/409 1603/1603/409 1604/1604/409
f 1605/1605/410 1606/1606/410 1607/1607/410 1608/1608/410
f 1609/1609/411 1610/1610/411 1611/1611/411 1612/1612/411
f 1613/1613/412 1614/1614/412 1615/1615/412 1616/1616/412
f 1617/1617/413 1618/1618/413 1619/1619/413 1620/1620/413
f 1621/1621/414 1622/1622/414 1623/1623/414 1624/1624/414
f 1625/1625/415 1626/1626/415 1627/1627/415 1628/1628/415
f 1629/1629/416 1630/1630/416 1631/1631/416 1632/1632/416
f 1633/1633/417 1634/1634/417 1635/1635/417 1636/1636/417
f 1637/1637/418 1638/1638/418 1639/1639/418 1640/1640/418
f 1641/1641/419 1642/1642/419 1643/1643/419 1644/1644/419
f 1645/1645/420 1646/1646/420 1647/1647/420 1648/1648/420
f 1649/1649/421 1650/1650/421 1651/1651/421 1652/1652/421
f 1653/1653/422 1654/1654/422 1655/1655/422 1656/1656/422
f 1657/1657/423 1658/1658/423 1659/1659/423 1660/1660/423
f 1661/1661/424 1662/1662/424 1663/1663/424 1664/1664/424
f 1665/1665/425 1666/1666/425 1667/1667/425 1668/1668/425
f 1669/1669/426 1670/1670/426 1671/1671/426 1672/1672/426
f 1673/1673/427 1674/1674/427 1675/1675/427 1676/1676/427
f 1677/1677/428 1678/1678/428 1679/1679/428 1680/1680/428
f 1681/1681/429 1682/1682/429 1683/1683/429 1684/1684/429
f 1685/1685/430 1686/1686/430 1687/1687/430 1688/1688/430
f 1689/1689/431 1690/1690/431 1691/1691/431 1692/1692/431
f 1693/1693/432 1694/1694/432 1695/1695/432 1696/1696/432
f 1697/1697/433 1698/1698/433 1699/1699/433 1700/1700/433
f 1701/1701/434 1702/1702/434 1703/1703/434 1704/1704/434
f 1705/1705/435 1706/1706/435 1707/1707/435 1708/1708/435
f 1709/1709/436 1710/1710/436 1711/1711/436 1712/1712/436
f 1713/1713/437 1714/1714/437 1715/1715/437 1716/1716/437
f 1717/1717/438 1718/1718/438 1719/1719/438 1720/1720/438
f 1721/1721/439 1722/1722/439 1723/1723/439 1724/1724/439
f 1725/1725/440 1726/1726/440 1727/1727/440 1728/1728/440
f 1729/1729/441 1730/1730/441 1731/1731/441 1732/1732/441
f 1733/1733/442 1734/1734/442 1735/1735/442 1736/1736/442
f 1737/1737/443 1738/1738/443 1739/1739/443 1740/1740/443
f 1741/1741/444 1742/1742/444 1743/1743/444 1744/1744/444
f 1745/1745/445 1746/1746/445 1747/1747/445 1748/1748/445
f 1749/1749/446 1750/1750/446 1751/1751/446 1752/1752/446
f 1753/1753/447 1754/1754/447 1755/1755/447 1756/1756/447
f 1757/1757/448 1758/1758/448 1759/1759/448 1760/1760/448
f 1761/1761/449 1762/1762/449 1763/1763/449 1764/1764/449
f 1765/1765/450 1766/1766/450 1767/1767/450 1768/1768/450
f 1769/1769/451 1770/1770/451 1771/1771/451 1772/1772/451
f 1773/1773/452 1774/1774/452 1775/1775/452 1776/1776/452
f 1777/1777/453 1778/1778/453 1779/1779/453 1780/1780/453
f 1781/1781/454 1782/1782/454 1783/1783/454 1784/1784/454
f 1785/1785/455 1786/1786/455 1787/1787/455 1788/1788/455
f 1789/1789/456 1790/1790/456 1791/1791/456 1792/1792/456
f 1793/1793/457 1794/1794/457 1795/1795/457 1796/1796/457
f 1797/1797/458 1798/1798/458 1799/1799/458 1800/1800/458
f 1801/1801/459 1802/1802/459 1803/1803/459 1804/1804/459
f 1805/1805/460 1806/1806/460 1807/1807/460 1808/1808/460
f 1809/1809/461 1810/1810/461 1811/1811/461 1812/1812/461
f 1813/1813/462 1814/1814/462 1815/1815/462 1816/1816/462
f 1817/1817/463 1818/1818/463 1819/1819/463 1820/1820/463
f 1821/1821/464 1822/1822/464 1823/1823/464 1824/1824/464
f 1825/1825/465 1826/1826/465 1827/1827/465 1828/1828/465
f 1829/1829/466 1830/1830/466 1831/1831/466 1832/1832/466
f 1833/1833/467 1834/1834/467 1835/1835/467 1836/1836/467
f 1837/1837/468 1838/1838/468 1839/1839/468 1840/1840/468
f 1841/1841/469 1842/1842/469 1843/1843/469 1844/1844/469
f 1845/1845/470 1846/1846/470 1847/1847/470 1848/1848/470
f 1849/1849/471 1850/1850/471 1851/1851/471 1852/1852/471
f 1853/1853/472 1854/1854/472 1855/1855/472 1856/1856/472
f 1857/1857/473 1858/1858/473 1859/1859/473 1860/1860/473
f 1861/1861/474 1862/1862/474 1863/1863/474 1864/1864/474
f 1865/1865/475 1866/1866/475 1867/1867/475 1868/1868/475
f 1869/1869/476 1870/1870/476 1871/1871/476 1872/1872/476
f 1873/1873/477 1874/1874/477 1875/1875/477 1876/1876/477
f 1877/1877/478 1878/1878/478 1879/1879/478 1880/1880/478
f 1881/1881/479 1882/1882/479 1883/1883/479 1884/1884/479
f 1885/1885/480 1886/1886/480 1887/1887/480 1888/1888/480
f 1889/1889/481 1890/1890/481 1891/1891/481
f 1892/1892/482 1893/1893/482 1894/1894/482
f 1895/1895/483 1896/1896/483 1897/1897/483
f 1898/1898/484 1899/1899/484 1900/1900/484
f 1901/1901/485 1902/1902/485 1903/1903/485
f 1904/1904/486 1905/1905/486 1906/1906/486
f 1907/1907/487 1908/1908/487 1909/1909/487
f 1910/1910/488 1911/1911/488 1912/1912/488
f 1913/1913/489 1914/1914/489 1915/1915/489
f 1916/1916/490 1917/1917/490 1918/1918/490
f 1919/1919/491 1920/1920/491 1921/1921/491
f 1922/1922/492 1923/1923/492 1924/1924/492
f 1925/1925/493 1926/1926/493 1927/1927/493
f 1928/1928/494 1929/1929/494 1930/1930/494
f 1931/1931/495 1932/1932/495 1933/1933/495
f 1934/1934/496 1935/1935/496 1936/1936/496
f 1937/1937/497 1938/1938/497 1939/1939/497
f 1940/1940/498 1941/1941/498 1942/1942/498
f 1943/1943/499 1944/1944/499 1945/1945/499
f 1946/1946/500 1947/1947/500 1948/1948/500
f 1949/1949/501 1950/1950/501 1951/1951/501
f 1952/1952/502 1953/1953/502 1954/1954/502
f 1955/1955/503 1956/1956/503 1957/1957/503
f 1958/1958/504 1959/1959/504 1960/1960/504
f 1961/1961/505 1962/1962/505 1963/1963/505
f 1964/1964/506 1965/1965/506 1966/1966/506
f 1967/1967/507 1968/1968/507 1969/1969/507
f 1970/1970/508 1971/1971/508 1972/1972/508
f 1973/1973/509 1974/1974/509 1975/1975/509
f 1976/1976/510 1977/1977/510 1978/1978/510
f 1979/1979/511 1980/1980/511 1981/1981/511
f 1982/1982/512 1983/1983/512 1984/1984/512
f 1985/1985/513 1986/1986/513 1987/1987/513 1988/1988/513
f 1989/1989/514 1990/1990/514 1991/1991/514 1992/1992/514
f 1993/1993/515 1994/1994/515 1995/1995/515 1996/1996/515
f 1997/1997/516 1998/1998/516 1999/1999/516 2000/2000/516
f 2001/2001/517 2002/2002/517 2003/2003/517 2004/2004/517
f 2005/2005/518 2006/2006/518 2007/2007/518 2008/2008/518
f 2009/2009/519 2010/2010/519 2011/2011/519 2012/2012/519
f 2013/2013/520 2014/2014/520 2015/2015/520 2016/2016/520
f 2017/2017/521 2018/2018/521 2019/2019/521 2020/2020/521
f 2021/2021/522 2022/2022/522 2023/2023/522 2024/2024/522
f 2025/2025/523 2026/2026/523 2027/2027/523 2028/2028/523
f 2029/2029/524 2030/2030/524 2031/2031/524 2032/2032/524
f 2033/2033/525 2034/2034/525 2035/2035/525 2036/2036/525
f 2037/2037/526 2038/2038/526 2039/2039/526 2040/2040/526
f 2041/2041/527 2042/2042/527 2043/2043/527 2044/2044/527
f 2045/2045/528 2046/2046/528 2047/2047/528 2048/2048/528
f 2049/2049/529 2050/2050/529 2051/2051/529 2052/2052/529
f 2053/2053/530 2054/2054/530 2055/2055/530 2056/2056/530
f 2057/2057/531 2058/2058/531 2059/2059/531 2060/2060/531
f 2061/2061/532 2062/2062/532 2063/2063/532 2064/2064/532
f 2065/2065/533 2066/2066/533 2067/2067/533 2068/2068/533
f 2069/2069/534 2070/2070/534 2071/2071/534 2072/2072/534
f 2073/2073/535 2074/2074/535 2075/2075/535 2076/2076/535
f 2077/2077/536 2078/2078/536 2079/2079/536 2080/2080/536
f 2081/2081/537 2082/2082/537 2083/2083/537 2084/2084/537
f 2085/2085/538 2086/2086/538 2087/2087/538 2088/2088/538
f 2089/2089/539 2090/2090/539 2091/2091/539 2092/2092/539
f 2093/2093/540 2094/2094/540 2095/2095/540 2096/2096/540
f 2097/2097/541 2098/2098/541 2099/2099/541 2100/2100/541
f 2101/2101/542 2102/2102/542 2103/2103/542 2104/2104/542
f 2105/2105/543 2106/2106/543 2107/2107/543 2108/2108/543
f 2109/2109/544 2110/2110/544 2111/2111/544 2112/2112/544
f 2113/2113/545 2114/2114/545 2115/2115/545 2116/2116/545
f 2117/2117/546 2118/2118/546 2119/2119/546 2120/2120/546
f 2121/2121/547 2122/2122/547 2123/2123/547 2124/2124/547
f 2125/2125/548 2126/2126/548 2127/2127/548 2128/2128/548
f 2129/2129/549 2130/2130/549 2131/2131/549 2132/2132/549
f 2133/2133/550 2134/2134/550 2135/2135/550 2136/2136/550
f 2137/2137/551 2138/2138/551 2139/2139/551 2140/2140/551
f 2141/2141/552 2142/2142/552 2143/2143/552 2144/2144/552
f 2145/2145/553 2146/2146/553 2147/2147/553 2148/2148/553
f 2149/2149/554 2150/2150/554 2151/2151/554 2152/2152/554
f 2153/2153/555 2154/2154/555 2155/2155/555 2156/2156/555
f 2157/2157/556 2158/2158/556 2159/2159/556 2160/2160/556
f 2161/2161/557 2162/2162/557 2163/2163/557 2164/2164/557
f 2165/2165/558 2166/2166/558 2167/2167/558 2168/2168/558
f 2169/2169/559 2170/2170/559 2171/2171/559 2172/2172/559
f 2173/2173/560 2174/2174/560 2175/2175/560 2176/2176/560
f 2177/2177/561 2178/2178/561 2179/2179/561 2180/2180/561
f 2181/2181/562 2182/2182/562 2183/2183/562 2184/2184/562
f 2185/2185/563 2186/2186/563 2187/2187/563 2188/2188/563
f 2189/2189/564 2190/2190/564 2191/2191/564 2192/2192/564
f 2193/2193/565 2194/2194/565 2195/2195/565 2196/2196/565
f 2197/2197/566 2198/2198/566 2199/2199/566 2200/2200/566
f 2201/2201/567 2202/2202/567 2203/2203/567 2204/2204/567
f 2205/2205/568 2206/2206/568 2207/2207/568 2208/2208/568
f 2209/2209/569 2210/2210/569 2211/2211/569 2212/2212/569
f 2213/2213/570 2214/2214/570 2215/2215/570 2216/2216/570
f 2217/2217/571 2218/2218/571 2219/2219/571 2220/2220/571
f 2221/2221/572 2222/2222/572 2223/2223/572 2224/2224/572
f 2225/2225/573 2226/2226/573 2227/2227/573 2228/2228/573
f 2229/2229/574 2230/2230/574 2231/2231/574 2232/2232/574
f 2233/2233/575 2234/2234/575 2235/2235/575 2236/2236/575
f 2237/2237/576 2238/2238/576 2239/2239/576 2240/2240/576
f 2241/2241/577 2242/2242/577 2243/2243/577 2244/2244/577
f 2245/2245/578 2246/2246/578 2247/2247/578 2248/2248/578
f 2249/2249/579 2250/2250/579 2251/2251/579 2252/2252/579
f 2253/2253/580 2254/2254/580 2255/2255/580 2256/2256/580
f 2257/2257/581 2258/2258/581 2259/2259/581 2260/2260/581
f 2261/2261/582 2262/2262/582 2263/2263/582 2264/2264/582
f 2265/2265/583 2266/2266/583 2267/2267/583 2268/2268/583
f 2269/2269/584 2270/2270/584 2271/2271/584 2272/2272/584
f 2273/2273/585 2274/2274/585 2275/2275/585 2276/2276/585
f 2277/2277/586 2278/2278/586 2279/2279/586 2280/2280/586
f 2281/2281/587 2282/2282/587 2283/2283/587 2284/2284/587
f 2285/2285/588 2286/2286/588 2287/2287/588 2288/2288/588
f 2289/2289/589 2290/2290/589 2291/2291/589 2292/2292/589
f 2293/2293/590 2294/2294/590 2295/2295/590 2296/2296/590
f 2297/2297/591 2298/2298/591 2299/2299/591 2300/2300/591
f 2301/2301/592 2302/2302/592 2303/2303/592 2304/2304/592
f 2305/2305/593 2306/2306/593 2307/2307/593 2308/2308/593
f 2309/2309/594 2310/2310/594 2311/2311/594 2312/2312/594
f 2313/2313/595 2314/2314/595 2315/2315/595 2316/2316/595
f 2317/2317/596 2318/2318/596 2319/2319/596 2320/2320/596
f 2321/2321/597 2322/2322/597 2323/2323/597 2324/2324/597
f 2325/2325/598 2326/2326/598 2327/2327/598 2328/2328/598
f 2329/2329/599 2330/2330/599 2331/2331/599 2332/2332/599
f 2333/2333/600 2334/2334/600 2335/2335/600 2336/2336/600
f 2337/2337/601 2338/2338/601 2339/2339/601 2340/2340/601
f 2341/2341/602 2342/2342/602 2343/2343/602 2344/2344/602
f 2345/2345/603 2346/2346/603 2347/2347/603 2348/2348/603
f 2349/2349/604 2350/2350/604 2351/2351/604 2352/2352/604
f 2353/2353/605 2354/2354/605 2355/2355/605 2356/2356/605
f 2357/2357/606 2358/2358/606 2359/2359/606 2360/2360/606
f 2361/2361/607 2362/2362/607 2363/2363/607 2364/2364/607
f 2365/2365/608 2366/2366/608 2367/2367/608 2368/2368/608
f 2369/2369/609 2370/2370/609 2371/2371/609 2372/2372/609
f 2373/2373/610 2374/2374/610 2375/2375/610 2376/2376/610
f 2377/2377/611 2378/2378/611 2379/2379/611 2380/2380/611
f 2381/2381/612 2382/2382/612 2383/2383/612 2384/2384/612
f 2385/2385/613 2386/2386/613 2387/2387/613 2388/2388/613
f 2389/2389/614 2390/2390/614 2391/2391/614 2392/2392/614
f 2393/2393/615 2394/2394/615 2395/2395/615 2396/2396/615
f 2397/2397/616 2398/2398/616 2399/2399/616 2400/2400/616
f 2401/2401/617 2402/2402/617 2403/2403/617 2404/2404/617
f 2405/2405/618 2406/2406/618 2407/2407/618 2408/2408/618
f 2409/2409/619 2410/2410/619 2411/2411/619 2412/2412/619
f 2413/2413/620 2414/2414/620 2415/2415/620 2416/2416/620
f 2417/2417/621 2418/2418/621 2419/2419/621 2420/2420/621
f 2421/2421/622 2422/2422/622 2423/2423/622 2424/2424/622
f 2425/2425/623 2426/2426/623 2427/2427/623 2428/2428/623
f 2429/2429/624 2430/2430/624 2431/2431/624 2432/2432/624
f 2433/2433/625 2434/2434/625 2435/2435/625 2436/2436/625
f 2437/2437/626 2438/2438/626 2439/2439/626 2440/2440/626
f 2441/2441/627 2442/2442/627 2443/2443/627 2444/2444/627
f 2445/2445/628 2446/2446/628 2447/2447/628 2448/2448/628
f 2449/2449/629 2450/2450/629 2451/2451/629 2452/2452/629
f 2453/2453/630 2454/2454/630 2455/2455/630 2456/2456/630
f 2457/2457/631 2458/2458/631 2459/2459/631 2460/2460/631
f 2461/2461/632 2462/2462/632 2463/2463/632 2464/2464/632
f 2465/2465/633 2466/2466/633 2467/2467/633 2468/2468/633
f 2469/2469/634 2470/2470/634 2471/2471/634 2472/2472/634
f 2473/2473/635 2474/2474/635 2475/2475/635 2476/2476/635
f 2477/2477/636 2478/2478/636 2479/2479/636 2480/2480/636
f 2481/2481/637 2482/2482/637 2483/2483/637 2484/2484/637
f 2485/2485/638 2486/2486/638 2487/2487/638 2488/2488/638
f 2489/2489/639 2490/2490/639 2491/2491/639 2492/2492/639
f 2493/2493/640 2494/2494/640 2495/2495/640 2496/2496/640
f 2497/2497/641 2498/2498/641 2499/2499/641 2500/2500/641
f 2501/2501/642 2502/2502/642 2503/2503/642 2504/2504/642
f 2505/2505/643 2506/2506/643 2507/2507/643 2508/2508/643
f 2509/2509/644 2510/2510/644 2511/2511/644 2512/2512/644
f 2513/2513/645 2514/2514/645 2515/2515/645 2516/2516/645
f 2517/2517/646 2518/2518/646 2519/2519/646 2520/2520/646
f 2521/2521/647 2522/2522/647 2523/2523/647 2524/2524/647
f 2525/2525/648 2526/2526/648 2527/2527/648 2528/2528/648
f 2529/2529/649 2530/2530/649 2531/2531/649 2532/2532/649
f 2533/2533/650 2534/2534/650 2535/2535/650 2536/2536/650
f 2537/2537/651 2538/2538/651 2539/2539/651 2540/2540/651
f 2541/2541/652 2542/2542/652 2543/2543/652 2544/2544/652
f 2545/2545/653 2546/2546/653 2547/2547/653 2548/2548/653
f 2549/2549/654 2550/2550/654 2551/2551/654 2552/2552/654
f 2553/2553/655 2554/2554/655 2555/2555/655 2556/2556/655
f 2557/2557/656 2558/2558/656 2559/2559/656 2560/2560/656
f 2561/2561/657 2562/2562/657 2563/2563/657 2564/2564/657
f 2565/2565/658 2566/2566/658 2567/2567/658 2568/2568/658
f 2569/2569/659 2570/2570/659 2571/2571/659 2572/2572/659
f 2573/2573/660 2574/2574/660 2575/2575/660 2576/2576/660
f 2577/2577/661 2578/2578/661 2579/2579/661 2580/2580/661
f 2581/2581/662 2582/2582/662 2583/2583/662 2584/2584/662
f 2585/2585/663 2586/2586/663 2587/2587/663 2588/2588/663
f 2589/2589/664 2590/2590/664 2591/2591/664 2592/2592/664
f 2593/2593/665 2594/2594/665 2595/2595/665 2596/2596/665
f 2597/2597/666 2598/2598/666 2599/2599/666 2600/2600/666
f 2601/2601/667 2602/2602/667 2603/2603/667 2604/2604/667
f 2605/2605/668 2606/2606/668 2607/2607/668 2608/2608/668
f 2609/2609/669 2610/2610/669 2611/2611/669 2612/2612/669
f 2613/2613/670 2614/2614/670 2615/2615/670 2616/2616/670
f 2617/2617/671 2618/2618/671 2619/2619/671 2620/2620/671
f 2621/2621/672 2622/2622/672 2623/2623/672 2624/2624/672
f 2625/2625/673 2626/2626/673 2627/2627/673 2628/2628/673
f 2629/2629/674 2630/2630/674 2631/2631/674 2632/2632/674
f 2633/2633/675 2634/2634/675 2635/2635/675 2636/2636/675
f 2637/2637/676 2638/2638/676 2639/2639/676 2640/2640/676
f 2641/2641/677 2642/2642/677 2643/2643/677 2644/2644/677
f 2645/2645/678 2646/2646/678 2647/2647/678 2648/2648/678
f 2649/2649/679 2650/2650/679 2651/2651/679 2652/2652/679
f 2653/2653/680 2654/2654/680 2655/2655/680 2656/2656/680
f 2657/2657/681 2658/2658/681 2659/2659/681 2660/2660/681
f 2661/2661/682 2662/2662/682 2663/2663/682 2664/2664/682
f 2665/2665/683 2666/2666/683 2667/2667/683 2668/2668/683
f 2669/2669/684 2670/2670/684 2671/2671/684 2672/2672/684
f 2673/2673/685 2674/2674/685 2675/2675/685 2676/2676/685
f 2677/2677/686 2678/2678/686 2679/2679/686 2680/2680/686
f 2681/2681/687 2682/2682/687 2683/2683/687 2684/2684/687
f 2685/2685/688 2686/2686/688 2687/2687/688 2688/2688/688
f 2689/2689/689 2690/2690/689 2691/2691/689 2692/2692/689
f 2693/2693/690 2694/2694/690 2695/2695/690 2696/2696/690
f 2697/2697/691 2698/2698/691 2699/2699/691 2700/2700/691
f 2701/2701/692 2702/2702/692 2703/2703/692 2704/2704/692
f 2705/2705/693 2706/2706/693 2707/2707/693 2708/2708/693
f 2709/2709/694 2710/2710/694 2711/2711/694 2712/2712/694
f 2713/2713/695 2714/2714/695 2715/2715/695 2716/2716/695
f 2717/2717/696 2718/2718/696 2719/2719/696 2720/2720/696
f 2721/2721/697 2722/2722/697 2723/2723/697 2724/2724/697
f 2725/2725/698 2726/2726/698 2727/2727/698 2728/2728/698
f 2729/2729/699 2730/2730/699 2731/2731/699 2732/2732/699
f 2733/2733/700 2734/2734/700 2735/2735/700 2736/2736/700
f 2737/2737/701 2738/2738/701 2739/2739/701 2740/2740/701
f 2741/2741/702 2742/2742/702 2743/2743/702 2744/2744/702
f 2745/2745/703 2746/2746/703 2747/2747/703 2748/2748/703
f 2749/2749/704 2750/2750/704 2751/2751/704 2752/2752/704
f 2753/2753/705 2754/2754/705 2755/2755/705 2756/2756/705
f 2757/2757/706 2758/2758/706 2759/2759/706 2760/2760/706
f 2761/2761/707 2762/2762/707 2763/2763/707 2764/2764/707
f 2765/2765/708 2766/2766/708 2767/2767/708 2768/2768/708
f 2769/2769/709 2770/2770/709 2771/2771/709 2772/2772/709
f 2773/2773/710 2774/2774/710 2775/2775/710 2776/2776/710
f 2777/2777/711 2778/2778/711 2779/2779/711 2780/2780/711
f 2781/2781/712 2782/2782/712 2783/2783/712 2784/2784/712
f 2785/2785/713 2786/2786/713 2787/2787/713 2788/2788/713
f 2789/2789/714 2790/2790/714 2791/2791/714 2792/2792/714
f 2793/2793/715 2794/2794/715 2795/2795/715 2796/2796/715
f 2797/2797/716 2798/2798/716 2799/2799/716 2800/2800/716
f 2801/2801/717 2802/2802/717 2803/2803/717 2804/2804/717
f 2805/2805/718 2806/2806/718 2807/2807/718 2808/2808/718
f 2809/2809/719 2810/2810/719 2811/2811/719 2812/2812/719
f 2813/2813/720 2814/2814/720 2815/2815/720 2816/2816/720
f 2817/2817/721 2818/2818/721 2819/2819/721 2820/2820/721
f 2821/2821/722 2822/2822/722 2823/2823/722 2824/2824/722
f 2825/2825/723 2826/2826/723 2827/2827/723 2828/2828/723
f 2829/2829/724 2830/2830/724 2831/2831/724 2832/2832/724
f 2833/2833/725 2834/2834/725 2835/2835/725 2836/2836/725
f 2837/2837/726 2838/2838/726 2839/2839/726 2840/2840/726
f 2841/2841/727 2842/2842/727 2843/2843/727 2844/2844/727
f 2845/2845/728 2846/2846/728 2847/2847/728 2848/2848/728
f 2849/2849/729 2850/2850/729 2851/2851/729 2852/2852/729
f 2853/2853/730 2854/2854/730 2855/2855/730 2856/2856/730
f 2857/2857/731 2858/2858/731 2859/2859/731 2860/2860/731
f 2861/2861/732 2862/2862/732 2863/2863/732 2864/2864/732
f 2865/2865/733 2866/2866/733 2867/2867/733 2868/2868/733
f 2869/2869/734 2870/2870/734 2871/2871/734 2872/2872/734
f 2873/2873/735 2874/2874/735 2875/2875/735 2876/2876/735
f 2877/2877/736 2878/2878/736 2879/2879/736 2880/2880/736
f 2881/2881/737 2882/2882/737 2883/2883/737 2884/2884/737
f 2885/2885/738 2886/2886/738 2887/2887/738 2888/2888/738
f 2889/2889/739 2890/2890/739 2891/2891/739 2892/2892/739
f 2893/2893/740 2894/2894/740 2895/2895/740 2896/2896/740
f 2897/2897/741 2898/2898/741 2899/2899/741 2900/2900/741
f 2901/2901/742 2902/2902/742 2903/2903/742 2904/2904/742
f 2905/2905/743 2906/2906/743 2907/2907/743 2908/2908/743
f 2909/2909/744 2910/2910/744 2911/2911/744 2912/2912/744
f 2913/2913/745 2914/2914/745 2915/2915/745 2916/2916/745
f 2917/2917/746 2918/2918/746 2919/2919/746 2920/2920/746
f 2921/2921/747 2922/2922/747 2923/2923/747 2924/2924/747
f 2925/2925/748 2926/2926/748 2927/2927/748 2928/2928/748
f 2929/2929/749 2930/2930/749 2931/2931/749 2932/2932/749
f 2933/2933/750 2934/2934/750 2935/2935/750 2936/2936/750
f 2937/2937/751 2938/2938/751 2939/2939/751 2940/2940/751
f 2941/2941/752 2942/2942/752 2943/2943/752 2944/2944/752
f 2945/2945/753 2946/2946/753 2947/2947/753 2948/2948/753
f 2949/2949/754 2950/2950/754 2951/2951/754 2952/2952/754
f 2953/2953/755 2954/2954/755 2955/2955/755 2956/2956/755
f 2957/2957/756 2958/2958/756 2959/2959/756 2960/2960/756
f 2961/2961/757 2962/2962/757 2963/2963/757 2964/2964/757
f 2965/2965/758 2966/2966/758 2967/2967/758 2968/2968/758
f 2969/2969/759 2970/2970/759 2971/2971/759 2972/2972/759
f 2973/2973/760 2974/2974/760 2975/2975/760 2976/2976/760
f 2977/2977/761 2978/2978/761 2979/2979/761 2980/2980/761
f 2981/2981/762 2982/2982/762 2983/2983/762 2984/2984/762
f 2985/2985/763 2986/2986/763 2987/2987/763 2988/2988/763
f 2989/2989/764 2990/2990/764 2991/2991/764 2992/2992/764
f 2993/2993/765 2994/2994/765 2995/2995/765 2996/2996/765
f 2997/2997/766 2998/2998/766 2999/2999/766 3000/3000/766
f 3001/3001/767 3002/3002/767 3003/3003/767 3004/3004/767
f 3005/3005/768 3006/3006/768 3007/3007/768 3008/3008/768
f 3009/3009/769 3010/3010/769 3011/3011/769 3012/3012/769
f 3013/3013/770 3014/3014/770 3015/3015/770 3016/3016/770
f 3017/3017/771 3018/3018/771 3019/3019/771 3020/3020/771
f 3021/3021/772 3022/3022/772 3023/3023/772 3024/3024/772
f 3025/3025/773 3026/3026/773 3027/3027/773 3028/3028/773
f 3029/3029/774 3030/3030/774 3031/3031/774 3032/3032/774
f 3033/3033/775 3034/3034/775 3035/3035/775 3036/3036/775
f 3037/3037/776 3038/3038/776 3039/3039/776 3040/3040/776
f 3041/3041/777 3042/3042/777 3043/3043/777 3044/3044/777
f 3045/3045/778 3046/3046/778 3047/3047/778 3048/3048/778
f 3049/3049/779 3050/3050/779 3051/3051/779 3052/3052/779
f 3053/3053/780 3054/3054/780 3055/3055/780 3056/3056/780
f 3057/3057/781 3058/3058/781 3059/3059/781 3060/3060/781
f 3061/3061/782 3062/3062/782 3063/3063/782 3064/3064/782
f 3065/3065/783 3066/3066/783 3067/3067/783 3068/3068/783
f 3069/3069/784 3070/3070/784 3071/3071/784 3072/3072/784
f 3073/3073/785 3074/3074/785 3075/3075/785 3076/3076/785
f 3077/3077/786 3078/3078/786 3079/3079/786 3080/3080/786
f 3081/3081/787 3082/3082/787 3083/3083/787 3084/3084/787
f 3085/3085/788 3086/3086/788 3087/3087/788 3088/3088/788
f 3089/3089/789 3090/3090/789 3091/3091/789 3092/3092/789
f 3093/3093/790 3094/3094/790 3095/3095/790 3096/3096/790
f 3097/3097/791 3098/3098/791 3099/3099/791 3100/3100/791
f 3101/3101/792 3102/3102/792 3103/3103/792 3104/3104/792
f 3105/3105/793 3106/3106/793 3107/3107/793 3108/3108/793
f 3109/3109/794 3110/3110/794 3111/3111/794 3112/3112/794
f 3113/3113/795 3114/3114/795 3115/3115/795 3116/3116/795
f 3117/3117/796 3118/3118/796 3119/3119/796 3120/3120/796
f 3121/3121/797 3122/3122/797 3123/3123/797 3124/3124/797
f 3125/3125/798 3126/3126/798 3127/3127/798 3128/3128/798
f 3129/3129/799 3130/3130/799 3131/3131/799 3132/3132/799
f 3133/3133/800 3134/3134/800 3135/3135/800 3136/3136/800
f 3137/3137/801 3138/3138/801 3139/3139/801 3140/3140/801
f 3141/3141/802 3142/3142/802 3143/3143/802 3144/3144/802
f 3145/3145/803 3146/3146/803 3147/3147/803 3148/3148/803
f 3149/3149/804 3150/3150/804 3151/3151/804 3152/3152/804
f 3153/3153/805 3154/3154/805 3155/3155/805 3156/3156/805
f 3157/3157/806 3158/3158/806 3159/3159/806 3160/3160/806
f 3161/3161/807 3162/3162/807 3163/3163/807 3164/3164/807
f 3165/3165/808 3166/3166/808 3167/3167/808 3168/3168/808
f 3169/3169/809 3170/3170/809 3171/3171/809 3172/3172/809
f 3173/3173/810 3174/3174/810 3175/3175/810 3176/3176/810
f 3177/3177/811 3178/3178/811 3179/3179/811 3180/3180/811
f 3181/3181/812 3182/3182/812 3183/3183/812 3184/3184/812
f 3185/3185/813 3186/3186/813 3187/3187/813 3188/3188/813
f 3189/3189/814 3190/3190/814 3191/3191/814 3192/3192/814
f 3193/3193/815 3194/3194/815 3195/3195/815 3196/3196/815
f 3197/3197/816 3198/3198/816 3199/3199/816 3200/3200/816
f 3201/3201/817 3202/3202/817 3203/3203/817 3204/3204/817
f 3205/3205/818 3206/3206/818 3207/3207/818 3208/3208/818
f 3209/3209/819 3210/3210/819 3211/3211/819 3212/3212/819
f 3213/3213/820 3214/3214/820 3215/3215/820 3216/3216/820
f 3217/3217/821 3218/3218/821 3219/3219/821 3220/3220/821
f 3221/3221/822 3222/3222/822 3223/3223/822 3224/3224/822
f 3225/3225/823 3226/3226/823 3227/3227/823 3228/3228/823
f 3229/3229/824 3230/3230/824 3231/3231/824 3232/3232/824
f 3233/3233/825 3234/3234/825 3235/3235/825 3236/3236/825
f 3237/3237/826 3238/3238/826 3239/3239/826 3240/3240/826
f 3241/3241/827 3242/3242/827 3243/3243/827 3244/3244/827
f 3245/3245/828 3246/3246/828 3247/3247/828 3248/3248/828
f 3249/3249/829 3250/3250/829 3251/3251/829 3252/3252/829
f 3253/3253/830 3254/3254/830 3255/3255/830 3256/3256/830
f 3257/3257/831 3258/3258/831 3259/3259/831 3260/3260/831
f 3261/3261/832 3262/3262/832 3263/3263/832 3264/3264/832
f 3265/3265/833 3266/3266/833 3267/3267/833 3268/3268/833
f 3269/3269/834 3270/3270/834 3271/3271/834 3272/3272/834
f 3273/3273/835 3274/3274/835 3275/3275/835 3276/3276/835
f 3277/3277/836 3278/3278/836 3279/3279/836 3280/3280/836
f 3281/3281/837 3282/3282/837 3283/3283/837 3284/3284/837
f 3285/3285/838 3286/3286/838 3287/3287/838 3288/3288/838
f 3289/3289/839 3290/3290/839 3291/3291/839 3292/3292/839
f 3293/3293/840 3294/3294/840 3295/3295/840 3296/3296/840
f 3297/3297/841 3298/3298/841 3299/3299/841 3300/3300/841
f 3301/3301/842 3302/3302/842 3303/3303/842 3304/3304/842
f 3305/3305/843 3306/3306/843 3307/3307/843 3308/3308/843
f 3309/3309/844 3310/3310/844 3311/3311/844 3312/3312/844
f 3313/3313/845 3314/3314/845 3315/3315/845 3316/3316/845
f 3317/3317/846 3318/3318/846 3319/3319/846 3320/3320/846
f 3321/3321/847 3322/3322/847 3323/3323/847 3324/3324/847
f 3325/3325/848 3326/3326/848 3327/3327/848 3328/3328/848
f 3329/3329/849 3330/3330/849 3331/3331/849 3332/3332/849
f 3333/3333/850 3334/3334/850 3335/3335/850 3336/3336/850
f 3337/3337/851 3338/3338/851 3339/3339/851 3340/3340/851
f 3341/3341/852 3342/3342/852 3343/3343/852 3344/3344/852
f 3345/3345/853 3346/3346/853 3347/3347/853 3348/3348/853
f 3349/3349/854 3350/3350/854 3351/3351/854 3352/3352/854
f 3353/3353/855 3354/3354/855 3355/3355/855 3356/3356/855
f 3357/3357/856 3358/3358/856 3359/3359/856 3360/3360/856
f 3361/3361/857 3362/3362/857 3363/3363/857 3364/3364/857
f 3365/3365/858 3366/3366/858 3367/3367/858 3368/3368/858
f 3369/3369/859 3370/3370/859 3371/3371/859 3372/3372/859
f 3373/3373/860 3374/3374/860 3375/3375/860 3376/3376/860
f 3377/3377/861 3378/3378/861 3379/3379/861 3380/3380/861
f 3381/3381/862 3382/3382/862 3383/3383/862 3384/3384/862
f 3385/3385/863 3386/3386/863 3387/3387/863 3388/3388/863
f 3389/3389/864 3390/3390/864 3391/3391/864 3392/3392/864
f 3393/3393/865 3394/3394/865 3395/3395/865 3396/3396/865
f 3397/3397/866 3398/3398/866 3399/3399/866 3400/3400/866
f 3401/3401/867 3402/3402/867 3403/3403/867 3404/3404/867
f 3405/3405/868 3406/3406/868 3407/3407/868 3408/3408/868
f 3409/3409/869 3410/3410/869 3411/3411/869 3412/3412/869
f 3413/3413/870 3414/3414/870 3415/3415/870 3416/3416/870
f 3417/3417/871 3418/3418/871 3419/3419/871 3420/3420/871
f 3421/3421/872 3422/3422/872 3423/3423/872 3424/3424/872
f 3425/3425/873 3426/3426/873 3427/3427/873 3428/3428/873
f 3429/3429/874 3430/3430/874 3431/3431/874 3432/3432/874
f 3433/3433/875 3434/3434/875 3435/3435/875 3436/3436/875
f 3437/3437/876 3438/3438/876 3439/3439/876 3440/3440/876
f 3441/3441/877 3442/3442/877 3443/3443/877 3444/3444/877
f 3445/3445/878 3446/3446/878 3447/3447/878 3448/3448/878
f 3449/3449/879 3450/3450/879 3451/3451/879 3452/3452/879
f 3453/3453/880 3454/3454/880 3455/3455/880 3456/3456/880
f 3457/3457/881 3458/3458/881 3459/3459/881 3460/3460/881
f 3461/3461/882 3462/3462/882 3463/3463/882 3464/3464/882
f 3465/3465/883 3466/3466/883 3467/3467/883 3468/3468/883
f 3469/3469/884 3470/3470/884 3471/3471/884 3472/3472/884
f 3473/3473/885 3474/3474/885 3475/3475/885 3476/3476/885
f 3477/3477/886 3478/3478/886 3479/3479/886 3480/3480/886
f 3481/3481/887 3482/3482/887 3483/3483/887 3484/3484/887
f 3485/3485/888 3486/3486/888 3487/3487/888 3488/3488/888
f 3489/3489/889 3490/3490/889 3491/3491/889 3492/3492/889
f 3493/3493/890 3494/3494/890 3495/3495/890 3496/3496/890
f 3497/3497/891 3498/3498/891 3499/3499/891 3500/3500/891
f 3501/3501/892 3502/3502/892 3503/3503/892 3504/3504/892
f 3505/3505/893 3506/3506/893 3507/3507/893 3508/3508/893
f 3509/3509/894 3510/3510/894 3511/3511/894 3512/3512/894
f 3513/3513/895 3514/3514/895 3515/3515/895 3516/3516/895
f 3517/3517/896 3518/3518/896 3519/3519/896 3520/3520/896
f 3521/3521/897 3522/3522/897 3523/3523/897 3524/3524/897
f 3525/3525/898 3526/3526/898 3527/3527/898 3528/3528/898
f 3529/3529/899 3530/3530/899 3531/3531/899 3532/3532/899
f 3533/3533/900 3534/3534/900 3535/3535/900 3536/3536/900
f 3537/3537/901 3538/3538/901 3539/3539/901 3540/3540/901
f 3541/3541/902 3542/3542/902 3543/3543/902 3544/3544/902
f 3545/3545/903 3546/3546/903 3547/3547/903 3548/3548/903
f 3549/3549/904 3550/3550/904 3551/3551/904 3552/3552/904
f 3553/3553/905 3554/3554/905 3555/3555/905 3556/3556/905
f 3557/3557/906 3558/3558/906 3559/3559/906 3560/3560/906
f 3561/3561/907 3562/3562/907 3563/3563/907 3564/3564/907
f 3565/3565/908 3566/3566/908 3567/3567/908 3568/3568/908
f 3569/3569/909 3570/3570/909 3571/3571/909 3572/3572/909
f 3573/3573/910 3574/3574/910 3575/3575/910 3576/3576/910
f 3577/3577/911 3578/3578/911 3579/3579/911 3580/3580/911
f 3581/3581/912 3582/3582/912 3583/3583/912 3584/3584/912
f 3585/3585/913 3586/3586/913 3587/3587/913 3588/3588/913
f 3589/3589/914 3590/3590/914 3591/3591/914 3592/3592/914
f 3593/3593/915 3594/3594/915 3595/3595/915 3596/3596/915
f 3597/3597/916 3598/3598/916 3599/3599/916 3600/3600/916
f 3601/3601/917 3602/3602/917 3603/3603/917 3604/3604/917
f 3605/3605/918 3606/3606/918 3607/3607/918 3608/3608/918
f 3609/3609/919 3610/3610/919 3611/3611/919 3612/3612/919
f 3613/3613/920 3614/3614/920 3615/3615/920 3616/3616/920
f 3617/3617/921 3618/3618/921 3619/3619/921 3620/3620/921
f 3621/3621/922 3622/3622/922 3623/3623/922 3624/3624/922
f 3625/3625/923 3626/3626/923 3627/3627/923 3628/3628/923
f 3629/3629/924 3630/3630/924 3631/3631/924 3632/3632/924
f 3633/3633/925 3634/3634/925 3635/3635/925 3636/3636/925
f 3637/3637/926 3638/3638/926 3639/3639/926 3640/3640/926
f 3641/3641/927 3642/3642/927 3643/3643/927 3644/3644/927
f 3645/3645/928 3646/3646/928 3647/3647/928 3648/3648/928
f 3649/3649/929 3650/3650/929 3651/3651/929 3652/3652/929
f 3653/3653/930 3654/3654/930 3655/3655/930 3656/3656/930
f 3657/3657/931 3658/3658/931 3659/3659/931 3660/3660/931
f 3661/3661/932 3662/3662/932 3663/3663/932 3664/3664/932
f 3665/3665/933 3666/3666/933 3667/3667/933 3668/3668/933
f 3669/3669/934 3670/3670/934 3671/3671/934 3672/3672/934
f 3673/3673/935 3674/3674/935 3675/3675/935 3676/3676/935
f 3677/3677/936 3678/3678/936 3679/3679/936 3680/3680/936
f 3681/3681/937 3682/3682/937 3683/3683/937 3684/3684/937
f 3685/3685/938 3686/3686/938 3687/3687/938 3688/3688/938
f 3689/3689/939 3690/3690/939 3691/3691/939 3692/3692/939
f 3693/3693/940 3694/3694/940 3695/3695/940 3696/3696/940
f 3697/3697/941 3698/3698/941 3699/3699/941 3700/3700/941
f 3701/3701/942 3702/3702/942 3703/3703/942 3704/3704/942
f 3705/3705/943 3706/3706/943 3707/3707/943 3708/3708/943
f 3709/3709/944 3710/3710/944 3711/3711/944 3712/3712/944
f 3713/3713/945 3714/3714/945 3715/3715/945 3716/3716/945
f 3717/3717/946 3718/3718/946 3719/3719/946 3720/3720/946
f 3721/3721/947 3722/3722/947 3723/3723/947 3724/3724/947
f 3725/3725/948 3726/3726/948 3727/3727/948 3728/3728/948
f 3729/3729/949 3730/3730/949 3731/3731/949 3732/3732/949
f 3733/3733/950 3734/3734/950 3735/3735/950 3736/3736/950
f 3737/3737/951 3738/3738/951 3739/3739/951 3740/3740/951
f 3741/3741/952 3742/3742/952 3743/3743/952 3744/3744/952
f 3745/3745/953 3746/3746/953 3747/3747/953 3748/3748/953
f 3749/3749/954 3750/3750/954 3751/3751/954 3752/3752/954
f 3753/3753/955 3754/3754/955 3755/3755/955 3756/3756/955
f 3757/3757/956 3758/3758/956 3759/3759/956 3760/3760/956
f 3761/3761/957 3762/3762/957 3763/3763/957 3764/3764/957
f 3765/3765/958 3766/3766/958 3767/3767/958 3768/3768/958
f 3769/3769/959 3770/3770/959 3771/3771/959 3772/3772/959
f 3773/3773/960 3774/3774/960 3775/3775/960 3776/3776/960
f 3777/3777/961 3778/3778/961 3779/3779/961 3780/3780/961
f 3781/3781/962 3782/3782/962 3783/3783/962 3784/3784/962
f 3785/3785/963 3786/3786/963 3787/3787/963 3788/3788/963
f 3789/3789/964 3790/3790/964 3791/3791/964 3792/3792/964
f 3793/3793/965 3794/3794/965 3795/3795/965 3796/3796/965
f 3797/3797/966 3798/3798/966 3799/3799/966 3800/3800/966
f 3801/3801/967 3802/3802/967 3803/3803/967 3804/3804/967
f 3805/3805/968 3806/3806/968 3807/3807/968 3808/3808/968
f 3809/3809/969 3810/3810/969 3811/3811/969 3812/3812/969
f 3813/3813/970 3814/3814/970 3815/3815/970 3816/3816/970
f 3817/3817/971 3818/3818/971 3819/3819/971 3820/3820/971
f 3821/3821/972 3822/3822/972 3823/3823/972 3824/3824/972
f 3825/3825/973 3826/3826/973 3827/3827/973 3828/3828/973
f 3829/3829/974 3830/3830/974 3831/3831/974 3832/3832/974
f 3833/3833/975 3834/3834/975 3835/3835/975 3836/3836/975
f 3837/3837/976 3838/3838/976 3839/3839/976 3840/3840/976
f 3841/3841/977 3842/3842/977 3843/3843/977 3844/3844/977
f 3845/3845/978 3846/3846/978 3847/3847/978 3848/3848/978
f 3849/3849/979 3850/3850/979 3851/3851/979 3852/3852/979
f 3853/3853/980 3854/3854/980 3855/3855/980 3856/3856/980
f 3857/3857/981 3858/3858/981 3859/3859/981 3860/3860/981
f 3861/3861/982 3862/3862/982 3863/3863/982 3864/3864/982
f 3865/3865/983 3866/3866/983 3867/3867/983 3868/3868/983
f 3869/3869/984 3870/3870/984 3871/3871/984 3872/3872/984
f 3873/3873/985 3874/3874/985 3875/3875/985 3876/3876/985
f 3877/3877/986 3878/3878/986 3879/3879/986 3880/3880/986
f 3881/3881/987 3882/3882/987 3883/3883/987 3884/3884/987
f 3885/3885/988 3886/3886/988 3887/3887/988 3888/3888/988
f 3889/3889/989 3890/3890/989 3891/3891/989 3892/3892/989
f 3893/3893/990 3894/3894/990 3895/3895/990 3896/3896/990
f 3897/3897/991 3898/3898/991 3899/3899/991 3900/3900/991
f 3901/3901/992 3902/3902/992 3903/3903/992 3904/3904/992
f 3905/3905/993 3906/3906/993 3907/3907/993 3908/3908/993
f 3909/3909/994 3910/3910/994 3911/3911/994 3912/3912/994
f 3913/3913/995 3914/3914/995 3915/3915/995 3916/3916/995
f 3917/3917/996 3918/3918/996 3919/3919/996 3920/3920/996
f 3921/3921/997 3922/3922/997 3923/3923/997 3924/3924/997
f 3925/3925/998 3926/3926/998 3927/3927/998 3928/3928/998
f 3929/3929/999 3930/3930/999 3931/3931/999 3932/3932/999
f 3933/3933/1000 3934/3934/1000 3935/3935/1000 3936/3936/1000
f 3937/3937/1001 3938/3938/1001 3939/3939/1001 3940/3940/1001
f 3941/3941/1002 3942/3942/1002 3943/3943/1002 3944/3944/1002
f 3945/3945/1003 3946/3946/1003 3947/3947/1003 3948/3948/1003
f 3949/3949/1004 3950/3950/1004 3951/3951/1004 3952/3952/1004
f 3953/3953/1005 3954/3954/1005 3955/3955/1005 3956/3956/1005
f 3957/3957/1006 3958/3958/1006 3959/3959/1006 3960/3960/1006
f 3961/3961/1007 3962/3962/1007 3963/3963/1007 3964/3964/1007
f 3965/3965/1008 3966/3966/1008 3967/3967/1008 3968/3968/1008
f 3969/3969/1009 3970/3970/1009 3971/3971/1009 3972/3972/1009
f 3973/3973/1010 3974/3974/1010 3975/3975/1010 3976/3976/1010
f 3977/3977/1011 3978/3978/1011 3979/3979/1011 3980/3980/1011
f 3981/3981/1012 3982/3982/1012 3983/3983/1012 3984/3984/1012
f 3985/3985/1013 3986/3986/1013 3987/3987/1013 3988/3988/1013
f 3989/3989/1014 3990/3990/1014 3991/3991/1014 3992/3992/1014
f 3993/3993/1015 3994/3994/1015 3995/3995/1015 3996/3996/1015
f 3997/3997/1016 3998/3998/1016 3999/3999/1016 4000/4000/1016
f 4001/4001/1017 4002/4002/1017 4003/4003/1017 4004/4004/1017
f 4005/4005/1018 4006/4006/1018 4007/4007/1018 4008/4008/1018
f 4009/4009/1019 4010/4010/1019 4011/4011/1019 4012/4012/1019
f 4013/4013/1020 4014/4014/1020 4015/4015/1020 4016/4016/1020
f 4017/4017/1021 4018/4018/1021 4019/4019/1021 4020/4020/1021
f 4021/4021/1022 4022/4022/1022 4023/4023/1022 4024/4024/1022
f 4025/4025/1023 4026/4026/1023 4027/4027/1023 4028/4028/1023
f 4029/4029/1024 4030/4030/1024 4031/4031/1024 4032/4032/1024
f 4033/4033/1025 4034/4034/1025 4035/4035/1025 4036/4036/1025
f 4037/4037/1026 4038/4038/1026 4039/4039/1026 4040/4040/1026
f 4041/4041/1027 4042/4042/1027 4043/4043/1027 4044/4044/1027
f 4045/4045/1028 4046/4046/1028 4047/4047/1028 4048/4048/1028
f 4049/4049/1029 4050/4050/1029 4051/4051/1029 4052/4052/1029
f 4053/4053/1030 4054/4054/1030 4055/4055/1030 4056/4056/1030
f 4057/4057/1031 4058/4058/1031 4059/4059/1031 4060/4060/1031
f 4061/4061/1032 4062/4062/1032 4063/4063/1032 4064/4064/1032
f 4065/4065/1033 4066/4066/1033 4067/4067/1033 4068/4068/1033
f 4069/4069/1034 4070/4070/1034 4071/4071/1034 4072/4072/1034
f 4073/4073/1035 4074/4074/1035 4075/4075/1035 4076/4076/1035
f 4077/4077/1036 4078/4078/1036 4079/4079/1036 4080/4080/1036
f 4081/4081/1037 4082/4082/1037 4083/4083/1037 4084/4084/1037
f 4085/4085/1038 4086/4086/1038 4087/4087/1038 4088/4088/1038
f 4089/4089/1039 4090/4090/1039 4091/4091/1039 4092/4092/1039
f 4093/4093/1040 4094/4094/1040 4095/4095/1040 4096/4096/1040
f 4097/4097/1041 4098/4098/1041 4099/4099/1041 4100/4100/1041
f 4101/4101/1042 4102/4102/1042 4103/4103/1042 4104/4104/1042
f 4105/4105/1043 4106/4106/1043 4107/4107/1043 4108/4108/1043
f 4109/4109/1044 4110/4110/1044 4111/4111/1044 4112/4112/1044
f 4113/4113/1045 4114/4114/1045 4115/4115/1045 4116/4116/1045
f 4117/4117/1046 4118/4118/1046 4119/4119/1046 4120/4120/1046
f 4121/4121/1047 4122/4122/1047 4123/4123/1047 4124/4124/1047
f 4125/4125/1048 4126/4126/1048 4127/4127/1048 4128/4128/1048
f 4129/4129/1049 4130/4130/1049 4131/4131/1049 4132/4132/1049
f 4133/4133/1050 4134/4134/1050 4135/4135/1050 4136/4136/1050
f 4137/4137/1051 4138/4138/1051 4139/4139/1051 4140/4140/1051
f 4141/4141/1052 4142/4142/1052 4143/4143/1052 4144/4144/1052
f 4145/4145/1053 4146/4146/1053 4147/4147/1053 4148/4148/1053
f 4149/4149/1054 4150/4150/1054 4151/4151/1054 4152/4152/1054
f 4153/4153/1055 4154/4154/1055 4155/4155/1055 4156/4156/1055
f 4157/4157/1056 4158/4158/1056 4159/4159/1056 4160/4160/1056
f 4161/4161/1057 4162/4162/1057 4163/4163/1057 4164/4164/1057
f 4165/4165/1058 4166/4166/1058 4167/4167/1058 4168/4168/1058
f 4169/4169/1059 4170/4170/1059 4171/4171/1059 4172/4172/1059
f 4173/4173/1060 4174/4174/1060 4175/4175/1060 4176/4176/1060
f 4177/4177/1061 4178/4178/1061 4179/4179/1061 4180/4180/1061
f 4181/4181/1062 4182/4182/1062 4183/4183/1062 4184/4184/1062
f 4185/4185/1063 4186/4186/1063 4187/4187/1063 4188/4188/1063
f 4189/4189/1064 4190/4190/1064 4191/4191/1064 4192/4192/1064
f 4193/4193/1065 4194/4194/1065 4195/4195/1065 4196/4196/1065
f 4197/4197/1066 4198/4198/1066 4199/4199/1066 4200/4200/1066
f 4201/4201/1067 4202/4202/1067 4203/4203/1067 4204/4204/1067
f 4205/4205/1068 4206/4206/1068 4207/4207/1068 4208/4208/1068
f 4209/4209/1069 4210/4210/1069 4211/4211/1069 4212/4212/1069
f 4213/4213/1070 4214/4214/1070 4215/4215/1070 4216/4216/1070
f 4217/4217/1071 4218/4218/1071 4219/4219/1071 4220/4220/1071
f 4221/4221/1072 4222/4222/1072 4223/4223/1072 4224/4224/1072
f 4225/4225/1073 4226/4226/1073 4227/4227/1073 4228/4228/1073
f 4229/4229/1074 4230/4230/1074 4231/4231/1074 4232/4232/1074
f 4233/4233/1075 4234/4234/1075 4235/4235/1075 4236/4236/1075
f 4237/4237/1076 4238/4238/1076 4239/4239/1076 4240/4240/1076
f 4241/4241/1077 4242/4242/1077 4243/4243/1077 4244/4244/1077
f 4245/4245/1078 4246/4246/1078 4247/4247/1078 4248/4248/1078
f 4249/4249/1079 4250/4250/1079 4251/4251/1079 4252/4252/1079
f 4253/4253/1080 4254/4254/1080 4255/4255/1080 4256/4256/1080
f 4257/4257/1081 4258/4258/1081 4259/4259/1081 4260/4260/1081
f 4261/4261/1082 4262/4262/1082 4263/4263/1082 4264/4264/1082
f 4265/4265/1083 4266/4266/1083 4267/4267/1083 4268/4268/1083
f 4269/4269/1084 4270/4270/1084 4271/4271/1084 4272/4272/1084
f 4273/4273/1085 4274/4274/1085 4275/4275/1085 4276/4276/1085
f 4277/4277/1086 4278/4278/1086 4279/4279/1086 4280/4280/1086
f 4281/4281/1087 4282/4282/1087 4283/4283/1087 4284/4284/1087
f 4285/4285/1088 4286/4286/1088 4287/4287/1088 4288/4288/1088
f 4289/4289/1089 4290/4290/1089 4291/4291/1089 4292/4292/1089
f 4293/4293/1090 4294/4294/1090 4295/4295/1090 4296/4296/1090
f 4297/4297/1091 4298/4298/1091 4299/4299/1091 4300/4300/1091
f 4301/4301/1092 4302/4302/1092 4303/4303/1092 4304/4304/1092
f 4305/4305/1093 4306/4306/1093 4307/4307/1093 4308/4308/1093
f 4309/4309/1094 4310/4310/1094 4311/4311/1094 4312/4312/1094
f 4313/4313/1095 4314/4314/1095 4315/4315/1095 4316/4316/1095
f 4317/4317/1096 4318/4318/1096 4319/4319/1096 4320/4320/1096
f 4321/4321/1097 4322/4322/1097 4323/4323/1097 4324/4324/1097
f 4325/4325/1098 4326/4326/1098 4327/4327/1098 4328/4328/1098
f 4329/4329/1099 4330/4330/1099 4331/4331/1099 4332/4332/1099
f 4333/4333/1100 4334/4334/1100 4335/4335/1100 4336/4336/1100
f 4337/4337/1101 4338/4338/1101 4339/4339/1101 4340/4340/1101
f 4341/4341/1102 4342/4342/1102 4343/4343/1102 4344/4344/1102
f 4345/4345/1103 4346/4346/1103 4347/4347/1103 4348/4348/1103
f 4349/4349/1104 4350/4350/1104 4351/4351/1104 4352/4352/1104
f 4353/4353/1105 4354/4354/1105 4355/4355/1105 4356/4356/1105
f 4357/4357/1106 4358/4358/1106 4359/4359/1106 4360/4360/1106
f 4361/4361/1107 4362/4362/1107 4363/4363/1107 4364/4364/1107
f 4365/4365/1108 4366/4366/1108 4367/4367/1108 4368/4368/1108
f 4369/4369/1109 4370/4370/1109 4371/4371/1109 4372/4372/1109
f 4373/4373/1110 4374/4374/1110 4375/4375/1110 4376/4376/1110
f 4377/4377/1111 4378/4378/1111 4379/4379/1111 4380/4380/1111
f 4381/4381/1112 4382/4382/1112 4383/4383/1112 4384/4384/1112
f 4385/4385/1113 4386/4386/1113 4387/4387/1113 4388/4388/1113
f 4389/4389/1114 4390/4390/1114 4391/4391/1114 4392/4392/1114
f 4393/4393/1115 4394/4394/1115 4395/4395/1115 4396/4396/1115
f 4397/4397/1116 4398/4398/1116 4399/4399/1116 4400/4400/1116
f 4401/4401/1117 4402/4402/1117 4403/4403/1117 4404/4404/1117
f 4405/4405/1118 4406/4406/1118 4407/4407/1118 4408/4408/1118
f 4409/4409/1119 4410/4410/1119 4411/4411/1119 4412/4412/1119
f 4413/4413/1120 4414/4414/1120 4415/4415/1120 4416/4416/1120
f 4417/4417/1121 4418/4418/1121 4419/4419/1121 4420/4420/1121
f 4421/4421/1122 4422/4422/1122 4423/4423/1122 4424/4424/1122
f 4425/4425/1123 4426/4426/1123 4427/4427/1123 4428/4428/1123
f 4429/4429/1124 4430/4430/1124 4431/4431/1124 4432/4432/1124
f 4433/4433/1125 4434/4434/1125 4435/4435/1125 4436/4436/1125
f 4437/4437/1126 4438/4438/1126 4439/4439/1126 4440/4440/1126
f 4441/4441/1127 4442/4442/1127 4443/4443/1127 4444/4444/1127
f 4445/4445/1128 4446/4446/1128 4447/4447/1128 4448/4448/1128
f 4449/4449/1129 4450/4450/1129 4451/4451/1129 4452/4452/1129
f 4453/4453/1130 4454/4454/1130 4455/4455/1130 4456/4456/1130
f 4457/4457/1131 4458/4458/1131 4459/4459/1131 4460/4460/1131
f 4461/4461/1132 4462/4462/1132 4463/4463/1132 4464/4464/1132
f 4465/4465/1133 4466/4466/1133 4467/4467/1133 4468/4468/1133
f 4469/4469/1134 4470/4470/1134 4471/4471/1134 4472/4472/1134
f 4473/4473/1135 4474/4474/1135 4475/4475/1135 4476/4476/1135
f 4477/4477/1136 4478/4478/1136 4479/4479/1136 4480/4480/1136
f 4481/4481/1137 4482/4482/1137 4483/4483/1137 4484/4484/1137
f 4485/4485/1138 4486/4486/1138 4487/4487/1138 4488/4488/1138
f 4489/4489/1139 4490/4490/1139 4491/4491/1139 4492/4492/1139
f 4493/4493/1140 4494/4494/1140 4495/4495/1140 4496/4496/1140
f 4497/4497/1141 4498/4498/1141 4499/4499/1141 4500/4500/1141
f 4501/4501/1142 4502/4502/1142 4503/4503/1142 4504/4504/1142
f 4505/4505/1143 4506/4506/1143 4507/4507/1143 4508/4508/1143
f 4509/4509/1144 4510/4510/1144 4511/4511/1144 4512/4512/1144
f 4513/4513/1145 4514/4514/1145 4515/4515/1145 4516/4516/1145
f 4517/4517/1146 4518/4518/1146 4519/4519/1146 4520/4520/1146
f 4521/4521/1147 4522/4522/1147 4523/4523/1147 4524/4524/1147
f 4525/4525/1148 4526/4526/1148 4527/4527/1148 4528/4528/1148
f 4529/4529/1149 4530/4530/1149 4531/4531/1149 4532/4532/1149
f 4533/4533/1150 4534/4534/1150 4535/4535/1150 4536/4536/1150
f 4537/4537/1151 4538/4538/1151 4539/4539/1151 4540/4540/1151
f 4541/4541/1152 4542/4542/1152 4543/4543/1152 4544/4544/1152
f 4545/4545/1153 4546/4546/1153 4547/4547/1153 4548/4548/1153
f 4549/4549/1154 4550/4550/1154 4551/4551/1154 4552/4552/1154
f 4553/4553/1155 4554/4554/1155 4555/4555/1155 4556/4556/1155
f 4557/4557/1156 4558/4558/1156 4559/4559/1156 4560/4560/1156
f 4561/4561/1157 4562/4562/1157 4563/4563/1157 4564/4564/1157
f 4565/4565/1158 4566/4566/1158 4567/4567/1158 4568/4568/1158
f 4569/4569/1159 4570/4570/1159 4571/4571/1159 4572/4572/1159
f 4573/4573/1160 4574/4574/1160 4575/4575/1160 4576/4576/1160
f 4577/4577/1161 4578/4578/1161 4579/4579/1161 4580/4580/1161
f 4581/4581/1162 4582/4582/1162 4583/4583/1162 4584/4584/1162
f 4585/4585/1163 4586/4586/1163 4587/4587/1163 4588/4588/1163
f 4589/4589/1164 4590/4590/1164 4591/4591/1164 4592/4592/1164
f 4593/4593/1165 4594/4594/1165 4595/4595/1165 4596/4596/1165
f 4597/4597/1166 4598/4598/1166 4599/4599/1166 4600/4600/1166
f 4601/4601/1167 4602/4602/1167 4603/4603/1167 4604/4604/1167
f 4605/4605/1168 4606/4606/1168 4607/4607/1168 4608/4608/1168
f 4609/4609/1169 4610/4610/1169 4611/4611/1169 4612/4612/1169
f 4613/4613/1170 4614/4614/1170 4615/4615/1170 4616/4616/1170
f 4617/4617/1171 4618/4618/1171 4619/4619/1171 4620/4620/1171
f 4621/4621/1172 4622/4622/1172 4623/4623/1172 4624/4624/1172
f 4625/4625/1173 4626/4626/1173 4627/4627/1173 4628/4628/1173
f 4629/4629/1174 4630/4630/1174 4631/4631/1174 4632/4632/1174
f 4633/4633/1175 4634/4634/1175 4635/4635/1175 4636/4636/1175
f 4637/4637/1176 4638/4638/1176 4639/4639/1176 4640/4640/1176
f 4641/4641/1177 4642/4642/1177 4643/4643/1177 4644/4644/1177
f 4645/4645/1178 4646/4646/1178 4647/4647/1178 4648/4648/1178
f 4649/4649/1179 4650/4650/1179 4651/4651/1179 4652/4652/1179
f 4653/4653/1180 4654/4654/1180 4655/4655/1180 4656/4656/1180
f 4657/4657/1181 4658/4658/1181 4659/4659/1181 4660/4660/1181
f 4661/4661/1182 4662/4662/1182 4663/4663/1182 4664/4664/1182
f 4665/4665/1183 4666/4666/1183 4667/4667/1183 4668/4668/1183
f 4669/4669/1184 4670/4670/1184 4671/4671/1184 4672/4672/1184
f 4673/4673/1185 4674/4674/1185 4675/4675/1185 4676/4676/1185
f 4677/4677/1186 4678/4678/1186 4679/4679/1186 4680/4680/1186
f 4681/4681/1187 4682/4682/1187 4683/4683/1187 4684/4684/1187
f 4685/4685/1188 4686/4686/1188 4687/4687/1188 4688/4688/1188
f 4689/4689/1189 4690/4690/1189 4691/4691/1189 4692/4692/1189
f 4693/4693/1190 4694/4694/1190 4695/4695/1190 4696/4696/1190
f 4697/4697/1191 4698/4698/1191 4699/4699/1191 4700/4700/1191
f 4701/4701/1192 4702/4702/1192 4703/4703/1192 4704/4704/1192
f 4705/4705/1193 4706/4706/1193 4707/4707/1193 4708/4708/1193
f 4709/4709/1194 4710/4710/1194 4711/4711/1194 4712/4712/1194
f 4713/4713/1195 4714/4714/1195 4715/4715/1195 4716/4716/1195
f 4717/4717/1196 4718/4718/1196 4719/4719/1196 4720/4720/1196
f 4721/4721/1197 4722/4722/1197 4723/4723/1197 4724/4724/1197
f 4725/4725/1198 4726/4726/1198 4727/4727/1198 4728/4728/1198
f 4729/4729/1199 4730/4730/1199 4731/4731/1199 4732/4732/1199
f 4733/4733/1200 4734/4734/1200 4735/4735/1200 4736/4736/1200
f 4737/4737/1201 4738/4738/1201 4739/4739/1201 4740/4740/1201
f 4741/4741/1202 4742/4742/1202 4743/4743/1202 4744/4744/1202
f 4745/4745/1203 4746/4746/1203 4747/4747/1203 4748/4748/1203
f 4749/4749/1204 4750/4750/1204 4751/4751/1204 4752/4752/1204
f 4753/4753/1205 4754/4754/1205 4755/4755/1205 4756/4756/1205
f 4757/4757/1206 4758/4758/1206 4759/4759/1206 4760/4760/1206
f 4761/4761/1207 4762/4762/1207 4763/4763/1207 4764/4764/1207
f 4765/4765/1208 4766/4766/1208 4767/4767/1208 4768/4768/1208
f 4769/4769/1209 4770/4770/1209 4771/4771/1209 4772/4772/1209
f 4773/4773/1210 4774/4774/1210 4775/4775/1210 4776/4776/1210
f 4777/4777/1211 4778/4778/1211 4779/4779/1211 4780/4780/1211
f 4781/4781/1212 4782/4782/1212 4783/4783/1212 4784/4784/1212
f 4785/4785/1213 4786/4786/1213 4787/4787/1213 4788/4788/1213
f 4789/4789/1214 4790/4790/1214 4791/4791/1214 4792/4792/1214
f 4793/4793/1215 4794/4794/1215 4795/4795/1215 4796/4796/1215
f 4797/4797/1216 4798/4798/1216 4799/4799/1216 4800/4800/1216
f 4801/4801/1217 4802/4802/1217 4803/4803/1217 4804/4804/1217
f 4805/4805/1218 4806/4806/1218 4807/4807/1218 4808/4808/1218
f 4809/4809/1219 4810/4810/1219 4811/4811/1219 4812/4812/1219
f 4813/4813/1220 4814/4814/1220 4815/4815/1220 4816/4816/1220
f 4817/4817/1221 4818/4818/1221 4819/4819/1221 4820/4820/1221
f 4821/4821/1222 4822/4822/1222 4823/4823/1222 4824/4824/1222
f 4825/4825/1223 4826/4826/1223 4827/4827/1223 4828/4828/1223
f 4829/4829/1224 4830/4830/1224 4831/4831/1224 4832/4832/1224
f 4833/4833/1225 4834/4834/1225 4835/4835/1225 4836/4836/1225
f 4837/4837/1226 4838/4838/1226 4839/4839/1226 4840/4840/1226
f 4841/4841/1227 4842/4842/1227 4843/4843/1227 4844/4844/1227
f 4845/4845/1228 4846/4846/1228 4847/4847/1228 4848/4848/1228
f 4849/4849/1229 4850/4850/1229 4851/4851/1229 4852/4852/1229
f 4853/4853/1230 4854/4854/1230 4855/4855/1230 4856/4856/1230
f 4857/4857/1231 4858/4858/1231 4859/4859/1231 4860/4860/1231
f 4861/4861/1232 4862/4862/1232 4863/4863/1232 4864/4864/1232
f 4865/4865/1233 4866/4866/1233 4867/4867/1233 4868/4868/1233
f 4869/4869/1234 4870/4870/1234 4871/4871/1234 4872/4872/1234
f 4873/4873/1235 4874/4874/1235 4875/4875/1235 4876/4876/1235
f 4877/4877/1236 4878/4878/1236 4879/4879/1236 4880/4880/1236
f 4881/4881/1237 4882/4882/1237 4883/4883/1237 4884/4884/1237
f 4885/4885/1238 4886/4886/1238 4887/4887/1238 4888/4888/1238
f 4889/4889/1239 4890/4890/1239 4891/4891/1239 4892/4892/1239
f 4893/4893/1240 4894/4894/1240 4895/4895/1240 4896/4896/1240
f 4897/4897/1241 4898/4898/1241 4899/4899/1241 4900/4900/1241
f 4901/4901/1242 4902/4902/1242 4903/4903/1242 4904/4904/1242
f 4905/4905/1243 4906/4906/1243 4907/4907/1243 4908/4908/1243
f 4909/4909/1244 4910/4910/1244 4911/4911/1244 4912/4912/1244
f 4913/4913/1245 4914/4914/1245 4915/4915/1245 4916/4916/1245
f 4917/4917/1246 4918/4918/1246 4919/4919/1246 4920/4920/1246
f 4921/4921/1247 4922/4922/1247 4923/4923/1247 4924/4924/1247
f 4925/4925/1248 4926/4926/1248 4927/4927/1248 4928/4928/1248
f 4929/4929/1249 4930/4930/1249 4931/4931/1249 4932/4932/1249
f 4933/4933/1250 4934/4934/1250 4935/4935/1250 4936/4936/1250
f 4937/4937/1251 4938/4938/1251 4939/4939/1251 4940/4940/1251
f 4941/4941/1252 4942/4942/1252 4943/4943/1252 4944/4944/1252
f 4945/4945/1253 4946/4946/1253 4947/4947/1253 4948/4948/1253
f 4949/4949/1254 4950/4950/1254 4951/4951/1254 4952/4952/1254
f 4953/4953/1255 4954/4954/1255 4955/4955/1255 4956/4956/1255
f 4957/4957/1256 4958/4958/1256 4959/4959/1256 4960/4960/1256
f 4961/4961/1257 4962/4962/1257 4963/4963/1257 4964/4964/1257
f 4965/4965/1258 4966/4966/1258 4967/4967/1258 4968/4968/1258
f 4969/4969/1259 4970/4970/1259 4971/4971/1259 4972/4972/1259
f 4973/4973/1260 4974/4974/1260 4975/4975/1260 4976/4976/1260
f 4977/4977/1261 4978/4978/1261 4979/4979/1261 4980/4980/1261
f 4981/4981/1262 4982/4982/1262 4983/4983/1262 4984/4984/1262
f 4985/4985/1263 4986/4986/1263 4987/4987/1263 4988/4988/1263
f 4989/4989/1264 4990/4990/1264 4991/4991/1264 4992/4992/1264
f 4993/4993/1265 4994/4994/1265 4995/4995/1265 4996/4996/1265
f 4997/4997/1266 4998/4998/1266 4999/4999/1266 5000/5000/1266
f 5001/5001/1267 5002/5002/1267 5003/5003/1267 5004/5004/1267
f 5005/5005/1268 5006/5006/1268 5007/5007/1268 5008/5008/1268
f 5009/5009/1269 5010/5010/1269 5011/5011/1269 5012/5012/1269
f 5013/5013/1270 5014/5014/1270 5015/5015/1270 5016/5016/1270
f 5017/5017/1271 5018/5018/1271 5019/5019/1271 5020/5020/1271
f 5021/5021/1272 5022/5022/1272 5023/5023/1272 5024/5024/1272
f 5025/5025/1273 5026/5026/1273 5027/5027/1273 5028/5028/1273
f 5029/5029/1274 5030/5030/1274 5031/5031/1274 5032/5032/1274
f 5033/5033/1275 5034/5034/1275 5035/5035/1275 5036/5036/1275
f 5037/5037/1276 5038/5038/1276 5039/5039/1276 5040/5040/1276
f 5041/5041/1277 5042/5042/1277 5043/5043/1277 5044/5044/1277
f 5045/5045/1278 5046/5046/1278 5047/5047/1278 5048/5048/1278
f 5049/5049/1279 5050/5050/1279 5051/5051/1279 5052/5052/1279
f 5053/5053/1280 5054/5054/1280 5055/5055/1280 5056/5056/1280
f 5057/5057/1281 5058/5058/1281 5059/5059/1281 5060/5060/1281
f 5061/5061/1282 5062/5062/1282 5063/5063/1282 5064/5064/1282
f 5065/5065/1283 5066/5066/1283 5067/5067/1283 5068/5068/1283
f 5069/5069/1284 5070/5070/1284 5071/5071/1284 5072/5072/1284
f 5073/5073/1285 5074/5074/1285 5075/5075/1285 5076/5076/1285
f 5077/5077/1286 5078/5078/1286 5079/5079/1286 5080/5080/1286
f 5081/5081/1287 5082/5082/1287 5083/5083/1287 5084/5084/1287
f 5085/5085/1288 5086/5086/1288 5087/5087/1288 5088/5088/1288
f 5089/5089/1289 5090/5090/1289 5091/5091/1289 5092/5092/1289
f 5093/5093/1290 5094/5094/1290 5095/5095/1290 5096/5096/1290
f 5097/5097/1291 5098/5098/1291 5099/5099/1291 5100/5100/1291
f 5101/5101/1292 5102/5102/1292 5103/5103/1292 5104/5104/1292
f 5105/5105/1293 5106/5106/1293 5107/5107/1293 5108/5108/1293
f 5109/5109/1294 5110/5110/1294 5111/5111/1294 5112/5112/1294
f 5113/5113/1295 5114/5114/1295 5115/5115/1295 5116/5116/1295
f 5117/5117/1296 5118/5118/1296 5119/5119/1296 5120/5120/1296
f 5121/5121/1297 5122/5122/1297 5123/5123/1297 5124/5124/1297
f 5125/5125/1298 5126/5126/1298 5127/5127/1298 5128/5128/1298
f 5129/5129/1299 5130/5130/1299 5131/5131/1299 5132/5132/1299
f 5133/5133/1300 5134/5134/1300 5135/5135/1300 5136/5136/1300
f 5137/5137/1301 5138/5138/1301 5139/5139/1301 5140/5140/1301
f 5141/5141/1302 5142/5142/1302 5143/5143/1302 5144/5144/1302
f 5145/5145/1303 5146/5146/1303 5147/5147/1303 5148/5148/1303
f 5149/5149/1304 5150/5150/1304 5151/5151/1304 5152/5152/1304
f 5153/5153/1305 5154/5154/1305 5155/5155/1305 5156/5156/1305
f 5157/5157/1306 5158/5158/1306 5159/5159/1306 5160/5160/1306
f 5161/5161/1307 5162/5162/1307 5163/5163/1307 5164/5164/1307
f 5165/5165/1308 5166/5166/1308 5167/5167/1308 5168/5168/1308
f 5169/5169/1309 5170/5170/1309 5171/5171/1309 5172/5172/1309
f 5173/5173/1310 5174/5174/1310 5175/5175/1310 5176/5176/1310
f 5177/5177/1311 5178/5178/1311 5179/5179/1311 5180/5180/1311
f 5181/5181/1312 5182/5182/1312 5183/5183/1312 5184/5184/1312
f 5185/5185/1313 5186/5186/1313 5187/5187/1313 5188/5188/1313
f 5189/5189/1314 5190/5190/1314 5191/5191/1314 5192/5192/1314
f 5193/5193/1315 5194/5194/1315 5195/5195/1315 5196/5196/1315
f 5197/5197/1316 5198/5198/1316 5199/5199/1316 5200/5200/1316
f 5201/5201/1317 5202/5202/1317 5203/5203/1317 5204/5204/1317
f 5205/5205/1318 5206/5206/1318 5207/5207/1318 5208/5208/1318
f 5209/5209/1319 5210/5210/1319 5211/5211/1319 5212/5212/1319
f 5213/5213/1320 5214/5214/1320 5215/5215/1320 5216/5216/1320
f 5217/5217/1321 5218/5218/1321 5219/5219/1321 5220/5220/1321
f 5221/5221/1322 5222/5222/1322 5223/5223/1322 5224/5224/1322
f 5225/5225/1323 5226/5226/1323 5227/5227/1323 5228/5228/1323
f 5229/5229/1324 5230/5230/1324 5231/5231/1324 5232/5232/1324
f 5233/5233/1325 5234/5234/1325 5235/5235/1325 5236/5236/1325
f 5237/5237/1326 5238/5238/1326 5239/5239/1326 5240/5240/1326
f 5241/5241/1327 5242/5242/1327 5243/5243/1327 5244/5244/1327
f 5245/5245/1328 5246/5246/1328 5247/5247/1328 5248/5248/1328
f 5249/5249/1329 5250/5250/1329 5251/5251/1329 5252/5252/1329
f 5253/5253/1330 5254/5254/1330 5255/5255/1330 5256/5256/1330
f 5257/5257/1331 5258/5258/1331 5259/5259/1331 5260/5260/1331
f 5261/5261/1332 5262/5262/1332 5263/5263/1332 5264/5264/1332
f 5265/5265/1333 5266/5266/1333 5267/5267/1333 5268/5268/1333
f 5269/5269/1334 5270/5270/1334 5271/5271/1334 5272/5272/1334
f 5273/5273/1335 5274/5274/1335 5275/5275/1335 5276/5276/1335
f 5277/5277/1336 5278/5278/1336 5279/5279/1336 5280/5280/1336
f 5281/5281/1337 5282/5282/1337 5283/5283/1337 5284/5284/1337
f 5285/5285/1338 5286/5286/1338 5287/5287/1338 5288/5288/1338
f 5289/5289/1339 5290/5290/1339 5291/5291/1339 5292/5292/1339
f 5293/5293/1340 5294/5294/1340 5295/5295/1340 5296/5296/1340
f 5297/5297/1341 5298/5298/1341 5299/5299/1341 5300/5300/1341
f 5301/5301/1342 5302/5302/1342 5303/5303/1342 5304/5304/1342
f 5305/5305/1343 5306/5306/1343 5307/5307/1343 5308/5308/1343
f 5309/5309/1344 5310/5310/1344 5311/5311/1344 5312/5312/1344
f 5313/5313/1345 5314/5314/1345 5315/5315/1345 5316/5316/1345
f 5317/5317/1346 5318/5318/1346 5319/5319/1346 5320/5320/1346
f 5321/5321/1347 5322/5322/1347 5323/5323/1347 5324/5324/1347
f 5325/5325/1348 5326/5326/1348 5327/5327/1348 5328/5328/1348
f 5329/5329/1349 5330/5330/1349 5331/5331/1349 5332/5332/1349
f 5333/5333/1350 5334/5334/1350 5335/5335/1350 5336/5336/1350
f 5337/5337/1351 5338/5338/1351 5339/5339/1351 5340/5340/1351
f 5341/5341/1352 5342/5342/1352 5343/5343/1352 5344/5344/1352
f 5345/5345/1353 5346/5346/1353 5347/5347/1353 5348/5348/1353
f 5349/5349/1354 5350/5350/1354 5351/5351/1354 5352/5352/1354
f 5353/5353/1355 5354/5354/1355 5355/5355/1355 5356/5356/1355
f 5357/5357/1356 5358/5358/1356 5359/5359/1356 5360/5360/1356
f 5361/5361/1357 5362/5362/1357 5363/5363/1357 5364/5364/1357
f 5365/5365/1358 5366/5366/1358 5367/5367/1358 5368/5368/1358
f 5369/5369/1359 5370/5370/1359 5371/5371/1359 5372/5372/1359
f 5373/5373/1360 5374/5374/1360 5375/5375/1360 5376/5376/1360
f 5377/5377/1361 5378/5378/1361 5379/5379/1361 5380/5380/1361
f 5381/5381/1362 5382/5382/1362 5383/5383/1362 5384/5384/1362
f 5385/5385/1363 5386/5386/1363 5387/5387/1363 5388/5388/1363
f 5389/5389/1364 5390/5390/1364 5391/5391/1364 5392/5392/1364
f 5393/5393/1365 5394/5394/1365 5395/5395/1365 5396/5396/1365
f 5397/5397/1366 5398/5398/1366 5399/5399/1366 5400/5400/1366
f 5401/5401/1367 5402/5402/1367 5403/5403/1367 5404/5404/1367
f 5405/5405/1368 5406/5406/1368 5407/5407/1368 5408/5408/1368
f 5409/5409/1369 5410/5410/1369 5411/5411/1369 5412/5412/1369
f 5413/5413/1370 5414/5414/1370 5415/5415/1370 5416/5416/1370
f 5417/5417/1371 5418/5418/1371 5419/5419/1371 5420/5420/1371
f 5421/5421/1372 5422/5422/1372 5423/5423/1372 5424/5424/1372
f 5425/5425/1373 5426/5426/1373 5427/5427/1373 5428/5428/1373
f 5429/5429/1374 5430/5430/1374 5431/5431/1374 5432/5432/1374
f 5433/5433/1375 5434/5434/1375 5435/5435/1375 5436/5436/1375
f 5437/5437/1376 5438/5438/1376 5439/5439/1376 5440/5440/1376
f 5441/5441/1377 5442/5442/1377 5443/5443/1377 5444/5444/1377
f 5445/5445/1378 5446/5446/1378 5447/5447/1378 5448/5448/1378
f 5449/5449/1379 5450/5450/1379 5451/5451/1379 5452/5452/1379
f 5453/5453/1380 5454/5454/1380 5455/5455/1380 5456/5456/1380
f 5457/5457/1381 5458/5458/1381 5459/5459/1381 5460/5460/1381
f 5461/5461/1382 5462/5462/1382 5463/5463/1382 5464/5464/1382
f 5465/5465/1383 5466/5466/1383 5467/5467/1383 5468/5468/1383
f 5469/5469/1384 5470/5470/1384 5471/5471/1384 5472/5472/1384
f 5473/5473/1385 5474/5474/1385 5475/5475/1385 5476/5476/1385
f 5477/5477/1386 5478/5478/1386 5479/5479/1386 5480/5480/1386
f 5481/5481/1387 5482/5482/1387 5483/5483/1387 5484/5484/1387
f 5485/5485/1388 5486/5486/1388 5487/5487/1388 5488/5488/1388
f 5489/5489/1389 5490/5490/1389 5491/5491/1389 5492/5492/1389
f 5493/5493/1390 5494/5494/1390 5495/5495/1390 5496/5496/1390
f 5497/5497/1391 5498/5498/1391 5499/5499/1391 5500/5500/1391
f 5501/5501/1392 5502/5502/1392 5503/5503/1392 5504/5504/1392
f 5505/5505/1393 5506/5506/1393 5507/5507/1393 5508/5508/1393
f 5509/5509/1394 5510/5510/1394 5511/5511/1394 5512/5512/1394
f 5513/5513/1395 5514/5514/1395 5515/5515/1395 5516/5516/1395
f 5517/5517/1396 5518/5518/1396 5519/5519/1396 5520/5520/1396
f 5521/5521/1397 5522/5522/1397 5523/5523/1397 5524/5524/1397
f 5525/5525/1398 5526/5526/1398 5527/5527/1398 5528/5528/1398
f 5529/5529/1399 5530/5530/1399 5531/5531/1399 5532/5532/1399
f 5533/5533/1400 5534/5534/1400 5535/5535/1400 5536/5536/1400
f 5537/5537/1401 5538/5538/1401 5539/5539/1401 5540/5540/1401
f 5541/5541/1402 5542/5542/1402 5543/5543/1402 5544/5544/1402
f 5545/5545/1403 5546/5546/1403 5547/5547/1403 5548/5548/1403
f 5549/5549/1404 5550/5550/1404 5551/5551/1404 5552/5552/1404
f 5553/5553/1405 5554/5554/1405 5555/5555/1405 5556/5556/1405
f 5557/5557/1406 5558/5558/1406 5559/5559/1406 5560/5560/1406
f 5561/5561/1407 5562/5562/1407 5563/5563/1407 5564/5564/1407
f 5565/5565/1408 5566/5566/1408 5567/5567/1408 5568/5568/1408
f 5569/5569/1409 5570/5570/1409 5571/5571/1409 5572/5572/1409
f 5573/5573/1410 5574/5574/1410 5575/5575/1410 5576/5576/1410
f 5577/5577/1411 5578/5578/1411 5579/5579/1411 5580/5580/1411
f 5581/5581/1412 5582/5582/1412 5583/5583/1412 5584/5584/1412
f 5585/5585/1413 5586/5586/1413 5587/5587/1413 5588/5588/1413
f 5589/5589/1414 5590/5590/1414 5591/5591/1414 5592/5592/1414
f 5593/5593/1415 5594/5594/1415 5595/5595/1415 5596/5596/1415
f 5597/5597/1416 5598/5598/1416 5599/5599/1416 5600/5600/1416
f 5601/5601/1417 5602/5602/1417 5603/5603/1417 5604/5604/1417
f 5605/5605/1418 5606/5606/1418 5607/5607/1418 5608/5608/1418
f 5609/5609/1419 5610/5610/1419 5611/5611/1419 5612/5612/1419
f 5613/5613/1420 5614/5614/1420 5615/5615/1420 5616/5616/1420
f 5617/5617/1421 5618/5618/1421 5619/5619/1421 5620/5620/1421
f 5621/5621/1422 5622/5622/1422 5623/5623/1422 5624/5624/1422
f 5625/5625/1423 5626/5626/1423 5627/5627/1423 5628/5628/1423
f 5629/5629/1424 5630/5630/1424 5631/5631/1424 5632/5632/1424
f 5633/5633/1425 5634/5634/1425 5635/5635/1425 5636/5636/1425
f 5637/5637/1426 5638/5638/1426 5639/5639/1426 5640/5640/1426
f 5641/5641/1427 5642/5642/1427 5643/5643/1427 5644/5644/1427
f 5645/5645/1428 5646/5646/1428 5647/5647/1428 5648/5648/1428
f 5649/5649/1429 5650/5650/1429 5651/5651/1429 5652/5652/1429
f 5653/5653/1430 5654/5654/1430 5655/5655/1430 5656/5656/1430
f 5657/5657/1431 5658/5658/1431 5659/5659/1431 5660/5660/1431
f 5661/5661/1432 5662/5662/1432 5663/5663/1432 5664/5664/1432
f 5665/5665/1433 5666/5666/1433 5667/5667/1433 5668/5668/1433
f 5669/5669/1434 5670/5670/1434 5671/5671/1434 5672/5672/1434
f 5673/5673/1435 5674/5674/1435 5675/5675/1435 5676/5676/1435
f 5677/5677/1436 5678/5678/1436 5679/5679/1436 5680/5680/1436
f 5681/5681/1437 5682/5682/1437 5683/5683/1437 5684/5684/1437
f 5685/5685/1438 5686/5686/1438 5687/5687/1438 5688/5688/1438
f 5689/5689/1439 5690/5690/1439 5691/5691/1439 5692/5692/1439
f 5693/5693/1440 5694/5694/1440 5695/5695/1440 5696/5696/1440
f 5697/5697/1441 5698/5698/1441 5699/5699/1441 5700/5700/1441
f 5701/5701/1442 5702/5702/1442 5703/5703/1442 5704/5704/1442
f 5705/5705/1443 5706/5706/1443 5707/5707/1443 5708/5708/1443
f 5709/5709/1444 5710/5710/1444 5711/5711/1444 5712/5712/1444
f 5713/5713/1445 5714/5714/1445 5715/5715/1445 5716/5716/1445
f 5717/5717/1446 5718/5718/1446 5719/5719/1446 5720/5720/1446
f 5721/5721/1447 5722/5722/1447 5723/5723/1447 5724/5724/1447
f 5725/5725/1448 5726/5726/1448 5727/5727/1448 5728/5728/1448
f 5729/5729/1449 5730/5730/1449 5731/5731/1449 5732/5732/1449
f 5733/5733/1450 5734/5734/1450 5735/5735/1450 5736/5736/1450
f 5737/5737/1451 5738/5738/1451 5739/5739/1451 5740/5740/1451
f 5741/5741/1452 5742/5742/1452 5743/5743/1452 5744/5744/1452
f 5745/5745/1453 5746/5746/1453 5747/5747/1453 5748/5748/1453
f 5749/5749/1454 5750/5750/1454 5751/5751/1454 5752/5752/1454
f 5753/5753/1455 5754/5754/1455 5755/5755/1455 5756/5756/1455
f 5757/5757/1456 5758/5758/1456 5759/5759/1456 5760/5760/1456
f 5761/5761/1457 5762/5762/1457 5763/5763/1457 5764/5764/1457
f 5765/5765/1458 5766/5766/1458 5767/5767/1458 5768/5768/1458
f 5769/5769/1459 5770/5770/1459 5771/5771/1459 5772/5772/1459
f 5773/5773/1460 5774/5774/1460 5775/5775/1460 5776/5776/1460
f 5777/5777/1461 5778/5778/1461 5779/5779/1461 5780/5780/1461
f 5781/5781/1462 5782/5782/1462 5783/5783/1462 5784/5784/1462
f 5785/5785/1463 5786/5786/1463 5787/5787/1463 5788/5788/1463
f 5789/5789/1464 5790/5790/1464 5791/5791/1464 5792/5792/1464
f 5793/5793/1465 5794/5794/1465 5795/5795/1465 5796/5796/1465
f 5797/5797/1466 5798/5798/1466 5799/5799/1466 5800/5800/1466
f 5801/5801/1467 5802/5802/1467 5803/5803/1467 5804/5804/1467
f 5805/5805/1468 5806/5806/1468 5807/5807/1468 5808/5808/1468
f 5809/5809/1469 5810/5810/1469 5811/5811/1469 5812/5812/1469
f 5813/5813/1470 5814/5814/1470 5815/5815/1470 5816/5816/1470
f 5817/5817/1471 5818/5818/1471 5819/5819/1471 5820/5820/1471
f 5821/5821/1472 5822/5822/1472 5823/5823/1472 5824/5824/1472
f 5825/5825/1473 5826/5826/1473 5827/5827/1473 5828/5828/1473
f 5829/5829/1474 5830/5830/1474 5831/5831/1474 5832/5832/1474
f 5833/5833/1475 5834/5834/1475 5835/5835/1475 5836/5836/1475
f 5837/5837/1476 5838/5838/1476 5839/5839/1476 5840/5840/1476
f 5841/5841/1477 5842/5842/1477 5843/5843/1477 5844/5844/1477
f 5845/5845/1478 5846/5846/1478 5847/5847/1478 5848/5848/1478
f 5849/5849/1479 5850/5850/1479 5851/5851/1479 5852/5852/1479
f 5853/5853/1480 5854/5854/1480 5855/5855/1480 5856/5856/1480
f 5857/5857/1481 5858/5858/1481 5859/5859/1481 5860/5860/1481
f 5861/5861/1482 5862/5862/1482 5863/5863/1482 5864/5864/1482
f 5865/5865/1483 5866/5866/1483 5867/5867/1483 5868/5868/1483
f 5869/5869/1484 5870/5870/1484 5871/5871/1484 5872/5872/1484
f 5873/5873/1485 5874/5874/1485 5875/5875/1485 5876/5876/1485
f 5877/5877/1486 5878/5878/1486 5879/5879/1486 5880/5880/1486
f 5881/5881/1487 5882/5882/1487 5883/5883/1487 5884/5884/1487
f 5885/5885/1488 5886/5886/1488 5887/5887/1488 5888/5888/1488
f 5889/5889/1489 5890/5890/1489 5891/5891/1489 5892/5892/1489
f 5893/5893/1490 5894/5894/1490 5895/5895/1490 5896/5896/1490
f 5897/5897/1491 5898/5898/1491 5899/5899/1491 5900/5900/1491
f 5901/5901/1492 5902/5902/1492 5903/5903/1492 5904/5904/1492
f 5905/5905/1493 5906/5906/1493 5907/5907/1493 5908/5908/1493
f 5909/5909/1494 5910/5910/1494 5911/5911/1494 5912/5912/1494
f 5913/5913/1495 5914/5914/1495 5915/5915/1495 5916/5916/1495
f 5917/5917/1496 5918/5918/1496 5919/5919/1496 5920/5920/1496
f 5921/5921/1497 5922/5922/1497 5923/5923/1497 5924/5924/1497
f 5925/5925/1498 5926/5926/1498 5927/5927/1498 5928/5928/1498
f 5929/5929/1499 5930/5930/1499 5931/5931/1499 5932/5932/1499
f 5933/5933/1500 5934/5934/1500 5935/5935/1500 5936/5936/1500
f 5937/5937/1501 5938/5938/1501 5939/5939/1501 5940/5940/1501
f 5941/5941/1502 5942/5942/1502 5943/5943/1502 5944/5944/1502
f 5945/5945/1503 5946/5946/1503 5947/5947/1503 5948/5948/1503
f 5949/5949/1504 5950/5950/1504 5951/5951/1504 5952/5952/1504
f 5953/5953/1505 5954/5954/1505 5955/5955/1505 5956/5956/1505
f 5957/5957/1506 5958/5958/1506 5959/5959/1506 5960/5960/1506
f 5961/5961/1507 5962/5962/1507 5963/5963/1507 5964/5964/1507
f 5965/5965/1508 5966/5966/1508 5967/5967/1508 5968/5968/1508
f 5969/5969/1509 5970/5970/1509 5971/5971/1509 5972/5972/1509
f 5973/5973/1510 5974/5974/1510 5975/5975/1510 5976/5976/1510
f 5977/5977/1511 5978/5978/1511 5979/5979/1511 5980/5980/1511
f 5981/5981/1512 5982/5982/1512 5983/5983/1512 5984/5984/1512
f 5985/5985/1513 5986/5986/1513 5987/5987/1513 5988/5988/1513
f 5989/5989/1514 5990/5990/1514 5991/5991/1514 5992/5992/1514
f 5993/5993/1515 5994/5994/1515 5995/5995/1515 5996/5996/1515
f 5997/5997/1516 5998/5998/1516 5999/5999/1516 6000/6000/1516
f 6001/6001/1517 6002/6002/1517 6003/6003/1517 6004/6004/1517
f 6005/6005/1518 6006/6006/1518 6007/6007/1518 6008/6008/1518
f 6009/6009/1519 6010/6010/1519 6011/6011/1519 6012/6012/1519
f 6013/6013/1520 6014/6014/1520 6015/6015/1520 6016/6016/1520
f 6017/6017/1521 6018/6018/1521 6019/6019/1521 6020/6020/1521
f 6021/6021/1522 6022/6022/1522 6023/6023/1522 6024/6024/1522
f 6025/6025/1523 6026/6026/1523 6027/6027/1523 6028/6028/1523
f 6029/6029/1524 6030/6030/1524 6031/6031/1524 6032/6032/1524
f 6033/6033/1525 6034/6034/1525 6035/6035/1525 6036/6036/1525
f 6037/6037/1526 6038/6038/1526 6039/6039/1526 6040/6040/1526
f 6041/6041/1527 6042/6042/1527 6043/6043/1527 6044/6044/1527
f 6045/6045/1528 6046/6046/1528 6047/6047/1528 6048/6048/1528
f 6049/6049/1529 6050/6050/1529 6051/6051/1529 6052/6052/1529
f 6053/6053/1530 6054/6054/1530 6055/6055/1530 6056/6056/1530
f 6057/6057/1531 6058/6058/1531 6059/6059/1531 6060/6060/1531
f 6061/6061/1532 6062/6062/1532 6063/6063/1532 6064/6064/1532
f 6065/6065/1533 6066/6066/1533 6067/6067/1533 6068/6068/1533
f 6069/6069/1534 6070/6070/1534 6071/6071/1534 6072/6072/1534
f 6073/6073/1535 6074/6074/1535 6075/6075/1535 6076/6076/1535
f 6077/6077/1536 6078/6078/1536 6079/6079/1536 6080/6080/1536
f 6081/6081/1537 6082/6082/1537 6083/6083/1537 6084/6084/1537
f 6085/6085/1538 6086/6086/1538 6087/6087/1538 6088/6088/1538
f 6089/6089/1539 6090/6090/1539 6091/6091/1539 6092/6092/1539
f 6093/6093/1540 6094/6094/1540 6095/6095/1540 6096/6096/1540
f 6097/6097/1541 6098/6098/1541 6099/6099/1541 6100/6100/1541
f 6101/6101/1542 6102/6102/1542 6103/6103/1542 6104/6104/1542
f 6105/6105/1543 6106/6106/1543 6107/6107/1543 6108/6108/1543
f 6109/6109/1544 6110/6110/1544 6111/6111/1544 6112/6112/1544
f 6113/6113/1545 6114/6114/1545 6115/6115/1545 6116/6116/1545
f 6117/6117/1546 6118/6118/1546 6119/6119/1546 6120/6120/1546
f 6121/6121/1547 6122/6122/1547 6123/6123/1547 6124/6124/1547
f 6125/6125/1548 6126/6126/1548 6127/6127/1548 6128/6128/1548
f 6129/6129/1549 6130/6130/1549 6131/6131/1549 6132/6132/1549
f 6133/6133/1550 6134/6134/1550 6135/6135/1550 6136/6136/1550
f 6137/6137/1551 6138/6138/1551 6139/6139/1551 6140/6140/1551
f 6141/6141/1552 6142/6142/1552 6143/6143/1552 6144/6144/1552
f 6145/6145/1553 6146/6146/1553 6147/6147/1553 6148/6148/1553
f 6149/6149/1554 6150/6150/1554 6151/6151/1554 6152/6152/1554
f 6153/6153/1555 6154/6154/1555 6155/6155/1555 6156/6156/1555
f 6157/6157/1556 6158/6158/1556 6159/6159/1556 6160/6160/1556
f 6161/6161/1557 6162/6162/1557 6163/6163/1557 6164/6164/1557
f 6165/6165/1558 6166/6166/1558 6167/6167/1558 6168/6168/1558
f 6169/6169/1559 6170/6170/1559 6171/6171/1559 6172/6172/1559
f 6173/6173/1560 6174/6174/1560 6175/6175/1560 6176/6176/1560
f 6177/6177/1561 6178/6178/1561 6179/6179/1561 6180/6180/1561
f 6181/6181/1562 6182/6182/1562 6183/6183/1562 6184/6184/1562
f 6185/6185/1563 6186/6186/1563 6187/6187/1563 6188/6188/1563
f 6189/6189/1564 6190/6190/1564 6191/6191/1564 6192/6192/1564
f 6193/6193/1565 6194/6194/1565 6195/6195/1565 6196/6196/1565
f 6197/6197/1566 6198/6198/1566 6199/6199/1566 6200/6200/1566
f 6201/6201/1567 6202/6202/1567 6203/6203/1567 6204/6204/1567
f 6205/6205/1568 6206/6206/1568 6207/6207/1568 6208/6208/1568
f 6209/6209/1569 6210/6210/1569 6211/6211/1569 6212/6212/1569
f 6213/6213/1570 6214/6214/1570 6215/6215/1570 6216/6216/1570
f 6217/6217/1571 6218/6218/1571 6219/6219/1571 6220/6220/1571
f 6221/6221/1572 6222/6222/1572 6223/6223/1572 6224/6224/1572
f 6225/6225/1573 6226/6226/1573 6227/6227/1573 6228/6228/1573
f 6229/6229/1574 6230/6230/1574 6231/6231/1574 6232/6232/1574
f 6233/6233/1575 6234/6234/1575 6235/6235/1575 6236/6236/1575
f 6237/6237/1576 6238/6238/1576 6239/6239/1576 6240/6240/1576
f 6241/6241/1577 6242/6242/1577 6243/6243/1577 6244/6244/1577
f 6245/6245/1578 6246/6246/1578 6247/6247/1578 6248/6248/1578
f 6249/6249/1579 6250/6250/1579 6251/6251/1579 6252/6252/1579
f 6253/6253/1580 6254/6254/1580 6255/6255/1580 6256/6256/1580
f 6257/6257/1581 6258/6258/1581 6259/6259/1581 6260/6260/1581
f 6261/6261/1582 6262/6262/1582 6263/6263/1582 6264/6264/1582
f 6265/6265/1583 6266/6266/1583 6267/6267/1583 6268/6268/1583
f 6269/6269/1584 6270/6270/1584 6271/6271/1584 6272/6272/1584
f 6273/6273/1585 6274/6274/1585 6275/6275/1585 6276/6276/1585
f 6277/6277/1586 6278/6278/1586 6279/6279/1586 6280/6280/1586
f 6281/6281/1587 6282/6282/1587 6283/6283/1587 6284/6284/1587
f 6285/6285/1588 6286/6286/1588 6287/6287/1588 6288/6288/1588
f 6289/6289/1589 6290/6290/1589 6291/6291/1589 6292/6292/1589
f 6293/6293/1590 6294/6294/1590 6295/6295/1590 6296/6296/1590
f 6297/6297/1591 6298/6298/1591 6299/6299/1591 6300/6300/1591
f 6301/6301/1592 6302/6302/1592 6303/6303/1592 6304/6304/1592
f 6305/6305/1593 6306/6306/1593 6307/6307/1593 6308/6308/1593
f 6309/6309/1594 6310/6310/1594 6311/6311/1594 6312/6312/1594
f 6313/6313/1595 6314/6314/1595 6315/6315/1595 6316/6316/1595
f 6317/6317/1596 6318/6318/1596 6319/6319/1596 6320/6320/1596
f 6321/6321/1597 6322/6322/1597 6323/6323/1597 6324/6324/1597
f 6325/6325/1598 6326/6326/1598 6327/6327/1598 6328/6328/1598
f 6329/6329/1599 6330/6330/1599 6331/6331/1599 6332/6332/1599
f 6333/6333/1600 6334/6334/1600 6335/6335/1600 6336/6336/1600
f 6337/6337/1601 6338/6338/1601 6339/6339/1601 6340/6340/1601
f 6341/6341/1602 6342/6342/1602 6343/6343/1602 6344/6344/1602
f 6345/6345/1603 6346/6346/1603 6347/6347/1603 6348/6348/1603
f 6349/6349/1604 6350/6350/1604 6351/6351/1604 6352/6352/1604
f 6353/6353/1605 6354/6354/1605 6355/6355/1605 6356/6356/1605
f 6357/6357/1606 6358/6358/1606 6359/6359/1606 6360/6360/1606
f 6361/6361/1607 6362/6362/1607 6363/6363/1607 6364/6364/1607
f 6365/6365/1608 6366/6366/1608 6367/6367/1608 6368/6368/1608
f 6369/6369/1609 6370/6370/1609 6371/6371/1609 6372/6372/1609
f 6373/6373/1610 6374/6374/1610 6375/6375/1610 6376/6376/1610
f 6377/6377/1611 6378/6378/1611 6379/6379/1611 6380/6380/1611
f 6381/6381/1612 6382/6382/1612 6383/6383/1612 6384/6384/1612
f 6385/6385/1613 6386/6386/1613 6387/6387/1613 6388/6388/1613
f 6389/6389/1614 6390/6390/1614 6391/6391/1614 6392/6392/1614
f 6393/6393/1615 6394/6394/1615 6395/6395/1615 6396/6396/1615
f 6397/6397/1616 6398/6398/1616 6399/6399/1616 6400/6400/1616
f 6401/6401/1617 6402/6402/1617 6403/6403/1617 6404/6404/1617
f 6405/6405/1618 6406/6406/1618 6407/6407/1618 6408/6408/1618
f 6409/6409/1619 6410/6410/1619 6411/6411/1619 6412/6412/1619
f 6413/6413/1620 6414/6414/1620 6415/6415/1620 6416/6416/1620
f 6417/6417/1621 6418/6418/1621 6419/6419/1621 6420/6420/1621
f 6421/6421/1622 6422/6422/1622 6423/6423/1622 6424/6424/1622
f 6425/6425/1623 6426/6426/1623 6427/6427/1623 6428/6428/1623
f 6429/6429/1624 6430/6430/1624 6431/6431/1624 6432/6432/1624
f 6433/6433/1625 6434/6434/1625 6435/6435/1625 6436/6436/1625
f 6437/6437/1626 6438/6438/1626 6439/6439/1626 6440/6440/1626
f 6441/6441/1627 6442/6442/1627 6443/6443/1627 6444/6444/1627
f 6445/6445/1628 6446/6446/1628 6447/6447/1628 6448/6448/1628
f 6449/6449/1629 6450/6450/1629 6451/6451/1629 6452/6452/1629
f 6453/6453/1630 6454/6454/1630 6455/6455/1630 6456/6456/1630
f 6457/6457/1631 6458/6458/1631 6459/6459/1631 6460/6460/1631
f 6461/6461/1632 6462/6462/1632 6463/6463/1632 6464/6464/1632
f 6465/6465/1633 6466/6466/1633 6467/6467/1633 6468/6468/1633
f 6469/6469/1634 6470/6470/1634 6471/6471/1634 6472/6472/1634
f 6473/6473/1635 6474/6474/1635 6475/6475/1635 6476/6476/1635
f 6477/6477/1636 6478/6478/1636 6479/6479/1636 6480/6480/1636
f 6481/6481/1637 6482/6482/1637 6483/6483/1637 6484/6484/1637
f 6485/6485/1638 6486/6486/1638 6487/6487/1638 6488/6488/1638
f 6489/6489/1639 6490/6490/1639 6491/6491/1639 6492/6492/1639
f 6493/6493/1640 6494/6494/1640 6495/6495/1640 6496/6496/1640
f 6497/6497/1641 6498/6498/1641 6499/6499/1641 6500/6500/1641
f 6501/6501/1642 6502/6502/1642 6503/6503/1642 6504/6504/1642
f 6505/6505/1643 6506/6506/1643 6507/6507/1643 6508/6508/1643
f 6509/6509/1644 6510/6510/1644 6511/6511/1644 6512/6512/1644
f 6513/6513/1645 6514/6514/1645 6515/6515/1645 6516/6516/1645
f 6517/6517/1646 6518/6518/1646 6519/6519/1646 6520/6520/1646
f 6521/6521/1647 6522/6522/1647 6523/6523/1647 6524/6524/1647
f 6525/6525/1648 6526/6526/1648 6527/6527/1648 6528/6528/1648
f 6529/6529/1649 6530/6530/1649 6531/6531/1649 6532/6532/1649
f 6533/6533/1650 6534/6534/1650 6535/6535/1650 6536/6536/1650
f 6537/6537/1651 6538/6538/1651 6539/6539/1651 6540/6540/1651
f 6541/6541/1652 6542/6542/1652 6543/6543/1652 6544/6544/1652
f 6545/6545/1653 6546/6546/1653 6547/6547/1653 6548/6548/1653
f 6549/6549/1654 6550/6550/1654 6551/6551/1654 6552/6552/1654
f 6553/6553/1655 6554/6554/1655 6555/6555/1655 6556/6556/1655
f 6557/6557/1656 6558/6558/1656 6559/6559/1656 6560/6560/1656
f 6561/6561/1657 6562/6562/1657 6563/6563/1657 6564/6564/1657
f 6565/6565/1658 6566/6566/1658 6567/6567/1658 6568/6568/1658
f 6569/6569/1659 6570/6570/1659 6571/6571/1659 6572/6572/1659
f 6573/6573/1660 6574/6574/1660 6575/6575/1660 6576/6576/1660
f 6577/6577/1661 6578/6578/1661 6579/6579/1661 6580/6580/1661
f 6581/6581/1662 6582/6582/1662 6583/6583/1662 6584/6584/1662
f 6585/6585/1663 6586/6586/1663 6587/6587/1663 6588/6588/1663
f 6589/6589/1664 6590/6590/1664 6591/6591/1664 6592/6592/1664
f 6593/6593/1665 6594/6594/1665 6595/6595/1665 6596/6596/1665
f 6597/6597/1666 6598/6598/1666 6599/6599/1666 6600/6600/1666
f 6601/6601/1667 6602/6602/1667 6603/6603/1667 6604/6604/1667
f 6605/6605/1668 6606/6606/1668 6607/6607/1668 6608/6608/1668
f 6609/6609/1669 6610/6610/1669 6611/6611/1669 6612/6612/1669
f 6613/6613/1670 6614/6614/1670 6615/6615/1670 6616/6616/1670
f 6617/6617/1671 6618/6618/1671 6619/6619/1671 6620/6620/1671
f 6621/6621/1672 6622/6622/1672 6623/6623/1672 6624/6624/1672
f 6625/6625/1673 6626/6626/1673 6627/6627/1673 6628/6628/1673
f 6629/6629/1674 6630/6630/1674 6631/6631/1674 6632/6632/1674
f 6633/6633/1675 6634/6634/1675 6635/6635/1675 6636/6636/1675
f 6637/6637/1676 6638/6638/1676 6639/6639/1676 6640/6640/1676
f 6641/6641/1677 6642/6642/1677 6643/6643/1677 6644/6644/1677
f 6645/6645/1678 6646/6646/1678 6647/6647/1678 6648/6648/1678
f 6649/6649/1679 6650/6650/1679 6651/6651/1679 6652/6652/1679
f 6653/6653/1680 6654/6654/1680 6655/6655/1680 6656/6656/1680
f 6657/6657/1681 6658/6658/1681 6659/6659/1681 6660/6660/1681
f 6661/6661/1682 6662/6662/1682 6663/6663/1682 6664/6664/1682
f 6665/6665/1683 6666/6666/1683 6667/6667/1683 6668/6668/1683
f 6669/6669/1684 6670/6670/1684 6671/6671/1684 6672/6672/1684
f 6673/6673/1685 6674/6674/1685 6675/6675/1685 6676/6676/1685
f 6677/6677/1686 6678/6678/1686 6679/6679/1686 6680/6680/1686
f 6681/6681/1687 6682/6682/1687 6683/6683/1687 6684/6684/1687
f 6685/6685/1688 6686/6686/1688 6687/6687/1688 6688/6688/1688
f 6689/6689/1689 6690/6690/1689 6691/6691/1689 6692/6692/1689
f 6693/6693/1690 6694/6694/1690 6695/6695/1690 6696/6696/1690
f 6697/6697/1691 6698/6698/1691 6699/6699/1691 6700/6700/1691
f 6701/6701/1692 6702/6702/1692 6703/6703/1692 6704/6704/1692
f 6705/6705/1693 6706/6706/1693 6707/6707/1693 6708/6708/1693
f 6709/6709/1694 6710/6710/1694 6711/6711/1694 6712/6712/1694
f 6713/6713/1695 6714/6714/1695 6715/6715/1695 6716/6716/1695
f 6717/6717/1696 6718/6718/1696 6719/6719/1696 6720/6720/1696
f 6721/6721/1697 6722/6722/1697 6723/6723/1697 6724/6724/1697
f 6725/6725/1698 6726/6726/1698 6727/6727/1698 6728/6728/1698
f 6729/6729/1699 6730/6730/1699 6731/6731/1699 6732/6732/1699
f 6733/6733/1700 6734/6734/1700 6735/6735/1700 6736/6736/1700
f 6737/6737/1701 6738/6738/1701 6739/6739/1701 6740/6740/1701
f 6741/6741/1702 6742/6742/1702 6743/6743/1702 6744/6744/1702
f 6745/6745/1703 6746/6746/1703 6747/6747/1703 6748/6748/1703
f 6749/6749/1704 6750/6750/1704 6751/6751/1704 6752/6752/1704
f 6753/6753/1705 6754/6754/1705 6755/6755/1705 6756/6756/1705
f 6757/6757/1706 6758/6758/1706 6759/6759/1706 6760/6760/1706
f 6761/6761/1707 6762/6762/1707 6763/6763/1707 6764/6764/1707
f 6765/6765/1708 6766/6766/1708 6767/6767/1708 6768/6768/1708
f 6769/6769/1709 6770/6770/1709 6771/6771/1709 6772/6772/1709
f 6773/6773/1710 6774/6774/1710 6775/6775/1710 6776/6776/1710
f 6777/6777/1711 6778/6778/1711 6779/6779/1711 6780/6780/1711
f 6781/6781/1712 6782/6782/1712 6783/6783/1712 6784/6784/1712
f 6785/6785/1713 6786/6786/1713 6787/6787/1713 6788/6788/1713
f 6789/6789/1714 6790/6790/1714 6791/6791/1714 6792/6792/1714
f 6793/6793/1715 6794/6794/1715 6795/6795/1715 6796/6796/1715
f 6797/6797/1716 6798/6798/1716 6799/6799/1716 6800/6800/1716
f 6801/6801/1717 6802/6802/1717 6803/6803/1717 6804/6804/1717
f 6805/6805/1718 6806/6806/1718 6807/6807/1718 6808/6808/1718
f 6809/6809/1719 6810/6810/1719 6811/6811/1719 6812/6812/1719
f 6813/6813/1720 6814/6814/1720 6815/6815/1720 6816/6816/1720
f 6817/6817/1721 6818/6818/1721 6819/6819/1721 6820/6820/1721
f 6821/6821/1722 6822/6822/1722 6823/6823/1722 6824/6824/1722
f 6825/6825/1723 6826/6826/1723 6827/6827/1723 6828/6828/1723
f 6829/6829/1724 6830/6830/1724 6831/6831/1724 6832/6832/1724
f 6833/6833/1725 6834/6834/1725 6835/6835/1725 6836/6836/1725
f 6837/6837/1726 6838/6838/1726 6839/6839/1726 6840/6840/1726
f 6841/6841/1727 6842/6842/1727 6843/6843/1727 6844/6844/1727
f 6845/6845/1728 6846/6846/1728 6847/6847/1728 6848/6848/1728
f 6849/6849/1729 6850/6850/1729 6851/6851/1729 6852/6852/1729
f 6853/6853/1730 6854/6854/1730 6855/6855/1730 6856/6856/1730
f 6857/6857/1731 6858/6858/1731 6859/6859/1731 6860/6860/1731
f 6861/6861/1732 6862/6862/1732 6863/6863/1732 6864/6864/1732
f 6865/6865/1733 6866/6866/1733 6867/6867/1733 6868/6868/1733
f 6869/6869/1734 6870/6870/1734 6871/6871/1734 6872/6872/1734
f 6873/6873/1735 6874/6874/1735 6875/6875/1735 6876/6876/1735
f 6877/6877/1736 6878/6878/1736 6879/6879/1736 6880/6880/1736
f 6881/6881/1737 6882/6882/1737 6883/6883/1737 6884/6884/1737
f 6885/6885/1738 6886/6886/1738 6887/6887/1738 6888/6888/1738
f 6889/6889/1739 6890/6890/1739 6891/6891/1739 6892/6892/1739
f 6893/6893/1740 6894/6894/1740 6895/6895/1740 6896/6896/1740
f 6897/6897/1741 6898/6898/1741 6899/6899/1741 6900/6900/1741
f 6901/6901/1742 6902/6902/1742 6903/6903/1742 6904/6904/1742
f 6905/6905/1743 6906/6906/1743 6907/6907/1743 6908/6908/1743
f 6909/6909/1744 6910/6910/1744 6911/6911/1744 6912/6912/1744
f 6913/6913/1745 6914/6914/1745 6915/6915/1745 6916/6916/1745
f 6917/6917/1746 6918/6918/1746 6919/6919/1746 6920/6920/1746
f 6921/6921/1747 6922/6922/1747 6923/6923/1747 6924/6924/1747
f 6925/6925/1748 6926/6926/1748 6927/6927/1748 6928/6928/1748
f 6929/6929/1749 6930/6930/1749 6931/6931/1749 6932/6932/1749
f 6933/6933/1750 6934/6934/1750 6935/6935/1750 6936/6936/1750
f 6937/6937/1751 6938/6938/1751 6939/6939/1751 6940/6940/1751
f 6941/6941/1752 6942/6942/1752 6943/6943/1752 6944/6944/1752
f 6945/6945/1753 6946/6946/1753 6947/6947/1753 6948/6948/1753
f 6949/6949/1754 6950/6950/1754 6951/6951/1754 6952/6952/1754
f 6953/6953/1755 6954/6954/1755 6955/6955/1755 6956/6956/1755
f 6957/6957/1756 6958/6958/1756 6959/6959/1756 6960/6960/1756
f 6961/6961/1757 6962/6962/1757 6963/6963/1757 6964/6964/1757
f 6965/6965/1758 6966/6966/1758 6967/6967/1758 6968/6968/1758
f 6969/6969/1759 6970/6970/1759 6971/6971/1759 6972/6972/1759
f 6973/6973/1760 6974/6974/1760 6975/6975/1760 6976/6976/1760
f 6977/6977/1761 6978/6978/1761 6979/6979/1761 6980/6980/1761
f 6981/6981/1762 6982/6982/1762 6983/6983/1762 6984/6984/1762
f 6985/6985/1763 6986/6986/1763 6987/6987/1763 6988/6988/1763
f 6989/6989/1764 6990/6990/1764 6991/6991/1764 6992/6992/1764
f 6993/6993/1765 6994/6994/1765 6995/6995/1765 6996/6996/1765
f 6997/6997/1766 6998/6998/1766 6999/6999/1766 7000/7000/1766
f 7001/7001/1767 7002/7002/1767 7003/7003/1767 7004/7004/1767
f 7005/7005/1768 7006/7006/1768 7007/7007/1768 7008/7008/1768
f 7009/7009/1769 7010/7010/1769 7011/7011/1769 7012/7012/1769
f 7013/7013/1770 7014/7014/1770 7015/7015/1770 7016/7016/1770
f 7017/7017/1771 7018/7018/1771 7019/7019/1771 7020/7020/1771
f 7021/7021/1772 7022/7022/1772 7023/7023/1772 7024/7024/1772
f 7025/7025/1773 7026/7026/1773 7027/7027/1773 7028/7028/1773
f 7029/7029/1774 7030/7030/1774 7031/7031/1774 7032/7032/1774
f 7033/7033/1775 7034/7034/1775 7035/7035/1775 7036/7036/1775
f 7037/7037/1776 7038/7038/1776 7039/7039/1776 7040/7040/1776
f 7041/7041/1777 7042/7042/1777 7043/7043/1777 7044/7044/1777
f 7045/7045/1778 7046/7046/1778 7047/7047/1778 7048/7048/1778
f 7049/7049/1779 7050/7050/1779 7051/7051/1779 7052/7052/1779
f 7053/7053/1780 7054/7054/1780 7055/7055/1780 7056/7056/1780
f 7057/7057/1781 7058/7058/1781 7059/7059/1781 7060/7060/1781
f 7061/7061/1782 7062/7062/1782 7063/7063/1782 7064/7064/1782
f 7065/7065/1783 7066/7066/1783 7067/7067/1783 7068/7068/1783
f 7069/7069/1784 7070/7070/1784 7071/7071/1784 7072/7072/1784
f 7073/7073/1785 7074/7074/1785 7075/7075/1785 7076/7076/1785
f 7077/7077/1786 7078/7078/1786 7079/7079/1786 7080/7080/1786
f 7081/7081/1787 7082/7082/1787 7083/7083/1787 7084/7084/1787
f 7085/7085/1788 7086/7086/1788 7087/7087/1788 7088/7088/1788
f 7089/7089/1789 7090/7090/1789 7091/7091/1789 7092/7092/1789
f 7093/7093/1790 7094/7094/1790 7095/7095/1790 7096/7096/1790
f 7097/7097/1791 7098/7098/1791 7099/7099/1791 7100/7100/1791
f 7101/7101/1792 7102/7102/1792 7103/7103/1792 7104/7104/1792
f 7105/7105/1793 7106/7106/1793 7107/7107/1793 7108/7108/1793
f 7109/7109/1794 7110/7110/1794 7111/7111/1794 7112/7112/1794
f 7113/7113/1795 7114/7114/1795 7115/7115/1795 7116/7116/1795
f 7117/7117/1796 7118/7118/1796 7119/7119/1796 7120/7120/1796
f 7121/7121/1797 7122/7122/1797 7123/7123/1797 7124/7124/1797
f 7125/7125/1798 7126/7126/1798 7127/7127/1798 7128/7128/1798
f 7129/7129/1799 7130/7130/1799 7131/7131/1799 7132/7132/1799
f 7133/7133/1800 7134/7134/1800 7135/7135/1800 7136/7136/1800
f 7137/7137/1801 7138/7138/1801 7139/7139/1801 7140/7140/1801
f 7141/7141/1802 7142/7142/1802 7143/7143/1802 7144/7144/1802
f 7145/7145/1803 7146/7146/1803 7147/7147/1803 7148/7148/1803
f 7149/7149/1804 7150/7150/1804 7151/7151/1804 7152/7152/1804
f 7153/7153/1805 7154/7154/1805 7155/7155/1805 7156/7156/1805
f 7157/7157/1806 7158/7158/1806 7159/7159/1806 7160/7160/1806
f 7161/7161/1807 7162/7162/1807 7163/7163/1807 7164/7164/1807
f 7165/7165/1808 7166/7166/1808 7167/7167/1808 7168/7168/1808
f 7169/7169/1809 7170/7170/1809 7171/7171/1809 7172/7172/1809
f 7173/7173/1810 7174/7174/1810 7175/7175/1810 7176/7176/1810
f 7177/7177/1811 7178/7178/1811 7179/7179/1811 7180/7180/1811
f 7181/7181/1812 7182/7182/1812 7183/7183/1812 7184/7184/1812
f 7185/7185/1813 7186/7186/1813 7187/7187/1813 7188/7188/1813
f 7189/7189/1814 7190/7190/1814 7191/7191/1814 7192/7192/1814
f 7193/7193/1815 7194/7194/1815 7195/7195/1815 7196/7196/1815
f 7197/7197/1816 7198/7198/1816 7199/7199/1816 7200/7200/1816
f 7201/7201/1817 7202/7202/1817 7203/7203/1817 7204/7204/1817
f 7205/7205/1818 7206/7206/1818 7207/7207/1818 7208/7208/1818
f 7209/7209/1819 7210/7210/1819 7211/7211/1819 7212/7212/1819
f 7213/7213/1820 7214/7214/1820 7215/7215/1820 7216/7216/1820
f 7217/7217/1821 7218/7218/1821 7219/7219/1821 7220/7220/1821
f 7221/7221/1822 7222/7222/1822 7223/7223/1822 7224/7224/1822
f 7225/7225/1823 7226/7226/1823 7227/7227/1823 7228/7228/1823
f 7229/7229/1824 7230/7230/1824 7231/7231/1824 7232/7232/1824
f 7233/7233/1825 7234/7234/1825 7235/7235/1825 7236/7236/1825
f 7237/7237/1826 7238/7238/1826 7239/7239/1826 7240/7240/1826
f 7241/7241/1827 7242/7242/1827 7243/7243/1827 7244/7244/1827
f 7245/7245/1828 7246/7246/1828 7247/7247/1828 7248/7248/1828
f 7249/7249/1829 7250/7250/1829 7251/7251/1829 7252/7252/1829
f 7253/7253/1830 7254/7254/1830 7255/7255/1830 7256/7256/1830
f 7257/7257/1831 7258/7258/1831 7259/7259/1831 7260/7260/1831
f 7261/7261/1832 7262/7262/1832 7263/7263/1832 7264/7264/1832
f 7265/7265/1833 7266/7266/1833 7267/7267/1833 7268/7268/1833
f 7269/7269/1834 7270/7270/1834 7271/7271/1834 7272/7272/1834
f 7273/7273/1835 7274/7274/1835 7275/7275/1835 7276/7276/1835
f 7277/7277/1836 7278/7278/1836 7279/7279/1836 7280/7280/1836
f 7281/7281/1837 7282/7282/1837 7283/7283/1837 7284/7284/1837
f 7285/7285/1838 7286/7286/1838 7287/7287/1838 7288/7288/1838
f 7289/7289/1839 7290/7290/1839 7291/7291/1839 7292/7292/1839
f 7293/7293/1840 7294/7294/1840 7295/7295/1840 7296/7296/1840
f 7297/7297/1841 7298/7298/1841 7299/7299/1841 7300/7300/1841
f 7301/7301/1842 7302/7302/1842 7303/7303/1842 7304/7304/1842
f 7305/7305/1843 7306/7306/1843 7307/7307/1843 7308/7308/1843
f 7309/7309/1844 7310/7310/1844 7311/7311/1844 7312/7312/1844
f 7313/7313/1845 7314/7314/1845 7315/7315/1845 7316/7316/1845
f 7317/7317/1846 7318/7318/1846 7319/7319/1846 7320/7320/1846
f 7321/7321/1847 7322/7322/1847 7323/7323/1847 7324/7324/1847
f 7325/7325/1848 7326/7326/1848 7327/7327/1848 7328/7328/1848
f 7329/7329/1849 7330/7330/1849 7331/7331/1849 7332/7332/1849
f 7333/7333/1850 7334/7334/1850 7335/7335/1850 7336/7336/1850
f 7337/7337/1851 7338/7338/1851 7339/7339/1851 7340/7340/1851
f 7341/7341/1852 7342/7342/1852 7343/7343/1852 7344/7344/1852
f 7345/7345/1853 7346/7346/1853 7347/7347/1853 7348/7348/1853
f 7349/7349/1854 7350/7350/1854 7351/7351/1854 7352/7352/1854
f 7353/7353/1855 7354/7354/1855 7355/7355/1855 7356/7356/1855
f 7357/7357/1856 7358/7358/1856 7359/7359/1856 7360/7360/1856
f 7361/7361/1857 7362/7362/1857 7363/7363/1857 7364/7364/1857
f 7365/7365/1858 7366/7366/1858 7367/7367/1858 7368/7368/1858
f 7369/7369/1859 7370/7370/1859 7371/7371/1859 7372/7372/1859
f 7373/7373/1860 7374/7374/1860 7375/7375/1860 7376/7376/1860
f 7377/7377/1861 7378/7378/1861 7379/7379/1861 7380/7380/1861
f 7381/7381/1862 7382/7382/1862 7383/7383/1862 7384/7384/1862
f 7385/7385/1863 7386/7386/1863 7387/7387/1863 7388/7388/1863
f 7389/7389/1864 7390/7390/1864 7391/7391/1864 7392/7392/1864
f 7393/7393/1865 7394/7394/1865 7395/7395/1865 7396/7396/1865
f 7397/7397/1866 7398/7398/1866 7399/7399/1866 7400/7400/1866
f 7401/7401/1867 7402/7402/1867 7403/7403/1867 7404/7404/1867
f 7405/7405/1868 7406/7406/1868 7407/7407/1868 7408/7408/1868
f 7409/7409/1869 7410/7410/1869 7411/7411/1869 7412/7412/1869
f 7413/7413/1870 7414/7414/1870 7415/7415/1870 7416/7416/1870
f 7417/7417/1871 7418/7418/1871 7419/7419/1871 7420/7420/1871
f 7421/7421/1872 7422/7422/1872 7423/7423/1872 7424/7424/1872
f 7425/7425/1873 7426/7426/1873 7427/7427/1873 7428/7428/1873
f 7429/7429/1874 7430/7430/1874 7431/7431/1874 7432/7432/1874
f 7433/7433/1875 7434/7434/1875 7435/7435/1875 7436/7436/1875
f 7437/7437/1876 7438/7438/1876 7439/7439/1876 7440/7440/1876
f 7441/7441/1877 7442/7442/1877 7443/7443/1877 7444/7444/1877
f 7445/7445/1878 7446/7446/1878 7447/7447/1878 7448/7448/1878
f 7449/7449/1879 7450/7450/1879 7451/7451/1879 7452/7452/1879
f 7453/7453/1880 7454/7454/1880 7455/7455/1880 7456/7456/1880
f 7457/7457/1881 7458/7458/1881 7459/7459/1881 7460/7460/1881
f 7461/7461/1882 7462/7462/1882 7463/7463/1882 7464/7464/1882
f 7465/7465/1883 7466/7466/1883 7467/7467/1883 7468/7468/1883
f 7469/7469/1884 7470/7470/1884 7471/7471/1884 7472/7472/1884
f 7473/7473/1885 7474/7474/1885 7475/7475/1885 7476/7476/1885
f 7477/7477/1886 7478/7478/1886 7479/7479/1886 7480/7480/1886
f 7481/7481/1887 7482/7482/1887 7483/7483/1887 7484/7484/1887
f 7485/7485/1888 7486/7486/1888 7487/7487/1888 7488/7488/1888
f 7489/7489/1889 7490/7490/1889 7491/7491/1889 7492/7492/1889
f 7493/7493/1890 7494/7494/1890 7495/7495/1890 7496/7496/1890
f 7497/7497/1891 7498/7498/1891 7499/7499/1891 7500/7500/1891
f 7501/7501/1892 7502/7502/1892 7503/7503/1892 7504/7504/1892
f 7505/7505/1893 7506/7506/1893 7507/7507/1893 7508/7508/1893
f 7509/7509/1894 7510/7510/1894 7511/7511/1894 7512/7512/1894
f 7513/7513/1895 7514/7514/1895 7515/7515/1895 7516/7516/1895
f 7517/7517/1896 7518/7518/1896 7519/7519/1896 7520/7520/1896
f 7521/7521/1897 7522/7522/1897 7523/7523/1897 7524/7524/1897
f 7525/7525/1898 7526/7526/1898 7527/7527/1898 7528/7528/1898
f 7529/7529/1899 7530/7530/1899 7531/7531/1899 7532/7532/1899
f 7533/7533/1900 7534/7534/1900 7535/7535/1900 7536/7536/1900
f 7537/7537/1901 7538/7538/1901 7539/7539/1901 7540/7540/1901
f 7541/7541/1902 7542/7542/1902 7543/7543/1902 7544/7544/1902
f 7545/7545/1903 7546/7546/1903 7547/7547/1903 7548/7548/1903
f 7549/7549/1904 7550/7550/1904 7551/7551/1904 7552/7552/1904
f 7553/7553/1905 7554/7554/1905 7555/7555/1905 7556/7556/1905
f 7557/7557/1906 7558/7558/1906 7559/7559/1906 7560/7560/1906
f 7561/7561/1907 7562/7562/1907 7563/7563/1907 7564/7564/1907
f 7565/7565/1908 7566/7566/1908 7567/7567/1908 7568/7568/1908
f 7569/7569/1909 7570/7570/1909 7571/7571/1909 7572/7572/1909
f 7573/7573/1910 7574/7574/1910 7575/7575/1910 7576/7576/1910
f 7577/7577/1911 7578/7578/1911 7579/7579/1911 7580/7580/1911
f 7581/7581/1912 7582/7582/1912 7583/7583/1912 7584/7584/1912
f 7585/7585/1913 7586/7586/1913 7587/7587/1913 7588/7588/1913
f 7589/7589/1914 7590/7590/1914 7591/7591/1914 7592/7592/1914
f 7593/7593/1915 7594/7594/1915 7595/7595/1915 7596/7596/1915
f 7597/7597/1916 7598/7598/1916 7599/7599/1916 7600/7600/1916
f 7601/7601/1917 7602/7602/1917 7603/7603/1917 7604/7604/1917
f 7605/7605/1918 7606/7606/1918 7607/7607/1918 7608/7608/1918
f 7609/7609/1919 7610/7610/1919 7611/7611/1919 7612/7612/1919
f 7613/7613/1920 7614/7614/1920 7615/7615/1920 7616/7616/1920
f 7617/7617/1921 7618/7618/1921 7619/7619/1921 7620/7620/1921
f 7621/7621/1922 7622/7622/1922 7623/7623/1922 7624/7624/1922
f 7625/7625/1923 7626/7626/1923 7627/7627/1923 7628/7628/1923
f 7629/7629/1924 7630/7630/1924 7631/7631/1924 7632/7632/1924
f 7633/7633/1925 7634/7634/1925 7635/7635/1925 7636/7636/1925
f 7637/7637/1926 7638/7638/1926 7639/7639/1926 7640/7640/1926
f 7641/7641/1927 7642/7642/1927 7643/7643/1927 7644/7644/1927
f 7645/7645/1928 7646/7646/1928 7647/7647/1928 7648/7648/1928
f 7649/7649/1929 7650/7650/1929 7651/7651/1929 7652/7652/1929
f 7653/7653/1930 7654/7654/1930 7655/7655/1930 7656/7656/1930
f 7657/7657/1931 7658/7658/1931 7659/7659/1931 7660/7660/1931
f 7661/7661/1932 7662/7662/1932 7663/7663/1932 7664/7664/1932
f 7665/7665/1933 7666/7666/1933 7667/7667/1933 7668/7668/1933
f 7669/7669/1934 7670/7670/1934 7671/7671/1934 7672/7672/1934
f 7673/7673/1935 7674/7674/1935 7675/7675/1935 7676/7676/1935
f 7677/7677/1936 7678/7678/1936 7679/7679/1936 7680/7680/1936
f 7681/7681/1937 7682/7682/1937 7683/7683/1937 7684/7684/1937
f 7685/7685/1938 7686/7686/1938 7687/7687/1938 7688/7688/1938
f 7689/7689/1939 7690/7690/1939 7691/7691/1939 7692/7692/1939
f 7693/7693/1940 7694/7694/1940 7695/7695/1940 7696/7696/1940
f 7697/7697/1941 7698/7698/1941 7699/7699/1941 7700/7700/1941
f 7701/7701/1942 7702/7702/1942 7703/7703/1942 7704/7704/1942
f 7705/7705/1943 7706/7706/1943 7707/7707/1943 7708/7708/1943
f 7709/7709/1944 7710/7710/1944 7711/7711/1944 7712/7712/1944
f 7713/7713/1945 7714/7714/1945 7715/7715/1945 7716/7716/1945
f 7717/7717/1946 7718/7718/1946 7719/7719/1946 7720/7720/1946
f 7721/7721/1947 7722/7722/1947 7723/7723/1947 7724/7724/1947
f 7725/7725/1948 7726/7726/1948 7727/7727/1948 7728/7728/1948
f 7729/7729/1949 7730/7730/1949 7731/7731/1949 7732/7732/1949
f 7733/7733/1950 7734/7734/1950 7735/7735/1950 7736/7736/1950
f 7737/7737/1951 7738/7738/1951 7739/7739/1951 7740/7740/1951
f 7741/7741/1952 7742/7742/1952 7743/7743/1952 7744/7744/1952
f 7745/7745/1953 7746/7746/1953 7747/7747/1953 7748/7748/1953
f 7749/7749/1954 7750/7750/1954 7751/7751/1954 7752/7752/1954
f 7753/7753/1955 7754/7754/1955 7755/7755/1955 7756/7756/1955
f 7757/7757/1956 7758/7758/1956 7759/7759/1956 7760/7760/1956
f 7761/7761/1957 7762/7762/1957 7763/7763/1957 7764/7764/1957
f 7765/7765/1958 7766/7766/1958 7767/7767/1958 7768/7768/1958
f 7769/7769/1959 7770/7770/1959 7771/7771/1959 7772/7772/1959
f 7773/7773/1960 7774/7774/1960 7775/7775/1960 7776/7776/1960
f 7777/7777/1961 7778/7778/1961 7779/7779/1961 7780/7780/1961
f 7781/7781/1962 7782/7782/1962 7783/7783/1962 7784/7784/1962
f 7785/7785/1963 7786/7786/1963 7787/7787/1963 7788/7788/1963
f 7789/7789/1964 7790/7790/1964 7791/7791/1964 7792/7792/1964
f 7793/7793/1965 7794/7794/1965 7795/7795/1965 7796/7796/1965
f 7797/7797/1966 7798/7798/1966 7799/7799/1966 7800/7800/1966
f 7801/7801/1967 7802/7802/1967 7803/7803/1967 7804/7804/1967
f 7805/7805/1968 7806/7806/1968 7807/7807/1968 7808/7808/1968
f 7809/7809/1969 7810/7810/1969 7811/7811/1969 7812/7812/1969
f 7813/7813/1970 7814/7814/1970 7815/7815/1970 7816/7816/1970
f 7817/7817/1971 7818/7818/1971 7819/7819/1971 7820/7820/1971
f 7821/7821/1972 7822/7822/1972 7823/7823/1972 7824/7824/1972
f 7825/7825/1973 7826/7826/1973 7827/7827/1973 7828/7828/1973
f 7829/7829/1974 7830/7830/1974 7831/7831/1974 7832/7832/1974
f 7833/7833/1975 7834/7834/1975 7835/7835/1975 7836/7836/1975
f 7837/7837/1976 7838/7838/1976 7839/7839/1976 7840/7840/1976
f 7841/7841/1977 7842/7842/1977 7843/7843/1977 7844/7844/1977
f 7845/7845/1978 7846/7846/1978 7847/7847/1978 7848/7848/1978
f 7849/7849/1979 7850/7850/1979 7851/7851/1979 7852/7852/1979
f 7853/7853/1980 7854/7854/1980 7855/7855/1980 7856/7856/1980
f 7857/7857/1981 7858/7858/1981 7859/7859/1981 7860/7860/1981
f 7861/7861/1982 7862/7862/1982 7863/7863/1982 7864/7864/1982
f 7865/7865/1983 7866/7866/1983 7867/7867/1983 7868/7868/1983
f 7869/7869/1984 7870/7870/1984 7871/7871/1984 7872/7872/1984
f 7873/7873/1985 7874/7874/1985 7875/7875/1985 7876/7876/1985
f 7877/7877/1986 7878/7878/1986 7879/7879/1986 7880/7880/1986
f 7881/7881/1987 7882/7882/1987 7883/7883/1987 7884/7884/1987
f 7885/7885/1988 7886/7886/1988 7887/7887/1988 7888/7888/1988
f 7889/7889/1989 7890/7890/1989 7891/7891/1989 7892/7892/1989
f 7893/7893/1990 7894/7894/1990 7895/7895/1990 7896/7896/1990
f 7897/7897/1991 7898/7898/1991 7899/7899/1991 7900/7900/1991
f 7901/7901/1992 7902/7902/1992 7903/7903/1992 7904/7904/1992
f 7905/7905/1993 7906/7906/1993 7907/7907/1993 7908/7908/1993
f 7909/7909/1994 7910/7910/1994 7911/7911/1994 7912/7912/1994
f 7913/7913/1995 7914/7914/1995 7915/7915/1995 7916/7916/1995
f 7917/7917/1996 7918/7918/1996 7919/7919/1996 7920/7920/1996
f 7921/7921/1997 7922/7922/1997 7923/7923/1997 7924/7924/1997
f 7925/7925/1998 7926/7926/1998 7927/7927/1998 7928/7928/1998
f 7929/7929/1999 7930/7930/1999 7931/7931/1999 7932/7932/1999
f 7933/7933/2000 7934/7934/2000 7935/7935/2000 7936/7936/2000
f 7937/7937/2001 7938/7938/2001 7939/7939/2001 7940/7940/2001
f 7941/7941/2002 7942/7942/2002 7943/7943/2002 7944/7944/2002
f 7945/7945/2003 7946/7946/2003 7947/7947/2003 7948/7948/2003
f 7949/7949/2004 7950/7950/2004 7951/7951/2004 7952/7952/2004
f 7953/7953/2005 7954/7954/2005 7955/7955/2005 7956/7956/2005
f 7957/7957/2006 7958/7958/2006 7959/7959/2006 7960/7960/2006
f 7961/7961/2007 7962/7962/2007 7963/7963/2007 7964/7964/2007
f 7965/7965/2008 7966/7966/2008 7967/7967/2008 7968/7968/2008
f 7969/7969/2009 7970/7970/2009 7971/7971/2009 7972/7972/2009
f 7973/7973/2010 7974/7974/2010 7975/7975/2010 7976/7976/2010
f 7977/7977/2011 7978/7978/2011 7979/7979/2011 7980/7980/2011
f 7981/7981/2012 7982/7982/2012 7983/7983/2012 7984/7984/2012
f 7985/7985/2013 7986/7986/2013 7987/7987/2013 7988/7988/2013
f 7989/7989/2014 7990/7990/2014 7991/7991/2014 7992/7992/2014
f 7993/7993/2015 7994/7994/2015 7995/7995/2015 7996/7996/2015
f 7997/7997/2016 7998/7998/2016 7999/7999/2016 8000/8000/2016
f 8001/8001/2017 8002/8002/2017 8003/8003/2017 8004/8004/2017
f 8005/8005/2018 8006/8006/2018 8007/8007/2018 8008/8008/2018
f 8009/8009/2019 8010/8010/2019 8011/8011/2019 8012/8012/2019
f 8013/8013/2020 8014/8014/2020 8015/8015/2020 8016/8016/2020
f 8017/8017/2021 8018/8018/2021 8019/8019/2021 8020/8020/2021
f 8021/8021/2022 8022/8022/2022 8023/8023/2022 8024/8024/2022
f 8025/8025/2023 8026/8026/2023 8027/8027/2023 8028/8028/2023
f 8029/8029/2024 8030/8030/2024 8031/8031/2024 8032/8032/2024
f 8033/8033/2025 8034/8034/2025 8035/8035/2025 8036/8036/2025
f 8037/8037/2026 8038/8038/2026 8039/8039/2026 8040/8040/2026
f 8041/8041/2027 8042/8042/2027 8043/8043/2027 8044/8044/2027
f 8045/8045/2028 8046/8046/2028 8047/8047/2028 8048/8048/2028
f 8049/8049/2029 8050/8050/2029 8051/8051/2029 8052/8052/2029
f 8053/8053/2030 8054/8054/2030 8055/8055/2030 8056/8056/2030
f 8057/8057/2031 8058/8058/2031 8059/8059/2031 8060/8060/2031
f 8061/8061/2032 8062/8062/2032 8063/8063/2032 8064/8064/2032
f 8065/8065/2033 8066/8066/2033 8067/8067/2033 8068/8068/2033
f 8069/8069/2034 8070/8070/2034 8071/8071/2034 8072/8072/2034
f 8073/8073/2035 8074/8074/2035 8075/8075/2035 8076/8076/2035
f 8077/8077/2036 8078/8078/2036 8079/8079/2036 8080/8080/2036
f 8081/8081/2037 8082/8082/2037 8083/8083/2037 8084/8084/2037
f 8085/8085/2038 8086/8086/2038 8087/8087/2038 8088/8088/2038
f 8089/8089/2039 8090/8090/2039 8091/8091/2039 8092/8092/2039
f 8093/8093/2040 8094/8094/2040 8095/8095/2040 8096/8096/2040
f 8097/8097/2041 8098/8098/2041 8099/8099/2041 8100/8100/2041
f 8101/8101/2042 8102/8102/2042 8103/8103/2042 8104/8104/2042
f 8105/8105/2043 8106/8106/2043 8107/8107/2043 8108/8108/2043
f 8109/8109/2044 8110/8110/2044 8111/8111/2044 8112/8112/2044
f 8113/8113/2045 8114/8114/2045 8115/8115/2045 8116/8116/2045
f 8117/8117/2046 8118/8118/2046 8119/8119/2046 8120/8120/2046
f 8121/8121/2047 8122/8122/2047 8123/8123/2047 8124/8124/2047
f 8125/8125/2048 8126/8126/2048 8127/8127/2048 8128/8128/2048
f 8129/8129/2049 8130/8130/2049 8131/8131/2049 8132/8132/2049
f 8133/8133/2050 8134/8134/2050 8135/8135/2050 8136/8136/2050
f 8137/8137/2051 8138/8138/2051 8139/8139/2051 8140/8140/2051
f 8141/8141/2052 8142/8142/2052 8143/8143/2052 8144/8144/2052
f 8145/8145/2053 8146/8146/2053 8147/8147/2053 8148/8148/2053
f 8149/8149/2054 8150/8150/2054 8151/8151/2054 8152/8152/2054
f 8153/8153/2055 8154/8154/2055 8155/8155/2055 8156/8156/2055
f 8157/8157/2056 8158/8158/2056 8159/8159/2056 8160/8160/2056
f 8161/8161/2057 8162/8162/2057 8163/8163/2057 8164/8164/2057
f 8165/8165/2058 8166/8166/2058 8167/8167/2058 8168/8168/2058
f 8169/8169/2059 8170/8170/2059 8171/8171/2059 8172/8172/2059
f 8173/8173/2060 8174/8174/2060 8175/8175/2060 8176/8176/2060
f 8177/8177/2061 8178/8178/2061 8179/8179/2061 8180/8180/2061
f 8181/8181/2062 8182/8182/2062 8183/8183/2062 8184/8184/2062
f 8185/8185/2063 8186/8186/2063 8187/8187/2063 8188/8188/2063
f 8189/8189/2064 8190/8190/2064 8191/8191/2064 8192/8192/2064
f 8193/8193/2065 8194/8194/2065 8195/8195/2065 8196/8196/2065
f 8197/8197/2066 8198/8198/2066 8199/8199/2066 8200/8200/2066
f 8201/8201/2067 8202/8202/2067 8203/8203/2067 8204/8204/2067
f 8205/8205/2068 8206/8206/2068 8207/8207/2068 8208/8208/2068
f 8209/8209/2069 8210/8210/2069 8211/8211/2069 8212/8212/2069
f 8213/8213/2070 8214/8214/2070 8215/8215/2070 8216/8216/2070
f 8217/8217/2071 8218/8218/2071 8219/8219/2071 8220/8220/2071
f 8221/8221/2072 8222/8222/2072 8223/8223/2072 8224/8224/2072
f 8225/8225/2073 8226/8226/2073 8227/8227/2073 8228/8228/2073
f 8229/8229/2074 8230/8230/2074 8231/8231/2074 8232/8232/2074
f 8233/8233/2075 8234/8234/2075 8235/8235/2075 8236/8236/2075
f 8237/8237/2076 8238/8238/2076 8239/8239/2076 8240/8240/2076
f 8241/8241/2077 8242/8242/2077 8243/8243/2077 8244/8244/2077
f 8245/8245/2078 8246/8246/2078 8247/8247/2078 8248/8248/2078
f 8249/8249/2079 8250/8250/2079 8251/8251/2079 8252/8252/2079
f 8253/8253/2080 8254/8254/2080 8255/8255/2080 8256/8256/2080
f 8257/8257/2081 8258/8258/2081 8259/8259/2081 8260/8260/2081
f 8261/8261/2082 8262/8262/2082 8263/8263/2082 8264/8264/2082
f 8265/8265/2083 8266/8266/2083 8267/8267/2083 8268/8268/2083
f 8269/8269/2084 8270/8270/2084 8271/8271/2084 8272/8272/2084
f 8273/8273/2085 8274/8274/2085 8275/8275/2085 8276/8276/2085
f 8277/8277/2086 8278/8278/2086 8279/8279/2086 8280/8280/2086
f 8281/8281/2087 8282/8282/2087 8283/8283/2087 8284/8284/2087
f 8285/8285/2088 8286/8286/2088 8287/8287/2088 8288/8288/2088
f 8289/8289/2089 8290/8290/2089 8291/8291/2089 8292/8292/2089
f 8293/8293/2090 8294/8294/2090 8295/8295/2090 8296/8296/2090
f 8297/8297/2091 8298/8298/2091 8299/8299/2091 8300/8300/2091
f 8301/8301/2092 8302/8302/2092 8303/8303/2092 8304/8304/2092
f 8305/8305/2093 8306/8306/2093 8307/8307/2093 8308/8308/2093
f 8309/8309/2094 8310/8310/2094 8311/8311/2094 8312/8312/2094
f 8313/8313/2095 8314/8314/2095 8315/8315/2095 8316/8316/2095
f 8317/8317/2096 8318/8318/2096 8319/8319/2096 8320/8320/2096
f 8321/8321/2097 8322/8322/2097 8323/8323/2097 8324/8324/2097
f 8325/8325/2098 8326/8326/2098 8327/8327/2098 8328/8328/2098
f 8329/8329/2099 8330/8330/2099 8331/8331/2099 8332/8332/2099
f 8333/8333/2100 8334/8334/2100 8335/8335/2100 8336/8336/2100
f 8337/8337/2101 8338/8338/2101 8339/8339/2101 8340/8340/2101
f 8341/8341/2102 8342/8342/2102 8343/8343/2102 8344/8344/2102
f 8345/8345/2103 8346/8346/2103 8347/8347/2103 8348/8348/2103
f 8349/8349/2104 8350/8350/2104 8351/8351/2104 8352/8352/2104
f 8353/8353/2105 8354/8354/2105 8355/8355/2105 8356/8356/2105
f 8357/8357/2106 8358/8358/2106 8359/8359/2106 8360/8360/2106
f 8361/8361/2107 8362/8362/2107 8363/8363/2107 8364/8364/2107
f 8365/8365/2108 8366/8366/2108 8367/8367/2108 8368/8368/2108
f 8369/8369/2109 8370/8370/2109 8371/8371/2109 8372/8372/2109
f 8373/8373/2110 8374/8374/2110 8375/8375/2110 8376/8376/2110
f 8377/8377/2111 8378/8378/2111 8379/8379/2111 8380/8380/2111
f 8381/8381/2112 8382/8382/2112 8383/8383/2112 8384/8384/2112
f 8385/8385/2113 8386/8386/2113 8387/8387/2113 8388/8388/2113
f 8389/8389/2114 8390/8390/2114 8391/8391/2114 8392/8392/2114
f 8393/8393/2115 8394/8394/2115 8395/8395/2115 8396/8396/2115
f 8397/8397/2116 8398/8398/2116 8399/8399/2116 8400/8400/2116
f 8401/8401/2117 8402/8402/2117 8403/8403/2117 8404/8404/2117
f 8405/8405/2118 8406/8406/2118 8407/8407/2118 8408/8408/2118
f 8409/8409/2119 8410/8410/2119 8411/8411/2119 8412/8412/2119
f 8413/8413/2120 8414/8414/2120 8415/8415/2120 8416/8416/2120
f 8417/8417/2121 8418/8418/2121 8419/8419/2121 8420/8420/2121
f 8421/8421/2122 8422/8422/2122 8423/8423/2122 8424/8424/2122
f 8425/8425/2123 8426/8426/2123 8427/8427/2123 8428/8428/2123
f 8429/8429/2124 8430/8430/2124 8431/8431/2124 8432/8432/2124
f 8433/8433/2125 8434/8434/2125 8435/8435/2125 8436/8436/2125
f 8437/8437/2126 8438/8438/2126 8439/8439/2126 8440/8440/2126
f 8441/8441/2127 8442/8442/2127 8443/8443/2127 8444/8444/2127
f 8445/8445/2128 8446/8446/2128 8447/8447/2128 8448/8448/2128
f 8449/8449/2129 8450/8450/2129 8451/8451/2129 8452/8452/2129
f 8453/8453/2130 8454/8454/2130 8455/8455/2130 8456/8456/2130
f 8457/8457/2131 8458/8458/2131 8459/8459/2131 8460/8460/2131
f 8461/8461/2132 8462/8462/2132 8463/8463/2132 8464/8464/2132
f 8465/8465/2133 8466/8466/2133 8467/8467/2133 8468/8468/2133
f 8469/8469/2134 8470/8470/2134 8471/8471/2134 8472/8472/2134
f 8473/8473/2135 8474/8474/2135 8475/8475/2135 8476/8476/2135
f 8477/8477/2136 8478/8478/2136 8479/8479/2136 8480/8480/2136
f 8481/8481/2137 8482/8482/2137 8483/8483/2137 8484/8484/2137
f 8485/8485/2138 8486/8486/2138 8487/8487/2138 8488/8488/2138
f 8489/8489/2139 8490/8490/2139 8491/8491/2139 8492/8492/2139
f 8493/8493/2140 8494/8494/2140 8495/8495/2140 8496/8496/2140
f 8497/8497/2141 8498/8498/2141 8499/8499/2141 8500/8500/2141
f 8501/8501/2142 8502/8502/2142 8503/8503/2142 8504/8504/2142
f 8505/8505/2143 8506/8506/2143 8507/8507/2143 8508/8508/2143
f 8509/8509/2144 8510/8510/2144 8511/8511/2144 8512/8512/2144
f 8513/8513/2145 8514/8514/2145 8515/8515/2145 8516/8516/2145
f 8517/8517/2146 8518/8518/2146 8519/8519/2146 8520/8520/2146
f 8521/8521/2147 8522/8522/2147 8523/8523/2147 8524/8524/2147
f 8525/8525/2148 8526/8526/2148 8527/8527/2148 8528/8528/2148
f 8529/8529/2149 8530/8530/2149 8531/8531/2149 8532/8532/2149
f 8533/8533/2150 8534/8534/2150 8535/8535/2150 8536/8536/2150
f 8537/8537/2151 8538/8538/2151 8539/8539/2151 8540/8540/2151
f 8541/8541/2152 8542/8542/2152 8543/8543/2152 8544/8544/2152
f 8545/8545/2153 8546/8546/2153 8547/8547/2153 8548/8548/2153
f 8549/8549/2154 8550/8550/2154 8551/8551/2154 8552/8552/2154
f 8553/8553/2155 8554/8554/2155 8555/8555/2155 8556/8556/2155
f 8557/8557/2156 8558/8558/2156 8559/8559/2156 8560/8560/2156
f 8561/8561/2157 8562/8562/2157 8563/8563/2157 8564/8564/2157
f 8565/8565/2158 8566/8566/2158 8567/8567/2158 8568/8568/2158
f 8569/8569/2159 8570/8570/2159 8571/8571/2159 8572/8572/2159
f 8573/8573/2160 8574/8574/2160 8575/8575/2160 8576/8576/2160
f 8577/8577/2161 8578/8578/2161 8579/8579/2161 8580/8580/2161
f 8581/8581/2162 8582/8582/2162 8583/8583/2162 8584/8584/2162
f 8585/8585/2163 8586/8586/2163 8587/8587/2163 8588/8588/2163
f 8589/8589/2164 8590/8590/2164 8591/8591/2164 8592/8592/2164
f 8593/8593/2165 8594/8594/2165 8595/8595/2165 8596/8596/2165
f 8597/8597/2166 8598/8598/2166 8599/8599/2166 8600/8600/2166
f 8601/8601/2167 8602/8602/2167 8603/8603/2167 8604/8604/2167
f 8605/8605/2168 8606/8606/2168 8607/8607/2168 8608/8608/2168
f 8609/8609/2169 8610/8610/2169 8611/8611/2169 8612/8612/2169
f 8613/8613/2170 8614/8614/2170 8615/8615/2170 8616/8616/2170
f 8617/8617/2171 8618/8618/2171 8619/8619/2171 8620/8620/2171
f 8621/8621/2172 8622/8622/2172 8623/8623/2172 8624/8624/2172
f 8625/8625/2173 8626/8626/2173 8627/8627/2173 8628/8628/2173
f 8629/8629/2174 8630/8630/2174 8631/8631/2174 8632/8632/2174
f 8633/8633/2175 8634/8634/2175 8635/8635/2175 8636/8636/2175
f 8637/8637/2176 8638/8638/2176 8639/8639/2176 8640/8640/2176
f 8641/8641/2177 8642/8642/2177 8643/8643/2177 8644/8644/2177
f 8645/8645/2178 8646/8646/2178 8647/8647/2178 8648/8648/2178
f 8649/8649/2179 8650/8650/2179 8651/8651/2179 8652/8652/2179
f 8653/8653/2180 8654/8654/2180 8655/8655/2180 8656/8656/2180
f 8657/8657/2181 8658/8658/2181 8659/8659/2181 8660/8660/2181
f 8661/8661/2182 8662/8662/2182 8663/8663/2182 8664/8664/2182
f 8665/8665/2183 8666/8666/2183 8667/8667/2183 8668/8668/2183
f 8669/8669/2184 8670/8670/2184 8671/8671/2184 8672/8672/2184
f 8673/8673/2185 8674/8674/2185 8675/8675/2185 8676/8676/2185
f 8677/8677/2186 8678/8678/2186 8679/8679/2186 8680/8680/2186
f 8681/8681/2187 8682/8682/2187 8683/8683/2187 8684/8684/2187
f 8685/8685/2188 8686/8686/2188 8687/8687/2188 8688/8688/2188
f 8689/8689/2189 8690/8690/2189 8691/8691/2189 8692/8692/2189
f 8693/8693/2190 8694/8694/2190 8695/8695/2190 8696/8696/2190
f 8697/8697/2191 8698/8698/2191 8699/8699/2191 8700/8700/2191
f 8701/8701/2192 8702/8702/2192 8703/8703/2192 8704/8704/2192
f 8705/8705/2193 8706/8706/2193 8707/8707/2193 8708/8708/2193
f 8709/8709/2194 8710/8710/2194 8711/8711/2194 8712/8712/2194
f 8713/8713/2195 8714/8714/2195 8715/8715/2195 8716/8716/2195
f 8717/8717/2196 8718/8718/2196 8719/8719/2196 8720/8720/2196
f 8721/8721/2197 8722/8722/2197 8723/8723/2197 8724/8724/2197
f 8725/8725/2198 8726/8726/2198 8727/8727/2198 8728/8728/2198
f 8729/8729/2199 8730/8730/2199 8731/8731/2199 8732/8732/2199
f 8733/8733/2200 8734/8734/2200 8735/8735/2200 8736/8736/2200
f 8737/8737/2201 8738/8738/2201 8739/8739/2201 8740/8740/2201
f 8741/8741/2202 8742/8742/2202 8743/8743/2202 8744/8744/2202
f 8745/8745/2203 8746/8746/2203 8747/8747/2203 8748/8748/2203
f 8749/8749/2204 8750/8750/2204 8751/8751/2204 8752/8752/2204
f 8753/8753/2205 8754/8754/2205 8755/8755/2205 8756/8756/2205
f 8757/8757/2206 8758/8758/2206 8759/8759/2206 8760/8760/2206
f 8761/8761/2207 8762/8762/2207 8763/8763/2207 8764/8764/2207
f 8765/8765/2208 8766/8766/2208 8767/8767/2208 8768/8768/2208
f 8769/8769/2209 8770/8770/2209 8771/8771/2209 8772/8772/2209
f 8773/8773/2210 8774/8774/2210 8775/8775/2210 8776/8776/2210
f 8777/8777/2211 8778/8778/2211 8779/8779/2211 8780/8780/2211
f 8781/8781/2212 8782/8782/2212 8783/8783/2212 8784/8784/2212
f 8785/8785/2213 8786/8786/2213 8787/8787/2213 8788/8788/2213
f 8789/8789/2214 8790/8790/2214 8791/8791/2214 8792/8792/2214
f 8793/8793/2215 8794/8794/2215 8795/8795/2215 8796/8796/2215
f 8797/8797/2216 8798/8798/2216 8799/8799/2216 8800/8800/2216
f 8801/8801/2217 8802/8802/2217 8803/8803/2217 8804/8804/2217
f 8805/8805/2218 8806/8806/2218 8807/8807/2218 8808/8808/2218
f 8809/8809/2219 8810/8810/2219 8811/8811/2219 8812/8812/2219
f 8813/8813/2220 8814/8814/2220 8815/8815/2220 8816/8816/2220
f 8817/8817/2221 8818/8818/2221 8819/8819/2221 8820/8820/2221
f 8821/8821/2222 8822/8822/2222 8823/8823/2222 8824/8824/2222
f 8825/8825/2223 8826/8826/2223 8827/8827/2223 8828/8828/2223
f 8829/8829/2224 8830/8830/2224 8831/8831/2224 8832/8832/2224
f 8833/8833/2225 8834/8834/2225 8835/8835/2225 8836/8836/2225
f 8837/8837/2226 8838/8838/2226 8839/8839/2226 8840/8840/2226
f 8841/8841/2227 8842/8842/2227 8843/8843/2227 8844/8844/2227
f 8845/8845/2228 8846/8846/2228 8847/8847/2228 8848/8848/2228
f 8849/8849/2229 8850/8850/2229 8851/8851/2229 8852/8852/2229
f 8853/8853/2230 8854/8854/2230 8855/8855/2230 8856/8856/2230
f 8857/8857/2231 8858/8858/2231 8859/8859/2231 8860/8860/2231
f 8861/8861/2232 8862/8862/2232 8863/8863/2232 8864/8864/2232
f 8865/8865/2233 8866/8866/2233 8867/8867/2233 8868/8868/2233
f 8869/8869/2234 8870/8870/2234 8871/8871/2234 8872/8872/2234
f 8873/8873/2235 8874/8874/2235 8875/8875/2235 8876/8876/2235
f 8877/8877/2236 8878/8878/2236 8879/8879/2236 8880/8880/2236
f 8881/8881/2237 8882/8882/2237 8883/8883/2237 8884/8884/2237
f 8885/8885/2238 8886/8886/2238 8887/8887/2238 8888/8888/2238
f 8889/8889/2239 8890/8890/2239 8891/8891/2239 8892/8892/2239
f 8893/8893/2240 8894/8894/2240 8895/8895/2240 8896/8896/2240
