mtllib TorusDistrict_OfficesA.mtl
o TorusDistrict_OfficesA
usemtl TorusDistrictBuildings
s off
v -4.62883383 0.04807272 -3.75000000
v -4.62821077 0.07806625 -3.75000000
v -3.70266446 0.06076280 -3.75000000
v -3.70316292 0.03076694 -3.75000000
v -4.62883383 0.04807272 3.75000000
v -3.70316292 0.03076694 3.75000000
v -3.70266446 0.06076280 3.75000000
v -4.62821077 0.07806625 3.75000000
v -2.77705425 0.04730425 -3.75000000
v -2.77742811 0.01730658 -3.75000000
v -2.77742811 0.01730658 3.75000000
v -2.77705425 0.04730425 3.75000000
v -1.85139613 0.03769083 -3.75000000
v -1.85164537 0.00769187 -3.75000000
v -1.85164537 0.00769187 3.75000000
v -1.85139613 0.03769083 3.75000000
v -0.92570605 0.03192272 -3.75000000
v -0.92583067 0.00192298 -3.75000000
v -0.92583067 0.00192298 3.75000000
v -0.92570605 0.03192272 3.75000000
v 0.00000000 0.03000000 -3.75000000
v 0.00000000 0.00000000 -3.75000000
v 0.00000000 0.00000000 3.75000000
v 0.00000000 0.03000000 3.75000000
v 0.92570605 0.03192272 -3.75000000
v 0.92583067 0.00192298 -3.75000000
v 0.92583067 0.00192298 3.75000000
v 0.92570605 0.03192272 3.75000000
v 1.85139613 0.03769083 -3.75000000
v 1.85164537 0.00769187 -3.75000000
v 1.85164537 0.00769187 3.75000000
v 1.85139613 0.03769083 3.75000000
v 2.77705425 0.04730425 -3.75000000
v 2.77742811 0.01730658 -3.75000000
v 2.77742811 0.01730658 3.75000000
v 2.77705425 0.04730425 3.75000000
v 3.70266446 0.06076280 -3.75000000
v 3.70316292 0.03076694 -3.75000000
v 3.70316292 0.03076694 3.75000000
v 3.70266446 0.06076280 3.75000000
v 4.62821077 0.07806625 -3.75000000
v 4.62883383 0.04807272 -3.75000000
v 4.62883383 0.04807272 3.75000000
v 4.62821077 0.07806625 3.75000000
v -4.60868815 1.01786349 -3.75000000
v -4.57882512 1.01724515 -3.75000000
v -4.59822124 0.07744529 -3.75000000
v -4.62821077 0.07806625 3.35000000
v -4.59822124 0.07744529 3.35000000
v -4.57882512 1.01724515 3.35000000
v -4.60868815 1.01786349 3.35000000
v 4.59822124 0.07744529 -3.75000000
v 4.57882512 1.01724515 -3.75000000
v 4.60868815 1.01786349 -3.75000000
v 4.59822124 0.07744529 3.35000000
v 4.62821077 0.07806625 3.35000000
v 4.60868815 1.01786349 3.35000000
v 4.57882512 1.01724515 3.35000000
v -3.07258150 0.99127309 -3.75000000
v -3.08559710 0.05136320 -3.75000000
v -4.62821077 0.07806625 -3.72000000
v -3.08559710 0.05136320 -3.72000000
v -3.07258150 0.99127309 -3.72000000
v -4.60868815 1.01786349 -3.72000000
v -4.62821077 0.07806625 3.32000000
v -4.62483585 0.24053120 3.32000000
v -3.57037155 0.22112455 3.32000000
v -3.57297698 0.05864544 3.32000000
v -3.57297698 0.05864544 3.35000000
v -3.57037155 0.22112455 3.35000000
v -4.62483585 0.24053120 3.35000000
v -4.62483585 0.24053120 3.32500000
v -4.61704757 0.61545031 3.32500000
v -3.56435900 0.59607635 3.32500000
v -3.57037155 0.22112455 3.32500000
v -3.56435900 0.59607635 3.35000000
v -4.61704757 0.61545031 3.35000000
v -4.61704757 0.61545031 3.32000000
v -4.60868815 1.01786349 3.32000000
v -3.55790553 0.99852461 3.32000000
v -3.56435900 0.59607635 3.32000000
v -3.55790553 0.99852461 3.35000000
v -3.12308842 0.05188553 3.32000000
v -3.10991467 0.99179321 3.32000000
v -3.07258150 0.99127309 3.32000000
v -3.08559710 0.05136320 3.32000000
v -3.12308842 0.05188553 3.35000000
v -3.08559710 0.05136320 3.35000000
v -3.07258150 0.99127309 3.35000000
v -3.10991467 0.99179321 3.35000000
v -3.56355732 0.64606992 3.32000000
v -3.11485483 0.63932783 3.32000000
v -3.56355732 0.64606992 3.35000000
v -3.11485483 0.63932783 3.35000000
v -4.57959890 0.97975314 3.35000000
v -3.10244804 0.99168868 3.35000000
v -3.10297233 0.95419235 3.35000000
v -4.57959890 0.97975314 3.51250000
v -3.10297233 0.95419235 3.51250000
v -3.10244804 0.99168868 3.51250000
v -4.57882512 1.01724515 3.51250000
v -1.53632757 0.97531834 -3.75000000
v -1.54283553 0.03534086 -3.75000000
v -1.54283553 0.03534086 -3.72000000
v -1.53632757 0.97531834 -3.72000000
v -3.08334706 0.21384762 3.32000000
v -2.02877367 0.20174188 3.32000000
v -2.03025415 0.03924862 3.32000000
v -2.03025415 0.03924862 3.35000000
v -2.02877367 0.20174188 3.35000000
v -3.08334706 0.21384762 3.35000000
v -3.08334706 0.21384762 3.32500000
v -3.07815467 0.58881167 3.32500000
v -2.02535719 0.57672631 3.32500000
v -2.02877367 0.20174188 3.32500000
v -2.02535719 0.57672631 3.35000000
v -3.07815467 0.58881167 3.35000000
v -3.07815467 0.58881167 3.32000000
v -2.02169017 0.97920961 3.32000000
v -2.02535719 0.57672631 3.32000000
v -2.02169017 0.97920961 3.35000000
v -1.58032956 0.03560361 3.32000000
v -1.57366345 0.97557997 3.32000000
v -1.53632757 0.97531834 3.32000000
v -1.54283553 0.03534086 3.32000000
v -1.58032956 0.03560361 3.35000000
v -1.54283553 0.03534086 3.35000000
v -1.53632757 0.97531834 3.35000000
v -1.57366345 0.97557997 3.35000000
v -2.02490166 0.62672424 3.32000000
v -1.57616324 0.62308884 3.32000000
v -2.02490166 0.62672424 3.35000000
v -1.57616324 0.62308884 3.35000000
v -3.04322910 0.95336504 3.35000000
v -3.04271490 0.99086152 3.35000000
v -1.56619628 0.97552714 3.35000000
v -1.56646095 0.93802808 3.35000000
v -3.04322910 0.95336504 3.51250000
v -1.56646095 0.93802808 3.51250000
v -1.56619628 0.97552714 3.51250000
v -3.04271490 0.99086152 3.51250000
v -0.00000000 0.97000000 -3.75000000
v -0.00000000 0.03000000 -3.72000000
v -0.00000000 0.97000000 -3.72000000
v -1.54171048 0.19783697 3.32000000
v -0.48707855 0.19303270 3.32000000
v -0.48743399 0.03053309 3.32000000
v -0.48743399 0.03053309 3.35000000
v -0.48707855 0.19303270 3.35000000
v -1.54171048 0.19783697 3.35000000
v -1.54171048 0.19783697 3.32500000
v -1.53911422 0.57282798 3.32500000
v -0.48625831 0.56803180 3.32500000
v -0.48707855 0.19303270 3.32500000
v -0.48625831 0.56803180 3.35000000
v -1.53911422 0.57282798 3.35000000
v -1.53911422 0.57282798 3.32000000
v -0.48537791 0.97053084 3.32000000
v -0.48625831 0.56803180 3.32000000
v -0.48537791 0.97053084 3.35000000
v -0.03749495 0.03000315 3.32000000
v -0.03733679 0.97000314 3.32000000
v -0.00000000 0.97000000 3.32000000
v -0.00000000 0.03000000 3.32000000
v -0.03749495 0.03000315 3.35000000
v -0.00000000 0.03000000 3.35000000
v -0.00000000 0.97000000 3.35000000
v -0.03733679 0.97000314 3.35000000
v -0.48614894 0.61803168 3.32000000
v -0.03739610 0.61750315 3.32000000
v -0.48614894 0.61803168 3.35000000
v -0.03739610 0.61750315 3.35000000
v -1.50671342 0.93761441 3.35000000
v -1.50645884 0.97511355 3.35000000
v -0.02986943 0.97000201 3.35000000
v -0.02987448 0.93250201 3.35000000
v -1.50671342 0.93761441 3.51250000
v -0.02987448 0.93250201 3.51250000
v -0.02986943 0.97000201 3.51250000
v -1.50645884 0.97511355 3.51250000
v 1.53632757 0.97531834 -3.75000000
v 1.54283553 0.03534086 -3.75000000
v 1.54283553 0.03534086 -3.72000000
v 1.53632757 0.97531834 -3.72000000
v 0.00000000 0.19250000 3.32000000
v 1.05463992 0.19499744 3.32000000
v 1.05540953 0.03249926 3.32000000
v 1.05540953 0.03249926 3.35000000
v 1.05463992 0.19499744 3.35000000
v 0.00000000 0.19250000 3.35000000
v 0.00000000 0.19250000 3.32500000
v 0.00000000 0.56750000 3.32500000
v 1.05286389 0.56999323 3.32500000
v 1.05463992 0.19499744 3.32500000
v 1.05286389 0.56999323 3.35000000
v 0.00000000 0.56750000 3.35000000
v 0.00000000 0.56750000 3.32000000
v 1.05095762 0.97248872 3.32000000
v 1.05286389 0.56999323 3.32000000
v 1.05095762 0.97248872 3.35000000
v 1.50534145 0.03508443 3.32000000
v 1.49899165 0.97506298 3.32000000
v 1.53632757 0.97531834 3.32000000
v 1.54283553 0.03534086 3.32000000
v 1.50534145 0.03508443 3.35000000
v 1.54283553 0.03534086 3.35000000
v 1.53632757 0.97531834 3.35000000
v 1.49899165 0.97506298 3.35000000
v 1.05262709 0.61999267 3.32000000
v 1.50137283 0.62257102 3.32000000
v 1.05262709 0.61999267 3.35000000
v 1.50137283 0.62257102 3.35000000
v 0.02987448 0.93250201 3.35000000
v 0.02986943 0.97000201 3.35000000
v 1.50645884 0.97511355 3.35000000
v 1.50671342 0.93761441 3.35000000
v 0.02987448 0.93250201 3.51250000
v 1.50671342 0.93761441 3.51250000
v 1.50645884 0.97511355 3.51250000
v 0.02986943 0.97000201 3.51250000
v 3.07258150 0.99127309 -3.75000000
v 3.08559710 0.05136320 -3.75000000
v 3.08559710 0.05136320 -3.72000000
v 3.07258150 0.99127309 -3.72000000
v 1.54171048 0.19783697 3.32000000
v 2.59630783 0.20763600 3.32000000
v 2.59820246 0.04514704 3.32000000
v 2.59820246 0.04514704 3.35000000
v 2.59630783 0.20763600 3.35000000
v 1.54171048 0.19783697 3.35000000
v 1.54171048 0.19783697 3.32500000
v 1.53911422 0.57282798 3.32500000
v 2.59193562 0.58261051 3.32500000
v 2.59630783 0.20763600 3.32500000
v 2.59193562 0.58261051 3.35000000
v 1.53911422 0.57282798 3.35000000
v 1.53911422 0.57282798 3.32000000
v 2.58724277 0.98508315 3.32000000
v 2.59193562 0.58261051 3.32000000
v 2.58724277 0.98508315 3.35000000
v 3.04810570 0.05084719 3.32000000
v 3.03524825 0.99075925 3.32000000
v 3.07258150 0.99127309 3.32000000
v 3.08559710 0.05136320 3.32000000
v 3.04810570 0.05084719 3.35000000
v 3.08559710 0.05136320 3.35000000
v 3.07258150 0.99127309 3.35000000
v 3.03524825 0.99075925 3.35000000
v 2.59135266 0.63260711 3.32000000
v 3.04006979 0.63829223 3.32000000
v 2.59135266 0.63260711 3.35000000
v 3.04006979 0.63829223 3.35000000
v 1.56646095 0.93802808 3.35000000
v 1.56619628 0.97552714 3.35000000
v 3.04271490 0.99086152 3.35000000
v 3.04322910 0.95336504 3.35000000
v 1.56646095 0.93802808 3.51250000
v 3.04322910 0.95336504 3.51250000
v 3.04271490 0.99086152 3.51250000
v 1.56619628 0.97552714 3.51250000
v 4.62821077 0.07806625 -3.72000000
v 4.60868815 1.01786349 -3.72000000
v 3.08334706 0.21384762 3.32000000
v 4.13785130 0.23094777 3.32000000
v 4.14087085 0.06847583 3.32000000
v 4.14087085 0.06847583 3.35000000
v 4.13785130 0.23094777 3.35000000
v 3.08334706 0.21384762 3.35000000
v 3.08334706 0.21384762 3.32500000
v 3.07815467 0.58881167 3.32500000
v 4.13088310 0.60588302 3.32500000
v 4.13785130 0.23094777 3.32500000
v 4.13088310 0.60588302 3.35000000
v 3.07815467 0.58881167 3.35000000
v 3.07815467 0.58881167 3.32000000
v 4.12340391 1.00831353 3.32000000
v 4.13088310 0.60588302 3.32000000
v 4.12340391 1.00831353 3.35000000
v 4.59072384 0.07729068 3.32000000
v 4.57135935 1.01709120 3.32000000
v 4.60868815 1.01786349 3.32000000
v 4.62821077 0.07806625 3.32000000
v 4.59072384 0.07729068 3.35000000
v 4.57135935 1.01709120 3.35000000
v 4.12995401 0.65587439 3.32000000
v 4.57862103 0.66466600 3.32000000
v 4.12995401 0.65587439 3.35000000
v 4.57862103 0.66466600 3.35000000
v 3.10297233 0.95419235 3.35000000
v 3.10244804 0.99168868 3.35000000
v 4.57959890 0.97975314 3.35000000
v 3.10297233 0.95419235 3.51250000
v 4.57959890 0.97975314 3.51250000
v 4.57882512 1.01724515 3.51250000
v 3.10244804 0.99168868 3.51250000
v -4.60806509 1.04785702 -3.75000000
v -3.61479730 1.02944817 -3.75000000
v -3.61528606 0.99945215 -3.75000000
v -4.60868815 1.01786349 3.75000000
v -3.61528606 0.99945215 3.75000000
v -3.61479730 1.02944817 3.75000000
v -4.60806509 1.04785702 3.75000000
v -2.62145705 1.01548682 -3.75000000
v -2.62181150 0.98548892 -3.75000000
v -2.62181150 0.98548892 3.75000000
v -2.62145705 1.01548682 3.75000000
v -1.62806424 1.00597325 -3.75000000
v -1.62828437 0.97597406 -3.75000000
v -1.62828437 0.97597406 3.75000000
v -1.62806424 1.00597325 3.75000000
v -0.63463879 1.00090764 -3.75000000
v -0.63472460 0.97090777 -3.75000000
v -0.63472460 0.97090777 3.75000000
v -0.63463879 1.00090764 3.75000000
v 0.63472460 0.97090777 -3.75000000
v 0.63463879 1.00090764 -3.75000000
v 1.62806424 1.00597325 -3.75000000
v 1.62828437 0.97597406 -3.75000000
v 0.63472460 0.97090777 3.75000000
v 1.62828437 0.97597406 3.75000000
v 1.62806424 1.00597325 3.75000000
v 0.63463879 1.00090764 3.75000000
v 2.62145705 1.01548682 -3.75000000
v 2.62181150 0.98548892 -3.75000000
v 2.62181150 0.98548892 3.75000000
v 2.62145705 1.01548682 3.75000000
v 3.61479730 1.02944817 -3.75000000
v 3.61528606 0.99945215 -3.75000000
v 3.61528606 0.99945215 3.75000000
v 3.61479730 1.02944817 3.75000000
v 4.60806509 1.04785702 -3.75000000
v 4.60868815 1.01786349 3.75000000
v 4.60806509 1.04785702 3.75000000
v 0.00000000 1.00000000 -3.75000000
v -0.63472460 0.97090777 -3.62500000
v 0.00000000 0.97000000 -3.62500000
v 0.00000000 1.00000000 -3.62500000
v -0.63463879 1.00090764 -3.62500000
v 0.63472460 0.97090777 -3.62500000
v 0.63463879 1.00090764 -3.62500000
v -0.63472460 0.97090777 -3.22500000
v -0.63463879 1.00090764 -3.22500000
v 0.00000000 1.00000000 -3.22500000
v 0.00000000 0.97000000 -3.22500000
v 0.00000000 0.97000000 3.75000000
v 0.00000000 1.00000000 3.75000000
v 0.63463879 1.00090764 -3.22500000
v 0.63472460 0.97090777 -3.22500000
v -0.63728665 0.07519715 -3.62500000
v -0.63721514 0.10019704 -3.62500000
v -0.54618460 0.09995526 -3.62500000
v -0.54624590 0.07495534 -3.62500000
v -0.63728665 0.07519715 -3.22500000
v -0.54624590 0.07495534 -3.22500000
v -0.54618460 0.09995526 -3.22500000
v -0.63721514 0.10019704 -3.22500000
v -0.63741332 0.03091161 -3.62500000
v -0.62472076 0.10016166 -3.62500000
v -0.62491505 0.03087621 -3.62500000
v -0.63741332 0.03091161 -3.22500000
v -0.62491505 0.03087621 -3.22500000
v -0.62472076 0.10016166 -3.22500000
v -0.54607603 0.14424084 -3.62500000
v -0.54601473 0.16924077 -3.62500000
v -0.45501242 0.16903625 -3.62500000
v -0.45506349 0.14403630 -3.62500000
v -0.54607603 0.14424084 -3.22500000
v -0.45506349 0.14403630 -3.22500000
v -0.45501242 0.16903625 -3.22500000
v -0.54601473 0.16924077 -3.22500000
v -0.53352422 0.16921050 -3.62500000
v -0.53369021 0.09992498 -3.62500000
v -0.53369021 0.09992498 -3.22500000
v -0.53352422 0.16921050 -3.22500000
v -0.45492194 0.21332187 -3.62500000
v -0.45487086 0.23832182 -3.62500000
v -0.36389678 0.23815453 -3.62500000
v -0.36393764 0.21315457 -3.62500000
v -0.45492194 0.21332187 -3.22500000
v -0.36393764 0.21315457 -3.22500000
v -0.36389678 0.23815453 -3.22500000
v -0.45487086 0.23832182 -3.22500000
v -0.44238422 0.23829666 -3.62500000
v -0.44252190 0.16901108 -3.62500000
v -0.44252190 0.16901108 -3.22500000
v -0.44238422 0.23829666 -3.22500000
v -0.36382439 0.28244019 -3.62500000
v -0.36378353 0.30744016 -3.62500000
v -0.27283770 0.30731009 -3.62500000
v -0.27286835 0.28231011 -3.62500000
v -0.36382439 0.28244019 -3.22500000
v -0.27286835 0.28231011 -3.22500000
v -0.27283770 0.30731009 -3.22500000
v -0.36378353 0.30744016 -3.22500000
v -0.35130077 0.30742010 -3.62500000
v -0.35141013 0.23813448 -3.62500000
v -0.35141013 0.23813448 -3.22500000
v -0.35130077 0.30742010 -3.22500000
v -0.27278341 0.35159577 -3.62500000
v -0.27275277 0.37659575 -3.62500000
v -0.18183520 0.37650287 -3.62500000
v -0.18185563 0.35150288 -3.62500000
v -0.27278341 0.35159577 -3.22500000
v -0.18185563 0.35150288 -3.22500000
v -0.18183520 0.37650287 -3.22500000
v -0.27275277 0.37659575 -3.22500000
v -0.26027389 0.37658080 -3.62500000
v -0.26035494 0.30729514 -3.62500000
v -0.26035494 0.30729514 -3.22500000
v -0.26027389 0.37658080 -3.22500000
v -0.18179901 0.42078857 -3.62500000
v -0.18177858 0.44578856 -3.62500000
v -0.09088930 0.44573286 -3.62500000
v -0.09089951 0.42073286 -3.62500000
v -0.18179901 0.42078857 -3.22500000
v -0.09089951 0.42073286 -3.22500000
v -0.09088930 0.44573286 -3.22500000
v -0.18177858 0.44578856 -3.22500000
v -0.16930358 0.44577872 -3.62500000
v -0.16935632 0.37649302 -3.62500000
v -0.16935632 0.37649302 -3.22500000
v -0.16930358 0.44577872 -3.22500000
v -0.09087120 0.49001857 -3.62500000
v -0.09086099 0.51501856 -3.62500000
v 0.00000000 0.51500000 -3.62500000
v 0.00000000 0.49000000 -3.62500000
v -0.09087120 0.49001857 -3.22500000
v 0.00000000 0.49000000 -3.22500000
v 0.00000000 0.51500000 -3.22500000
v -0.09086099 0.51501856 -3.22500000
v -0.07838987 0.51501382 -3.62500000
v -0.07841430 0.44572811 -3.62500000
v -0.07841430 0.44572811 -3.22500000
v -0.07838987 0.51501382 -3.22500000
v 0.00000000 0.55928571 -3.62500000
v 0.00000000 0.58428571 -3.62500000
v 0.09083267 0.58430427 -3.62500000
v 0.09084289 0.55930427 -3.62500000
v 0.00000000 0.55928571 -3.22500000
v 0.09084289 0.55930427 -3.22500000
v 0.09083267 0.58430427 -3.22500000
v 0.00000000 0.58428571 -3.22500000
v 0.01246723 0.58428606 -3.62500000
v 0.01247112 0.51500035 -3.62500000
v 0.01247112 0.51500035 -3.22500000
v 0.01246723 0.58428606 -3.22500000
v 0.09081458 0.62858998 -3.62500000
v 0.09080436 0.65358998 -3.62500000
v 0.18160871 0.65364564 -3.62500000
v 0.18162914 0.62864565 -3.62500000
v 0.09081458 0.62858998 -3.22500000
v 0.18162914 0.62864565 -3.22500000
v 0.18160871 0.65364564 -3.22500000
v 0.09080436 0.65358998 -3.22500000
v 0.10326771 0.65359542 -3.62500000
v 0.10329990 0.58430972 -3.62500000
v 0.10329990 0.58430972 -3.22500000
v 0.10326771 0.65359542 -3.22500000
v 0.18157252 0.69793134 -3.62500000
v 0.18155209 0.72293133 -3.62500000
v 0.27232809 0.72302406 -3.62500000
v 0.27235874 0.69802408 -3.62500000
v 0.18157252 0.69793134 -3.22500000
v 0.27235874 0.69802408 -3.22500000
v 0.27232809 0.72302406 -3.22500000
v 0.18155209 0.72293133 -3.22500000
v 0.19401154 0.72294186 -3.62500000
v 0.19407205 0.65365617 -3.62500000
v 0.19407205 0.65365617 -3.22500000
v 0.19401154 0.72294186 -3.22500000
v 0.27227381 0.76730974 -3.62500000
v 0.27224316 0.79230972 -3.62500000
v 0.36299081 0.79243951 -3.62500000
v 0.36303167 0.76743954 -3.62500000
v 0.27227381 0.76730974 -3.22500000
v 0.36303167 0.76743954 -3.22500000
v 0.36299081 0.79243951 -3.22500000
v 0.27224316 0.79230972 -3.22500000
v 0.28469872 0.79232534 -3.62500000
v 0.28478754 0.72303968 -3.62500000
v 0.28478754 0.72303968 -3.22500000
v 0.28469872 0.79232534 -3.22500000
v 0.36291842 0.83672516 -3.62500000
v 0.36287756 0.86172513 -3.62500000
v 0.45359684 0.86189194 -3.62500000
v 0.45364792 0.83689200 -3.62500000
v 0.36291842 0.83672516 -3.22500000
v 0.45364792 0.83689200 -3.22500000
v 0.45359684 0.86189194 -3.22500000
v 0.36287756 0.86172513 -3.22500000
v 0.37532923 0.86174583 -3.62500000
v 0.37544636 0.79246022 -3.62500000
v 0.37544636 0.79246022 -3.22500000
v 0.37532923 0.86174583 -3.22500000
v 0.45350636 0.90617757 -3.62500000
v 0.45345528 0.93117751 -3.62500000
v 0.54414617 0.93138133 -3.62500000
v 0.54420746 0.90638141 -3.62500000
v 0.45350636 0.90617757 -3.22500000
v 0.54420746 0.90638141 -3.22500000
v 0.54414617 0.93138133 -3.22500000
v 0.45345528 0.93117751 -3.22500000
v 0.46590305 0.93120330 -3.62500000
v 0.46604850 0.86191773 -3.62500000
v 0.46604850 0.86191773 -3.22500000
v 0.46590305 0.93120330 -3.22500000
v 0.54403759 0.97566692 -3.62500000
v 0.54397630 1.00066684 -3.62500000
v 0.63471030 0.97590775 -3.62500000
v 0.54403759 0.97566692 -3.22500000
v 0.63471030 0.97590775 -3.22500000
v 0.54397630 1.00066684 -3.22500000
v 0.55642018 1.00069770 -3.62500000
v 0.55659393 0.93141220 -3.62500000
v 0.55659393 0.93141220 -3.22500000
v 0.55642018 1.00069770 -3.22500000
v -4.58791941 2.01764780 -3.75000000
v -4.55819095 2.01703225 -3.75000000
v -4.57820610 1.04723877 -3.75000000
v -4.60806509 1.04785702 3.35000000
v -4.57820610 1.04723877 3.35000000
v -4.55819095 2.01703225 3.35000000
v -4.58791941 2.01764780 3.35000000
v 4.57820610 1.04723877 -3.75000000
v 4.55819095 2.01703225 -3.75000000
v 4.58791941 2.01764780 -3.75000000
v 4.57820610 1.04723877 3.35000000
v 4.60806509 1.04785702 3.35000000
v 4.58791941 2.01764780 3.35000000
v 4.55819095 2.01703225 3.35000000
v -3.05873512 1.99117722 -3.75000000
v -3.07216611 1.02127021 -3.75000000
v -4.60806509 1.04785702 -3.72000000
v -3.07216611 1.02127021 -3.72000000
v -3.05873512 1.99117722 -3.72000000
v -4.58791941 2.01764780 -3.72000000
v -4.60806509 1.04785702 3.32000000
v -4.60469017 1.21032197 3.32000000
v -3.55481909 1.19099986 3.32000000
v -3.55742452 1.02852075 3.32000000
v -3.55742452 1.02852075 3.35000000
v -3.55481909 1.19099986 3.35000000
v -4.60469017 1.21032197 3.35000000
v -4.60469017 1.21032197 3.32500000
v -4.59690189 1.58524109 3.32500000
v -3.54880654 1.56595166 3.32500000
v -3.55481909 1.19099986 3.32500000
v -3.54880654 1.56595166 3.35000000
v -4.59690189 1.58524109 3.35000000
v -4.59690189 1.58524109 3.32000000
v -4.58791941 2.01764780 3.32000000
v -3.54187207 1.99839606 3.32000000
v -3.54880654 1.56595166 3.32000000
v -3.54187207 1.99839606 3.35000000
v -3.10949423 1.02179026 3.32000000
v -3.09590005 1.99169500 3.32000000
v -3.05873512 1.99117722 3.32000000
v -3.07216611 1.02127021 3.32000000
v -3.10949423 1.02179026 3.35000000
v -3.07216611 1.02127021 3.35000000
v -3.05873512 1.99117722 3.35000000
v -3.09590005 1.99169500 3.35000000
v -3.54800487 1.61594523 3.32000000
v -3.10126064 1.60923256 3.32000000
v -3.54800487 1.61594523 3.35000000
v -3.10126064 1.60923256 3.35000000
v -4.55896473 1.97954023 3.35000000
v -3.08846707 1.99159094 3.35000000
v -3.08899136 1.95409461 3.35000000
v -4.55896473 1.97954023 3.51250000
v -3.08899136 1.95409461 3.51250000
v -3.08846707 1.99159094 3.51250000
v -4.55819095 2.01703225 3.51250000
v -1.52940421 1.97529437 -3.75000000
v -1.53611987 1.00531762 -3.75000000
v -1.53611987 1.00531762 -3.72000000
v -1.52940421 1.97529437 -3.72000000
v -3.06991607 1.18375463 3.32000000
v -2.01993638 1.17170162 3.32000000
v -2.02141685 1.00920836 3.32000000
v -2.02141685 1.00920836 3.35000000
v -2.01993638 1.17170162 3.35000000
v -3.06991607 1.18375463 3.35000000
v -3.06991607 1.18375463 3.32500000
v -3.06472368 1.55871869 3.32500000
v -2.01651990 1.54668605 3.32500000
v -2.01993638 1.17170162 3.32500000
v -2.01651990 1.54668605 3.35000000
v -3.06472368 1.55871869 3.35000000
v -3.06472368 1.55871869 3.32000000
v -2.01257956 1.97916811 3.32000000
v -2.01651990 1.54668605 3.32000000
v -2.01257956 1.97916811 3.35000000
v -1.57345070 1.00557922 3.32000000
v -1.56657184 1.97555483 3.32000000
v -1.52940421 1.97529437 3.32000000
v -1.53611987 1.00531762 3.32000000
v -1.57345070 1.00557922 3.35000000
v -1.53611987 1.00531762 3.35000000
v -1.52940421 1.97529437 3.35000000
v -1.56657184 1.97555483 3.35000000
v -2.01606437 1.59668398 3.32000000
v -1.56928438 1.59306445 3.32000000
v -2.01606437 1.59668398 3.35000000
v -1.56928438 1.59306445 3.35000000
v -3.02951731 1.95327103 3.35000000
v -3.02900311 1.99076750 3.35000000
v -1.55913832 1.97550224 3.35000000
v -1.55940299 1.93800317 3.35000000
v -3.02951731 1.95327103 3.51250000
v -1.55940299 1.93800317 3.51250000
v -1.55913832 1.97550224 3.51250000
v -3.02900311 1.99076750 3.51250000
v -0.00000000 1.97000000 -3.75000000
v -0.00000000 1.00000000 -3.72000000
v -0.00000000 1.97000000 -3.72000000
v -1.53499483 1.16781372 3.32000000
v -0.48495685 1.16303038 3.32000000
v -0.48531229 1.00053077 3.32000000
v -0.48531229 1.00053077 3.35000000
v -0.48495685 1.16303038 3.35000000
v -1.53499483 1.16781372 3.35000000
v -1.53499483 1.16781372 3.32500000
v -1.53239857 1.54280473 3.32500000
v -0.48413660 1.53802948 3.32500000
v -0.48495685 1.16303038 3.32500000
v -0.48413660 1.53802948 3.35000000
v -1.53239857 1.54280473 3.35000000
v -1.53239857 1.54280473 3.32000000
v -0.48319058 1.97052845 3.32000000
v -0.48413660 1.53802948 3.32000000
v -0.48319058 1.97052845 3.35000000
v -0.03733174 1.00000314 3.32000000
v -0.03716854 1.97000313 3.32000000
v -0.00000000 1.97000000 3.32000000
v -0.00000000 1.00000000 3.32000000
v -0.03733174 1.00000314 3.35000000
v -0.00000000 1.00000000 3.35000000
v -0.00000000 1.97000000 3.35000000
v -0.03716854 1.97000313 3.35000000
v -0.48402724 1.58802936 3.32000000
v -0.03723289 1.58750313 3.32000000
v -0.48402724 1.58802936 3.35000000
v -0.03723289 1.58750313 3.35000000
v -1.49992466 1.93759137 3.35000000
v -1.49967008 1.97509051 3.35000000
v -0.02973483 1.97000200 3.35000000
v -0.02973988 1.93250200 3.35000000
v -1.49992466 1.93759137 3.51250000
v -0.02973988 1.93250200 3.51250000
v -0.02973483 1.97000200 3.51250000
v -1.49967008 1.97509051 3.51250000
v 1.52940421 1.97529437 -3.75000000
v 1.53611987 1.00531762 -3.75000000
v 1.53611987 1.00531762 -3.72000000
v 1.52940421 1.97529437 -3.72000000
v 0.00000000 1.16250000 3.32000000
v 1.05004593 1.16498656 3.32000000
v 1.05081554 1.00248838 3.32000000
v 1.05081554 1.00248838 3.35000000
v 1.05004593 1.16498656 3.35000000
v 0.00000000 1.16250000 3.35000000
v 0.00000000 1.16250000 3.32500000
v 0.00000000 1.53750000 3.32500000
v 1.04826990 1.53998235 3.32500000
v 1.05004593 1.16498656 3.32500000
v 1.04826990 1.53998235 3.35000000
v 0.00000000 1.53750000 3.35000000
v 0.00000000 1.53750000 3.32000000
v 1.04622155 1.97247750 3.32000000
v 1.04826990 1.53998235 3.32000000
v 1.04622155 1.97247750 3.35000000
v 1.49878900 1.00506230 3.32000000
v 1.49223655 1.97504017 3.32000000
v 1.52940421 1.97529437 3.32000000
v 1.53611987 1.00531762 3.32000000
v 1.49878900 1.00506230 3.35000000
v 1.53611987 1.00531762 3.35000000
v 1.52940421 1.97529437 3.35000000
v 1.49223655 1.97504017 3.35000000
v 1.04803310 1.58998179 3.32000000
v 1.49482038 1.59254889 3.32000000
v 1.04803310 1.58998179 3.35000000
v 1.49482038 1.59254889 3.35000000
v 0.02973988 1.93250200 3.35000000
v 0.02973483 1.97000200 3.35000000
v 1.49967008 1.97509051 3.35000000
v 1.49992466 1.93759137 3.35000000
v 0.02973988 1.93250200 3.51250000
v 1.49992466 1.93759137 3.51250000
v 1.49967008 1.97509051 3.51250000
v 0.02973483 1.97000200 3.51250000
v 3.05873512 1.99117722 -3.75000000
v 3.07216611 1.02127021 -3.75000000
v 3.07216611 1.02127021 -3.72000000
v 3.05873512 1.99117722 -3.72000000
v 1.53499483 1.16781372 3.32000000
v 2.58499837 1.17757007 3.32000000
v 2.58689300 1.01508111 3.32000000
v 2.58689300 1.01508111 3.35000000
v 2.58499837 1.17757007 3.35000000
v 1.53499483 1.16781372 3.35000000
v 1.53499483 1.16781372 3.32500000
v 1.53239857 1.54280473 3.32500000
v 2.58062616 1.55254458 3.32500000
v 2.58499837 1.17757007 3.32500000
v 2.58062616 1.55254458 3.35000000
v 1.53239857 1.54280473 3.35000000
v 1.53239857 1.54280473 3.32000000
v 2.57558354 1.98501518 3.32000000
v 2.58062616 1.55254458 3.32000000
v 2.57558354 1.98501518 3.35000000
v 3.03483790 1.02075644 3.32000000
v 3.02157010 1.99066570 3.32000000
v 3.05873512 1.99117722 3.32000000
v 3.07216611 1.02127021 3.32000000
v 3.03483790 1.02075644 3.35000000
v 3.07216611 1.02127021 3.35000000
v 3.05873512 1.99117722 3.35000000
v 3.02157010 1.99066570 3.35000000
v 2.58004320 1.60254118 3.32000000
v 3.02680199 1.60820148 3.32000000
v 2.58004320 1.60254118 3.35000000
v 3.02680199 1.60820148 3.35000000
v 1.55940299 1.93800317 3.35000000
v 1.55913832 1.97550224 3.35000000
v 3.02900311 1.99076750 3.35000000
v 3.02951731 1.95327103 3.35000000
v 1.55940299 1.93800317 3.51250000
v 3.02951731 1.95327103 3.51250000
v 3.02900311 1.99076750 3.51250000
v 1.55913832 1.97550224 3.51250000
v 4.60806509 1.04785702 -3.72000000
v 4.58791941 2.01764780 -3.72000000
v 3.06991607 1.18375463 3.32000000
v 4.11982691 1.20078029 3.32000000
v 4.12284646 1.03830835 3.32000000
v 4.12284646 1.03830835 3.35000000
v 4.11982691 1.20078029 3.35000000
v 3.06991607 1.18375463 3.35000000
v 3.06991607 1.18375463 3.32500000
v 3.06472368 1.55871869 3.32500000
v 4.11285872 1.57571555 3.32500000
v 4.11982691 1.20078029 3.32500000
v 4.11285872 1.57571555 3.35000000
v 3.06472368 1.55871869 3.35000000
v 3.06472368 1.55871869 3.32000000
v 4.10482207 2.00814087 3.32000000
v 4.11285872 1.57571555 3.32000000
v 4.10482207 2.00814087 3.35000000
v 4.57074133 1.04708483 3.32000000
v 4.55075882 2.01687898 3.32000000
v 4.58791941 2.01764780 3.32000000
v 4.60806509 1.04785702 3.32000000
v 4.57074133 1.04708483 3.35000000
v 4.55075882 2.01687898 3.35000000
v 4.11192962 1.62570691 3.32000000
v 4.55863853 1.63446015 3.32000000
v 4.11192962 1.62570691 3.35000000
v 4.55863853 1.63446015 3.35000000
v 3.08899136 1.95409461 3.35000000
v 3.08846707 1.99159094 3.35000000
v 4.55896473 1.97954023 3.35000000
v 3.08899136 1.95409461 3.51250000
v 4.55896473 1.97954023 3.51250000
v 4.55819095 2.01703225 3.51250000
v 3.08846707 1.99159094 3.51250000
v -4.58729635 2.04764133 -3.75000000
v -3.59850526 2.02931545 -3.75000000
v -3.59899402 1.99931943 -3.75000000
v -4.58791941 2.01764780 3.75000000
v -3.59899402 1.99931943 3.75000000
v -3.59850526 2.02931545 3.75000000
v -4.58729635 2.04764133 3.75000000
v -2.60964203 2.01541702 -3.75000000
v -2.60999648 1.98541912 -3.75000000
v -2.60999648 1.98541912 3.75000000
v -2.60964203 2.01541702 3.75000000
v -1.62072648 2.00594633 -3.75000000
v -1.62094661 1.97594713 -3.75000000
v -1.62094661 1.97594713 3.75000000
v -1.62072648 2.00594633 3.75000000
v -0.63177844 2.00090355 -3.75000000
v -0.63186425 1.97090368 -3.75000000
v -0.63186425 1.97090368 3.75000000
v -0.63177844 2.00090355 3.75000000
v 0.63186425 1.97090368 -3.75000000
v 0.63177844 2.00090355 -3.75000000
v 1.62072648 2.00594633 -3.75000000
v 1.62094661 1.97594713 -3.75000000
v 0.63186425 1.97090368 3.75000000
v 1.62094661 1.97594713 3.75000000
v 1.62072648 2.00594633 3.75000000
v 0.63177844 2.00090355 3.75000000
v 2.60964203 2.01541702 -3.75000000
v 2.60999648 1.98541912 -3.75000000
v 2.60999648 1.98541912 3.75000000
v 2.60964203 2.01541702 3.75000000
v 3.59850526 2.02931545 -3.75000000
v 3.59899402 1.99931943 -3.75000000
v 3.59899402 1.99931943 3.75000000
v 3.59850526 2.02931545 3.75000000
v 4.58729635 2.04764133 -3.75000000
v 4.58791941 2.01764780 3.75000000
v 4.58729635 2.04764133 3.75000000
v 0.00000000 2.00000000 -3.75000000
v -0.63186425 1.97090368 -3.62500000
v 0.00000000 1.97000000 -3.62500000
v 0.00000000 2.00000000 -3.62500000
v -0.63177844 2.00090355 -3.62500000
v 0.63186425 1.97090368 -3.62500000
v 0.63177844 2.00090355 -3.62500000
v -0.63186425 1.97090368 -3.22500000
v -0.63177844 2.00090355 -3.22500000
v 0.00000000 2.00000000 -3.22500000
v 0.00000000 1.97000000 -3.22500000
v 0.00000000 1.97000000 3.75000000
v 0.00000000 2.00000000 3.75000000
v 0.63177844 2.00090355 -3.22500000
v 0.63186425 1.97090368 -3.22500000
v -0.63451961 1.04257414 -3.62500000
v -0.63444810 1.06757404 -3.62500000
v -0.54985520 1.06734820 -3.62500000
v -0.54991718 1.04234828 -3.62500000
v -0.63451961 1.04257414 -3.22500000
v -0.54991718 1.04234828 -3.22500000
v -0.54985520 1.06734820 -3.22500000
v -0.63444810 1.06757404 -3.22500000
v -0.62200797 1.06753880 -3.62500000
v -0.62219492 1.00087240 -3.62500000
v -0.62219492 1.00087240 -3.22500000
v -0.62200797 1.06753880 -3.22500000
v -0.54975191 1.10901474 -3.62500000
v -0.54968994 1.13401467 -3.62500000
v -0.46512239 1.13382115 -3.62500000
v -0.46517483 1.10882121 -3.62500000
v -0.54975191 1.10901474 -3.22500000
v -0.46517483 1.10882121 -3.22500000
v -0.46512239 1.13382115 -3.22500000
v -0.54968994 1.13401467 -3.22500000
v -0.53725354 1.13398418 -3.62500000
v -0.53741507 1.06731771 -3.62500000
v -0.53741507 1.06731771 -3.22500000
v -0.53725354 1.13398418 -3.22500000
v -0.46503499 1.17548773 -3.62500000
v -0.46498255 1.20048767 -3.62500000
v -0.38044036 1.20032646 -3.62500000
v -0.38048327 1.17532649 -3.62500000
v -0.46503499 1.17548773 -3.22500000
v -0.38048327 1.17532649 -3.22500000
v -0.38044036 1.20032646 -3.22500000
v -0.46498255 1.20048767 -3.22500000
v -0.45254988 1.20046194 -3.62500000
v -0.45268598 1.13379541 -3.62500000
v -0.45268598 1.13379541 -3.22500000
v -0.45254988 1.20046194 -3.22500000
v -0.38036885 1.24199306 -3.62500000
v -0.38032595 1.26699303 -3.62500000
v -0.29580913 1.26686409 -3.62500000
v -0.29584250 1.24186412 -3.62500000
v -0.38036885 1.24199306 -3.22500000
v -0.29584250 1.24186412 -3.22500000
v -0.29580913 1.26686409 -3.22500000
v -0.38032595 1.26699303 -3.22500000
v -0.36789701 1.26697204 -3.62500000
v -0.36800768 1.20030547 -3.62500000
v -0.36800768 1.20030547 -3.22500000
v -0.36789701 1.26697204 -3.22500000
v -0.29575351 1.30853072 -3.62500000
v -0.29572014 1.33353070 -3.62500000
v -0.21122870 1.33343403 -3.62500000
v -0.21125254 1.30843404 -3.62500000
v -0.29575351 1.30853072 -3.22500000
v -0.21125254 1.30843404 -3.22500000
v -0.21122870 1.33343403 -3.22500000
v -0.29572014 1.33353070 -3.22500000
v -0.28329493 1.33351446 -3.62500000
v -0.28338018 1.26684785 -3.62500000
v -0.28338018 1.26684785 -3.22500000
v -0.28329493 1.33351446 -3.22500000
v -0.21118898 1.37510068 -3.62500000
v -0.21116514 1.40010067 -3.62500000
v -0.12669910 1.40003624 -3.62500000
v -0.12671340 1.37503624 -3.62500000
v -0.21118898 1.37510068 -3.22500000
v -0.12671340 1.37503624 -3.22500000
v -0.12669910 1.40003624 -3.22500000
v -0.21116514 1.40010067 -3.22500000
v -0.19874366 1.40008917 -3.62500000
v -0.19880349 1.33342253 -3.62500000
v -0.19880349 1.33342253 -3.22500000
v -0.19874366 1.40008917 -3.22500000
v -0.12667526 1.44170290 -3.62500000
v -0.12666096 1.46670290 -3.62500000
v -0.04222032 1.46667069 -3.62500000
v -0.04222509 1.44167069 -3.62500000
v -0.12667526 1.44170290 -3.22500000
v -0.04222509 1.44167069 -3.22500000
v -0.04222032 1.46667069 -3.22500000
v -0.12666096 1.46670290 -3.22500000
v -0.11424322 1.46669614 -3.62500000
v -0.11427762 1.40002948 -3.62500000
v -0.11427762 1.40002948 -3.22500000
v -0.11424322 1.46669614 -3.22500000
v -0.04221238 1.50833736 -3.62500000
v -0.04220761 1.53333736 -3.62500000
v 0.04220761 1.53333736 -3.62500000
v 0.04221238 1.50833736 -3.62500000
v -0.04221238 1.50833736 -3.22500000
v 0.04221238 1.50833736 -3.22500000
v 0.04220761 1.53333736 -3.22500000
v -0.04220761 1.53333736 -3.22500000
v -0.02979361 1.53333534 -3.62500000
v -0.02980258 1.46666867 -3.62500000
v -0.02980258 1.46666867 -3.22500000
v -0.02979361 1.53333534 -3.22500000
v 0.04219966 1.57500402 -3.62500000
v 0.04219490 1.60000402 -3.62500000
v 0.12658468 1.60003621 -3.62500000
v 0.12659898 1.57503621 -3.62500000
v 0.04219966 1.57500402 -3.22500000
v 0.12659898 1.57503621 -3.22500000
v 0.12658468 1.60003621 -3.22500000
v 0.04219490 1.60000402 -3.22500000
v 0.05460516 1.60000674 -3.62500000
v 0.05462161 1.53334007 -3.62500000
v 0.05462161 1.53334007 -3.22500000
v 0.05460516 1.60000674 -3.22500000
v 0.12656085 1.64170287 -3.62500000
v 0.12654654 1.66670286 -3.62500000
v 0.21091089 1.66676721 -3.62500000
v 0.21093472 1.64176722 -3.62500000
v 0.12656085 1.64170287 -3.22500000
v 0.21093472 1.64176722 -3.22500000
v 0.21091089 1.66676721 -3.22500000
v 0.12654654 1.66670286 -3.22500000
v 0.13895307 1.66671031 -3.62500000
v 0.13899494 1.60004366 -3.62500000
v 0.13899494 1.60004366 -3.22500000
v 0.13895307 1.66671031 -3.22500000
v 0.21087116 1.70843386 -3.62500000
v 0.21084732 1.73343385 -3.62500000
v 0.29518621 1.73353034 -3.62500000
v 0.29521958 1.70853037 -3.62500000
v 0.21087116 1.70843386 -3.22500000
v 0.29521958 1.70853037 -3.22500000
v 0.29518621 1.73353034 -3.22500000
v 0.21084732 1.73343385 -3.22500000
v 0.22325010 1.73344602 -3.62500000
v 0.22331740 1.66677939 -3.62500000
v 0.22331740 1.66677939 -3.22500000
v 0.22325010 1.73344602 -3.22500000
v 0.29513059 1.77519697 -3.62500000
v 0.29509722 1.80019695 -3.62500000
v 0.37941064 1.80032557 -3.62500000
v 0.37945354 1.77532561 -3.62500000
v 0.29513059 1.77519697 -3.22500000
v 0.37945354 1.77532561 -3.22500000
v 0.37941064 1.80032557 -3.22500000
v 0.29509722 1.80019695 -3.22500000
v 0.30749626 1.80021385 -3.62500000
v 0.30758898 1.73354725 -3.62500000
v 0.30758898 1.73354725 -3.22500000
v 0.30749626 1.80021385 -3.22500000
v 0.37933913 1.84199218 -3.62500000
v 0.37929622 1.86699214 -3.62500000
v 0.46358416 1.86715287 -3.62500000
v 0.46363660 1.84215293 -3.62500000
v 0.37933913 1.84199218 -3.22500000
v 0.46363660 1.84215293 -3.22500000
v 0.46358416 1.86715287 -3.22500000
v 0.37929622 1.86699214 -3.22500000
v 0.39169151 1.86701376 -3.62500000
v 0.39180967 1.80034720 -3.62500000
v 0.39180967 1.80034720 -3.22500000
v 0.39169151 1.86701376 -3.22500000
v 0.46349676 1.90881945 -3.62500000
v 0.46344432 1.93381939 -3.62500000
v 0.54770677 1.93401221 -3.62500000
v 0.54776874 1.90901228 -3.62500000
v 0.46349676 1.90881945 -3.22500000
v 0.54776874 1.90901228 -3.22500000
v 0.54770677 1.93401221 -3.22500000
v 0.46344432 1.93381939 -3.22500000
v 0.47583586 1.93384573 -3.62500000
v 0.47597944 1.86717922 -3.62500000
v 0.47597944 1.86717922 -3.22500000
v 0.47583586 1.93384573 -3.22500000
v 0.54760348 1.97567875 -3.62500000
v 0.54754150 2.00067867 -3.62500000
v 0.63184995 1.97590366 -3.62500000
v 0.54760348 1.97567875 -3.22500000
v 0.63184995 1.97590366 -3.22500000
v 0.54754150 2.00067867 -3.22500000
v 0.55992929 2.00070973 -3.62500000
v 0.56009830 1.93404327 -3.62500000
v 0.56009830 1.93404327 -3.22500000
v 0.55992929 2.00070973 -3.22500000
v -4.56715066 3.01743211 -3.75000000
v -4.53755678 3.01681934 -3.75000000
v -4.55757193 2.04702586 -3.75000000
v -4.58729635 2.04764133 3.35000000
v -4.55757193 2.04702586 3.35000000
v -4.53755678 3.01681934 3.35000000
v -4.56715066 3.01743211 3.35000000
v 4.55757193 2.04702586 -3.75000000
v 4.53755678 3.01681934 -3.75000000
v 4.56715066 3.01743211 -3.75000000
v 4.55757193 2.04702586 3.35000000
v 4.58729635 2.04764133 3.35000000
v 4.56715066 3.01743211 3.35000000
v 4.53755678 3.01681934 3.35000000
v -3.04488874 2.99108136 -3.75000000
v -3.05831973 2.02117435 -3.75000000
v -4.58729635 2.04764133 -3.72000000
v -3.05831973 2.02117435 -3.72000000
v -3.04488874 2.99108136 -3.72000000
v -4.56715066 3.01743211 -3.72000000
v -4.56652760 3.04742564 -3.75000000
v -3.80552328 3.03293483 -3.75000000
v -3.80604251 3.00293933 -3.75000000
v -3.80604251 3.00293933 3.35000000
v -3.80552328 3.03293483 3.35000000
v -4.56652760 3.04742564 3.35000000
v -3.04447335 3.02107848 -3.75000000
v -3.04488874 2.99108136 3.35000000
v -3.04447335 3.02107848 3.35000000
v -4.58729635 2.04764133 3.32000000
v -4.58392143 2.21010628 3.32000000
v -3.53878562 2.19087132 3.32000000
v -3.54139106 2.02839221 3.32000000
v -3.54139106 2.02839221 3.35000000
v -3.53878562 2.19087132 3.35000000
v -4.58392143 2.21010628 3.35000000
v -4.58392143 2.21010628 3.32500000
v -4.57613315 2.58502539 3.32500000
v -3.53277308 2.56582311 3.32500000
v -3.53878562 2.19087132 3.32500000
v -3.53277308 2.56582311 3.35000000
v -4.57613315 2.58502539 3.35000000
v -4.57613315 2.58502539 3.32000000
v -4.56715066 3.01743211 3.32000000
v -3.52583860 2.99826752 3.32000000
v -3.53277308 2.56582311 3.32000000
v -3.52583860 2.99826752 3.35000000
v -3.09547961 2.02169205 3.32000000
v -3.08188543 2.99159679 3.32000000
v -3.04488874 2.99108136 3.32000000
v -3.05831973 2.02117435 3.32000000
v -3.09547961 2.02169205 3.35000000
v -3.05831973 2.02117435 3.35000000
v -3.08188543 2.99159679 3.35000000
v -3.53197140 2.61581669 3.32000000
v -3.08724602 2.60913436 3.32000000
v -3.53197140 2.61581669 3.35000000
v -3.08724602 2.60913436 3.35000000
v -4.53833057 2.97932732 3.35000000
v -3.07448610 2.99149321 3.35000000
v -3.07501038 2.95399687 3.35000000
v -4.53833057 2.97932732 3.51250000
v -3.07501038 2.95399687 3.51250000
v -3.07448610 2.99149321 3.51250000
v -4.53755678 3.01681934 3.51250000
v -3.04661953 2.86609334 -3.75000000
v -1.52334628 2.85027340 -3.75000000
v -1.52919651 2.00529365 -3.75000000
v -1.52919651 2.00529365 -3.72000000
v -1.52334628 2.85027340 -3.72000000
v -3.04661953 2.86609334 -3.72000000
v -3.04620414 2.89609046 -3.75000000
v -2.28468505 2.88686347 -3.75000000
v -2.28499660 2.85686509 -3.75000000
v -3.04661953 2.86609334 3.35000000
v -2.28499660 2.85686509 3.35000000
v -2.28468505 2.88686347 3.35000000
v -3.04620414 2.89609046 3.35000000
v -1.52313858 2.88027268 -3.75000000
v -1.52334628 2.85027340 3.35000000
v -1.52313858 2.88027268 3.35000000
v -3.01981220 3.02073836 -3.75000000
v -3.02194101 2.86575298 -3.75000000
v -3.02194101 2.86575298 3.35000000
v -3.01981220 3.02073836 3.35000000
v -3.05606969 2.18365877 3.32000000
v -2.01082577 2.17166012 3.32000000
v -2.01230624 2.00916686 3.32000000
v -2.01230624 2.00916686 3.35000000
v -2.01082577 2.17166012 3.35000000
v -3.05606969 2.18365877 3.35000000
v -3.05606969 2.18365877 3.32500000
v -3.05087730 2.55862282 3.32500000
v -2.00740929 2.54664455 3.32500000
v -2.01082577 2.17166012 3.32500000
v -2.00740929 2.54664455 3.35000000
v -3.05087730 2.55862282 3.35000000
v -3.05087730 2.55862282 3.32000000
v -3.04661953 2.86609334 3.32000000
v -2.00460778 2.85413179 3.32000000
v -2.00740929 2.54664455 3.32000000
v -2.00460778 2.85413179 3.35000000
v -1.56635909 2.00555407 3.32000000
v -1.56036668 2.85053282 3.32000000
v -1.52334628 2.85027340 3.32000000
v -1.52919651 2.00529365 3.32000000
v -1.56635909 2.00555407 3.35000000
v -1.52919651 2.00529365 3.35000000
v -1.56036668 2.85053282 3.35000000
v -2.00695376 2.59664248 3.32000000
v -1.56219277 2.59303930 3.32000000
v -2.00695376 2.59664248 3.35000000
v -1.56219277 2.59303930 3.35000000
v -3.01751949 2.82818877 3.35000000
v -3.01700530 2.86568524 3.35000000
v -1.55296260 2.85048044 3.35000000
v -1.55322728 2.81298138 3.35000000
v -3.01751949 2.82818877 3.51250000
v -1.55322728 2.81298138 3.51250000
v -1.55296260 2.85048044 3.51250000
v -3.01700530 2.86568524 3.51250000
v -1.52248086 2.97527040 -3.75000000
v -0.00000000 2.97000000 -3.75000000
v -0.00000000 2.00000000 -3.72000000
v -0.00000000 2.97000000 -3.72000000
v -1.52248086 2.97527040 -3.72000000
v -1.52227316 3.00526968 -3.75000000
v -0.76114114 3.00131742 -3.75000000
v -0.76124499 2.97131760 -3.75000000
v -1.52248086 2.97527040 3.35000000
v -0.76124499 2.97131760 3.35000000
v -0.76114114 3.00131742 3.35000000
v -1.52227316 3.00526968 3.35000000
v -0.00000000 3.00000000 -3.75000000
v -0.00000000 2.97000000 3.35000000
v -0.00000000 3.00000000 3.35000000
v -1.49761025 3.00510031 -3.75000000
v -1.49866598 2.85010391 -3.75000000
v -1.49866598 2.85010391 3.35000000
v -1.49761025 3.00510031 3.35000000
v -1.52807147 2.16778976 3.32000000
v -0.48276953 2.16302799 3.32000000
v -0.48312497 2.00052838 3.32000000
v -0.48312497 2.00052838 3.35000000
v -0.48276953 2.16302799 3.35000000
v -1.52807147 2.16778976 3.35000000
v -1.52807147 2.16778976 3.32500000
v -1.52547521 2.54278077 3.32500000
v -0.48194928 2.53802709 3.32500000
v -0.48276953 2.16302799 3.32500000
v -0.48194928 2.53802709 3.35000000
v -1.52547521 2.54278077 3.35000000
v -1.52547521 2.54278077 3.32000000
v -1.52248086 2.97527040 3.32000000
v -0.48100326 2.97052606 3.32000000
v -0.48194928 2.53802709 3.32000000
v -0.48100326 2.97052606 3.35000000
v -0.03716349 2.00000313 3.32000000
v -0.03700028 2.97000311 3.32000000
v -0.00000000 2.97000000 3.32000000
v -0.00000000 2.00000000 3.32000000
v -0.03716349 2.00000313 3.35000000
v -0.00000000 2.00000000 3.35000000
v -0.03700028 2.97000311 3.35000000
v -0.48183991 2.58802697 3.32000000
v -0.03706464 2.58750312 3.32000000
v -0.48183991 2.58802697 3.35000000
v -0.03706464 2.58750312 3.35000000
v -1.49313591 2.93756833 3.35000000
v -1.49288133 2.97506746 3.35000000
v -0.02960022 2.97000199 3.35000000
v -0.02960527 2.93250199 3.35000000
v -1.49313591 2.93756833 3.51250000
v -0.02960527 2.93250199 3.51250000
v -0.02960022 2.97000199 3.51250000
v -1.49288133 2.97506746 3.51250000
v 0.00000000 2.84500000 -3.75000000
v 1.52334628 2.85027340 -3.75000000
v 1.52919651 2.00529365 -3.75000000
v 1.52919651 2.00529365 -3.72000000
v 1.52334628 2.85027340 -3.72000000
v 0.00000000 2.84500000 -3.72000000
v 0.00000000 2.87500000 -3.75000000
v 0.76157385 2.87631817 -3.75000000
v 0.76167770 2.84631835 -3.75000000
v 0.00000000 2.84500000 3.35000000
v 0.76167770 2.84631835 3.35000000
v 0.76157385 2.87631817 3.35000000
v 0.00000000 2.87500000 3.35000000
v 1.52313858 2.88027268 -3.75000000
v 1.52334628 2.85027340 3.35000000
v 1.52313858 2.88027268 3.35000000
v 0.02466349 3.00000138 -3.75000000
v 0.02468087 2.84500138 -3.75000000
v 0.02468087 2.84500138 3.35000000
v 0.02466349 3.00000138 3.35000000
v 0.00000000 2.16250000 3.32000000
v 1.04530986 2.16497534 3.32000000
v 1.04607947 2.00247717 3.32000000
v 1.04607947 2.00247717 3.35000000
v 1.04530986 2.16497534 3.35000000
v 0.00000000 2.16250000 3.35000000
v 0.00000000 2.16250000 3.32500000
v 0.00000000 2.53750000 3.32500000
v 1.04353383 2.53997114 3.32500000
v 1.04530986 2.16497534 3.32500000
v 1.04353383 2.53997114 3.35000000
v 0.00000000 2.53750000 3.35000000
v 0.00000000 2.53750000 3.32000000
v 0.00000000 2.84500000 3.32000000
v 1.04207749 2.84746769 3.32000000
v 1.04353383 2.53997114 3.32000000
v 1.04207749 2.84746769 3.35000000
v 1.49203389 2.00503948 3.32000000
v 1.48632583 2.85002020 3.32000000
v 1.52334628 2.85027340 3.32000000
v 1.52919651 2.00529365 3.32000000
v 1.49203389 2.00503948 3.35000000
v 1.52919651 2.00529365 3.35000000
v 1.48632583 2.85002020 3.35000000
v 1.04329703 2.58997058 3.32000000
v 1.48806527 2.59252608 3.32000000
v 1.04329703 2.58997058 3.35000000
v 1.48806527 2.59252608 3.35000000
v 0.02962210 2.80750199 3.35000000
v 0.02961705 2.84500199 3.35000000
v 1.49372992 2.85007034 3.35000000
v 1.49398450 2.81257121 3.35000000
v 0.02962210 2.80750199 3.51250000
v 1.49398450 2.81257121 3.51250000
v 1.49372992 2.85007034 3.51250000
v 0.02961705 2.84500199 3.51250000
v 1.52248086 2.97527040 -3.75000000
v 3.04488874 2.99108136 -3.75000000
v 3.05831973 2.02117435 -3.75000000
v 3.05831973 2.02117435 -3.72000000
v 3.04488874 2.99108136 -3.72000000
v 1.52248086 2.97527040 -3.72000000
v 1.52227316 3.00526968 -3.75000000
v 2.28338693 3.01185673 -3.75000000
v 2.28369848 2.98185835 -3.75000000
v 1.52248086 2.97527040 3.35000000
v 2.28369848 2.98185835 3.35000000
v 2.28338693 3.01185673 3.35000000
v 1.52227316 3.00526968 3.35000000
v 3.04447335 3.02107848 -3.75000000
v 3.04488874 2.99108136 3.35000000
v 3.04447335 3.02107848 3.35000000
v 1.54693604 3.00544182 -3.75000000
v 1.54802655 2.85044566 -3.75000000
v 1.54802655 2.85044566 3.35000000
v 1.54693604 3.00544182 3.35000000
v 1.52807147 2.16778976 3.32000000
v 2.57333914 2.17750209 3.32000000
v 2.57523376 2.01501314 3.32000000
v 2.57523376 2.01501314 3.35000000
v 2.57333914 2.17750209 3.35000000
v 1.52807147 2.16778976 3.35000000
v 1.52807147 2.16778976 3.32500000
v 1.52547521 2.54278077 3.32500000
v 2.56896692 2.55247660 3.32500000
v 2.57333914 2.17750209 3.32500000
v 2.56896692 2.55247660 3.35000000
v 1.52547521 2.54278077 3.35000000
v 1.52547521 2.54278077 3.32000000
v 1.52248086 2.97527040 3.32000000
v 2.56392430 2.98494721 3.32000000
v 2.56896692 2.55247660 3.32000000
v 2.56392430 2.98494721 3.35000000
v 3.02115976 2.02066289 3.32000000
v 3.00789196 2.99057215 3.32000000
v 3.04488874 2.99108136 3.32000000
v 3.05831973 2.02117435 3.32000000
v 3.02115976 2.02066289 3.35000000
v 3.05831973 2.02117435 3.35000000
v 3.00789196 2.99057215 3.35000000
v 2.56838396 2.60247321 3.32000000
v 3.01312385 2.60810793 3.32000000
v 2.56838396 2.60247321 3.35000000
v 3.01312385 2.60810793 3.35000000
v 1.55234503 2.93797826 3.35000000
v 1.55208036 2.97547733 3.35000000
v 3.01529132 2.99067349 3.35000000
v 3.01580552 2.95317702 3.35000000
v 1.55234503 2.93797826 3.51250000
v 3.01580552 2.95317702 3.51250000
v 3.01529132 2.99067349 3.51250000
v 1.55208036 2.97547733 3.51250000
v 4.58729635 2.04764133 -3.72000000
v 4.56715066 3.01743211 -3.72000000
v 3.80552328 3.03293483 -3.75000000
v 3.80604251 3.00293933 -3.75000000
v 3.80604251 3.00293933 3.35000000
v 3.80552328 3.03293483 3.35000000
v 4.56652760 3.04742564 -3.75000000
v 4.56652760 3.04742564 3.35000000
v 3.05606969 2.18365877 3.32000000
v 4.10124506 2.20060764 3.32000000
v 4.10426461 2.03813569 3.32000000
v 4.10426461 2.03813569 3.35000000
v 4.10124506 2.20060764 3.35000000
v 3.05606969 2.18365877 3.35000000
v 3.05606969 2.18365877 3.32500000
v 3.05087730 2.55862282 3.32500000
v 4.09427687 2.57554289 3.32500000
v 4.10124506 2.20060764 3.32500000
v 4.09427687 2.57554289 3.35000000
v 3.05087730 2.55862282 3.35000000
v 3.05087730 2.55862282 3.32000000
v 4.08624023 3.00796822 3.32000000
v 4.09427687 2.57554289 3.32000000
v 4.08624023 3.00796822 3.35000000
v 4.55014081 2.04687262 3.32000000
v 4.53015830 3.01666677 3.32000000
v 4.56715066 3.01743211 3.32000000
v 4.58729635 2.04764133 3.32000000
v 4.55014081 2.04687262 3.35000000
v 4.53015830 3.01666677 3.35000000
v 4.09334778 2.62553426 3.32000000
v 4.53803800 2.63424794 3.32000000
v 4.09334778 2.62553426 3.35000000
v 4.53803800 2.63424794 3.35000000
v 3.07501038 2.95399687 3.35000000
v 3.07448610 2.99149321 3.35000000
v 4.53833057 2.97932732 3.35000000
v 3.07501038 2.95399687 3.51250000
v 4.53833057 2.97932732 3.51250000
v 4.53755678 3.01681934 3.51250000
v 3.07448610 2.99149321 3.51250000
vt 0.01562500 0.51562500
vt 0.48437500 0.51562500
vt 0.48437500 0.98437500
vt 0.01562500 0.98437500
vt 0.01562500 0.51562500
vt 0.48437500 0.51562500
vt 0.48437500 0.98437500
vt 0.01562500 0.98437500
vt 0.01562500 0.51562500
vt 0.48437500 0.51562500
vt 0.48437500 0.98437500
vt 0.01562500 0.98437500
vt 0.01562500 0.51562500
vt 0.48437500 0.51562500
vt 0.48437500 0.98437500
vt 0.01562500 0.98437500
vt 0.01562500 0.51562500
vt 0.48437500 0.51562500
vt 0.48437500 0.98437500
vt 0.01562500 0.98437500
vt 0.01562500 0.51562500
vt 0.48437500 0.51562500
vt 0.48437500 0.98437500
vt 0.01562500 0.98437500
vt 0.01562500 0.51562500
vt 0.48437500 0.51562500
vt 0.48437500 0.98437500
vt 0.01562500 0.98437500
vt 0.01562500 0.51562500
vt 0.48437500 0.51562500
vt 0.48437500 0.98437500
vt 0.01562500 0.98437500
vt 0.01562500 0.51562500
vt 0.48437500 0.51562500
vt 0.48437500 0.98437500
vt 0.01562500 0.98437500
vt 0.01562500 0.51562500
vt 0.48437500 0.51562500
vt 0.48437500 0.98437500
vt 0.01562500 0.98437500
vt 0.01562500 0.51562500
vt 0.48437500 0.51562500
vt 0.48437500 0.98437500
vt 0.01562500 0.98437500
vt 0.01562500 0.51562500
vt 0.48437500 0.51562500
vt 0.48437500 0.98437500
vt 0.01562500 0.98437500
vt 0.01562500 0.51562500
vt 0.48437500 0.51562500
vt 0.48437500 0.98437500
vt 0.01562500 0.98437500
vt 0.01562500 0.51562500
vt 0.48437500 0.51562500
vt 0.48437500 0.98437500
vt 0.01562500 0.98437500
vt 0.01562500 0.51562500
vt 0.48437500 0.51562500
vt 0.48437500 0.98437500
vt 0.01562500 0.98437500
vt 0.01562500 0.51562500
vt 0.48437500 0.51562500
vt 0.48437500 0.98437500
vt 0.01562500 0.98437500
vt 0.01562500 0.51562500
vt 0.48437500 0.51562500
vt 0.48437500 0.98437500
vt 0.01562500 0.98437500
vt 0.01562500 0.51562500
vt 0.48437500 0.51562500
vt 0.48437500 0.98437500
vt 0.01562500 0.98437500
vt 0.01562500 0.51562500
vt 0.48437500 0.51562500
vt 0.48437500 0.98437500
vt 0.01562500 0.98437500
vt 0.01562500 0.51562500
vt 0.48437500 0.51562500
vt 0.48437500 0.98437500
vt 0.01562500 0.98437500
vt 0.01562500 0.51562500
vt 0.48437500 0.51562500
vt 0.48437500 0.98437500
vt 0.01562500 0.98437500
vt 0.01562500 0.51562500
vt 0.48437500 0.51562500
vt 0.48437500 0.98437500
vt 0.01562500 0.98437500
vt 0.01562500 0.51562500
vt 0.48437500 0.51562500
vt 0.48437500 0.98437500
vt 0.01562500 0.98437500
vt 0.01562500 0.51562500
vt 0.48437500 0.51562500
vt 0.48437500 0.98437500
vt 0.01562500 0.98437500
vt 0.01562500 0.51562500
vt 0.48437500 0.51562500
vt 0.48437500 0.98437500
vt 0.01562500 0.98437500
vt 0.01562500 0.51562500
vt 0.48437500 0.51562500
vt 0.48437500 0.98437500
vt 0.01562500 0.98437500
vt 0.01562500 0.51562500
vt 0.48437500 0.51562500
vt 0.48437500 0.98437500
vt 0.01562500 0.98437500
vt 0.01562500 0.51562500
vt 0.48437500 0.51562500
vt 0.48437500 0.98437500
vt 0.01562500 0.98437500
vt 0.01562500 0.51562500
vt 0.48437500 0.51562500
vt 0.48437500 0.98437500
vt 0.01562500 0.98437500
vt 0.01562500 0.51562500
vt 0.48437500 0.51562500
vt 0.48437500 0.98437500
vt 0.01562500 0.98437500
vt 0.01562500 0.51562500
vt 0.48437500 0.51562500
vt 0.48437500 0.98437500
vt 0.01562500 0.98437500
vt 0.01562500 0.51562500
vt 0.48437500 0.51562500
vt 0.48437500 0.98437500
vt 0.01562500 0.98437500
vt 0.01562500 0.51562500
vt 0.48437500 0.51562500
vt 0.48437500 0.98437500
vt 0.01562500 0.98437500
vt 0.01562500 0.51562500
vt 0.48437500 0.51562500
vt 0.48437500 0.98437500
vt 0.01562500 0.98437500
vt 0.01562500 0.51562500
vt 0.48437500 0.51562500
vt 0.48437500 0.98437500
vt 0.01562500 0.98437500
vt 0.01562500 0.51562500
vt 0.48437500 0.51562500
vt 0.48437500 0.98437500
vt 0.01562500 0.98437500
vt 0.01562500 0.51562500
vt 0.48437500 0.51562500
vt 0.48437500 0.98437500
vt 0.01562500 0.98437500
vt 0.01562500 0.51562500
vt 0.48437500 0.51562500
vt 0.48437500 0.98437500
vt 0.01562500 0.98437500
vt 0.01562500 0.51562500
vt 0.48437500 0.51562500
vt 0.48437500 0.98437500
vt 0.01562500 0.98437500
vt 0.01562500 0.51562500
vt 0.48437500 0.51562500
vt 0.48437500 0.98437500
vt 0.01562500 0.98437500
vt 0.01562500 0.51562500
vt 0.48437500 0.51562500
vt 0.48437500 0.98437500
vt 0.01562500 0.98437500
vt 0.01562500 0.51562500
vt 0.48437500 0.51562500
vt 0.48437500 0.98437500
vt 0.01562500 0.98437500
vt 0.01562500 0.51562500
vt 0.48437500 0.51562500
vt 0.48437500 0.98437500
vt 0.01562500 0.98437500
vt 0.01562500 0.51562500
vt 0.48437500 0.51562500
vt 0.48437500 0.98437500
vt 0.01562500 0.98437500
vt 0.01562500 0.51562500
vt 0.48437500 0.51562500
vt 0.48437500 0.98437500
vt 0.01562500 0.98437500
vt 0.01562500 0.51562500
vt 0.48437500 0.51562500
vt 0.48437500 0.98437500
vt 0.01562500 0.98437500
vt 0.01562500 0.51562500
vt 0.48437500 0.51562500
vt 0.48437500 0.98437500
vt 0.01562500 0.98437500
vt 0.01562500 0.51562500
vt 0.48437500 0.51562500
vt 0.48437500 0.98437500
vt 0.01562500 0.98437500
vt 0.01562500 0.51562500
vt 0.48437500 0.51562500
vt 0.48437500 0.98437500
vt 0.01562500 0.98437500
vt 0.01562500 0.51562500
vt 0.48437500 0.51562500
vt 0.48437500 0.98437500
vt 0.01562500 0.98437500
vt 0.01562500 0.51562500
vt 0.48437500 0.51562500
vt 0.48437500 0.98437500
vt 0.01562500 0.98437500
vt 0.01562500 0.51562500
vt 0.48437500 0.51562500
vt 0.48437500 0.98437500
vt 0.01562500 0.98437500
vt 0.01562500 0.51562500
vt 0.48437500 0.51562500
vt 0.48437500 0.98437500
vt 0.01562500 0.98437500
vt 0.01562500 0.51562500
vt 0.48437500 0.51562500
vt 0.48437500 0.98437500
vt 0.01562500 0.98437500
vt 0.01562500 0.51562500
vt 0.48437500 0.51562500
vt 0.48437500 0.98437500
vt 0.01562500 0.98437500
vt 0.01562500 0.51562500
vt 0.48437500 0.51562500
vt 0.48437500 0.98437500
vt 0.01562500 0.98437500
vt 0.01562500 0.51562500
vt 0.48437500 0.51562500
vt 0.48437500 0.98437500
vt 0.01562500 0.98437500
vt 0.01562500 0.51562500
vt 0.48437500 0.51562500
vt 0.48437500 0.98437500
vt 0.01562500 0.98437500
vt 0.51562500 0.51562500
vt 0.98437500 0.51562500
vt 0.98437500 0.98437500
vt 0.51562500 0.98437500
vt 0.51562500 0.51562500
vt 0.98437500 0.51562500
vt 0.98437500 0.98437500
vt 0.51562500 0.98437500
vt 0.51562500 0.51562500
vt 0.98437500 0.51562500
vt 0.98437500 0.98437500
vt 0.51562500 0.98437500
vt 0.51562500 0.51562500
vt 0.98437500 0.51562500
vt 0.98437500 0.98437500
vt 0.51562500 0.98437500
vt 0.01562500 0.51562500
vt 0.48437500 0.51562500
vt 0.48437500 0.98437500
vt 0.01562500 0.98437500
vt 0.01562500 0.51562500
vt 0.48437500 0.51562500
vt 0.48437500 0.98437500
vt 0.01562500 0.98437500
vt 0.01562500 0.51562500
vt 0.48437500 0.51562500
vt 0.48437500 0.98437500
vt 0.01562500 0.98437500
vt 0.01562500 0.51562500
vt 0.48437500 0.51562500
vt 0.48437500 0.98437500
vt 0.01562500 0.98437500
vt 0.51562500 0.01562500
vt 0.73437500 0.01562500
vt 0.73437500 0.48437500
vt 0.51562500 0.48437500
vt 0.51562500 0.01562500
vt 0.73437500 0.01562500
vt 0.73437500 0.48437500
vt 0.51562500 0.48437500
vt 0.51562500 0.01562500
vt 0.73437500 0.01562500
vt 0.73437500 0.48437500
vt 0.51562500 0.48437500
vt 0.51562500 0.01562500
vt 0.73437500 0.01562500
vt 0.73437500 0.48437500
vt 0.51562500 0.48437500
vt 0.51562500 0.01562500
vt 0.73437500 0.01562500
vt 0.73437500 0.48437500
vt 0.51562500 0.48437500
vt 0.51562500 0.01562500
vt 0.73437500 0.01562500
vt 0.73437500 0.48437500
vt 0.51562500 0.48437500
vt 0.51562500 0.01562500
vt 0.73437500 0.01562500
vt 0.73437500 0.48437500
vt 0.51562500 0.48437500
vt 0.51562500 0.01562500
vt 0.73437500 0.01562500
vt 0.73437500 0.48437500
vt 0.51562500 0.48437500
vt 0.51562500 0.01562500
vt 0.73437500 0.01562500
vt 0.73437500 0.48437500
vt 0.51562500 0.48437500
vt 0.76562500 0.01562500
vt 0.98437500 0.01562500
vt 0.98437500 0.48437500
vt 0.76562500 0.48437500
vt 0.76562500 0.01562500
vt 0.98437500 0.01562500
vt 0.98437500 0.48437500
vt 0.76562500 0.48437500
vt 0.76562500 0.01562500
vt 0.98437500 0.01562500
vt 0.98437500 0.48437500
vt 0.76562500 0.48437500
vt 0.76562500 0.01562500
vt 0.98437500 0.01562500
vt 0.98437500 0.48437500
vt 0.76562500 0.48437500
vt 0.76562500 0.01562500
vt 0.98437500 0.01562500
vt 0.98437500 0.48437500
vt 0.76562500 0.48437500
vt 0.76562500 0.01562500
vt 0.98437500 0.01562500
vt 0.98437500 0.48437500
vt 0.76562500 0.48437500
vt 0.01562500 0.51562500
vt 0.48437500 0.51562500
vt 0.48437500 0.98437500
vt 0.01562500 0.98437500
vt 0.01562500 0.51562500
vt 0.48437500 0.51562500
vt 0.48437500 0.98437500
vt 0.01562500 0.98437500
vt 0.01562500 0.51562500
vt 0.48437500 0.51562500
vt 0.48437500 0.98437500
vt 0.01562500 0.98437500
vt 0.01562500 0.51562500
vt 0.48437500 0.51562500
vt 0.48437500 0.98437500
vt 0.01562500 0.98437500
vt 0.01562500 0.51562500
vt 0.48437500 0.51562500
vt 0.48437500 0.98437500
vt 0.01562500 0.98437500
vt 0.01562500 0.51562500
vt 0.48437500 0.51562500
vt 0.48437500 0.98437500
vt 0.01562500 0.98437500
vt 0.01562500 0.51562500
vt 0.48437500 0.51562500
vt 0.48437500 0.98437500
vt 0.01562500 0.98437500
vt 0.01562500 0.51562500
vt 0.48437500 0.51562500
vt 0.48437500 0.98437500
vt 0.01562500 0.98437500
vt 0.51562500 0.51562500
vt 0.98437500 0.51562500
vt 0.98437500 0.98437500
vt 0.51562500 0.98437500
vt 0.51562500 0.51562500
vt 0.98437500 0.51562500
vt 0.98437500 0.98437500
vt 0.51562500 0.98437500
vt 0.51562500 0.51562500
vt 0.98437500 0.51562500
vt 0.98437500 0.98437500
vt 0.51562500 0.98437500
vt 0.51562500 0.51562500
vt 0.98437500 0.51562500
vt 0.98437500 0.98437500
vt 0.51562500 0.98437500
vt 0.01562500 0.51562500
vt 0.48437500 0.51562500
vt 0.48437500 0.98437500
vt 0.01562500 0.98437500
vt 0.01562500 0.51562500
vt 0.48437500 0.51562500
vt 0.48437500 0.98437500
vt 0.01562500 0.98437500
vt 0.01562500 0.51562500
vt 0.48437500 0.51562500
vt 0.48437500 0.98437500
vt 0.01562500 0.98437500
vt 0.01562500 0.51562500
vt 0.48437500 0.51562500
vt 0.48437500 0.98437500
vt 0.01562500 0.98437500
vt 0.51562500 0.01562500
vt 0.73437500 0.01562500
vt 0.73437500 0.48437500
vt 0.51562500 0.48437500
vt 0.51562500 0.01562500
vt 0.73437500 0.01562500
vt 0.73437500 0.48437500
vt 0.51562500 0.48437500
vt 0.51562500 0.01562500
vt 0.73437500 0.01562500
vt 0.73437500 0.48437500
vt 0.51562500 0.48437500
vt 0.51562500 0.01562500
vt 0.73437500 0.01562500
vt 0.73437500 0.48437500
vt 0.51562500 0.48437500
vt 0.51562500 0.01562500
vt 0.73437500 0.01562500
vt 0.73437500 0.48437500
vt 0.51562500 0.48437500
vt 0.51562500 0.01562500
vt 0.73437500 0.01562500
vt 0.73437500 0.48437500
vt 0.51562500 0.48437500
vt 0.51562500 0.01562500
vt 0.73437500 0.01562500
vt 0.73437500 0.48437500
vt 0.51562500 0.48437500
vt 0.51562500 0.01562500
vt 0.73437500 0.01562500
vt 0.73437500 0.48437500
vt 0.51562500 0.48437500
vt 0.51562500 0.01562500
vt 0.73437500 0.01562500
vt 0.73437500 0.48437500
vt 0.51562500 0.48437500
vt 0.76562500 0.01562500
vt 0.98437500 0.01562500
vt 0.98437500 0.48437500
vt 0.76562500 0.48437500
vt 0.76562500 0.01562500
vt 0.98437500 0.01562500
vt 0.98437500 0.48437500
vt 0.76562500 0.48437500
vt 0.76562500 0.01562500
vt 0.98437500 0.01562500
vt 0.98437500 0.48437500
vt 0.76562500 0.48437500
vt 0.76562500 0.01562500
vt 0.98437500 0.01562500
vt 0.98437500 0.48437500
vt 0.76562500 0.48437500
vt 0.76562500 0.01562500
vt 0.98437500 0.01562500
vt 0.98437500 0.48437500
vt 0.76562500 0.48437500
vt 0.76562500 0.01562500
vt 0.98437500 0.01562500
vt 0.98437500 0.48437500
vt 0.76562500 0.48437500
vt 0.01562500 0.51562500
vt 0.48437500 0.51562500
vt 0.48437500 0.98437500
vt 0.01562500 0.98437500
vt 0.01562500 0.51562500
vt 0.48437500 0.51562500
vt 0.48437500 0.98437500
vt 0.01562500 0.98437500
vt 0.01562500 0.51562500
vt 0.48437500 0.51562500
vt 0.48437500 0.98437500
vt 0.01562500 0.98437500
vt 0.01562500 0.51562500
vt 0.48437500 0.51562500
vt 0.48437500 0.98437500
vt 0.01562500 0.98437500
vt 0.01562500 0.51562500
vt 0.48437500 0.51562500
vt 0.48437500 0.98437500
vt 0.01562500 0.98437500
vt 0.01562500 0.51562500
vt 0.48437500 0.51562500
vt 0.48437500 0.98437500
vt 0.01562500 0.98437500
vt 0.01562500 0.51562500
vt 0.48437500 0.51562500
vt 0.48437500 0.98437500
vt 0.01562500 0.98437500
vt 0.01562500 0.51562500
vt 0.48437500 0.51562500
vt 0.48437500 0.98437500
vt 0.01562500 0.98437500
vt 0.51562500 0.51562500
vt 0.98437500 0.51562500
vt 0.98437500 0.98437500
vt 0.51562500 0.98437500
vt 0.51562500 0.51562500
vt 0.98437500 0.51562500
vt 0.98437500 0.98437500
vt 0.51562500 0.98437500
vt 0.51562500 0.51562500
vt 0.98437500 0.51562500
vt 0.98437500 0.98437500
vt 0.51562500 0.98437500
vt 0.51562500 0.51562500
vt 0.98437500 0.51562500
vt 0.98437500 0.98437500
vt 0.51562500 0.98437500
vt 0.01562500 0.51562500
vt 0.48437500 0.51562500
vt 0.48437500 0.98437500
vt 0.01562500 0.98437500
vt 0.01562500 0.51562500
vt 0.48437500 0.51562500
vt 0.48437500 0.98437500
vt 0.01562500 0.98437500
vt 0.01562500 0.51562500
vt 0.48437500 0.51562500
vt 0.48437500 0.98437500
vt 0.01562500 0.98437500
vt 0.01562500 0.51562500
vt 0.48437500 0.51562500
vt 0.48437500 0.98437500
vt 0.01562500 0.98437500
vt 0.51562500 0.01562500
vt 0.73437500 0.01562500
vt 0.73437500 0.48437500
vt 0.51562500 0.48437500
vt 0.51562500 0.01562500
vt 0.73437500 0.01562500
vt 0.73437500 0.48437500
vt 0.51562500 0.48437500
vt 0.51562500 0.01562500
vt 0.73437500 0.01562500
vt 0.73437500 0.48437500
vt 0.51562500 0.48437500
vt 0.51562500 0.01562500
vt 0.73437500 0.01562500
vt 0.73437500 0.48437500
vt 0.51562500 0.48437500
vt 0.51562500 0.01562500
vt 0.73437500 0.01562500
vt 0.73437500 0.48437500
vt 0.51562500 0.48437500
vt 0.51562500 0.01562500
vt 0.73437500 0.01562500
vt 0.73437500 0.48437500
vt 0.51562500 0.48437500
vt 0.51562500 0.01562500
vt 0.73437500 0.01562500
vt 0.73437500 0.48437500
vt 0.51562500 0.48437500
vt 0.51562500 0.01562500
vt 0.73437500 0.01562500
vt 0.73437500 0.48437500
vt 0.51562500 0.48437500
vt 0.51562500 0.01562500
vt 0.73437500 0.01562500
vt 0.73437500 0.48437500
vt 0.51562500 0.48437500
vt 0.76562500 0.01562500
vt 0.98437500 0.01562500
vt 0.98437500 0.48437500
vt 0.76562500 0.48437500
vt 0.76562500 0.01562500
vt 0.98437500 0.01562500
vt 0.98437500 0.48437500
vt 0.76562500 0.48437500
vt 0.76562500 0.01562500
vt 0.98437500 0.01562500
vt 0.98437500 0.48437500
vt 0.76562500 0.48437500
vt 0.76562500 0.01562500
vt 0.98437500 0.01562500
vt 0.98437500 0.48437500
vt 0.76562500 0.48437500
vt 0.76562500 0.01562500
vt 0.98437500 0.01562500
vt 0.98437500 0.48437500
vt 0.76562500 0.48437500
vt 0.76562500 0.01562500
vt 0.98437500 0.01562500
vt 0.98437500 0.48437500
vt 0.76562500 0.48437500
vt 0.01562500 0.51562500
vt 0.48437500 0.51562500
vt 0.48437500 0.98437500
vt 0.01562500 0.98437500
vt 0.01562500 0.51562500
vt 0.48437500 0.51562500
vt 0.48437500 0.98437500
vt 0.01562500 0.98437500
vt 0.01562500 0.51562500
vt 0.48437500 0.51562500
vt 0.48437500 0.98437500
vt 0.01562500 0.98437500
vt 0.01562500 0.51562500
vt 0.48437500 0.51562500
vt 0.48437500 0.98437500
vt 0.01562500 0.98437500
vt 0.01562500 0.51562500
vt 0.48437500 0.51562500
vt 0.48437500 0.98437500
vt 0.01562500 0.98437500
vt 0.01562500 0.51562500
vt 0.48437500 0.51562500
vt 0.48437500 0.98437500
vt 0.01562500 0.98437500
vt 0.01562500 0.51562500
vt 0.48437500 0.51562500
vt 0.48437500 0.98437500
vt 0.01562500 0.98437500
vt 0.01562500 0.51562500
vt 0.48437500 0.51562500
vt 0.48437500 0.98437500
vt 0.01562500 0.98437500
vt 0.51562500 0.51562500
vt 0.98437500 0.51562500
vt 0.98437500 0.98437500
vt 0.51562500 0.98437500
vt 0.51562500 0.51562500
vt 0.98437500 0.51562500
vt 0.98437500 0.98437500
vt 0.51562500 0.98437500
vt 0.51562500 0.51562500
vt 0.98437500 0.51562500
vt 0.98437500 0.98437500
vt 0.51562500 0.98437500
vt 0.51562500 0.51562500
vt 0.98437500 0.51562500
vt 0.98437500 0.98437500
vt 0.51562500 0.98437500
vt 0.01562500 0.51562500
vt 0.48437500 0.51562500
vt 0.48437500 0.98437500
vt 0.01562500 0.98437500
vt 0.01562500 0.51562500
vt 0.48437500 0.51562500
vt 0.48437500 0.98437500
vt 0.01562500 0.98437500
vt 0.01562500 0.51562500
vt 0.48437500 0.51562500
vt 0.48437500 0.98437500
vt 0.01562500 0.98437500
vt 0.01562500 0.51562500
vt 0.48437500 0.51562500
vt 0.48437500 0.98437500
vt 0.01562500 0.98437500
vt 0.51562500 0.01562500
vt 0.73437500 0.01562500
vt 0.73437500 0.48437500
vt 0.51562500 0.48437500
vt 0.51562500 0.01562500
vt 0.73437500 0.01562500
vt 0.73437500 0.48437500
vt 0.51562500 0.48437500
vt 0.51562500 0.01562500
vt 0.73437500 0.01562500
vt 0.73437500 0.48437500
vt 0.51562500 0.48437500
vt 0.51562500 0.01562500
vt 0.73437500 0.01562500
vt 0.73437500 0.48437500
vt 0.51562500 0.48437500
vt 0.51562500 0.01562500
vt 0.73437500 0.01562500
vt 0.73437500 0.48437500
vt 0.51562500 0.48437500
vt 0.51562500 0.01562500
vt 0.73437500 0.01562500
vt 0.73437500 0.48437500
vt 0.51562500 0.48437500
vt 0.51562500 0.01562500
vt 0.73437500 0.01562500
vt 0.73437500 0.48437500
vt 0.51562500 0.48437500
vt 0.51562500 0.01562500
vt 0.73437500 0.01562500
vt 0.73437500 0.48437500
vt 0.51562500 0.48437500
vt 0.51562500 0.01562500
vt 0.73437500 0.01562500
vt 0.73437500 0.48437500
vt 0.51562500 0.48437500
vt 0.76562500 0.01562500
vt 0.98437500 0.01562500
vt 0.98437500 0.48437500
vt 0.76562500 0.48437500
vt 0.76562500 0.01562500
vt 0.98437500 0.01562500
vt 0.98437500 0.48437500
vt 0.76562500 0.48437500
vt 0.76562500 0.01562500
vt 0.98437500 0.01562500
vt 0.98437500 0.48437500
vt 0.76562500 0.48437500
vt 0.76562500 0.01562500
vt 0.98437500 0.01562500
vt 0.98437500 0.48437500
vt 0.76562500 0.48437500
vt 0.76562500 0.01562500
vt 0.98437500 0.01562500
vt 0.98437500 0.48437500
vt 0.76562500 0.48437500
vt 0.76562500 0.01562500
vt 0.98437500 0.01562500
vt 0.98437500 0.48437500
vt 0.76562500 0.48437500
vt 0.01562500 0.51562500
vt 0.48437500 0.51562500
vt 0.48437500 0.98437500
vt 0.01562500 0.98437500
vt 0.01562500 0.51562500
vt 0.48437500 0.51562500
vt 0.48437500 0.98437500
vt 0.01562500 0.98437500
vt 0.01562500 0.51562500
vt 0.48437500 0.51562500
vt 0.48437500 0.98437500
vt 0.01562500 0.98437500
vt 0.01562500 0.51562500
vt 0.48437500 0.51562500
vt 0.48437500 0.98437500
vt 0.01562500 0.98437500
vt 0.01562500 0.51562500
vt 0.48437500 0.51562500
vt 0.48437500 0.98437500
vt 0.01562500 0.98437500
vt 0.01562500 0.51562500
vt 0.48437500 0.51562500
vt 0.48437500 0.98437500
vt 0.01562500 0.98437500
vt 0.01562500 0.51562500
vt 0.48437500 0.51562500
vt 0.48437500 0.98437500
vt 0.01562500 0.98437500
vt 0.01562500 0.51562500
vt 0.48437500 0.51562500
vt 0.48437500 0.98437500
vt 0.01562500 0.98437500
vt 0.51562500 0.51562500
vt 0.98437500 0.51562500
vt 0.98437500 0.98437500
vt 0.51562500 0.98437500
vt 0.51562500 0.51562500
vt 0.98437500 0.51562500
vt 0.98437500 0.98437500
vt 0.51562500 0.98437500
vt 0.51562500 0.51562500
vt 0.98437500 0.51562500
vt 0.98437500 0.98437500
vt 0.51562500 0.98437500
vt 0.51562500 0.51562500
vt 0.98437500 0.51562500
vt 0.98437500 0.98437500
vt 0.51562500 0.98437500
vt 0.01562500 0.51562500
vt 0.48437500 0.51562500
vt 0.48437500 0.98437500
vt 0.01562500 0.98437500
vt 0.01562500 0.51562500
vt 0.48437500 0.51562500
vt 0.48437500 0.98437500
vt 0.01562500 0.98437500
vt 0.01562500 0.51562500
vt 0.48437500 0.51562500
vt 0.48437500 0.98437500
vt 0.01562500 0.98437500
vt 0.01562500 0.51562500
vt 0.48437500 0.51562500
vt 0.48437500 0.98437500
vt 0.01562500 0.98437500
vt 0.51562500 0.01562500
vt 0.73437500 0.01562500
vt 0.73437500 0.48437500
vt 0.51562500 0.48437500
vt 0.51562500 0.01562500
vt 0.73437500 0.01562500
vt 0.73437500 0.48437500
vt 0.51562500 0.48437500
vt 0.51562500 0.01562500
vt 0.73437500 0.01562500
vt 0.73437500 0.48437500
vt 0.51562500 0.48437500
vt 0.51562500 0.01562500
vt 0.73437500 0.01562500
vt 0.73437500 0.48437500
vt 0.51562500 0.48437500
vt 0.51562500 0.01562500
vt 0.73437500 0.01562500
vt 0.73437500 0.48437500
vt 0.51562500 0.48437500
vt 0.51562500 0.01562500
vt 0.73437500 0.01562500
vt 0.73437500 0.48437500
vt 0.51562500 0.48437500
vt 0.51562500 0.01562500
vt 0.73437500 0.01562500
vt 0.73437500 0.48437500
vt 0.51562500 0.48437500
vt 0.51562500 0.01562500
vt 0.73437500 0.01562500
vt 0.73437500 0.48437500
vt 0.51562500 0.48437500
vt 0.51562500 0.01562500
vt 0.73437500 0.01562500
vt 0.73437500 0.48437500
vt 0.51562500 0.48437500
vt 0.76562500 0.01562500
vt 0.98437500 0.01562500
vt 0.98437500 0.48437500
vt 0.76562500 0.48437500
vt 0.76562500 0.01562500
vt 0.98437500 0.01562500
vt 0.98437500 0.48437500
vt 0.76562500 0.48437500
vt 0.76562500 0.01562500
vt 0.98437500 0.01562500
vt 0.98437500 0.48437500
vt 0.76562500 0.48437500
vt 0.76562500 0.01562500
vt 0.98437500 0.01562500
vt 0.98437500 0.48437500
vt 0.76562500 0.48437500
vt 0.76562500 0.01562500
vt 0.98437500 0.01562500
vt 0.98437500 0.48437500
vt 0.76562500 0.48437500
vt 0.76562500 0.01562500
vt 0.98437500 0.01562500
vt 0.98437500 0.48437500
vt 0.76562500 0.48437500
vt 0.01562500 0.51562500
vt 0.48437500 0.51562500
vt 0.48437500 0.98437500
vt 0.01562500 0.98437500
vt 0.01562500 0.51562500
vt 0.48437500 0.51562500
vt 0.48437500 0.98437500
vt 0.01562500 0.98437500
vt 0.01562500 0.51562500
vt 0.48437500 0.51562500
vt 0.48437500 0.98437500
vt 0.01562500 0.98437500
vt 0.01562500 0.51562500
vt 0.48437500 0.51562500
vt 0.48437500 0.98437500
vt 0.01562500 0.98437500
vt 0.01562500 0.51562500
vt 0.48437500 0.51562500
vt 0.48437500 0.98437500
vt 0.01562500 0.98437500
vt 0.01562500 0.51562500
vt 0.48437500 0.51562500
vt 0.48437500 0.98437500
vt 0.01562500 0.98437500
vt 0.01562500 0.51562500
vt 0.48437500 0.51562500
vt 0.48437500 0.98437500
vt 0.01562500 0.98437500
vt 0.01562500 0.51562500
vt 0.48437500 0.51562500
vt 0.48437500 0.98437500
vt 0.01562500 0.98437500
vt 0.51562500 0.51562500
vt 0.98437500 0.51562500
vt 0.98437500 0.98437500
vt 0.51562500 0.98437500
vt 0.51562500 0.51562500
vt 0.98437500 0.51562500
vt 0.98437500 0.98437500
vt 0.51562500 0.98437500
vt 0.51562500 0.51562500
vt 0.98437500 0.51562500
vt 0.98437500 0.98437500
vt 0.51562500 0.98437500
vt 0.51562500 0.51562500
vt 0.98437500 0.51562500
vt 0.98437500 0.98437500
vt 0.51562500 0.98437500
vt 0.01562500 0.51562500
vt 0.48437500 0.51562500
vt 0.48437500 0.98437500
vt 0.01562500 0.98437500
vt 0.01562500 0.51562500
vt 0.48437500 0.51562500
vt 0.48437500 0.98437500
vt 0.01562500 0.98437500
vt 0.01562500 0.51562500
vt 0.48437500 0.51562500
vt 0.48437500 0.98437500
vt 0.01562500 0.98437500
vt 0.01562500 0.51562500
vt 0.48437500 0.51562500
vt 0.48437500 0.98437500
vt 0.01562500 0.98437500
vt 0.51562500 0.01562500
vt 0.73437500 0.01562500
vt 0.73437500 0.48437500
vt 0.51562500 0.48437500
vt 0.51562500 0.01562500
vt 0.73437500 0.01562500
vt 0.73437500 0.48437500
vt 0.51562500 0.48437500
vt 0.51562500 0.01562500
vt 0.73437500 0.01562500
vt 0.73437500 0.48437500
vt 0.51562500 0.48437500
vt 0.51562500 0.01562500
vt 0.73437500 0.01562500
vt 0.73437500 0.48437500
vt 0.51562500 0.48437500
vt 0.51562500 0.01562500
vt 0.73437500 0.01562500
vt 0.73437500 0.48437500
vt 0.51562500 0.48437500
vt 0.51562500 0.01562500
vt 0.73437500 0.01562500
vt 0.73437500 0.48437500
vt 0.51562500 0.48437500
vt 0.51562500 0.01562500
vt 0.73437500 0.01562500
vt 0.73437500 0.48437500
vt 0.51562500 0.48437500
vt 0.51562500 0.01562500
vt 0.73437500 0.01562500
vt 0.73437500 0.48437500
vt 0.51562500 0.48437500
vt 0.51562500 0.01562500
vt 0.73437500 0.01562500
vt 0.73437500 0.48437500
vt 0.51562500 0.48437500
vt 0.76562500 0.01562500
vt 0.98437500 0.01562500
vt 0.98437500 0.48437500
vt 0.76562500 0.48437500
vt 0.76562500 0.01562500
vt 0.98437500 0.01562500
vt 0.98437500 0.48437500
vt 0.76562500 0.48437500
vt 0.76562500 0.01562500
vt 0.98437500 0.01562500
vt 0.98437500 0.48437500
vt 0.76562500 0.48437500
vt 0.76562500 0.01562500
vt 0.98437500 0.01562500
vt 0.98437500 0.48437500
vt 0.76562500 0.48437500
vt 0.76562500 0.01562500
vt 0.98437500 0.01562500
vt 0.98437500 0.48437500
vt 0.76562500 0.48437500
vt 0.76562500 0.01562500
vt 0.98437500 0.01562500
vt 0.98437500 0.48437500
vt 0.76562500 0.48437500
vt 0.01562500 0.01562500
vt 0.48437500 0.01562500
vt 0.48437500 0.48437500
vt 0.01562500 0.48437500
vt 0.01562500 0.01562500
vt 0.48437500 0.01562500
vt 0.48437500 0.48437500
vt 0.01562500 0.48437500
vt 0.01562500 0.01562500
vt 0.48437500 0.01562500
vt 0.48437500 0.48437500
vt 0.01562500 0.48437500
vt 0.01562500 0.01562500
vt 0.48437500 0.01562500
vt 0.48437500 0.48437500
vt 0.01562500 0.48437500
vt 0.01562500 0.01562500
vt 0.48437500 0.01562500
vt 0.48437500 0.48437500
vt 0.01562500 0.48437500
vt 0.01562500 0.01562500
vt 0.48437500 0.01562500
vt 0.48437500 0.48437500
vt 0.01562500 0.48437500
vt 0.01562500 0.01562500
vt 0.48437500 0.01562500
vt 0.48437500 0.48437500
vt 0.01562500 0.48437500
vt 0.01562500 0.01562500
vt 0.48437500 0.01562500
vt 0.48437500 0.48437500
vt 0.01562500 0.48437500
vt 0.01562500 0.01562500
vt 0.48437500 0.01562500
vt 0.48437500 0.48437500
vt 0.01562500 0.48437500
vt 0.01562500 0.01562500
vt 0.48437500 0.01562500
vt 0.48437500 0.48437500
vt 0.01562500 0.48437500
vt 0.01562500 0.01562500
vt 0.48437500 0.01562500
vt 0.48437500 0.48437500
vt 0.01562500 0.48437500
vt 0.01562500 0.01562500
vt 0.48437500 0.01562500
vt 0.48437500 0.48437500
vt 0.01562500 0.48437500
vt 0.01562500 0.01562500
vt 0.48437500 0.01562500
vt 0.48437500 0.48437500
vt 0.01562500 0.48437500
vt 0.01562500 0.01562500
vt 0.48437500 0.01562500
vt 0.48437500 0.48437500
vt 0.01562500 0.48437500
vt 0.01562500 0.01562500
vt 0.48437500 0.01562500
vt 0.48437500 0.48437500
vt 0.01562500 0.48437500
vt 0.01562500 0.01562500
vt 0.48437500 0.01562500
vt 0.48437500 0.48437500
vt 0.01562500 0.48437500
vt 0.01562500 0.01562500
vt 0.48437500 0.01562500
vt 0.48437500 0.48437500
vt 0.01562500 0.48437500
vt 0.01562500 0.01562500
vt 0.48437500 0.01562500
vt 0.48437500 0.48437500
vt 0.01562500 0.48437500
vt 0.01562500 0.01562500
vt 0.48437500 0.01562500
vt 0.48437500 0.48437500
vt 0.01562500 0.48437500
vt 0.01562500 0.01562500
vt 0.48437500 0.01562500
vt 0.48437500 0.48437500
vt 0.01562500 0.48437500
vt 0.01562500 0.01562500
vt 0.48437500 0.01562500
vt 0.48437500 0.48437500
vt 0.01562500 0.48437500
vt 0.01562500 0.01562500
vt 0.48437500 0.01562500
vt 0.48437500 0.48437500
vt 0.01562500 0.48437500
vt 0.01562500 0.01562500
vt 0.48437500 0.01562500
vt 0.48437500 0.48437500
vt 0.01562500 0.48437500
vt 0.01562500 0.01562500
vt 0.48437500 0.01562500
vt 0.48437500 0.48437500
vt 0.01562500 0.48437500
vt 0.01562500 0.01562500
vt 0.48437500 0.01562500
vt 0.48437500 0.48437500
vt 0.01562500 0.48437500
vt 0.01562500 0.01562500
vt 0.48437500 0.01562500
vt 0.48437500 0.48437500
vt 0.01562500 0.48437500
vt 0.01562500 0.01562500
vt 0.48437500 0.01562500
vt 0.48437500 0.48437500
vt 0.01562500 0.48437500
vt 0.01562500 0.01562500
vt 0.48437500 0.01562500
vt 0.48437500 0.48437500
vt 0.01562500 0.48437500
vt 0.01562500 0.01562500
vt 0.48437500 0.01562500
vt 0.48437500 0.48437500
vt 0.01562500 0.48437500
vt 0.01562500 0.01562500
vt 0.48437500 0.01562500
vt 0.48437500 0.48437500
vt 0.01562500 0.48437500
vt 0.01562500 0.01562500
vt 0.48437500 0.01562500
vt 0.48437500 0.48437500
vt 0.01562500 0.48437500
vt 0.01562500 0.01562500
vt 0.48437500 0.01562500
vt 0.48437500 0.48437500
vt 0.01562500 0.48437500
vt 0.01562500 0.01562500
vt 0.48437500 0.01562500
vt 0.48437500 0.48437500
vt 0.01562500 0.48437500
vt 0.01562500 0.01562500
vt 0.48437500 0.01562500
vt 0.48437500 0.48437500
vt 0.01562500 0.48437500
vt 0.01562500 0.01562500
vt 0.48437500 0.01562500
vt 0.48437500 0.48437500
vt 0.01562500 0.48437500
vt 0.01562500 0.01562500
vt 0.48437500 0.01562500
vt 0.48437500 0.48437500
vt 0.01562500 0.48437500
vt 0.01562500 0.01562500
vt 0.48437500 0.01562500
vt 0.48437500 0.48437500
vt 0.01562500 0.48437500
vt 0.01562500 0.01562500
vt 0.48437500 0.01562500
vt 0.48437500 0.48437500
vt 0.01562500 0.48437500
vt 0.01562500 0.01562500
vt 0.48437500 0.01562500
vt 0.48437500 0.48437500
vt 0.01562500 0.48437500
vt 0.01562500 0.01562500
vt 0.48437500 0.01562500
vt 0.48437500 0.48437500
vt 0.01562500 0.48437500
vt 0.01562500 0.01562500
vt 0.48437500 0.01562500
vt 0.48437500 0.48437500
vt 0.01562500 0.48437500
vt 0.01562500 0.01562500
vt 0.48437500 0.01562500
vt 0.48437500 0.48437500
vt 0.01562500 0.48437500
vt 0.01562500 0.01562500
vt 0.48437500 0.01562500
vt 0.48437500 0.48437500
vt 0.01562500 0.48437500
vt 0.01562500 0.01562500
vt 0.48437500 0.01562500
vt 0.48437500 0.48437500
vt 0.01562500 0.48437500
vt 0.01562500 0.01562500
vt 0.48437500 0.01562500
vt 0.48437500 0.48437500
vt 0.01562500 0.48437500
vt 0.01562500 0.01562500
vt 0.48437500 0.01562500
vt 0.48437500 0.48437500
vt 0.01562500 0.48437500
vt 0.01562500 0.01562500
vt 0.48437500 0.01562500
vt 0.48437500 0.48437500
vt 0.01562500 0.48437500
vt 0.01562500 0.01562500
vt 0.48437500 0.01562500
vt 0.48437500 0.48437500
vt 0.01562500 0.48437500
vt 0.01562500 0.01562500
vt 0.48437500 0.01562500
vt 0.48437500 0.48437500
vt 0.01562500 0.48437500
vt 0.01562500 0.01562500
vt 0.48437500 0.01562500
vt 0.48437500 0.48437500
vt 0.01562500 0.48437500
vt 0.01562500 0.01562500
vt 0.48437500 0.01562500
vt 0.48437500 0.48437500
vt 0.01562500 0.48437500
vt 0.01562500 0.01562500
vt 0.48437500 0.01562500
vt 0.48437500 0.48437500
vt 0.01562500 0.48437500
vt 0.01562500 0.01562500
vt 0.48437500 0.01562500
vt 0.48437500 0.48437500
vt 0.01562500 0.48437500
vt 0.01562500 0.01562500
vt 0.48437500 0.01562500
vt 0.48437500 0.48437500
vt 0.01562500 0.48437500
vt 0.01562500 0.01562500
vt 0.48437500 0.01562500
vt 0.48437500 0.48437500
vt 0.01562500 0.48437500
vt 0.01562500 0.01562500
vt 0.48437500 0.01562500
vt 0.48437500 0.48437500
vt 0.01562500 0.48437500
vt 0.01562500 0.01562500
vt 0.48437500 0.01562500
vt 0.48437500 0.48437500
vt 0.01562500 0.48437500
vt 0.01562500 0.01562500
vt 0.48437500 0.01562500
vt 0.48437500 0.48437500
vt 0.01562500 0.48437500
vt 0.01562500 0.01562500
vt 0.48437500 0.01562500
vt 0.48437500 0.48437500
vt 0.01562500 0.48437500
vt 0.01562500 0.01562500
vt 0.48437500 0.01562500
vt 0.48437500 0.48437500
vt 0.01562500 0.48437500
vt 0.01562500 0.01562500
vt 0.48437500 0.01562500
vt 0.48437500 0.48437500
vt 0.01562500 0.48437500
vt 0.01562500 0.01562500
vt 0.48437500 0.01562500
vt 0.48437500 0.48437500
vt 0.01562500 0.48437500
vt 0.51562500 0.01562500
vt 0.73437500 0.01562500
vt 0.73437500 0.48437500
vt 0.51562500 0.48437500
vt 0.51562500 0.01562500
vt 0.73437500 0.01562500
vt 0.73437500 0.48437500
vt 0.51562500 0.48437500
vt 0.51562500 0.01562500
vt 0.73437500 0.01562500
vt 0.73437500 0.48437500
vt 0.51562500 0.48437500
vt 0.51562500 0.01562500
vt 0.73437500 0.01562500
vt 0.73437500 0.48437500
vt 0.51562500 0.48437500
vt 0.51562500 0.01562500
vt 0.73437500 0.01562500
vt 0.73437500 0.48437500
vt 0.51562500 0.48437500
vt 0.51562500 0.01562500
vt 0.73437500 0.01562500
vt 0.73437500 0.48437500
vt 0.51562500 0.48437500
vt 0.01562500 0.01562500
vt 0.48437500 0.01562500
vt 0.48437500 0.48437500
vt 0.01562500 0.48437500
vt 0.01562500 0.01562500
vt 0.48437500 0.01562500
vt 0.48437500 0.48437500
vt 0.01562500 0.48437500
vt 0.01562500 0.01562500
vt 0.48437500 0.01562500
vt 0.48437500 0.48437500
vt 0.01562500 0.48437500
vt 0.01562500 0.01562500
vt 0.48437500 0.01562500
vt 0.48437500 0.48437500
vt 0.01562500 0.48437500
vt 0.01562500 0.01562500
vt 0.48437500 0.01562500
vt 0.48437500 0.48437500
vt 0.01562500 0.48437500
vt 0.01562500 0.01562500
vt 0.48437500 0.01562500
vt 0.48437500 0.48437500
vt 0.01562500 0.48437500
vt 0.51562500 0.01562500
vt 0.73437500 0.01562500
vt 0.73437500 0.48437500
vt 0.51562500 0.48437500
vt 0.51562500 0.01562500
vt 0.73437500 0.01562500
vt 0.73437500 0.48437500
vt 0.51562500 0.48437500
vt 0.51562500 0.01562500
vt 0.73437500 0.01562500
vt 0.73437500 0.48437500
vt 0.51562500 0.48437500
vt 0.51562500 0.01562500
vt 0.73437500 0.01562500
vt 0.73437500 0.48437500
vt 0.51562500 0.48437500
vt 0.51562500 0.01562500
vt 0.73437500 0.01562500
vt 0.73437500 0.48437500
vt 0.51562500 0.48437500
vt 0.51562500 0.01562500
vt 0.73437500 0.01562500
vt 0.73437500 0.48437500
vt 0.51562500 0.48437500
vt 0.01562500 0.01562500
vt 0.48437500 0.01562500
vt 0.48437500 0.48437500
vt 0.01562500 0.48437500
vt 0.01562500 0.01562500
vt 0.48437500 0.01562500
vt 0.48437500 0.48437500
vt 0.01562500 0.48437500
vt 0.01562500 0.01562500
vt 0.48437500 0.01562500
vt 0.48437500 0.48437500
vt 0.01562500 0.48437500
vt 0.01562500 0.01562500
vt 0.48437500 0.01562500
vt 0.48437500 0.48437500
vt 0.01562500 0.48437500
vt 0.01562500 0.01562500
vt 0.48437500 0.01562500
vt 0.48437500 0.48437500
vt 0.01562500 0.48437500
vt 0.01562500 0.01562500
vt 0.48437500 0.01562500
vt 0.48437500 0.48437500
vt 0.01562500 0.48437500
vt 0.51562500 0.01562500
vt 0.73437500 0.01562500
vt 0.73437500 0.48437500
vt 0.51562500 0.48437500
vt 0.51562500 0.01562500
vt 0.73437500 0.01562500
vt 0.73437500 0.48437500
vt 0.51562500 0.48437500
vt 0.51562500 0.01562500
vt 0.73437500 0.01562500
vt 0.73437500 0.48437500
vt 0.51562500 0.48437500
vt 0.51562500 0.01562500
vt 0.73437500 0.01562500
vt 0.73437500 0.48437500
vt 0.51562500 0.48437500
vt 0.51562500 0.01562500
vt 0.73437500 0.01562500
vt 0.73437500 0.48437500
vt 0.51562500 0.48437500
vt 0.51562500 0.01562500
vt 0.73437500 0.01562500
vt 0.73437500 0.48437500
vt 0.51562500 0.48437500
vt 0.01562500 0.01562500
vt 0.48437500 0.01562500
vt 0.48437500 0.48437500
vt 0.01562500 0.48437500
vt 0.01562500 0.01562500
vt 0.48437500 0.01562500
vt 0.48437500 0.48437500
vt 0.01562500 0.48437500
vt 0.01562500 0.01562500
vt 0.48437500 0.01562500
vt 0.48437500 0.48437500
vt 0.01562500 0.48437500
vt 0.01562500 0.01562500
vt 0.48437500 0.01562500
vt 0.48437500 0.48437500
vt 0.01562500 0.48437500
vt 0.01562500 0.01562500
vt 0.48437500 0.01562500
vt 0.48437500 0.48437500
vt 0.01562500 0.48437500
vt 0.01562500 0.01562500
vt 0.48437500 0.01562500
vt 0.48437500 0.48437500
vt 0.01562500 0.48437500
vt 0.51562500 0.01562500
vt 0.73437500 0.01562500
vt 0.73437500 0.48437500
vt 0.51562500 0.48437500
vt 0.51562500 0.01562500
vt 0.73437500 0.01562500
vt 0.73437500 0.48437500
vt 0.51562500 0.48437500
vt 0.51562500 0.01562500
vt 0.73437500 0.01562500
vt 0.73437500 0.48437500
vt 0.51562500 0.48437500
vt 0.51562500 0.01562500
vt 0.73437500 0.01562500
vt 0.73437500 0.48437500
vt 0.51562500 0.48437500
vt 0.51562500 0.01562500
vt 0.73437500 0.01562500
vt 0.73437500 0.48437500
vt 0.51562500 0.48437500
vt 0.51562500 0.01562500
vt 0.73437500 0.01562500
vt 0.73437500 0.48437500
vt 0.51562500 0.48437500
vt 0.01562500 0.01562500
vt 0.48437500 0.01562500
vt 0.48437500 0.48437500
vt 0.01562500 0.48437500
vt 0.01562500 0.01562500
vt 0.48437500 0.01562500
vt 0.48437500 0.48437500
vt 0.01562500 0.48437500
vt 0.01562500 0.01562500
vt 0.48437500 0.01562500
vt 0.48437500 0.48437500
vt 0.01562500 0.48437500
vt 0.01562500 0.01562500
vt 0.48437500 0.01562500
vt 0.48437500 0.48437500
vt 0.01562500 0.48437500
vt 0.01562500 0.01562500
vt 0.48437500 0.01562500
vt 0.48437500 0.48437500
vt 0.01562500 0.48437500
vt 0.01562500 0.01562500
vt 0.48437500 0.01562500
vt 0.48437500 0.48437500
vt 0.01562500 0.48437500
vt 0.51562500 0.01562500
vt 0.73437500 0.01562500
vt 0.73437500 0.48437500
vt 0.51562500 0.48437500
vt 0.51562500 0.01562500
vt 0.73437500 0.01562500
vt 0.73437500 0.48437500
vt 0.51562500 0.48437500
vt 0.51562500 0.01562500
vt 0.73437500 0.01562500
vt 0.73437500 0.48437500
vt 0.51562500 0.48437500
vt 0.51562500 0.01562500
vt 0.73437500 0.01562500
vt 0.73437500 0.48437500
vt 0.51562500 0.48437500
vt 0.51562500 0.01562500
vt 0.73437500 0.01562500
vt 0.73437500 0.48437500
vt 0.51562500 0.48437500
vt 0.51562500 0.01562500
vt 0.73437500 0.01562500
vt 0.73437500 0.48437500
vt 0.51562500 0.48437500
vt 0.01562500 0.01562500
vt 0.48437500 0.01562500
vt 0.48437500 0.48437500
vt 0.01562500 0.48437500
vt 0.01562500 0.01562500
vt 0.48437500 0.01562500
vt 0.48437500 0.48437500
vt 0.01562500 0.48437500
vt 0.01562500 0.01562500
vt 0.48437500 0.01562500
vt 0.48437500 0.48437500
vt 0.01562500 0.48437500
vt 0.01562500 0.01562500
vt 0.48437500 0.01562500
vt 0.48437500 0.48437500
vt 0.01562500 0.48437500
vt 0.01562500 0.01562500
vt 0.48437500 0.01562500
vt 0.48437500 0.48437500
vt 0.01562500 0.48437500
vt 0.01562500 0.01562500
vt 0.48437500 0.01562500
vt 0.48437500 0.48437500
vt 0.01562500 0.48437500
vt 0.51562500 0.01562500
vt 0.73437500 0.01562500
vt 0.73437500 0.48437500
vt 0.51562500 0.48437500
vt 0.51562500 0.01562500
vt 0.73437500 0.01562500
vt 0.73437500 0.48437500
vt 0.51562500 0.48437500
vt 0.51562500 0.01562500
vt 0.73437500 0.01562500
vt 0.73437500 0.48437500
vt 0.51562500 0.48437500
vt 0.51562500 0.01562500
vt 0.73437500 0.01562500
vt 0.73437500 0.48437500
vt 0.51562500 0.48437500
vt 0.51562500 0.01562500
vt 0.73437500 0.01562500
vt 0.73437500 0.48437500
vt 0.51562500 0.48437500
vt 0.51562500 0.01562500
vt 0.73437500 0.01562500
vt 0.73437500 0.48437500
vt 0.51562500 0.48437500
vt 0.01562500 0.01562500
vt 0.48437500 0.01562500
vt 0.48437500 0.48437500
vt 0.01562500 0.48437500
vt 0.01562500 0.01562500
vt 0.48437500 0.01562500
vt 0.48437500 0.48437500
vt 0.01562500 0.48437500
vt 0.01562500 0.01562500
vt 0.48437500 0.01562500
vt 0.48437500 0.48437500
vt 0.01562500 0.48437500
vt 0.01562500 0.01562500
vt 0.48437500 0.01562500
vt 0.48437500 0.48437500
vt 0.01562500 0.48437500
vt 0.01562500 0.01562500
vt 0.48437500 0.01562500
vt 0.48437500 0.48437500
vt 0.01562500 0.48437500
vt 0.01562500 0.01562500
vt 0.48437500 0.01562500
vt 0.48437500 0.48437500
vt 0.01562500 0.48437500
vt 0.51562500 0.01562500
vt 0.73437500 0.01562500
vt 0.73437500 0.48437500
vt 0.51562500 0.48437500
vt 0.51562500 0.01562500
vt 0.73437500 0.01562500
vt 0.73437500 0.48437500
vt 0.51562500 0.48437500
vt 0.51562500 0.01562500
vt 0.73437500 0.01562500
vt 0.73437500 0.48437500
vt 0.51562500 0.48437500
vt 0.51562500 0.01562500
vt 0.73437500 0.01562500
vt 0.73437500 0.48437500
vt 0.51562500 0.48437500
vt 0.51562500 0.01562500
vt 0.73437500 0.01562500
vt 0.73437500 0.48437500
vt 0.51562500 0.48437500
vt 0.51562500 0.01562500
vt 0.73437500 0.01562500
vt 0.73437500 0.48437500
vt 0.51562500 0.48437500
vt 0.01562500 0.01562500
vt 0.48437500 0.01562500
vt 0.48437500 0.48437500
vt 0.01562500 0.48437500
vt 0.01562500 0.01562500
vt 0.48437500 0.01562500
vt 0.48437500 0.48437500
vt 0.01562500 0.48437500
vt 0.01562500 0.01562500
vt 0.48437500 0.01562500
vt 0.48437500 0.48437500
vt 0.01562500 0.48437500
vt 0.01562500 0.01562500
vt 0.48437500 0.01562500
vt 0.48437500 0.48437500
vt 0.01562500 0.48437500
vt 0.01562500 0.01562500
vt 0.48437500 0.01562500
vt 0.48437500 0.48437500
vt 0.01562500 0.48437500
vt 0.01562500 0.01562500
vt 0.48437500 0.01562500
vt 0.48437500 0.48437500
vt 0.01562500 0.48437500
vt 0.51562500 0.01562500
vt 0.73437500 0.01562500
vt 0.73437500 0.48437500
vt 0.51562500 0.48437500
vt 0.51562500 0.01562500
vt 0.73437500 0.01562500
vt 0.73437500 0.48437500
vt 0.51562500 0.48437500
vt 0.51562500 0.01562500
vt 0.73437500 0.01562500
vt 0.73437500 0.48437500
vt 0.51562500 0.48437500
vt 0.51562500 0.01562500
vt 0.73437500 0.01562500
vt 0.73437500 0.48437500
vt 0.51562500 0.48437500
vt 0.51562500 0.01562500
vt 0.73437500 0.01562500
vt 0.73437500 0.48437500
vt 0.51562500 0.48437500
vt 0.51562500 0.01562500
vt 0.73437500 0.01562500
vt 0.73437500 0.48437500
vt 0.51562500 0.48437500
vt 0.01562500 0.01562500
vt 0.48437500 0.01562500
vt 0.48437500 0.48437500
vt 0.01562500 0.48437500
vt 0.01562500 0.01562500
vt 0.48437500 0.01562500
vt 0.48437500 0.48437500
vt 0.01562500 0.48437500
vt 0.01562500 0.01562500
vt 0.48437500 0.01562500
vt 0.48437500 0.48437500
vt 0.01562500 0.48437500
vt 0.01562500 0.01562500
vt 0.48437500 0.01562500
vt 0.48437500 0.48437500
vt 0.01562500 0.48437500
vt 0.01562500 0.01562500
vt 0.48437500 0.01562500
vt 0.48437500 0.48437500
vt 0.01562500 0.48437500
vt 0.01562500 0.01562500
vt 0.48437500 0.01562500
vt 0.48437500 0.48437500
vt 0.01562500 0.48437500
vt 0.51562500 0.01562500
vt 0.73437500 0.01562500
vt 0.73437500 0.48437500
vt 0.51562500 0.48437500
vt 0.51562500 0.01562500
vt 0.73437500 0.01562500
vt 0.73437500 0.48437500
vt 0.51562500 0.48437500
vt 0.51562500 0.01562500
vt 0.73437500 0.01562500
vt 0.73437500 0.48437500
vt 0.51562500 0.48437500
vt 0.51562500 0.01562500
vt 0.73437500 0.01562500
vt 0.73437500 0.48437500
vt 0.51562500 0.48437500
vt 0.51562500 0.01562500
vt 0.73437500 0.01562500
vt 0.73437500 0.48437500
vt 0.51562500 0.48437500
vt 0.51562500 0.01562500
vt 0.73437500 0.01562500
vt 0.73437500 0.48437500
vt 0.51562500 0.48437500
vt 0.01562500 0.01562500
vt 0.48437500 0.01562500
vt 0.48437500 0.48437500
vt 0.01562500 0.48437500
vt 0.01562500 0.01562500
vt 0.48437500 0.01562500
vt 0.48437500 0.48437500
vt 0.01562500 0.48437500
vt 0.01562500 0.01562500
vt 0.48437500 0.01562500
vt 0.48437500 0.48437500
vt 0.01562500 0.48437500
vt 0.01562500 0.01562500
vt 0.48437500 0.01562500
vt 0.48437500 0.48437500
vt 0.01562500 0.48437500
vt 0.01562500 0.01562500
vt 0.48437500 0.01562500
vt 0.48437500 0.48437500
vt 0.01562500 0.48437500
vt 0.01562500 0.01562500
vt 0.48437500 0.01562500
vt 0.48437500 0.48437500
vt 0.01562500 0.48437500
vt 0.51562500 0.01562500
vt 0.73437500 0.01562500
vt 0.73437500 0.48437500
vt 0.51562500 0.48437500
vt 0.51562500 0.01562500
vt 0.73437500 0.01562500
vt 0.73437500 0.48437500
vt 0.51562500 0.48437500
vt 0.51562500 0.01562500
vt 0.73437500 0.01562500
vt 0.73437500 0.48437500
vt 0.51562500 0.48437500
vt 0.51562500 0.01562500
vt 0.73437500 0.01562500
vt 0.73437500 0.48437500
vt 0.51562500 0.48437500
vt 0.51562500 0.01562500
vt 0.73437500 0.01562500
vt 0.73437500 0.48437500
vt 0.51562500 0.48437500
vt 0.51562500 0.01562500
vt 0.73437500 0.01562500
vt 0.73437500 0.48437500
vt 0.51562500 0.48437500
vt 0.01562500 0.01562500
vt 0.48437500 0.01562500
vt 0.48437500 0.48437500
vt 0.01562500 0.48437500
vt 0.01562500 0.01562500
vt 0.48437500 0.01562500
vt 0.48437500 0.48437500
vt 0.01562500 0.48437500
vt 0.01562500 0.01562500
vt 0.48437500 0.01562500
vt 0.48437500 0.48437500
vt 0.01562500 0.48437500
vt 0.01562500 0.01562500
vt 0.48437500 0.01562500
vt 0.48437500 0.48437500
vt 0.01562500 0.48437500
vt 0.01562500 0.01562500
vt 0.48437500 0.01562500
vt 0.48437500 0.48437500
vt 0.01562500 0.48437500
vt 0.01562500 0.01562500
vt 0.48437500 0.01562500
vt 0.48437500 0.48437500
vt 0.01562500 0.48437500
vt 0.51562500 0.01562500
vt 0.73437500 0.01562500
vt 0.73437500 0.48437500
vt 0.51562500 0.48437500
vt 0.51562500 0.01562500
vt 0.73437500 0.01562500
vt 0.73437500 0.48437500
vt 0.51562500 0.48437500
vt 0.51562500 0.01562500
vt 0.73437500 0.01562500
vt 0.73437500 0.48437500
vt 0.51562500 0.48437500
vt 0.51562500 0.01562500
vt 0.73437500 0.01562500
vt 0.73437500 0.48437500
vt 0.51562500 0.48437500
vt 0.51562500 0.01562500
vt 0.73437500 0.01562500
vt 0.73437500 0.48437500
vt 0.51562500 0.48437500
vt 0.51562500 0.01562500
vt 0.73437500 0.01562500
vt 0.73437500 0.48437500
vt 0.51562500 0.48437500
vt 0.01562500 0.01562500
vt 0.48437500 0.01562500
vt 0.48437500 0.48437500
vt 0.01562500 0.48437500
vt 0.01562500 0.01562500
vt 0.48437500 0.01562500
vt 0.48437500 0.48437500
vt 0.01562500 0.48437500
vt 0.01562500 0.01562500
vt 0.48437500 0.01562500
vt 0.48437500 0.48437500
vt 0.01562500 0.48437500
vt 0.01562500 0.01562500
vt 0.48437500 0.01562500
vt 0.48437500 0.48437500
vt 0.01562500 0.48437500
vt 0.01562500 0.01562500
vt 0.48437500 0.01562500
vt 0.48437500 0.48437500
vt 0.01562500 0.48437500
vt 0.01562500 0.01562500
vt 0.48437500 0.01562500
vt 0.48437500 0.48437500
vt 0.01562500 0.48437500
vt 0.51562500 0.01562500
vt 0.73437500 0.01562500
vt 0.73437500 0.48437500
vt 0.51562500 0.48437500
vt 0.51562500 0.01562500
vt 0.73437500 0.01562500
vt 0.73437500 0.48437500
vt 0.51562500 0.48437500
vt 0.51562500 0.01562500
vt 0.73437500 0.01562500
vt 0.73437500 0.48437500
vt 0.51562500 0.48437500
vt 0.51562500 0.01562500
vt 0.73437500 0.01562500
vt 0.73437500 0.48437500
vt 0.51562500 0.48437500
vt 0.51562500 0.01562500
vt 0.73437500 0.01562500
vt 0.73437500 0.48437500
vt 0.51562500 0.48437500
vt 0.51562500 0.01562500
vt 0.73437500 0.01562500
vt 0.73437500 0.48437500
vt 0.51562500 0.48437500
vt 0.01562500 0.01562500
vt 0.48437500 0.01562500
vt 0.48437500 0.48437500
vt 0.01562500 0.48437500
vt 0.01562500 0.01562500
vt 0.48437500 0.01562500
vt 0.48437500 0.48437500
vt 0.01562500 0.48437500
vt 0.01562500 0.01562500
vt 0.48437500 0.01562500
vt 0.48437500 0.48437500
vt 0.01562500 0.48437500
vt 0.01562500 0.01562500
vt 0.48437500 0.01562500
vt 0.48437500 0.48437500
vt 0.01562500 0.48437500
vt 0.01562500 0.01562500
vt 0.48437500 0.01562500
vt 0.48437500 0.48437500
vt 0.01562500 0.48437500
vt 0.01562500 0.01562500
vt 0.48437500 0.01562500
vt 0.48437500 0.48437500
vt 0.01562500 0.48437500
vt 0.51562500 0.01562500
vt 0.73437500 0.01562500
vt 0.73437500 0.48437500
vt 0.51562500 0.48437500
vt 0.51562500 0.01562500
vt 0.73437500 0.01562500
vt 0.73437500 0.48437500
vt 0.51562500 0.48437500
vt 0.51562500 0.01562500
vt 0.73437500 0.01562500
vt 0.73437500 0.48437500
vt 0.51562500 0.48437500
vt 0.51562500 0.01562500
vt 0.73437500 0.01562500
vt 0.73437500 0.48437500
vt 0.51562500 0.48437500
vt 0.51562500 0.01562500
vt 0.73437500 0.01562500
vt 0.73437500 0.48437500
vt 0.51562500 0.48437500
vt 0.51562500 0.01562500
vt 0.73437500 0.01562500
vt 0.73437500 0.48437500
vt 0.51562500 0.48437500
vt 0.01562500 0.01562500
vt 0.48437500 0.01562500
vt 0.48437500 0.48437500
vt 0.01562500 0.48437500
vt 0.01562500 0.01562500
vt 0.48437500 0.01562500
vt 0.48437500 0.48437500
vt 0.01562500 0.48437500
vt 0.01562500 0.01562500
vt 0.48437500 0.01562500
vt 0.48437500 0.48437500
vt 0.01562500 0.48437500
vt 0.01562500 0.01562500
vt 0.48437500 0.01562500
vt 0.48437500 0.48437500
vt 0.01562500 0.48437500
vt 0.01562500 0.01562500
vt 0.48437500 0.01562500
vt 0.48437500 0.48437500
vt 0.01562500 0.48437500
vt 0.01562500 0.01562500
vt 0.48437500 0.01562500
vt 0.48437500 0.48437500
vt 0.01562500 0.48437500
vt 0.51562500 0.01562500
vt 0.73437500 0.01562500
vt 0.73437500 0.48437500
vt 0.51562500 0.48437500
vt 0.51562500 0.01562500
vt 0.73437500 0.01562500
vt 0.73437500 0.48437500
vt 0.51562500 0.48437500
vt 0.51562500 0.01562500
vt 0.73437500 0.01562500
vt 0.73437500 0.48437500
vt 0.51562500 0.48437500
vt 0.51562500 0.01562500
vt 0.73437500 0.01562500
vt 0.73437500 0.48437500
vt 0.51562500 0.48437500
vt 0.51562500 0.01562500
vt 0.73437500 0.01562500
vt 0.73437500 0.48437500
vt 0.51562500 0.48437500
vt 0.51562500 0.01562500
vt 0.73437500 0.01562500
vt 0.73437500 0.48437500
vt 0.51562500 0.48437500
vt 0.01562500 0.51562500
vt 0.48437500 0.51562500
vt 0.48437500 0.98437500
vt 0.01562500 0.98437500
vt 0.01562500 0.51562500
vt 0.48437500 0.51562500
vt 0.48437500 0.98437500
vt 0.01562500 0.98437500
vt 0.01562500 0.51562500
vt 0.48437500 0.51562500
vt 0.48437500 0.98437500
vt 0.01562500 0.98437500
vt 0.01562500 0.51562500
vt 0.48437500 0.51562500
vt 0.48437500 0.98437500
vt 0.01562500 0.98437500
vt 0.01562500 0.51562500
vt 0.48437500 0.51562500
vt 0.48437500 0.98437500
vt 0.01562500 0.98437500
vt 0.01562500 0.51562500
vt 0.48437500 0.51562500
vt 0.48437500 0.98437500
vt 0.01562500 0.98437500
vt 0.01562500 0.51562500
vt 0.48437500 0.51562500
vt 0.48437500 0.98437500
vt 0.01562500 0.98437500
vt 0.01562500 0.51562500
vt 0.48437500 0.51562500
vt 0.48437500 0.98437500
vt 0.01562500 0.98437500
vt 0.01562500 0.51562500
vt 0.48437500 0.51562500
vt 0.48437500 0.98437500
vt 0.01562500 0.98437500
vt 0.01562500 0.51562500
vt 0.48437500 0.51562500
vt 0.48437500 0.98437500
vt 0.01562500 0.98437500
vt 0.01562500 0.51562500
vt 0.48437500 0.51562500
vt 0.48437500 0.98437500
vt 0.01562500 0.98437500
vt 0.01562500 0.51562500
vt 0.48437500 0.51562500
vt 0.48437500 0.98437500
vt 0.01562500 0.98437500
vt 0.01562500 0.51562500
vt 0.48437500 0.51562500
vt 0.48437500 0.98437500
vt 0.01562500 0.98437500
vt 0.01562500 0.51562500
vt 0.48437500 0.51562500
vt 0.48437500 0.98437500
vt 0.01562500 0.98437500
vt 0.01562500 0.51562500
vt 0.48437500 0.51562500
vt 0.48437500 0.98437500
vt 0.01562500 0.98437500
vt 0.01562500 0.51562500
vt 0.48437500 0.51562500
vt 0.48437500 0.98437500
vt 0.01562500 0.98437500
vt 0.51562500 0.51562500
vt 0.98437500 0.51562500
vt 0.98437500 0.98437500
vt 0.51562500 0.98437500
vt 0.51562500 0.51562500
vt 0.98437500 0.51562500
vt 0.98437500 0.98437500
vt 0.51562500 0.98437500
vt 0.51562500 0.51562500
vt 0.98437500 0.51562500
vt 0.98437500 0.98437500
vt 0.51562500 0.98437500
vt 0.51562500 0.51562500
vt 0.98437500 0.51562500
vt 0.98437500 0.98437500
vt 0.51562500 0.98437500
vt 0.01562500 0.51562500
vt 0.48437500 0.51562500
vt 0.48437500 0.98437500
vt 0.01562500 0.98437500
vt 0.01562500 0.51562500
vt 0.48437500 0.51562500
vt 0.48437500 0.98437500
vt 0.01562500 0.98437500
vt 0.01562500 0.51562500
vt 0.48437500 0.51562500
vt 0.48437500 0.98437500
vt 0.01562500 0.98437500
vt 0.01562500 0.51562500
vt 0.48437500 0.51562500
vt 0.48437500 0.98437500
vt 0.01562500 0.98437500
vt 0.51562500 0.01562500
vt 0.73437500 0.01562500
vt 0.73437500 0.48437500
vt 0.51562500 0.48437500
vt 0.51562500 0.01562500
vt 0.73437500 0.01562500
vt 0.73437500 0.48437500
vt 0.51562500 0.48437500
vt 0.51562500 0.01562500
vt 0.73437500 0.01562500
vt 0.73437500 0.48437500
vt 0.51562500 0.48437500
vt 0.51562500 0.01562500
vt 0.73437500 0.01562500
vt 0.73437500 0.48437500
vt 0.51562500 0.48437500
vt 0.51562500 0.01562500
vt 0.73437500 0.01562500
vt 0.73437500 0.48437500
vt 0.51562500 0.48437500
vt 0.51562500 0.01562500
vt 0.73437500 0.01562500
vt 0.73437500 0.48437500
vt 0.51562500 0.48437500
vt 0.51562500 0.01562500
vt 0.73437500 0.01562500
vt 0.73437500 0.48437500
vt 0.51562500 0.48437500
vt 0.51562500 0.01562500
vt 0.73437500 0.01562500
vt 0.73437500 0.48437500
vt 0.51562500 0.48437500
vt 0.51562500 0.01562500
vt 0.73437500 0.01562500
vt 0.73437500 0.48437500
vt 0.51562500 0.48437500
vt 0.76562500 0.01562500
vt 0.98437500 0.01562500
vt 0.98437500 0.48437500
vt 0.76562500 0.48437500
vt 0.76562500 0.01562500
vt 0.98437500 0.01562500
vt 0.98437500 0.48437500
vt 0.76562500 0.48437500
vt 0.76562500 0.01562500
vt 0.98437500 0.01562500
vt 0.98437500 0.48437500
vt 0.76562500 0.48437500
vt 0.76562500 0.01562500
vt 0.98437500 0.01562500
vt 0.98437500 0.48437500
vt 0.76562500 0.48437500
vt 0.76562500 0.01562500
vt 0.98437500 0.01562500
vt 0.98437500 0.48437500
vt 0.76562500 0.48437500
vt 0.76562500 0.01562500
vt 0.98437500 0.01562500
vt 0.98437500 0.48437500
vt 0.76562500 0.48437500
vt 0.01562500 0.51562500
vt 0.48437500 0.51562500
vt 0.48437500 0.98437500
vt 0.01562500 0.98437500
vt 0.01562500 0.51562500
vt 0.48437500 0.51562500
vt 0.48437500 0.98437500
vt 0.01562500 0.98437500
vt 0.01562500 0.51562500
vt 0.48437500 0.51562500
vt 0.48437500 0.98437500
vt 0.01562500 0.98437500
vt 0.01562500 0.51562500
vt 0.48437500 0.51562500
vt 0.48437500 0.98437500
vt 0.01562500 0.98437500
vt 0.01562500 0.51562500
vt 0.48437500 0.51562500
vt 0.48437500 0.98437500
vt 0.01562500 0.98437500
vt 0.01562500 0.51562500
vt 0.48437500 0.51562500
vt 0.48437500 0.98437500
vt 0.01562500 0.98437500
vt 0.01562500 0.51562500
vt 0.48437500 0.51562500
vt 0.48437500 0.98437500
vt 0.01562500 0.98437500
vt 0.01562500 0.51562500
vt 0.48437500 0.51562500
vt 0.48437500 0.98437500
vt 0.01562500 0.98437500
vt 0.51562500 0.51562500
vt 0.98437500 0.51562500
vt 0.98437500 0.98437500
vt 0.51562500 0.98437500
vt 0.51562500 0.51562500
vt 0.98437500 0.51562500
vt 0.98437500 0.98437500
vt 0.51562500 0.98437500
vt 0.51562500 0.51562500
vt 0.98437500 0.51562500
vt 0.98437500 0.98437500
vt 0.51562500 0.98437500
vt 0.51562500 0.51562500
vt 0.98437500 0.51562500
vt 0.98437500 0.98437500
vt 0.51562500 0.98437500
vt 0.01562500 0.51562500
vt 0.48437500 0.51562500
vt 0.48437500 0.98437500
vt 0.01562500 0.98437500
vt 0.01562500 0.51562500
vt 0.48437500 0.51562500
vt 0.48437500 0.98437500
vt 0.01562500 0.98437500
vt 0.01562500 0.51562500
vt 0.48437500 0.51562500
vt 0.48437500 0.98437500
vt 0.01562500 0.98437500
vt 0.01562500 0.51562500
vt 0.48437500 0.51562500
vt 0.48437500 0.98437500
vt 0.01562500 0.98437500
vt 0.51562500 0.01562500
vt 0.73437500 0.01562500
vt 0.73437500 0.48437500
vt 0.51562500 0.48437500
vt 0.51562500 0.01562500
vt 0.73437500 0.01562500
vt 0.73437500 0.48437500
vt 0.51562500 0.48437500
vt 0.51562500 0.01562500
vt 0.73437500 0.01562500
vt 0.73437500 0.48437500
vt 0.51562500 0.48437500
vt 0.51562500 0.01562500
vt 0.73437500 0.01562500
vt 0.73437500 0.48437500
vt 0.51562500 0.48437500
vt 0.51562500 0.01562500
vt 0.73437500 0.01562500
vt 0.73437500 0.48437500
vt 0.51562500 0.48437500
vt 0.51562500 0.01562500
vt 0.73437500 0.01562500
vt 0.73437500 0.48437500
vt 0.51562500 0.48437500
vt 0.51562500 0.01562500
vt 0.73437500 0.01562500
vt 0.73437500 0.48437500
vt 0.51562500 0.48437500
vt 0.51562500 0.01562500
vt 0.73437500 0.01562500
vt 0.73437500 0.48437500
vt 0.51562500 0.48437500
vt 0.51562500 0.01562500
vt 0.73437500 0.01562500
vt 0.73437500 0.48437500
vt 0.51562500 0.48437500
vt 0.76562500 0.01562500
vt 0.98437500 0.01562500
vt 0.98437500 0.48437500
vt 0.76562500 0.48437500
vt 0.76562500 0.01562500
vt 0.98437500 0.01562500
vt 0.98437500 0.48437500
vt 0.76562500 0.48437500
vt 0.76562500 0.01562500
vt 0.98437500 0.01562500
vt 0.98437500 0.48437500
vt 0.76562500 0.48437500
vt 0.76562500 0.01562500
vt 0.98437500 0.01562500
vt 0.98437500 0.48437500
vt 0.76562500 0.48437500
vt 0.76562500 0.01562500
vt 0.98437500 0.01562500
vt 0.98437500 0.48437500
vt 0.76562500 0.48437500
vt 0.76562500 0.01562500
vt 0.98437500 0.01562500
vt 0.98437500 0.48437500
vt 0.76562500 0.48437500
vt 0.01562500 0.51562500
vt 0.48437500 0.51562500
vt 0.48437500 0.98437500
vt 0.01562500 0.98437500
vt 0.01562500 0.51562500
vt 0.48437500 0.51562500
vt 0.48437500 0.98437500
vt 0.01562500 0.98437500
vt 0.01562500 0.51562500
vt 0.48437500 0.51562500
vt 0.48437500 0.98437500
vt 0.01562500 0.98437500
vt 0.01562500 0.51562500
vt 0.48437500 0.51562500
vt 0.48437500 0.98437500
vt 0.01562500 0.98437500
vt 0.01562500 0.51562500
vt 0.48437500 0.51562500
vt 0.48437500 0.98437500
vt 0.01562500 0.98437500
vt 0.01562500 0.51562500
vt 0.48437500 0.51562500
vt 0.48437500 0.98437500
vt 0.01562500 0.98437500
vt 0.01562500 0.51562500
vt 0.48437500 0.51562500
vt 0.48437500 0.98437500
vt 0.01562500 0.98437500
vt 0.01562500 0.51562500
vt 0.48437500 0.51562500
vt 0.48437500 0.98437500
vt 0.01562500 0.98437500
vt 0.51562500 0.51562500
vt 0.98437500 0.51562500
vt 0.98437500 0.98437500
vt 0.51562500 0.98437500
vt 0.51562500 0.51562500
vt 0.98437500 0.51562500
vt 0.98437500 0.98437500
vt 0.51562500 0.98437500
vt 0.51562500 0.51562500
vt 0.98437500 0.51562500
vt 0.98437500 0.98437500
vt 0.51562500 0.98437500
vt 0.51562500 0.51562500
vt 0.98437500 0.51562500
vt 0.98437500 0.98437500
vt 0.51562500 0.98437500
vt 0.01562500 0.51562500
vt 0.48437500 0.51562500
vt 0.48437500 0.98437500
vt 0.01562500 0.98437500
vt 0.01562500 0.51562500
vt 0.48437500 0.51562500
vt 0.48437500 0.98437500
vt 0.01562500 0.98437500
vt 0.01562500 0.51562500
vt 0.48437500 0.51562500
vt 0.48437500 0.98437500
vt 0.01562500 0.98437500
vt 0.01562500 0.51562500
vt 0.48437500 0.51562500
vt 0.48437500 0.98437500
vt 0.01562500 0.98437500
vt 0.51562500 0.01562500
vt 0.73437500 0.01562500
vt 0.73437500 0.48437500
vt 0.51562500 0.48437500
vt 0.51562500 0.01562500
vt 0.73437500 0.01562500
vt 0.73437500 0.48437500
vt 0.51562500 0.48437500
vt 0.51562500 0.01562500
vt 0.73437500 0.01562500
vt 0.73437500 0.48437500
vt 0.51562500 0.48437500
vt 0.51562500 0.01562500
vt 0.73437500 0.01562500
vt 0.73437500 0.48437500
vt 0.51562500 0.48437500
vt 0.51562500 0.01562500
vt 0.73437500 0.01562500
vt 0.73437500 0.48437500
vt 0.51562500 0.48437500
vt 0.51562500 0.01562500
vt 0.73437500 0.01562500
vt 0.73437500 0.48437500
vt 0.51562500 0.48437500
vt 0.51562500 0.01562500
vt 0.73437500 0.01562500
vt 0.73437500 0.48437500
vt 0.51562500 0.48437500
vt 0.51562500 0.01562500
vt 0.73437500 0.01562500
vt 0.73437500 0.48437500
vt 0.51562500 0.48437500
vt 0.51562500 0.01562500
vt 0.73437500 0.01562500
vt 0.73437500 0.48437500
vt 0.51562500 0.48437500
vt 0.76562500 0.01562500
vt 0.98437500 0.01562500
vt 0.98437500 0.48437500
vt 0.76562500 0.48437500
vt 0.76562500 0.01562500
vt 0.98437500 0.01562500
vt 0.98437500 0.48437500
vt 0.76562500 0.48437500
vt 0.76562500 0.01562500
vt 0.98437500 0.01562500
vt 0.98437500 0.48437500
vt 0.76562500 0.48437500
vt 0.76562500 0.01562500
vt 0.98437500 0.01562500
vt 0.98437500 0.48437500
vt 0.76562500 0.48437500
vt 0.76562500 0.01562500
vt 0.98437500 0.01562500
vt 0.98437500 0.48437500
vt 0.76562500 0.48437500
vt 0.76562500 0.01562500
vt 0.98437500 0.01562500
vt 0.98437500 0.48437500
vt 0.76562500 0.48437500
vt 0.01562500 0.51562500
vt 0.48437500 0.51562500
vt 0.48437500 0.98437500
vt 0.01562500 0.98437500
vt 0.01562500 0.51562500
vt 0.48437500 0.51562500
vt 0.48437500 0.98437500
vt 0.01562500 0.98437500
vt 0.01562500 0.51562500
vt 0.48437500 0.51562500
vt 0.48437500 0.98437500
vt 0.01562500 0.98437500
vt 0.01562500 0.51562500
vt 0.48437500 0.51562500
vt 0.48437500 0.98437500
vt 0.01562500 0.98437500
vt 0.01562500 0.51562500
vt 0.48437500 0.51562500
vt 0.48437500 0.98437500
vt 0.01562500 0.98437500
vt 0.01562500 0.51562500
vt 0.48437500 0.51562500
vt 0.48437500 0.98437500
vt 0.01562500 0.98437500
vt 0.01562500 0.51562500
vt 0.48437500 0.51562500
vt 0.48437500 0.98437500
vt 0.01562500 0.98437500
vt 0.01562500 0.51562500
vt 0.48437500 0.51562500
vt 0.48437500 0.98437500
vt 0.01562500 0.98437500
vt 0.51562500 0.51562500
vt 0.98437500 0.51562500
vt 0.98437500 0.98437500
vt 0.51562500 0.98437500
vt 0.51562500 0.51562500
vt 0.98437500 0.51562500
vt 0.98437500 0.98437500
vt 0.51562500 0.98437500
vt 0.51562500 0.51562500
vt 0.98437500 0.51562500
vt 0.98437500 0.98437500
vt 0.51562500 0.98437500
vt 0.51562500 0.51562500
vt 0.98437500 0.51562500
vt 0.98437500 0.98437500
vt 0.51562500 0.98437500
vt 0.01562500 0.51562500
vt 0.48437500 0.51562500
vt 0.48437500 0.98437500
vt 0.01562500 0.98437500
vt 0.01562500 0.51562500
vt 0.48437500 0.51562500
vt 0.48437500 0.98437500
vt 0.01562500 0.98437500
vt 0.01562500 0.51562500
vt 0.48437500 0.51562500
vt 0.48437500 0.98437500
vt 0.01562500 0.98437500
vt 0.01562500 0.51562500
vt 0.48437500 0.51562500
vt 0.48437500 0.98437500
vt 0.01562500 0.98437500
vt 0.51562500 0.01562500
vt 0.73437500 0.01562500
vt 0.73437500 0.48437500
vt 0.51562500 0.48437500
vt 0.51562500 0.01562500
vt 0.73437500 0.01562500
vt 0.73437500 0.48437500
vt 0.51562500 0.48437500
vt 0.51562500 0.01562500
vt 0.73437500 0.01562500
vt 0.73437500 0.48437500
vt 0.51562500 0.48437500
vt 0.51562500 0.01562500
vt 0.73437500 0.01562500
vt 0.73437500 0.48437500
vt 0.51562500 0.48437500
vt 0.51562500 0.01562500
vt 0.73437500 0.01562500
vt 0.73437500 0.48437500
vt 0.51562500 0.48437500
vt 0.51562500 0.01562500
vt 0.73437500 0.01562500
vt 0.73437500 0.48437500
vt 0.51562500 0.48437500
vt 0.51562500 0.01562500
vt 0.73437500 0.01562500
vt 0.73437500 0.48437500
vt 0.51562500 0.48437500
vt 0.51562500 0.01562500
vt 0.73437500 0.01562500
vt 0.73437500 0.48437500
vt 0.51562500 0.48437500
vt 0.51562500 0.01562500
vt 0.73437500 0.01562500
vt 0.73437500 0.48437500
vt 0.51562500 0.48437500
vt 0.76562500 0.01562500
vt 0.98437500 0.01562500
vt 0.98437500 0.48437500
vt 0.76562500 0.48437500
vt 0.76562500 0.01562500
vt 0.98437500 0.01562500
vt 0.98437500 0.48437500
vt 0.76562500 0.48437500
vt 0.76562500 0.01562500
vt 0.98437500 0.01562500
vt 0.98437500 0.48437500
vt 0.76562500 0.48437500
vt 0.76562500 0.01562500
vt 0.98437500 0.01562500
vt 0.98437500 0.48437500
vt 0.76562500 0.48437500
vt 0.76562500 0.01562500
vt 0.98437500 0.01562500
vt 0.98437500 0.48437500
vt 0.76562500 0.48437500
vt 0.76562500 0.01562500
vt 0.98437500 0.01562500
vt 0.98437500 0.48437500
vt 0.76562500 0.48437500
vt 0.01562500 0.51562500
vt 0.48437500 0.51562500
vt 0.48437500 0.98437500
vt 0.01562500 0.98437500
vt 0.01562500 0.51562500
vt 0.48437500 0.51562500
vt 0.48437500 0.98437500
vt 0.01562500 0.98437500
vt 0.01562500 0.51562500
vt 0.48437500 0.51562500
vt 0.48437500 0.98437500
vt 0.01562500 0.98437500
vt 0.01562500 0.51562500
vt 0.48437500 0.51562500
vt 0.48437500 0.98437500
vt 0.01562500 0.98437500
vt 0.01562500 0.51562500
vt 0.48437500 0.51562500
vt 0.48437500 0.98437500
vt 0.01562500 0.98437500
vt 0.01562500 0.51562500
vt 0.48437500 0.51562500
vt 0.48437500 0.98437500
vt 0.01562500 0.98437500
vt 0.01562500 0.51562500
vt 0.48437500 0.51562500
vt 0.48437500 0.98437500
vt 0.01562500 0.98437500
vt 0.01562500 0.51562500
vt 0.48437500 0.51562500
vt 0.48437500 0.98437500
vt 0.01562500 0.98437500
vt 0.51562500 0.51562500
vt 0.98437500 0.51562500
vt 0.98437500 0.98437500
vt 0.51562500 0.98437500
vt 0.51562500 0.51562500
vt 0.98437500 0.51562500
vt 0.98437500 0.98437500
vt 0.51562500 0.98437500
vt 0.51562500 0.51562500
vt 0.98437500 0.51562500
vt 0.98437500 0.98437500
vt 0.51562500 0.98437500
vt 0.51562500 0.51562500
vt 0.98437500 0.51562500
vt 0.98437500 0.98437500
vt 0.51562500 0.98437500
vt 0.01562500 0.51562500
vt 0.48437500 0.51562500
vt 0.48437500 0.98437500
vt 0.01562500 0.98437500
vt 0.01562500 0.51562500
vt 0.48437500 0.51562500
vt 0.48437500 0.98437500
vt 0.01562500 0.98437500
vt 0.01562500 0.51562500
vt 0.48437500 0.51562500
vt 0.48437500 0.98437500
vt 0.01562500 0.98437500
vt 0.01562500 0.51562500
vt 0.48437500 0.51562500
vt 0.48437500 0.98437500
vt 0.01562500 0.98437500
vt 0.51562500 0.01562500
vt 0.73437500 0.01562500
vt 0.73437500 0.48437500
vt 0.51562500 0.48437500
vt 0.51562500 0.01562500
vt 0.73437500 0.01562500
vt 0.73437500 0.48437500
vt 0.51562500 0.48437500
vt 0.51562500 0.01562500
vt 0.73437500 0.01562500
vt 0.73437500 0.48437500
vt 0.51562500 0.48437500
vt 0.51562500 0.01562500
vt 0.73437500 0.01562500
vt 0.73437500 0.48437500
vt 0.51562500 0.48437500
vt 0.51562500 0.01562500
vt 0.73437500 0.01562500
vt 0.73437500 0.48437500
vt 0.51562500 0.48437500
vt 0.51562500 0.01562500
vt 0.73437500 0.01562500
vt 0.73437500 0.48437500
vt 0.51562500 0.48437500
vt 0.51562500 0.01562500
vt 0.73437500 0.01562500
vt 0.73437500 0.48437500
vt 0.51562500 0.48437500
vt 0.51562500 0.01562500
vt 0.73437500 0.01562500
vt 0.73437500 0.48437500
vt 0.51562500 0.48437500
vt 0.51562500 0.01562500
vt 0.73437500 0.01562500
vt 0.73437500 0.48437500
vt 0.51562500 0.48437500
vt 0.76562500 0.01562500
vt 0.98437500 0.01562500
vt 0.98437500 0.48437500
vt 0.76562500 0.48437500
vt 0.76562500 0.01562500
vt 0.98437500 0.01562500
vt 0.98437500 0.48437500
vt 0.76562500 0.48437500
vt 0.76562500 0.01562500
vt 0.98437500 0.01562500
vt 0.98437500 0.48437500
vt 0.76562500 0.48437500
vt 0.76562500 0.01562500
vt 0.98437500 0.01562500
vt 0.98437500 0.48437500
vt 0.76562500 0.48437500
vt 0.76562500 0.01562500
vt 0.98437500 0.01562500
vt 0.98437500 0.48437500
vt 0.76562500 0.48437500
vt 0.76562500 0.01562500
vt 0.98437500 0.01562500
vt 0.98437500 0.48437500
vt 0.76562500 0.48437500
vt 0.01562500 0.51562500
vt 0.48437500 0.51562500
vt 0.48437500 0.98437500
vt 0.01562500 0.98437500
vt 0.01562500 0.51562500
vt 0.48437500 0.51562500
vt 0.48437500 0.98437500
vt 0.01562500 0.98437500
vt 0.01562500 0.51562500
vt 0.48437500 0.51562500
vt 0.48437500 0.98437500
vt 0.01562500 0.98437500
vt 0.01562500 0.51562500
vt 0.48437500 0.51562500
vt 0.48437500 0.98437500
vt 0.01562500 0.98437500
vt 0.01562500 0.51562500
vt 0.48437500 0.51562500
vt 0.48437500 0.98437500
vt 0.01562500 0.98437500
vt 0.01562500 0.51562500
vt 0.48437500 0.51562500
vt 0.48437500 0.98437500
vt 0.01562500 0.98437500
vt 0.01562500 0.51562500
vt 0.48437500 0.51562500
vt 0.48437500 0.98437500
vt 0.01562500 0.98437500
vt 0.01562500 0.51562500
vt 0.48437500 0.51562500
vt 0.48437500 0.98437500
vt 0.01562500 0.98437500
vt 0.51562500 0.51562500
vt 0.98437500 0.51562500
vt 0.98437500 0.98437500
vt 0.51562500 0.98437500
vt 0.51562500 0.51562500
vt 0.98437500 0.51562500
vt 0.98437500 0.98437500
vt 0.51562500 0.98437500
vt 0.51562500 0.51562500
vt 0.98437500 0.51562500
vt 0.98437500 0.98437500
vt 0.51562500 0.98437500
vt 0.51562500 0.51562500
vt 0.98437500 0.51562500
vt 0.98437500 0.98437500
vt 0.51562500 0.98437500
vt 0.01562500 0.51562500
vt 0.48437500 0.51562500
vt 0.48437500 0.98437500
vt 0.01562500 0.98437500
vt 0.01562500 0.51562500
vt 0.48437500 0.51562500
vt 0.48437500 0.98437500
vt 0.01562500 0.98437500
vt 0.01562500 0.51562500
vt 0.48437500 0.51562500
vt 0.48437500 0.98437500
vt 0.01562500 0.98437500
vt 0.01562500 0.51562500
vt 0.48437500 0.51562500
vt 0.48437500 0.98437500
vt 0.01562500 0.98437500
vt 0.51562500 0.01562500
vt 0.73437500 0.01562500
vt 0.73437500 0.48437500
vt 0.51562500 0.48437500
vt 0.51562500 0.01562500
vt 0.73437500 0.01562500
vt 0.73437500 0.48437500
vt 0.51562500 0.48437500
vt 0.51562500 0.01562500
vt 0.73437500 0.01562500
vt 0.73437500 0.48437500
vt 0.51562500 0.48437500
vt 0.51562500 0.01562500
vt 0.73437500 0.01562500
vt 0.73437500 0.48437500
vt 0.51562500 0.48437500
vt 0.51562500 0.01562500
vt 0.73437500 0.01562500
vt 0.73437500 0.48437500
vt 0.51562500 0.48437500
vt 0.51562500 0.01562500
vt 0.73437500 0.01562500
vt 0.73437500 0.48437500
vt 0.51562500 0.48437500
vt 0.51562500 0.01562500
vt 0.73437500 0.01562500
vt 0.73437500 0.48437500
vt 0.51562500 0.48437500
vt 0.51562500 0.01562500
vt 0.73437500 0.01562500
vt 0.73437500 0.48437500
vt 0.51562500 0.48437500
vt 0.51562500 0.01562500
vt 0.73437500 0.01562500
vt 0.73437500 0.48437500
vt 0.51562500 0.48437500
vt 0.76562500 0.01562500
vt 0.98437500 0.01562500
vt 0.98437500 0.48437500
vt 0.76562500 0.48437500
vt 0.76562500 0.01562500
vt 0.98437500 0.01562500
vt 0.98437500 0.48437500
vt 0.76562500 0.48437500
vt 0.76562500 0.01562500
vt 0.98437500 0.01562500
vt 0.98437500 0.48437500
vt 0.76562500 0.48437500
vt 0.76562500 0.01562500
vt 0.98437500 0.01562500
vt 0.98437500 0.48437500
vt 0.76562500 0.48437500
vt 0.76562500 0.01562500
vt 0.98437500 0.01562500
vt 0.98437500 0.48437500
vt 0.76562500 0.48437500
vt 0.76562500 0.01562500
vt 0.98437500 0.01562500
vt 0.98437500 0.48437500
vt 0.76562500 0.48437500
vt 0.01562500 0.01562500
vt 0.48437500 0.01562500
vt 0.48437500 0.48437500
vt 0.01562500 0.48437500
vt 0.01562500 0.01562500
vt 0.48437500 0.01562500
vt 0.48437500 0.48437500
vt 0.01562500 0.48437500
vt 0.01562500 0.01562500
vt 0.48437500 0.01562500
vt 0.48437500 0.48437500
vt 0.01562500 0.48437500
vt 0.01562500 0.01562500
vt 0.48437500 0.01562500
vt 0.48437500 0.48437500
vt 0.01562500 0.48437500
vt 0.01562500 0.01562500
vt 0.48437500 0.01562500
vt 0.48437500 0.48437500
vt 0.01562500 0.48437500
vt 0.01562500 0.01562500
vt 0.48437500 0.01562500
vt 0.48437500 0.48437500
vt 0.01562500 0.48437500
vt 0.01562500 0.01562500
vt 0.48437500 0.01562500
vt 0.48437500 0.48437500
vt 0.01562500 0.48437500
vt 0.01562500 0.01562500
vt 0.48437500 0.01562500
vt 0.48437500 0.48437500
vt 0.01562500 0.48437500
vt 0.01562500 0.01562500
vt 0.48437500 0.01562500
vt 0.48437500 0.48437500
vt 0.01562500 0.48437500
vt 0.01562500 0.01562500
vt 0.48437500 0.01562500
vt 0.48437500 0.48437500
vt 0.01562500 0.48437500
vt 0.01562500 0.01562500
vt 0.48437500 0.01562500
vt 0.48437500 0.48437500
vt 0.01562500 0.48437500
vt 0.01562500 0.01562500
vt 0.48437500 0.01562500
vt 0.48437500 0.48437500
vt 0.01562500 0.48437500
vt 0.01562500 0.01562500
vt 0.48437500 0.01562500
vt 0.48437500 0.48437500
vt 0.01562500 0.48437500
vt 0.01562500 0.01562500
vt 0.48437500 0.01562500
vt 0.48437500 0.48437500
vt 0.01562500 0.48437500
vt 0.01562500 0.01562500
vt 0.48437500 0.01562500
vt 0.48437500 0.48437500
vt 0.01562500 0.48437500
vt 0.01562500 0.01562500
vt 0.48437500 0.01562500
vt 0.48437500 0.48437500
vt 0.01562500 0.48437500
vt 0.01562500 0.01562500
vt 0.48437500 0.01562500
vt 0.48437500 0.48437500
vt 0.01562500 0.48437500
vt 0.01562500 0.01562500
vt 0.48437500 0.01562500
vt 0.48437500 0.48437500
vt 0.01562500 0.48437500
vt 0.01562500 0.01562500
vt 0.48437500 0.01562500
vt 0.48437500 0.48437500
vt 0.01562500 0.48437500
vt 0.01562500 0.01562500
vt 0.48437500 0.01562500
vt 0.48437500 0.48437500
vt 0.01562500 0.48437500
vt 0.01562500 0.01562500
vt 0.48437500 0.01562500
vt 0.48437500 0.48437500
vt 0.01562500 0.48437500
vt 0.01562500 0.01562500
vt 0.48437500 0.01562500
vt 0.48437500 0.48437500
vt 0.01562500 0.48437500
vt 0.01562500 0.01562500
vt 0.48437500 0.01562500
vt 0.48437500 0.48437500
vt 0.01562500 0.48437500
vt 0.01562500 0.01562500
vt 0.48437500 0.01562500
vt 0.48437500 0.48437500
vt 0.01562500 0.48437500
vt 0.01562500 0.01562500
vt 0.48437500 0.01562500
vt 0.48437500 0.48437500
vt 0.01562500 0.48437500
vt 0.01562500 0.01562500
vt 0.48437500 0.01562500
vt 0.48437500 0.48437500
vt 0.01562500 0.48437500
vt 0.01562500 0.01562500
vt 0.48437500 0.01562500
vt 0.48437500 0.48437500
vt 0.01562500 0.48437500
vt 0.01562500 0.01562500
vt 0.48437500 0.01562500
vt 0.48437500 0.48437500
vt 0.01562500 0.48437500
vt 0.01562500 0.01562500
vt 0.48437500 0.01562500
vt 0.48437500 0.48437500
vt 0.01562500 0.48437500
vt 0.01562500 0.01562500
vt 0.48437500 0.01562500
vt 0.48437500 0.48437500
vt 0.01562500 0.48437500
vt 0.01562500 0.01562500
vt 0.48437500 0.01562500
vt 0.48437500 0.48437500
vt 0.01562500 0.48437500
vt 0.01562500 0.01562500
vt 0.48437500 0.01562500
vt 0.48437500 0.48437500
vt 0.01562500 0.48437500
vt 0.01562500 0.01562500
vt 0.48437500 0.01562500
vt 0.48437500 0.48437500
vt 0.01562500 0.48437500
vt 0.01562500 0.01562500
vt 0.48437500 0.01562500
vt 0.48437500 0.48437500
vt 0.01562500 0.48437500
vt 0.01562500 0.01562500
vt 0.48437500 0.01562500
vt 0.48437500 0.48437500
vt 0.01562500 0.48437500
vt 0.01562500 0.01562500
vt 0.48437500 0.01562500
vt 0.48437500 0.48437500
vt 0.01562500 0.48437500
vt 0.01562500 0.01562500
vt 0.48437500 0.01562500
vt 0.48437500 0.48437500
vt 0.01562500 0.48437500
vt 0.01562500 0.01562500
vt 0.48437500 0.01562500
vt 0.48437500 0.48437500
vt 0.01562500 0.48437500
vt 0.01562500 0.01562500
vt 0.48437500 0.01562500
vt 0.48437500 0.48437500
vt 0.01562500 0.48437500
vt 0.01562500 0.01562500
vt 0.48437500 0.01562500
vt 0.48437500 0.48437500
vt 0.01562500 0.48437500
vt 0.01562500 0.01562500
vt 0.48437500 0.01562500
vt 0.48437500 0.48437500
vt 0.01562500 0.48437500
vt 0.01562500 0.01562500
vt 0.48437500 0.01562500
vt 0.48437500 0.48437500
vt 0.01562500 0.48437500
vt 0.01562500 0.01562500
vt 0.48437500 0.01562500
vt 0.48437500 0.48437500
vt 0.01562500 0.48437500
vt 0.01562500 0.01562500
vt 0.48437500 0.01562500
vt 0.48437500 0.48437500
vt 0.01562500 0.48437500
vt 0.01562500 0.01562500
vt 0.48437500 0.01562500
vt 0.48437500 0.48437500
vt 0.01562500 0.48437500
vt 0.01562500 0.01562500
vt 0.48437500 0.01562500
vt 0.48437500 0.48437500
vt 0.01562500 0.48437500
vt 0.01562500 0.01562500
vt 0.48437500 0.01562500
vt 0.48437500 0.48437500
vt 0.01562500 0.48437500
vt 0.01562500 0.01562500
vt 0.48437500 0.01562500
vt 0.48437500 0.48437500
vt 0.01562500 0.48437500
vt 0.01562500 0.01562500
vt 0.48437500 0.01562500
vt 0.48437500 0.48437500
vt 0.01562500 0.48437500
vt 0.01562500 0.01562500
vt 0.48437500 0.01562500
vt 0.48437500 0.48437500
vt 0.01562500 0.48437500
vt 0.01562500 0.01562500
vt 0.48437500 0.01562500
vt 0.48437500 0.48437500
vt 0.01562500 0.48437500
vt 0.01562500 0.01562500
vt 0.48437500 0.01562500
vt 0.48437500 0.48437500
vt 0.01562500 0.48437500
vt 0.01562500 0.01562500
vt 0.48437500 0.01562500
vt 0.48437500 0.48437500
vt 0.01562500 0.48437500
vt 0.01562500 0.01562500
vt 0.48437500 0.01562500
vt 0.48437500 0.48437500
vt 0.01562500 0.48437500
vt 0.01562500 0.01562500
vt 0.48437500 0.01562500
vt 0.48437500 0.48437500
vt 0.01562500 0.48437500
vt 0.01562500 0.01562500
vt 0.48437500 0.01562500
vt 0.48437500 0.48437500
vt 0.01562500 0.48437500
vt 0.01562500 0.01562500
vt 0.48437500 0.01562500
vt 0.48437500 0.48437500
vt 0.01562500 0.48437500
vt 0.01562500 0.01562500
vt 0.48437500 0.01562500
vt 0.48437500 0.48437500
vt 0.01562500 0.48437500
vt 0.01562500 0.01562500
vt 0.48437500 0.01562500
vt 0.48437500 0.48437500
vt 0.01562500 0.48437500
vt 0.01562500 0.01562500
vt 0.48437500 0.01562500
vt 0.48437500 0.48437500
vt 0.01562500 0.48437500
vt 0.01562500 0.01562500
vt 0.48437500 0.01562500
vt 0.48437500 0.48437500
vt 0.01562500 0.48437500
vt 0.01562500 0.01562500
vt 0.48437500 0.01562500
vt 0.48437500 0.48437500
vt 0.01562500 0.48437500
vt 0.51562500 0.01562500
vt 0.73437500 0.01562500
vt 0.73437500 0.48437500
vt 0.51562500 0.48437500
vt 0.51562500 0.01562500
vt 0.73437500 0.01562500
vt 0.73437500 0.48437500
vt 0.51562500 0.48437500
vt 0.51562500 0.01562500
vt 0.73437500 0.01562500
vt 0.73437500 0.48437500
vt 0.51562500 0.48437500
vt 0.51562500 0.01562500
vt 0.73437500 0.01562500
vt 0.73437500 0.48437500
vt 0.51562500 0.48437500
vt 0.51562500 0.01562500
vt 0.73437500 0.01562500
vt 0.73437500 0.48437500
vt 0.51562500 0.48437500
vt 0.51562500 0.01562500
vt 0.73437500 0.01562500
vt 0.73437500 0.48437500
vt 0.51562500 0.48437500
vt 0.01562500 0.01562500
vt 0.48437500 0.01562500
vt 0.48437500 0.48437500
vt 0.01562500 0.48437500
vt 0.01562500 0.01562500
vt 0.48437500 0.01562500
vt 0.48437500 0.48437500
vt 0.01562500 0.48437500
vt 0.01562500 0.01562500
vt 0.48437500 0.01562500
vt 0.48437500 0.48437500
vt 0.01562500 0.48437500
vt 0.01562500 0.01562500
vt 0.48437500 0.01562500
vt 0.48437500 0.48437500
vt 0.01562500 0.48437500
vt 0.01562500 0.01562500
vt 0.48437500 0.01562500
vt 0.48437500 0.48437500
vt 0.01562500 0.48437500
vt 0.01562500 0.01562500
vt 0.48437500 0.01562500
vt 0.48437500 0.48437500
vt 0.01562500 0.48437500
vt 0.51562500 0.01562500
vt 0.73437500 0.01562500
vt 0.73437500 0.48437500
vt 0.51562500 0.48437500
vt 0.51562500 0.01562500
vt 0.73437500 0.01562500
vt 0.73437500 0.48437500
vt 0.51562500 0.48437500
vt 0.51562500 0.01562500
vt 0.73437500 0.01562500
vt 0.73437500 0.48437500
vt 0.51562500 0.48437500
vt 0.51562500 0.01562500
vt 0.73437500 0.01562500
vt 0.73437500 0.48437500
vt 0.51562500 0.48437500
vt 0.51562500 0.01562500
vt 0.73437500 0.01562500
vt 0.73437500 0.48437500
vt 0.51562500 0.48437500
vt 0.51562500 0.01562500
vt 0.73437500 0.01562500
vt 0.73437500 0.48437500
vt 0.51562500 0.48437500
vt 0.01562500 0.01562500
vt 0.48437500 0.01562500
vt 0.48437500 0.48437500
vt 0.01562500 0.48437500
vt 0.01562500 0.01562500
vt 0.48437500 0.01562500
vt 0.48437500 0.48437500
vt 0.01562500 0.48437500
vt 0.01562500 0.01562500
vt 0.48437500 0.01562500
vt 0.48437500 0.48437500
vt 0.01562500 0.48437500
vt 0.01562500 0.01562500
vt 0.48437500 0.01562500
vt 0.48437500 0.48437500
vt 0.01562500 0.48437500
vt 0.01562500 0.01562500
vt 0.48437500 0.01562500
vt 0.48437500 0.48437500
vt 0.01562500 0.48437500
vt 0.01562500 0.01562500
vt 0.48437500 0.01562500
vt 0.48437500 0.48437500
vt 0.01562500 0.48437500
vt 0.51562500 0.01562500
vt 0.73437500 0.01562500
vt 0.73437500 0.48437500
vt 0.51562500 0.48437500
vt 0.51562500 0.01562500
vt 0.73437500 0.01562500
vt 0.73437500 0.48437500
vt 0.51562500 0.48437500
vt 0.51562500 0.01562500
vt 0.73437500 0.01562500
vt 0.73437500 0.48437500
vt 0.51562500 0.48437500
vt 0.51562500 0.01562500
vt 0.73437500 0.01562500
vt 0.73437500 0.48437500
vt 0.51562500 0.48437500
vt 0.51562500 0.01562500
vt 0.73437500 0.01562500
vt 0.73437500 0.48437500
vt 0.51562500 0.48437500
vt 0.51562500 0.01562500
vt 0.73437500 0.01562500
vt 0.73437500 0.48437500
vt 0.51562500 0.48437500
vt 0.01562500 0.01562500
vt 0.48437500 0.01562500
vt 0.48437500 0.48437500
vt 0.01562500 0.48437500
vt 0.01562500 0.01562500
vt 0.48437500 0.01562500
vt 0.48437500 0.48437500
vt 0.01562500 0.48437500
vt 0.01562500 0.01562500
vt 0.48437500 0.01562500
vt 0.48437500 0.48437500
vt 0.01562500 0.48437500
vt 0.01562500 0.01562500
vt 0.48437500 0.01562500
vt 0.48437500 0.48437500
vt 0.01562500 0.48437500
vt 0.01562500 0.01562500
vt 0.48437500 0.01562500
vt 0.48437500 0.48437500
vt 0.01562500 0.48437500
vt 0.01562500 0.01562500
vt 0.48437500 0.01562500
vt 0.48437500 0.48437500
vt 0.01562500 0.48437500
vt 0.51562500 0.01562500
vt 0.73437500 0.01562500
vt 0.73437500 0.48437500
vt 0.51562500 0.48437500
vt 0.51562500 0.01562500
vt 0.73437500 0.01562500
vt 0.73437500 0.48437500
vt 0.51562500 0.48437500
vt 0.51562500 0.01562500
vt 0.73437500 0.01562500
vt 0.73437500 0.48437500
vt 0.51562500 0.48437500
vt 0.51562500 0.01562500
vt 0.73437500 0.01562500
vt 0.73437500 0.48437500
vt 0.51562500 0.48437500
vt 0.51562500 0.01562500
vt 0.73437500 0.01562500
vt 0.73437500 0.48437500
vt 0.51562500 0.48437500
vt 0.51562500 0.01562500
vt 0.73437500 0.01562500
vt 0.73437500 0.48437500
vt 0.51562500 0.48437500
vt 0.01562500 0.01562500
vt 0.48437500 0.01562500
vt 0.48437500 0.48437500
vt 0.01562500 0.48437500
vt 0.01562500 0.01562500
vt 0.48437500 0.01562500
vt 0.48437500 0.48437500
vt 0.01562500 0.48437500
vt 0.01562500 0.01562500
vt 0.48437500 0.01562500
vt 0.48437500 0.48437500
vt 0.01562500 0.48437500
vt 0.01562500 0.01562500
vt 0.48437500 0.01562500
vt 0.48437500 0.48437500
vt 0.01562500 0.48437500
vt 0.01562500 0.01562500
vt 0.48437500 0.01562500
vt 0.48437500 0.48437500
vt 0.01562500 0.48437500
vt 0.01562500 0.01562500
vt 0.48437500 0.01562500
vt 0.48437500 0.48437500
vt 0.01562500 0.48437500
vt 0.51562500 0.01562500
vt 0.73437500 0.01562500
vt 0.73437500 0.48437500
vt 0.51562500 0.48437500
vt 0.51562500 0.01562500
vt 0.73437500 0.01562500
vt 0.73437500 0.48437500
vt 0.51562500 0.48437500
vt 0.51562500 0.01562500
vt 0.73437500 0.01562500
vt 0.73437500 0.48437500
vt 0.51562500 0.48437500
vt 0.51562500 0.01562500
vt 0.73437500 0.01562500
vt 0.73437500 0.48437500
vt 0.51562500 0.48437500
vt 0.51562500 0.01562500
vt 0.73437500 0.01562500
vt 0.73437500 0.48437500
vt 0.51562500 0.48437500
vt 0.51562500 0.01562500
vt 0.73437500 0.01562500
vt 0.73437500 0.48437500
vt 0.51562500 0.48437500
vt 0.01562500 0.01562500
vt 0.48437500 0.01562500
vt 0.48437500 0.48437500
vt 0.01562500 0.48437500
vt 0.01562500 0.01562500
vt 0.48437500 0.01562500
vt 0.48437500 0.48437500
vt 0.01562500 0.48437500
vt 0.01562500 0.01562500
vt 0.48437500 0.01562500
vt 0.48437500 0.48437500
vt 0.01562500 0.48437500
vt 0.01562500 0.01562500
vt 0.48437500 0.01562500
vt 0.48437500 0.48437500
vt 0.01562500 0.48437500
vt 0.01562500 0.01562500
vt 0.48437500 0.01562500
vt 0.48437500 0.48437500
vt 0.01562500 0.48437500
vt 0.01562500 0.01562500
vt 0.48437500 0.01562500
vt 0.48437500 0.48437500
vt 0.01562500 0.48437500
vt 0.51562500 0.01562500
vt 0.73437500 0.01562500
vt 0.73437500 0.48437500
vt 0.51562500 0.48437500
vt 0.51562500 0.01562500
vt 0.73437500 0.01562500
vt 0.73437500 0.48437500
vt 0.51562500 0.48437500
vt 0.51562500 0.01562500
vt 0.73437500 0.01562500
vt 0.73437500 0.48437500
vt 0.51562500 0.48437500
vt 0.51562500 0.01562500
vt 0.73437500 0.01562500
vt 0.73437500 0.48437500
vt 0.51562500 0.48437500
vt 0.51562500 0.01562500
vt 0.73437500 0.01562500
vt 0.73437500 0.48437500
vt 0.51562500 0.48437500
vt 0.51562500 0.01562500
vt 0.73437500 0.01562500
vt 0.73437500 0.48437500
vt 0.51562500 0.48437500
vt 0.01562500 0.01562500
vt 0.48437500 0.01562500
vt 0.48437500 0.48437500
vt 0.01562500 0.48437500
vt 0.01562500 0.01562500
vt 0.48437500 0.01562500
vt 0.48437500 0.48437500
vt 0.01562500 0.48437500
vt 0.01562500 0.01562500
vt 0.48437500 0.01562500
vt 0.48437500 0.48437500
vt 0.01562500 0.48437500
vt 0.01562500 0.01562500
vt 0.48437500 0.01562500
vt 0.48437500 0.48437500
vt 0.01562500 0.48437500
vt 0.01562500 0.01562500
vt 0.48437500 0.01562500
vt 0.48437500 0.48437500
vt 0.01562500 0.48437500
vt 0.01562500 0.01562500
vt 0.48437500 0.01562500
vt 0.48437500 0.48437500
vt 0.01562500 0.48437500
vt 0.51562500 0.01562500
vt 0.73437500 0.01562500
vt 0.73437500 0.48437500
vt 0.51562500 0.48437500
vt 0.51562500 0.01562500
vt 0.73437500 0.01562500
vt 0.73437500 0.48437500
vt 0.51562500 0.48437500
vt 0.51562500 0.01562500
vt 0.73437500 0.01562500
vt 0.73437500 0.48437500
vt 0.51562500 0.48437500
vt 0.51562500 0.01562500
vt 0.73437500 0.01562500
vt 0.73437500 0.48437500
vt 0.51562500 0.48437500
vt 0.51562500 0.01562500
vt 0.73437500 0.01562500
vt 0.73437500 0.48437500
vt 0.51562500 0.48437500
vt 0.51562500 0.01562500
vt 0.73437500 0.01562500
vt 0.73437500 0.48437500
vt 0.51562500 0.48437500
vt 0.01562500 0.01562500
vt 0.48437500 0.01562500
vt 0.48437500 0.48437500
vt 0.01562500 0.48437500
vt 0.01562500 0.01562500
vt 0.48437500 0.01562500
vt 0.48437500 0.48437500
vt 0.01562500 0.48437500
vt 0.01562500 0.01562500
vt 0.48437500 0.01562500
vt 0.48437500 0.48437500
vt 0.01562500 0.48437500
vt 0.01562500 0.01562500
vt 0.48437500 0.01562500
vt 0.48437500 0.48437500
vt 0.01562500 0.48437500
vt 0.01562500 0.01562500
vt 0.48437500 0.01562500
vt 0.48437500 0.48437500
vt 0.01562500 0.48437500
vt 0.01562500 0.01562500
vt 0.48437500 0.01562500
vt 0.48437500 0.48437500
vt 0.01562500 0.48437500
vt 0.51562500 0.01562500
vt 0.73437500 0.01562500
vt 0.73437500 0.48437500
vt 0.51562500 0.48437500
vt 0.51562500 0.01562500
vt 0.73437500 0.01562500
vt 0.73437500 0.48437500
vt 0.51562500 0.48437500
vt 0.51562500 0.01562500
vt 0.73437500 0.01562500
vt 0.73437500 0.48437500
vt 0.51562500 0.48437500
vt 0.51562500 0.01562500
vt 0.73437500 0.01562500
vt 0.73437500 0.48437500
vt 0.51562500 0.48437500
vt 0.51562500 0.01562500
vt 0.73437500 0.01562500
vt 0.73437500 0.48437500
vt 0.51562500 0.48437500
vt 0.51562500 0.01562500
vt 0.73437500 0.01562500
vt 0.73437500 0.48437500
vt 0.51562500 0.48437500
vt 0.01562500 0.01562500
vt 0.48437500 0.01562500
vt 0.48437500 0.48437500
vt 0.01562500 0.48437500
vt 0.01562500 0.01562500
vt 0.48437500 0.01562500
vt 0.48437500 0.48437500
vt 0.01562500 0.48437500
vt 0.01562500 0.01562500
vt 0.48437500 0.01562500
vt 0.48437500 0.48437500
vt 0.01562500 0.48437500
vt 0.01562500 0.01562500
vt 0.48437500 0.01562500
vt 0.48437500 0.48437500
vt 0.01562500 0.48437500
vt 0.01562500 0.01562500
vt 0.48437500 0.01562500
vt 0.48437500 0.48437500
vt 0.01562500 0.48437500
vt 0.01562500 0.01562500
vt 0.48437500 0.01562500
vt 0.48437500 0.48437500
vt 0.01562500 0.48437500
vt 0.51562500 0.01562500
vt 0.73437500 0.01562500
vt 0.73437500 0.48437500
vt 0.51562500 0.48437500
vt 0.51562500 0.01562500
vt 0.73437500 0.01562500
vt 0.73437500 0.48437500
vt 0.51562500 0.48437500
vt 0.51562500 0.01562500
vt 0.73437500 0.01562500
vt 0.73437500 0.48437500
vt 0.51562500 0.48437500
vt 0.51562500 0.01562500
vt 0.73437500 0.01562500
vt 0.73437500 0.48437500
vt 0.51562500 0.48437500
vt 0.51562500 0.01562500
vt 0.73437500 0.01562500
vt 0.73437500 0.48437500
vt 0.51562500 0.48437500
vt 0.51562500 0.01562500
vt 0.73437500 0.01562500
vt 0.73437500 0.48437500
vt 0.51562500 0.48437500
vt 0.01562500 0.01562500
vt 0.48437500 0.01562500
vt 0.48437500 0.48437500
vt 0.01562500 0.48437500
vt 0.01562500 0.01562500
vt 0.48437500 0.01562500
vt 0.48437500 0.48437500
vt 0.01562500 0.48437500
vt 0.01562500 0.01562500
vt 0.48437500 0.01562500
vt 0.48437500 0.48437500
vt 0.01562500 0.48437500
vt 0.01562500 0.01562500
vt 0.48437500 0.01562500
vt 0.48437500 0.48437500
vt 0.01562500 0.48437500
vt 0.01562500 0.01562500
vt 0.48437500 0.01562500
vt 0.48437500 0.48437500
vt 0.01562500 0.48437500
vt 0.01562500 0.01562500
vt 0.48437500 0.01562500
vt 0.48437500 0.48437500
vt 0.01562500 0.48437500
vt 0.51562500 0.01562500
vt 0.73437500 0.01562500
vt 0.73437500 0.48437500
vt 0.51562500 0.48437500
vt 0.51562500 0.01562500
vt 0.73437500 0.01562500
vt 0.73437500 0.48437500
vt 0.51562500 0.48437500
vt 0.51562500 0.01562500
vt 0.73437500 0.01562500
vt 0.73437500 0.48437500
vt 0.51562500 0.48437500
vt 0.51562500 0.01562500
vt 0.73437500 0.01562500
vt 0.73437500 0.48437500
vt 0.51562500 0.48437500
vt 0.51562500 0.01562500
vt 0.73437500 0.01562500
vt 0.73437500 0.48437500
vt 0.51562500 0.48437500
vt 0.51562500 0.01562500
vt 0.73437500 0.01562500
vt 0.73437500 0.48437500
vt 0.51562500 0.48437500
vt 0.01562500 0.01562500
vt 0.48437500 0.01562500
vt 0.48437500 0.48437500
vt 0.01562500 0.48437500
vt 0.01562500 0.01562500
vt 0.48437500 0.01562500
vt 0.48437500 0.48437500
vt 0.01562500 0.48437500
vt 0.01562500 0.01562500
vt 0.48437500 0.01562500
vt 0.48437500 0.48437500
vt 0.01562500 0.48437500
vt 0.01562500 0.01562500
vt 0.48437500 0.01562500
vt 0.48437500 0.48437500
vt 0.01562500 0.48437500
vt 0.01562500 0.01562500
vt 0.48437500 0.01562500
vt 0.48437500 0.48437500
vt 0.01562500 0.48437500
vt 0.01562500 0.01562500
vt 0.48437500 0.01562500
vt 0.48437500 0.48437500
vt 0.01562500 0.48437500
vt 0.51562500 0.01562500
vt 0.73437500 0.01562500
vt 0.73437500 0.48437500
vt 0.51562500 0.48437500
vt 0.51562500 0.01562500
vt 0.73437500 0.01562500
vt 0.73437500 0.48437500
vt 0.51562500 0.48437500
vt 0.51562500 0.01562500
vt 0.73437500 0.01562500
vt 0.73437500 0.48437500
vt 0.51562500 0.48437500
vt 0.51562500 0.01562500
vt 0.73437500 0.01562500
vt 0.73437500 0.48437500
vt 0.51562500 0.48437500
vt 0.51562500 0.01562500
vt 0.73437500 0.01562500
vt 0.73437500 0.48437500
vt 0.51562500 0.48437500
vt 0.51562500 0.01562500
vt 0.73437500 0.01562500
vt 0.73437500 0.48437500
vt 0.51562500 0.48437500
vt 0.01562500 0.01562500
vt 0.48437500 0.01562500
vt 0.48437500 0.48437500
vt 0.01562500 0.48437500
vt 0.01562500 0.01562500
vt 0.48437500 0.01562500
vt 0.48437500 0.48437500
vt 0.01562500 0.48437500
vt 0.01562500 0.01562500
vt 0.48437500 0.01562500
vt 0.48437500 0.48437500
vt 0.01562500 0.48437500
vt 0.01562500 0.01562500
vt 0.48437500 0.01562500
vt 0.48437500 0.48437500
vt 0.01562500 0.48437500
vt 0.01562500 0.01562500
vt 0.48437500 0.01562500
vt 0.48437500 0.48437500
vt 0.01562500 0.48437500
vt 0.01562500 0.01562500
vt 0.48437500 0.01562500
vt 0.48437500 0.48437500
vt 0.01562500 0.48437500
vt 0.51562500 0.01562500
vt 0.73437500 0.01562500
vt 0.73437500 0.48437500
vt 0.51562500 0.48437500
vt 0.51562500 0.01562500
vt 0.73437500 0.01562500
vt 0.73437500 0.48437500
vt 0.51562500 0.48437500
vt 0.51562500 0.01562500
vt 0.73437500 0.01562500
vt 0.73437500 0.48437500
vt 0.51562500 0.48437500
vt 0.51562500 0.01562500
vt 0.73437500 0.01562500
vt 0.73437500 0.48437500
vt 0.51562500 0.48437500
vt 0.51562500 0.01562500
vt 0.73437500 0.01562500
vt 0.73437500 0.48437500
vt 0.51562500 0.48437500
vt 0.51562500 0.01562500
vt 0.73437500 0.01562500
vt 0.73437500 0.48437500
vt 0.51562500 0.48437500
vt 0.01562500 0.01562500
vt 0.48437500 0.01562500
vt 0.48437500 0.48437500
vt 0.01562500 0.48437500
vt 0.01562500 0.01562500
vt 0.48437500 0.01562500
vt 0.48437500 0.48437500
vt 0.01562500 0.48437500
vt 0.01562500 0.01562500
vt 0.48437500 0.01562500
vt 0.48437500 0.48437500
vt 0.01562500 0.48437500
vt 0.01562500 0.01562500
vt 0.48437500 0.01562500
vt 0.48437500 0.48437500
vt 0.01562500 0.48437500
vt 0.01562500 0.01562500
vt 0.48437500 0.01562500
vt 0.48437500 0.48437500
vt 0.01562500 0.48437500
vt 0.01562500 0.01562500
vt 0.48437500 0.01562500
vt 0.48437500 0.48437500
vt 0.01562500 0.48437500
vt 0.51562500 0.01562500
vt 0.73437500 0.01562500
vt 0.73437500 0.48437500
vt 0.51562500 0.48437500
vt 0.51562500 0.01562500
vt 0.73437500 0.01562500
vt 0.73437500 0.48437500
vt 0.51562500 0.48437500
vt 0.51562500 0.01562500
vt 0.73437500 0.01562500
vt 0.73437500 0.48437500
vt 0.51562500 0.48437500
vt 0.51562500 0.01562500
vt 0.73437500 0.01562500
vt 0.73437500 0.48437500
vt 0.51562500 0.48437500
vt 0.51562500 0.01562500
vt 0.73437500 0.01562500
vt 0.73437500 0.48437500
vt 0.51562500 0.48437500
vt 0.51562500 0.01562500
vt 0.73437500 0.01562500
vt 0.73437500 0.48437500
vt 0.51562500 0.48437500
vt 0.01562500 0.01562500
vt 0.48437500 0.01562500
vt 0.48437500 0.48437500
vt 0.01562500 0.48437500
vt 0.01562500 0.01562500
vt 0.48437500 0.01562500
vt 0.48437500 0.48437500
vt 0.01562500 0.48437500
vt 0.01562500 0.01562500
vt 0.48437500 0.01562500
vt 0.48437500 0.48437500
vt 0.01562500 0.48437500
vt 0.01562500 0.01562500
vt 0.48437500 0.01562500
vt 0.48437500 0.48437500
vt 0.01562500 0.48437500
vt 0.01562500 0.01562500
vt 0.48437500 0.01562500
vt 0.48437500 0.48437500
vt 0.01562500 0.48437500
vt 0.01562500 0.01562500
vt 0.48437500 0.01562500
vt 0.48437500 0.48437500
vt 0.01562500 0.48437500
vt 0.51562500 0.01562500
vt 0.73437500 0.01562500
vt 0.73437500 0.48437500
vt 0.51562500 0.48437500
vt 0.51562500 0.01562500
vt 0.73437500 0.01562500
vt 0.73437500 0.48437500
vt 0.51562500 0.48437500
vt 0.51562500 0.01562500
vt 0.73437500 0.01562500
vt 0.73437500 0.48437500
vt 0.51562500 0.48437500
vt 0.51562500 0.01562500
vt 0.73437500 0.01562500
vt 0.73437500 0.48437500
vt 0.51562500 0.48437500
vt 0.51562500 0.01562500
vt 0.73437500 0.01562500
vt 0.73437500 0.48437500
vt 0.51562500 0.48437500
vt 0.51562500 0.01562500
vt 0.73437500 0.01562500
vt 0.73437500 0.48437500
vt 0.51562500 0.48437500
vt 0.01562500 0.01562500
vt 0.48437500 0.01562500
vt 0.48437500 0.48437500
vt 0.01562500 0.48437500
vt 0.01562500 0.01562500
vt 0.48437500 0.01562500
vt 0.48437500 0.48437500
vt 0.01562500 0.48437500
vt 0.01562500 0.01562500
vt 0.48437500 0.01562500
vt 0.48437500 0.48437500
vt 0.01562500 0.48437500
vt 0.01562500 0.01562500
vt 0.48437500 0.01562500
vt 0.48437500 0.48437500
vt 0.01562500 0.48437500
vt 0.01562500 0.01562500
vt 0.48437500 0.01562500
vt 0.48437500 0.48437500
vt 0.01562500 0.48437500
vt 0.01562500 0.01562500
vt 0.48437500 0.01562500
vt 0.48437500 0.48437500
vt 0.01562500 0.48437500
vt 0.51562500 0.01562500
vt 0.73437500 0.01562500
vt 0.73437500 0.48437500
vt 0.51562500 0.48437500
vt 0.51562500 0.01562500
vt 0.73437500 0.01562500
vt 0.73437500 0.48437500
vt 0.51562500 0.48437500
vt 0.51562500 0.01562500
vt 0.73437500 0.01562500
vt 0.73437500 0.48437500
vt 0.51562500 0.48437500
vt 0.51562500 0.01562500
vt 0.73437500 0.01562500
vt 0.73437500 0.48437500
vt 0.51562500 0.48437500
vt 0.51562500 0.01562500
vt 0.73437500 0.01562500
vt 0.73437500 0.48437500
vt 0.51562500 0.48437500
vt 0.51562500 0.01562500
vt 0.73437500 0.01562500
vt 0.73437500 0.48437500
vt 0.51562500 0.48437500
vt 0.01562500 0.51562500
vt 0.48437500 0.51562500
vt 0.48437500 0.98437500
vt 0.01562500 0.98437500
vt 0.01562500 0.51562500
vt 0.48437500 0.51562500
vt 0.48437500 0.98437500
vt 0.01562500 0.98437500
vt 0.01562500 0.51562500
vt 0.48437500 0.51562500
vt 0.48437500 0.98437500
vt 0.01562500 0.98437500
vt 0.01562500 0.51562500
vt 0.48437500 0.51562500
vt 0.48437500 0.98437500
vt 0.01562500 0.98437500
vt 0.01562500 0.51562500
vt 0.48437500 0.51562500
vt 0.48437500 0.98437500
vt 0.01562500 0.98437500
vt 0.01562500 0.51562500
vt 0.48437500 0.51562500
vt 0.48437500 0.98437500
vt 0.01562500 0.98437500
vt 0.01562500 0.51562500
vt 0.48437500 0.51562500
vt 0.48437500 0.98437500
vt 0.01562500 0.98437500
vt 0.01562500 0.51562500
vt 0.48437500 0.51562500
vt 0.48437500 0.98437500
vt 0.01562500 0.98437500
vt 0.01562500 0.51562500
vt 0.48437500 0.51562500
vt 0.48437500 0.98437500
vt 0.01562500 0.98437500
vt 0.01562500 0.51562500
vt 0.48437500 0.51562500
vt 0.48437500 0.98437500
vt 0.01562500 0.98437500
vt 0.01562500 0.51562500
vt 0.48437500 0.51562500
vt 0.48437500 0.98437500
vt 0.01562500 0.98437500
vt 0.01562500 0.51562500
vt 0.48437500 0.51562500
vt 0.48437500 0.98437500
vt 0.01562500 0.98437500
vt 0.01562500 0.51562500
vt 0.48437500 0.51562500
vt 0.48437500 0.98437500
vt 0.01562500 0.98437500
vt 0.01562500 0.51562500
vt 0.48437500 0.51562500
vt 0.48437500 0.98437500
vt 0.01562500 0.98437500
vt 0.01562500 0.51562500
vt 0.48437500 0.51562500
vt 0.48437500 0.98437500
vt 0.01562500 0.98437500
vt 0.01562500 0.51562500
vt 0.48437500 0.51562500
vt 0.48437500 0.98437500
vt 0.01562500 0.98437500
vt 0.01562500 0.51562500
vt 0.48437500 0.51562500
vt 0.48437500 0.98437500
vt 0.01562500 0.98437500
vt 0.01562500 0.51562500
vt 0.48437500 0.51562500
vt 0.48437500 0.98437500
vt 0.01562500 0.98437500
vt 0.01562500 0.51562500
vt 0.48437500 0.51562500
vt 0.48437500 0.98437500
vt 0.01562500 0.98437500
vt 0.01562500 0.51562500
vt 0.48437500 0.51562500
vt 0.48437500 0.98437500
vt 0.01562500 0.98437500
vt 0.01562500 0.51562500
vt 0.48437500 0.51562500
vt 0.48437500 0.98437500
vt 0.01562500 0.98437500
vt 0.01562500 0.51562500
vt 0.48437500 0.51562500
vt 0.48437500 0.98437500
vt 0.01562500 0.98437500
vt 0.01562500 0.51562500
vt 0.48437500 0.51562500
vt 0.48437500 0.98437500
vt 0.01562500 0.98437500
vt 0.01562500 0.51562500
vt 0.48437500 0.51562500
vt 0.48437500 0.98437500
vt 0.01562500 0.98437500
vt 0.01562500 0.51562500
vt 0.48437500 0.51562500
vt 0.48437500 0.98437500
vt 0.01562500 0.98437500
vt 0.01562500 0.51562500
vt 0.48437500 0.51562500
vt 0.48437500 0.98437500
vt 0.01562500 0.98437500
vt 0.51562500 0.51562500
vt 0.98437500 0.51562500
vt 0.98437500 0.98437500
vt 0.51562500 0.98437500
vt 0.51562500 0.51562500
vt 0.98437500 0.51562500
vt 0.98437500 0.98437500
vt 0.51562500 0.98437500
vt 0.51562500 0.51562500
vt 0.98437500 0.51562500
vt 0.98437500 0.98437500
vt 0.51562500 0.98437500
vt 0.51562500 0.51562500
vt 0.98437500 0.51562500
vt 0.98437500 0.98437500
vt 0.51562500 0.98437500
vt 0.01562500 0.51562500
vt 0.48437500 0.51562500
vt 0.48437500 0.98437500
vt 0.01562500 0.98437500
vt 0.01562500 0.51562500
vt 0.48437500 0.51562500
vt 0.48437500 0.98437500
vt 0.01562500 0.98437500
vt 0.01562500 0.51562500
vt 0.48437500 0.51562500
vt 0.48437500 0.98437500
vt 0.01562500 0.98437500
vt 0.01562500 0.51562500
vt 0.48437500 0.51562500
vt 0.48437500 0.98437500
vt 0.01562500 0.98437500
vt 0.51562500 0.01562500
vt 0.73437500 0.01562500
vt 0.73437500 0.48437500
vt 0.51562500 0.48437500
vt 0.51562500 0.01562500
vt 0.73437500 0.01562500
vt 0.73437500 0.48437500
vt 0.51562500 0.48437500
vt 0.51562500 0.01562500
vt 0.73437500 0.01562500
vt 0.73437500 0.48437500
vt 0.51562500 0.48437500
vt 0.51562500 0.01562500
vt 0.73437500 0.01562500
vt 0.73437500 0.48437500
vt 0.51562500 0.48437500
vt 0.51562500 0.01562500
vt 0.73437500 0.01562500
vt 0.73437500 0.48437500
vt 0.51562500 0.48437500
vt 0.51562500 0.01562500
vt 0.73437500 0.01562500
vt 0.73437500 0.48437500
vt 0.51562500 0.48437500
vt 0.51562500 0.01562500
vt 0.73437500 0.01562500
vt 0.73437500 0.48437500
vt 0.51562500 0.48437500
vt 0.51562500 0.01562500
vt 0.73437500 0.01562500
vt 0.73437500 0.48437500
vt 0.51562500 0.48437500
vt 0.51562500 0.01562500
vt 0.73437500 0.01562500
vt 0.73437500 0.48437500
vt 0.51562500 0.48437500
vt 0.76562500 0.01562500
vt 0.98437500 0.01562500
vt 0.98437500 0.48437500
vt 0.76562500 0.48437500
vt 0.76562500 0.01562500
vt 0.98437500 0.01562500
vt 0.98437500 0.48437500
vt 0.76562500 0.48437500
vt 0.76562500 0.01562500
vt 0.98437500 0.01562500
vt 0.98437500 0.48437500
vt 0.76562500 0.48437500
vt 0.76562500 0.01562500
vt 0.98437500 0.01562500
vt 0.98437500 0.48437500
vt 0.76562500 0.48437500
vt 0.76562500 0.01562500
vt 0.98437500 0.01562500
vt 0.98437500 0.48437500
vt 0.76562500 0.48437500
vt 0.76562500 0.01562500
vt 0.98437500 0.01562500
vt 0.98437500 0.48437500
vt 0.76562500 0.48437500
vt 0.01562500 0.51562500
vt 0.48437500 0.51562500
vt 0.48437500 0.98437500
vt 0.01562500 0.98437500
vt 0.01562500 0.51562500
vt 0.48437500 0.51562500
vt 0.48437500 0.98437500
vt 0.01562500 0.98437500
vt 0.01562500 0.51562500
vt 0.48437500 0.51562500
vt 0.48437500 0.98437500
vt 0.01562500 0.98437500
vt 0.01562500 0.51562500
vt 0.48437500 0.51562500
vt 0.48437500 0.98437500
vt 0.01562500 0.98437500
vt 0.01562500 0.51562500
vt 0.48437500 0.51562500
vt 0.48437500 0.98437500
vt 0.01562500 0.98437500
vt 0.01562500 0.51562500
vt 0.48437500 0.51562500
vt 0.48437500 0.98437500
vt 0.01562500 0.98437500
vt 0.01562500 0.51562500
vt 0.48437500 0.51562500
vt 0.48437500 0.98437500
vt 0.01562500 0.98437500
vt 0.01562500 0.51562500
vt 0.48437500 0.51562500
vt 0.48437500 0.98437500
vt 0.01562500 0.98437500
vt 0.01562500 0.51562500
vt 0.48437500 0.51562500
vt 0.48437500 0.98437500
vt 0.01562500 0.98437500
vt 0.01562500 0.51562500
vt 0.48437500 0.51562500
vt 0.48437500 0.98437500
vt 0.01562500 0.98437500
vt 0.01562500 0.51562500
vt 0.48437500 0.51562500
vt 0.48437500 0.98437500
vt 0.01562500 0.98437500
vt 0.01562500 0.51562500
vt 0.48437500 0.51562500
vt 0.48437500 0.98437500
vt 0.01562500 0.98437500
vt 0.01562500 0.51562500
vt 0.48437500 0.51562500
vt 0.48437500 0.98437500
vt 0.01562500 0.98437500
vt 0.01562500 0.51562500
vt 0.48437500 0.51562500
vt 0.48437500 0.98437500
vt 0.01562500 0.98437500
vt 0.01562500 0.51562500
vt 0.48437500 0.51562500
vt 0.48437500 0.98437500
vt 0.01562500 0.98437500
vt 0.01562500 0.51562500
vt 0.48437500 0.51562500
vt 0.48437500 0.98437500
vt 0.01562500 0.98437500
vt 0.01562500 0.51562500
vt 0.48437500 0.51562500
vt 0.48437500 0.98437500
vt 0.01562500 0.98437500
vt 0.01562500 0.51562500
vt 0.48437500 0.51562500
vt 0.48437500 0.98437500
vt 0.01562500 0.98437500
vt 0.01562500 0.51562500
vt 0.48437500 0.51562500
vt 0.48437500 0.98437500
vt 0.01562500 0.98437500
vt 0.01562500 0.51562500
vt 0.48437500 0.51562500
vt 0.48437500 0.98437500
vt 0.01562500 0.98437500
vt 0.01562500 0.51562500
vt 0.48437500 0.51562500
vt 0.48437500 0.98437500
vt 0.01562500 0.98437500
vt 0.01562500 0.51562500
vt 0.48437500 0.51562500
vt 0.48437500 0.98437500
vt 0.01562500 0.98437500
vt 0.01562500 0.51562500
vt 0.48437500 0.51562500
vt 0.48437500 0.98437500
vt 0.01562500 0.98437500
vt 0.01562500 0.51562500
vt 0.48437500 0.51562500
vt 0.48437500 0.98437500
vt 0.01562500 0.98437500
vt 0.51562500 0.51562500
vt 0.98437500 0.51562500
vt 0.98437500 0.98437500
vt 0.51562500 0.98437500
vt 0.51562500 0.51562500
vt 0.98437500 0.51562500
vt 0.98437500 0.98437500
vt 0.51562500 0.98437500
vt 0.51562500 0.51562500
vt 0.98437500 0.51562500
vt 0.98437500 0.98437500
vt 0.51562500 0.98437500
vt 0.51562500 0.51562500
vt 0.98437500 0.51562500
vt 0.98437500 0.98437500
vt 0.51562500 0.98437500
vt 0.01562500 0.51562500
vt 0.48437500 0.51562500
vt 0.48437500 0.98437500
vt 0.01562500 0.98437500
vt 0.01562500 0.51562500
vt 0.48437500 0.51562500
vt 0.48437500 0.98437500
vt 0.01562500 0.98437500
vt 0.01562500 0.51562500
vt 0.48437500 0.51562500
vt 0.48437500 0.98437500
vt 0.01562500 0.98437500
vt 0.01562500 0.51562500
vt 0.48437500 0.51562500
vt 0.48437500 0.98437500
vt 0.01562500 0.98437500
vt 0.51562500 0.01562500
vt 0.73437500 0.01562500
vt 0.73437500 0.48437500
vt 0.51562500 0.48437500
vt 0.51562500 0.01562500
vt 0.73437500 0.01562500
vt 0.73437500 0.48437500
vt 0.51562500 0.48437500
vt 0.51562500 0.01562500
vt 0.73437500 0.01562500
vt 0.73437500 0.48437500
vt 0.51562500 0.48437500
vt 0.51562500 0.01562500
vt 0.73437500 0.01562500
vt 0.73437500 0.48437500
vt 0.51562500 0.48437500
vt 0.51562500 0.01562500
vt 0.73437500 0.01562500
vt 0.73437500 0.48437500
vt 0.51562500 0.48437500
vt 0.51562500 0.01562500
vt 0.73437500 0.01562500
vt 0.73437500 0.48437500
vt 0.51562500 0.48437500
vt 0.51562500 0.01562500
vt 0.73437500 0.01562500
vt 0.73437500 0.48437500
vt 0.51562500 0.48437500
vt 0.51562500 0.01562500
vt 0.73437500 0.01562500
vt 0.73437500 0.48437500
vt 0.51562500 0.48437500
vt 0.51562500 0.01562500
vt 0.73437500 0.01562500
vt 0.73437500 0.48437500
vt 0.51562500 0.48437500
vt 0.76562500 0.01562500
vt 0.98437500 0.01562500
vt 0.98437500 0.48437500
vt 0.76562500 0.48437500
vt 0.76562500 0.01562500
vt 0.98437500 0.01562500
vt 0.98437500 0.48437500
vt 0.76562500 0.48437500
vt 0.76562500 0.01562500
vt 0.98437500 0.01562500
vt 0.98437500 0.48437500
vt 0.76562500 0.48437500
vt 0.76562500 0.01562500
vt 0.98437500 0.01562500
vt 0.98437500 0.48437500
vt 0.76562500 0.48437500
vt 0.76562500 0.01562500
vt 0.98437500 0.01562500
vt 0.98437500 0.48437500
vt 0.76562500 0.48437500
vt 0.76562500 0.01562500
vt 0.98437500 0.01562500
vt 0.98437500 0.48437500
vt 0.76562500 0.48437500
vt 0.01562500 0.51562500
vt 0.48437500 0.51562500
vt 0.48437500 0.98437500
vt 0.01562500 0.98437500
vt 0.01562500 0.51562500
vt 0.48437500 0.51562500
vt 0.48437500 0.98437500
vt 0.01562500 0.98437500
vt 0.01562500 0.51562500
vt 0.48437500 0.51562500
vt 0.48437500 0.98437500
vt 0.01562500 0.98437500
vt 0.01562500 0.51562500
vt 0.48437500 0.51562500
vt 0.48437500 0.98437500
vt 0.01562500 0.98437500
vt 0.01562500 0.51562500
vt 0.48437500 0.51562500
vt 0.48437500 0.98437500
vt 0.01562500 0.98437500
vt 0.01562500 0.51562500
vt 0.48437500 0.51562500
vt 0.48437500 0.98437500
vt 0.01562500 0.98437500
vt 0.01562500 0.51562500
vt 0.48437500 0.51562500
vt 0.48437500 0.98437500
vt 0.01562500 0.98437500
vt 0.01562500 0.51562500
vt 0.48437500 0.51562500
vt 0.48437500 0.98437500
vt 0.01562500 0.98437500
vt 0.01562500 0.51562500
vt 0.48437500 0.51562500
vt 0.48437500 0.98437500
vt 0.01562500 0.98437500
vt 0.01562500 0.51562500
vt 0.48437500 0.51562500
vt 0.48437500 0.98437500
vt 0.01562500 0.98437500
vt 0.01562500 0.51562500
vt 0.48437500 0.51562500
vt 0.48437500 0.98437500
vt 0.01562500 0.98437500
vt 0.01562500 0.51562500
vt 0.48437500 0.51562500
vt 0.48437500 0.98437500
vt 0.01562500 0.98437500
vt 0.01562500 0.51562500
vt 0.48437500 0.51562500
vt 0.48437500 0.98437500
vt 0.01562500 0.98437500
vt 0.01562500 0.51562500
vt 0.48437500 0.51562500
vt 0.48437500 0.98437500
vt 0.01562500 0.98437500
vt 0.01562500 0.51562500
vt 0.48437500 0.51562500
vt 0.48437500 0.98437500
vt 0.01562500 0.98437500
vt 0.01562500 0.51562500
vt 0.48437500 0.51562500
vt 0.48437500 0.98437500
vt 0.01562500 0.98437500
vt 0.01562500 0.51562500
vt 0.48437500 0.51562500
vt 0.48437500 0.98437500
vt 0.01562500 0.98437500
vt 0.01562500 0.51562500
vt 0.48437500 0.51562500
vt 0.48437500 0.98437500
vt 0.01562500 0.98437500
vt 0.01562500 0.51562500
vt 0.48437500 0.51562500
vt 0.48437500 0.98437500
vt 0.01562500 0.98437500
vt 0.01562500 0.51562500
vt 0.48437500 0.51562500
vt 0.48437500 0.98437500
vt 0.01562500 0.98437500
vt 0.01562500 0.51562500
vt 0.48437500 0.51562500
vt 0.48437500 0.98437500
vt 0.01562500 0.98437500
vt 0.01562500 0.51562500
vt 0.48437500 0.51562500
vt 0.48437500 0.98437500
vt 0.01562500 0.98437500
vt 0.01562500 0.51562500
vt 0.48437500 0.51562500
vt 0.48437500 0.98437500
vt 0.01562500 0.98437500
vt 0.01562500 0.51562500
vt 0.48437500 0.51562500
vt 0.48437500 0.98437500
vt 0.01562500 0.98437500
vt 0.51562500 0.51562500
vt 0.98437500 0.51562500
vt 0.98437500 0.98437500
vt 0.51562500 0.98437500
vt 0.51562500 0.51562500
vt 0.98437500 0.51562500
vt 0.98437500 0.98437500
vt 0.51562500 0.98437500
vt 0.51562500 0.51562500
vt 0.98437500 0.51562500
vt 0.98437500 0.98437500
vt 0.51562500 0.98437500
vt 0.51562500 0.51562500
vt 0.98437500 0.51562500
vt 0.98437500 0.98437500
vt 0.51562500 0.98437500
vt 0.01562500 0.51562500
vt 0.48437500 0.51562500
vt 0.48437500 0.98437500
vt 0.01562500 0.98437500
vt 0.01562500 0.51562500
vt 0.48437500 0.51562500
vt 0.48437500 0.98437500
vt 0.01562500 0.98437500
vt 0.01562500 0.51562500
vt 0.48437500 0.51562500
vt 0.48437500 0.98437500
vt 0.01562500 0.98437500
vt 0.01562500 0.51562500
vt 0.48437500 0.51562500
vt 0.48437500 0.98437500
vt 0.01562500 0.98437500
vt 0.51562500 0.01562500
vt 0.73437500 0.01562500
vt 0.73437500 0.48437500
vt 0.51562500 0.48437500
vt 0.51562500 0.01562500
vt 0.73437500 0.01562500
vt 0.73437500 0.48437500
vt 0.51562500 0.48437500
vt 0.51562500 0.01562500
vt 0.73437500 0.01562500
vt 0.73437500 0.48437500
vt 0.51562500 0.48437500
vt 0.51562500 0.01562500
vt 0.73437500 0.01562500
vt 0.73437500 0.48437500
vt 0.51562500 0.48437500
vt 0.51562500 0.01562500
vt 0.73437500 0.01562500
vt 0.73437500 0.48437500
vt 0.51562500 0.48437500
vt 0.51562500 0.01562500
vt 0.73437500 0.01562500
vt 0.73437500 0.48437500
vt 0.51562500 0.48437500
vt 0.51562500 0.01562500
vt 0.73437500 0.01562500
vt 0.73437500 0.48437500
vt 0.51562500 0.48437500
vt 0.51562500 0.01562500
vt 0.73437500 0.01562500
vt 0.73437500 0.48437500
vt 0.51562500 0.48437500
vt 0.51562500 0.01562500
vt 0.73437500 0.01562500
vt 0.73437500 0.48437500
vt 0.51562500 0.48437500
vt 0.76562500 0.01562500
vt 0.98437500 0.01562500
vt 0.98437500 0.48437500
vt 0.76562500 0.48437500
vt 0.76562500 0.01562500
vt 0.98437500 0.01562500
vt 0.98437500 0.48437500
vt 0.76562500 0.48437500
vt 0.76562500 0.01562500
vt 0.98437500 0.01562500
vt 0.98437500 0.48437500
vt 0.76562500 0.48437500
vt 0.76562500 0.01562500
vt 0.98437500 0.01562500
vt 0.98437500 0.48437500
vt 0.76562500 0.48437500
vt 0.76562500 0.01562500
vt 0.98437500 0.01562500
vt 0.98437500 0.48437500
vt 0.76562500 0.48437500
vt 0.76562500 0.01562500
vt 0.98437500 0.01562500
vt 0.98437500 0.48437500
vt 0.76562500 0.48437500
vt 0.01562500 0.51562500
vt 0.48437500 0.51562500
vt 0.48437500 0.98437500
vt 0.01562500 0.98437500
vt 0.01562500 0.51562500
vt 0.48437500 0.51562500
vt 0.48437500 0.98437500
vt 0.01562500 0.98437500
vt 0.01562500 0.51562500
vt 0.48437500 0.51562500
vt 0.48437500 0.98437500
vt 0.01562500 0.98437500
vt 0.01562500 0.51562500
vt 0.48437500 0.51562500
vt 0.48437500 0.98437500
vt 0.01562500 0.98437500
vt 0.01562500 0.51562500
vt 0.48437500 0.51562500
vt 0.48437500 0.98437500
vt 0.01562500 0.98437500
vt 0.01562500 0.51562500
vt 0.48437500 0.51562500
vt 0.48437500 0.98437500
vt 0.01562500 0.98437500
vt 0.01562500 0.51562500
vt 0.48437500 0.51562500
vt 0.48437500 0.98437500
vt 0.01562500 0.98437500
vt 0.01562500 0.51562500
vt 0.48437500 0.51562500
vt 0.48437500 0.98437500
vt 0.01562500 0.98437500
vt 0.01562500 0.51562500
vt 0.48437500 0.51562500
vt 0.48437500 0.98437500
vt 0.01562500 0.98437500
vt 0.01562500 0.51562500
vt 0.48437500 0.51562500
vt 0.48437500 0.98437500
vt 0.01562500 0.98437500
vt 0.01562500 0.51562500
vt 0.48437500 0.51562500
vt 0.48437500 0.98437500
vt 0.01562500 0.98437500
vt 0.01562500 0.51562500
vt 0.48437500 0.51562500
vt 0.48437500 0.98437500
vt 0.01562500 0.98437500
vt 0.01562500 0.51562500
vt 0.48437500 0.51562500
vt 0.48437500 0.98437500
vt 0.01562500 0.98437500
vt 0.01562500 0.51562500
vt 0.48437500 0.51562500
vt 0.48437500 0.98437500
vt 0.01562500 0.98437500
vt 0.01562500 0.51562500
vt 0.48437500 0.51562500
vt 0.48437500 0.98437500
vt 0.01562500 0.98437500
vt 0.01562500 0.51562500
vt 0.48437500 0.51562500
vt 0.48437500 0.98437500
vt 0.01562500 0.98437500
vt 0.01562500 0.51562500
vt 0.48437500 0.51562500
vt 0.48437500 0.98437500
vt 0.01562500 0.98437500
vt 0.01562500 0.51562500
vt 0.48437500 0.51562500
vt 0.48437500 0.98437500
vt 0.01562500 0.98437500
vt 0.01562500 0.51562500
vt 0.48437500 0.51562500
vt 0.48437500 0.98437500
vt 0.01562500 0.98437500
vt 0.01562500 0.51562500
vt 0.48437500 0.51562500
vt 0.48437500 0.98437500
vt 0.01562500 0.98437500
vt 0.01562500 0.51562500
vt 0.48437500 0.51562500
vt 0.48437500 0.98437500
vt 0.01562500 0.98437500
vt 0.01562500 0.51562500
vt 0.48437500 0.51562500
vt 0.48437500 0.98437500
vt 0.01562500 0.98437500
vt 0.01562500 0.51562500
vt 0.48437500 0.51562500
vt 0.48437500 0.98437500
vt 0.01562500 0.98437500
vt 0.01562500 0.51562500
vt 0.48437500 0.51562500
vt 0.48437500 0.98437500
vt 0.01562500 0.98437500
vt 0.51562500 0.51562500
vt 0.98437500 0.51562500
vt 0.98437500 0.98437500
vt 0.51562500 0.98437500
vt 0.51562500 0.51562500
vt 0.98437500 0.51562500
vt 0.98437500 0.98437500
vt 0.51562500 0.98437500
vt 0.51562500 0.51562500
vt 0.98437500 0.51562500
vt 0.98437500 0.98437500
vt 0.51562500 0.98437500
vt 0.51562500 0.51562500
vt 0.98437500 0.51562500
vt 0.98437500 0.98437500
vt 0.51562500 0.98437500
vt 0.01562500 0.51562500
vt 0.48437500 0.51562500
vt 0.48437500 0.98437500
vt 0.01562500 0.98437500
vt 0.01562500 0.51562500
vt 0.48437500 0.51562500
vt 0.48437500 0.98437500
vt 0.01562500 0.98437500
vt 0.01562500 0.51562500
vt 0.48437500 0.51562500
vt 0.48437500 0.98437500
vt 0.01562500 0.98437500
vt 0.01562500 0.51562500
vt 0.48437500 0.51562500
vt 0.48437500 0.98437500
vt 0.01562500 0.98437500
vt 0.51562500 0.01562500
vt 0.73437500 0.01562500
vt 0.73437500 0.48437500
vt 0.51562500 0.48437500
vt 0.51562500 0.01562500
vt 0.73437500 0.01562500
vt 0.73437500 0.48437500
vt 0.51562500 0.48437500
vt 0.51562500 0.01562500
vt 0.73437500 0.01562500
vt 0.73437500 0.48437500
vt 0.51562500 0.48437500
vt 0.51562500 0.01562500
vt 0.73437500 0.01562500
vt 0.73437500 0.48437500
vt 0.51562500 0.48437500
vt 0.51562500 0.01562500
vt 0.73437500 0.01562500
vt 0.73437500 0.48437500
vt 0.51562500 0.48437500
vt 0.51562500 0.01562500
vt 0.73437500 0.01562500
vt 0.73437500 0.48437500
vt 0.51562500 0.48437500
vt 0.51562500 0.01562500
vt 0.73437500 0.01562500
vt 0.73437500 0.48437500
vt 0.51562500 0.48437500
vt 0.51562500 0.01562500
vt 0.73437500 0.01562500
vt 0.73437500 0.48437500
vt 0.51562500 0.48437500
vt 0.51562500 0.01562500
vt 0.73437500 0.01562500
vt 0.73437500 0.48437500
vt 0.51562500 0.48437500
vt 0.76562500 0.01562500
vt 0.98437500 0.01562500
vt 0.98437500 0.48437500
vt 0.76562500 0.48437500
vt 0.76562500 0.01562500
vt 0.98437500 0.01562500
vt 0.98437500 0.48437500
vt 0.76562500 0.48437500
vt 0.76562500 0.01562500
vt 0.98437500 0.01562500
vt 0.98437500 0.48437500
vt 0.76562500 0.48437500
vt 0.76562500 0.01562500
vt 0.98437500 0.01562500
vt 0.98437500 0.48437500
vt 0.76562500 0.48437500
vt 0.76562500 0.01562500
vt 0.98437500 0.01562500
vt 0.98437500 0.48437500
vt 0.76562500 0.48437500
vt 0.76562500 0.01562500
vt 0.98437500 0.01562500
vt 0.98437500 0.48437500
vt 0.76562500 0.48437500
vt 0.01562500 0.51562500
vt 0.48437500 0.51562500
vt 0.48437500 0.98437500
vt 0.01562500 0.98437500
vt 0.01562500 0.51562500
vt 0.48437500 0.51562500
vt 0.48437500 0.98437500
vt 0.01562500 0.98437500
vt 0.01562500 0.51562500
vt 0.48437500 0.51562500
vt 0.48437500 0.98437500
vt 0.01562500 0.98437500
vt 0.01562500 0.51562500
vt 0.48437500 0.51562500
vt 0.48437500 0.98437500
vt 0.01562500 0.98437500
vt 0.01562500 0.51562500
vt 0.48437500 0.51562500
vt 0.48437500 0.98437500
vt 0.01562500 0.98437500
vt 0.01562500 0.51562500
vt 0.48437500 0.51562500
vt 0.48437500 0.98437500
vt 0.01562500 0.98437500
vt 0.01562500 0.51562500
vt 0.48437500 0.51562500
vt 0.48437500 0.98437500
vt 0.01562500 0.98437500
vt 0.01562500 0.51562500
vt 0.48437500 0.51562500
vt 0.48437500 0.98437500
vt 0.01562500 0.98437500
vt 0.01562500 0.51562500
vt 0.48437500 0.51562500
vt 0.48437500 0.98437500
vt 0.01562500 0.98437500
vt 0.01562500 0.51562500
vt 0.48437500 0.51562500
vt 0.48437500 0.98437500
vt 0.01562500 0.98437500
vt 0.01562500 0.51562500
vt 0.48437500 0.51562500
vt 0.48437500 0.98437500
vt 0.01562500 0.98437500
vt 0.01562500 0.51562500
vt 0.48437500 0.51562500
vt 0.48437500 0.98437500
vt 0.01562500 0.98437500
vt 0.01562500 0.51562500
vt 0.48437500 0.51562500
vt 0.48437500 0.98437500
vt 0.01562500 0.98437500
vt 0.01562500 0.51562500
vt 0.48437500 0.51562500
vt 0.48437500 0.98437500
vt 0.01562500 0.98437500
vt 0.01562500 0.51562500
vt 0.48437500 0.51562500
vt 0.48437500 0.98437500
vt 0.01562500 0.98437500
vt 0.01562500 0.51562500
vt 0.48437500 0.51562500
vt 0.48437500 0.98437500
vt 0.01562500 0.98437500
vt 0.01562500 0.51562500
vt 0.48437500 0.51562500
vt 0.48437500 0.98437500
vt 0.01562500 0.98437500
vt 0.01562500 0.51562500
vt 0.48437500 0.51562500
vt 0.48437500 0.98437500
vt 0.01562500 0.98437500
vt 0.01562500 0.51562500
vt 0.48437500 0.51562500
vt 0.48437500 0.98437500
vt 0.01562500 0.98437500
vt 0.01562500 0.51562500
vt 0.48437500 0.51562500
vt 0.48437500 0.98437500
vt 0.01562500 0.98437500
vt 0.01562500 0.51562500
vt 0.48437500 0.51562500
vt 0.48437500 0.98437500
vt 0.01562500 0.98437500
vt 0.01562500 0.51562500
vt 0.48437500 0.51562500
vt 0.48437500 0.98437500
vt 0.01562500 0.98437500
vt 0.01562500 0.51562500
vt 0.48437500 0.51562500
vt 0.48437500 0.98437500
vt 0.01562500 0.98437500
vt 0.01562500 0.51562500
vt 0.48437500 0.51562500
vt 0.48437500 0.98437500
vt 0.01562500 0.98437500
vt 0.51562500 0.51562500
vt 0.98437500 0.51562500
vt 0.98437500 0.98437500
vt 0.51562500 0.98437500
vt 0.51562500 0.51562500
vt 0.98437500 0.51562500
vt 0.98437500 0.98437500
vt 0.51562500 0.98437500
vt 0.51562500 0.51562500
vt 0.98437500 0.51562500
vt 0.98437500 0.98437500
vt 0.51562500 0.98437500
vt 0.51562500 0.51562500
vt 0.98437500 0.51562500
vt 0.98437500 0.98437500
vt 0.51562500 0.98437500
vt 0.01562500 0.51562500
vt 0.48437500 0.51562500
vt 0.48437500 0.98437500
vt 0.01562500 0.98437500
vt 0.01562500 0.51562500
vt 0.48437500 0.51562500
vt 0.48437500 0.98437500
vt 0.01562500 0.98437500
vt 0.01562500 0.51562500
vt 0.48437500 0.51562500
vt 0.48437500 0.98437500
vt 0.01562500 0.98437500
vt 0.01562500 0.51562500
vt 0.48437500 0.51562500
vt 0.48437500 0.98437500
vt 0.01562500 0.98437500
vt 0.51562500 0.01562500
vt 0.73437500 0.01562500
vt 0.73437500 0.48437500
vt 0.51562500 0.48437500
vt 0.51562500 0.01562500
vt 0.73437500 0.01562500
vt 0.73437500 0.48437500
vt 0.51562500 0.48437500
vt 0.51562500 0.01562500
vt 0.73437500 0.01562500
vt 0.73437500 0.48437500
vt 0.51562500 0.48437500
vt 0.51562500 0.01562500
vt 0.73437500 0.01562500
vt 0.73437500 0.48437500
vt 0.51562500 0.48437500
vt 0.51562500 0.01562500
vt 0.73437500 0.01562500
vt 0.73437500 0.48437500
vt 0.51562500 0.48437500
vt 0.51562500 0.01562500
vt 0.73437500 0.01562500
vt 0.73437500 0.48437500
vt 0.51562500 0.48437500
vt 0.51562500 0.01562500
vt 0.73437500 0.01562500
vt 0.73437500 0.48437500
vt 0.51562500 0.48437500
vt 0.51562500 0.01562500
vt 0.73437500 0.01562500
vt 0.73437500 0.48437500
vt 0.51562500 0.48437500
vt 0.51562500 0.01562500
vt 0.73437500 0.01562500
vt 0.73437500 0.48437500
vt 0.51562500 0.48437500
vt 0.76562500 0.01562500
vt 0.98437500 0.01562500
vt 0.98437500 0.48437500
vt 0.76562500 0.48437500
vt 0.76562500 0.01562500
vt 0.98437500 0.01562500
vt 0.98437500 0.48437500
vt 0.76562500 0.48437500
vt 0.76562500 0.01562500
vt 0.98437500 0.01562500
vt 0.98437500 0.48437500
vt 0.76562500 0.48437500
vt 0.76562500 0.01562500
vt 0.98437500 0.01562500
vt 0.98437500 0.48437500
vt 0.76562500 0.48437500
vt 0.76562500 0.01562500
vt 0.98437500 0.01562500
vt 0.98437500 0.48437500
vt 0.76562500 0.48437500
vt 0.76562500 0.01562500
vt 0.98437500 0.01562500
vt 0.98437500 0.48437500
vt 0.76562500 0.48437500
vt 0.01562500 0.51562500
vt 0.48437500 0.51562500
vt 0.48437500 0.98437500
vt 0.01562500 0.98437500
vt 0.01562500 0.51562500
vt 0.48437500 0.51562500
vt 0.48437500 0.98437500
vt 0.01562500 0.98437500
vt 0.01562500 0.51562500
vt 0.48437500 0.51562500
vt 0.48437500 0.98437500
vt 0.01562500 0.98437500
vt 0.01562500 0.51562500
vt 0.48437500 0.51562500
vt 0.48437500 0.98437500
vt 0.01562500 0.98437500
vt 0.01562500 0.51562500
vt 0.48437500 0.51562500
vt 0.48437500 0.98437500
vt 0.01562500 0.98437500
vt 0.01562500 0.51562500
vt 0.48437500 0.51562500
vt 0.48437500 0.98437500
vt 0.01562500 0.98437500
vt 0.01562500 0.51562500
vt 0.48437500 0.51562500
vt 0.48437500 0.98437500
vt 0.01562500 0.98437500
vt 0.01562500 0.51562500
vt 0.48437500 0.51562500
vt 0.48437500 0.98437500
vt 0.01562500 0.98437500
vt 0.01562500 0.51562500
vt 0.48437500 0.51562500
vt 0.48437500 0.98437500
vt 0.01562500 0.98437500
vt 0.01562500 0.51562500
vt 0.48437500 0.51562500
vt 0.48437500 0.98437500
vt 0.01562500 0.98437500
vt 0.01562500 0.51562500
vt 0.48437500 0.51562500
vt 0.48437500 0.98437500
vt 0.01562500 0.98437500
vt 0.01562500 0.51562500
vt 0.48437500 0.51562500
vt 0.48437500 0.98437500
vt 0.01562500 0.98437500
vt 0.01562500 0.51562500
vt 0.48437500 0.51562500
vt 0.48437500 0.98437500
vt 0.01562500 0.98437500
vt 0.01562500 0.51562500
vt 0.48437500 0.51562500
vt 0.48437500 0.98437500
vt 0.01562500 0.98437500
vt 0.01562500 0.51562500
vt 0.48437500 0.51562500
vt 0.48437500 0.98437500
vt 0.01562500 0.98437500
vt 0.01562500 0.51562500
vt 0.48437500 0.51562500
vt 0.48437500 0.98437500
vt 0.01562500 0.98437500
vt 0.01562500 0.51562500
vt 0.48437500 0.51562500
vt 0.48437500 0.98437500
vt 0.01562500 0.98437500
vt 0.01562500 0.51562500
vt 0.48437500 0.51562500
vt 0.48437500 0.98437500
vt 0.01562500 0.98437500
vt 0.51562500 0.51562500
vt 0.98437500 0.51562500
vt 0.98437500 0.98437500
vt 0.51562500 0.98437500
vt 0.51562500 0.51562500
vt 0.98437500 0.51562500
vt 0.98437500 0.98437500
vt 0.51562500 0.98437500
vt 0.51562500 0.51562500
vt 0.98437500 0.51562500
vt 0.98437500 0.98437500
vt 0.51562500 0.98437500
vt 0.51562500 0.51562500
vt 0.98437500 0.51562500
vt 0.98437500 0.98437500
vt 0.51562500 0.98437500
vt 0.01562500 0.51562500
vt 0.48437500 0.51562500
vt 0.48437500 0.98437500
vt 0.01562500 0.98437500
vt 0.01562500 0.51562500
vt 0.48437500 0.51562500
vt 0.48437500 0.98437500
vt 0.01562500 0.98437500
vt 0.01562500 0.51562500
vt 0.48437500 0.51562500
vt 0.48437500 0.98437500
vt 0.01562500 0.98437500
vt 0.01562500 0.51562500
vt 0.48437500 0.51562500
vt 0.48437500 0.98437500
vt 0.01562500 0.98437500
vt 0.51562500 0.01562500
vt 0.73437500 0.01562500
vt 0.73437500 0.48437500
vt 0.51562500 0.48437500
vt 0.51562500 0.01562500
vt 0.73437500 0.01562500
vt 0.73437500 0.48437500
vt 0.51562500 0.48437500
vt 0.51562500 0.01562500
vt 0.73437500 0.01562500
vt 0.73437500 0.48437500
vt 0.51562500 0.48437500
vt 0.51562500 0.01562500
vt 0.73437500 0.01562500
vt 0.73437500 0.48437500
vt 0.51562500 0.48437500
vt 0.51562500 0.01562500
vt 0.73437500 0.01562500
vt 0.73437500 0.48437500
vt 0.51562500 0.48437500
vt 0.51562500 0.01562500
vt 0.73437500 0.01562500
vt 0.73437500 0.48437500
vt 0.51562500 0.48437500
vt 0.51562500 0.01562500
vt 0.73437500 0.01562500
vt 0.73437500 0.48437500
vt 0.51562500 0.48437500
vt 0.51562500 0.01562500
vt 0.73437500 0.01562500
vt 0.73437500 0.48437500
vt 0.51562500 0.48437500
vt 0.51562500 0.01562500
vt 0.73437500 0.01562500
vt 0.73437500 0.48437500
vt 0.51562500 0.48437500
vt 0.76562500 0.01562500
vt 0.98437500 0.01562500
vt 0.98437500 0.48437500
vt 0.76562500 0.48437500
vt 0.76562500 0.01562500
vt 0.98437500 0.01562500
vt 0.98437500 0.48437500
vt 0.76562500 0.48437500
vt 0.76562500 0.01562500
vt 0.98437500 0.01562500
vt 0.98437500 0.48437500
vt 0.76562500 0.48437500
vt 0.76562500 0.01562500
vt 0.98437500 0.01562500
vt 0.98437500 0.48437500
vt 0.76562500 0.48437500
vt 0.76562500 0.01562500
vt 0.98437500 0.01562500
vt 0.98437500 0.48437500
vt 0.76562500 0.48437500
vt 0.76562500 0.01562500
vt 0.98437500 0.01562500
vt 0.98437500 0.48437500
vt 0.76562500 0.48437500
vn 0.00000000 0.00000000 -1.00000000
vn 0.00000000 0.00000000 -1.00000000
vn 0.00000000 0.00000000 -1.00000000
vn 0.00000000 0.00000000 -1.00000000
vn 0.00000000 0.00000000 1.00000000
vn 0.00000000 0.00000000 1.00000000
vn 0.00000000 0.00000000 1.00000000
vn 0.00000000 0.00000000 1.00000000
vn -0.99978431 0.02076874 0.00000000
vn -0.99978431 0.02076874 0.00000000
vn -0.99978431 0.02076874 0.00000000
vn -0.99978431 0.02076874 0.00000000
vn -0.02076874 -0.99978431 0.00000000
vn -0.01661543 -0.99986195 0.00000000
vn -0.01661543 -0.99986195 0.00000000
vn -0.02076874 -0.99978431 0.00000000
vn 0.02076874 0.99978431 0.00000000
vn 0.02076874 0.99978431 0.00000000
vn 0.01661543 0.99986195 0.00000000
vn 0.01661543 0.99986195 0.00000000
vn 0.00000000 0.00000000 -1.00000000
vn 0.00000000 0.00000000 -1.00000000
vn 0.00000000 0.00000000 -1.00000000
vn 0.00000000 0.00000000 -1.00000000
vn 0.00000000 0.00000000 1.00000000
vn 0.00000000 0.00000000 1.00000000
vn 0.00000000 0.00000000 1.00000000
vn 0.00000000 0.00000000 1.00000000
vn -0.01661543 -0.99986195 0.00000000
vn -0.01246182 -0.99992235 0.00000000
vn -0.01246182 -0.99992235 0.00000000
vn -0.01661543 -0.99986195 0.00000000
vn 0.01661543 0.99986195 0.00000000
vn 0.01661543 0.99986195 0.00000000
vn 0.01246182 0.99992235 0.00000000
vn 0.01246182 0.99992235 0.00000000
vn 0.00000000 0.00000000 -1.00000000
vn 0.00000000 0.00000000 -1.00000000
vn 0.00000000 0.00000000 -1.00000000
vn 0.00000000 0.00000000 -1.00000000
vn 0.00000000 0.00000000 1.00000000
vn 0.00000000 0.00000000 1.00000000
vn 0.00000000 0.00000000 1.00000000
vn 0.00000000 0.00000000 1.00000000
vn -0.01246182 -0.99992235 0.00000000
vn -0.00830800 -0.99996549 0.00000000
vn -0.00830800 -0.99996549 0.00000000
vn -0.01246182 -0.99992235 0.00000000
vn 0.01246182 0.99992235 0.00000000
vn 0.01246182 0.99992235 0.00000000
vn 0.00830800 0.99996549 0.00000000
vn 0.00830800 0.99996549 0.00000000
vn 0.00000000 0.00000000 -1.00000000
vn 0.00000000 0.00000000 -1.00000000
vn 0.00000000 0.00000000 -1.00000000
vn 0.00000000 0.00000000 -1.00000000
vn 0.00000000 0.00000000 1.00000000
vn 0.00000000 0.00000000 1.00000000
vn 0.00000000 0.00000000 1.00000000
vn 0.00000000 0.00000000 1.00000000
vn -0.00830800 -0.99996549 0.00000000
vn -0.00415404 -0.99999137 0.00000000
vn -0.00415404 -0.99999137 0.00000000
vn -0.00830800 -0.99996549 0.00000000
vn 0.00830800 0.99996549 0.00000000
vn 0.00830800 0.99996549 0.00000000
vn 0.00415404 0.99999137 0.00000000
vn 0.00415404 0.99999137 0.00000000
vn 0.00000000 0.00000000 -1.00000000
vn 0.00000000 0.00000000 -1.00000000
vn 0.00000000 0.00000000 -1.00000000
vn 0.00000000 0.00000000 -1.00000000
vn 0.00000000 0.00000000 1.00000000
vn 0.00000000 0.00000000 1.00000000
vn 0.00000000 0.00000000 1.00000000
vn 0.00000000 0.00000000 1.00000000
vn -0.00415404 -0.99999137 0.00000000
vn 0.00000000 -1.00000000 0.00000000
vn 0.00000000 -1.00000000 0.00000000
vn -0.00415404 -0.99999137 0.00000000
vn 0.00415404 0.99999137 0.00000000
vn 0.00415404 0.99999137 0.00000000
vn 0.00000000 1.00000000 0.00000000
vn 0.00000000 1.00000000 0.00000000
vn 0.00000000 0.00000000 -1.00000000
vn 0.00000000 0.00000000 -1.00000000
vn 0.00000000 0.00000000 -1.00000000
vn 0.00000000 0.00000000 -1.00000000
vn 0.00000000 0.00000000 1.00000000
vn 0.00000000 0.00000000 1.00000000
vn 0.00000000 0.00000000 1.00000000
vn 0.00000000 0.00000000 1.00000000
vn 0.00000000 -1.00000000 0.00000000
vn 0.00415404 -0.99999137 0.00000000
vn 0.00415404 -0.99999137 0.00000000
vn 0.00000000 -1.00000000 0.00000000
vn 0.00000000 1.00000000 0.00000000
vn 0.00000000 1.00000000 0.00000000
vn -0.00415404 0.99999137 0.00000000
vn -0.00415404 0.99999137 0.00000000
vn 0.00000000 0.00000000 -1.00000000
vn 0.00000000 0.00000000 -1.00000000
vn 0.00000000 0.00000000 -1.00000000
vn 0.00000000 0.00000000 -1.00000000
vn 0.00000000 0.00000000 1.00000000
vn 0.00000000 0.00000000 1.00000000
vn 0.00000000 0.00000000 1.00000000
vn 0.00000000 0.00000000 1.00000000
vn 0.00415404 -0.99999137 0.00000000
vn 0.00830800 -0.99996549 0.00000000
vn 0.00830800 -0.99996549 0.00000000
vn 0.00415404 -0.99999137 0.00000000
vn -0.00415404 0.99999137 0.00000000
vn -0.00415404 0.99999137 0.00000000
vn -0.00830800 0.99996549 0.00000000
vn -0.00830800 0.99996549 0.00000000
vn 0.00000000 0.00000000 -1.00000000
vn 0.00000000 0.00000000 -1.00000000
vn 0.00000000 0.00000000 -1.00000000
vn 0.00000000 0.00000000 -1.00000000
vn 0.00000000 0.00000000 1.00000000
vn 0.00000000 0.00000000 1.00000000
vn 0.00000000 0.00000000 1.00000000
vn 0.00000000 0.00000000 1.00000000
vn 0.00830800 -0.99996549 0.00000000
vn 0.01246182 -0.99992235 0.00000000
vn 0.01246182 -0.99992235 0.00000000
vn 0.00830800 -0.99996549 0.00000000
vn -0.00830800 0.99996549 0.00000000
vn -0.00830800 0.99996549 0.00000000
vn -0.01246182 0.99992235 0.00000000
vn -0.01246182 0.99992235 0.00000000
vn 0.00000000 0.00000000 -1.00000000
vn 0.00000000 0.00000000 -1.00000000
vn 0.00000000 0.00000000 -1.00000000
vn 0.00000000 0.00000000 -1.00000000
vn 0.00000000 0.00000000 1.00000000
vn 0.00000000 0.00000000 1.00000000
vn 0.00000000 0.00000000 1.00000000
vn 0.00000000 0.00000000 1.00000000
vn 0.01246182 -0.99992235 0.00000000
vn 0.01661543 -0.99986195 0.00000000
vn 0.01661543 -0.99986195 0.00000000
vn 0.01246182 -0.99992235 0.00000000
vn -0.01246182 0.99992235 0.00000000
vn -0.01246182 0.99992235 0.00000000
vn -0.01661543 0.99986195 0.00000000
vn -0.01661543 0.99986195 0.00000000
vn 0.00000000 0.00000000 -1.00000000
vn 0.00000000 0.00000000 -1.00000000
vn 0.00000000 0.00000000 -1.00000000
vn 0.00000000 0.00000000 -1.00000000
vn 0.00000000 0.00000000 1.00000000
vn 0.00000000 0.00000000 1.00000000
vn 0.00000000 0.00000000 1.00000000
vn 0.00000000 0.00000000 1.00000000
vn 0.99978431 0.02076874 0.00000000
vn 0.99978431 0.02076874 0.00000000
vn 0.99978431 0.02076874 0.00000000
vn 0.99978431 0.02076874 0.00000000
vn 0.01661543 -0.99986195 0.00000000
vn 0.02076874 -0.99978431 0.00000000
vn 0.02076874 -0.99978431 0.00000000
vn 0.01661543 -0.99986195 0.00000000
vn -0.01661543 0.99986195 0.00000000
vn -0.01661543 0.99986195 0.00000000
vn -0.02076874 0.99978431 0.00000000
vn -0.02076874 0.99978431 0.00000000
vn 0.00000000 0.00000000 -1.00000000
vn 0.00000000 0.00000000 -1.00000000
vn 0.00000000 0.00000000 -1.00000000
vn 0.00000000 0.00000000 -1.00000000
vn 0.00000000 0.00000000 1.00000000
vn 0.00000000 0.00000000 1.00000000
vn 0.00000000 0.00000000 1.00000000
vn 0.00000000 0.00000000 1.00000000
vn -0.99978431 0.02076874 0.00000000
vn -0.99978431 0.02076874 0.00000000
vn -0.99978431 0.02076874 0.00000000
vn -0.99978431 0.02076874 0.00000000
vn 0.99978709 -0.02063417 0.00000000
vn 0.99978709 -0.02063417 0.00000000
vn 0.99978709 -0.02063417 0.00000000
vn 0.99978709 -0.02063417 0.00000000
vn 0.00000000 0.00000000 -1.00000000
vn 0.00000000 0.00000000 -1.00000000
vn 0.00000000 0.00000000 -1.00000000
vn 0.00000000 0.00000000 -1.00000000
vn 0.00000000 0.00000000 1.00000000
vn 0.00000000 0.00000000 1.00000000
vn 0.00000000 0.00000000 1.00000000
vn 0.00000000 0.00000000 1.00000000
vn -0.99978709 -0.02063417 0.00000000
vn -0.99978709 -0.02063417 0.00000000
vn -0.99978709 -0.02063417 0.00000000
vn -0.99978709 -0.02063417 0.00000000
vn 0.99978431 0.02076874 0.00000000
vn 0.99978431 0.02076874 0.00000000
vn 0.99978431 0.02076874 0.00000000
vn 0.99978431 0.02076874 0.00000000
vn 0.00000000 0.00000000 -1.00000000
vn 0.00000000 0.00000000 -1.00000000
vn 0.00000000 0.00000000 -1.00000000
vn 0.00000000 0.00000000 -1.00000000
vn 0.00000000 0.00000000 1.00000000
vn 0.00000000 0.00000000 1.00000000
vn 0.00000000 0.00000000 1.00000000
vn 0.00000000 0.00000000 1.00000000
vn -0.99978431 0.02076874 0.00000000
vn -0.99978431 0.02076874 0.00000000
vn -0.99978431 0.02076874 0.00000000
vn -0.99978431 0.02076874 0.00000000
vn 0.99990413 -0.01384638 0.00000000
vn 0.99990413 -0.01384638 0.00000000
vn 0.99990413 -0.01384638 0.00000000
vn 0.99990413 -0.01384638 0.00000000
vn 0.00000000 0.00000000 -1.00000000
vn 0.00000000 0.00000000 -1.00000000
vn 0.00000000 0.00000000 -1.00000000
vn 0.00000000 0.00000000 -1.00000000
vn 0.00000000 0.00000000 1.00000000
vn 0.00000000 0.00000000 1.00000000
vn 0.00000000 0.00000000 1.00000000
vn 0.00000000 0.00000000 1.00000000
vn -0.99978431 0.02076874 0.00000000
vn -0.99978431 0.02076874 0.00000000
vn -0.99978431 0.02076874 0.00000000
vn -0.99978431 0.02076874 0.00000000
vn 0.99987146 -0.01603346 0.00000000
vn 0.99987146 -0.01603346 0.00000000
vn 0.99987146 -0.01603346 0.00000000
vn 0.99987146 -0.01603346 0.00000000
vn 0.00000000 0.00000000 -1.00000000
vn 0.00000000 0.00000000 -1.00000000
vn 0.00000000 0.00000000 -1.00000000
vn 0.00000000 0.00000000 -1.00000000
vn 0.00000000 0.00000000 1.00000000
vn 0.00000000 0.00000000 1.00000000
vn 0.00000000 0.00000000 1.00000000
vn 0.00000000 0.00000000 1.00000000
vn -0.99978431 0.02076874 0.00000000
vn -0.99978431 0.02076874 0.00000000
vn -0.99978431 0.02076874 0.00000000
vn -0.99978431 0.02076874 0.00000000
vn 0.99987146 -0.01603346 0.00000000
vn 0.99987146 -0.01603346 0.00000000
vn 0.99987146 -0.01603346 0.00000000
vn 0.99987146 -0.01603346 0.00000000
vn 0.00000000 0.00000000 -1.00000000
vn 0.00000000 0.00000000 -1.00000000
vn 0.00000000 0.00000000 -1.00000000
vn 0.00000000 0.00000000 -1.00000000
vn 0.00000000 0.00000000 1.00000000
vn 0.00000000 0.00000000 1.00000000
vn 0.00000000 0.00000000 1.00000000
vn 0.00000000 0.00000000 1.00000000
vn -0.99978431 0.02076874 0.00000000
vn -0.99978431 0.02076874 0.00000000
vn -0.99978431 0.02076874 0.00000000
vn -0.99978431 0.02076874 0.00000000
vn 0.99987146 -0.01603346 0.00000000
vn 0.99987146 -0.01603346 0.00000000
vn 0.99987146 -0.01603346 0.00000000
vn 0.99987146 -0.01603346 0.00000000
vn 0.00000000 0.00000000 -1.00000000
vn 0.00000000 0.00000000 -1.00000000
vn 0.00000000 0.00000000 -1.00000000
vn 0.00000000 0.00000000 -1.00000000
vn 0.00000000 0.00000000 1.00000000
vn 0.00000000 0.00000000 1.00000000
vn 0.00000000 0.00000000 1.00000000
vn 0.00000000 0.00000000 1.00000000
vn -0.99990179 0.01401462 0.00000000
vn -0.99990179 0.01401462 0.00000000
vn -0.99990179 0.01401462 0.00000000
vn -0.99990179 0.01401462 0.00000000
vn 0.99990413 -0.01384638 0.00000000
vn 0.99990413 -0.01384638 0.00000000
vn 0.99990413 -0.01384638 0.00000000
vn 0.99990413 -0.01384638 0.00000000
vn 0.00000000 0.00000000 -1.00000000
vn 0.00000000 0.00000000 -1.00000000
vn 0.00000000 0.00000000 -1.00000000
vn 0.00000000 0.00000000 -1.00000000
vn 0.00000000 0.00000000 1.00000000
vn 0.00000000 0.00000000 1.00000000
vn 0.00000000 0.00000000 1.00000000
vn 0.00000000 0.00000000 1.00000000
vn -0.99987146 0.01603346 0.00000000
vn -0.99987146 0.01603346 0.00000000
vn -0.99987146 0.01603346 0.00000000
vn -0.99987146 0.01603346 0.00000000
vn 0.99990179 -0.01401462 0.00000000
vn 0.99990179 -0.01401462 0.00000000
vn 0.99990179 -0.01401462 0.00000000
vn 0.99990179 -0.01401462 0.00000000
vn -0.01603346 -0.99987146 0.00000000
vn -0.01401462 -0.99990179 0.00000000
vn -0.01401462 -0.99990179 0.00000000
vn -0.01603346 -0.99987146 0.00000000
vn 0.00000000 0.00000000 -1.00000000
vn 0.00000000 0.00000000 -1.00000000
vn 0.00000000 0.00000000 -1.00000000
vn 0.00000000 0.00000000 -1.00000000
vn 0.00000000 0.00000000 1.00000000
vn 0.00000000 0.00000000 1.00000000
vn 0.00000000 0.00000000 1.00000000
vn 0.00000000 0.00000000 1.00000000
vn -0.99978709 0.02063417 0.00000000
vn -0.99978709 0.02063417 0.00000000
vn -0.99978709 0.02063417 0.00000000
vn -0.99978709 0.02063417 0.00000000
vn 0.99990226 -0.01398097 0.00000000
vn 0.99990226 -0.01398097 0.00000000
vn 0.99990226 -0.01398097 0.00000000
vn 0.99990226 -0.01398097 0.00000000
vn -0.02063417 -0.99978709 0.00000000
vn -0.01398097 -0.99990226 0.00000000
vn -0.01398097 -0.99990226 0.00000000
vn -0.02063417 -0.99978709 0.00000000
vn 0.02063417 0.99978709 0.00000000
vn 0.02063417 0.99978709 0.00000000
vn 0.01398097 0.99990226 0.00000000
vn 0.01398097 0.99990226 0.00000000
vn 0.00000000 0.00000000 -1.00000000
vn 0.00000000 0.00000000 -1.00000000
vn 0.00000000 0.00000000 -1.00000000
vn 0.00000000 0.00000000 -1.00000000
vn 0.00000000 0.00000000 1.00000000
vn 0.00000000 0.00000000 1.00000000
vn 0.00000000 0.00000000 1.00000000
vn 0.00000000 0.00000000 1.00000000
vn -0.99990413 0.01384638 0.00000000
vn -0.99990413 0.01384638 0.00000000
vn -0.99990413 0.01384638 0.00000000
vn -0.99990413 0.01384638 0.00000000
vn 0.99997603 -0.00692336 0.00000000
vn 0.99997603 -0.00692336 0.00000000
vn 0.99997603 -0.00692336 0.00000000
vn 0.99997603 -0.00692336 0.00000000
vn 0.00000000 0.00000000 -1.00000000
vn 0.00000000 0.00000000 -1.00000000
vn 0.00000000 0.00000000 -1.00000000
vn 0.00000000 0.00000000 -1.00000000
vn 0.00000000 0.00000000 1.00000000
vn 0.00000000 0.00000000 1.00000000
vn 0.00000000 0.00000000 1.00000000
vn 0.00000000 0.00000000 1.00000000
vn -0.99990413 0.01384638 0.00000000
vn -0.99990413 0.01384638 0.00000000
vn -0.99990413 0.01384638 0.00000000
vn -0.99990413 0.01384638 0.00000000
vn 0.99995850 -0.00911061 0.00000000
vn 0.99995850 -0.00911061 0.00000000
vn 0.99995850 -0.00911061 0.00000000
vn 0.99995850 -0.00911061 0.00000000
vn 0.00000000 0.00000000 -1.00000000
vn 0.00000000 0.00000000 -1.00000000
vn 0.00000000 0.00000000 -1.00000000
vn 0.00000000 0.00000000 -1.00000000
vn 0.00000000 0.00000000 1.00000000
vn 0.00000000 0.00000000 1.00000000
vn 0.00000000 0.00000000 1.00000000
vn 0.00000000 0.00000000 1.00000000
vn -0.99990413 0.01384638 0.00000000
vn -0.99990413 0.01384638 0.00000000
vn -0.99990413 0.01384638 0.00000000
vn -0.99990413 0.01384638 0.00000000
vn 0.99995850 -0.00911061 0.00000000
vn 0.99995850 -0.00911061 0.00000000
vn 0.99995850 -0.00911061 0.00000000
vn 0.99995850 -0.00911061 0.00000000
vn 0.00000000 0.00000000 -1.00000000
vn 0.00000000 0.00000000 -1.00000000
vn 0.00000000 0.00000000 -1.00000000
vn 0.00000000 0.00000000 -1.00000000
vn 0.00000000 0.00000000 1.00000000
vn 0.00000000 0.00000000 1.00000000
vn 0.00000000 0.00000000 1.00000000
vn 0.00000000 0.00000000 1.00000000
vn -0.99990413 0.01384638 0.00000000
vn -0.99990413 0.01384638 0.00000000
vn -0.99990413 0.01384638 0.00000000
vn -0.99990413 0.01384638 0.00000000
vn 0.99995850 -0.00911061 0.00000000
vn 0.99995850 -0.00911061 0.00000000
vn 0.99995850 -0.00911061 0.00000000
vn 0.99995850 -0.00911061 0.00000000
vn 0.00000000 0.00000000 -1.00000000
vn 0.00000000 0.00000000 -1.00000000
vn 0.00000000 0.00000000 -1.00000000
vn 0.00000000 0.00000000 -1.00000000
vn 0.00000000 0.00000000 1.00000000
vn 0.00000000 0.00000000 1.00000000
vn 0.00000000 0.00000000 1.00000000
vn 0.00000000 0.00000000 1.00000000
vn -0.99997485 0.00709161 0.00000000
vn -0.99997485 0.00709161 0.00000000
vn -0.99997485 0.00709161 0.00000000
vn -0.99997485 0.00709161 0.00000000
vn 0.99997603 -0.00692336 0.00000000
vn 0.99997603 -0.00692336 0.00000000
vn 0.99997603 -0.00692336 0.00000000
vn 0.99997603 -0.00692336 0.00000000
vn 0.00000000 0.00000000 -1.00000000
vn 0.00000000 0.00000000 -1.00000000
vn 0.00000000 0.00000000 -1.00000000
vn 0.00000000 0.00000000 -1.00000000
vn 0.00000000 0.00000000 1.00000000
vn 0.00000000 0.00000000 1.00000000
vn 0.00000000 0.00000000 1.00000000
vn 0.00000000 0.00000000 1.00000000
vn -0.99995850 0.00911061 0.00000000
vn -0.99995850 0.00911061 0.00000000
vn -0.99995850 0.00911061 0.00000000
vn -0.99995850 0.00911061 0.00000000
vn 0.99997485 -0.00709161 0.00000000
vn 0.99997485 -0.00709161 0.00000000
vn 0.99997485 -0.00709161 0.00000000
vn 0.99997485 -0.00709161 0.00000000
vn -0.00911061 -0.99995850 0.00000000
vn -0.00709161 -0.99997485 0.00000000
vn -0.00709161 -0.99997485 0.00000000
vn -0.00911061 -0.99995850 0.00000000
vn 0.00000000 0.00000000 -1.00000000
vn 0.00000000 0.00000000 -1.00000000
vn 0.00000000 0.00000000 -1.00000000
vn 0.00000000 0.00000000 -1.00000000
vn 0.00000000 0.00000000 1.00000000
vn 0.00000000 0.00000000 1.00000000
vn 0.00000000 0.00000000 1.00000000
vn 0.00000000 0.00000000 1.00000000
vn -0.99990599 0.01371179 0.00000000
vn -0.99990599 0.01371179 0.00000000
vn -0.99990599 0.01371179 0.00000000
vn -0.99990599 0.01371179 0.00000000
vn 0.99997509 -0.00705796 0.00000000
vn 0.99997509 -0.00705796 0.00000000
vn 0.99997509 -0.00705796 0.00000000
vn 0.99997509 -0.00705796 0.00000000
vn -0.01371179 -0.99990599 0.00000000
vn -0.00705796 -0.99997509 0.00000000
vn -0.00705796 -0.99997509 0.00000000
vn -0.01371179 -0.99990599 0.00000000
vn 0.01371179 0.99990599 0.00000000
vn 0.01371179 0.99990599 0.00000000
vn 0.00705796 0.99997509 0.00000000
vn 0.00705796 0.99997509 0.00000000
vn 0.00000000 0.00000000 -1.00000000
vn 0.00000000 0.00000000 -1.00000000
vn 0.00000000 0.00000000 -1.00000000
vn 0.00000000 0.00000000 -1.00000000
vn 0.00000000 0.00000000 1.00000000
vn 0.00000000 0.00000000 1.00000000
vn 0.00000000 0.00000000 1.00000000
vn 0.00000000 0.00000000 1.00000000
vn -0.99997603 0.00692336 0.00000000
vn -0.99997603 0.00692336 0.00000000
vn -0.99997603 0.00692336 0.00000000
vn -0.99997603 0.00692336 0.00000000
vn 1.00000000 -0.00000000 0.00000000
vn 1.00000000 -0.00000000 0.00000000
vn 1.00000000 -0.00000000 0.00000000
vn 1.00000000 -0.00000000 0.00000000
vn 0.00000000 0.00000000 -1.00000000
vn 0.00000000 0.00000000 -1.00000000
vn 0.00000000 0.00000000 -1.00000000
vn 0.00000000 0.00000000 -1.00000000
vn 0.00000000 0.00000000 1.00000000
vn 0.00000000 0.00000000 1.00000000
vn 0.00000000 0.00000000 1.00000000
vn 0.00000000 0.00000000 1.00000000
vn -0.99997603 0.00692336 0.00000000
vn -0.99997603 0.00692336 0.00000000
vn -0.99997603 0.00692336 0.00000000
vn -0.99997603 0.00692336 0.00000000
vn 0.99999761 -0.00218732 0.00000000
vn 0.99999761 -0.00218732 0.00000000
vn 0.99999761 -0.00218732 0.00000000
vn 0.99999761 -0.00218732 0.00000000
vn 0.00000000 0.00000000 -1.00000000
vn 0.00000000 0.00000000 -1.00000000
vn 0.00000000 0.00000000 -1.00000000
vn 0.00000000 0.00000000 -1.00000000
vn 0.00000000 0.00000000 1.00000000
vn 0.00000000 0.00000000 1.00000000
vn 0.00000000 0.00000000 1.00000000
vn 0.00000000 0.00000000 1.00000000
vn -0.99997603 0.00692336 0.00000000
vn -0.99997603 0.00692336 0.00000000
vn -0.99997603 0.00692336 0.00000000
vn -0.99997603 0.00692336 0.00000000
vn 0.99999761 -0.00218732 0.00000000
vn 0.99999761 -0.00218732 0.00000000
vn 0.99999761 -0.00218732 0.00000000
vn 0.99999761 -0.00218732 0.00000000
vn 0.00000000 0.00000000 -1.00000000
vn 0.00000000 0.00000000 -1.00000000
vn 0.00000000 0.00000000 -1.00000000
vn 0.00000000 0.00000000 -1.00000000
vn 0.00000000 0.00000000 1.00000000
vn 0.00000000 0.00000000 1.00000000
vn 0.00000000 0.00000000 1.00000000
vn 0.00000000 0.00000000 1.00000000
vn -0.99997603 0.00692336 0.00000000
vn -0.99997603 0.00692336 0.00000000
vn -0.99997603 0.00692336 0.00000000
vn -0.99997603 0.00692336 0.00000000
vn 0.99999761 -0.00218732 0.00000000
vn 0.99999761 -0.00218732 0.00000000
vn 0.99999761 -0.00218732 0.00000000
vn 0.99999761 -0.00218732 0.00000000
vn 0.00000000 0.00000000 -1.00000000
vn 0.00000000 0.00000000 -1.00000000
vn 0.00000000 0.00000000 -1.00000000
vn 0.00000000 0.00000000 -1.00000000
vn 0.00000000 0.00000000 1.00000000
vn 0.00000000 0.00000000 1.00000000
vn 0.00000000 0.00000000 1.00000000
vn 0.00000000 0.00000000 1.00000000
vn -0.99999999 0.00016826 0.00000000
vn -0.99999999 0.00016826 0.00000000
vn -0.99999999 0.00016826 0.00000000
vn -0.99999999 0.00016826 0.00000000
vn 1.00000000 -0.00000000 0.00000000
vn 1.00000000 -0.00000000 0.00000000
vn 1.00000000 -0.00000000 0.00000000
vn 1.00000000 -0.00000000 0.00000000
vn 0.00000000 0.00000000 -1.00000000
vn 0.00000000 0.00000000 -1.00000000
vn 0.00000000 0.00000000 -1.00000000
vn 0.00000000 0.00000000 -1.00000000
vn 0.00000000 0.00000000 1.00000000
vn 0.00000000 0.00000000 1.00000000
vn 0.00000000 0.00000000 1.00000000
vn 0.00000000 0.00000000 1.00000000
vn -0.99999761 0.00218732 0.00000000
vn -0.99999761 0.00218732 0.00000000
vn -0.99999761 0.00218732 0.00000000
vn -0.99999761 0.00218732 0.00000000
vn 0.99999999 -0.00016826 0.00000000
vn 0.99999999 -0.00016826 0.00000000
vn 0.99999999 -0.00016826 0.00000000
vn 0.99999999 -0.00016826 0.00000000
vn -0.00218732 -0.99999761 0.00000000
vn -0.00016826 -0.99999999 0.00000000
vn -0.00016826 -0.99999999 0.00000000
vn -0.00218732 -0.99999761 0.00000000
vn 0.00000000 0.00000000 -1.00000000
vn 0.00000000 0.00000000 -1.00000000
vn 0.00000000 0.00000000 -1.00000000
vn 0.00000000 0.00000000 -1.00000000
vn 0.00000000 0.00000000 1.00000000
vn 0.00000000 0.00000000 1.00000000
vn 0.00000000 0.00000000 1.00000000
vn 0.00000000 0.00000000 1.00000000
vn -0.99997696 0.00678876 0.00000000
vn -0.99997696 0.00678876 0.00000000
vn -0.99997696 0.00678876 0.00000000
vn -0.99997696 0.00678876 0.00000000
vn 0.99999999 -0.00013460 0.00000000
vn 0.99999999 -0.00013460 0.00000000
vn 0.99999999 -0.00013460 0.00000000
vn 0.99999999 -0.00013460 0.00000000
vn -0.00678876 -0.99997696 0.00000000
vn -0.00013460 -0.99999999 0.00000000
vn -0.00013460 -0.99999999 0.00000000
vn -0.00678876 -0.99997696 0.00000000
vn 0.00678876 0.99997696 0.00000000
vn 0.00678876 0.99997696 0.00000000
vn 0.00013460 0.99999999 0.00000000
vn 0.00013460 0.99999999 0.00000000
vn 0.00000000 0.00000000 -1.00000000
vn 0.00000000 0.00000000 -1.00000000
vn 0.00000000 0.00000000 -1.00000000
vn 0.00000000 0.00000000 -1.00000000
vn 0.00000000 0.00000000 1.00000000
vn 0.00000000 0.00000000 1.00000000
vn 0.00000000 0.00000000 1.00000000
vn 0.00000000 0.00000000 1.00000000
vn -1.00000000 0.00000000 0.00000000
vn -1.00000000 0.00000000 0.00000000
vn -1.00000000 0.00000000 0.00000000
vn -1.00000000 0.00000000 0.00000000
vn 0.99997603 0.00692336 0.00000000
vn 0.99997603 0.00692336 0.00000000
vn 0.99997603 0.00692336 0.00000000
vn 0.99997603 0.00692336 0.00000000
vn 0.00000000 0.00000000 -1.00000000
vn 0.00000000 0.00000000 -1.00000000
vn 0.00000000 0.00000000 -1.00000000
vn 0.00000000 0.00000000 -1.00000000
vn 0.00000000 0.00000000 1.00000000
vn 0.00000000 0.00000000 1.00000000
vn 0.00000000 0.00000000 1.00000000
vn 0.00000000 0.00000000 1.00000000
vn -1.00000000 0.00000000 0.00000000
vn -1.00000000 0.00000000 0.00000000
vn -1.00000000 0.00000000 0.00000000
vn -1.00000000 0.00000000 0.00000000
vn 0.99998878 0.00473607 0.00000000
vn 0.99998878 0.00473607 0.00000000
vn 0.99998878 0.00473607 0.00000000
vn 0.99998878 0.00473607 0.00000000
vn 0.00000000 0.00000000 -1.00000000
vn 0.00000000 0.00000000 -1.00000000
vn 0.00000000 0.00000000 -1.00000000
vn 0.00000000 0.00000000 -1.00000000
vn 0.00000000 0.00000000 1.00000000
vn 0.00000000 0.00000000 1.00000000
vn 0.00000000 0.00000000 1.00000000
vn 0.00000000 0.00000000 1.00000000
vn -1.00000000 0.00000000 0.00000000
vn -1.00000000 0.00000000 0.00000000
vn -1.00000000 0.00000000 0.00000000
vn -1.00000000 0.00000000 0.00000000
vn 0.99998878 0.00473607 0.00000000
vn 0.99998878 0.00473607 0.00000000
vn 0.99998878 0.00473607 0.00000000
vn 0.99998878 0.00473607 0.00000000
vn 0.00000000 0.00000000 -1.00000000
vn 0.00000000 0.00000000 -1.00000000
vn 0.00000000 0.00000000 -1.00000000
vn 0.00000000 0.00000000 -1.00000000
vn 0.00000000 0.00000000 1.00000000
vn 0.00000000 0.00000000 1.00000000
vn 0.00000000 0.00000000 1.00000000
vn 0.00000000 0.00000000 1.00000000
vn -1.00000000 0.00000000 0.00000000
vn -1.00000000 0.00000000 0.00000000
vn -1.00000000 0.00000000 0.00000000
vn -1.00000000 0.00000000 0.00000000
vn 0.99998878 0.00473607 0.00000000
vn 0.99998878 0.00473607 0.00000000
vn 0.99998878 0.00473607 0.00000000
vn 0.99998878 0.00473607 0.00000000
vn 0.00000000 0.00000000 -1.00000000
vn 0.00000000 0.00000000 -1.00000000
vn 0.00000000 0.00000000 -1.00000000
vn 0.00000000 0.00000000 -1.00000000
vn 0.00000000 0.00000000 1.00000000
vn 0.00000000 0.00000000 1.00000000
vn 0.00000000 0.00000000 1.00000000
vn 0.00000000 0.00000000 1.00000000
vn -0.99997718 -0.00675511 0.00000000
vn -0.99997718 -0.00675511 0.00000000
vn -0.99997718 -0.00675511 0.00000000
vn -0.99997718 -0.00675511 0.00000000
vn 0.99997603 0.00692336 0.00000000
vn 0.99997603 0.00692336 0.00000000
vn 0.99997603 0.00692336 0.00000000
vn 0.99997603 0.00692336 0.00000000
vn 0.00000000 0.00000000 -1.00000000
vn 0.00000000 0.00000000 -1.00000000
vn 0.00000000 0.00000000 -1.00000000
vn 0.00000000 0.00000000 -1.00000000
vn 0.00000000 0.00000000 1.00000000
vn 0.00000000 0.00000000 1.00000000
vn 0.00000000 0.00000000 1.00000000
vn 0.00000000 0.00000000 1.00000000
vn -0.99998878 -0.00473607 0.00000000
vn -0.99998878 -0.00473607 0.00000000
vn -0.99998878 -0.00473607 0.00000000
vn -0.99998878 -0.00473607 0.00000000
vn 0.99997718 0.00675511 0.00000000
vn 0.99997718 0.00675511 0.00000000
vn 0.99997718 0.00675511 0.00000000
vn 0.99997718 0.00675511 0.00000000
vn 0.00473607 -0.99998878 0.00000000
vn 0.00675511 -0.99997718 0.00000000
vn 0.00675511 -0.99997718 0.00000000
vn 0.00473607 -0.99998878 0.00000000
vn 0.00000000 0.00000000 -1.00000000
vn 0.00000000 0.00000000 -1.00000000
vn 0.00000000 0.00000000 -1.00000000
vn 0.00000000 0.00000000 -1.00000000
vn 0.00000000 0.00000000 1.00000000
vn 0.00000000 0.00000000 1.00000000
vn 0.00000000 0.00000000 1.00000000
vn 0.00000000 0.00000000 1.00000000
vn -0.99999999 -0.00013460 0.00000000
vn -0.99999999 -0.00013460 0.00000000
vn -0.99999999 -0.00013460 0.00000000
vn -0.99999999 -0.00013460 0.00000000
vn 0.99997696 0.00678876 0.00000000
vn 0.99997696 0.00678876 0.00000000
vn 0.99997696 0.00678876 0.00000000
vn 0.99997696 0.00678876 0.00000000
vn 0.00013460 -0.99999999 0.00000000
vn 0.00678876 -0.99997696 0.00000000
vn 0.00678876 -0.99997696 0.00000000
vn 0.00013460 -0.99999999 0.00000000
vn -0.00013460 0.99999999 0.00000000
vn -0.00013460 0.99999999 0.00000000
vn -0.00678876 0.99997696 0.00000000
vn -0.00678876 0.99997696 0.00000000
vn 0.00000000 0.00000000 -1.00000000
vn 0.00000000 0.00000000 -1.00000000
vn 0.00000000 0.00000000 -1.00000000
vn 0.00000000 0.00000000 -1.00000000
vn 0.00000000 0.00000000 1.00000000
vn 0.00000000 0.00000000 1.00000000
vn 0.00000000 0.00000000 1.00000000
vn 0.00000000 0.00000000 1.00000000
vn -0.99997603 -0.00692336 0.00000000
vn -0.99997603 -0.00692336 0.00000000
vn -0.99997603 -0.00692336 0.00000000
vn -0.99997603 -0.00692336 0.00000000
vn 0.99990413 0.01384638 0.00000000
vn 0.99990413 0.01384638 0.00000000
vn 0.99990413 0.01384638 0.00000000
vn 0.99990413 0.01384638 0.00000000
vn 0.00000000 0.00000000 -1.00000000
vn 0.00000000 0.00000000 -1.00000000
vn 0.00000000 0.00000000 -1.00000000
vn 0.00000000 0.00000000 -1.00000000
vn 0.00000000 0.00000000 1.00000000
vn 0.00000000 0.00000000 1.00000000
vn 0.00000000 0.00000000 1.00000000
vn 0.00000000 0.00000000 1.00000000
vn -0.99997603 -0.00692336 0.00000000
vn -0.99997603 -0.00692336 0.00000000
vn -0.99997603 -0.00692336 0.00000000
vn -0.99997603 -0.00692336 0.00000000
vn 0.99993203 0.01165924 0.00000000
vn 0.99993203 0.01165924 0.00000000
vn 0.99993203 0.01165924 0.00000000
vn 0.99993203 0.01165924 0.00000000
vn 0.00000000 0.00000000 -1.00000000
vn 0.00000000 0.00000000 -1.00000000
vn 0.00000000 0.00000000 -1.00000000
vn 0.00000000 0.00000000 -1.00000000
vn 0.00000000 0.00000000 1.00000000
vn 0.00000000 0.00000000 1.00000000
vn 0.00000000 0.00000000 1.00000000
vn 0.00000000 0.00000000 1.00000000
vn -0.99997603 -0.00692336 0.00000000
vn -0.99997603 -0.00692336 0.00000000
vn -0.99997603 -0.00692336 0.00000000
vn -0.99997603 -0.00692336 0.00000000
vn 0.99993203 0.01165924 0.00000000
vn 0.99993203 0.01165924 0.00000000
vn 0.99993203 0.01165924 0.00000000
vn 0.99993203 0.01165924 0.00000000
vn 0.00000000 0.00000000 -1.00000000
vn 0.00000000 0.00000000 -1.00000000
vn 0.00000000 0.00000000 -1.00000000
vn 0.00000000 0.00000000 -1.00000000
vn 0.00000000 0.00000000 1.00000000
vn 0.00000000 0.00000000 1.00000000
vn 0.00000000 0.00000000 1.00000000
vn 0.00000000 0.00000000 1.00000000
vn -0.99997603 -0.00692336 0.00000000
vn -0.99997603 -0.00692336 0.00000000
vn -0.99997603 -0.00692336 0.00000000
vn -0.99997603 -0.00692336 0.00000000
vn 0.99993203 0.01165924 0.00000000
vn 0.99993203 0.01165924 0.00000000
vn 0.99993203 0.01165924 0.00000000
vn 0.99993203 0.01165924 0.00000000
vn 0.00000000 0.00000000 -1.00000000
vn 0.00000000 0.00000000 -1.00000000
vn 0.00000000 0.00000000 -1.00000000
vn 0.00000000 0.00000000 -1.00000000
vn 0.00000000 0.00000000 1.00000000
vn 0.00000000 0.00000000 1.00000000
vn 0.00000000 0.00000000 1.00000000
vn 0.00000000 0.00000000 1.00000000
vn -0.99990645 -0.01367814 0.00000000
vn -0.99990645 -0.01367814 0.00000000
vn -0.99990645 -0.01367814 0.00000000
vn -0.99990645 -0.01367814 0.00000000
vn 0.99990413 0.01384638 0.00000000
vn 0.99990413 0.01384638 0.00000000
vn 0.99990413 0.01384638 0.00000000
vn 0.99990413 0.01384638 0.00000000
vn 0.00000000 0.00000000 -1.00000000
vn 0.00000000 0.00000000 -1.00000000
vn 0.00000000 0.00000000 -1.00000000
vn 0.00000000 0.00000000 -1.00000000
vn 0.00000000 0.00000000 1.00000000
vn 0.00000000 0.00000000 1.00000000
vn 0.00000000 0.00000000 1.00000000
vn 0.00000000 0.00000000 1.00000000
vn -0.99993203 -0.01165924 0.00000000
vn -0.99993203 -0.01165924 0.00000000
vn -0.99993203 -0.01165924 0.00000000
vn -0.99993203 -0.01165924 0.00000000
vn 0.99990645 0.01367814 0.00000000
vn 0.99990645 0.01367814 0.00000000
vn 0.99990645 0.01367814 0.00000000
vn 0.99990645 0.01367814 0.00000000
vn 0.01165924 -0.99993203 0.00000000
vn 0.01367814 -0.99990645 0.00000000
vn 0.01367814 -0.99990645 0.00000000
vn 0.01165924 -0.99993203 0.00000000
vn 0.00000000 0.00000000 -1.00000000
vn 0.00000000 0.00000000 -1.00000000
vn 0.00000000 0.00000000 -1.00000000
vn 0.00000000 0.00000000 -1.00000000
vn 0.00000000 0.00000000 1.00000000
vn 0.00000000 0.00000000 1.00000000
vn 0.00000000 0.00000000 1.00000000
vn 0.00000000 0.00000000 1.00000000
vn -0.99997509 -0.00705796 0.00000000
vn -0.99997509 -0.00705796 0.00000000
vn -0.99997509 -0.00705796 0.00000000
vn -0.99997509 -0.00705796 0.00000000
vn 0.99990599 0.01371179 0.00000000
vn 0.99990599 0.01371179 0.00000000
vn 0.99990599 0.01371179 0.00000000
vn 0.99990599 0.01371179 0.00000000
vn 0.00705796 -0.99997509 0.00000000
vn 0.01371179 -0.99990599 0.00000000
vn 0.01371179 -0.99990599 0.00000000
vn 0.00705796 -0.99997509 0.00000000
vn -0.00705796 0.99997509 0.00000000
vn -0.00705796 0.99997509 0.00000000
vn -0.01371179 0.99990599 0.00000000
vn -0.01371179 0.99990599 0.00000000
vn 0.00000000 0.00000000 -1.00000000
vn 0.00000000 0.00000000 -1.00000000
vn 0.00000000 0.00000000 -1.00000000
vn 0.00000000 0.00000000 -1.00000000
vn 0.00000000 0.00000000 1.00000000
vn 0.00000000 0.00000000 1.00000000
vn 0.00000000 0.00000000 1.00000000
vn 0.00000000 0.00000000 1.00000000
vn -0.99990413 -0.01384638 0.00000000
vn -0.99990413 -0.01384638 0.00000000
vn -0.99990413 -0.01384638 0.00000000
vn -0.99990413 -0.01384638 0.00000000
vn 0.99978431 0.02076874 0.00000000
vn 0.99978431 0.02076874 0.00000000
vn 0.99978431 0.02076874 0.00000000
vn 0.99978431 0.02076874 0.00000000
vn 0.00000000 0.00000000 -1.00000000
vn 0.00000000 0.00000000 -1.00000000
vn 0.00000000 0.00000000 -1.00000000
vn 0.00000000 0.00000000 -1.00000000
vn 0.00000000 0.00000000 1.00000000
vn 0.00000000 0.00000000 1.00000000
vn 0.00000000 0.00000000 1.00000000
vn 0.00000000 0.00000000 1.00000000
vn -0.99990413 -0.01384638 0.00000000
vn -0.99990413 -0.01384638 0.00000000
vn -0.99990413 -0.01384638 0.00000000
vn -0.99990413 -0.01384638 0.00000000
vn 0.99982734 0.01858184 0.00000000
vn 0.99982734 0.01858184 0.00000000
vn 0.99982734 0.01858184 0.00000000
vn 0.99982734 0.01858184 0.00000000
vn 0.00000000 0.00000000 -1.00000000
vn 0.00000000 0.00000000 -1.00000000
vn 0.00000000 0.00000000 -1.00000000
vn 0.00000000 0.00000000 -1.00000000
vn 0.00000000 0.00000000 1.00000000
vn 0.00000000 0.00000000 1.00000000
vn 0.00000000 0.00000000 1.00000000
vn 0.00000000 0.00000000 1.00000000
vn -0.99990413 -0.01384638 0.00000000
vn -0.99990413 -0.01384638 0.00000000
vn -0.99990413 -0.01384638 0.00000000
vn -0.99990413 -0.01384638 0.00000000
vn 0.99982734 0.01858184 0.00000000
vn 0.99982734 0.01858184 0.00000000
vn 0.99982734 0.01858184 0.00000000
vn 0.99982734 0.01858184 0.00000000
vn 0.00000000 0.00000000 -1.00000000
vn 0.00000000 0.00000000 -1.00000000
vn 0.00000000 0.00000000 -1.00000000
vn 0.00000000 0.00000000 -1.00000000
vn 0.00000000 0.00000000 1.00000000
vn 0.00000000 0.00000000 1.00000000
vn 0.00000000 0.00000000 1.00000000
vn 0.00000000 0.00000000 1.00000000
vn -0.99990413 -0.01384638 0.00000000
vn -0.99990413 -0.01384638 0.00000000
vn -0.99990413 -0.01384638 0.00000000
vn -0.99990413 -0.01384638 0.00000000
vn 0.99982734 0.01858184 0.00000000
vn 0.99982734 0.01858184 0.00000000
vn 0.99982734 0.01858184 0.00000000
vn 0.99982734 0.01858184 0.00000000
vn 0.00000000 0.00000000 -1.00000000
vn 0.00000000 0.00000000 -1.00000000
vn 0.00000000 0.00000000 -1.00000000
vn 0.00000000 0.00000000 -1.00000000
vn 0.00000000 0.00000000 1.00000000
vn 0.00000000 0.00000000 1.00000000
vn 0.00000000 0.00000000 1.00000000
vn 0.00000000 0.00000000 1.00000000
vn -0.99978779 -0.02060052 0.00000000
vn -0.99978779 -0.02060052 0.00000000
vn -0.99978779 -0.02060052 0.00000000
vn -0.99978779 -0.02060052 0.00000000
vn 0.99978431 0.02076874 0.00000000
vn 0.99978431 0.02076874 0.00000000
vn 0.99978431 0.02076874 0.00000000
vn 0.99978431 0.02076874 0.00000000
vn 0.00000000 0.00000000 -1.00000000
vn 0.00000000 0.00000000 -1.00000000
vn 0.00000000 0.00000000 -1.00000000
vn 0.00000000 0.00000000 -1.00000000
vn 0.00000000 0.00000000 1.00000000
vn 0.00000000 0.00000000 1.00000000
vn 0.00000000 0.00000000 1.00000000
vn 0.00000000 0.00000000 1.00000000
vn -0.99982734 -0.01858184 0.00000000
vn -0.99982734 -0.01858184 0.00000000
vn -0.99982734 -0.01858184 0.00000000
vn -0.99982734 -0.01858184 0.00000000
vn 0.99978779 0.02060052 0.00000000
vn 0.99978779 0.02060052 0.00000000
vn 0.99978779 0.02060052 0.00000000
vn 0.99978779 0.02060052 0.00000000
vn 0.01858184 -0.99982734 0.00000000
vn 0.02060052 -0.99978779 0.00000000
vn 0.02060052 -0.99978779 0.00000000
vn 0.01858184 -0.99982734 0.00000000
vn 0.00000000 0.00000000 -1.00000000
vn 0.00000000 0.00000000 -1.00000000
vn 0.00000000 0.00000000 -1.00000000
vn 0.00000000 0.00000000 -1.00000000
vn 0.00000000 0.00000000 1.00000000
vn 0.00000000 0.00000000 1.00000000
vn 0.00000000 0.00000000 1.00000000
vn 0.00000000 0.00000000 1.00000000
vn -0.99990226 -0.01398097 0.00000000
vn -0.99990226 -0.01398097 0.00000000
vn -0.99990226 -0.01398097 0.00000000
vn -0.99990226 -0.01398097 0.00000000
vn 0.99978709 0.02063417 0.00000000
vn 0.99978709 0.02063417 0.00000000
vn 0.99978709 0.02063417 0.00000000
vn 0.99978709 0.02063417 0.00000000
vn 0.01398097 -0.99990226 0.00000000
vn 0.02063417 -0.99978709 0.00000000
vn 0.02063417 -0.99978709 0.00000000
vn 0.01398097 -0.99990226 0.00000000
vn -0.01398097 0.99990226 0.00000000
vn -0.01398097 0.99990226 0.00000000
vn -0.02063417 0.99978709 0.00000000
vn -0.02063417 0.99978709 0.00000000
vn 0.00000000 0.00000000 -1.00000000
vn 0.00000000 0.00000000 -1.00000000
vn 0.00000000 0.00000000 -1.00000000
vn 0.00000000 0.00000000 -1.00000000
vn 0.00000000 0.00000000 1.00000000
vn 0.00000000 0.00000000 1.00000000
vn 0.00000000 0.00000000 1.00000000
vn 0.00000000 0.00000000 1.00000000
vn -0.99978431 0.02076874 0.00000000
vn -0.99978431 0.02076874 0.00000000
vn -0.99978431 0.02076874 0.00000000
vn -0.99978431 0.02076874 0.00000000
vn -0.02076874 -0.99978431 0.00000000
vn -0.01629204 -0.99986728 0.00000000
vn -0.01629204 -0.99986728 0.00000000
vn -0.02076874 -0.99978431 0.00000000
vn 0.02076874 0.99978431 0.00000000
vn 0.02076874 0.99978431 0.00000000
vn 0.01629204 0.99986728 0.00000000
vn 0.01629204 0.99986728 0.00000000
vn 0.00000000 0.00000000 -1.00000000
vn 0.00000000 0.00000000 -1.00000000
vn 0.00000000 0.00000000 -1.00000000
vn 0.00000000 0.00000000 -1.00000000
vn 0.00000000 0.00000000 1.00000000
vn 0.00000000 0.00000000 1.00000000
vn 0.00000000 0.00000000 1.00000000
vn 0.00000000 0.00000000 1.00000000
vn -0.01629204 -0.99986728 0.00000000
vn -0.01181502 -0.99993020 0.00000000
vn -0.01181502 -0.99993020 0.00000000
vn -0.01629204 -0.99986728 0.00000000
vn 0.01629204 0.99986728 0.00000000
vn 0.01629204 0.99986728 0.00000000
vn 0.01181502 0.99993020 0.00000000
vn 0.01181502 0.99993020 0.00000000
vn 0.00000000 0.00000000 -1.00000000
vn 0.00000000 0.00000000 -1.00000000
vn 0.00000000 0.00000000 -1.00000000
vn 0.00000000 0.00000000 -1.00000000
vn 0.00000000 0.00000000 1.00000000
vn 0.00000000 0.00000000 1.00000000
vn 0.00000000 0.00000000 1.00000000
vn 0.00000000 0.00000000 1.00000000
vn -0.01181502 -0.99993020 0.00000000
vn -0.00733775 -0.99997308 0.00000000
vn -0.00733775 -0.99997308 0.00000000
vn -0.01181502 -0.99993020 0.00000000
vn 0.01181502 0.99993020 0.00000000
vn 0.01181502 0.99993020 0.00000000
vn 0.00733775 0.99997308 0.00000000
vn 0.00733775 0.99997308 0.00000000
vn 0.00000000 0.00000000 -1.00000000
vn 0.00000000 0.00000000 -1.00000000
vn 0.00000000 0.00000000 -1.00000000
vn 0.00000000 0.00000000 -1.00000000
vn 0.00000000 0.00000000 1.00000000
vn 0.00000000 0.00000000 1.00000000
vn 0.00000000 0.00000000 1.00000000
vn 0.00000000 0.00000000 1.00000000
vn 0.99999591 -0.00286034 0.00000000
vn 0.99999591 -0.00286034 0.00000000
vn 0.99999591 -0.00286034 0.00000000
vn 0.99999591 -0.00286034 0.00000000
vn -0.00733775 -0.99997308 0.00000000
vn -0.00286034 -0.99999591 0.00000000
vn -0.00286034 -0.99999591 0.00000000
vn -0.00733775 -0.99997308 0.00000000
vn 0.00733775 0.99997308 0.00000000
vn 0.00733775 0.99997308 0.00000000
vn 0.00286034 0.99999591 0.00000000
vn 0.00286034 0.99999591 0.00000000
vn 0.00000000 0.00000000 -1.00000000
vn 0.00000000 0.00000000 -1.00000000
vn 0.00000000 0.00000000 -1.00000000
vn 0.00000000 0.00000000 -1.00000000
vn 0.00000000 0.00000000 1.00000000
vn 0.00000000 0.00000000 1.00000000
vn 0.00000000 0.00000000 1.00000000
vn 0.00000000 0.00000000 1.00000000
vn -0.99999591 -0.00286034 0.00000000
vn -0.99999591 -0.00286034 0.00000000
vn -0.99999591 -0.00286034 0.00000000
vn -0.99999591 -0.00286034 0.00000000
vn 0.00286034 -0.99999591 0.00000000
vn 0.00733775 -0.99997308 0.00000000
vn 0.00733775 -0.99997308 0.00000000
vn 0.00286034 -0.99999591 0.00000000
vn -0.00286034 0.99999591 0.00000000
vn -0.00286034 0.99999591 0.00000000
vn -0.00733775 0.99997308 0.00000000
vn -0.00733775 0.99997308 0.00000000
vn 0.00000000 0.00000000 -1.00000000
vn 0.00000000 0.00000000 -1.00000000
vn 0.00000000 0.00000000 -1.00000000
vn 0.00000000 0.00000000 -1.00000000
vn 0.00000000 0.00000000 1.00000000
vn 0.00000000 0.00000000 1.00000000
vn 0.00000000 0.00000000 1.00000000
vn 0.00000000 0.00000000 1.00000000
vn 0.00733775 -0.99997308 0.00000000
vn 0.01181502 -0.99993020 0.00000000
vn 0.01181502 -0.99993020 0.00000000
vn 0.00733775 -0.99997308 0.00000000
vn -0.00733775 0.99997308 0.00000000
vn -0.00733775 0.99997308 0.00000000
vn -0.01181502 0.99993020 0.00000000
vn -0.01181502 0.99993020 0.00000000
vn 0.00000000 0.00000000 -1.00000000
vn 0.00000000 0.00000000 -1.00000000
vn 0.00000000 0.00000000 -1.00000000
vn 0.00000000 0.00000000 -1.00000000
vn 0.00000000 0.00000000 1.00000000
vn 0.00000000 0.00000000 1.00000000
vn 0.00000000 0.00000000 1.00000000
vn 0.00000000 0.00000000 1.00000000
vn 0.01181502 -0.99993020 0.00000000
vn 0.01629204 -0.99986728 0.00000000
vn 0.01629204 -0.99986728 0.00000000
vn 0.01181502 -0.99993020 0.00000000
vn -0.01181502 0.99993020 0.00000000
vn -0.01181502 0.99993020 0.00000000
vn -0.01629204 0.99986728 0.00000000
vn -0.01629204 0.99986728 0.00000000
vn 0.00000000 0.00000000 -1.00000000
vn 0.00000000 0.00000000 -1.00000000
vn 0.00000000 0.00000000 -1.00000000
vn 0.00000000 0.00000000 -1.00000000
vn 0.00000000 0.00000000 1.00000000
vn 0.00000000 0.00000000 1.00000000
vn 0.00000000 0.00000000 1.00000000
vn 0.00000000 0.00000000 1.00000000
vn 0.99978431 0.02076874 0.00000000
vn 0.99978431 0.02076874 0.00000000
vn 0.99978431 0.02076874 0.00000000
vn 0.99978431 0.02076874 0.00000000
vn 0.01629204 -0.99986728 0.00000000
vn 0.02076874 -0.99978431 0.00000000
vn 0.02076874 -0.99978431 0.00000000
vn 0.01629204 -0.99986728 0.00000000
vn -0.01629204 0.99986728 0.00000000
vn -0.01629204 0.99986728 0.00000000
vn -0.02076874 0.99978431 0.00000000
vn -0.02076874 0.99978431 0.00000000
vn 0.00000000 0.00000000 -1.00000000
vn 0.00000000 0.00000000 -1.00000000
vn 0.00000000 0.00000000 -1.00000000
vn 0.00000000 0.00000000 -1.00000000
vn 0.00000000 0.00000000 1.00000000
vn 0.00000000 0.00000000 1.00000000
vn 0.00000000 0.00000000 1.00000000
vn 0.00000000 0.00000000 1.00000000
vn -0.99999591 0.00286034 0.00000000
vn -0.99999591 0.00286034 0.00000000
vn -0.99999591 0.00286034 0.00000000
vn -0.99999591 0.00286034 0.00000000
vn -0.00286034 -0.99999591 0.00000000
vn 0.00000000 -1.00000000 0.00000000
vn 0.00000000 -1.00000000 0.00000000
vn -0.00286034 -0.99999591 0.00000000
vn 0.00286034 0.99999591 0.00000000
vn 0.00286034 0.99999591 0.00000000
vn 0.00000000 1.00000000 0.00000000
vn 0.00000000 1.00000000 0.00000000
vn 0.00000000 0.00000000 -1.00000000
vn 0.00000000 0.00000000 -1.00000000
vn 0.00000000 0.00000000 -1.00000000
vn 0.00000000 0.00000000 -1.00000000
vn 0.00000000 0.00000000 1.00000000
vn 0.00000000 0.00000000 1.00000000
vn 0.00000000 0.00000000 1.00000000
vn 0.00000000 0.00000000 1.00000000
vn 0.99999591 0.00286034 0.00000000
vn 0.99999591 0.00286034 0.00000000
vn 0.99999591 0.00286034 0.00000000
vn 0.99999591 0.00286034 0.00000000
vn 0.00000000 -1.00000000 0.00000000
vn 0.00286034 -0.99999591 0.00000000
vn 0.00286034 -0.99999591 0.00000000
vn 0.00000000 -1.00000000 0.00000000
vn 0.00000000 1.00000000 0.00000000
vn 0.00000000 1.00000000 0.00000000
vn -0.00286034 0.99999591 0.00000000
vn -0.00286034 0.99999591 0.00000000
vn 0.00000000 0.00000000 -1.00000000
vn 0.00000000 0.00000000 -1.00000000
vn 0.00000000 0.00000000 -1.00000000
vn 0.00000000 0.00000000 -1.00000000
vn 0.00000000 0.00000000 1.00000000
vn 0.00000000 0.00000000 1.00000000
vn 0.00000000 0.00000000 1.00000000
vn 0.00000000 0.00000000 1.00000000
vn -0.99999591 0.00286034 0.00000000
vn -0.99999591 0.00286034 0.00000000
vn -0.99999591 0.00286034 0.00000000
vn -0.99999591 0.00286034 0.00000000
vn -0.00286034 -0.99999591 0.00000000
vn 0.00000000 -1.00000000 0.00000000
vn 0.00000000 -1.00000000 0.00000000
vn -0.00286034 -0.99999591 0.00000000
vn 0.00286034 0.99999591 0.00000000
vn 0.00286034 0.99999591 0.00000000
vn 0.00000000 1.00000000 0.00000000
vn 0.00000000 1.00000000 0.00000000
vn 0.00000000 0.00000000 -1.00000000
vn 0.00000000 0.00000000 -1.00000000
vn 0.00000000 0.00000000 -1.00000000
vn 0.00000000 0.00000000 -1.00000000
vn 0.00000000 0.00000000 1.00000000
vn 0.00000000 0.00000000 1.00000000
vn 0.00000000 0.00000000 1.00000000
vn 0.00000000 0.00000000 1.00000000
vn 0.99999591 0.00286034 0.00000000
vn 0.99999591 0.00286034 0.00000000
vn 0.99999591 0.00286034 0.00000000
vn 0.99999591 0.00286034 0.00000000
vn 0.00000000 -1.00000000 0.00000000
vn 0.00286034 -0.99999591 0.00000000
vn 0.00286034 -0.99999591 0.00000000
vn 0.00000000 -1.00000000 0.00000000
vn 0.00000000 1.00000000 0.00000000
vn 0.00000000 1.00000000 0.00000000
vn -0.00286034 0.99999591 0.00000000
vn -0.00286034 0.99999591 0.00000000
vn 0.00000000 0.00000000 -1.00000000
vn 0.00000000 0.00000000 -1.00000000
vn 0.00000000 0.00000000 -1.00000000
vn 0.00000000 0.00000000 -1.00000000
vn 0.00000000 0.00000000 1.00000000
vn 0.00000000 0.00000000 1.00000000
vn 0.00000000 0.00000000 1.00000000
vn 0.00000000 0.00000000 1.00000000
vn -0.99999591 0.00286034 0.00000000
vn -0.99999591 0.00286034 0.00000000
vn -0.99999591 0.00286034 0.00000000
vn -0.99999591 0.00286034 0.00000000
vn 0.99999699 -0.00245172 0.00000000
vn 0.99999699 -0.00245172 0.00000000
vn 0.99999699 -0.00245172 0.00000000
vn 0.99999699 -0.00245172 0.00000000
vn -0.00286034 -0.99999591 0.00000000
vn -0.00245172 -0.99999699 0.00000000
vn -0.00245172 -0.99999699 0.00000000
vn -0.00286034 -0.99999591 0.00000000
vn 0.00286034 0.99999591 0.00000000
vn 0.00286034 0.99999591 0.00000000
vn 0.00245172 0.99999699 0.00000000
vn 0.00245172 0.99999699 0.00000000
vn 0.00000000 0.00000000 -1.00000000
vn 0.00000000 0.00000000 -1.00000000
vn 0.00000000 0.00000000 -1.00000000
vn 0.00000000 0.00000000 -1.00000000
vn 0.00000000 0.00000000 1.00000000
vn 0.00000000 0.00000000 1.00000000
vn 0.00000000 0.00000000 1.00000000
vn 0.00000000 0.00000000 1.00000000
vn -0.99999591 0.00286034 0.00000000
vn -0.99999591 0.00286034 0.00000000
vn -0.99999591 0.00286034 0.00000000
vn -0.99999591 0.00286034 0.00000000
vn 0.99999607 -0.00280426 0.00000000
vn 0.99999607 -0.00280426 0.00000000
vn 0.99999607 -0.00280426 0.00000000
vn 0.99999607 -0.00280426 0.00000000
vn -0.00286034 -0.99999591 0.00000000
vn -0.00280426 -0.99999607 0.00000000
vn -0.00280426 -0.99999607 0.00000000
vn -0.00286034 -0.99999591 0.00000000
vn 0.00286034 0.99999591 0.00000000
vn 0.00286034 0.99999591 0.00000000
vn 0.00280426 0.99999607 0.00000000
vn 0.00280426 0.99999607 0.00000000
vn 0.00000000 0.00000000 -1.00000000
vn 0.00000000 0.00000000 -1.00000000
vn 0.00000000 0.00000000 -1.00000000
vn 0.00000000 0.00000000 -1.00000000
vn 0.00000000 0.00000000 1.00000000
vn 0.00000000 0.00000000 1.00000000
vn 0.00000000 0.00000000 1.00000000
vn 0.00000000 0.00000000 1.00000000
vn -0.99999699 0.00245172 0.00000000
vn -0.99999699 0.00245172 0.00000000
vn -0.99999699 0.00245172 0.00000000
vn -0.99999699 0.00245172 0.00000000
vn 0.99999791 -0.00204310 0.00000000
vn 0.99999791 -0.00204310 0.00000000
vn 0.99999791 -0.00204310 0.00000000
vn 0.99999791 -0.00204310 0.00000000
vn -0.00245172 -0.99999699 0.00000000
vn -0.00204310 -0.99999791 0.00000000
vn -0.00204310 -0.99999791 0.00000000
vn -0.00245172 -0.99999699 0.00000000
vn 0.00245172 0.99999699 0.00000000
vn 0.00245172 0.99999699 0.00000000
vn 0.00204310 0.99999791 0.00000000
vn 0.00204310 0.99999791 0.00000000
vn 0.00000000 0.00000000 -1.00000000
vn 0.00000000 0.00000000 -1.00000000
vn 0.00000000 0.00000000 -1.00000000
vn 0.00000000 0.00000000 -1.00000000
vn 0.00000000 0.00000000 1.00000000
vn 0.00000000 0.00000000 1.00000000
vn 0.00000000 0.00000000 1.00000000
vn 0.00000000 0.00000000 1.00000000
vn -0.99999699 0.00245172 0.00000000
vn -0.99999699 0.00245172 0.00000000
vn -0.99999699 0.00245172 0.00000000
vn -0.99999699 0.00245172 0.00000000
vn 0.99999713 -0.00239564 0.00000000
vn 0.99999713 -0.00239564 0.00000000
vn 0.99999713 -0.00239564 0.00000000
vn 0.99999713 -0.00239564 0.00000000
vn -0.00245172 -0.99999699 0.00000000
vn -0.00239564 -0.99999713 0.00000000
vn -0.00239564 -0.99999713 0.00000000
vn -0.00245172 -0.99999699 0.00000000
vn 0.00245172 0.99999699 0.00000000
vn 0.00245172 0.99999699 0.00000000
vn 0.00239564 0.99999713 0.00000000
vn 0.00239564 0.99999713 0.00000000
vn 0.00000000 0.00000000 -1.00000000
vn 0.00000000 0.00000000 -1.00000000
vn 0.00000000 0.00000000 -1.00000000
vn 0.00000000 0.00000000 -1.00000000
vn 0.00000000 0.00000000 1.00000000
vn 0.00000000 0.00000000 1.00000000
vn 0.00000000 0.00000000 1.00000000
vn 0.00000000 0.00000000 1.00000000
vn -0.99999791 0.00204310 0.00000000
vn -0.99999791 0.00204310 0.00000000
vn -0.99999791 0.00204310 0.00000000
vn -0.99999791 0.00204310 0.00000000
vn 0.99999866 -0.00163448 0.00000000
vn 0.99999866 -0.00163448 0.00000000
vn 0.99999866 -0.00163448 0.00000000
vn 0.99999866 -0.00163448 0.00000000
vn -0.00204310 -0.99999791 0.00000000
vn -0.00163448 -0.99999866 0.00000000
vn -0.00163448 -0.99999866 0.00000000
vn -0.00204310 -0.99999791 0.00000000
vn 0.00204310 0.99999791 0.00000000
vn 0.00204310 0.99999791 0.00000000
vn 0.00163448 0.99999866 0.00000000
vn 0.00163448 0.99999866 0.00000000
vn 0.00000000 0.00000000 -1.00000000
vn 0.00000000 0.00000000 -1.00000000
vn 0.00000000 0.00000000 -1.00000000
vn 0.00000000 0.00000000 -1.00000000
vn 0.00000000 0.00000000 1.00000000
vn 0.00000000 0.00000000 1.00000000
vn 0.00000000 0.00000000 1.00000000
vn 0.00000000 0.00000000 1.00000000
vn -0.99999791 0.00204310 0.00000000
vn -0.99999791 0.00204310 0.00000000
vn -0.99999791 0.00204310 0.00000000
vn -0.99999791 0.00204310 0.00000000
vn 0.99999803 -0.00198702 0.00000000
vn 0.99999803 -0.00198702 0.00000000
vn 0.99999803 -0.00198702 0.00000000
vn 0.99999803 -0.00198702 0.00000000
vn -0.00204310 -0.99999791 0.00000000
vn -0.00198702 -0.99999803 0.00000000
vn -0.00198702 -0.99999803 0.00000000
vn -0.00204310 -0.99999791 0.00000000
vn 0.00204310 0.99999791 0.00000000
vn 0.00204310 0.99999791 0.00000000
vn 0.00198702 0.99999803 0.00000000
vn 0.00198702 0.99999803 0.00000000
vn 0.00000000 0.00000000 -1.00000000
vn 0.00000000 0.00000000 -1.00000000
vn 0.00000000 0.00000000 -1.00000000
vn 0.00000000 0.00000000 -1.00000000
vn 0.00000000 0.00000000 1.00000000
vn 0.00000000 0.00000000 1.00000000
vn 0.00000000 0.00000000 1.00000000
vn 0.00000000 0.00000000 1.00000000
vn -0.99999866 0.00163448 0.00000000
vn -0.99999866 0.00163448 0.00000000
vn -0.99999866 0.00163448 0.00000000
vn -0.99999866 0.00163448 0.00000000
vn 0.99999925 -0.00122586 0.00000000
vn 0.99999925 -0.00122586 0.00000000
vn 0.99999925 -0.00122586 0.00000000
vn 0.99999925 -0.00122586 0.00000000
vn -0.00163448 -0.99999866 0.00000000
vn -0.00122586 -0.99999925 0.00000000
vn -0.00122586 -0.99999925 0.00000000
vn -0.00163448 -0.99999866 0.00000000
vn 0.00163448 0.99999866 0.00000000
vn 0.00163448 0.99999866 0.00000000
vn 0.00122586 0.99999925 0.00000000
vn 0.00122586 0.99999925 0.00000000
vn 0.00000000 0.00000000 -1.00000000
vn 0.00000000 0.00000000 -1.00000000
vn 0.00000000 0.00000000 -1.00000000
vn 0.00000000 0.00000000 -1.00000000
vn 0.00000000 0.00000000 1.00000000
vn 0.00000000 0.00000000 1.00000000
vn 0.00000000 0.00000000 1.00000000
vn 0.00000000 0.00000000 1.00000000
vn -0.99999866 0.00163448 0.00000000
vn -0.99999866 0.00163448 0.00000000
vn -0.99999866 0.00163448 0.00000000
vn -0.99999866 0.00163448 0.00000000
vn 0.99999875 -0.00157840 0.00000000
vn 0.99999875 -0.00157840 0.00000000
vn 0.99999875 -0.00157840 0.00000000
vn 0.99999875 -0.00157840 0.00000000
vn -0.00163448 -0.99999866 0.00000000
vn -0.00157840 -0.99999875 0.00000000
vn -0.00157840 -0.99999875 0.00000000
vn -0.00163448 -0.99999866 0.00000000
vn 0.00163448 0.99999866 0.00000000
vn 0.00163448 0.99999866 0.00000000
vn 0.00157840 0.99999875 0.00000000
vn 0.00157840 0.99999875 0.00000000
vn 0.00000000 0.00000000 -1.00000000
vn 0.00000000 0.00000000 -1.00000000
vn 0.00000000 0.00000000 -1.00000000
vn 0.00000000 0.00000000 -1.00000000
vn 0.00000000 0.00000000 1.00000000
vn 0.00000000 0.00000000 1.00000000
vn 0.00000000 0.00000000 1.00000000
vn 0.00000000 0.00000000 1.00000000
vn -0.99999925 0.00122586 0.00000000
vn -0.99999925 0.00122586 0.00000000
vn -0.99999925 0.00122586 0.00000000
vn -0.99999925 0.00122586 0.00000000
vn 0.99999967 -0.00081724 0.00000000
vn 0.99999967 -0.00081724 0.00000000
vn 0.99999967 -0.00081724 0.00000000
vn 0.99999967 -0.00081724 0.00000000
vn -0.00122586 -0.99999925 0.00000000
vn -0.00081724 -0.99999967 0.00000000
vn -0.00081724 -0.99999967 0.00000000
vn -0.00122586 -0.99999925 0.00000000
vn 0.00122586 0.99999925 0.00000000
vn 0.00122586 0.99999925 0.00000000
vn 0.00081724 0.99999967 0.00000000
vn 0.00081724 0.99999967 0.00000000
vn 0.00000000 0.00000000 -1.00000000
vn 0.00000000 0.00000000 -1.00000000
vn 0.00000000 0.00000000 -1.00000000
vn 0.00000000 0.00000000 -1.00000000
vn 0.00000000 0.00000000 1.00000000
vn 0.00000000 0.00000000 1.00000000
vn 0.00000000 0.00000000 1.00000000
vn 0.00000000 0.00000000 1.00000000
vn -0.99999925 0.00122586 0.00000000
vn -0.99999925 0.00122586 0.00000000
vn -0.99999925 0.00122586 0.00000000
vn -0.99999925 0.00122586 0.00000000
vn 0.99999932 -0.00116978 0.00000000
vn 0.99999932 -0.00116978 0.00000000
vn 0.99999932 -0.00116978 0.00000000
vn 0.99999932 -0.00116978 0.00000000
vn -0.00122586 -0.99999925 0.00000000
vn -0.00116978 -0.99999932 0.00000000
vn -0.00116978 -0.99999932 0.00000000
vn -0.00122586 -0.99999925 0.00000000
vn 0.00122586 0.99999925 0.00000000
vn 0.00122586 0.99999925 0.00000000
vn 0.00116978 0.99999932 0.00000000
vn 0.00116978 0.99999932 0.00000000
vn 0.00000000 0.00000000 -1.00000000
vn 0.00000000 0.00000000 -1.00000000
vn 0.00000000 0.00000000 -1.00000000
vn 0.00000000 0.00000000 -1.00000000
vn 0.00000000 0.00000000 1.00000000
vn 0.00000000 0.00000000 1.00000000
vn 0.00000000 0.00000000 1.00000000
vn 0.00000000 0.00000000 1.00000000
vn -0.99999967 0.00081724 0.00000000
vn -0.99999967 0.00081724 0.00000000
vn -0.99999967 0.00081724 0.00000000
vn -0.99999967 0.00081724 0.00000000
vn 0.99999992 -0.00040862 0.00000000
vn 0.99999992 -0.00040862 0.00000000
vn 0.99999992 -0.00040862 0.00000000
vn 0.99999992 -0.00040862 0.00000000
vn -0.00081724 -0.99999967 0.00000000
vn -0.00040862 -0.99999992 0.00000000
vn -0.00040862 -0.99999992 0.00000000
vn -0.00081724 -0.99999967 0.00000000
vn 0.00081724 0.99999967 0.00000000
vn 0.00081724 0.99999967 0.00000000
vn 0.00040862 0.99999992 0.00000000
vn 0.00040862 0.99999992 0.00000000
vn 0.00000000 0.00000000 -1.00000000
vn 0.00000000 0.00000000 -1.00000000
vn 0.00000000 0.00000000 -1.00000000
vn 0.00000000 0.00000000 -1.00000000
vn 0.00000000 0.00000000 1.00000000
vn 0.00000000 0.00000000 1.00000000
vn 0.00000000 0.00000000 1.00000000
vn 0.00000000 0.00000000 1.00000000
vn -0.99999967 0.00081724 0.00000000
vn -0.99999967 0.00081724 0.00000000
vn -0.99999967 0.00081724 0.00000000
vn -0.99999967 0.00081724 0.00000000
vn 0.99999971 -0.00076116 0.00000000
vn 0.99999971 -0.00076116 0.00000000
vn 0.99999971 -0.00076116 0.00000000
vn 0.99999971 -0.00076116 0.00000000
vn -0.00081724 -0.99999967 0.00000000
vn -0.00076116 -0.99999971 0.00000000
vn -0.00076116 -0.99999971 0.00000000
vn -0.00081724 -0.99999967 0.00000000
vn 0.00081724 0.99999967 0.00000000
vn 0.00081724 0.99999967 0.00000000
vn 0.00076116 0.99999971 0.00000000
vn 0.00076116 0.99999971 0.00000000
vn 0.00000000 0.00000000 -1.00000000
vn 0.00000000 0.00000000 -1.00000000
vn 0.00000000 0.00000000 -1.00000000
vn 0.00000000 0.00000000 -1.00000000
vn 0.00000000 0.00000000 1.00000000
vn 0.00000000 0.00000000 1.00000000
vn 0.00000000 0.00000000 1.00000000
vn 0.00000000 0.00000000 1.00000000
vn -0.99999992 0.00040862 0.00000000
vn -0.99999992 0.00040862 0.00000000
vn -0.99999992 0.00040862 0.00000000
vn -0.99999992 0.00040862 0.00000000
vn 1.00000000 0.00000000 0.00000000
vn 1.00000000 0.00000000 0.00000000
vn 1.00000000 0.00000000 0.00000000
vn 1.00000000 0.00000000 0.00000000
vn -0.00040862 -0.99999992 0.00000000
vn 0.00000000 -1.00000000 0.00000000
vn 0.00000000 -1.00000000 0.00000000
vn -0.00040862 -0.99999992 0.00000000
vn 0.00040862 0.99999992 0.00000000
vn 0.00040862 0.99999992 0.00000000
vn 0.00000000 1.00000000 0.00000000
vn 0.00000000 1.00000000 0.00000000
vn 0.00000000 0.00000000 -1.00000000
vn 0.00000000 0.00000000 -1.00000000
vn 0.00000000 0.00000000 -1.00000000
vn 0.00000000 0.00000000 -1.00000000
vn 0.00000000 0.00000000 1.00000000
vn 0.00000000 0.00000000 1.00000000
vn 0.00000000 0.00000000 1.00000000
vn 0.00000000 0.00000000 1.00000000
vn -0.99999992 0.00040862 0.00000000
vn -0.99999992 0.00040862 0.00000000
vn -0.99999992 0.00040862 0.00000000
vn -0.99999992 0.00040862 0.00000000
vn 0.99999994 -0.00035254 0.00000000
vn 0.99999994 -0.00035254 0.00000000
vn 0.99999994 -0.00035254 0.00000000
vn 0.99999994 -0.00035254 0.00000000
vn -0.00040862 -0.99999992 0.00000000
vn -0.00035254 -0.99999994 0.00000000
vn -0.00035254 -0.99999994 0.00000000
vn -0.00040862 -0.99999992 0.00000000
vn 0.00040862 0.99999992 0.00000000
vn 0.00040862 0.99999992 0.00000000
vn 0.00035254 0.99999994 0.00000000
vn 0.00035254 0.99999994 0.00000000
vn 0.00000000 0.00000000 -1.00000000
vn 0.00000000 0.00000000 -1.00000000
vn 0.00000000 0.00000000 -1.00000000
vn 0.00000000 0.00000000 -1.00000000
vn 0.00000000 0.00000000 1.00000000
vn 0.00000000 0.00000000 1.00000000
vn 0.00000000 0.00000000 1.00000000
vn 0.00000000 0.00000000 1.00000000
vn -1.00000000 0.00000000 0.00000000
vn -1.00000000 0.00000000 0.00000000
vn -1.00000000 0.00000000 0.00000000
vn -1.00000000 0.00000000 0.00000000
vn 0.99999992 0.00040862 0.00000000
vn 0.99999992 0.00040862 0.00000000
vn 0.99999992 0.00040862 0.00000000
vn 0.99999992 0.00040862 0.00000000
vn 0.00000000 -1.00000000 0.00000000
vn 0.00040862 -0.99999992 0.00000000
vn 0.00040862 -0.99999992 0.00000000
vn 0.00000000 -1.00000000 0.00000000
vn 0.00000000 1.00000000 0.00000000
vn 0.00000000 1.00000000 0.00000000
vn -0.00040862 0.99999992 0.00000000
vn -0.00040862 0.99999992 0.00000000
vn 0.00000000 0.00000000 -1.00000000
vn 0.00000000 0.00000000 -1.00000000
vn 0.00000000 0.00000000 -1.00000000
vn 0.00000000 0.00000000 -1.00000000
vn 0.00000000 0.00000000 1.00000000
vn 0.00000000 0.00000000 1.00000000
vn 0.00000000 0.00000000 1.00000000
vn 0.00000000 0.00000000 1.00000000
vn -1.00000000 0.00000000 0.00000000
vn -1.00000000 0.00000000 0.00000000
vn -1.00000000 0.00000000 0.00000000
vn -1.00000000 0.00000000 0.00000000
vn 1.00000000 0.00005609 0.00000000
vn 1.00000000 0.00005609 0.00000000
vn 1.00000000 0.00005609 0.00000000
vn 1.00000000 0.00005609 0.00000000
vn 0.00000000 -1.00000000 0.00000000
vn 0.00005609 -1.00000000 0.00000000
vn 0.00005609 -1.00000000 0.00000000
vn 0.00000000 -1.00000000 0.00000000
vn 0.00000000 1.00000000 0.00000000
vn 0.00000000 1.00000000 0.00000000
vn -0.00005609 1.00000000 0.00000000
vn -0.00005609 1.00000000 0.00000000
vn 0.00000000 0.00000000 -1.00000000
vn 0.00000000 0.00000000 -1.00000000
vn 0.00000000 0.00000000 -1.00000000
vn 0.00000000 0.00000000 -1.00000000
vn 0.00000000 0.00000000 1.00000000
vn 0.00000000 0.00000000 1.00000000
vn 0.00000000 0.00000000 1.00000000
vn 0.00000000 0.00000000 1.00000000
vn -0.99999992 -0.00040862 0.00000000
vn -0.99999992 -0.00040862 0.00000000
vn -0.99999992 -0.00040862 0.00000000
vn -0.99999992 -0.00040862 0.00000000
vn 0.99999967 0.00081724 0.00000000
vn 0.99999967 0.00081724 0.00000000
vn 0.99999967 0.00081724 0.00000000
vn 0.99999967 0.00081724 0.00000000
vn 0.00040862 -0.99999992 0.00000000
vn 0.00081724 -0.99999967 0.00000000
vn 0.00081724 -0.99999967 0.00000000
vn 0.00040862 -0.99999992 0.00000000
vn -0.00040862 0.99999992 0.00000000
vn -0.00040862 0.99999992 0.00000000
vn -0.00081724 0.99999967 0.00000000
vn -0.00081724 0.99999967 0.00000000
vn 0.00000000 0.00000000 -1.00000000
vn 0.00000000 0.00000000 -1.00000000
vn 0.00000000 0.00000000 -1.00000000
vn 0.00000000 0.00000000 -1.00000000
vn 0.00000000 0.00000000 1.00000000
vn 0.00000000 0.00000000 1.00000000
vn 0.00000000 0.00000000 1.00000000
vn 0.00000000 0.00000000 1.00000000
vn -0.99999992 -0.00040862 0.00000000
vn -0.99999992 -0.00040862 0.00000000
vn -0.99999992 -0.00040862 0.00000000
vn -0.99999992 -0.00040862 0.00000000
vn 0.99999989 0.00046471 0.00000000
vn 0.99999989 0.00046471 0.00000000
vn 0.99999989 0.00046471 0.00000000
vn 0.99999989 0.00046471 0.00000000
vn 0.00040862 -0.99999992 0.00000000
vn 0.00046471 -0.99999989 0.00000000
vn 0.00046471 -0.99999989 0.00000000
vn 0.00040862 -0.99999992 0.00000000
vn -0.00040862 0.99999992 0.00000000
vn -0.00040862 0.99999992 0.00000000
vn -0.00046471 0.99999989 0.00000000
vn -0.00046471 0.99999989 0.00000000
vn 0.00000000 0.00000000 -1.00000000
vn 0.00000000 0.00000000 -1.00000000
vn 0.00000000 0.00000000 -1.00000000
vn 0.00000000 0.00000000 -1.00000000
vn 0.00000000 0.00000000 1.00000000
vn 0.00000000 0.00000000 1.00000000
vn 0.00000000 0.00000000 1.00000000
vn 0.00000000 0.00000000 1.00000000
vn -0.99999967 -0.00081724 0.00000000
vn -0.99999967 -0.00081724 0.00000000
vn -0.99999967 -0.00081724 0.00000000
vn -0.99999967 -0.00081724 0.00000000
vn 0.99999925 0.00122586 0.00000000
vn 0.99999925 0.00122586 0.00000000
vn 0.99999925 0.00122586 0.00000000
vn 0.99999925 0.00122586 0.00000000
vn 0.00081724 -0.99999967 0.00000000
vn 0.00122586 -0.99999925 0.00000000
vn 0.00122586 -0.99999925 0.00000000
vn 0.00081724 -0.99999967 0.00000000
vn -0.00081724 0.99999967 0.00000000
vn -0.00081724 0.99999967 0.00000000
vn -0.00122586 0.99999925 0.00000000
vn -0.00122586 0.99999925 0.00000000
vn 0.00000000 0.00000000 -1.00000000
vn 0.00000000 0.00000000 -1.00000000
vn 0.00000000 0.00000000 -1.00000000
vn 0.00000000 0.00000000 -1.00000000
vn 0.00000000 0.00000000 1.00000000
vn 0.00000000 0.00000000 1.00000000
vn 0.00000000 0.00000000 1.00000000
vn 0.00000000 0.00000000 1.00000000
vn -0.99999967 -0.00081724 0.00000000
vn -0.99999967 -0.00081724 0.00000000
vn -0.99999967 -0.00081724 0.00000000
vn -0.99999967 -0.00081724 0.00000000
vn 0.99999962 0.00087333 0.00000000
vn 0.99999962 0.00087333 0.00000000
vn 0.99999962 0.00087333 0.00000000
vn 0.99999962 0.00087333 0.00000000
vn 0.00081724 -0.99999967 0.00000000
vn 0.00087333 -0.99999962 0.00000000
vn 0.00087333 -0.99999962 0.00000000
vn 0.00081724 -0.99999967 0.00000000
vn -0.00081724 0.99999967 0.00000000
vn -0.00081724 0.99999967 0.00000000
vn -0.00087333 0.99999962 0.00000000
vn -0.00087333 0.99999962 0.00000000
vn 0.00000000 0.00000000 -1.00000000
vn 0.00000000 0.00000000 -1.00000000
vn 0.00000000 0.00000000 -1.00000000
vn 0.00000000 0.00000000 -1.00000000
vn 0.00000000 0.00000000 1.00000000
vn 0.00000000 0.00000000 1.00000000
vn 0.00000000 0.00000000 1.00000000
vn 0.00000000 0.00000000 1.00000000
vn -0.99999925 -0.00122586 0.00000000
vn -0.99999925 -0.00122586 0.00000000
vn -0.99999925 -0.00122586 0.00000000
vn -0.99999925 -0.00122586 0.00000000
vn 0.99999866 0.00163448 0.00000000
vn 0.99999866 0.00163448 0.00000000
vn 0.99999866 0.00163448 0.00000000
vn 0.99999866 0.00163448 0.00000000
vn 0.00122586 -0.99999925 0.00000000
vn 0.00163448 -0.99999866 0.00000000
vn 0.00163448 -0.99999866 0.00000000
vn 0.00122586 -0.99999925 0.00000000
vn -0.00122586 0.99999925 0.00000000
vn -0.00122586 0.99999925 0.00000000
vn -0.00163448 0.99999866 0.00000000
vn -0.00163448 0.99999866 0.00000000
vn 0.00000000 0.00000000 -1.00000000
vn 0.00000000 0.00000000 -1.00000000
vn 0.00000000 0.00000000 -1.00000000
vn 0.00000000 0.00000000 -1.00000000
vn 0.00000000 0.00000000 1.00000000
vn 0.00000000 0.00000000 1.00000000
vn 0.00000000 0.00000000 1.00000000
vn 0.00000000 0.00000000 1.00000000
vn -0.99999925 -0.00122586 0.00000000
vn -0.99999925 -0.00122586 0.00000000
vn -0.99999925 -0.00122586 0.00000000
vn -0.99999925 -0.00122586 0.00000000
vn 0.99999918 0.00128195 0.00000000
vn 0.99999918 0.00128195 0.00000000
vn 0.99999918 0.00128195 0.00000000
vn 0.99999918 0.00128195 0.00000000
vn 0.00122586 -0.99999925 0.00000000
vn 0.00128195 -0.99999918 0.00000000
vn 0.00128195 -0.99999918 0.00000000
vn 0.00122586 -0.99999925 0.00000000
vn -0.00122586 0.99999925 0.00000000
vn -0.00122586 0.99999925 0.00000000
vn -0.00128195 0.99999918 0.00000000
vn -0.00128195 0.99999918 0.00000000
vn 0.00000000 0.00000000 -1.00000000
vn 0.00000000 0.00000000 -1.00000000
vn 0.00000000 0.00000000 -1.00000000
vn 0.00000000 0.00000000 -1.00000000
vn 0.00000000 0.00000000 1.00000000
vn 0.00000000 0.00000000 1.00000000
vn 0.00000000 0.00000000 1.00000000
vn 0.00000000 0.00000000 1.00000000
vn -0.99999866 -0.00163448 0.00000000
vn -0.99999866 -0.00163448 0.00000000
vn -0.99999866 -0.00163448 0.00000000
vn -0.99999866 -0.00163448 0.00000000
vn 0.99999791 0.00204310 0.00000000
vn 0.99999791 0.00204310 0.00000000
vn 0.99999791 0.00204310 0.00000000
vn 0.99999791 0.00204310 0.00000000
vn 0.00163448 -0.99999866 0.00000000
vn 0.00204310 -0.99999791 0.00000000
vn 0.00204310 -0.99999791 0.00000000
vn 0.00163448 -0.99999866 0.00000000
vn -0.00163448 0.99999866 0.00000000
vn -0.00163448 0.99999866 0.00000000
vn -0.00204310 0.99999791 0.00000000
vn -0.00204310 0.99999791 0.00000000
vn 0.00000000 0.00000000 -1.00000000
vn 0.00000000 0.00000000 -1.00000000
vn 0.00000000 0.00000000 -1.00000000
vn 0.00000000 0.00000000 -1.00000000
vn 0.00000000 0.00000000 1.00000000
vn 0.00000000 0.00000000 1.00000000
vn 0.00000000 0.00000000 1.00000000
vn 0.00000000 0.00000000 1.00000000
vn -0.99999866 -0.00163448 0.00000000
vn -0.99999866 -0.00163448 0.00000000
vn -0.99999866 -0.00163448 0.00000000
vn -0.99999866 -0.00163448 0.00000000
vn 0.99999857 0.00169057 0.00000000
vn 0.99999857 0.00169057 0.00000000
vn 0.99999857 0.00169057 0.00000000
vn 0.99999857 0.00169057 0.00000000
vn 0.00163448 -0.99999866 0.00000000
vn 0.00169057 -0.99999857 0.00000000
vn 0.00169057 -0.99999857 0.00000000
vn 0.00163448 -0.99999866 0.00000000
vn -0.00163448 0.99999866 0.00000000
vn -0.00163448 0.99999866 0.00000000
vn -0.00169057 0.99999857 0.00000000
vn -0.00169057 0.99999857 0.00000000
vn 0.00000000 0.00000000 -1.00000000
vn 0.00000000 0.00000000 -1.00000000
vn 0.00000000 0.00000000 -1.00000000
vn 0.00000000 0.00000000 -1.00000000
vn 0.00000000 0.00000000 1.00000000
vn 0.00000000 0.00000000 1.00000000
vn 0.00000000 0.00000000 1.00000000
vn 0.00000000 0.00000000 1.00000000
vn -0.99999791 -0.00204310 0.00000000
vn -0.99999791 -0.00204310 0.00000000
vn -0.99999791 -0.00204310 0.00000000
vn -0.99999791 -0.00204310 0.00000000
vn 0.99999699 0.00245172 0.00000000
vn 0.99999699 0.00245172 0.00000000
vn 0.99999699 0.00245172 0.00000000
vn 0.99999699 0.00245172 0.00000000
vn 0.00204310 -0.99999791 0.00000000
vn 0.00245172 -0.99999699 0.00000000
vn 0.00245172 -0.99999699 0.00000000
vn 0.00204310 -0.99999791 0.00000000
vn -0.00204310 0.99999791 0.00000000
vn -0.00204310 0.99999791 0.00000000
vn -0.00245172 0.99999699 0.00000000
vn -0.00245172 0.99999699 0.00000000
vn 0.00000000 0.00000000 -1.00000000
vn 0.00000000 0.00000000 -1.00000000
vn 0.00000000 0.00000000 -1.00000000
vn 0.00000000 0.00000000 -1.00000000
vn 0.00000000 0.00000000 1.00000000
vn 0.00000000 0.00000000 1.00000000
vn 0.00000000 0.00000000 1.00000000
vn 0.00000000 0.00000000 1.00000000
vn -0.99999791 -0.00204310 0.00000000
vn -0.99999791 -0.00204310 0.00000000
vn -0.99999791 -0.00204310 0.00000000
vn -0.99999791 -0.00204310 0.00000000
vn 0.99999780 0.00209919 0.00000000
vn 0.99999780 0.00209919 0.00000000
vn 0.99999780 0.00209919 0.00000000
vn 0.99999780 0.00209919 0.00000000
vn 0.00204310 -0.99999791 0.00000000
vn 0.00209919 -0.99999780 0.00000000
vn 0.00209919 -0.99999780 0.00000000
vn 0.00204310 -0.99999791 0.00000000
vn -0.00204310 0.99999791 0.00000000
vn -0.00204310 0.99999791 0.00000000
vn -0.00209919 0.99999780 0.00000000
vn -0.00209919 0.99999780 0.00000000
vn 0.00000000 0.00000000 -1.00000000
vn 0.00000000 0.00000000 -1.00000000
vn 0.00000000 0.00000000 -1.00000000
vn 0.00000000 0.00000000 -1.00000000
vn 0.00000000 0.00000000 1.00000000
vn 0.00000000 0.00000000 1.00000000
vn 0.00000000 0.00000000 1.00000000
vn 0.00000000 0.00000000 1.00000000
vn -0.99999699 -0.00245172 0.00000000
vn -0.99999699 -0.00245172 0.00000000
vn -0.99999699 -0.00245172 0.00000000
vn -0.99999699 -0.00245172 0.00000000
vn 0.99999591 0.00286034 0.00000000
vn 0.99999591 0.00286034 0.00000000
vn 0.99999591 0.00286034 0.00000000
vn 0.99999591 0.00286034 0.00000000
vn 0.00245172 -0.99999699 0.00000000
vn 0.00286034 -0.99999591 0.00000000
vn 0.00286034 -0.99999591 0.00000000
vn 0.00245172 -0.99999699 0.00000000
vn -0.00245172 0.99999699 0.00000000
vn -0.00245172 0.99999699 0.00000000
vn -0.00286034 0.99999591 0.00000000
vn -0.00286034 0.99999591 0.00000000
vn 0.00000000 0.00000000 -1.00000000
vn 0.00000000 0.00000000 -1.00000000
vn 0.00000000 0.00000000 -1.00000000
vn 0.00000000 0.00000000 -1.00000000
vn 0.00000000 0.00000000 1.00000000
vn 0.00000000 0.00000000 1.00000000
vn 0.00000000 0.00000000 1.00000000
vn 0.00000000 0.00000000 1.00000000
vn -0.99999699 -0.00245172 0.00000000
vn -0.99999699 -0.00245172 0.00000000
vn -0.99999699 -0.00245172 0.00000000
vn -0.99999699 -0.00245172 0.00000000
vn 0.99999686 0.00250781 0.00000000
vn 0.99999686 0.00250781 0.00000000
vn 0.99999686 0.00250781 0.00000000
vn 0.99999686 0.00250781 0.00000000
vn 0.00245172 -0.99999699 0.00000000
vn 0.00250781 -0.99999686 0.00000000
vn 0.00250781 -0.99999686 0.00000000
vn 0.00245172 -0.99999699 0.00000000
vn -0.00245172 0.99999699 0.00000000
vn -0.00245172 0.99999699 0.00000000
vn -0.00250781 0.99999686 0.00000000
vn -0.00250781 0.99999686 0.00000000
vn 0.00000000 0.00000000 -1.00000000
vn 0.00000000 0.00000000 -1.00000000
vn 0.00000000 0.00000000 -1.00000000
vn 0.00000000 0.00000000 -1.00000000
vn 0.00000000 0.00000000 1.00000000
vn 0.00000000 0.00000000 1.00000000
vn 0.00000000 0.00000000 1.00000000
vn 0.00000000 0.00000000 1.00000000
vn -0.99978431 0.02076874 0.00000000
vn -0.99978431 0.02076874 0.00000000
vn -0.99978431 0.02076874 0.00000000
vn -0.99978431 0.02076874 0.00000000
vn 0.99978709 -0.02063417 0.00000000
vn 0.99978709 -0.02063417 0.00000000
vn 0.99978709 -0.02063417 0.00000000
vn 0.99978709 -0.02063417 0.00000000
vn 0.00000000 0.00000000 -1.00000000
vn 0.00000000 0.00000000 -1.00000000
vn 0.00000000 0.00000000 -1.00000000
vn 0.00000000 0.00000000 -1.00000000
vn 0.00000000 0.00000000 1.00000000
vn 0.00000000 0.00000000 1.00000000
vn 0.00000000 0.00000000 1.00000000
vn 0.00000000 0.00000000 1.00000000
vn -0.99978709 -0.02063417 0.00000000
vn -0.99978709 -0.02063417 0.00000000
vn -0.99978709 -0.02063417 0.00000000
vn -0.99978709 -0.02063417 0.00000000
vn 0.99978431 0.02076874 0.00000000
vn 0.99978431 0.02076874 0.00000000
vn 0.99978431 0.02076874 0.00000000
vn 0.99978431 0.02076874 0.00000000
vn 0.00000000 0.00000000 -1.00000000
vn 0.00000000 0.00000000 -1.00000000
vn 0.00000000 0.00000000 -1.00000000
vn 0.00000000 0.00000000 -1.00000000
vn 0.00000000 0.00000000 1.00000000
vn 0.00000000 0.00000000 1.00000000
vn 0.00000000 0.00000000 1.00000000
vn 0.00000000 0.00000000 1.00000000
vn -0.99978431 0.02076874 0.00000000
vn -0.99978431 0.02076874 0.00000000
vn -0.99978431 0.02076874 0.00000000
vn -0.99978431 0.02076874 0.00000000
vn 0.99990413 -0.01384638 0.00000000
vn 0.99990413 -0.01384638 0.00000000
vn 0.99990413 -0.01384638 0.00000000
vn 0.99990413 -0.01384638 0.00000000
vn 0.00000000 0.00000000 -1.00000000
vn 0.00000000 0.00000000 -1.00000000
vn 0.00000000 0.00000000 -1.00000000
vn 0.00000000 0.00000000 -1.00000000
vn 0.00000000 0.00000000 1.00000000
vn 0.00000000 0.00000000 1.00000000
vn 0.00000000 0.00000000 1.00000000
vn 0.00000000 0.00000000 1.00000000
vn -0.99978431 0.02076874 0.00000000
vn -0.99978431 0.02076874 0.00000000
vn -0.99978431 0.02076874 0.00000000
vn -0.99978431 0.02076874 0.00000000
vn 0.99987146 -0.01603346 0.00000000
vn 0.99987146 -0.01603346 0.00000000
vn 0.99987146 -0.01603346 0.00000000
vn 0.99987146 -0.01603346 0.00000000
vn 0.00000000 0.00000000 -1.00000000
vn 0.00000000 0.00000000 -1.00000000
vn 0.00000000 0.00000000 -1.00000000
vn 0.00000000 0.00000000 -1.00000000
vn 0.00000000 0.00000000 1.00000000
vn 0.00000000 0.00000000 1.00000000
vn 0.00000000 0.00000000 1.00000000
vn 0.00000000 0.00000000 1.00000000
vn -0.99978431 0.02076874 0.00000000
vn -0.99978431 0.02076874 0.00000000
vn -0.99978431 0.02076874 0.00000000
vn -0.99978431 0.02076874 0.00000000
vn 0.99987146 -0.01603346 0.00000000
vn 0.99987146 -0.01603346 0.00000000
vn 0.99987146 -0.01603346 0.00000000
vn 0.99987146 -0.01603346 0.00000000
vn 0.00000000 0.00000000 -1.00000000
vn 0.00000000 0.00000000 -1.00000000
vn 0.00000000 0.00000000 -1.00000000
vn 0.00000000 0.00000000 -1.00000000
vn 0.00000000 0.00000000 1.00000000
vn 0.00000000 0.00000000 1.00000000
vn 0.00000000 0.00000000 1.00000000
vn 0.00000000 0.00000000 1.00000000
vn -0.99978431 0.02076874 0.00000000
vn -0.99978431 0.02076874 0.00000000
vn -0.99978431 0.02076874 0.00000000
vn -0.99978431 0.02076874 0.00000000
vn 0.99987146 -0.01603346 0.00000000
vn 0.99987146 -0.01603346 0.00000000
vn 0.99987146 -0.01603346 0.00000000
vn 0.99987146 -0.01603346 0.00000000
vn 0.00000000 0.00000000 -1.00000000
vn 0.00000000 0.00000000 -1.00000000
vn 0.00000000 0.00000000 -1.00000000
vn 0.00000000 0.00000000 -1.00000000
vn 0.00000000 0.00000000 1.00000000
vn 0.00000000 0.00000000 1.00000000
vn 0.00000000 0.00000000 1.00000000
vn 0.00000000 0.00000000 1.00000000
vn -0.99990179 0.01401462 0.00000000
vn -0.99990179 0.01401462 0.00000000
vn -0.99990179 0.01401462 0.00000000
vn -0.99990179 0.01401462 0.00000000
vn 0.99990413 -0.01384638 0.00000000
vn 0.99990413 -0.01384638 0.00000000
vn 0.99990413 -0.01384638 0.00000000
vn 0.99990413 -0.01384638 0.00000000
vn 0.00000000 0.00000000 -1.00000000
vn 0.00000000 0.00000000 -1.00000000
vn 0.00000000 0.00000000 -1.00000000
vn 0.00000000 0.00000000 -1.00000000
vn 0.00000000 0.00000000 1.00000000
vn 0.00000000 0.00000000 1.00000000
vn 0.00000000 0.00000000 1.00000000
vn 0.00000000 0.00000000 1.00000000
vn -0.99987146 0.01603346 0.00000000
vn -0.99987146 0.01603346 0.00000000
vn -0.99987146 0.01603346 0.00000000
vn -0.99987146 0.01603346 0.00000000
vn 0.99990179 -0.01401462 0.00000000
vn 0.99990179 -0.01401462 0.00000000
vn 0.99990179 -0.01401462 0.00000000
vn 0.99990179 -0.01401462 0.00000000
vn -0.01603346 -0.99987146 0.00000000
vn -0.01401462 -0.99990179 0.00000000
vn -0.01401462 -0.99990179 0.00000000
vn -0.01603346 -0.99987146 0.00000000
vn 0.00000000 0.00000000 -1.00000000
vn 0.00000000 0.00000000 -1.00000000
vn 0.00000000 0.00000000 -1.00000000
vn 0.00000000 0.00000000 -1.00000000
vn 0.00000000 0.00000000 1.00000000
vn 0.00000000 0.00000000 1.00000000
vn 0.00000000 0.00000000 1.00000000
vn 0.00000000 0.00000000 1.00000000
vn -0.99978709 0.02063417 0.00000000
vn -0.99978709 0.02063417 0.00000000
vn -0.99978709 0.02063417 0.00000000
vn -0.99978709 0.02063417 0.00000000
vn 0.99990226 -0.01398097 0.00000000
vn 0.99990226 -0.01398097 0.00000000
vn 0.99990226 -0.01398097 0.00000000
vn 0.99990226 -0.01398097 0.00000000
vn -0.02063417 -0.99978709 0.00000000
vn -0.01398097 -0.99990226 0.00000000
vn -0.01398097 -0.99990226 0.00000000
vn -0.02063417 -0.99978709 0.00000000
vn 0.02063417 0.99978709 0.00000000
vn 0.02063417 0.99978709 0.00000000
vn 0.01398097 0.99990226 0.00000000
vn 0.01398097 0.99990226 0.00000000
vn 0.00000000 0.00000000 -1.00000000
vn 0.00000000 0.00000000 -1.00000000
vn 0.00000000 0.00000000 -1.00000000
vn 0.00000000 0.00000000 -1.00000000
vn 0.00000000 0.00000000 1.00000000
vn 0.00000000 0.00000000 1.00000000
vn 0.00000000 0.00000000 1.00000000
vn 0.00000000 0.00000000 1.00000000
vn -0.99990413 0.01384638 0.00000000
vn -0.99990413 0.01384638 0.00000000
vn -0.99990413 0.01384638 0.00000000
vn -0.99990413 0.01384638 0.00000000
vn 0.99997603 -0.00692336 0.00000000
vn 0.99997603 -0.00692336 0.00000000
vn 0.99997603 -0.00692336 0.00000000
vn 0.99997603 -0.00692336 0.00000000
vn 0.00000000 0.00000000 -1.00000000
vn 0.00000000 0.00000000 -1.00000000
vn 0.00000000 0.00000000 -1.00000000
vn 0.00000000 0.00000000 -1.00000000
vn 0.00000000 0.00000000 1.00000000
vn 0.00000000 0.00000000 1.00000000
vn 0.00000000 0.00000000 1.00000000
vn 0.00000000 0.00000000 1.00000000
vn -0.99990413 0.01384638 0.00000000
vn -0.99990413 0.01384638 0.00000000
vn -0.99990413 0.01384638 0.00000000
vn -0.99990413 0.01384638 0.00000000
vn 0.99995850 -0.00911061 0.00000000
vn 0.99995850 -0.00911061 0.00000000
vn 0.99995850 -0.00911061 0.00000000
vn 0.99995850 -0.00911061 0.00000000
vn 0.00000000 0.00000000 -1.00000000
vn 0.00000000 0.00000000 -1.00000000
vn 0.00000000 0.00000000 -1.00000000
vn 0.00000000 0.00000000 -1.00000000
vn 0.00000000 0.00000000 1.00000000
vn 0.00000000 0.00000000 1.00000000
vn 0.00000000 0.00000000 1.00000000
vn 0.00000000 0.00000000 1.00000000
vn -0.99990413 0.01384638 0.00000000
vn -0.99990413 0.01384638 0.00000000
vn -0.99990413 0.01384638 0.00000000
vn -0.99990413 0.01384638 0.00000000
vn 0.99995850 -0.00911061 0.00000000
vn 0.99995850 -0.00911061 0.00000000
vn 0.99995850 -0.00911061 0.00000000
vn 0.99995850 -0.00911061 0.00000000
vn 0.00000000 0.00000000 -1.00000000
vn 0.00000000 0.00000000 -1.00000000
vn 0.00000000 0.00000000 -1.00000000
vn 0.00000000 0.00000000 -1.00000000
vn 0.00000000 0.00000000 1.00000000
vn 0.00000000 0.00000000 1.00000000
vn 0.00000000 0.00000000 1.00000000
vn 0.00000000 0.00000000 1.00000000
vn -0.99990413 0.01384638 0.00000000
vn -0.99990413 0.01384638 0.00000000
vn -0.99990413 0.01384638 0.00000000
vn -0.99990413 0.01384638 0.00000000
vn 0.99995850 -0.00911061 0.00000000
vn 0.99995850 -0.00911061 0.00000000
vn 0.99995850 -0.00911061 0.00000000
vn 0.99995850 -0.00911061 0.00000000
vn 0.00000000 0.00000000 -1.00000000
vn 0.00000000 0.00000000 -1.00000000
vn 0.00000000 0.00000000 -1.00000000
vn 0.00000000 0.00000000 -1.00000000
vn 0.00000000 0.00000000 1.00000000
vn 0.00000000 0.00000000 1.00000000
vn 0.00000000 0.00000000 1.00000000
vn 0.00000000 0.00000000 1.00000000
vn -0.99997485 0.00709161 0.00000000
vn -0.99997485 0.00709161 0.00000000
vn -0.99997485 0.00709161 0.00000000
vn -0.99997485 0.00709161 0.00000000
vn 0.99997603 -0.00692336 0.00000000
vn 0.99997603 -0.00692336 0.00000000
vn 0.99997603 -0.00692336 0.00000000
vn 0.99997603 -0.00692336 0.00000000
vn 0.00000000 0.00000000 -1.00000000
vn 0.00000000 0.00000000 -1.00000000
vn 0.00000000 0.00000000 -1.00000000
vn 0.00000000 0.00000000 -1.00000000
vn 0.00000000 0.00000000 1.00000000
vn 0.00000000 0.00000000 1.00000000
vn 0.00000000 0.00000000 1.00000000
vn 0.00000000 0.00000000 1.00000000
vn -0.99995850 0.00911061 0.00000000
vn -0.99995850 0.00911061 0.00000000
vn -0.99995850 0.00911061 0.00000000
vn -0.99995850 0.00911061 0.00000000
vn 0.99997485 -0.00709161 0.00000000
vn 0.99997485 -0.00709161 0.00000000
vn 0.99997485 -0.00709161 0.00000000
vn 0.99997485 -0.00709161 0.00000000
vn -0.00911061 -0.99995850 0.00000000
vn -0.00709161 -0.99997485 0.00000000
vn -0.00709161 -0.99997485 0.00000000
vn -0.00911061 -0.99995850 0.00000000
vn 0.00000000 0.00000000 -1.00000000
vn 0.00000000 0.00000000 -1.00000000
vn 0.00000000 0.00000000 -1.00000000
vn 0.00000000 0.00000000 -1.00000000
vn 0.00000000 0.00000000 1.00000000
vn 0.00000000 0.00000000 1.00000000
vn 0.00000000 0.00000000 1.00000000
vn 0.00000000 0.00000000 1.00000000
vn -0.99990599 0.01371179 0.00000000
vn -0.99990599 0.01371179 0.00000000
vn -0.99990599 0.01371179 0.00000000
vn -0.99990599 0.01371179 0.00000000
vn 0.99997509 -0.00705796 0.00000000
vn 0.99997509 -0.00705796 0.00000000
vn 0.99997509 -0.00705796 0.00000000
vn 0.99997509 -0.00705796 0.00000000
vn -0.01371179 -0.99990599 0.00000000
vn -0.00705796 -0.99997509 0.00000000
vn -0.00705796 -0.99997509 0.00000000
vn -0.01371179 -0.99990599 0.00000000
vn 0.01371179 0.99990599 0.00000000
vn 0.01371179 0.99990599 0.00000000
vn 0.00705796 0.99997509 0.00000000
vn 0.00705796 0.99997509 0.00000000
vn 0.00000000 0.00000000 -1.00000000
vn 0.00000000 0.00000000 -1.00000000
vn 0.00000000 0.00000000 -1.00000000
vn 0.00000000 0.00000000 -1.00000000
vn 0.00000000 0.00000000 1.00000000
vn 0.00000000 0.00000000 1.00000000
vn 0.00000000 0.00000000 1.00000000
vn 0.00000000 0.00000000 1.00000000
vn -0.99997603 0.00692336 0.00000000
vn -0.99997603 0.00692336 0.00000000
vn -0.99997603 0.00692336 0.00000000
vn -0.99997603 0.00692336 0.00000000
vn 1.00000000 -0.00000000 0.00000000
vn 1.00000000 -0.00000000 0.00000000
vn 1.00000000 -0.00000000 0.00000000
vn 1.00000000 -0.00000000 0.00000000
vn 0.00000000 0.00000000 -1.00000000
vn 0.00000000 0.00000000 -1.00000000
vn 0.00000000 0.00000000 -1.00000000
vn 0.00000000 0.00000000 -1.00000000
vn 0.00000000 0.00000000 1.00000000
vn 0.00000000 0.00000000 1.00000000
vn 0.00000000 0.00000000 1.00000000
vn 0.00000000 0.00000000 1.00000000
vn -0.99997603 0.00692336 0.00000000
vn -0.99997603 0.00692336 0.00000000
vn -0.99997603 0.00692336 0.00000000
vn -0.99997603 0.00692336 0.00000000
vn 0.99999761 -0.00218732 0.00000000
vn 0.99999761 -0.00218732 0.00000000
vn 0.99999761 -0.00218732 0.00000000
vn 0.99999761 -0.00218732 0.00000000
vn 0.00000000 0.00000000 -1.00000000
vn 0.00000000 0.00000000 -1.00000000
vn 0.00000000 0.00000000 -1.00000000
vn 0.00000000 0.00000000 -1.00000000
vn 0.00000000 0.00000000 1.00000000
vn 0.00000000 0.00000000 1.00000000
vn 0.00000000 0.00000000 1.00000000
vn 0.00000000 0.00000000 1.00000000
vn -0.99997603 0.00692336 0.00000000
vn -0.99997603 0.00692336 0.00000000
vn -0.99997603 0.00692336 0.00000000
vn -0.99997603 0.00692336 0.00000000
vn 0.99999761 -0.00218732 0.00000000
vn 0.99999761 -0.00218732 0.00000000
vn 0.99999761 -0.00218732 0.00000000
vn 0.99999761 -0.00218732 0.00000000
vn 0.00000000 0.00000000 -1.00000000
vn 0.00000000 0.00000000 -1.00000000
vn 0.00000000 0.00000000 -1.00000000
vn 0.00000000 0.00000000 -1.00000000
vn 0.00000000 0.00000000 1.00000000
vn 0.00000000 0.00000000 1.00000000
vn 0.00000000 0.00000000 1.00000000
vn 0.00000000 0.00000000 1.00000000
vn -0.99997603 0.00692336 0.00000000
vn -0.99997603 0.00692336 0.00000000
vn -0.99997603 0.00692336 0.00000000
vn -0.99997603 0.00692336 0.00000000
vn 0.99999761 -0.00218732 0.00000000
vn 0.99999761 -0.00218732 0.00000000
vn 0.99999761 -0.00218732 0.00000000
vn 0.99999761 -0.00218732 0.00000000
vn 0.00000000 0.00000000 -1.00000000
vn 0.00000000 0.00000000 -1.00000000
vn 0.00000000 0.00000000 -1.00000000
vn 0.00000000 0.00000000 -1.00000000
vn 0.00000000 0.00000000 1.00000000
vn 0.00000000 0.00000000 1.00000000
vn 0.00000000 0.00000000 1.00000000
vn 0.00000000 0.00000000 1.00000000
vn -0.99999999 0.00016826 0.00000000
vn -0.99999999 0.00016826 0.00000000
vn -0.99999999 0.00016826 0.00000000
vn -0.99999999 0.00016826 0.00000000
vn 1.00000000 -0.00000000 0.00000000
vn 1.00000000 -0.00000000 0.00000000
vn 1.00000000 -0.00000000 0.00000000
vn 1.00000000 -0.00000000 0.00000000
vn 0.00000000 0.00000000 -1.00000000
vn 0.00000000 0.00000000 -1.00000000
vn 0.00000000 0.00000000 -1.00000000
vn 0.00000000 0.00000000 -1.00000000
vn 0.00000000 0.00000000 1.00000000
vn 0.00000000 0.00000000 1.00000000
vn 0.00000000 0.00000000 1.00000000
vn 0.00000000 0.00000000 1.00000000
vn -0.99999761 0.00218732 0.00000000
vn -0.99999761 0.00218732 0.00000000
vn -0.99999761 0.00218732 0.00000000
vn -0.99999761 0.00218732 0.00000000
vn 0.99999999 -0.00016826 0.00000000
vn 0.99999999 -0.00016826 0.00000000
vn 0.99999999 -0.00016826 0.00000000
vn 0.99999999 -0.00016826 0.00000000
vn -0.00218732 -0.99999761 0.00000000
vn -0.00016826 -0.99999999 0.00000000
vn -0.00016826 -0.99999999 0.00000000
vn -0.00218732 -0.99999761 0.00000000
vn 0.00000000 0.00000000 -1.00000000
vn 0.00000000 0.00000000 -1.00000000
vn 0.00000000 0.00000000 -1.00000000
vn 0.00000000 0.00000000 -1.00000000
vn 0.00000000 0.00000000 1.00000000
vn 0.00000000 0.00000000 1.00000000
vn 0.00000000 0.00000000 1.00000000
vn 0.00000000 0.00000000 1.00000000
vn -0.99997696 0.00678876 0.00000000
vn -0.99997696 0.00678876 0.00000000
vn -0.99997696 0.00678876 0.00000000
vn -0.99997696 0.00678876 0.00000000
vn 0.99999999 -0.00013460 0.00000000
vn 0.99999999 -0.00013460 0.00000000
vn 0.99999999 -0.00013460 0.00000000
vn 0.99999999 -0.00013460 0.00000000
vn -0.00678876 -0.99997696 0.00000000
vn -0.00013460 -0.99999999 0.00000000
vn -0.00013460 -0.99999999 0.00000000
vn -0.00678876 -0.99997696 0.00000000
vn 0.00678876 0.99997696 0.00000000
vn 0.00678876 0.99997696 0.00000000
vn 0.00013460 0.99999999 0.00000000
vn 0.00013460 0.99999999 0.00000000
vn 0.00000000 0.00000000 -1.00000000
vn 0.00000000 0.00000000 -1.00000000
vn 0.00000000 0.00000000 -1.00000000
vn 0.00000000 0.00000000 -1.00000000
vn 0.00000000 0.00000000 1.00000000
vn 0.00000000 0.00000000 1.00000000
vn 0.00000000 0.00000000 1.00000000
vn 0.00000000 0.00000000 1.00000000
vn -1.00000000 0.00000000 0.00000000
vn -1.00000000 0.00000000 0.00000000
vn -1.00000000 0.00000000 0.00000000
vn -1.00000000 0.00000000 0.00000000
vn 0.99997603 0.00692336 0.00000000
vn 0.99997603 0.00692336 0.00000000
vn 0.99997603 0.00692336 0.00000000
vn 0.99997603 0.00692336 0.00000000
vn 0.00000000 0.00000000 -1.00000000
vn 0.00000000 0.00000000 -1.00000000
vn 0.00000000 0.00000000 -1.00000000
vn 0.00000000 0.00000000 -1.00000000
vn 0.00000000 0.00000000 1.00000000
vn 0.00000000 0.00000000 1.00000000
vn 0.00000000 0.00000000 1.00000000
vn 0.00000000 0.00000000 1.00000000
vn -1.00000000 0.00000000 0.00000000
vn -1.00000000 0.00000000 0.00000000
vn -1.00000000 0.00000000 0.00000000
vn -1.00000000 0.00000000 0.00000000
vn 0.99998878 0.00473607 0.00000000
vn 0.99998878 0.00473607 0.00000000
vn 0.99998878 0.00473607 0.00000000
vn 0.99998878 0.00473607 0.00000000
vn 0.00000000 0.00000000 -1.00000000
vn 0.00000000 0.00000000 -1.00000000
vn 0.00000000 0.00000000 -1.00000000
vn 0.00000000 0.00000000 -1.00000000
vn 0.00000000 0.00000000 1.00000000
vn 0.00000000 0.00000000 1.00000000
vn 0.00000000 0.00000000 1.00000000
vn 0.00000000 0.00000000 1.00000000
vn -1.00000000 0.00000000 0.00000000
vn -1.00000000 0.00000000 0.00000000
vn -1.00000000 0.00000000 0.00000000
vn -1.00000000 0.00000000 0.00000000
vn 0.99998878 0.00473607 0.00000000
vn 0.99998878 0.00473607 0.00000000
vn 0.99998878 0.00473607 0.00000000
vn 0.99998878 0.00473607 0.00000000
vn 0.00000000 0.00000000 -1.00000000
vn 0.00000000 0.00000000 -1.00000000
vn 0.00000000 0.00000000 -1.00000000
vn 0.00000000 0.00000000 -1.00000000
vn 0.00000000 0.00000000 1.00000000
vn 0.00000000 0.00000000 1.00000000
vn 0.00000000 0.00000000 1.00000000
vn 0.00000000 0.00000000 1.00000000
vn -1.00000000 0.00000000 0.00000000
vn -1.00000000 0.00000000 0.00000000
vn -1.00000000 0.00000000 0.00000000
vn -1.00000000 0.00000000 0.00000000
vn 0.99998878 0.00473607 0.00000000
vn 0.99998878 0.00473607 0.00000000
vn 0.99998878 0.00473607 0.00000000
vn 0.99998878 0.00473607 0.00000000
vn 0.00000000 0.00000000 -1.00000000
vn 0.00000000 0.00000000 -1.00000000
vn 0.00000000 0.00000000 -1.00000000
vn 0.00000000 0.00000000 -1.00000000
vn 0.00000000 0.00000000 1.00000000
vn 0.00000000 0.00000000 1.00000000
vn 0.00000000 0.00000000 1.00000000
vn 0.00000000 0.00000000 1.00000000
vn -0.99997718 -0.00675511 0.00000000
vn -0.99997718 -0.00675511 0.00000000
vn -0.99997718 -0.00675511 0.00000000
vn -0.99997718 -0.00675511 0.00000000
vn 0.99997603 0.00692336 0.00000000
vn 0.99997603 0.00692336 0.00000000
vn 0.99997603 0.00692336 0.00000000
vn 0.99997603 0.00692336 0.00000000
vn 0.00000000 0.00000000 -1.00000000
vn 0.00000000 0.00000000 -1.00000000
vn 0.00000000 0.00000000 -1.00000000
vn 0.00000000 0.00000000 -1.00000000
vn 0.00000000 0.00000000 1.00000000
vn 0.00000000 0.00000000 1.00000000
vn 0.00000000 0.00000000 1.00000000
vn 0.00000000 0.00000000 1.00000000
vn -0.99998878 -0.00473607 0.00000000
vn -0.99998878 -0.00473607 0.00000000
vn -0.99998878 -0.00473607 0.00000000
vn -0.99998878 -0.00473607 0.00000000
vn 0.99997718 0.00675511 0.00000000
vn 0.99997718 0.00675511 0.00000000
vn 0.99997718 0.00675511 0.00000000
vn 0.99997718 0.00675511 0.00000000
vn 0.00473607 -0.99998878 0.00000000
vn 0.00675511 -0.99997718 0.00000000
vn 0.00675511 -0.99997718 0.00000000
vn 0.00473607 -0.99998878 0.00000000
vn 0.00000000 0.00000000 -1.00000000
vn 0.00000000 0.00000000 -1.00000000
vn 0.00000000 0.00000000 -1.00000000
vn 0.00000000 0.00000000 -1.00000000
vn 0.00000000 0.00000000 1.00000000
vn 0.00000000 0.00000000 1.00000000
vn 0.00000000 0.00000000 1.00000000
vn 0.00000000 0.00000000 1.00000000
vn -0.99999999 -0.00013460 0.00000000
vn -0.99999999 -0.00013460 0.00000000
vn -0.99999999 -0.00013460 0.00000000
vn -0.99999999 -0.00013460 0.00000000
vn 0.99997696 0.00678876 0.00000000
vn 0.99997696 0.00678876 0.00000000
vn 0.99997696 0.00678876 0.00000000
vn 0.99997696 0.00678876 0.00000000
vn 0.00013460 -0.99999999 0.00000000
vn 0.00678876 -0.99997696 0.00000000
vn 0.00678876 -0.99997696 0.00000000
vn 0.00013460 -0.99999999 0.00000000
vn -0.00013460 0.99999999 0.00000000
vn -0.00013460 0.99999999 0.00000000
vn -0.00678876 0.99997696 0.00000000
vn -0.00678876 0.99997696 0.00000000
vn 0.00000000 0.00000000 -1.00000000
vn 0.00000000 0.00000000 -1.00000000
vn 0.00000000 0.00000000 -1.00000000
vn 0.00000000 0.00000000 -1.00000000
vn 0.00000000 0.00000000 1.00000000
vn 0.00000000 0.00000000 1.00000000
vn 0.00000000 0.00000000 1.00000000
vn 0.00000000 0.00000000 1.00000000
vn -0.99997603 -0.00692336 0.00000000
vn -0.99997603 -0.00692336 0.00000000
vn -0.99997603 -0.00692336 0.00000000
vn -0.99997603 -0.00692336 0.00000000
vn 0.99990413 0.01384638 0.00000000
vn 0.99990413 0.01384638 0.00000000
vn 0.99990413 0.01384638 0.00000000
vn 0.99990413 0.01384638 0.00000000
vn 0.00000000 0.00000000 -1.00000000
vn 0.00000000 0.00000000 -1.00000000
vn 0.00000000 0.00000000 -1.00000000
vn 0.00000000 0.00000000 -1.00000000
vn 0.00000000 0.00000000 1.00000000
vn 0.00000000 0.00000000 1.00000000
vn 0.00000000 0.00000000 1.00000000
vn 0.00000000 0.00000000 1.00000000
vn -0.99997603 -0.00692336 0.00000000
vn -0.99997603 -0.00692336 0.00000000
vn -0.99997603 -0.00692336 0.00000000
vn -0.99997603 -0.00692336 0.00000000
vn 0.99993203 0.01165924 0.00000000
vn 0.99993203 0.01165924 0.00000000
vn 0.99993203 0.01165924 0.00000000
vn 0.99993203 0.01165924 0.00000000
vn 0.00000000 0.00000000 -1.00000000
vn 0.00000000 0.00000000 -1.00000000
vn 0.00000000 0.00000000 -1.00000000
vn 0.00000000 0.00000000 -1.00000000
vn 0.00000000 0.00000000 1.00000000
vn 0.00000000 0.00000000 1.00000000
vn 0.00000000 0.00000000 1.00000000
vn 0.00000000 0.00000000 1.00000000
vn -0.99997603 -0.00692336 0.00000000
vn -0.99997603 -0.00692336 0.00000000
vn -0.99997603 -0.00692336 0.00000000
vn -0.99997603 -0.00692336 0.00000000
vn 0.99993203 0.01165924 0.00000000
vn 0.99993203 0.01165924 0.00000000
vn 0.99993203 0.01165924 0.00000000
vn 0.99993203 0.01165924 0.00000000
vn 0.00000000 0.00000000 -1.00000000
vn 0.00000000 0.00000000 -1.00000000
vn 0.00000000 0.00000000 -1.00000000
vn 0.00000000 0.00000000 -1.00000000
vn 0.00000000 0.00000000 1.00000000
vn 0.00000000 0.00000000 1.00000000
vn 0.00000000 0.00000000 1.00000000
vn 0.00000000 0.00000000 1.00000000
vn -0.99997603 -0.00692336 0.00000000
vn -0.99997603 -0.00692336 0.00000000
vn -0.99997603 -0.00692336 0.00000000
vn -0.99997603 -0.00692336 0.00000000
vn 0.99993203 0.01165924 0.00000000
vn 0.99993203 0.01165924 0.00000000
vn 0.99993203 0.01165924 0.00000000
vn 0.99993203 0.01165924 0.00000000
vn 0.00000000 0.00000000 -1.00000000
vn 0.00000000 0.00000000 -1.00000000
vn 0.00000000 0.00000000 -1.00000000
vn 0.00000000 0.00000000 -1.00000000
vn 0.00000000 0.00000000 1.00000000
vn 0.00000000 0.00000000 1.00000000
vn 0.00000000 0.00000000 1.00000000
vn 0.00000000 0.00000000 1.00000000
vn -0.99990645 -0.01367814 0.00000000
vn -0.99990645 -0.01367814 0.00000000
vn -0.99990645 -0.01367814 0.00000000
vn -0.99990645 -0.01367814 0.00000000
vn 0.99990413 0.01384638 0.00000000
vn 0.99990413 0.01384638 0.00000000
vn 0.99990413 0.01384638 0.00000000
vn 0.99990413 0.01384638 0.00000000
vn 0.00000000 0.00000000 -1.00000000
vn 0.00000000 0.00000000 -1.00000000
vn 0.00000000 0.00000000 -1.00000000
vn 0.00000000 0.00000000 -1.00000000
vn 0.00000000 0.00000000 1.00000000
vn 0.00000000 0.00000000 1.00000000
vn 0.00000000 0.00000000 1.00000000
vn 0.00000000 0.00000000 1.00000000
vn -0.99993203 -0.01165924 0.00000000
vn -0.99993203 -0.01165924 0.00000000
vn -0.99993203 -0.01165924 0.00000000
vn -0.99993203 -0.01165924 0.00000000
vn 0.99990645 0.01367814 0.00000000
vn 0.99990645 0.01367814 0.00000000
vn 0.99990645 0.01367814 0.00000000
vn 0.99990645 0.01367814 0.00000000
vn 0.01165924 -0.99993203 0.00000000
vn 0.01367814 -0.99990645 0.00000000
vn 0.01367814 -0.99990645 0.00000000
vn 0.01165924 -0.99993203 0.00000000
vn 0.00000000 0.00000000 -1.00000000
vn 0.00000000 0.00000000 -1.00000000
vn 0.00000000 0.00000000 -1.00000000
vn 0.00000000 0.00000000 -1.00000000
vn 0.00000000 0.00000000 1.00000000
vn 0.00000000 0.00000000 1.00000000
vn 0.00000000 0.00000000 1.00000000
vn 0.00000000 0.00000000 1.00000000
vn -0.99997509 -0.00705796 0.00000000
vn -0.99997509 -0.00705796 0.00000000
vn -0.99997509 -0.00705796 0.00000000
vn -0.99997509 -0.00705796 0.00000000
vn 0.99990599 0.01371179 0.00000000
vn 0.99990599 0.01371179 0.00000000
vn 0.99990599 0.01371179 0.00000000
vn 0.99990599 0.01371179 0.00000000
vn 0.00705796 -0.99997509 0.00000000
vn 0.01371179 -0.99990599 0.00000000
vn 0.01371179 -0.99990599 0.00000000
vn 0.00705796 -0.99997509 0.00000000
vn -0.00705796 0.99997509 0.00000000
vn -0.00705796 0.99997509 0.00000000
vn -0.01371179 0.99990599 0.00000000
vn -0.01371179 0.99990599 0.00000000
vn 0.00000000 0.00000000 -1.00000000
vn 0.00000000 0.00000000 -1.00000000
vn 0.00000000 0.00000000 -1.00000000
vn 0.00000000 0.00000000 -1.00000000
vn 0.00000000 0.00000000 1.00000000
vn 0.00000000 0.00000000 1.00000000
vn 0.00000000 0.00000000 1.00000000
vn 0.00000000 0.00000000 1.00000000
vn -0.99990413 -0.01384638 0.00000000
vn -0.99990413 -0.01384638 0.00000000
vn -0.99990413 -0.01384638 0.00000000
vn -0.99990413 -0.01384638 0.00000000
vn 0.99978431 0.02076874 0.00000000
vn 0.99978431 0.02076874 0.00000000
vn 0.99978431 0.02076874 0.00000000
vn 0.99978431 0.02076874 0.00000000
vn 0.00000000 0.00000000 -1.00000000
vn 0.00000000 0.00000000 -1.00000000
vn 0.00000000 0.00000000 -1.00000000
vn 0.00000000 0.00000000 -1.00000000
vn 0.00000000 0.00000000 1.00000000
vn 0.00000000 0.00000000 1.00000000
vn 0.00000000 0.00000000 1.00000000
vn 0.00000000 0.00000000 1.00000000
vn -0.99990413 -0.01384638 0.00000000
vn -0.99990413 -0.01384638 0.00000000
vn -0.99990413 -0.01384638 0.00000000
vn -0.99990413 -0.01384638 0.00000000
vn 0.99982734 0.01858184 0.00000000
vn 0.99982734 0.01858184 0.00000000
vn 0.99982734 0.01858184 0.00000000
vn 0.99982734 0.01858184 0.00000000
vn 0.00000000 0.00000000 -1.00000000
vn 0.00000000 0.00000000 -1.00000000
vn 0.00000000 0.00000000 -1.00000000
vn 0.00000000 0.00000000 -1.00000000
vn 0.00000000 0.00000000 1.00000000
vn 0.00000000 0.00000000 1.00000000
vn 0.00000000 0.00000000 1.00000000
vn 0.00000000 0.00000000 1.00000000
vn -0.99990413 -0.01384638 0.00000000
vn -0.99990413 -0.01384638 0.00000000
vn -0.99990413 -0.01384638 0.00000000
vn -0.99990413 -0.01384638 0.00000000
vn 0.99982734 0.01858184 0.00000000
vn 0.99982734 0.01858184 0.00000000
vn 0.99982734 0.01858184 0.00000000
vn 0.99982734 0.01858184 0.00000000
vn 0.00000000 0.00000000 -1.00000000
vn 0.00000000 0.00000000 -1.00000000
vn 0.00000000 0.00000000 -1.00000000
vn 0.00000000 0.00000000 -1.00000000
vn 0.00000000 0.00000000 1.00000000
vn 0.00000000 0.00000000 1.00000000
vn 0.00000000 0.00000000 1.00000000
vn 0.00000000 0.00000000 1.00000000
vn -0.99990413 -0.01384638 0.00000000
vn -0.99990413 -0.01384638 0.00000000
vn -0.99990413 -0.01384638 0.00000000
vn -0.99990413 -0.01384638 0.00000000
vn 0.99982734 0.01858184 0.00000000
vn 0.99982734 0.01858184 0.00000000
vn 0.99982734 0.01858184 0.00000000
vn 0.99982734 0.01858184 0.00000000
vn 0.00000000 0.00000000 -1.00000000
vn 0.00000000 0.00000000 -1.00000000
vn 0.00000000 0.00000000 -1.00000000
vn 0.00000000 0.00000000 -1.00000000
vn 0.00000000 0.00000000 1.00000000
vn 0.00000000 0.00000000 1.00000000
vn 0.00000000 0.00000000 1.00000000
vn 0.00000000 0.00000000 1.00000000
vn -0.99978779 -0.02060052 0.00000000
vn -0.99978779 -0.02060052 0.00000000
vn -0.99978779 -0.02060052 0.00000000
vn -0.99978779 -0.02060052 0.00000000
vn 0.99978431 0.02076874 0.00000000
vn 0.99978431 0.02076874 0.00000000
vn 0.99978431 0.02076874 0.00000000
vn 0.99978431 0.02076874 0.00000000
vn 0.00000000 0.00000000 -1.00000000
vn 0.00000000 0.00000000 -1.00000000
vn 0.00000000 0.00000000 -1.00000000
vn 0.00000000 0.00000000 -1.00000000
vn 0.00000000 0.00000000 1.00000000
vn 0.00000000 0.00000000 1.00000000
vn 0.00000000 0.00000000 1.00000000
vn 0.00000000 0.00000000 1.00000000
vn -0.99982734 -0.01858184 0.00000000
vn -0.99982734 -0.01858184 0.00000000
vn -0.99982734 -0.01858184 0.00000000
vn -0.99982734 -0.01858184 0.00000000
vn 0.99978779 0.02060052 0.00000000
vn 0.99978779 0.02060052 0.00000000
vn 0.99978779 0.02060052 0.00000000
vn 0.99978779 0.02060052 0.00000000
vn 0.01858184 -0.99982734 0.00000000
vn 0.02060052 -0.99978779 0.00000000
vn 0.02060052 -0.99978779 0.00000000
vn 0.01858184 -0.99982734 0.00000000
vn 0.00000000 0.00000000 -1.00000000
vn 0.00000000 0.00000000 -1.00000000
vn 0.00000000 0.00000000 -1.00000000
vn 0.00000000 0.00000000 -1.00000000
vn 0.00000000 0.00000000 1.00000000
vn 0.00000000 0.00000000 1.00000000
vn 0.00000000 0.00000000 1.00000000
vn 0.00000000 0.00000000 1.00000000
vn -0.99990226 -0.01398097 0.00000000
vn -0.99990226 -0.01398097 0.00000000
vn -0.99990226 -0.01398097 0.00000000
vn -0.99990226 -0.01398097 0.00000000
vn 0.99978709 0.02063417 0.00000000
vn 0.99978709 0.02063417 0.00000000
vn 0.99978709 0.02063417 0.00000000
vn 0.99978709 0.02063417 0.00000000
vn 0.01398097 -0.99990226 0.00000000
vn 0.02063417 -0.99978709 0.00000000
vn 0.02063417 -0.99978709 0.00000000
vn 0.01398097 -0.99990226 0.00000000
vn -0.01398097 0.99990226 0.00000000
vn -0.01398097 0.99990226 0.00000000
vn -0.02063417 0.99978709 0.00000000
vn -0.02063417 0.99978709 0.00000000
vn 0.00000000 0.00000000 -1.00000000
vn 0.00000000 0.00000000 -1.00000000
vn 0.00000000 0.00000000 -1.00000000
vn 0.00000000 0.00000000 -1.00000000
vn 0.00000000 0.00000000 1.00000000
vn 0.00000000 0.00000000 1.00000000
vn 0.00000000 0.00000000 1.00000000
vn 0.00000000 0.00000000 1.00000000
vn -0.99978431 0.02076874 0.00000000
vn -0.99978431 0.02076874 0.00000000
vn -0.99978431 0.02076874 0.00000000
vn -0.99978431 0.02076874 0.00000000
vn -0.02076874 -0.99978431 0.00000000
vn -0.01629204 -0.99986728 0.00000000
vn -0.01629204 -0.99986728 0.00000000
vn -0.02076874 -0.99978431 0.00000000
vn 0.02076874 0.99978431 0.00000000
vn 0.02076874 0.99978431 0.00000000
vn 0.01629204 0.99986728 0.00000000
vn 0.01629204 0.99986728 0.00000000
vn 0.00000000 0.00000000 -1.00000000
vn 0.00000000 0.00000000 -1.00000000
vn 0.00000000 0.00000000 -1.00000000
vn 0.00000000 0.00000000 -1.00000000
vn 0.00000000 0.00000000 1.00000000
vn 0.00000000 0.00000000 1.00000000
vn 0.00000000 0.00000000 1.00000000
vn 0.00000000 0.00000000 1.00000000
vn -0.01629204 -0.99986728 0.00000000
vn -0.01181502 -0.99993020 0.00000000
vn -0.01181502 -0.99993020 0.00000000
vn -0.01629204 -0.99986728 0.00000000
vn 0.01629204 0.99986728 0.00000000
vn 0.01629204 0.99986728 0.00000000
vn 0.01181502 0.99993020 0.00000000
vn 0.01181502 0.99993020 0.00000000
vn 0.00000000 0.00000000 -1.00000000
vn 0.00000000 0.00000000 -1.00000000
vn 0.00000000 0.00000000 -1.00000000
vn 0.00000000 0.00000000 -1.00000000
vn 0.00000000 0.00000000 1.00000000
vn 0.00000000 0.00000000 1.00000000
vn 0.00000000 0.00000000 1.00000000
vn 0.00000000 0.00000000 1.00000000
vn -0.01181502 -0.99993020 0.00000000
vn -0.00733775 -0.99997308 0.00000000
vn -0.00733775 -0.99997308 0.00000000
vn -0.01181502 -0.99993020 0.00000000
vn 0.01181502 0.99993020 0.00000000
vn 0.01181502 0.99993020 0.00000000
vn 0.00733775 0.99997308 0.00000000
vn 0.00733775 0.99997308 0.00000000
vn 0.00000000 0.00000000 -1.00000000
vn 0.00000000 0.00000000 -1.00000000
vn 0.00000000 0.00000000 -1.00000000
vn 0.00000000 0.00000000 -1.00000000
vn 0.00000000 0.00000000 1.00000000
vn 0.00000000 0.00000000 1.00000000
vn 0.00000000 0.00000000 1.00000000
vn 0.00000000 0.00000000 1.00000000
vn 0.99999591 -0.00286034 0.00000000
vn 0.99999591 -0.00286034 0.00000000
vn 0.99999591 -0.00286034 0.00000000
vn 0.99999591 -0.00286034 0.00000000
vn -0.00733775 -0.99997308 0.00000000
vn -0.00286034 -0.99999591 0.00000000
vn -0.00286034 -0.99999591 0.00000000
vn -0.00733775 -0.99997308 0.00000000
vn 0.00733775 0.99997308 0.00000000
vn 0.00733775 0.99997308 0.00000000
vn 0.00286034 0.99999591 0.00000000
vn 0.00286034 0.99999591 0.00000000
vn 0.00000000 0.00000000 -1.00000000
vn 0.00000000 0.00000000 -1.00000000
vn 0.00000000 0.00000000 -1.00000000
vn 0.00000000 0.00000000 -1.00000000
vn 0.00000000 0.00000000 1.00000000
vn 0.00000000 0.00000000 1.00000000
vn 0.00000000 0.00000000 1.00000000
vn 0.00000000 0.00000000 1.00000000
vn -0.99999591 -0.00286034 0.00000000
vn -0.99999591 -0.00286034 0.00000000
vn -0.99999591 -0.00286034 0.00000000
vn -0.99999591 -0.00286034 0.00000000
vn 0.00286034 -0.99999591 0.00000000
vn 0.00733775 -0.99997308 0.00000000
vn 0.00733775 -0.99997308 0.00000000
vn 0.00286034 -0.99999591 0.00000000
vn -0.00286034 0.99999591 0.00000000
vn -0.00286034 0.99999591 0.00000000
vn -0.00733775 0.99997308 0.00000000
vn -0.00733775 0.99997308 0.00000000
vn 0.00000000 0.00000000 -1.00000000
vn 0.00000000 0.00000000 -1.00000000
vn 0.00000000 0.00000000 -1.00000000
vn 0.00000000 0.00000000 -1.00000000
vn 0.00000000 0.00000000 1.00000000
vn 0.00000000 0.00000000 1.00000000
vn 0.00000000 0.00000000 1.00000000
vn 0.00000000 0.00000000 1.00000000
vn 0.00733775 -0.99997308 0.00000000
vn 0.01181502 -0.99993020 0.00000000
vn 0.01181502 -0.99993020 0.00000000
vn 0.00733775 -0.99997308 0.00000000
vn -0.00733775 0.99997308 0.00000000
vn -0.00733775 0.99997308 0.00000000
vn -0.01181502 0.99993020 0.00000000
vn -0.01181502 0.99993020 0.00000000
vn 0.00000000 0.00000000 -1.00000000
vn 0.00000000 0.00000000 -1.00000000
vn 0.00000000 0.00000000 -1.00000000
vn 0.00000000 0.00000000 -1.00000000
vn 0.00000000 0.00000000 1.00000000
vn 0.00000000 0.00000000 1.00000000
vn 0.00000000 0.00000000 1.00000000
vn 0.00000000 0.00000000 1.00000000
vn 0.01181502 -0.99993020 0.00000000
vn 0.01629204 -0.99986728 0.00000000
vn 0.01629204 -0.99986728 0.00000000
vn 0.01181502 -0.99993020 0.00000000
vn -0.01181502 0.99993020 0.00000000
vn -0.01181502 0.99993020 0.00000000
vn -0.01629204 0.99986728 0.00000000
vn -0.01629204 0.99986728 0.00000000
vn 0.00000000 0.00000000 -1.00000000
vn 0.00000000 0.00000000 -1.00000000
vn 0.00000000 0.00000000 -1.00000000
vn 0.00000000 0.00000000 -1.00000000
vn 0.00000000 0.00000000 1.00000000
vn 0.00000000 0.00000000 1.00000000
vn 0.00000000 0.00000000 1.00000000
vn 0.00000000 0.00000000 1.00000000
vn 0.99978431 0.02076874 0.00000000
vn 0.99978431 0.02076874 0.00000000
vn 0.99978431 0.02076874 0.00000000
vn 0.99978431 0.02076874 0.00000000
vn 0.01629204 -0.99986728 0.00000000
vn 0.02076874 -0.99978431 0.00000000
vn 0.02076874 -0.99978431 0.00000000
vn 0.01629204 -0.99986728 0.00000000
vn -0.01629204 0.99986728 0.00000000
vn -0.01629204 0.99986728 0.00000000
vn -0.02076874 0.99978431 0.00000000
vn -0.02076874 0.99978431 0.00000000
vn 0.00000000 0.00000000 -1.00000000
vn 0.00000000 0.00000000 -1.00000000
vn 0.00000000 0.00000000 -1.00000000
vn 0.00000000 0.00000000 -1.00000000
vn 0.00000000 0.00000000 1.00000000
vn 0.00000000 0.00000000 1.00000000
vn 0.00000000 0.00000000 1.00000000
vn 0.00000000 0.00000000 1.00000000
vn -0.99999591 0.00286034 0.00000000
vn -0.99999591 0.00286034 0.00000000
vn -0.99999591 0.00286034 0.00000000
vn -0.99999591 0.00286034 0.00000000
vn -0.00286034 -0.99999591 0.00000000
vn 0.00000000 -1.00000000 0.00000000
vn 0.00000000 -1.00000000 0.00000000
vn -0.00286034 -0.99999591 0.00000000
vn 0.00286034 0.99999591 0.00000000
vn 0.00286034 0.99999591 0.00000000
vn 0.00000000 1.00000000 0.00000000
vn 0.00000000 1.00000000 0.00000000
vn 0.00000000 0.00000000 -1.00000000
vn 0.00000000 0.00000000 -1.00000000
vn 0.00000000 0.00000000 -1.00000000
vn 0.00000000 0.00000000 -1.00000000
vn 0.00000000 0.00000000 1.00000000
vn 0.00000000 0.00000000 1.00000000
vn 0.00000000 0.00000000 1.00000000
vn 0.00000000 0.00000000 1.00000000
vn 0.99999591 0.00286034 0.00000000
vn 0.99999591 0.00286034 0.00000000
vn 0.99999591 0.00286034 0.00000000
vn 0.99999591 0.00286034 0.00000000
vn 0.00000000 -1.00000000 0.00000000
vn 0.00286034 -0.99999591 0.00000000
vn 0.00286034 -0.99999591 0.00000000
vn 0.00000000 -1.00000000 0.00000000
vn 0.00000000 1.00000000 0.00000000
vn 0.00000000 1.00000000 0.00000000
vn -0.00286034 0.99999591 0.00000000
vn -0.00286034 0.99999591 0.00000000
vn 0.00000000 0.00000000 -1.00000000
vn 0.00000000 0.00000000 -1.00000000
vn 0.00000000 0.00000000 -1.00000000
vn 0.00000000 0.00000000 -1.00000000
vn 0.00000000 0.00000000 1.00000000
vn 0.00000000 0.00000000 1.00000000
vn 0.00000000 0.00000000 1.00000000
vn 0.00000000 0.00000000 1.00000000
vn -0.99999591 0.00286034 0.00000000
vn -0.99999591 0.00286034 0.00000000
vn -0.99999591 0.00286034 0.00000000
vn -0.99999591 0.00286034 0.00000000
vn -0.00286034 -0.99999591 0.00000000
vn 0.00000000 -1.00000000 0.00000000
vn 0.00000000 -1.00000000 0.00000000
vn -0.00286034 -0.99999591 0.00000000
vn 0.00286034 0.99999591 0.00000000
vn 0.00286034 0.99999591 0.00000000
vn 0.00000000 1.00000000 0.00000000
vn 0.00000000 1.00000000 0.00000000
vn 0.00000000 0.00000000 -1.00000000
vn 0.00000000 0.00000000 -1.00000000
vn 0.00000000 0.00000000 -1.00000000
vn 0.00000000 0.00000000 -1.00000000
vn 0.00000000 0.00000000 1.00000000
vn 0.00000000 0.00000000 1.00000000
vn 0.00000000 0.00000000 1.00000000
vn 0.00000000 0.00000000 1.00000000
vn 0.99999591 0.00286034 0.00000000
vn 0.99999591 0.00286034 0.00000000
vn 0.99999591 0.00286034 0.00000000
vn 0.99999591 0.00286034 0.00000000
vn 0.00000000 -1.00000000 0.00000000
vn 0.00286034 -0.99999591 0.00000000
vn 0.00286034 -0.99999591 0.00000000
vn 0.00000000 -1.00000000 0.00000000
vn 0.00000000 1.00000000 0.00000000
vn 0.00000000 1.00000000 0.00000000
vn -0.00286034 0.99999591 0.00000000
vn -0.00286034 0.99999591 0.00000000
vn 0.00000000 0.00000000 -1.00000000
vn 0.00000000 0.00000000 -1.00000000
vn 0.00000000 0.00000000 -1.00000000
vn 0.00000000 0.00000000 -1.00000000
vn 0.00000000 0.00000000 1.00000000
vn 0.00000000 0.00000000 1.00000000
vn 0.00000000 0.00000000 1.00000000
vn 0.00000000 0.00000000 1.00000000
vn -0.99999591 0.00286034 0.00000000
vn -0.99999591 0.00286034 0.00000000
vn -0.99999591 0.00286034 0.00000000
vn -0.99999591 0.00286034 0.00000000
vn 0.99999693 -0.00247897 0.00000000
vn 0.99999693 -0.00247897 0.00000000
vn 0.99999693 -0.00247897 0.00000000
vn 0.99999693 -0.00247897 0.00000000
vn -0.00286034 -0.99999591 0.00000000
vn -0.00247897 -0.99999693 0.00000000
vn -0.00247897 -0.99999693 0.00000000
vn -0.00286034 -0.99999591 0.00000000
vn 0.00286034 0.99999591 0.00000000
vn 0.00286034 0.99999591 0.00000000
vn 0.00247897 0.99999693 0.00000000
vn 0.00247897 0.99999693 0.00000000
vn 0.00000000 0.00000000 -1.00000000
vn 0.00000000 0.00000000 -1.00000000
vn 0.00000000 0.00000000 -1.00000000
vn 0.00000000 0.00000000 -1.00000000
vn 0.00000000 0.00000000 1.00000000
vn 0.00000000 0.00000000 1.00000000
vn 0.00000000 0.00000000 1.00000000
vn 0.00000000 0.00000000 1.00000000
vn -0.99999591 0.00286034 0.00000000
vn -0.99999591 0.00286034 0.00000000
vn -0.99999591 0.00286034 0.00000000
vn -0.99999591 0.00286034 0.00000000
vn 0.99999607 -0.00280426 0.00000000
vn 0.99999607 -0.00280426 0.00000000
vn 0.99999607 -0.00280426 0.00000000
vn 0.99999607 -0.00280426 0.00000000
vn -0.00286034 -0.99999591 0.00000000
vn -0.00280426 -0.99999607 0.00000000
vn -0.00280426 -0.99999607 0.00000000
vn -0.00286034 -0.99999591 0.00000000
vn 0.00286034 0.99999591 0.00000000
vn 0.00286034 0.99999591 0.00000000
vn 0.00280426 0.99999607 0.00000000
vn 0.00280426 0.99999607 0.00000000
vn 0.00000000 0.00000000 -1.00000000
vn 0.00000000 0.00000000 -1.00000000
vn 0.00000000 0.00000000 -1.00000000
vn 0.00000000 0.00000000 -1.00000000
vn 0.00000000 0.00000000 1.00000000
vn 0.00000000 0.00000000 1.00000000
vn 0.00000000 0.00000000 1.00000000
vn 0.00000000 0.00000000 1.00000000
vn -0.99999693 0.00247897 0.00000000
vn -0.99999693 0.00247897 0.00000000
vn -0.99999693 0.00247897 0.00000000
vn -0.99999693 0.00247897 0.00000000
vn 0.99999780 -0.00209759 0.00000000
vn 0.99999780 -0.00209759 0.00000000
vn 0.99999780 -0.00209759 0.00000000
vn 0.99999780 -0.00209759 0.00000000
vn -0.00247897 -0.99999693 0.00000000
vn -0.00209759 -0.99999780 0.00000000
vn -0.00209759 -0.99999780 0.00000000
vn -0.00247897 -0.99999693 0.00000000
vn 0.00247897 0.99999693 0.00000000
vn 0.00247897 0.99999693 0.00000000
vn 0.00209759 0.99999780 0.00000000
vn 0.00209759 0.99999780 0.00000000
vn 0.00000000 0.00000000 -1.00000000
vn 0.00000000 0.00000000 -1.00000000
vn 0.00000000 0.00000000 -1.00000000
vn 0.00000000 0.00000000 -1.00000000
vn 0.00000000 0.00000000 1.00000000
vn 0.00000000 0.00000000 1.00000000
vn 0.00000000 0.00000000 1.00000000
vn 0.00000000 0.00000000 1.00000000
vn -0.99999693 0.00247897 0.00000000
vn -0.99999693 0.00247897 0.00000000
vn -0.99999693 0.00247897 0.00000000
vn -0.99999693 0.00247897 0.00000000
vn 0.99999706 -0.00242288 0.00000000
vn 0.99999706 -0.00242288 0.00000000
vn 0.99999706 -0.00242288 0.00000000
vn 0.99999706 -0.00242288 0.00000000
vn -0.00247897 -0.99999693 0.00000000
vn -0.00242288 -0.99999706 0.00000000
vn -0.00242288 -0.99999706 0.00000000
vn -0.00247897 -0.99999693 0.00000000
vn 0.00247897 0.99999693 0.00000000
vn 0.00247897 0.99999693 0.00000000
vn 0.00242288 0.99999706 0.00000000
vn 0.00242288 0.99999706 0.00000000
vn 0.00000000 0.00000000 -1.00000000
vn 0.00000000 0.00000000 -1.00000000
vn 0.00000000 0.00000000 -1.00000000
vn 0.00000000 0.00000000 -1.00000000
vn 0.00000000 0.00000000 1.00000000
vn 0.00000000 0.00000000 1.00000000
vn 0.00000000 0.00000000 1.00000000
vn 0.00000000 0.00000000 1.00000000
vn -0.99999780 0.00209759 0.00000000
vn -0.99999780 0.00209759 0.00000000
vn -0.99999780 0.00209759 0.00000000
vn -0.99999780 0.00209759 0.00000000
vn 0.99999853 -0.00171621 0.00000000
vn 0.99999853 -0.00171621 0.00000000
vn 0.99999853 -0.00171621 0.00000000
vn 0.99999853 -0.00171621 0.00000000
vn -0.00209759 -0.99999780 0.00000000
vn -0.00171621 -0.99999853 0.00000000
vn -0.00171621 -0.99999853 0.00000000
vn -0.00209759 -0.99999780 0.00000000
vn 0.00209759 0.99999780 0.00000000
vn 0.00209759 0.99999780 0.00000000
vn 0.00171621 0.99999853 0.00000000
vn 0.00171621 0.99999853 0.00000000
vn 0.00000000 0.00000000 -1.00000000
vn 0.00000000 0.00000000 -1.00000000
vn 0.00000000 0.00000000 -1.00000000
vn 0.00000000 0.00000000 -1.00000000
vn 0.00000000 0.00000000 1.00000000
vn 0.00000000 0.00000000 1.00000000
vn 0.00000000 0.00000000 1.00000000
vn 0.00000000 0.00000000 1.00000000
vn -0.99999780 0.00209759 0.00000000
vn -0.99999780 0.00209759 0.00000000
vn -0.99999780 0.00209759 0.00000000
vn -0.99999780 0.00209759 0.00000000
vn 0.99999792 -0.00204150 0.00000000
vn 0.99999792 -0.00204150 0.00000000
vn 0.99999792 -0.00204150 0.00000000
vn 0.99999792 -0.00204150 0.00000000
vn -0.00209759 -0.99999780 0.00000000
vn -0.00204150 -0.99999792 0.00000000
vn -0.00204150 -0.99999792 0.00000000
vn -0.00209759 -0.99999780 0.00000000
vn 0.00209759 0.99999780 0.00000000
vn 0.00209759 0.99999780 0.00000000
vn 0.00204150 0.99999792 0.00000000
vn 0.00204150 0.99999792 0.00000000
vn 0.00000000 0.00000000 -1.00000000
vn 0.00000000 0.00000000 -1.00000000
vn 0.00000000 0.00000000 -1.00000000
vn 0.00000000 0.00000000 -1.00000000
vn 0.00000000 0.00000000 1.00000000
vn 0.00000000 0.00000000 1.00000000
vn 0.00000000 0.00000000 1.00000000
vn 0.00000000 0.00000000 1.00000000
vn -0.99999853 0.00171621 0.00000000
vn -0.99999853 0.00171621 0.00000000
vn -0.99999853 0.00171621 0.00000000
vn -0.99999853 0.00171621 0.00000000
vn 0.99999911 -0.00133483 0.00000000
vn 0.99999911 -0.00133483 0.00000000
vn 0.99999911 -0.00133483 0.00000000
vn 0.99999911 -0.00133483 0.00000000
vn -0.00171621 -0.99999853 0.00000000
vn -0.00133483 -0.99999911 0.00000000
vn -0.00133483 -0.99999911 0.00000000
vn -0.00171621 -0.99999853 0.00000000
vn 0.00171621 0.99999853 0.00000000
vn 0.00171621 0.99999853 0.00000000
vn 0.00133483 0.99999911 0.00000000
vn 0.00133483 0.99999911 0.00000000
vn 0.00000000 0.00000000 -1.00000000
vn 0.00000000 0.00000000 -1.00000000
vn 0.00000000 0.00000000 -1.00000000
vn 0.00000000 0.00000000 -1.00000000
vn 0.00000000 0.00000000 1.00000000
vn 0.00000000 0.00000000 1.00000000
vn 0.00000000 0.00000000 1.00000000
vn 0.00000000 0.00000000 1.00000000
vn -0.99999853 0.00171621 0.00000000
vn -0.99999853 0.00171621 0.00000000
vn -0.99999853 0.00171621 0.00000000
vn -0.99999853 0.00171621 0.00000000
vn 0.99999862 -0.00166012 0.00000000
vn 0.99999862 -0.00166012 0.00000000
vn 0.99999862 -0.00166012 0.00000000
vn 0.99999862 -0.00166012 0.00000000
vn -0.00171621 -0.99999853 0.00000000
vn -0.00166012 -0.99999862 0.00000000
vn -0.00166012 -0.99999862 0.00000000
vn -0.00171621 -0.99999853 0.00000000
vn 0.00171621 0.99999853 0.00000000
vn 0.00171621 0.99999853 0.00000000
vn 0.00166012 0.99999862 0.00000000
vn 0.00166012 0.99999862 0.00000000
vn 0.00000000 0.00000000 -1.00000000
vn 0.00000000 0.00000000 -1.00000000
vn 0.00000000 0.00000000 -1.00000000
vn 0.00000000 0.00000000 -1.00000000
vn 0.00000000 0.00000000 1.00000000
vn 0.00000000 0.00000000 1.00000000
vn 0.00000000 0.00000000 1.00000000
vn 0.00000000 0.00000000 1.00000000
vn -0.99999911 0.00133483 0.00000000
vn -0.99999911 0.00133483 0.00000000
vn -0.99999911 0.00133483 0.00000000
vn -0.99999911 0.00133483 0.00000000
vn 0.99999955 -0.00095345 0.00000000
vn 0.99999955 -0.00095345 0.00000000
vn 0.99999955 -0.00095345 0.00000000
vn 0.99999955 -0.00095345 0.00000000
vn -0.00133483 -0.99999911 0.00000000
vn -0.00095345 -0.99999955 0.00000000
vn -0.00095345 -0.99999955 0.00000000
vn -0.00133483 -0.99999911 0.00000000
vn 0.00133483 0.99999911 0.00000000
vn 0.00133483 0.99999911 0.00000000
vn 0.00095345 0.99999955 0.00000000
vn 0.00095345 0.99999955 0.00000000
vn 0.00000000 0.00000000 -1.00000000
vn 0.00000000 0.00000000 -1.00000000
vn 0.00000000 0.00000000 -1.00000000
vn 0.00000000 0.00000000 -1.00000000
vn 0.00000000 0.00000000 1.00000000
vn 0.00000000 0.00000000 1.00000000
vn 0.00000000 0.00000000 1.00000000
vn 0.00000000 0.00000000 1.00000000
vn -0.99999911 0.00133483 0.00000000
vn -0.99999911 0.00133483 0.00000000
vn -0.99999911 0.00133483 0.00000000
vn -0.99999911 0.00133483 0.00000000
vn 0.99999918 -0.00127874 0.00000000
vn 0.99999918 -0.00127874 0.00000000
vn 0.99999918 -0.00127874 0.00000000
vn 0.99999918 -0.00127874 0.00000000
vn -0.00133483 -0.99999911 0.00000000
vn -0.00127874 -0.99999918 0.00000000
vn -0.00127874 -0.99999918 0.00000000
vn -0.00133483 -0.99999911 0.00000000
vn 0.00133483 0.99999911 0.00000000
vn 0.00133483 0.99999911 0.00000000
vn 0.00127874 0.99999918 0.00000000
vn 0.00127874 0.99999918 0.00000000
vn 0.00000000 0.00000000 -1.00000000
vn 0.00000000 0.00000000 -1.00000000
vn 0.00000000 0.00000000 -1.00000000
vn 0.00000000 0.00000000 -1.00000000
vn 0.00000000 0.00000000 1.00000000
vn 0.00000000 0.00000000 1.00000000
vn 0.00000000 0.00000000 1.00000000
vn 0.00000000 0.00000000 1.00000000
vn -0.99999955 0.00095345 0.00000000
vn -0.99999955 0.00095345 0.00000000
vn -0.99999955 0.00095345 0.00000000
vn -0.99999955 0.00095345 0.00000000
vn 0.99999984 -0.00057207 0.00000000
vn 0.99999984 -0.00057207 0.00000000
vn 0.99999984 -0.00057207 0.00000000
vn 0.99999984 -0.00057207 0.00000000
vn -0.00095345 -0.99999955 0.00000000
vn -0.00057207 -0.99999984 0.00000000
vn -0.00057207 -0.99999984 0.00000000
vn -0.00095345 -0.99999955 0.00000000
vn 0.00095345 0.99999955 0.00000000
vn 0.00095345 0.99999955 0.00000000
vn 0.00057207 0.99999984 0.00000000
vn 0.00057207 0.99999984 0.00000000
vn 0.00000000 0.00000000 -1.00000000
vn 0.00000000 0.00000000 -1.00000000
vn 0.00000000 0.00000000 -1.00000000
vn 0.00000000 0.00000000 -1.00000000
vn 0.00000000 0.00000000 1.00000000
vn 0.00000000 0.00000000 1.00000000
vn 0.00000000 0.00000000 1.00000000
vn 0.00000000 0.00000000 1.00000000
vn -0.99999955 0.00095345 0.00000000
vn -0.99999955 0.00095345 0.00000000
vn -0.99999955 0.00095345 0.00000000
vn -0.99999955 0.00095345 0.00000000
vn 0.99999960 -0.00089736 0.00000000
vn 0.99999960 -0.00089736 0.00000000
vn 0.99999960 -0.00089736 0.00000000
vn 0.99999960 -0.00089736 0.00000000
vn -0.00095345 -0.99999955 0.00000000
vn -0.00089736 -0.99999960 0.00000000
vn -0.00089736 -0.99999960 0.00000000
vn -0.00095345 -0.99999955 0.00000000
vn 0.00095345 0.99999955 0.00000000
vn 0.00095345 0.99999955 0.00000000
vn 0.00089736 0.99999960 0.00000000
vn 0.00089736 0.99999960 0.00000000
vn 0.00000000 0.00000000 -1.00000000
vn 0.00000000 0.00000000 -1.00000000
vn 0.00000000 0.00000000 -1.00000000
vn 0.00000000 0.00000000 -1.00000000
vn 0.00000000 0.00000000 1.00000000
vn 0.00000000 0.00000000 1.00000000
vn 0.00000000 0.00000000 1.00000000
vn 0.00000000 0.00000000 1.00000000
vn -0.99999984 0.00057207 0.00000000
vn -0.99999984 0.00057207 0.00000000
vn -0.99999984 0.00057207 0.00000000
vn -0.99999984 0.00057207 0.00000000
vn 0.99999998 -0.00019069 0.00000000
vn 0.99999998 -0.00019069 0.00000000
vn 0.99999998 -0.00019069 0.00000000
vn 0.99999998 -0.00019069 0.00000000
vn -0.00057207 -0.99999984 0.00000000
vn -0.00019069 -0.99999998 0.00000000
vn -0.00019069 -0.99999998 0.00000000
vn -0.00057207 -0.99999984 0.00000000
vn 0.00057207 0.99999984 0.00000000
vn 0.00057207 0.99999984 0.00000000
vn 0.00019069 0.99999998 0.00000000
vn 0.00019069 0.99999998 0.00000000
vn 0.00000000 0.00000000 -1.00000000
vn 0.00000000 0.00000000 -1.00000000
vn 0.00000000 0.00000000 -1.00000000
vn 0.00000000 0.00000000 -1.00000000
vn 0.00000000 0.00000000 1.00000000
vn 0.00000000 0.00000000 1.00000000
vn 0.00000000 0.00000000 1.00000000
vn 0.00000000 0.00000000 1.00000000
vn -0.99999984 0.00057207 0.00000000
vn -0.99999984 0.00057207 0.00000000
vn -0.99999984 0.00057207 0.00000000
vn -0.99999984 0.00057207 0.00000000
vn 0.99999987 -0.00051598 0.00000000
vn 0.99999987 -0.00051598 0.00000000
vn 0.99999987 -0.00051598 0.00000000
vn 0.99999987 -0.00051598 0.00000000
vn -0.00057207 -0.99999984 0.00000000
vn -0.00051598 -0.99999987 0.00000000
vn -0.00051598 -0.99999987 0.00000000
vn -0.00057207 -0.99999984 0.00000000
vn 0.00057207 0.99999984 0.00000000
vn 0.00057207 0.99999984 0.00000000
vn 0.00051598 0.99999987 0.00000000
vn 0.00051598 0.99999987 0.00000000
vn 0.00000000 0.00000000 -1.00000000
vn 0.00000000 0.00000000 -1.00000000
vn 0.00000000 0.00000000 -1.00000000
vn 0.00000000 0.00000000 -1.00000000
vn 0.00000000 0.00000000 1.00000000
vn 0.00000000 0.00000000 1.00000000
vn 0.00000000 0.00000000 1.00000000
vn 0.00000000 0.00000000 1.00000000
vn -0.99999998 0.00019069 0.00000000
vn -0.99999998 0.00019069 0.00000000
vn -0.99999998 0.00019069 0.00000000
vn -0.99999998 0.00019069 0.00000000
vn 0.99999998 0.00019069 0.00000000
vn 0.99999998 0.00019069 0.00000000
vn 0.99999998 0.00019069 0.00000000
vn 0.99999998 0.00019069 0.00000000
vn -0.00019069 -0.99999998 0.00000000
vn 0.00019069 -0.99999998 0.00000000
vn 0.00019069 -0.99999998 0.00000000
vn -0.00019069 -0.99999998 0.00000000
vn 0.00019069 0.99999998 0.00000000
vn 0.00019069 0.99999998 0.00000000
vn -0.00019069 0.99999998 0.00000000
vn -0.00019069 0.99999998 0.00000000
vn 0.00000000 0.00000000 -1.00000000
vn 0.00000000 0.00000000 -1.00000000
vn 0.00000000 0.00000000 -1.00000000
vn 0.00000000 0.00000000 -1.00000000
vn 0.00000000 0.00000000 1.00000000
vn 0.00000000 0.00000000 1.00000000
vn 0.00000000 0.00000000 1.00000000
vn 0.00000000 0.00000000 1.00000000
vn -0.99999998 0.00019069 0.00000000
vn -0.99999998 0.00019069 0.00000000
vn -0.99999998 0.00019069 0.00000000
vn -0.99999998 0.00019069 0.00000000
vn 0.99999999 -0.00013460 0.00000000
vn 0.99999999 -0.00013460 0.00000000
vn 0.99999999 -0.00013460 0.00000000
vn 0.99999999 -0.00013460 0.00000000
vn -0.00019069 -0.99999998 0.00000000
vn -0.00013460 -0.99999999 0.00000000
vn -0.00013460 -0.99999999 0.00000000
vn -0.00019069 -0.99999998 0.00000000
vn 0.00019069 0.99999998 0.00000000
vn 0.00019069 0.99999998 0.00000000
vn 0.00013460 0.99999999 0.00000000
vn 0.00013460 0.99999999 0.00000000
vn 0.00000000 0.00000000 -1.00000000
vn 0.00000000 0.00000000 -1.00000000
vn 0.00000000 0.00000000 -1.00000000
vn 0.00000000 0.00000000 -1.00000000
vn 0.00000000 0.00000000 1.00000000
vn 0.00000000 0.00000000 1.00000000
vn 0.00000000 0.00000000 1.00000000
vn 0.00000000 0.00000000 1.00000000
vn -0.99999998 -0.00019069 0.00000000
vn -0.99999998 -0.00019069 0.00000000
vn -0.99999998 -0.00019069 0.00000000
vn -0.99999998 -0.00019069 0.00000000
vn 0.99999984 0.00057207 0.00000000
vn 0.99999984 0.00057207 0.00000000
vn 0.99999984 0.00057207 0.00000000
vn 0.99999984 0.00057207 0.00000000
vn 0.00019069 -0.99999998 0.00000000
vn 0.00057207 -0.99999984 0.00000000
vn 0.00057207 -0.99999984 0.00000000
vn 0.00019069 -0.99999998 0.00000000
vn -0.00019069 0.99999998 0.00000000
vn -0.00019069 0.99999998 0.00000000
vn -0.00057207 0.99999984 0.00000000
vn -0.00057207 0.99999984 0.00000000
vn 0.00000000 0.00000000 -1.00000000
vn 0.00000000 0.00000000 -1.00000000
vn 0.00000000 0.00000000 -1.00000000
vn 0.00000000 0.00000000 -1.00000000
vn 0.00000000 0.00000000 1.00000000
vn 0.00000000 0.00000000 1.00000000
vn 0.00000000 0.00000000 1.00000000
vn 0.00000000 0.00000000 1.00000000
vn -0.99999998 -0.00019069 0.00000000
vn -0.99999998 -0.00019069 0.00000000
vn -0.99999998 -0.00019069 0.00000000
vn -0.99999998 -0.00019069 0.00000000
vn 0.99999997 0.00024678 0.00000000
vn 0.99999997 0.00024678 0.00000000
vn 0.99999997 0.00024678 0.00000000
vn 0.99999997 0.00024678 0.00000000
vn 0.00019069 -0.99999998 0.00000000
vn 0.00024678 -0.99999997 0.00000000
vn 0.00024678 -0.99999997 0.00000000
vn 0.00019069 -0.99999998 0.00000000
vn -0.00019069 0.99999998 0.00000000
vn -0.00019069 0.99999998 0.00000000
vn -0.00024678 0.99999997 0.00000000
vn -0.00024678 0.99999997 0.00000000
vn 0.00000000 0.00000000 -1.00000000
vn 0.00000000 0.00000000 -1.00000000
vn 0.00000000 0.00000000 -1.00000000
vn 0.00000000 0.00000000 -1.00000000
vn 0.00000000 0.00000000 1.00000000
vn 0.00000000 0.00000000 1.00000000
vn 0.00000000 0.00000000 1.00000000
vn 0.00000000 0.00000000 1.00000000
vn -0.99999984 -0.00057207 0.00000000
vn -0.99999984 -0.00057207 0.00000000
vn -0.99999984 -0.00057207 0.00000000
vn -0.99999984 -0.00057207 0.00000000
vn 0.99999955 0.00095345 0.00000000
vn 0.99999955 0.00095345 0.00000000
vn 0.99999955 0.00095345 0.00000000
vn 0.99999955 0.00095345 0.00000000
vn 0.00057207 -0.99999984 0.00000000
vn 0.00095345 -0.99999955 0.00000000
vn 0.00095345 -0.99999955 0.00000000
vn 0.00057207 -0.99999984 0.00000000
vn -0.00057207 0.99999984 0.00000000
vn -0.00057207 0.99999984 0.00000000
vn -0.00095345 0.99999955 0.00000000
vn -0.00095345 0.99999955 0.00000000
vn 0.00000000 0.00000000 -1.00000000
vn 0.00000000 0.00000000 -1.00000000
vn 0.00000000 0.00000000 -1.00000000
vn 0.00000000 0.00000000 -1.00000000
vn 0.00000000 0.00000000 1.00000000
vn 0.00000000 0.00000000 1.00000000
vn 0.00000000 0.00000000 1.00000000
vn 0.00000000 0.00000000 1.00000000
vn -0.99999984 -0.00057207 0.00000000
vn -0.99999984 -0.00057207 0.00000000
vn -0.99999984 -0.00057207 0.00000000
vn -0.99999984 -0.00057207 0.00000000
vn 0.99999980 0.00062815 0.00000000
vn 0.99999980 0.00062815 0.00000000
vn 0.99999980 0.00062815 0.00000000
vn 0.99999980 0.00062815 0.00000000
vn 0.00057207 -0.99999984 0.00000000
vn 0.00062815 -0.99999980 0.00000000
vn 0.00062815 -0.99999980 0.00000000
vn 0.00057207 -0.99999984 0.00000000
vn -0.00057207 0.99999984 0.00000000
vn -0.00057207 0.99999984 0.00000000
vn -0.00062815 0.99999980 0.00000000
vn -0.00062815 0.99999980 0.00000000
vn 0.00000000 0.00000000 -1.00000000
vn 0.00000000 0.00000000 -1.00000000
vn 0.00000000 0.00000000 -1.00000000
vn 0.00000000 0.00000000 -1.00000000
vn 0.00000000 0.00000000 1.00000000
vn 0.00000000 0.00000000 1.00000000
vn 0.00000000 0.00000000 1.00000000
vn 0.00000000 0.00000000 1.00000000
vn -0.99999955 -0.00095345 0.00000000
vn -0.99999955 -0.00095345 0.00000000
vn -0.99999955 -0.00095345 0.00000000
vn -0.99999955 -0.00095345 0.00000000
vn 0.99999911 0.00133483 0.00000000
vn 0.99999911 0.00133483 0.00000000
vn 0.99999911 0.00133483 0.00000000
vn 0.99999911 0.00133483 0.00000000
vn 0.00095345 -0.99999955 0.00000000
vn 0.00133483 -0.99999911 0.00000000
vn 0.00133483 -0.99999911 0.00000000
vn 0.00095345 -0.99999955 0.00000000
vn -0.00095345 0.99999955 0.00000000
vn -0.00095345 0.99999955 0.00000000
vn -0.00133483 0.99999911 0.00000000
vn -0.00133483 0.99999911 0.00000000
vn 0.00000000 0.00000000 -1.00000000
vn 0.00000000 0.00000000 -1.00000000
vn 0.00000000 0.00000000 -1.00000000
vn 0.00000000 0.00000000 -1.00000000
vn 0.00000000 0.00000000 1.00000000
vn 0.00000000 0.00000000 1.00000000
vn 0.00000000 0.00000000 1.00000000
vn 0.00000000 0.00000000 1.00000000
vn -0.99999955 -0.00095345 0.00000000
vn -0.99999955 -0.00095345 0.00000000
vn -0.99999955 -0.00095345 0.00000000
vn -0.99999955 -0.00095345 0.00000000
vn 0.99999949 0.00100953 0.00000000
vn 0.99999949 0.00100953 0.00000000
vn 0.99999949 0.00100953 0.00000000
vn 0.99999949 0.00100953 0.00000000
vn 0.00095345 -0.99999955 0.00000000
vn 0.00100953 -0.99999949 0.00000000
vn 0.00100953 -0.99999949 0.00000000
vn 0.00095345 -0.99999955 0.00000000
vn -0.00095345 0.99999955 0.00000000
vn -0.00095345 0.99999955 0.00000000
vn -0.00100953 0.99999949 0.00000000
vn -0.00100953 0.99999949 0.00000000
vn 0.00000000 0.00000000 -1.00000000
vn 0.00000000 0.00000000 -1.00000000
vn 0.00000000 0.00000000 -1.00000000
vn 0.00000000 0.00000000 -1.00000000
vn 0.00000000 0.00000000 1.00000000
vn 0.00000000 0.00000000 1.00000000
vn 0.00000000 0.00000000 1.00000000
vn 0.00000000 0.00000000 1.00000000
vn -0.99999911 -0.00133483 0.00000000
vn -0.99999911 -0.00133483 0.00000000
vn -0.99999911 -0.00133483 0.00000000
vn -0.99999911 -0.00133483 0.00000000
vn 0.99999853 0.00171621 0.00000000
vn 0.99999853 0.00171621 0.00000000
vn 0.99999853 0.00171621 0.00000000
vn 0.99999853 0.00171621 0.00000000
vn 0.00133483 -0.99999911 0.00000000
vn 0.00171621 -0.99999853 0.00000000
vn 0.00171621 -0.99999853 0.00000000
vn 0.00133483 -0.99999911 0.00000000
vn -0.00133483 0.99999911 0.00000000
vn -0.00133483 0.99999911 0.00000000
vn -0.00171621 0.99999853 0.00000000
vn -0.00171621 0.99999853 0.00000000
vn 0.00000000 0.00000000 -1.00000000
vn 0.00000000 0.00000000 -1.00000000
vn 0.00000000 0.00000000 -1.00000000
vn 0.00000000 0.00000000 -1.00000000
vn 0.00000000 0.00000000 1.00000000
vn 0.00000000 0.00000000 1.00000000
vn 0.00000000 0.00000000 1.00000000
vn 0.00000000 0.00000000 1.00000000
vn -0.99999911 -0.00133483 0.00000000
vn -0.99999911 -0.00133483 0.00000000
vn -0.99999911 -0.00133483 0.00000000
vn -0.99999911 -0.00133483 0.00000000
vn 0.99999903 0.00139091 0.00000000
vn 0.99999903 0.00139091 0.00000000
vn 0.99999903 0.00139091 0.00000000
vn 0.99999903 0.00139091 0.00000000
vn 0.00133483 -0.99999911 0.00000000
vn 0.00139091 -0.99999903 0.00000000
vn 0.00139091 -0.99999903 0.00000000
vn 0.00133483 -0.99999911 0.00000000
vn -0.00133483 0.99999911 0.00000000
vn -0.00133483 0.99999911 0.00000000
vn -0.00139091 0.99999903 0.00000000
vn -0.00139091 0.99999903 0.00000000
vn 0.00000000 0.00000000 -1.00000000
vn 0.00000000 0.00000000 -1.00000000
vn 0.00000000 0.00000000 -1.00000000
vn 0.00000000 0.00000000 -1.00000000
vn 0.00000000 0.00000000 1.00000000
vn 0.00000000 0.00000000 1.00000000
vn 0.00000000 0.00000000 1.00000000
vn 0.00000000 0.00000000 1.00000000
vn -0.99999853 -0.00171621 0.00000000
vn -0.99999853 -0.00171621 0.00000000
vn -0.99999853 -0.00171621 0.00000000
vn -0.99999853 -0.00171621 0.00000000
vn 0.99999780 0.00209759 0.00000000
vn 0.99999780 0.00209759 0.00000000
vn 0.99999780 0.00209759 0.00000000
vn 0.99999780 0.00209759 0.00000000
vn 0.00171621 -0.99999853 0.00000000
vn 0.00209759 -0.99999780 0.00000000
vn 0.00209759 -0.99999780 0.00000000
vn 0.00171621 -0.99999853 0.00000000
vn -0.00171621 0.99999853 0.00000000
vn -0.00171621 0.99999853 0.00000000
vn -0.00209759 0.99999780 0.00000000
vn -0.00209759 0.99999780 0.00000000
vn 0.00000000 0.00000000 -1.00000000
vn 0.00000000 0.00000000 -1.00000000
vn 0.00000000 0.00000000 -1.00000000
vn 0.00000000 0.00000000 -1.00000000
vn 0.00000000 0.00000000 1.00000000
vn 0.00000000 0.00000000 1.00000000
vn 0.00000000 0.00000000 1.00000000
vn 0.00000000 0.00000000 1.00000000
vn -0.99999853 -0.00171621 0.00000000
vn -0.99999853 -0.00171621 0.00000000
vn -0.99999853 -0.00171621 0.00000000
vn -0.99999853 -0.00171621 0.00000000
vn 0.99999843 0.00177229 0.00000000
vn 0.99999843 0.00177229 0.00000000
vn 0.99999843 0.00177229 0.00000000
vn 0.99999843 0.00177229 0.00000000
vn 0.00171621 -0.99999853 0.00000000
vn 0.00177229 -0.99999843 0.00000000
vn 0.00177229 -0.99999843 0.00000000
vn 0.00171621 -0.99999853 0.00000000
vn -0.00171621 0.99999853 0.00000000
vn -0.00171621 0.99999853 0.00000000
vn -0.00177229 0.99999843 0.00000000
vn -0.00177229 0.99999843 0.00000000
vn 0.00000000 0.00000000 -1.00000000
vn 0.00000000 0.00000000 -1.00000000
vn 0.00000000 0.00000000 -1.00000000
vn 0.00000000 0.00000000 -1.00000000
vn 0.00000000 0.00000000 1.00000000
vn 0.00000000 0.00000000 1.00000000
vn 0.00000000 0.00000000 1.00000000
vn 0.00000000 0.00000000 1.00000000
vn -0.99999780 -0.00209759 0.00000000
vn -0.99999780 -0.00209759 0.00000000
vn -0.99999780 -0.00209759 0.00000000
vn -0.99999780 -0.00209759 0.00000000
vn 0.99999693 0.00247897 0.00000000
vn 0.99999693 0.00247897 0.00000000
vn 0.99999693 0.00247897 0.00000000
vn 0.99999693 0.00247897 0.00000000
vn 0.00209759 -0.99999780 0.00000000
vn 0.00247897 -0.99999693 0.00000000
vn 0.00247897 -0.99999693 0.00000000
vn 0.00209759 -0.99999780 0.00000000
vn -0.00209759 0.99999780 0.00000000
vn -0.00209759 0.99999780 0.00000000
vn -0.00247897 0.99999693 0.00000000
vn -0.00247897 0.99999693 0.00000000
vn 0.00000000 0.00000000 -1.00000000
vn 0.00000000 0.00000000 -1.00000000
vn 0.00000000 0.00000000 -1.00000000
vn 0.00000000 0.00000000 -1.00000000
vn 0.00000000 0.00000000 1.00000000
vn 0.00000000 0.00000000 1.00000000
vn 0.00000000 0.00000000 1.00000000
vn 0.00000000 0.00000000 1.00000000
vn -0.99999780 -0.00209759 0.00000000
vn -0.99999780 -0.00209759 0.00000000
vn -0.99999780 -0.00209759 0.00000000
vn -0.99999780 -0.00209759 0.00000000
vn 0.99999768 0.00215367 0.00000000
vn 0.99999768 0.00215367 0.00000000
vn 0.99999768 0.00215367 0.00000000
vn 0.99999768 0.00215367 0.00000000
vn 0.00209759 -0.99999780 0.00000000
vn 0.00215367 -0.99999768 0.00000000
vn 0.00215367 -0.99999768 0.00000000
vn 0.00209759 -0.99999780 0.00000000
vn -0.00209759 0.99999780 0.00000000
vn -0.00209759 0.99999780 0.00000000
vn -0.00215367 0.99999768 0.00000000
vn -0.00215367 0.99999768 0.00000000
vn 0.00000000 0.00000000 -1.00000000
vn 0.00000000 0.00000000 -1.00000000
vn 0.00000000 0.00000000 -1.00000000
vn 0.00000000 0.00000000 -1.00000000
vn 0.00000000 0.00000000 1.00000000
vn 0.00000000 0.00000000 1.00000000
vn 0.00000000 0.00000000 1.00000000
vn 0.00000000 0.00000000 1.00000000
vn -0.99999693 -0.00247897 0.00000000
vn -0.99999693 -0.00247897 0.00000000
vn -0.99999693 -0.00247897 0.00000000
vn -0.99999693 -0.00247897 0.00000000
vn 0.99999591 0.00286034 0.00000000
vn 0.99999591 0.00286034 0.00000000
vn 0.99999591 0.00286034 0.00000000
vn 0.99999591 0.00286034 0.00000000
vn 0.00247897 -0.99999693 0.00000000
vn 0.00286034 -0.99999591 0.00000000
vn 0.00286034 -0.99999591 0.00000000
vn 0.00247897 -0.99999693 0.00000000
vn -0.00247897 0.99999693 0.00000000
vn -0.00247897 0.99999693 0.00000000
vn -0.00286034 0.99999591 0.00000000
vn -0.00286034 0.99999591 0.00000000
vn 0.00000000 0.00000000 -1.00000000
vn 0.00000000 0.00000000 -1.00000000
vn 0.00000000 0.00000000 -1.00000000
vn 0.00000000 0.00000000 -1.00000000
vn 0.00000000 0.00000000 1.00000000
vn 0.00000000 0.00000000 1.00000000
vn 0.00000000 0.00000000 1.00000000
vn 0.00000000 0.00000000 1.00000000
vn -0.99999693 -0.00247897 0.00000000
vn -0.99999693 -0.00247897 0.00000000
vn -0.99999693 -0.00247897 0.00000000
vn -0.99999693 -0.00247897 0.00000000
vn 0.99999679 0.00253505 0.00000000
vn 0.99999679 0.00253505 0.00000000
vn 0.99999679 0.00253505 0.00000000
vn 0.99999679 0.00253505 0.00000000
vn 0.00247897 -0.99999693 0.00000000
vn 0.00253505 -0.99999679 0.00000000
vn 0.00253505 -0.99999679 0.00000000
vn 0.00247897 -0.99999693 0.00000000
vn -0.00247897 0.99999693 0.00000000
vn -0.00247897 0.99999693 0.00000000
vn -0.00253505 0.99999679 0.00000000
vn -0.00253505 0.99999679 0.00000000
vn 0.00000000 0.00000000 -1.00000000
vn 0.00000000 0.00000000 -1.00000000
vn 0.00000000 0.00000000 -1.00000000
vn 0.00000000 0.00000000 -1.00000000
vn 0.00000000 0.00000000 1.00000000
vn 0.00000000 0.00000000 1.00000000
vn 0.00000000 0.00000000 1.00000000
vn 0.00000000 0.00000000 1.00000000
vn -0.99978431 0.02076874 0.00000000
vn -0.99978431 0.02076874 0.00000000
vn -0.99978431 0.02076874 0.00000000
vn -0.99978431 0.02076874 0.00000000
vn 0.99978709 -0.02063417 0.00000000
vn 0.99978709 -0.02063417 0.00000000
vn 0.99978709 -0.02063417 0.00000000
vn 0.99978709 -0.02063417 0.00000000
vn 0.00000000 0.00000000 -1.00000000
vn 0.00000000 0.00000000 -1.00000000
vn 0.00000000 0.00000000 -1.00000000
vn 0.00000000 0.00000000 -1.00000000
vn 0.00000000 0.00000000 1.00000000
vn 0.00000000 0.00000000 1.00000000
vn 0.00000000 0.00000000 1.00000000
vn 0.00000000 0.00000000 1.00000000
vn -0.99978709 -0.02063417 0.00000000
vn -0.99978709 -0.02063417 0.00000000
vn -0.99978709 -0.02063417 0.00000000
vn -0.99978709 -0.02063417 0.00000000
vn 0.99978431 0.02076874 0.00000000
vn 0.99978431 0.02076874 0.00000000
vn 0.99978431 0.02076874 0.00000000
vn 0.99978431 0.02076874 0.00000000
vn 0.00000000 0.00000000 -1.00000000
vn 0.00000000 0.00000000 -1.00000000
vn 0.00000000 0.00000000 -1.00000000
vn 0.00000000 0.00000000 -1.00000000
vn 0.00000000 0.00000000 1.00000000
vn 0.00000000 0.00000000 1.00000000
vn 0.00000000 0.00000000 1.00000000
vn 0.00000000 0.00000000 1.00000000
vn -0.99978431 0.02076874 0.00000000
vn -0.99978431 0.02076874 0.00000000
vn -0.99978431 0.02076874 0.00000000
vn -0.99978431 0.02076874 0.00000000
vn 0.99990413 -0.01384638 0.00000000
vn 0.99990413 -0.01384638 0.00000000
vn 0.99990413 -0.01384638 0.00000000
vn 0.99990413 -0.01384638 0.00000000
vn 0.00000000 0.00000000 -1.00000000
vn 0.00000000 0.00000000 -1.00000000
vn 0.00000000 0.00000000 -1.00000000
vn 0.00000000 0.00000000 -1.00000000
vn 0.00000000 0.00000000 1.00000000
vn 0.00000000 0.00000000 1.00000000
vn 0.00000000 0.00000000 1.00000000
vn 0.00000000 0.00000000 1.00000000
vn -0.99978431 0.02076874 0.00000000
vn -0.99978431 0.02076874 0.00000000
vn -0.99978431 0.02076874 0.00000000
vn -0.99978431 0.02076874 0.00000000
vn -0.02076874 -0.99978431 0.00000000
vn -0.01730767 -0.99985021 0.00000000
vn -0.01730767 -0.99985021 0.00000000
vn -0.02076874 -0.99978431 0.00000000
vn 0.02076874 0.99978431 0.00000000
vn 0.02076874 0.99978431 0.00000000
vn 0.01730767 0.99985021 0.00000000
vn 0.01730767 0.99985021 0.00000000
vn 0.00000000 0.00000000 -1.00000000
vn 0.00000000 0.00000000 -1.00000000
vn 0.00000000 0.00000000 -1.00000000
vn 0.00000000 0.00000000 -1.00000000
vn 0.00000000 0.00000000 1.00000000
vn 0.00000000 0.00000000 1.00000000
vn 0.00000000 0.00000000 1.00000000
vn 0.00000000 0.00000000 1.00000000
vn 0.99990413 -0.01384638 0.00000000
vn 0.99990413 -0.01384638 0.00000000
vn 0.99990413 -0.01384638 0.00000000
vn 0.99990413 -0.01384638 0.00000000
vn -0.01730767 -0.99985021 0.00000000
vn -0.01384638 -0.99990413 0.00000000
vn -0.01384638 -0.99990413 0.00000000
vn -0.01730767 -0.99985021 0.00000000
vn 0.01730767 0.99985021 0.00000000
vn 0.01730767 0.99985021 0.00000000
vn 0.01384638 0.99990413 0.00000000
vn 0.01384638 0.99990413 0.00000000
vn 0.00000000 0.00000000 -1.00000000
vn 0.00000000 0.00000000 -1.00000000
vn 0.00000000 0.00000000 -1.00000000
vn 0.00000000 0.00000000 -1.00000000
vn 0.00000000 0.00000000 1.00000000
vn 0.00000000 0.00000000 1.00000000
vn 0.00000000 0.00000000 1.00000000
vn 0.00000000 0.00000000 1.00000000
vn -0.99978431 0.02076874 0.00000000
vn -0.99978431 0.02076874 0.00000000
vn -0.99978431 0.02076874 0.00000000
vn -0.99978431 0.02076874 0.00000000
vn 0.99987146 -0.01603346 0.00000000
vn 0.99987146 -0.01603346 0.00000000
vn 0.99987146 -0.01603346 0.00000000
vn 0.99987146 -0.01603346 0.00000000
vn 0.00000000 0.00000000 -1.00000000
vn 0.00000000 0.00000000 -1.00000000
vn 0.00000000 0.00000000 -1.00000000
vn 0.00000000 0.00000000 -1.00000000
vn 0.00000000 0.00000000 1.00000000
vn 0.00000000 0.00000000 1.00000000
vn 0.00000000 0.00000000 1.00000000
vn 0.00000000 0.00000000 1.00000000
vn -0.99978431 0.02076874 0.00000000
vn -0.99978431 0.02076874 0.00000000
vn -0.99978431 0.02076874 0.00000000
vn -0.99978431 0.02076874 0.00000000
vn 0.99987146 -0.01603346 0.00000000
vn 0.99987146 -0.01603346 0.00000000
vn 0.99987146 -0.01603346 0.00000000
vn 0.99987146 -0.01603346 0.00000000
vn 0.00000000 0.00000000 -1.00000000
vn 0.00000000 0.00000000 -1.00000000
vn 0.00000000 0.00000000 -1.00000000
vn 0.00000000 0.00000000 -1.00000000
vn 0.00000000 0.00000000 1.00000000
vn 0.00000000 0.00000000 1.00000000
vn 0.00000000 0.00000000 1.00000000
vn 0.00000000 0.00000000 1.00000000
vn -0.99978431 0.02076874 0.00000000
vn -0.99978431 0.02076874 0.00000000
vn -0.99978431 0.02076874 0.00000000
vn -0.99978431 0.02076874 0.00000000
vn 0.99987146 -0.01603346 0.00000000
vn 0.99987146 -0.01603346 0.00000000
vn 0.99987146 -0.01603346 0.00000000
vn 0.99987146 -0.01603346 0.00000000
vn 0.00000000 0.00000000 -1.00000000
vn 0.00000000 0.00000000 -1.00000000
vn 0.00000000 0.00000000 -1.00000000
vn 0.00000000 0.00000000 -1.00000000
vn 0.00000000 0.00000000 1.00000000
vn 0.00000000 0.00000000 1.00000000
vn 0.00000000 0.00000000 1.00000000
vn 0.00000000 0.00000000 1.00000000
vn -0.99990179 0.01401462 0.00000000
vn -0.99990179 0.01401462 0.00000000
vn -0.99990179 0.01401462 0.00000000
vn -0.99990179 0.01401462 0.00000000
vn 0.99990413 -0.01384638 0.00000000
vn 0.99990413 -0.01384638 0.00000000
vn 0.99990413 -0.01384638 0.00000000
vn 0.99990413 -0.01384638 0.00000000
vn 0.00000000 0.00000000 -1.00000000
vn 0.00000000 0.00000000 -1.00000000
vn 0.00000000 0.00000000 -1.00000000
vn 0.00000000 0.00000000 -1.00000000
vn 0.00000000 0.00000000 1.00000000
vn 0.00000000 0.00000000 1.00000000
vn 0.00000000 0.00000000 1.00000000
vn 0.00000000 0.00000000 1.00000000
vn -0.99987146 0.01603346 0.00000000
vn -0.99987146 0.01603346 0.00000000
vn -0.99987146 0.01603346 0.00000000
vn -0.99987146 0.01603346 0.00000000
vn 0.99990179 -0.01401462 0.00000000
vn 0.99990179 -0.01401462 0.00000000
vn 0.99990179 -0.01401462 0.00000000
vn 0.99990179 -0.01401462 0.00000000
vn -0.01603346 -0.99987146 0.00000000
vn -0.01401462 -0.99990179 0.00000000
vn -0.01401462 -0.99990179 0.00000000
vn -0.01603346 -0.99987146 0.00000000
vn 0.00000000 0.00000000 -1.00000000
vn 0.00000000 0.00000000 -1.00000000
vn 0.00000000 0.00000000 -1.00000000
vn 0.00000000 0.00000000 -1.00000000
vn 0.00000000 0.00000000 1.00000000
vn 0.00000000 0.00000000 1.00000000
vn 0.00000000 0.00000000 1.00000000
vn 0.00000000 0.00000000 1.00000000
vn -0.99978709 0.02063417 0.00000000
vn -0.99978709 0.02063417 0.00000000
vn -0.99978709 0.02063417 0.00000000
vn -0.99978709 0.02063417 0.00000000
vn 0.99990226 -0.01398097 0.00000000
vn 0.99990226 -0.01398097 0.00000000
vn 0.99990226 -0.01398097 0.00000000
vn 0.99990226 -0.01398097 0.00000000
vn -0.02063417 -0.99978709 0.00000000
vn -0.01398097 -0.99990226 0.00000000
vn -0.01398097 -0.99990226 0.00000000
vn -0.02063417 -0.99978709 0.00000000
vn 0.02063417 0.99978709 0.00000000
vn 0.02063417 0.99978709 0.00000000
vn 0.01398097 0.99990226 0.00000000
vn 0.01398097 0.99990226 0.00000000
vn 0.00000000 0.00000000 -1.00000000
vn 0.00000000 0.00000000 -1.00000000
vn 0.00000000 0.00000000 -1.00000000
vn 0.00000000 0.00000000 -1.00000000
vn 0.00000000 0.00000000 1.00000000
vn 0.00000000 0.00000000 1.00000000
vn 0.00000000 0.00000000 1.00000000
vn 0.00000000 0.00000000 1.00000000
vn -0.99990413 0.01384638 0.00000000
vn -0.99990413 0.01384638 0.00000000
vn -0.99990413 0.01384638 0.00000000
vn -0.99990413 0.01384638 0.00000000
vn 0.99997603 -0.00692336 0.00000000
vn 0.99997603 -0.00692336 0.00000000
vn 0.99997603 -0.00692336 0.00000000
vn 0.99997603 -0.00692336 0.00000000
vn 0.00000000 0.00000000 -1.00000000
vn 0.00000000 0.00000000 -1.00000000
vn 0.00000000 0.00000000 -1.00000000
vn 0.00000000 0.00000000 -1.00000000
vn 0.00000000 0.00000000 1.00000000
vn 0.00000000 0.00000000 1.00000000
vn 0.00000000 0.00000000 1.00000000
vn 0.00000000 0.00000000 1.00000000
vn -0.99990413 0.01384638 0.00000000
vn -0.99990413 0.01384638 0.00000000
vn -0.99990413 0.01384638 0.00000000
vn -0.99990413 0.01384638 0.00000000
vn -0.01384638 -0.99990413 0.00000000
vn -0.01038493 -0.99994608 0.00000000
vn -0.01038493 -0.99994608 0.00000000
vn -0.01384638 -0.99990413 0.00000000
vn 0.01384638 0.99990413 0.00000000
vn 0.01384638 0.99990413 0.00000000
vn 0.01038493 0.99994608 0.00000000
vn 0.01038493 0.99994608 0.00000000
vn 0.00000000 0.00000000 -1.00000000
vn 0.00000000 0.00000000 -1.00000000
vn 0.00000000 0.00000000 -1.00000000
vn 0.00000000 0.00000000 -1.00000000
vn 0.00000000 0.00000000 1.00000000
vn 0.00000000 0.00000000 1.00000000
vn 0.00000000 0.00000000 1.00000000
vn 0.00000000 0.00000000 1.00000000
vn 0.99997603 -0.00692336 0.00000000
vn 0.99997603 -0.00692336 0.00000000
vn 0.99997603 -0.00692336 0.00000000
vn 0.99997603 -0.00692336 0.00000000
vn -0.01038493 -0.99994608 0.00000000
vn -0.00692336 -0.99997603 0.00000000
vn -0.00692336 -0.99997603 0.00000000
vn -0.01038493 -0.99994608 0.00000000
vn 0.01038493 0.99994608 0.00000000
vn 0.01038493 0.99994608 0.00000000
vn 0.00692336 0.99997603 0.00000000
vn 0.00692336 0.99997603 0.00000000
vn 0.00000000 0.00000000 -1.00000000
vn 0.00000000 0.00000000 -1.00000000
vn 0.00000000 0.00000000 -1.00000000
vn 0.00000000 0.00000000 -1.00000000
vn 0.00000000 0.00000000 1.00000000
vn 0.00000000 0.00000000 1.00000000
vn 0.00000000 0.00000000 1.00000000
vn 0.00000000 0.00000000 1.00000000
vn -0.99990413 0.01384638 0.00000000
vn -0.99990413 0.01384638 0.00000000
vn -0.99990413 0.01384638 0.00000000
vn -0.99990413 0.01384638 0.00000000
vn 0.99990568 -0.01373422 0.00000000
vn 0.99990568 -0.01373422 0.00000000
vn 0.99990568 -0.01373422 0.00000000
vn 0.99990568 -0.01373422 0.00000000
vn -0.01384638 -0.99990413 0.00000000
vn -0.01373422 -0.99990568 0.00000000
vn -0.01373422 -0.99990568 0.00000000
vn -0.01384638 -0.99990413 0.00000000
vn 0.01384638 0.99990413 0.00000000
vn 0.01384638 0.99990413 0.00000000
vn 0.01373422 0.99990568 0.00000000
vn 0.01373422 0.99990568 0.00000000
vn 0.00000000 0.00000000 -1.00000000
vn 0.00000000 0.00000000 -1.00000000
vn 0.00000000 0.00000000 -1.00000000
vn 0.00000000 0.00000000 -1.00000000
vn 0.00000000 0.00000000 1.00000000
vn 0.00000000 0.00000000 1.00000000
vn 0.00000000 0.00000000 1.00000000
vn 0.00000000 0.00000000 1.00000000
vn -0.99990413 0.01384638 0.00000000
vn -0.99990413 0.01384638 0.00000000
vn -0.99990413 0.01384638 0.00000000
vn -0.99990413 0.01384638 0.00000000
vn 0.99995850 -0.00911061 0.00000000
vn 0.99995850 -0.00911061 0.00000000
vn 0.99995850 -0.00911061 0.00000000
vn 0.99995850 -0.00911061 0.00000000
vn 0.00000000 0.00000000 -1.00000000
vn 0.00000000 0.00000000 -1.00000000
vn 0.00000000 0.00000000 -1.00000000
vn 0.00000000 0.00000000 -1.00000000
vn 0.00000000 0.00000000 1.00000000
vn 0.00000000 0.00000000 1.00000000
vn 0.00000000 0.00000000 1.00000000
vn 0.00000000 0.00000000 1.00000000
vn -0.99990413 0.01384638 0.00000000
vn -0.99990413 0.01384638 0.00000000
vn -0.99990413 0.01384638 0.00000000
vn -0.99990413 0.01384638 0.00000000
vn 0.99995850 -0.00911061 0.00000000
vn 0.99995850 -0.00911061 0.00000000
vn 0.99995850 -0.00911061 0.00000000
vn 0.99995850 -0.00911061 0.00000000
vn 0.00000000 0.00000000 -1.00000000
vn 0.00000000 0.00000000 -1.00000000
vn 0.00000000 0.00000000 -1.00000000
vn 0.00000000 0.00000000 -1.00000000
vn 0.00000000 0.00000000 1.00000000
vn 0.00000000 0.00000000 1.00000000
vn 0.00000000 0.00000000 1.00000000
vn 0.00000000 0.00000000 1.00000000
vn -0.99990413 0.01384638 0.00000000
vn -0.99990413 0.01384638 0.00000000
vn -0.99990413 0.01384638 0.00000000
vn -0.99990413 0.01384638 0.00000000
vn 0.99995850 -0.00911061 0.00000000
vn 0.99995850 -0.00911061 0.00000000
vn 0.99995850 -0.00911061 0.00000000
vn 0.99995850 -0.00911061 0.00000000
vn 0.00000000 0.00000000 -1.00000000
vn 0.00000000 0.00000000 -1.00000000
vn 0.00000000 0.00000000 -1.00000000
vn 0.00000000 0.00000000 -1.00000000
vn 0.00000000 0.00000000 1.00000000
vn 0.00000000 0.00000000 1.00000000
vn 0.00000000 0.00000000 1.00000000
vn 0.00000000 0.00000000 1.00000000
vn -0.99997485 0.00709161 0.00000000
vn -0.99997485 0.00709161 0.00000000
vn -0.99997485 0.00709161 0.00000000
vn -0.99997485 0.00709161 0.00000000
vn 0.99997603 -0.00692336 0.00000000
vn 0.99997603 -0.00692336 0.00000000
vn 0.99997603 -0.00692336 0.00000000
vn 0.99997603 -0.00692336 0.00000000
vn 0.00000000 0.00000000 -1.00000000
vn 0.00000000 0.00000000 -1.00000000
vn 0.00000000 0.00000000 -1.00000000
vn 0.00000000 0.00000000 -1.00000000
vn 0.00000000 0.00000000 1.00000000
vn 0.00000000 0.00000000 1.00000000
vn 0.00000000 0.00000000 1.00000000
vn 0.00000000 0.00000000 1.00000000
vn -0.99995850 0.00911061 0.00000000
vn -0.99995850 0.00911061 0.00000000
vn -0.99995850 0.00911061 0.00000000
vn -0.99995850 0.00911061 0.00000000
vn 0.99997485 -0.00709161 0.00000000
vn 0.99997485 -0.00709161 0.00000000
vn 0.99997485 -0.00709161 0.00000000
vn 0.99997485 -0.00709161 0.00000000
vn -0.00911061 -0.99995850 0.00000000
vn -0.00709161 -0.99997485 0.00000000
vn -0.00709161 -0.99997485 0.00000000
vn -0.00911061 -0.99995850 0.00000000
vn 0.00000000 0.00000000 -1.00000000
vn 0.00000000 0.00000000 -1.00000000
vn 0.00000000 0.00000000 -1.00000000
vn 0.00000000 0.00000000 -1.00000000
vn 0.00000000 0.00000000 1.00000000
vn 0.00000000 0.00000000 1.00000000
vn 0.00000000 0.00000000 1.00000000
vn 0.00000000 0.00000000 1.00000000
vn -0.99990599 0.01371179 0.00000000
vn -0.99990599 0.01371179 0.00000000
vn -0.99990599 0.01371179 0.00000000
vn -0.99990599 0.01371179 0.00000000
vn 0.99997509 -0.00705796 0.00000000
vn 0.99997509 -0.00705796 0.00000000
vn 0.99997509 -0.00705796 0.00000000
vn 0.99997509 -0.00705796 0.00000000
vn -0.01371179 -0.99990599 0.00000000
vn -0.00705796 -0.99997509 0.00000000
vn -0.00705796 -0.99997509 0.00000000
vn -0.01371179 -0.99990599 0.00000000
vn 0.01371179 0.99990599 0.00000000
vn 0.01371179 0.99990599 0.00000000
vn 0.00705796 0.99997509 0.00000000
vn 0.00705796 0.99997509 0.00000000
vn 0.00000000 0.00000000 -1.00000000
vn 0.00000000 0.00000000 -1.00000000
vn 0.00000000 0.00000000 -1.00000000
vn 0.00000000 0.00000000 -1.00000000
vn 0.00000000 0.00000000 1.00000000
vn 0.00000000 0.00000000 1.00000000
vn 0.00000000 0.00000000 1.00000000
vn 0.00000000 0.00000000 1.00000000
vn -0.99997603 0.00692336 0.00000000
vn -0.99997603 0.00692336 0.00000000
vn -0.99997603 0.00692336 0.00000000
vn -0.99997603 0.00692336 0.00000000
vn 1.00000000 -0.00000000 0.00000000
vn 1.00000000 -0.00000000 0.00000000
vn 1.00000000 -0.00000000 0.00000000
vn 1.00000000 -0.00000000 0.00000000
vn 0.00000000 0.00000000 -1.00000000
vn 0.00000000 0.00000000 -1.00000000
vn 0.00000000 0.00000000 -1.00000000
vn 0.00000000 0.00000000 -1.00000000
vn 0.00000000 0.00000000 1.00000000
vn 0.00000000 0.00000000 1.00000000
vn 0.00000000 0.00000000 1.00000000
vn 0.00000000 0.00000000 1.00000000
vn -0.99997603 0.00692336 0.00000000
vn -0.99997603 0.00692336 0.00000000
vn -0.99997603 0.00692336 0.00000000
vn -0.99997603 0.00692336 0.00000000
vn -0.00692336 -0.99997603 0.00000000
vn -0.00346170 -0.99999401 0.00000000
vn -0.00346170 -0.99999401 0.00000000
vn -0.00692336 -0.99997603 0.00000000
vn 0.00692336 0.99997603 0.00000000
vn 0.00692336 0.99997603 0.00000000
vn 0.00346170 0.99999401 0.00000000
vn 0.00346170 0.99999401 0.00000000
vn 0.00000000 0.00000000 -1.00000000
vn 0.00000000 0.00000000 -1.00000000
vn 0.00000000 0.00000000 -1.00000000
vn 0.00000000 0.00000000 -1.00000000
vn 0.00000000 0.00000000 1.00000000
vn 0.00000000 0.00000000 1.00000000
vn 0.00000000 0.00000000 1.00000000
vn 0.00000000 0.00000000 1.00000000
vn 1.00000000 -0.00000000 0.00000000
vn 1.00000000 -0.00000000 0.00000000
vn 1.00000000 -0.00000000 0.00000000
vn 1.00000000 -0.00000000 0.00000000
vn -0.00346170 -0.99999401 0.00000000
vn -0.00000000 -1.00000000 0.00000000
vn -0.00000000 -1.00000000 0.00000000
vn -0.00346170 -0.99999401 0.00000000
vn 0.00346170 0.99999401 0.00000000
vn 0.00346170 0.99999401 0.00000000
vn 0.00000000 1.00000000 0.00000000
vn 0.00000000 1.00000000 0.00000000
vn 0.00000000 0.00000000 -1.00000000
vn 0.00000000 0.00000000 -1.00000000
vn 0.00000000 0.00000000 -1.00000000
vn 0.00000000 0.00000000 -1.00000000
vn 0.00000000 0.00000000 1.00000000
vn 0.00000000 0.00000000 1.00000000
vn 0.00000000 0.00000000 1.00000000
vn 0.00000000 0.00000000 1.00000000
vn -0.99997603 0.00692336 0.00000000
vn -0.99997603 0.00692336 0.00000000
vn -0.99997603 0.00692336 0.00000000
vn -0.99997603 0.00692336 0.00000000
vn 0.99997680 -0.00681119 0.00000000
vn 0.99997680 -0.00681119 0.00000000
vn 0.99997680 -0.00681119 0.00000000
vn 0.99997680 -0.00681119 0.00000000
vn -0.00692336 -0.99997603 0.00000000
vn -0.00681119 -0.99997680 0.00000000
vn -0.00681119 -0.99997680 0.00000000
vn -0.00692336 -0.99997603 0.00000000
vn 0.00692336 0.99997603 0.00000000
vn 0.00692336 0.99997603 0.00000000
vn 0.00681119 0.99997680 0.00000000
vn 0.00681119 0.99997680 0.00000000
vn 0.00000000 0.00000000 -1.00000000
vn 0.00000000 0.00000000 -1.00000000
vn 0.00000000 0.00000000 -1.00000000
vn 0.00000000 0.00000000 -1.00000000
vn 0.00000000 0.00000000 1.00000000
vn 0.00000000 0.00000000 1.00000000
vn 0.00000000 0.00000000 1.00000000
vn 0.00000000 0.00000000 1.00000000
vn -0.99997603 0.00692336 0.00000000
vn -0.99997603 0.00692336 0.00000000
vn -0.99997603 0.00692336 0.00000000
vn -0.99997603 0.00692336 0.00000000
vn 0.99999761 -0.00218732 0.00000000
vn 0.99999761 -0.00218732 0.00000000
vn 0.99999761 -0.00218732 0.00000000
vn 0.99999761 -0.00218732 0.00000000
vn 0.00000000 0.00000000 -1.00000000
vn 0.00000000 0.00000000 -1.00000000
vn 0.00000000 0.00000000 -1.00000000
vn 0.00000000 0.00000000 -1.00000000
vn 0.00000000 0.00000000 1.00000000
vn 0.00000000 0.00000000 1.00000000
vn 0.00000000 0.00000000 1.00000000
vn 0.00000000 0.00000000 1.00000000
vn -0.99997603 0.00692336 0.00000000
vn -0.99997603 0.00692336 0.00000000
vn -0.99997603 0.00692336 0.00000000
vn -0.99997603 0.00692336 0.00000000
vn 0.99999761 -0.00218732 0.00000000
vn 0.99999761 -0.00218732 0.00000000
vn 0.99999761 -0.00218732 0.00000000
vn 0.99999761 -0.00218732 0.00000000
vn 0.00000000 0.00000000 -1.00000000
vn 0.00000000 0.00000000 -1.00000000
vn 0.00000000 0.00000000 -1.00000000
vn 0.00000000 0.00000000 -1.00000000
vn 0.00000000 0.00000000 1.00000000
vn 0.00000000 0.00000000 1.00000000
vn 0.00000000 0.00000000 1.00000000
vn 0.00000000 0.00000000 1.00000000
vn -0.99997603 0.00692336 0.00000000
vn -0.99997603 0.00692336 0.00000000
vn -0.99997603 0.00692336 0.00000000
vn -0.99997603 0.00692336 0.00000000
vn 0.99999761 -0.00218732 0.00000000
vn 0.99999761 -0.00218732 0.00000000
vn 0.99999761 -0.00218732 0.00000000
vn 0.99999761 -0.00218732 0.00000000
vn 0.00000000 0.00000000 -1.00000000
vn 0.00000000 0.00000000 -1.00000000
vn 0.00000000 0.00000000 -1.00000000
vn 0.00000000 0.00000000 -1.00000000
vn 0.00000000 0.00000000 1.00000000
vn 0.00000000 0.00000000 1.00000000
vn 0.00000000 0.00000000 1.00000000
vn 0.00000000 0.00000000 1.00000000
vn -0.99999999 0.00016826 0.00000000
vn -0.99999999 0.00016826 0.00000000
vn -0.99999999 0.00016826 0.00000000
vn -0.99999999 0.00016826 0.00000000
vn 1.00000000 -0.00000000 0.00000000
vn 1.00000000 -0.00000000 0.00000000
vn 1.00000000 -0.00000000 0.00000000
vn 1.00000000 -0.00000000 0.00000000
vn 0.00000000 0.00000000 -1.00000000
vn 0.00000000 0.00000000 -1.00000000
vn 0.00000000 0.00000000 -1.00000000
vn 0.00000000 0.00000000 -1.00000000
vn 0.00000000 0.00000000 1.00000000
vn 0.00000000 0.00000000 1.00000000
vn 0.00000000 0.00000000 1.00000000
vn 0.00000000 0.00000000 1.00000000
vn -0.99999761 0.00218732 0.00000000
vn -0.99999761 0.00218732 0.00000000
vn -0.99999761 0.00218732 0.00000000
vn -0.99999761 0.00218732 0.00000000
vn 0.99999999 -0.00016826 0.00000000
vn 0.99999999 -0.00016826 0.00000000
vn 0.99999999 -0.00016826 0.00000000
vn 0.99999999 -0.00016826 0.00000000
vn -0.00218732 -0.99999761 0.00000000
vn -0.00016826 -0.99999999 0.00000000
vn -0.00016826 -0.99999999 0.00000000
vn -0.00218732 -0.99999761 0.00000000
vn 0.00000000 0.00000000 -1.00000000
vn 0.00000000 0.00000000 -1.00000000
vn 0.00000000 0.00000000 -1.00000000
vn 0.00000000 0.00000000 -1.00000000
vn 0.00000000 0.00000000 1.00000000
vn 0.00000000 0.00000000 1.00000000
vn 0.00000000 0.00000000 1.00000000
vn 0.00000000 0.00000000 1.00000000
vn -0.99997696 0.00678876 0.00000000
vn -0.99997696 0.00678876 0.00000000
vn -0.99997696 0.00678876 0.00000000
vn -0.99997696 0.00678876 0.00000000
vn 0.99999999 -0.00013460 0.00000000
vn 0.99999999 -0.00013460 0.00000000
vn 0.99999999 -0.00013460 0.00000000
vn 0.99999999 -0.00013460 0.00000000
vn -0.00678876 -0.99997696 0.00000000
vn -0.00013460 -0.99999999 0.00000000
vn -0.00013460 -0.99999999 0.00000000
vn -0.00678876 -0.99997696 0.00000000
vn 0.00678876 0.99997696 0.00000000
vn 0.00678876 0.99997696 0.00000000
vn 0.00013460 0.99999999 0.00000000
vn 0.00013460 0.99999999 0.00000000
vn 0.00000000 0.00000000 -1.00000000
vn 0.00000000 0.00000000 -1.00000000
vn 0.00000000 0.00000000 -1.00000000
vn 0.00000000 0.00000000 -1.00000000
vn 0.00000000 0.00000000 1.00000000
vn 0.00000000 0.00000000 1.00000000
vn 0.00000000 0.00000000 1.00000000
vn 0.00000000 0.00000000 1.00000000
vn -1.00000000 0.00000000 0.00000000
vn -1.00000000 0.00000000 0.00000000
vn -1.00000000 0.00000000 0.00000000
vn -1.00000000 0.00000000 0.00000000
vn 0.99997603 0.00692336 0.00000000
vn 0.99997603 0.00692336 0.00000000
vn 0.99997603 0.00692336 0.00000000
vn 0.99997603 0.00692336 0.00000000
vn 0.00000000 0.00000000 -1.00000000
vn 0.00000000 0.00000000 -1.00000000
vn 0.00000000 0.00000000 -1.00000000
vn 0.00000000 0.00000000 -1.00000000
vn 0.00000000 0.00000000 1.00000000
vn 0.00000000 0.00000000 1.00000000
vn 0.00000000 0.00000000 1.00000000
vn 0.00000000 0.00000000 1.00000000
vn -1.00000000 0.00000000 0.00000000
vn -1.00000000 0.00000000 0.00000000
vn -1.00000000 0.00000000 0.00000000
vn -1.00000000 0.00000000 0.00000000
vn 0.00000000 -1.00000000 0.00000000
vn 0.00346170 -0.99999401 0.00000000
vn 0.00346170 -0.99999401 0.00000000
vn 0.00000000 -1.00000000 0.00000000
vn 0.00000000 1.00000000 0.00000000
vn 0.00000000 1.00000000 0.00000000
vn -0.00346170 0.99999401 0.00000000
vn -0.00346170 0.99999401 0.00000000
vn 0.00000000 0.00000000 -1.00000000
vn 0.00000000 0.00000000 -1.00000000
vn 0.00000000 0.00000000 -1.00000000
vn 0.00000000 0.00000000 -1.00000000
vn 0.00000000 0.00000000 1.00000000
vn 0.00000000 0.00000000 1.00000000
vn 0.00000000 0.00000000 1.00000000
vn 0.00000000 0.00000000 1.00000000
vn 0.99997603 0.00692336 0.00000000
vn 0.99997603 0.00692336 0.00000000
vn 0.99997603 0.00692336 0.00000000
vn 0.99997603 0.00692336 0.00000000
vn 0.00346170 -0.99999401 0.00000000
vn 0.00692336 -0.99997603 0.00000000
vn 0.00692336 -0.99997603 0.00000000
vn 0.00346170 -0.99999401 0.00000000
vn -0.00346170 0.99999401 0.00000000
vn -0.00346170 0.99999401 0.00000000
vn -0.00692336 0.99997603 0.00000000
vn -0.00692336 0.99997603 0.00000000
vn 0.00000000 0.00000000 -1.00000000
vn 0.00000000 0.00000000 -1.00000000
vn 0.00000000 0.00000000 -1.00000000
vn 0.00000000 0.00000000 -1.00000000
vn 0.00000000 0.00000000 1.00000000
vn 0.00000000 0.00000000 1.00000000
vn 0.00000000 0.00000000 1.00000000
vn 0.00000000 0.00000000 1.00000000
vn -1.00000000 0.00000000 0.00000000
vn -1.00000000 0.00000000 0.00000000
vn -1.00000000 0.00000000 0.00000000
vn -1.00000000 0.00000000 0.00000000
vn 0.99999999 0.00011217 0.00000000
vn 0.99999999 0.00011217 0.00000000
vn 0.99999999 0.00011217 0.00000000
vn 0.99999999 0.00011217 0.00000000
vn 0.00000000 -1.00000000 0.00000000
vn 0.00011217 -0.99999999 0.00000000
vn 0.00011217 -0.99999999 0.00000000
vn 0.00000000 -1.00000000 0.00000000
vn 0.00000000 1.00000000 0.00000000
vn 0.00000000 1.00000000 0.00000000
vn -0.00011217 0.99999999 0.00000000
vn -0.00011217 0.99999999 0.00000000
vn 0.00000000 0.00000000 -1.00000000
vn 0.00000000 0.00000000 -1.00000000
vn 0.00000000 0.00000000 -1.00000000
vn 0.00000000 0.00000000 -1.00000000
vn 0.00000000 0.00000000 1.00000000
vn 0.00000000 0.00000000 1.00000000
vn 0.00000000 0.00000000 1.00000000
vn 0.00000000 0.00000000 1.00000000
vn -1.00000000 0.00000000 0.00000000
vn -1.00000000 0.00000000 0.00000000
vn -1.00000000 0.00000000 0.00000000
vn -1.00000000 0.00000000 0.00000000
vn 0.99998878 0.00473607 0.00000000
vn 0.99998878 0.00473607 0.00000000
vn 0.99998878 0.00473607 0.00000000
vn 0.99998878 0.00473607 0.00000000
vn 0.00000000 0.00000000 -1.00000000
vn 0.00000000 0.00000000 -1.00000000
vn 0.00000000 0.00000000 -1.00000000
vn 0.00000000 0.00000000 -1.00000000
vn 0.00000000 0.00000000 1.00000000
vn 0.00000000 0.00000000 1.00000000
vn 0.00000000 0.00000000 1.00000000
vn 0.00000000 0.00000000 1.00000000
vn -1.00000000 0.00000000 0.00000000
vn -1.00000000 0.00000000 0.00000000
vn -1.00000000 0.00000000 0.00000000
vn -1.00000000 0.00000000 0.00000000
vn 0.99998878 0.00473607 0.00000000
vn 0.99998878 0.00473607 0.00000000
vn 0.99998878 0.00473607 0.00000000
vn 0.99998878 0.00473607 0.00000000
vn 0.00000000 0.00000000 -1.00000000
vn 0.00000000 0.00000000 -1.00000000
vn 0.00000000 0.00000000 -1.00000000
vn 0.00000000 0.00000000 -1.00000000
vn 0.00000000 0.00000000 1.00000000
vn 0.00000000 0.00000000 1.00000000
vn 0.00000000 0.00000000 1.00000000
vn 0.00000000 0.00000000 1.00000000
vn -1.00000000 0.00000000 0.00000000
vn -1.00000000 0.00000000 0.00000000
vn -1.00000000 0.00000000 0.00000000
vn -1.00000000 0.00000000 0.00000000
vn 0.99998878 0.00473607 0.00000000
vn 0.99998878 0.00473607 0.00000000
vn 0.99998878 0.00473607 0.00000000
vn 0.99998878 0.00473607 0.00000000
vn 0.00000000 0.00000000 -1.00000000
vn 0.00000000 0.00000000 -1.00000000
vn 0.00000000 0.00000000 -1.00000000
vn 0.00000000 0.00000000 -1.00000000
vn 0.00000000 0.00000000 1.00000000
vn 0.00000000 0.00000000 1.00000000
vn 0.00000000 0.00000000 1.00000000
vn 0.00000000 0.00000000 1.00000000
vn -0.99997718 -0.00675511 0.00000000
vn -0.99997718 -0.00675511 0.00000000
vn -0.99997718 -0.00675511 0.00000000
vn -0.99997718 -0.00675511 0.00000000
vn 0.99997603 0.00692336 0.00000000
vn 0.99997603 0.00692336 0.00000000
vn 0.99997603 0.00692336 0.00000000
vn 0.99997603 0.00692336 0.00000000
vn 0.00000000 0.00000000 -1.00000000
vn 0.00000000 0.00000000 -1.00000000
vn 0.00000000 0.00000000 -1.00000000
vn 0.00000000 0.00000000 -1.00000000
vn 0.00000000 0.00000000 1.00000000
vn 0.00000000 0.00000000 1.00000000
vn 0.00000000 0.00000000 1.00000000
vn 0.00000000 0.00000000 1.00000000
vn -0.99998878 -0.00473607 0.00000000
vn -0.99998878 -0.00473607 0.00000000
vn -0.99998878 -0.00473607 0.00000000
vn -0.99998878 -0.00473607 0.00000000
vn 0.99997718 0.00675511 0.00000000
vn 0.99997718 0.00675511 0.00000000
vn 0.99997718 0.00675511 0.00000000
vn 0.99997718 0.00675511 0.00000000
vn 0.00473607 -0.99998878 0.00000000
vn 0.00675511 -0.99997718 0.00000000
vn 0.00675511 -0.99997718 0.00000000
vn 0.00473607 -0.99998878 0.00000000
vn 0.00000000 0.00000000 -1.00000000
vn 0.00000000 0.00000000 -1.00000000
vn 0.00000000 0.00000000 -1.00000000
vn 0.00000000 0.00000000 -1.00000000
vn 0.00000000 0.00000000 1.00000000
vn 0.00000000 0.00000000 1.00000000
vn 0.00000000 0.00000000 1.00000000
vn 0.00000000 0.00000000 1.00000000
vn -0.99999999 -0.00013460 0.00000000
vn -0.99999999 -0.00013460 0.00000000
vn -0.99999999 -0.00013460 0.00000000
vn -0.99999999 -0.00013460 0.00000000
vn 0.99997696 0.00678876 0.00000000
vn 0.99997696 0.00678876 0.00000000
vn 0.99997696 0.00678876 0.00000000
vn 0.99997696 0.00678876 0.00000000
vn 0.00013460 -0.99999999 0.00000000
vn 0.00678876 -0.99997696 0.00000000
vn 0.00678876 -0.99997696 0.00000000
vn 0.00013460 -0.99999999 0.00000000
vn -0.00013460 0.99999999 0.00000000
vn -0.00013460 0.99999999 0.00000000
vn -0.00678876 0.99997696 0.00000000
vn -0.00678876 0.99997696 0.00000000
vn 0.00000000 0.00000000 -1.00000000
vn 0.00000000 0.00000000 -1.00000000
vn 0.00000000 0.00000000 -1.00000000
vn 0.00000000 0.00000000 -1.00000000
vn 0.00000000 0.00000000 1.00000000
vn 0.00000000 0.00000000 1.00000000
vn 0.00000000 0.00000000 1.00000000
vn 0.00000000 0.00000000 1.00000000
vn -0.99997603 -0.00692336 0.00000000
vn -0.99997603 -0.00692336 0.00000000
vn -0.99997603 -0.00692336 0.00000000
vn -0.99997603 -0.00692336 0.00000000
vn 0.99990413 0.01384638 0.00000000
vn 0.99990413 0.01384638 0.00000000
vn 0.99990413 0.01384638 0.00000000
vn 0.99990413 0.01384638 0.00000000
vn 0.00000000 0.00000000 -1.00000000
vn 0.00000000 0.00000000 -1.00000000
vn 0.00000000 0.00000000 -1.00000000
vn 0.00000000 0.00000000 -1.00000000
vn 0.00000000 0.00000000 1.00000000
vn 0.00000000 0.00000000 1.00000000
vn 0.00000000 0.00000000 1.00000000
vn 0.00000000 0.00000000 1.00000000
vn -0.99997603 -0.00692336 0.00000000
vn -0.99997603 -0.00692336 0.00000000
vn -0.99997603 -0.00692336 0.00000000
vn -0.99997603 -0.00692336 0.00000000
vn 0.00692336 -0.99997603 0.00000000
vn 0.01038493 -0.99994608 0.00000000
vn 0.01038493 -0.99994608 0.00000000
vn 0.00692336 -0.99997603 0.00000000
vn -0.00692336 0.99997603 0.00000000
vn -0.00692336 0.99997603 0.00000000
vn -0.01038493 0.99994608 0.00000000
vn -0.01038493 0.99994608 0.00000000
vn 0.00000000 0.00000000 -1.00000000
vn 0.00000000 0.00000000 -1.00000000
vn 0.00000000 0.00000000 -1.00000000
vn 0.00000000 0.00000000 -1.00000000
vn 0.00000000 0.00000000 1.00000000
vn 0.00000000 0.00000000 1.00000000
vn 0.00000000 0.00000000 1.00000000
vn 0.00000000 0.00000000 1.00000000
vn 0.99990413 0.01384638 0.00000000
vn 0.99990413 0.01384638 0.00000000
vn 0.99990413 0.01384638 0.00000000
vn 0.99990413 0.01384638 0.00000000
vn 0.01038493 -0.99994608 0.00000000
vn 0.01384638 -0.99990413 0.00000000
vn 0.01384638 -0.99990413 0.00000000
vn 0.01038493 -0.99994608 0.00000000
vn -0.01038493 0.99994608 0.00000000
vn -0.01038493 0.99994608 0.00000000
vn -0.01384638 0.99990413 0.00000000
vn -0.01384638 0.99990413 0.00000000
vn 0.00000000 0.00000000 -1.00000000
vn 0.00000000 0.00000000 -1.00000000
vn 0.00000000 0.00000000 -1.00000000
vn 0.00000000 0.00000000 -1.00000000
vn 0.00000000 0.00000000 1.00000000
vn 0.00000000 0.00000000 1.00000000
vn 0.00000000 0.00000000 1.00000000
vn 0.00000000 0.00000000 1.00000000
vn -0.99997603 -0.00692336 0.00000000
vn -0.99997603 -0.00692336 0.00000000
vn -0.99997603 -0.00692336 0.00000000
vn -0.99997603 -0.00692336 0.00000000
vn 0.99997525 0.00703552 0.00000000
vn 0.99997525 0.00703552 0.00000000
vn 0.99997525 0.00703552 0.00000000
vn 0.99997525 0.00703552 0.00000000
vn 0.00692336 -0.99997603 0.00000000
vn 0.00703552 -0.99997525 0.00000000
vn 0.00703552 -0.99997525 0.00000000
vn 0.00692336 -0.99997603 0.00000000
vn -0.00692336 0.99997603 0.00000000
vn -0.00692336 0.99997603 0.00000000
vn -0.00703552 0.99997525 0.00000000
vn -0.00703552 0.99997525 0.00000000
vn 0.00000000 0.00000000 -1.00000000
vn 0.00000000 0.00000000 -1.00000000
vn 0.00000000 0.00000000 -1.00000000
vn 0.00000000 0.00000000 -1.00000000
vn 0.00000000 0.00000000 1.00000000
vn 0.00000000 0.00000000 1.00000000
vn 0.00000000 0.00000000 1.00000000
vn 0.00000000 0.00000000 1.00000000
vn -0.99997603 -0.00692336 0.00000000
vn -0.99997603 -0.00692336 0.00000000
vn -0.99997603 -0.00692336 0.00000000
vn -0.99997603 -0.00692336 0.00000000
vn 0.99993203 0.01165924 0.00000000
vn 0.99993203 0.01165924 0.00000000
vn 0.99993203 0.01165924 0.00000000
vn 0.99993203 0.01165924 0.00000000
vn 0.00000000 0.00000000 -1.00000000
vn 0.00000000 0.00000000 -1.00000000
vn 0.00000000 0.00000000 -1.00000000
vn 0.00000000 0.00000000 -1.00000000
vn 0.00000000 0.00000000 1.00000000
vn 0.00000000 0.00000000 1.00000000
vn 0.00000000 0.00000000 1.00000000
vn 0.00000000 0.00000000 1.00000000
vn -0.99997603 -0.00692336 0.00000000
vn -0.99997603 -0.00692336 0.00000000
vn -0.99997603 -0.00692336 0.00000000
vn -0.99997603 -0.00692336 0.00000000
vn 0.99993203 0.01165924 0.00000000
vn 0.99993203 0.01165924 0.00000000
vn 0.99993203 0.01165924 0.00000000
vn 0.99993203 0.01165924 0.00000000
vn 0.00000000 0.00000000 -1.00000000
vn 0.00000000 0.00000000 -1.00000000
vn 0.00000000 0.00000000 -1.00000000
vn 0.00000000 0.00000000 -1.00000000
vn 0.00000000 0.00000000 1.00000000
vn 0.00000000 0.00000000 1.00000000
vn 0.00000000 0.00000000 1.00000000
vn 0.00000000 0.00000000 1.00000000
vn -0.99997603 -0.00692336 0.00000000
vn -0.99997603 -0.00692336 0.00000000
vn -0.99997603 -0.00692336 0.00000000
vn -0.99997603 -0.00692336 0.00000000
vn 0.99993203 0.01165924 0.00000000
vn 0.99993203 0.01165924 0.00000000
vn 0.99993203 0.01165924 0.00000000
vn 0.99993203 0.01165924 0.00000000
vn 0.00000000 0.00000000 -1.00000000
vn 0.00000000 0.00000000 -1.00000000
vn 0.00000000 0.00000000 -1.00000000
vn 0.00000000 0.00000000 -1.00000000
vn 0.00000000 0.00000000 1.00000000
vn 0.00000000 0.00000000 1.00000000
vn 0.00000000 0.00000000 1.00000000
vn 0.00000000 0.00000000 1.00000000
vn -0.99990645 -0.01367814 0.00000000
vn -0.99990645 -0.01367814 0.00000000
vn -0.99990645 -0.01367814 0.00000000
vn -0.99990645 -0.01367814 0.00000000
vn 0.99990413 0.01384638 0.00000000
vn 0.99990413 0.01384638 0.00000000
vn 0.99990413 0.01384638 0.00000000
vn 0.99990413 0.01384638 0.00000000
vn 0.00000000 0.00000000 -1.00000000
vn 0.00000000 0.00000000 -1.00000000
vn 0.00000000 0.00000000 -1.00000000
vn 0.00000000 0.00000000 -1.00000000
vn 0.00000000 0.00000000 1.00000000
vn 0.00000000 0.00000000 1.00000000
vn 0.00000000 0.00000000 1.00000000
vn 0.00000000 0.00000000 1.00000000
vn -0.99993203 -0.01165924 0.00000000
vn -0.99993203 -0.01165924 0.00000000
vn -0.99993203 -0.01165924 0.00000000
vn -0.99993203 -0.01165924 0.00000000
vn 0.99990645 0.01367814 0.00000000
vn 0.99990645 0.01367814 0.00000000
vn 0.99990645 0.01367814 0.00000000
vn 0.99990645 0.01367814 0.00000000
vn 0.01165924 -0.99993203 0.00000000
vn 0.01367814 -0.99990645 0.00000000
vn 0.01367814 -0.99990645 0.00000000
vn 0.01165924 -0.99993203 0.00000000
vn 0.00000000 0.00000000 -1.00000000
vn 0.00000000 0.00000000 -1.00000000
vn 0.00000000 0.00000000 -1.00000000
vn 0.00000000 0.00000000 -1.00000000
vn 0.00000000 0.00000000 1.00000000
vn 0.00000000 0.00000000 1.00000000
vn 0.00000000 0.00000000 1.00000000
vn 0.00000000 0.00000000 1.00000000
vn -0.99997509 -0.00705796 0.00000000
vn -0.99997509 -0.00705796 0.00000000
vn -0.99997509 -0.00705796 0.00000000
vn -0.99997509 -0.00705796 0.00000000
vn 0.99990599 0.01371179 0.00000000
vn 0.99990599 0.01371179 0.00000000
vn 0.99990599 0.01371179 0.00000000
vn 0.99990599 0.01371179 0.00000000
vn 0.00705796 -0.99997509 0.00000000
vn 0.01371179 -0.99990599 0.00000000
vn 0.01371179 -0.99990599 0.00000000
vn 0.00705796 -0.99997509 0.00000000
vn -0.00705796 0.99997509 0.00000000
vn -0.00705796 0.99997509 0.00000000
vn -0.01371179 0.99990599 0.00000000
vn -0.01371179 0.99990599 0.00000000
vn 0.00000000 0.00000000 -1.00000000
vn 0.00000000 0.00000000 -1.00000000
vn 0.00000000 0.00000000 -1.00000000
vn 0.00000000 0.00000000 -1.00000000
vn 0.00000000 0.00000000 1.00000000
vn 0.00000000 0.00000000 1.00000000
vn 0.00000000 0.00000000 1.00000000
vn 0.00000000 0.00000000 1.00000000
vn -0.99990413 -0.01384638 0.00000000
vn -0.99990413 -0.01384638 0.00000000
vn -0.99990413 -0.01384638 0.00000000
vn -0.99990413 -0.01384638 0.00000000
vn 0.99978431 0.02076874 0.00000000
vn 0.99978431 0.02076874 0.00000000
vn 0.99978431 0.02076874 0.00000000
vn 0.99978431 0.02076874 0.00000000
vn 0.00000000 0.00000000 -1.00000000
vn 0.00000000 0.00000000 -1.00000000
vn 0.00000000 0.00000000 -1.00000000
vn 0.00000000 0.00000000 -1.00000000
vn 0.00000000 0.00000000 1.00000000
vn 0.00000000 0.00000000 1.00000000
vn 0.00000000 0.00000000 1.00000000
vn 0.00000000 0.00000000 1.00000000
vn -0.99990413 -0.01384638 0.00000000
vn -0.99990413 -0.01384638 0.00000000
vn -0.99990413 -0.01384638 0.00000000
vn -0.99990413 -0.01384638 0.00000000
vn 0.01384638 -0.99990413 0.00000000
vn 0.01730767 -0.99985021 0.00000000
vn 0.01730767 -0.99985021 0.00000000
vn 0.01384638 -0.99990413 0.00000000
vn -0.01384638 0.99990413 0.00000000
vn -0.01384638 0.99990413 0.00000000
vn -0.01730767 0.99985021 0.00000000
vn -0.01730767 0.99985021 0.00000000
vn 0.00000000 0.00000000 -1.00000000
vn 0.00000000 0.00000000 -1.00000000
vn 0.00000000 0.00000000 -1.00000000
vn 0.00000000 0.00000000 -1.00000000
vn 0.00000000 0.00000000 1.00000000
vn 0.00000000 0.00000000 1.00000000
vn 0.00000000 0.00000000 1.00000000
vn 0.00000000 0.00000000 1.00000000
vn 0.99978431 0.02076874 0.00000000
vn 0.99978431 0.02076874 0.00000000
vn 0.99978431 0.02076874 0.00000000
vn 0.99978431 0.02076874 0.00000000
vn 0.01730767 -0.99985021 0.00000000
vn 0.02076874 -0.99978431 0.00000000
vn 0.02076874 -0.99978431 0.00000000
vn 0.01730767 -0.99985021 0.00000000
vn -0.01730767 0.99985021 0.00000000
vn -0.01730767 0.99985021 0.00000000
vn -0.02076874 0.99978431 0.00000000
vn -0.02076874 0.99978431 0.00000000
vn 0.00000000 0.00000000 -1.00000000
vn 0.00000000 0.00000000 -1.00000000
vn 0.00000000 0.00000000 -1.00000000
vn 0.00000000 0.00000000 -1.00000000
vn 0.00000000 0.00000000 1.00000000
vn 0.00000000 0.00000000 1.00000000
vn 0.00000000 0.00000000 1.00000000
vn 0.00000000 0.00000000 1.00000000
vn -0.99990413 -0.01384638 0.00000000
vn -0.99990413 -0.01384638 0.00000000
vn -0.99990413 -0.01384638 0.00000000
vn -0.99990413 -0.01384638 0.00000000
vn 0.99982734 0.01858184 0.00000000
vn 0.99982734 0.01858184 0.00000000
vn 0.99982734 0.01858184 0.00000000
vn 0.99982734 0.01858184 0.00000000
vn 0.00000000 0.00000000 -1.00000000
vn 0.00000000 0.00000000 -1.00000000
vn 0.00000000 0.00000000 -1.00000000
vn 0.00000000 0.00000000 -1.00000000
vn 0.00000000 0.00000000 1.00000000
vn 0.00000000 0.00000000 1.00000000
vn 0.00000000 0.00000000 1.00000000
vn 0.00000000 0.00000000 1.00000000
vn -0.99990413 -0.01384638 0.00000000
vn -0.99990413 -0.01384638 0.00000000
vn -0.99990413 -0.01384638 0.00000000
vn -0.99990413 -0.01384638 0.00000000
vn 0.99982734 0.01858184 0.00000000
vn 0.99982734 0.01858184 0.00000000
vn 0.99982734 0.01858184 0.00000000
vn 0.99982734 0.01858184 0.00000000
vn 0.00000000 0.00000000 -1.00000000
vn 0.00000000 0.00000000 -1.00000000
vn 0.00000000 0.00000000 -1.00000000
vn 0.00000000 0.00000000 -1.00000000
vn 0.00000000 0.00000000 1.00000000
vn 0.00000000 0.00000000 1.00000000
vn 0.00000000 0.00000000 1.00000000
vn 0.00000000 0.00000000 1.00000000
vn -0.99990413 -0.01384638 0.00000000
vn -0.99990413 -0.01384638 0.00000000
vn -0.99990413 -0.01384638 0.00000000
vn -0.99990413 -0.01384638 0.00000000
vn 0.99982734 0.01858184 0.00000000
vn 0.99982734 0.01858184 0.00000000
vn 0.99982734 0.01858184 0.00000000
vn 0.99982734 0.01858184 0.00000000
vn 0.00000000 0.00000000 -1.00000000
vn 0.00000000 0.00000000 -1.00000000
vn 0.00000000 0.00000000 -1.00000000
vn 0.00000000 0.00000000 -1.00000000
vn 0.00000000 0.00000000 1.00000000
vn 0.00000000 0.00000000 1.00000000
vn 0.00000000 0.00000000 1.00000000
vn 0.00000000 0.00000000 1.00000000
vn -0.99978779 -0.02060052 0.00000000
vn -0.99978779 -0.02060052 0.00000000
vn -0.99978779 -0.02060052 0.00000000
vn -0.99978779 -0.02060052 0.00000000
vn 0.99978431 0.02076874 0.00000000
vn 0.99978431 0.02076874 0.00000000
vn 0.99978431 0.02076874 0.00000000
vn 0.99978431 0.02076874 0.00000000
vn 0.00000000 0.00000000 -1.00000000
vn 0.00000000 0.00000000 -1.00000000
vn 0.00000000 0.00000000 -1.00000000
vn 0.00000000 0.00000000 -1.00000000
vn 0.00000000 0.00000000 1.00000000
vn 0.00000000 0.00000000 1.00000000
vn 0.00000000 0.00000000 1.00000000
vn 0.00000000 0.00000000 1.00000000
vn -0.99982734 -0.01858184 0.00000000
vn -0.99982734 -0.01858184 0.00000000
vn -0.99982734 -0.01858184 0.00000000
vn -0.99982734 -0.01858184 0.00000000
vn 0.99978779 0.02060052 0.00000000
vn 0.99978779 0.02060052 0.00000000
vn 0.99978779 0.02060052 0.00000000
vn 0.99978779 0.02060052 0.00000000
vn 0.01858184 -0.99982734 0.00000000
vn 0.02060052 -0.99978779 0.00000000
vn 0.02060052 -0.99978779 0.00000000
vn 0.01858184 -0.99982734 0.00000000
vn 0.00000000 0.00000000 -1.00000000
vn 0.00000000 0.00000000 -1.00000000
vn 0.00000000 0.00000000 -1.00000000
vn 0.00000000 0.00000000 -1.00000000
vn 0.00000000 0.00000000 1.00000000
vn 0.00000000 0.00000000 1.00000000
vn 0.00000000 0.00000000 1.00000000
vn 0.00000000 0.00000000 1.00000000
vn -0.99990226 -0.01398097 0.00000000
vn -0.99990226 -0.01398097 0.00000000
vn -0.99990226 -0.01398097 0.00000000
vn -0.99990226 -0.01398097 0.00000000
vn 0.99978709 0.02063417 0.00000000
vn 0.99978709 0.02063417 0.00000000
vn 0.99978709 0.02063417 0.00000000
vn 0.99978709 0.02063417 0.00000000
vn 0.01398097 -0.99990226 0.00000000
vn 0.02063417 -0.99978709 0.00000000
vn 0.02063417 -0.99978709 0.00000000
vn 0.01398097 -0.99990226 0.00000000
vn -0.01398097 0.99990226 0.00000000
vn -0.01398097 0.99990226 0.00000000
vn -0.02063417 0.99978709 0.00000000
vn -0.02063417 0.99978709 0.00000000
f 1/1/1 2/2/2 3/3/3
f 1/1/1 3/3/3 4/4/4
f 5/5/5 6/6/6 7/7/7
f 5/5/5 7/7/7 8/8/8
f 1/9/9 5/10/10 8/11/11
f 1/9/9 8/11/11 2/12/12
f 1/13/13 4/14/14 6/15/15
f 1/13/13 6/15/15 5/16/16
f 2/17/17 8/18/18 7/19/19
f 2/17/17 7/19/19 3/20/20
f 4/21/21 3/22/22 9/23/23
f 4/21/21 9/23/23 10/24/24
f 6/25/25 11/26/26 12/27/27
f 6/25/25 12/27/27 7/28/28
f 4/29/29 10/30/30 11/31/31
f 4/29/29 11/31/31 6/32/32
f 3/33/33 7/34/34 12/35/35
f 3/33/33 12/35/35 9/36/36
f 10/37/37 9/38/38 13/39/39
f 10/37/37 13/39/39 14/40/40
f 11/41/41 15/42/42 16/43/43
f 11/41/41 16/43/43 12/44/44
f 10/45/45 14/46/46 15/47/47
f 10/45/45 15/47/47 11/48/48
f 9/49/49 12/50/50 16/51/51
f 9/49/49 16/51/51 13/52/52
f 14/53/53 13/54/54 17/55/55
f 14/53/53 17/55/55 18/56/56
f 15/57/57 19/58/58 20/59/59
f 15/57/57 20/59/59 16/60/60
f 14/61/61 18/62/62 19/63/63
f 14/61/61 19/63/63 15/64/64
f 13/65/65 16/66/66 20/67/67
f 13/65/65 20/67/67 17/68/68
f 18/69/69 17/70/70 21/71/71
f 18/69/69 21/71/71 22/72/72
f 19/73/73 23/74/74 24/75/75
f 19/73/73 24/75/75 20/76/76
f 18/77/77 22/78/78 23/79/79
f 18/77/77 23/79/79 19/80/80
f 17/81/81 20/82/82 24/83/83
f 17/81/81 24/83/83 21/84/84
f 22/85/85 21/86/86 25/87/87
f 22/85/85 25/87/87 26/88/88
f 23/89/89 27/90/90 28/91/91
f 23/89/89 28/91/91 24/92/92
f 22/93/93 26/94/94 27/95/95
f 22/93/93 27/95/95 23/96/96
f 21/97/97 24/98/98 28/99/99
f 21/97/97 28/99/99 25/100/100
f 26/101/101 25/102/102 29/103/103
f 26/101/101 29/103/103 30/104/104
f 27/105/105 31/106/106 32/107/107
f 27/105/105 32/107/107 28/108/108
f 26/109/109 30/110/110 31/111/111
f 26/109/109 31/111/111 27/112/112
f 25/113/113 28/114/114 32/115/115
f 25/113/113 32/115/115 29/116/116
f 30/117/117 29/118/118 33/119/119
f 30/117/117 33/119/119 34/120/120
f 31/121/121 35/122/122 36/123/123
f 31/121/121 36/123/123 32/124/124
f 30/125/125 34/126/126 35/127/127
f 30/125/125 35/127/127 31/128/128
f 29/129/129 32/130/130 36/131/131
f 29/129/129 36/131/131 33/132/132
f 34/133/133 33/134/134 37/135/135
f 34/133/133 37/135/135 38/136/136
f 35/137/137 39/138/138 40/139/139
f 35/137/137 40/139/139 36/140/140
f 34/141/141 38/142/142 39/143/143
f 34/141/141 39/143/143 35/144/144
f 33/145/145 36/146/146 40/147/147
f 33/145/145 40/147/147 37/148/148
f 38/149/149 37/150/150 41/151/151
f 38/149/149 41/151/151 42/152/152
f 39/153/153 43/154/154 44/155/155
f 39/153/153 44/155/155 40/156/156
f 42/157/157 41/158/158 44/159/159
f 42/157/157 44/159/159 43/160/160
f 38/161/161 42/162/162 43/163/163
f 38/161/161 43/163/163 39/164/164
f 37/165/165 40/166/166 44/167/167
f 37/165/165 44/167/167 41/168/168
f 2/169/169 45/170/170 46/171/171
f 2/169/169 46/171/171 47/172/172
f 48/173/173 49/174/174 50/175/175
f 48/173/173 50/175/175 51/176/176
f 2/177/177 48/178/178 51/179/179
f 2/177/177 51/179/179 45/180/180
f 47/181/181 46/182/182 50/183/183
f 47/181/181 50/183/183 49/184/184
f 52/185/185 53/186/186 54/187/187
f 52/185/185 54/187/187 41/188/188
f 55/189/189 56/190/190 57/191/191
f 55/189/189 57/191/191 58/192/192
f 52/193/193 55/194/194 58/195/195
f 52/193/193 58/195/195 53/196/196
f 41/197/197 54/198/198 57/199/199
f 41/197/197 57/199/199 56/200/200
f 2/201/201 45/202/202 59/203/203
f 2/201/201 59/203/203 60/204/204
f 61/205/205 62/206/206 63/207/207
f 61/205/205 63/207/207 64/208/208
f 2/209/209 61/210/210 64/211/211
f 2/209/209 64/211/211 45/212/212
f 60/213/213 59/214/214 63/215/215
f 60/213/213 63/215/215 62/216/216
f 65/217/217 66/218/218 67/219/219
f 65/217/217 67/219/219 68/220/220
f 48/221/221 69/222/222 70/223/223
f 48/221/221 70/223/223 71/224/224
f 65/225/225 48/226/226 71/227/227
f 65/225/225 71/227/227 66/228/228
f 68/229/229 67/230/230 70/231/231
f 68/229/229 70/231/231 69/232/232
f 72/233/233 73/234/234 74/235/235
f 72/233/233 74/235/235 75/236/236
f 71/237/237 70/238/238 76/239/239
f 71/237/237 76/239/239 77/240/240
f 72/241/241 71/242/242 77/243/243
f 72/241/241 77/243/243 73/244/244
f 75/245/245 74/246/246 76/247/247
f 75/245/245 76/247/247 70/248/248
f 78/249/249 79/250/250 80/251/251
f 78/249/249 80/251/251 81/252/252
f 77/253/253 76/254/254 82/255/255
f 77/253/253 82/255/255 51/256/256
f 78/257/257 77/258/258 51/259/259
f 78/257/257 51/259/259 79/260/260
f 81/261/261 80/262/262 82/263/263
f 81/261/261 82/263/263 76/264/264
f 83/265/265 84/266/266 85/267/267
f 83/265/265 85/267/267 86/268/268
f 87/269/269 88/270/270 89/271/271
f 87/269/269 89/271/271 90/272/272
f 83/273/273 87/274/274 90/275/275
f 83/273/273 90/275/275 84/276/276
f 86/277/277 85/278/278 89/279/279
f 86/277/277 89/279/279 88/280/280
f 91/281/281 80/282/282 84/283/283
f 91/281/281 84/283/283 92/284/284
f 93/285/285 94/286/286 90/287/287
f 93/285/285 90/287/287 82/288/288
f 91/289/289 93/290/290 82/291/291
f 91/289/289 82/291/291 80/292/292
f 92/293/293 84/294/294 90/295/295
f 92/293/293 90/295/295 94/296/296
f 91/297/297 92/298/298 94/299/299
f 91/297/297 94/299/299 93/300/300
f 95/301/301 50/302/302 96/303/303
f 95/301/301 96/303/303 97/304/304
f 98/305/305 99/306/306 100/307/307
f 98/305/305 100/307/307 101/308/308
f 95/309/309 98/310/310 101/311/311
f 95/309/309 101/311/311 50/312/312
f 97/313/313 96/314/314 100/315/315
f 97/313/313 100/315/315 99/316/316
f 95/317/317 97/318/318 99/319/319
f 95/317/317 99/319/319 98/320/320
f 50/321/321 101/322/322 100/323/323
f 50/321/321 100/323/323 96/324/324
f 60/325/325 59/326/326 102/327/327
f 60/325/325 102/327/327 103/328/328
f 62/329/329 104/330/330 105/331/331
f 62/329/329 105/331/331 63/332/332
f 60/333/333 62/334/334 63/335/335
f 60/333/333 63/335/335 59/336/336
f 103/337/337 102/338/338 105/339/339
f 103/337/337 105/339/339 104/340/340
f 86/341/341 106/342/342 107/343/343
f 86/341/341 107/343/343 108/344/344
f 88/345/345 109/346/346 110/347/347
f 88/345/345 110/347/347 111/348/348
f 86/349/349 88/350/350 111/351/351
f 86/349/349 111/351/351 106/352/352
f 108/353/353 107/354/354 110/355/355
f 108/353/353 110/355/355 109/356/356
f 112/357/357 113/358/358 114/359/359
f 112/357/357 114/359/359 115/360/360
f 111/361/361 110/362/362 116/363/363
f 111/361/361 116/363/363 117/364/364
f 112/365/365 111/366/366 117/367/367
f 112/365/365 117/367/367 113/368/368
f 115/369/369 114/370/370 116/371/371
f 115/369/369 116/371/371 110/372/372
f 118/373/373 85/374/374 119/375/375
f 118/373/373 119/375/375 120/376/376
f 117/377/377 116/378/378 121/379/379
f 117/377/377 121/379/379 89/380/380
f 118/381/381 117/382/382 89/383/383
f 118/381/381 89/383/383 85/384/384
f 120/385/385 119/386/386 121/387/387
f 120/385/385 121/387/387 116/388/388
f 122/389/389 123/390/390 124/391/391
f 122/389/389 124/391/391 125/392/392
f 126/393/393 127/394/394 128/395/395
f 126/393/393 128/395/395 129/396/396
f 122/397/397 126/398/398 129/399/399
f 122/397/397 129/399/399 123/400/400
f 125/401/401 124/402/402 128/403/403
f 125/401/401 128/403/403 127/404/404
f 130/405/405 119/406/406 123/407/407
f 130/405/405 123/407/407 131/408/408
f 132/409/409 133/410/410 129/411/411
f 132/409/409 129/411/411 121/412/412
f 130/413/413 132/414/414 121/415/415
f 130/413/413 121/415/415 119/416/416
f 131/417/417 123/418/418 129/419/419
f 131/417/417 129/419/419 133/420/420
f 130/421/421 131/422/422 133/423/423
f 130/421/421 133/423/423 132/424/424
f 134/425/425 135/426/426 136/427/427
f 134/425/425 136/427/427 137/428/428
f 138/429/429 139/430/430 140/431/431
f 138/429/429 140/431/431 141/432/432
f 134/433/433 138/434/434 141/435/435
f 134/433/433 141/435/435 135/436/436
f 137/437/437 136/438/438 140/439/439
f 137/437/437 140/439/439 139/440/440
f 134/441/441 137/442/442 139/443/443
f 134/441/441 139/443/443 138/444/444
f 135/445/445 141/446/446 140/447/447
f 135/445/445 140/447/447 136/448/448
f 103/449/449 102/450/450 142/451/451
f 103/449/449 142/451/451 21/452/452
f 104/453/453 143/454/454 144/455/455
f 104/453/453 144/455/455 105/456/456
f 103/457/457 104/458/458 105/459/459
f 103/457/457 105/459/459 102/460/460
f 21/461/461 142/462/462 144/463/463
f 21/461/461 144/463/463 143/464/464
f 125/465/465 145/466/466 146/467/467
f 125/465/465 146/467/467 147/468/468
f 127/469/469 148/470/470 149/471/471
f 127/469/469 149/471/471 150/472/472
f 125/473/473 127/474/474 150/475/475
f 125/473/473 150/475/475 145/476/476
f 147/477/477 146/478/478 149/479/479
f 147/477/477 149/479/479 148/480/480
f 151/481/481 152/482/482 153/483/483
f 151/481/481 153/483/483 154/484/484
f 150/485/485 149/486/486 155/487/487
f 150/485/485 155/487/487 156/488/488
f 151/489/489 150/490/490 156/491/491
f 151/489/489 156/491/491 152/492/492
f 154/493/493 153/494/494 155/495/495
f 154/493/493 155/495/495 149/496/496
f 157/497/497 124/498/498 158/499/499
f 157/497/497 158/499/499 159/500/500
f 156/501/501 155/502/502 160/503/503
f 156/501/501 160/503/503 128/504/504
f 157/505/505 156/506/506 128/507/507
f 157/505/505 128/507/507 124/508/508
f 159/509/509 158/510/510 160/511/511
f 159/509/509 160/511/511 155/512/512
f 161/513/513 162/514/514 163/515/515
f 161/513/513 163/515/515 164/516/516
f 165/517/517 166/518/518 167/519/519
f 165/517/517 167/519/519 168/520/520
f 161/521/521 165/522/522 168/523/523
f 161/521/521 168/523/523 162/524/524
f 164/525/525 163/526/526 167/527/527
f 164/525/525 167/527/527 166/528/528
f 169/529/529 158/530/530 162/531/531
f 169/529/529 162/531/531 170/532/532
f 171/533/533 172/534/534 168/535/535
f 171/533/533 168/535/535 160/536/536
f 169/537/537 171/538/538 160/539/539
f 169/537/537 160/539/539 158/540/540
f 170/541/541 162/542/542 168/543/543
f 170/541/541 168/543/543 172/544/544
f 169/545/545 170/546/546 172/547/547
f 169/545/545 172/547/547 171/548/548
f 173/549/549 174/550/550 175/551/551
f 173/549/549 175/551/551 176/552/552
f 177/553/553 178/554/554 179/555/555
f 177/553/553 179/555/555 180/556/556
f 173/557/557 177/558/558 180/559/559
f 173/557/557 180/559/559 174/560/560
f 176/561/561 175/562/562 179/563/563
f 176/561/561 179/563/563 178/564/564
f 173/565/565 176/566/566 178/567/567
f 173/565/565 178/567/567 177/568/568
f 174/569/569 180/570/570 179/571/571
f 174/569/569 179/571/571 175/572/572
f 21/573/573 142/574/574 181/575/575
f 21/573/573 181/575/575 182/576/576
f 143/577/577 183/578/578 184/579/579
f 143/577/577 184/579/579 144/580/580
f 21/581/581 143/582/582 144/583/583
f 21/581/581 144/583/583 142/584/584
f 182/585/585 181/586/586 184/587/587
f 182/585/585 184/587/587 183/588/588
f 164/589/589 185/590/590 186/591/591
f 164/589/589 186/591/591 187/592/592
f 166/593/593 188/594/594 189/595/595
f 166/593/593 189/595/595 190/596/596
f 164/597/597 166/598/598 190/599/599
f 164/597/597 190/599/599 185/600/600
f 187/601/601 186/602/602 189/603/603
f 187/601/601 189/603/603 188/604/604
f 191/605/605 192/606/606 193/607/607
f 191/605/605 193/607/607 194/608/608
f 190/609/609 189/610/610 195/611/611
f 190/609/609 195/611/611 196/612/612
f 191/613/613 190/614/614 196/615/615
f 191/613/613 196/615/615 192/616/616
f 194/617/617 193/618/618 195/619/619
f 194/617/617 195/619/619 189/620/620
f 197/621/621 163/622/622 198/623/623
f 197/621/621 198/623/623 199/624/624
f 196/625/625 195/626/626 200/627/627
f 196/625/625 200/627/627 167/628/628
f 197/629/629 196/630/630 167/631/631
f 197/629/629 167/631/631 163/632/632
f 199/633/633 198/634/634 200/635/635
f 199/633/633 200/635/635 195/636/636
f 201/637/637 202/638/638 203/639/639
f 201/637/637 203/639/639 204/640/640
f 205/641/641 206/642/642 207/643/643
f 205/641/641 207/643/643 208/644/644
f 201/645/645 205/646/646 208/647/647
f 201/645/645 208/647/647 202/648/648
f 204/649/649 203/650/650 207/651/651
f 204/649/649 207/651/651 206/652/652
f 209/653/653 198/654/654 202/655/655
f 209/653/653 202/655/655 210/656/656
f 211/657/657 212/658/658 208/659/659
f 211/657/657 208/659/659 200/660/660
f 209/661/661 211/662/662 200/663/663
f 209/661/661 200/663/663 198/664/664
f 210/665/665 202/666/666 208/667/667
f 210/665/665 208/667/667 212/668/668
f 209/669/669 210/670/670 212/671/671
f 209/669/669 212/671/671 211/672/672
f 213/673/673 214/674/674 215/675/675
f 213/673/673 215/675/675 216/676/676
f 217/677/677 218/678/678 219/679/679
f 217/677/677 219/679/679 220/680/680
f 213/681/681 217/682/682 220/683/683
f 213/681/681 220/683/683 214/684/684
f 216/685/685 215/686/686 219/687/687
f 216/685/685 219/687/687 218/688/688
f 213/689/689 216/690/690 218/691/691
f 213/689/689 218/691/691 217/692/692
f 214/693/693 220/694/694 219/695/695
f 214/693/693 219/695/695 215/696/696
f 182/697/697 181/698/698 221/699/699
f 182/697/697 221/699/699 222/700/700
f 183/701/701 223/702/702 224/703/703
f 183/701/701 224/703/703 184/704/704
f 182/705/705 183/706/706 184/707/707
f 182/705/705 184/707/707 181/708/708
f 222/709/709 221/710/710 224/711/711
f 222/709/709 224/711/711 223/712/712
f 204/713/713 225/714/714 226/715/715
f 204/713/713 226/715/715 227/716/716
f 206/717/717 228/718/718 229/719/719
f 206/717/717 229/719/719 230/720/720
f 204/721/721 206/722/722 230/723/723
f 204/721/721 230/723/723 225/724/724
f 227/725/725 226/726/726 229/727/727
f 227/725/725 229/727/727 228/728/728
f 231/729/729 232/730/730 233/731/731
f 231/729/729 233/731/731 234/732/732
f 230/733/733 229/734/734 235/735/735
f 230/733/733 235/735/735 236/736/736
f 231/737/737 230/738/738 236/739/739
f 231/737/737 236/739/739 232/740/740
f 234/741/741 233/742/742 235/743/743
f 234/741/741 235/743/743 229/744/744
f 237/745/745 203/746/746 238/747/747
f 237/745/745 238/747/747 239/748/748
f 236/749/749 235/750/750 240/751/751
f 236/749/749 240/751/751 207/752/752
f 237/753/753 236/754/754 207/755/755
f 237/753/753 207/755/755 203/756/756
f 239/757/757 238/758/758 240/759/759
f 239/757/757 240/759/759 235/760/760
f 241/761/761 242/762/762 243/763/763
f 241/761/761 243/763/763 244/764/764
f 245/765/765 246/766/766 247/767/767
f 245/765/765 247/767/767 248/768/768
f 241/769/769 245/770/770 248/771/771
f 241/769/769 248/771/771 242/772/772
f 244/773/773 243/774/774 247/775/775
f 244/773/773 247/775/775 246/776/776
f 249/777/777 238/778/778 242/779/779
f 249/777/777 242/779/779 250/780/780
f 251/781/781 252/782/782 248/783/783
f 251/781/781 248/783/783 240/784/784
f 249/785/785 251/786/786 240/787/787
f 249/785/785 240/787/787 238/788/788
f 250/789/789 242/790/790 248/791/791
f 250/789/789 248/791/791 252/792/792
f 249/793/793 250/794/794 252/795/795
f 249/793/793 252/795/795 251/796/796
f 253/797/797 254/798/798 255/799/799
f 253/797/797 255/799/799 256/800/800
f 257/801/801 258/802/802 259/803/803
f 257/801/801 259/803/803 260/804/804
f 253/805/805 257/806/806 260/807/807
f 253/805/805 260/807/807 254/808/808
f 256/809/809 255/810/810 259/811/811
f 256/809/809 259/811/811 258/812/812
f 253/813/813 256/814/814 258/815/815
f 253/813/813 258/815/815 257/816/816
f 254/817/817 260/818/818 259/819/819
f 254/817/817 259/819/819 255/820/820
f 222/821/821 221/822/822 54/823/823
f 222/821/821 54/823/823 41/824/824
f 223/825/825 261/826/826 262/827/827
f 223/825/825 262/827/827 224/828/828
f 222/829/829 223/830/830 224/831/831
f 222/829/829 224/831/831 221/832/832
f 41/833/833 54/834/834 262/835/835
f 41/833/833 262/835/835 261/836/836
f 244/837/837 263/838/838 264/839/839
f 244/837/837 264/839/839 265/840/840
f 246/841/841 266/842/842 267/843/843
f 246/841/841 267/843/843 268/844/844
f 244/845/845 246/846/846 268/847/847
f 244/845/845 268/847/847 263/848/848
f 265/849/849 264/850/850 267/851/851
f 265/849/849 267/851/851 266/852/852
f 269/853/853 270/854/854 271/855/855
f 269/853/853 271/855/855 272/856/856
f 268/857/857 267/858/858 273/859/859
f 268/857/857 273/859/859 274/860/860
f 269/861/861 268/862/862 274/863/863
f 269/861/861 274/863/863 270/864/864
f 272/865/865 271/866/866 273/867/867
f 272/865/865 273/867/867 267/868/868
f 275/869/869 243/870/870 276/871/871
f 275/869/869 276/871/871 277/872/872
f 274/873/873 273/874/874 278/875/875
f 274/873/873 278/875/875 247/876/876
f 275/877/877 274/878/878 247/879/879
f 275/877/877 247/879/879 243/880/880
f 277/881/881 276/882/882 278/883/883
f 277/881/881 278/883/883 273/884/884
f 279/885/885 280/886/886 281/887/887
f 279/885/885 281/887/887 282/888/888
f 283/889/889 56/890/890 57/891/891
f 283/889/889 57/891/891 284/892/892
f 279/893/893 283/894/894 284/895/895
f 279/893/893 284/895/895 280/896/896
f 282/897/897 281/898/898 57/899/899
f 282/897/897 57/899/899 56/900/900
f 285/901/901 276/902/902 280/903/903
f 285/901/901 280/903/903 286/904/904
f 287/905/905 288/906/906 284/907/907
f 287/905/905 284/907/907 278/908/908
f 285/909/909 287/910/910 278/911/911
f 285/909/909 278/911/911 276/912/912
f 286/913/913 280/914/914 284/915/915
f 286/913/913 284/915/915 288/916/916
f 285/917/917 286/918/918 288/919/919
f 285/917/917 288/919/919 287/920/920
f 289/921/921 290/922/922 58/923/923
f 289/921/921 58/923/923 291/924/924
f 292/925/925 293/926/926 294/927/927
f 292/925/925 294/927/927 295/928/928
f 289/929/929 292/930/930 295/931/931
f 289/929/929 295/931/931 290/932/932
f 291/933/933 58/934/934 294/935/935
f 291/933/933 294/935/935 293/936/936
f 289/937/937 291/938/938 293/939/939
f 289/937/937 293/939/939 292/940/940
f 290/941/941 295/942/942 294/943/943
f 290/941/941 294/943/943 58/944/944
f 45/945/945 296/946/946 297/947/947
f 45/945/945 297/947/947 298/948/948
f 299/949/949 300/950/950 301/951/951
f 299/949/949 301/951/951 302/952/952
f 45/953/953 299/954/954 302/955/955
f 45/953/953 302/955/955 296/956/956
f 45/957/957 298/958/958 300/959/959
f 45/957/957 300/959/959 299/960/960
f 296/961/961 302/962/962 301/963/963
f 296/961/961 301/963/963 297/964/964
f 298/965/965 297/966/966 303/967/967
f 298/965/965 303/967/967 304/968/968
f 300/969/969 305/970/970 306/971/971
f 300/969/969 306/971/971 301/972/972
f 298/973/973 304/974/974 305/975/975
f 298/973/973 305/975/975 300/976/976
f 297/977/977 301/978/978 306/979/979
f 297/977/977 306/979/979 303/980/980
f 304/981/981 303/982/982 307/983/983
f 304/981/981 307/983/983 308/984/984
f 305/985/985 309/986/986 310/987/987
f 305/985/985 310/987/987 306/988/988
f 304/989/989 308/990/990 309/991/991
f 304/989/989 309/991/991 305/992/992
f 303/993/993 306/994/994 310/995/995
f 303/993/993 310/995/995 307/996/996
f 308/997/997 307/998/998 311/999/999
f 308/997/997 311/999/999 312/1000/1000
f 309/1001/1001 313/1002/1002 314/1003/1003
f 309/1001/1001 314/1003/1003 310/1004/1004
f 312/1005/1005 311/1006/1006 314/1007/1007
f 312/1005/1005 314/1007/1007 313/1008/1008
f 308/1009/1009 312/1010/1010 313/1011/1011
f 308/1009/1009 313/1011/1011 309/1012/1012
f 307/1013/1013 310/1014/1014 314/1015/1015
f 307/1013/1013 314/1015/1015 311/1016/1016
f 315/1017/1017 316/1018/1018 317/1019/1019
f 315/1017/1017 317/1019/1019 318/1020/1020
f 319/1021/1021 320/1022/1022 321/1023/1023
f 319/1021/1021 321/1023/1023 322/1024/1024
f 315/1025/1025 319/1026/1026 322/1027/1027
f 315/1025/1025 322/1027/1027 316/1028/1028
f 315/1029/1029 318/1030/1030 320/1031/1031
f 315/1029/1029 320/1031/1031 319/1032/1032
f 316/1033/1033 322/1034/1034 321/1035/1035
f 316/1033/1033 321/1035/1035 317/1036/1036
f 318/1037/1037 317/1038/1038 323/1039/1039
f 318/1037/1037 323/1039/1039 324/1040/1040
f 320/1041/1041 325/1042/1042 326/1043/1043
f 320/1041/1041 326/1043/1043 321/1044/1044
f 318/1045/1045 324/1046/1046 325/1047/1047
f 318/1045/1045 325/1047/1047 320/1048/1048
f 317/1049/1049 321/1050/1050 326/1051/1051
f 317/1049/1049 326/1051/1051 323/1052/1052
f 324/1053/1053 323/1054/1054 327/1055/1055
f 324/1053/1053 327/1055/1055 328/1056/1056
f 325/1057/1057 329/1058/1058 330/1059/1059
f 325/1057/1057 330/1059/1059 326/1060/1060
f 324/1061/1061 328/1062/1062 329/1063/1063
f 324/1061/1061 329/1063/1063 325/1064/1064
f 323/1065/1065 326/1066/1066 330/1067/1067
f 323/1065/1065 330/1067/1067 327/1068/1068
f 328/1069/1069 327/1070/1070 331/1071/1071
f 328/1069/1069 331/1071/1071 54/1072/1072
f 329/1073/1073 332/1074/1074 333/1075/1075
f 329/1073/1073 333/1075/1075 330/1076/1076
f 54/1077/1077 331/1078/1078 333/1079/1079
f 54/1077/1077 333/1079/1079 332/1080/1080
f 328/1081/1081 54/1082/1082 332/1083/1083
f 328/1081/1081 332/1083/1083 329/1084/1084
f 327/1085/1085 330/1086/1086 333/1087/1087
f 327/1085/1085 333/1087/1087 331/1088/1088
f 312/1089/1089 311/1090/1090 334/1091/1091
f 312/1089/1089 334/1091/1091 142/1092/1092
f 335/1093/1093 336/1094/1094 337/1095/1095
f 335/1093/1093 337/1095/1095 338/1096/1096
f 312/1097/1097 335/1098/1098 338/1099/1099
f 312/1097/1097 338/1099/1099 311/1100/1100
f 312/1101/1101 142/1102/1102 336/1103/1103
f 312/1101/1101 336/1103/1103 335/1104/1104
f 311/1105/1105 338/1106/1106 337/1107/1107
f 311/1105/1105 337/1107/1107 334/1108/1108
f 142/1109/1109 334/1110/1110 316/1111/1111
f 142/1109/1109 316/1111/1111 315/1112/1112
f 336/1113/1113 339/1114/1114 340/1115/1115
f 336/1113/1113 340/1115/1115 337/1116/1116
f 315/1117/1117 316/1118/1118 340/1119/1119
f 315/1117/1117 340/1119/1119 339/1120/1120
f 142/1121/1121 315/1122/1122 339/1123/1123
f 142/1121/1121 339/1123/1123 336/1124/1124
f 334/1125/1125 337/1126/1126 340/1127/1127
f 334/1125/1125 340/1127/1127 316/1128/1128
f 341/1129/1129 342/1130/1130 343/1131/1131
f 341/1129/1129 343/1131/1131 344/1132/1132
f 313/1133/1133 345/1134/1134 346/1135/1135
f 313/1133/1133 346/1135/1135 314/1136/1136
f 341/1137/1137 313/1138/1138 314/1139/1139
f 341/1137/1137 314/1139/1139 342/1140/1140
f 341/1141/1141 344/1142/1142 345/1143/1143
f 341/1141/1141 345/1143/1143 313/1144/1144
f 342/1145/1145 314/1146/1146 346/1147/1147
f 342/1145/1145 346/1147/1147 343/1148/1148
f 344/1149/1149 343/1150/1150 347/1151/1151
f 344/1149/1149 347/1151/1151 348/1152/1152
f 345/1153/1153 319/1154/1154 322/1155/1155
f 345/1153/1153 322/1155/1155 346/1156/1156
f 348/1157/1157 347/1158/1158 322/1159/1159
f 348/1157/1157 322/1159/1159 319/1160/1160
f 344/1161/1161 348/1162/1162 319/1163/1163
f 344/1161/1161 319/1163/1163 345/1164/1164
f 343/1165/1165 346/1166/1166 322/1167/1167
f 343/1165/1165 322/1167/1167 347/1168/1168
f 349/1169/1169 350/1170/1170 351/1171/1171
f 349/1169/1169 351/1171/1171 352/1172/1172
f 353/1173/1173 354/1174/1174 355/1175/1175
f 353/1173/1173 355/1175/1175 356/1176/1176
f 349/1177/1177 353/1178/1178 356/1179/1179
f 349/1177/1177 356/1179/1179 350/1180/1180
f 352/1181/1181 351/1182/1182 355/1183/1183
f 352/1181/1181 355/1183/1183 354/1184/1184
f 349/1185/1185 352/1186/1186 354/1187/1187
f 349/1185/1185 354/1187/1187 353/1188/1188
f 350/1189/1189 356/1190/1190 355/1191/1191
f 350/1189/1189 355/1191/1191 351/1192/1192
f 357/1193/1193 350/1194/1194 358/1195/1195
f 357/1193/1193 358/1195/1195 359/1196/1196
f 360/1197/1197 361/1198/1198 362/1199/1199
f 360/1197/1197 362/1199/1199 356/1200/1200
f 357/1201/1201 360/1202/1202 356/1203/1203
f 357/1201/1201 356/1203/1203 350/1204/1204
f 359/1205/1205 358/1206/1206 362/1207/1207
f 359/1205/1205 362/1207/1207 361/1208/1208
f 357/1209/1209 359/1210/1210 361/1211/1211
f 357/1209/1209 361/1211/1211 360/1212/1212
f 350/1213/1213 356/1214/1214 362/1215/1215
f 350/1213/1213 362/1215/1215 358/1216/1216
f 363/1217/1217 364/1218/1218 365/1219/1219
f 363/1217/1217 365/1219/1219 366/1220/1220
f 367/1221/1221 368/1222/1222 369/1223/1223
f 367/1221/1221 369/1223/1223 370/1224/1224
f 363/1225/1225 367/1226/1226 370/1227/1227
f 363/1225/1225 370/1227/1227 364/1228/1228
f 366/1229/1229 365/1230/1230 369/1231/1231
f 366/1229/1229 369/1231/1231 368/1232/1232
f 363/1233/1233 366/1234/1234 368/1235/1235
f 363/1233/1233 368/1235/1235 367/1236/1236
f 364/1237/1237 370/1238/1238 369/1239/1239
f 364/1237/1237 369/1239/1239 365/1240/1240
f 351/1241/1241 364/1242/1242 371/1243/1243
f 351/1241/1241 371/1243/1243 372/1244/1244
f 355/1245/1245 373/1246/1246 374/1247/1247
f 355/1245/1245 374/1247/1247 370/1248/1248
f 351/1249/1249 355/1250/1250 370/1251/1251
f 351/1249/1249 370/1251/1251 364/1252/1252
f 372/1253/1253 371/1254/1254 374/1255/1255
f 372/1253/1253 374/1255/1255 373/1256/1256
f 351/1257/1257 372/1258/1258 373/1259/1259
f 351/1257/1257 373/1259/1259 355/1260/1260
f 364/1261/1261 370/1262/1262 374/1263/1263
f 364/1261/1261 374/1263/1263 371/1264/1264
f 375/1265/1265 376/1266/1266 377/1267/1267
f 375/1265/1265 377/1267/1267 378/1268/1268
f 379/1269/1269 380/1270/1270 381/1271/1271
f 379/1269/1269 381/1271/1271 382/1272/1272
f 375/1273/1273 379/1274/1274 382/1275/1275
f 375/1273/1273 382/1275/1275 376/1276/1276
f 378/1277/1277 377/1278/1278 381/1279/1279
f 378/1277/1277 381/1279/1279 380/1280/1280
f 375/1281/1281 378/1282/1282 380/1283/1283
f 375/1281/1281 380/1283/1283 379/1284/1284
f 376/1285/1285 382/1286/1286 381/1287/1287
f 376/1285/1285 381/1287/1287 377/1288/1288
f 365/1289/1289 376/1290/1290 383/1291/1291
f 365/1289/1289 383/1291/1291 384/1292/1292
f 369/1293/1293 385/1294/1294 386/1295/1295
f 369/1293/1293 386/1295/1295 382/1296/1296
f 365/1297/1297 369/1298/1298 382/1299/1299
f 365/1297/1297 382/1299/1299 376/1300/1300
f 384/1301/1301 383/1302/1302 386/1303/1303
f 384/1301/1301 386/1303/1303 385/1304/1304
f 365/1305/1305 384/1306/1306 385/1307/1307
f 365/1305/1305 385/1307/1307 369/1308/1308
f 376/1309/1309 382/1310/1310 386/1311/1311
f 376/1309/1309 386/1311/1311 383/1312/1312
f 387/1313/1313 388/1314/1314 389/1315/1315
f 387/1313/1313 389/1315/1315 390/1316/1316
f 391/1317/1317 392/1318/1318 393/1319/1319
f 391/1317/1317 393/1319/1319 394/1320/1320
f 387/1321/1321 391/1322/1322 394/1323/1323
f 387/1321/1321 394/1323/1323 388/1324/1324
f 390/1325/1325 389/1326/1326 393/1327/1327
f 390/1325/1325 393/1327/1327 392/1328/1328
f 387/1329/1329 390/1330/1330 392/1331/1331
f 387/1329/1329 392/1331/1331 391/1332/1332
f 388/1333/1333 394/1334/1334 393/1335/1335
f 388/1333/1333 393/1335/1335 389/1336/1336
f 377/1337/1337 388/1338/1338 395/1339/1339
f 377/1337/1337 395/1339/1339 396/1340/1340
f 381/1341/1341 397/1342/1342 398/1343/1343
f 381/1341/1341 398/1343/1343 394/1344/1344
f 377/1345/1345 381/1346/1346 394/1347/1347
f 377/1345/1345 394/1347/1347 388/1348/1348
f 396/1349/1349 395/1350/1350 398/1351/1351
f 396/1349/1349 398/1351/1351 397/1352/1352
f 377/1353/1353 396/1354/1354 397/1355/1355
f 377/1353/1353 397/1355/1355 381/1356/1356
f 388/1357/1357 394/1358/1358 398/1359/1359
f 388/1357/1357 398/1359/1359 395/1360/1360
f 399/1361/1361 400/1362/1362 401/1363/1363
f 399/1361/1361 401/1363/1363 402/1364/1364
f 403/1365/1365 404/1366/1366 405/1367/1367
f 403/1365/1365 405/1367/1367 406/1368/1368
f 399/1369/1369 403/1370/1370 406/1371/1371
f 399/1369/1369 406/1371/1371 400/1372/1372
f 402/1373/1373 401/1374/1374 405/1375/1375
f 402/1373/1373 405/1375/1375 404/1376/1376
f 399/1377/1377 402/1378/1378 404/1379/1379
f 399/1377/1377 404/1379/1379 403/1380/1380
f 400/1381/1381 406/1382/1382 405/1383/1383
f 400/1381/1381 405/1383/1383 401/1384/1384
f 389/1385/1385 400/1386/1386 407/1387/1387
f 389/1385/1385 407/1387/1387 408/1388/1388
f 393/1389/1389 409/1390/1390 410/1391/1391
f 393/1389/1389 410/1391/1391 406/1392/1392
f 389/1393/1393 393/1394/1394 406/1395/1395
f 389/1393/1393 406/1395/1395 400/1396/1396
f 408/1397/1397 407/1398/1398 410/1399/1399
f 408/1397/1397 410/1399/1399 409/1400/1400
f 389/1401/1401 408/1402/1402 409/1403/1403
f 389/1401/1401 409/1403/1403 393/1404/1404
f 400/1405/1405 406/1406/1406 410/1407/1407
f 400/1405/1405 410/1407/1407 407/1408/1408
f 411/1409/1409 412/1410/1410 413/1411/1411
f 411/1409/1409 413/1411/1411 414/1412/1412
f 415/1413/1413 416/1414/1414 417/1415/1415
f 415/1413/1413 417/1415/1415 418/1416/1416
f 411/1417/1417 415/1418/1418 418/1419/1419
f 411/1417/1417 418/1419/1419 412/1420/1420
f 414/1421/1421 413/1422/1422 417/1423/1423
f 414/1421/1421 417/1423/1423 416/1424/1424
f 411/1425/1425 414/1426/1426 416/1427/1427
f 411/1425/1425 416/1427/1427 415/1428/1428
f 412/1429/1429 418/1430/1430 417/1431/1431
f 412/1429/1429 417/1431/1431 413/1432/1432
f 401/1433/1433 412/1434/1434 419/1435/1435
f 401/1433/1433 419/1435/1435 420/1436/1436
f 405/1437/1437 421/1438/1438 422/1439/1439
f 405/1437/1437 422/1439/1439 418/1440/1440
f 401/1441/1441 405/1442/1442 418/1443/1443
f 401/1441/1441 418/1443/1443 412/1444/1444
f 420/1445/1445 419/1446/1446 422/1447/1447
f 420/1445/1445 422/1447/1447 421/1448/1448
f 401/1449/1449 420/1450/1450 421/1451/1451
f 401/1449/1449 421/1451/1451 405/1452/1452
f 412/1453/1453 418/1454/1454 422/1455/1455
f 412/1453/1453 422/1455/1455 419/1456/1456
f 423/1457/1457 424/1458/1458 425/1459/1459
f 423/1457/1457 425/1459/1459 426/1460/1460
f 427/1461/1461 428/1462/1462 429/1463/1463
f 427/1461/1461 429/1463/1463 430/1464/1464
f 423/1465/1465 427/1466/1466 430/1467/1467
f 423/1465/1465 430/1467/1467 424/1468/1468
f 426/1469/1469 425/1470/1470 429/1471/1471
f 426/1469/1469 429/1471/1471 428/1472/1472
f 423/1473/1473 426/1474/1474 428/1475/1475
f 423/1473/1473 428/1475/1475 427/1476/1476
f 424/1477/1477 430/1478/1478 429/1479/1479
f 424/1477/1477 429/1479/1479 425/1480/1480
f 413/1481/1481 424/1482/1482 431/1483/1483
f 413/1481/1481 431/1483/1483 432/1484/1484
f 417/1485/1485 433/1486/1486 434/1487/1487
f 417/1485/1485 434/1487/1487 430/1488/1488
f 413/1489/1489 417/1490/1490 430/1491/1491
f 413/1489/1489 430/1491/1491 424/1492/1492
f 432/1493/1493 431/1494/1494 434/1495/1495
f 432/1493/1493 434/1495/1495 433/1496/1496
f 413/1497/1497 432/1498/1498 433/1499/1499
f 413/1497/1497 433/1499/1499 417/1500/1500
f 424/1501/1501 430/1502/1502 434/1503/1503
f 424/1501/1501 434/1503/1503 431/1504/1504
f 435/1505/1505 436/1506/1506 437/1507/1507
f 435/1505/1505 437/1507/1507 438/1508/1508
f 439/1509/1509 440/1510/1510 441/1511/1511
f 439/1509/1509 441/1511/1511 442/1512/1512
f 435/1513/1513 439/1514/1514 442/1515/1515
f 435/1513/1513 442/1515/1515 436/1516/1516
f 438/1517/1517 437/1518/1518 441/1519/1519
f 438/1517/1517 441/1519/1519 440/1520/1520
f 435/1521/1521 438/1522/1522 440/1523/1523
f 435/1521/1521 440/1523/1523 439/1524/1524
f 436/1525/1525 442/1526/1526 441/1527/1527
f 436/1525/1525 441/1527/1527 437/1528/1528
f 425/1529/1529 436/1530/1530 443/1531/1531
f 425/1529/1529 443/1531/1531 444/1532/1532
f 429/1533/1533 445/1534/1534 446/1535/1535
f 429/1533/1533 446/1535/1535 442/1536/1536
f 425/1537/1537 429/1538/1538 442/1539/1539
f 425/1537/1537 442/1539/1539 436/1540/1540
f 444/1541/1541 443/1542/1542 446/1543/1543
f 444/1541/1541 446/1543/1543 445/1544/1544
f 425/1545/1545 444/1546/1546 445/1547/1547
f 425/1545/1545 445/1547/1547 429/1548/1548
f 436/1549/1549 442/1550/1550 446/1551/1551
f 436/1549/1549 446/1551/1551 443/1552/1552
f 447/1553/1553 448/1554/1554 449/1555/1555
f 447/1553/1553 449/1555/1555 450/1556/1556
f 451/1557/1557 452/1558/1558 453/1559/1559
f 451/1557/1557 453/1559/1559 454/1560/1560
f 447/1561/1561 451/1562/1562 454/1563/1563
f 447/1561/1561 454/1563/1563 448/1564/1564
f 450/1565/1565 449/1566/1566 453/1567/1567
f 450/1565/1565 453/1567/1567 452/1568/1568
f 447/1569/1569 450/1570/1570 452/1571/1571
f 447/1569/1569 452/1571/1571 451/1572/1572
f 448/1573/1573 454/1574/1574 453/1575/1575
f 448/1573/1573 453/1575/1575 449/1576/1576
f 437/1577/1577 448/1578/1578 455/1579/1579
f 437/1577/1577 455/1579/1579 456/1580/1580
f 441/1581/1581 457/1582/1582 458/1583/1583
f 441/1581/1581 458/1583/1583 454/1584/1584
f 437/1585/1585 441/1586/1586 454/1587/1587
f 437/1585/1585 454/1587/1587 448/1588/1588
f 456/1589/1589 455/1590/1590 458/1591/1591
f 456/1589/1589 458/1591/1591 457/1592/1592
f 437/1593/1593 456/1594/1594 457/1595/1595
f 437/1593/1593 457/1595/1595 441/1596/1596
f 448/1597/1597 454/1598/1598 458/1599/1599
f 448/1597/1597 458/1599/1599 455/1600/1600
f 459/1601/1601 460/1602/1602 461/1603/1603
f 459/1601/1601 461/1603/1603 462/1604/1604
f 463/1605/1605 464/1606/1606 465/1607/1607
f 463/1605/1605 465/1607/1607 466/1608/1608
f 459/1609/1609 463/1610/1610 466/1611/1611
f 459/1609/1609 466/1611/1611 460/1612/1612
f 462/1613/1613 461/1614/1614 465/1615/1615
f 462/1613/1613 465/1615/1615 464/1616/1616
f 459/1617/1617 462/1618/1618 464/1619/1619
f 459/1617/1617 464/1619/1619 463/1620/1620
f 460/1621/1621 466/1622/1622 465/1623/1623
f 460/1621/1621 465/1623/1623 461/1624/1624
f 449/1625/1625 460/1626/1626 467/1627/1627
f 449/1625/1625 467/1627/1627 468/1628/1628
f 453/1629/1629 469/1630/1630 470/1631/1631
f 453/1629/1629 470/1631/1631 466/1632/1632
f 449/1633/1633 453/1634/1634 466/1635/1635
f 449/1633/1633 466/1635/1635 460/1636/1636
f 468/1637/1637 467/1638/1638 470/1639/1639
f 468/1637/1637 470/1639/1639 469/1640/1640
f 449/1641/1641 468/1642/1642 469/1643/1643
f 449/1641/1641 469/1643/1643 453/1644/1644
f 460/1645/1645 466/1646/1646 470/1647/1647
f 460/1645/1645 470/1647/1647 467/1648/1648
f 471/1649/1649 472/1650/1650 473/1651/1651
f 471/1649/1649 473/1651/1651 474/1652/1652
f 475/1653/1653 476/1654/1654 477/1655/1655
f 475/1653/1653 477/1655/1655 478/1656/1656
f 471/1657/1657 475/1658/1658 478/1659/1659
f 471/1657/1657 478/1659/1659 472/1660/1660
f 474/1661/1661 473/1662/1662 477/1663/1663
f 474/1661/1661 477/1663/1663 476/1664/1664
f 471/1665/1665 474/1666/1666 476/1667/1667
f 471/1665/1665 476/1667/1667 475/1668/1668
f 472/1669/1669 478/1670/1670 477/1671/1671
f 472/1669/1669 477/1671/1671 473/1672/1672
f 461/1673/1673 472/1674/1674 479/1675/1675
f 461/1673/1673 479/1675/1675 480/1676/1676
f 465/1677/1677 481/1678/1678 482/1679/1679
f 465/1677/1677 482/1679/1679 478/1680/1680
f 461/1681/1681 465/1682/1682 478/1683/1683
f 461/1681/1681 478/1683/1683 472/1684/1684
f 480/1685/1685 479/1686/1686 482/1687/1687
f 480/1685/1685 482/1687/1687 481/1688/1688
f 461/1689/1689 480/1690/1690 481/1691/1691
f 461/1689/1689 481/1691/1691 465/1692/1692
f 472/1693/1693 478/1694/1694 482/1695/1695
f 472/1693/1693 482/1695/1695 479/1696/1696
f 483/1697/1697 484/1698/1698 485/1699/1699
f 483/1697/1697 485/1699/1699 486/1700/1700
f 487/1701/1701 488/1702/1702 489/1703/1703
f 487/1701/1701 489/1703/1703 490/1704/1704
f 483/1705/1705 487/1706/1706 490/1707/1707
f 483/1705/1705 490/1707/1707 484/1708/1708
f 486/1709/1709 485/1710/1710 489/1711/1711
f 486/1709/1709 489/1711/1711 488/1712/1712
f 483/1713/1713 486/1714/1714 488/1715/1715
f 483/1713/1713 488/1715/1715 487/1716/1716
f 484/1717/1717 490/1718/1718 489/1719/1719
f 484/1717/1717 489/1719/1719 485/1720/1720
f 473/1721/1721 484/1722/1722 491/1723/1723
f 473/1721/1721 491/1723/1723 492/1724/1724
f 477/1725/1725 493/1726/1726 494/1727/1727
f 477/1725/1725 494/1727/1727 490/1728/1728
f 473/1729/1729 477/1730/1730 490/1731/1731
f 473/1729/1729 490/1731/1731 484/1732/1732
f 492/1733/1733 491/1734/1734 494/1735/1735
f 492/1733/1733 494/1735/1735 493/1736/1736
f 473/1737/1737 492/1738/1738 493/1739/1739
f 473/1737/1737 493/1739/1739 477/1740/1740
f 484/1741/1741 490/1742/1742 494/1743/1743
f 484/1741/1741 494/1743/1743 491/1744/1744
f 495/1745/1745 496/1746/1746 497/1747/1747
f 495/1745/1745 497/1747/1747 498/1748/1748
f 499/1749/1749 500/1750/1750 501/1751/1751
f 499/1749/1749 501/1751/1751 502/1752/1752
f 495/1753/1753 499/1754/1754 502/1755/1755
f 495/1753/1753 502/1755/1755 496/1756/1756
f 498/1757/1757 497/1758/1758 501/1759/1759
f 498/1757/1757 501/1759/1759 500/1760/1760
f 495/1761/1761 498/1762/1762 500/1763/1763
f 495/1761/1761 500/1763/1763 499/1764/1764
f 496/1765/1765 502/1766/1766 501/1767/1767
f 496/1765/1765 501/1767/1767 497/1768/1768
f 485/1769/1769 496/1770/1770 503/1771/1771
f 485/1769/1769 503/1771/1771 504/1772/1772
f 489/1773/1773 505/1774/1774 506/1775/1775
f 489/1773/1773 506/1775/1775 502/1776/1776
f 485/1777/1777 489/1778/1778 502/1779/1779
f 485/1777/1777 502/1779/1779 496/1780/1780
f 504/1781/1781 503/1782/1782 506/1783/1783
f 504/1781/1781 506/1783/1783 505/1784/1784
f 485/1785/1785 504/1786/1786 505/1787/1787
f 485/1785/1785 505/1787/1787 489/1788/1788
f 496/1789/1789 502/1790/1790 506/1791/1791
f 496/1789/1789 506/1791/1791 503/1792/1792
f 507/1793/1793 508/1794/1794 340/1795/1795
f 507/1793/1793 340/1795/1795 509/1796/1796
f 510/1797/1797 511/1798/1798 347/1799/1799
f 510/1797/1797 347/1799/1799 512/1800/1800
f 507/1801/1801 510/1802/1802 512/1803/1803
f 507/1801/1801 512/1803/1803 508/1804/1804
f 509/1805/1805 340/1806/1806 347/1807/1807
f 509/1805/1805 347/1807/1807 511/1808/1808
f 507/1809/1809 509/1810/1810 511/1811/1811
f 507/1809/1809 511/1811/1811 510/1812/1812
f 508/1813/1813 512/1814/1814 347/1815/1815
f 508/1813/1813 347/1815/1815 340/1816/1816
f 497/1817/1817 508/1818/1818 513/1819/1819
f 497/1817/1817 513/1819/1819 514/1820/1820
f 501/1821/1821 515/1822/1822 516/1823/1823
f 501/1821/1821 516/1823/1823 512/1824/1824
f 497/1825/1825 501/1826/1826 512/1827/1827
f 497/1825/1825 512/1827/1827 508/1828/1828
f 514/1829/1829 513/1830/1830 516/1831/1831
f 514/1829/1829 516/1831/1831 515/1832/1832
f 497/1833/1833 514/1834/1834 515/1835/1835
f 497/1833/1833 515/1835/1835 501/1836/1836
f 508/1837/1837 512/1838/1838 516/1839/1839
f 508/1837/1837 516/1839/1839 513/1840/1840
f 296/1841/1841 517/1842/1842 518/1843/1843
f 296/1841/1841 518/1843/1843 519/1844/1844
f 520/1845/1845 521/1846/1846 522/1847/1847
f 520/1845/1845 522/1847/1847 523/1848/1848
f 296/1849/1849 520/1850/1850 523/1851/1851
f 296/1849/1849 523/1851/1851 517/1852/1852
f 519/1853/1853 518/1854/1854 522/1855/1855
f 519/1853/1853 522/1855/1855 521/1856/1856
f 524/1857/1857 525/1858/1858 526/1859/1859
f 524/1857/1857 526/1859/1859 331/1860/1860
f 527/1861/1861 528/1862/1862 529/1863/1863
f 527/1861/1861 529/1863/1863 530/1864/1864
f 524/1865/1865 527/1866/1866 530/1867/1867
f 524/1865/1865 530/1867/1867 525/1868/1868
f 331/1869/1869 526/1870/1870 529/1871/1871
f 331/1869/1869 529/1871/1871 528/1872/1872
f 296/1873/1873 517/1874/1874 531/1875/1875
f 296/1873/1873 531/1875/1875 532/1876/1876
f 533/1877/1877 534/1878/1878 535/1879/1879
f 533/1877/1877 535/1879/1879 536/1880/1880
f 296/1881/1881 533/1882/1882 536/1883/1883
f 296/1881/1881 536/1883/1883 517/1884/1884
f 532/1885/1885 531/1886/1886 535/1887/1887
f 532/1885/1885 535/1887/1887 534/1888/1888
f 537/1889/1889 538/1890/1890 539/1891/1891
f 537/1889/1889 539/1891/1891 540/1892/1892
f 520/1893/1893 541/1894/1894 542/1895/1895
f 520/1893/1893 542/1895/1895 543/1896/1896
f 537/1897/1897 520/1898/1898 543/1899/1899
f 537/1897/1897 543/1899/1899 538/1900/1900
f 540/1901/1901 539/1902/1902 542/1903/1903
f 540/1901/1901 542/1903/1903 541/1904/1904
f 544/1905/1905 545/1906/1906 546/1907/1907
f 544/1905/1905 546/1907/1907 547/1908/1908
f 543/1909/1909 542/1910/1910 548/1911/1911
f 543/1909/1909 548/1911/1911 549/1912/1912
f 544/1913/1913 543/1914/1914 549/1915/1915
f 544/1913/1913 549/1915/1915 545/1916/1916
f 547/1917/1917 546/1918/1918 548/1919/1919
f 547/1917/1917 548/1919/1919 542/1920/1920
f 550/1921/1921 551/1922/1922 552/1923/1923
f 550/1921/1921 552/1923/1923 553/1924/1924
f 549/1925/1925 548/1926/1926 554/1927/1927
f 549/1925/1925 554/1927/1927 523/1928/1928
f 550/1929/1929 549/1930/1930 523/1931/1931
f 550/1929/1929 523/1931/1931 551/1932/1932
f 553/1933/1933 552/1934/1934 554/1935/1935
f 553/1933/1933 554/1935/1935 548/1936/1936
f 555/1937/1937 556/1938/1938 557/1939/1939
f 555/1937/1937 557/1939/1939 558/1940/1940
f 559/1941/1941 560/1942/1942 561/1943/1943
f 559/1941/1941 561/1943/1943 562/1944/1944
f 555/1945/1945 559/1946/1946 562/1947/1947
f 555/1945/1945 562/1947/1947 556/1948/1948
f 558/1949/1949 557/1950/1950 561/1951/1951
f 558/1949/1949 561/1951/1951 560/1952/1952
f 563/1953/1953 552/1954/1954 556/1955/1955
f 563/1953/1953 556/1955/1955 564/1956/1956
f 565/1957/1957 566/1958/1958 562/1959/1959
f 565/1957/1957 562/1959/1959 554/1960/1960
f 563/1961/1961 565/1962/1962 554/1963/1963
f 563/1961/1961 554/1963/1963 552/1964/1964
f 564/1965/1965 556/1966/1966 562/1967/1967
f 564/1965/1965 562/1967/1967 566/1968/1968
f 563/1969/1969 564/1970/1970 566/1971/1971
f 563/1969/1969 566/1971/1971 565/1972/1972
f 567/1973/1973 522/1974/1974 568/1975/1975
f 567/1973/1973 568/1975/1975 569/1976/1976
f 570/1977/1977 571/1978/1978 572/1979/1979
f 570/1977/1977 572/1979/1979 573/1980/1980
f 567/1981/1981 570/1982/1982 573/1983/1983
f 567/1981/1981 573/1983/1983 522/1984/1984
f 569/1985/1985 568/1986/1986 572/1987/1987
f 569/1985/1985 572/1987/1987 571/1988/1988
f 567/1989/1989 569/1990/1990 571/1991/1991
f 567/1989/1989 571/1991/1991 570/1992/1992
f 522/1993/1993 573/1994/1994 572/1995/1995
f 522/1993/1993 572/1995/1995 568/1996/1996
f 532/1997/1997 531/1998/1998 574/1999/1999
f 532/1997/1997 574/1999/1999 575/2000/2000
f 534/2001/2001 576/2002/2002 577/2003/2003
f 534/2001/2001 577/2003/2003 535/2004/2004
f 532/2005/2005 534/2006/2006 535/2007/2007
f 532/2005/2005 535/2007/2007 531/2008/2008
f 575/2009/2009 574/2010/2010 577/2011/2011
f 575/2009/2009 577/2011/2011 576/2012/2012
f 558/2013/2013 578/2014/2014 579/2015/2015
f 558/2013/2013 579/2015/2015 580/2016/2016
f 560/2017/2017 581/2018/2018 582/2019/2019
f 560/2017/2017 582/2019/2019 583/2020/2020
f 558/2021/2021 560/2022/2022 583/2023/2023
f 558/2021/2021 583/2023/2023 578/2024/2024
f 580/2025/2025 579/2026/2026 582/2027/2027
f 580/2025/2025 582/2027/2027 581/2028/2028
f 584/2029/2029 585/2030/2030 586/2031/2031
f 584/2029/2029 586/2031/2031 587/2032/2032
f 583/2033/2033 582/2034/2034 588/2035/2035
f 583/2033/2033 588/2035/2035 589/2036/2036
f 584/2037/2037 583/2038/2038 589/2039/2039
f 584/2037/2037 589/2039/2039 585/2040/2040
f 587/2041/2041 586/2042/2042 588/2043/2043
f 587/2041/2041 588/2043/2043 582/2044/2044
f 590/2045/2045 557/2046/2046 591/2047/2047
f 590/2045/2045 591/2047/2047 592/2048/2048
f 589/2049/2049 588/2050/2050 593/2051/2051
f 589/2049/2049 593/2051/2051 561/2052/2052
f 590/2053/2053 589/2054/2054 561/2055/2055
f 590/2053/2053 561/2055/2055 557/2056/2056
f 592/2057/2057 591/2058/2058 593/2059/2059
f 592/2057/2057 593/2059/2059 588/2060/2060
f 594/2061/2061 595/2062/2062 596/2063/2063
f 594/2061/2061 596/2063/2063 597/2064/2064
f 598/2065/2065 599/2066/2066 600/2067/2067
f 598/2065/2065 600/2067/2067 601/2068/2068
f 594/2069/2069 598/2070/2070 601/2071/2071
f 594/2069/2069 601/2071/2071 595/2072/2072
f 597/2073/2073 596/2074/2074 600/2075/2075
f 597/2073/2073 600/2075/2075 599/2076/2076
f 602/2077/2077 591/2078/2078 595/2079/2079
f 602/2077/2077 595/2079/2079 603/2080/2080
f 604/2081/2081 605/2082/2082 601/2083/2083
f 604/2081/2081 601/2083/2083 593/2084/2084
f 602/2085/2085 604/2086/2086 593/2087/2087
f 602/2085/2085 593/2087/2087 591/2088/2088
f 603/2089/2089 595/2090/2090 601/2091/2091
f 603/2089/2089 601/2091/2091 605/2092/2092
f 602/2093/2093 603/2094/2094 605/2095/2095
f 602/2093/2093 605/2095/2095 604/2096/2096
f 606/2097/2097 607/2098/2098 608/2099/2099
f 606/2097/2097 608/2099/2099 609/2100/2100
f 610/2101/2101 611/2102/2102 612/2103/2103
f 610/2101/2101 612/2103/2103 613/2104/2104
f 606/2105/2105 610/2106/2106 613/2107/2107
f 606/2105/2105 613/2107/2107 607/2108/2108
f 609/2109/2109 608/2110/2110 612/2111/2111
f 609/2109/2109 612/2111/2111 611/2112/2112
f 606/2113/2113 609/2114/2114 611/2115/2115
f 606/2113/2113 611/2115/2115 610/2116/2116
f 607/2117/2117 613/2118/2118 612/2119/2119
f 607/2117/2117 612/2119/2119 608/2120/2120
f 575/2121/2121 574/2122/2122 614/2123/2123
f 575/2121/2121 614/2123/2123 334/2124/2124
f 576/2125/2125 615/2126/2126 616/2127/2127
f 576/2125/2125 616/2127/2127 577/2128/2128
f 575/2129/2129 576/2130/2130 577/2131/2131
f 575/2129/2129 577/2131/2131 574/2132/2132
f 334/2133/2133 614/2134/2134 616/2135/2135
f 334/2133/2133 616/2135/2135 615/2136/2136
f 597/2137/2137 617/2138/2138 618/2139/2139
f 597/2137/2137 618/2139/2139 619/2140/2140
f 599/2141/2141 620/2142/2142 621/2143/2143
f 599/2141/2141 621/2143/2143 622/2144/2144
f 597/2145/2145 599/2146/2146 622/2147/2147
f 597/2145/2145 622/2147/2147 617/2148/2148
f 619/2149/2149 618/2150/2150 621/2151/2151
f 619/2149/2149 621/2151/2151 620/2152/2152
f 623/2153/2153 624/2154/2154 625/2155/2155
f 623/2153/2153 625/2155/2155 626/2156/2156
f 622/2157/2157 621/2158/2158 627/2159/2159
f 622/2157/2157 627/2159/2159 628/2160/2160
f 623/2161/2161 622/2162/2162 628/2163/2163
f 623/2161/2161 628/2163/2163 624/2164/2164
f 626/2165/2165 625/2166/2166 627/2167/2167
f 626/2165/2165 627/2167/2167 621/2168/2168
f 629/2169/2169 596/2170/2170 630/2171/2171
f 629/2169/2169 630/2171/2171 631/2172/2172
f 628/2173/2173 627/2174/2174 632/2175/2175
f 628/2173/2173 632/2175/2175 600/2176/2176
f 629/2177/2177 628/2178/2178 600/2179/2179
f 629/2177/2177 600/2179/2179 596/2180/2180
f 631/2181/2181 630/2182/2182 632/2183/2183
f 631/2181/2181 632/2183/2183 627/2184/2184
f 633/2185/2185 634/2186/2186 635/2187/2187
f 633/2185/2185 635/2187/2187 636/2188/2188
f 637/2189/2189 638/2190/2190 639/2191/2191
f 637/2189/2189 639/2191/2191 640/2192/2192
f 633/2193/2193 637/2194/2194 640/2195/2195
f 633/2193/2193 640/2195/2195 634/2196/2196
f 636/2197/2197 635/2198/2198 639/2199/2199
f 636/2197/2197 639/2199/2199 638/2200/2200
f 641/2201/2201 630/2202/2202 634/2203/2203
f 641/2201/2201 634/2203/2203 642/2204/2204
f 643/2205/2205 644/2206/2206 640/2207/2207
f 643/2205/2205 640/2207/2207 632/2208/2208
f 641/2209/2209 643/2210/2210 632/2211/2211
f 641/2209/2209 632/2211/2211 630/2212/2212
f 642/2213/2213 634/2214/2214 640/2215/2215
f 642/2213/2213 640/2215/2215 644/2216/2216
f 641/2217/2217 642/2218/2218 644/2219/2219
f 641/2217/2217 644/2219/2219 643/2220/2220
f 645/2221/2221 646/2222/2222 647/2223/2223
f 645/2221/2221 647/2223/2223 648/2224/2224
f 649/2225/2225 650/2226/2226 651/2227/2227
f 649/2225/2225 651/2227/2227 652/2228/2228
f 645/2229/2229 649/2230/2230 652/2231/2231
f 645/2229/2229 652/2231/2231 646/2232/2232
f 648/2233/2233 647/2234/2234 651/2235/2235
f 648/2233/2233 651/2235/2235 650/2236/2236
f 645/2237/2237 648/2238/2238 650/2239/2239
f 645/2237/2237 650/2239/2239 649/2240/2240
f 646/2241/2241 652/2242/2242 651/2243/2243
f 646/2241/2241 651/2243/2243 647/2244/2244
f 334/2245/2245 614/2246/2246 653/2247/2247
f 334/2245/2245 653/2247/2247 654/2248/2248
f 615/2249/2249 655/2250/2250 656/2251/2251
f 615/2249/2249 656/2251/2251 616/2252/2252
f 334/2253/2253 615/2254/2254 616/2255/2255
f 334/2253/2253 616/2255/2255 614/2256/2256
f 654/2257/2257 653/2258/2258 656/2259/2259
f 654/2257/2257 656/2259/2259 655/2260/2260
f 636/2261/2261 657/2262/2262 658/2263/2263
f 636/2261/2261 658/2263/2263 659/2264/2264
f 638/2265/2265 660/2266/2266 661/2267/2267
f 638/2265/2265 661/2267/2267 662/2268/2268
f 636/2269/2269 638/2270/2270 662/2271/2271
f 636/2269/2269 662/2271/2271 657/2272/2272
f 659/2273/2273 658/2274/2274 661/2275/2275
f 659/2273/2273 661/2275/2275 660/2276/2276
f 663/2277/2277 664/2278/2278 665/2279/2279
f 663/2277/2277 665/2279/2279 666/2280/2280
f 662/2281/2281 661/2282/2282 667/2283/2283
f 662/2281/2281 667/2283/2283 668/2284/2284
f 663/2285/2285 662/2286/2286 668/2287/2287
f 663/2285/2285 668/2287/2287 664/2288/2288
f 666/2289/2289 665/2290/2290 667/2291/2291
f 666/2289/2289 667/2291/2291 661/2292/2292
f 669/2293/2293 635/2294/2294 670/2295/2295
f 669/2293/2293 670/2295/2295 671/2296/2296
f 668/2297/2297 667/2298/2298 672/2299/2299
f 668/2297/2297 672/2299/2299 639/2300/2300
f 669/2301/2301 668/2302/2302 639/2303/2303
f 669/2301/2301 639/2303/2303 635/2304/2304
f 671/2305/2305 670/2306/2306 672/2307/2307
f 671/2305/2305 672/2307/2307 667/2308/2308
f 673/2309/2309 674/2310/2310 675/2311/2311
f 673/2309/2309 675/2311/2311 676/2312/2312
f 677/2313/2313 678/2314/2314 679/2315/2315
f 677/2313/2313 679/2315/2315 680/2316/2316
f 673/2317/2317 677/2318/2318 680/2319/2319
f 673/2317/2317 680/2319/2319 674/2320/2320
f 676/2321/2321 675/2322/2322 679/2323/2323
f 676/2321/2321 679/2323/2323 678/2324/2324
f 681/2325/2325 670/2326/2326 674/2327/2327
f 681/2325/2325 674/2327/2327 682/2328/2328
f 683/2329/2329 684/2330/2330 680/2331/2331
f 683/2329/2329 680/2331/2331 672/2332/2332
f 681/2333/2333 683/2334/2334 672/2335/2335
f 681/2333/2333 672/2335/2335 670/2336/2336
f 682/2337/2337 674/2338/2338 680/2339/2339
f 682/2337/2337 680/2339/2339 684/2340/2340
f 681/2341/2341 682/2342/2342 684/2343/2343
f 681/2341/2341 684/2343/2343 683/2344/2344
f 685/2345/2345 686/2346/2346 687/2347/2347
f 685/2345/2345 687/2347/2347 688/2348/2348
f 689/2349/2349 690/2350/2350 691/2351/2351
f 689/2349/2349 691/2351/2351 692/2352/2352
f 685/2353/2353 689/2354/2354 692/2355/2355
f 685/2353/2353 692/2355/2355 686/2356/2356
f 688/2357/2357 687/2358/2358 691/2359/2359
f 688/2357/2357 691/2359/2359 690/2360/2360
f 685/2361/2361 688/2362/2362 690/2363/2363
f 685/2361/2361 690/2363/2363 689/2364/2364
f 686/2365/2365 692/2366/2366 691/2367/2367
f 686/2365/2365 691/2367/2367 687/2368/2368
f 654/2369/2369 653/2370/2370 693/2371/2371
f 654/2369/2369 693/2371/2371 694/2372/2372
f 655/2373/2373 695/2374/2374 696/2375/2375
f 655/2373/2373 696/2375/2375 656/2376/2376
f 654/2377/2377 655/2378/2378 656/2379/2379
f 654/2377/2377 656/2379/2379 653/2380/2380
f 694/2381/2381 693/2382/2382 696/2383/2383
f 694/2381/2381 696/2383/2383 695/2384/2384
f 676/2385/2385 697/2386/2386 698/2387/2387
f 676/2385/2385 698/2387/2387 699/2388/2388
f 678/2389/2389 700/2390/2390 701/2391/2391
f 678/2389/2389 701/2391/2391 702/2392/2392
f 676/2393/2393 678/2394/2394 702/2395/2395
f 676/2393/2393 702/2395/2395 697/2396/2396
f 699/2397/2397 698/2398/2398 701/2399/2399
f 699/2397/2397 701/2399/2399 700/2400/2400
f 703/2401/2401 704/2402/2402 705/2403/2403
f 703/2401/2401 705/2403/2403 706/2404/2404
f 702/2405/2405 701/2406/2406 707/2407/2407
f 702/2405/2405 707/2407/2407 708/2408/2408
f 703/2409/2409 702/2410/2410 708/2411/2411
f 703/2409/2409 708/2411/2411 704/2412/2412
f 706/2413/2413 705/2414/2414 707/2415/2415
f 706/2413/2413 707/2415/2415 701/2416/2416
f 709/2417/2417 675/2418/2418 710/2419/2419
f 709/2417/2417 710/2419/2419 711/2420/2420
f 708/2421/2421 707/2422/2422 712/2423/2423
f 708/2421/2421 712/2423/2423 679/2424/2424
f 709/2425/2425 708/2426/2426 679/2427/2427
f 709/2425/2425 679/2427/2427 675/2428/2428
f 711/2429/2429 710/2430/2430 712/2431/2431
f 711/2429/2429 712/2431/2431 707/2432/2432
f 713/2433/2433 714/2434/2434 715/2435/2435
f 713/2433/2433 715/2435/2435 716/2436/2436
f 717/2437/2437 718/2438/2438 719/2439/2439
f 717/2437/2437 719/2439/2439 720/2440/2440
f 713/2441/2441 717/2442/2442 720/2443/2443
f 713/2441/2441 720/2443/2443 714/2444/2444
f 716/2445/2445 715/2446/2446 719/2447/2447
f 716/2445/2445 719/2447/2447 718/2448/2448
f 721/2449/2449 710/2450/2450 714/2451/2451
f 721/2449/2449 714/2451/2451 722/2452/2452
f 723/2453/2453 724/2454/2454 720/2455/2455
f 723/2453/2453 720/2455/2455 712/2456/2456
f 721/2457/2457 723/2458/2458 712/2459/2459
f 721/2457/2457 712/2459/2459 710/2460/2460
f 722/2461/2461 714/2462/2462 720/2463/2463
f 722/2461/2461 720/2463/2463 724/2464/2464
f 721/2465/2465 722/2466/2466 724/2467/2467
f 721/2465/2465 724/2467/2467 723/2468/2468
f 725/2469/2469 726/2470/2470 727/2471/2471
f 725/2469/2469 727/2471/2471 728/2472/2472
f 729/2473/2473 730/2474/2474 731/2475/2475
f 729/2473/2473 731/2475/2475 732/2476/2476
f 725/2477/2477 729/2478/2478 732/2479/2479
f 725/2477/2477 732/2479/2479 726/2480/2480
f 728/2481/2481 727/2482/2482 731/2483/2483
f 728/2481/2481 731/2483/2483 730/2484/2484
f 725/2485/2485 728/2486/2486 730/2487/2487
f 725/2485/2485 730/2487/2487 729/2488/2488
f 726/2489/2489 732/2490/2490 731/2491/2491
f 726/2489/2489 731/2491/2491 727/2492/2492
f 694/2493/2493 693/2494/2494 526/2495/2495
f 694/2493/2493 526/2495/2495 331/2496/2496
f 695/2497/2497 733/2498/2498 734/2499/2499
f 695/2497/2497 734/2499/2499 696/2500/2500
f 694/2501/2501 695/2502/2502 696/2503/2503
f 694/2501/2501 696/2503/2503 693/2504/2504
f 331/2505/2505 526/2506/2506 734/2507/2507
f 331/2505/2505 734/2507/2507 733/2508/2508
f 716/2509/2509 735/2510/2510 736/2511/2511
f 716/2509/2509 736/2511/2511 737/2512/2512
f 718/2513/2513 738/2514/2514 739/2515/2515
f 718/2513/2513 739/2515/2515 740/2516/2516
f 716/2517/2517 718/2518/2518 740/2519/2519
f 716/2517/2517 740/2519/2519 735/2520/2520
f 737/2521/2521 736/2522/2522 739/2523/2523
f 737/2521/2521 739/2523/2523 738/2524/2524
f 741/2525/2525 742/2526/2526 743/2527/2527
f 741/2525/2525 743/2527/2527 744/2528/2528
f 740/2529/2529 739/2530/2530 745/2531/2531
f 740/2529/2529 745/2531/2531 746/2532/2532
f 741/2533/2533 740/2534/2534 746/2535/2535
f 741/2533/2533 746/2535/2535 742/2536/2536
f 744/2537/2537 743/2538/2538 745/2539/2539
f 744/2537/2537 745/2539/2539 739/2540/2540
f 747/2541/2541 715/2542/2542 748/2543/2543
f 747/2541/2541 748/2543/2543 749/2544/2544
f 746/2545/2545 745/2546/2546 750/2547/2547
f 746/2545/2545 750/2547/2547 719/2548/2548
f 747/2549/2549 746/2550/2550 719/2551/2551
f 747/2549/2549 719/2551/2551 715/2552/2552
f 749/2553/2553 748/2554/2554 750/2555/2555
f 749/2553/2553 750/2555/2555 745/2556/2556
f 751/2557/2557 752/2558/2558 753/2559/2559
f 751/2557/2557 753/2559/2559 754/2560/2560
f 755/2561/2561 528/2562/2562 529/2563/2563
f 755/2561/2561 529/2563/2563 756/2564/2564
f 751/2565/2565 755/2566/2566 756/2567/2567
f 751/2565/2565 756/2567/2567 752/2568/2568
f 754/2569/2569 753/2570/2570 529/2571/2571
f 754/2569/2569 529/2571/2571 528/2572/2572
f 757/2573/2573 748/2574/2574 752/2575/2575
f 757/2573/2573 752/2575/2575 758/2576/2576
f 759/2577/2577 760/2578/2578 756/2579/2579
f 759/2577/2577 756/2579/2579 750/2580/2580
f 757/2581/2581 759/2582/2582 750/2583/2583
f 757/2581/2581 750/2583/2583 748/2584/2584
f 758/2585/2585 752/2586/2586 756/2587/2587
f 758/2585/2585 756/2587/2587 760/2588/2588
f 757/2589/2589 758/2590/2590 760/2591/2591
f 757/2589/2589 760/2591/2591 759/2592/2592
f 761/2593/2593 762/2594/2594 530/2595/2595
f 761/2593/2593 530/2595/2595 763/2596/2596
f 764/2597/2597 765/2598/2598 766/2599/2599
f 764/2597/2597 766/2599/2599 767/2600/2600
f 761/2601/2601 764/2602/2602 767/2603/2603
f 761/2601/2601 767/2603/2603 762/2604/2604
f 763/2605/2605 530/2606/2606 766/2607/2607
f 763/2605/2605 766/2607/2607 765/2608/2608
f 761/2609/2609 763/2610/2610 765/2611/2611
f 761/2609/2609 765/2611/2611 764/2612/2612
f 762/2613/2613 767/2614/2614 766/2615/2615
f 762/2613/2613 766/2615/2615 530/2616/2616
f 517/2617/2617 768/2618/2618 769/2619/2619
f 517/2617/2617 769/2619/2619 770/2620/2620
f 771/2621/2621 772/2622/2622 773/2623/2623
f 771/2621/2621 773/2623/2623 774/2624/2624
f 517/2625/2625 771/2626/2626 774/2627/2627
f 517/2625/2625 774/2627/2627 768/2628/2628
f 517/2629/2629 770/2630/2630 772/2631/2631
f 517/2629/2629 772/2631/2631 771/2632/2632
f 768/2633/2633 774/2634/2634 773/2635/2635
f 768/2633/2633 773/2635/2635 769/2636/2636
f 770/2637/2637 769/2638/2638 775/2639/2639
f 770/2637/2637 775/2639/2639 776/2640/2640
f 772/2641/2641 777/2642/2642 778/2643/2643
f 772/2641/2641 778/2643/2643 773/2644/2644
f 770/2645/2645 776/2646/2646 777/2647/2647
f 770/2645/2645 777/2647/2647 772/2648/2648
f 769/2649/2649 773/2650/2650 778/2651/2651
f 769/2649/2649 778/2651/2651 775/2652/2652
f 776/2653/2653 775/2654/2654 779/2655/2655
f 776/2653/2653 779/2655/2655 780/2656/2656
f 777/2657/2657 781/2658/2658 782/2659/2659
f 777/2657/2657 782/2659/2659 778/2660/2660
f 776/2661/2661 780/2662/2662 781/2663/2663
f 776/2661/2661 781/2663/2663 777/2664/2664
f 775/2665/2665 778/2666/2666 782/2667/2667
f 775/2665/2665 782/2667/2667 779/2668/2668
f 780/2669/2669 779/2670/2670 783/2671/2671
f 780/2669/2669 783/2671/2671 784/2672/2672
f 781/2673/2673 785/2674/2674 786/2675/2675
f 781/2673/2673 786/2675/2675 782/2676/2676
f 784/2677/2677 783/2678/2678 786/2679/2679
f 784/2677/2677 786/2679/2679 785/2680/2680
f 780/2681/2681 784/2682/2682 785/2683/2683
f 780/2681/2681 785/2683/2683 781/2684/2684
f 779/2685/2685 782/2686/2686 786/2687/2687
f 779/2685/2685 786/2687/2687 783/2688/2688
f 787/2689/2689 788/2690/2690 789/2691/2691
f 787/2689/2689 789/2691/2691 790/2692/2692
f 791/2693/2693 792/2694/2694 793/2695/2695
f 791/2693/2693 793/2695/2695 794/2696/2696
f 787/2697/2697 791/2698/2698 794/2699/2699
f 787/2697/2697 794/2699/2699 788/2700/2700
f 787/2701/2701 790/2702/2702 792/2703/2703
f 787/2701/2701 792/2703/2703 791/2704/2704
f 788/2705/2705 794/2706/2706 793/2707/2707
f 788/2705/2705 793/2707/2707 789/2708/2708
f 790/2709/2709 789/2710/2710 795/2711/2711
f 790/2709/2709 795/2711/2711 796/2712/2712
f 792/2713/2713 797/2714/2714 798/2715/2715
f 792/2713/2713 798/2715/2715 793/2716/2716
f 790/2717/2717 796/2718/2718 797/2719/2719
f 790/2717/2717 797/2719/2719 792/2720/2720
f 789/2721/2721 793/2722/2722 798/2723/2723
f 789/2721/2721 798/2723/2723 795/2724/2724
f 796/2725/2725 795/2726/2726 799/2727/2727
f 796/2725/2725 799/2727/2727 800/2728/2728
f 797/2729/2729 801/2730/2730 802/2731/2731
f 797/2729/2729 802/2731/2731 798/2732/2732
f 796/2733/2733 800/2734/2734 801/2735/2735
f 796/2733/2733 801/2735/2735 797/2736/2736
f 795/2737/2737 798/2738/2738 802/2739/2739
f 795/2737/2737 802/2739/2739 799/2740/2740
f 800/2741/2741 799/2742/2742 803/2743/2743
f 800/2741/2741 803/2743/2743 526/2744/2744
f 801/2745/2745 804/2746/2746 805/2747/2747
f 801/2745/2745 805/2747/2747 802/2748/2748
f 526/2749/2749 803/2750/2750 805/2751/2751
f 526/2749/2749 805/2751/2751 804/2752/2752
f 800/2753/2753 526/2754/2754 804/2755/2755
f 800/2753/2753 804/2755/2755 801/2756/2756
f 799/2757/2757 802/2758/2758 805/2759/2759
f 799/2757/2757 805/2759/2759 803/2760/2760
f 784/2761/2761 783/2762/2762 806/2763/2763
f 784/2761/2761 806/2763/2763 614/2764/2764
f 807/2765/2765 808/2766/2766 809/2767/2767
f 807/2765/2765 809/2767/2767 810/2768/2768
f 784/2769/2769 807/2770/2770 810/2771/2771
f 784/2769/2769 810/2771/2771 783/2772/2772
f 784/2773/2773 614/2774/2774 808/2775/2775
f 784/2773/2773 808/2775/2775 807/2776/2776
f 783/2777/2777 810/2778/2778 809/2779/2779
f 783/2777/2777 809/2779/2779 806/2780/2780
f 614/2781/2781 806/2782/2782 788/2783/2783
f 614/2781/2781 788/2783/2783 787/2784/2784
f 808/2785/2785 811/2786/2786 812/2787/2787
f 808/2785/2785 812/2787/2787 809/2788/2788
f 787/2789/2789 788/2790/2790 812/2791/2791
f 787/2789/2789 812/2791/2791 811/2792/2792
f 614/2793/2793 787/2794/2794 811/2795/2795
f 614/2793/2793 811/2795/2795 808/2796/2796
f 806/2797/2797 809/2798/2798 812/2799/2799
f 806/2797/2797 812/2799/2799 788/2800/2800
f 813/2801/2801 814/2802/2802 815/2803/2803
f 813/2801/2801 815/2803/2803 816/2804/2804
f 785/2805/2805 817/2806/2806 818/2807/2807
f 785/2805/2805 818/2807/2807 786/2808/2808
f 813/2809/2809 785/2810/2810 786/2811/2811
f 813/2809/2809 786/2811/2811 814/2812/2812
f 813/2813/2813 816/2814/2814 817/2815/2815
f 813/2813/2813 817/2815/2815 785/2816/2816
f 814/2817/2817 786/2818/2818 818/2819/2819
f 814/2817/2817 818/2819/2819 815/2820/2820
f 816/2821/2821 815/2822/2822 819/2823/2823
f 816/2821/2821 819/2823/2823 820/2824/2824
f 817/2825/2825 791/2826/2826 794/2827/2827
f 817/2825/2825 794/2827/2827 818/2828/2828
f 820/2829/2829 819/2830/2830 794/2831/2831
f 820/2829/2829 794/2831/2831 791/2832/2832
f 816/2833/2833 820/2834/2834 791/2835/2835
f 816/2833/2833 791/2835/2835 817/2836/2836
f 815/2837/2837 818/2838/2838 794/2839/2839
f 815/2837/2837 794/2839/2839 819/2840/2840
f 821/2841/2841 822/2842/2842 823/2843/2843
f 821/2841/2841 823/2843/2843 824/2844/2844
f 825/2845/2845 826/2846/2846 827/2847/2847
f 825/2845/2845 827/2847/2847 828/2848/2848
f 821/2849/2849 825/2850/2850 828/2851/2851
f 821/2849/2849 828/2851/2851 822/2852/2852
f 824/2853/2853 823/2854/2854 827/2855/2855
f 824/2853/2853 827/2855/2855 826/2856/2856
f 821/2857/2857 824/2858/2858 826/2859/2859
f 821/2857/2857 826/2859/2859 825/2860/2860
f 822/2861/2861 828/2862/2862 827/2863/2863
f 822/2861/2861 827/2863/2863 823/2864/2864
f 338/2865/2865 822/2866/2866 829/2867/2867
f 338/2865/2865 829/2867/2867 830/2868/2868
f 342/2869/2869 831/2870/2870 832/2871/2871
f 342/2869/2869 832/2871/2871 828/2872/2872
f 338/2873/2873 342/2874/2874 828/2875/2875
f 338/2873/2873 828/2875/2875 822/2876/2876
f 830/2877/2877 829/2878/2878 832/2879/2879
f 830/2877/2877 832/2879/2879 831/2880/2880
f 338/2881/2881 830/2882/2882 831/2883/2883
f 338/2881/2881 831/2883/2883 342/2884/2884
f 822/2885/2885 828/2886/2886 832/2887/2887
f 822/2885/2885 832/2887/2887 829/2888/2888
f 833/2889/2889 834/2890/2890 835/2891/2891
f 833/2889/2889 835/2891/2891 836/2892/2892
f 837/2893/2893 838/2894/2894 839/2895/2895
f 837/2893/2893 839/2895/2895 840/2896/2896
f 833/2897/2897 837/2898/2898 840/2899/2899
f 833/2897/2897 840/2899/2899 834/2900/2900
f 836/2901/2901 835/2902/2902 839/2903/2903
f 836/2901/2901 839/2903/2903 838/2904/2904
f 833/2905/2905 836/2906/2906 838/2907/2907
f 833/2905/2905 838/2907/2907 837/2908/2908
f 834/2909/2909 840/2910/2910 839/2911/2911
f 834/2909/2909 839/2911/2911 835/2912/2912
f 823/2913/2913 834/2914/2914 841/2915/2915
f 823/2913/2913 841/2915/2915 842/2916/2916
f 827/2917/2917 843/2918/2918 844/2919/2919
f 827/2917/2917 844/2919/2919 840/2920/2920
f 823/2921/2921 827/2922/2922 840/2923/2923
f 823/2921/2921 840/2923/2923 834/2924/2924
f 842/2925/2925 841/2926/2926 844/2927/2927
f 842/2925/2925 844/2927/2927 843/2928/2928
f 823/2929/2929 842/2930/2930 843/2931/2931
f 823/2929/2929 843/2931/2931 827/2932/2932
f 834/2933/2933 840/2934/2934 844/2935/2935
f 834/2933/2933 844/2935/2935 841/2936/2936
f 845/2937/2937 846/2938/2938 847/2939/2939
f 845/2937/2937 847/2939/2939 848/2940/2940
f 849/2941/2941 850/2942/2942 851/2943/2943
f 849/2941/2941 851/2943/2943 852/2944/2944
f 845/2945/2945 849/2946/2946 852/2947/2947
f 845/2945/2945 852/2947/2947 846/2948/2948
f 848/2949/2949 847/2950/2950 851/2951/2951
f 848/2949/2949 851/2951/2951 850/2952/2952
f 845/2953/2953 848/2954/2954 850/2955/2955
f 845/2953/2953 850/2955/2955 849/2956/2956
f 846/2957/2957 852/2958/2958 851/2959/2959
f 846/2957/2957 851/2959/2959 847/2960/2960
f 835/2961/2961 846/2962/2962 853/2963/2963
f 835/2961/2961 853/2963/2963 854/2964/2964
f 839/2965/2965 855/2966/2966 856/2967/2967
f 839/2965/2965 856/2967/2967 852/2968/2968
f 835/2969/2969 839/2970/2970 852/2971/2971
f 835/2969/2969 852/2971/2971 846/2972/2972
f 854/2973/2973 853/2974/2974 856/2975/2975
f 854/2973/2973 856/2975/2975 855/2976/2976
f 835/2977/2977 854/2978/2978 855/2979/2979
f 835/2977/2977 855/2979/2979 839/2980/2980
f 846/2981/2981 852/2982/2982 856/2983/2983
f 846/2981/2981 856/2983/2983 853/2984/2984
f 857/2985/2985 858/2986/2986 859/2987/2987
f 857/2985/2985 859/2987/2987 860/2988/2988
f 861/2989/2989 862/2990/2990 863/2991/2991
f 861/2989/2989 863/2991/2991 864/2992/2992
f 857/2993/2993 861/2994/2994 864/2995/2995
f 857/2993/2993 864/2995/2995 858/2996/2996
f 860/2997/2997 859/2998/2998 863/2999/2999
f 860/2997/2997 863/2999/2999 862/3000/3000
f 857/3001/3001 860/3002/3002 862/3003/3003
f 857/3001/3001 862/3003/3003 861/3004/3004
f 858/3005/3005 864/3006/3006 863/3007/3007
f 858/3005/3005 863/3007/3007 859/3008/3008
f 847/3009/3009 858/3010/3010 865/3011/3011
f 847/3009/3009 865/3011/3011 866/3012/3012
f 851/3013/3013 867/3014/3014 868/3015/3015
f 851/3013/3013 868/3015/3015 864/3016/3016
f 847/3017/3017 851/3018/3018 864/3019/3019
f 847/3017/3017 864/3019/3019 858/3020/3020
f 866/3021/3021 865/3022/3022 868/3023/3023
f 866/3021/3021 868/3023/3023 867/3024/3024
f 847/3025/3025 866/3026/3026 867/3027/3027
f 847/3025/3025 867/3027/3027 851/3028/3028
f 858/3029/3029 864/3030/3030 868/3031/3031
f 858/3029/3029 868/3031/3031 865/3032/3032
f 869/3033/3033 870/3034/3034 871/3035/3035
f 869/3033/3033 871/3035/3035 872/3036/3036
f 873/3037/3037 874/3038/3038 875/3039/3039
f 873/3037/3037 875/3039/3039 876/3040/3040
f 869/3041/3041 873/3042/3042 876/3043/3043
f 869/3041/3041 876/3043/3043 870/3044/3044
f 872/3045/3045 871/3046/3046 875/3047/3047
f 872/3045/3045 875/3047/3047 874/3048/3048
f 869/3049/3049 872/3050/3050 874/3051/3051
f 869/3049/3049 874/3051/3051 873/3052/3052
f 870/3053/3053 876/3054/3054 875/3055/3055
f 870/3053/3053 875/3055/3055 871/3056/3056
f 859/3057/3057 870/3058/3058 877/3059/3059
f 859/3057/3057 877/3059/3059 878/3060/3060
f 863/3061/3061 879/3062/3062 880/3063/3063
f 863/3061/3061 880/3063/3063 876/3064/3064
f 859/3065/3065 863/3066/3066 876/3067/3067
f 859/3065/3065 876/3067/3067 870/3068/3068
f 878/3069/3069 877/3070/3070 880/3071/3071
f 878/3069/3069 880/3071/3071 879/3072/3072
f 859/3073/3073 878/3074/3074 879/3075/3075
f 859/3073/3073 879/3075/3075 863/3076/3076
f 870/3077/3077 876/3078/3078 880/3079/3079
f 870/3077/3077 880/3079/3079 877/3080/3080
f 881/3081/3081 882/3082/3082 883/3083/3083
f 881/3081/3081 883/3083/3083 884/3084/3084
f 885/3085/3085 886/3086/3086 887/3087/3087
f 885/3085/3085 887/3087/3087 888/3088/3088
f 881/3089/3089 885/3090/3090 888/3091/3091
f 881/3089/3089 888/3091/3091 882/3092/3092
f 884/3093/3093 883/3094/3094 887/3095/3095
f 884/3093/3093 887/3095/3095 886/3096/3096
f 881/3097/3097 884/3098/3098 886/3099/3099
f 881/3097/3097 886/3099/3099 885/3100/3100
f 882/3101/3101 888/3102/3102 887/3103/3103
f 882/3101/3101 887/3103/3103 883/3104/3104
f 871/3105/3105 882/3106/3106 889/3107/3107
f 871/3105/3105 889/3107/3107 890/3108/3108
f 875/3109/3109 891/3110/3110 892/3111/3111
f 875/3109/3109 892/3111/3111 888/3112/3112
f 871/3113/3113 875/3114/3114 888/3115/3115
f 871/3113/3113 888/3115/3115 882/3116/3116
f 890/3117/3117 889/3118/3118 892/3119/3119
f 890/3117/3117 892/3119/3119 891/3120/3120
f 871/3121/3121 890/3122/3122 891/3123/3123
f 871/3121/3121 891/3123/3123 875/3124/3124
f 882/3125/3125 888/3126/3126 892/3127/3127
f 882/3125/3125 892/3127/3127 889/3128/3128
f 893/3129/3129 894/3130/3130 895/3131/3131
f 893/3129/3129 895/3131/3131 896/3132/3132
f 897/3133/3133 898/3134/3134 899/3135/3135
f 897/3133/3133 899/3135/3135 900/3136/3136
f 893/3137/3137 897/3138/3138 900/3139/3139
f 893/3137/3137 900/3139/3139 894/3140/3140
f 896/3141/3141 895/3142/3142 899/3143/3143
f 896/3141/3141 899/3143/3143 898/3144/3144
f 893/3145/3145 896/3146/3146 898/3147/3147
f 893/3145/3145 898/3147/3147 897/3148/3148
f 894/3149/3149 900/3150/3150 899/3151/3151
f 894/3149/3149 899/3151/3151 895/3152/3152
f 883/3153/3153 894/3154/3154 901/3155/3155
f 883/3153/3153 901/3155/3155 902/3156/3156
f 887/3157/3157 903/3158/3158 904/3159/3159
f 887/3157/3157 904/3159/3159 900/3160/3160
f 883/3161/3161 887/3162/3162 900/3163/3163
f 883/3161/3161 900/3163/3163 894/3164/3164
f 902/3165/3165 901/3166/3166 904/3167/3167
f 902/3165/3165 904/3167/3167 903/3168/3168
f 883/3169/3169 902/3170/3170 903/3171/3171
f 883/3169/3169 903/3171/3171 887/3172/3172
f 894/3173/3173 900/3174/3174 904/3175/3175
f 894/3173/3173 904/3175/3175 901/3176/3176
f 905/3177/3177 906/3178/3178 907/3179/3179
f 905/3177/3177 907/3179/3179 908/3180/3180
f 909/3181/3181 910/3182/3182 911/3183/3183
f 909/3181/3181 911/3183/3183 912/3184/3184
f 905/3185/3185 909/3186/3186 912/3187/3187
f 905/3185/3185 912/3187/3187 906/3188/3188
f 908/3189/3189 907/3190/3190 911/3191/3191
f 908/3189/3189 911/3191/3191 910/3192/3192
f 905/3193/3193 908/3194/3194 910/3195/3195
f 905/3193/3193 910/3195/3195 909/3196/3196
f 906/3197/3197 912/3198/3198 911/3199/3199
f 906/3197/3197 911/3199/3199 907/3200/3200
f 895/3201/3201 906/3202/3202 913/3203/3203
f 895/3201/3201 913/3203/3203 914/3204/3204
f 899/3205/3205 915/3206/3206 916/3207/3207
f 899/3205/3205 916/3207/3207 912/3208/3208
f 895/3209/3209 899/3210/3210 912/3211/3211
f 895/3209/3209 912/3211/3211 906/3212/3212
f 914/3213/3213 913/3214/3214 916/3215/3215
f 914/3213/3213 916/3215/3215 915/3216/3216
f 895/3217/3217 914/3218/3218 915/3219/3219
f 895/3217/3217 915/3219/3219 899/3220/3220
f 906/3221/3221 912/3222/3222 916/3223/3223
f 906/3221/3221 916/3223/3223 913/3224/3224
f 917/3225/3225 918/3226/3226 919/3227/3227
f 917/3225/3225 919/3227/3227 920/3228/3228
f 921/3229/3229 922/3230/3230 923/3231/3231
f 921/3229/3229 923/3231/3231 924/3232/3232
f 917/3233/3233 921/3234/3234 924/3235/3235
f 917/3233/3233 924/3235/3235 918/3236/3236
f 920/3237/3237 919/3238/3238 923/3239/3239
f 920/3237/3237 923/3239/3239 922/3240/3240
f 917/3241/3241 920/3242/3242 922/3243/3243
f 917/3241/3241 922/3243/3243 921/3244/3244
f 918/3245/3245 924/3246/3246 923/3247/3247
f 918/3245/3245 923/3247/3247 919/3248/3248
f 907/3249/3249 918/3250/3250 925/3251/3251
f 907/3249/3249 925/3251/3251 926/3252/3252
f 911/3253/3253 927/3254/3254 928/3255/3255
f 911/3253/3253 928/3255/3255 924/3256/3256
f 907/3257/3257 911/3258/3258 924/3259/3259
f 907/3257/3257 924/3259/3259 918/3260/3260
f 926/3261/3261 925/3262/3262 928/3263/3263
f 926/3261/3261 928/3263/3263 927/3264/3264
f 907/3265/3265 926/3266/3266 927/3267/3267
f 907/3265/3265 927/3267/3267 911/3268/3268
f 918/3269/3269 924/3270/3270 928/3271/3271
f 918/3269/3269 928/3271/3271 925/3272/3272
f 929/3273/3273 930/3274/3274 931/3275/3275
f 929/3273/3273 931/3275/3275 932/3276/3276
f 933/3277/3277 934/3278/3278 935/3279/3279
f 933/3277/3277 935/3279/3279 936/3280/3280
f 929/3281/3281 933/3282/3282 936/3283/3283
f 929/3281/3281 936/3283/3283 930/3284/3284
f 932/3285/3285 931/3286/3286 935/3287/3287
f 932/3285/3285 935/3287/3287 934/3288/3288
f 929/3289/3289 932/3290/3290 934/3291/3291
f 929/3289/3289 934/3291/3291 933/3292/3292
f 930/3293/3293 936/3294/3294 935/3295/3295
f 930/3293/3293 935/3295/3295 931/3296/3296
f 919/3297/3297 930/3298/3298 937/3299/3299
f 919/3297/3297 937/3299/3299 938/3300/3300
f 923/3301/3301 939/3302/3302 940/3303/3303
f 923/3301/3301 940/3303/3303 936/3304/3304
f 919/3305/3305 923/3306/3306 936/3307/3307
f 919/3305/3305 936/3307/3307 930/3308/3308
f 938/3309/3309 937/3310/3310 940/3311/3311
f 938/3309/3309 940/3311/3311 939/3312/3312
f 919/3313/3313 938/3314/3314 939/3315/3315
f 919/3313/3313 939/3315/3315 923/3316/3316
f 930/3317/3317 936/3318/3318 940/3319/3319
f 930/3317/3317 940/3319/3319 937/3320/3320
f 941/3321/3321 942/3322/3322 943/3323/3323
f 941/3321/3321 943/3323/3323 944/3324/3324
f 945/3325/3325 946/3326/3326 947/3327/3327
f 945/3325/3325 947/3327/3327 948/3328/3328
f 941/3329/3329 945/3330/3330 948/3331/3331
f 941/3329/3329 948/3331/3331 942/3332/3332
f 944/3333/3333 943/3334/3334 947/3335/3335
f 944/3333/3333 947/3335/3335 946/3336/3336
f 941/3337/3337 944/3338/3338 946/3339/3339
f 941/3337/3337 946/3339/3339 945/3340/3340
f 942/3341/3341 948/3342/3342 947/3343/3343
f 942/3341/3341 947/3343/3343 943/3344/3344
f 931/3345/3345 942/3346/3346 949/3347/3347
f 931/3345/3345 949/3347/3347 950/3348/3348
f 935/3349/3349 951/3350/3350 952/3351/3351
f 935/3349/3349 952/3351/3351 948/3352/3352
f 931/3353/3353 935/3354/3354 948/3355/3355
f 931/3353/3353 948/3355/3355 942/3356/3356
f 950/3357/3357 949/3358/3358 952/3359/3359
f 950/3357/3357 952/3359/3359 951/3360/3360
f 931/3361/3361 950/3362/3362 951/3363/3363
f 931/3361/3361 951/3363/3363 935/3364/3364
f 942/3365/3365 948/3366/3366 952/3367/3367
f 942/3365/3365 952/3367/3367 949/3368/3368
f 953/3369/3369 954/3370/3370 955/3371/3371
f 953/3369/3369 955/3371/3371 956/3372/3372
f 957/3373/3373 958/3374/3374 959/3375/3375
f 957/3373/3373 959/3375/3375 960/3376/3376
f 953/3377/3377 957/3378/3378 960/3379/3379
f 953/3377/3377 960/3379/3379 954/3380/3380
f 956/3381/3381 955/3382/3382 959/3383/3383
f 956/3381/3381 959/3383/3383 958/3384/3384
f 953/3385/3385 956/3386/3386 958/3387/3387
f 953/3385/3385 958/3387/3387 957/3388/3388
f 954/3389/3389 960/3390/3390 959/3391/3391
f 954/3389/3389 959/3391/3391 955/3392/3392
f 943/3393/3393 954/3394/3394 961/3395/3395
f 943/3393/3393 961/3395/3395 962/3396/3396
f 947/3397/3397 963/3398/3398 964/3399/3399
f 947/3397/3397 964/3399/3399 960/3400/3400
f 943/3401/3401 947/3402/3402 960/3403/3403
f 943/3401/3401 960/3403/3403 954/3404/3404
f 962/3405/3405 961/3406/3406 964/3407/3407
f 962/3405/3405 964/3407/3407 963/3408/3408
f 943/3409/3409 962/3410/3410 963/3411/3411
f 943/3409/3409 963/3411/3411 947/3412/3412
f 954/3413/3413 960/3414/3414 964/3415/3415
f 954/3413/3413 964/3415/3415 961/3416/3416
f 965/3417/3417 966/3418/3418 967/3419/3419
f 965/3417/3417 967/3419/3419 968/3420/3420
f 969/3421/3421 970/3422/3422 971/3423/3423
f 969/3421/3421 971/3423/3423 972/3424/3424
f 965/3425/3425 969/3426/3426 972/3427/3427
f 965/3425/3425 972/3427/3427 966/3428/3428
f 968/3429/3429 967/3430/3430 971/3431/3431
f 968/3429/3429 971/3431/3431 970/3432/3432
f 965/3433/3433 968/3434/3434 970/3435/3435
f 965/3433/3433 970/3435/3435 969/3436/3436
f 966/3437/3437 972/3438/3438 971/3439/3439
f 966/3437/3437 971/3439/3439 967/3440/3440
f 955/3441/3441 966/3442/3442 973/3443/3443
f 955/3441/3441 973/3443/3443 974/3444/3444
f 959/3445/3445 975/3446/3446 976/3447/3447
f 959/3445/3445 976/3447/3447 972/3448/3448
f 955/3449/3449 959/3450/3450 972/3451/3451
f 955/3449/3449 972/3451/3451 966/3452/3452
f 974/3453/3453 973/3454/3454 976/3455/3455
f 974/3453/3453 976/3455/3455 975/3456/3456
f 955/3457/3457 974/3458/3458 975/3459/3459
f 955/3457/3457 975/3459/3459 959/3460/3460
f 966/3461/3461 972/3462/3462 976/3463/3463
f 966/3461/3461 976/3463/3463 973/3464/3464
f 977/3465/3465 978/3466/3466 979/3467/3467
f 977/3465/3465 979/3467/3467 980/3468/3468
f 981/3469/3469 982/3470/3470 983/3471/3471
f 981/3469/3469 983/3471/3471 984/3472/3472
f 977/3473/3473 981/3474/3474 984/3475/3475
f 977/3473/3473 984/3475/3475 978/3476/3476
f 980/3477/3477 979/3478/3478 983/3479/3479
f 980/3477/3477 983/3479/3479 982/3480/3480
f 977/3481/3481 980/3482/3482 982/3483/3483
f 977/3481/3481 982/3483/3483 981/3484/3484
f 978/3485/3485 984/3486/3486 983/3487/3487
f 978/3485/3485 983/3487/3487 979/3488/3488
f 967/3489/3489 978/3490/3490 985/3491/3491
f 967/3489/3489 985/3491/3491 986/3492/3492
f 971/3493/3493 987/3494/3494 988/3495/3495
f 971/3493/3493 988/3495/3495 984/3496/3496
f 967/3497/3497 971/3498/3498 984/3499/3499
f 967/3497/3497 984/3499/3499 978/3500/3500
f 986/3501/3501 985/3502/3502 988/3503/3503
f 986/3501/3501 988/3503/3503 987/3504/3504
f 967/3505/3505 986/3506/3506 987/3507/3507
f 967/3505/3505 987/3507/3507 971/3508/3508
f 978/3509/3509 984/3510/3510 988/3511/3511
f 978/3509/3509 988/3511/3511 985/3512/3512
f 989/3513/3513 990/3514/3514 812/3515/3515
f 989/3513/3513 812/3515/3515 991/3516/3516
f 992/3517/3517 993/3518/3518 819/3519/3519
f 992/3517/3517 819/3519/3519 994/3520/3520
f 989/3521/3521 992/3522/3522 994/3523/3523
f 989/3521/3521 994/3523/3523 990/3524/3524
f 991/3525/3525 812/3526/3526 819/3527/3527
f 991/3525/3525 819/3527/3527 993/3528/3528
f 989/3529/3529 991/3530/3530 993/3531/3531
f 989/3529/3529 993/3531/3531 992/3532/3532
f 990/3533/3533 994/3534/3534 819/3535/3535
f 990/3533/3533 819/3535/3535 812/3536/3536
f 979/3537/3537 990/3538/3538 995/3539/3539
f 979/3537/3537 995/3539/3539 996/3540/3540
f 983/3541/3541 997/3542/3542 998/3543/3543
f 983/3541/3541 998/3543/3543 994/3544/3544
f 979/3545/3545 983/3546/3546 994/3547/3547
f 979/3545/3545 994/3547/3547 990/3548/3548
f 996/3549/3549 995/3550/3550 998/3551/3551
f 996/3549/3549 998/3551/3551 997/3552/3552
f 979/3553/3553 996/3554/3554 997/3555/3555
f 979/3553/3553 997/3555/3555 983/3556/3556
f 990/3557/3557 994/3558/3558 998/3559/3559
f 990/3557/3557 998/3559/3559 995/3560/3560
f 768/3561/3561 999/3562/3562 1000/3563/3563
f 768/3561/3561 1000/3563/3563 1001/3564/3564
f 1002/3565/3565 1003/3566/3566 1004/3567/3567
f 1002/3565/3565 1004/3567/3567 1005/3568/3568
f 768/3569/3569 1002/3570/3570 1005/3571/3571
f 768/3569/3569 1005/3571/3571 999/3572/3572
f 1001/3573/3573 1000/3574/3574 1004/3575/3575
f 1001/3573/3573 1004/3575/3575 1003/3576/3576
f 1006/3577/3577 1007/3578/3578 1008/3579/3579
f 1006/3577/3577 1008/3579/3579 803/3580/3580
f 1009/3581/3581 1010/3582/3582 1011/3583/3583
f 1009/3581/3581 1011/3583/3583 1012/3584/3584
f 1006/3585/3585 1009/3586/3586 1012/3587/3587
f 1006/3585/3585 1012/3587/3587 1007/3588/3588
f 803/3589/3589 1008/3590/3590 1011/3591/3591
f 803/3589/3589 1011/3591/3591 1010/3592/3592
f 768/3593/3593 999/3594/3594 1013/3595/3595
f 768/3593/3593 1013/3595/3595 1014/3596/3596
f 1015/3597/3597 1016/3598/3598 1017/3599/3599
f 1015/3597/3597 1017/3599/3599 1018/3600/3600
f 768/3601/3601 1015/3602/3602 1018/3603/3603
f 768/3601/3601 1018/3603/3603 999/3604/3604
f 1014/3605/3605 1013/3606/3606 1017/3607/3607
f 1014/3605/3605 1017/3607/3607 1016/3608/3608
f 999/3609/3609 1019/3610/3610 1020/3611/3611
f 999/3609/3609 1020/3611/3611 1021/3612/3612
f 1005/3613/3613 1022/3614/3614 1023/3615/3615
f 1005/3613/3613 1023/3615/3615 1024/3616/3616
f 999/3617/3617 1005/3618/3618 1024/3619/3619
f 999/3617/3617 1024/3619/3619 1019/3620/3620
f 999/3621/3621 1021/3622/3622 1022/3623/3623
f 999/3621/3621 1022/3623/3623 1005/3624/3624
f 1019/3625/3625 1024/3626/3626 1023/3627/3627
f 1019/3625/3625 1023/3627/3627 1020/3628/3628
f 1021/3629/3629 1020/3630/3630 1025/3631/3631
f 1021/3629/3629 1025/3631/3631 1013/3632/3632
f 1022/3633/3633 1026/3634/3634 1027/3635/3635
f 1022/3633/3633 1027/3635/3635 1023/3636/3636
f 1013/3637/3637 1025/3638/3638 1027/3639/3639
f 1013/3637/3637 1027/3639/3639 1026/3640/3640
f 1021/3641/3641 1013/3642/3642 1026/3643/3643
f 1021/3641/3641 1026/3643/3643 1022/3644/3644
f 1020/3645/3645 1023/3646/3646 1027/3647/3647
f 1020/3645/3645 1027/3647/3647 1025/3648/3648
f 1028/3649/3649 1029/3650/3650 1030/3651/3651
f 1028/3649/3649 1030/3651/3651 1031/3652/3652
f 1002/3653/3653 1032/3654/3654 1033/3655/3655
f 1002/3653/3653 1033/3655/3655 1034/3656/3656
f 1028/3657/3657 1002/3658/3658 1034/3659/3659
f 1028/3657/3657 1034/3659/3659 1029/3660/3660
f 1031/3661/3661 1030/3662/3662 1033/3663/3663
f 1031/3661/3661 1033/3663/3663 1032/3664/3664
f 1035/3665/3665 1036/3666/3666 1037/3667/3667
f 1035/3665/3665 1037/3667/3667 1038/3668/3668
f 1034/3669/3669 1033/3670/3670 1039/3671/3671
f 1034/3669/3669 1039/3671/3671 1040/3672/3672
f 1035/3673/3673 1034/3674/3674 1040/3675/3675
f 1035/3673/3673 1040/3675/3675 1036/3676/3676
f 1038/3677/3677 1037/3678/3678 1039/3679/3679
f 1038/3677/3677 1039/3679/3679 1033/3680/3680
f 1041/3681/3681 1042/3682/3682 1043/3683/3683
f 1041/3681/3681 1043/3683/3683 1044/3684/3684
f 1040/3685/3685 1039/3686/3686 1045/3687/3687
f 1040/3685/3685 1045/3687/3687 1005/3688/3688
f 1041/3689/3689 1040/3690/3690 1005/3691/3691
f 1041/3689/3689 1005/3691/3691 1042/3692/3692
f 1044/3693/3693 1043/3694/3694 1045/3695/3695
f 1044/3693/3693 1045/3695/3695 1039/3696/3696
f 1046/3697/3697 1047/3698/3698 1048/3699/3699
f 1046/3697/3697 1048/3699/3699 1049/3700/3700
f 1050/3701/3701 1051/3702/3702 1026/3703/3703
f 1050/3701/3701 1026/3703/3703 1052/3704/3704
f 1046/3705/3705 1050/3706/3706 1052/3707/3707
f 1046/3705/3705 1052/3707/3707 1047/3708/3708
f 1049/3709/3709 1048/3710/3710 1026/3711/3711
f 1049/3709/3709 1026/3711/3711 1051/3712/3712
f 1053/3713/3713 1043/3714/3714 1047/3715/3715
f 1053/3713/3713 1047/3715/3715 1054/3716/3716
f 1055/3717/3717 1056/3718/3718 1052/3719/3719
f 1055/3717/3717 1052/3719/3719 1045/3720/3720
f 1053/3721/3721 1055/3722/3722 1045/3723/3723
f 1053/3721/3721 1045/3723/3723 1043/3724/3724
f 1054/3725/3725 1047/3726/3726 1052/3727/3727
f 1054/3725/3725 1052/3727/3727 1056/3728/3728
f 1053/3729/3729 1054/3730/3730 1056/3731/3731
f 1053/3729/3729 1056/3731/3731 1055/3732/3732
f 1057/3733/3733 1004/3734/3734 1058/3735/3735
f 1057/3733/3733 1058/3735/3735 1059/3736/3736
f 1060/3737/3737 1061/3738/3738 1062/3739/3739
f 1060/3737/3737 1062/3739/3739 1063/3740/3740
f 1057/3741/3741 1060/3742/3742 1063/3743/3743
f 1057/3741/3741 1063/3743/3743 1004/3744/3744
f 1059/3745/3745 1058/3746/3746 1062/3747/3747
f 1059/3745/3745 1062/3747/3747 1061/3748/3748
f 1057/3749/3749 1059/3750/3750 1061/3751/3751
f 1057/3749/3749 1061/3751/3751 1060/3752/3752
f 1004/3753/3753 1063/3754/3754 1062/3755/3755
f 1004/3753/3753 1062/3755/3755 1058/3756/3756
f 1014/3757/3757 1064/3758/3758 1065/3759/3759
f 1014/3757/3757 1065/3759/3759 1066/3760/3760
f 1016/3761/3761 1067/3762/3762 1068/3763/3763
f 1016/3761/3761 1068/3763/3763 1069/3764/3764
f 1014/3765/3765 1016/3766/3766 1069/3767/3767
f 1014/3765/3765 1069/3767/3767 1064/3768/3768
f 1066/3769/3769 1065/3770/3770 1068/3771/3771
f 1066/3769/3769 1068/3771/3771 1067/3772/3772
f 1064/3773/3773 1070/3774/3774 1071/3775/3775
f 1064/3773/3773 1071/3775/3775 1072/3776/3776
f 1073/3777/3777 1074/3778/3778 1075/3779/3779
f 1073/3777/3777 1075/3779/3779 1076/3780/3780
f 1064/3781/3781 1073/3782/3782 1076/3783/3783
f 1064/3781/3781 1076/3783/3783 1070/3784/3784
f 1064/3785/3785 1072/3786/3786 1074/3787/3787
f 1064/3785/3785 1074/3787/3787 1073/3788/3788
f 1070/3789/3789 1076/3790/3790 1075/3791/3791
f 1070/3789/3789 1075/3791/3791 1071/3792/3792
f 1072/3793/3793 1071/3794/3794 1077/3795/3795
f 1072/3793/3793 1077/3795/3795 1065/3796/3796
f 1074/3797/3797 1078/3798/3798 1079/3799/3799
f 1074/3797/3797 1079/3799/3799 1075/3800/3800
f 1065/3801/3801 1077/3802/3802 1079/3803/3803
f 1065/3801/3801 1079/3803/3803 1078/3804/3804
f 1072/3805/3805 1065/3806/3806 1078/3807/3807
f 1072/3805/3805 1078/3807/3807 1074/3808/3808
f 1071/3809/3809 1075/3810/3810 1079/3811/3811
f 1071/3809/3809 1079/3811/3811 1077/3812/3812
f 1064/3813/3813 1025/3814/3814 1080/3815/3815
f 1064/3813/3813 1080/3815/3815 1081/3816/3816
f 1073/3817/3817 1082/3818/3818 1083/3819/3819
f 1073/3817/3817 1083/3819/3819 1027/3820/3820
f 1064/3821/3821 1073/3822/3822 1027/3823/3823
f 1064/3821/3821 1027/3823/3823 1025/3824/3824
f 1081/3825/3825 1080/3826/3826 1083/3827/3827
f 1081/3825/3825 1083/3827/3827 1082/3828/3828
f 1064/3829/3829 1081/3830/3830 1082/3831/3831
f 1064/3829/3829 1082/3831/3831 1073/3832/3832
f 1025/3833/3833 1027/3834/3834 1083/3835/3835
f 1025/3833/3833 1083/3835/3835 1080/3836/3836
f 1049/3837/3837 1084/3838/3838 1085/3839/3839
f 1049/3837/3837 1085/3839/3839 1086/3840/3840
f 1051/3841/3841 1087/3842/3842 1088/3843/3843
f 1051/3841/3841 1088/3843/3843 1089/3844/3844
f 1049/3845/3845 1051/3846/3846 1089/3847/3847
f 1049/3845/3845 1089/3847/3847 1084/3848/3848
f 1086/3849/3849 1085/3850/3850 1088/3851/3851
f 1086/3849/3849 1088/3851/3851 1087/3852/3852
f 1090/3853/3853 1091/3854/3854 1092/3855/3855
f 1090/3853/3853 1092/3855/3855 1093/3856/3856
f 1089/3857/3857 1088/3858/3858 1094/3859/3859
f 1089/3857/3857 1094/3859/3859 1095/3860/3860
f 1090/3861/3861 1089/3862/3862 1095/3863/3863
f 1090/3861/3861 1095/3863/3863 1091/3864/3864
f 1093/3865/3865 1092/3866/3866 1094/3867/3867
f 1093/3865/3865 1094/3867/3867 1088/3868/3868
f 1096/3869/3869 1097/3870/3870 1098/3871/3871
f 1096/3869/3869 1098/3871/3871 1099/3872/3872
f 1095/3873/3873 1094/3874/3874 1100/3875/3875
f 1095/3873/3873 1100/3875/3875 1073/3876/3876
f 1096/3877/3877 1095/3878/3878 1073/3879/3879
f 1096/3877/3877 1073/3879/3879 1097/3880/3880
f 1099/3881/3881 1098/3882/3882 1100/3883/3883
f 1099/3881/3881 1100/3883/3883 1094/3884/3884
f 1101/3885/3885 1102/3886/3886 1103/3887/3887
f 1101/3885/3885 1103/3887/3887 1104/3888/3888
f 1105/3889/3889 1106/3890/3890 1078/3891/3891
f 1105/3889/3889 1078/3891/3891 1107/3892/3892
f 1101/3893/3893 1105/3894/3894 1107/3895/3895
f 1101/3893/3893 1107/3895/3895 1102/3896/3896
f 1104/3897/3897 1103/3898/3898 1078/3899/3899
f 1104/3897/3897 1078/3899/3899 1106/3900/3900
f 1108/3901/3901 1098/3902/3902 1102/3903/3903
f 1108/3901/3901 1102/3903/3903 1109/3904/3904
f 1110/3905/3905 1111/3906/3906 1107/3907/3907
f 1110/3905/3905 1107/3907/3907 1100/3908/3908
f 1108/3909/3909 1110/3910/3910 1100/3911/3911
f 1108/3909/3909 1100/3911/3911 1098/3912/3912
f 1109/3913/3913 1102/3914/3914 1107/3915/3915
f 1109/3913/3913 1107/3915/3915 1111/3916/3916
f 1108/3917/3917 1109/3918/3918 1111/3919/3919
f 1108/3917/3917 1111/3919/3919 1110/3920/3920
f 1112/3921/3921 1113/3922/3922 1114/3923/3923
f 1112/3921/3921 1114/3923/3923 1115/3924/3924
f 1116/3925/3925 1117/3926/3926 1118/3927/3927
f 1116/3925/3925 1118/3927/3927 1119/3928/3928
f 1112/3929/3929 1116/3930/3930 1119/3931/3931
f 1112/3929/3929 1119/3931/3931 1113/3932/3932
f 1115/3933/3933 1114/3934/3934 1118/3935/3935
f 1115/3933/3933 1118/3935/3935 1117/3936/3936
f 1112/3937/3937 1115/3938/3938 1117/3939/3939
f 1112/3937/3937 1117/3939/3939 1116/3940/3940
f 1113/3941/3941 1119/3942/3942 1118/3943/3943
f 1113/3941/3941 1118/3943/3943 1114/3944/3944
f 1066/3945/3945 1120/3946/3946 1121/3947/3947
f 1066/3945/3945 1121/3947/3947 806/3948/3948
f 1067/3949/3949 1122/3950/3950 1123/3951/3951
f 1067/3949/3949 1123/3951/3951 1124/3952/3952
f 1066/3953/3953 1067/3954/3954 1124/3955/3955
f 1066/3953/3953 1124/3955/3955 1120/3956/3956
f 806/3957/3957 1121/3958/3958 1123/3959/3959
f 806/3957/3957 1123/3959/3959 1122/3960/3960
f 1120/3961/3961 1125/3962/3962 1126/3963/3963
f 1120/3961/3961 1126/3963/3963 1127/3964/3964
f 1128/3965/3965 1129/3966/3966 1130/3967/3967
f 1128/3965/3965 1130/3967/3967 1131/3968/3968
f 1120/3969/3969 1128/3970/3970 1131/3971/3971
f 1120/3969/3969 1131/3971/3971 1125/3972/3972
f 1120/3973/3973 1127/3974/3974 1129/3975/3975
f 1120/3973/3973 1129/3975/3975 1128/3976/3976
f 1125/3977/3977 1131/3978/3978 1130/3979/3979
f 1125/3977/3977 1130/3979/3979 1126/3980/3980
f 1127/3981/3981 1126/3982/3982 1132/3983/3983
f 1127/3981/3981 1132/3983/3983 1121/3984/3984
f 1129/3985/3985 1133/3986/3986 1134/3987/3987
f 1129/3985/3985 1134/3987/3987 1130/3988/3988
f 1121/3989/3989 1132/3990/3990 1134/3991/3991
f 1121/3989/3989 1134/3991/3991 1133/3992/3992
f 1127/3993/3993 1121/3994/3994 1133/3995/3995
f 1127/3993/3993 1133/3995/3995 1129/3996/3996
f 1126/3997/3997 1130/3998/3998 1134/3999/3999
f 1126/3997/3997 1134/3999/3999 1132/4000/4000
f 1065/4001/4001 1125/4002/4002 1135/4003/4003
f 1065/4001/4001 1135/4003/4003 1136/4004/4004
f 1078/4005/4005 1137/4006/4006 1138/4007/4007
f 1078/4005/4005 1138/4007/4007 1131/4008/4008
f 1065/4009/4009 1078/4010/4010 1131/4011/4011
f 1065/4009/4009 1131/4011/4011 1125/4012/4012
f 1136/4013/4013 1135/4014/4014 1138/4015/4015
f 1136/4013/4013 1138/4015/4015 1137/4016/4016
f 1065/4017/4017 1136/4018/4018 1137/4019/4019
f 1065/4017/4017 1137/4019/4019 1078/4020/4020
f 1125/4021/4021 1131/4022/4022 1138/4023/4023
f 1125/4021/4021 1138/4023/4023 1135/4024/4024
f 1104/4025/4025 1139/4026/4026 1140/4027/4027
f 1104/4025/4025 1140/4027/4027 1141/4028/4028
f 1106/4029/4029 1142/4030/4030 1143/4031/4031
f 1106/4029/4029 1143/4031/4031 1144/4032/4032
f 1104/4033/4033 1106/4034/4034 1144/4035/4035
f 1104/4033/4033 1144/4035/4035 1139/4036/4036
f 1141/4037/4037 1140/4038/4038 1143/4039/4039
f 1141/4037/4037 1143/4039/4039 1142/4040/4040
f 1145/4041/4041 1146/4042/4042 1147/4043/4043
f 1145/4041/4041 1147/4043/4043 1148/4044/4044
f 1144/4045/4045 1143/4046/4046 1149/4047/4047
f 1144/4045/4045 1149/4047/4047 1150/4048/4048
f 1145/4049/4049 1144/4050/4050 1150/4051/4051
f 1145/4049/4049 1150/4051/4051 1146/4052/4052
f 1148/4053/4053 1147/4054/4054 1149/4055/4055
f 1148/4053/4053 1149/4055/4055 1143/4056/4056
f 1151/4057/4057 1152/4058/4058 1153/4059/4059
f 1151/4057/4057 1153/4059/4059 1154/4060/4060
f 1150/4061/4061 1149/4062/4062 1155/4063/4063
f 1150/4061/4061 1155/4063/4063 1128/4064/4064
f 1151/4065/4065 1150/4066/4066 1128/4067/4067
f 1151/4065/4065 1128/4067/4067 1152/4068/4068
f 1154/4069/4069 1153/4070/4070 1155/4071/4071
f 1154/4069/4069 1155/4071/4071 1149/4072/4072
f 1156/4073/4073 1157/4074/4074 1158/4075/4075
f 1156/4073/4073 1158/4075/4075 1159/4076/4076
f 1160/4077/4077 1161/4078/4078 1133/4079/4079
f 1160/4077/4077 1133/4079/4079 1162/4080/4080
f 1156/4081/4081 1160/4082/4082 1162/4083/4083
f 1156/4081/4081 1162/4083/4083 1157/4084/4084
f 1159/4085/4085 1158/4086/4086 1133/4087/4087
f 1159/4085/4085 1133/4087/4087 1161/4088/4088
f 1163/4089/4089 1153/4090/4090 1157/4091/4091
f 1163/4089/4089 1157/4091/4091 1164/4092/4092
f 1165/4093/4093 1166/4094/4094 1162/4095/4095
f 1165/4093/4093 1162/4095/4095 1155/4096/4096
f 1163/4097/4097 1165/4098/4098 1155/4099/4099
f 1163/4097/4097 1155/4099/4099 1153/4100/4100
f 1164/4101/4101 1157/4102/4102 1162/4103/4103
f 1164/4101/4101 1162/4103/4103 1166/4104/4104
f 1163/4105/4105 1164/4106/4106 1166/4107/4107
f 1163/4105/4105 1166/4107/4107 1165/4108/4108
f 1167/4109/4109 1168/4110/4110 1169/4111/4111
f 1167/4109/4109 1169/4111/4111 1170/4112/4112
f 1171/4113/4113 1172/4114/4114 1173/4115/4115
f 1171/4113/4113 1173/4115/4115 1174/4116/4116
f 1167/4117/4117 1171/4118/4118 1174/4119/4119
f 1167/4117/4117 1174/4119/4119 1168/4120/4120
f 1170/4121/4121 1169/4122/4122 1173/4123/4123
f 1170/4121/4121 1173/4123/4123 1172/4124/4124
f 1167/4125/4125 1170/4126/4126 1172/4127/4127
f 1167/4125/4125 1172/4127/4127 1171/4128/4128
f 1168/4129/4129 1174/4130/4130 1173/4131/4131
f 1168/4129/4129 1173/4131/4131 1169/4132/4132
f 806/4133/4133 1175/4134/4134 1176/4135/4135
f 806/4133/4133 1176/4135/4135 1177/4136/4136
f 1122/4137/4137 1178/4138/4138 1179/4139/4139
f 1122/4137/4137 1179/4139/4139 1180/4140/4140
f 806/4141/4141 1122/4142/4142 1180/4143/4143
f 806/4141/4141 1180/4143/4143 1175/4144/4144
f 1177/4145/4145 1176/4146/4146 1179/4147/4147
f 1177/4145/4145 1179/4147/4147 1178/4148/4148
f 1175/4149/4149 1181/4150/4150 1182/4151/4151
f 1175/4149/4149 1182/4151/4151 1183/4152/4152
f 1184/4153/4153 1185/4154/4154 1186/4155/4155
f 1184/4153/4153 1186/4155/4155 1187/4156/4156
f 1175/4157/4157 1184/4158/4158 1187/4159/4159
f 1175/4157/4157 1187/4159/4159 1181/4160/4160
f 1175/4161/4161 1183/4162/4162 1185/4163/4163
f 1175/4161/4161 1185/4163/4163 1184/4164/4164
f 1181/4165/4165 1187/4166/4166 1186/4167/4167
f 1181/4165/4165 1186/4167/4167 1182/4168/4168
f 1183/4169/4169 1182/4170/4170 1188/4171/4171
f 1183/4169/4169 1188/4171/4171 1176/4172/4172
f 1185/4173/4173 1189/4174/4174 1190/4175/4175
f 1185/4173/4173 1190/4175/4175 1186/4176/4176
f 1176/4177/4177 1188/4178/4178 1190/4179/4179
f 1176/4177/4177 1190/4179/4179 1189/4180/4180
f 1183/4181/4181 1176/4182/4182 1189/4183/4183
f 1183/4181/4181 1189/4183/4183 1185/4184/4184
f 1182/4185/4185 1186/4186/4186 1190/4187/4187
f 1182/4185/4185 1190/4187/4187 1188/4188/4188
f 1175/4189/4189 1132/4190/4190 1191/4191/4191
f 1175/4189/4189 1191/4191/4191 1192/4192/4192
f 1184/4193/4193 1193/4194/4194 1194/4195/4195
f 1184/4193/4193 1194/4195/4195 1134/4196/4196
f 1175/4197/4197 1184/4198/4198 1134/4199/4199
f 1175/4197/4197 1134/4199/4199 1132/4200/4200
f 1192/4201/4201 1191/4202/4202 1194/4203/4203
f 1192/4201/4201 1194/4203/4203 1193/4204/4204
f 1175/4205/4205 1192/4206/4206 1193/4207/4207
f 1175/4205/4205 1193/4207/4207 1184/4208/4208
f 1132/4209/4209 1134/4210/4210 1194/4211/4211
f 1132/4209/4209 1194/4211/4211 1191/4212/4212
f 1159/4213/4213 1195/4214/4214 1196/4215/4215
f 1159/4213/4213 1196/4215/4215 1197/4216/4216
f 1161/4217/4217 1198/4218/4218 1199/4219/4219
f 1161/4217/4217 1199/4219/4219 1200/4220/4220
f 1159/4221/4221 1161/4222/4222 1200/4223/4223
f 1159/4221/4221 1200/4223/4223 1195/4224/4224
f 1197/4225/4225 1196/4226/4226 1199/4227/4227
f 1197/4225/4225 1199/4227/4227 1198/4228/4228
f 1201/4229/4229 1202/4230/4230 1203/4231/4231
f 1201/4229/4229 1203/4231/4231 1204/4232/4232
f 1200/4233/4233 1199/4234/4234 1205/4235/4235
f 1200/4233/4233 1205/4235/4235 1206/4236/4236
f 1201/4237/4237 1200/4238/4238 1206/4239/4239
f 1201/4237/4237 1206/4239/4239 1202/4240/4240
f 1204/4241/4241 1203/4242/4242 1205/4243/4243
f 1204/4241/4241 1205/4243/4243 1199/4244/4244
f 1207/4245/4245 1208/4246/4246 1209/4247/4247
f 1207/4245/4245 1209/4247/4247 1210/4248/4248
f 1206/4249/4249 1205/4250/4250 1211/4251/4251
f 1206/4249/4249 1211/4251/4251 1184/4252/4252
f 1207/4253/4253 1206/4254/4254 1184/4255/4255
f 1207/4253/4253 1184/4255/4255 1208/4256/4256
f 1210/4257/4257 1209/4258/4258 1211/4259/4259
f 1210/4257/4257 1211/4259/4259 1205/4260/4260
f 1212/4261/4261 1213/4262/4262 1214/4263/4263
f 1212/4261/4261 1214/4263/4263 1215/4264/4264
f 1216/4265/4265 1217/4266/4266 1189/4267/4267
f 1216/4265/4265 1189/4267/4267 1218/4268/4268
f 1212/4269/4269 1216/4270/4270 1218/4271/4271
f 1212/4269/4269 1218/4271/4271 1213/4272/4272
f 1215/4273/4273 1214/4274/4274 1189/4275/4275
f 1215/4273/4273 1189/4275/4275 1217/4276/4276
f 1219/4277/4277 1209/4278/4278 1213/4279/4279
f 1219/4277/4277 1213/4279/4279 1220/4280/4280
f 1221/4281/4281 1222/4282/4282 1218/4283/4283
f 1221/4281/4281 1218/4283/4283 1211/4284/4284
f 1219/4285/4285 1221/4286/4286 1211/4287/4287
f 1219/4285/4285 1211/4287/4287 1209/4288/4288
f 1220/4289/4289 1213/4290/4290 1218/4291/4291
f 1220/4289/4289 1218/4291/4291 1222/4292/4292
f 1219/4293/4293 1220/4294/4294 1222/4295/4295
f 1219/4293/4293 1222/4295/4295 1221/4296/4296
f 1223/4297/4297 1224/4298/4298 1225/4299/4299
f 1223/4297/4297 1225/4299/4299 1226/4300/4300
f 1227/4301/4301 1228/4302/4302 1229/4303/4303
f 1227/4301/4301 1229/4303/4303 1230/4304/4304
f 1223/4305/4305 1227/4306/4306 1230/4307/4307
f 1223/4305/4305 1230/4307/4307 1224/4308/4308
f 1226/4309/4309 1225/4310/4310 1229/4311/4311
f 1226/4309/4309 1229/4311/4311 1228/4312/4312
f 1223/4313/4313 1226/4314/4314 1228/4315/4315
f 1223/4313/4313 1228/4315/4315 1227/4316/4316
f 1224/4317/4317 1230/4318/4318 1229/4319/4319
f 1224/4317/4317 1229/4319/4319 1225/4320/4320
f 1177/4321/4321 1231/4322/4322 1232/4323/4323
f 1177/4321/4321 1232/4323/4323 1233/4324/4324
f 1178/4325/4325 1234/4326/4326 1235/4327/4327
f 1178/4325/4325 1235/4327/4327 1236/4328/4328
f 1177/4329/4329 1178/4330/4330 1236/4331/4331
f 1177/4329/4329 1236/4331/4331 1231/4332/4332
f 1233/4333/4333 1232/4334/4334 1235/4335/4335
f 1233/4333/4333 1235/4335/4335 1234/4336/4336
f 1231/4337/4337 1237/4338/4338 1238/4339/4339
f 1231/4337/4337 1238/4339/4339 1239/4340/4340
f 1240/4341/4341 1241/4342/4342 1242/4343/4343
f 1240/4341/4341 1242/4343/4343 1243/4344/4344
f 1231/4345/4345 1240/4346/4346 1243/4347/4347
f 1231/4345/4345 1243/4347/4347 1237/4348/4348
f 1231/4349/4349 1239/4350/4350 1241/4351/4351
f 1231/4349/4349 1241/4351/4351 1240/4352/4352
f 1237/4353/4353 1243/4354/4354 1242/4355/4355
f 1237/4353/4353 1242/4355/4355 1238/4356/4356
f 1239/4357/4357 1238/4358/4358 1244/4359/4359
f 1239/4357/4357 1244/4359/4359 1232/4360/4360
f 1241/4361/4361 1245/4362/4362 1246/4363/4363
f 1241/4361/4361 1246/4363/4363 1242/4364/4364
f 1232/4365/4365 1244/4366/4366 1246/4367/4367
f 1232/4365/4365 1246/4367/4367 1245/4368/4368
f 1239/4369/4369 1232/4370/4370 1245/4371/4371
f 1239/4369/4369 1245/4371/4371 1241/4372/4372
f 1238/4373/4373 1242/4374/4374 1246/4375/4375
f 1238/4373/4373 1246/4375/4375 1244/4376/4376
f 1176/4377/4377 1237/4378/4378 1247/4379/4379
f 1176/4377/4377 1247/4379/4379 1248/4380/4380
f 1189/4381/4381 1249/4382/4382 1250/4383/4383
f 1189/4381/4381 1250/4383/4383 1243/4384/4384
f 1176/4385/4385 1189/4386/4386 1243/4387/4387
f 1176/4385/4385 1243/4387/4387 1237/4388/4388
f 1248/4389/4389 1247/4390/4390 1250/4391/4391
f 1248/4389/4389 1250/4391/4391 1249/4392/4392
f 1176/4393/4393 1248/4394/4394 1249/4395/4395
f 1176/4393/4393 1249/4395/4395 1189/4396/4396
f 1237/4397/4397 1243/4398/4398 1250/4399/4399
f 1237/4397/4397 1250/4399/4399 1247/4400/4400
f 1215/4401/4401 1251/4402/4402 1252/4403/4403
f 1215/4401/4401 1252/4403/4403 1253/4404/4404
f 1217/4405/4405 1254/4406/4406 1255/4407/4407
f 1217/4405/4405 1255/4407/4407 1256/4408/4408
f 1215/4409/4409 1217/4410/4410 1256/4411/4411
f 1215/4409/4409 1256/4411/4411 1251/4412/4412
f 1253/4413/4413 1252/4414/4414 1255/4415/4415
f 1253/4413/4413 1255/4415/4415 1254/4416/4416
f 1257/4417/4417 1258/4418/4418 1259/4419/4419
f 1257/4417/4417 1259/4419/4419 1260/4420/4420
f 1256/4421/4421 1255/4422/4422 1261/4423/4423
f 1256/4421/4421 1261/4423/4423 1262/4424/4424
f 1257/4425/4425 1256/4426/4426 1262/4427/4427
f 1257/4425/4425 1262/4427/4427 1258/4428/4428
f 1260/4429/4429 1259/4430/4430 1261/4431/4431
f 1260/4429/4429 1261/4431/4431 1255/4432/4432
f 1263/4433/4433 1264/4434/4434 1265/4435/4435
f 1263/4433/4433 1265/4435/4435 1266/4436/4436
f 1262/4437/4437 1261/4438/4438 1267/4439/4439
f 1262/4437/4437 1267/4439/4439 1240/4440/4440
f 1263/4441/4441 1262/4442/4442 1240/4443/4443
f 1263/4441/4441 1240/4443/4443 1264/4444/4444
f 1266/4445/4445 1265/4446/4446 1267/4447/4447
f 1266/4445/4445 1267/4447/4447 1261/4448/4448
f 1268/4449/4449 1269/4450/4450 1270/4451/4451
f 1268/4449/4449 1270/4451/4451 1271/4452/4452
f 1272/4453/4453 1273/4454/4454 1245/4455/4455
f 1272/4453/4453 1245/4455/4455 1274/4456/4456
f 1268/4457/4457 1272/4458/4458 1274/4459/4459
f 1268/4457/4457 1274/4459/4459 1269/4460/4460
f 1271/4461/4461 1270/4462/4462 1245/4463/4463
f 1271/4461/4461 1245/4463/4463 1273/4464/4464
f 1275/4465/4465 1265/4466/4466 1269/4467/4467
f 1275/4465/4465 1269/4467/4467 1276/4468/4468
f 1277/4469/4469 1278/4470/4470 1274/4471/4471
f 1277/4469/4469 1274/4471/4471 1267/4472/4472
f 1275/4473/4473 1277/4474/4474 1267/4475/4475
f 1275/4473/4473 1267/4475/4475 1265/4476/4476
f 1276/4477/4477 1269/4478/4478 1274/4479/4479
f 1276/4477/4477 1274/4479/4479 1278/4480/4480
f 1275/4481/4481 1276/4482/4482 1278/4483/4483
f 1275/4481/4481 1278/4483/4483 1277/4484/4484
f 1279/4485/4485 1280/4486/4486 1281/4487/4487
f 1279/4485/4485 1281/4487/4487 1282/4488/4488
f 1283/4489/4489 1284/4490/4490 1285/4491/4491
f 1283/4489/4489 1285/4491/4491 1286/4492/4492
f 1279/4493/4493 1283/4494/4494 1286/4495/4495
f 1279/4493/4493 1286/4495/4495 1280/4496/4496
f 1282/4497/4497 1281/4498/4498 1285/4499/4499
f 1282/4497/4497 1285/4499/4499 1284/4500/4500
f 1279/4501/4501 1282/4502/4502 1284/4503/4503
f 1279/4501/4501 1284/4503/4503 1283/4504/4504
f 1280/4505/4505 1286/4506/4506 1285/4507/4507
f 1280/4505/4505 1285/4507/4507 1281/4508/4508
f 1233/4509/4509 1232/4510/4510 1008/4511/4511
f 1233/4509/4509 1008/4511/4511 803/4512/4512
f 1234/4513/4513 1287/4514/4514 1288/4515/4515
f 1234/4513/4513 1288/4515/4515 1235/4516/4516
f 1233/4517/4517 1234/4518/4518 1235/4519/4519
f 1233/4517/4517 1235/4519/4519 1232/4520/4520
f 803/4521/4521 1008/4522/4522 1288/4523/4523
f 803/4521/4521 1288/4523/4523 1287/4524/4524
f 1232/4525/4525 1244/4526/4526 1289/4527/4527
f 1232/4525/4525 1289/4527/4527 1290/4528/4528
f 1245/4529/4529 1291/4530/4530 1292/4531/4531
f 1245/4529/4529 1292/4531/4531 1246/4532/4532
f 1232/4533/4533 1245/4534/4534 1246/4535/4535
f 1232/4533/4533 1246/4535/4535 1244/4536/4536
f 1232/4537/4537 1290/4538/4538 1291/4539/4539
f 1232/4537/4537 1291/4539/4539 1245/4540/4540
f 1244/4541/4541 1246/4542/4542 1292/4543/4543
f 1244/4541/4541 1292/4543/4543 1289/4544/4544
f 1290/4545/4545 1289/4546/4546 1293/4547/4547
f 1290/4545/4545 1293/4547/4547 1008/4548/4548
f 1291/4549/4549 1011/4550/4550 1294/4551/4551
f 1291/4549/4549 1294/4551/4551 1292/4552/4552
f 1008/4553/4553 1293/4554/4554 1294/4555/4555
f 1008/4553/4553 1294/4555/4555 1011/4556/4556
f 1290/4557/4557 1008/4558/4558 1011/4559/4559
f 1290/4557/4557 1011/4559/4559 1291/4560/4560
f 1289/4561/4561 1292/4562/4562 1294/4563/4563
f 1289/4561/4561 1294/4563/4563 1293/4564/4564
f 1271/4565/4565 1295/4566/4566 1296/4567/4567
f 1271/4565/4565 1296/4567/4567 1297/4568/4568
f 1273/4569/4569 1298/4570/4570 1299/4571/4571
f 1273/4569/4569 1299/4571/4571 1300/4572/4572
f 1271/4573/4573 1273/4574/4574 1300/4575/4575
f 1271/4573/4573 1300/4575/4575 1295/4576/4576
f 1297/4577/4577 1296/4578/4578 1299/4579/4579
f 1297/4577/4577 1299/4579/4579 1298/4580/4580
f 1301/4581/4581 1302/4582/4582 1303/4583/4583
f 1301/4581/4581 1303/4583/4583 1304/4584/4584
f 1300/4585/4585 1299/4586/4586 1305/4587/4587
f 1300/4585/4585 1305/4587/4587 1306/4588/4588
f 1301/4589/4589 1300/4590/4590 1306/4591/4591
f 1301/4589/4589 1306/4591/4591 1302/4592/4592
f 1304/4593/4593 1303/4594/4594 1305/4595/4595
f 1304/4593/4593 1305/4595/4595 1299/4596/4596
f 1307/4597/4597 1270/4598/4598 1308/4599/4599
f 1307/4597/4597 1308/4599/4599 1309/4600/4600
f 1306/4601/4601 1305/4602/4602 1310/4603/4603
f 1306/4601/4601 1310/4603/4603 1245/4604/4604
f 1307/4605/4605 1306/4606/4606 1245/4607/4607
f 1307/4605/4605 1245/4607/4607 1270/4608/4608
f 1309/4609/4609 1308/4610/4610 1310/4611/4611
f 1309/4609/4609 1310/4611/4611 1305/4612/4612
f 1311/4613/4613 1312/4614/4614 1313/4615/4615
f 1311/4613/4613 1313/4615/4615 1314/4616/4616
f 1315/4617/4617 1010/4618/4618 1011/4619/4619
f 1315/4617/4617 1011/4619/4619 1316/4620/4620
f 1311/4621/4621 1315/4622/4622 1316/4623/4623
f 1311/4621/4621 1316/4623/4623 1312/4624/4624
f 1314/4625/4625 1313/4626/4626 1011/4627/4627
f 1314/4625/4625 1011/4627/4627 1010/4628/4628
f 1317/4629/4629 1308/4630/4630 1312/4631/4631
f 1317/4629/4629 1312/4631/4631 1318/4632/4632
f 1319/4633/4633 1320/4634/4634 1316/4635/4635
f 1319/4633/4633 1316/4635/4635 1310/4636/4636
f 1317/4637/4637 1319/4638/4638 1310/4639/4639
f 1317/4637/4637 1310/4639/4639 1308/4640/4640
f 1318/4641/4641 1312/4642/4642 1316/4643/4643
f 1318/4641/4641 1316/4643/4643 1320/4644/4644
f 1317/4645/4645 1318/4646/4646 1320/4647/4647
f 1317/4645/4645 1320/4647/4647 1319/4648/4648
f 1321/4649/4649 1322/4650/4650 1012/4651/4651
f 1321/4649/4649 1012/4651/4651 1323/4652/4652
f 1324/4653/4653 1325/4654/4654 1326/4655/4655
f 1324/4653/4653 1326/4655/4655 1327/4656/4656
f 1321/4657/4657 1324/4658/4658 1327/4659/4659
f 1321/4657/4657 1327/4659/4659 1322/4660/4660
f 1323/4661/4661 1012/4662/4662 1326/4663/4663
f 1323/4661/4661 1326/4663/4663 1325/4664/4664
f 1321/4665/4665 1323/4666/4666 1325/4667/4667
f 1321/4665/4665 1325/4667/4667 1324/4668/4668
f 1322/4669/4669 1327/4670/4670 1326/4671/4671
f 1322/4669/4669 1326/4671/4671 1012/4672/4672
