mtllib TorusUtility_PipesCablesA.mtl
o TorusUtility_PipesCablesA
usemtl TorusUtilityKit
v -0.97500000 0.00000000 -0.75000000
v -0.97500000 0.04000000 -0.75000000
v 0.97500000 0.04000000 -0.75000000
v 0.97500000 0.00000000 -0.75000000
v -0.97500000 0.00000000 0.70000000
v 0.97500000 0.00000000 0.70000000
v 0.97500000 0.04000000 0.70000000
v -0.97500000 0.04000000 0.70000000
v -0.85000000 0.04000000 0.62500000
v -0.85000000 0.04100000 0.62500000
v 0.85000000 0.04100000 0.62500000
v 0.85000000 0.04000000 0.62500000
v -0.85000000 0.04000000 0.65000000
v 0.85000000 0.04000000 0.65000000
v 0.85000000 0.04100000 0.65000000
v -0.85000000 0.04100000 0.65000000
v -0.76750000 0.04000000 -0.34250000
v -0.76750000 0.83500000 -0.34250000
v -0.73250000 0.83500000 -0.34250000
v -0.73250000 0.04000000 -0.34250000
v -0.76750000 0.04000000 -0.30750000
v -0.73250000 0.04000000 -0.30750000
v -0.73250000 0.83500000 -0.30750000
v -0.76750000 0.83500000 -0.30750000
v -0.76750000 0.04000000 0.15750000
v -0.76750000 0.83500000 0.15750000
v -0.73250000 0.83500000 0.15750000
v -0.73250000 0.04000000 0.15750000
v -0.76750000 0.04000000 0.19250000
v -0.73250000 0.04000000 0.19250000
v -0.73250000 0.83500000 0.19250000
v -0.76750000 0.83500000 0.19250000
v -0.77500000 0.74500000 -0.36875000
v -0.77500000 0.78000000 -0.36875000
v -0.72500000 0.78000000 -0.36875000
v -0.72500000 0.74500000 -0.36875000
v -0.77500000 0.74500000 0.21875000
v -0.72500000 0.74500000 0.21875000
v -0.72500000 0.78000000 0.21875000
v -0.77500000 0.78000000 0.21875000
v -0.01750000 0.04000000 -0.34250000
v -0.01750000 0.83500000 -0.34250000
v 0.01750000 0.83500000 -0.34250000
v 0.01750000 0.04000000 -0.34250000
v -0.01750000 0.04000000 -0.30750000
v 0.01750000 0.04000000 -0.30750000
v 0.01750000 0.83500000 -0.30750000
v -0.01750000 0.83500000 -0.30750000
v -0.01750000 0.04000000 0.15750000
v -0.01750000 0.83500000 0.15750000
v 0.01750000 0.83500000 0.15750000
v 0.01750000 0.04000000 0.15750000
v -0.01750000 0.04000000 0.19250000
v 0.01750000 0.04000000 0.19250000
v 0.01750000 0.83500000 0.19250000
v -0.01750000 0.83500000 0.19250000
v -0.02500000 0.74500000 -0.36875000
v -0.02500000 0.78000000 -0.36875000
v 0.02500000 0.78000000 -0.36875000
v 0.02500000 0.74500000 -0.36875000
v -0.02500000 0.74500000 0.21875000
v 0.02500000 0.74500000 0.21875000
v 0.02500000 0.78000000 0.21875000
v -0.02500000 0.78000000 0.21875000
v 0.73250000 0.04000000 -0.34250000
v 0.73250000 0.83500000 -0.34250000
v 0.76750000 0.83500000 -0.34250000
v 0.76750000 0.04000000 -0.34250000
v 0.73250000 0.04000000 -0.30750000
v 0.76750000 0.04000000 -0.30750000
v 0.76750000 0.83500000 -0.30750000
v 0.73250000 0.83500000 -0.30750000
v 0.73250000 0.04000000 0.15750000
v 0.73250000 0.83500000 0.15750000
v 0.76750000 0.83500000 0.15750000
v 0.76750000 0.04000000 0.15750000
v 0.73250000 0.04000000 0.19250000
v 0.76750000 0.04000000 0.19250000
v 0.76750000 0.83500000 0.19250000
v 0.73250000 0.83500000 0.19250000
v 0.72500000 0.74500000 -0.36875000
v 0.72500000 0.78000000 -0.36875000
v 0.77500000 0.78000000 -0.36875000
v 0.77500000 0.74500000 -0.36875000
v 0.72500000 0.74500000 0.21875000
v 0.77500000 0.74500000 0.21875000
v 0.77500000 0.78000000 0.21875000
v 0.72500000 0.78000000 0.21875000
v -0.87500000 0.76875000 -0.31250000
v -0.87500000 0.88125000 -0.31250000
v 0.87500000 0.88125000 -0.31250000
v 0.87500000 0.76875000 -0.31250000
v -0.87500000 0.76875000 -0.28750000
v 0.87500000 0.76875000 -0.28750000
v 0.87500000 0.88125000 -0.28750000
v -0.87500000 0.88125000 -0.28750000
v -0.87500000 0.76875000 0.15000000
v -0.87500000 0.88125000 0.15000000
v 0.87500000 0.88125000 0.15000000
v 0.87500000 0.76875000 0.15000000
v -0.87500000 0.76875000 0.17500000
v 0.87500000 0.76875000 0.17500000
v 0.87500000 0.88125000 0.17500000
v -0.87500000 0.88125000 0.17500000
v -0.86250000 0.75250000 -0.31250000
v -0.86250000 0.77750000 -0.31250000
v -0.83750000 0.77750000 -0.31250000
v -0.83750000 0.75250000 -0.31250000
v -0.86250000 0.75250000 0.16250000
v -0.83750000 0.75250000 0.16250000
v -0.83750000 0.77750000 0.16250000
v -0.86250000 0.77750000 0.16250000
v -0.67361110 0.75250000 -0.31250000
v -0.67361110 0.77750000 -0.31250000
v -0.64861110 0.77750000 -0.31250000
v -0.64861110 0.75250000 -0.31250000
v -0.67361110 0.75250000 0.16250000
v -0.64861110 0.75250000 0.16250000
v -0.64861110 0.77750000 0.16250000
v -0.67361110 0.77750000 0.16250000
v -0.48472223 0.75250000 -0.31250000
v -0.48472223 0.77750000 -0.31250000
v -0.45972222 0.77750000 -0.31250000
v -0.45972222 0.75250000 -0.31250000
v -0.48472223 0.75250000 0.16250000
v -0.45972222 0.75250000 0.16250000
v -0.45972222 0.77750000 0.16250000
v -0.48472223 0.77750000 0.16250000
v -0.29583332 0.75250000 -0.31250000
v -0.29583332 0.77750000 -0.31250000
v -0.27083333 0.77750000 -0.31250000
v -0.27083333 0.75250000 -0.31250000
v -0.29583332 0.75250000 0.16250000
v -0.27083333 0.75250000 0.16250000
v -0.27083333 0.77750000 0.16250000
v -0.29583332 0.77750000 0.16250000
v -0.10694445 0.75250000 -0.31250000
v -0.10694445 0.77750000 -0.31250000
v -0.08194445 0.77750000 -0.31250000
v -0.08194445 0.75250000 -0.31250000
v -0.10694445 0.75250000 0.16250000
v -0.08194445 0.75250000 0.16250000
v -0.08194445 0.77750000 0.16250000
v -0.10694445 0.77750000 0.16250000
v 0.08194445 0.75250000 -0.31250000
v 0.08194445 0.77750000 -0.31250000
v 0.10694445 0.77750000 -0.31250000
v 0.10694445 0.75250000 -0.31250000
v 0.08194445 0.75250000 0.16250000
v 0.10694445 0.75250000 0.16250000
v 0.10694445 0.77750000 0.16250000
v 0.08194445 0.77750000 0.16250000
v 0.27083333 0.75250000 -0.31250000
v 0.27083333 0.77750000 -0.31250000
v 0.29583332 0.77750000 -0.31250000
v 0.29583332 0.75250000 -0.31250000
v 0.27083333 0.75250000 0.16250000
v 0.29583332 0.75250000 0.16250000
v 0.29583332 0.77750000 0.16250000
v 0.27083333 0.77750000 0.16250000
v 0.45972222 0.75250000 -0.31250000
v 0.45972222 0.77750000 -0.31250000
v 0.48472223 0.77750000 -0.31250000
v 0.48472223 0.75250000 -0.31250000
v 0.45972222 0.75250000 0.16250000
v 0.48472223 0.75250000 0.16250000
v 0.48472223 0.77750000 0.16250000
v 0.45972222 0.77750000 0.16250000
v 0.64861110 0.75250000 -0.31250000
v 0.64861110 0.77750000 -0.31250000
v 0.67361110 0.77750000 -0.31250000
v 0.67361110 0.75250000 -0.31250000
v 0.64861110 0.75250000 0.16250000
v 0.67361110 0.75250000 0.16250000
v 0.67361110 0.77750000 0.16250000
v 0.64861110 0.77750000 0.16250000
v 0.83750000 0.75250000 -0.31250000
v 0.83750000 0.77750000 -0.31250000
v 0.86250000 0.77750000 -0.31250000
v 0.86250000 0.75250000 -0.31250000
v 0.83750000 0.75250000 0.16250000
v 0.86250000 0.75250000 0.16250000
v 0.86250000 0.77750000 0.16250000
v 0.83750000 0.77750000 0.16250000
v -0.87500000 0.80000000 -0.26750000
v -0.87500000 0.81237437 -0.26237437
v 0.40000000 0.81237437 -0.26237437
v 0.40000000 0.80000000 -0.26750000
v -0.87500000 0.81750000 -0.25000000
v 0.40000000 0.81750000 -0.25000000
v -0.87500000 0.81237437 -0.23762563
v 0.40000000 0.81237437 -0.23762563
v -0.87500000 0.80000000 -0.23250000
v 0.40000000 0.80000000 -0.23250000
v -0.87500000 0.78762562 -0.23762563
v 0.40000000 0.78762562 -0.23762563
v -0.87500000 0.78250000 -0.25000000
v 0.40000000 0.78250000 -0.25000000
v -0.87500000 0.78762562 -0.26237437
v 0.40000000 0.78762562 -0.26237437
v -0.87500000 0.80000000 -0.25000000
v 0.40000000 0.80000000 -0.25000000
v 0.40242682 0.81213408 -0.26237437
v 0.52742683 0.78713407 -0.26237437
v 0.52500000 0.77500000 -0.26750000
v 0.40343203 0.81716015 -0.25000000
v 0.52843202 0.79216015 -0.25000000
v 0.40242682 0.81213408 -0.23762563
v 0.52742683 0.78713407 -0.23762563
v 0.52500000 0.77500000 -0.23250000
v 0.39757318 0.78786592 -0.23762563
v 0.52257318 0.76286592 -0.23762563
v 0.39656798 0.78283985 -0.25000000
v 0.52156797 0.75783985 -0.25000000
v 0.39757318 0.78786592 -0.26237437
v 0.52257318 0.76286592 -0.26237437
v 0.52500000 0.77500000 -0.25000000
v 0.53242462 0.78489950 -0.26237437
v 0.63242462 0.70989950 -0.26237437
v 0.62500000 0.70000000 -0.26750000
v 0.53550000 0.78900000 -0.25000000
v 0.63550000 0.71400000 -0.25000000
v 0.53242462 0.78489950 -0.23762563
v 0.63242462 0.70989950 -0.23762563
v 0.62500000 0.70000000 -0.23250000
v 0.51757537 0.76510050 -0.23762563
v 0.61757538 0.69010050 -0.23762563
v 0.51450000 0.76100000 -0.25000000
v 0.61450000 0.68600000 -0.25000000
v 0.51757537 0.76510050 -0.26237437
v 0.61757538 0.69010050 -0.26237437
v 0.62500000 0.70000000 -0.25000000
v 0.63648932 0.70459573 -0.26237437
v 0.68648933 0.57959573 -0.26237437
v 0.67500000 0.57500000 -0.26750000
v 0.64124835 0.70649933 -0.25000000
v 0.69124835 0.58149933 -0.25000000
v 0.63648932 0.70459573 -0.23762563
v 0.68648933 0.57959573 -0.23762563
v 0.67500000 0.57500000 -0.23250000
v 0.61351068 0.69540428 -0.23762563
v 0.66351068 0.57040428 -0.23762563
v 0.60875165 0.69350068 -0.25000000
v 0.65875165 0.56850068 -0.25000000
v 0.61351068 0.69540428 -0.26237437
v 0.66351068 0.57040428 -0.26237437
v 0.67500000 0.57500000 -0.25000000
v 0.68737437 0.57500000 -0.26237437
v 0.68737437 0.18750000 -0.26237437
v 0.67500000 0.18750000 -0.26750000
v 0.69250000 0.57500000 -0.25000000
v 0.69250000 0.18750000 -0.25000000
v 0.68737437 0.57500000 -0.23762563
v 0.68737437 0.18750000 -0.23762563
v 0.67500000 0.18750000 -0.23250000
v 0.66262562 0.57500000 -0.23762563
v 0.66262562 0.18750000 -0.23762563
v 0.65750000 0.57500000 -0.25000000
v 0.65750000 0.18750000 -0.25000000
v 0.66262562 0.57500000 -0.26237437
v 0.66262562 0.18750000 -0.26237437
v 0.67500000 0.18750000 -0.25000000
v -0.87500000 0.80000000 -0.18000000
v -0.87500000 0.81237437 -0.17487437
v 0.40000000 0.81237437 -0.17487437
v 0.40000000 0.80000000 -0.18000000
v -0.87500000 0.81750000 -0.16250000
v 0.40000000 0.81750000 -0.16250000
v -0.87500000 0.81237437 -0.15012563
v 0.40000000 0.81237437 -0.15012563
v -0.87500000 0.80000000 -0.14500000
v 0.40000000 0.80000000 -0.14500000
v -0.87500000 0.78762562 -0.15012563
v 0.40000000 0.78762562 -0.15012563
v -0.87500000 0.78250000 -0.16250000
v 0.40000000 0.78250000 -0.16250000
v -0.87500000 0.78762562 -0.17487437
v 0.40000000 0.78762562 -0.17487437
v -0.87500000 0.80000000 -0.16250000
v 0.40000000 0.80000000 -0.16250000
v 0.40242682 0.81213408 -0.17487437
v 0.52742683 0.78713407 -0.17487437
v 0.52500000 0.77500000 -0.18000000
v 0.40343203 0.81716015 -0.16250000
v 0.52843202 0.79216015 -0.16250000
v 0.40242682 0.81213408 -0.15012563
v 0.52742683 0.78713407 -0.15012563
v 0.52500000 0.77500000 -0.14500000
v 0.39757318 0.78786592 -0.15012563
v 0.52257318 0.76286592 -0.15012563
v 0.39656798 0.78283985 -0.16250000
v 0.52156797 0.75783985 -0.16250000
v 0.39757318 0.78786592 -0.17487437
v 0.52257318 0.76286592 -0.17487437
v 0.52500000 0.77500000 -0.16250000
v 0.53242462 0.78489950 -0.17487437
v 0.63242462 0.70989950 -0.17487437
v 0.62500000 0.70000000 -0.18000000
v 0.53550000 0.78900000 -0.16250000
v 0.63550000 0.71400000 -0.16250000
v 0.53242462 0.78489950 -0.15012563
v 0.63242462 0.70989950 -0.15012563
v 0.62500000 0.70000000 -0.14500000
v 0.51757537 0.76510050 -0.15012563
v 0.61757538 0.69010050 -0.15012563
v 0.51450000 0.76100000 -0.16250000
v 0.61450000 0.68600000 -0.16250000
v 0.51757537 0.76510050 -0.17487437
v 0.61757538 0.69010050 -0.17487437
v 0.62500000 0.70000000 -0.16250000
v 0.63648932 0.70459573 -0.17487437
v 0.68648933 0.57959573 -0.17487437
v 0.67500000 0.57500000 -0.18000000
v 0.64124835 0.70649933 -0.16250000
v 0.69124835 0.58149933 -0.16250000
v 0.63648932 0.70459573 -0.15012563
v 0.68648933 0.57959573 -0.15012563
v 0.67500000 0.57500000 -0.14500000
v 0.61351068 0.69540428 -0.15012563
v 0.66351068 0.57040428 -0.15012563
v 0.60875165 0.69350068 -0.16250000
v 0.65875165 0.56850068 -0.16250000
v 0.61351068 0.69540428 -0.17487437
v 0.66351068 0.57040428 -0.17487437
v 0.67500000 0.57500000 -0.16250000
v 0.68737437 0.57500000 -0.17487437
v 0.68737437 0.18750000 -0.17487437
v 0.67500000 0.18750000 -0.18000000
v 0.69250000 0.57500000 -0.16250000
v 0.69250000 0.18750000 -0.16250000
v 0.68737437 0.57500000 -0.15012563
v 0.68737437 0.18750000 -0.15012563
v 0.67500000 0.18750000 -0.14500000
v 0.66262562 0.57500000 -0.15012563
v 0.66262562 0.18750000 -0.15012563
v 0.65750000 0.57500000 -0.16250000
v 0.65750000 0.18750000 -0.16250000
v 0.66262562 0.57500000 -0.17487437
v 0.66262562 0.18750000 -0.17487437
v 0.67500000 0.18750000 -0.16250000
v -0.87500000 0.80000000 -0.09250000
v -0.87500000 0.81237437 -0.08737438
v 0.40000000 0.81237437 -0.08737438
v 0.40000000 0.80000000 -0.09250000
v -0.87500000 0.81750000 -0.07500000
v 0.40000000 0.81750000 -0.07500000
v -0.87500000 0.81237437 -0.06262563
v 0.40000000 0.81237437 -0.06262563
v -0.87500000 0.80000000 -0.05750000
v 0.40000000 0.80000000 -0.05750000
v -0.87500000 0.78762562 -0.06262563
v 0.40000000 0.78762562 -0.06262563
v -0.87500000 0.78250000 -0.07500000
v 0.40000000 0.78250000 -0.07500000
v -0.87500000 0.78762562 -0.08737438
v 0.40000000 0.78762562 -0.08737438
v -0.87500000 0.80000000 -0.07500000
v 0.40000000 0.80000000 -0.07500000
v 0.40242682 0.81213408 -0.08737438
v 0.52742683 0.78713407 -0.08737438
v 0.52500000 0.77500000 -0.09250000
v 0.40343203 0.81716015 -0.07500000
v 0.52843202 0.79216015 -0.07500000
v 0.40242682 0.81213408 -0.06262563
v 0.52742683 0.78713407 -0.06262563
v 0.52500000 0.77500000 -0.05750000
v 0.39757318 0.78786592 -0.06262563
v 0.52257318 0.76286592 -0.06262563
v 0.39656798 0.78283985 -0.07500000
v 0.52156797 0.75783985 -0.07500000
v 0.39757318 0.78786592 -0.08737438
v 0.52257318 0.76286592 -0.08737438
v 0.52500000 0.77500000 -0.07500000
v 0.53242462 0.78489950 -0.08737438
v 0.63242462 0.70989950 -0.08737438
v 0.62500000 0.70000000 -0.09250000
v 0.53550000 0.78900000 -0.07500000
v 0.63550000 0.71400000 -0.07500000
v 0.53242462 0.78489950 -0.06262563
v 0.63242462 0.70989950 -0.06262563
v 0.62500000 0.70000000 -0.05750000
v 0.51757537 0.76510050 -0.06262563
v 0.61757538 0.69010050 -0.06262563
v 0.51450000 0.76100000 -0.07500000
v 0.61450000 0.68600000 -0.07500000
v 0.51757537 0.76510050 -0.08737438
v 0.61757538 0.69010050 -0.08737438
v 0.62500000 0.70000000 -0.07500000
v 0.63648932 0.70459573 -0.08737438
v 0.68648933 0.57959573 -0.08737438
v 0.67500000 0.57500000 -0.09250000
v 0.64124835 0.70649933 -0.07500000
v 0.69124835 0.58149933 -0.07500000
v 0.63648932 0.70459573 -0.06262563
v 0.68648933 0.57959573 -0.06262563
v 0.67500000 0.57500000 -0.05750000
v 0.61351068 0.69540428 -0.06262563
v 0.66351068 0.57040428 -0.06262563
v 0.60875165 0.69350068 -0.07500000
v 0.65875165 0.56850068 -0.07500000
v 0.61351068 0.69540428 -0.08737438
v 0.66351068 0.57040428 -0.08737438
v 0.67500000 0.57500000 -0.07500000
v 0.68737437 0.57500000 -0.08737438
v 0.68737437 0.18750000 -0.08737438
v 0.67500000 0.18750000 -0.09250000
v 0.69250000 0.57500000 -0.07500000
v 0.69250000 0.18750000 -0.07500000
v 0.68737437 0.57500000 -0.06262563
v 0.68737437 0.18750000 -0.06262563
v 0.67500000 0.18750000 -0.05750000
v 0.66262562 0.57500000 -0.06262563
v 0.66262562 0.18750000 -0.06262563
v 0.65750000 0.57500000 -0.07500000
v 0.65750000 0.18750000 -0.07500000
v 0.66262562 0.57500000 -0.08737438
v 0.66262562 0.18750000 -0.08737438
v 0.67500000 0.18750000 -0.07500000
v -0.87500000 0.31250000 0.06250000
v -0.87500000 0.33901650 0.07348350
v 0.45000000 0.33901650 0.07348350
v 0.45000000 0.31250000 0.06250000
v -0.87500000 0.35000000 0.10000000
v 0.45000000 0.35000000 0.10000000
v -0.87500000 0.33901650 0.12651650
v 0.45000000 0.33901650 0.12651650
v -0.87500000 0.31250000 0.13750000
v 0.45000000 0.31250000 0.13750000
v -0.87500000 0.28598350 0.12651650
v 0.45000000 0.28598350 0.12651650
v -0.87500000 0.27500000 0.10000000
v 0.45000000 0.27500000 0.10000000
v -0.87500000 0.28598350 0.07348350
v 0.45000000 0.28598350 0.07348350
v -0.87500000 0.31250000 0.10000000
v 0.45000000 0.31250000 0.10000000
v 0.43969795 0.31250000 0.06394285
v 0.44271535 0.33901650 0.07450375
v 0.53021535 0.33901650 0.04950375
v 0.52719795 0.31250000 0.03894285
v 0.53750000 0.35000000 0.07500000
v 0.45728465 0.33901650 0.12549625
v 0.54478465 0.33901650 0.10049625
v 0.46030205 0.31250000 0.13605715
v 0.54780205 0.31250000 0.11105715
v 0.45728465 0.28598350 0.12549625
v 0.54478465 0.28598350 0.10049625
v 0.53750000 0.27500000 0.07500000
v 0.44271535 0.28598350 0.07450375
v 0.53021535 0.28598350 0.04950375
v 0.53750000 0.31250000 0.07500000
v 0.50869170 0.31250000 0.05099307
v 0.51712945 0.33901650 0.05802455
v 0.57962945 0.33901650 -0.01697545
v 0.57119170 0.31250000 -0.02400692
v 0.60000000 0.35000000 -0.00000000
v 0.55787055 0.33901650 0.09197545
v 0.62037055 0.33901650 0.01697545
v 0.56630830 0.31250000 0.09900692
v 0.62880830 0.31250000 0.02400692
v 0.55787055 0.28598350 0.09197545
v 0.62037055 0.28598350 0.01697545
v 0.60000000 0.27500000 0.00000000
v 0.51712945 0.28598350 0.05802455
v 0.57962945 0.28598350 -0.01697545
v 0.60000000 0.31250000 0.00000000
v 0.56250000 0.31250000 0.00000000
v 0.57348350 0.33901650 0.00000000
v 0.57348350 0.33901650 -0.47500000
v 0.56250000 0.31250000 -0.47500000
v 0.60000000 0.35000000 -0.47500000
v 0.62651650 0.33901650 0.00000000
v 0.62651650 0.33901650 -0.47500000
v 0.63750000 0.31250000 0.00000000
v 0.63750000 0.31250000 -0.47500000
v 0.62651650 0.28598350 0.00000000
v 0.62651650 0.28598350 -0.47500000
v 0.60000000 0.27500000 -0.47500000
v 0.57348350 0.28598350 0.00000000
v 0.57348350 0.28598350 -0.47500000
v 0.60000000 0.31250000 -0.47500000
v -0.71250000 0.31250000 0.04250000
v -0.71250000 0.34629765 0.05348153
v -0.67500000 0.34629765 0.05348153
v -0.67500000 0.31250000 0.04250000
v -0.71250000 0.36718575 0.08223152
v -0.67500000 0.36718575 0.08223152
v -0.71250000 0.36718575 0.11776847
v -0.67500000 0.36718575 0.11776847
v -0.71250000 0.34629765 0.14651848
v -0.67500000 0.34629765 0.14651848
v -0.71250000 0.31250000 0.15750000
v -0.67500000 0.31250000 0.15750000
v -0.71250000 0.27870235 0.14651848
v -0.67500000 0.27870235 0.14651848
v -0.71250000 0.25781425 0.11776847
v -0.67500000 0.25781425 0.11776847
v -0.71250000 0.25781425 0.08223152
v -0.67500000 0.25781425 0.08223152
v -0.71250000 0.27870235 0.05348153
v -0.67500000 0.27870235 0.05348153
v -0.71250000 0.31250000 0.10000000
v -0.67500000 0.31250000 0.10000000
v -0.87500000 0.51250000 0.06250000
v -0.87500000 0.53901650 0.07348350
v 0.45000000 0.53901650 0.07348350
v 0.45000000 0.51250000 0.06250000
v -0.87500000 0.55000000 0.10000000
v 0.45000000 0.55000000 0.10000000
v -0.87500000 0.53901650 0.12651650
v 0.45000000 0.53901650 0.12651650
v -0.87500000 0.51250000 0.13750000
v 0.45000000 0.51250000 0.13750000
v -0.87500000 0.48598350 0.12651650
v 0.45000000 0.48598350 0.12651650
v -0.87500000 0.47500000 0.10000000
v 0.45000000 0.47500000 0.10000000
v -0.87500000 0.48598350 0.07348350
v 0.45000000 0.48598350 0.07348350
v -0.87500000 0.51250000 0.10000000
v 0.45000000 0.51250000 0.10000000
v 0.43969795 0.51250000 0.06394285
v 0.44271535 0.53901650 0.07450375
v 0.53021535 0.53901650 0.04950375
v 0.52719795 0.51250000 0.03894285
v 0.53750000 0.55000000 0.07500000
v 0.45728465 0.53901650 0.12549625
v 0.54478465 0.53901650 0.10049625
v 0.46030205 0.51250000 0.13605715
v 0.54780205 0.51250000 0.11105715
v 0.45728465 0.48598350 0.12549625
v 0.54478465 0.48598350 0.10049625
v 0.53750000 0.47500000 0.07500000
v 0.44271535 0.48598350 0.07450375
v 0.53021535 0.48598350 0.04950375
v 0.53750000 0.51250000 0.07500000
v 0.50869170 0.51250000 0.05099307
v 0.51712945 0.53901650 0.05802455
v 0.57962945 0.53901650 -0.01697545
v 0.57119170 0.51250000 -0.02400692
v 0.60000000 0.55000000 -0.00000000
v 0.55787055 0.53901650 0.09197545
v 0.62037055 0.53901650 0.01697545
v 0.56630830 0.51250000 0.09900692
v 0.62880830 0.51250000 0.02400692
v 0.55787055 0.48598350 0.09197545
v 0.62037055 0.48598350 0.01697545
v 0.60000000 0.47500000 0.00000000
v 0.51712945 0.48598350 0.05802455
v 0.57962945 0.48598350 -0.01697545
v 0.60000000 0.51250000 0.00000000
v 0.56250000 0.51250000 0.00000000
v 0.57348350 0.53901650 0.00000000
v 0.57348350 0.53901650 -0.47500000
v 0.56250000 0.51250000 -0.47500000
v 0.60000000 0.55000000 -0.47500000
v 0.62651650 0.53901650 0.00000000
v 0.62651650 0.53901650 -0.47500000
v 0.63750000 0.51250000 0.00000000
v 0.63750000 0.51250000 -0.47500000
v 0.62651650 0.48598350 0.00000000
v 0.62651650 0.48598350 -0.47500000
v 0.60000000 0.47500000 -0.47500000
v 0.57348350 0.48598350 0.00000000
v 0.57348350 0.48598350 -0.47500000
v 0.60000000 0.51250000 -0.47500000
v -0.71250000 0.51250000 0.04250000
v -0.71250000 0.54629765 0.05348153
v -0.67500000 0.54629765 0.05348153
v -0.67500000 0.51250000 0.04250000
v -0.71250000 0.56718575 0.08223152
v -0.67500000 0.56718575 0.08223152
v -0.71250000 0.56718575 0.11776847
v -0.67500000 0.56718575 0.11776847
v -0.71250000 0.54629765 0.14651848
v -0.67500000 0.54629765 0.14651848
v -0.71250000 0.51250000 0.15750000
v -0.67500000 0.51250000 0.15750000
v -0.71250000 0.47870235 0.14651848
v -0.67500000 0.47870235 0.14651848
v -0.71250000 0.45781425 0.11776847
v -0.67500000 0.45781425 0.11776847
v -0.71250000 0.45781425 0.08223152
v -0.67500000 0.45781425 0.08223152
v -0.71250000 0.47870235 0.05348153
v -0.67500000 0.47870235 0.05348153
v -0.71250000 0.51250000 0.10000000
v -0.67500000 0.51250000 0.10000000
vt 0.01562500 0.26562500
vt 0.23437500 0.26562500
vt 0.23437500 0.48437500
vt 0.01562500 0.48437500
vt 0.01562500 0.26562500
vt 0.23437500 0.26562500
vt 0.23437500 0.48437500
vt 0.01562500 0.48437500
vt 0.01562500 0.26562500
vt 0.23437500 0.26562500
vt 0.23437500 0.48437500
vt 0.01562500 0.48437500
vt 0.01562500 0.26562500
vt 0.23437500 0.26562500
vt 0.23437500 0.48437500
vt 0.01562500 0.48437500
vt 0.01562500 0.26562500
vt 0.23437500 0.26562500
vt 0.23437500 0.48437500
vt 0.01562500 0.48437500
vt 0.01562500 0.26562500
vt 0.23437500 0.26562500
vt 0.23437500 0.48437500
vt 0.01562500 0.48437500
vt 0.01562500 0.01562500
vt 0.23437500 0.01562500
vt 0.23437500 0.23437500
vt 0.01562500 0.23437500
vt 0.01562500 0.01562500
vt 0.23437500 0.01562500
vt 0.23437500 0.23437500
vt 0.01562500 0.23437500
vt 0.01562500 0.01562500
vt 0.23437500 0.01562500
vt 0.23437500 0.23437500
vt 0.01562500 0.23437500
vt 0.01562500 0.01562500
vt 0.23437500 0.01562500
vt 0.23437500 0.23437500
vt 0.01562500 0.23437500
vt 0.01562500 0.01562500
vt 0.23437500 0.01562500
vt 0.23437500 0.23437500
vt 0.01562500 0.23437500
vt 0.01562500 0.01562500
vt 0.23437500 0.01562500
vt 0.23437500 0.23437500
vt 0.01562500 0.23437500
vt 0.51562500 0.76562500
vt 0.73437500 0.76562500
vt 0.73437500 0.98437500
vt 0.51562500 0.98437500
vt 0.51562500 0.76562500
vt 0.73437500 0.76562500
vt 0.73437500 0.98437500
vt 0.51562500 0.98437500
vt 0.51562500 0.76562500
vt 0.73437500 0.76562500
vt 0.73437500 0.98437500
vt 0.51562500 0.98437500
vt 0.51562500 0.76562500
vt 0.73437500 0.76562500
vt 0.73437500 0.98437500
vt 0.51562500 0.98437500
vt 0.51562500 0.76562500
vt 0.73437500 0.76562500
vt 0.73437500 0.98437500
vt 0.51562500 0.98437500
vt 0.51562500 0.76562500
vt 0.73437500 0.76562500
vt 0.73437500 0.98437500
vt 0.51562500 0.98437500
vt 0.51562500 0.76562500
vt 0.73437500 0.76562500
vt 0.73437500 0.98437500
vt 0.51562500 0.98437500
vt 0.51562500 0.76562500
vt 0.73437500 0.76562500
vt 0.73437500 0.98437500
vt 0.51562500 0.98437500
vt 0.51562500 0.76562500
vt 0.73437500 0.76562500
vt 0.73437500 0.98437500
vt 0.51562500 0.98437500
vt 0.51562500 0.76562500
vt 0.73437500 0.76562500
vt 0.73437500 0.98437500
vt 0.51562500 0.98437500
vt 0.51562500 0.76562500
vt 0.73437500 0.76562500
vt 0.73437500 0.98437500
vt 0.51562500 0.98437500
vt 0.51562500 0.76562500
vt 0.73437500 0.76562500
vt 0.73437500 0.98437500
vt 0.51562500 0.98437500
vt 0.51562500 0.76562500
vt 0.73437500 0.76562500
vt 0.73437500 0.98437500
vt 0.51562500 0.98437500
vt 0.51562500 0.76562500
vt 0.73437500 0.76562500
vt 0.73437500 0.98437500
vt 0.51562500 0.98437500
vt 0.51562500 0.76562500
vt 0.73437500 0.76562500
vt 0.73437500 0.98437500
vt 0.51562500 0.98437500
vt 0.51562500 0.76562500
vt 0.73437500 0.76562500
vt 0.73437500 0.98437500
vt 0.51562500 0.98437500
vt 0.51562500 0.76562500
vt 0.73437500 0.76562500
vt 0.73437500 0.98437500
vt 0.51562500 0.98437500
vt 0.51562500 0.76562500
vt 0.73437500 0.76562500
vt 0.73437500 0.98437500
vt 0.51562500 0.98437500
vt 0.51562500 0.76562500
vt 0.73437500 0.76562500
vt 0.73437500 0.98437500
vt 0.51562500 0.98437500
vt 0.51562500 0.76562500
vt 0.73437500 0.76562500
vt 0.73437500 0.98437500
vt 0.51562500 0.98437500
vt 0.51562500 0.76562500
vt 0.73437500 0.76562500
vt 0.73437500 0.98437500
vt 0.51562500 0.98437500
vt 0.51562500 0.76562500
vt 0.73437500 0.76562500
vt 0.73437500 0.98437500
vt 0.51562500 0.98437500
vt 0.51562500 0.76562500
vt 0.73437500 0.76562500
vt 0.73437500 0.98437500
vt 0.51562500 0.98437500
vt 0.51562500 0.76562500
vt 0.73437500 0.76562500
vt 0.73437500 0.98437500
vt 0.51562500 0.98437500
vt 0.51562500 0.76562500
vt 0.73437500 0.76562500
vt 0.73437500 0.98437500
vt 0.51562500 0.98437500
vt 0.51562500 0.76562500
vt 0.73437500 0.76562500
vt 0.73437500 0.98437500
vt 0.51562500 0.98437500
vt 0.51562500 0.76562500
vt 0.73437500 0.76562500
vt 0.73437500 0.98437500
vt 0.51562500 0.98437500
vt 0.51562500 0.76562500
vt 0.73437500 0.76562500
vt 0.73437500 0.98437500
vt 0.51562500 0.98437500
vt 0.51562500 0.76562500
vt 0.73437500 0.76562500
vt 0.73437500 0.98437500
vt 0.51562500 0.98437500
vt 0.51562500 0.76562500
vt 0.73437500 0.76562500
vt 0.73437500 0.98437500
vt 0.51562500 0.98437500
vt 0.51562500 0.76562500
vt 0.73437500 0.76562500
vt 0.73437500 0.98437500
vt 0.51562500 0.98437500
vt 0.51562500 0.76562500
vt 0.73437500 0.76562500
vt 0.73437500 0.98437500
vt 0.51562500 0.98437500
vt 0.51562500 0.76562500
vt 0.73437500 0.76562500
vt 0.73437500 0.98437500
vt 0.51562500 0.98437500
vt 0.51562500 0.76562500
vt 0.73437500 0.76562500
vt 0.73437500 0.98437500
vt 0.51562500 0.98437500
vt 0.51562500 0.76562500
vt 0.73437500 0.76562500
vt 0.73437500 0.98437500
vt 0.51562500 0.98437500
vt 0.51562500 0.76562500
vt 0.73437500 0.76562500
vt 0.73437500 0.98437500
vt 0.51562500 0.98437500
vt 0.51562500 0.76562500
vt 0.73437500 0.76562500
vt 0.73437500 0.98437500
vt 0.51562500 0.98437500
vt 0.51562500 0.76562500
vt 0.73437500 0.76562500
vt 0.73437500 0.98437500
vt 0.51562500 0.98437500
vt 0.51562500 0.76562500
vt 0.73437500 0.76562500
vt 0.73437500 0.98437500
vt 0.51562500 0.98437500
vt 0.51562500 0.76562500
vt 0.73437500 0.76562500
vt 0.73437500 0.98437500
vt 0.51562500 0.98437500
vt 0.51562500 0.76562500
vt 0.73437500 0.76562500
vt 0.73437500 0.98437500
vt 0.51562500 0.98437500
vt 0.51562500 0.76562500
vt 0.73437500 0.76562500
vt 0.73437500 0.98437500
vt 0.51562500 0.98437500
vt 0.51562500 0.76562500
vt 0.73437500 0.76562500
vt 0.73437500 0.98437500
vt 0.51562500 0.98437500
vt 0.51562500 0.76562500
vt 0.73437500 0.76562500
vt 0.73437500 0.98437500
vt 0.51562500 0.98437500
vt 0.51562500 0.76562500
vt 0.73437500 0.76562500
vt 0.73437500 0.98437500
vt 0.51562500 0.98437500
vt 0.51562500 0.76562500
vt 0.73437500 0.76562500
vt 0.73437500 0.98437500
vt 0.51562500 0.98437500
vt 0.51562500 0.76562500
vt 0.73437500 0.76562500
vt 0.73437500 0.98437500
vt 0.51562500 0.98437500
vt 0.51562500 0.76562500
vt 0.73437500 0.76562500
vt 0.73437500 0.98437500
vt 0.51562500 0.98437500
vt 0.51562500 0.76562500
vt 0.73437500 0.76562500
vt 0.73437500 0.98437500
vt 0.51562500 0.98437500
vt 0.51562500 0.76562500
vt 0.73437500 0.76562500
vt 0.73437500 0.98437500
vt 0.51562500 0.98437500
vt 0.51562500 0.76562500
vt 0.73437500 0.76562500
vt 0.73437500 0.98437500
vt 0.51562500 0.98437500
vt 0.51562500 0.76562500
vt 0.73437500 0.76562500
vt 0.73437500 0.98437500
vt 0.51562500 0.98437500
vt 0.51562500 0.76562500
vt 0.73437500 0.76562500
vt 0.73437500 0.98437500
vt 0.51562500 0.98437500
vt 0.51562500 0.76562500
vt 0.73437500 0.76562500
vt 0.73437500 0.98437500
vt 0.51562500 0.98437500
vt 0.51562500 0.76562500
vt 0.73437500 0.76562500
vt 0.73437500 0.98437500
vt 0.51562500 0.98437500
vt 0.51562500 0.76562500
vt 0.73437500 0.76562500
vt 0.73437500 0.98437500
vt 0.51562500 0.98437500
vt 0.51562500 0.76562500
vt 0.73437500 0.76562500
vt 0.73437500 0.98437500
vt 0.51562500 0.98437500
vt 0.51562500 0.76562500
vt 0.73437500 0.76562500
vt 0.73437500 0.98437500
vt 0.51562500 0.98437500
vt 0.51562500 0.76562500
vt 0.73437500 0.76562500
vt 0.73437500 0.98437500
vt 0.51562500 0.98437500
vt 0.51562500 0.76562500
vt 0.73437500 0.76562500
vt 0.73437500 0.98437500
vt 0.51562500 0.98437500
vt 0.51562500 0.76562500
vt 0.73437500 0.76562500
vt 0.73437500 0.98437500
vt 0.51562500 0.98437500
vt 0.51562500 0.76562500
vt 0.73437500 0.76562500
vt 0.73437500 0.98437500
vt 0.51562500 0.98437500
vt 0.51562500 0.76562500
vt 0.73437500 0.76562500
vt 0.73437500 0.98437500
vt 0.51562500 0.98437500
vt 0.51562500 0.76562500
vt 0.73437500 0.76562500
vt 0.73437500 0.98437500
vt 0.51562500 0.98437500
vt 0.51562500 0.76562500
vt 0.73437500 0.76562500
vt 0.73437500 0.98437500
vt 0.51562500 0.98437500
vt 0.51562500 0.76562500
vt 0.73437500 0.76562500
vt 0.73437500 0.98437500
vt 0.51562500 0.98437500
vt 0.01562500 0.26562500
vt 0.23437500 0.26562500
vt 0.23437500 0.48437500
vt 0.01562500 0.48437500
vt 0.01562500 0.26562500
vt 0.23437500 0.26562500
vt 0.23437500 0.48437500
vt 0.01562500 0.48437500
vt 0.01562500 0.26562500
vt 0.23437500 0.26562500
vt 0.23437500 0.48437500
vt 0.01562500 0.48437500
vt 0.01562500 0.26562500
vt 0.23437500 0.26562500
vt 0.23437500 0.48437500
vt 0.01562500 0.48437500
vt 0.01562500 0.26562500
vt 0.23437500 0.26562500
vt 0.23437500 0.48437500
vt 0.01562500 0.48437500
vt 0.01562500 0.26562500
vt 0.23437500 0.26562500
vt 0.23437500 0.48437500
vt 0.01562500 0.48437500
vt 0.01562500 0.26562500
vt 0.23437500 0.26562500
vt 0.23437500 0.48437500
vt 0.01562500 0.48437500
vt 0.01562500 0.26562500
vt 0.23437500 0.26562500
vt 0.23437500 0.48437500
vt 0.01562500 0.48437500
vt 0.01562500 0.26562500
vt 0.23437500 0.26562500
vt 0.23437500 0.48437500
vt 0.01562500 0.48437500
vt 0.01562500 0.26562500
vt 0.23437500 0.26562500
vt 0.23437500 0.48437500
vt 0.01562500 0.48437500
vt 0.01562500 0.26562500
vt 0.23437500 0.26562500
vt 0.23437500 0.48437500
vt 0.01562500 0.48437500
vt 0.01562500 0.26562500
vt 0.23437500 0.26562500
vt 0.23437500 0.48437500
vt 0.01562500 0.48437500
vt 0.01562500 0.26562500
vt 0.23437500 0.26562500
vt 0.23437500 0.48437500
vt 0.01562500 0.48437500
vt 0.01562500 0.26562500
vt 0.23437500 0.26562500
vt 0.23437500 0.48437500
vt 0.01562500 0.48437500
vt 0.01562500 0.26562500
vt 0.23437500 0.26562500
vt 0.23437500 0.48437500
vt 0.01562500 0.48437500
vt 0.01562500 0.26562500
vt 0.23437500 0.26562500
vt 0.23437500 0.48437500
vt 0.01562500 0.48437500
vt 0.01562500 0.26562500
vt 0.23437500 0.26562500
vt 0.23437500 0.48437500
vt 0.01562500 0.48437500
vt 0.01562500 0.26562500
vt 0.23437500 0.26562500
vt 0.23437500 0.48437500
vt 0.01562500 0.48437500
vt 0.01562500 0.26562500
vt 0.23437500 0.26562500
vt 0.23437500 0.48437500
vt 0.01562500 0.48437500
vt 0.01562500 0.26562500
vt 0.23437500 0.26562500
vt 0.23437500 0.48437500
vt 0.01562500 0.48437500
vt 0.01562500 0.26562500
vt 0.23437500 0.26562500
vt 0.23437500 0.48437500
vt 0.01562500 0.48437500
vt 0.01562500 0.26562500
vt 0.23437500 0.26562500
vt 0.23437500 0.48437500
vt 0.01562500 0.48437500
vt 0.01562500 0.26562500
vt 0.23437500 0.26562500
vt 0.23437500 0.48437500
vt 0.01562500 0.48437500
vt 0.01562500 0.26562500
vt 0.23437500 0.26562500
vt 0.23437500 0.48437500
vt 0.01562500 0.48437500
vt 0.01562500 0.26562500
vt 0.23437500 0.26562500
vt 0.23437500 0.48437500
vt 0.01562500 0.48437500
vt 0.01562500 0.26562500
vt 0.23437500 0.26562500
vt 0.23437500 0.48437500
vt 0.01562500 0.48437500
vt 0.01562500 0.26562500
vt 0.23437500 0.26562500
vt 0.23437500 0.48437500
vt 0.01562500 0.48437500
vt 0.01562500 0.26562500
vt 0.23437500 0.26562500
vt 0.23437500 0.48437500
vt 0.01562500 0.48437500
vt 0.01562500 0.26562500
vt 0.23437500 0.26562500
vt 0.23437500 0.48437500
vt 0.01562500 0.48437500
vt 0.01562500 0.26562500
vt 0.23437500 0.26562500
vt 0.23437500 0.48437500
vt 0.01562500 0.48437500
vt 0.01562500 0.26562500
vt 0.23437500 0.26562500
vt 0.23437500 0.48437500
vt 0.01562500 0.48437500
vt 0.01562500 0.26562500
vt 0.23437500 0.26562500
vt 0.23437500 0.48437500
vt 0.01562500 0.48437500
vt 0.01562500 0.26562500
vt 0.23437500 0.26562500
vt 0.23437500 0.48437500
vt 0.01562500 0.48437500
vt 0.01562500 0.26562500
vt 0.23437500 0.26562500
vt 0.23437500 0.48437500
vt 0.01562500 0.48437500
vt 0.01562500 0.26562500
vt 0.23437500 0.26562500
vt 0.23437500 0.48437500
vt 0.01562500 0.48437500
vt 0.01562500 0.26562500
vt 0.23437500 0.26562500
vt 0.23437500 0.48437500
vt 0.01562500 0.48437500
vt 0.01562500 0.26562500
vt 0.23437500 0.26562500
vt 0.23437500 0.48437500
vt 0.01562500 0.48437500
vt 0.01562500 0.26562500
vt 0.23437500 0.26562500
vt 0.23437500 0.48437500
vt 0.01562500 0.48437500
vt 0.01562500 0.26562500
vt 0.23437500 0.26562500
vt 0.23437500 0.48437500
vt 0.01562500 0.48437500
vt 0.01562500 0.26562500
vt 0.23437500 0.26562500
vt 0.23437500 0.48437500
vt 0.01562500 0.48437500
vt 0.01562500 0.26562500
vt 0.23437500 0.26562500
vt 0.23437500 0.48437500
vt 0.01562500 0.48437500
vt 0.01562500 0.26562500
vt 0.23437500 0.26562500
vt 0.23437500 0.48437500
vt 0.01562500 0.48437500
vt 0.01562500 0.26562500
vt 0.23437500 0.26562500
vt 0.23437500 0.48437500
vt 0.01562500 0.48437500
vt 0.01562500 0.26562500
vt 0.23437500 0.26562500
vt 0.23437500 0.48437500
vt 0.01562500 0.48437500
vt 0.01562500 0.26562500
vt 0.23437500 0.26562500
vt 0.23437500 0.48437500
vt 0.01562500 0.48437500
vt 0.01562500 0.26562500
vt 0.23437500 0.26562500
vt 0.23437500 0.48437500
vt 0.01562500 0.48437500
vt 0.01562500 0.26562500
vt 0.23437500 0.26562500
vt 0.23437500 0.48437500
vt 0.01562500 0.48437500
vt 0.01562500 0.26562500
vt 0.23437500 0.26562500
vt 0.23437500 0.48437500
vt 0.01562500 0.48437500
vt 0.01562500 0.26562500
vt 0.23437500 0.26562500
vt 0.23437500 0.48437500
vt 0.01562500 0.48437500
vt 0.01562500 0.26562500
vt 0.23437500 0.26562500
vt 0.23437500 0.48437500
vt 0.01562500 0.48437500
vt 0.01562500 0.26562500
vt 0.23437500 0.26562500
vt 0.23437500 0.48437500
vt 0.01562500 0.48437500
vt 0.01562500 0.26562500
vt 0.23437500 0.26562500
vt 0.23437500 0.48437500
vt 0.01562500 0.48437500
vt 0.01562500 0.26562500
vt 0.23437500 0.26562500
vt 0.23437500 0.48437500
vt 0.01562500 0.48437500
vt 0.01562500 0.26562500
vt 0.23437500 0.26562500
vt 0.23437500 0.48437500
vt 0.01562500 0.48437500
vt 0.01562500 0.26562500
vt 0.23437500 0.26562500
vt 0.23437500 0.48437500
vt 0.01562500 0.48437500
vt 0.01562500 0.26562500
vt 0.23437500 0.26562500
vt 0.23437500 0.48437500
vt 0.01562500 0.48437500
vt 0.01562500 0.26562500
vt 0.23437500 0.26562500
vt 0.23437500 0.48437500
vt 0.01562500 0.48437500
vt 0.01562500 0.26562500
vt 0.23437500 0.26562500
vt 0.23437500 0.48437500
vt 0.01562500 0.48437500
vt 0.01562500 0.26562500
vt 0.23437500 0.26562500
vt 0.23437500 0.48437500
vt 0.01562500 0.48437500
vt 0.01562500 0.26562500
vt 0.23437500 0.26562500
vt 0.23437500 0.48437500
vt 0.01562500 0.48437500
vt 0.01562500 0.51562500
vt 0.23437500 0.51562500
vt 0.23437500 0.73437500
vt 0.01562500 0.73437500
vt 0.01562500 0.51562500
vt 0.23437500 0.51562500
vt 0.23437500 0.73437500
vt 0.01562500 0.73437500
vt 0.01562500 0.51562500
vt 0.23437500 0.51562500
vt 0.23437500 0.73437500
vt 0.01562500 0.73437500
vt 0.01562500 0.51562500
vt 0.23437500 0.51562500
vt 0.23437500 0.73437500
vt 0.01562500 0.73437500
vt 0.01562500 0.51562500
vt 0.23437500 0.51562500
vt 0.23437500 0.73437500
vt 0.01562500 0.73437500
vt 0.01562500 0.51562500
vt 0.23437500 0.51562500
vt 0.23437500 0.73437500
vt 0.01562500 0.73437500
vt 0.01562500 0.51562500
vt 0.23437500 0.51562500
vt 0.23437500 0.73437500
vt 0.01562500 0.73437500
vt 0.01562500 0.51562500
vt 0.23437500 0.51562500
vt 0.23437500 0.73437500
vt 0.01562500 0.73437500
vt 0.01562500 0.51562500
vt 0.23437500 0.51562500
vt 0.23437500 0.73437500
vt 0.01562500 0.51562500
vt 0.23437500 0.51562500
vt 0.23437500 0.73437500
vt 0.01562500 0.51562500
vt 0.23437500 0.51562500
vt 0.23437500 0.73437500
vt 0.01562500 0.51562500
vt 0.23437500 0.51562500
vt 0.23437500 0.73437500
vt 0.01562500 0.51562500
vt 0.23437500 0.51562500
vt 0.23437500 0.73437500
vt 0.01562500 0.51562500
vt 0.23437500 0.51562500
vt 0.23437500 0.73437500
vt 0.01562500 0.51562500
vt 0.23437500 0.51562500
vt 0.23437500 0.73437500
vt 0.01562500 0.51562500
vt 0.23437500 0.51562500
vt 0.23437500 0.73437500
vt 0.01562500 0.51562500
vt 0.23437500 0.51562500
vt 0.23437500 0.73437500
vt 0.01562500 0.51562500
vt 0.23437500 0.51562500
vt 0.23437500 0.73437500
vt 0.01562500 0.51562500
vt 0.23437500 0.51562500
vt 0.23437500 0.73437500
vt 0.01562500 0.51562500
vt 0.23437500 0.51562500
vt 0.23437500 0.73437500
vt 0.01562500 0.51562500
vt 0.23437500 0.51562500
vt 0.23437500 0.73437500
vt 0.01562500 0.51562500
vt 0.23437500 0.51562500
vt 0.23437500 0.73437500
vt 0.01562500 0.51562500
vt 0.23437500 0.51562500
vt 0.23437500 0.73437500
vt 0.01562500 0.51562500
vt 0.23437500 0.51562500
vt 0.23437500 0.73437500
vt 0.01562500 0.51562500
vt 0.23437500 0.51562500
vt 0.23437500 0.73437500
vt 0.01562500 0.73437500
vt 0.01562500 0.51562500
vt 0.23437500 0.51562500
vt 0.23437500 0.73437500
vt 0.01562500 0.73437500
vt 0.01562500 0.51562500
vt 0.23437500 0.51562500
vt 0.23437500 0.73437500
vt 0.01562500 0.73437500
vt 0.01562500 0.51562500
vt 0.23437500 0.51562500
vt 0.23437500 0.73437500
vt 0.01562500 0.73437500
vt 0.01562500 0.51562500
vt 0.23437500 0.51562500
vt 0.23437500 0.73437500
vt 0.01562500 0.73437500
vt 0.01562500 0.51562500
vt 0.23437500 0.51562500
vt 0.23437500 0.73437500
vt 0.01562500 0.73437500
vt 0.01562500 0.51562500
vt 0.23437500 0.51562500
vt 0.23437500 0.73437500
vt 0.01562500 0.73437500
vt 0.01562500 0.51562500
vt 0.23437500 0.51562500
vt 0.23437500 0.73437500
vt 0.01562500 0.73437500
vt 0.01562500 0.51562500
vt 0.23437500 0.51562500
vt 0.23437500 0.73437500
vt 0.01562500 0.51562500
vt 0.23437500 0.51562500
vt 0.23437500 0.73437500
vt 0.01562500 0.51562500
vt 0.23437500 0.51562500
vt 0.23437500 0.73437500
vt 0.01562500 0.51562500
vt 0.23437500 0.51562500
vt 0.23437500 0.73437500
vt 0.01562500 0.51562500
vt 0.23437500 0.51562500
vt 0.23437500 0.73437500
vt 0.01562500 0.51562500
vt 0.23437500 0.51562500
vt 0.23437500 0.73437500
vt 0.01562500 0.51562500
vt 0.23437500 0.51562500
vt 0.23437500 0.73437500
vt 0.01562500 0.51562500
vt 0.23437500 0.51562500
vt 0.23437500 0.73437500
vt 0.01562500 0.51562500
vt 0.23437500 0.51562500
vt 0.23437500 0.73437500
vt 0.01562500 0.51562500
vt 0.23437500 0.51562500
vt 0.23437500 0.73437500
vt 0.01562500 0.51562500
vt 0.23437500 0.51562500
vt 0.23437500 0.73437500
vt 0.01562500 0.51562500
vt 0.23437500 0.51562500
vt 0.23437500 0.73437500
vt 0.01562500 0.51562500
vt 0.23437500 0.51562500
vt 0.23437500 0.73437500
vt 0.01562500 0.51562500
vt 0.23437500 0.51562500
vt 0.23437500 0.73437500
vt 0.01562500 0.51562500
vt 0.23437500 0.51562500
vt 0.23437500 0.73437500
vt 0.01562500 0.51562500
vt 0.23437500 0.51562500
vt 0.23437500 0.73437500
vt 0.01562500 0.51562500
vt 0.23437500 0.51562500
vt 0.23437500 0.73437500
vt 0.01562500 0.73437500
vt 0.01562500 0.51562500
vt 0.23437500 0.51562500
vt 0.23437500 0.73437500
vt 0.01562500 0.73437500
vt 0.01562500 0.51562500
vt 0.23437500 0.51562500
vt 0.23437500 0.73437500
vt 0.01562500 0.73437500
vt 0.01562500 0.51562500
vt 0.23437500 0.51562500
vt 0.23437500 0.73437500
vt 0.01562500 0.73437500
vt 0.01562500 0.51562500
vt 0.23437500 0.51562500
vt 0.23437500 0.73437500
vt 0.01562500 0.73437500
vt 0.01562500 0.51562500
vt 0.23437500 0.51562500
vt 0.23437500 0.73437500
vt 0.01562500 0.73437500
vt 0.01562500 0.51562500
vt 0.23437500 0.51562500
vt 0.23437500 0.73437500
vt 0.01562500 0.73437500
vt 0.01562500 0.51562500
vt 0.23437500 0.51562500
vt 0.23437500 0.73437500
vt 0.01562500 0.73437500
vt 0.01562500 0.51562500
vt 0.23437500 0.51562500
vt 0.23437500 0.73437500
vt 0.01562500 0.51562500
vt 0.23437500 0.51562500
vt 0.23437500 0.73437500
vt 0.01562500 0.51562500
vt 0.23437500 0.51562500
vt 0.23437500 0.73437500
vt 0.01562500 0.51562500
vt 0.23437500 0.51562500
vt 0.23437500 0.73437500
vt 0.01562500 0.51562500
vt 0.23437500 0.51562500
vt 0.23437500 0.73437500
vt 0.01562500 0.51562500
vt 0.23437500 0.51562500
vt 0.23437500 0.73437500
vt 0.01562500 0.51562500
vt 0.23437500 0.51562500
vt 0.23437500 0.73437500
vt 0.01562500 0.51562500
vt 0.23437500 0.51562500
vt 0.23437500 0.73437500
vt 0.01562500 0.51562500
vt 0.23437500 0.51562500
vt 0.23437500 0.73437500
vt 0.01562500 0.51562500
vt 0.23437500 0.51562500
vt 0.23437500 0.73437500
vt 0.01562500 0.51562500
vt 0.23437500 0.51562500
vt 0.23437500 0.73437500
vt 0.01562500 0.51562500
vt 0.23437500 0.51562500
vt 0.23437500 0.73437500
vt 0.01562500 0.51562500
vt 0.23437500 0.51562500
vt 0.23437500 0.73437500
vt 0.01562500 0.51562500
vt 0.23437500 0.51562500
vt 0.23437500 0.73437500
vt 0.01562500 0.51562500
vt 0.23437500 0.51562500
vt 0.23437500 0.73437500
vt 0.01562500 0.51562500
vt 0.23437500 0.51562500
vt 0.23437500 0.73437500
vt 0.01562500 0.51562500
vt 0.23437500 0.51562500
vt 0.23437500 0.73437500
vt 0.01562500 0.73437500
vt 0.01562500 0.51562500
vt 0.23437500 0.51562500
vt 0.23437500 0.73437500
vt 0.01562500 0.73437500
vt 0.01562500 0.51562500
vt 0.23437500 0.51562500
vt 0.23437500 0.73437500
vt 0.01562500 0.73437500
vt 0.01562500 0.51562500
vt 0.23437500 0.51562500
vt 0.23437500 0.73437500
vt 0.01562500 0.73437500
vt 0.01562500 0.51562500
vt 0.23437500 0.51562500
vt 0.23437500 0.73437500
vt 0.01562500 0.73437500
vt 0.01562500 0.51562500
vt 0.23437500 0.51562500
vt 0.23437500 0.73437500
vt 0.01562500 0.73437500
vt 0.01562500 0.51562500
vt 0.23437500 0.51562500
vt 0.23437500 0.73437500
vt 0.01562500 0.73437500
vt 0.01562500 0.51562500
vt 0.23437500 0.51562500
vt 0.23437500 0.73437500
vt 0.01562500 0.73437500
vt 0.01562500 0.51562500
vt 0.23437500 0.51562500
vt 0.23437500 0.73437500
vt 0.01562500 0.51562500
vt 0.23437500 0.51562500
vt 0.23437500 0.73437500
vt 0.01562500 0.51562500
vt 0.23437500 0.51562500
vt 0.23437500 0.73437500
vt 0.01562500 0.51562500
vt 0.23437500 0.51562500
vt 0.23437500 0.73437500
vt 0.01562500 0.51562500
vt 0.23437500 0.51562500
vt 0.23437500 0.73437500
vt 0.01562500 0.51562500
vt 0.23437500 0.51562500
vt 0.23437500 0.73437500
vt 0.01562500 0.51562500
vt 0.23437500 0.51562500
vt 0.23437500 0.73437500
vt 0.01562500 0.51562500
vt 0.23437500 0.51562500
vt 0.23437500 0.73437500
vt 0.01562500 0.51562500
vt 0.23437500 0.51562500
vt 0.23437500 0.73437500
vt 0.01562500 0.51562500
vt 0.23437500 0.51562500
vt 0.23437500 0.73437500
vt 0.01562500 0.51562500
vt 0.23437500 0.51562500
vt 0.23437500 0.73437500
vt 0.01562500 0.51562500
vt 0.23437500 0.51562500
vt 0.23437500 0.73437500
vt 0.01562500 0.51562500
vt 0.23437500 0.51562500
vt 0.23437500 0.73437500
vt 0.01562500 0.51562500
vt 0.23437500 0.51562500
vt 0.23437500 0.73437500
vt 0.01562500 0.51562500
vt 0.23437500 0.51562500
vt 0.23437500 0.73437500
vt 0.01562500 0.51562500
vt 0.23437500 0.51562500
vt 0.23437500 0.73437500
vt 0.01562500 0.51562500
vt 0.23437500 0.51562500
vt 0.23437500 0.73437500
vt 0.01562500 0.73437500
vt 0.01562500 0.51562500
vt 0.23437500 0.51562500
vt 0.23437500 0.73437500
vt 0.01562500 0.73437500
vt 0.01562500 0.51562500
vt 0.23437500 0.51562500
vt 0.23437500 0.73437500
vt 0.01562500 0.73437500
vt 0.01562500 0.51562500
vt 0.23437500 0.51562500
vt 0.23437500 0.73437500
vt 0.01562500 0.73437500
vt 0.01562500 0.51562500
vt 0.23437500 0.51562500
vt 0.23437500 0.73437500
vt 0.01562500 0.73437500
vt 0.01562500 0.51562500
vt 0.23437500 0.51562500
vt 0.23437500 0.73437500
vt 0.01562500 0.73437500
vt 0.01562500 0.51562500
vt 0.23437500 0.51562500
vt 0.23437500 0.73437500
vt 0.01562500 0.73437500
vt 0.01562500 0.51562500
vt 0.23437500 0.51562500
vt 0.23437500 0.73437500
vt 0.01562500 0.73437500
vt 0.01562500 0.51562500
vt 0.23437500 0.51562500
vt 0.23437500 0.73437500
vt 0.01562500 0.51562500
vt 0.23437500 0.51562500
vt 0.23437500 0.73437500
vt 0.01562500 0.51562500
vt 0.23437500 0.51562500
vt 0.23437500 0.73437500
vt 0.01562500 0.51562500
vt 0.23437500 0.51562500
vt 0.23437500 0.73437500
vt 0.01562500 0.51562500
vt 0.23437500 0.51562500
vt 0.23437500 0.73437500
vt 0.01562500 0.51562500
vt 0.23437500 0.51562500
vt 0.23437500 0.73437500
vt 0.01562500 0.51562500
vt 0.23437500 0.51562500
vt 0.23437500 0.73437500
vt 0.01562500 0.51562500
vt 0.23437500 0.51562500
vt 0.23437500 0.73437500
vt 0.01562500 0.51562500
vt 0.23437500 0.51562500
vt 0.23437500 0.73437500
vt 0.01562500 0.51562500
vt 0.23437500 0.51562500
vt 0.23437500 0.73437500
vt 0.01562500 0.51562500
vt 0.23437500 0.51562500
vt 0.23437500 0.73437500
vt 0.01562500 0.51562500
vt 0.23437500 0.51562500
vt 0.23437500 0.73437500
vt 0.01562500 0.51562500
vt 0.23437500 0.51562500
vt 0.23437500 0.73437500
vt 0.01562500 0.51562500
vt 0.23437500 0.51562500
vt 0.23437500 0.73437500
vt 0.01562500 0.51562500
vt 0.23437500 0.51562500
vt 0.23437500 0.73437500
vt 0.01562500 0.51562500
vt 0.23437500 0.51562500
vt 0.23437500 0.73437500
vt 0.26562500 0.51562500
vt 0.48437500 0.51562500
vt 0.48437500 0.73437500
vt 0.26562500 0.73437500
vt 0.26562500 0.51562500
vt 0.48437500 0.51562500
vt 0.48437500 0.73437500
vt 0.26562500 0.73437500
vt 0.26562500 0.51562500
vt 0.48437500 0.51562500
vt 0.48437500 0.73437500
vt 0.26562500 0.73437500
vt 0.26562500 0.51562500
vt 0.48437500 0.51562500
vt 0.48437500 0.73437500
vt 0.26562500 0.73437500
vt 0.26562500 0.51562500
vt 0.48437500 0.51562500
vt 0.48437500 0.73437500
vt 0.26562500 0.73437500
vt 0.26562500 0.51562500
vt 0.48437500 0.51562500
vt 0.48437500 0.73437500
vt 0.26562500 0.73437500
vt 0.26562500 0.51562500
vt 0.48437500 0.51562500
vt 0.48437500 0.73437500
vt 0.26562500 0.73437500
vt 0.26562500 0.51562500
vt 0.48437500 0.51562500
vt 0.48437500 0.73437500
vt 0.26562500 0.73437500
vt 0.26562500 0.51562500
vt 0.48437500 0.51562500
vt 0.48437500 0.73437500
vt 0.26562500 0.51562500
vt 0.48437500 0.51562500
vt 0.48437500 0.73437500
vt 0.26562500 0.51562500
vt 0.48437500 0.51562500
vt 0.48437500 0.73437500
vt 0.26562500 0.51562500
vt 0.48437500 0.51562500
vt 0.48437500 0.73437500
vt 0.26562500 0.51562500
vt 0.48437500 0.51562500
vt 0.48437500 0.73437500
vt 0.26562500 0.51562500
vt 0.48437500 0.51562500
vt 0.48437500 0.73437500
vt 0.26562500 0.51562500
vt 0.48437500 0.51562500
vt 0.48437500 0.73437500
vt 0.26562500 0.51562500
vt 0.48437500 0.51562500
vt 0.48437500 0.73437500
vt 0.26562500 0.51562500
vt 0.48437500 0.51562500
vt 0.48437500 0.73437500
vt 0.26562500 0.51562500
vt 0.48437500 0.51562500
vt 0.48437500 0.73437500
vt 0.26562500 0.51562500
vt 0.48437500 0.51562500
vt 0.48437500 0.73437500
vt 0.26562500 0.51562500
vt 0.48437500 0.51562500
vt 0.48437500 0.73437500
vt 0.26562500 0.51562500
vt 0.48437500 0.51562500
vt 0.48437500 0.73437500
vt 0.26562500 0.51562500
vt 0.48437500 0.51562500
vt 0.48437500 0.73437500
vt 0.26562500 0.51562500
vt 0.48437500 0.51562500
vt 0.48437500 0.73437500
vt 0.26562500 0.51562500
vt 0.48437500 0.51562500
vt 0.48437500 0.73437500
vt 0.26562500 0.51562500
vt 0.48437500 0.51562500
vt 0.48437500 0.73437500
vt 0.26562500 0.73437500
vt 0.26562500 0.51562500
vt 0.48437500 0.51562500
vt 0.48437500 0.73437500
vt 0.26562500 0.73437500
vt 0.26562500 0.51562500
vt 0.48437500 0.51562500
vt 0.48437500 0.73437500
vt 0.26562500 0.73437500
vt 0.26562500 0.51562500
vt 0.48437500 0.51562500
vt 0.48437500 0.73437500
vt 0.26562500 0.73437500
vt 0.26562500 0.51562500
vt 0.48437500 0.51562500
vt 0.48437500 0.73437500
vt 0.26562500 0.73437500
vt 0.26562500 0.51562500
vt 0.48437500 0.51562500
vt 0.48437500 0.73437500
vt 0.26562500 0.73437500
vt 0.26562500 0.51562500
vt 0.48437500 0.51562500
vt 0.48437500 0.73437500
vt 0.26562500 0.73437500
vt 0.26562500 0.51562500
vt 0.48437500 0.51562500
vt 0.48437500 0.73437500
vt 0.26562500 0.73437500
vt 0.26562500 0.51562500
vt 0.48437500 0.51562500
vt 0.48437500 0.73437500
vt 0.26562500 0.51562500
vt 0.48437500 0.51562500
vt 0.48437500 0.73437500
vt 0.26562500 0.51562500
vt 0.48437500 0.51562500
vt 0.48437500 0.73437500
vt 0.26562500 0.51562500
vt 0.48437500 0.51562500
vt 0.48437500 0.73437500
vt 0.26562500 0.51562500
vt 0.48437500 0.51562500
vt 0.48437500 0.73437500
vt 0.26562500 0.51562500
vt 0.48437500 0.51562500
vt 0.48437500 0.73437500
vt 0.26562500 0.51562500
vt 0.48437500 0.51562500
vt 0.48437500 0.73437500
vt 0.26562500 0.51562500
vt 0.48437500 0.51562500
vt 0.48437500 0.73437500
vt 0.26562500 0.51562500
vt 0.48437500 0.51562500
vt 0.48437500 0.73437500
vt 0.26562500 0.51562500
vt 0.48437500 0.51562500
vt 0.48437500 0.73437500
vt 0.26562500 0.51562500
vt 0.48437500 0.51562500
vt 0.48437500 0.73437500
vt 0.26562500 0.51562500
vt 0.48437500 0.51562500
vt 0.48437500 0.73437500
vt 0.26562500 0.51562500
vt 0.48437500 0.51562500
vt 0.48437500 0.73437500
vt 0.26562500 0.51562500
vt 0.48437500 0.51562500
vt 0.48437500 0.73437500
vt 0.26562500 0.51562500
vt 0.48437500 0.51562500
vt 0.48437500 0.73437500
vt 0.26562500 0.51562500
vt 0.48437500 0.51562500
vt 0.48437500 0.73437500
vt 0.26562500 0.51562500
vt 0.48437500 0.51562500
vt 0.48437500 0.73437500
vt 0.26562500 0.73437500
vt 0.26562500 0.51562500
vt 0.48437500 0.51562500
vt 0.48437500 0.73437500
vt 0.26562500 0.73437500
vt 0.26562500 0.51562500
vt 0.48437500 0.51562500
vt 0.48437500 0.73437500
vt 0.26562500 0.73437500
vt 0.26562500 0.51562500
vt 0.48437500 0.51562500
vt 0.48437500 0.73437500
vt 0.26562500 0.73437500
vt 0.26562500 0.51562500
vt 0.48437500 0.51562500
vt 0.48437500 0.73437500
vt 0.26562500 0.73437500
vt 0.26562500 0.51562500
vt 0.48437500 0.51562500
vt 0.48437500 0.73437500
vt 0.26562500 0.73437500
vt 0.26562500 0.51562500
vt 0.48437500 0.51562500
vt 0.48437500 0.73437500
vt 0.26562500 0.73437500
vt 0.26562500 0.51562500
vt 0.48437500 0.51562500
vt 0.48437500 0.73437500
vt 0.26562500 0.73437500
vt 0.26562500 0.51562500
vt 0.48437500 0.51562500
vt 0.48437500 0.73437500
vt 0.26562500 0.51562500
vt 0.48437500 0.51562500
vt 0.48437500 0.73437500
vt 0.26562500 0.51562500
vt 0.48437500 0.51562500
vt 0.48437500 0.73437500
vt 0.26562500 0.51562500
vt 0.48437500 0.51562500
vt 0.48437500 0.73437500
vt 0.26562500 0.51562500
vt 0.48437500 0.51562500
vt 0.48437500 0.73437500
vt 0.26562500 0.51562500
vt 0.48437500 0.51562500
vt 0.48437500 0.73437500
vt 0.26562500 0.51562500
vt 0.48437500 0.51562500
vt 0.48437500 0.73437500
vt 0.26562500 0.51562500
vt 0.48437500 0.51562500
vt 0.48437500 0.73437500
vt 0.26562500 0.51562500
vt 0.48437500 0.51562500
vt 0.48437500 0.73437500
vt 0.26562500 0.51562500
vt 0.48437500 0.51562500
vt 0.48437500 0.73437500
vt 0.26562500 0.51562500
vt 0.48437500 0.51562500
vt 0.48437500 0.73437500
vt 0.26562500 0.51562500
vt 0.48437500 0.51562500
vt 0.48437500 0.73437500
vt 0.26562500 0.51562500
vt 0.48437500 0.51562500
vt 0.48437500 0.73437500
vt 0.26562500 0.51562500
vt 0.48437500 0.51562500
vt 0.48437500 0.73437500
vt 0.26562500 0.51562500
vt 0.48437500 0.51562500
vt 0.48437500 0.73437500
vt 0.26562500 0.51562500
vt 0.48437500 0.51562500
vt 0.48437500 0.73437500
vt 0.26562500 0.51562500
vt 0.48437500 0.51562500
vt 0.48437500 0.73437500
vt 0.26562500 0.73437500
vt 0.26562500 0.51562500
vt 0.48437500 0.51562500
vt 0.48437500 0.73437500
vt 0.26562500 0.73437500
vt 0.26562500 0.51562500
vt 0.48437500 0.51562500
vt 0.48437500 0.73437500
vt 0.26562500 0.73437500
vt 0.26562500 0.51562500
vt 0.48437500 0.51562500
vt 0.48437500 0.73437500
vt 0.26562500 0.73437500
vt 0.26562500 0.51562500
vt 0.48437500 0.51562500
vt 0.48437500 0.73437500
vt 0.26562500 0.73437500
vt 0.26562500 0.51562500
vt 0.48437500 0.51562500
vt 0.48437500 0.73437500
vt 0.26562500 0.73437500
vt 0.26562500 0.51562500
vt 0.48437500 0.51562500
vt 0.48437500 0.73437500
vt 0.26562500 0.73437500
vt 0.26562500 0.51562500
vt 0.48437500 0.51562500
vt 0.48437500 0.73437500
vt 0.26562500 0.73437500
vt 0.26562500 0.51562500
vt 0.48437500 0.51562500
vt 0.48437500 0.73437500
vt 0.26562500 0.51562500
vt 0.48437500 0.51562500
vt 0.48437500 0.73437500
vt 0.26562500 0.51562500
vt 0.48437500 0.51562500
vt 0.48437500 0.73437500
vt 0.26562500 0.51562500
vt 0.48437500 0.51562500
vt 0.48437500 0.73437500
vt 0.26562500 0.51562500
vt 0.48437500 0.51562500
vt 0.48437500 0.73437500
vt 0.26562500 0.51562500
vt 0.48437500 0.51562500
vt 0.48437500 0.73437500
vt 0.26562500 0.51562500
vt 0.48437500 0.51562500
vt 0.48437500 0.73437500
vt 0.26562500 0.51562500
vt 0.48437500 0.51562500
vt 0.48437500 0.73437500
vt 0.26562500 0.51562500
vt 0.48437500 0.51562500
vt 0.48437500 0.73437500
vt 0.26562500 0.51562500
vt 0.48437500 0.51562500
vt 0.48437500 0.73437500
vt 0.26562500 0.51562500
vt 0.48437500 0.51562500
vt 0.48437500 0.73437500
vt 0.26562500 0.51562500
vt 0.48437500 0.51562500
vt 0.48437500 0.73437500
vt 0.26562500 0.51562500
vt 0.48437500 0.51562500
vt 0.48437500 0.73437500
vt 0.26562500 0.51562500
vt 0.48437500 0.51562500
vt 0.48437500 0.73437500
vt 0.26562500 0.51562500
vt 0.48437500 0.51562500
vt 0.48437500 0.73437500
vt 0.26562500 0.51562500
vt 0.48437500 0.51562500
vt 0.48437500 0.73437500
vt 0.26562500 0.51562500
vt 0.48437500 0.51562500
vt 0.48437500 0.73437500
vt 0.26562500 0.73437500
vt 0.26562500 0.51562500
vt 0.48437500 0.51562500
vt 0.48437500 0.73437500
vt 0.26562500 0.73437500
vt 0.26562500 0.51562500
vt 0.48437500 0.51562500
vt 0.48437500 0.73437500
vt 0.26562500 0.73437500
vt 0.26562500 0.51562500
vt 0.48437500 0.51562500
vt 0.48437500 0.73437500
vt 0.26562500 0.73437500
vt 0.26562500 0.51562500
vt 0.48437500 0.51562500
vt 0.48437500 0.73437500
vt 0.26562500 0.73437500
vt 0.26562500 0.51562500
vt 0.48437500 0.51562500
vt 0.48437500 0.73437500
vt 0.26562500 0.73437500
vt 0.26562500 0.51562500
vt 0.48437500 0.51562500
vt 0.48437500 0.73437500
vt 0.26562500 0.73437500
vt 0.26562500 0.51562500
vt 0.48437500 0.51562500
vt 0.48437500 0.73437500
vt 0.26562500 0.73437500
vt 0.26562500 0.51562500
vt 0.48437500 0.51562500
vt 0.48437500 0.73437500
vt 0.26562500 0.51562500
vt 0.48437500 0.51562500
vt 0.48437500 0.73437500
vt 0.26562500 0.51562500
vt 0.48437500 0.51562500
vt 0.48437500 0.73437500
vt 0.26562500 0.51562500
vt 0.48437500 0.51562500
vt 0.48437500 0.73437500
vt 0.26562500 0.51562500
vt 0.48437500 0.51562500
vt 0.48437500 0.73437500
vt 0.26562500 0.51562500
vt 0.48437500 0.51562500
vt 0.48437500 0.73437500
vt 0.26562500 0.51562500
vt 0.48437500 0.51562500
vt 0.48437500 0.73437500
vt 0.26562500 0.51562500
vt 0.48437500 0.51562500
vt 0.48437500 0.73437500
vt 0.26562500 0.51562500
vt 0.48437500 0.51562500
vt 0.48437500 0.73437500
vt 0.26562500 0.51562500
vt 0.48437500 0.51562500
vt 0.48437500 0.73437500
vt 0.26562500 0.51562500
vt 0.48437500 0.51562500
vt 0.48437500 0.73437500
vt 0.26562500 0.51562500
vt 0.48437500 0.51562500
vt 0.48437500 0.73437500
vt 0.26562500 0.51562500
vt 0.48437500 0.51562500
vt 0.48437500 0.73437500
vt 0.26562500 0.51562500
vt 0.48437500 0.51562500
vt 0.48437500 0.73437500
vt 0.26562500 0.51562500
vt 0.48437500 0.51562500
vt 0.48437500 0.73437500
vt 0.26562500 0.51562500
vt 0.48437500 0.51562500
vt 0.48437500 0.73437500
vt 0.51562500 0.51562500
vt 0.73437500 0.51562500
vt 0.73437500 0.73437500
vt 0.51562500 0.73437500
vt 0.51562500 0.51562500
vt 0.73437500 0.51562500
vt 0.73437500 0.73437500
vt 0.51562500 0.73437500
vt 0.51562500 0.51562500
vt 0.73437500 0.51562500
vt 0.73437500 0.73437500
vt 0.51562500 0.73437500
vt 0.51562500 0.51562500
vt 0.73437500 0.51562500
vt 0.73437500 0.73437500
vt 0.51562500 0.73437500
vt 0.51562500 0.51562500
vt 0.73437500 0.51562500
vt 0.73437500 0.73437500
vt 0.51562500 0.73437500
vt 0.51562500 0.51562500
vt 0.73437500 0.51562500
vt 0.73437500 0.73437500
vt 0.51562500 0.73437500
vt 0.51562500 0.51562500
vt 0.73437500 0.51562500
vt 0.73437500 0.73437500
vt 0.51562500 0.73437500
vt 0.51562500 0.51562500
vt 0.73437500 0.51562500
vt 0.73437500 0.73437500
vt 0.51562500 0.73437500
vt 0.51562500 0.51562500
vt 0.73437500 0.51562500
vt 0.73437500 0.73437500
vt 0.51562500 0.51562500
vt 0.73437500 0.51562500
vt 0.73437500 0.73437500
vt 0.51562500 0.51562500
vt 0.73437500 0.51562500
vt 0.73437500 0.73437500
vt 0.51562500 0.51562500
vt 0.73437500 0.51562500
vt 0.73437500 0.73437500
vt 0.51562500 0.51562500
vt 0.73437500 0.51562500
vt 0.73437500 0.73437500
vt 0.51562500 0.51562500
vt 0.73437500 0.51562500
vt 0.73437500 0.73437500
vt 0.51562500 0.51562500
vt 0.73437500 0.51562500
vt 0.73437500 0.73437500
vt 0.51562500 0.51562500
vt 0.73437500 0.51562500
vt 0.73437500 0.73437500
vt 0.51562500 0.51562500
vt 0.73437500 0.51562500
vt 0.73437500 0.73437500
vt 0.51562500 0.51562500
vt 0.73437500 0.51562500
vt 0.73437500 0.73437500
vt 0.51562500 0.51562500
vt 0.73437500 0.51562500
vt 0.73437500 0.73437500
vt 0.51562500 0.51562500
vt 0.73437500 0.51562500
vt 0.73437500 0.73437500
vt 0.51562500 0.51562500
vt 0.73437500 0.51562500
vt 0.73437500 0.73437500
vt 0.51562500 0.51562500
vt 0.73437500 0.51562500
vt 0.73437500 0.73437500
vt 0.51562500 0.51562500
vt 0.73437500 0.51562500
vt 0.73437500 0.73437500
vt 0.51562500 0.51562500
vt 0.73437500 0.51562500
vt 0.73437500 0.73437500
vt 0.51562500 0.51562500
vt 0.73437500 0.51562500
vt 0.73437500 0.73437500
vt 0.51562500 0.73437500
vt 0.51562500 0.51562500
vt 0.73437500 0.51562500
vt 0.73437500 0.73437500
vt 0.51562500 0.73437500
vt 0.51562500 0.51562500
vt 0.73437500 0.51562500
vt 0.73437500 0.73437500
vt 0.51562500 0.73437500
vt 0.51562500 0.51562500
vt 0.73437500 0.51562500
vt 0.73437500 0.73437500
vt 0.51562500 0.73437500
vt 0.51562500 0.51562500
vt 0.73437500 0.51562500
vt 0.73437500 0.73437500
vt 0.51562500 0.73437500
vt 0.51562500 0.51562500
vt 0.73437500 0.51562500
vt 0.73437500 0.73437500
vt 0.51562500 0.73437500
vt 0.51562500 0.51562500
vt 0.73437500 0.51562500
vt 0.73437500 0.73437500
vt 0.51562500 0.73437500
vt 0.51562500 0.51562500
vt 0.73437500 0.51562500
vt 0.73437500 0.73437500
vt 0.51562500 0.73437500
vt 0.51562500 0.51562500
vt 0.73437500 0.51562500
vt 0.73437500 0.73437500
vt 0.51562500 0.51562500
vt 0.73437500 0.51562500
vt 0.73437500 0.73437500
vt 0.51562500 0.51562500
vt 0.73437500 0.51562500
vt 0.73437500 0.73437500
vt 0.51562500 0.51562500
vt 0.73437500 0.51562500
vt 0.73437500 0.73437500
vt 0.51562500 0.51562500
vt 0.73437500 0.51562500
vt 0.73437500 0.73437500
vt 0.51562500 0.51562500
vt 0.73437500 0.51562500
vt 0.73437500 0.73437500
vt 0.51562500 0.51562500
vt 0.73437500 0.51562500
vt 0.73437500 0.73437500
vt 0.51562500 0.51562500
vt 0.73437500 0.51562500
vt 0.73437500 0.73437500
vt 0.51562500 0.51562500
vt 0.73437500 0.51562500
vt 0.73437500 0.73437500
vt 0.51562500 0.51562500
vt 0.73437500 0.51562500
vt 0.73437500 0.73437500
vt 0.51562500 0.51562500
vt 0.73437500 0.51562500
vt 0.73437500 0.73437500
vt 0.51562500 0.51562500
vt 0.73437500 0.51562500
vt 0.73437500 0.73437500
vt 0.51562500 0.51562500
vt 0.73437500 0.51562500
vt 0.73437500 0.73437500
vt 0.51562500 0.51562500
vt 0.73437500 0.51562500
vt 0.73437500 0.73437500
vt 0.51562500 0.51562500
vt 0.73437500 0.51562500
vt 0.73437500 0.73437500
vt 0.51562500 0.51562500
vt 0.73437500 0.51562500
vt 0.73437500 0.73437500
vt 0.51562500 0.51562500
vt 0.73437500 0.51562500
vt 0.73437500 0.73437500
vt 0.51562500 0.73437500
vt 0.51562500 0.51562500
vt 0.73437500 0.51562500
vt 0.73437500 0.73437500
vt 0.51562500 0.73437500
vt 0.51562500 0.51562500
vt 0.73437500 0.51562500
vt 0.73437500 0.73437500
vt 0.51562500 0.73437500
vt 0.51562500 0.51562500
vt 0.73437500 0.51562500
vt 0.73437500 0.73437500
vt 0.51562500 0.73437500
vt 0.51562500 0.51562500
vt 0.73437500 0.51562500
vt 0.73437500 0.73437500
vt 0.51562500 0.73437500
vt 0.51562500 0.51562500
vt 0.73437500 0.51562500
vt 0.73437500 0.73437500
vt 0.51562500 0.73437500
vt 0.51562500 0.51562500
vt 0.73437500 0.51562500
vt 0.73437500 0.73437500
vt 0.51562500 0.73437500
vt 0.51562500 0.51562500
vt 0.73437500 0.51562500
vt 0.73437500 0.73437500
vt 0.51562500 0.73437500
vt 0.51562500 0.51562500
vt 0.73437500 0.51562500
vt 0.73437500 0.73437500
vt 0.51562500 0.51562500
vt 0.73437500 0.51562500
vt 0.73437500 0.73437500
vt 0.51562500 0.51562500
vt 0.73437500 0.51562500
vt 0.73437500 0.73437500
vt 0.51562500 0.51562500
vt 0.73437500 0.51562500
vt 0.73437500 0.73437500
vt 0.51562500 0.51562500
vt 0.73437500 0.51562500
vt 0.73437500 0.73437500
vt 0.51562500 0.51562500
vt 0.73437500 0.51562500
vt 0.73437500 0.73437500
vt 0.51562500 0.51562500
vt 0.73437500 0.51562500
vt 0.73437500 0.73437500
vt 0.51562500 0.51562500
vt 0.73437500 0.51562500
vt 0.73437500 0.73437500
vt 0.51562500 0.51562500
vt 0.73437500 0.51562500
vt 0.73437500 0.73437500
vt 0.51562500 0.51562500
vt 0.73437500 0.51562500
vt 0.73437500 0.73437500
vt 0.51562500 0.51562500
vt 0.73437500 0.51562500
vt 0.73437500 0.73437500
vt 0.51562500 0.51562500
vt 0.73437500 0.51562500
vt 0.73437500 0.73437500
vt 0.51562500 0.51562500
vt 0.73437500 0.51562500
vt 0.73437500 0.73437500
vt 0.51562500 0.51562500
vt 0.73437500 0.51562500
vt 0.73437500 0.73437500
vt 0.51562500 0.51562500
vt 0.73437500 0.51562500
vt 0.73437500 0.73437500
vt 0.51562500 0.51562500
vt 0.73437500 0.51562500
vt 0.73437500 0.73437500
vt 0.51562500 0.51562500
vt 0.73437500 0.51562500
vt 0.73437500 0.73437500
vt 0.51562500 0.73437500
vt 0.51562500 0.51562500
vt 0.73437500 0.51562500
vt 0.73437500 0.73437500
vt 0.51562500 0.73437500
vt 0.51562500 0.51562500
vt 0.73437500 0.51562500
vt 0.73437500 0.73437500
vt 0.51562500 0.73437500
vt 0.51562500 0.51562500
vt 0.73437500 0.51562500
vt 0.73437500 0.73437500
vt 0.51562500 0.73437500
vt 0.51562500 0.51562500
vt 0.73437500 0.51562500
vt 0.73437500 0.73437500
vt 0.51562500 0.73437500
vt 0.51562500 0.51562500
vt 0.73437500 0.51562500
vt 0.73437500 0.73437500
vt 0.51562500 0.73437500
vt 0.51562500 0.51562500
vt 0.73437500 0.51562500
vt 0.73437500 0.73437500
vt 0.51562500 0.73437500
vt 0.51562500 0.51562500
vt 0.73437500 0.51562500
vt 0.73437500 0.73437500
vt 0.51562500 0.73437500
vt 0.51562500 0.51562500
vt 0.73437500 0.51562500
vt 0.73437500 0.73437500
vt 0.51562500 0.51562500
vt 0.73437500 0.51562500
vt 0.73437500 0.73437500
vt 0.51562500 0.51562500
vt 0.73437500 0.51562500
vt 0.73437500 0.73437500
vt 0.51562500 0.51562500
vt 0.73437500 0.51562500
vt 0.73437500 0.73437500
vt 0.51562500 0.51562500
vt 0.73437500 0.51562500
vt 0.73437500 0.73437500
vt 0.51562500 0.51562500
vt 0.73437500 0.51562500
vt 0.73437500 0.73437500
vt 0.51562500 0.51562500
vt 0.73437500 0.51562500
vt 0.73437500 0.73437500
vt 0.51562500 0.51562500
vt 0.73437500 0.51562500
vt 0.73437500 0.73437500
vt 0.51562500 0.51562500
vt 0.73437500 0.51562500
vt 0.73437500 0.73437500
vt 0.51562500 0.51562500
vt 0.73437500 0.51562500
vt 0.73437500 0.73437500
vt 0.51562500 0.51562500
vt 0.73437500 0.51562500
vt 0.73437500 0.73437500
vt 0.51562500 0.51562500
vt 0.73437500 0.51562500
vt 0.73437500 0.73437500
vt 0.51562500 0.51562500
vt 0.73437500 0.51562500
vt 0.73437500 0.73437500
vt 0.51562500 0.51562500
vt 0.73437500 0.51562500
vt 0.73437500 0.73437500
vt 0.51562500 0.51562500
vt 0.73437500 0.51562500
vt 0.73437500 0.73437500
vt 0.51562500 0.51562500
vt 0.73437500 0.51562500
vt 0.73437500 0.73437500
vt 0.51562500 0.51562500
vt 0.73437500 0.51562500
vt 0.73437500 0.73437500
vt 0.51562500 0.73437500
vt 0.51562500 0.51562500
vt 0.73437500 0.51562500
vt 0.73437500 0.73437500
vt 0.51562500 0.73437500
vt 0.51562500 0.51562500
vt 0.73437500 0.51562500
vt 0.73437500 0.73437500
vt 0.51562500 0.73437500
vt 0.51562500 0.51562500
vt 0.73437500 0.51562500
vt 0.73437500 0.73437500
vt 0.51562500 0.73437500
vt 0.51562500 0.51562500
vt 0.73437500 0.51562500
vt 0.73437500 0.73437500
vt 0.51562500 0.73437500
vt 0.51562500 0.51562500
vt 0.73437500 0.51562500
vt 0.73437500 0.73437500
vt 0.51562500 0.73437500
vt 0.51562500 0.51562500
vt 0.73437500 0.51562500
vt 0.73437500 0.73437500
vt 0.51562500 0.73437500
vt 0.51562500 0.51562500
vt 0.73437500 0.51562500
vt 0.73437500 0.73437500
vt 0.51562500 0.73437500
vt 0.51562500 0.51562500
vt 0.73437500 0.51562500
vt 0.73437500 0.73437500
vt 0.51562500 0.51562500
vt 0.73437500 0.51562500
vt 0.73437500 0.73437500
vt 0.51562500 0.51562500
vt 0.73437500 0.51562500
vt 0.73437500 0.73437500
vt 0.51562500 0.51562500
vt 0.73437500 0.51562500
vt 0.73437500 0.73437500
vt 0.51562500 0.51562500
vt 0.73437500 0.51562500
vt 0.73437500 0.73437500
vt 0.51562500 0.51562500
vt 0.73437500 0.51562500
vt 0.73437500 0.73437500
vt 0.51562500 0.51562500
vt 0.73437500 0.51562500
vt 0.73437500 0.73437500
vt 0.51562500 0.51562500
vt 0.73437500 0.51562500
vt 0.73437500 0.73437500
vt 0.51562500 0.51562500
vt 0.73437500 0.51562500
vt 0.73437500 0.73437500
vt 0.51562500 0.51562500
vt 0.73437500 0.51562500
vt 0.73437500 0.73437500
vt 0.51562500 0.51562500
vt 0.73437500 0.51562500
vt 0.73437500 0.73437500
vt 0.51562500 0.51562500
vt 0.73437500 0.51562500
vt 0.73437500 0.73437500
vt 0.51562500 0.51562500
vt 0.73437500 0.51562500
vt 0.73437500 0.73437500
vt 0.51562500 0.51562500
vt 0.73437500 0.51562500
vt 0.73437500 0.73437500
vt 0.51562500 0.51562500
vt 0.73437500 0.51562500
vt 0.73437500 0.73437500
vt 0.51562500 0.51562500
vt 0.73437500 0.51562500
vt 0.73437500 0.73437500
vt 0.26562500 0.51562500
vt 0.48437500 0.51562500
vt 0.48437500 0.73437500
vt 0.26562500 0.73437500
vt 0.26562500 0.51562500
vt 0.48437500 0.51562500
vt 0.48437500 0.73437500
vt 0.26562500 0.73437500
vt 0.26562500 0.51562500
vt 0.48437500 0.51562500
vt 0.48437500 0.73437500
vt 0.26562500 0.73437500
vt 0.26562500 0.51562500
vt 0.48437500 0.51562500
vt 0.48437500 0.73437500
vt 0.26562500 0.73437500
vt 0.26562500 0.51562500
vt 0.48437500 0.51562500
vt 0.48437500 0.73437500
vt 0.26562500 0.73437500
vt 0.26562500 0.51562500
vt 0.48437500 0.51562500
vt 0.48437500 0.73437500
vt 0.26562500 0.73437500
vt 0.26562500 0.51562500
vt 0.48437500 0.51562500
vt 0.48437500 0.73437500
vt 0.26562500 0.73437500
vt 0.26562500 0.51562500
vt 0.48437500 0.51562500
vt 0.48437500 0.73437500
vt 0.26562500 0.73437500
vt 0.26562500 0.51562500
vt 0.48437500 0.51562500
vt 0.48437500 0.73437500
vt 0.26562500 0.51562500
vt 0.48437500 0.51562500
vt 0.48437500 0.73437500
vt 0.26562500 0.51562500
vt 0.48437500 0.51562500
vt 0.48437500 0.73437500
vt 0.26562500 0.51562500
vt 0.48437500 0.51562500
vt 0.48437500 0.73437500
vt 0.26562500 0.51562500
vt 0.48437500 0.51562500
vt 0.48437500 0.73437500
vt 0.26562500 0.51562500
vt 0.48437500 0.51562500
vt 0.48437500 0.73437500
vt 0.26562500 0.51562500
vt 0.48437500 0.51562500
vt 0.48437500 0.73437500
vt 0.26562500 0.51562500
vt 0.48437500 0.51562500
vt 0.48437500 0.73437500
vt 0.26562500 0.51562500
vt 0.48437500 0.51562500
vt 0.48437500 0.73437500
vt 0.26562500 0.51562500
vt 0.48437500 0.51562500
vt 0.48437500 0.73437500
vt 0.26562500 0.51562500
vt 0.48437500 0.51562500
vt 0.48437500 0.73437500
vt 0.26562500 0.51562500
vt 0.48437500 0.51562500
vt 0.48437500 0.73437500
vt 0.26562500 0.51562500
vt 0.48437500 0.51562500
vt 0.48437500 0.73437500
vt 0.26562500 0.51562500
vt 0.48437500 0.51562500
vt 0.48437500 0.73437500
vt 0.26562500 0.51562500
vt 0.48437500 0.51562500
vt 0.48437500 0.73437500
vt 0.26562500 0.51562500
vt 0.48437500 0.51562500
vt 0.48437500 0.73437500
vt 0.26562500 0.51562500
vt 0.48437500 0.51562500
vt 0.48437500 0.73437500
vt 0.26562500 0.73437500
vt 0.26562500 0.51562500
vt 0.48437500 0.51562500
vt 0.48437500 0.73437500
vt 0.26562500 0.73437500
vt 0.26562500 0.51562500
vt 0.48437500 0.51562500
vt 0.48437500 0.73437500
vt 0.26562500 0.73437500
vt 0.26562500 0.51562500
vt 0.48437500 0.51562500
vt 0.48437500 0.73437500
vt 0.26562500 0.73437500
vt 0.26562500 0.51562500
vt 0.48437500 0.51562500
vt 0.48437500 0.73437500
vt 0.26562500 0.73437500
vt 0.26562500 0.51562500
vt 0.48437500 0.51562500
vt 0.48437500 0.73437500
vt 0.26562500 0.73437500
vt 0.26562500 0.51562500
vt 0.48437500 0.51562500
vt 0.48437500 0.73437500
vt 0.26562500 0.73437500
vt 0.26562500 0.51562500
vt 0.48437500 0.51562500
vt 0.48437500 0.73437500
vt 0.26562500 0.73437500
vt 0.26562500 0.51562500
vt 0.48437500 0.51562500
vt 0.48437500 0.73437500
vt 0.26562500 0.51562500
vt 0.48437500 0.51562500
vt 0.48437500 0.73437500
vt 0.26562500 0.51562500
vt 0.48437500 0.51562500
vt 0.48437500 0.73437500
vt 0.26562500 0.51562500
vt 0.48437500 0.51562500
vt 0.48437500 0.73437500
vt 0.26562500 0.51562500
vt 0.48437500 0.51562500
vt 0.48437500 0.73437500
vt 0.26562500 0.51562500
vt 0.48437500 0.51562500
vt 0.48437500 0.73437500
vt 0.26562500 0.51562500
vt 0.48437500 0.51562500
vt 0.48437500 0.73437500
vt 0.26562500 0.51562500
vt 0.48437500 0.51562500
vt 0.48437500 0.73437500
vt 0.26562500 0.51562500
vt 0.48437500 0.51562500
vt 0.48437500 0.73437500
vt 0.26562500 0.51562500
vt 0.48437500 0.51562500
vt 0.48437500 0.73437500
vt 0.26562500 0.51562500
vt 0.48437500 0.51562500
vt 0.48437500 0.73437500
vt 0.26562500 0.51562500
vt 0.48437500 0.51562500
vt 0.48437500 0.73437500
vt 0.26562500 0.51562500
vt 0.48437500 0.51562500
vt 0.48437500 0.73437500
vt 0.26562500 0.51562500
vt 0.48437500 0.51562500
vt 0.48437500 0.73437500
vt 0.26562500 0.51562500
vt 0.48437500 0.51562500
vt 0.48437500 0.73437500
vt 0.26562500 0.51562500
vt 0.48437500 0.51562500
vt 0.48437500 0.73437500
vt 0.26562500 0.51562500
vt 0.48437500 0.51562500
vt 0.48437500 0.73437500
vt 0.26562500 0.73437500
vt 0.26562500 0.51562500
vt 0.48437500 0.51562500
vt 0.48437500 0.73437500
vt 0.26562500 0.73437500
vt 0.26562500 0.51562500
vt 0.48437500 0.51562500
vt 0.48437500 0.73437500
vt 0.26562500 0.73437500
vt 0.26562500 0.51562500
vt 0.48437500 0.51562500
vt 0.48437500 0.73437500
vt 0.26562500 0.73437500
vt 0.26562500 0.51562500
vt 0.48437500 0.51562500
vt 0.48437500 0.73437500
vt 0.26562500 0.73437500
vt 0.26562500 0.51562500
vt 0.48437500 0.51562500
vt 0.48437500 0.73437500
vt 0.26562500 0.73437500
vt 0.26562500 0.51562500
vt 0.48437500 0.51562500
vt 0.48437500 0.73437500
vt 0.26562500 0.73437500
vt 0.26562500 0.51562500
vt 0.48437500 0.51562500
vt 0.48437500 0.73437500
vt 0.26562500 0.73437500
vt 0.26562500 0.51562500
vt 0.48437500 0.51562500
vt 0.48437500 0.73437500
vt 0.26562500 0.51562500
vt 0.48437500 0.51562500
vt 0.48437500 0.73437500
vt 0.26562500 0.51562500
vt 0.48437500 0.51562500
vt 0.48437500 0.73437500
vt 0.26562500 0.51562500
vt 0.48437500 0.51562500
vt 0.48437500 0.73437500
vt 0.26562500 0.51562500
vt 0.48437500 0.51562500
vt 0.48437500 0.73437500
vt 0.26562500 0.51562500
vt 0.48437500 0.51562500
vt 0.48437500 0.73437500
vt 0.26562500 0.51562500
vt 0.48437500 0.51562500
vt 0.48437500 0.73437500
vt 0.26562500 0.51562500
vt 0.48437500 0.51562500
vt 0.48437500 0.73437500
vt 0.26562500 0.51562500
vt 0.48437500 0.51562500
vt 0.48437500 0.73437500
vt 0.26562500 0.51562500
vt 0.48437500 0.51562500
vt 0.48437500 0.73437500
vt 0.26562500 0.51562500
vt 0.48437500 0.51562500
vt 0.48437500 0.73437500
vt 0.26562500 0.51562500
vt 0.48437500 0.51562500
vt 0.48437500 0.73437500
vt 0.26562500 0.51562500
vt 0.48437500 0.51562500
vt 0.48437500 0.73437500
vt 0.26562500 0.51562500
vt 0.48437500 0.51562500
vt 0.48437500 0.73437500
vt 0.26562500 0.51562500
vt 0.48437500 0.51562500
vt 0.48437500 0.73437500
vt 0.26562500 0.51562500
vt 0.48437500 0.51562500
vt 0.48437500 0.73437500
vt 0.26562500 0.51562500
vt 0.48437500 0.51562500
vt 0.48437500 0.73437500
vt 0.26562500 0.73437500
vt 0.26562500 0.51562500
vt 0.48437500 0.51562500
vt 0.48437500 0.73437500
vt 0.26562500 0.73437500
vt 0.26562500 0.51562500
vt 0.48437500 0.51562500
vt 0.48437500 0.73437500
vt 0.26562500 0.73437500
vt 0.26562500 0.51562500
vt 0.48437500 0.51562500
vt 0.48437500 0.73437500
vt 0.26562500 0.73437500
vt 0.26562500 0.51562500
vt 0.48437500 0.51562500
vt 0.48437500 0.73437500
vt 0.26562500 0.73437500
vt 0.26562500 0.51562500
vt 0.48437500 0.51562500
vt 0.48437500 0.73437500
vt 0.26562500 0.73437500
vt 0.26562500 0.51562500
vt 0.48437500 0.51562500
vt 0.48437500 0.73437500
vt 0.26562500 0.73437500
vt 0.26562500 0.51562500
vt 0.48437500 0.51562500
vt 0.48437500 0.73437500
vt 0.26562500 0.73437500
vt 0.26562500 0.51562500
vt 0.48437500 0.51562500
vt 0.48437500 0.73437500
vt 0.26562500 0.51562500
vt 0.48437500 0.51562500
vt 0.48437500 0.73437500
vt 0.26562500 0.51562500
vt 0.48437500 0.51562500
vt 0.48437500 0.73437500
vt 0.26562500 0.51562500
vt 0.48437500 0.51562500
vt 0.48437500 0.73437500
vt 0.26562500 0.51562500
vt 0.48437500 0.51562500
vt 0.48437500 0.73437500
vt 0.26562500 0.51562500
vt 0.48437500 0.51562500
vt 0.48437500 0.73437500
vt 0.26562500 0.51562500
vt 0.48437500 0.51562500
vt 0.48437500 0.73437500
vt 0.26562500 0.51562500
vt 0.48437500 0.51562500
vt 0.48437500 0.73437500
vt 0.26562500 0.51562500
vt 0.48437500 0.51562500
vt 0.48437500 0.73437500
vt 0.26562500 0.51562500
vt 0.48437500 0.51562500
vt 0.48437500 0.73437500
vt 0.26562500 0.51562500
vt 0.48437500 0.51562500
vt 0.48437500 0.73437500
vt 0.26562500 0.51562500
vt 0.48437500 0.51562500
vt 0.48437500 0.73437500
vt 0.26562500 0.51562500
vt 0.48437500 0.51562500
vt 0.48437500 0.73437500
vt 0.26562500 0.51562500
vt 0.48437500 0.51562500
vt 0.48437500 0.73437500
vt 0.26562500 0.51562500
vt 0.48437500 0.51562500
vt 0.48437500 0.73437500
vt 0.26562500 0.51562500
vt 0.48437500 0.51562500
vt 0.48437500 0.73437500
vt 0.51562500 0.76562500
vt 0.73437500 0.76562500
vt 0.73437500 0.98437500
vt 0.51562500 0.98437500
vt 0.51562500 0.76562500
vt 0.73437500 0.76562500
vt 0.73437500 0.98437500
vt 0.51562500 0.98437500
vt 0.51562500 0.76562500
vt 0.73437500 0.76562500
vt 0.73437500 0.98437500
vt 0.51562500 0.98437500
vt 0.51562500 0.76562500
vt 0.73437500 0.76562500
vt 0.73437500 0.98437500
vt 0.51562500 0.98437500
vt 0.51562500 0.76562500
vt 0.73437500 0.76562500
vt 0.73437500 0.98437500
vt 0.51562500 0.98437500
vt 0.51562500 0.76562500
vt 0.73437500 0.76562500
vt 0.73437500 0.98437500
vt 0.51562500 0.98437500
vt 0.51562500 0.76562500
vt 0.73437500 0.76562500
vt 0.73437500 0.98437500
vt 0.51562500 0.98437500
vt 0.51562500 0.76562500
vt 0.73437500 0.76562500
vt 0.73437500 0.98437500
vt 0.51562500 0.98437500
vt 0.51562500 0.76562500
vt 0.73437500 0.76562500
vt 0.73437500 0.98437500
vt 0.51562500 0.98437500
vt 0.51562500 0.76562500
vt 0.73437500 0.76562500
vt 0.73437500 0.98437500
vt 0.51562500 0.98437500
vt 0.51562500 0.76562500
vt 0.73437500 0.76562500
vt 0.73437500 0.98437500
vt 0.51562500 0.76562500
vt 0.73437500 0.76562500
vt 0.73437500 0.98437500
vt 0.51562500 0.76562500
vt 0.73437500 0.76562500
vt 0.73437500 0.98437500
vt 0.51562500 0.76562500
vt 0.73437500 0.76562500
vt 0.73437500 0.98437500
vt 0.51562500 0.76562500
vt 0.73437500 0.76562500
vt 0.73437500 0.98437500
vt 0.51562500 0.76562500
vt 0.73437500 0.76562500
vt 0.73437500 0.98437500
vt 0.51562500 0.76562500
vt 0.73437500 0.76562500
vt 0.73437500 0.98437500
vt 0.51562500 0.76562500
vt 0.73437500 0.76562500
vt 0.73437500 0.98437500
vt 0.51562500 0.76562500
vt 0.73437500 0.76562500
vt 0.73437500 0.98437500
vt 0.51562500 0.76562500
vt 0.73437500 0.76562500
vt 0.73437500 0.98437500
vt 0.51562500 0.76562500
vt 0.73437500 0.76562500
vt 0.73437500 0.98437500
vt 0.51562500 0.76562500
vt 0.73437500 0.76562500
vt 0.73437500 0.98437500
vt 0.51562500 0.76562500
vt 0.73437500 0.76562500
vt 0.73437500 0.98437500
vt 0.51562500 0.76562500
vt 0.73437500 0.76562500
vt 0.73437500 0.98437500
vt 0.51562500 0.76562500
vt 0.73437500 0.76562500
vt 0.73437500 0.98437500
vt 0.51562500 0.76562500
vt 0.73437500 0.76562500
vt 0.73437500 0.98437500
vt 0.51562500 0.76562500
vt 0.73437500 0.76562500
vt 0.73437500 0.98437500
vt 0.51562500 0.76562500
vt 0.73437500 0.76562500
vt 0.73437500 0.98437500
vt 0.51562500 0.76562500
vt 0.73437500 0.76562500
vt 0.73437500 0.98437500
vt 0.51562500 0.76562500
vt 0.73437500 0.76562500
vt 0.73437500 0.98437500
vt 0.26562500 0.51562500
vt 0.48437500 0.51562500
vt 0.48437500 0.73437500
vt 0.26562500 0.73437500
vt 0.26562500 0.51562500
vt 0.48437500 0.51562500
vt 0.48437500 0.73437500
vt 0.26562500 0.73437500
vt 0.26562500 0.51562500
vt 0.48437500 0.51562500
vt 0.48437500 0.73437500
vt 0.26562500 0.73437500
vt 0.26562500 0.51562500
vt 0.48437500 0.51562500
vt 0.48437500 0.73437500
vt 0.26562500 0.73437500
vt 0.26562500 0.51562500
vt 0.48437500 0.51562500
vt 0.48437500 0.73437500
vt 0.26562500 0.73437500
vt 0.26562500 0.51562500
vt 0.48437500 0.51562500
vt 0.48437500 0.73437500
vt 0.26562500 0.73437500
vt 0.26562500 0.51562500
vt 0.48437500 0.51562500
vt 0.48437500 0.73437500
vt 0.26562500 0.73437500
vt 0.26562500 0.51562500
vt 0.48437500 0.51562500
vt 0.48437500 0.73437500
vt 0.26562500 0.73437500
vt 0.26562500 0.51562500
vt 0.48437500 0.51562500
vt 0.48437500 0.73437500
vt 0.26562500 0.51562500
vt 0.48437500 0.51562500
vt 0.48437500 0.73437500
vt 0.26562500 0.51562500
vt 0.48437500 0.51562500
vt 0.48437500 0.73437500
vt 0.26562500 0.51562500
vt 0.48437500 0.51562500
vt 0.48437500 0.73437500
vt 0.26562500 0.51562500
vt 0.48437500 0.51562500
vt 0.48437500 0.73437500
vt 0.26562500 0.51562500
vt 0.48437500 0.51562500
vt 0.48437500 0.73437500
vt 0.26562500 0.51562500
vt 0.48437500 0.51562500
vt 0.48437500 0.73437500
vt 0.26562500 0.51562500
vt 0.48437500 0.51562500
vt 0.48437500 0.73437500
vt 0.26562500 0.51562500
vt 0.48437500 0.51562500
vt 0.48437500 0.73437500
vt 0.26562500 0.51562500
vt 0.48437500 0.51562500
vt 0.48437500 0.73437500
vt 0.26562500 0.51562500
vt 0.48437500 0.51562500
vt 0.48437500 0.73437500
vt 0.26562500 0.51562500
vt 0.48437500 0.51562500
vt 0.48437500 0.73437500
vt 0.26562500 0.51562500
vt 0.48437500 0.51562500
vt 0.48437500 0.73437500
vt 0.26562500 0.51562500
vt 0.48437500 0.51562500
vt 0.48437500 0.73437500
vt 0.26562500 0.51562500
vt 0.48437500 0.51562500
vt 0.48437500 0.73437500
vt 0.26562500 0.51562500
vt 0.48437500 0.51562500
vt 0.48437500 0.73437500
vt 0.26562500 0.51562500
vt 0.48437500 0.51562500
vt 0.48437500 0.73437500
vt 0.26562500 0.73437500
vt 0.26562500 0.51562500
vt 0.48437500 0.51562500
vt 0.48437500 0.73437500
vt 0.26562500 0.73437500
vt 0.26562500 0.51562500
vt 0.48437500 0.51562500
vt 0.48437500 0.73437500
vt 0.26562500 0.73437500
vt 0.26562500 0.51562500
vt 0.48437500 0.51562500
vt 0.48437500 0.73437500
vt 0.26562500 0.73437500
vt 0.26562500 0.51562500
vt 0.48437500 0.51562500
vt 0.48437500 0.73437500
vt 0.26562500 0.73437500
vt 0.26562500 0.51562500
vt 0.48437500 0.51562500
vt 0.48437500 0.73437500
vt 0.26562500 0.73437500
vt 0.26562500 0.51562500
vt 0.48437500 0.51562500
vt 0.48437500 0.73437500
vt 0.26562500 0.73437500
vt 0.26562500 0.51562500
vt 0.48437500 0.51562500
vt 0.48437500 0.73437500
vt 0.26562500 0.73437500
vt 0.26562500 0.51562500
vt 0.48437500 0.51562500
vt 0.48437500 0.73437500
vt 0.26562500 0.51562500
vt 0.48437500 0.51562500
vt 0.48437500 0.73437500
vt 0.26562500 0.51562500
vt 0.48437500 0.51562500
vt 0.48437500 0.73437500
vt 0.26562500 0.51562500
vt 0.48437500 0.51562500
vt 0.48437500 0.73437500
vt 0.26562500 0.51562500
vt 0.48437500 0.51562500
vt 0.48437500 0.73437500
vt 0.26562500 0.51562500
vt 0.48437500 0.51562500
vt 0.48437500 0.73437500
vt 0.26562500 0.51562500
vt 0.48437500 0.51562500
vt 0.48437500 0.73437500
vt 0.26562500 0.51562500
vt 0.48437500 0.51562500
vt 0.48437500 0.73437500
vt 0.26562500 0.51562500
vt 0.48437500 0.51562500
vt 0.48437500 0.73437500
vt 0.26562500 0.51562500
vt 0.48437500 0.51562500
vt 0.48437500 0.73437500
vt 0.26562500 0.51562500
vt 0.48437500 0.51562500
vt 0.48437500 0.73437500
vt 0.26562500 0.51562500
vt 0.48437500 0.51562500
vt 0.48437500 0.73437500
vt 0.26562500 0.51562500
vt 0.48437500 0.51562500
vt 0.48437500 0.73437500
vt 0.26562500 0.51562500
vt 0.48437500 0.51562500
vt 0.48437500 0.73437500
vt 0.26562500 0.51562500
vt 0.48437500 0.51562500
vt 0.48437500 0.73437500
vt 0.26562500 0.51562500
vt 0.48437500 0.51562500
vt 0.48437500 0.73437500
vt 0.26562500 0.51562500
vt 0.48437500 0.51562500
vt 0.48437500 0.73437500
vt 0.26562500 0.73437500
vt 0.26562500 0.51562500
vt 0.48437500 0.51562500
vt 0.48437500 0.73437500
vt 0.26562500 0.73437500
vt 0.26562500 0.51562500
vt 0.48437500 0.51562500
vt 0.48437500 0.73437500
vt 0.26562500 0.73437500
vt 0.26562500 0.51562500
vt 0.48437500 0.51562500
vt 0.48437500 0.73437500
vt 0.26562500 0.73437500
vt 0.26562500 0.51562500
vt 0.48437500 0.51562500
vt 0.48437500 0.73437500
vt 0.26562500 0.73437500
vt 0.26562500 0.51562500
vt 0.48437500 0.51562500
vt 0.48437500 0.73437500
vt 0.26562500 0.73437500
vt 0.26562500 0.51562500
vt 0.48437500 0.51562500
vt 0.48437500 0.73437500
vt 0.26562500 0.73437500
vt 0.26562500 0.51562500
vt 0.48437500 0.51562500
vt 0.48437500 0.73437500
vt 0.26562500 0.73437500
vt 0.26562500 0.51562500
vt 0.48437500 0.51562500
vt 0.48437500 0.73437500
vt 0.26562500 0.51562500
vt 0.48437500 0.51562500
vt 0.48437500 0.73437500
vt 0.26562500 0.51562500
vt 0.48437500 0.51562500
vt 0.48437500 0.73437500
vt 0.26562500 0.51562500
vt 0.48437500 0.51562500
vt 0.48437500 0.73437500
vt 0.26562500 0.51562500
vt 0.48437500 0.51562500
vt 0.48437500 0.73437500
vt 0.26562500 0.51562500
vt 0.48437500 0.51562500
vt 0.48437500 0.73437500
vt 0.26562500 0.51562500
vt 0.48437500 0.51562500
vt 0.48437500 0.73437500
vt 0.26562500 0.51562500
vt 0.48437500 0.51562500
vt 0.48437500 0.73437500
vt 0.26562500 0.51562500
vt 0.48437500 0.51562500
vt 0.48437500 0.73437500
vt 0.26562500 0.51562500
vt 0.48437500 0.51562500
vt 0.48437500 0.73437500
vt 0.26562500 0.51562500
vt 0.48437500 0.51562500
vt 0.48437500 0.73437500
vt 0.26562500 0.51562500
vt 0.48437500 0.51562500
vt 0.48437500 0.73437500
vt 0.26562500 0.51562500
vt 0.48437500 0.51562500
vt 0.48437500 0.73437500
vt 0.26562500 0.51562500
vt 0.48437500 0.51562500
vt 0.48437500 0.73437500
vt 0.26562500 0.51562500
vt 0.48437500 0.51562500
vt 0.48437500 0.73437500
vt 0.26562500 0.51562500
vt 0.48437500 0.51562500
vt 0.48437500 0.73437500
vt 0.26562500 0.51562500
vt 0.48437500 0.51562500
vt 0.48437500 0.73437500
vt 0.26562500 0.73437500
vt 0.26562500 0.51562500
vt 0.48437500 0.51562500
vt 0.48437500 0.73437500
vt 0.26562500 0.73437500
vt 0.26562500 0.51562500
vt 0.48437500 0.51562500
vt 0.48437500 0.73437500
vt 0.26562500 0.73437500
vt 0.26562500 0.51562500
vt 0.48437500 0.51562500
vt 0.48437500 0.73437500
vt 0.26562500 0.73437500
vt 0.26562500 0.51562500
vt 0.48437500 0.51562500
vt 0.48437500 0.73437500
vt 0.26562500 0.73437500
vt 0.26562500 0.51562500
vt 0.48437500 0.51562500
vt 0.48437500 0.73437500
vt 0.26562500 0.73437500
vt 0.26562500 0.51562500
vt 0.48437500 0.51562500
vt 0.48437500 0.73437500
vt 0.26562500 0.73437500
vt 0.26562500 0.51562500
vt 0.48437500 0.51562500
vt 0.48437500 0.73437500
vt 0.26562500 0.73437500
vt 0.26562500 0.51562500
vt 0.48437500 0.51562500
vt 0.48437500 0.73437500
vt 0.26562500 0.51562500
vt 0.48437500 0.51562500
vt 0.48437500 0.73437500
vt 0.26562500 0.51562500
vt 0.48437500 0.51562500
vt 0.48437500 0.73437500
vt 0.26562500 0.51562500
vt 0.48437500 0.51562500
vt 0.48437500 0.73437500
vt 0.26562500 0.51562500
vt 0.48437500 0.51562500
vt 0.48437500 0.73437500
vt 0.26562500 0.51562500
vt 0.48437500 0.51562500
vt 0.48437500 0.73437500
vt 0.26562500 0.51562500
vt 0.48437500 0.51562500
vt 0.48437500 0.73437500
vt 0.26562500 0.51562500
vt 0.48437500 0.51562500
vt 0.48437500 0.73437500
vt 0.26562500 0.51562500
vt 0.48437500 0.51562500
vt 0.48437500 0.73437500
vt 0.26562500 0.51562500
vt 0.48437500 0.51562500
vt 0.48437500 0.73437500
vt 0.26562500 0.51562500
vt 0.48437500 0.51562500
vt 0.48437500 0.73437500
vt 0.26562500 0.51562500
vt 0.48437500 0.51562500
vt 0.48437500 0.73437500
vt 0.26562500 0.51562500
vt 0.48437500 0.51562500
vt 0.48437500 0.73437500
vt 0.26562500 0.51562500
vt 0.48437500 0.51562500
vt 0.48437500 0.73437500
vt 0.26562500 0.51562500
vt 0.48437500 0.51562500
vt 0.48437500 0.73437500
vt 0.26562500 0.51562500
vt 0.48437500 0.51562500
vt 0.48437500 0.73437500
vt 0.51562500 0.76562500
vt 0.73437500 0.76562500
vt 0.73437500 0.98437500
vt 0.51562500 0.98437500
vt 0.51562500 0.76562500
vt 0.73437500 0.76562500
vt 0.73437500 0.98437500
vt 0.51562500 0.98437500
vt 0.51562500 0.76562500
vt 0.73437500 0.76562500
vt 0.73437500 0.98437500
vt 0.51562500 0.98437500
vt 0.51562500 0.76562500
vt 0.73437500 0.76562500
vt 0.73437500 0.98437500
vt 0.51562500 0.98437500
vt 0.51562500 0.76562500
vt 0.73437500 0.76562500
vt 0.73437500 0.98437500
vt 0.51562500 0.98437500
vt 0.51562500 0.76562500
vt 0.73437500 0.76562500
vt 0.73437500 0.98437500
vt 0.51562500 0.98437500
vt 0.51562500 0.76562500
vt 0.73437500 0.76562500
vt 0.73437500 0.98437500
vt 0.51562500 0.98437500
vt 0.51562500 0.76562500
vt 0.73437500 0.76562500
vt 0.73437500 0.98437500
vt 0.51562500 0.98437500
vt 0.51562500 0.76562500
vt 0.73437500 0.76562500
vt 0.73437500 0.98437500
vt 0.51562500 0.98437500
vt 0.51562500 0.76562500
vt 0.73437500 0.76562500
vt 0.73437500 0.98437500
vt 0.51562500 0.98437500
vt 0.51562500 0.76562500
vt 0.73437500 0.76562500
vt 0.73437500 0.98437500
vt 0.51562500 0.76562500
vt 0.73437500 0.76562500
vt 0.73437500 0.98437500
vt 0.51562500 0.76562500
vt 0.73437500 0.76562500
vt 0.73437500 0.98437500
vt 0.51562500 0.76562500
vt 0.73437500 0.76562500
vt 0.73437500 0.98437500
vt 0.51562500 0.76562500
vt 0.73437500 0.76562500
vt 0.73437500 0.98437500
vt 0.51562500 0.76562500
vt 0.73437500 0.76562500
vt 0.73437500 0.98437500
vt 0.51562500 0.76562500
vt 0.73437500 0.76562500
vt 0.73437500 0.98437500
vt 0.51562500 0.76562500
vt 0.73437500 0.76562500
vt 0.73437500 0.98437500
vt 0.51562500 0.76562500
vt 0.73437500 0.76562500
vt 0.73437500 0.98437500
vt 0.51562500 0.76562500
vt 0.73437500 0.76562500
vt 0.73437500 0.98437500
vt 0.51562500 0.76562500
vt 0.73437500 0.76562500
vt 0.73437500 0.98437500
vt 0.51562500 0.76562500
vt 0.73437500 0.76562500
vt 0.73437500 0.98437500
vt 0.51562500 0.76562500
vt 0.73437500 0.76562500
vt 0.73437500 0.98437500
vt 0.51562500 0.76562500
vt 0.73437500 0.76562500
vt 0.73437500 0.98437500
vt 0.51562500 0.76562500
vt 0.73437500 0.76562500
vt 0.73437500 0.98437500
vt 0.51562500 0.76562500
vt 0.73437500 0.76562500
vt 0.73437500 0.98437500
vt 0.51562500 0.76562500
vt 0.73437500 0.76562500
vt 0.73437500 0.98437500
vt 0.51562500 0.76562500
vt 0.73437500 0.76562500
vt 0.73437500 0.98437500
vt 0.51562500 0.76562500
vt 0.73437500 0.76562500
vt 0.73437500 0.98437500
vt 0.51562500 0.76562500
vt 0.73437500 0.76562500
vt 0.73437500 0.98437500
vn 0.00000000 0.00000000 -1.00000000
vn 0.00000000 0.00000000 1.00000000
vn -1.00000000 0.00000000 0.00000000
vn 1.00000000 0.00000000 0.00000000
vn 0.00000000 -1.00000000 0.00000000
vn 0.00000000 1.00000000 0.00000000
vn 0.00000000 0.00000000 -1.00000000
vn 0.00000000 0.00000000 1.00000000
vn -1.00000000 0.00000000 0.00000000
vn 1.00000000 0.00000000 0.00000000
vn 0.00000000 -1.00000000 0.00000000
vn 0.00000000 1.00000000 0.00000000
vn 0.00000000 0.00000000 -1.00000000
vn 0.00000000 0.00000000 1.00000000
vn -1.00000000 0.00000000 0.00000000
vn 1.00000000 0.00000000 0.00000000
vn 0.00000000 -1.00000000 0.00000000
vn 0.00000000 1.00000000 0.00000000
vn 0.00000000 0.00000000 -1.00000000
vn 0.00000000 0.00000000 1.00000000
vn -1.00000000 0.00000000 0.00000000
vn 1.00000000 0.00000000 0.00000000
vn 0.00000000 -1.00000000 0.00000000
vn 0.00000000 1.00000000 0.00000000
vn 0.00000000 0.00000000 -1.00000000
vn 0.00000000 0.00000000 1.00000000
vn -1.00000000 0.00000000 0.00000000
vn 1.00000000 0.00000000 0.00000000
vn 0.00000000 -1.00000000 0.00000000
vn 0.00000000 1.00000000 0.00000000
vn 0.00000000 0.00000000 -1.00000000
vn 0.00000000 0.00000000 1.00000000
vn -1.00000000 0.00000000 0.00000000
vn 1.00000000 0.00000000 0.00000000
vn 0.00000000 -1.00000000 0.00000000
vn 0.00000000 1.00000000 0.00000000
vn 0.00000000 0.00000000 -1.00000000
vn 0.00000000 0.00000000 1.00000000
vn -1.00000000 0.00000000 0.00000000
vn 1.00000000 0.00000000 0.00000000
vn 0.00000000 -1.00000000 0.00000000
vn 0.00000000 1.00000000 0.00000000
vn 0.00000000 0.00000000 -1.00000000
vn 0.00000000 0.00000000 1.00000000
vn -1.00000000 0.00000000 0.00000000
vn 1.00000000 0.00000000 0.00000000
vn 0.00000000 -1.00000000 0.00000000
vn 0.00000000 1.00000000 0.00000000
vn 0.00000000 0.00000000 -1.00000000
vn 0.00000000 0.00000000 1.00000000
vn -1.00000000 0.00000000 0.00000000
vn 1.00000000 0.00000000 0.00000000
vn 0.00000000 -1.00000000 0.00000000
vn 0.00000000 1.00000000 0.00000000
vn 0.00000000 0.00000000 -1.00000000
vn 0.00000000 0.00000000 1.00000000
vn -1.00000000 0.00000000 0.00000000
vn 1.00000000 0.00000000 0.00000000
vn 0.00000000 -1.00000000 0.00000000
vn 0.00000000 1.00000000 0.00000000
vn 0.00000000 0.00000000 -1.00000000
vn 0.00000000 0.00000000 1.00000000
vn -1.00000000 0.00000000 0.00000000
vn 1.00000000 0.00000000 0.00000000
vn 0.00000000 -1.00000000 0.00000000
vn 0.00000000 1.00000000 0.00000000
vn 0.00000000 0.00000000 -1.00000000
vn 0.00000000 0.00000000 1.00000000
vn -1.00000000 0.00000000 0.00000000
vn 1.00000000 0.00000000 0.00000000
vn 0.00000000 -1.00000000 0.00000000
vn 0.00000000 1.00000000 0.00000000
vn 0.00000000 0.00000000 -1.00000000
vn 0.00000000 0.00000000 1.00000000
vn -1.00000000 0.00000000 0.00000000
vn 1.00000000 0.00000000 0.00000000
vn 0.00000000 -1.00000000 0.00000000
vn 0.00000000 1.00000000 0.00000000
vn 0.00000000 0.00000000 -1.00000000
vn 0.00000000 0.00000000 1.00000000
vn -1.00000000 0.00000000 0.00000000
vn 1.00000000 0.00000000 0.00000000
vn 0.00000000 -1.00000000 0.00000000
vn 0.00000000 1.00000000 0.00000000
vn 0.00000000 0.00000000 -1.00000000
vn 0.00000000 0.00000000 1.00000000
vn -1.00000000 0.00000000 0.00000000
vn 1.00000000 0.00000000 0.00000000
vn 0.00000000 -1.00000000 0.00000000
vn 0.00000000 1.00000000 0.00000000
vn 0.00000000 0.00000000 -1.00000000
vn 0.00000000 0.00000000 1.00000000
vn -1.00000000 0.00000000 0.00000000
vn 1.00000000 0.00000000 0.00000000
vn 0.00000000 -1.00000000 0.00000000
vn 0.00000000 1.00000000 0.00000000
vn 0.00000000 0.00000000 -1.00000000
vn 0.00000000 0.00000000 1.00000000
vn -1.00000000 0.00000000 0.00000000
vn 1.00000000 0.00000000 0.00000000
vn 0.00000000 -1.00000000 0.00000000
vn 0.00000000 1.00000000 0.00000000
vn 0.00000000 0.00000000 -1.00000000
vn 0.00000000 0.00000000 1.00000000
vn -1.00000000 0.00000000 0.00000000
vn 1.00000000 0.00000000 0.00000000
vn 0.00000000 -1.00000000 0.00000000
vn 0.00000000 1.00000000 0.00000000
vn 0.00000000 0.00000000 -1.00000000
vn 0.00000000 0.00000000 1.00000000
vn -1.00000000 0.00000000 0.00000000
vn 1.00000000 0.00000000 0.00000000
vn 0.00000000 -1.00000000 0.00000000
vn 0.00000000 1.00000000 0.00000000
vn 0.00000000 0.00000000 -1.00000000
vn 0.00000000 0.00000000 1.00000000
vn -1.00000000 0.00000000 0.00000000
vn 1.00000000 0.00000000 0.00000000
vn 0.00000000 -1.00000000 0.00000000
vn 0.00000000 1.00000000 0.00000000
vn 0.00000000 0.00000000 -1.00000000
vn 0.00000000 0.00000000 1.00000000
vn -1.00000000 0.00000000 0.00000000
vn 1.00000000 0.00000000 0.00000000
vn 0.00000000 -1.00000000 0.00000000
vn 0.00000000 1.00000000 0.00000000
vn 0.00000000 0.00000000 -1.00000000
vn 0.00000000 0.00000000 1.00000000
vn -1.00000000 0.00000000 0.00000000
vn 1.00000000 0.00000000 0.00000000
vn 0.00000000 -1.00000000 0.00000000
vn 0.00000000 1.00000000 0.00000000
vn 0.00000000 0.00000000 -1.00000000
vn 0.00000000 0.00000000 1.00000000
vn -1.00000000 0.00000000 0.00000000
vn 1.00000000 0.00000000 0.00000000
vn 0.00000000 -1.00000000 0.00000000
vn 0.00000000 1.00000000 0.00000000
vn 0.00000000 0.38268343 -0.92387953
vn 0.00000000 0.92387953 -0.38268343
vn 0.00000000 0.92387953 0.38268343
vn 0.00000000 0.38268343 0.92387953
vn 0.00000000 -0.38268343 0.92387953
vn 0.00000000 -0.92387953 0.38268343
vn 0.00000000 -0.92387953 -0.38268343
vn 0.00000000 -0.38268343 -0.92387953
vn -1.00000000 0.00000000 0.00000000
vn -1.00000000 0.00000000 0.00000000
vn -1.00000000 0.00000000 0.00000000
vn -1.00000000 0.00000000 0.00000000
vn -1.00000000 0.00000000 0.00000000
vn -1.00000000 0.00000000 0.00000000
vn -1.00000000 -0.00000000 0.00000000
vn -1.00000000 0.00000000 -0.00000000
vn 1.00000000 0.00000000 -0.00000000
vn 1.00000000 0.00000000 -0.00000000
vn 1.00000000 0.00000000 0.00000000
vn 1.00000000 0.00000000 0.00000000
vn 1.00000000 -0.00000000 0.00000000
vn 1.00000000 -0.00000000 0.00000000
vn 1.00000000 -0.00000000 -0.00000000
vn 1.00000000 -0.00000000 -0.00000000
vn 0.07505040 0.37525198 -0.92387953
vn 0.18118768 0.90593842 -0.38268343
vn 0.18118768 0.90593842 0.38268343
vn 0.07505040 0.37525198 0.92387953
vn -0.07505040 -0.37525198 0.92387953
vn -0.18118768 -0.90593842 0.38268343
vn -0.18118768 -0.90593842 -0.38268343
vn -0.07505040 -0.37525198 -0.92387953
vn -0.98058068 0.19611614 0.00000000
vn -0.98058068 0.19611614 0.00000000
vn -0.98058068 0.19611614 -0.00000000
vn -0.98058068 0.19611614 0.00000000
vn -0.98058068 0.19611614 0.00000000
vn -0.98058068 0.19611614 0.00000000
vn -0.98058068 0.19611614 -0.00000000
vn -0.98058068 0.19611614 0.00000000
vn 0.98058068 -0.19611614 0.00000000
vn 0.98058068 -0.19611614 0.00000000
vn 0.98058068 -0.19611614 -0.00000000
vn 0.98058068 -0.19611614 0.00000000
vn 0.98058068 -0.19611614 0.00000000
vn 0.98058068 -0.19611614 0.00000000
vn 0.98058068 -0.19611614 -0.00000000
vn 0.98058068 -0.19611614 0.00000000
vn 0.22961006 0.30614675 -0.92387953
vn 0.55432772 0.73910363 -0.38268343
vn 0.55432772 0.73910363 0.38268343
vn 0.22961006 0.30614675 0.92387953
vn -0.22961006 -0.30614675 0.92387953
vn -0.55432772 -0.73910363 0.38268343
vn -0.55432772 -0.73910363 -0.38268343
vn -0.22961006 -0.30614675 -0.92387953
vn -0.80000000 0.60000000 0.00000000
vn -0.80000000 0.60000000 -0.00000000
vn -0.80000000 0.60000000 0.00000000
vn -0.80000000 0.60000000 0.00000000
vn -0.80000000 0.60000000 0.00000000
vn -0.80000000 0.60000000 -0.00000000
vn -0.80000000 0.60000000 0.00000000
vn -0.80000000 0.60000000 0.00000000
vn 0.80000000 -0.60000000 0.00000000
vn 0.80000000 -0.60000000 0.00000000
vn 0.80000000 -0.60000000 -0.00000000
vn 0.80000000 -0.60000000 0.00000000
vn 0.80000000 -0.60000000 0.00000000
vn 0.80000000 -0.60000000 0.00000000
vn 0.80000000 -0.60000000 -0.00000000
vn 0.80000000 -0.60000000 0.00000000
vn 0.35531265 0.14212506 -0.92387953
vn 0.85780061 0.34312024 -0.38268343
vn 0.85780061 0.34312024 0.38268343
vn 0.35531265 0.14212506 0.92387953
vn -0.35531265 -0.14212506 0.92387953
vn -0.85780061 -0.34312024 0.38268343
vn -0.85780061 -0.34312024 -0.38268343
vn -0.35531265 -0.14212506 -0.92387953
vn -0.37139068 0.92847669 0.00000000
vn -0.37139068 0.92847669 0.00000000
vn -0.37139068 0.92847669 -0.00000000
vn -0.37139068 0.92847669 0.00000000
vn -0.37139068 0.92847669 0.00000000
vn -0.37139068 0.92847669 0.00000000
vn -0.37139068 0.92847669 -0.00000000
vn -0.37139068 0.92847669 0.00000000
vn 0.37139068 -0.92847669 0.00000000
vn 0.37139068 -0.92847669 -0.00000000
vn 0.37139068 -0.92847669 0.00000000
vn 0.37139068 -0.92847669 0.00000000
vn 0.37139068 -0.92847669 0.00000000
vn 0.37139068 -0.92847669 -0.00000000
vn 0.37139068 -0.92847669 0.00000000
vn 0.37139068 -0.92847669 0.00000000
vn 0.38268343 0.00000000 -0.92387953
vn 0.92387953 0.00000000 -0.38268343
vn 0.92387953 0.00000000 0.38268343
vn 0.38268343 0.00000000 0.92387953
vn -0.38268343 0.00000000 0.92387953
vn -0.92387953 0.00000000 0.38268343
vn -0.92387953 0.00000000 -0.38268343
vn -0.38268343 0.00000000 -0.92387953
vn 0.00000000 1.00000000 0.00000000
vn -0.00000000 1.00000000 0.00000000
vn 0.00000000 1.00000000 0.00000000
vn 0.00000000 1.00000000 0.00000000
vn 0.00000000 1.00000000 -0.00000000
vn 0.00000000 1.00000000 0.00000000
vn 0.00000000 1.00000000 0.00000000
vn 0.00000000 1.00000000 0.00000000
vn 0.00000000 -1.00000000 0.00000000
vn 0.00000000 -1.00000000 0.00000000
vn 0.00000000 -1.00000000 0.00000000
vn 0.00000000 -1.00000000 0.00000000
vn 0.00000000 -1.00000000 0.00000000
vn 0.00000000 -1.00000000 0.00000000
vn -0.00000000 -1.00000000 0.00000000
vn 0.00000000 -1.00000000 -0.00000000
vn 0.00000000 0.38268343 -0.92387953
vn 0.00000000 0.92387953 -0.38268343
vn 0.00000000 0.92387953 0.38268343
vn 0.00000000 0.38268343 0.92387953
vn 0.00000000 -0.38268343 0.92387953
vn 0.00000000 -0.92387953 0.38268343
vn 0.00000000 -0.92387953 -0.38268343
vn 0.00000000 -0.38268343 -0.92387953
vn -1.00000000 0.00000000 0.00000000
vn -1.00000000 0.00000000 0.00000000
vn -1.00000000 0.00000000 0.00000000
vn -1.00000000 0.00000000 0.00000000
vn -1.00000000 0.00000000 0.00000000
vn -1.00000000 0.00000000 0.00000000
vn -1.00000000 -0.00000000 0.00000000
vn -1.00000000 0.00000000 -0.00000000
vn 1.00000000 0.00000000 -0.00000000
vn 1.00000000 0.00000000 -0.00000000
vn 1.00000000 0.00000000 0.00000000
vn 1.00000000 0.00000000 0.00000000
vn 1.00000000 -0.00000000 0.00000000
vn 1.00000000 -0.00000000 0.00000000
vn 1.00000000 -0.00000000 -0.00000000
vn 1.00000000 -0.00000000 -0.00000000
vn 0.07505040 0.37525198 -0.92387953
vn 0.18118768 0.90593842 -0.38268343
vn 0.18118768 0.90593842 0.38268343
vn 0.07505040 0.37525198 0.92387953
vn -0.07505040 -0.37525198 0.92387953
vn -0.18118768 -0.90593842 0.38268343
vn -0.18118768 -0.90593842 -0.38268343
vn -0.07505040 -0.37525198 -0.92387953
vn -0.98058068 0.19611614 0.00000000
vn -0.98058068 0.19611614 0.00000000
vn -0.98058068 0.19611614 -0.00000000
vn -0.98058068 0.19611614 0.00000000
vn -0.98058068 0.19611614 0.00000000
vn -0.98058068 0.19611614 0.00000000
vn -0.98058068 0.19611614 -0.00000000
vn -0.98058068 0.19611614 0.00000000
vn 0.98058068 -0.19611614 0.00000000
vn 0.98058068 -0.19611614 0.00000000
vn 0.98058068 -0.19611614 -0.00000000
vn 0.98058068 -0.19611614 0.00000000
vn 0.98058068 -0.19611614 0.00000000
vn 0.98058068 -0.19611614 0.00000000
vn 0.98058068 -0.19611614 -0.00000000
vn 0.98058068 -0.19611614 0.00000000
vn 0.22961006 0.30614675 -0.92387953
vn 0.55432772 0.73910363 -0.38268343
vn 0.55432772 0.73910363 0.38268343
vn 0.22961006 0.30614675 0.92387953
vn -0.22961006 -0.30614675 0.92387953
vn -0.55432772 -0.73910363 0.38268343
vn -0.55432772 -0.73910363 -0.38268343
vn -0.22961006 -0.30614675 -0.92387953
vn -0.80000000 0.60000000 0.00000000
vn -0.80000000 0.60000000 -0.00000000
vn -0.80000000 0.60000000 0.00000000
vn -0.80000000 0.60000000 0.00000000
vn -0.80000000 0.60000000 0.00000000
vn -0.80000000 0.60000000 -0.00000000
vn -0.80000000 0.60000000 0.00000000
vn -0.80000000 0.60000000 0.00000000
vn 0.80000000 -0.60000000 0.00000000
vn 0.80000000 -0.60000000 0.00000000
vn 0.80000000 -0.60000000 -0.00000000
vn 0.80000000 -0.60000000 0.00000000
vn 0.80000000 -0.60000000 0.00000000
vn 0.80000000 -0.60000000 0.00000000
vn 0.80000000 -0.60000000 -0.00000000
vn 0.80000000 -0.60000000 0.00000000
vn 0.35531265 0.14212506 -0.92387953
vn 0.85780061 0.34312024 -0.38268343
vn 0.85780061 0.34312024 0.38268343
vn 0.35531265 0.14212506 0.92387953
vn -0.35531265 -0.14212506 0.92387953
vn -0.85780061 -0.34312024 0.38268343
vn -0.85780061 -0.34312024 -0.38268343
vn -0.35531265 -0.14212506 -0.92387953
vn -0.37139068 0.92847669 0.00000000
vn -0.37139068 0.92847669 0.00000000
vn -0.37139068 0.92847669 -0.00000000
vn -0.37139068 0.92847669 0.00000000
vn -0.37139068 0.92847669 0.00000000
vn -0.37139068 0.92847669 0.00000000
vn -0.37139068 0.92847669 -0.00000000
vn -0.37139068 0.92847669 0.00000000
vn 0.37139068 -0.92847669 0.00000000
vn 0.37139068 -0.92847669 -0.00000000
vn 0.37139068 -0.92847669 0.00000000
vn 0.37139068 -0.92847669 0.00000000
vn 0.37139068 -0.92847669 0.00000000
vn 0.37139068 -0.92847669 -0.00000000
vn 0.37139068 -0.92847669 0.00000000
vn 0.37139068 -0.92847669 0.00000000
vn 0.38268343 0.00000000 -0.92387953
vn 0.92387953 0.00000000 -0.38268343
vn 0.92387953 0.00000000 0.38268343
vn 0.38268343 0.00000000 0.92387953
vn -0.38268343 0.00000000 0.92387953
vn -0.92387953 0.00000000 0.38268343
vn -0.92387953 0.00000000 -0.38268343
vn -0.38268343 0.00000000 -0.92387953
vn 0.00000000 1.00000000 0.00000000
vn -0.00000000 1.00000000 0.00000000
vn 0.00000000 1.00000000 0.00000000
vn 0.00000000 1.00000000 0.00000000
vn 0.00000000 1.00000000 -0.00000000
vn 0.00000000 1.00000000 0.00000000
vn 0.00000000 1.00000000 0.00000000
vn 0.00000000 1.00000000 0.00000000
vn 0.00000000 -1.00000000 0.00000000
vn 0.00000000 -1.00000000 0.00000000
vn 0.00000000 -1.00000000 0.00000000
vn 0.00000000 -1.00000000 0.00000000
vn 0.00000000 -1.00000000 0.00000000
vn 0.00000000 -1.00000000 0.00000000
vn -0.00000000 -1.00000000 0.00000000
vn 0.00000000 -1.00000000 -0.00000000
vn 0.00000000 0.38268343 -0.92387953
vn 0.00000000 0.92387953 -0.38268343
vn 0.00000000 0.92387953 0.38268343
vn 0.00000000 0.38268343 0.92387953
vn 0.00000000 -0.38268343 0.92387953
vn 0.00000000 -0.92387953 0.38268343
vn 0.00000000 -0.92387953 -0.38268343
vn 0.00000000 -0.38268343 -0.92387953
vn -1.00000000 0.00000000 0.00000000
vn -1.00000000 0.00000000 0.00000000
vn -1.00000000 0.00000000 0.00000000
vn -1.00000000 0.00000000 0.00000000
vn -1.00000000 0.00000000 0.00000000
vn -1.00000000 0.00000000 0.00000000
vn -1.00000000 -0.00000000 0.00000000
vn -1.00000000 0.00000000 -0.00000000
vn 1.00000000 0.00000000 -0.00000000
vn 1.00000000 0.00000000 -0.00000000
vn 1.00000000 0.00000000 0.00000000
vn 1.00000000 0.00000000 0.00000000
vn 1.00000000 -0.00000000 0.00000000
vn 1.00000000 -0.00000000 0.00000000
vn 1.00000000 -0.00000000 -0.00000000
vn 1.00000000 -0.00000000 -0.00000000
vn 0.07505040 0.37525198 -0.92387953
vn 0.18118768 0.90593842 -0.38268343
vn 0.18118768 0.90593842 0.38268343
vn 0.07505040 0.37525198 0.92387953
vn -0.07505040 -0.37525198 0.92387953
vn -0.18118768 -0.90593842 0.38268343
vn -0.18118768 -0.90593842 -0.38268343
vn -0.07505040 -0.37525198 -0.92387953
vn -0.98058068 0.19611614 0.00000000
vn -0.98058068 0.19611614 0.00000000
vn -0.98058068 0.19611614 -0.00000000
vn -0.98058068 0.19611614 0.00000000
vn -0.98058068 0.19611614 0.00000000
vn -0.98058068 0.19611614 0.00000000
vn -0.98058068 0.19611614 -0.00000000
vn -0.98058068 0.19611614 0.00000000
vn 0.98058068 -0.19611614 0.00000000
vn 0.98058068 -0.19611614 0.00000000
vn 0.98058068 -0.19611614 -0.00000000
vn 0.98058068 -0.19611614 0.00000000
vn 0.98058068 -0.19611614 0.00000000
vn 0.98058068 -0.19611614 0.00000000
vn 0.98058068 -0.19611614 -0.00000000
vn 0.98058068 -0.19611614 0.00000000
vn 0.22961006 0.30614675 -0.92387953
vn 0.55432772 0.73910363 -0.38268343
vn 0.55432772 0.73910363 0.38268343
vn 0.22961006 0.30614675 0.92387953
vn -0.22961006 -0.30614675 0.92387953
vn -0.55432772 -0.73910363 0.38268343
vn -0.55432772 -0.73910363 -0.38268343
vn -0.22961006 -0.30614675 -0.92387953
vn -0.80000000 0.60000000 0.00000000
vn -0.80000000 0.60000000 -0.00000000
vn -0.80000000 0.60000000 0.00000000
vn -0.80000000 0.60000000 0.00000000
vn -0.80000000 0.60000000 0.00000000
vn -0.80000000 0.60000000 -0.00000000
vn -0.80000000 0.60000000 0.00000000
vn -0.80000000 0.60000000 0.00000000
vn 0.80000000 -0.60000000 0.00000000
vn 0.80000000 -0.60000000 0.00000000
vn 0.80000000 -0.60000000 -0.00000000
vn 0.80000000 -0.60000000 0.00000000
vn 0.80000000 -0.60000000 0.00000000
vn 0.80000000 -0.60000000 0.00000000
vn 0.80000000 -0.60000000 -0.00000000
vn 0.80000000 -0.60000000 0.00000000
vn 0.35531265 0.14212506 -0.92387953
vn 0.85780061 0.34312024 -0.38268343
vn 0.85780061 0.34312024 0.38268343
vn 0.35531265 0.14212506 0.92387953
vn -0.35531265 -0.14212506 0.92387953
vn -0.85780061 -0.34312024 0.38268343
vn -0.85780061 -0.34312024 -0.38268343
vn -0.35531265 -0.14212506 -0.92387953
vn -0.37139068 0.92847669 0.00000000
vn -0.37139068 0.92847669 0.00000000
vn -0.37139068 0.92847669 -0.00000000
vn -0.37139068 0.92847669 0.00000000
vn -0.37139068 0.92847669 0.00000000
vn -0.37139068 0.92847669 0.00000000
vn -0.37139068 0.92847669 -0.00000000
vn -0.37139068 0.92847669 0.00000000
vn 0.37139068 -0.92847669 0.00000000
vn 0.37139068 -0.92847669 -0.00000000
vn 0.37139068 -0.92847669 0.00000000
vn 0.37139068 -0.92847669 0.00000000
vn 0.37139068 -0.92847669 0.00000000
vn 0.37139068 -0.92847669 -0.00000000
vn 0.37139068 -0.92847669 0.00000000
vn 0.37139068 -0.92847669 0.00000000
vn 0.38268343 0.00000000 -0.92387953
vn 0.92387953 0.00000000 -0.38268343
vn 0.92387953 0.00000000 0.38268343
vn 0.38268343 0.00000000 0.92387953
vn -0.38268343 0.00000000 0.92387953
vn -0.92387953 0.00000000 0.38268343
vn -0.92387953 0.00000000 -0.38268343
vn -0.38268343 0.00000000 -0.92387953
vn 0.00000000 1.00000000 0.00000000
vn -0.00000000 1.00000000 0.00000000
vn 0.00000000 1.00000000 0.00000000
vn 0.00000000 1.00000000 0.00000000
vn 0.00000000 1.00000000 -0.00000000
vn 0.00000000 1.00000000 0.00000000
vn 0.00000000 1.00000000 0.00000000
vn 0.00000000 1.00000000 0.00000000
vn 0.00000000 -1.00000000 0.00000000
vn 0.00000000 -1.00000000 0.00000000
vn 0.00000000 -1.00000000 0.00000000
vn 0.00000000 -1.00000000 0.00000000
vn 0.00000000 -1.00000000 0.00000000
vn 0.00000000 -1.00000000 0.00000000
vn -0.00000000 -1.00000000 0.00000000
vn 0.00000000 -1.00000000 -0.00000000
vn 0.00000000 0.38268343 -0.92387953
vn 0.00000000 0.92387953 -0.38268343
vn 0.00000000 0.92387953 0.38268343
vn 0.00000000 0.38268343 0.92387953
vn 0.00000000 -0.38268343 0.92387953
vn 0.00000000 -0.92387953 0.38268343
vn 0.00000000 -0.92387953 -0.38268343
vn 0.00000000 -0.38268343 -0.92387953
vn -1.00000000 0.00000000 0.00000000
vn -1.00000000 0.00000000 0.00000000
vn -1.00000000 0.00000000 0.00000000
vn -1.00000000 0.00000000 0.00000000
vn -1.00000000 0.00000000 0.00000000
vn -1.00000000 0.00000000 0.00000000
vn -1.00000000 -0.00000000 0.00000000
vn -1.00000000 0.00000000 -0.00000000
vn 1.00000000 0.00000000 -0.00000000
vn 1.00000000 0.00000000 -0.00000000
vn 1.00000000 0.00000000 0.00000000
vn 1.00000000 0.00000000 0.00000000
vn 1.00000000 -0.00000000 0.00000000
vn 1.00000000 -0.00000000 0.00000000
vn 1.00000000 -0.00000000 -0.00000000
vn 1.00000000 -0.00000000 -0.00000000
vn -0.25380923 0.38268343 -0.88833230
vn -0.10513122 0.92387953 -0.36795928
vn 0.10513122 0.92387953 0.36795928
vn 0.25380923 0.38268343 0.88833230
vn 0.25380923 -0.38268343 0.88833230
vn 0.10513122 -0.92387953 0.36795928
vn -0.10513122 -0.92387953 -0.36795928
vn -0.25380923 -0.38268343 -0.88833230
vn -0.96152395 0.00000000 0.27472113
vn -0.96152395 0.00000000 0.27472113
vn -0.96152395 0.00000000 0.27472113
vn -0.96152395 -0.00000000 0.27472113
vn -0.96152395 0.00000000 0.27472113
vn -0.96152395 0.00000000 0.27472113
vn -0.96152395 0.00000000 0.27472113
vn -0.96152395 -0.00000000 0.27472113
vn 0.96152395 -0.00000000 -0.27472113
vn 0.96152395 0.00000000 -0.27472113
vn 0.96152395 0.00000000 -0.27472113
vn 0.96152395 0.00000000 -0.27472113
vn 0.96152395 -0.00000000 -0.27472113
vn 0.96152395 0.00000000 -0.27472113
vn 0.96152395 0.00000000 -0.27472113
vn 0.96152395 0.00000000 -0.27472113
vn -0.70974392 0.38268343 -0.59145326
vn -0.29398556 0.92387953 -0.24498796
vn 0.29398556 0.92387953 0.24498796
vn 0.70974392 0.38268343 0.59145326
vn 0.70974392 -0.38268343 0.59145326
vn 0.29398556 -0.92387953 0.24498796
vn -0.29398556 -0.92387953 -0.24498796
vn -0.70974392 -0.38268343 -0.59145326
vn -0.64018440 0.00000000 0.76822128
vn -0.64018440 0.00000000 0.76822128
vn -0.64018440 0.00000000 0.76822128
vn -0.64018440 -0.00000000 0.76822128
vn -0.64018440 0.00000000 0.76822128
vn -0.64018440 0.00000000 0.76822128
vn -0.64018440 0.00000000 0.76822128
vn -0.64018440 -0.00000000 0.76822128
vn 0.64018440 -0.00000000 -0.76822128
vn 0.64018440 -0.00000000 -0.76822128
vn 0.64018440 -0.00000000 -0.76822128
vn 0.64018440 0.00000000 -0.76822128
vn 0.64018440 -0.00000000 -0.76822128
vn 0.64018440 -0.00000000 -0.76822128
vn 0.64018440 -0.00000000 -0.76822128
vn 0.64018440 0.00000000 -0.76822128
vn -0.92387953 0.38268343 0.00000000
vn -0.38268343 0.92387953 0.00000000
vn 0.38268343 0.92387953 0.00000000
vn 0.92387953 0.38268343 0.00000000
vn 0.92387953 -0.38268343 0.00000000
vn 0.38268343 -0.92387953 0.00000000
vn -0.38268343 -0.92387953 0.00000000
vn -0.92387953 -0.38268343 0.00000000
vn 0.00000000 0.00000000 1.00000000
vn 0.00000000 -0.00000000 1.00000000
vn 0.00000000 0.00000000 1.00000000
vn 0.00000000 0.00000000 1.00000000
vn -0.00000000 0.00000000 1.00000000
vn 0.00000000 0.00000000 1.00000000
vn 0.00000000 0.00000000 1.00000000
vn 0.00000000 0.00000000 1.00000000
vn 0.00000000 0.00000000 -1.00000000
vn 0.00000000 0.00000000 -1.00000000
vn 0.00000000 0.00000000 -1.00000000
vn 0.00000000 0.00000000 -1.00000000
vn 0.00000000 0.00000000 -1.00000000
vn 0.00000000 0.00000000 -1.00000000
vn 0.00000000 -0.00000000 -1.00000000
vn -0.00000000 0.00000000 -1.00000000
vn 0.00000000 0.30901699 -0.95105652
vn 0.00000000 0.80901699 -0.58778525
vn 0.00000000 1.00000000 0.00000000
vn 0.00000000 0.80901699 0.58778525
vn 0.00000000 0.30901699 0.95105652
vn 0.00000000 -0.30901699 0.95105652
vn 0.00000000 -0.80901699 0.58778525
vn 0.00000000 -1.00000000 0.00000000
vn 0.00000000 -0.80901699 -0.58778525
vn 0.00000000 -0.30901699 -0.95105652
vn -1.00000000 0.00000000 0.00000000
vn -1.00000000 0.00000000 0.00000000
vn -1.00000000 0.00000000 0.00000000
vn -1.00000000 0.00000000 0.00000000
vn -1.00000000 0.00000000 0.00000000
vn -1.00000000 0.00000000 0.00000000
vn -1.00000000 0.00000000 0.00000000
vn -1.00000000 -0.00000000 0.00000000
vn -1.00000000 0.00000000 0.00000000
vn -1.00000000 0.00000000 -0.00000000
vn 1.00000000 0.00000000 0.00000000
vn 1.00000000 0.00000000 0.00000000
vn 1.00000000 -0.00000000 0.00000000
vn 1.00000000 0.00000000 0.00000000
vn 1.00000000 0.00000000 0.00000000
vn 1.00000000 0.00000000 -0.00000000
vn 1.00000000 0.00000000 0.00000000
vn 1.00000000 0.00000000 0.00000000
vn 1.00000000 0.00000000 0.00000000
vn 1.00000000 0.00000000 0.00000000
vn 0.00000000 0.38268343 -0.92387953
vn 0.00000000 0.92387953 -0.38268343
vn 0.00000000 0.92387953 0.38268343
vn 0.00000000 0.38268343 0.92387953
vn 0.00000000 -0.38268343 0.92387953
vn 0.00000000 -0.92387953 0.38268343
vn 0.00000000 -0.92387953 -0.38268343
vn 0.00000000 -0.38268343 -0.92387953
vn -1.00000000 0.00000000 0.00000000
vn -1.00000000 0.00000000 0.00000000
vn -1.00000000 0.00000000 0.00000000
vn -1.00000000 0.00000000 0.00000000
vn -1.00000000 0.00000000 0.00000000
vn -1.00000000 0.00000000 0.00000000
vn -1.00000000 -0.00000000 0.00000000
vn -1.00000000 0.00000000 -0.00000000
vn 1.00000000 0.00000000 -0.00000000
vn 1.00000000 0.00000000 -0.00000000
vn 1.00000000 0.00000000 0.00000000
vn 1.00000000 0.00000000 0.00000000
vn 1.00000000 -0.00000000 0.00000000
vn 1.00000000 -0.00000000 0.00000000
vn 1.00000000 -0.00000000 -0.00000000
vn 1.00000000 -0.00000000 -0.00000000
vn -0.25380923 0.38268343 -0.88833230
vn -0.10513122 0.92387953 -0.36795928
vn 0.10513122 0.92387953 0.36795928
vn 0.25380923 0.38268343 0.88833230
vn 0.25380923 -0.38268343 0.88833230
vn 0.10513122 -0.92387953 0.36795928
vn -0.10513122 -0.92387953 -0.36795928
vn -0.25380923 -0.38268343 -0.88833230
vn -0.96152395 0.00000000 0.27472113
vn -0.96152395 0.00000000 0.27472113
vn -0.96152395 0.00000000 0.27472113
vn -0.96152395 -0.00000000 0.27472113
vn -0.96152395 0.00000000 0.27472113
vn -0.96152395 0.00000000 0.27472113
vn -0.96152395 0.00000000 0.27472113
vn -0.96152395 -0.00000000 0.27472113
vn 0.96152395 -0.00000000 -0.27472113
vn 0.96152395 0.00000000 -0.27472113
vn 0.96152395 0.00000000 -0.27472113
vn 0.96152395 0.00000000 -0.27472113
vn 0.96152395 -0.00000000 -0.27472113
vn 0.96152395 0.00000000 -0.27472113
vn 0.96152395 0.00000000 -0.27472113
vn 0.96152395 0.00000000 -0.27472113
vn -0.70974392 0.38268343 -0.59145326
vn -0.29398556 0.92387953 -0.24498796
vn 0.29398556 0.92387953 0.24498796
vn 0.70974392 0.38268343 0.59145326
vn 0.70974392 -0.38268343 0.59145326
vn 0.29398556 -0.92387953 0.24498796
vn -0.29398556 -0.92387953 -0.24498796
vn -0.70974392 -0.38268343 -0.59145326
vn -0.64018440 0.00000000 0.76822128
vn -0.64018440 0.00000000 0.76822128
vn -0.64018440 0.00000000 0.76822128
vn -0.64018440 -0.00000000 0.76822128
vn -0.64018440 0.00000000 0.76822128
vn -0.64018440 0.00000000 0.76822128
vn -0.64018440 0.00000000 0.76822128
vn -0.64018440 -0.00000000 0.76822128
vn 0.64018440 -0.00000000 -0.76822128
vn 0.64018440 -0.00000000 -0.76822128
vn 0.64018440 -0.00000000 -0.76822128
vn 0.64018440 0.00000000 -0.76822128
vn 0.64018440 -0.00000000 -0.76822128
vn 0.64018440 -0.00000000 -0.76822128
vn 0.64018440 -0.00000000 -0.76822128
vn 0.64018440 0.00000000 -0.76822128
vn -0.92387953 0.38268343 0.00000000
vn -0.38268343 0.92387953 0.00000000
vn 0.38268343 0.92387953 0.00000000
vn 0.92387953 0.38268343 0.00000000
vn 0.92387953 -0.38268343 0.00000000
vn 0.38268343 -0.92387953 0.00000000
vn -0.38268343 -0.92387953 0.00000000
vn -0.92387953 -0.38268343 0.00000000
vn 0.00000000 0.00000000 1.00000000
vn 0.00000000 -0.00000000 1.00000000
vn 0.00000000 0.00000000 1.00000000
vn 0.00000000 0.00000000 1.00000000
vn -0.00000000 0.00000000 1.00000000
vn 0.00000000 0.00000000 1.00000000
vn 0.00000000 0.00000000 1.00000000
vn 0.00000000 0.00000000 1.00000000
vn 0.00000000 0.00000000 -1.00000000
vn 0.00000000 0.00000000 -1.00000000
vn 0.00000000 0.00000000 -1.00000000
vn 0.00000000 0.00000000 -1.00000000
vn 0.00000000 0.00000000 -1.00000000
vn 0.00000000 0.00000000 -1.00000000
vn 0.00000000 -0.00000000 -1.00000000
vn -0.00000000 0.00000000 -1.00000000
vn 0.00000000 0.30901699 -0.95105652
vn 0.00000000 0.80901699 -0.58778525
vn 0.00000000 1.00000000 0.00000000
vn 0.00000000 0.80901699 0.58778525
vn 0.00000000 0.30901699 0.95105652
vn 0.00000000 -0.30901699 0.95105652
vn 0.00000000 -0.80901699 0.58778525
vn 0.00000000 -1.00000000 0.00000000
vn 0.00000000 -0.80901699 -0.58778525
vn 0.00000000 -0.30901699 -0.95105652
vn -1.00000000 0.00000000 0.00000000
vn -1.00000000 0.00000000 0.00000000
vn -1.00000000 0.00000000 0.00000000
vn -1.00000000 0.00000000 0.00000000
vn -1.00000000 0.00000000 0.00000000
vn -1.00000000 0.00000000 0.00000000
vn -1.00000000 0.00000000 0.00000000
vn -1.00000000 -0.00000000 0.00000000
vn -1.00000000 0.00000000 0.00000000
vn -1.00000000 0.00000000 -0.00000000
vn 1.00000000 0.00000000 0.00000000
vn 1.00000000 0.00000000 0.00000000
vn 1.00000000 -0.00000000 0.00000000
vn 1.00000000 0.00000000 0.00000000
vn 1.00000000 0.00000000 0.00000000
vn 1.00000000 0.00000000 -0.00000000
vn 1.00000000 0.00000000 0.00000000
vn 1.00000000 0.00000000 0.00000000
vn 1.00000000 0.00000000 0.00000000
vn 1.00000000 0.00000000 0.00000000
f 1/1/1 2/2/1 3/3/1
f 1/1/1 3/3/1 4/4/1
f 5/5/2 6/6/2 7/7/2
f 5/5/2 7/7/2 8/8/2
f 1/9/3 5/10/3 8/11/3
f 1/9/3 8/11/3 2/12/3
f 4/13/4 3/14/4 7/15/4
f 4/13/4 7/15/4 6/16/4
f 1/17/5 4/18/5 6/19/5
f 1/17/5 6/19/5 5/20/5
f 2/21/6 8/22/6 7/23/6
f 2/21/6 7/23/6 3/24/6
f 9/25/7 10/26/7 11/27/7
f 9/25/7 11/27/7 12/28/7
f 13/29/8 14/30/8 15/31/8
f 13/29/8 15/31/8 16/32/8
f 9/33/9 13/34/9 16/35/9
f 9/33/9 16/35/9 10/36/9
f 12/37/10 11/38/10 15/39/10
f 12/37/10 15/39/10 14/40/10
f 9/41/11 12/42/11 14/43/11
f 9/41/11 14/43/11 13/44/11
f 10/45/12 16/46/12 15/47/12
f 10/45/12 15/47/12 11/48/12
f 17/49/13 18/50/13 19/51/13
f 17/49/13 19/51/13 20/52/13
f 21/53/14 22/54/14 23/55/14
f 21/53/14 23/55/14 24/56/14
f 17/57/15 21/58/15 24/59/15
f 17/57/15 24/59/15 18/60/15
f 20/61/16 19/62/16 23/63/16
f 20/61/16 23/63/16 22/64/16
f 17/65/17 20/66/17 22/67/17
f 17/65/17 22/67/17 21/68/17
f 18/69/18 24/70/18 23/71/18
f 18/69/18 23/71/18 19/72/18
f 25/73/19 26/74/19 27/75/19
f 25/73/19 27/75/19 28/76/19
f 29/77/20 30/78/20 31/79/20
f 29/77/20 31/79/20 32/80/20
f 25/81/21 29/82/21 32/83/21
f 25/81/21 32/83/21 26/84/21
f 28/85/22 27/86/22 31/87/22
f 28/85/22 31/87/22 30/88/22
f 25/89/23 28/90/23 30/91/23
f 25/89/23 30/91/23 29/92/23
f 26/93/24 32/94/24 31/95/24
f 26/93/24 31/95/24 27/96/24
f 33/97/25 34/98/25 35/99/25
f 33/97/25 35/99/25 36/100/25
f 37/101/26 38/102/26 39/103/26
f 37/101/26 39/103/26 40/104/26
f 33/105/27 37/106/27 40/107/27
f 33/105/27 40/107/27 34/108/27
f 36/109/28 35/110/28 39/111/28
f 36/109/28 39/111/28 38/112/28
f 33/113/29 36/114/29 38/115/29
f 33/113/29 38/115/29 37/116/29
f 34/117/30 40/118/30 39/119/30
f 34/117/30 39/119/30 35/120/30
f 41/121/31 42/122/31 43/123/31
f 41/121/31 43/123/31 44/124/31
f 45/125/32 46/126/32 47/127/32
f 45/125/32 47/127/32 48/128/32
f 41/129/33 45/130/33 48/131/33
f 41/129/33 48/131/33 42/132/33
f 44/133/34 43/134/34 47/135/34
f 44/133/34 47/135/34 46/136/34
f 41/137/35 44/138/35 46/139/35
f 41/137/35 46/139/35 45/140/35
f 42/141/36 48/142/36 47/143/36
f 42/141/36 47/143/36 43/144/36
f 49/145/37 50/146/37 51/147/37
f 49/145/37 51/147/37 52/148/37
f 53/149/38 54/150/38 55/151/38
f 53/149/38 55/151/38 56/152/38
f 49/153/39 53/154/39 56/155/39
f 49/153/39 56/155/39 50/156/39
f 52/157/40 51/158/40 55/159/40
f 52/157/40 55/159/40 54/160/40
f 49/161/41 52/162/41 54/163/41
f 49/161/41 54/163/41 53/164/41
f 50/165/42 56/166/42 55/167/42
f 50/165/42 55/167/42 51/168/42
f 57/169/43 58/170/43 59/171/43
f 57/169/43 59/171/43 60/172/43
f 61/173/44 62/174/44 63/175/44
f 61/173/44 63/175/44 64/176/44
f 57/177/45 61/178/45 64/179/45
f 57/177/45 64/179/45 58/180/45
f 60/181/46 59/182/46 63/183/46
f 60/181/46 63/183/46 62/184/46
f 57/185/47 60/186/47 62/187/47
f 57/185/47 62/187/47 61/188/47
f 58/189/48 64/190/48 63/191/48
f 58/189/48 63/191/48 59/192/48
f 65/193/49 66/194/49 67/195/49
f 65/193/49 67/195/49 68/196/49
f 69/197/50 70/198/50 71/199/50
f 69/197/50 71/199/50 72/200/50
f 65/201/51 69/202/51 72/203/51
f 65/201/51 72/203/51 66/204/51
f 68/205/52 67/206/52 71/207/52
f 68/205/52 71/207/52 70/208/52
f 65/209/53 68/210/53 70/211/53
f 65/209/53 70/211/53 69/212/53
f 66/213/54 72/214/54 71/215/54
f 66/213/54 71/215/54 67/216/54
f 73/217/55 74/218/55 75/219/55
f 73/217/55 75/219/55 76/220/55
f 77/221/56 78/222/56 79/223/56
f 77/221/56 79/223/56 80/224/56
f 73/225/57 77/226/57 80/227/57
f 73/225/57 80/227/57 74/228/57
f 76/229/58 75/230/58 79/231/58
f 76/229/58 79/231/58 78/232/58
f 73/233/59 76/234/59 78/235/59
f 73/233/59 78/235/59 77/236/59
f 74/237/60 80/238/60 79/239/60
f 74/237/60 79/239/60 75/240/60
f 81/241/61 82/242/61 83/243/61
f 81/241/61 83/243/61 84/244/61
f 85/245/62 86/246/62 87/247/62
f 85/245/62 87/247/62 88/248/62
f 81/249/63 85/250/63 88/251/63
f 81/249/63 88/251/63 82/252/63
f 84/253/64 83/254/64 87/255/64
f 84/253/64 87/255/64 86/256/64
f 81/257/65 84/258/65 86/259/65
f 81/257/65 86/259/65 85/260/65
f 82/261/66 88/262/66 87/263/66
f 82/261/66 87/263/66 83/264/66
f 89/265/67 90/266/67 91/267/67
f 89/265/67 91/267/67 92/268/67
f 93/269/68 94/270/68 95/271/68
f 93/269/68 95/271/68 96/272/68
f 89/273/69 93/274/69 96/275/69
f 89/273/69 96/275/69 90/276/69
f 92/277/70 91/278/70 95/279/70
f 92/277/70 95/279/70 94/280/70
f 89/281/71 92/282/71 94/283/71
f 89/281/71 94/283/71 93/284/71
f 90/285/72 96/286/72 95/287/72
f 90/285/72 95/287/72 91/288/72
f 97/289/73 98/290/73 99/291/73
f 97/289/73 99/291/73 100/292/73
f 101/293/74 102/294/74 103/295/74
f 101/293/74 103/295/74 104/296/74
f 97/297/75 101/298/75 104/299/75
f 97/297/75 104/299/75 98/300/75
f 100/301/76 99/302/76 103/303/76
f 100/301/76 103/303/76 102/304/76
f 97/305/77 100/306/77 102/307/77
f 97/305/77 102/307/77 101/308/77
f 98/309/78 104/310/78 103/311/78
f 98/309/78 103/311/78 99/312/78
f 105/313/79 106/314/79 107/315/79
f 105/313/79 107/315/79 108/316/79
f 109/317/80 110/318/80 111/319/80
f 109/317/80 111/319/80 112/320/80
f 105/321/81 109/322/81 112/323/81
f 105/321/81 112/323/81 106/324/81
f 108/325/82 107/326/82 111/327/82
f 108/325/82 111/327/82 110/328/82
f 105/329/83 108/330/83 110/331/83
f 105/329/83 110/331/83 109/332/83
f 106/333/84 112/334/84 111/335/84
f 106/333/84 111/335/84 107/336/84
f 113/337/85 114/338/85 115/339/85
f 113/337/85 115/339/85 116/340/85
f 117/341/86 118/342/86 119/343/86
f 117/341/86 119/343/86 120/344/86
f 113/345/87 117/346/87 120/347/87
f 113/345/87 120/347/87 114/348/87
f 116/349/88 115/350/88 119/351/88
f 116/349/88 119/351/88 118/352/88
f 113/353/89 116/354/89 118/355/89
f 113/353/89 118/355/89 117/356/89
f 114/357/90 120/358/90 119/359/90
f 114/357/90 119/359/90 115/360/90
f 121/361/91 122/362/91 123/363/91
f 121/361/91 123/363/91 124/364/91
f 125/365/92 126/366/92 127/367/92
f 125/365/92 127/367/92 128/368/92
f 121/369/93 125/370/93 128/371/93
f 121/369/93 128/371/93 122/372/93
f 124/373/94 123/374/94 127/375/94
f 124/373/94 127/375/94 126/376/94
f 121/377/95 124/378/95 126/379/95
f 121/377/95 126/379/95 125/380/95
f 122/381/96 128/382/96 127/383/96
f 122/381/96 127/383/96 123/384/96
f 129/385/97 130/386/97 131/387/97
f 129/385/97 131/387/97 132/388/97
f 133/389/98 134/390/98 135/391/98
f 133/389/98 135/391/98 136/392/98
f 129/393/99 133/394/99 136/395/99
f 129/393/99 136/395/99 130/396/99
f 132/397/100 131/398/100 135/399/100
f 132/397/100 135/399/100 134/400/100
f 129/401/101 132/402/101 134/403/101
f 129/401/101 134/403/101 133/404/101
f 130/405/102 136/406/102 135/407/102
f 130/405/102 135/407/102 131/408/102
f 137/409/103 138/410/103 139/411/103
f 137/409/103 139/411/103 140/412/103
f 141/413/104 142/414/104 143/415/104
f 141/413/104 143/415/104 144/416/104
f 137/417/105 141/418/105 144/419/105
f 137/417/105 144/419/105 138/420/105
f 140/421/106 139/422/106 143/423/106
f 140/421/106 143/423/106 142/424/106
f 137/425/107 140/426/107 142/427/107
f 137/425/107 142/427/107 141/428/107
f 138/429/108 144/430/108 143/431/108
f 138/429/108 143/431/108 139/432/108
f 145/433/109 146/434/109 147/435/109
f 145/433/109 147/435/109 148/436/109
f 149/437/110 150/438/110 151/439/110
f 149/437/110 151/439/110 152/440/110
f 145/441/111 149/442/111 152/443/111
f 145/441/111 152/443/111 146/444/111
f 148/445/112 147/446/112 151/447/112
f 148/445/112 151/447/112 150/448/112
f 145/449/113 148/450/113 150/451/113
f 145/449/113 150/451/113 149/452/113
f 146/453/114 152/454/114 151/455/114
f 146/453/114 151/455/114 147/456/114
f 153/457/115 154/458/115 155/459/115
f 153/457/115 155/459/115 156/460/115
f 157/461/116 158/462/116 159/463/116
f 157/461/116 159/463/116 160/464/116
f 153/465/117 157/466/117 160/467/117
f 153/465/117 160/467/117 154/468/117
f 156/469/118 155/470/118 159/471/118
f 156/469/118 159/471/118 158/472/118
f 153/473/119 156/474/119 158/475/119
f 153/473/119 158/475/119 157/476/119
f 154/477/120 160/478/120 159/479/120
f 154/477/120 159/479/120 155/480/120
f 161/481/121 162/482/121 163/483/121
f 161/481/121 163/483/121 164/484/121
f 165/485/122 166/486/122 167/487/122
f 165/485/122 167/487/122 168/488/122
f 161/489/123 165/490/123 168/491/123
f 161/489/123 168/491/123 162/492/123
f 164/493/124 163/494/124 167/495/124
f 164/493/124 167/495/124 166/496/124
f 161/497/125 164/498/125 166/499/125
f 161/497/125 166/499/125 165/500/125
f 162/501/126 168/502/126 167/503/126
f 162/501/126 167/503/126 163/504/126
f 169/505/127 170/506/127 171/507/127
f 169/505/127 171/507/127 172/508/127
f 173/509/128 174/510/128 175/511/128
f 173/509/128 175/511/128 176/512/128
f 169/513/129 173/514/129 176/515/129
f 169/513/129 176/515/129 170/516/129
f 172/517/130 171/518/130 175/519/130
f 172/517/130 175/519/130 174/520/130
f 169/521/131 172/522/131 174/523/131
f 169/521/131 174/523/131 173/524/131
f 170/525/132 176/526/132 175/527/132
f 170/525/132 175/527/132 171/528/132
f 177/529/133 178/530/133 179/531/133
f 177/529/133 179/531/133 180/532/133
f 181/533/134 182/534/134 183/535/134
f 181/533/134 183/535/134 184/536/134
f 177/537/135 181/538/135 184/539/135
f 177/537/135 184/539/135 178/540/135
f 180/541/136 179/542/136 183/543/136
f 180/541/136 183/543/136 182/544/136
f 177/545/137 180/546/137 182/547/137
f 177/545/137 182/547/137 181/548/137
f 178/549/138 184/550/138 183/551/138
f 178/549/138 183/551/138 179/552/138
f 185/553/139 186/554/139 187/555/139
f 185/553/139 187/555/139 188/556/139
f 186/557/140 189/558/140 190/559/140
f 186/557/140 190/559/140 187/560/140
f 189/561/141 191/562/141 192/563/141
f 189/561/141 192/563/141 190/564/141
f 191/565/142 193/566/142 194/567/142
f 191/565/142 194/567/142 192/568/142
f 193/569/143 195/570/143 196/571/143
f 193/569/143 196/571/143 194/572/143
f 195/573/144 197/574/144 198/575/144
f 195/573/144 198/575/144 196/576/144
f 197/577/145 199/578/145 200/579/145
f 197/577/145 200/579/145 198/580/145
f 199/581/146 185/582/146 188/583/146
f 199/581/146 188/583/146 200/584/146
f 201/585/147 186/586/147 185/587/147
f 201/588/148 189/589/148 186/590/148
f 201/591/149 191/592/149 189/593/149
f 201/594/150 193/595/150 191/596/150
f 201/597/151 195/598/151 193/599/151
f 201/600/152 197/601/152 195/602/152
f 201/603/153 199/604/153 197/605/153
f 201/606/154 185/607/154 199/608/154
f 202/609/155 188/610/155 187/611/155
f 202/612/156 187/613/156 190/614/156
f 202/615/157 190/616/157 192/617/157
f 202/618/158 192/619/158 194/620/158
f 202/621/159 194/622/159 196/623/159
f 202/624/160 196/625/160 198/626/160
f 202/627/161 198/628/161 200/629/161
f 202/630/162 200/631/162 188/632/162
f 188/633/163 203/634/163 204/635/163
f 188/633/163 204/635/163 205/636/163
f 203/637/164 206/638/164 207/639/164
f 203/637/164 207/639/164 204/640/164
f 206/641/165 208/642/165 209/643/165
f 206/641/165 209/643/165 207/644/165
f 208/645/166 194/646/166 210/647/166
f 208/645/166 210/647/166 209/648/166
f 194/649/167 211/650/167 212/651/167
f 194/649/167 212/651/167 210/652/167
f 211/653/168 213/654/168 214/655/168
f 211/653/168 214/655/168 212/656/168
f 213/657/169 215/658/169 216/659/169
f 213/657/169 216/659/169 214/660/169
f 215/661/170 188/662/170 205/663/170
f 215/661/170 205/663/170 216/664/170
f 202/665/171 203/666/171 188/667/171
f 202/668/172 206/669/172 203/670/172
f 202/671/173 208/672/173 206/673/173
f 202/674/174 194/675/174 208/676/174
f 202/677/175 211/678/175 194/679/175
f 202/680/176 213/681/176 211/682/176
f 202/683/177 215/684/177 213/685/177
f 202/686/178 188/687/178 215/688/178
f 217/689/179 205/690/179 204/691/179
f 217/692/180 204/693/180 207/694/180
f 217/695/181 207/696/181 209/697/181
f 217/698/182 209/699/182 210/700/182
f 217/701/183 210/702/183 212/703/183
f 217/704/184 212/705/184 214/706/184
f 217/707/185 214/708/185 216/709/185
f 217/710/186 216/711/186 205/712/186
f 205/713/187 218/714/187 219/715/187
f 205/713/187 219/715/187 220/716/187
f 218/717/188 221/718/188 222/719/188
f 218/717/188 222/719/188 219/720/188
f 221/721/189 223/722/189 224/723/189
f 221/721/189 224/723/189 222/724/189
f 223/725/190 210/726/190 225/727/190
f 223/725/190 225/727/190 224/728/190
f 210/729/191 226/730/191 227/731/191
f 210/729/191 227/731/191 225/732/191
f 226/733/192 228/734/192 229/735/192
f 226/733/192 229/735/192 227/736/192
f 228/737/193 230/738/193 231/739/193
f 228/737/193 231/739/193 229/740/193
f 230/741/194 205/742/194 220/743/194
f 230/741/194 220/743/194 231/744/194
f 217/745/195 218/746/195 205/747/195
f 217/748/196 221/749/196 218/750/196
f 217/751/197 223/752/197 221/753/197
f 217/754/198 210/755/198 223/756/198
f 217/757/199 226/758/199 210/759/199
f 217/760/200 228/761/200 226/762/200
f 217/763/201 230/764/201 228/765/201
f 217/766/202 205/767/202 230/768/202
f 232/769/203 220/770/203 219/771/203
f 232/772/204 219/773/204 222/774/204
f 232/775/205 222/776/205 224/777/205
f 232/778/206 224/779/206 225/780/206
f 232/781/207 225/782/207 227/783/207
f 232/784/208 227/785/208 229/786/208
f 232/787/209 229/788/209 231/789/209
f 232/790/210 231/791/210 220/792/210
f 220/793/211 233/794/211 234/795/211
f 220/793/211 234/795/211 235/796/211
f 233/797/212 236/798/212 237/799/212
f 233/797/212 237/799/212 234/800/212
f 236/801/213 238/802/213 239/803/213
f 236/801/213 239/803/213 237/804/213
f 238/805/214 225/806/214 240/807/214
f 238/805/214 240/807/214 239/808/214
f 225/809/215 241/810/215 242/811/215
f 225/809/215 242/811/215 240/812/215
f 241/813/216 243/814/216 244/815/216
f 241/813/216 244/815/216 242/816/216
f 243/817/217 245/818/217 246/819/217
f 243/817/217 246/819/217 244/820/217
f 245/821/218 220/822/218 235/823/218
f 245/821/218 235/823/218 246/824/218
f 232/825/219 233/826/219 220/827/219
f 232/828/220 236/829/220 233/830/220
f 232/831/221 238/832/221 236/833/221
f 232/834/222 225/835/222 238/836/222
f 232/837/223 241/838/223 225/839/223
f 232/840/224 243/841/224 241/842/224
f 232/843/225 245/844/225 243/845/225
f 232/846/226 220/847/226 245/848/226
f 247/849/227 235/850/227 234/851/227
f 247/852/228 234/853/228 237/854/228
f 247/855/229 237/856/229 239/857/229
f 247/858/230 239/859/230 240/860/230
f 247/861/231 240/862/231 242/863/231
f 247/864/232 242/865/232 244/866/232
f 247/867/233 244/868/233 246/869/233
f 247/870/234 246/871/234 235/872/234
f 235/873/235 248/874/235 249/875/235
f 235/873/235 249/875/235 250/876/235
f 248/877/236 251/878/236 252/879/236
f 248/877/236 252/879/236 249/880/236
f 251/881/237 253/882/237 254/883/237
f 251/881/237 254/883/237 252/884/237
f 253/885/238 240/886/238 255/887/238
f 253/885/238 255/887/238 254/888/238
f 240/889/239 256/890/239 257/891/239
f 240/889/239 257/891/239 255/892/239
f 256/893/240 258/894/240 259/895/240
f 256/893/240 259/895/240 257/896/240
f 258/897/241 260/898/241 261/899/241
f 258/897/241 261/899/241 259/900/241
f 260/901/242 235/902/242 250/903/242
f 260/901/242 250/903/242 261/904/242
f 247/905/243 248/906/243 235/907/243
f 247/908/244 251/909/244 248/910/244
f 247/911/245 253/912/245 251/913/245
f 247/914/246 240/915/246 253/916/246
f 247/917/247 256/918/247 240/919/247
f 247/920/248 258/921/248 256/922/248
f 247/923/249 260/924/249 258/925/249
f 247/926/250 235/927/250 260/928/250
f 262/929/251 250/930/251 249/931/251
f 262/932/252 249/933/252 252/934/252
f 262/935/253 252/936/253 254/937/253
f 262/938/254 254/939/254 255/940/254
f 262/941/255 255/942/255 257/943/255
f 262/944/256 257/945/256 259/946/256
f 262/947/257 259/948/257 261/949/257
f 262/950/258 261/951/258 250/952/258
f 263/953/259 264/954/259 265/955/259
f 263/953/259 265/955/259 266/956/259
f 264/957/260 267/958/260 268/959/260
f 264/957/260 268/959/260 265/960/260
f 267/961/261 269/962/261 270/963/261
f 267/961/261 270/963/261 268/964/261
f 269/965/262 271/966/262 272/967/262
f 269/965/262 272/967/262 270/968/262
f 271/969/263 273/970/263 274/971/263
f 271/969/263 274/971/263 272/972/263
f 273/973/264 275/974/264 276/975/264
f 273/973/264 276/975/264 274/976/264
f 275/977/265 277/978/265 278/979/265
f 275/977/265 278/979/265 276/980/265
f 277/981/266 263/982/266 266/983/266
f 277/981/266 266/983/266 278/984/266
f 279/985/267 264/986/267 263/987/267
f 279/988/268 267/989/268 264/990/268
f 279/991/269 269/992/269 267/993/269
f 279/994/270 271/995/270 269/996/270
f 279/997/271 273/998/271 271/999/271
f 279/1000/272 275/1001/272 273/1002/272
f 279/1003/273 277/1004/273 275/1005/273
f 279/1006/274 263/1007/274 277/1008/274
f 280/1009/275 266/1010/275 265/1011/275
f 280/1012/276 265/1013/276 268/1014/276
f 280/1015/277 268/1016/277 270/1017/277
f 280/1018/278 270/1019/278 272/1020/278
f 280/1021/279 272/1022/279 274/1023/279
f 280/1024/280 274/1025/280 276/1026/280
f 280/1027/281 276/1028/281 278/1029/281
f 280/1030/282 278/1031/282 266/1032/282
f 266/1033/283 281/1034/283 282/1035/283
f 266/1033/283 282/1035/283 283/1036/283
f 281/1037/284 284/1038/284 285/1039/284
f 281/1037/284 285/1039/284 282/1040/284
f 284/1041/285 286/1042/285 287/1043/285
f 284/1041/285 287/1043/285 285/1044/285
f 286/1045/286 272/1046/286 288/1047/286
f 286/1045/286 288/1047/286 287/1048/286
f 272/1049/287 289/1050/287 290/1051/287
f 272/1049/287 290/1051/287 288/1052/287
f 289/1053/288 291/1054/288 292/1055/288
f 289/1053/288 292/1055/288 290/1056/288
f 291/1057/289 293/1058/289 294/1059/289
f 291/1057/289 294/1059/289 292/1060/289
f 293/1061/290 266/1062/290 283/1063/290
f 293/1061/290 283/1063/290 294/1064/290
f 280/1065/291 281/1066/291 266/1067/291
f 280/1068/292 284/1069/292 281/1070/292
f 280/1071/293 286/1072/293 284/1073/293
f 280/1074/294 272/1075/294 286/1076/294
f 280/1077/295 289/1078/295 272/1079/295
f 280/1080/296 291/1081/296 289/1082/296
f 280/1083/297 293/1084/297 291/1085/297
f 280/1086/298 266/1087/298 293/1088/298
f 295/1089/299 283/1090/299 282/1091/299
f 295/1092/300 282/1093/300 285/1094/300
f 295/1095/301 285/1096/301 287/1097/301
f 295/1098/302 287/1099/302 288/1100/302
f 295/1101/303 288/1102/303 290/1103/303
f 295/1104/304 290/1105/304 292/1106/304
f 295/1107/305 292/1108/305 294/1109/305
f 295/1110/306 294/1111/306 283/1112/306
f 283/1113/307 296/1114/307 297/1115/307
f 283/1113/307 297/1115/307 298/1116/307
f 296/1117/308 299/1118/308 300/1119/308
f 296/1117/308 300/1119/308 297/1120/308
f 299/1121/309 301/1122/309 302/1123/309
f 299/1121/309 302/1123/309 300/1124/309
f 301/1125/310 288/1126/310 303/1127/310
f 301/1125/310 303/1127/310 302/1128/310
f 288/1129/311 304/1130/311 305/1131/311
f 288/1129/311 305/1131/311 303/1132/311
f 304/1133/312 306/1134/312 307/1135/312
f 304/1133/312 307/1135/312 305/1136/312
f 306/1137/313 308/1138/313 309/1139/313
f 306/1137/313 309/1139/313 307/1140/313
f 308/1141/314 283/1142/314 298/1143/314
f 308/1141/314 298/1143/314 309/1144/314
f 295/1145/315 296/1146/315 283/1147/315
f 295/1148/316 299/1149/316 296/1150/316
f 295/1151/317 301/1152/317 299/1153/317
f 295/1154/318 288/1155/318 301/1156/318
f 295/1157/319 304/1158/319 288/1159/319
f 295/1160/320 306/1161/320 304/1162/320
f 295/1163/321 308/1164/321 306/1165/321
f 295/1166/322 283/1167/322 308/1168/322
f 310/1169/323 298/1170/323 297/1171/323
f 310/1172/324 297/1173/324 300/1174/324
f 310/1175/325 300/1176/325 302/1177/325
f 310/1178/326 302/1179/326 303/1180/326
f 310/1181/327 303/1182/327 305/1183/327
f 310/1184/328 305/1185/328 307/1186/328
f 310/1187/329 307/1188/329 309/1189/329
f 310/1190/330 309/1191/330 298/1192/330
f 298/1193/331 311/1194/331 312/1195/331
f 298/1193/331 312/1195/331 313/1196/331
f 311/1197/332 314/1198/332 315/1199/332
f 311/1197/332 315/1199/332 312/1200/332
f 314/1201/333 316/1202/333 317/1203/333
f 314/1201/333 317/1203/333 315/1204/333
f 316/1205/334 303/1206/334 318/1207/334
f 316/1205/334 318/1207/334 317/1208/334
f 303/1209/335 319/1210/335 320/1211/335
f 303/1209/335 320/1211/335 318/1212/335
f 319/1213/336 321/1214/336 322/1215/336
f 319/1213/336 322/1215/336 320/1216/336
f 321/1217/337 323/1218/337 324/1219/337
f 321/1217/337 324/1219/337 322/1220/337
f 323/1221/338 298/1222/338 313/1223/338
f 323/1221/338 313/1223/338 324/1224/338
f 310/1225/339 311/1226/339 298/1227/339
f 310/1228/340 314/1229/340 311/1230/340
f 310/1231/341 316/1232/341 314/1233/341
f 310/1234/342 303/1235/342 316/1236/342
f 310/1237/343 319/1238/343 303/1239/343
f 310/1240/344 321/1241/344 319/1242/344
f 310/1243/345 323/1244/345 321/1245/345
f 310/1246/346 298/1247/346 323/1248/346
f 325/1249/347 313/1250/347 312/1251/347
f 325/1252/348 312/1253/348 315/1254/348
f 325/1255/349 315/1256/349 317/1257/349
f 325/1258/350 317/1259/350 318/1260/350
f 325/1261/351 318/1262/351 320/1263/351
f 325/1264/352 320/1265/352 322/1266/352
f 325/1267/353 322/1268/353 324/1269/353
f 325/1270/354 324/1271/354 313/1272/354
f 313/1273/355 326/1274/355 327/1275/355
f 313/1273/355 327/1275/355 328/1276/355
f 326/1277/356 329/1278/356 330/1279/356
f 326/1277/356 330/1279/356 327/1280/356
f 329/1281/357 331/1282/357 332/1283/357
f 329/1281/357 332/1283/357 330/1284/357
f 331/1285/358 318/1286/358 333/1287/358
f 331/1285/358 333/1287/358 332/1288/358
f 318/1289/359 334/1290/359 335/1291/359
f 318/1289/359 335/1291/359 333/1292/359
f 334/1293/360 336/1294/360 337/1295/360
f 334/1293/360 337/1295/360 335/1296/360
f 336/1297/361 338/1298/361 339/1299/361
f 336/1297/361 339/1299/361 337/1300/361
f 338/1301/362 313/1302/362 328/1303/362
f 338/1301/362 328/1303/362 339/1304/362
f 325/1305/363 326/1306/363 313/1307/363
f 325/1308/364 329/1309/364 326/1310/364
f 325/1311/365 331/1312/365 329/1313/365
f 325/1314/366 318/1315/366 331/1316/366
f 325/1317/367 334/1318/367 318/1319/367
f 325/1320/368 336/1321/368 334/1322/368
f 325/1323/369 338/1324/369 336/1325/369
f 325/1326/370 313/1327/370 338/1328/370
f 340/1329/371 328/1330/371 327/1331/371
f 340/1332/372 327/1333/372 330/1334/372
f 340/1335/373 330/1336/373 332/1337/373
f 340/1338/374 332/1339/374 333/1340/374
f 340/1341/375 333/1342/375 335/1343/375
f 340/1344/376 335/1345/376 337/1346/376
f 340/1347/377 337/1348/377 339/1349/377
f 340/1350/378 339/1351/378 328/1352/378
f 341/1353/379 342/1354/379 343/1355/379
f 341/1353/379 343/1355/379 344/1356/379
f 342/1357/380 345/1358/380 346/1359/380
f 342/1357/380 346/1359/380 343/1360/380
f 345/1361/381 347/1362/381 348/1363/381
f 345/1361/381 348/1363/381 346/1364/381
f 347/1365/382 349/1366/382 350/1367/382
f 347/1365/382 350/1367/382 348/1368/382
f 349/1369/383 351/1370/383 352/1371/383
f 349/1369/383 352/1371/383 350/1372/383
f 351/1373/384 353/1374/384 354/1375/384
f 351/1373/384 354/1375/384 352/1376/384
f 353/1377/385 355/1378/385 356/1379/385
f 353/1377/385 356/1379/385 354/1380/385
f 355/1381/386 341/1382/386 344/1383/386
f 355/1381/386 344/1383/386 356/1384/386
f 357/1385/387 342/1386/387 341/1387/387
f 357/1388/388 345/1389/388 342/1390/388
f 357/1391/389 347/1392/389 345/1393/389
f 357/1394/390 349/1395/390 347/1396/390
f 357/1397/391 351/1398/391 349/1399/391
f 357/1400/392 353/1401/392 351/1402/392
f 357/1403/393 355/1404/393 353/1405/393
f 357/1406/394 341/1407/394 355/1408/394
f 358/1409/395 344/1410/395 343/1411/395
f 358/1412/396 343/1413/396 346/1414/396
f 358/1415/397 346/1416/397 348/1417/397
f 358/1418/398 348/1419/398 350/1420/398
f 358/1421/399 350/1422/399 352/1423/399
f 358/1424/400 352/1425/400 354/1426/400
f 358/1427/401 354/1428/401 356/1429/401
f 358/1430/402 356/1431/402 344/1432/402
f 344/1433/403 359/1434/403 360/1435/403
f 344/1433/403 360/1435/403 361/1436/403
f 359/1437/404 362/1438/404 363/1439/404
f 359/1437/404 363/1439/404 360/1440/404
f 362/1441/405 364/1442/405 365/1443/405
f 362/1441/405 365/1443/405 363/1444/405
f 364/1445/406 350/1446/406 366/1447/406
f 364/1445/406 366/1447/406 365/1448/406
f 350/1449/407 367/1450/407 368/1451/407
f 350/1449/407 368/1451/407 366/1452/407
f 367/1453/408 369/1454/408 370/1455/408
f 367/1453/408 370/1455/408 368/1456/408
f 369/1457/409 371/1458/409 372/1459/409
f 369/1457/409 372/1459/409 370/1460/409
f 371/1461/410 344/1462/410 361/1463/410
f 371/1461/410 361/1463/410 372/1464/410
f 358/1465/411 359/1466/411 344/1467/411
f 358/1468/412 362/1469/412 359/1470/412
f 358/1471/413 364/1472/413 362/1473/413
f 358/1474/414 350/1475/414 364/1476/414
f 358/1477/415 367/1478/415 350/1479/415
f 358/1480/416 369/1481/416 367/1482/416
f 358/1483/417 371/1484/417 369/1485/417
f 358/1486/418 344/1487/418 371/1488/418
f 373/1489/419 361/1490/419 360/1491/419
f 373/1492/420 360/1493/420 363/1494/420
f 373/1495/421 363/1496/421 365/1497/421
f 373/1498/422 365/1499/422 366/1500/422
f 373/1501/423 366/1502/423 368/1503/423
f 373/1504/424 368/1505/424 370/1506/424
f 373/1507/425 370/1508/425 372/1509/425
f 373/1510/426 372/1511/426 361/1512/426
f 361/1513/427 374/1514/427 375/1515/427
f 361/1513/427 375/1515/427 376/1516/427
f 374/1517/428 377/1518/428 378/1519/428
f 374/1517/428 378/1519/428 375/1520/428
f 377/1521/429 379/1522/429 380/1523/429
f 377/1521/429 380/1523/429 378/1524/429
f 379/1525/430 366/1526/430 381/1527/430
f 379/1525/430 381/1527/430 380/1528/430
f 366/1529/431 382/1530/431 383/1531/431
f 366/1529/431 383/1531/431 381/1532/431
f 382/1533/432 384/1534/432 385/1535/432
f 382/1533/432 385/1535/432 383/1536/432
f 384/1537/433 386/1538/433 387/1539/433
f 384/1537/433 387/1539/433 385/1540/433
f 386/1541/434 361/1542/434 376/1543/434
f 386/1541/434 376/1543/434 387/1544/434
f 373/1545/435 374/1546/435 361/1547/435
f 373/1548/436 377/1549/436 374/1550/436
f 373/1551/437 379/1552/437 377/1553/437
f 373/1554/438 366/1555/438 379/1556/438
f 373/1557/439 382/1558/439 366/1559/439
f 373/1560/440 384/1561/440 382/1562/440
f 373/1563/441 386/1564/441 384/1565/441
f 373/1566/442 361/1567/442 386/1568/442
f 388/1569/443 376/1570/443 375/1571/443
f 388/1572/444 375/1573/444 378/1574/444
f 388/1575/445 378/1576/445 380/1577/445
f 388/1578/446 380/1579/446 381/1580/446
f 388/1581/447 381/1582/447 383/1583/447
f 388/1584/448 383/1585/448 385/1586/448
f 388/1587/449 385/1588/449 387/1589/449
f 388/1590/450 387/1591/450 376/1592/450
f 376/1593/451 389/1594/451 390/1595/451
f 376/1593/451 390/1595/451 391/1596/451
f 389/1597/452 392/1598/452 393/1599/452
f 389/1597/452 393/1599/452 390/1600/452
f 392/1601/453 394/1602/453 395/1603/453
f 392/1601/453 395/1603/453 393/1604/453
f 394/1605/454 381/1606/454 396/1607/454
f 394/1605/454 396/1607/454 395/1608/454
f 381/1609/455 397/1610/455 398/1611/455
f 381/1609/455 398/1611/455 396/1612/455
f 397/1613/456 399/1614/456 400/1615/456
f 397/1613/456 400/1615/456 398/1616/456
f 399/1617/457 401/1618/457 402/1619/457
f 399/1617/457 402/1619/457 400/1620/457
f 401/1621/458 376/1622/458 391/1623/458
f 401/1621/458 391/1623/458 402/1624/458
f 388/1625/459 389/1626/459 376/1627/459
f 388/1628/460 392/1629/460 389/1630/460
f 388/1631/461 394/1632/461 392/1633/461
f 388/1634/462 381/1635/462 394/1636/462
f 388/1637/463 397/1638/463 381/1639/463
f 388/1640/464 399/1641/464 397/1642/464
f 388/1643/465 401/1644/465 399/1645/465
f 388/1646/466 376/1647/466 401/1648/466
f 403/1649/467 391/1650/467 390/1651/467
f 403/1652/468 390/1653/468 393/1654/468
f 403/1655/469 393/1656/469 395/1657/469
f 403/1658/470 395/1659/470 396/1660/470
f 403/1661/471 396/1662/471 398/1663/471
f 403/1664/472 398/1665/472 400/1666/472
f 403/1667/473 400/1668/473 402/1669/473
f 403/1670/474 402/1671/474 391/1672/474
f 391/1673/475 404/1674/475 405/1675/475
f 391/1673/475 405/1675/475 406/1676/475
f 404/1677/476 407/1678/476 408/1679/476
f 404/1677/476 408/1679/476 405/1680/476
f 407/1681/477 409/1682/477 410/1683/477
f 407/1681/477 410/1683/477 408/1684/477
f 409/1685/478 396/1686/478 411/1687/478
f 409/1685/478 411/1687/478 410/1688/478
f 396/1689/479 412/1690/479 413/1691/479
f 396/1689/479 413/1691/479 411/1692/479
f 412/1693/480 414/1694/480 415/1695/480
f 412/1693/480 415/1695/480 413/1696/480
f 414/1697/481 416/1698/481 417/1699/481
f 414/1697/481 417/1699/481 415/1700/481
f 416/1701/482 391/1702/482 406/1703/482
f 416/1701/482 406/1703/482 417/1704/482
f 403/1705/483 404/1706/483 391/1707/483
f 403/1708/484 407/1709/484 404/1710/484
f 403/1711/485 409/1712/485 407/1713/485
f 403/1714/486 396/1715/486 409/1716/486
f 403/1717/487 412/1718/487 396/1719/487
f 403/1720/488 414/1721/488 412/1722/488
f 403/1723/489 416/1724/489 414/1725/489
f 403/1726/490 391/1727/490 416/1728/490
f 418/1729/491 406/1730/491 405/1731/491
f 418/1732/492 405/1733/492 408/1734/492
f 418/1735/493 408/1736/493 410/1737/493
f 418/1738/494 410/1739/494 411/1740/494
f 418/1741/495 411/1742/495 413/1743/495
f 418/1744/496 413/1745/496 415/1746/496
f 418/1747/497 415/1748/497 417/1749/497
f 418/1750/498 417/1751/498 406/1752/498
f 419/1753/499 420/1754/499 421/1755/499
f 419/1753/499 421/1755/499 422/1756/499
f 420/1757/500 423/1758/500 424/1759/500
f 420/1757/500 424/1759/500 421/1760/500
f 423/1761/501 425/1762/501 426/1763/501
f 423/1761/501 426/1763/501 424/1764/501
f 425/1765/502 427/1766/502 428/1767/502
f 425/1765/502 428/1767/502 426/1768/502
f 427/1769/503 429/1770/503 430/1771/503
f 427/1769/503 430/1771/503 428/1772/503
f 429/1773/504 431/1774/504 432/1775/504
f 429/1773/504 432/1775/504 430/1776/504
f 431/1777/505 433/1778/505 434/1779/505
f 431/1777/505 434/1779/505 432/1780/505
f 433/1781/506 419/1782/506 422/1783/506
f 433/1781/506 422/1783/506 434/1784/506
f 435/1785/507 420/1786/507 419/1787/507
f 435/1788/508 423/1789/508 420/1790/508
f 435/1791/509 425/1792/509 423/1793/509
f 435/1794/510 427/1795/510 425/1796/510
f 435/1797/511 429/1798/511 427/1799/511
f 435/1800/512 431/1801/512 429/1802/512
f 435/1803/513 433/1804/513 431/1805/513
f 435/1806/514 419/1807/514 433/1808/514
f 436/1809/515 422/1810/515 421/1811/515
f 436/1812/516 421/1813/516 424/1814/516
f 436/1815/517 424/1816/517 426/1817/517
f 436/1818/518 426/1819/518 428/1820/518
f 436/1821/519 428/1822/519 430/1823/519
f 436/1824/520 430/1825/520 432/1826/520
f 436/1827/521 432/1828/521 434/1829/521
f 436/1830/522 434/1831/522 422/1832/522
f 437/1833/523 438/1834/523 439/1835/523
f 437/1833/523 439/1835/523 440/1836/523
f 438/1837/524 424/1838/524 441/1839/524
f 438/1837/524 441/1839/524 439/1840/524
f 424/1841/525 442/1842/525 443/1843/525
f 424/1841/525 443/1843/525 441/1844/525
f 442/1845/526 444/1846/526 445/1847/526
f 442/1845/526 445/1847/526 443/1848/526
f 444/1849/527 446/1850/527 447/1851/527
f 444/1849/527 447/1851/527 445/1852/527
f 446/1853/528 432/1854/528 448/1855/528
f 446/1853/528 448/1855/528 447/1856/528
f 432/1857/529 449/1858/529 450/1859/529
f 432/1857/529 450/1859/529 448/1860/529
f 449/1861/530 437/1862/530 440/1863/530
f 449/1861/530 440/1863/530 450/1864/530
f 436/1865/531 438/1866/531 437/1867/531
f 436/1868/532 424/1869/532 438/1870/532
f 436/1871/533 442/1872/533 424/1873/533
f 436/1874/534 444/1875/534 442/1876/534
f 436/1877/535 446/1878/535 444/1879/535
f 436/1880/536 432/1881/536 446/1882/536
f 436/1883/537 449/1884/537 432/1885/537
f 436/1886/538 437/1887/538 449/1888/538
f 451/1889/539 440/1890/539 439/1891/539
f 451/1892/540 439/1893/540 441/1894/540
f 451/1895/541 441/1896/541 443/1897/541
f 451/1898/542 443/1899/542 445/1900/542
f 451/1901/543 445/1902/543 447/1903/543
f 451/1904/544 447/1905/544 448/1906/544
f 451/1907/545 448/1908/545 450/1909/545
f 451/1910/546 450/1911/546 440/1912/546
f 452/1913/547 453/1914/547 454/1915/547
f 452/1913/547 454/1915/547 455/1916/547
f 453/1917/548 441/1918/548 456/1919/548
f 453/1917/548 456/1919/548 454/1920/548
f 441/1921/549 457/1922/549 458/1923/549
f 441/1921/549 458/1923/549 456/1924/549
f 457/1925/550 459/1926/550 460/1927/550
f 457/1925/550 460/1927/550 458/1928/550
f 459/1929/551 461/1930/551 462/1931/551
f 459/1929/551 462/1931/551 460/1932/551
f 461/1933/552 448/1934/552 463/1935/552
f 461/1933/552 463/1935/552 462/1936/552
f 448/1937/553 464/1938/553 465/1939/553
f 448/1937/553 465/1939/553 463/1940/553
f 464/1941/554 452/1942/554 455/1943/554
f 464/1941/554 455/1943/554 465/1944/554
f 451/1945/555 453/1946/555 452/1947/555
f 451/1948/556 441/1949/556 453/1950/556
f 451/1951/557 457/1952/557 441/1953/557
f 451/1954/558 459/1955/558 457/1956/558
f 451/1957/559 461/1958/559 459/1959/559
f 451/1960/560 448/1961/560 461/1962/560
f 451/1963/561 464/1964/561 448/1965/561
f 451/1966/562 452/1967/562 464/1968/562
f 466/1969/563 455/1970/563 454/1971/563
f 466/1972/564 454/1973/564 456/1974/564
f 466/1975/565 456/1976/565 458/1977/565
f 466/1978/566 458/1979/566 460/1980/566
f 466/1981/567 460/1982/567 462/1983/567
f 466/1984/568 462/1985/568 463/1986/568
f 466/1987/569 463/1988/569 465/1989/569
f 466/1990/570 465/1991/570 455/1992/570
f 467/1993/571 468/1994/571 469/1995/571
f 467/1993/571 469/1995/571 470/1996/571
f 468/1997/572 456/1998/572 471/1999/572
f 468/1997/572 471/1999/572 469/2000/572
f 456/2001/573 472/2002/573 473/2003/573
f 456/2001/573 473/2003/573 471/2004/573
f 472/2005/574 474/2006/574 475/2007/574
f 472/2005/574 475/2007/574 473/2008/574
f 474/2009/575 476/2010/575 477/2011/575
f 474/2009/575 477/2011/575 475/2012/575
f 476/2013/576 463/2014/576 478/2015/576
f 476/2013/576 478/2015/576 477/2016/576
f 463/2017/577 479/2018/577 480/2019/577
f 463/2017/577 480/2019/577 478/2020/577
f 479/2021/578 467/2022/578 470/2023/578
f 479/2021/578 470/2023/578 480/2024/578
f 466/2025/579 468/2026/579 467/2027/579
f 466/2028/580 456/2029/580 468/2030/580
f 466/2031/581 472/2032/581 456/2033/581
f 466/2034/582 474/2035/582 472/2036/582
f 466/2037/583 476/2038/583 474/2039/583
f 466/2040/584 463/2041/584 476/2042/584
f 466/2043/585 479/2044/585 463/2045/585
f 466/2046/586 467/2047/586 479/2048/586
f 481/2049/587 470/2050/587 469/2051/587
f 481/2052/588 469/2053/588 471/2054/588
f 481/2055/589 471/2056/589 473/2057/589
f 481/2058/590 473/2059/590 475/2060/590
f 481/2061/591 475/2062/591 477/2063/591
f 481/2064/592 477/2065/592 478/2066/592
f 481/2067/593 478/2068/593 480/2069/593
f 481/2070/594 480/2071/594 470/2072/594
f 482/2073/595 483/2074/595 484/2075/595
f 482/2073/595 484/2075/595 485/2076/595
f 483/2077/596 486/2078/596 487/2079/596
f 483/2077/596 487/2079/596 484/2080/596
f 486/2081/597 488/2082/597 489/2083/597
f 486/2081/597 489/2083/597 487/2084/597
f 488/2085/598 490/2086/598 491/2087/598
f 488/2085/598 491/2087/598 489/2088/598
f 490/2089/599 492/2090/599 493/2091/599
f 490/2089/599 493/2091/599 491/2092/599
f 492/2093/600 494/2094/600 495/2095/600
f 492/2093/600 495/2095/600 493/2096/600
f 494/2097/601 496/2098/601 497/2099/601
f 494/2097/601 497/2099/601 495/2100/601
f 496/2101/602 498/2102/602 499/2103/602
f 496/2101/602 499/2103/602 497/2104/602
f 498/2105/603 500/2106/603 501/2107/603
f 498/2105/603 501/2107/603 499/2108/603
f 500/2109/604 482/2110/604 485/2111/604
f 500/2109/604 485/2111/604 501/2112/604
f 502/2113/605 483/2114/605 482/2115/605
f 502/2116/606 486/2117/606 483/2118/606
f 502/2119/607 488/2120/607 486/2121/607
f 502/2122/608 490/2123/608 488/2124/608
f 502/2125/609 492/2126/609 490/2127/609
f 502/2128/610 494/2129/610 492/2130/610
f 502/2131/611 496/2132/611 494/2133/611
f 502/2134/612 498/2135/612 496/2136/612
f 502/2137/613 500/2138/613 498/2139/613
f 502/2140/614 482/2141/614 500/2142/614
f 503/2143/615 485/2144/615 484/2145/615
f 503/2146/616 484/2147/616 487/2148/616
f 503/2149/617 487/2150/617 489/2151/617
f 503/2152/618 489/2153/618 491/2154/618
f 503/2155/619 491/2156/619 493/2157/619
f 503/2158/620 493/2159/620 495/2160/620
f 503/2161/621 495/2162/621 497/2163/621
f 503/2164/622 497/2165/622 499/2166/622
f 503/2167/623 499/2168/623 501/2169/623
f 503/2170/624 501/2171/624 485/2172/624
f 504/2173/625 505/2174/625 506/2175/625
f 504/2173/625 506/2175/625 507/2176/625
f 505/2177/626 508/2178/626 509/2179/626
f 505/2177/626 509/2179/626 506/2180/626
f 508/2181/627 510/2182/627 511/2183/627
f 508/2181/627 511/2183/627 509/2184/627
f 510/2185/628 512/2186/628 513/2187/628
f 510/2185/628 513/2187/628 511/2188/628
f 512/2189/629 514/2190/629 515/2191/629
f 512/2189/629 515/2191/629 513/2192/629
f 514/2193/630 516/2194/630 517/2195/630
f 514/2193/630 517/2195/630 515/2196/630
f 516/2197/631 518/2198/631 519/2199/631
f 516/2197/631 519/2199/631 517/2200/631
f 518/2201/632 504/2202/632 507/2203/632
f 518/2201/632 507/2203/632 519/2204/632
f 520/2205/633 505/2206/633 504/2207/633
f 520/2208/634 508/2209/634 505/2210/634
f 520/2211/635 510/2212/635 508/2213/635
f 520/2214/636 512/2215/636 510/2216/636
f 520/2217/637 514/2218/637 512/2219/637
f 520/2220/638 516/2221/638 514/2222/638
f 520/2223/639 518/2224/639 516/2225/639
f 520/2226/640 504/2227/640 518/2228/640
f 521/2229/641 507/2230/641 506/2231/641
f 521/2232/642 506/2233/642 509/2234/642
f 521/2235/643 509/2236/643 511/2237/643
f 521/2238/644 511/2239/644 513/2240/644
f 521/2241/645 513/2242/645 515/2243/645
f 521/2244/646 515/2245/646 517/2246/646
f 521/2247/647 517/2248/647 519/2249/647
f 521/2250/648 519/2251/648 507/2252/648
f 522/2253/649 523/2254/649 524/2255/649
f 522/2253/649 524/2255/649 525/2256/649
f 523/2257/650 509/2258/650 526/2259/650
f 523/2257/650 526/2259/650 524/2260/650
f 509/2261/651 527/2262/651 528/2263/651
f 509/2261/651 528/2263/651 526/2264/651
f 527/2265/652 529/2266/652 530/2267/652
f 527/2265/652 530/2267/652 528/2268/652
f 529/2269/653 531/2270/653 532/2271/653
f 529/2269/653 532/2271/653 530/2272/653
f 531/2273/654 517/2274/654 533/2275/654
f 531/2273/654 533/2275/654 532/2276/654
f 517/2277/655 534/2278/655 535/2279/655
f 517/2277/655 535/2279/655 533/2280/655
f 534/2281/656 522/2282/656 525/2283/656
f 534/2281/656 525/2283/656 535/2284/656
f 521/2285/657 523/2286/657 522/2287/657
f 521/2288/658 509/2289/658 523/2290/658
f 521/2291/659 527/2292/659 509/2293/659
f 521/2294/660 529/2295/660 527/2296/660
f 521/2297/661 531/2298/661 529/2299/661
f 521/2300/662 517/2301/662 531/2302/662
f 521/2303/663 534/2304/663 517/2305/663
f 521/2306/664 522/2307/664 534/2308/664
f 536/2309/665 525/2310/665 524/2311/665
f 536/2312/666 524/2313/666 526/2314/666
f 536/2315/667 526/2316/667 528/2317/667
f 536/2318/668 528/2319/668 530/2320/668
f 536/2321/669 530/2322/669 532/2323/669
f 536/2324/670 532/2325/670 533/2326/670
f 536/2327/671 533/2328/671 535/2329/671
f 536/2330/672 535/2331/672 525/2332/672
f 537/2333/673 538/2334/673 539/2335/673
f 537/2333/673 539/2335/673 540/2336/673
f 538/2337/674 526/2338/674 541/2339/674
f 538/2337/674 541/2339/674 539/2340/674
f 526/2341/675 542/2342/675 543/2343/675
f 526/2341/675 543/2343/675 541/2344/675
f 542/2345/676 544/2346/676 545/2347/676
f 542/2345/676 545/2347/676 543/2348/676
f 544/2349/677 546/2350/677 547/2351/677
f 544/2349/677 547/2351/677 545/2352/677
f 546/2353/678 533/2354/678 548/2355/678
f 546/2353/678 548/2355/678 547/2356/678
f 533/2357/679 549/2358/679 550/2359/679
f 533/2357/679 550/2359/679 548/2360/679
f 549/2361/680 537/2362/680 540/2363/680
f 549/2361/680 540/2363/680 550/2364/680
f 536/2365/681 538/2366/681 537/2367/681
f 536/2368/682 526/2369/682 538/2370/682
f 536/2371/683 542/2372/683 526/2373/683
f 536/2374/684 544/2375/684 542/2376/684
f 536/2377/685 546/2378/685 544/2379/685
f 536/2380/686 533/2381/686 546/2382/686
f 536/2383/687 549/2384/687 533/2385/687
f 536/2386/688 537/2387/688 549/2388/688
f 551/2389/689 540/2390/689 539/2391/689
f 551/2392/690 539/2393/690 541/2394/690
f 551/2395/691 541/2396/691 543/2397/691
f 551/2398/692 543/2399/692 545/2400/692
f 551/2401/693 545/2402/693 547/2403/693
f 551/2404/694 547/2405/694 548/2406/694
f 551/2407/695 548/2408/695 550/2409/695
f 551/2410/696 550/2411/696 540/2412/696
f 552/2413/697 553/2414/697 554/2415/697
f 552/2413/697 554/2415/697 555/2416/697
f 553/2417/698 541/2418/698 556/2419/698
f 553/2417/698 556/2419/698 554/2420/698
f 541/2421/699 557/2422/699 558/2423/699
f 541/2421/699 558/2423/699 556/2424/699
f 557/2425/700 559/2426/700 560/2427/700
f 557/2425/700 560/2427/700 558/2428/700
f 559/2429/701 561/2430/701 562/2431/701
f 559/2429/701 562/2431/701 560/2432/701
f 561/2433/702 548/2434/702 563/2435/702
f 561/2433/702 563/2435/702 562/2436/702
f 548/2437/703 564/2438/703 565/2439/703
f 548/2437/703 565/2439/703 563/2440/703
f 564/2441/704 552/2442/704 555/2443/704
f 564/2441/704 555/2443/704 565/2444/704
f 551/2445/705 553/2446/705 552/2447/705
f 551/2448/706 541/2449/706 553/2450/706
f 551/2451/707 557/2452/707 541/2453/707
f 551/2454/708 559/2455/708 557/2456/708
f 551/2457/709 561/2458/709 559/2459/709
f 551/2460/710 548/2461/710 561/2462/710
f 551/2463/711 564/2464/711 548/2465/711
f 551/2466/712 552/2467/712 564/2468/712
f 566/2469/713 555/2470/713 554/2471/713
f 566/2472/714 554/2473/714 556/2474/714
f 566/2475/715 556/2476/715 558/2477/715
f 566/2478/716 558/2479/716 560/2480/716
f 566/2481/717 560/2482/717 562/2483/717
f 566/2484/718 562/2485/718 563/2486/718
f 566/2487/719 563/2488/719 565/2489/719
f 566/2490/720 565/2491/720 555/2492/720
f 567/2493/721 568/2494/721 569/2495/721
f 567/2493/721 569/2495/721 570/2496/721
f 568/2497/722 571/2498/722 572/2499/722
f 568/2497/722 572/2499/722 569/2500/722
f 571/2501/723 573/2502/723 574/2503/723
f 571/2501/723 574/2503/723 572/2504/723
f 573/2505/724 575/2506/724 576/2507/724
f 573/2505/724 576/2507/724 574/2508/724
f 575/2509/725 577/2510/725 578/2511/725
f 575/2509/725 578/2511/725 576/2512/725
f 577/2513/726 579/2514/726 580/2515/726
f 577/2513/726 580/2515/726 578/2516/726
f 579/2517/727 581/2518/727 582/2519/727
f 579/2517/727 582/2519/727 580/2520/727
f 581/2521/728 583/2522/728 584/2523/728
f 581/2521/728 584/2523/728 582/2524/728
f 583/2525/729 585/2526/729 586/2527/729
f 583/2525/729 586/2527/729 584/2528/729
f 585/2529/730 567/2530/730 570/2531/730
f 585/2529/730 570/2531/730 586/2532/730
f 587/2533/731 568/2534/731 567/2535/731
f 587/2536/732 571/2537/732 568/2538/732
f 587/2539/733 573/2540/733 571/2541/733
f 587/2542/734 575/2543/734 573/2544/734
f 587/2545/735 577/2546/735 575/2547/735
f 587/2548/736 579/2549/736 577/2550/736
f 587/2551/737 581/2552/737 579/2553/737
f 587/2554/738 583/2555/738 581/2556/738
f 587/2557/739 585/2558/739 583/2559/739
f 587/2560/740 567/2561/740 585/2562/740
f 588/2563/741 570/2564/741 569/2565/741
f 588/2566/742 569/2567/742 572/2568/742
f 588/2569/743 572/2570/743 574/2571/743
f 588/2572/744 574/2573/744 576/2574/744
f 588/2575/745 576/2576/745 578/2577/745
f 588/2578/746 578/2579/746 580/2580/746
f 588/2581/747 580/2582/747 582/2583/747
f 588/2584/748 582/2585/748 584/2586/748
f 588/2587/749 584/2588/749 586/2589/749
f 588/2590/750 586/2591/750 570/2592/750
