mtllib TorusHome_CourtyardA.mtl
o TorusHome_CourtyardA
usemtl TorusResidentialKit
s off
v -0.950000 0.000000 -0.950000
v 0.950000 0.000000 -0.950000
v 0.950000 0.030000 -0.950000
v -0.950000 0.030000 -0.950000
v -0.950000 0.000000 -0.050000
v 0.950000 0.000000 -0.050000
v 0.950000 0.030000 -0.050000
v -0.950000 0.030000 -0.050000
v -0.950000 0.680000 -0.950000
v 0.950000 0.680000 -0.950000
v 0.950000 0.710000 -0.950000
v -0.950000 0.710000 -0.950000
v -0.950000 0.680000 -0.050000
v 0.950000 0.680000 -0.050000
v 0.950000 0.710000 -0.050000
v -0.950000 0.710000 -0.050000
v -0.950000 0.030000 -0.925000
v 0.950000 0.030000 -0.925000
v 0.950000 0.680000 -0.925000
v -0.950000 0.680000 -0.925000
v -0.925000 0.030000 -0.950000
v -0.925000 0.680000 -0.950000
v -0.925000 0.030000 -0.050000
v -0.925000 0.680000 -0.050000
v 0.925000 0.030000 -0.950000
v 0.925000 0.680000 -0.950000
v 0.925000 0.030000 -0.050000
v 0.925000 0.680000 -0.050000
v -0.950000 0.030000 -0.075000
v 0.537500 0.030000 -0.075000
v 0.537500 0.205000 -0.075000
v -0.950000 0.205000 -0.075000
v 0.537500 0.030000 -0.050000
v 0.537500 0.205000 -0.050000
v -0.950000 0.205000 -0.050000
v -0.950000 0.205000 -0.066875
v 0.537500 0.205000 -0.066875
v 0.537500 0.567500 -0.066875
v -0.950000 0.567500 -0.066875
v -0.950000 0.205000 -0.055625
v 0.537500 0.205000 -0.055625
v 0.537500 0.567500 -0.055625
v -0.950000 0.567500 -0.055625
v -0.950000 0.567500 -0.075000
v 0.537500 0.567500 -0.075000
v 0.537500 0.680000 -0.075000
v -0.950000 0.680000 -0.075000
v -0.950000 0.567500 -0.050000
v 0.537500 0.567500 -0.050000
v 0.537500 0.680000 -0.050000
v 0.887500 0.030000 -0.075000
v 0.950000 0.030000 -0.075000
v 0.950000 0.680000 -0.075000
v 0.887500 0.680000 -0.075000
v 0.887500 0.030000 -0.050000
v 0.887500 0.680000 -0.050000
v 0.537500 0.592500 -0.075000
v 0.887500 0.592500 -0.075000
v 0.537500 0.592500 -0.050000
v 0.887500 0.592500 -0.050000
v -0.932500 0.030000 -0.932500
v -0.907500 0.030000 -0.932500
v -0.907500 0.680000 -0.932500
v -0.932500 0.680000 -0.932500
v -0.932500 0.030000 -0.907500
v -0.907500 0.030000 -0.907500
v -0.907500 0.680000 -0.907500
v -0.932500 0.680000 -0.907500
v -0.932500 0.030000 -0.092500
v -0.907500 0.030000 -0.092500
v -0.907500 0.680000 -0.092500
v -0.932500 0.680000 -0.092500
v -0.932500 0.030000 -0.067500
v -0.907500 0.030000 -0.067500
v -0.907500 0.680000 -0.067500
v -0.932500 0.680000 -0.067500
v 0.907500 0.030000 -0.932500
v 0.932500 0.030000 -0.932500
v 0.932500 0.680000 -0.932500
v 0.907500 0.680000 -0.932500
v 0.907500 0.030000 -0.907500
v 0.932500 0.030000 -0.907500
v 0.932500 0.680000 -0.907500
v 0.907500 0.680000 -0.907500
v 0.907500 0.030000 -0.092500
v 0.932500 0.030000 -0.092500
v 0.932500 0.680000 -0.092500
v 0.907500 0.680000 -0.092500
v 0.907500 0.030000 -0.067500
v 0.932500 0.030000 -0.067500
v 0.932500 0.680000 -0.067500
v 0.907500 0.680000 -0.067500
v -0.950000 0.655000 -0.935000
v 0.950000 0.655000 -0.935000
v 0.950000 0.680000 -0.935000
v -0.950000 0.680000 -0.935000
v -0.950000 0.655000 -0.905000
v 0.950000 0.655000 -0.905000
v 0.950000 0.680000 -0.905000
v -0.950000 0.680000 -0.905000
v -0.950000 0.655000 -0.095000
v 0.950000 0.655000 -0.095000
v 0.950000 0.680000 -0.095000
v -0.950000 0.680000 -0.095000
v -0.950000 0.655000 -0.065000
v 0.950000 0.655000 -0.065000
v 0.950000 0.680000 -0.065000
v -0.950000 0.680000 -0.065000
v -0.150000 0.000000 -0.050000
v -0.150000 0.030000 -0.050000
v -0.950000 0.000000 0.950000
v -0.150000 0.000000 0.950000
v -0.150000 0.030000 0.950000
v -0.950000 0.030000 0.950000
v -0.150000 0.680000 -0.050000
v -0.150000 0.710000 -0.050000
v -0.950000 0.680000 0.950000
v -0.150000 0.680000 0.950000
v -0.150000 0.710000 0.950000
v -0.950000 0.710000 0.950000
v -0.950000 0.030000 -0.025000
v -0.150000 0.030000 -0.025000
v -0.150000 0.680000 -0.025000
v -0.950000 0.680000 -0.025000
v -0.925000 0.030000 0.950000
v -0.925000 0.680000 0.950000
v -0.175000 0.030000 -0.050000
v -0.175000 0.680000 -0.050000
v -0.175000 0.030000 0.950000
v -0.175000 0.680000 0.950000
v -0.950000 0.030000 0.925000
v -0.562500 0.030000 0.925000
v -0.562500 0.205000 0.925000
v -0.950000 0.205000 0.925000
v -0.562500 0.030000 0.950000
v -0.562500 0.205000 0.950000
v -0.950000 0.205000 0.950000
v -0.950000 0.205000 0.933125
v -0.562500 0.205000 0.933125
v -0.562500 0.567500 0.933125
v -0.950000 0.567500 0.933125
v -0.950000 0.205000 0.944375
v -0.562500 0.205000 0.944375
v -0.562500 0.567500 0.944375
v -0.950000 0.567500 0.944375
v -0.950000 0.567500 0.925000
v -0.562500 0.567500 0.925000
v -0.562500 0.680000 0.925000
v -0.950000 0.680000 0.925000
v -0.950000 0.567500 0.950000
v -0.562500 0.567500 0.950000
v -0.562500 0.680000 0.950000
v -0.212500 0.030000 0.925000
v -0.150000 0.030000 0.925000
v -0.150000 0.680000 0.925000
v -0.212500 0.680000 0.925000
v -0.212500 0.030000 0.950000
v -0.212500 0.680000 0.950000
v -0.562500 0.592500 0.925000
v -0.212500 0.592500 0.925000
v -0.562500 0.592500 0.950000
v -0.212500 0.592500 0.950000
v -0.932500 0.030000 -0.032500
v -0.907500 0.030000 -0.032500
v -0.907500 0.680000 -0.032500
v -0.932500 0.680000 -0.032500
v -0.932500 0.030000 -0.007500
v -0.907500 0.030000 -0.007500
v -0.907500 0.680000 -0.007500
v -0.932500 0.680000 -0.007500
v -0.932500 0.030000 0.907500
v -0.907500 0.030000 0.907500
v -0.907500 0.680000 0.907500
v -0.932500 0.680000 0.907500
v -0.932500 0.030000 0.932500
v -0.907500 0.030000 0.932500
v -0.907500 0.680000 0.932500
v -0.932500 0.680000 0.932500
v -0.192500 0.030000 -0.032500
v -0.167500 0.030000 -0.032500
v -0.167500 0.680000 -0.032500
v -0.192500 0.680000 -0.032500
v -0.192500 0.030000 -0.007500
v -0.167500 0.030000 -0.007500
v -0.167500 0.680000 -0.007500
v -0.192500 0.680000 -0.007500
v -0.192500 0.030000 0.907500
v -0.167500 0.030000 0.907500
v -0.167500 0.680000 0.907500
v -0.192500 0.680000 0.907500
v -0.192500 0.030000 0.932500
v -0.167500 0.030000 0.932500
v -0.167500 0.680000 0.932500
v -0.192500 0.680000 0.932500
v -0.950000 0.655000 -0.035000
v -0.150000 0.655000 -0.035000
v -0.150000 0.680000 -0.035000
v -0.950000 0.680000 -0.035000
v -0.950000 0.655000 -0.005000
v -0.150000 0.655000 -0.005000
v -0.150000 0.680000 -0.005000
v -0.950000 0.680000 -0.005000
v -0.950000 0.655000 0.905000
v -0.150000 0.655000 0.905000
v -0.150000 0.680000 0.905000
v -0.950000 0.680000 0.905000
v -0.950000 0.655000 0.935000
v -0.150000 0.655000 0.935000
v -0.150000 0.680000 0.935000
v -0.950000 0.680000 0.935000
v -0.950000 0.695000 -0.950000
v -0.150000 0.695000 -0.950000
v -0.150000 0.725000 -0.950000
v -0.950000 0.725000 -0.950000
v -0.950000 0.695000 -0.050000
v -0.150000 0.695000 -0.050000
v -0.150000 0.725000 -0.050000
v -0.950000 0.725000 -0.050000
v -0.950000 1.375000 -0.950000
v -0.150000 1.375000 -0.950000
v -0.150000 1.405000 -0.950000
v -0.950000 1.405000 -0.950000
v -0.950000 1.375000 -0.050000
v -0.150000 1.375000 -0.050000
v -0.150000 1.405000 -0.050000
v -0.950000 1.405000 -0.050000
v -0.950000 0.725000 -0.925000
v -0.150000 0.725000 -0.925000
v -0.150000 1.375000 -0.925000
v -0.950000 1.375000 -0.925000
v -0.925000 0.725000 -0.950000
v -0.925000 1.375000 -0.950000
v -0.925000 0.725000 -0.050000
v -0.925000 1.375000 -0.050000
v -0.175000 0.725000 -0.950000
v -0.175000 1.375000 -0.950000
v -0.175000 0.725000 -0.700000
v -0.150000 0.725000 -0.700000
v -0.150000 1.375000 -0.700000
v -0.175000 1.375000 -0.700000
v -0.175000 0.725000 -0.350000
v -0.150000 0.725000 -0.350000
v -0.150000 1.375000 -0.350000
v -0.175000 1.375000 -0.350000
v -0.175000 0.725000 -0.050000
v -0.175000 1.375000 -0.050000
v -0.175000 1.287500 -0.700000
v -0.150000 1.287500 -0.700000
v -0.175000 1.287500 -0.350000
v -0.150000 1.287500 -0.350000
v -0.950000 0.725000 -0.075000
v -0.562500 0.725000 -0.075000
v -0.562500 0.900000 -0.075000
v -0.950000 0.900000 -0.075000
v -0.562500 0.725000 -0.050000
v -0.562500 0.900000 -0.050000
v -0.950000 0.900000 -0.050000
v -0.950000 0.900000 -0.066875
v -0.562500 0.900000 -0.066875
v -0.562500 1.262500 -0.066875
v -0.950000 1.262500 -0.066875
v -0.950000 0.900000 -0.055625
v -0.562500 0.900000 -0.055625
v -0.562500 1.262500 -0.055625
v -0.950000 1.262500 -0.055625
v -0.950000 1.262500 -0.075000
v -0.562500 1.262500 -0.075000
v -0.562500 1.375000 -0.075000
v -0.950000 1.375000 -0.075000
v -0.950000 1.262500 -0.050000
v -0.562500 1.262500 -0.050000
v -0.562500 1.375000 -0.050000
v -0.212500 0.725000 -0.075000
v -0.150000 0.725000 -0.075000
v -0.150000 1.375000 -0.075000
v -0.212500 1.375000 -0.075000
v -0.212500 0.725000 -0.050000
v -0.212500 1.375000 -0.050000
v -0.562500 1.287500 -0.075000
v -0.212500 1.287500 -0.075000
v -0.562500 1.287500 -0.050000
v -0.212500 1.287500 -0.050000
v -0.932500 0.725000 -0.932500
v -0.907500 0.725000 -0.932500
v -0.907500 1.375000 -0.932500
v -0.932500 1.375000 -0.932500
v -0.932500 0.725000 -0.907500
v -0.907500 0.725000 -0.907500
v -0.907500 1.375000 -0.907500
v -0.932500 1.375000 -0.907500
v -0.932500 0.725000 -0.092500
v -0.907500 0.725000 -0.092500
v -0.907500 1.375000 -0.092500
v -0.932500 1.375000 -0.092500
v -0.932500 0.725000 -0.067500
v -0.907500 0.725000 -0.067500
v -0.907500 1.375000 -0.067500
v -0.932500 1.375000 -0.067500
v -0.192500 0.725000 -0.932500
v -0.167500 0.725000 -0.932500
v -0.167500 1.375000 -0.932500
v -0.192500 1.375000 -0.932500
v -0.192500 0.725000 -0.907500
v -0.167500 0.725000 -0.907500
v -0.167500 1.375000 -0.907500
v -0.192500 1.375000 -0.907500
v -0.192500 0.725000 -0.092500
v -0.167500 0.725000 -0.092500
v -0.167500 1.375000 -0.092500
v -0.192500 1.375000 -0.092500
v -0.192500 0.725000 -0.067500
v -0.167500 0.725000 -0.067500
v -0.167500 1.375000 -0.067500
v -0.192500 1.375000 -0.067500
v -0.950000 1.350000 -0.935000
v -0.150000 1.350000 -0.935000
v -0.150000 1.375000 -0.935000
v -0.950000 1.375000 -0.935000
v -0.950000 1.350000 -0.905000
v -0.150000 1.350000 -0.905000
v -0.150000 1.375000 -0.905000
v -0.950000 1.375000 -0.905000
v -0.950000 1.350000 -0.095000
v -0.150000 1.350000 -0.095000
v -0.150000 1.375000 -0.095000
v -0.950000 1.375000 -0.095000
v -0.950000 1.350000 -0.065000
v -0.150000 1.350000 -0.065000
v -0.150000 1.375000 -0.065000
v -0.950000 1.375000 -0.065000
v 0.950000 0.695000 -0.950000
v 0.950000 0.725000 -0.950000
v 0.950000 0.695000 -0.050000
v 0.950000 0.725000 -0.050000
v -0.950000 0.695000 0.950000
v -0.150000 0.695000 0.950000
v -0.150000 0.725000 0.950000
v -0.950000 0.725000 0.950000
v -0.087500 0.030000 0.670000
v 0.262500 0.030000 0.670000
v 0.262500 0.099500 0.670000
v -0.087500 0.099500 0.670000
v -0.087500 0.030000 0.750000
v 0.262500 0.030000 0.750000
v 0.262500 0.099500 0.750000
v -0.087500 0.099500 0.750000
v -0.087500 0.030000 0.590000
v 0.262500 0.030000 0.590000
v 0.262500 0.169000 0.590000
v -0.087500 0.169000 0.590000
v 0.262500 0.169000 0.670000
v -0.087500 0.169000 0.670000
v -0.087500 0.030000 0.510000
v 0.262500 0.030000 0.510000
v 0.262500 0.238500 0.510000
v -0.087500 0.238500 0.510000
v 0.262500 0.238500 0.590000
v -0.087500 0.238500 0.590000
v -0.087500 0.030000 0.430000
v 0.262500 0.030000 0.430000
v 0.262500 0.308000 0.430000
v -0.087500 0.308000 0.430000
v 0.262500 0.308000 0.510000
v -0.087500 0.308000 0.510000
v -0.087500 0.030000 0.350000
v 0.262500 0.030000 0.350000
v 0.262500 0.377500 0.350000
v -0.087500 0.377500 0.350000
v 0.262500 0.377500 0.430000
v -0.087500 0.377500 0.430000
v -0.087500 0.030000 0.270000
v 0.262500 0.030000 0.270000
v 0.262500 0.447000 0.270000
v -0.087500 0.447000 0.270000
v 0.262500 0.447000 0.350000
v -0.087500 0.447000 0.350000
v -0.087500 0.030000 0.190000
v 0.262500 0.030000 0.190000
v 0.262500 0.516500 0.190000
v -0.087500 0.516500 0.190000
v 0.262500 0.516500 0.270000
v -0.087500 0.516500 0.270000
v -0.087500 0.030000 0.110000
v 0.262500 0.030000 0.110000
v 0.262500 0.586000 0.110000
v -0.087500 0.586000 0.110000
v 0.262500 0.586000 0.190000
v -0.087500 0.586000 0.190000
v -0.087500 0.030000 0.030000
v 0.262500 0.030000 0.030000
v 0.262500 0.655500 0.030000
v -0.087500 0.655500 0.030000
v 0.262500 0.655500 0.110000
v -0.087500 0.655500 0.110000
v -0.087500 0.030000 -0.050000
v 0.262500 0.030000 -0.050000
v 0.262500 0.725000 -0.050000
v -0.087500 0.725000 -0.050000
v 0.262500 0.725000 0.030000
v -0.087500 0.725000 0.030000
v -0.087500 0.000000 -0.050000
v 0.875000 0.000000 -0.050000
v 0.875000 0.030000 -0.050000
v -0.087500 0.000000 0.950000
v 0.875000 0.000000 0.950000
v 0.875000 0.030000 0.950000
v -0.087500 0.030000 0.950000
v -0.932500 0.725000 0.917500
v -0.917500 0.725000 0.917500
v -0.917500 0.975000 0.917500
v -0.932500 0.975000 0.917500
v -0.932500 0.725000 0.932500
v -0.917500 0.725000 0.932500
v -0.917500 0.975000 0.932500
v -0.932500 0.975000 0.932500
v -0.557500 0.725000 0.917500
v -0.542500 0.725000 0.917500
v -0.542500 0.975000 0.917500
v -0.557500 0.975000 0.917500
v -0.557500 0.725000 0.932500
v -0.542500 0.725000 0.932500
v -0.542500 0.975000 0.932500
v -0.557500 0.975000 0.932500
v -0.182500 0.725000 0.917500
v -0.167500 0.725000 0.917500
v -0.167500 0.975000 0.917500
v -0.182500 0.975000 0.917500
v -0.182500 0.725000 0.932500
v -0.167500 0.725000 0.932500
v -0.167500 0.975000 0.932500
v -0.182500 0.975000 0.932500
v -0.932500 0.847500 0.917500
v -0.167500 0.847500 0.917500
v -0.167500 0.862500 0.917500
v -0.932500 0.862500 0.917500
v -0.932500 0.847500 0.932500
v -0.167500 0.847500 0.932500
v -0.167500 0.862500 0.932500
v -0.932500 0.862500 0.932500
v -0.932500 0.967500 0.917500
v -0.167500 0.967500 0.917500
v -0.167500 0.982500 0.917500
v -0.932500 0.982500 0.917500
v -0.932500 0.967500 0.932500
v -0.167500 0.967500 0.932500
v -0.167500 0.982500 0.932500
v -0.932500 0.982500 0.932500
v -0.182500 0.725000 -0.032500
v -0.167500 0.725000 -0.032500
v -0.167500 0.975000 -0.032500
v -0.182500 0.975000 -0.032500
v -0.182500 0.725000 -0.017500
v -0.167500 0.725000 -0.017500
v -0.167500 0.975000 -0.017500
v -0.182500 0.975000 -0.017500
v -0.182500 0.725000 0.442500
v -0.167500 0.725000 0.442500
v -0.167500 0.975000 0.442500
v -0.182500 0.975000 0.442500
v -0.182500 0.725000 0.457500
v -0.167500 0.725000 0.457500
v -0.167500 0.975000 0.457500
v -0.182500 0.975000 0.457500
v -0.182500 0.847500 -0.032500
v -0.167500 0.847500 -0.032500
v -0.167500 0.862500 -0.032500
v -0.182500 0.862500 -0.032500
v -0.182500 0.847500 0.932500
v -0.182500 0.862500 0.932500
v -0.182500 0.967500 -0.032500
v -0.167500 0.967500 -0.032500
v -0.167500 0.982500 -0.032500
v -0.182500 0.982500 -0.032500
v -0.182500 0.967500 0.932500
v -0.182500 0.982500 0.932500
v 0.292500 0.725000 -0.032500
v 0.307500 0.725000 -0.032500
v 0.307500 0.975000 -0.032500
v 0.292500 0.975000 -0.032500
v 0.292500 0.725000 -0.017500
v 0.307500 0.725000 -0.017500
v 0.307500 0.975000 -0.017500
v 0.292500 0.975000 -0.017500
v 0.605000 0.725000 -0.032500
v 0.620000 0.725000 -0.032500
v 0.620000 0.975000 -0.032500
v 0.605000 0.975000 -0.032500
v 0.605000 0.725000 -0.017500
v 0.620000 0.725000 -0.017500
v 0.620000 0.975000 -0.017500
v 0.605000 0.975000 -0.017500
v 0.917500 0.725000 -0.032500
v 0.932500 0.725000 -0.032500
v 0.932500 0.975000 -0.032500
v 0.917500 0.975000 -0.032500
v 0.917500 0.725000 -0.017500
v 0.932500 0.725000 -0.017500
v 0.932500 0.975000 -0.017500
v 0.917500 0.975000 -0.017500
v 0.292500 0.847500 -0.032500
v 0.932500 0.847500 -0.032500
v 0.932500 0.862500 -0.032500
v 0.292500 0.862500 -0.032500
v 0.292500 0.847500 -0.017500
v 0.932500 0.847500 -0.017500
v 0.932500 0.862500 -0.017500
v 0.292500 0.862500 -0.017500
v 0.292500 0.967500 -0.032500
v 0.932500 0.967500 -0.032500
v 0.932500 0.982500 -0.032500
v 0.292500 0.982500 -0.032500
v 0.292500 0.967500 -0.017500
v 0.932500 0.967500 -0.017500
v 0.932500 0.982500 -0.017500
v 0.292500 0.982500 -0.017500
v 0.917500 0.725000 -0.932500
v 0.932500 0.725000 -0.932500
v 0.932500 0.975000 -0.932500
v 0.917500 0.975000 -0.932500
v 0.917500 0.725000 -0.917500
v 0.932500 0.725000 -0.917500
v 0.932500 0.975000 -0.917500
v 0.917500 0.975000 -0.917500
v 0.917500 0.725000 -0.513750
v 0.932500 0.725000 -0.513750
v 0.932500 0.975000 -0.513750
v 0.917500 0.975000 -0.513750
v 0.917500 0.725000 -0.498750
v 0.932500 0.725000 -0.498750
v 0.932500 0.975000 -0.498750
v 0.917500 0.975000 -0.498750
v 0.917500 0.725000 -0.095000
v 0.932500 0.725000 -0.095000
v 0.932500 0.975000 -0.095000
v 0.917500 0.975000 -0.095000
v 0.917500 0.725000 -0.080000
v 0.932500 0.725000 -0.080000
v 0.932500 0.975000 -0.080000
v 0.917500 0.975000 -0.080000
v 0.917500 0.847500 -0.932500
v 0.932500 0.847500 -0.932500
v 0.932500 0.862500 -0.932500
v 0.917500 0.862500 -0.932500
v 0.917500 0.847500 -0.080000
v 0.932500 0.847500 -0.080000
v 0.932500 0.862500 -0.080000
v 0.917500 0.862500 -0.080000
v 0.917500 0.967500 -0.932500
v 0.932500 0.967500 -0.932500
v 0.932500 0.982500 -0.932500
v 0.917500 0.982500 -0.932500
v 0.917500 0.967500 -0.080000
v 0.932500 0.967500 -0.080000
v 0.932500 0.982500 -0.080000
v 0.917500 0.982500 -0.080000
v -0.132500 0.725000 -0.932500
v -0.117500 0.725000 -0.932500
v -0.117500 0.975000 -0.932500
v -0.132500 0.975000 -0.932500
v -0.132500 0.725000 -0.917500
v -0.117500 0.725000 -0.917500
v -0.117500 0.975000 -0.917500
v -0.132500 0.975000 -0.917500
v 0.392500 0.725000 -0.932500
v 0.407500 0.725000 -0.932500
v 0.407500 0.975000 -0.932500
v 0.392500 0.975000 -0.932500
v 0.392500 0.725000 -0.917500
v 0.407500 0.725000 -0.917500
v 0.407500 0.975000 -0.917500
v 0.392500 0.975000 -0.917500
v -0.132500 0.847500 -0.932500
v -0.132500 0.862500 -0.932500
v -0.132500 0.847500 -0.917500
v 0.932500 0.847500 -0.917500
v 0.932500 0.862500 -0.917500
v -0.132500 0.862500 -0.917500
v -0.132500 0.967500 -0.932500
v -0.132500 0.982500 -0.932500
v -0.132500 0.967500 -0.917500
v 0.932500 0.967500 -0.917500
v 0.932500 0.982500 -0.917500
v -0.132500 0.982500 -0.917500
vt 0.015625 0.015625
vt 0.484375 0.015625
vt 0.484375 0.484375
vt 0.015625 0.484375
vt 0.015625 0.015625
vt 0.484375 0.015625
vt 0.484375 0.484375
vt 0.015625 0.484375
vt 0.015625 0.015625
vt 0.484375 0.015625
vt 0.484375 0.484375
vt 0.015625 0.484375
vt 0.015625 0.015625
vt 0.484375 0.015625
vt 0.484375 0.484375
vt 0.015625 0.484375
vt 0.015625 0.015625
vt 0.484375 0.015625
vt 0.484375 0.484375
vt 0.015625 0.484375
vt 0.015625 0.015625
vt 0.484375 0.015625
vt 0.484375 0.484375
vt 0.015625 0.484375
vt 0.015625 0.515625
vt 0.484375 0.515625
vt 0.484375 0.984375
vt 0.015625 0.984375
vt 0.015625 0.515625
vt 0.484375 0.515625
vt 0.484375 0.984375
vt 0.015625 0.984375
vt 0.015625 0.515625
vt 0.484375 0.515625
vt 0.484375 0.984375
vt 0.015625 0.984375
vt 0.015625 0.515625
vt 0.484375 0.515625
vt 0.484375 0.984375
vt 0.015625 0.984375
vt 0.015625 0.515625
vt 0.484375 0.515625
vt 0.484375 0.984375
vt 0.015625 0.984375
vt 0.015625 0.515625
vt 0.484375 0.515625
vt 0.484375 0.984375
vt 0.015625 0.984375
vt 0.015625 0.515625
vt 0.484375 0.515625
vt 0.484375 0.984375
vt 0.015625 0.984375
vt 0.015625 0.515625
vt 0.484375 0.515625
vt 0.484375 0.984375
vt 0.015625 0.984375
vt 0.015625 0.515625
vt 0.484375 0.515625
vt 0.484375 0.984375
vt 0.015625 0.984375
vt 0.015625 0.515625
vt 0.484375 0.515625
vt 0.484375 0.984375
vt 0.015625 0.984375
vt 0.015625 0.515625
vt 0.484375 0.515625
vt 0.484375 0.984375
vt 0.015625 0.984375
vt 0.015625 0.515625
vt 0.484375 0.515625
vt 0.484375 0.984375
vt 0.015625 0.984375
vt 0.015625 0.515625
vt 0.484375 0.515625
vt 0.484375 0.984375
vt 0.015625 0.984375
vt 0.015625 0.515625
vt 0.484375 0.515625
vt 0.484375 0.984375
vt 0.015625 0.984375
vt 0.015625 0.515625
vt 0.484375 0.515625
vt 0.484375 0.984375
vt 0.015625 0.984375
vt 0.015625 0.515625
vt 0.484375 0.515625
vt 0.484375 0.984375
vt 0.015625 0.984375
vt 0.015625 0.515625
vt 0.484375 0.515625
vt 0.484375 0.984375
vt 0.015625 0.984375
vt 0.015625 0.515625
vt 0.484375 0.515625
vt 0.484375 0.984375
vt 0.015625 0.984375
vt 0.015625 0.515625
vt 0.484375 0.515625
vt 0.484375 0.984375
vt 0.015625 0.984375
vt 0.015625 0.515625
vt 0.484375 0.515625
vt 0.484375 0.984375
vt 0.015625 0.984375
vt 0.015625 0.515625
vt 0.484375 0.515625
vt 0.484375 0.984375
vt 0.015625 0.984375
vt 0.015625 0.515625
vt 0.484375 0.515625
vt 0.484375 0.984375
vt 0.015625 0.984375
vt 0.015625 0.515625
vt 0.484375 0.515625
vt 0.484375 0.984375
vt 0.015625 0.984375
vt 0.015625 0.515625
vt 0.484375 0.515625
vt 0.484375 0.984375
vt 0.015625 0.984375
vt 0.015625 0.515625
vt 0.484375 0.515625
vt 0.484375 0.984375
vt 0.015625 0.984375
vt 0.015625 0.515625
vt 0.484375 0.515625
vt 0.484375 0.984375
vt 0.015625 0.984375
vt 0.015625 0.515625
vt 0.484375 0.515625
vt 0.484375 0.984375
vt 0.015625 0.984375
vt 0.015625 0.515625
vt 0.484375 0.515625
vt 0.484375 0.984375
vt 0.015625 0.984375
vt 0.015625 0.515625
vt 0.484375 0.515625
vt 0.484375 0.984375
vt 0.015625 0.984375
vt 0.015625 0.515625
vt 0.484375 0.515625
vt 0.484375 0.984375
vt 0.015625 0.984375
vt 0.515625 0.515625
vt 0.984375 0.515625
vt 0.984375 0.984375
vt 0.515625 0.984375
vt 0.515625 0.515625
vt 0.984375 0.515625
vt 0.984375 0.984375
vt 0.515625 0.984375
vt 0.515625 0.515625
vt 0.984375 0.515625
vt 0.984375 0.984375
vt 0.515625 0.984375
vt 0.515625 0.515625
vt 0.984375 0.515625
vt 0.984375 0.984375
vt 0.515625 0.984375
vt 0.515625 0.515625
vt 0.984375 0.515625
vt 0.984375 0.984375
vt 0.515625 0.984375
vt 0.515625 0.515625
vt 0.984375 0.515625
vt 0.984375 0.984375
vt 0.515625 0.984375
vt 0.015625 0.515625
vt 0.484375 0.515625
vt 0.484375 0.984375
vt 0.015625 0.984375
vt 0.015625 0.515625
vt 0.484375 0.515625
vt 0.484375 0.984375
vt 0.015625 0.984375
vt 0.015625 0.515625
vt 0.484375 0.515625
vt 0.484375 0.984375
vt 0.015625 0.984375
vt 0.015625 0.515625
vt 0.484375 0.515625
vt 0.484375 0.984375
vt 0.015625 0.984375
vt 0.015625 0.515625
vt 0.484375 0.515625
vt 0.484375 0.984375
vt 0.015625 0.984375
vt 0.015625 0.515625
vt 0.484375 0.515625
vt 0.484375 0.984375
vt 0.015625 0.984375
vt 0.515625 0.015625
vt 0.734375 0.015625
vt 0.734375 0.484375
vt 0.515625 0.484375
vt 0.515625 0.015625
vt 0.734375 0.015625
vt 0.734375 0.484375
vt 0.515625 0.484375
vt 0.515625 0.015625
vt 0.734375 0.015625
vt 0.734375 0.484375
vt 0.515625 0.484375
vt 0.515625 0.015625
vt 0.734375 0.015625
vt 0.734375 0.484375
vt 0.515625 0.484375
vt 0.515625 0.015625
vt 0.734375 0.015625
vt 0.734375 0.484375
vt 0.515625 0.484375
vt 0.515625 0.015625
vt 0.734375 0.015625
vt 0.734375 0.484375
vt 0.515625 0.484375
vt 0.515625 0.015625
vt 0.734375 0.015625
vt 0.734375 0.484375
vt 0.515625 0.484375
vt 0.515625 0.015625
vt 0.734375 0.015625
vt 0.734375 0.484375
vt 0.515625 0.484375
vt 0.515625 0.015625
vt 0.734375 0.015625
vt 0.734375 0.484375
vt 0.515625 0.484375
vt 0.515625 0.015625
vt 0.734375 0.015625
vt 0.734375 0.484375
vt 0.515625 0.484375
vt 0.515625 0.015625
vt 0.734375 0.015625
vt 0.734375 0.484375
vt 0.515625 0.484375
vt 0.515625 0.015625
vt 0.734375 0.015625
vt 0.734375 0.484375
vt 0.515625 0.484375
vt 0.015625 0.015625
vt 0.484375 0.015625
vt 0.484375 0.484375
vt 0.015625 0.484375
vt 0.015625 0.015625
vt 0.484375 0.015625
vt 0.484375 0.484375
vt 0.015625 0.484375
vt 0.015625 0.015625
vt 0.484375 0.015625
vt 0.484375 0.484375
vt 0.015625 0.484375
vt 0.015625 0.015625
vt 0.484375 0.015625
vt 0.484375 0.484375
vt 0.015625 0.484375
vt 0.015625 0.015625
vt 0.484375 0.015625
vt 0.484375 0.484375
vt 0.015625 0.484375
vt 0.015625 0.015625
vt 0.484375 0.015625
vt 0.484375 0.484375
vt 0.015625 0.484375
vt 0.015625 0.015625
vt 0.484375 0.015625
vt 0.484375 0.484375
vt 0.015625 0.484375
vt 0.015625 0.015625
vt 0.484375 0.015625
vt 0.484375 0.484375
vt 0.015625 0.484375
vt 0.015625 0.015625
vt 0.484375 0.015625
vt 0.484375 0.484375
vt 0.015625 0.484375
vt 0.015625 0.015625
vt 0.484375 0.015625
vt 0.484375 0.484375
vt 0.015625 0.484375
vt 0.015625 0.015625
vt 0.484375 0.015625
vt 0.484375 0.484375
vt 0.015625 0.484375
vt 0.015625 0.015625
vt 0.484375 0.015625
vt 0.484375 0.484375
vt 0.015625 0.484375
vt 0.015625 0.015625
vt 0.484375 0.015625
vt 0.484375 0.484375
vt 0.015625 0.484375
vt 0.015625 0.015625
vt 0.484375 0.015625
vt 0.484375 0.484375
vt 0.015625 0.484375
vt 0.015625 0.015625
vt 0.484375 0.015625
vt 0.484375 0.484375
vt 0.015625 0.484375
vt 0.015625 0.015625
vt 0.484375 0.015625
vt 0.484375 0.484375
vt 0.015625 0.484375
vt 0.015625 0.015625
vt 0.484375 0.015625
vt 0.484375 0.484375
vt 0.015625 0.484375
vt 0.015625 0.015625
vt 0.484375 0.015625
vt 0.484375 0.484375
vt 0.015625 0.484375
vt 0.015625 0.015625
vt 0.484375 0.015625
vt 0.484375 0.484375
vt 0.015625 0.484375
vt 0.015625 0.015625
vt 0.484375 0.015625
vt 0.484375 0.484375
vt 0.015625 0.484375
vt 0.015625 0.015625
vt 0.484375 0.015625
vt 0.484375 0.484375
vt 0.015625 0.484375
vt 0.015625 0.015625
vt 0.484375 0.015625
vt 0.484375 0.484375
vt 0.015625 0.484375
vt 0.015625 0.015625
vt 0.484375 0.015625
vt 0.484375 0.484375
vt 0.015625 0.484375
vt 0.015625 0.015625
vt 0.484375 0.015625
vt 0.484375 0.484375
vt 0.015625 0.484375
vt 0.015625 0.015625
vt 0.484375 0.015625
vt 0.484375 0.484375
vt 0.015625 0.484375
vt 0.015625 0.015625
vt 0.484375 0.015625
vt 0.484375 0.484375
vt 0.015625 0.484375
vt 0.015625 0.015625
vt 0.484375 0.015625
vt 0.484375 0.484375
vt 0.015625 0.484375
vt 0.015625 0.015625
vt 0.484375 0.015625
vt 0.484375 0.484375
vt 0.015625 0.484375
vt 0.015625 0.015625
vt 0.484375 0.015625
vt 0.484375 0.484375
vt 0.015625 0.484375
vt 0.015625 0.015625
vt 0.484375 0.015625
vt 0.484375 0.484375
vt 0.015625 0.484375
vt 0.015625 0.015625
vt 0.484375 0.015625
vt 0.484375 0.484375
vt 0.015625 0.484375
vt 0.015625 0.015625
vt 0.484375 0.015625
vt 0.484375 0.484375
vt 0.015625 0.484375
vt 0.015625 0.015625
vt 0.484375 0.015625
vt 0.484375 0.484375
vt 0.015625 0.484375
vt 0.015625 0.015625
vt 0.484375 0.015625
vt 0.484375 0.484375
vt 0.015625 0.484375
vt 0.015625 0.015625
vt 0.484375 0.015625
vt 0.484375 0.484375
vt 0.015625 0.484375
vt 0.015625 0.015625
vt 0.484375 0.015625
vt 0.484375 0.484375
vt 0.015625 0.484375
vt 0.015625 0.015625
vt 0.484375 0.015625
vt 0.484375 0.484375
vt 0.015625 0.484375
vt 0.015625 0.015625
vt 0.484375 0.015625
vt 0.484375 0.484375
vt 0.015625 0.484375
vt 0.015625 0.015625
vt 0.484375 0.015625
vt 0.484375 0.484375
vt 0.015625 0.484375
vt 0.015625 0.015625
vt 0.484375 0.015625
vt 0.484375 0.484375
vt 0.015625 0.484375
vt 0.015625 0.015625
vt 0.484375 0.015625
vt 0.484375 0.484375
vt 0.015625 0.484375
vt 0.015625 0.015625
vt 0.484375 0.015625
vt 0.484375 0.484375
vt 0.015625 0.484375
vt 0.015625 0.515625
vt 0.484375 0.515625
vt 0.484375 0.984375
vt 0.015625 0.984375
vt 0.015625 0.515625
vt 0.484375 0.515625
vt 0.484375 0.984375
vt 0.015625 0.984375
vt 0.015625 0.515625
vt 0.484375 0.515625
vt 0.484375 0.984375
vt 0.015625 0.984375
vt 0.015625 0.515625
vt 0.484375 0.515625
vt 0.484375 0.984375
vt 0.015625 0.984375
vt 0.015625 0.515625
vt 0.484375 0.515625
vt 0.484375 0.984375
vt 0.015625 0.984375
vt 0.015625 0.515625
vt 0.484375 0.515625
vt 0.484375 0.984375
vt 0.015625 0.984375
vt 0.015625 0.515625
vt 0.484375 0.515625
vt 0.484375 0.984375
vt 0.015625 0.984375
vt 0.015625 0.515625
vt 0.484375 0.515625
vt 0.484375 0.984375
vt 0.015625 0.984375
vt 0.015625 0.515625
vt 0.484375 0.515625
vt 0.484375 0.984375
vt 0.015625 0.984375
vt 0.015625 0.515625
vt 0.484375 0.515625
vt 0.484375 0.984375
vt 0.015625 0.984375
vt 0.015625 0.515625
vt 0.484375 0.515625
vt 0.484375 0.984375
vt 0.015625 0.984375
vt 0.015625 0.515625
vt 0.484375 0.515625
vt 0.484375 0.984375
vt 0.015625 0.984375
vt 0.015625 0.515625
vt 0.484375 0.515625
vt 0.484375 0.984375
vt 0.015625 0.984375
vt 0.015625 0.515625
vt 0.484375 0.515625
vt 0.484375 0.984375
vt 0.015625 0.984375
vt 0.015625 0.515625
vt 0.484375 0.515625
vt 0.484375 0.984375
vt 0.015625 0.984375
vt 0.015625 0.515625
vt 0.484375 0.515625
vt 0.484375 0.984375
vt 0.015625 0.984375
vt 0.015625 0.515625
vt 0.484375 0.515625
vt 0.484375 0.984375
vt 0.015625 0.984375
vt 0.015625 0.515625
vt 0.484375 0.515625
vt 0.484375 0.984375
vt 0.015625 0.984375
vt 0.015625 0.515625
vt 0.484375 0.515625
vt 0.484375 0.984375
vt 0.015625 0.984375
vt 0.015625 0.515625
vt 0.484375 0.515625
vt 0.484375 0.984375
vt 0.015625 0.984375
vt 0.015625 0.515625
vt 0.484375 0.515625
vt 0.484375 0.984375
vt 0.015625 0.984375
vt 0.015625 0.515625
vt 0.484375 0.515625
vt 0.484375 0.984375
vt 0.015625 0.984375
vt 0.015625 0.515625
vt 0.484375 0.515625
vt 0.484375 0.984375
vt 0.015625 0.984375
vt 0.015625 0.515625
vt 0.484375 0.515625
vt 0.484375 0.984375
vt 0.015625 0.984375
vt 0.015625 0.515625
vt 0.484375 0.515625
vt 0.484375 0.984375
vt 0.015625 0.984375
vt 0.015625 0.515625
vt 0.484375 0.515625
vt 0.484375 0.984375
vt 0.015625 0.984375
vt 0.015625 0.515625
vt 0.484375 0.515625
vt 0.484375 0.984375
vt 0.015625 0.984375
vt 0.015625 0.515625
vt 0.484375 0.515625
vt 0.484375 0.984375
vt 0.015625 0.984375
vt 0.015625 0.515625
vt 0.484375 0.515625
vt 0.484375 0.984375
vt 0.015625 0.984375
vt 0.015625 0.515625
vt 0.484375 0.515625
vt 0.484375 0.984375
vt 0.015625 0.984375
vt 0.515625 0.515625
vt 0.984375 0.515625
vt 0.984375 0.984375
vt 0.515625 0.984375
vt 0.515625 0.515625
vt 0.984375 0.515625
vt 0.984375 0.984375
vt 0.515625 0.984375
vt 0.515625 0.515625
vt 0.984375 0.515625
vt 0.984375 0.984375
vt 0.515625 0.984375
vt 0.515625 0.515625
vt 0.984375 0.515625
vt 0.984375 0.984375
vt 0.515625 0.984375
vt 0.515625 0.515625
vt 0.984375 0.515625
vt 0.984375 0.984375
vt 0.515625 0.984375
vt 0.515625 0.515625
vt 0.984375 0.515625
vt 0.984375 0.984375
vt 0.515625 0.984375
vt 0.015625 0.515625
vt 0.484375 0.515625
vt 0.484375 0.984375
vt 0.015625 0.984375
vt 0.015625 0.515625
vt 0.484375 0.515625
vt 0.484375 0.984375
vt 0.015625 0.984375
vt 0.015625 0.515625
vt 0.484375 0.515625
vt 0.484375 0.984375
vt 0.015625 0.984375
vt 0.015625 0.515625
vt 0.484375 0.515625
vt 0.484375 0.984375
vt 0.015625 0.984375
vt 0.015625 0.515625
vt 0.484375 0.515625
vt 0.484375 0.984375
vt 0.015625 0.984375
vt 0.015625 0.515625
vt 0.484375 0.515625
vt 0.484375 0.984375
vt 0.015625 0.984375
vt 0.515625 0.015625
vt 0.734375 0.015625
vt 0.734375 0.484375
vt 0.515625 0.484375
vt 0.515625 0.015625
vt 0.734375 0.015625
vt 0.734375 0.484375
vt 0.515625 0.484375
vt 0.515625 0.015625
vt 0.734375 0.015625
vt 0.734375 0.484375
vt 0.515625 0.484375
vt 0.515625 0.015625
vt 0.734375 0.015625
vt 0.734375 0.484375
vt 0.515625 0.484375
vt 0.515625 0.015625
vt 0.734375 0.015625
vt 0.734375 0.484375
vt 0.515625 0.484375
vt 0.515625 0.015625
vt 0.734375 0.015625
vt 0.734375 0.484375
vt 0.515625 0.484375
vt 0.515625 0.015625
vt 0.734375 0.015625
vt 0.734375 0.484375
vt 0.515625 0.484375
vt 0.515625 0.015625
vt 0.734375 0.015625
vt 0.734375 0.484375
vt 0.515625 0.484375
vt 0.515625 0.015625
vt 0.734375 0.015625
vt 0.734375 0.484375
vt 0.515625 0.484375
vt 0.515625 0.015625
vt 0.734375 0.015625
vt 0.734375 0.484375
vt 0.515625 0.484375
vt 0.515625 0.015625
vt 0.734375 0.015625
vt 0.734375 0.484375
vt 0.515625 0.484375
vt 0.515625 0.015625
vt 0.734375 0.015625
vt 0.734375 0.484375
vt 0.515625 0.484375
vt 0.015625 0.015625
vt 0.484375 0.015625
vt 0.484375 0.484375
vt 0.015625 0.484375
vt 0.015625 0.015625
vt 0.484375 0.015625
vt 0.484375 0.484375
vt 0.015625 0.484375
vt 0.015625 0.015625
vt 0.484375 0.015625
vt 0.484375 0.484375
vt 0.015625 0.484375
vt 0.015625 0.015625
vt 0.484375 0.015625
vt 0.484375 0.484375
vt 0.015625 0.484375
vt 0.015625 0.015625
vt 0.484375 0.015625
vt 0.484375 0.484375
vt 0.015625 0.484375
vt 0.015625 0.015625
vt 0.484375 0.015625
vt 0.484375 0.484375
vt 0.015625 0.484375
vt 0.015625 0.015625
vt 0.484375 0.015625
vt 0.484375 0.484375
vt 0.015625 0.484375
vt 0.015625 0.015625
vt 0.484375 0.015625
vt 0.484375 0.484375
vt 0.015625 0.484375
vt 0.015625 0.015625
vt 0.484375 0.015625
vt 0.484375 0.484375
vt 0.015625 0.484375
vt 0.015625 0.015625
vt 0.484375 0.015625
vt 0.484375 0.484375
vt 0.015625 0.484375
vt 0.015625 0.015625
vt 0.484375 0.015625
vt 0.484375 0.484375
vt 0.015625 0.484375
vt 0.015625 0.015625
vt 0.484375 0.015625
vt 0.484375 0.484375
vt 0.015625 0.484375
vt 0.015625 0.015625
vt 0.484375 0.015625
vt 0.484375 0.484375
vt 0.015625 0.484375
vt 0.015625 0.015625
vt 0.484375 0.015625
vt 0.484375 0.484375
vt 0.015625 0.484375
vt 0.015625 0.015625
vt 0.484375 0.015625
vt 0.484375 0.484375
vt 0.015625 0.484375
vt 0.015625 0.015625
vt 0.484375 0.015625
vt 0.484375 0.484375
vt 0.015625 0.484375
vt 0.015625 0.015625
vt 0.484375 0.015625
vt 0.484375 0.484375
vt 0.015625 0.484375
vt 0.015625 0.015625
vt 0.484375 0.015625
vt 0.484375 0.484375
vt 0.015625 0.484375
vt 0.015625 0.015625
vt 0.484375 0.015625
vt 0.484375 0.484375
vt 0.015625 0.484375
vt 0.015625 0.015625
vt 0.484375 0.015625
vt 0.484375 0.484375
vt 0.015625 0.484375
vt 0.015625 0.015625
vt 0.484375 0.015625
vt 0.484375 0.484375
vt 0.015625 0.484375
vt 0.015625 0.015625
vt 0.484375 0.015625
vt 0.484375 0.484375
vt 0.015625 0.484375
vt 0.015625 0.015625
vt 0.484375 0.015625
vt 0.484375 0.484375
vt 0.015625 0.484375
vt 0.015625 0.015625
vt 0.484375 0.015625
vt 0.484375 0.484375
vt 0.015625 0.484375
vt 0.015625 0.015625
vt 0.484375 0.015625
vt 0.484375 0.484375
vt 0.015625 0.484375
vt 0.015625 0.015625
vt 0.484375 0.015625
vt 0.484375 0.484375
vt 0.015625 0.484375
vt 0.015625 0.015625
vt 0.484375 0.015625
vt 0.484375 0.484375
vt 0.015625 0.484375
vt 0.015625 0.015625
vt 0.484375 0.015625
vt 0.484375 0.484375
vt 0.015625 0.484375
vt 0.015625 0.015625
vt 0.484375 0.015625
vt 0.484375 0.484375
vt 0.015625 0.484375
vt 0.015625 0.015625
vt 0.484375 0.015625
vt 0.484375 0.484375
vt 0.015625 0.484375
vt 0.015625 0.015625
vt 0.484375 0.015625
vt 0.484375 0.484375
vt 0.015625 0.484375
vt 0.015625 0.015625
vt 0.484375 0.015625
vt 0.484375 0.484375
vt 0.015625 0.484375
vt 0.015625 0.015625
vt 0.484375 0.015625
vt 0.484375 0.484375
vt 0.015625 0.484375
vt 0.015625 0.015625
vt 0.484375 0.015625
vt 0.484375 0.484375
vt 0.015625 0.484375
vt 0.015625 0.015625
vt 0.484375 0.015625
vt 0.484375 0.484375
vt 0.015625 0.484375
vt 0.015625 0.015625
vt 0.484375 0.015625
vt 0.484375 0.484375
vt 0.015625 0.484375
vt 0.015625 0.015625
vt 0.484375 0.015625
vt 0.484375 0.484375
vt 0.015625 0.484375
vt 0.015625 0.015625
vt 0.484375 0.015625
vt 0.484375 0.484375
vt 0.015625 0.484375
vt 0.015625 0.015625
vt 0.484375 0.015625
vt 0.484375 0.484375
vt 0.015625 0.484375
vt 0.015625 0.015625
vt 0.484375 0.015625
vt 0.484375 0.484375
vt 0.015625 0.484375
vt 0.015625 0.015625
vt 0.484375 0.015625
vt 0.484375 0.484375
vt 0.015625 0.484375
vt 0.015625 0.015625
vt 0.484375 0.015625
vt 0.484375 0.484375
vt 0.015625 0.484375
vt 0.015625 0.515625
vt 0.484375 0.515625
vt 0.484375 0.984375
vt 0.015625 0.984375
vt 0.015625 0.515625
vt 0.484375 0.515625
vt 0.484375 0.984375
vt 0.015625 0.984375
vt 0.015625 0.515625
vt 0.484375 0.515625
vt 0.484375 0.984375
vt 0.015625 0.984375
vt 0.015625 0.515625
vt 0.484375 0.515625
vt 0.484375 0.984375
vt 0.015625 0.984375
vt 0.015625 0.515625
vt 0.484375 0.515625
vt 0.484375 0.984375
vt 0.015625 0.984375
vt 0.015625 0.515625
vt 0.484375 0.515625
vt 0.484375 0.984375
vt 0.015625 0.984375
vt 0.015625 0.515625
vt 0.484375 0.515625
vt 0.484375 0.984375
vt 0.015625 0.984375
vt 0.015625 0.515625
vt 0.484375 0.515625
vt 0.484375 0.984375
vt 0.015625 0.984375
vt 0.015625 0.515625
vt 0.484375 0.515625
vt 0.484375 0.984375
vt 0.015625 0.984375
vt 0.015625 0.515625
vt 0.484375 0.515625
vt 0.484375 0.984375
vt 0.015625 0.984375
vt 0.015625 0.515625
vt 0.484375 0.515625
vt 0.484375 0.984375
vt 0.015625 0.984375
vt 0.015625 0.515625
vt 0.484375 0.515625
vt 0.484375 0.984375
vt 0.015625 0.984375
vt 0.015625 0.515625
vt 0.484375 0.515625
vt 0.484375 0.984375
vt 0.015625 0.984375
vt 0.015625 0.515625
vt 0.484375 0.515625
vt 0.484375 0.984375
vt 0.015625 0.984375
vt 0.015625 0.515625
vt 0.484375 0.515625
vt 0.484375 0.984375
vt 0.015625 0.984375
vt 0.015625 0.515625
vt 0.484375 0.515625
vt 0.484375 0.984375
vt 0.015625 0.984375
vt 0.015625 0.515625
vt 0.484375 0.515625
vt 0.484375 0.984375
vt 0.015625 0.984375
vt 0.015625 0.515625
vt 0.484375 0.515625
vt 0.484375 0.984375
vt 0.015625 0.984375
vt 0.015625 0.515625
vt 0.484375 0.515625
vt 0.484375 0.984375
vt 0.015625 0.984375
vt 0.015625 0.515625
vt 0.484375 0.515625
vt 0.484375 0.984375
vt 0.015625 0.984375
vt 0.015625 0.515625
vt 0.484375 0.515625
vt 0.484375 0.984375
vt 0.015625 0.984375
vt 0.015625 0.515625
vt 0.484375 0.515625
vt 0.484375 0.984375
vt 0.015625 0.984375
vt 0.015625 0.515625
vt 0.484375 0.515625
vt 0.484375 0.984375
vt 0.015625 0.984375
vt 0.015625 0.515625
vt 0.484375 0.515625
vt 0.484375 0.984375
vt 0.015625 0.984375
vt 0.015625 0.515625
vt 0.484375 0.515625
vt 0.484375 0.984375
vt 0.015625 0.984375
vt 0.015625 0.515625
vt 0.484375 0.515625
vt 0.484375 0.984375
vt 0.015625 0.984375
vt 0.015625 0.515625
vt 0.484375 0.515625
vt 0.484375 0.984375
vt 0.015625 0.984375
vt 0.015625 0.515625
vt 0.484375 0.515625
vt 0.484375 0.984375
vt 0.015625 0.984375
vt 0.015625 0.515625
vt 0.484375 0.515625
vt 0.484375 0.984375
vt 0.015625 0.984375
vt 0.015625 0.515625
vt 0.484375 0.515625
vt 0.484375 0.984375
vt 0.015625 0.984375
vt 0.515625 0.015625
vt 0.734375 0.015625
vt 0.734375 0.484375
vt 0.515625 0.484375
vt 0.515625 0.015625
vt 0.734375 0.015625
vt 0.734375 0.484375
vt 0.515625 0.484375
vt 0.515625 0.015625
vt 0.734375 0.015625
vt 0.734375 0.484375
vt 0.515625 0.484375
vt 0.515625 0.015625
vt 0.734375 0.015625
vt 0.734375 0.484375
vt 0.515625 0.484375
vt 0.515625 0.015625
vt 0.734375 0.015625
vt 0.734375 0.484375
vt 0.515625 0.484375
vt 0.515625 0.015625
vt 0.734375 0.015625
vt 0.734375 0.484375
vt 0.515625 0.484375
vt 0.015625 0.515625
vt 0.484375 0.515625
vt 0.484375 0.984375
vt 0.015625 0.984375
vt 0.015625 0.515625
vt 0.484375 0.515625
vt 0.484375 0.984375
vt 0.015625 0.984375
vt 0.015625 0.515625
vt 0.484375 0.515625
vt 0.484375 0.984375
vt 0.015625 0.984375
vt 0.015625 0.515625
vt 0.484375 0.515625
vt 0.484375 0.984375
vt 0.015625 0.984375
vt 0.015625 0.515625
vt 0.484375 0.515625
vt 0.484375 0.984375
vt 0.015625 0.984375
vt 0.015625 0.515625
vt 0.484375 0.515625
vt 0.484375 0.984375
vt 0.015625 0.984375
vt 0.515625 0.515625
vt 0.984375 0.515625
vt 0.984375 0.984375
vt 0.515625 0.984375
vt 0.515625 0.515625
vt 0.984375 0.515625
vt 0.984375 0.984375
vt 0.515625 0.984375
vt 0.515625 0.515625
vt 0.984375 0.515625
vt 0.984375 0.984375
vt 0.515625 0.984375
vt 0.515625 0.515625
vt 0.984375 0.515625
vt 0.984375 0.984375
vt 0.515625 0.984375
vt 0.515625 0.515625
vt 0.984375 0.515625
vt 0.984375 0.984375
vt 0.515625 0.984375
vt 0.515625 0.515625
vt 0.984375 0.515625
vt 0.984375 0.984375
vt 0.515625 0.984375
vt 0.015625 0.515625
vt 0.484375 0.515625
vt 0.484375 0.984375
vt 0.015625 0.984375
vt 0.015625 0.515625
vt 0.484375 0.515625
vt 0.484375 0.984375
vt 0.015625 0.984375
vt 0.015625 0.515625
vt 0.484375 0.515625
vt 0.484375 0.984375
vt 0.015625 0.984375
vt 0.015625 0.515625
vt 0.484375 0.515625
vt 0.484375 0.984375
vt 0.015625 0.984375
vt 0.015625 0.515625
vt 0.484375 0.515625
vt 0.484375 0.984375
vt 0.015625 0.984375
vt 0.015625 0.515625
vt 0.484375 0.515625
vt 0.484375 0.984375
vt 0.015625 0.984375
vt 0.515625 0.015625
vt 0.734375 0.015625
vt 0.734375 0.484375
vt 0.515625 0.484375
vt 0.515625 0.015625
vt 0.734375 0.015625
vt 0.734375 0.484375
vt 0.515625 0.484375
vt 0.515625 0.015625
vt 0.734375 0.015625
vt 0.734375 0.484375
vt 0.515625 0.484375
vt 0.515625 0.015625
vt 0.734375 0.015625
vt 0.734375 0.484375
vt 0.515625 0.484375
vt 0.515625 0.015625
vt 0.734375 0.015625
vt 0.734375 0.484375
vt 0.515625 0.484375
vt 0.515625 0.015625
vt 0.734375 0.015625
vt 0.734375 0.484375
vt 0.515625 0.484375
vt 0.515625 0.015625
vt 0.734375 0.015625
vt 0.734375 0.484375
vt 0.515625 0.484375
vt 0.515625 0.015625
vt 0.734375 0.015625
vt 0.734375 0.484375
vt 0.515625 0.484375
vt 0.515625 0.015625
vt 0.734375 0.015625
vt 0.734375 0.484375
vt 0.515625 0.484375
vt 0.515625 0.015625
vt 0.734375 0.015625
vt 0.734375 0.484375
vt 0.515625 0.484375
vt 0.515625 0.015625
vt 0.734375 0.015625
vt 0.734375 0.484375
vt 0.515625 0.484375
vt 0.515625 0.015625
vt 0.734375 0.015625
vt 0.734375 0.484375
vt 0.515625 0.484375
vt 0.015625 0.015625
vt 0.484375 0.015625
vt 0.484375 0.484375
vt 0.015625 0.484375
vt 0.015625 0.015625
vt 0.484375 0.015625
vt 0.484375 0.484375
vt 0.015625 0.484375
vt 0.015625 0.015625
vt 0.484375 0.015625
vt 0.484375 0.484375
vt 0.015625 0.484375
vt 0.015625 0.015625
vt 0.484375 0.015625
vt 0.484375 0.484375
vt 0.015625 0.484375
vt 0.015625 0.015625
vt 0.484375 0.015625
vt 0.484375 0.484375
vt 0.015625 0.484375
vt 0.015625 0.015625
vt 0.484375 0.015625
vt 0.484375 0.484375
vt 0.015625 0.484375
vt 0.015625 0.015625
vt 0.484375 0.015625
vt 0.484375 0.484375
vt 0.015625 0.484375
vt 0.015625 0.015625
vt 0.484375 0.015625
vt 0.484375 0.484375
vt 0.015625 0.484375
vt 0.015625 0.015625
vt 0.484375 0.015625
vt 0.484375 0.484375
vt 0.015625 0.484375
vt 0.015625 0.015625
vt 0.484375 0.015625
vt 0.484375 0.484375
vt 0.015625 0.484375
vt 0.015625 0.015625
vt 0.484375 0.015625
vt 0.484375 0.484375
vt 0.015625 0.484375
vt 0.015625 0.015625
vt 0.484375 0.015625
vt 0.484375 0.484375
vt 0.015625 0.484375
vt 0.015625 0.015625
vt 0.484375 0.015625
vt 0.484375 0.484375
vt 0.015625 0.484375
vt 0.015625 0.015625
vt 0.484375 0.015625
vt 0.484375 0.484375
vt 0.015625 0.484375
vt 0.015625 0.015625
vt 0.484375 0.015625
vt 0.484375 0.484375
vt 0.015625 0.484375
vt 0.015625 0.015625
vt 0.484375 0.015625
vt 0.484375 0.484375
vt 0.015625 0.484375
vt 0.015625 0.015625
vt 0.484375 0.015625
vt 0.484375 0.484375
vt 0.015625 0.484375
vt 0.015625 0.015625
vt 0.484375 0.015625
vt 0.484375 0.484375
vt 0.015625 0.484375
vt 0.015625 0.015625
vt 0.484375 0.015625
vt 0.484375 0.484375
vt 0.015625 0.484375
vt 0.015625 0.015625
vt 0.484375 0.015625
vt 0.484375 0.484375
vt 0.015625 0.484375
vt 0.015625 0.015625
vt 0.484375 0.015625
vt 0.484375 0.484375
vt 0.015625 0.484375
vt 0.015625 0.015625
vt 0.484375 0.015625
vt 0.484375 0.484375
vt 0.015625 0.484375
vt 0.015625 0.015625
vt 0.484375 0.015625
vt 0.484375 0.484375
vt 0.015625 0.484375
vt 0.015625 0.015625
vt 0.484375 0.015625
vt 0.484375 0.484375
vt 0.015625 0.484375
vt 0.015625 0.015625
vt 0.484375 0.015625
vt 0.484375 0.484375
vt 0.015625 0.484375
vt 0.015625 0.015625
vt 0.484375 0.015625
vt 0.484375 0.484375
vt 0.015625 0.484375
vt 0.015625 0.015625
vt 0.484375 0.015625
vt 0.484375 0.484375
vt 0.015625 0.484375
vt 0.015625 0.015625
vt 0.484375 0.015625
vt 0.484375 0.484375
vt 0.015625 0.484375
vt 0.015625 0.015625
vt 0.484375 0.015625
vt 0.484375 0.484375
vt 0.015625 0.484375
vt 0.015625 0.015625
vt 0.484375 0.015625
vt 0.484375 0.484375
vt 0.015625 0.484375
vt 0.015625 0.015625
vt 0.484375 0.015625
vt 0.484375 0.484375
vt 0.015625 0.484375
vt 0.015625 0.015625
vt 0.484375 0.015625
vt 0.484375 0.484375
vt 0.015625 0.484375
vt 0.015625 0.015625
vt 0.484375 0.015625
vt 0.484375 0.484375
vt 0.015625 0.484375
vt 0.015625 0.015625
vt 0.484375 0.015625
vt 0.484375 0.484375
vt 0.015625 0.484375
vt 0.015625 0.015625
vt 0.484375 0.015625
vt 0.484375 0.484375
vt 0.015625 0.484375
vt 0.015625 0.015625
vt 0.484375 0.015625
vt 0.484375 0.484375
vt 0.015625 0.484375
vt 0.015625 0.015625
vt 0.484375 0.015625
vt 0.484375 0.484375
vt 0.015625 0.484375
vt 0.015625 0.015625
vt 0.484375 0.015625
vt 0.484375 0.484375
vt 0.015625 0.484375
vt 0.015625 0.015625
vt 0.484375 0.015625
vt 0.484375 0.484375
vt 0.015625 0.484375
vt 0.015625 0.015625
vt 0.484375 0.015625
vt 0.484375 0.484375
vt 0.015625 0.484375
vt 0.015625 0.015625
vt 0.484375 0.015625
vt 0.484375 0.484375
vt 0.015625 0.484375
vt 0.015625 0.015625
vt 0.484375 0.015625
vt 0.484375 0.484375
vt 0.015625 0.484375
vt 0.015625 0.015625
vt 0.484375 0.015625
vt 0.484375 0.484375
vt 0.015625 0.484375
vt 0.015625 0.015625
vt 0.484375 0.015625
vt 0.484375 0.484375
vt 0.015625 0.484375
vt 0.015625 0.015625
vt 0.484375 0.015625
vt 0.484375 0.484375
vt 0.015625 0.484375
vt 0.015625 0.015625
vt 0.484375 0.015625
vt 0.484375 0.484375
vt 0.015625 0.484375
vt 0.015625 0.015625
vt 0.484375 0.015625
vt 0.484375 0.484375
vt 0.015625 0.484375
vt 0.015625 0.015625
vt 0.484375 0.015625
vt 0.484375 0.484375
vt 0.015625 0.484375
vt 0.015625 0.015625
vt 0.484375 0.015625
vt 0.484375 0.484375
vt 0.015625 0.484375
vt 0.015625 0.015625
vt 0.484375 0.015625
vt 0.484375 0.484375
vt 0.015625 0.484375
vt 0.015625 0.015625
vt 0.484375 0.015625
vt 0.484375 0.484375
vt 0.015625 0.484375
vt 0.015625 0.015625
vt 0.484375 0.015625
vt 0.484375 0.484375
vt 0.015625 0.484375
vt 0.015625 0.015625
vt 0.484375 0.015625
vt 0.484375 0.484375
vt 0.015625 0.484375
vt 0.015625 0.015625
vt 0.484375 0.015625
vt 0.484375 0.484375
vt 0.015625 0.484375
vt 0.015625 0.015625
vt 0.484375 0.015625
vt 0.484375 0.484375
vt 0.015625 0.484375
vt 0.015625 0.015625
vt 0.484375 0.015625
vt 0.484375 0.484375
vt 0.015625 0.484375
vt 0.015625 0.015625
vt 0.484375 0.015625
vt 0.484375 0.484375
vt 0.015625 0.484375
vt 0.015625 0.015625
vt 0.484375 0.015625
vt 0.484375 0.484375
vt 0.015625 0.484375
vt 0.015625 0.015625
vt 0.484375 0.015625
vt 0.484375 0.484375
vt 0.015625 0.484375
vt 0.015625 0.015625
vt 0.484375 0.015625
vt 0.484375 0.484375
vt 0.015625 0.484375
vt 0.015625 0.015625
vt 0.484375 0.015625
vt 0.484375 0.484375
vt 0.015625 0.484375
vt 0.015625 0.015625
vt 0.484375 0.015625
vt 0.484375 0.484375
vt 0.015625 0.484375
vt 0.015625 0.015625
vt 0.484375 0.015625
vt 0.484375 0.484375
vt 0.015625 0.484375
vt 0.015625 0.015625
vt 0.484375 0.015625
vt 0.484375 0.484375
vt 0.015625 0.484375
vt 0.015625 0.015625
vt 0.484375 0.015625
vt 0.484375 0.484375
vt 0.015625 0.484375
vt 0.015625 0.015625
vt 0.484375 0.015625
vt 0.484375 0.484375
vt 0.015625 0.484375
vt 0.015625 0.015625
vt 0.484375 0.015625
vt 0.484375 0.484375
vt 0.015625 0.484375
vt 0.015625 0.015625
vt 0.484375 0.015625
vt 0.484375 0.484375
vt 0.015625 0.484375
vt 0.015625 0.015625
vt 0.484375 0.015625
vt 0.484375 0.484375
vt 0.015625 0.484375
vt 0.015625 0.015625
vt 0.484375 0.015625
vt 0.484375 0.484375
vt 0.015625 0.484375
vt 0.015625 0.015625
vt 0.484375 0.015625
vt 0.484375 0.484375
vt 0.015625 0.484375
vt 0.015625 0.015625
vt 0.484375 0.015625
vt 0.484375 0.484375
vt 0.015625 0.484375
vt 0.015625 0.015625
vt 0.484375 0.015625
vt 0.484375 0.484375
vt 0.015625 0.484375
vt 0.015625 0.015625
vt 0.484375 0.015625
vt 0.484375 0.484375
vt 0.015625 0.484375
vt 0.015625 0.015625
vt 0.484375 0.015625
vt 0.484375 0.484375
vt 0.015625 0.484375
vt 0.015625 0.015625
vt 0.484375 0.015625
vt 0.484375 0.484375
vt 0.015625 0.484375
vt 0.015625 0.015625
vt 0.484375 0.015625
vt 0.484375 0.484375
vt 0.015625 0.484375
vt 0.015625 0.015625
vt 0.484375 0.015625
vt 0.484375 0.484375
vt 0.015625 0.484375
vt 0.015625 0.015625
vt 0.484375 0.015625
vt 0.484375 0.484375
vt 0.015625 0.484375
vt 0.015625 0.015625
vt 0.484375 0.015625
vt 0.484375 0.484375
vt 0.015625 0.484375
vt 0.015625 0.015625
vt 0.484375 0.015625
vt 0.484375 0.484375
vt 0.015625 0.484375
vt 0.015625 0.015625
vt 0.484375 0.015625
vt 0.484375 0.484375
vt 0.015625 0.484375
vt 0.015625 0.015625
vt 0.484375 0.015625
vt 0.484375 0.484375
vt 0.015625 0.484375
vt 0.015625 0.015625
vt 0.484375 0.015625
vt 0.484375 0.484375
vt 0.015625 0.484375
vt 0.015625 0.015625
vt 0.484375 0.015625
vt 0.484375 0.484375
vt 0.015625 0.484375
vt 0.015625 0.015625
vt 0.484375 0.015625
vt 0.484375 0.484375
vt 0.015625 0.484375
vt 0.015625 0.015625
vt 0.484375 0.015625
vt 0.484375 0.484375
vt 0.015625 0.484375
vt 0.015625 0.015625
vt 0.484375 0.015625
vt 0.484375 0.484375
vt 0.015625 0.484375
vt 0.015625 0.015625
vt 0.484375 0.015625
vt 0.484375 0.484375
vt 0.015625 0.484375
vt 0.015625 0.015625
vt 0.484375 0.015625
vt 0.484375 0.484375
vt 0.015625 0.484375
vt 0.015625 0.015625
vt 0.484375 0.015625
vt 0.484375 0.484375
vt 0.015625 0.484375
vt 0.015625 0.015625
vt 0.484375 0.015625
vt 0.484375 0.484375
vt 0.015625 0.484375
vt 0.015625 0.015625
vt 0.484375 0.015625
vt 0.484375 0.484375
vt 0.015625 0.484375
vt 0.015625 0.015625
vt 0.484375 0.015625
vt 0.484375 0.484375
vt 0.015625 0.484375
vt 0.015625 0.015625
vt 0.484375 0.015625
vt 0.484375 0.484375
vt 0.015625 0.484375
vt 0.015625 0.015625
vt 0.484375 0.015625
vt 0.484375 0.484375
vt 0.015625 0.484375
vt 0.015625 0.015625
vt 0.484375 0.015625
vt 0.484375 0.484375
vt 0.015625 0.484375
vt 0.015625 0.015625
vt 0.484375 0.015625
vt 0.484375 0.484375
vt 0.015625 0.484375
vt 0.015625 0.015625
vt 0.484375 0.015625
vt 0.484375 0.484375
vt 0.015625 0.484375
vt 0.015625 0.015625
vt 0.484375 0.015625
vt 0.484375 0.484375
vt 0.015625 0.484375
vt 0.015625 0.015625
vt 0.484375 0.015625
vt 0.484375 0.484375
vt 0.015625 0.484375
vt 0.015625 0.015625
vt 0.484375 0.015625
vt 0.484375 0.484375
vt 0.015625 0.484375
vt 0.015625 0.015625
vt 0.484375 0.015625
vt 0.484375 0.484375
vt 0.015625 0.484375
vt 0.015625 0.015625
vt 0.484375 0.015625
vt 0.484375 0.484375
vt 0.015625 0.484375
vt 0.015625 0.015625
vt 0.484375 0.015625
vt 0.484375 0.484375
vt 0.015625 0.484375
vt 0.015625 0.015625
vt 0.484375 0.015625
vt 0.484375 0.484375
vt 0.015625 0.484375
vt 0.015625 0.015625
vt 0.484375 0.015625
vt 0.484375 0.484375
vt 0.015625 0.484375
vt 0.015625 0.015625
vt 0.484375 0.015625
vt 0.484375 0.484375
vt 0.015625 0.484375
vt 0.015625 0.515625
vt 0.484375 0.515625
vt 0.484375 0.984375
vt 0.015625 0.984375
vt 0.015625 0.515625
vt 0.484375 0.515625
vt 0.484375 0.984375
vt 0.015625 0.984375
vt 0.015625 0.515625
vt 0.484375 0.515625
vt 0.484375 0.984375
vt 0.015625 0.984375
vt 0.015625 0.515625
vt 0.484375 0.515625
vt 0.484375 0.984375
vt 0.015625 0.984375
vt 0.015625 0.515625
vt 0.484375 0.515625
vt 0.484375 0.984375
vt 0.015625 0.984375
vt 0.015625 0.515625
vt 0.484375 0.515625
vt 0.484375 0.984375
vt 0.015625 0.984375
vt 0.015625 0.015625
vt 0.484375 0.015625
vt 0.484375 0.484375
vt 0.015625 0.484375
vt 0.015625 0.015625
vt 0.484375 0.015625
vt 0.484375 0.484375
vt 0.015625 0.484375
vt 0.015625 0.015625
vt 0.484375 0.015625
vt 0.484375 0.484375
vt 0.015625 0.484375
vt 0.015625 0.015625
vt 0.484375 0.015625
vt 0.484375 0.484375
vt 0.015625 0.484375
vt 0.015625 0.015625
vt 0.484375 0.015625
vt 0.484375 0.484375
vt 0.015625 0.484375
vt 0.015625 0.015625
vt 0.484375 0.015625
vt 0.484375 0.484375
vt 0.015625 0.484375
vt 0.015625 0.015625
vt 0.484375 0.015625
vt 0.484375 0.484375
vt 0.015625 0.484375
vt 0.015625 0.015625
vt 0.484375 0.015625
vt 0.484375 0.484375
vt 0.015625 0.484375
vt 0.015625 0.015625
vt 0.484375 0.015625
vt 0.484375 0.484375
vt 0.015625 0.484375
vt 0.015625 0.015625
vt 0.484375 0.015625
vt 0.484375 0.484375
vt 0.015625 0.484375
vt 0.015625 0.015625
vt 0.484375 0.015625
vt 0.484375 0.484375
vt 0.015625 0.484375
vt 0.015625 0.015625
vt 0.484375 0.015625
vt 0.484375 0.484375
vt 0.015625 0.484375
vt 0.015625 0.015625
vt 0.484375 0.015625
vt 0.484375 0.484375
vt 0.015625 0.484375
vt 0.015625 0.015625
vt 0.484375 0.015625
vt 0.484375 0.484375
vt 0.015625 0.484375
vt 0.015625 0.015625
vt 0.484375 0.015625
vt 0.484375 0.484375
vt 0.015625 0.484375
vt 0.015625 0.015625
vt 0.484375 0.015625
vt 0.484375 0.484375
vt 0.015625 0.484375
vt 0.015625 0.015625
vt 0.484375 0.015625
vt 0.484375 0.484375
vt 0.015625 0.484375
vt 0.015625 0.015625
vt 0.484375 0.015625
vt 0.484375 0.484375
vt 0.015625 0.484375
vt 0.765625 0.015625
vt 0.984375 0.015625
vt 0.984375 0.484375
vt 0.765625 0.484375
vt 0.765625 0.015625
vt 0.984375 0.015625
vt 0.984375 0.484375
vt 0.765625 0.484375
vt 0.765625 0.015625
vt 0.984375 0.015625
vt 0.984375 0.484375
vt 0.765625 0.484375
vt 0.765625 0.015625
vt 0.984375 0.015625
vt 0.984375 0.484375
vt 0.765625 0.484375
vt 0.765625 0.015625
vt 0.984375 0.015625
vt 0.984375 0.484375
vt 0.765625 0.484375
vt 0.765625 0.015625
vt 0.984375 0.015625
vt 0.984375 0.484375
vt 0.765625 0.484375
vt 0.015625 0.015625
vt 0.484375 0.015625
vt 0.484375 0.484375
vt 0.015625 0.484375
vt 0.015625 0.015625
vt 0.484375 0.015625
vt 0.484375 0.484375
vt 0.015625 0.484375
vt 0.015625 0.015625
vt 0.484375 0.015625
vt 0.484375 0.484375
vt 0.015625 0.484375
vt 0.015625 0.015625
vt 0.484375 0.015625
vt 0.484375 0.484375
vt 0.015625 0.484375
vt 0.015625 0.015625
vt 0.484375 0.015625
vt 0.484375 0.484375
vt 0.015625 0.484375
vt 0.015625 0.015625
vt 0.484375 0.015625
vt 0.484375 0.484375
vt 0.015625 0.484375
vt 0.015625 0.015625
vt 0.484375 0.015625
vt 0.484375 0.484375
vt 0.015625 0.484375
vt 0.015625 0.015625
vt 0.484375 0.015625
vt 0.484375 0.484375
vt 0.015625 0.484375
vt 0.015625 0.015625
vt 0.484375 0.015625
vt 0.484375 0.484375
vt 0.015625 0.484375
vt 0.015625 0.015625
vt 0.484375 0.015625
vt 0.484375 0.484375
vt 0.015625 0.484375
vt 0.015625 0.015625
vt 0.484375 0.015625
vt 0.484375 0.484375
vt 0.015625 0.484375
vt 0.015625 0.015625
vt 0.484375 0.015625
vt 0.484375 0.484375
vt 0.015625 0.484375
vt 0.015625 0.015625
vt 0.484375 0.015625
vt 0.484375 0.484375
vt 0.015625 0.484375
vt 0.015625 0.015625
vt 0.484375 0.015625
vt 0.484375 0.484375
vt 0.015625 0.484375
vt 0.015625 0.015625
vt 0.484375 0.015625
vt 0.484375 0.484375
vt 0.015625 0.484375
vt 0.015625 0.015625
vt 0.484375 0.015625
vt 0.484375 0.484375
vt 0.015625 0.484375
vt 0.015625 0.015625
vt 0.484375 0.015625
vt 0.484375 0.484375
vt 0.015625 0.484375
vt 0.015625 0.015625
vt 0.484375 0.015625
vt 0.484375 0.484375
vt 0.015625 0.484375
vt 0.015625 0.015625
vt 0.484375 0.015625
vt 0.484375 0.484375
vt 0.015625 0.484375
vt 0.015625 0.015625
vt 0.484375 0.015625
vt 0.484375 0.484375
vt 0.015625 0.484375
vt 0.015625 0.015625
vt 0.484375 0.015625
vt 0.484375 0.484375
vt 0.015625 0.484375
vt 0.015625 0.015625
vt 0.484375 0.015625
vt 0.484375 0.484375
vt 0.015625 0.484375
vt 0.015625 0.015625
vt 0.484375 0.015625
vt 0.484375 0.484375
vt 0.015625 0.484375
vt 0.015625 0.015625
vt 0.484375 0.015625
vt 0.484375 0.484375
vt 0.015625 0.484375
vt 0.765625 0.015625
vt 0.984375 0.015625
vt 0.984375 0.484375
vt 0.765625 0.484375
vt 0.765625 0.015625
vt 0.984375 0.015625
vt 0.984375 0.484375
vt 0.765625 0.484375
vt 0.765625 0.015625
vt 0.984375 0.015625
vt 0.984375 0.484375
vt 0.765625 0.484375
vt 0.765625 0.015625
vt 0.984375 0.015625
vt 0.984375 0.484375
vt 0.765625 0.484375
vt 0.765625 0.015625
vt 0.984375 0.015625
vt 0.984375 0.484375
vt 0.765625 0.484375
vt 0.765625 0.015625
vt 0.984375 0.015625
vt 0.984375 0.484375
vt 0.765625 0.484375
vt 0.015625 0.015625
vt 0.484375 0.015625
vt 0.484375 0.484375
vt 0.015625 0.484375
vt 0.015625 0.015625
vt 0.484375 0.015625
vt 0.484375 0.484375
vt 0.015625 0.484375
vt 0.015625 0.015625
vt 0.484375 0.015625
vt 0.484375 0.484375
vt 0.015625 0.484375
vt 0.015625 0.015625
vt 0.484375 0.015625
vt 0.484375 0.484375
vt 0.015625 0.484375
vt 0.015625 0.015625
vt 0.484375 0.015625
vt 0.484375 0.484375
vt 0.015625 0.484375
vt 0.015625 0.015625
vt 0.484375 0.015625
vt 0.484375 0.484375
vt 0.015625 0.484375
vt 0.015625 0.015625
vt 0.484375 0.015625
vt 0.484375 0.484375
vt 0.015625 0.484375
vt 0.015625 0.015625
vt 0.484375 0.015625
vt 0.484375 0.484375
vt 0.015625 0.484375
vt 0.015625 0.015625
vt 0.484375 0.015625
vt 0.484375 0.484375
vt 0.015625 0.484375
vt 0.015625 0.015625
vt 0.484375 0.015625
vt 0.484375 0.484375
vt 0.015625 0.484375
vt 0.015625 0.015625
vt 0.484375 0.015625
vt 0.484375 0.484375
vt 0.015625 0.484375
vt 0.015625 0.015625
vt 0.484375 0.015625
vt 0.484375 0.484375
vt 0.015625 0.484375
vt 0.015625 0.015625
vt 0.484375 0.015625
vt 0.484375 0.484375
vt 0.015625 0.484375
vt 0.015625 0.015625
vt 0.484375 0.015625
vt 0.484375 0.484375
vt 0.015625 0.484375
vt 0.015625 0.015625
vt 0.484375 0.015625
vt 0.484375 0.484375
vt 0.015625 0.484375
vt 0.015625 0.015625
vt 0.484375 0.015625
vt 0.484375 0.484375
vt 0.015625 0.484375
vt 0.015625 0.015625
vt 0.484375 0.015625
vt 0.484375 0.484375
vt 0.015625 0.484375
vt 0.015625 0.015625
vt 0.484375 0.015625
vt 0.484375 0.484375
vt 0.015625 0.484375
vt 0.015625 0.015625
vt 0.484375 0.015625
vt 0.484375 0.484375
vt 0.015625 0.484375
vt 0.015625 0.015625
vt 0.484375 0.015625
vt 0.484375 0.484375
vt 0.015625 0.484375
vt 0.015625 0.015625
vt 0.484375 0.015625
vt 0.484375 0.484375
vt 0.015625 0.484375
vt 0.015625 0.015625
vt 0.484375 0.015625
vt 0.484375 0.484375
vt 0.015625 0.484375
vt 0.015625 0.015625
vt 0.484375 0.015625
vt 0.484375 0.484375
vt 0.015625 0.484375
vt 0.015625 0.015625
vt 0.484375 0.015625
vt 0.484375 0.484375
vt 0.015625 0.484375
vt 0.765625 0.015625
vt 0.984375 0.015625
vt 0.984375 0.484375
vt 0.765625 0.484375
vt 0.765625 0.015625
vt 0.984375 0.015625
vt 0.984375 0.484375
vt 0.765625 0.484375
vt 0.765625 0.015625
vt 0.984375 0.015625
vt 0.984375 0.484375
vt 0.765625 0.484375
vt 0.765625 0.015625
vt 0.984375 0.015625
vt 0.984375 0.484375
vt 0.765625 0.484375
vt 0.765625 0.015625
vt 0.984375 0.015625
vt 0.984375 0.484375
vt 0.765625 0.484375
vt 0.765625 0.015625
vt 0.984375 0.015625
vt 0.984375 0.484375
vt 0.765625 0.484375
vt 0.015625 0.015625
vt 0.484375 0.015625
vt 0.484375 0.484375
vt 0.015625 0.484375
vt 0.015625 0.015625
vt 0.484375 0.015625
vt 0.484375 0.484375
vt 0.015625 0.484375
vt 0.015625 0.015625
vt 0.484375 0.015625
vt 0.484375 0.484375
vt 0.015625 0.484375
vt 0.015625 0.015625
vt 0.484375 0.015625
vt 0.484375 0.484375
vt 0.015625 0.484375
vt 0.015625 0.015625
vt 0.484375 0.015625
vt 0.484375 0.484375
vt 0.015625 0.484375
vt 0.015625 0.015625
vt 0.484375 0.015625
vt 0.484375 0.484375
vt 0.015625 0.484375
vt 0.015625 0.015625
vt 0.484375 0.015625
vt 0.484375 0.484375
vt 0.015625 0.484375
vt 0.015625 0.015625
vt 0.484375 0.015625
vt 0.484375 0.484375
vt 0.015625 0.484375
vt 0.015625 0.015625
vt 0.484375 0.015625
vt 0.484375 0.484375
vt 0.015625 0.484375
vt 0.015625 0.015625
vt 0.484375 0.015625
vt 0.484375 0.484375
vt 0.015625 0.484375
vt 0.015625 0.015625
vt 0.484375 0.015625
vt 0.484375 0.484375
vt 0.015625 0.484375
vt 0.015625 0.015625
vt 0.484375 0.015625
vt 0.484375 0.484375
vt 0.015625 0.484375
vt 0.015625 0.015625
vt 0.484375 0.015625
vt 0.484375 0.484375
vt 0.015625 0.484375
vt 0.015625 0.015625
vt 0.484375 0.015625
vt 0.484375 0.484375
vt 0.015625 0.484375
vt 0.015625 0.015625
vt 0.484375 0.015625
vt 0.484375 0.484375
vt 0.015625 0.484375
vt 0.015625 0.015625
vt 0.484375 0.015625
vt 0.484375 0.484375
vt 0.015625 0.484375
vt 0.015625 0.015625
vt 0.484375 0.015625
vt 0.484375 0.484375
vt 0.015625 0.484375
vt 0.015625 0.015625
vt 0.484375 0.015625
vt 0.484375 0.484375
vt 0.015625 0.484375
vt 0.015625 0.015625
vt 0.484375 0.015625
vt 0.484375 0.484375
vt 0.015625 0.484375
vt 0.015625 0.015625
vt 0.484375 0.015625
vt 0.484375 0.484375
vt 0.015625 0.484375
vt 0.015625 0.015625
vt 0.484375 0.015625
vt 0.484375 0.484375
vt 0.015625 0.484375
vt 0.015625 0.015625
vt 0.484375 0.015625
vt 0.484375 0.484375
vt 0.015625 0.484375
vt 0.015625 0.015625
vt 0.484375 0.015625
vt 0.484375 0.484375
vt 0.015625 0.484375
vt 0.015625 0.015625
vt 0.484375 0.015625
vt 0.484375 0.484375
vt 0.015625 0.484375
vt 0.765625 0.015625
vt 0.984375 0.015625
vt 0.984375 0.484375
vt 0.765625 0.484375
vt 0.765625 0.015625
vt 0.984375 0.015625
vt 0.984375 0.484375
vt 0.765625 0.484375
vt 0.765625 0.015625
vt 0.984375 0.015625
vt 0.984375 0.484375
vt 0.765625 0.484375
vt 0.765625 0.015625
vt 0.984375 0.015625
vt 0.984375 0.484375
vt 0.765625 0.484375
vt 0.765625 0.015625
vt 0.984375 0.015625
vt 0.984375 0.484375
vt 0.765625 0.484375
vt 0.765625 0.015625
vt 0.984375 0.015625
vt 0.984375 0.484375
vt 0.765625 0.484375
vt 0.015625 0.015625
vt 0.484375 0.015625
vt 0.484375 0.484375
vt 0.015625 0.484375
vt 0.015625 0.015625
vt 0.484375 0.015625
vt 0.484375 0.484375
vt 0.015625 0.484375
vt 0.015625 0.015625
vt 0.484375 0.015625
vt 0.484375 0.484375
vt 0.015625 0.484375
vt 0.015625 0.015625
vt 0.484375 0.015625
vt 0.484375 0.484375
vt 0.015625 0.484375
vt 0.015625 0.015625
vt 0.484375 0.015625
vt 0.484375 0.484375
vt 0.015625 0.484375
vt 0.015625 0.015625
vt 0.484375 0.015625
vt 0.484375 0.484375
vt 0.015625 0.484375
vt 0.015625 0.015625
vt 0.484375 0.015625
vt 0.484375 0.484375
vt 0.015625 0.484375
vt 0.015625 0.015625
vt 0.484375 0.015625
vt 0.484375 0.484375
vt 0.015625 0.484375
vt 0.015625 0.015625
vt 0.484375 0.015625
vt 0.484375 0.484375
vt 0.015625 0.484375
vt 0.015625 0.015625
vt 0.484375 0.015625
vt 0.484375 0.484375
vt 0.015625 0.484375
vt 0.015625 0.015625
vt 0.484375 0.015625
vt 0.484375 0.484375
vt 0.015625 0.484375
vt 0.015625 0.015625
vt 0.484375 0.015625
vt 0.484375 0.484375
vt 0.015625 0.484375
vt 0.015625 0.015625
vt 0.484375 0.015625
vt 0.484375 0.484375
vt 0.015625 0.484375
vt 0.015625 0.015625
vt 0.484375 0.015625
vt 0.484375 0.484375
vt 0.015625 0.484375
vt 0.015625 0.015625
vt 0.484375 0.015625
vt 0.484375 0.484375
vt 0.015625 0.484375
vt 0.015625 0.015625
vt 0.484375 0.015625
vt 0.484375 0.484375
vt 0.015625 0.484375
vt 0.015625 0.015625
vt 0.484375 0.015625
vt 0.484375 0.484375
vt 0.015625 0.484375
vt 0.015625 0.015625
vt 0.484375 0.015625
vt 0.484375 0.484375
vt 0.015625 0.484375
vt 0.015625 0.015625
vt 0.484375 0.015625
vt 0.484375 0.484375
vt 0.015625 0.484375
vt 0.015625 0.015625
vt 0.484375 0.015625
vt 0.484375 0.484375
vt 0.015625 0.484375
vt 0.015625 0.015625
vt 0.484375 0.015625
vt 0.484375 0.484375
vt 0.015625 0.484375
vt 0.015625 0.015625
vt 0.484375 0.015625
vt 0.484375 0.484375
vt 0.015625 0.484375
vt 0.015625 0.015625
vt 0.484375 0.015625
vt 0.484375 0.484375
vt 0.015625 0.484375
vt 0.015625 0.015625
vt 0.484375 0.015625
vt 0.484375 0.484375
vt 0.015625 0.484375
vt 0.765625 0.015625
vt 0.984375 0.015625
vt 0.984375 0.484375
vt 0.765625 0.484375
vt 0.765625 0.015625
vt 0.984375 0.015625
vt 0.984375 0.484375
vt 0.765625 0.484375
vt 0.765625 0.015625
vt 0.984375 0.015625
vt 0.984375 0.484375
vt 0.765625 0.484375
vt 0.765625 0.015625
vt 0.984375 0.015625
vt 0.984375 0.484375
vt 0.765625 0.484375
vt 0.765625 0.015625
vt 0.984375 0.015625
vt 0.984375 0.484375
vt 0.765625 0.484375
vt 0.765625 0.015625
vt 0.984375 0.015625
vt 0.984375 0.484375
vt 0.765625 0.484375
vt 0.015625 0.015625
vt 0.484375 0.015625
vt 0.484375 0.484375
vt 0.015625 0.484375
vt 0.015625 0.015625
vt 0.484375 0.015625
vt 0.484375 0.484375
vt 0.015625 0.484375
vt 0.015625 0.015625
vt 0.484375 0.015625
vt 0.484375 0.484375
vt 0.015625 0.484375
vt 0.015625 0.015625
vt 0.484375 0.015625
vt 0.484375 0.484375
vt 0.015625 0.484375
vt 0.015625 0.015625
vt 0.484375 0.015625
vt 0.484375 0.484375
vt 0.015625 0.484375
vt 0.015625 0.015625
vt 0.484375 0.015625
vt 0.484375 0.484375
vt 0.015625 0.484375
vn 0.00000000 0.00000000 -1.00000000
vn 0.00000000 0.00000000 1.00000000
vn -1.00000000 0.00000000 0.00000000
vn 1.00000000 0.00000000 0.00000000
vn 0.00000000 -1.00000000 0.00000000
vn 0.00000000 1.00000000 0.00000000
vn 0.00000000 0.00000000 -1.00000000
vn 0.00000000 0.00000000 1.00000000
vn -1.00000000 0.00000000 0.00000000
vn 1.00000000 0.00000000 0.00000000
vn 0.00000000 -1.00000000 0.00000000
vn 0.00000000 1.00000000 0.00000000
vn 0.00000000 0.00000000 -1.00000000
vn 0.00000000 0.00000000 1.00000000
vn -1.00000000 0.00000000 0.00000000
vn 1.00000000 0.00000000 0.00000000
vn 0.00000000 -1.00000000 0.00000000
vn 0.00000000 1.00000000 0.00000000
vn 0.00000000 0.00000000 -1.00000000
vn 0.00000000 0.00000000 1.00000000
vn -1.00000000 0.00000000 0.00000000
vn 1.00000000 0.00000000 0.00000000
vn 0.00000000 -1.00000000 0.00000000
vn 0.00000000 1.00000000 0.00000000
vn 0.00000000 0.00000000 -1.00000000
vn 0.00000000 0.00000000 1.00000000
vn -1.00000000 0.00000000 0.00000000
vn 1.00000000 0.00000000 0.00000000
vn 0.00000000 -1.00000000 0.00000000
vn 0.00000000 1.00000000 0.00000000
vn 0.00000000 0.00000000 -1.00000000
vn 0.00000000 0.00000000 1.00000000
vn -1.00000000 0.00000000 0.00000000
vn 1.00000000 0.00000000 0.00000000
vn 0.00000000 -1.00000000 0.00000000
vn 0.00000000 1.00000000 0.00000000
vn 0.00000000 0.00000000 -1.00000000
vn 0.00000000 0.00000000 1.00000000
vn -1.00000000 0.00000000 0.00000000
vn 1.00000000 0.00000000 0.00000000
vn 0.00000000 -1.00000000 0.00000000
vn 0.00000000 1.00000000 0.00000000
vn 0.00000000 0.00000000 -1.00000000
vn 0.00000000 0.00000000 1.00000000
vn -1.00000000 0.00000000 0.00000000
vn 1.00000000 0.00000000 0.00000000
vn 0.00000000 -1.00000000 0.00000000
vn 0.00000000 1.00000000 0.00000000
vn 0.00000000 0.00000000 -1.00000000
vn 0.00000000 0.00000000 1.00000000
vn -1.00000000 0.00000000 0.00000000
vn 1.00000000 0.00000000 0.00000000
vn 0.00000000 -1.00000000 0.00000000
vn 0.00000000 1.00000000 0.00000000
vn 0.00000000 0.00000000 -1.00000000
vn 0.00000000 0.00000000 1.00000000
vn -1.00000000 0.00000000 0.00000000
vn 1.00000000 0.00000000 0.00000000
vn 0.00000000 -1.00000000 0.00000000
vn 0.00000000 1.00000000 0.00000000
vn 0.00000000 0.00000000 -1.00000000
vn 0.00000000 0.00000000 1.00000000
vn -1.00000000 0.00000000 0.00000000
vn 1.00000000 0.00000000 0.00000000
vn 0.00000000 -1.00000000 0.00000000
vn 0.00000000 1.00000000 0.00000000
vn 0.00000000 0.00000000 -1.00000000
vn 0.00000000 0.00000000 1.00000000
vn -1.00000000 0.00000000 0.00000000
vn 1.00000000 0.00000000 0.00000000
vn 0.00000000 -1.00000000 0.00000000
vn 0.00000000 1.00000000 0.00000000
vn 0.00000000 0.00000000 -1.00000000
vn 0.00000000 0.00000000 1.00000000
vn -1.00000000 0.00000000 0.00000000
vn 1.00000000 0.00000000 0.00000000
vn 0.00000000 -1.00000000 0.00000000
vn 0.00000000 1.00000000 0.00000000
vn 0.00000000 0.00000000 -1.00000000
vn 0.00000000 0.00000000 1.00000000
vn -1.00000000 0.00000000 0.00000000
vn 1.00000000 0.00000000 0.00000000
vn 0.00000000 -1.00000000 0.00000000
vn 0.00000000 1.00000000 0.00000000
vn 0.00000000 0.00000000 -1.00000000
vn 0.00000000 0.00000000 1.00000000
vn -1.00000000 0.00000000 0.00000000
vn 1.00000000 0.00000000 0.00000000
vn 0.00000000 -1.00000000 0.00000000
vn 0.00000000 1.00000000 0.00000000
vn 0.00000000 0.00000000 -1.00000000
vn 0.00000000 0.00000000 1.00000000
vn -1.00000000 0.00000000 0.00000000
vn 1.00000000 0.00000000 0.00000000
vn 0.00000000 -1.00000000 0.00000000
vn 0.00000000 1.00000000 0.00000000
vn 0.00000000 0.00000000 -1.00000000
vn 0.00000000 0.00000000 1.00000000
vn -1.00000000 0.00000000 0.00000000
vn 1.00000000 0.00000000 0.00000000
vn 0.00000000 -1.00000000 0.00000000
vn 0.00000000 1.00000000 0.00000000
vn 0.00000000 0.00000000 -1.00000000
vn 0.00000000 0.00000000 1.00000000
vn -1.00000000 0.00000000 0.00000000
vn 1.00000000 0.00000000 0.00000000
vn 0.00000000 -1.00000000 0.00000000
vn 0.00000000 1.00000000 0.00000000
vn 0.00000000 0.00000000 -1.00000000
vn 0.00000000 0.00000000 1.00000000
vn -1.00000000 0.00000000 0.00000000
vn 1.00000000 0.00000000 0.00000000
vn 0.00000000 -1.00000000 0.00000000
vn 0.00000000 1.00000000 0.00000000
vn 0.00000000 0.00000000 -1.00000000
vn 0.00000000 0.00000000 1.00000000
vn -1.00000000 0.00000000 0.00000000
vn 1.00000000 0.00000000 0.00000000
vn 0.00000000 -1.00000000 0.00000000
vn 0.00000000 1.00000000 0.00000000
vn 0.00000000 0.00000000 -1.00000000
vn 0.00000000 0.00000000 1.00000000
vn -1.00000000 0.00000000 0.00000000
vn 1.00000000 0.00000000 0.00000000
vn 0.00000000 -1.00000000 0.00000000
vn 0.00000000 1.00000000 0.00000000
vn 0.00000000 0.00000000 -1.00000000
vn 0.00000000 0.00000000 1.00000000
vn -1.00000000 0.00000000 0.00000000
vn 1.00000000 0.00000000 0.00000000
vn 0.00000000 -1.00000000 0.00000000
vn 0.00000000 1.00000000 0.00000000
vn 0.00000000 0.00000000 -1.00000000
vn 0.00000000 0.00000000 1.00000000
vn -1.00000000 0.00000000 0.00000000
vn 1.00000000 0.00000000 0.00000000
vn 0.00000000 -1.00000000 0.00000000
vn 0.00000000 1.00000000 0.00000000
vn 0.00000000 0.00000000 -1.00000000
vn 0.00000000 0.00000000 1.00000000
vn -1.00000000 0.00000000 0.00000000
vn 1.00000000 0.00000000 0.00000000
vn 0.00000000 -1.00000000 0.00000000
vn 0.00000000 1.00000000 0.00000000
vn 0.00000000 0.00000000 -1.00000000
vn 0.00000000 0.00000000 1.00000000
vn -1.00000000 0.00000000 0.00000000
vn 1.00000000 0.00000000 0.00000000
vn 0.00000000 -1.00000000 0.00000000
vn 0.00000000 1.00000000 0.00000000
vn 0.00000000 0.00000000 -1.00000000
vn 0.00000000 0.00000000 1.00000000
vn -1.00000000 0.00000000 0.00000000
vn 1.00000000 0.00000000 0.00000000
vn 0.00000000 -1.00000000 0.00000000
vn 0.00000000 1.00000000 0.00000000
vn 0.00000000 0.00000000 -1.00000000
vn 0.00000000 0.00000000 1.00000000
vn -1.00000000 0.00000000 0.00000000
vn 1.00000000 0.00000000 0.00000000
vn 0.00000000 -1.00000000 0.00000000
vn 0.00000000 1.00000000 0.00000000
vn 0.00000000 0.00000000 -1.00000000
vn 0.00000000 0.00000000 1.00000000
vn -1.00000000 0.00000000 0.00000000
vn 1.00000000 0.00000000 0.00000000
vn 0.00000000 -1.00000000 0.00000000
vn 0.00000000 1.00000000 0.00000000
vn 0.00000000 0.00000000 -1.00000000
vn 0.00000000 0.00000000 1.00000000
vn -1.00000000 0.00000000 0.00000000
vn 1.00000000 0.00000000 0.00000000
vn 0.00000000 -1.00000000 0.00000000
vn 0.00000000 1.00000000 0.00000000
vn 0.00000000 0.00000000 -1.00000000
vn 0.00000000 0.00000000 1.00000000
vn -1.00000000 0.00000000 0.00000000
vn 1.00000000 0.00000000 0.00000000
vn 0.00000000 -1.00000000 0.00000000
vn 0.00000000 1.00000000 0.00000000
vn 0.00000000 0.00000000 -1.00000000
vn 0.00000000 0.00000000 1.00000000
vn -1.00000000 0.00000000 0.00000000
vn 1.00000000 0.00000000 0.00000000
vn 0.00000000 -1.00000000 0.00000000
vn 0.00000000 1.00000000 0.00000000
vn 0.00000000 0.00000000 -1.00000000
vn 0.00000000 0.00000000 1.00000000
vn -1.00000000 0.00000000 0.00000000
vn 1.00000000 0.00000000 0.00000000
vn 0.00000000 -1.00000000 0.00000000
vn 0.00000000 1.00000000 0.00000000
vn 0.00000000 0.00000000 -1.00000000
vn 0.00000000 0.00000000 1.00000000
vn -1.00000000 0.00000000 0.00000000
vn 1.00000000 0.00000000 0.00000000
vn 0.00000000 -1.00000000 0.00000000
vn 0.00000000 1.00000000 0.00000000
vn 0.00000000 0.00000000 -1.00000000
vn 0.00000000 0.00000000 1.00000000
vn -1.00000000 0.00000000 0.00000000
vn 1.00000000 0.00000000 0.00000000
vn 0.00000000 -1.00000000 0.00000000
vn 0.00000000 1.00000000 0.00000000
vn 0.00000000 0.00000000 -1.00000000
vn 0.00000000 0.00000000 1.00000000
vn -1.00000000 0.00000000 0.00000000
vn 1.00000000 0.00000000 0.00000000
vn 0.00000000 -1.00000000 0.00000000
vn 0.00000000 1.00000000 0.00000000
vn 0.00000000 0.00000000 -1.00000000
vn 0.00000000 0.00000000 1.00000000
vn -1.00000000 0.00000000 0.00000000
vn 1.00000000 0.00000000 0.00000000
vn 0.00000000 -1.00000000 0.00000000
vn 0.00000000 1.00000000 0.00000000
vn 0.00000000 0.00000000 -1.00000000
vn 0.00000000 0.00000000 1.00000000
vn -1.00000000 0.00000000 0.00000000
vn 1.00000000 0.00000000 0.00000000
vn 0.00000000 -1.00000000 0.00000000
vn 0.00000000 1.00000000 0.00000000
vn 0.00000000 0.00000000 -1.00000000
vn 0.00000000 0.00000000 1.00000000
vn -1.00000000 0.00000000 0.00000000
vn 1.00000000 0.00000000 0.00000000
vn 0.00000000 -1.00000000 0.00000000
vn 0.00000000 1.00000000 0.00000000
vn 0.00000000 0.00000000 -1.00000000
vn 0.00000000 0.00000000 1.00000000
vn -1.00000000 0.00000000 0.00000000
vn 1.00000000 0.00000000 0.00000000
vn 0.00000000 -1.00000000 0.00000000
vn 0.00000000 1.00000000 0.00000000
vn 0.00000000 0.00000000 -1.00000000
vn 0.00000000 0.00000000 1.00000000
vn -1.00000000 0.00000000 0.00000000
vn 1.00000000 0.00000000 0.00000000
vn 0.00000000 -1.00000000 0.00000000
vn 0.00000000 1.00000000 0.00000000
vn 0.00000000 0.00000000 -1.00000000
vn 0.00000000 0.00000000 1.00000000
vn -1.00000000 0.00000000 0.00000000
vn 1.00000000 0.00000000 0.00000000
vn 0.00000000 -1.00000000 0.00000000
vn 0.00000000 1.00000000 0.00000000
vn 0.00000000 0.00000000 -1.00000000
vn 0.00000000 0.00000000 1.00000000
vn -1.00000000 0.00000000 0.00000000
vn 1.00000000 0.00000000 0.00000000
vn 0.00000000 -1.00000000 0.00000000
vn 0.00000000 1.00000000 0.00000000
vn 0.00000000 0.00000000 -1.00000000
vn 0.00000000 0.00000000 1.00000000
vn -1.00000000 0.00000000 0.00000000
vn 1.00000000 0.00000000 0.00000000
vn 0.00000000 -1.00000000 0.00000000
vn 0.00000000 1.00000000 0.00000000
vn 0.00000000 0.00000000 -1.00000000
vn 0.00000000 0.00000000 1.00000000
vn -1.00000000 0.00000000 0.00000000
vn 1.00000000 0.00000000 0.00000000
vn 0.00000000 -1.00000000 0.00000000
vn 0.00000000 1.00000000 0.00000000
vn 0.00000000 0.00000000 -1.00000000
vn 0.00000000 0.00000000 1.00000000
vn -1.00000000 0.00000000 0.00000000
vn 1.00000000 0.00000000 0.00000000
vn 0.00000000 -1.00000000 0.00000000
vn 0.00000000 1.00000000 0.00000000
vn 0.00000000 0.00000000 -1.00000000
vn 0.00000000 0.00000000 1.00000000
vn -1.00000000 0.00000000 0.00000000
vn 1.00000000 0.00000000 0.00000000
vn 0.00000000 -1.00000000 0.00000000
vn 0.00000000 1.00000000 0.00000000
vn 0.00000000 0.00000000 -1.00000000
vn 0.00000000 0.00000000 1.00000000
vn -1.00000000 0.00000000 0.00000000
vn 1.00000000 0.00000000 0.00000000
vn 0.00000000 -1.00000000 0.00000000
vn 0.00000000 1.00000000 0.00000000
vn 0.00000000 0.00000000 -1.00000000
vn 0.00000000 0.00000000 1.00000000
vn -1.00000000 0.00000000 0.00000000
vn 1.00000000 0.00000000 0.00000000
vn 0.00000000 -1.00000000 0.00000000
vn 0.00000000 1.00000000 0.00000000
vn 0.00000000 0.00000000 -1.00000000
vn 0.00000000 0.00000000 1.00000000
vn -1.00000000 0.00000000 0.00000000
vn 1.00000000 0.00000000 0.00000000
vn 0.00000000 -1.00000000 0.00000000
vn 0.00000000 1.00000000 0.00000000
vn 0.00000000 0.00000000 -1.00000000
vn 0.00000000 0.00000000 1.00000000
vn -1.00000000 0.00000000 0.00000000
vn 1.00000000 0.00000000 0.00000000
vn 0.00000000 -1.00000000 0.00000000
vn 0.00000000 1.00000000 0.00000000
vn 0.00000000 0.00000000 -1.00000000
vn 0.00000000 0.00000000 1.00000000
vn -1.00000000 0.00000000 0.00000000
vn 1.00000000 0.00000000 0.00000000
vn 0.00000000 -1.00000000 0.00000000
vn 0.00000000 1.00000000 0.00000000
vn 0.00000000 0.00000000 -1.00000000
vn 0.00000000 0.00000000 1.00000000
vn -1.00000000 0.00000000 0.00000000
vn 1.00000000 0.00000000 0.00000000
vn 0.00000000 -1.00000000 0.00000000
vn 0.00000000 1.00000000 0.00000000
vn 0.00000000 0.00000000 -1.00000000
vn 0.00000000 0.00000000 1.00000000
vn -1.00000000 0.00000000 0.00000000
vn 1.00000000 0.00000000 0.00000000
vn 0.00000000 -1.00000000 0.00000000
vn 0.00000000 1.00000000 0.00000000
vn 0.00000000 0.00000000 -1.00000000
vn 0.00000000 0.00000000 1.00000000
vn -1.00000000 0.00000000 0.00000000
vn 1.00000000 0.00000000 0.00000000
vn 0.00000000 -1.00000000 0.00000000
vn 0.00000000 1.00000000 0.00000000
vn 0.00000000 0.00000000 -1.00000000
vn 0.00000000 0.00000000 1.00000000
vn -1.00000000 0.00000000 0.00000000
vn 1.00000000 0.00000000 0.00000000
vn 0.00000000 -1.00000000 0.00000000
vn 0.00000000 1.00000000 0.00000000
vn 0.00000000 0.00000000 -1.00000000
vn 0.00000000 0.00000000 1.00000000
vn -1.00000000 0.00000000 0.00000000
vn 1.00000000 0.00000000 0.00000000
vn 0.00000000 -1.00000000 0.00000000
vn 0.00000000 1.00000000 0.00000000
vn 0.00000000 0.00000000 -1.00000000
vn 0.00000000 0.00000000 1.00000000
vn -1.00000000 0.00000000 0.00000000
vn 1.00000000 0.00000000 0.00000000
vn 0.00000000 -1.00000000 0.00000000
vn 0.00000000 1.00000000 0.00000000
vn 0.00000000 0.00000000 -1.00000000
vn 0.00000000 0.00000000 1.00000000
vn -1.00000000 0.00000000 0.00000000
vn 1.00000000 0.00000000 0.00000000
vn 0.00000000 -1.00000000 0.00000000
vn 0.00000000 1.00000000 0.00000000
vn 0.00000000 0.00000000 -1.00000000
vn 0.00000000 0.00000000 1.00000000
vn -1.00000000 0.00000000 0.00000000
vn 1.00000000 0.00000000 0.00000000
vn 0.00000000 -1.00000000 0.00000000
vn 0.00000000 1.00000000 0.00000000
vn 0.00000000 0.00000000 -1.00000000
vn 0.00000000 0.00000000 1.00000000
vn -1.00000000 0.00000000 0.00000000
vn 1.00000000 0.00000000 0.00000000
vn 0.00000000 -1.00000000 0.00000000
vn 0.00000000 1.00000000 0.00000000
vn 0.00000000 0.00000000 -1.00000000
vn 0.00000000 0.00000000 1.00000000
vn -1.00000000 0.00000000 0.00000000
vn 1.00000000 0.00000000 0.00000000
vn 0.00000000 -1.00000000 0.00000000
vn 0.00000000 1.00000000 0.00000000
vn 0.00000000 0.00000000 -1.00000000
vn 0.00000000 0.00000000 1.00000000
vn -1.00000000 0.00000000 0.00000000
vn 1.00000000 0.00000000 0.00000000
vn 0.00000000 -1.00000000 0.00000000
vn 0.00000000 1.00000000 0.00000000
vn 0.00000000 0.00000000 -1.00000000
vn 0.00000000 0.00000000 1.00000000
vn -1.00000000 0.00000000 0.00000000
vn 1.00000000 0.00000000 0.00000000
vn 0.00000000 -1.00000000 0.00000000
vn 0.00000000 1.00000000 0.00000000
vn 0.00000000 0.00000000 -1.00000000
vn 0.00000000 0.00000000 1.00000000
vn -1.00000000 0.00000000 0.00000000
vn 1.00000000 0.00000000 0.00000000
vn 0.00000000 -1.00000000 0.00000000
vn 0.00000000 1.00000000 0.00000000
vn 0.00000000 0.00000000 -1.00000000
vn 0.00000000 0.00000000 1.00000000
vn -1.00000000 0.00000000 0.00000000
vn 1.00000000 0.00000000 0.00000000
vn 0.00000000 -1.00000000 0.00000000
vn 0.00000000 1.00000000 0.00000000
vn 0.00000000 0.00000000 -1.00000000
vn 0.00000000 0.00000000 1.00000000
vn -1.00000000 0.00000000 0.00000000
vn 1.00000000 0.00000000 0.00000000
vn 0.00000000 -1.00000000 0.00000000
vn 0.00000000 1.00000000 0.00000000
vn 0.00000000 0.00000000 -1.00000000
vn 0.00000000 0.00000000 1.00000000
vn -1.00000000 0.00000000 0.00000000
vn 1.00000000 0.00000000 0.00000000
vn 0.00000000 -1.00000000 0.00000000
vn 0.00000000 1.00000000 0.00000000
vn 0.00000000 0.00000000 -1.00000000
vn 0.00000000 0.00000000 1.00000000
vn -1.00000000 0.00000000 0.00000000
vn 1.00000000 0.00000000 0.00000000
vn 0.00000000 -1.00000000 0.00000000
vn 0.00000000 1.00000000 0.00000000
vn 0.00000000 0.00000000 -1.00000000
vn 0.00000000 0.00000000 1.00000000
vn -1.00000000 0.00000000 0.00000000
vn 1.00000000 0.00000000 0.00000000
vn 0.00000000 -1.00000000 0.00000000
vn 0.00000000 1.00000000 0.00000000
vn 0.00000000 0.00000000 -1.00000000
vn 0.00000000 0.00000000 1.00000000
vn -1.00000000 0.00000000 0.00000000
vn 1.00000000 0.00000000 0.00000000
vn 0.00000000 -1.00000000 0.00000000
vn 0.00000000 1.00000000 0.00000000
vn 0.00000000 0.00000000 -1.00000000
vn 0.00000000 0.00000000 1.00000000
vn -1.00000000 0.00000000 0.00000000
vn 1.00000000 0.00000000 0.00000000
vn 0.00000000 -1.00000000 0.00000000
vn 0.00000000 1.00000000 0.00000000
vn 0.00000000 0.00000000 -1.00000000
vn 0.00000000 0.00000000 1.00000000
vn -1.00000000 0.00000000 0.00000000
vn 1.00000000 0.00000000 0.00000000
vn 0.00000000 -1.00000000 0.00000000
vn 0.00000000 1.00000000 0.00000000
vn 0.00000000 0.00000000 -1.00000000
vn 0.00000000 0.00000000 1.00000000
vn -1.00000000 0.00000000 0.00000000
vn 1.00000000 0.00000000 0.00000000
vn 0.00000000 -1.00000000 0.00000000
vn 0.00000000 1.00000000 0.00000000
vn 0.00000000 0.00000000 -1.00000000
vn 0.00000000 0.00000000 1.00000000
vn -1.00000000 0.00000000 0.00000000
vn 1.00000000 0.00000000 0.00000000
vn 0.00000000 -1.00000000 0.00000000
vn 0.00000000 1.00000000 0.00000000
vn 0.00000000 0.00000000 -1.00000000
vn 0.00000000 0.00000000 1.00000000
vn -1.00000000 0.00000000 0.00000000
vn 1.00000000 0.00000000 0.00000000
vn 0.00000000 -1.00000000 0.00000000
vn 0.00000000 1.00000000 0.00000000
vn 0.00000000 0.00000000 -1.00000000
vn 0.00000000 0.00000000 1.00000000
vn -1.00000000 0.00000000 0.00000000
vn 1.00000000 0.00000000 0.00000000
vn 0.00000000 -1.00000000 0.00000000
vn 0.00000000 1.00000000 0.00000000
vn 0.00000000 0.00000000 -1.00000000
vn 0.00000000 0.00000000 1.00000000
vn -1.00000000 0.00000000 0.00000000
vn 1.00000000 0.00000000 0.00000000
vn 0.00000000 -1.00000000 0.00000000
vn 0.00000000 1.00000000 0.00000000
vn 0.00000000 0.00000000 -1.00000000
vn 0.00000000 0.00000000 1.00000000
vn -1.00000000 0.00000000 0.00000000
vn 1.00000000 0.00000000 0.00000000
vn 0.00000000 -1.00000000 0.00000000
vn 0.00000000 1.00000000 0.00000000
vn 0.00000000 0.00000000 -1.00000000
vn 0.00000000 0.00000000 1.00000000
vn -1.00000000 0.00000000 0.00000000
vn 1.00000000 0.00000000 0.00000000
vn 0.00000000 -1.00000000 0.00000000
vn 0.00000000 1.00000000 0.00000000
vn 0.00000000 0.00000000 -1.00000000
vn 0.00000000 0.00000000 1.00000000
vn -1.00000000 0.00000000 0.00000000
vn 1.00000000 0.00000000 0.00000000
vn 0.00000000 -1.00000000 0.00000000
vn 0.00000000 1.00000000 0.00000000
vn 0.00000000 0.00000000 -1.00000000
vn 0.00000000 0.00000000 1.00000000
vn -1.00000000 0.00000000 0.00000000
vn 1.00000000 0.00000000 0.00000000
vn 0.00000000 -1.00000000 0.00000000
vn 0.00000000 1.00000000 0.00000000
vn 0.00000000 0.00000000 -1.00000000
vn 0.00000000 0.00000000 1.00000000
vn -1.00000000 0.00000000 0.00000000
vn 1.00000000 0.00000000 0.00000000
vn 0.00000000 -1.00000000 0.00000000
vn 0.00000000 1.00000000 0.00000000
vn 0.00000000 0.00000000 -1.00000000
vn 0.00000000 0.00000000 1.00000000
vn -1.00000000 0.00000000 0.00000000
vn 1.00000000 0.00000000 0.00000000
vn 0.00000000 -1.00000000 0.00000000
vn 0.00000000 1.00000000 0.00000000
vn 0.00000000 0.00000000 -1.00000000
vn 0.00000000 0.00000000 1.00000000
vn -1.00000000 0.00000000 0.00000000
vn 1.00000000 0.00000000 0.00000000
vn 0.00000000 -1.00000000 0.00000000
vn 0.00000000 1.00000000 0.00000000
vn 0.00000000 0.00000000 -1.00000000
vn 0.00000000 0.00000000 1.00000000
vn -1.00000000 0.00000000 0.00000000
vn 1.00000000 0.00000000 0.00000000
vn 0.00000000 -1.00000000 0.00000000
vn 0.00000000 1.00000000 0.00000000
vn 0.00000000 0.00000000 -1.00000000
vn 0.00000000 0.00000000 1.00000000
vn -1.00000000 0.00000000 0.00000000
vn 1.00000000 0.00000000 0.00000000
vn 0.00000000 -1.00000000 0.00000000
vn 0.00000000 1.00000000 0.00000000
vn 0.00000000 0.00000000 -1.00000000
vn 0.00000000 0.00000000 1.00000000
vn -1.00000000 0.00000000 0.00000000
vn 1.00000000 0.00000000 0.00000000
vn 0.00000000 -1.00000000 0.00000000
vn 0.00000000 1.00000000 0.00000000
vn 0.00000000 0.00000000 -1.00000000
vn 0.00000000 0.00000000 1.00000000
vn -1.00000000 0.00000000 0.00000000
vn 1.00000000 0.00000000 0.00000000
vn 0.00000000 -1.00000000 0.00000000
vn 0.00000000 1.00000000 0.00000000
f 1/1/1 4/2/1 3/3/1
f 1/1/1 3/3/1 2/4/1
f 5/5/2 6/6/2 7/7/2
f 5/5/2 7/7/2 8/8/2
f 1/9/3 5/10/3 8/11/3
f 1/9/3 8/11/3 4/12/3
f 2/13/4 3/14/4 7/15/4
f 2/13/4 7/15/4 6/16/4
f 1/17/5 2/18/5 6/19/5
f 1/17/5 6/19/5 5/20/5
f 4/21/6 8/22/6 7/23/6
f 4/21/6 7/23/6 3/24/6
f 9/25/7 12/26/7 11/27/7
f 9/25/7 11/27/7 10/28/7
f 13/29/8 14/30/8 15/31/8
f 13/29/8 15/31/8 16/32/8
f 9/33/9 13/34/9 16/35/9
f 9/33/9 16/35/9 12/36/9
f 10/37/10 11/38/10 15/39/10
f 10/37/10 15/39/10 14/40/10
f 9/41/11 10/42/11 14/43/11
f 9/41/11 14/43/11 13/44/11
f 12/45/12 16/46/12 15/47/12
f 12/45/12 15/47/12 11/48/12
f 4/49/13 9/50/13 10/51/13
f 4/49/13 10/51/13 3/52/13
f 17/53/14 18/54/14 19/55/14
f 17/53/14 19/55/14 20/56/14
f 4/57/15 17/58/15 20/59/15
f 4/57/15 20/59/15 9/60/15
f 3/61/16 10/62/16 19/63/16
f 3/61/16 19/63/16 18/64/16
f 4/65/17 3/66/17 18/67/17
f 4/65/17 18/67/17 17/68/17
f 9/69/18 20/70/18 19/71/18
f 9/69/18 19/71/18 10/72/18
f 4/73/19 9/74/19 22/75/19
f 4/73/19 22/75/19 21/76/19
f 8/77/20 23/78/20 24/79/20
f 8/77/20 24/79/20 13/80/20
f 4/81/21 8/82/21 13/83/21
f 4/81/21 13/83/21 9/84/21
f 21/85/22 22/86/22 24/87/22
f 21/85/22 24/87/22 23/88/22
f 4/89/23 21/90/23 23/91/23
f 4/89/23 23/91/23 8/92/23
f 9/93/24 13/94/24 24/95/24
f 9/93/24 24/95/24 22/96/24
f 25/97/25 26/98/25 10/99/25
f 25/97/25 10/99/25 3/100/25
f 27/101/26 7/102/26 14/103/26
f 27/101/26 14/103/26 28/104/26
f 25/105/27 27/106/27 28/107/27
f 25/105/27 28/107/27 26/108/27
f 3/109/28 10/110/28 14/111/28
f 3/109/28 14/111/28 7/112/28
f 25/113/29 3/114/29 7/115/29
f 25/113/29 7/115/29 27/116/29
f 26/117/30 28/118/30 14/119/30
f 26/117/30 14/119/30 10/120/30
f 29/121/31 32/122/31 31/123/31
f 29/121/31 31/123/31 30/124/31
f 8/125/32 33/126/32 34/127/32
f 8/125/32 34/127/32 35/128/32
f 29/129/33 8/130/33 35/131/33
f 29/129/33 35/131/33 32/132/33
f 30/133/34 31/134/34 34/135/34
f 30/133/34 34/135/34 33/136/34
f 29/137/35 30/138/35 33/139/35
f 29/137/35 33/139/35 8/140/35
f 32/141/36 35/142/36 34/143/36
f 32/141/36 34/143/36 31/144/36
f 36/145/37 39/146/37 38/147/37
f 36/145/37 38/147/37 37/148/37
f 40/149/38 41/150/38 42/151/38
f 40/149/38 42/151/38 43/152/38
f 36/153/39 40/154/39 43/155/39
f 36/153/39 43/155/39 39/156/39
f 37/157/40 38/158/40 42/159/40
f 37/157/40 42/159/40 41/160/40
f 36/161/41 37/162/41 41/163/41
f 36/161/41 41/163/41 40/164/41
f 39/165/42 43/166/42 42/167/42
f 39/165/42 42/167/42 38/168/42
f 44/169/43 47/170/43 46/171/43
f 44/169/43 46/171/43 45/172/43
f 48/173/44 49/174/44 50/175/44
f 48/173/44 50/175/44 13/176/44
f 44/177/45 48/178/45 13/179/45
f 44/177/45 13/179/45 47/180/45
f 45/181/46 46/182/46 50/183/46
f 45/181/46 50/183/46 49/184/46
f 44/185/47 45/186/47 49/187/47
f 44/185/47 49/187/47 48/188/47
f 47/189/48 13/190/48 50/191/48
f 47/189/48 50/191/48 46/192/48
f 51/193/49 54/194/49 53/195/49
f 51/193/49 53/195/49 52/196/49
f 55/197/50 7/198/50 14/199/50
f 55/197/50 14/199/50 56/200/50
f 51/201/51 55/202/51 56/203/51
f 51/201/51 56/203/51 54/204/51
f 52/205/52 53/206/52 14/207/52
f 52/205/52 14/207/52 7/208/52
f 51/209/53 52/210/53 7/211/53
f 51/209/53 7/211/53 55/212/53
f 54/213/54 56/214/54 14/215/54
f 54/213/54 14/215/54 53/216/54
f 57/217/55 46/218/55 54/219/55
f 57/217/55 54/219/55 58/220/55
f 59/221/56 60/222/56 56/223/56
f 59/221/56 56/223/56 50/224/56
f 57/225/57 59/226/57 50/227/57
f 57/225/57 50/227/57 46/228/57
f 58/229/58 54/230/58 56/231/58
f 58/229/58 56/231/58 60/232/58
f 57/233/59 58/234/59 60/235/59
f 57/233/59 60/235/59 59/236/59
f 46/237/60 50/238/60 56/239/60
f 46/237/60 56/239/60 54/240/60
f 61/241/61 64/242/61 63/243/61
f 61/241/61 63/243/61 62/244/61
f 65/245/62 66/246/62 67/247/62
f 65/245/62 67/247/62 68/248/62
f 61/249/63 65/250/63 68/251/63
f 61/249/63 68/251/63 64/252/63
f 62/253/64 63/254/64 67/255/64
f 62/253/64 67/255/64 66/256/64
f 61/257/65 62/258/65 66/259/65
f 61/257/65 66/259/65 65/260/65
f 64/261/66 68/262/66 67/263/66
f 64/261/66 67/263/66 63/264/66
f 69/265/67 72/266/67 71/267/67
f 69/265/67 71/267/67 70/268/67
f 73/269/68 74/270/68 75/271/68
f 73/269/68 75/271/68 76/272/68
f 69/273/69 73/274/69 76/275/69
f 69/273/69 76/275/69 72/276/69
f 70/277/70 71/278/70 75/279/70
f 70/277/70 75/279/70 74/280/70
f 69/281/71 70/282/71 74/283/71
f 69/281/71 74/283/71 73/284/71
f 72/285/72 76/286/72 75/287/72
f 72/285/72 75/287/72 71/288/72
f 77/289/73 80/290/73 79/291/73
f 77/289/73 79/291/73 78/292/73
f 81/293/74 82/294/74 83/295/74
f 81/293/74 83/295/74 84/296/74
f 77/297/75 81/298/75 84/299/75
f 77/297/75 84/299/75 80/300/75
f 78/301/76 79/302/76 83/303/76
f 78/301/76 83/303/76 82/304/76
f 77/305/77 78/306/77 82/307/77
f 77/305/77 82/307/77 81/308/77
f 80/309/78 84/310/78 83/311/78
f 80/309/78 83/311/78 79/312/78
f 85/313/79 88/314/79 87/315/79
f 85/313/79 87/315/79 86/316/79
f 89/317/80 90/318/80 91/319/80
f 89/317/80 91/319/80 92/320/80
f 85/321/81 89/322/81 92/323/81
f 85/321/81 92/323/81 88/324/81
f 86/325/82 87/326/82 91/327/82
f 86/325/82 91/327/82 90/328/82
f 85/329/83 86/330/83 90/331/83
f 85/329/83 90/331/83 89/332/83
f 88/333/84 92/334/84 91/335/84
f 88/333/84 91/335/84 87/336/84
f 93/337/85 96/338/85 95/339/85
f 93/337/85 95/339/85 94/340/85
f 97/341/86 98/342/86 99/343/86
f 97/341/86 99/343/86 100/344/86
f 93/345/87 97/346/87 100/347/87
f 93/345/87 100/347/87 96/348/87
f 94/349/88 95/350/88 99/351/88
f 94/349/88 99/351/88 98/352/88
f 93/353/89 94/354/89 98/355/89
f 93/353/89 98/355/89 97/356/89
f 96/357/90 100/358/90 99/359/90
f 96/357/90 99/359/90 95/360/90
f 101/361/91 104/362/91 103/363/91
f 101/361/91 103/363/91 102/364/91
f 105/365/92 106/366/92 107/367/92
f 105/365/92 107/367/92 108/368/92
f 101/369/93 105/370/93 108/371/93
f 101/369/93 108/371/93 104/372/93
f 102/373/94 103/374/94 107/375/94
f 102/373/94 107/375/94 106/376/94
f 101/377/95 102/378/95 106/379/95
f 101/377/95 106/379/95 105/380/95
f 104/381/96 108/382/96 107/383/96
f 104/381/96 107/383/96 103/384/96
f 5/385/97 8/386/97 110/387/97
f 5/385/97 110/387/97 109/388/97
f 111/389/98 112/390/98 113/391/98
f 111/389/98 113/391/98 114/392/98
f 5/393/99 111/394/99 114/395/99
f 5/393/99 114/395/99 8/396/99
f 109/397/100 110/398/100 113/399/100
f 109/397/100 113/399/100 112/400/100
f 5/401/101 109/402/101 112/403/101
f 5/401/101 112/403/101 111/404/101
f 8/405/102 114/406/102 113/407/102
f 8/405/102 113/407/102 110/408/102
f 13/409/103 16/410/103 116/411/103
f 13/409/103 116/411/103 115/412/103
f 117/413/104 118/414/104 119/415/104
f 117/413/104 119/415/104 120/416/104
f 13/417/105 117/418/105 120/419/105
f 13/417/105 120/419/105 16/420/105
f 115/421/106 116/422/106 119/423/106
f 115/421/106 119/423/106 118/424/106
f 13/425/107 115/426/107 118/427/107
f 13/425/107 118/427/107 117/428/107
f 16/429/108 120/430/108 119/431/108
f 16/429/108 119/431/108 116/432/108
f 8/433/109 13/434/109 115/435/109
f 8/433/109 115/435/109 110/436/109
f 121/437/110 122/438/110 123/439/110
f 121/437/110 123/439/110 124/440/110
f 8/441/111 121/442/111 124/443/111
f 8/441/111 124/443/111 13/444/111
f 110/445/112 115/446/112 123/447/112
f 110/445/112 123/447/112 122/448/112
f 8/449/113 110/450/113 122/451/113
f 8/449/113 122/451/113 121/452/113
f 13/453/114 124/454/114 123/455/114
f 13/453/114 123/455/114 115/456/114
f 8/457/115 13/458/115 24/459/115
f 8/457/115 24/459/115 23/460/115
f 114/461/116 125/462/116 126/463/116
f 114/461/116 126/463/116 117/464/116
f 8/465/117 114/466/117 117/467/117
f 8/465/117 117/467/117 13/468/117
f 23/469/118 24/470/118 126/471/118
f 23/469/118 126/471/118 125/472/118
f 8/473/119 23/474/119 125/475/119
f 8/473/119 125/475/119 114/476/119
f 13/477/120 117/478/120 126/479/120
f 13/477/120 126/479/120 24/480/120
f 127/481/121 128/482/121 115/483/121
f 127/481/121 115/483/121 110/484/121
f 129/485/122 113/486/122 118/487/122
f 129/485/122 118/487/122 130/488/122
f 127/489/123 129/490/123 130/491/123
f 127/489/123 130/491/123 128/492/123
f 110/493/124 115/494/124 118/495/124
f 110/493/124 118/495/124 113/496/124
f 127/497/125 110/498/125 113/499/125
f 127/497/125 113/499/125 129/500/125
f 128/501/126 130/502/126 118/503/126
f 128/501/126 118/503/126 115/504/126
f 131/505/127 134/506/127 133/507/127
f 131/505/127 133/507/127 132/508/127
f 114/509/128 135/510/128 136/511/128
f 114/509/128 136/511/128 137/512/128
f 131/513/129 114/514/129 137/515/129
f 131/513/129 137/515/129 134/516/129
f 132/517/130 133/518/130 136/519/130
f 132/517/130 136/519/130 135/520/130
f 131/521/131 132/522/131 135/523/131
f 131/521/131 135/523/131 114/524/131
f 134/525/132 137/526/132 136/527/132
f 134/525/132 136/527/132 133/528/132
f 138/529/133 141/530/133 140/531/133
f 138/529/133 140/531/133 139/532/133
f 142/533/134 143/534/134 144/535/134
f 142/533/134 144/535/134 145/536/134
f 138/537/135 142/538/135 145/539/135
f 138/537/135 145/539/135 141/540/135
f 139/541/136 140/542/136 144/543/136
f 139/541/136 144/543/136 143/544/136
f 138/545/137 139/546/137 143/547/137
f 138/545/137 143/547/137 142/548/137
f 141/549/138 145/550/138 144/551/138
f 141/549/138 144/551/138 140/552/138
f 146/553/139 149/554/139 148/555/139
f 146/553/139 148/555/139 147/556/139
f 150/557/140 151/558/140 152/559/140
f 150/557/140 152/559/140 117/560/140
f 146/561/141 150/562/141 117/563/141
f 146/561/141 117/563/141 149/564/141
f 147/565/142 148/566/142 152/567/142
f 147/565/142 152/567/142 151/568/142
f 146/569/143 147/570/143 151/571/143
f 146/569/143 151/571/143 150/572/143
f 149/573/144 117/574/144 152/575/144
f 149/573/144 152/575/144 148/576/144
f 153/577/145 156/578/145 155/579/145
f 153/577/145 155/579/145 154/580/145
f 157/581/146 113/582/146 118/583/146
f 157/581/146 118/583/146 158/584/146
f 153/585/147 157/586/147 158/587/147
f 153/585/147 158/587/147 156/588/147
f 154/589/148 155/590/148 118/591/148
f 154/589/148 118/591/148 113/592/148
f 153/593/149 154/594/149 113/595/149
f 153/593/149 113/595/149 157/596/149
f 156/597/150 158/598/150 118/599/150
f 156/597/150 118/599/150 155/600/150
f 159/601/151 148/602/151 156/603/151
f 159/601/151 156/603/151 160/604/151
f 161/605/152 162/606/152 158/607/152
f 161/605/152 158/607/152 152/608/152
f 159/609/153 161/610/153 152/611/153
f 159/609/153 152/611/153 148/612/153
f 160/613/154 156/614/154 158/615/154
f 160/613/154 158/615/154 162/616/154
f 159/617/155 160/618/155 162/619/155
f 159/617/155 162/619/155 161/620/155
f 148/621/156 152/622/156 158/623/156
f 148/621/156 158/623/156 156/624/156
f 163/625/157 166/626/157 165/627/157
f 163/625/157 165/627/157 164/628/157
f 167/629/158 168/630/158 169/631/158
f 167/629/158 169/631/158 170/632/158
f 163/633/159 167/634/159 170/635/159
f 163/633/159 170/635/159 166/636/159
f 164/637/160 165/638/160 169/639/160
f 164/637/160 169/639/160 168/640/160
f 163/641/161 164/642/161 168/643/161
f 163/641/161 168/643/161 167/644/161
f 166/645/162 170/646/162 169/647/162
f 166/645/162 169/647/162 165/648/162
f 171/649/163 174/650/163 173/651/163
f 171/649/163 173/651/163 172/652/163
f 175/653/164 176/654/164 177/655/164
f 175/653/164 177/655/164 178/656/164
f 171/657/165 175/658/165 178/659/165
f 171/657/165 178/659/165 174/660/165
f 172/661/166 173/662/166 177/663/166
f 172/661/166 177/663/166 176/664/166
f 171/665/167 172/666/167 176/667/167
f 171/665/167 176/667/167 175/668/167
f 174/669/168 178/670/168 177/671/168
f 174/669/168 177/671/168 173/672/168
f 179/673/169 182/674/169 181/675/169
f 179/673/169 181/675/169 180/676/169
f 183/677/170 184/678/170 185/679/170
f 183/677/170 185/679/170 186/680/170
f 179/681/171 183/682/171 186/683/171
f 179/681/171 186/683/171 182/684/171
f 180/685/172 181/686/172 185/687/172
f 180/685/172 185/687/172 184/688/172
f 179/689/173 180/690/173 184/691/173
f 179/689/173 184/691/173 183/692/173
f 182/693/174 186/694/174 185/695/174
f 182/693/174 185/695/174 181/696/174
f 187/697/175 190/698/175 189/699/175
f 187/697/175 189/699/175 188/700/175
f 191/701/176 192/702/176 193/703/176
f 191/701/176 193/703/176 194/704/176
f 187/705/177 191/706/177 194/707/177
f 187/705/177 194/707/177 190/708/177
f 188/709/178 189/710/178 193/711/178
f 188/709/178 193/711/178 192/712/178
f 187/713/179 188/714/179 192/715/179
f 187/713/179 192/715/179 191/716/179
f 190/717/180 194/718/180 193/719/180
f 190/717/180 193/719/180 189/720/180
f 195/721/181 198/722/181 197/723/181
f 195/721/181 197/723/181 196/724/181
f 199/725/182 200/726/182 201/727/182
f 199/725/182 201/727/182 202/728/182
f 195/729/183 199/730/183 202/731/183
f 195/729/183 202/731/183 198/732/183
f 196/733/184 197/734/184 201/735/184
f 196/733/184 201/735/184 200/736/184
f 195/737/185 196/738/185 200/739/185
f 195/737/185 200/739/185 199/740/185
f 198/741/186 202/742/186 201/743/186
f 198/741/186 201/743/186 197/744/186
f 203/745/187 206/746/187 205/747/187
f 203/745/187 205/747/187 204/748/187
f 207/749/188 208/750/188 209/751/188
f 207/749/188 209/751/188 210/752/188
f 203/753/189 207/754/189 210/755/189
f 203/753/189 210/755/189 206/756/189
f 204/757/190 205/758/190 209/759/190
f 204/757/190 209/759/190 208/760/190
f 203/761/191 204/762/191 208/763/191
f 203/761/191 208/763/191 207/764/191
f 206/765/192 210/766/192 209/767/192
f 206/765/192 209/767/192 205/768/192
f 211/769/193 214/770/193 213/771/193
f 211/769/193 213/771/193 212/772/193
f 215/773/194 216/774/194 217/775/194
f 215/773/194 217/775/194 218/776/194
f 211/777/195 215/778/195 218/779/195
f 211/777/195 218/779/195 214/780/195
f 212/781/196 213/782/196 217/783/196
f 212/781/196 217/783/196 216/784/196
f 211/785/197 212/786/197 216/787/197
f 211/785/197 216/787/197 215/788/197
f 214/789/198 218/790/198 217/791/198
f 214/789/198 217/791/198 213/792/198
f 219/793/199 222/794/199 221/795/199
f 219/793/199 221/795/199 220/796/199
f 223/797/200 224/798/200 225/799/200
f 223/797/200 225/799/200 226/800/200
f 219/801/201 223/802/201 226/803/201
f 219/801/201 226/803/201 222/804/201
f 220/805/202 221/806/202 225/807/202
f 220/805/202 225/807/202 224/808/202
f 219/809/203 220/810/203 224/811/203
f 219/809/203 224/811/203 223/812/203
f 222/813/204 226/814/204 225/815/204
f 222/813/204 225/815/204 221/816/204
f 214/817/205 219/818/205 220/819/205
f 214/817/205 220/819/205 213/820/205
f 227/821/206 228/822/206 229/823/206
f 227/821/206 229/823/206 230/824/206
f 214/825/207 227/826/207 230/827/207
f 214/825/207 230/827/207 219/828/207
f 213/829/208 220/830/208 229/831/208
f 213/829/208 229/831/208 228/832/208
f 214/833/209 213/834/209 228/835/209
f 214/833/209 228/835/209 227/836/209
f 219/837/210 230/838/210 229/839/210
f 219/837/210 229/839/210 220/840/210
f 214/841/211 219/842/211 232/843/211
f 214/841/211 232/843/211 231/844/211
f 218/845/212 233/846/212 234/847/212
f 218/845/212 234/847/212 223/848/212
f 214/849/213 218/850/213 223/851/213
f 214/849/213 223/851/213 219/852/213
f 231/853/214 232/854/214 234/855/214
f 231/853/214 234/855/214 233/856/214
f 214/857/215 231/858/215 233/859/215
f 214/857/215 233/859/215 218/860/215
f 219/861/216 223/862/216 234/863/216
f 219/861/216 234/863/216 232/864/216
f 235/865/217 236/866/217 220/867/217
f 235/865/217 220/867/217 213/868/217
f 237/869/218 238/870/218 239/871/218
f 237/869/218 239/871/218 240/872/218
f 235/873/219 237/874/219 240/875/219
f 235/873/219 240/875/219 236/876/219
f 213/877/220 220/878/220 239/879/220
f 213/877/220 239/879/220 238/880/220
f 235/881/221 213/882/221 238/883/221
f 235/881/221 238/883/221 237/884/221
f 236/885/222 240/886/222 239/887/222
f 236/885/222 239/887/222 220/888/222
f 241/889/223 244/890/223 243/891/223
f 241/889/223 243/891/223 242/892/223
f 245/893/224 217/894/224 224/895/224
f 245/893/224 224/895/224 246/896/224
f 241/897/225 245/898/225 246/899/225
f 241/897/225 246/899/225 244/900/225
f 242/901/226 243/902/226 224/903/226
f 242/901/226 224/903/226 217/904/226
f 241/905/227 242/906/227 217/907/227
f 241/905/227 217/907/227 245/908/227
f 244/909/228 246/910/228 224/911/228
f 244/909/228 224/911/228 243/912/228
f 247/913/229 240/914/229 239/915/229
f 247/913/229 239/915/229 248/916/229
f 249/917/230 250/918/230 243/919/230
f 249/917/230 243/919/230 244/920/230
f 247/921/231 249/922/231 244/923/231
f 247/921/231 244/923/231 240/924/231
f 248/925/232 239/926/232 243/927/232
f 248/925/232 243/927/232 250/928/232
f 247/929/233 248/930/233 250/931/233
f 247/929/233 250/931/233 249/932/233
f 240/933/234 244/934/234 243/935/234
f 240/933/234 243/935/234 239/936/234
f 251/937/235 254/938/235 253/939/235
f 251/937/235 253/939/235 252/940/235
f 218/941/236 255/942/236 256/943/236
f 218/941/236 256/943/236 257/944/236
f 251/945/237 218/946/237 257/947/237
f 251/945/237 257/947/237 254/948/237
f 252/949/238 253/950/238 256/951/238
f 252/949/238 256/951/238 255/952/238
f 251/953/239 252/954/239 255/955/239
f 251/953/239 255/955/239 218/956/239
f 254/957/240 257/958/240 256/959/240
f 254/957/240 256/959/240 253/960/240
f 258/961/241 261/962/241 260/963/241
f 258/961/241 260/963/241 259/964/241
f 262/965/242 263/966/242 264/967/242
f 262/965/242 264/967/242 265/968/242
f 258/969/243 262/970/243 265/971/243
f 258/969/243 265/971/243 261/972/243
f 259/973/244 260/974/244 264/975/244
f 259/973/244 264/975/244 263/976/244
f 258/977/245 259/978/245 263/979/245
f 258/977/245 263/979/245 262/980/245
f 261/981/246 265/982/246 264/983/246
f 261/981/246 264/983/246 260/984/246
f 266/985/247 269/986/247 268/987/247
f 266/985/247 268/987/247 267/988/247
f 270/989/248 271/990/248 272/991/248
f 270/989/248 272/991/248 223/992/248
f 266/993/249 270/994/249 223/995/249
f 266/993/249 223/995/249 269/996/249
f 267/997/250 268/998/250 272/999/250
f 267/997/250 272/999/250 271/1000/250
f 266/1001/251 267/1002/251 271/1003/251
f 266/1001/251 271/1003/251 270/1004/251
f 269/1005/252 223/1006/252 272/1007/252
f 269/1005/252 272/1007/252 268/1008/252
f 273/1009/253 276/1010/253 275/1011/253
f 273/1009/253 275/1011/253 274/1012/253
f 277/1013/254 217/1014/254 224/1015/254
f 277/1013/254 224/1015/254 278/1016/254
f 273/1017/255 277/1018/255 278/1019/255
f 273/1017/255 278/1019/255 276/1020/255
f 274/1021/256 275/1022/256 224/1023/256
f 274/1021/256 224/1023/256 217/1024/256
f 273/1025/257 274/1026/257 217/1027/257
f 273/1025/257 217/1027/257 277/1028/257
f 276/1029/258 278/1030/258 224/1031/258
f 276/1029/258 224/1031/258 275/1032/258
f 279/1033/259 268/1034/259 276/1035/259
f 279/1033/259 276/1035/259 280/1036/259
f 281/1037/260 282/1038/260 278/1039/260
f 281/1037/260 278/1039/260 272/1040/260
f 279/1041/261 281/1042/261 272/1043/261
f 279/1041/261 272/1043/261 268/1044/261
f 280/1045/262 276/1046/262 278/1047/262
f 280/1045/262 278/1047/262 282/1048/262
f 279/1049/263 280/1050/263 282/1051/263
f 279/1049/263 282/1051/263 281/1052/263
f 268/1053/264 272/1054/264 278/1055/264
f 268/1053/264 278/1055/264 276/1056/264
f 283/1057/265 286/1058/265 285/1059/265
f 283/1057/265 285/1059/265 284/1060/265
f 287/1061/266 288/1062/266 289/1063/266
f 287/1061/266 289/1063/266 290/1064/266
f 283/1065/267 287/1066/267 290/1067/267
f 283/1065/267 290/1067/267 286/1068/267
f 284/1069/268 285/1070/268 289/1071/268
f 284/1069/268 289/1071/268 288/1072/268
f 283/1073/269 284/1074/269 288/1075/269
f 283/1073/269 288/1075/269 287/1076/269
f 286/1077/270 290/1078/270 289/1079/270
f 286/1077/270 289/1079/270 285/1080/270
f 291/1081/271 294/1082/271 293/1083/271
f 291/1081/271 293/1083/271 292/1084/271
f 295/1085/272 296/1086/272 297/1087/272
f 295/1085/272 297/1087/272 298/1088/272
f 291/1089/273 295/1090/273 298/1091/273
f 291/1089/273 298/1091/273 294/1092/273
f 292/1093/274 293/1094/274 297/1095/274
f 292/1093/274 297/1095/274 296/1096/274
f 291/1097/275 292/1098/275 296/1099/275
f 291/1097/275 296/1099/275 295/1100/275
f 294/1101/276 298/1102/276 297/1103/276
f 294/1101/276 297/1103/276 293/1104/276
f 299/1105/277 302/1106/277 301/1107/277
f 299/1105/277 301/1107/277 300/1108/277
f 303/1109/278 304/1110/278 305/1111/278
f 303/1109/278 305/1111/278 306/1112/278
f 299/1113/279 303/1114/279 306/1115/279
f 299/1113/279 306/1115/279 302/1116/279
f 300/1117/280 301/1118/280 305/1119/280
f 300/1117/280 305/1119/280 304/1120/280
f 299/1121/281 300/1122/281 304/1123/281
f 299/1121/281 304/1123/281 303/1124/281
f 302/1125/282 306/1126/282 305/1127/282
f 302/1125/282 305/1127/282 301/1128/282
f 307/1129/283 310/1130/283 309/1131/283
f 307/1129/283 309/1131/283 308/1132/283
f 311/1133/284 312/1134/284 313/1135/284
f 311/1133/284 313/1135/284 314/1136/284
f 307/1137/285 311/1138/285 314/1139/285
f 307/1137/285 314/1139/285 310/1140/285
f 308/1141/286 309/1142/286 313/1143/286
f 308/1141/286 313/1143/286 312/1144/286
f 307/1145/287 308/1146/287 312/1147/287
f 307/1145/287 312/1147/287 311/1148/287
f 310/1149/288 314/1150/288 313/1151/288
f 310/1149/288 313/1151/288 309/1152/288
f 315/1153/289 318/1154/289 317/1155/289
f 315/1153/289 317/1155/289 316/1156/289
f 319/1157/290 320/1158/290 321/1159/290
f 319/1157/290 321/1159/290 322/1160/290
f 315/1161/291 319/1162/291 322/1163/291
f 315/1161/291 322/1163/291 318/1164/291
f 316/1165/292 317/1166/292 321/1167/292
f 316/1165/292 321/1167/292 320/1168/292
f 315/1169/293 316/1170/293 320/1171/293
f 315/1169/293 320/1171/293 319/1172/293
f 318/1173/294 322/1174/294 321/1175/294
f 318/1173/294 321/1175/294 317/1176/294
f 323/1177/295 326/1178/295 325/1179/295
f 323/1177/295 325/1179/295 324/1180/295
f 327/1181/296 328/1182/296 329/1183/296
f 327/1181/296 329/1183/296 330/1184/296
f 323/1185/297 327/1186/297 330/1187/297
f 323/1185/297 330/1187/297 326/1188/297
f 324/1189/298 325/1190/298 329/1191/298
f 324/1189/298 329/1191/298 328/1192/298
f 323/1193/299 324/1194/299 328/1195/299
f 323/1193/299 328/1195/299 327/1196/299
f 326/1197/300 330/1198/300 329/1199/300
f 326/1197/300 329/1199/300 325/1200/300
f 212/1201/301 213/1202/301 332/1203/301
f 212/1201/301 332/1203/301 331/1204/301
f 216/1205/302 333/1206/302 334/1207/302
f 216/1205/302 334/1207/302 217/1208/302
f 212/1209/303 216/1210/303 217/1211/303
f 212/1209/303 217/1211/303 213/1212/303
f 331/1213/304 332/1214/304 334/1215/304
f 331/1213/304 334/1215/304 333/1216/304
f 212/1217/305 331/1218/305 333/1219/305
f 212/1217/305 333/1219/305 216/1220/305
f 213/1221/306 217/1222/306 334/1223/306
f 213/1221/306 334/1223/306 332/1224/306
f 215/1225/307 218/1226/307 217/1227/307
f 215/1225/307 217/1227/307 216/1228/307
f 335/1229/308 336/1230/308 337/1231/308
f 335/1229/308 337/1231/308 338/1232/308
f 215/1233/309 335/1234/309 338/1235/309
f 215/1233/309 338/1235/309 218/1236/309
f 216/1237/310 217/1238/310 337/1239/310
f 216/1237/310 337/1239/310 336/1240/310
f 215/1241/311 216/1242/311 336/1243/311
f 215/1241/311 336/1243/311 335/1244/311
f 218/1245/312 338/1246/312 337/1247/312
f 218/1245/312 337/1247/312 217/1248/312
f 339/1249/313 342/1250/313 341/1251/313
f 339/1249/313 341/1251/313 340/1252/313
f 343/1253/314 344/1254/314 345/1255/314
f 343/1253/314 345/1255/314 346/1256/314
f 339/1257/315 343/1258/315 346/1259/315
f 339/1257/315 346/1259/315 342/1260/315
f 340/1261/316 341/1262/316 345/1263/316
f 340/1261/316 345/1263/316 344/1264/316
f 339/1265/317 340/1266/317 344/1267/317
f 339/1265/317 344/1267/317 343/1268/317
f 342/1269/318 346/1270/318 345/1271/318
f 342/1269/318 345/1271/318 341/1272/318
f 347/1273/319 350/1274/319 349/1275/319
f 347/1273/319 349/1275/319 348/1276/319
f 339/1277/320 340/1278/320 351/1279/320
f 339/1277/320 351/1279/320 352/1280/320
f 347/1281/321 339/1282/321 352/1283/321
f 347/1281/321 352/1283/321 350/1284/321
f 348/1285/322 349/1286/322 351/1287/322
f 348/1285/322 351/1287/322 340/1288/322
f 347/1289/323 348/1290/323 340/1291/323
f 347/1289/323 340/1291/323 339/1292/323
f 350/1293/324 352/1294/324 351/1295/324
f 350/1293/324 351/1295/324 349/1296/324
f 353/1297/325 356/1298/325 355/1299/325
f 353/1297/325 355/1299/325 354/1300/325
f 347/1301/326 348/1302/326 357/1303/326
f 347/1301/326 357/1303/326 358/1304/326
f 353/1305/327 347/1306/327 358/1307/327
f 353/1305/327 358/1307/327 356/1308/327
f 354/1309/328 355/1310/328 357/1311/328
f 354/1309/328 357/1311/328 348/1312/328
f 353/1313/329 354/1314/329 348/1315/329
f 353/1313/329 348/1315/329 347/1316/329
f 356/1317/330 358/1318/330 357/1319/330
f 356/1317/330 357/1319/330 355/1320/330
f 359/1321/331 362/1322/331 361/1323/331
f 359/1321/331 361/1323/331 360/1324/331
f 353/1325/332 354/1326/332 363/1327/332
f 353/1325/332 363/1327/332 364/1328/332
f 359/1329/333 353/1330/333 364/1331/333
f 359/1329/333 364/1331/333 362/1332/333
f 360/1333/334 361/1334/334 363/1335/334
f 360/1333/334 363/1335/334 354/1336/334
f 359/1337/335 360/1338/335 354/1339/335
f 359/1337/335 354/1339/335 353/1340/335
f 362/1341/336 364/1342/336 363/1343/336
f 362/1341/336 363/1343/336 361/1344/336
f 365/1345/337 368/1346/337 367/1347/337
f 365/1345/337 367/1347/337 366/1348/337
f 359/1349/338 360/1350/338 369/1351/338
f 359/1349/338 369/1351/338 370/1352/338
f 365/1353/339 359/1354/339 370/1355/339
f 365/1353/339 370/1355/339 368/1356/339
f 366/1357/340 367/1358/340 369/1359/340
f 366/1357/340 369/1359/340 360/1360/340
f 365/1361/341 366/1362/341 360/1363/341
f 365/1361/341 360/1363/341 359/1364/341
f 368/1365/342 370/1366/342 369/1367/342
f 368/1365/342 369/1367/342 367/1368/342
f 371/1369/343 374/1370/343 373/1371/343
f 371/1369/343 373/1371/343 372/1372/343
f 365/1373/344 366/1374/344 375/1375/344
f 365/1373/344 375/1375/344 376/1376/344
f 371/1377/345 365/1378/345 376/1379/345
f 371/1377/345 376/1379/345 374/1380/345
f 372/1381/346 373/1382/346 375/1383/346
f 372/1381/346 375/1383/346 366/1384/346
f 371/1385/347 372/1386/347 366/1387/347
f 371/1385/347 366/1387/347 365/1388/347
f 374/1389/348 376/1390/348 375/1391/348
f 374/1389/348 375/1391/348 373/1392/348
f 377/1393/349 380/1394/349 379/1395/349
f 377/1393/349 379/1395/349 378/1396/349
f 371/1397/350 372/1398/350 381/1399/350
f 371/1397/350 381/1399/350 382/1400/350
f 377/1401/351 371/1402/351 382/1403/351
f 377/1401/351 382/1403/351 380/1404/351
f 378/1405/352 379/1406/352 381/1407/352
f 378/1405/352 381/1407/352 372/1408/352
f 377/1409/353 378/1410/353 372/1411/353
f 377/1409/353 372/1411/353 371/1412/353
f 380/1413/354 382/1414/354 381/1415/354
f 380/1413/354 381/1415/354 379/1416/354
f 383/1417/355 386/1418/355 385/1419/355
f 383/1417/355 385/1419/355 384/1420/355
f 377/1421/356 378/1422/356 387/1423/356
f 377/1421/356 387/1423/356 388/1424/356
f 383/1425/357 377/1426/357 388/1427/357
f 383/1425/357 388/1427/357 386/1428/357
f 384/1429/358 385/1430/358 387/1431/358
f 384/1429/358 387/1431/358 378/1432/358
f 383/1433/359 384/1434/359 378/1435/359
f 383/1433/359 378/1435/359 377/1436/359
f 386/1437/360 388/1438/360 387/1439/360
f 386/1437/360 387/1439/360 385/1440/360
f 389/1441/361 392/1442/361 391/1443/361
f 389/1441/361 391/1443/361 390/1444/361
f 383/1445/362 384/1446/362 393/1447/362
f 383/1445/362 393/1447/362 394/1448/362
f 389/1449/363 383/1450/363 394/1451/363
f 389/1449/363 394/1451/363 392/1452/363
f 390/1453/364 391/1454/364 393/1455/364
f 390/1453/364 393/1455/364 384/1456/364
f 389/1457/365 390/1458/365 384/1459/365
f 389/1457/365 384/1459/365 383/1460/365
f 392/1461/366 394/1462/366 393/1463/366
f 392/1461/366 393/1463/366 391/1464/366
f 395/1465/367 398/1466/367 397/1467/367
f 395/1465/367 397/1467/367 396/1468/367
f 389/1469/368 390/1470/368 399/1471/368
f 389/1469/368 399/1471/368 400/1472/368
f 395/1473/369 389/1474/369 400/1475/369
f 395/1473/369 400/1475/369 398/1476/369
f 396/1477/370 397/1478/370 399/1479/370
f 396/1477/370 399/1479/370 390/1480/370
f 395/1481/371 396/1482/371 390/1483/371
f 395/1481/371 390/1483/371 389/1484/371
f 398/1485/372 400/1486/372 399/1487/372
f 398/1485/372 399/1487/372 397/1488/372
f 401/1489/373 395/1490/373 403/1491/373
f 401/1489/373 403/1491/373 402/1492/373
f 404/1493/374 405/1494/374 406/1495/374
f 404/1493/374 406/1495/374 407/1496/374
f 401/1497/375 404/1498/375 407/1499/375
f 401/1497/375 407/1499/375 395/1500/375
f 402/1501/376 403/1502/376 406/1503/376
f 402/1501/376 406/1503/376 405/1504/376
f 401/1505/377 402/1506/377 405/1507/377
f 401/1505/377 405/1507/377 404/1508/377
f 395/1509/378 407/1510/378 406/1511/378
f 395/1509/378 406/1511/378 403/1512/378
f 408/1513/379 411/1514/379 410/1515/379
f 408/1513/379 410/1515/379 409/1516/379
f 412/1517/380 413/1518/380 414/1519/380
f 412/1517/380 414/1519/380 415/1520/380
f 408/1521/381 412/1522/381 415/1523/381
f 408/1521/381 415/1523/381 411/1524/381
f 409/1525/382 410/1526/382 414/1527/382
f 409/1525/382 414/1527/382 413/1528/382
f 408/1529/383 409/1530/383 413/1531/383
f 408/1529/383 413/1531/383 412/1532/383
f 411/1533/384 415/1534/384 414/1535/384
f 411/1533/384 414/1535/384 410/1536/384
f 416/1537/385 419/1538/385 418/1539/385
f 416/1537/385 418/1539/385 417/1540/385
f 420/1541/386 421/1542/386 422/1543/386
f 420/1541/386 422/1543/386 423/1544/386
f 416/1545/387 420/1546/387 423/1547/387
f 416/1545/387 423/1547/387 419/1548/387
f 417/1549/388 418/1550/388 422/1551/388
f 417/1549/388 422/1551/388 421/1552/388
f 416/1553/389 417/1554/389 421/1555/389
f 416/1553/389 421/1555/389 420/1556/389
f 419/1557/390 423/1558/390 422/1559/390
f 419/1557/390 422/1559/390 418/1560/390
f 424/1561/391 427/1562/391 426/1563/391
f 424/1561/391 426/1563/391 425/1564/391
f 428/1565/392 429/1566/392 430/1567/392
f 428/1565/392 430/1567/392 431/1568/392
f 424/1569/393 428/1570/393 431/1571/393
f 424/1569/393 431/1571/393 427/1572/393
f 425/1573/394 426/1574/394 430/1575/394
f 425/1573/394 430/1575/394 429/1576/394
f 424/1577/395 425/1578/395 429/1579/395
f 424/1577/395 429/1579/395 428/1580/395
f 427/1581/396 431/1582/396 430/1583/396
f 427/1581/396 430/1583/396 426/1584/396
f 432/1585/397 435/1586/397 434/1587/397
f 432/1585/397 434/1587/397 433/1588/397
f 436/1589/398 437/1590/398 438/1591/398
f 436/1589/398 438/1591/398 439/1592/398
f 432/1593/399 436/1594/399 439/1595/399
f 432/1593/399 439/1595/399 435/1596/399
f 433/1597/400 434/1598/400 438/1599/400
f 433/1597/400 438/1599/400 437/1600/400
f 432/1601/401 433/1602/401 437/1603/401
f 432/1601/401 437/1603/401 436/1604/401
f 435/1605/402 439/1606/402 438/1607/402
f 435/1605/402 438/1607/402 434/1608/402
f 440/1609/403 443/1610/403 442/1611/403
f 440/1609/403 442/1611/403 441/1612/403
f 444/1613/404 445/1614/404 446/1615/404
f 444/1613/404 446/1615/404 447/1616/404
f 440/1617/405 444/1618/405 447/1619/405
f 440/1617/405 447/1619/405 443/1620/405
f 441/1621/406 442/1622/406 446/1623/406
f 441/1621/406 446/1623/406 445/1624/406
f 440/1625/407 441/1626/407 445/1627/407
f 440/1625/407 445/1627/407 444/1628/407
f 443/1629/408 447/1630/408 446/1631/408
f 443/1629/408 446/1631/408 442/1632/408
f 448/1633/409 451/1634/409 450/1635/409
f 448/1633/409 450/1635/409 449/1636/409
f 452/1637/410 453/1638/410 454/1639/410
f 452/1637/410 454/1639/410 455/1640/410
f 448/1641/411 452/1642/411 455/1643/411
f 448/1641/411 455/1643/411 451/1644/411
f 449/1645/412 450/1646/412 454/1647/412
f 449/1645/412 454/1647/412 453/1648/412
f 448/1649/413 449/1650/413 453/1651/413
f 448/1649/413 453/1651/413 452/1652/413
f 451/1653/414 455/1654/414 454/1655/414
f 451/1653/414 454/1655/414 450/1656/414
f 456/1657/415 459/1658/415 458/1659/415
f 456/1657/415 458/1659/415 457/1660/415
f 460/1661/416 461/1662/416 462/1663/416
f 460/1661/416 462/1663/416 463/1664/416
f 456/1665/417 460/1666/417 463/1667/417
f 456/1665/417 463/1667/417 459/1668/417
f 457/1669/418 458/1670/418 462/1671/418
f 457/1669/418 462/1671/418 461/1672/418
f 456/1673/419 457/1674/419 461/1675/419
f 456/1673/419 461/1675/419 460/1676/419
f 459/1677/420 463/1678/420 462/1679/420
f 459/1677/420 462/1679/420 458/1680/420
f 424/1681/421 427/1682/421 426/1683/421
f 424/1681/421 426/1683/421 425/1684/421
f 428/1685/422 429/1686/422 430/1687/422
f 428/1685/422 430/1687/422 431/1688/422
f 424/1689/423 428/1690/423 431/1691/423
f 424/1689/423 431/1691/423 427/1692/423
f 425/1693/424 426/1694/424 430/1695/424
f 425/1693/424 430/1695/424 429/1696/424
f 424/1697/425 425/1698/425 429/1699/425
f 424/1697/425 429/1699/425 428/1700/425
f 427/1701/426 431/1702/426 430/1703/426
f 427/1701/426 430/1703/426 426/1704/426
f 464/1705/427 467/1706/427 466/1707/427
f 464/1705/427 466/1707/427 465/1708/427
f 468/1709/428 437/1710/428 438/1711/428
f 468/1709/428 438/1711/428 469/1712/428
f 464/1713/429 468/1714/429 469/1715/429
f 464/1713/429 469/1715/429 467/1716/429
f 465/1717/430 466/1718/430 438/1719/430
f 465/1717/430 438/1719/430 437/1720/430
f 464/1721/431 465/1722/431 437/1723/431
f 464/1721/431 437/1723/431 468/1724/431
f 467/1725/432 469/1726/432 438/1727/432
f 467/1725/432 438/1727/432 466/1728/432
f 470/1729/433 473/1730/433 472/1731/433
f 470/1729/433 472/1731/433 471/1732/433
f 474/1733/434 445/1734/434 446/1735/434
f 474/1733/434 446/1735/434 475/1736/434
f 470/1737/435 474/1738/435 475/1739/435
f 470/1737/435 475/1739/435 473/1740/435
f 471/1741/436 472/1742/436 446/1743/436
f 471/1741/436 446/1743/436 445/1744/436
f 470/1745/437 471/1746/437 445/1747/437
f 470/1745/437 445/1747/437 474/1748/437
f 473/1749/438 475/1750/438 446/1751/438
f 473/1749/438 446/1751/438 472/1752/438
f 476/1753/439 479/1754/439 478/1755/439
f 476/1753/439 478/1755/439 477/1756/439
f 480/1757/440 481/1758/440 482/1759/440
f 480/1757/440 482/1759/440 483/1760/440
f 476/1761/441 480/1762/441 483/1763/441
f 476/1761/441 483/1763/441 479/1764/441
f 477/1765/442 478/1766/442 482/1767/442
f 477/1765/442 482/1767/442 481/1768/442
f 476/1769/443 477/1770/443 481/1771/443
f 476/1769/443 481/1771/443 480/1772/443
f 479/1773/444 483/1774/444 482/1775/444
f 479/1773/444 482/1775/444 478/1776/444
f 484/1777/445 487/1778/445 486/1779/445
f 484/1777/445 486/1779/445 485/1780/445
f 488/1781/446 489/1782/446 490/1783/446
f 488/1781/446 490/1783/446 491/1784/446
f 484/1785/447 488/1786/447 491/1787/447
f 484/1785/447 491/1787/447 487/1788/447
f 485/1789/448 486/1790/448 490/1791/448
f 485/1789/448 490/1791/448 489/1792/448
f 484/1793/449 485/1794/449 489/1795/449
f 484/1793/449 489/1795/449 488/1796/449
f 487/1797/450 491/1798/450 490/1799/450
f 487/1797/450 490/1799/450 486/1800/450
f 492/1801/451 495/1802/451 494/1803/451
f 492/1801/451 494/1803/451 493/1804/451
f 496/1805/452 497/1806/452 498/1807/452
f 496/1805/452 498/1807/452 499/1808/452
f 492/1809/453 496/1810/453 499/1811/453
f 492/1809/453 499/1811/453 495/1812/453
f 493/1813/454 494/1814/454 498/1815/454
f 493/1813/454 498/1815/454 497/1816/454
f 492/1817/455 493/1818/455 497/1819/455
f 492/1817/455 497/1819/455 496/1820/455
f 495/1821/456 499/1822/456 498/1823/456
f 495/1821/456 498/1823/456 494/1824/456
f 500/1825/457 503/1826/457 502/1827/457
f 500/1825/457 502/1827/457 501/1828/457
f 504/1829/458 505/1830/458 506/1831/458
f 504/1829/458 506/1831/458 507/1832/458
f 500/1833/459 504/1834/459 507/1835/459
f 500/1833/459 507/1835/459 503/1836/459
f 501/1837/460 502/1838/460 506/1839/460
f 501/1837/460 506/1839/460 505/1840/460
f 500/1841/461 501/1842/461 505/1843/461
f 500/1841/461 505/1843/461 504/1844/461
f 503/1845/462 507/1846/462 506/1847/462
f 503/1845/462 506/1847/462 502/1848/462
f 508/1849/463 511/1850/463 510/1851/463
f 508/1849/463 510/1851/463 509/1852/463
f 512/1853/464 513/1854/464 514/1855/464
f 512/1853/464 514/1855/464 515/1856/464
f 508/1857/465 512/1858/465 515/1859/465
f 508/1857/465 515/1859/465 511/1860/465
f 509/1861/466 510/1862/466 514/1863/466
f 509/1861/466 514/1863/466 513/1864/466
f 508/1865/467 509/1866/467 513/1867/467
f 508/1865/467 513/1867/467 512/1868/467
f 511/1869/468 515/1870/468 514/1871/468
f 511/1869/468 514/1871/468 510/1872/468
f 516/1873/469 519/1874/469 518/1875/469
f 516/1873/469 518/1875/469 517/1876/469
f 520/1877/470 521/1878/470 522/1879/470
f 520/1877/470 522/1879/470 523/1880/470
f 516/1881/471 520/1882/471 523/1883/471
f 516/1881/471 523/1883/471 519/1884/471
f 517/1885/472 518/1886/472 522/1887/472
f 517/1885/472 522/1887/472 521/1888/472
f 516/1889/473 517/1890/473 521/1891/473
f 516/1889/473 521/1891/473 520/1892/473
f 519/1893/474 523/1894/474 522/1895/474
f 519/1893/474 522/1895/474 518/1896/474
f 524/1897/475 527/1898/475 526/1899/475
f 524/1897/475 526/1899/475 525/1900/475
f 528/1901/476 529/1902/476 530/1903/476
f 528/1901/476 530/1903/476 531/1904/476
f 524/1905/477 528/1906/477 531/1907/477
f 524/1905/477 531/1907/477 527/1908/477
f 525/1909/478 526/1910/478 530/1911/478
f 525/1909/478 530/1911/478 529/1912/478
f 524/1913/479 525/1914/479 529/1915/479
f 524/1913/479 529/1915/479 528/1916/479
f 527/1917/480 531/1918/480 530/1919/480
f 527/1917/480 530/1919/480 526/1920/480
f 532/1921/481 535/1922/481 534/1923/481
f 532/1921/481 534/1923/481 533/1924/481
f 536/1925/482 537/1926/482 538/1927/482
f 536/1925/482 538/1927/482 539/1928/482
f 532/1929/483 536/1930/483 539/1931/483
f 532/1929/483 539/1931/483 535/1932/483
f 533/1933/484 534/1934/484 538/1935/484
f 533/1933/484 538/1935/484 537/1936/484
f 532/1937/485 533/1938/485 537/1939/485
f 532/1937/485 537/1939/485 536/1940/485
f 535/1941/486 539/1942/486 538/1943/486
f 535/1941/486 538/1943/486 534/1944/486
f 540/1945/487 543/1946/487 542/1947/487
f 540/1945/487 542/1947/487 541/1948/487
f 544/1949/488 545/1950/488 546/1951/488
f 544/1949/488 546/1951/488 547/1952/488
f 540/1953/489 544/1954/489 547/1955/489
f 540/1953/489 547/1955/489 543/1956/489
f 541/1957/490 542/1958/490 546/1959/490
f 541/1957/490 546/1959/490 545/1960/490
f 540/1961/491 541/1962/491 545/1963/491
f 540/1961/491 545/1963/491 544/1964/491
f 543/1965/492 547/1966/492 546/1967/492
f 543/1965/492 546/1967/492 542/1968/492
f 548/1969/493 551/1970/493 550/1971/493
f 548/1969/493 550/1971/493 549/1972/493
f 552/1973/494 553/1974/494 554/1975/494
f 552/1973/494 554/1975/494 555/1976/494
f 548/1977/495 552/1978/495 555/1979/495
f 548/1977/495 555/1979/495 551/1980/495
f 549/1981/496 550/1982/496 554/1983/496
f 549/1981/496 554/1983/496 553/1984/496
f 548/1985/497 549/1986/497 553/1987/497
f 548/1985/497 553/1987/497 552/1988/497
f 551/1989/498 555/1990/498 554/1991/498
f 551/1989/498 554/1991/498 550/1992/498
f 556/1993/499 559/1994/499 558/1995/499
f 556/1993/499 558/1995/499 557/1996/499
f 560/1997/500 561/1998/500 562/1999/500
f 560/1997/500 562/1999/500 563/2000/500
f 556/2001/501 560/2002/501 563/2003/501
f 556/2001/501 563/2003/501 559/2004/501
f 557/2005/502 558/2006/502 562/2007/502
f 557/2005/502 562/2007/502 561/2008/502
f 556/2009/503 557/2010/503 561/2011/503
f 556/2009/503 561/2011/503 560/2012/503
f 559/2013/504 563/2014/504 562/2015/504
f 559/2013/504 562/2015/504 558/2016/504
f 564/2017/505 567/2018/505 566/2019/505
f 564/2017/505 566/2019/505 565/2020/505
f 568/2021/506 569/2022/506 570/2023/506
f 568/2021/506 570/2023/506 571/2024/506
f 564/2025/507 568/2026/507 571/2027/507
f 564/2025/507 571/2027/507 567/2028/507
f 565/2029/508 566/2030/508 570/2031/508
f 565/2029/508 570/2031/508 569/2032/508
f 564/2033/509 565/2034/509 569/2035/509
f 564/2033/509 569/2035/509 568/2036/509
f 567/2037/510 571/2038/510 570/2039/510
f 567/2037/510 570/2039/510 566/2040/510
f 516/2041/511 519/2042/511 518/2043/511
f 516/2041/511 518/2043/511 517/2044/511
f 520/2045/512 521/2046/512 522/2047/512
f 520/2045/512 522/2047/512 523/2048/512
f 516/2049/513 520/2050/513 523/2051/513
f 516/2049/513 523/2051/513 519/2052/513
f 517/2053/514 518/2054/514 522/2055/514
f 517/2053/514 522/2055/514 521/2056/514
f 516/2057/515 517/2058/515 521/2059/515
f 516/2057/515 521/2059/515 520/2060/515
f 519/2061/516 523/2062/516 522/2063/516
f 519/2061/516 522/2063/516 518/2064/516
f 572/2065/517 573/2066/517 542/2067/517
f 572/2065/517 542/2067/517 541/2068/517
f 574/2069/518 575/2070/518 576/2071/518
f 574/2069/518 576/2071/518 577/2072/518
f 572/2073/519 574/2074/519 577/2075/519
f 572/2073/519 577/2075/519 573/2076/519
f 541/2077/520 542/2078/520 576/2079/520
f 541/2077/520 576/2079/520 575/2080/520
f 572/2081/521 541/2082/521 575/2083/521
f 572/2081/521 575/2083/521 574/2084/521
f 573/2085/522 577/2086/522 576/2087/522
f 573/2085/522 576/2087/522 542/2088/522
f 578/2089/523 579/2090/523 550/2091/523
f 578/2089/523 550/2091/523 549/2092/523
f 580/2093/524 581/2094/524 582/2095/524
f 580/2093/524 582/2095/524 583/2096/524
f 578/2097/525 580/2098/525 583/2099/525
f 578/2097/525 583/2099/525 579/2100/525
f 549/2101/526 550/2102/526 582/2103/526
f 549/2101/526 582/2103/526 581/2104/526
f 578/2105/527 549/2106/527 581/2107/527
f 578/2105/527 581/2107/527 580/2108/527
f 579/2109/528 583/2110/528 582/2111/528
f 579/2109/528 582/2111/528 550/2112/528
