mtllib TorusDistrict_ShopsA.mtl
o TorusDistrict_ShopsA
usemtl TorusDistrictBuildings
s off
v -15.95696092 0.57196128 -3.75000000
v -15.95481304 0.60188429 -3.75000000
v -14.95918789 0.53265873 -3.75000000
v -14.96120174 0.50272640 -3.75000000
v -15.95696092 0.57196128 3.75000000
v -14.96120174 0.50272640 3.75000000
v -14.95918789 0.53265873 3.75000000
v -15.95481304 0.60188429 3.75000000
v -13.96326269 0.46789283 -3.75000000
v -13.96514246 0.43795178 -3.75000000
v -13.96514246 0.43795178 3.75000000
v -13.96326269 0.46789283 3.75000000
v -12.96705742 0.40758790 -3.75000000
v -12.96880308 0.37763873 -3.75000000
v -12.96880308 0.37763873 3.75000000
v -12.96705742 0.40758790 3.75000000
v -11.97059206 0.35174515 -3.75000000
v -11.97220357 0.32178846 -3.75000000
v -11.97220357 0.32178846 3.75000000
v -11.97059206 0.35174515 3.75000000
v -10.97388659 0.30036569 -3.75000000
v -10.97536393 0.27040209 -3.75000000
v -10.97536393 0.27040209 3.75000000
v -10.97388659 0.30036569 3.75000000
v -9.97696102 0.25345056 -3.75000000
v -9.97830415 0.22348064 -3.75000000
v -9.97830415 0.22348064 3.75000000
v -9.97696102 0.25345056 3.75000000
v -8.97983533 0.21100070 -3.75000000
v -8.98104422 0.18102507 -3.75000000
v -8.98104422 0.18102507 3.75000000
v -8.97983533 0.21100070 3.75000000
v -7.98252953 0.17301697 -3.75000000
v -7.98360416 0.14303622 -3.75000000
v -7.98360416 0.14303622 3.75000000
v -7.98252953 0.17301697 3.75000000
v -6.98506362 0.13950011 -3.75000000
v -6.98600397 0.10951485 -3.75000000
v -6.98600397 0.10951485 3.75000000
v -6.98506362 0.13950011 3.75000000
v -5.98745760 0.11045081 -3.75000000
v -5.98826365 0.08046164 -3.75000000
v -5.98826365 0.08046164 3.75000000
v -5.98745760 0.11045081 3.75000000
v -4.98973149 0.08586964 -3.75000000
v -4.99040322 0.05587717 -3.75000000
v -4.99040322 0.05587717 3.75000000
v -4.98973149 0.08586964 3.75000000
v -3.99190530 0.06575711 -3.75000000
v -3.99244270 0.03576192 -3.75000000
v -3.99244270 0.03576192 3.75000000
v -3.99190530 0.06575711 3.75000000
v -2.99399903 0.05011361 -3.75000000
v -2.99440209 0.02011632 -3.75000000
v -2.99440209 0.02011632 3.75000000
v -2.99399903 0.05011361 3.75000000
v -1.99603272 0.03893946 -3.75000000
v -1.99630143 0.00894066 -3.75000000
v -1.99630143 0.00894066 3.75000000
v -1.99603272 0.03893946 3.75000000
v -0.99802637 0.03223488 -3.75000000
v -0.99816073 0.00223518 -3.75000000
v -0.99816073 0.00223518 3.75000000
v -0.99802637 0.03223488 3.75000000
v 0.00000000 0.03000000 -3.75000000
v 0.00000000 0.00000000 -3.75000000
v 0.00000000 0.00000000 3.75000000
v 0.00000000 0.03000000 3.75000000
v 0.99802637 0.03223488 -3.75000000
v 0.99816073 0.00223518 -3.75000000
v 0.99816073 0.00223518 3.75000000
v 0.99802637 0.03223488 3.75000000
v 1.99603272 0.03893946 -3.75000000
v 1.99630143 0.00894066 -3.75000000
v 1.99630143 0.00894066 3.75000000
v 1.99603272 0.03893946 3.75000000
v 2.99399903 0.05011361 -3.75000000
v 2.99440209 0.02011632 -3.75000000
v 2.99440209 0.02011632 3.75000000
v 2.99399903 0.05011361 3.75000000
v 3.99190530 0.06575711 -3.75000000
v 3.99244270 0.03576192 -3.75000000
v 3.99244270 0.03576192 3.75000000
v 3.99190530 0.06575711 3.75000000
v 4.98973149 0.08586964 -3.75000000
v 4.99040322 0.05587717 -3.75000000
v 4.99040322 0.05587717 3.75000000
v 4.98973149 0.08586964 3.75000000
v 5.98745760 0.11045081 -3.75000000
v 5.98826365 0.08046164 -3.75000000
v 5.98826365 0.08046164 3.75000000
v 5.98745760 0.11045081 3.75000000
v 6.98506362 0.13950011 -3.75000000
v 6.98600397 0.10951485 -3.75000000
v 6.98600397 0.10951485 3.75000000
v 6.98506362 0.13950011 3.75000000
v 7.98252953 0.17301697 -3.75000000
v 7.98360416 0.14303622 -3.75000000
v 7.98360416 0.14303622 3.75000000
v 7.98252953 0.17301697 3.75000000
v 8.97983533 0.21100070 -3.75000000
v 8.98104422 0.18102507 -3.75000000
v 8.98104422 0.18102507 3.75000000
v 8.97983533 0.21100070 3.75000000
v 9.97696102 0.25345056 -3.75000000
v 9.97830415 0.22348064 -3.75000000
v 9.97830415 0.22348064 3.75000000
v 9.97696102 0.25345056 3.75000000
v 10.97388659 0.30036569 -3.75000000
v 10.97536393 0.27040209 -3.75000000
v 10.97536393 0.27040209 3.75000000
v 10.97388659 0.30036569 3.75000000
v 11.97059206 0.35174515 -3.75000000
v 11.97220357 0.32178846 -3.75000000
v 11.97220357 0.32178846 3.75000000
v 11.97059206 0.35174515 3.75000000
v 12.96705742 0.40758790 -3.75000000
v 12.96880308 0.37763873 -3.75000000
v 12.96880308 0.37763873 3.75000000
v 12.96705742 0.40758790 3.75000000
v 13.96326269 0.46789283 -3.75000000
v 13.96514246 0.43795178 -3.75000000
v 13.96514246 0.43795178 3.75000000
v 13.96326269 0.46789283 3.75000000
v 14.95918789 0.53265873 -3.75000000
v 14.96120174 0.50272640 -3.75000000
v 14.96120174 0.50272640 3.75000000
v 14.95918789 0.53265873 3.75000000
v 15.95481304 0.60188429 -3.75000000
v 15.95696092 0.57196128 -3.75000000
v 15.95696092 0.57196128 3.75000000
v 15.95481304 0.60188429 3.75000000
v -15.88751279 1.53947198 -3.75000000
v -15.85771987 1.53733546 -3.75000000
v -15.92489392 0.59973872 -3.75000000
v -15.95481304 0.60188429 3.35000000
v -15.92489392 0.59973872 3.35000000
v -15.85771987 1.53733546 3.35000000
v -15.88751279 1.53947198 3.35000000
v 15.92489392 0.59973872 -3.75000000
v 15.85771987 1.53733546 -3.75000000
v 15.88751279 1.53947198 -3.75000000
v 15.92489392 0.59973872 3.35000000
v 15.95481304 0.60188429 3.35000000
v 15.88751279 1.53947198 3.35000000
v 15.85771987 1.53733546 3.35000000
v -14.75443031 1.46105326 -3.75000000
v -14.81693076 0.52313338 -3.75000000
v -15.95481304 0.60188429 -3.72000000
v -14.81693076 0.52313338 -3.72000000
v -14.75443031 1.46105326 -3.72000000
v -15.88751279 1.53947198 -3.72000000
v -13.62096128 1.38843508 -3.75000000
v -13.67866032 0.45020759 -3.75000000
v -13.67866032 0.45020759 -3.72000000
v -13.62096128 1.38843508 -3.72000000
v -15.95481304 0.60188429 3.32000000
v -15.94317869 0.76396727 3.32000000
v -14.15481314 0.64283070 3.32000000
v -14.16514246 0.48065933 3.32000000
v -14.16514246 0.48065933 3.35000000
v -14.15481314 0.64283070 3.35000000
v -15.94317869 0.76396727 3.35000000
v -15.94317869 0.76396727 3.32500000
v -15.91633019 1.13800491 3.32500000
v -14.13097627 1.01707234 3.32500000
v -14.15481314 0.64283070 3.32500000
v -14.13097627 1.01707234 3.35000000
v -15.91633019 1.13800491 3.35000000
v -15.91633019 1.13800491 3.32000000
v -15.88751279 1.53947198 3.32000000
v -14.10539136 1.41875836 3.32000000
v -14.13097627 1.01707234 3.32000000
v -14.10539136 1.41875836 3.35000000
v -13.71608437 0.45251226 3.32000000
v -13.65822748 1.39073002 3.32000000
v -13.62096128 1.38843508 3.32000000
v -13.67866032 0.45020759 3.32000000
v -13.71608437 0.45251226 3.35000000
v -13.67866032 0.45020759 3.35000000
v -13.62096128 1.38843508 3.35000000
v -13.65822748 1.39073002 3.35000000
v -14.12779802 1.06697122 3.32000000
v -13.67992381 1.03889836 3.32000000
v -14.12779802 1.06697122 3.35000000
v -13.67992381 1.03889836 3.35000000
v -15.86039969 1.49993133 3.35000000
v -14.75443031 1.46105326 3.35000000
v -14.75692367 1.42363624 3.35000000
v -15.86039969 1.49993133 3.51250000
v -14.75692367 1.42363624 3.51250000
v -14.75443031 1.46105326 3.51250000
v -15.85771987 1.53733546 3.51250000
v -13.65077427 1.39027053 3.35000000
v -13.65308113 1.35284156 3.35000000
v -13.65308113 1.35284156 3.51250000
v -13.65077427 1.39027053 3.51250000
v -12.48713542 1.32161936 -3.75000000
v -12.54003152 0.38310883 -3.75000000
v -12.54003152 0.38310883 -3.72000000
v -12.48713542 1.32161936 -3.72000000
v -11.35298243 1.26060783 -3.75000000
v -11.40107420 0.32183886 -3.75000000
v -11.40107420 0.32183886 -3.72000000
v -11.35298243 1.26060783 -3.72000000
v -13.66868575 0.61240118 3.32000000
v -11.87917388 0.50957770 3.32000000
v -11.88784257 0.34730908 3.32000000
v -11.88784257 0.34730908 3.35000000
v -11.87917388 0.50957770 3.35000000
v -13.66868575 0.61240118 3.35000000
v -13.66868575 0.61240118 3.32500000
v -13.64566752 0.98669406 3.32500000
v -11.85916921 0.88404374 3.32500000
v -11.87917388 0.50957770 3.32500000
v -11.85916921 0.88404374 3.35000000
v -13.64566752 0.98669406 3.35000000
v -13.64566752 0.98669406 3.32000000
v -11.83769753 1.28597062 3.32000000
v -11.85916921 0.88404374 3.32000000
v -11.83769753 1.28597062 3.35000000
v -11.43851988 0.32376031 3.32000000
v -11.39027016 1.26252118 3.32000000
v -11.35298243 1.26060783 3.32000000
v -11.40107420 0.32183886 3.32000000
v -11.43851988 0.32376031 3.35000000
v -11.40107420 0.32183886 3.35000000
v -11.35298243 1.26060783 3.35000000
v -11.39027016 1.26252118 3.35000000
v -11.85650192 0.93397254 3.32000000
v -11.40836381 0.91048585 3.32000000
v -11.85650192 0.93397254 3.35000000
v -11.40836381 0.91048585 3.35000000
v -13.59344484 1.34917405 3.35000000
v -13.59114805 1.38660365 3.35000000
v -12.48713542 1.32161936 3.35000000
v -12.48924564 1.28417878 3.35000000
v -13.59344484 1.34917405 3.51250000
v -12.48924564 1.28417878 3.51250000
v -12.48713542 1.32161936 3.51250000
v -13.59114805 1.38660365 3.51250000
v -11.38281264 1.26213801 3.35000000
v -11.38473624 1.22468737 3.35000000
v -11.38473624 1.22468737 3.51250000
v -11.38281264 1.26213801 3.51250000
v -10.21853201 1.20540211 -3.75000000
v -10.26181819 0.26639928 -3.75000000
v -10.26181819 0.26639928 -3.72000000
v -10.21853201 1.20540211 -3.72000000
v -9.08381389 1.15600363 -3.75000000
v -9.12229335 0.21679155 -3.75000000
v -9.12229335 0.21679155 -3.72000000
v -9.08381389 1.15600363 -3.72000000
v -11.39276046 0.48412605 3.32000000
v -9.60228979 0.39962645 3.32000000
v -9.60929695 0.23727760 3.32000000
v -9.60929695 0.23727760 3.35000000
v -9.60228979 0.39962645 3.35000000
v -11.39276046 0.48412605 3.35000000
v -11.39276046 0.48412605 3.32500000
v -11.37357491 0.85863495 3.32500000
v -9.58611942 0.77427764 3.32500000
v -9.60228979 0.39962645 3.32500000
v -9.58611942 0.77427764 3.35000000
v -11.37357491 0.85863495 3.35000000
v -11.37357491 0.85863495 3.32000000
v -9.56876322 1.17640326 3.32000000
v -9.58611942 0.77427764 3.32000000
v -9.56876322 1.17640326 3.35000000
v -9.15975675 0.21832958 3.32000000
v -9.12111926 1.15753517 3.32000000
v -9.08381389 1.15600363 3.32000000
v -9.12229335 0.21679155 3.32000000
v -9.15975675 0.21832958 3.35000000
v -9.12229335 0.21679155 3.35000000
v -9.08381389 1.15600363 3.35000000
v -9.12111926 1.15753517 3.35000000
v -9.58396337 0.82423114 3.32000000
v -9.13560832 0.80533308 3.32000000
v -9.58396337 0.82423114 3.35000000
v -9.13560832 0.80533308 3.35000000
v -11.32506552 1.22163053 3.35000000
v -11.32315201 1.25908168 3.35000000
v -10.21853201 1.20540211 3.35000000
v -10.22025885 1.16794189 3.35000000
v -11.32506552 1.22163053 3.51250000
v -10.22025885 1.16794189 3.51250000
v -10.21853201 1.20540211 3.51250000
v -11.32315201 1.25908168 3.51250000
v -9.11365821 1.15722836 3.35000000
v -9.11519833 1.11976000 3.35000000
v -9.11519833 1.11976000 3.51250000
v -9.11365821 1.15722836 3.51250000
v -7.94885780 1.11241369 -3.75000000
v -7.98252953 0.17301697 -3.72000000
v -7.94885780 1.11241369 -3.72000000
v -6.81369346 1.07463344 -3.75000000
v -6.84255658 0.13507667 -3.75000000
v -6.84255658 0.13507667 -3.72000000
v -6.81369346 1.07463344 -3.72000000
v -9.11564132 0.37915534 3.32000000
v -7.32439947 0.31298846 3.32000000
v -7.32974437 0.15057639 3.32000000
v -7.32974437 0.15057639 3.35000000
v -7.32439947 0.31298846 3.35000000
v -9.11564132 0.37915534 3.35000000
v -9.11564132 0.37915534 3.32500000
v -9.10029047 0.75384101 3.32500000
v -7.31206510 0.68778556 3.32500000
v -7.32439947 0.31298846 3.32500000
v -7.31206510 0.68778556 3.35000000
v -9.10029047 0.75384101 3.35000000
v -9.10029047 0.75384101 3.32000000
v -7.29882620 1.09006778 3.32000000
v -7.31206510 0.68778556 3.32000000
v -7.29882620 1.09006778 3.35000000
v -6.88003376 0.13623112 3.32000000
v -6.85101255 1.07578302 3.32000000
v -6.81369346 1.07463344 3.32000000
v -6.84255658 0.13507667 3.32000000
v -6.88003376 0.13623112 3.35000000
v -6.84255658 0.13507667 3.35000000
v -6.81369346 1.07463344 3.35000000
v -6.85101255 1.07578302 3.35000000
v -7.31042051 0.73775851 3.32000000
v -6.86189550 0.72345106 3.32000000
v -7.31042051 0.73775851 3.35000000
v -6.86189550 0.72345106 3.35000000
v -9.05549946 1.11731414 3.35000000
v -9.05396941 1.15478292 3.35000000
v -7.94885780 1.11241369 3.35000000
v -7.95020108 1.07493776 3.35000000
v -9.05549946 1.11731414 3.51250000
v -7.95020108 1.07493776 3.51250000
v -7.94885780 1.11241369 3.51250000
v -9.05396941 1.15478292 3.51250000
v -6.84354875 1.07555260 3.35000000
v -6.84470525 1.03807044 3.35000000
v -6.84470525 1.03807044 3.51250000
v -6.84354875 1.07555260 3.51250000
v -5.67835062 1.04266386 -3.75000000
v -5.70240438 0.10297166 -3.75000000
v -5.70240438 0.10297166 -3.72000000
v -5.67835062 1.04266386 -3.72000000
v -4.54285902 1.01650578 -3.75000000
v -4.56210278 0.07670278 -3.75000000
v -4.56210278 0.07670278 -3.72000000
v -4.54285902 1.01650578 -3.72000000
v -6.83756695 0.29750005 3.32000000
v -5.04574163 0.24967283 3.32000000
v -5.04942370 0.08721455 3.32000000
v -5.04942370 0.08721455 3.35000000
v -5.04574163 0.24967283 3.35000000
v -6.83756695 0.29750005 3.35000000
v -6.83756695 0.29750005 3.32500000
v -6.82605240 0.67232323 3.32500000
v -5.03724454 0.62457655 3.32500000
v -5.04574163 0.24967283 3.32500000
v -5.03724454 0.62457655 3.35000000
v -6.82605240 0.67232323 3.35000000
v -6.82605240 0.67232323 3.32000000
v -5.02812433 1.02697321 3.32000000
v -5.03724454 0.62457655 3.32000000
v -5.02812433 1.02697321 3.35000000
v -4.59958981 0.07747354 3.32000000
v -4.58018792 1.01727328 3.32000000
v -4.54285902 1.01650578 3.32000000
v -4.56210278 0.07670278 3.32000000
v -4.59958981 0.07747354 3.35000000
v -4.56210278 0.07670278 3.35000000
v -4.54285902 1.01650578 3.35000000
v -4.58018792 1.01727328 3.35000000
v -5.03611160 0.67456371 3.32000000
v -4.58746363 0.66484838 3.32000000
v -5.03611160 0.67456371 3.35000000
v -4.58746363 0.66484838 3.35000000
v -6.78498446 1.03623582 3.35000000
v -6.78383805 1.07371829 3.35000000
v -5.67835062 1.04266386 3.35000000
v -5.67931021 1.00517614 3.35000000
v -6.78498446 1.03623582 3.51250000
v -5.67931021 1.00517614 3.51250000
v -5.67835062 1.04266386 3.51250000
v -6.78383805 1.07371829 3.51250000
v -4.57272215 1.01711928 3.35000000
v -4.57349490 0.97962724 3.35000000
v -4.57349490 0.97962724 3.51250000
v -4.57272215 1.01711928 3.51250000
v -3.40724840 0.99615990 -3.75000000
v -3.42168167 0.05627072 -3.75000000
v -3.42168167 0.05627072 -3.72000000
v -3.40724840 0.99615990 -3.72000000
v -2.27154853 0.98162675 -3.75000000
v -2.28117091 0.04167600 -3.75000000
v -2.28117091 0.04167600 -3.72000000
v -2.27154853 0.98162675 -3.72000000
v -4.55877607 0.23916873 3.32000000
v -2.76655505 0.20968618 3.32000000
v -2.76857391 0.04719872 3.32000000
v -2.76857391 0.04719872 3.35000000
v -2.76655505 0.20968618 3.35000000
v -4.55877607 0.23916873 3.35000000
v -4.55877607 0.23916873 3.32500000
v -4.55109903 0.61409014 3.32500000
v -2.76189613 0.58465724 3.32500000
v -2.76655505 0.20968618 3.32500000
v -2.76189613 0.58465724 3.35000000
v -4.55109903 0.61409014 3.35000000
v -4.55109903 0.61409014 3.32000000
v -2.75689557 0.98712617 3.32000000
v -2.76189613 0.58465724 3.32000000
v -2.75689557 0.98712617 3.35000000
v -2.31866387 0.04206298 3.32000000
v -2.30888333 0.98201209 3.32000000
v -2.27154853 0.98162675 3.32000000
v -2.28117091 0.04167600 3.32000000
v -2.31866387 0.04206298 3.35000000
v -2.28117091 0.04167600 3.35000000
v -2.27154853 0.98162675 3.35000000
v -2.30888333 0.98201209 3.35000000
v -2.76127495 0.63465338 3.32000000
v -2.31255103 0.62953117 3.32000000
v -2.76127495 0.63465338 3.35000000
v -2.31255103 0.62953117 3.35000000
v -4.51375846 0.97840406 3.35000000
v -4.51299580 1.01589630 3.35000000
v -3.40724840 0.99615990 3.35000000
v -3.40782420 0.95866432 3.35000000
v -4.51375846 0.97840406 3.51250000
v -3.40782420 0.95866432 3.51250000
v -3.40724840 0.99615990 3.51250000
v -4.51299580 1.01589630 3.51250000
v -2.30141637 0.98193452 3.35000000
v -2.30180529 0.94443654 3.35000000
v -2.30180529 0.94443654 3.51250000
v -2.30141637 0.98193452 3.51250000
v -1.13578914 0.97290671 -3.75000000
v -1.14060040 0.03291902 -3.75000000
v -1.14060040 0.03291902 -3.72000000
v -1.13578914 0.97290671 -3.72000000
v 0.00000000 0.97000000 -3.75000000
v 0.00000000 0.03000000 -3.72000000
v 0.00000000 0.97000000 -3.72000000
v -2.27950747 0.20416749 3.32000000
v -0.48707855 0.19303270 3.32000000
v -0.48743399 0.03053309 3.32000000
v -0.48743399 0.03053309 3.35000000
v -0.48707855 0.19303270 3.35000000
v -2.27950747 0.20416749 3.35000000
v -2.27950747 0.20416749 3.32500000
v -2.27566875 0.57914784 3.32500000
v -0.48625831 0.56803180 3.32500000
v -0.48707855 0.19303270 3.32500000
v -0.48625831 0.56803180 3.35000000
v -2.27566875 0.57914784 3.35000000
v -2.27566875 0.57914784 3.32000000
v -0.48537791 0.97053084 3.32000000
v -0.48625831 0.56803180 3.32000000
v -0.48537791 0.97053084 3.35000000
v -0.03749495 0.03000315 3.32000000
v -0.03733679 0.97000314 3.32000000
v 0.00000000 0.97000000 3.32000000
v 0.00000000 0.03000000 3.32000000
v -0.03749495 0.03000315 3.35000000
v 0.00000000 0.03000000 3.35000000
v 0.00000000 0.97000000 3.35000000
v -0.03733679 0.97000314 3.35000000
v -0.48614894 0.61803168 3.32000000
v -0.03739610 0.61750315 3.32000000
v -0.48614894 0.61803168 3.35000000
v -0.03739610 0.61750315 3.35000000
v -2.24205946 0.94382491 3.35000000
v -2.24168064 0.98132300 3.35000000
v -1.13578914 0.97290671 3.35000000
v -1.13598108 0.93540720 3.35000000
v -2.24205946 0.94382491 3.51250000
v -1.13598108 0.93540720 3.51250000
v -1.13578914 0.97290671 3.51250000
v -2.24168064 0.98132300 3.51250000
v -0.02986943 0.97000201 3.35000000
v -0.02987448 0.93250201 3.35000000
v -0.02987448 0.93250201 3.51250000
v -0.02986943 0.97000201 3.51250000
v 1.13578914 0.97290671 -3.75000000
v 1.14060040 0.03291902 -3.75000000
v 1.14060040 0.03291902 -3.72000000
v 1.13578914 0.97290671 -3.72000000
v 2.27154853 0.98162675 -3.75000000
v 2.28117091 0.04167600 -3.75000000
v 2.28117091 0.04167600 -3.72000000
v 2.27154853 0.98162675 -3.72000000
v 0.00000000 0.19250000 3.32000000
v 1.79244898 0.19971414 3.32000000
v 1.79375700 0.03721940 3.32000000
v 1.79375700 0.03721940 3.35000000
v 1.79244898 0.19971414 3.35000000
v 0.00000000 0.19250000 3.35000000
v 0.00000000 0.19250000 3.32500000
v 0.00000000 0.56750000 3.32500000
v 1.78943048 0.57470199 3.32500000
v 1.79244898 0.19971414 3.32500000
v 1.78943048 0.57470199 3.35000000
v 0.00000000 0.56750000 3.35000000
v 0.00000000 0.56750000 3.32000000
v 1.78619062 0.97718895 3.32000000
v 1.78943048 0.57470199 3.32000000
v 1.78619062 0.97718895 3.35000000
v 2.24367789 0.04129534 3.32000000
v 2.23421366 0.98124769 3.32000000
v 2.27154853 0.98162675 3.32000000
v 2.28117091 0.04167600 3.32000000
v 2.24367789 0.04129534 3.35000000
v 2.28117091 0.04167600 3.35000000
v 2.27154853 0.98162675 3.35000000
v 2.23421366 0.98124769 3.35000000
v 1.78902801 0.62470037 3.32000000
v 2.23776275 0.62876556 3.32000000
v 1.78902801 0.62470037 3.35000000
v 2.23776275 0.62876556 3.35000000
v 0.02987448 0.93250201 3.35000000
v 0.02986943 0.97000201 3.35000000
v 1.13578914 0.97290671 3.35000000
v 1.13598108 0.93540720 3.35000000
v 0.02987448 0.93250201 3.51250000
v 1.13598108 0.93540720 3.51250000
v 1.13578914 0.97290671 3.51250000
v 0.02986943 0.97000201 3.51250000
v 2.24168064 0.98132300 3.35000000
v 2.24205946 0.94382491 3.35000000
v 2.24205946 0.94382491 3.51250000
v 2.24168064 0.98132300 3.51250000
v 3.40724840 0.99615990 -3.75000000
v 3.42168167 0.05627072 -3.75000000
v 3.42168167 0.05627072 -3.72000000
v 3.40724840 0.99615990 -3.72000000
v 4.54285902 1.01650578 -3.75000000
v 4.56210278 0.07670278 -3.75000000
v 4.56210278 0.07670278 -3.72000000
v 4.54285902 1.01650578 -3.72000000
v 2.27950747 0.20416749 3.32000000
v 4.07178869 0.22972980 3.32000000
v 4.07476003 0.06725697 3.32000000
v 4.07476003 0.06725697 3.35000000
v 4.07178869 0.22972980 3.35000000
v 2.27950747 0.20416749 3.35000000
v 2.27950747 0.20416749 3.32500000
v 2.27566875 0.57914784 3.32500000
v 4.06493175 0.60466710 3.32500000
v 4.07178869 0.22972980 3.32500000
v 4.06493175 0.60466710 3.35000000
v 2.27566875 0.57914784 3.35000000
v 2.27566875 0.57914784 3.32000000
v 4.05757196 1.00709981 3.32000000
v 4.06493175 0.60466710 3.32000000
v 4.05757196 1.00709981 3.35000000
v 4.52461562 0.07593834 3.32000000
v 4.50552999 1.01574456 3.32000000
v 4.54285902 1.01650578 3.32000000
v 4.56210278 0.07670278 3.32000000
v 4.52461562 0.07593834 3.35000000
v 4.56210278 0.07670278 3.35000000
v 4.54285902 1.01650578 3.35000000
v 4.50552999 1.01574456 3.35000000
v 4.06401749 0.65465874 3.32000000
v 4.51268710 0.66331723 3.32000000
v 4.06401749 0.65465874 3.35000000
v 4.51268710 0.66331723 3.35000000
v 2.30180529 0.94443654 3.35000000
v 2.30141637 0.98193452 3.35000000
v 3.40724840 0.99615990 3.35000000
v 3.40782420 0.95866432 3.35000000
v 2.30180529 0.94443654 3.51250000
v 3.40782420 0.95866432 3.51250000
v 3.40724840 0.99615990 3.51250000
v 2.30141637 0.98193452 3.51250000
v 4.51299580 1.01589630 3.35000000
v 4.51375846 0.97840406 3.35000000
v 4.51375846 0.97840406 3.51250000
v 4.51299580 1.01589630 3.51250000
v 5.67835062 1.04266386 -3.75000000
v 5.70240438 0.10297166 -3.75000000
v 5.70240438 0.10297166 -3.72000000
v 5.67835062 1.04266386 -3.72000000
v 6.81369346 1.07463344 -3.75000000
v 6.84255658 0.13507667 -3.75000000
v 6.84255658 0.13507667 -3.72000000
v 6.81369346 1.07463344 -3.72000000
v 4.55877607 0.23916873 3.32000000
v 6.35070171 0.28307653 3.32000000
v 6.35533606 0.12064263 3.32000000
v 6.35533606 0.12064263 3.35000000
v 6.35070171 0.28307653 3.35000000
v 4.55877607 0.23916873 3.35000000
v 4.55877607 0.23916873 3.32500000
v 4.55109903 0.61409014 3.32500000
v 6.34000705 0.65792400 3.32500000
v 6.35070171 0.28307653 3.32500000
v 6.34000705 0.65792400 3.35000000
v 4.55109903 0.61409014 3.35000000
v 4.55109903 0.61409014 3.32000000
v 6.32852812 1.06026028 3.32000000
v 6.34000705 0.65792400 3.32000000
v 6.32852812 1.06026028 3.35000000
v 6.80507922 0.13392852 3.32000000
v 6.77637418 1.07349014 3.32000000
v 6.81369346 1.07463344 3.32000000
v 6.84255658 0.13507667 3.32000000
v 6.80507922 0.13392852 3.35000000
v 6.84255658 0.13507667 3.35000000
v 6.81369346 1.07463344 3.35000000
v 6.77637418 1.07349014 3.35000000
v 6.33858110 0.70790366 3.32000000
v 6.78713857 0.72115453 3.32000000
v 6.33858110 0.70790366 3.35000000
v 6.78713857 0.72115453 3.35000000
v 4.57349490 0.97962724 3.35000000
v 4.57272215 1.01711928 3.35000000
v 5.67835062 1.04266386 3.35000000
v 5.67931021 1.00517614 3.35000000
v 4.57349490 0.97962724 3.51250000
v 5.67931021 1.00517614 3.51250000
v 5.67835062 1.04266386 3.51250000
v 4.57272215 1.01711928 3.51250000
v 6.78383805 1.07371829 3.35000000
v 6.78498446 1.03623582 3.35000000
v 6.78498446 1.03623582 3.51250000
v 6.78383805 1.07371829 3.51250000
v 7.94885780 1.11241369 -3.75000000
v 7.98252953 0.17301697 -3.72000000
v 7.94885780 1.11241369 -3.72000000
v 9.08381389 1.15600363 -3.75000000
v 9.12229335 0.21679155 -3.75000000
v 9.12229335 0.21679155 -3.72000000
v 9.08381389 1.15600363 -3.72000000
v 6.83756695 0.29750005 3.32000000
v 8.62894924 0.35974874 3.32000000
v 8.63524611 0.19737079 3.32000000
v 8.63524611 0.19737079 3.35000000
v 8.62894924 0.35974874 3.35000000
v 6.83756695 0.29750005 3.35000000
v 6.83756695 0.29750005 3.32500000
v 6.82605240 0.67232323 3.32500000
v 8.61441798 0.73446710 3.32500000
v 8.62894924 0.35974874 3.32500000
v 8.61441798 0.73446710 3.35000000
v 6.82605240 0.67232323 3.35000000
v 6.82605240 0.67232323 3.32000000
v 8.59882110 1.13666479 3.32000000
v 8.61441798 0.73446710 3.32000000
v 8.59882110 1.13666479 3.35000000
v 9.08482970 0.21525983 3.32000000
v 9.04650827 1.15447837 3.32000000
v 9.08381389 1.15600363 3.32000000
v 9.12229335 0.21679155 3.32000000
v 9.08482970 0.21525983 3.35000000
v 9.12229335 0.21679155 3.35000000
v 9.08381389 1.15600363 3.35000000
v 9.04650827 1.15447837 3.35000000
v 8.61248048 0.78442954 3.32000000
v 9.06087881 0.80227141 3.32000000
v 8.61248048 0.78442954 3.35000000
v 9.06087881 0.80227141 3.35000000
v 6.84470525 1.03807044 3.35000000
v 6.84354875 1.07555260 3.35000000
v 7.94885780 1.11241369 3.35000000
v 7.95020108 1.07493776 3.35000000
v 6.84470525 1.03807044 3.51250000
v 7.95020108 1.07493776 3.51250000
v 7.94885780 1.11241369 3.51250000
v 6.84354875 1.07555260 3.51250000
v 9.05396941 1.15478292 3.35000000
v 9.05549946 1.11731414 3.35000000
v 9.05549946 1.11731414 3.51250000
v 9.05396941 1.15478292 3.51250000
v 10.21853201 1.20540211 -3.75000000
v 10.26181819 0.26639928 -3.75000000
v 10.26181819 0.26639928 -3.72000000
v 10.21853201 1.20540211 -3.72000000
v 11.35298243 1.26060783 -3.75000000
v 11.40107420 0.32183886 -3.75000000
v 11.40107420 0.32183886 -3.72000000
v 11.35298243 1.26060783 -3.72000000
v 9.11564132 0.37915534 3.32000000
v 10.90629254 0.45973841 3.32000000
v 10.91425128 0.29743342 3.32000000
v 10.91425128 0.29743342 3.35000000
v 10.90629254 0.45973841 3.35000000
v 9.11564132 0.37915534 3.35000000
v 9.11564132 0.37915534 3.32500000
v 9.10029047 0.75384101 3.32500000
v 10.88792621 0.83428837 3.32500000
v 10.90629254 0.45973841 3.32500000
v 10.88792621 0.83428837 3.35000000
v 9.10029047 0.75384101 3.35000000
v 9.10029047 0.75384101 3.32000000
v 10.86821302 1.23630534 3.32000000
v 10.88792621 0.83428837 3.32000000
v 10.86821302 1.23630534 3.35000000
v 11.36362819 0.31992372 3.32000000
v 11.31569437 1.25870077 3.32000000
v 11.35298243 1.26060783 3.32000000
v 11.40107420 0.32183886 3.32000000
v 11.36362819 0.31992372 3.35000000
v 11.40107420 0.32183886 3.35000000
v 11.35298243 1.26060783 3.35000000
v 11.31569437 1.25870077 3.35000000
v 10.88547736 0.88422837 3.32000000
v 11.33366955 0.90665937 3.32000000
v 10.88547736 0.88422837 3.35000000
v 11.33366955 0.90665937 3.35000000
v 9.11519833 1.11976000 3.35000000
v 9.11365821 1.15722836 3.35000000
v 10.21853201 1.20540211 3.35000000
v 10.22025885 1.16794189 3.35000000
v 9.11519833 1.11976000 3.51250000
v 10.22025885 1.16794189 3.51250000
v 10.21853201 1.20540211 3.51250000
v 9.11365821 1.15722836 3.51250000
v 11.32315201 1.25908168 3.35000000
v 11.32506552 1.22163053 3.35000000
v 11.32506552 1.22163053 3.51250000
v 11.32315201 1.25908168 3.51250000
v 12.48713542 1.32161936 -3.75000000
v 12.54003152 0.38310883 -3.75000000
v 12.54003152 0.38310883 -3.72000000
v 12.48713542 1.32161936 -3.72000000
v 13.62096128 1.38843508 -3.75000000
v 13.67866032 0.45020759 -3.75000000
v 13.67866032 0.45020759 -3.72000000
v 13.62096128 1.38843508 -3.72000000
v 11.39276046 0.48412605 3.32000000
v 13.18249296 0.58303504 3.32000000
v 13.19211273 0.42082003 3.32000000
v 13.19211273 0.42082003 3.35000000
v 13.18249296 0.58303504 3.35000000
v 11.39276046 0.48412605 3.35000000
v 11.39276046 0.48412605 3.32500000
v 11.37357491 0.85863495 3.32500000
v 13.16029348 0.95737737 3.32500000
v 13.18249296 0.58303504 3.32500000
v 13.16029348 0.95737737 3.35000000
v 11.37357491 0.85863495 3.35000000
v 11.37357491 0.85863495 3.32000000
v 13.13646604 1.35917148 3.32000000
v 13.16029348 0.95737737 3.32000000
v 13.13646604 1.35917148 3.35000000
v 13.64123587 0.44790923 3.32000000
v 13.58369470 1.38614641 3.32000000
v 13.62096128 1.38843508 3.32000000
v 13.67866032 0.45020759 3.32000000
v 13.64123587 0.44790923 3.35000000
v 13.67866032 0.45020759 3.35000000
v 13.62096128 1.38843508 3.35000000
v 13.58369470 1.38614641 3.35000000
v 13.15733355 1.00728969 3.32000000
v 13.60527264 1.03430747 3.32000000
v 13.15733355 1.00728969 3.35000000
v 13.60527264 1.03430747 3.35000000
v 11.38473624 1.22468737 3.35000000
v 11.38281264 1.26213801 3.35000000
v 12.48713542 1.32161936 3.35000000
v 12.48924564 1.28417878 3.35000000
v 11.38473624 1.22468737 3.51250000
v 12.48924564 1.28417878 3.51250000
v 12.48713542 1.32161936 3.51250000
v 11.38281264 1.26213801 3.51250000
v 13.59114805 1.38660365 3.35000000
v 13.59344484 1.34917405 3.35000000
v 13.59344484 1.34917405 3.51250000
v 13.59114805 1.38660365 3.51250000
v 14.75443031 1.46105326 -3.75000000
v 14.81693076 0.52313338 -3.75000000
v 14.81693076 0.52313338 -3.72000000
v 14.75443031 1.46105326 -3.72000000
v 15.95481304 0.60188429 -3.72000000
v 15.88751279 1.53947198 -3.72000000
v 13.66868575 0.61240118 3.32000000
v 15.45731198 0.72962572 3.32000000
v 15.46859178 0.56751768 3.32000000
v 15.46859178 0.56751768 3.35000000
v 15.45731198 0.72962572 3.35000000
v 13.66868575 0.61240118 3.35000000
v 13.66868575 0.61240118 3.32500000
v 13.64566752 0.98669406 3.32500000
v 15.43128169 1.10372120 3.32500000
v 15.45731198 0.72962572 3.32500000
v 15.43128169 1.10372120 3.35000000
v 13.64566752 0.98669406 3.35000000
v 13.64566752 0.98669406 3.32000000
v 15.40334250 1.50525034 3.32000000
v 15.43128169 1.10372120 3.32000000
v 15.40334250 1.50525034 3.35000000
v 15.91741409 0.59920295 3.32000000
v 15.85027159 1.53680195 3.32000000
v 15.88751279 1.53947198 3.32000000
v 15.95481304 0.60188429 3.32000000
v 15.91741409 0.59920295 3.35000000
v 15.85027159 1.53680195 3.35000000
v 15.42781098 1.15360059 3.32000000
v 15.87545003 1.18520233 3.32000000
v 15.42781098 1.15360059 3.35000000
v 15.87545003 1.18520233 3.35000000
v 13.65308113 1.35284156 3.35000000
v 13.65077427 1.39027053 3.35000000
v 14.75443031 1.46105326 3.35000000
v 14.75692367 1.42363624 3.35000000
v 13.65308113 1.35284156 3.51250000
v 14.75692367 1.42363624 3.51250000
v 14.75443031 1.46105326 3.51250000
v 13.65077427 1.39027053 3.51250000
v 15.86039969 1.49993133 3.35000000
v 15.86039969 1.49993133 3.51250000
v 15.85771987 1.53733546 3.51250000
v -15.88536491 1.56939500 -3.75000000
v -14.93364879 1.50313693 -3.75000000
v -14.93566798 1.47320496 -3.75000000
v -15.88751279 1.53947198 3.75000000
v -14.93566798 1.47320496 3.75000000
v -14.93364879 1.50313693 3.75000000
v -15.88536491 1.56939500 3.75000000
v -13.98165656 1.44097166 -3.75000000
v -13.98354704 1.41103129 -3.75000000
v -13.98354704 1.41103129 3.75000000
v -13.98165656 1.44097166 3.75000000
v -13.02940584 1.38290035 -3.75000000
v -13.03116756 1.35295212 -3.75000000
v -13.03116756 1.35295212 3.75000000
v -13.02940584 1.38290035 3.75000000
v -12.07691423 1.32892405 -3.75000000
v -12.07854716 1.29896853 -3.75000000
v -12.07854716 1.29896853 3.75000000
v -12.07691423 1.32892405 3.75000000
v -11.12419933 1.27904378 -3.75000000
v -11.12570345 1.24908151 -3.75000000
v -11.12570345 1.24908151 3.75000000
v -11.12419933 1.27904378 3.75000000
v -10.17127877 1.23326044 -3.75000000
v -10.17265404 1.20329198 -3.75000000
v -10.17265404 1.20329198 3.75000000
v -10.17127877 1.23326044 3.75000000
v -9.21817015 1.19157490 -3.75000000
v -9.21941655 1.16160080 -3.75000000
v -9.21941655 1.16160080 3.75000000
v -9.21817015 1.19157490 3.75000000
v -8.26489111 1.15398792 -3.75000000
v -8.26600861 1.12400874 -3.75000000
v -8.26600861 1.12400874 3.75000000
v -8.26489111 1.15398792 3.75000000
v -7.31145926 1.12050018 -3.75000000
v -7.31244785 1.09051648 -3.75000000
v -7.31244785 1.09051648 3.75000000
v -7.31145926 1.12050018 3.75000000
v -6.35789224 1.09111233 -3.75000000
v -6.35875190 1.06112465 -3.75000000
v -6.35875190 1.06112465 3.75000000
v -6.35789224 1.09111233 3.75000000
v -5.40420767 1.06582489 -3.75000000
v -5.40493838 1.03583379 -3.75000000
v -5.40493838 1.03583379 3.75000000
v -5.40420767 1.06582489 3.75000000
v -4.45042318 1.04463833 -3.75000000
v -4.45102493 1.01464437 -3.75000000
v -4.45102493 1.01464437 3.75000000
v -4.45042318 1.04463833 3.75000000
v -3.49655641 1.02755305 -3.75000000
v -3.49702919 0.99755678 -3.75000000
v -3.49702919 0.99755678 3.75000000
v -3.49655641 1.02755305 3.75000000
v -2.54262500 1.01456936 -3.75000000
v -2.54296879 0.98457133 -3.75000000
v -2.54296879 0.98457133 3.75000000
v -2.54262500 1.01456936 3.75000000
v -1.58864658 1.00568750 -3.75000000
v -1.58886138 0.97568827 -3.75000000
v -1.58886138 0.97568827 3.75000000
v -1.58864658 1.00568750 3.75000000
v -0.63463879 1.00090764 -3.75000000
v -0.63472460 0.97090777 -3.75000000
v -0.63472460 0.97090777 3.75000000
v -0.63463879 1.00090764 3.75000000
v 0.63472460 0.97090777 -3.75000000
v 0.63463879 1.00090764 -3.75000000
v 1.58864658 1.00568750 -3.75000000
v 1.58886138 0.97568827 -3.75000000
v 0.63472460 0.97090777 3.75000000
v 1.58886138 0.97568827 3.75000000
v 1.58864658 1.00568750 3.75000000
v 0.63463879 1.00090764 3.75000000
v 2.54262500 1.01456936 -3.75000000
v 2.54296879 0.98457133 -3.75000000
v 2.54296879 0.98457133 3.75000000
v 2.54262500 1.01456936 3.75000000
v 3.49655641 1.02755305 -3.75000000
v 3.49702919 0.99755678 -3.75000000
v 3.49702919 0.99755678 3.75000000
v 3.49655641 1.02755305 3.75000000
v 4.45042318 1.04463833 -3.75000000
v 4.45102493 1.01464437 -3.75000000
v 4.45102493 1.01464437 3.75000000
v 4.45042318 1.04463833 3.75000000
v 5.40420767 1.06582489 -3.75000000
v 5.40493838 1.03583379 -3.75000000
v 5.40493838 1.03583379 3.75000000
v 5.40420767 1.06582489 3.75000000
v 6.35789224 1.09111233 -3.75000000
v 6.35875190 1.06112465 -3.75000000
v 6.35875190 1.06112465 3.75000000
v 6.35789224 1.09111233 3.75000000
v 7.31145926 1.12050018 -3.75000000
v 7.31244785 1.09051648 -3.75000000
v 7.31244785 1.09051648 3.75000000
v 7.31145926 1.12050018 3.75000000
v 8.26489111 1.15398792 -3.75000000
v 8.26600861 1.12400874 -3.75000000
v 8.26600861 1.12400874 3.75000000
v 8.26489111 1.15398792 3.75000000
v 9.21817015 1.19157490 -3.75000000
v 9.21941655 1.16160080 -3.75000000
v 9.21941655 1.16160080 3.75000000
v 9.21817015 1.19157490 3.75000000
v 10.17127877 1.23326044 -3.75000000
v 10.17265404 1.20329198 -3.75000000
v 10.17265404 1.20329198 3.75000000
v 10.17127877 1.23326044 3.75000000
v 11.12419933 1.27904378 -3.75000000
v 11.12570345 1.24908151 -3.75000000
v 11.12570345 1.24908151 3.75000000
v 11.12419933 1.27904378 3.75000000
v 12.07691423 1.32892405 -3.75000000
v 12.07854716 1.29896853 -3.75000000
v 12.07854716 1.29896853 3.75000000
v 12.07691423 1.32892405 3.75000000
v 13.02940584 1.38290035 -3.75000000
v 13.03116756 1.35295212 -3.75000000
v 13.03116756 1.35295212 3.75000000
v 13.02940584 1.38290035 3.75000000
v 13.98165656 1.44097166 -3.75000000
v 13.98354704 1.41103129 -3.75000000
v 13.98354704 1.41103129 3.75000000
v 13.98165656 1.44097166 3.75000000
v 14.93364879 1.50313693 -3.75000000
v 14.93566798 1.47320496 -3.75000000
v 14.93566798 1.47320496 3.75000000
v 14.93364879 1.50313693 3.75000000
v 15.88536491 1.56939500 -3.75000000
v 15.88751279 1.53947198 3.75000000
v 15.88536491 1.56939500 3.75000000
v 0.00000000 1.00000000 -3.75000000
v -0.63472460 0.97090777 -3.62500000
v 0.00000000 0.97000000 -3.62500000
v 0.00000000 1.00000000 -3.62500000
v -0.63463879 1.00090764 -3.62500000
v 0.63472460 0.97090777 -3.62500000
v 0.63463879 1.00090764 -3.62500000
v -0.63472460 0.97090777 -3.22500000
v -0.63463879 1.00090764 -3.22500000
v 0.00000000 1.00000000 -3.22500000
v 0.00000000 0.97000000 -3.22500000
v 0.00000000 0.97000000 3.75000000
v 0.00000000 1.00000000 3.75000000
v 0.63463879 1.00090764 -3.22500000
v 0.63472460 0.97090777 -3.22500000
v -0.63728665 0.07519715 -3.62500000
v -0.63721514 0.10019704 -3.62500000
v -0.54618460 0.09995526 -3.62500000
v -0.54624590 0.07495534 -3.62500000
v -0.63728665 0.07519715 -3.22500000
v -0.54624590 0.07495534 -3.22500000
v -0.54618460 0.09995526 -3.22500000
v -0.63721514 0.10019704 -3.22500000
v -0.63741332 0.03091161 -3.62500000
v -0.62472076 0.10016166 -3.62500000
v -0.62491505 0.03087621 -3.62500000
v -0.63741332 0.03091161 -3.22500000
v -0.62491505 0.03087621 -3.22500000
v -0.62472076 0.10016166 -3.22500000
v -0.54607603 0.14424084 -3.62500000
v -0.54601473 0.16924077 -3.62500000
v -0.45501242 0.16903625 -3.62500000
v -0.45506349 0.14403630 -3.62500000
v -0.54607603 0.14424084 -3.22500000
v -0.45506349 0.14403630 -3.22500000
v -0.45501242 0.16903625 -3.22500000
v -0.54601473 0.16924077 -3.22500000
v -0.53352422 0.16921050 -3.62500000
v -0.53369021 0.09992498 -3.62500000
v -0.53369021 0.09992498 -3.22500000
v -0.53352422 0.16921050 -3.22500000
v -0.45492194 0.21332187 -3.62500000
v -0.45487086 0.23832182 -3.62500000
v -0.36389678 0.23815453 -3.62500000
v -0.36393764 0.21315457 -3.62500000
v -0.45492194 0.21332187 -3.22500000
v -0.36393764 0.21315457 -3.22500000
v -0.36389678 0.23815453 -3.22500000
v -0.45487086 0.23832182 -3.22500000
v -0.44238422 0.23829666 -3.62500000
v -0.44252190 0.16901108 -3.62500000
v -0.44252190 0.16901108 -3.22500000
v -0.44238422 0.23829666 -3.22500000
v -0.36382439 0.28244019 -3.62500000
v -0.36378353 0.30744016 -3.62500000
v -0.27283770 0.30731009 -3.62500000
v -0.27286835 0.28231011 -3.62500000
v -0.36382439 0.28244019 -3.22500000
v -0.27286835 0.28231011 -3.22500000
v -0.27283770 0.30731009 -3.22500000
v -0.36378353 0.30744016 -3.22500000
v -0.35130077 0.30742010 -3.62500000
v -0.35141013 0.23813448 -3.62500000
v -0.35141013 0.23813448 -3.22500000
v -0.35130077 0.30742010 -3.22500000
v -0.27278341 0.35159577 -3.62500000
v -0.27275277 0.37659575 -3.62500000
v -0.18183520 0.37650287 -3.62500000
v -0.18185563 0.35150288 -3.62500000
v -0.27278341 0.35159577 -3.22500000
v -0.18185563 0.35150288 -3.22500000
v -0.18183520 0.37650287 -3.22500000
v -0.27275277 0.37659575 -3.22500000
v -0.26027389 0.37658080 -3.62500000
v -0.26035494 0.30729514 -3.62500000
v -0.26035494 0.30729514 -3.22500000
v -0.26027389 0.37658080 -3.22500000
v -0.18179901 0.42078857 -3.62500000
v -0.18177858 0.44578856 -3.62500000
v -0.09088930 0.44573286 -3.62500000
v -0.09089951 0.42073286 -3.62500000
v -0.18179901 0.42078857 -3.22500000
v -0.09089951 0.42073286 -3.22500000
v -0.09088930 0.44573286 -3.22500000
v -0.18177858 0.44578856 -3.22500000
v -0.16930358 0.44577872 -3.62500000
v -0.16935632 0.37649302 -3.62500000
v -0.16935632 0.37649302 -3.22500000
v -0.16930358 0.44577872 -3.22500000
v -0.09087120 0.49001857 -3.62500000
v -0.09086099 0.51501856 -3.62500000
v 0.00000000 0.51500000 -3.62500000
v 0.00000000 0.49000000 -3.62500000
v -0.09087120 0.49001857 -3.22500000
v 0.00000000 0.49000000 -3.22500000
v 0.00000000 0.51500000 -3.22500000
v -0.09086099 0.51501856 -3.22500000
v -0.07838987 0.51501382 -3.62500000
v -0.07841430 0.44572811 -3.62500000
v -0.07841430 0.44572811 -3.22500000
v -0.07838987 0.51501382 -3.22500000
v 0.00000000 0.55928571 -3.62500000
v 0.00000000 0.58428571 -3.62500000
v 0.09083267 0.58430427 -3.62500000
v 0.09084289 0.55930427 -3.62500000
v 0.00000000 0.55928571 -3.22500000
v 0.09084289 0.55930427 -3.22500000
v 0.09083267 0.58430427 -3.22500000
v 0.00000000 0.58428571 -3.22500000
v 0.01246723 0.58428606 -3.62500000
v 0.01247112 0.51500035 -3.62500000
v 0.01247112 0.51500035 -3.22500000
v 0.01246723 0.58428606 -3.22500000
v 0.09081458 0.62858998 -3.62500000
v 0.09080436 0.65358998 -3.62500000
v 0.18160871 0.65364564 -3.62500000
v 0.18162914 0.62864565 -3.62500000
v 0.09081458 0.62858998 -3.22500000
v 0.18162914 0.62864565 -3.22500000
v 0.18160871 0.65364564 -3.22500000
v 0.09080436 0.65358998 -3.22500000
v 0.10326771 0.65359542 -3.62500000
v 0.10329990 0.58430972 -3.62500000
v 0.10329990 0.58430972 -3.22500000
v 0.10326771 0.65359542 -3.22500000
v 0.18157252 0.69793134 -3.62500000
v 0.18155209 0.72293133 -3.62500000
v 0.27232809 0.72302406 -3.62500000
v 0.27235874 0.69802408 -3.62500000
v 0.18157252 0.69793134 -3.22500000
v 0.27235874 0.69802408 -3.22500000
v 0.27232809 0.72302406 -3.22500000
v 0.18155209 0.72293133 -3.22500000
v 0.19401154 0.72294186 -3.62500000
v 0.19407205 0.65365617 -3.62500000
v 0.19407205 0.65365617 -3.22500000
v 0.19401154 0.72294186 -3.22500000
v 0.27227381 0.76730974 -3.62500000
v 0.27224316 0.79230972 -3.62500000
v 0.36299081 0.79243951 -3.62500000
v 0.36303167 0.76743954 -3.62500000
v 0.27227381 0.76730974 -3.22500000
v 0.36303167 0.76743954 -3.22500000
v 0.36299081 0.79243951 -3.22500000
v 0.27224316 0.79230972 -3.22500000
v 0.28469872 0.79232534 -3.62500000
v 0.28478754 0.72303968 -3.62500000
v 0.28478754 0.72303968 -3.22500000
v 0.28469872 0.79232534 -3.22500000
v 0.36291842 0.83672516 -3.62500000
v 0.36287756 0.86172513 -3.62500000
v 0.45359684 0.86189194 -3.62500000
v 0.45364792 0.83689200 -3.62500000
v 0.36291842 0.83672516 -3.22500000
v 0.45364792 0.83689200 -3.22500000
v 0.45359684 0.86189194 -3.22500000
v 0.36287756 0.86172513 -3.22500000
v 0.37532923 0.86174583 -3.62500000
v 0.37544636 0.79246022 -3.62500000
v 0.37544636 0.79246022 -3.22500000
v 0.37532923 0.86174583 -3.22500000
v 0.45350636 0.90617757 -3.62500000
v 0.45345528 0.93117751 -3.62500000
v 0.54414617 0.93138133 -3.62500000
v 0.54420746 0.90638141 -3.62500000
v 0.45350636 0.90617757 -3.22500000
v 0.54420746 0.90638141 -3.22500000
v 0.54414617 0.93138133 -3.22500000
v 0.45345528 0.93117751 -3.22500000
v 0.46590305 0.93120330 -3.62500000
v 0.46604850 0.86191773 -3.62500000
v 0.46604850 0.86191773 -3.22500000
v 0.46590305 0.93120330 -3.22500000
v 0.54403759 0.97566692 -3.62500000
v 0.54397630 1.00066684 -3.62500000
v 0.63471030 0.97590775 -3.62500000
v 0.54403759 0.97566692 -3.22500000
v 0.63471030 0.97590775 -3.22500000
v 0.54397630 1.00066684 -3.22500000
v 0.55642018 1.00069770 -3.62500000
v 0.55659393 0.93141220 -3.62500000
v 0.55659393 0.93141220 -3.22500000
v 0.55642018 1.00069770 -3.22500000
v -15.81591678 2.53690570 -3.75000000
v -15.78625812 2.53477880 -3.75000000
v -15.85557602 1.56725876 -3.75000000
v -15.88536491 1.56939500 3.35000000
v -15.85557602 1.56725876 3.35000000
v -15.78625812 2.53477880 3.35000000
v -15.81591678 2.53690570 3.35000000
v 15.85557602 1.56725876 -3.75000000
v 15.78625812 2.53477880 -3.75000000
v 15.81591678 2.53690570 -3.75000000
v 15.85557602 1.56725876 3.35000000
v 15.88536491 1.56939500 3.35000000
v 15.81591678 2.53690570 3.35000000
v 15.78625812 2.53477880 3.35000000
v -14.68794045 2.45884036 -3.75000000
v -14.75243561 1.49098687 -3.75000000
v -15.88536491 1.56939500 -3.72000000
v -14.75243561 1.49098687 -3.72000000
v -14.68794045 2.45884036 -3.72000000
v -15.81591678 2.53690570 -3.72000000
v -13.55957934 2.38654943 -3.75000000
v -13.61911983 1.41837851 -3.75000000
v -13.61911983 1.41837851 -3.72000000
v -13.55957934 2.38654943 -3.72000000
v -15.81376890 2.56682871 -3.75000000
v -15.06193101 2.51415080 -3.75000000
v -15.06397678 2.48422064 -3.75000000
v -15.06397678 2.48422064 3.35000000
v -15.06193101 2.51415080 3.35000000
v -15.81376890 2.56682871 3.35000000
v -14.30991775 2.46403866 -3.75000000
v -14.31186138 2.43410169 -3.75000000
v -14.31186138 2.43410169 3.35000000
v -14.30991775 2.46403866 3.35000000
v -13.55773788 2.41649286 -3.75000000
v -13.55957934 2.38654943 3.35000000
v -13.55773788 2.41649286 3.35000000
v -15.88536491 1.56939500 3.32000000
v -15.87373056 1.73147797 3.32000000
v -14.09315509 1.61086907 3.32000000
v -14.10348441 1.44869769 3.32000000
v -14.10348441 1.44869769 3.35000000
v -14.09315509 1.61086907 3.35000000
v -15.87373056 1.73147797 3.35000000
v -15.87373056 1.73147797 3.32500000
v -15.84688206 2.10551562 3.32500000
v -14.06931822 1.98511071 3.32500000
v -14.09315509 1.61086907 3.32500000
v -14.06931822 1.98511071 3.35000000
v -15.84688206 2.10551562 3.35000000
v -15.84688206 2.10551562 3.32000000
v -15.81591678 2.53690570 3.32000000
v -14.04182636 2.41673606 3.32000000
v -14.06931822 1.98511071 3.32000000
v -14.04182636 2.41673606 3.35000000
v -13.65638098 1.42067314 3.32000000
v -13.59667759 2.38883403 3.32000000
v -13.55957934 2.38654943 3.32000000
v -13.61911983 1.41837851 3.32000000
v -13.65638098 1.42067314 3.35000000
v -13.61911983 1.41837851 3.35000000
v -13.59667759 2.38883403 3.35000000
v -14.06613997 2.03500959 3.32000000
v -13.62022042 2.00705925 3.32000000
v -14.06613997 2.03500959 3.35000000
v -13.62022042 2.00705925 3.35000000
v -15.78893793 2.49737467 3.35000000
v -14.68794045 2.45884036 3.35000000
v -14.69043382 2.42142334 3.35000000
v -15.78893793 2.49737467 3.51250000
v -14.69043382 2.42142334 3.51250000
v -14.68794045 2.45884036 3.51250000
v -15.78625812 2.53477880 3.51250000
v -13.58925797 2.38837661 3.35000000
v -13.59156483 2.35094763 3.35000000
v -13.59156483 2.35094763 3.51250000
v -13.58925797 2.38837661 3.51250000
v -13.56955390 2.22435585 -3.75000000
v -12.44000726 2.15779230 -3.75000000
v -12.48544725 1.35157182 -3.75000000
v -12.48544725 1.35157182 -3.72000000
v -12.44000726 2.15779230 -3.72000000
v -13.56955390 2.22435585 -3.72000000
v -11.31013471 2.09701104 -3.75000000
v -11.35144759 1.29056855 -3.75000000
v -11.35144759 1.29056855 -3.72000000
v -11.31013471 2.09701104 -3.72000000
v -13.56771244 2.25429928 -3.75000000
v -12.81482120 2.20928729 -3.75000000
v -12.81656048 2.17933775 -3.75000000
v -13.56955390 2.22435585 3.35000000
v -12.81656048 2.17933775 3.35000000
v -12.81482120 2.20928729 3.35000000
v -13.56771244 2.25429928 3.35000000
v -12.06178076 2.16684462 -3.75000000
v -12.06341783 2.13688932 -3.75000000
v -12.06341783 2.13688932 3.35000000
v -12.06178076 2.16684462 3.35000000
v -11.30859987 2.12697175 -3.75000000
v -11.31013471 2.09701104 3.35000000
v -11.30859987 2.12697175 3.35000000
v -13.53300885 2.41497347 -3.75000000
v -13.54480332 2.22283514 -3.75000000
v -13.54480332 2.22283514 3.35000000
v -13.53300885 2.41497347 3.35000000
v -13.60914526 1.58057210 3.32000000
v -11.82742846 1.47819652 3.32000000
v -11.83609715 1.31592790 3.32000000
v -11.83609715 1.31592790 3.35000000
v -11.82742846 1.47819652 3.35000000
v -13.60914526 1.58057210 3.35000000
v -13.60914526 1.58057210 3.32500000
v -13.58612703 1.95486498 3.32500000
v -11.80742379 1.85266255 3.32500000
v -11.82742846 1.47819652 3.32500000
v -11.80742379 1.85266255 3.35000000
v -13.58612703 1.95486498 3.35000000
v -13.58612703 1.95486498 3.32000000
v -13.56955390 2.22435585 3.32000000
v -11.79302043 2.12227810 3.32000000
v -11.80742379 1.85266255 3.32000000
v -11.79302043 2.12227810 3.35000000
v -11.38873028 1.29248163 3.32000000
v -11.34728172 2.09891716 3.32000000
v -11.31013471 2.09701104 3.32000000
v -11.35144759 1.29056855 3.32000000
v -11.38873028 1.29248163 3.35000000
v -11.35144759 1.29056855 3.35000000
v -11.34728172 2.09891716 3.35000000
v -11.80475650 1.90259136 3.32000000
v -11.35857421 1.87920717 3.32000000
v -11.80475650 1.90259136 3.35000000
v -11.35857421 1.87920717 3.35000000
v -13.54214997 2.18510173 3.35000000
v -13.53985319 2.22253133 3.35000000
v -12.44000726 2.15779230 3.35000000
v -12.44211747 2.12035172 3.35000000
v -13.54214997 2.18510173 3.51250000
v -12.44211747 2.12035172 3.51250000
v -12.44000726 2.15779230 3.51250000
v -13.53985319 2.22253133 3.51250000
v -11.33985234 2.09853544 3.35000000
v -11.34177594 2.06108481 3.35000000
v -11.34177594 2.06108481 3.51250000
v -11.33985234 2.09853544 3.51250000
v -11.30182098 2.25929823 -3.75000000
v -10.17248288 2.20434129 -3.75000000
v -10.21715054 1.23537029 -3.75000000
v -10.21715054 1.23537029 -3.72000000
v -10.17248288 2.20434129 -3.72000000
v -11.30182098 2.25929823 -3.72000000
v -9.04287829 2.15516542 -3.75000000
v -9.08258582 1.18597849 -3.75000000
v -9.08258582 1.18597849 -3.72000000
v -9.04287829 2.15516542 -3.72000000
v -11.30028613 2.28925894 -3.75000000
v -10.54752738 2.25198377 -3.75000000
v -10.54895999 2.22201799 -3.75000000
v -11.30182098 2.25929823 3.35000000
v -10.54895999 2.22201799 3.35000000
v -10.54752738 2.25198377 3.35000000
v -11.30028613 2.28925894 3.35000000
v -9.79464583 2.21727741 -3.75000000
v -9.79597617 2.18730692 -3.75000000
v -9.79597617 2.18730692 3.35000000
v -9.79464583 2.21727741 3.35000000
v -9.04165023 2.18514027 -3.75000000
v -9.04287829 2.15516542 3.35000000
v -9.04165023 2.18514027 3.35000000
v -11.27554285 2.28799277 -3.75000000
v -11.28536986 2.09574377 -3.75000000
v -11.28536986 2.09574377 3.35000000
v -11.27554285 2.28799277 3.35000000
v -11.34313385 1.45285574 3.32000000
v -9.56046243 1.36872421 3.32000000
v -9.56746959 1.20637536 3.32000000
v -9.56746959 1.20637536 3.35000000
v -9.56046243 1.36872421 3.35000000
v -11.34313385 1.45285574 3.35000000
v -11.34313385 1.45285574 3.32500000
v -11.32394830 1.82736463 3.32500000
v -9.54429206 1.74337541 3.32500000
v -9.56046243 1.36872421 3.32500000
v -9.54429206 1.74337541 3.35000000
v -11.32394830 1.82736463 3.35000000
v -11.32394830 1.82736463 3.32000000
v -11.30182098 2.25929823 3.32000000
v -9.52564223 2.17547312 3.32000000
v -9.54429206 1.74337541 3.32000000
v -9.52564223 2.17547312 3.35000000
v -9.11988615 1.18750982 3.32000000
v -9.08001555 2.15669006 3.32000000
v -9.04287829 2.15516542 3.32000000
v -9.08258582 1.18597849 3.32000000
v -9.11988615 1.18750982 3.35000000
v -9.08258582 1.18597849 3.35000000
v -9.08001555 2.15669006 3.35000000
v -9.54213601 1.79332890 3.32000000
v -9.09573772 1.77451332 3.32000000
v -9.54213601 1.79332890 3.35000000
v -9.09573772 1.77451332 3.35000000
v -11.27403850 2.22032780 3.35000000
v -11.27212499 2.25777895 3.35000000
v -10.17248288 2.20434129 3.35000000
v -10.17420973 2.16688107 3.35000000
v -11.27403850 2.22032780 3.51250000
v -10.17420973 2.16688107 3.51250000
v -10.17248288 2.20434129 3.51250000
v -11.27212499 2.25777895 3.51250000
v -9.07258812 2.15638463 3.35000000
v -9.07412825 2.11891627 3.35000000
v -9.07412825 2.11891627 3.51250000
v -9.07258812 2.15638463 3.51250000
v -9.04953033 1.99280163 -3.75000000
v -7.91885771 1.94937621 -3.75000000
v -7.94778317 1.14239444 -3.75000000
v -7.94778317 1.14239444 -3.72000000
v -7.91885771 1.94937621 -3.72000000
v -9.04953033 1.99280163 -3.72000000
v -6.78797764 1.91173854 -3.75000000
v -6.81277230 1.10461929 -3.75000000
v -6.81277230 1.10461929 -3.72000000
v -6.78797764 1.91173854 -3.72000000
v -9.04830226 2.02277648 -3.75000000
v -8.29464732 1.99318719 -3.75000000
v -8.29577310 1.96320832 -3.75000000
v -9.04953033 1.99280163 3.35000000
v -8.29577310 1.96320832 3.35000000
v -8.29464732 1.99318719 3.35000000
v -9.04830226 2.02277648 3.35000000
v -7.54089580 1.96616972 -3.75000000
v -7.54191928 1.93618718 -3.75000000
v -7.54191928 1.93618718 3.35000000
v -7.54089580 1.96616972 3.35000000
v -6.78705648 1.94172439 -3.75000000
v -6.78797764 1.91173854 3.35000000
v -6.78705648 1.94172439 3.35000000
v -9.01689528 2.18412746 -3.75000000
v -9.02475381 1.99178793 -3.75000000
v -9.02475381 1.99178793 3.35000000
v -9.01689528 2.18412746 3.35000000
v -9.07593379 1.34834228 3.32000000
v -7.29249455 1.28246362 3.32000000
v -7.29783945 1.12005154 3.32000000
v -7.29783945 1.12005154 3.35000000
v -7.29249455 1.28246362 3.35000000
v -9.07593379 1.34834228 3.35000000
v -9.07593379 1.34834228 3.32500000
v -9.06058294 1.72302795 3.32500000
v -7.28016018 1.65726072 3.32500000
v -7.29249455 1.28246362 3.32500000
v -7.28016018 1.65726072 3.35000000
v -9.06058294 1.72302795 3.35000000
v -9.06058294 1.72302795 3.32000000
v -9.04953033 1.99280163 3.32000000
v -7.27127943 1.92711462 3.32000000
v -7.28016018 1.65726072 3.32000000
v -7.27127943 1.92711462 3.35000000
v -6.85008634 1.10576872 3.32000000
v -6.82515589 1.91288378 3.32000000
v -6.78797764 1.91173854 3.32000000
v -6.81277230 1.10461929 3.32000000
v -6.85008634 1.10576872 3.35000000
v -6.81277230 1.10461929 3.35000000
v -6.82515589 1.91288378 3.35000000
v -7.27851559 1.70723366 3.32000000
v -6.83194808 1.69298866 3.32000000
v -7.27851559 1.70723366 3.35000000
v -6.83194808 1.69298866 3.35000000
v -9.02132853 1.95411675 3.35000000
v -9.01979849 1.99158552 3.35000000
v -7.91885771 1.94937621 3.35000000
v -7.92020100 1.91190027 3.35000000
v -9.02132853 1.95411675 3.51250000
v -7.92020100 1.91190027 3.51250000
v -7.91885771 1.94937621 3.51250000
v -9.01979849 1.99158552 3.51250000
v -6.81772025 1.91265423 3.35000000
v -6.81887675 1.87517207 3.35000000
v -6.81887675 1.87517207 3.51250000
v -6.81772025 1.91265423 3.51250000
v -6.78298801 2.07416192 -3.75000000
v -5.65276151 2.04233640 -3.75000000
v -5.67758294 1.07265403 -3.75000000
v -5.67758294 1.07265403 -3.72000000
v -5.65276151 2.04233640 -3.72000000
v -6.78298801 2.07416192 -3.72000000
v -4.52238693 2.01629621 -3.75000000
v -4.54224485 1.04649949 -3.75000000
v -4.54224485 1.04649949 -3.72000000
v -4.52238693 2.01629621 -3.72000000
v -6.78206684 2.10414777 -3.75000000
v -6.02870275 2.08229095 -3.75000000
v -6.02952159 2.05230213 -3.75000000
v -6.78298801 2.07416192 3.35000000
v -6.02952159 2.05230213 3.35000000
v -6.02870275 2.08229095 3.35000000
v -6.78206684 2.10414777 3.35000000
v -5.27526847 2.06300493 -3.75000000
v -5.27598498 2.03301349 -3.75000000
v -5.27598498 2.03301349 3.35000000
v -5.27526847 2.06300493 3.35000000
v -4.52177276 2.04628992 -3.75000000
v -4.52238693 2.01629621 3.35000000
v -4.52177276 2.04628992 3.35000000
v -6.75730282 2.10338841 -3.75000000
v -6.76319204 1.91097852 -3.75000000
v -6.76319204 1.91097852 3.35000000
v -6.75730282 2.10338841 3.35000000
v -6.80778266 1.26704267 3.32000000
v -5.02376249 1.21942379 3.32000000
v -5.02744457 1.05696551 3.32000000
v -5.02744457 1.05696551 3.35000000
v -5.02376249 1.21942379 3.35000000
v -6.80778266 1.26704267 3.35000000
v -6.80778266 1.26704267 3.32500000
v -6.79626811 1.64186585 3.32500000
v -5.01526541 1.59432751 3.32500000
v -5.02376249 1.21942379 3.32500000
v -5.01526541 1.59432751 3.35000000
v -6.79626811 1.64186585 3.35000000
v -6.79626811 1.64186585 3.32000000
v -6.78298801 2.07416192 3.32000000
v -5.00546543 2.02671646 3.32000000
v -5.01526541 1.59432751 3.32000000
v -5.00546543 2.02671646 3.35000000
v -4.57956871 1.04726689 3.32000000
v -4.55954761 2.01706025 3.32000000
v -4.52238693 2.01629621 3.32000000
v -4.54224485 1.04649949 3.32000000
v -4.57956871 1.04726689 3.35000000
v -4.54224485 1.04649949 3.35000000
v -4.55954761 2.01706025 3.35000000
v -5.01413246 1.64431467 3.32000000
v -4.56744253 1.63464174 3.32000000
v -5.01413246 1.64431467 3.35000000
v -4.56744253 1.63464174 3.35000000
v -6.75441355 2.03576842 3.35000000
v -6.75326714 2.07325089 3.35000000
v -5.65276151 2.04233640 3.35000000
v -5.65372110 2.00484868 3.35000000
v -6.75441355 2.03576842 3.51250000
v -5.65372110 2.00484868 3.51250000
v -5.65276151 2.04233640 3.51250000
v -6.75326714 2.07325089 3.51250000
v -4.55211548 2.01690694 3.35000000
v -4.55288823 1.97941490 3.35000000
v -4.55288823 1.97941490 3.51250000
v -4.55211548 2.01690694 3.51250000
v -4.52571364 1.85383026 -3.75000000
v -3.39438898 1.83356117 -3.75000000
v -3.40678777 1.02615637 -3.75000000
v -3.40678777 1.02615637 -3.72000000
v -3.39438898 1.83356117 -3.72000000
v -4.52571364 1.85383026 -3.72000000
v -2.26297539 1.81908287 -3.75000000
v -2.27124143 1.01162518 -3.75000000
v -2.27124143 1.01162518 -3.72000000
v -2.26297539 1.81908287 -3.72000000
v -4.52509948 1.88382397 -3.75000000
v -3.77099673 1.86966977 -3.75000000
v -3.77150854 1.83967414 -3.75000000
v -4.52571364 1.85383026 3.35000000
v -3.77150854 1.83967414 3.35000000
v -3.77099673 1.86966977 3.35000000
v -4.52509948 1.88382397 3.35000000
v -3.01685007 1.85808883 -3.75000000
v -3.01725953 1.82809163 -3.75000000
v -3.01725953 1.82809163 3.35000000
v -3.01685007 1.85808883 3.35000000
v -2.26266829 1.84908130 -3.75000000
v -2.26297539 1.81908287 3.35000000
v -2.26266829 1.84908130 3.35000000
v -4.49700227 2.04578410 -3.75000000
v -4.50092156 1.85332400 -3.75000000
v -4.50092156 1.85332400 3.35000000
v -4.49700227 2.04578410 3.35000000
v -4.53891814 1.20896544 3.32000000
v -2.75450399 1.17961132 3.32000000
v -2.75652286 1.01712386 3.32000000
v -2.75652286 1.01712386 3.35000000
v -2.75450399 1.17961132 3.35000000
v -4.53891814 1.20896544 3.35000000
v -4.53891814 1.20896544 3.32500000
v -4.53124111 1.58388685 3.32500000
v -2.74984508 1.55458237 3.32500000
v -2.75450399 1.17961132 3.32500000
v -2.74984508 1.55458237 3.35000000
v -4.53124111 1.58388685 3.35000000
v -4.53124111 1.58388685 3.32000000
v -4.52571364 1.85383026 3.32000000
v -2.74649067 1.82456154 3.32000000
v -2.74984508 1.55458237 3.32000000
v -2.74649067 1.82456154 3.35000000
v -2.30857118 1.01201047 3.32000000
v -2.30016929 1.81946676 3.32000000
v -2.26297539 1.81908287 3.32000000
v -2.27124143 1.01162518 3.32000000
v -2.30857118 1.01201047 3.35000000
v -2.27124143 1.01162518 3.35000000
v -2.30016929 1.81946676 3.35000000
v -2.74922389 1.60457851 3.32000000
v -2.30245835 1.59947867 3.32000000
v -2.74922389 1.60457851 3.35000000
v -2.30245835 1.59947867 3.35000000
v -4.49672579 1.81573084 3.35000000
v -4.49596313 1.85322308 3.35000000
v -3.39438898 1.83356117 3.35000000
v -3.39496477 1.79606559 3.35000000
v -4.49672579 1.81573084 3.51250000
v -3.39496477 1.79606559 3.51250000
v -3.39438898 1.83356117 3.51250000
v -4.49596313 1.85322308 3.51250000
v -2.29273051 1.81938948 3.35000000
v -2.29311943 1.78189150 3.35000000
v -2.29311943 1.78189150 3.51250000
v -2.29273051 1.81938948 3.51250000
v -2.26131195 1.98157435 -3.75000000
v -1.13067078 1.97289361 -3.75000000
v -1.13563559 1.00290631 -3.75000000
v -1.13563559 1.00290631 -3.72000000
v -1.13067078 1.97289361 -3.72000000
v -2.26131195 1.98157435 -3.72000000
v 0.00000000 1.97000000 -3.75000000
v 0.00000000 1.00000000 -3.72000000
v 0.00000000 1.97000000 -3.72000000
v -2.26100485 2.01157278 -3.75000000
v -1.50735119 2.00514348 -3.75000000
v -1.50755592 1.97514418 -3.75000000
v -2.26131195 1.98157435 3.35000000
v -1.50755592 1.97514418 3.35000000
v -1.50735119 2.00514348 3.35000000
v -2.26100485 2.01157278 3.35000000
v -0.75367998 2.00128587 -3.75000000
v -0.75378235 1.97128605 -3.75000000
v -0.75378235 1.97128605 3.35000000
v -0.75367998 2.00128587 3.35000000
v 0.00000000 2.00000000 -3.75000000
v 0.00000000 1.97000000 3.35000000
v 0.00000000 2.00000000 3.35000000
v -2.23623047 2.01132055 -3.75000000
v -2.23817942 1.81883042 -3.75000000
v -2.23817942 1.81883042 3.35000000
v -2.23623047 2.01132055 3.35000000
v -2.26957798 1.17411666 3.32000000
v -0.48495685 1.16303038 3.32000000
v -0.48531229 1.00053077 3.32000000
v -0.48531229 1.00053077 3.35000000
v -0.48495685 1.16303038 3.35000000
v -2.26957798 1.17411666 3.35000000
v -2.26957798 1.17411666 3.32500000
v -2.26573927 1.54909702 3.32500000
v -0.48413660 1.53802948 3.32500000
v -0.48495685 1.16303038 3.32500000
v -0.48413660 1.53802948 3.35000000
v -2.26573927 1.54909702 3.35000000
v -2.26573927 1.54909702 3.32000000
v -2.26131195 1.98157435 3.32000000
v -0.48319058 1.97052845 3.32000000
v -0.48413660 1.53802948 3.32000000
v -0.48319058 1.97052845 3.35000000
v -0.03733174 1.00000314 3.32000000
v -0.03716854 1.97000313 3.32000000
v 0.00000000 1.97000000 3.32000000
v 0.00000000 1.00000000 3.32000000
v -0.03733174 1.00000314 3.35000000
v 0.00000000 1.00000000 3.35000000
v -0.03716854 1.97000313 3.35000000
v -0.48402724 1.58802936 3.32000000
v -0.03723289 1.58750313 3.32000000
v -0.48402724 1.58802936 3.35000000
v -0.03723289 1.58750313 3.35000000
v -2.23195748 1.94377389 3.35000000
v -2.23157865 1.98127197 3.35000000
v -1.13067078 1.97289361 3.35000000
v -1.13086272 1.93539410 3.35000000
v -2.23195748 1.94377389 3.51250000
v -1.13086272 1.93539410 3.51250000
v -1.13067078 1.97289361 3.51250000
v -2.23157865 1.98127197 3.51250000
v -0.02973483 1.97000200 3.35000000
v -0.02973988 1.93250200 3.35000000
v -0.02973988 1.93250200 3.51250000
v -0.02973483 1.97000200 3.51250000
v 0.00000000 1.80750000 -3.75000000
v 1.13150252 1.81039574 -3.75000000
v 1.13563559 1.00290631 -3.75000000
v 1.13563559 1.00290631 -3.72000000
v 1.13150252 1.81039574 -3.72000000
v 0.00000000 1.80750000 -3.72000000
v 2.26297539 1.81908287 -3.75000000
v 2.27124143 1.01162518 -3.75000000
v 2.27124143 1.01162518 -3.72000000
v 2.26297539 1.81908287 -3.72000000
v 0.00000000 1.83750000 -3.75000000
v 0.75423447 1.83878682 -3.75000000
v 0.75433684 1.80878700 -3.75000000
v 0.00000000 1.80750000 3.35000000
v 0.75433684 1.80878700 3.35000000
v 0.75423447 1.83878682 3.35000000
v 0.00000000 1.83750000 3.35000000
v 1.50846016 1.84264727 -3.75000000
v 1.50866490 1.81264797 -3.75000000
v 1.50866490 1.81264797 3.35000000
v 1.50846016 1.84264727 3.35000000
v 2.26266829 1.84908130 -3.75000000
v 2.26297539 1.81908287 3.35000000
v 2.26266829 1.84908130 3.35000000
v 0.02477566 2.00000139 -3.75000000
v 0.02479725 1.80750139 -3.75000000
v 0.02479725 1.80750139 3.35000000
v 0.02477566 2.00000139 3.35000000
v 0.00000000 1.16250000 3.32000000
v 1.78464112 1.16968272 3.32000000
v 1.78594914 1.00718798 3.32000000
v 1.78594914 1.00718798 3.35000000
v 1.78464112 1.16968272 3.35000000
v 0.00000000 1.16250000 3.35000000
v 0.00000000 1.16250000 3.32500000
v 0.00000000 1.53750000 3.32500000
v 1.78162261 1.54467057 3.32500000
v 1.78464112 1.16968272 3.32500000
v 1.78162261 1.54467057 3.35000000
v 0.00000000 1.53750000 3.35000000
v 0.00000000 1.53750000 3.32000000
v 0.00000000 1.80750000 3.32000000
v 1.77944929 1.81466182 3.32000000
v 1.78162261 1.54467057 3.32000000
v 1.77944929 1.81466182 3.35000000
v 2.23391161 1.01124617 3.32000000
v 2.22578143 1.81870524 3.32000000
v 2.26297539 1.81908287 3.32000000
v 2.27124143 1.01162518 3.32000000
v 2.23391161 1.01124617 3.35000000
v 2.27124143 1.01162518 3.35000000
v 2.22578143 1.81870524 3.35000000
v 1.78122014 1.59466895 3.32000000
v 2.22799646 1.59871639 3.32000000
v 1.78122014 1.59466895 3.35000000
v 2.22799646 1.59871639 3.35000000
v 0.02976175 1.77000200 3.35000000
v 0.02975670 1.80750200 3.35000000
v 1.13150252 1.81039574 3.35000000
v 1.13169445 1.77289623 3.35000000
v 0.02976175 1.77000200 3.51250000
v 1.13169445 1.77289623 3.51250000
v 1.13150252 1.81039574 3.51250000
v 0.02975670 1.80750200 3.51250000
v 2.23322023 1.81878026 3.35000000
v 2.23359905 1.78128218 3.35000000
v 2.23359905 1.78128218 3.51250000
v 2.23322023 1.81878026 3.51250000
v 2.26131195 1.98157435 -3.75000000
v 3.39189387 1.99604201 -3.75000000
v 3.40678777 1.02615637 -3.75000000
v 3.40678777 1.02615637 -3.72000000
v 3.39189387 1.99604201 -3.72000000
v 2.26131195 1.98157435 -3.72000000
v 4.52238693 2.01629621 -3.75000000
v 4.54224485 1.04649949 -3.75000000
v 4.54224485 1.04649949 -3.72000000
v 4.52238693 2.01629621 -3.72000000
v 2.26100485 2.01157278 -3.75000000
v 3.01463218 2.02057370 -3.75000000
v 3.01504164 1.99057649 -3.75000000
v 2.26131195 1.98157435 3.35000000
v 3.01504164 1.99057649 3.35000000
v 3.01463218 2.02057370 3.35000000
v 2.26100485 2.01157278 3.35000000
v 3.76822441 2.03214612 -3.75000000
v 3.76873622 2.00215049 -3.75000000
v 3.76873622 2.00215049 3.35000000
v 3.76822441 2.03214612 3.35000000
v 4.52177276 2.04628992 -3.75000000
v 4.52238693 2.01629621 3.35000000
v 4.52177276 2.04628992 3.35000000
v 2.28577919 2.01182779 -3.75000000
v 2.28777133 1.81933810 -3.75000000
v 2.28777133 1.81933810 3.35000000
v 2.28577919 2.01182779 3.35000000
v 2.26957798 1.17411666 3.32000000
v 4.05405207 1.19956763 3.32000000
v 4.05702341 1.03709479 3.32000000
v 4.05702341 1.03709479 3.35000000
v 4.05405207 1.19956763 3.35000000
v 2.26957798 1.17411666 3.35000000
v 2.26957798 1.17411666 3.32500000
v 2.26573927 1.54909702 3.32500000
v 4.04719513 1.57450493 3.32500000
v 4.05405207 1.19956763 3.32500000
v 4.04719513 1.57450493 3.35000000
v 2.26573927 1.54909702 3.35000000
v 2.26573927 1.54909702 3.32000000
v 2.26131195 1.98157435 3.32000000
v 4.03928679 2.00693262 3.32000000
v 4.04719513 1.57450493 3.32000000
v 4.03928679 2.00693262 3.35000000
v 4.50492087 1.04573838 3.32000000
v 4.48522612 2.01553841 3.32000000
v 4.52238693 2.01629621 3.32000000
v 4.54224485 1.04649949 3.32000000
v 4.50492087 1.04573838 3.35000000
v 4.54224485 1.04649949 3.35000000
v 4.48522612 2.01553841 3.35000000
v 4.04628087 1.62449657 3.32000000
v 4.49299235 1.63311727 3.32000000
v 4.04628087 1.62449657 3.35000000
v 4.49299235 1.63311727 3.35000000
v 2.29143412 1.94438276 3.35000000
v 2.29104520 1.98188074 3.35000000
v 3.39189387 1.99604201 3.35000000
v 3.39246966 1.95854643 3.35000000
v 2.29143412 1.94438276 3.51250000
v 3.39246966 1.95854643 3.51250000
v 3.39189387 1.99604201 3.51250000
v 2.29104520 1.98188074 3.51250000
v 4.49265829 2.01568947 3.35000000
v 4.49342095 1.97819723 3.35000000
v 4.49342095 1.97819723 3.51250000
v 4.49265829 2.01568947 3.51250000
v 4.52571364 1.85383026 -3.75000000
v 5.65691974 1.87988961 -3.75000000
v 5.67758294 1.07265403 -3.75000000
v 5.67758294 1.07265403 -3.72000000
v 5.65691974 1.87988961 -3.72000000
v 4.52571364 1.85383026 -3.72000000
v 6.78797764 1.91173854 -3.75000000
v 6.81277230 1.10461929 -3.75000000
v 6.81277230 1.10461929 -3.72000000
v 6.78797764 1.91173854 -3.72000000
v 4.52509948 1.88382397 -3.75000000
v 5.27914954 1.90055128 -3.75000000
v 5.27986604 1.87055984 -3.75000000
v 4.52571364 1.85383026 3.35000000
v 5.27986604 1.87055984 3.35000000
v 5.27914954 1.90055128 3.35000000
v 4.52509948 1.88382397 3.35000000
v 6.03313813 1.91985150 -3.75000000
v 6.03395697 1.88986267 -3.75000000
v 6.03395697 1.88986267 3.35000000
v 6.03313813 1.91985150 3.35000000
v 6.78705648 1.94172439 -3.75000000
v 6.78797764 1.91173854 3.35000000
v 6.78705648 1.94172439 3.35000000
v 4.54654320 2.04679852 -3.75000000
v 4.55050567 1.85433930 -3.75000000
v 4.55050567 1.85433930 3.35000000
v 4.54654320 2.04679852 3.35000000
v 4.53891814 1.20896544 3.32000000
v 6.32303819 1.25268198 3.32000000
v 6.32767255 1.09024808 3.32000000
v 6.32767255 1.09024808 3.35000000
v 6.32303819 1.25268198 3.35000000
v 4.53891814 1.20896544 3.35000000
v 4.53891814 1.20896544 3.32500000
v 4.53124111 1.58388685 3.32500000
v 6.31234354 1.62752945 3.32500000
v 6.32303819 1.25268198 3.32500000
v 6.31234354 1.62752945 3.35000000
v 4.53124111 1.58388685 3.35000000
v 4.53124111 1.58388685 3.32000000
v 4.52571364 1.85383026 3.32000000
v 6.30464338 1.89741963 3.32000000
v 6.31234354 1.62752945 3.32000000
v 6.30464338 1.89741963 3.35000000
v 6.77545806 1.10347614 3.32000000
v 6.75079921 1.91059955 3.32000000
v 6.78797764 1.91173854 3.32000000
v 6.81277230 1.10461929 3.32000000
v 6.77545806 1.10347614 3.35000000
v 6.81277230 1.10461929 3.35000000
v 6.75079921 1.91059955 3.35000000
v 6.31091758 1.67750911 3.32000000
v 6.75751741 1.69070215 3.32000000
v 6.31091758 1.67750911 3.35000000
v 6.75751741 1.69070215 3.35000000
v 4.55623682 1.81694941 3.35000000
v 4.55546407 1.85444145 3.35000000
v 5.65691974 1.87988961 3.35000000
v 5.65787933 1.84240189 3.35000000
v 4.55623682 1.81694941 3.51250000
v 5.65787933 1.84240189 3.51250000
v 5.65691974 1.87988961 3.51250000
v 4.55546407 1.85444145 3.51250000
v 6.75823491 1.91082685 3.35000000
v 6.75938132 1.87334437 3.35000000
v 6.75938132 1.87334437 3.51250000
v 6.75823491 1.91082685 3.51250000
v 6.78298801 2.07416192 -3.75000000
v 7.91303680 2.11177192 -3.75000000
v 7.94778317 1.14239444 -3.75000000
v 7.94778317 1.14239444 -3.72000000
v 7.91303680 2.11177192 -3.72000000
v 6.78298801 2.07416192 -3.72000000
v 9.04287829 2.15516542 -3.75000000
v 9.08258582 1.18597849 -3.75000000
v 9.08258582 1.18597849 -3.72000000
v 9.04287829 2.15516542 -3.72000000
v 6.78206684 2.10414777 -3.75000000
v 7.53535196 2.12857512 -3.75000000
v 7.53637544 2.09859259 -3.75000000
v 6.78298801 2.07416192 3.35000000
v 7.53637544 2.09859259 3.35000000
v 7.53535196 2.12857512 3.35000000
v 6.78206684 2.10414777 3.35000000
v 8.28854935 2.15557273 -3.75000000
v 8.28967513 2.12559386 -3.75000000
v 8.28967513 2.12559386 3.35000000
v 8.28854935 2.15557273 3.35000000
v 9.04165023 2.18514027 -3.75000000
v 9.04287829 2.15516542 3.35000000
v 9.04165023 2.18514027 3.35000000
v 6.80683078 2.10490991 -3.75000000
v 6.81276316 1.91250134 -3.75000000
v 6.81276316 1.91250134 3.35000000
v 6.80683078 2.10490991 3.35000000
v 6.80778266 1.26704267 3.32000000
v 8.59136173 1.32902021 3.32000000
v 8.59765860 1.16664226 3.32000000
v 8.59765860 1.16664226 3.35000000
v 8.59136173 1.32902021 3.35000000
v 6.80778266 1.26704267 3.35000000
v 6.80778266 1.26704267 3.32500000
v 6.79626811 1.64186585 3.32500000
v 8.57683047 1.70373856 3.32500000
v 8.59136173 1.32902021 3.32500000
v 8.57683047 1.70373856 3.35000000
v 6.79626811 1.64186585 3.35000000
v 6.79626811 1.64186585 3.32000000
v 6.78298801 2.07416192 3.32000000
v 8.56007109 2.13591373 3.32000000
v 8.57683047 1.70373856 3.32000000
v 8.56007109 2.13591373 3.35000000
v 9.04528524 1.18445343 3.32000000
v 9.00574079 2.15364703 3.32000000
v 9.04287829 2.15516542 3.32000000
v 9.08258582 1.18597849 3.32000000
v 9.04528524 1.18445343 3.35000000
v 9.08258582 1.18597849 3.35000000
v 9.00574079 2.15364703 3.35000000
v 8.57489297 1.75370101 3.32000000
v 9.02133435 1.77146502 3.32000000
v 8.57489297 1.75370101 3.35000000
v 9.02133435 1.77146502 3.35000000
v 6.81386525 2.03759477 3.35000000
v 6.81270875 2.07507694 3.35000000
v 7.91303680 2.11177192 3.35000000
v 7.91438009 2.07429598 3.35000000
v 6.81386525 2.03759477 3.51250000
v 7.91438009 2.07429598 3.51250000
v 7.91303680 2.11177192 3.51250000
v 6.81270875 2.07507694 3.51250000
v 9.01316831 2.15395021 3.35000000
v 9.01469835 2.11648143 3.35000000
v 9.01469835 2.11648143 3.51250000
v 9.01316831 2.15395021 3.51250000
v 9.04953033 1.99280163 -3.75000000
v 10.17996587 2.04201367 -3.75000000
v 10.21715054 1.23537029 -3.75000000
v 10.21715054 1.23537029 -3.72000000
v 10.17996587 2.04201367 -3.72000000
v 9.04953033 1.99280163 -3.72000000
v 11.31013471 2.09701104 -3.75000000
v 11.35144759 1.29056855 -3.75000000
v 11.35144759 1.29056855 -3.72000000
v 11.31013471 2.09701104 -3.72000000
v 9.04830226 2.02277648 -3.75000000
v 9.80185185 2.05493726 -3.75000000
v 9.80318219 2.02496678 -3.75000000
v 9.04953033 1.99280163 3.35000000
v 9.80318219 2.02496678 3.35000000
v 9.80185185 2.05493726 3.35000000
v 9.04830226 2.02277648 3.35000000
v 10.55528731 2.08966916 -3.75000000
v 10.55671991 2.05970338 -3.75000000
v 10.55671991 2.05970338 3.35000000
v 10.55528731 2.08966916 3.35000000
v 11.30859987 2.12697175 -3.75000000
v 11.31013471 2.09701104 3.35000000
v 11.30859987 2.12697175 3.35000000
v 9.06640506 2.18615587 -3.75000000
v 9.07430674 1.99381811 -3.75000000
v 9.07430674 1.99381811 3.35000000
v 9.06640506 2.18615587 3.35000000
v 9.07593379 1.34834228 3.32000000
v 10.85878497 1.42857432 3.32000000
v 10.86674371 1.26626934 3.32000000
v 10.86674371 1.26626934 3.35000000
v 10.85878497 1.42857432 3.35000000
v 9.07593379 1.34834228 3.35000000
v 9.07593379 1.34834228 3.32500000
v 9.06058294 1.72302795 3.32500000
v 10.84041864 1.80312429 3.32500000
v 10.85878497 1.42857432 3.32500000
v 10.84041864 1.80312429 3.35000000
v 9.06058294 1.72302795 3.35000000
v 9.06058294 1.72302795 3.32000000
v 9.04953033 1.99280163 3.32000000
v 10.82719489 2.07280027 3.32000000
v 10.84041864 1.80312429 3.32000000
v 10.82719489 2.07280027 3.35000000
v 11.31416457 1.28866174 3.32000000
v 11.27298739 2.09511117 3.32000000
v 11.31013471 2.09701104 3.32000000
v 11.35144759 1.29056855 3.32000000
v 11.31416457 1.28866174 3.35000000
v 11.35144759 1.29056855 3.35000000
v 11.27298739 2.09511117 3.35000000
v 10.83796980 1.85306429 3.32000000
v 11.28420594 1.87539739 3.32000000
v 10.83796980 1.85306429 3.35000000
v 11.28420594 1.87539739 3.35000000
v 9.08080213 1.95655338 3.35000000
v 9.07926201 1.99402174 3.35000000
v 10.17996587 2.04201367 3.35000000
v 10.18169271 2.00455345 3.35000000
v 9.08080213 1.95655338 3.51250000
v 10.18169271 2.00455345 3.51250000
v 10.17996587 2.04201367 3.51250000
v 9.07926201 1.99402174 3.51250000
v 11.28041688 2.09549064 3.35000000
v 11.28233039 2.05803950 3.35000000
v 11.28233039 2.05803950 3.51250000
v 11.28041688 2.09549064 3.51250000
v 11.30182098 2.25929823 -3.75000000
v 12.43086299 2.32003481 -3.75000000
v 12.48544725 1.35157182 -3.75000000
v 12.48544725 1.35157182 -3.72000000
v 12.43086299 2.32003481 -3.72000000
v 11.30182098 2.25929823 -3.72000000
v 13.55957934 2.38654943 -3.75000000
v 13.61911983 1.41837851 -3.75000000
v 13.61911983 1.41837851 -3.72000000
v 13.55957934 2.38654943 -3.72000000
v 11.30028613 2.28925894 -3.75000000
v 12.05291331 2.32910250 -3.75000000
v 12.05455037 2.29914720 -3.75000000
v 11.30182098 2.25929823 3.35000000
v 12.05455037 2.29914720 3.35000000
v 12.05291331 2.32910250 3.35000000
v 11.30028613 2.28925894 3.35000000
v 12.80540014 2.37151397 -3.75000000
v 12.80713941 2.34156443 -3.75000000
v 12.80713941 2.34156443 3.35000000
v 12.80540014 2.37151397 3.35000000
v 13.55773788 2.41649286 -3.75000000
v 13.55957934 2.38654943 3.35000000
v 13.55773788 2.41649286 3.35000000
v 11.32502927 2.29052789 -3.75000000
v 11.33489942 2.09828109 -3.75000000
v 11.33489942 2.09828109 3.35000000
v 11.32502927 2.29052789 3.35000000
v 11.34313385 1.45285574 3.32000000
v 13.12507031 1.55133388 3.32000000
v 13.13469009 1.38911887 3.32000000
v 13.13469009 1.38911887 3.35000000
v 13.12507031 1.55133388 3.35000000
v 11.34313385 1.45285574 3.35000000
v 11.34313385 1.45285574 3.32500000
v 11.32394830 1.82736463 3.32500000
v 13.10287084 1.92567621 3.32500000
v 13.12507031 1.55133388 3.32500000
v 13.10287084 1.92567621 3.35000000
v 11.32394830 1.82736463 3.35000000
v 11.32394830 1.82736463 3.32000000
v 11.30182098 2.25929823 3.32000000
v 13.07726744 2.35741770 3.32000000
v 13.10287084 1.92567621 3.32000000
v 13.07726744 2.35741770 3.35000000
v 13.58185828 1.41609015 3.32000000
v 13.52248069 2.38427108 3.32000000
v 13.55957934 2.38654943 3.32000000
v 13.61911983 1.41837851 3.32000000
v 13.58185828 1.41609015 3.35000000
v 13.61911983 1.41837851 3.35000000
v 13.52248069 2.38427108 3.35000000
v 13.09991091 1.97558852 3.32000000
v 13.54589505 2.00248839 3.32000000
v 13.09991091 1.97558852 3.35000000
v 13.54589505 2.00248839 3.35000000
v 11.33344036 2.22337087 3.35000000
v 11.33151676 2.26082151 3.35000000
v 12.43086299 2.32003481 3.35000000
v 12.43297320 2.28259423 3.35000000
v 11.33344036 2.22337087 3.51250000
v 12.43297320 2.28259423 3.51250000
v 12.43086299 2.32003481 3.51250000
v 11.33151676 2.26082151 3.51250000
v 13.52990045 2.38472625 3.35000000
v 13.53219724 2.34729665 3.35000000
v 13.53219724 2.34729665 3.51250000
v 13.52990045 2.38472625 3.51250000
v 14.68794045 2.45884036 -3.75000000
v 14.75243561 1.49098687 -3.75000000
v 14.75243561 1.49098687 -3.72000000
v 14.68794045 2.45884036 -3.72000000
v 15.88536491 1.56939500 -3.72000000
v 15.81591678 2.53690570 -3.72000000
v 14.30991775 2.46403866 -3.75000000
v 14.31186138 2.43410169 -3.75000000
v 14.31186138 2.43410169 3.35000000
v 14.30991775 2.46403866 3.35000000
v 15.06193101 2.51415080 -3.75000000
v 15.06397678 2.48422064 -3.75000000
v 15.06397678 2.48422064 3.35000000
v 15.06193101 2.51415080 3.35000000
v 15.81376890 2.56682871 -3.75000000
v 15.81376890 2.56682871 3.35000000
v 13.60914526 1.58057210 3.32000000
v 15.38998028 1.69728602 3.32000000
v 15.40126007 1.53517798 3.32000000
v 15.40126007 1.53517798 3.35000000
v 15.38998028 1.69728602 3.35000000
v 13.60914526 1.58057210 3.35000000
v 13.60914526 1.58057210 3.32500000
v 13.58612703 1.95486498 3.32500000
v 15.36394998 2.07138149 3.32500000
v 15.38998028 1.69728602 3.32500000
v 15.36394998 2.07138149 3.35000000
v 13.58612703 1.95486498 3.35000000
v 13.58612703 1.95486498 3.32000000
v 15.33392837 2.50283827 3.32000000
v 15.36394998 2.07138149 3.32000000
v 15.33392837 2.50283827 3.35000000
v 15.84812875 1.56672532 3.32000000
v 15.77884341 2.53424770 3.32000000
v 15.81591678 2.53690570 3.32000000
v 15.88536491 1.56939500 3.32000000
v 15.84812875 1.56672532 3.35000000
v 15.77884341 2.53424770 3.35000000
v 15.36047927 2.12126089 3.32000000
v 15.80616469 2.15272470 3.32000000
v 15.36047927 2.12126089 3.35000000
v 15.80616469 2.15272470 3.35000000
v 13.59156483 2.35094763 3.35000000
v 13.58925797 2.38837661 3.35000000
v 14.68794045 2.45884036 3.35000000
v 14.69043382 2.42142334 3.35000000
v 13.59156483 2.35094763 3.51250000
v 14.69043382 2.42142334 3.51250000
v 14.68794045 2.45884036 3.51250000
v 13.58925797 2.38837661 3.51250000
v 15.78893793 2.49737467 3.35000000
v 15.78893793 2.49737467 3.51250000
v 15.78625812 2.53477880 3.51250000
vt 0.01562500 0.51562500
vt 0.48437500 0.51562500
vt 0.48437500 0.98437500
vt 0.01562500 0.98437500
vt 0.01562500 0.51562500
vt 0.48437500 0.51562500
vt 0.48437500 0.98437500
vt 0.01562500 0.98437500
vt 0.01562500 0.51562500
vt 0.48437500 0.51562500
vt 0.48437500 0.98437500
vt 0.01562500 0.98437500
vt 0.01562500 0.51562500
vt 0.48437500 0.51562500
vt 0.48437500 0.98437500
vt 0.01562500 0.98437500
vt 0.01562500 0.51562500
vt 0.48437500 0.51562500
vt 0.48437500 0.98437500
vt 0.01562500 0.98437500
vt 0.01562500 0.51562500
vt 0.48437500 0.51562500
vt 0.48437500 0.98437500
vt 0.01562500 0.98437500
vt 0.01562500 0.51562500
vt 0.48437500 0.51562500
vt 0.48437500 0.98437500
vt 0.01562500 0.98437500
vt 0.01562500 0.51562500
vt 0.48437500 0.51562500
vt 0.48437500 0.98437500
vt 0.01562500 0.98437500
vt 0.01562500 0.51562500
vt 0.48437500 0.51562500
vt 0.48437500 0.98437500
vt 0.01562500 0.98437500
vt 0.01562500 0.51562500
vt 0.48437500 0.51562500
vt 0.48437500 0.98437500
vt 0.01562500 0.98437500
vt 0.01562500 0.51562500
vt 0.48437500 0.51562500
vt 0.48437500 0.98437500
vt 0.01562500 0.98437500
vt 0.01562500 0.51562500
vt 0.48437500 0.51562500
vt 0.48437500 0.98437500
vt 0.01562500 0.98437500
vt 0.01562500 0.51562500
vt 0.48437500 0.51562500
vt 0.48437500 0.98437500
vt 0.01562500 0.98437500
vt 0.01562500 0.51562500
vt 0.48437500 0.51562500
vt 0.48437500 0.98437500
vt 0.01562500 0.98437500
vt 0.01562500 0.51562500
vt 0.48437500 0.51562500
vt 0.48437500 0.98437500
vt 0.01562500 0.98437500
vt 0.01562500 0.51562500
vt 0.48437500 0.51562500
vt 0.48437500 0.98437500
vt 0.01562500 0.98437500
vt 0.01562500 0.51562500
vt 0.48437500 0.51562500
vt 0.48437500 0.98437500
vt 0.01562500 0.98437500
vt 0.01562500 0.51562500
vt 0.48437500 0.51562500
vt 0.48437500 0.98437500
vt 0.01562500 0.98437500
vt 0.01562500 0.51562500
vt 0.48437500 0.51562500
vt 0.48437500 0.98437500
vt 0.01562500 0.98437500
vt 0.01562500 0.51562500
vt 0.48437500 0.51562500
vt 0.48437500 0.98437500
vt 0.01562500 0.98437500
vt 0.01562500 0.51562500
vt 0.48437500 0.51562500
vt 0.48437500 0.98437500
vt 0.01562500 0.98437500
vt 0.01562500 0.51562500
vt 0.48437500 0.51562500
vt 0.48437500 0.98437500
vt 0.01562500 0.98437500
vt 0.01562500 0.51562500
vt 0.48437500 0.51562500
vt 0.48437500 0.98437500
vt 0.01562500 0.98437500
vt 0.01562500 0.51562500
vt 0.48437500 0.51562500
vt 0.48437500 0.98437500
vt 0.01562500 0.98437500
vt 0.01562500 0.51562500
vt 0.48437500 0.51562500
vt 0.48437500 0.98437500
vt 0.01562500 0.98437500
vt 0.01562500 0.51562500
vt 0.48437500 0.51562500
vt 0.48437500 0.98437500
vt 0.01562500 0.98437500
vt 0.01562500 0.51562500
vt 0.48437500 0.51562500
vt 0.48437500 0.98437500
vt 0.01562500 0.98437500
vt 0.01562500 0.51562500
vt 0.48437500 0.51562500
vt 0.48437500 0.98437500
vt 0.01562500 0.98437500
vt 0.01562500 0.51562500
vt 0.48437500 0.51562500
vt 0.48437500 0.98437500
vt 0.01562500 0.98437500
vt 0.01562500 0.51562500
vt 0.48437500 0.51562500
vt 0.48437500 0.98437500
vt 0.01562500 0.98437500
vt 0.01562500 0.51562500
vt 0.48437500 0.51562500
vt 0.48437500 0.98437500
vt 0.01562500 0.98437500
vt 0.01562500 0.51562500
vt 0.48437500 0.51562500
vt 0.48437500 0.98437500
vt 0.01562500 0.98437500
vt 0.01562500 0.51562500
vt 0.48437500 0.51562500
vt 0.48437500 0.98437500
vt 0.01562500 0.98437500
vt 0.01562500 0.51562500
vt 0.48437500 0.51562500
vt 0.48437500 0.98437500
vt 0.01562500 0.98437500
vt 0.01562500 0.51562500
vt 0.48437500 0.51562500
vt 0.48437500 0.98437500
vt 0.01562500 0.98437500
vt 0.01562500 0.51562500
vt 0.48437500 0.51562500
vt 0.48437500 0.98437500
vt 0.01562500 0.98437500
vt 0.01562500 0.51562500
vt 0.48437500 0.51562500
vt 0.48437500 0.98437500
vt 0.01562500 0.98437500
vt 0.01562500 0.51562500
vt 0.48437500 0.51562500
vt 0.48437500 0.98437500
vt 0.01562500 0.98437500
vt 0.01562500 0.51562500
vt 0.48437500 0.51562500
vt 0.48437500 0.98437500
vt 0.01562500 0.98437500
vt 0.01562500 0.51562500
vt 0.48437500 0.51562500
vt 0.48437500 0.98437500
vt 0.01562500 0.98437500
vt 0.01562500 0.51562500
vt 0.48437500 0.51562500
vt 0.48437500 0.98437500
vt 0.01562500 0.98437500
vt 0.01562500 0.51562500
vt 0.48437500 0.51562500
vt 0.48437500 0.98437500
vt 0.01562500 0.98437500
vt 0.01562500 0.51562500
vt 0.48437500 0.51562500
vt 0.48437500 0.98437500
vt 0.01562500 0.98437500
vt 0.01562500 0.51562500
vt 0.48437500 0.51562500
vt 0.48437500 0.98437500
vt 0.01562500 0.98437500
vt 0.01562500 0.51562500
vt 0.48437500 0.51562500
vt 0.48437500 0.98437500
vt 0.01562500 0.98437500
vt 0.01562500 0.51562500
vt 0.48437500 0.51562500
vt 0.48437500 0.98437500
vt 0.01562500 0.98437500
vt 0.01562500 0.51562500
vt 0.48437500 0.51562500
vt 0.48437500 0.98437500
vt 0.01562500 0.98437500
vt 0.01562500 0.51562500
vt 0.48437500 0.51562500
vt 0.48437500 0.98437500
vt 0.01562500 0.98437500
vt 0.01562500 0.51562500
vt 0.48437500 0.51562500
vt 0.48437500 0.98437500
vt 0.01562500 0.98437500
vt 0.01562500 0.51562500
vt 0.48437500 0.51562500
vt 0.48437500 0.98437500
vt 0.01562500 0.98437500
vt 0.01562500 0.51562500
vt 0.48437500 0.51562500
vt 0.48437500 0.98437500
vt 0.01562500 0.98437500
vt 0.01562500 0.51562500
vt 0.48437500 0.51562500
vt 0.48437500 0.98437500
vt 0.01562500 0.98437500
vt 0.01562500 0.51562500
vt 0.48437500 0.51562500
vt 0.48437500 0.98437500
vt 0.01562500 0.98437500
vt 0.01562500 0.51562500
vt 0.48437500 0.51562500
vt 0.48437500 0.98437500
vt 0.01562500 0.98437500
vt 0.01562500 0.51562500
vt 0.48437500 0.51562500
vt 0.48437500 0.98437500
vt 0.01562500 0.98437500
vt 0.01562500 0.51562500
vt 0.48437500 0.51562500
vt 0.48437500 0.98437500
vt 0.01562500 0.98437500
vt 0.01562500 0.51562500
vt 0.48437500 0.51562500
vt 0.48437500 0.98437500
vt 0.01562500 0.98437500
vt 0.01562500 0.51562500
vt 0.48437500 0.51562500
vt 0.48437500 0.98437500
vt 0.01562500 0.98437500
vt 0.01562500 0.51562500
vt 0.48437500 0.51562500
vt 0.48437500 0.98437500
vt 0.01562500 0.98437500
vt 0.01562500 0.51562500
vt 0.48437500 0.51562500
vt 0.48437500 0.98437500
vt 0.01562500 0.98437500
vt 0.01562500 0.51562500
vt 0.48437500 0.51562500
vt 0.48437500 0.98437500
vt 0.01562500 0.98437500
vt 0.01562500 0.51562500
vt 0.48437500 0.51562500
vt 0.48437500 0.98437500
vt 0.01562500 0.98437500
vt 0.01562500 0.51562500
vt 0.48437500 0.51562500
vt 0.48437500 0.98437500
vt 0.01562500 0.98437500
vt 0.01562500 0.51562500
vt 0.48437500 0.51562500
vt 0.48437500 0.98437500
vt 0.01562500 0.98437500
vt 0.01562500 0.51562500
vt 0.48437500 0.51562500
vt 0.48437500 0.98437500
vt 0.01562500 0.98437500
vt 0.01562500 0.51562500
vt 0.48437500 0.51562500
vt 0.48437500 0.98437500
vt 0.01562500 0.98437500
vt 0.01562500 0.51562500
vt 0.48437500 0.51562500
vt 0.48437500 0.98437500
vt 0.01562500 0.98437500
vt 0.01562500 0.51562500
vt 0.48437500 0.51562500
vt 0.48437500 0.98437500
vt 0.01562500 0.98437500
vt 0.01562500 0.51562500
vt 0.48437500 0.51562500
vt 0.48437500 0.98437500
vt 0.01562500 0.98437500
vt 0.01562500 0.51562500
vt 0.48437500 0.51562500
vt 0.48437500 0.98437500
vt 0.01562500 0.98437500
vt 0.01562500 0.51562500
vt 0.48437500 0.51562500
vt 0.48437500 0.98437500
vt 0.01562500 0.98437500
vt 0.01562500 0.51562500
vt 0.48437500 0.51562500
vt 0.48437500 0.98437500
vt 0.01562500 0.98437500
vt 0.01562500 0.51562500
vt 0.48437500 0.51562500
vt 0.48437500 0.98437500
vt 0.01562500 0.98437500
vt 0.01562500 0.51562500
vt 0.48437500 0.51562500
vt 0.48437500 0.98437500
vt 0.01562500 0.98437500
vt 0.01562500 0.51562500
vt 0.48437500 0.51562500
vt 0.48437500 0.98437500
vt 0.01562500 0.98437500
vt 0.01562500 0.51562500
vt 0.48437500 0.51562500
vt 0.48437500 0.98437500
vt 0.01562500 0.98437500
vt 0.01562500 0.51562500
vt 0.48437500 0.51562500
vt 0.48437500 0.98437500
vt 0.01562500 0.98437500
vt 0.01562500 0.51562500
vt 0.48437500 0.51562500
vt 0.48437500 0.98437500
vt 0.01562500 0.98437500
vt 0.01562500 0.51562500
vt 0.48437500 0.51562500
vt 0.48437500 0.98437500
vt 0.01562500 0.98437500
vt 0.01562500 0.51562500
vt 0.48437500 0.51562500
vt 0.48437500 0.98437500
vt 0.01562500 0.98437500
vt 0.01562500 0.51562500
vt 0.48437500 0.51562500
vt 0.48437500 0.98437500
vt 0.01562500 0.98437500
vt 0.01562500 0.51562500
vt 0.48437500 0.51562500
vt 0.48437500 0.98437500
vt 0.01562500 0.98437500
vt 0.01562500 0.51562500
vt 0.48437500 0.51562500
vt 0.48437500 0.98437500
vt 0.01562500 0.98437500
vt 0.01562500 0.51562500
vt 0.48437500 0.51562500
vt 0.48437500 0.98437500
vt 0.01562500 0.98437500
vt 0.01562500 0.51562500
vt 0.48437500 0.51562500
vt 0.48437500 0.98437500
vt 0.01562500 0.98437500
vt 0.01562500 0.51562500
vt 0.48437500 0.51562500
vt 0.48437500 0.98437500
vt 0.01562500 0.98437500
vt 0.01562500 0.51562500
vt 0.48437500 0.51562500
vt 0.48437500 0.98437500
vt 0.01562500 0.98437500
vt 0.01562500 0.51562500
vt 0.48437500 0.51562500
vt 0.48437500 0.98437500
vt 0.01562500 0.98437500
vt 0.01562500 0.51562500
vt 0.48437500 0.51562500
vt 0.48437500 0.98437500
vt 0.01562500 0.98437500
vt 0.01562500 0.51562500
vt 0.48437500 0.51562500
vt 0.48437500 0.98437500
vt 0.01562500 0.98437500
vt 0.01562500 0.51562500
vt 0.48437500 0.51562500
vt 0.48437500 0.98437500
vt 0.01562500 0.98437500
vt 0.01562500 0.51562500
vt 0.48437500 0.51562500
vt 0.48437500 0.98437500
vt 0.01562500 0.98437500
vt 0.01562500 0.51562500
vt 0.48437500 0.51562500
vt 0.48437500 0.98437500
vt 0.01562500 0.98437500
vt 0.01562500 0.51562500
vt 0.48437500 0.51562500
vt 0.48437500 0.98437500
vt 0.01562500 0.98437500
vt 0.01562500 0.51562500
vt 0.48437500 0.51562500
vt 0.48437500 0.98437500
vt 0.01562500 0.98437500
vt 0.01562500 0.51562500
vt 0.48437500 0.51562500
vt 0.48437500 0.98437500
vt 0.01562500 0.98437500
vt 0.01562500 0.51562500
vt 0.48437500 0.51562500
vt 0.48437500 0.98437500
vt 0.01562500 0.98437500
vt 0.01562500 0.51562500
vt 0.48437500 0.51562500
vt 0.48437500 0.98437500
vt 0.01562500 0.98437500
vt 0.01562500 0.51562500
vt 0.48437500 0.51562500
vt 0.48437500 0.98437500
vt 0.01562500 0.98437500
vt 0.01562500 0.51562500
vt 0.48437500 0.51562500
vt 0.48437500 0.98437500
vt 0.01562500 0.98437500
vt 0.01562500 0.51562500
vt 0.48437500 0.51562500
vt 0.48437500 0.98437500
vt 0.01562500 0.98437500
vt 0.01562500 0.51562500
vt 0.48437500 0.51562500
vt 0.48437500 0.98437500
vt 0.01562500 0.98437500
vt 0.01562500 0.51562500
vt 0.48437500 0.51562500
vt 0.48437500 0.98437500
vt 0.01562500 0.98437500
vt 0.01562500 0.51562500
vt 0.48437500 0.51562500
vt 0.48437500 0.98437500
vt 0.01562500 0.98437500
vt 0.01562500 0.51562500
vt 0.48437500 0.51562500
vt 0.48437500 0.98437500
vt 0.01562500 0.98437500
vt 0.01562500 0.51562500
vt 0.48437500 0.51562500
vt 0.48437500 0.98437500
vt 0.01562500 0.98437500
vt 0.01562500 0.51562500
vt 0.48437500 0.51562500
vt 0.48437500 0.98437500
vt 0.01562500 0.98437500
vt 0.01562500 0.51562500
vt 0.48437500 0.51562500
vt 0.48437500 0.98437500
vt 0.01562500 0.98437500
vt 0.01562500 0.51562500
vt 0.48437500 0.51562500
vt 0.48437500 0.98437500
vt 0.01562500 0.98437500
vt 0.01562500 0.51562500
vt 0.48437500 0.51562500
vt 0.48437500 0.98437500
vt 0.01562500 0.98437500
vt 0.01562500 0.51562500
vt 0.48437500 0.51562500
vt 0.48437500 0.98437500
vt 0.01562500 0.98437500
vt 0.01562500 0.51562500
vt 0.48437500 0.51562500
vt 0.48437500 0.98437500
vt 0.01562500 0.98437500
vt 0.01562500 0.51562500
vt 0.48437500 0.51562500
vt 0.48437500 0.98437500
vt 0.01562500 0.98437500
vt 0.01562500 0.51562500
vt 0.48437500 0.51562500
vt 0.48437500 0.98437500
vt 0.01562500 0.98437500
vt 0.01562500 0.51562500
vt 0.48437500 0.51562500
vt 0.48437500 0.98437500
vt 0.01562500 0.98437500
vt 0.01562500 0.51562500
vt 0.48437500 0.51562500
vt 0.48437500 0.98437500
vt 0.01562500 0.98437500
vt 0.01562500 0.51562500
vt 0.48437500 0.51562500
vt 0.48437500 0.98437500
vt 0.01562500 0.98437500
vt 0.01562500 0.51562500
vt 0.48437500 0.51562500
vt 0.48437500 0.98437500
vt 0.01562500 0.98437500
vt 0.01562500 0.51562500
vt 0.48437500 0.51562500
vt 0.48437500 0.98437500
vt 0.01562500 0.98437500
vt 0.01562500 0.51562500
vt 0.48437500 0.51562500
vt 0.48437500 0.98437500
vt 0.01562500 0.98437500
vt 0.01562500 0.51562500
vt 0.48437500 0.51562500
vt 0.48437500 0.98437500
vt 0.01562500 0.98437500
vt 0.01562500 0.51562500
vt 0.48437500 0.51562500
vt 0.48437500 0.98437500
vt 0.01562500 0.98437500
vt 0.01562500 0.51562500
vt 0.48437500 0.51562500
vt 0.48437500 0.98437500
vt 0.01562500 0.98437500
vt 0.01562500 0.51562500
vt 0.48437500 0.51562500
vt 0.48437500 0.98437500
vt 0.01562500 0.98437500
vt 0.01562500 0.51562500
vt 0.48437500 0.51562500
vt 0.48437500 0.98437500
vt 0.01562500 0.98437500
vt 0.01562500 0.51562500
vt 0.48437500 0.51562500
vt 0.48437500 0.98437500
vt 0.01562500 0.98437500
vt 0.01562500 0.51562500
vt 0.48437500 0.51562500
vt 0.48437500 0.98437500
vt 0.01562500 0.98437500
vt 0.01562500 0.51562500
vt 0.48437500 0.51562500
vt 0.48437500 0.98437500
vt 0.01562500 0.98437500
vt 0.01562500 0.51562500
vt 0.48437500 0.51562500
vt 0.48437500 0.98437500
vt 0.01562500 0.98437500
vt 0.01562500 0.51562500
vt 0.48437500 0.51562500
vt 0.48437500 0.98437500
vt 0.01562500 0.98437500
vt 0.01562500 0.51562500
vt 0.48437500 0.51562500
vt 0.48437500 0.98437500
vt 0.01562500 0.98437500
vt 0.01562500 0.51562500
vt 0.48437500 0.51562500
vt 0.48437500 0.98437500
vt 0.01562500 0.98437500
vt 0.01562500 0.51562500
vt 0.48437500 0.51562500
vt 0.48437500 0.98437500
vt 0.01562500 0.98437500
vt 0.01562500 0.51562500
vt 0.48437500 0.51562500
vt 0.48437500 0.98437500
vt 0.01562500 0.98437500
vt 0.01562500 0.51562500
vt 0.48437500 0.51562500
vt 0.48437500 0.98437500
vt 0.01562500 0.98437500
vt 0.01562500 0.51562500
vt 0.48437500 0.51562500
vt 0.48437500 0.98437500
vt 0.01562500 0.98437500
vt 0.01562500 0.51562500
vt 0.48437500 0.51562500
vt 0.48437500 0.98437500
vt 0.01562500 0.98437500
vt 0.01562500 0.51562500
vt 0.48437500 0.51562500
vt 0.48437500 0.98437500
vt 0.01562500 0.98437500
vt 0.01562500 0.51562500
vt 0.48437500 0.51562500
vt 0.48437500 0.98437500
vt 0.01562500 0.98437500
vt 0.01562500 0.51562500
vt 0.48437500 0.51562500
vt 0.48437500 0.98437500
vt 0.01562500 0.98437500
vt 0.01562500 0.51562500
vt 0.48437500 0.51562500
vt 0.48437500 0.98437500
vt 0.01562500 0.98437500
vt 0.01562500 0.51562500
vt 0.48437500 0.51562500
vt 0.48437500 0.98437500
vt 0.01562500 0.98437500
vt 0.01562500 0.51562500
vt 0.48437500 0.51562500
vt 0.48437500 0.98437500
vt 0.01562500 0.98437500
vt 0.01562500 0.51562500
vt 0.48437500 0.51562500
vt 0.48437500 0.98437500
vt 0.01562500 0.98437500
vt 0.01562500 0.51562500
vt 0.48437500 0.51562500
vt 0.48437500 0.98437500
vt 0.01562500 0.98437500
vt 0.01562500 0.51562500
vt 0.48437500 0.51562500
vt 0.48437500 0.98437500
vt 0.01562500 0.98437500
vt 0.01562500 0.51562500
vt 0.48437500 0.51562500
vt 0.48437500 0.98437500
vt 0.01562500 0.98437500
vt 0.01562500 0.51562500
vt 0.48437500 0.51562500
vt 0.48437500 0.98437500
vt 0.01562500 0.98437500
vt 0.51562500 0.51562500
vt 0.98437500 0.51562500
vt 0.98437500 0.98437500
vt 0.51562500 0.98437500
vt 0.51562500 0.51562500
vt 0.98437500 0.51562500
vt 0.98437500 0.98437500
vt 0.51562500 0.98437500
vt 0.51562500 0.51562500
vt 0.98437500 0.51562500
vt 0.98437500 0.98437500
vt 0.51562500 0.98437500
vt 0.51562500 0.51562500
vt 0.98437500 0.51562500
vt 0.98437500 0.98437500
vt 0.51562500 0.98437500
vt 0.01562500 0.51562500
vt 0.48437500 0.51562500
vt 0.48437500 0.98437500
vt 0.01562500 0.98437500
vt 0.01562500 0.51562500
vt 0.48437500 0.51562500
vt 0.48437500 0.98437500
vt 0.01562500 0.98437500
vt 0.01562500 0.51562500
vt 0.48437500 0.51562500
vt 0.48437500 0.98437500
vt 0.01562500 0.98437500
vt 0.01562500 0.51562500
vt 0.48437500 0.51562500
vt 0.48437500 0.98437500
vt 0.01562500 0.98437500
vt 0.51562500 0.01562500
vt 0.73437500 0.01562500
vt 0.73437500 0.48437500
vt 0.51562500 0.48437500
vt 0.51562500 0.01562500
vt 0.73437500 0.01562500
vt 0.73437500 0.48437500
vt 0.51562500 0.48437500
vt 0.51562500 0.01562500
vt 0.73437500 0.01562500
vt 0.73437500 0.48437500
vt 0.51562500 0.48437500
vt 0.51562500 0.01562500
vt 0.73437500 0.01562500
vt 0.73437500 0.48437500
vt 0.51562500 0.48437500
vt 0.51562500 0.01562500
vt 0.73437500 0.01562500
vt 0.73437500 0.48437500
vt 0.51562500 0.48437500
vt 0.51562500 0.01562500
vt 0.73437500 0.01562500
vt 0.73437500 0.48437500
vt 0.51562500 0.48437500
vt 0.51562500 0.01562500
vt 0.73437500 0.01562500
vt 0.73437500 0.48437500
vt 0.51562500 0.48437500
vt 0.51562500 0.01562500
vt 0.73437500 0.01562500
vt 0.73437500 0.48437500
vt 0.51562500 0.48437500
vt 0.51562500 0.01562500
vt 0.73437500 0.01562500
vt 0.73437500 0.48437500
vt 0.51562500 0.48437500
vt 0.76562500 0.01562500
vt 0.98437500 0.01562500
vt 0.98437500 0.48437500
vt 0.76562500 0.48437500
vt 0.76562500 0.01562500
vt 0.98437500 0.01562500
vt 0.98437500 0.48437500
vt 0.76562500 0.48437500
vt 0.76562500 0.01562500
vt 0.98437500 0.01562500
vt 0.98437500 0.48437500
vt 0.76562500 0.48437500
vt 0.76562500 0.01562500
vt 0.98437500 0.01562500
vt 0.98437500 0.48437500
vt 0.76562500 0.48437500
vt 0.76562500 0.01562500
vt 0.98437500 0.01562500
vt 0.98437500 0.48437500
vt 0.76562500 0.48437500
vt 0.76562500 0.01562500
vt 0.98437500 0.01562500
vt 0.98437500 0.48437500
vt 0.76562500 0.48437500
vt 0.76562500 0.01562500
vt 0.98437500 0.01562500
vt 0.98437500 0.48437500
vt 0.76562500 0.48437500
vt 0.76562500 0.01562500
vt 0.98437500 0.01562500
vt 0.98437500 0.48437500
vt 0.76562500 0.48437500
vt 0.76562500 0.01562500
vt 0.98437500 0.01562500
vt 0.98437500 0.48437500
vt 0.76562500 0.48437500
vt 0.76562500 0.01562500
vt 0.98437500 0.01562500
vt 0.98437500 0.48437500
vt 0.76562500 0.48437500
vt 0.01562500 0.51562500
vt 0.48437500 0.51562500
vt 0.48437500 0.98437500
vt 0.01562500 0.98437500
vt 0.01562500 0.51562500
vt 0.48437500 0.51562500
vt 0.48437500 0.98437500
vt 0.01562500 0.98437500
vt 0.01562500 0.51562500
vt 0.48437500 0.51562500
vt 0.48437500 0.98437500
vt 0.01562500 0.98437500
vt 0.01562500 0.51562500
vt 0.48437500 0.51562500
vt 0.48437500 0.98437500
vt 0.01562500 0.98437500
vt 0.01562500 0.51562500
vt 0.48437500 0.51562500
vt 0.48437500 0.98437500
vt 0.01562500 0.98437500
vt 0.01562500 0.51562500
vt 0.48437500 0.51562500
vt 0.48437500 0.98437500
vt 0.01562500 0.98437500
vt 0.01562500 0.51562500
vt 0.48437500 0.51562500
vt 0.48437500 0.98437500
vt 0.01562500 0.98437500
vt 0.01562500 0.51562500
vt 0.48437500 0.51562500
vt 0.48437500 0.98437500
vt 0.01562500 0.98437500
vt 0.01562500 0.51562500
vt 0.48437500 0.51562500
vt 0.48437500 0.98437500
vt 0.01562500 0.98437500
vt 0.01562500 0.51562500
vt 0.48437500 0.51562500
vt 0.48437500 0.98437500
vt 0.01562500 0.98437500
vt 0.51562500 0.51562500
vt 0.98437500 0.51562500
vt 0.98437500 0.98437500
vt 0.51562500 0.98437500
vt 0.51562500 0.51562500
vt 0.98437500 0.51562500
vt 0.98437500 0.98437500
vt 0.51562500 0.98437500
vt 0.51562500 0.51562500
vt 0.98437500 0.51562500
vt 0.98437500 0.98437500
vt 0.51562500 0.98437500
vt 0.51562500 0.51562500
vt 0.98437500 0.51562500
vt 0.98437500 0.98437500
vt 0.51562500 0.98437500
vt 0.01562500 0.51562500
vt 0.48437500 0.51562500
vt 0.48437500 0.98437500
vt 0.01562500 0.98437500
vt 0.01562500 0.51562500
vt 0.48437500 0.51562500
vt 0.48437500 0.98437500
vt 0.01562500 0.98437500
vt 0.01562500 0.51562500
vt 0.48437500 0.51562500
vt 0.48437500 0.98437500
vt 0.01562500 0.98437500
vt 0.01562500 0.51562500
vt 0.48437500 0.51562500
vt 0.48437500 0.98437500
vt 0.01562500 0.98437500
vt 0.51562500 0.01562500
vt 0.73437500 0.01562500
vt 0.73437500 0.48437500
vt 0.51562500 0.48437500
vt 0.51562500 0.01562500
vt 0.73437500 0.01562500
vt 0.73437500 0.48437500
vt 0.51562500 0.48437500
vt 0.51562500 0.01562500
vt 0.73437500 0.01562500
vt 0.73437500 0.48437500
vt 0.51562500 0.48437500
vt 0.51562500 0.01562500
vt 0.73437500 0.01562500
vt 0.73437500 0.48437500
vt 0.51562500 0.48437500
vt 0.51562500 0.01562500
vt 0.73437500 0.01562500
vt 0.73437500 0.48437500
vt 0.51562500 0.48437500
vt 0.51562500 0.01562500
vt 0.73437500 0.01562500
vt 0.73437500 0.48437500
vt 0.51562500 0.48437500
vt 0.51562500 0.01562500
vt 0.73437500 0.01562500
vt 0.73437500 0.48437500
vt 0.51562500 0.48437500
vt 0.51562500 0.01562500
vt 0.73437500 0.01562500
vt 0.73437500 0.48437500
vt 0.51562500 0.48437500
vt 0.51562500 0.01562500
vt 0.73437500 0.01562500
vt 0.73437500 0.48437500
vt 0.51562500 0.48437500
vt 0.76562500 0.01562500
vt 0.98437500 0.01562500
vt 0.98437500 0.48437500
vt 0.76562500 0.48437500
vt 0.76562500 0.01562500
vt 0.98437500 0.01562500
vt 0.98437500 0.48437500
vt 0.76562500 0.48437500
vt 0.76562500 0.01562500
vt 0.98437500 0.01562500
vt 0.98437500 0.48437500
vt 0.76562500 0.48437500
vt 0.76562500 0.01562500
vt 0.98437500 0.01562500
vt 0.98437500 0.48437500
vt 0.76562500 0.48437500
vt 0.76562500 0.01562500
vt 0.98437500 0.01562500
vt 0.98437500 0.48437500
vt 0.76562500 0.48437500
vt 0.76562500 0.01562500
vt 0.98437500 0.01562500
vt 0.98437500 0.48437500
vt 0.76562500 0.48437500
vt 0.76562500 0.01562500
vt 0.98437500 0.01562500
vt 0.98437500 0.48437500
vt 0.76562500 0.48437500
vt 0.76562500 0.01562500
vt 0.98437500 0.01562500
vt 0.98437500 0.48437500
vt 0.76562500 0.48437500
vt 0.76562500 0.01562500
vt 0.98437500 0.01562500
vt 0.98437500 0.48437500
vt 0.76562500 0.48437500
vt 0.76562500 0.01562500
vt 0.98437500 0.01562500
vt 0.98437500 0.48437500
vt 0.76562500 0.48437500
vt 0.01562500 0.51562500
vt 0.48437500 0.51562500
vt 0.48437500 0.98437500
vt 0.01562500 0.98437500
vt 0.01562500 0.51562500
vt 0.48437500 0.51562500
vt 0.48437500 0.98437500
vt 0.01562500 0.98437500
vt 0.01562500 0.51562500
vt 0.48437500 0.51562500
vt 0.48437500 0.98437500
vt 0.01562500 0.98437500
vt 0.01562500 0.51562500
vt 0.48437500 0.51562500
vt 0.48437500 0.98437500
vt 0.01562500 0.98437500
vt 0.01562500 0.51562500
vt 0.48437500 0.51562500
vt 0.48437500 0.98437500
vt 0.01562500 0.98437500
vt 0.01562500 0.51562500
vt 0.48437500 0.51562500
vt 0.48437500 0.98437500
vt 0.01562500 0.98437500
vt 0.01562500 0.51562500
vt 0.48437500 0.51562500
vt 0.48437500 0.98437500
vt 0.01562500 0.98437500
vt 0.01562500 0.51562500
vt 0.48437500 0.51562500
vt 0.48437500 0.98437500
vt 0.01562500 0.98437500
vt 0.01562500 0.51562500
vt 0.48437500 0.51562500
vt 0.48437500 0.98437500
vt 0.01562500 0.98437500
vt 0.01562500 0.51562500
vt 0.48437500 0.51562500
vt 0.48437500 0.98437500
vt 0.01562500 0.98437500
vt 0.51562500 0.51562500
vt 0.98437500 0.51562500
vt 0.98437500 0.98437500
vt 0.51562500 0.98437500
vt 0.51562500 0.51562500
vt 0.98437500 0.51562500
vt 0.98437500 0.98437500
vt 0.51562500 0.98437500
vt 0.51562500 0.51562500
vt 0.98437500 0.51562500
vt 0.98437500 0.98437500
vt 0.51562500 0.98437500
vt 0.51562500 0.51562500
vt 0.98437500 0.51562500
vt 0.98437500 0.98437500
vt 0.51562500 0.98437500
vt 0.01562500 0.51562500
vt 0.48437500 0.51562500
vt 0.48437500 0.98437500
vt 0.01562500 0.98437500
vt 0.01562500 0.51562500
vt 0.48437500 0.51562500
vt 0.48437500 0.98437500
vt 0.01562500 0.98437500
vt 0.01562500 0.51562500
vt 0.48437500 0.51562500
vt 0.48437500 0.98437500
vt 0.01562500 0.98437500
vt 0.01562500 0.51562500
vt 0.48437500 0.51562500
vt 0.48437500 0.98437500
vt 0.01562500 0.98437500
vt 0.51562500 0.01562500
vt 0.73437500 0.01562500
vt 0.73437500 0.48437500
vt 0.51562500 0.48437500
vt 0.51562500 0.01562500
vt 0.73437500 0.01562500
vt 0.73437500 0.48437500
vt 0.51562500 0.48437500
vt 0.51562500 0.01562500
vt 0.73437500 0.01562500
vt 0.73437500 0.48437500
vt 0.51562500 0.48437500
vt 0.51562500 0.01562500
vt 0.73437500 0.01562500
vt 0.73437500 0.48437500
vt 0.51562500 0.48437500
vt 0.51562500 0.01562500
vt 0.73437500 0.01562500
vt 0.73437500 0.48437500
vt 0.51562500 0.48437500
vt 0.51562500 0.01562500
vt 0.73437500 0.01562500
vt 0.73437500 0.48437500
vt 0.51562500 0.48437500
vt 0.51562500 0.01562500
vt 0.73437500 0.01562500
vt 0.73437500 0.48437500
vt 0.51562500 0.48437500
vt 0.51562500 0.01562500
vt 0.73437500 0.01562500
vt 0.73437500 0.48437500
vt 0.51562500 0.48437500
vt 0.51562500 0.01562500
vt 0.73437500 0.01562500
vt 0.73437500 0.48437500
vt 0.51562500 0.48437500
vt 0.76562500 0.01562500
vt 0.98437500 0.01562500
vt 0.98437500 0.48437500
vt 0.76562500 0.48437500
vt 0.76562500 0.01562500
vt 0.98437500 0.01562500
vt 0.98437500 0.48437500
vt 0.76562500 0.48437500
vt 0.76562500 0.01562500
vt 0.98437500 0.01562500
vt 0.98437500 0.48437500
vt 0.76562500 0.48437500
vt 0.76562500 0.01562500
vt 0.98437500 0.01562500
vt 0.98437500 0.48437500
vt 0.76562500 0.48437500
vt 0.76562500 0.01562500
vt 0.98437500 0.01562500
vt 0.98437500 0.48437500
vt 0.76562500 0.48437500
vt 0.76562500 0.01562500
vt 0.98437500 0.01562500
vt 0.98437500 0.48437500
vt 0.76562500 0.48437500
vt 0.76562500 0.01562500
vt 0.98437500 0.01562500
vt 0.98437500 0.48437500
vt 0.76562500 0.48437500
vt 0.76562500 0.01562500
vt 0.98437500 0.01562500
vt 0.98437500 0.48437500
vt 0.76562500 0.48437500
vt 0.76562500 0.01562500
vt 0.98437500 0.01562500
vt 0.98437500 0.48437500
vt 0.76562500 0.48437500
vt 0.76562500 0.01562500
vt 0.98437500 0.01562500
vt 0.98437500 0.48437500
vt 0.76562500 0.48437500
vt 0.01562500 0.51562500
vt 0.48437500 0.51562500
vt 0.48437500 0.98437500
vt 0.01562500 0.98437500
vt 0.01562500 0.51562500
vt 0.48437500 0.51562500
vt 0.48437500 0.98437500
vt 0.01562500 0.98437500
vt 0.01562500 0.51562500
vt 0.48437500 0.51562500
vt 0.48437500 0.98437500
vt 0.01562500 0.98437500
vt 0.01562500 0.51562500
vt 0.48437500 0.51562500
vt 0.48437500 0.98437500
vt 0.01562500 0.98437500
vt 0.01562500 0.51562500
vt 0.48437500 0.51562500
vt 0.48437500 0.98437500
vt 0.01562500 0.98437500
vt 0.01562500 0.51562500
vt 0.48437500 0.51562500
vt 0.48437500 0.98437500
vt 0.01562500 0.98437500
vt 0.01562500 0.51562500
vt 0.48437500 0.51562500
vt 0.48437500 0.98437500
vt 0.01562500 0.98437500
vt 0.01562500 0.51562500
vt 0.48437500 0.51562500
vt 0.48437500 0.98437500
vt 0.01562500 0.98437500
vt 0.01562500 0.51562500
vt 0.48437500 0.51562500
vt 0.48437500 0.98437500
vt 0.01562500 0.98437500
vt 0.01562500 0.51562500
vt 0.48437500 0.51562500
vt 0.48437500 0.98437500
vt 0.01562500 0.98437500
vt 0.51562500 0.51562500
vt 0.98437500 0.51562500
vt 0.98437500 0.98437500
vt 0.51562500 0.98437500
vt 0.51562500 0.51562500
vt 0.98437500 0.51562500
vt 0.98437500 0.98437500
vt 0.51562500 0.98437500
vt 0.51562500 0.51562500
vt 0.98437500 0.51562500
vt 0.98437500 0.98437500
vt 0.51562500 0.98437500
vt 0.51562500 0.51562500
vt 0.98437500 0.51562500
vt 0.98437500 0.98437500
vt 0.51562500 0.98437500
vt 0.01562500 0.51562500
vt 0.48437500 0.51562500
vt 0.48437500 0.98437500
vt 0.01562500 0.98437500
vt 0.01562500 0.51562500
vt 0.48437500 0.51562500
vt 0.48437500 0.98437500
vt 0.01562500 0.98437500
vt 0.01562500 0.51562500
vt 0.48437500 0.51562500
vt 0.48437500 0.98437500
vt 0.01562500 0.98437500
vt 0.01562500 0.51562500
vt 0.48437500 0.51562500
vt 0.48437500 0.98437500
vt 0.01562500 0.98437500
vt 0.51562500 0.01562500
vt 0.73437500 0.01562500
vt 0.73437500 0.48437500
vt 0.51562500 0.48437500
vt 0.51562500 0.01562500
vt 0.73437500 0.01562500
vt 0.73437500 0.48437500
vt 0.51562500 0.48437500
vt 0.51562500 0.01562500
vt 0.73437500 0.01562500
vt 0.73437500 0.48437500
vt 0.51562500 0.48437500
vt 0.51562500 0.01562500
vt 0.73437500 0.01562500
vt 0.73437500 0.48437500
vt 0.51562500 0.48437500
vt 0.51562500 0.01562500
vt 0.73437500 0.01562500
vt 0.73437500 0.48437500
vt 0.51562500 0.48437500
vt 0.51562500 0.01562500
vt 0.73437500 0.01562500
vt 0.73437500 0.48437500
vt 0.51562500 0.48437500
vt 0.51562500 0.01562500
vt 0.73437500 0.01562500
vt 0.73437500 0.48437500
vt 0.51562500 0.48437500
vt 0.51562500 0.01562500
vt 0.73437500 0.01562500
vt 0.73437500 0.48437500
vt 0.51562500 0.48437500
vt 0.51562500 0.01562500
vt 0.73437500 0.01562500
vt 0.73437500 0.48437500
vt 0.51562500 0.48437500
vt 0.76562500 0.01562500
vt 0.98437500 0.01562500
vt 0.98437500 0.48437500
vt 0.76562500 0.48437500
vt 0.76562500 0.01562500
vt 0.98437500 0.01562500
vt 0.98437500 0.48437500
vt 0.76562500 0.48437500
vt 0.76562500 0.01562500
vt 0.98437500 0.01562500
vt 0.98437500 0.48437500
vt 0.76562500 0.48437500
vt 0.76562500 0.01562500
vt 0.98437500 0.01562500
vt 0.98437500 0.48437500
vt 0.76562500 0.48437500
vt 0.76562500 0.01562500
vt 0.98437500 0.01562500
vt 0.98437500 0.48437500
vt 0.76562500 0.48437500
vt 0.76562500 0.01562500
vt 0.98437500 0.01562500
vt 0.98437500 0.48437500
vt 0.76562500 0.48437500
vt 0.76562500 0.01562500
vt 0.98437500 0.01562500
vt 0.98437500 0.48437500
vt 0.76562500 0.48437500
vt 0.76562500 0.01562500
vt 0.98437500 0.01562500
vt 0.98437500 0.48437500
vt 0.76562500 0.48437500
vt 0.76562500 0.01562500
vt 0.98437500 0.01562500
vt 0.98437500 0.48437500
vt 0.76562500 0.48437500
vt 0.76562500 0.01562500
vt 0.98437500 0.01562500
vt 0.98437500 0.48437500
vt 0.76562500 0.48437500
vt 0.01562500 0.51562500
vt 0.48437500 0.51562500
vt 0.48437500 0.98437500
vt 0.01562500 0.98437500
vt 0.01562500 0.51562500
vt 0.48437500 0.51562500
vt 0.48437500 0.98437500
vt 0.01562500 0.98437500
vt 0.01562500 0.51562500
vt 0.48437500 0.51562500
vt 0.48437500 0.98437500
vt 0.01562500 0.98437500
vt 0.01562500 0.51562500
vt 0.48437500 0.51562500
vt 0.48437500 0.98437500
vt 0.01562500 0.98437500
vt 0.01562500 0.51562500
vt 0.48437500 0.51562500
vt 0.48437500 0.98437500
vt 0.01562500 0.98437500
vt 0.01562500 0.51562500
vt 0.48437500 0.51562500
vt 0.48437500 0.98437500
vt 0.01562500 0.98437500
vt 0.01562500 0.51562500
vt 0.48437500 0.51562500
vt 0.48437500 0.98437500
vt 0.01562500 0.98437500
vt 0.01562500 0.51562500
vt 0.48437500 0.51562500
vt 0.48437500 0.98437500
vt 0.01562500 0.98437500
vt 0.01562500 0.51562500
vt 0.48437500 0.51562500
vt 0.48437500 0.98437500
vt 0.01562500 0.98437500
vt 0.01562500 0.51562500
vt 0.48437500 0.51562500
vt 0.48437500 0.98437500
vt 0.01562500 0.98437500
vt 0.51562500 0.51562500
vt 0.98437500 0.51562500
vt 0.98437500 0.98437500
vt 0.51562500 0.98437500
vt 0.51562500 0.51562500
vt 0.98437500 0.51562500
vt 0.98437500 0.98437500
vt 0.51562500 0.98437500
vt 0.51562500 0.51562500
vt 0.98437500 0.51562500
vt 0.98437500 0.98437500
vt 0.51562500 0.98437500
vt 0.51562500 0.51562500
vt 0.98437500 0.51562500
vt 0.98437500 0.98437500
vt 0.51562500 0.98437500
vt 0.01562500 0.51562500
vt 0.48437500 0.51562500
vt 0.48437500 0.98437500
vt 0.01562500 0.98437500
vt 0.01562500 0.51562500
vt 0.48437500 0.51562500
vt 0.48437500 0.98437500
vt 0.01562500 0.98437500
vt 0.01562500 0.51562500
vt 0.48437500 0.51562500
vt 0.48437500 0.98437500
vt 0.01562500 0.98437500
vt 0.01562500 0.51562500
vt 0.48437500 0.51562500
vt 0.48437500 0.98437500
vt 0.01562500 0.98437500
vt 0.51562500 0.01562500
vt 0.73437500 0.01562500
vt 0.73437500 0.48437500
vt 0.51562500 0.48437500
vt 0.51562500 0.01562500
vt 0.73437500 0.01562500
vt 0.73437500 0.48437500
vt 0.51562500 0.48437500
vt 0.51562500 0.01562500
vt 0.73437500 0.01562500
vt 0.73437500 0.48437500
vt 0.51562500 0.48437500
vt 0.51562500 0.01562500
vt 0.73437500 0.01562500
vt 0.73437500 0.48437500
vt 0.51562500 0.48437500
vt 0.51562500 0.01562500
vt 0.73437500 0.01562500
vt 0.73437500 0.48437500
vt 0.51562500 0.48437500
vt 0.51562500 0.01562500
vt 0.73437500 0.01562500
vt 0.73437500 0.48437500
vt 0.51562500 0.48437500
vt 0.51562500 0.01562500
vt 0.73437500 0.01562500
vt 0.73437500 0.48437500
vt 0.51562500 0.48437500
vt 0.51562500 0.01562500
vt 0.73437500 0.01562500
vt 0.73437500 0.48437500
vt 0.51562500 0.48437500
vt 0.51562500 0.01562500
vt 0.73437500 0.01562500
vt 0.73437500 0.48437500
vt 0.51562500 0.48437500
vt 0.76562500 0.01562500
vt 0.98437500 0.01562500
vt 0.98437500 0.48437500
vt 0.76562500 0.48437500
vt 0.76562500 0.01562500
vt 0.98437500 0.01562500
vt 0.98437500 0.48437500
vt 0.76562500 0.48437500
vt 0.76562500 0.01562500
vt 0.98437500 0.01562500
vt 0.98437500 0.48437500
vt 0.76562500 0.48437500
vt 0.76562500 0.01562500
vt 0.98437500 0.01562500
vt 0.98437500 0.48437500
vt 0.76562500 0.48437500
vt 0.76562500 0.01562500
vt 0.98437500 0.01562500
vt 0.98437500 0.48437500
vt 0.76562500 0.48437500
vt 0.76562500 0.01562500
vt 0.98437500 0.01562500
vt 0.98437500 0.48437500
vt 0.76562500 0.48437500
vt 0.76562500 0.01562500
vt 0.98437500 0.01562500
vt 0.98437500 0.48437500
vt 0.76562500 0.48437500
vt 0.76562500 0.01562500
vt 0.98437500 0.01562500
vt 0.98437500 0.48437500
vt 0.76562500 0.48437500
vt 0.76562500 0.01562500
vt 0.98437500 0.01562500
vt 0.98437500 0.48437500
vt 0.76562500 0.48437500
vt 0.76562500 0.01562500
vt 0.98437500 0.01562500
vt 0.98437500 0.48437500
vt 0.76562500 0.48437500
vt 0.01562500 0.51562500
vt 0.48437500 0.51562500
vt 0.48437500 0.98437500
vt 0.01562500 0.98437500
vt 0.01562500 0.51562500
vt 0.48437500 0.51562500
vt 0.48437500 0.98437500
vt 0.01562500 0.98437500
vt 0.01562500 0.51562500
vt 0.48437500 0.51562500
vt 0.48437500 0.98437500
vt 0.01562500 0.98437500
vt 0.01562500 0.51562500
vt 0.48437500 0.51562500
vt 0.48437500 0.98437500
vt 0.01562500 0.98437500
vt 0.01562500 0.51562500
vt 0.48437500 0.51562500
vt 0.48437500 0.98437500
vt 0.01562500 0.98437500
vt 0.01562500 0.51562500
vt 0.48437500 0.51562500
vt 0.48437500 0.98437500
vt 0.01562500 0.98437500
vt 0.01562500 0.51562500
vt 0.48437500 0.51562500
vt 0.48437500 0.98437500
vt 0.01562500 0.98437500
vt 0.01562500 0.51562500
vt 0.48437500 0.51562500
vt 0.48437500 0.98437500
vt 0.01562500 0.98437500
vt 0.01562500 0.51562500
vt 0.48437500 0.51562500
vt 0.48437500 0.98437500
vt 0.01562500 0.98437500
vt 0.01562500 0.51562500
vt 0.48437500 0.51562500
vt 0.48437500 0.98437500
vt 0.01562500 0.98437500
vt 0.51562500 0.51562500
vt 0.98437500 0.51562500
vt 0.98437500 0.98437500
vt 0.51562500 0.98437500
vt 0.51562500 0.51562500
vt 0.98437500 0.51562500
vt 0.98437500 0.98437500
vt 0.51562500 0.98437500
vt 0.51562500 0.51562500
vt 0.98437500 0.51562500
vt 0.98437500 0.98437500
vt 0.51562500 0.98437500
vt 0.51562500 0.51562500
vt 0.98437500 0.51562500
vt 0.98437500 0.98437500
vt 0.51562500 0.98437500
vt 0.01562500 0.51562500
vt 0.48437500 0.51562500
vt 0.48437500 0.98437500
vt 0.01562500 0.98437500
vt 0.01562500 0.51562500
vt 0.48437500 0.51562500
vt 0.48437500 0.98437500
vt 0.01562500 0.98437500
vt 0.01562500 0.51562500
vt 0.48437500 0.51562500
vt 0.48437500 0.98437500
vt 0.01562500 0.98437500
vt 0.01562500 0.51562500
vt 0.48437500 0.51562500
vt 0.48437500 0.98437500
vt 0.01562500 0.98437500
vt 0.51562500 0.01562500
vt 0.73437500 0.01562500
vt 0.73437500 0.48437500
vt 0.51562500 0.48437500
vt 0.51562500 0.01562500
vt 0.73437500 0.01562500
vt 0.73437500 0.48437500
vt 0.51562500 0.48437500
vt 0.51562500 0.01562500
vt 0.73437500 0.01562500
vt 0.73437500 0.48437500
vt 0.51562500 0.48437500
vt 0.51562500 0.01562500
vt 0.73437500 0.01562500
vt 0.73437500 0.48437500
vt 0.51562500 0.48437500
vt 0.51562500 0.01562500
vt 0.73437500 0.01562500
vt 0.73437500 0.48437500
vt 0.51562500 0.48437500
vt 0.51562500 0.01562500
vt 0.73437500 0.01562500
vt 0.73437500 0.48437500
vt 0.51562500 0.48437500
vt 0.51562500 0.01562500
vt 0.73437500 0.01562500
vt 0.73437500 0.48437500
vt 0.51562500 0.48437500
vt 0.51562500 0.01562500
vt 0.73437500 0.01562500
vt 0.73437500 0.48437500
vt 0.51562500 0.48437500
vt 0.51562500 0.01562500
vt 0.73437500 0.01562500
vt 0.73437500 0.48437500
vt 0.51562500 0.48437500
vt 0.76562500 0.01562500
vt 0.98437500 0.01562500
vt 0.98437500 0.48437500
vt 0.76562500 0.48437500
vt 0.76562500 0.01562500
vt 0.98437500 0.01562500
vt 0.98437500 0.48437500
vt 0.76562500 0.48437500
vt 0.76562500 0.01562500
vt 0.98437500 0.01562500
vt 0.98437500 0.48437500
vt 0.76562500 0.48437500
vt 0.76562500 0.01562500
vt 0.98437500 0.01562500
vt 0.98437500 0.48437500
vt 0.76562500 0.48437500
vt 0.76562500 0.01562500
vt 0.98437500 0.01562500
vt 0.98437500 0.48437500
vt 0.76562500 0.48437500
vt 0.76562500 0.01562500
vt 0.98437500 0.01562500
vt 0.98437500 0.48437500
vt 0.76562500 0.48437500
vt 0.76562500 0.01562500
vt 0.98437500 0.01562500
vt 0.98437500 0.48437500
vt 0.76562500 0.48437500
vt 0.76562500 0.01562500
vt 0.98437500 0.01562500
vt 0.98437500 0.48437500
vt 0.76562500 0.48437500
vt 0.76562500 0.01562500
vt 0.98437500 0.01562500
vt 0.98437500 0.48437500
vt 0.76562500 0.48437500
vt 0.76562500 0.01562500
vt 0.98437500 0.01562500
vt 0.98437500 0.48437500
vt 0.76562500 0.48437500
vt 0.01562500 0.51562500
vt 0.48437500 0.51562500
vt 0.48437500 0.98437500
vt 0.01562500 0.98437500
vt 0.01562500 0.51562500
vt 0.48437500 0.51562500
vt 0.48437500 0.98437500
vt 0.01562500 0.98437500
vt 0.01562500 0.51562500
vt 0.48437500 0.51562500
vt 0.48437500 0.98437500
vt 0.01562500 0.98437500
vt 0.01562500 0.51562500
vt 0.48437500 0.51562500
vt 0.48437500 0.98437500
vt 0.01562500 0.98437500
vt 0.01562500 0.51562500
vt 0.48437500 0.51562500
vt 0.48437500 0.98437500
vt 0.01562500 0.98437500
vt 0.01562500 0.51562500
vt 0.48437500 0.51562500
vt 0.48437500 0.98437500
vt 0.01562500 0.98437500
vt 0.01562500 0.51562500
vt 0.48437500 0.51562500
vt 0.48437500 0.98437500
vt 0.01562500 0.98437500
vt 0.01562500 0.51562500
vt 0.48437500 0.51562500
vt 0.48437500 0.98437500
vt 0.01562500 0.98437500
vt 0.01562500 0.51562500
vt 0.48437500 0.51562500
vt 0.48437500 0.98437500
vt 0.01562500 0.98437500
vt 0.01562500 0.51562500
vt 0.48437500 0.51562500
vt 0.48437500 0.98437500
vt 0.01562500 0.98437500
vt 0.51562500 0.51562500
vt 0.98437500 0.51562500
vt 0.98437500 0.98437500
vt 0.51562500 0.98437500
vt 0.51562500 0.51562500
vt 0.98437500 0.51562500
vt 0.98437500 0.98437500
vt 0.51562500 0.98437500
vt 0.51562500 0.51562500
vt 0.98437500 0.51562500
vt 0.98437500 0.98437500
vt 0.51562500 0.98437500
vt 0.51562500 0.51562500
vt 0.98437500 0.51562500
vt 0.98437500 0.98437500
vt 0.51562500 0.98437500
vt 0.01562500 0.51562500
vt 0.48437500 0.51562500
vt 0.48437500 0.98437500
vt 0.01562500 0.98437500
vt 0.01562500 0.51562500
vt 0.48437500 0.51562500
vt 0.48437500 0.98437500
vt 0.01562500 0.98437500
vt 0.01562500 0.51562500
vt 0.48437500 0.51562500
vt 0.48437500 0.98437500
vt 0.01562500 0.98437500
vt 0.01562500 0.51562500
vt 0.48437500 0.51562500
vt 0.48437500 0.98437500
vt 0.01562500 0.98437500
vt 0.51562500 0.01562500
vt 0.73437500 0.01562500
vt 0.73437500 0.48437500
vt 0.51562500 0.48437500
vt 0.51562500 0.01562500
vt 0.73437500 0.01562500
vt 0.73437500 0.48437500
vt 0.51562500 0.48437500
vt 0.51562500 0.01562500
vt 0.73437500 0.01562500
vt 0.73437500 0.48437500
vt 0.51562500 0.48437500
vt 0.51562500 0.01562500
vt 0.73437500 0.01562500
vt 0.73437500 0.48437500
vt 0.51562500 0.48437500
vt 0.51562500 0.01562500
vt 0.73437500 0.01562500
vt 0.73437500 0.48437500
vt 0.51562500 0.48437500
vt 0.51562500 0.01562500
vt 0.73437500 0.01562500
vt 0.73437500 0.48437500
vt 0.51562500 0.48437500
vt 0.51562500 0.01562500
vt 0.73437500 0.01562500
vt 0.73437500 0.48437500
vt 0.51562500 0.48437500
vt 0.51562500 0.01562500
vt 0.73437500 0.01562500
vt 0.73437500 0.48437500
vt 0.51562500 0.48437500
vt 0.51562500 0.01562500
vt 0.73437500 0.01562500
vt 0.73437500 0.48437500
vt 0.51562500 0.48437500
vt 0.76562500 0.01562500
vt 0.98437500 0.01562500
vt 0.98437500 0.48437500
vt 0.76562500 0.48437500
vt 0.76562500 0.01562500
vt 0.98437500 0.01562500
vt 0.98437500 0.48437500
vt 0.76562500 0.48437500
vt 0.76562500 0.01562500
vt 0.98437500 0.01562500
vt 0.98437500 0.48437500
vt 0.76562500 0.48437500
vt 0.76562500 0.01562500
vt 0.98437500 0.01562500
vt 0.98437500 0.48437500
vt 0.76562500 0.48437500
vt 0.76562500 0.01562500
vt 0.98437500 0.01562500
vt 0.98437500 0.48437500
vt 0.76562500 0.48437500
vt 0.76562500 0.01562500
vt 0.98437500 0.01562500
vt 0.98437500 0.48437500
vt 0.76562500 0.48437500
vt 0.76562500 0.01562500
vt 0.98437500 0.01562500
vt 0.98437500 0.48437500
vt 0.76562500 0.48437500
vt 0.76562500 0.01562500
vt 0.98437500 0.01562500
vt 0.98437500 0.48437500
vt 0.76562500 0.48437500
vt 0.76562500 0.01562500
vt 0.98437500 0.01562500
vt 0.98437500 0.48437500
vt 0.76562500 0.48437500
vt 0.76562500 0.01562500
vt 0.98437500 0.01562500
vt 0.98437500 0.48437500
vt 0.76562500 0.48437500
vt 0.01562500 0.51562500
vt 0.48437500 0.51562500
vt 0.48437500 0.98437500
vt 0.01562500 0.98437500
vt 0.01562500 0.51562500
vt 0.48437500 0.51562500
vt 0.48437500 0.98437500
vt 0.01562500 0.98437500
vt 0.01562500 0.51562500
vt 0.48437500 0.51562500
vt 0.48437500 0.98437500
vt 0.01562500 0.98437500
vt 0.01562500 0.51562500
vt 0.48437500 0.51562500
vt 0.48437500 0.98437500
vt 0.01562500 0.98437500
vt 0.01562500 0.51562500
vt 0.48437500 0.51562500
vt 0.48437500 0.98437500
vt 0.01562500 0.98437500
vt 0.01562500 0.51562500
vt 0.48437500 0.51562500
vt 0.48437500 0.98437500
vt 0.01562500 0.98437500
vt 0.01562500 0.51562500
vt 0.48437500 0.51562500
vt 0.48437500 0.98437500
vt 0.01562500 0.98437500
vt 0.01562500 0.51562500
vt 0.48437500 0.51562500
vt 0.48437500 0.98437500
vt 0.01562500 0.98437500
vt 0.01562500 0.51562500
vt 0.48437500 0.51562500
vt 0.48437500 0.98437500
vt 0.01562500 0.98437500
vt 0.01562500 0.51562500
vt 0.48437500 0.51562500
vt 0.48437500 0.98437500
vt 0.01562500 0.98437500
vt 0.51562500 0.51562500
vt 0.98437500 0.51562500
vt 0.98437500 0.98437500
vt 0.51562500 0.98437500
vt 0.51562500 0.51562500
vt 0.98437500 0.51562500
vt 0.98437500 0.98437500
vt 0.51562500 0.98437500
vt 0.51562500 0.51562500
vt 0.98437500 0.51562500
vt 0.98437500 0.98437500
vt 0.51562500 0.98437500
vt 0.51562500 0.51562500
vt 0.98437500 0.51562500
vt 0.98437500 0.98437500
vt 0.51562500 0.98437500
vt 0.01562500 0.51562500
vt 0.48437500 0.51562500
vt 0.48437500 0.98437500
vt 0.01562500 0.98437500
vt 0.01562500 0.51562500
vt 0.48437500 0.51562500
vt 0.48437500 0.98437500
vt 0.01562500 0.98437500
vt 0.01562500 0.51562500
vt 0.48437500 0.51562500
vt 0.48437500 0.98437500
vt 0.01562500 0.98437500
vt 0.01562500 0.51562500
vt 0.48437500 0.51562500
vt 0.48437500 0.98437500
vt 0.01562500 0.98437500
vt 0.51562500 0.01562500
vt 0.73437500 0.01562500
vt 0.73437500 0.48437500
vt 0.51562500 0.48437500
vt 0.51562500 0.01562500
vt 0.73437500 0.01562500
vt 0.73437500 0.48437500
vt 0.51562500 0.48437500
vt 0.51562500 0.01562500
vt 0.73437500 0.01562500
vt 0.73437500 0.48437500
vt 0.51562500 0.48437500
vt 0.51562500 0.01562500
vt 0.73437500 0.01562500
vt 0.73437500 0.48437500
vt 0.51562500 0.48437500
vt 0.51562500 0.01562500
vt 0.73437500 0.01562500
vt 0.73437500 0.48437500
vt 0.51562500 0.48437500
vt 0.51562500 0.01562500
vt 0.73437500 0.01562500
vt 0.73437500 0.48437500
vt 0.51562500 0.48437500
vt 0.51562500 0.01562500
vt 0.73437500 0.01562500
vt 0.73437500 0.48437500
vt 0.51562500 0.48437500
vt 0.51562500 0.01562500
vt 0.73437500 0.01562500
vt 0.73437500 0.48437500
vt 0.51562500 0.48437500
vt 0.51562500 0.01562500
vt 0.73437500 0.01562500
vt 0.73437500 0.48437500
vt 0.51562500 0.48437500
vt 0.76562500 0.01562500
vt 0.98437500 0.01562500
vt 0.98437500 0.48437500
vt 0.76562500 0.48437500
vt 0.76562500 0.01562500
vt 0.98437500 0.01562500
vt 0.98437500 0.48437500
vt 0.76562500 0.48437500
vt 0.76562500 0.01562500
vt 0.98437500 0.01562500
vt 0.98437500 0.48437500
vt 0.76562500 0.48437500
vt 0.76562500 0.01562500
vt 0.98437500 0.01562500
vt 0.98437500 0.48437500
vt 0.76562500 0.48437500
vt 0.76562500 0.01562500
vt 0.98437500 0.01562500
vt 0.98437500 0.48437500
vt 0.76562500 0.48437500
vt 0.76562500 0.01562500
vt 0.98437500 0.01562500
vt 0.98437500 0.48437500
vt 0.76562500 0.48437500
vt 0.76562500 0.01562500
vt 0.98437500 0.01562500
vt 0.98437500 0.48437500
vt 0.76562500 0.48437500
vt 0.76562500 0.01562500
vt 0.98437500 0.01562500
vt 0.98437500 0.48437500
vt 0.76562500 0.48437500
vt 0.76562500 0.01562500
vt 0.98437500 0.01562500
vt 0.98437500 0.48437500
vt 0.76562500 0.48437500
vt 0.76562500 0.01562500
vt 0.98437500 0.01562500
vt 0.98437500 0.48437500
vt 0.76562500 0.48437500
vt 0.01562500 0.51562500
vt 0.48437500 0.51562500
vt 0.48437500 0.98437500
vt 0.01562500 0.98437500
vt 0.01562500 0.51562500
vt 0.48437500 0.51562500
vt 0.48437500 0.98437500
vt 0.01562500 0.98437500
vt 0.01562500 0.51562500
vt 0.48437500 0.51562500
vt 0.48437500 0.98437500
vt 0.01562500 0.98437500
vt 0.01562500 0.51562500
vt 0.48437500 0.51562500
vt 0.48437500 0.98437500
vt 0.01562500 0.98437500
vt 0.01562500 0.51562500
vt 0.48437500 0.51562500
vt 0.48437500 0.98437500
vt 0.01562500 0.98437500
vt 0.01562500 0.51562500
vt 0.48437500 0.51562500
vt 0.48437500 0.98437500
vt 0.01562500 0.98437500
vt 0.01562500 0.51562500
vt 0.48437500 0.51562500
vt 0.48437500 0.98437500
vt 0.01562500 0.98437500
vt 0.01562500 0.51562500
vt 0.48437500 0.51562500
vt 0.48437500 0.98437500
vt 0.01562500 0.98437500
vt 0.01562500 0.51562500
vt 0.48437500 0.51562500
vt 0.48437500 0.98437500
vt 0.01562500 0.98437500
vt 0.01562500 0.51562500
vt 0.48437500 0.51562500
vt 0.48437500 0.98437500
vt 0.01562500 0.98437500
vt 0.51562500 0.51562500
vt 0.98437500 0.51562500
vt 0.98437500 0.98437500
vt 0.51562500 0.98437500
vt 0.51562500 0.51562500
vt 0.98437500 0.51562500
vt 0.98437500 0.98437500
vt 0.51562500 0.98437500
vt 0.51562500 0.51562500
vt 0.98437500 0.51562500
vt 0.98437500 0.98437500
vt 0.51562500 0.98437500
vt 0.51562500 0.51562500
vt 0.98437500 0.51562500
vt 0.98437500 0.98437500
vt 0.51562500 0.98437500
vt 0.01562500 0.51562500
vt 0.48437500 0.51562500
vt 0.48437500 0.98437500
vt 0.01562500 0.98437500
vt 0.01562500 0.51562500
vt 0.48437500 0.51562500
vt 0.48437500 0.98437500
vt 0.01562500 0.98437500
vt 0.01562500 0.51562500
vt 0.48437500 0.51562500
vt 0.48437500 0.98437500
vt 0.01562500 0.98437500
vt 0.01562500 0.51562500
vt 0.48437500 0.51562500
vt 0.48437500 0.98437500
vt 0.01562500 0.98437500
vt 0.51562500 0.01562500
vt 0.73437500 0.01562500
vt 0.73437500 0.48437500
vt 0.51562500 0.48437500
vt 0.51562500 0.01562500
vt 0.73437500 0.01562500
vt 0.73437500 0.48437500
vt 0.51562500 0.48437500
vt 0.51562500 0.01562500
vt 0.73437500 0.01562500
vt 0.73437500 0.48437500
vt 0.51562500 0.48437500
vt 0.51562500 0.01562500
vt 0.73437500 0.01562500
vt 0.73437500 0.48437500
vt 0.51562500 0.48437500
vt 0.51562500 0.01562500
vt 0.73437500 0.01562500
vt 0.73437500 0.48437500
vt 0.51562500 0.48437500
vt 0.51562500 0.01562500
vt 0.73437500 0.01562500
vt 0.73437500 0.48437500
vt 0.51562500 0.48437500
vt 0.51562500 0.01562500
vt 0.73437500 0.01562500
vt 0.73437500 0.48437500
vt 0.51562500 0.48437500
vt 0.51562500 0.01562500
vt 0.73437500 0.01562500
vt 0.73437500 0.48437500
vt 0.51562500 0.48437500
vt 0.51562500 0.01562500
vt 0.73437500 0.01562500
vt 0.73437500 0.48437500
vt 0.51562500 0.48437500
vt 0.76562500 0.01562500
vt 0.98437500 0.01562500
vt 0.98437500 0.48437500
vt 0.76562500 0.48437500
vt 0.76562500 0.01562500
vt 0.98437500 0.01562500
vt 0.98437500 0.48437500
vt 0.76562500 0.48437500
vt 0.76562500 0.01562500
vt 0.98437500 0.01562500
vt 0.98437500 0.48437500
vt 0.76562500 0.48437500
vt 0.76562500 0.01562500
vt 0.98437500 0.01562500
vt 0.98437500 0.48437500
vt 0.76562500 0.48437500
vt 0.76562500 0.01562500
vt 0.98437500 0.01562500
vt 0.98437500 0.48437500
vt 0.76562500 0.48437500
vt 0.76562500 0.01562500
vt 0.98437500 0.01562500
vt 0.98437500 0.48437500
vt 0.76562500 0.48437500
vt 0.76562500 0.01562500
vt 0.98437500 0.01562500
vt 0.98437500 0.48437500
vt 0.76562500 0.48437500
vt 0.76562500 0.01562500
vt 0.98437500 0.01562500
vt 0.98437500 0.48437500
vt 0.76562500 0.48437500
vt 0.76562500 0.01562500
vt 0.98437500 0.01562500
vt 0.98437500 0.48437500
vt 0.76562500 0.48437500
vt 0.76562500 0.01562500
vt 0.98437500 0.01562500
vt 0.98437500 0.48437500
vt 0.76562500 0.48437500
vt 0.01562500 0.51562500
vt 0.48437500 0.51562500
vt 0.48437500 0.98437500
vt 0.01562500 0.98437500
vt 0.01562500 0.51562500
vt 0.48437500 0.51562500
vt 0.48437500 0.98437500
vt 0.01562500 0.98437500
vt 0.01562500 0.51562500
vt 0.48437500 0.51562500
vt 0.48437500 0.98437500
vt 0.01562500 0.98437500
vt 0.01562500 0.51562500
vt 0.48437500 0.51562500
vt 0.48437500 0.98437500
vt 0.01562500 0.98437500
vt 0.01562500 0.51562500
vt 0.48437500 0.51562500
vt 0.48437500 0.98437500
vt 0.01562500 0.98437500
vt 0.01562500 0.51562500
vt 0.48437500 0.51562500
vt 0.48437500 0.98437500
vt 0.01562500 0.98437500
vt 0.01562500 0.51562500
vt 0.48437500 0.51562500
vt 0.48437500 0.98437500
vt 0.01562500 0.98437500
vt 0.01562500 0.51562500
vt 0.48437500 0.51562500
vt 0.48437500 0.98437500
vt 0.01562500 0.98437500
vt 0.01562500 0.51562500
vt 0.48437500 0.51562500
vt 0.48437500 0.98437500
vt 0.01562500 0.98437500
vt 0.01562500 0.51562500
vt 0.48437500 0.51562500
vt 0.48437500 0.98437500
vt 0.01562500 0.98437500
vt 0.51562500 0.51562500
vt 0.98437500 0.51562500
vt 0.98437500 0.98437500
vt 0.51562500 0.98437500
vt 0.51562500 0.51562500
vt 0.98437500 0.51562500
vt 0.98437500 0.98437500
vt 0.51562500 0.98437500
vt 0.51562500 0.51562500
vt 0.98437500 0.51562500
vt 0.98437500 0.98437500
vt 0.51562500 0.98437500
vt 0.51562500 0.51562500
vt 0.98437500 0.51562500
vt 0.98437500 0.98437500
vt 0.51562500 0.98437500
vt 0.01562500 0.51562500
vt 0.48437500 0.51562500
vt 0.48437500 0.98437500
vt 0.01562500 0.98437500
vt 0.01562500 0.51562500
vt 0.48437500 0.51562500
vt 0.48437500 0.98437500
vt 0.01562500 0.98437500
vt 0.01562500 0.51562500
vt 0.48437500 0.51562500
vt 0.48437500 0.98437500
vt 0.01562500 0.98437500
vt 0.01562500 0.51562500
vt 0.48437500 0.51562500
vt 0.48437500 0.98437500
vt 0.01562500 0.98437500
vt 0.51562500 0.01562500
vt 0.73437500 0.01562500
vt 0.73437500 0.48437500
vt 0.51562500 0.48437500
vt 0.51562500 0.01562500
vt 0.73437500 0.01562500
vt 0.73437500 0.48437500
vt 0.51562500 0.48437500
vt 0.51562500 0.01562500
vt 0.73437500 0.01562500
vt 0.73437500 0.48437500
vt 0.51562500 0.48437500
vt 0.51562500 0.01562500
vt 0.73437500 0.01562500
vt 0.73437500 0.48437500
vt 0.51562500 0.48437500
vt 0.51562500 0.01562500
vt 0.73437500 0.01562500
vt 0.73437500 0.48437500
vt 0.51562500 0.48437500
vt 0.51562500 0.01562500
vt 0.73437500 0.01562500
vt 0.73437500 0.48437500
vt 0.51562500 0.48437500
vt 0.51562500 0.01562500
vt 0.73437500 0.01562500
vt 0.73437500 0.48437500
vt 0.51562500 0.48437500
vt 0.51562500 0.01562500
vt 0.73437500 0.01562500
vt 0.73437500 0.48437500
vt 0.51562500 0.48437500
vt 0.51562500 0.01562500
vt 0.73437500 0.01562500
vt 0.73437500 0.48437500
vt 0.51562500 0.48437500
vt 0.76562500 0.01562500
vt 0.98437500 0.01562500
vt 0.98437500 0.48437500
vt 0.76562500 0.48437500
vt 0.76562500 0.01562500
vt 0.98437500 0.01562500
vt 0.98437500 0.48437500
vt 0.76562500 0.48437500
vt 0.76562500 0.01562500
vt 0.98437500 0.01562500
vt 0.98437500 0.48437500
vt 0.76562500 0.48437500
vt 0.76562500 0.01562500
vt 0.98437500 0.01562500
vt 0.98437500 0.48437500
vt 0.76562500 0.48437500
vt 0.76562500 0.01562500
vt 0.98437500 0.01562500
vt 0.98437500 0.48437500
vt 0.76562500 0.48437500
vt 0.76562500 0.01562500
vt 0.98437500 0.01562500
vt 0.98437500 0.48437500
vt 0.76562500 0.48437500
vt 0.76562500 0.01562500
vt 0.98437500 0.01562500
vt 0.98437500 0.48437500
vt 0.76562500 0.48437500
vt 0.76562500 0.01562500
vt 0.98437500 0.01562500
vt 0.98437500 0.48437500
vt 0.76562500 0.48437500
vt 0.76562500 0.01562500
vt 0.98437500 0.01562500
vt 0.98437500 0.48437500
vt 0.76562500 0.48437500
vt 0.76562500 0.01562500
vt 0.98437500 0.01562500
vt 0.98437500 0.48437500
vt 0.76562500 0.48437500
vt 0.01562500 0.51562500
vt 0.48437500 0.51562500
vt 0.48437500 0.98437500
vt 0.01562500 0.98437500
vt 0.01562500 0.51562500
vt 0.48437500 0.51562500
vt 0.48437500 0.98437500
vt 0.01562500 0.98437500
vt 0.01562500 0.51562500
vt 0.48437500 0.51562500
vt 0.48437500 0.98437500
vt 0.01562500 0.98437500
vt 0.01562500 0.51562500
vt 0.48437500 0.51562500
vt 0.48437500 0.98437500
vt 0.01562500 0.98437500
vt 0.01562500 0.51562500
vt 0.48437500 0.51562500
vt 0.48437500 0.98437500
vt 0.01562500 0.98437500
vt 0.01562500 0.51562500
vt 0.48437500 0.51562500
vt 0.48437500 0.98437500
vt 0.01562500 0.98437500
vt 0.01562500 0.51562500
vt 0.48437500 0.51562500
vt 0.48437500 0.98437500
vt 0.01562500 0.98437500
vt 0.01562500 0.51562500
vt 0.48437500 0.51562500
vt 0.48437500 0.98437500
vt 0.01562500 0.98437500
vt 0.01562500 0.51562500
vt 0.48437500 0.51562500
vt 0.48437500 0.98437500
vt 0.01562500 0.98437500
vt 0.01562500 0.51562500
vt 0.48437500 0.51562500
vt 0.48437500 0.98437500
vt 0.01562500 0.98437500
vt 0.51562500 0.51562500
vt 0.98437500 0.51562500
vt 0.98437500 0.98437500
vt 0.51562500 0.98437500
vt 0.51562500 0.51562500
vt 0.98437500 0.51562500
vt 0.98437500 0.98437500
vt 0.51562500 0.98437500
vt 0.51562500 0.51562500
vt 0.98437500 0.51562500
vt 0.98437500 0.98437500
vt 0.51562500 0.98437500
vt 0.51562500 0.51562500
vt 0.98437500 0.51562500
vt 0.98437500 0.98437500
vt 0.51562500 0.98437500
vt 0.01562500 0.51562500
vt 0.48437500 0.51562500
vt 0.48437500 0.98437500
vt 0.01562500 0.98437500
vt 0.01562500 0.51562500
vt 0.48437500 0.51562500
vt 0.48437500 0.98437500
vt 0.01562500 0.98437500
vt 0.01562500 0.51562500
vt 0.48437500 0.51562500
vt 0.48437500 0.98437500
vt 0.01562500 0.98437500
vt 0.01562500 0.51562500
vt 0.48437500 0.51562500
vt 0.48437500 0.98437500
vt 0.01562500 0.98437500
vt 0.51562500 0.01562500
vt 0.73437500 0.01562500
vt 0.73437500 0.48437500
vt 0.51562500 0.48437500
vt 0.51562500 0.01562500
vt 0.73437500 0.01562500
vt 0.73437500 0.48437500
vt 0.51562500 0.48437500
vt 0.51562500 0.01562500
vt 0.73437500 0.01562500
vt 0.73437500 0.48437500
vt 0.51562500 0.48437500
vt 0.51562500 0.01562500
vt 0.73437500 0.01562500
vt 0.73437500 0.48437500
vt 0.51562500 0.48437500
vt 0.51562500 0.01562500
vt 0.73437500 0.01562500
vt 0.73437500 0.48437500
vt 0.51562500 0.48437500
vt 0.51562500 0.01562500
vt 0.73437500 0.01562500
vt 0.73437500 0.48437500
vt 0.51562500 0.48437500
vt 0.51562500 0.01562500
vt 0.73437500 0.01562500
vt 0.73437500 0.48437500
vt 0.51562500 0.48437500
vt 0.51562500 0.01562500
vt 0.73437500 0.01562500
vt 0.73437500 0.48437500
vt 0.51562500 0.48437500
vt 0.51562500 0.01562500
vt 0.73437500 0.01562500
vt 0.73437500 0.48437500
vt 0.51562500 0.48437500
vt 0.76562500 0.01562500
vt 0.98437500 0.01562500
vt 0.98437500 0.48437500
vt 0.76562500 0.48437500
vt 0.76562500 0.01562500
vt 0.98437500 0.01562500
vt 0.98437500 0.48437500
vt 0.76562500 0.48437500
vt 0.76562500 0.01562500
vt 0.98437500 0.01562500
vt 0.98437500 0.48437500
vt 0.76562500 0.48437500
vt 0.76562500 0.01562500
vt 0.98437500 0.01562500
vt 0.98437500 0.48437500
vt 0.76562500 0.48437500
vt 0.76562500 0.01562500
vt 0.98437500 0.01562500
vt 0.98437500 0.48437500
vt 0.76562500 0.48437500
vt 0.76562500 0.01562500
vt 0.98437500 0.01562500
vt 0.98437500 0.48437500
vt 0.76562500 0.48437500
vt 0.76562500 0.01562500
vt 0.98437500 0.01562500
vt 0.98437500 0.48437500
vt 0.76562500 0.48437500
vt 0.76562500 0.01562500
vt 0.98437500 0.01562500
vt 0.98437500 0.48437500
vt 0.76562500 0.48437500
vt 0.76562500 0.01562500
vt 0.98437500 0.01562500
vt 0.98437500 0.48437500
vt 0.76562500 0.48437500
vt 0.76562500 0.01562500
vt 0.98437500 0.01562500
vt 0.98437500 0.48437500
vt 0.76562500 0.48437500
vt 0.01562500 0.51562500
vt 0.48437500 0.51562500
vt 0.48437500 0.98437500
vt 0.01562500 0.98437500
vt 0.01562500 0.51562500
vt 0.48437500 0.51562500
vt 0.48437500 0.98437500
vt 0.01562500 0.98437500
vt 0.01562500 0.51562500
vt 0.48437500 0.51562500
vt 0.48437500 0.98437500
vt 0.01562500 0.98437500
vt 0.01562500 0.51562500
vt 0.48437500 0.51562500
vt 0.48437500 0.98437500
vt 0.01562500 0.98437500
vt 0.01562500 0.51562500
vt 0.48437500 0.51562500
vt 0.48437500 0.98437500
vt 0.01562500 0.98437500
vt 0.01562500 0.51562500
vt 0.48437500 0.51562500
vt 0.48437500 0.98437500
vt 0.01562500 0.98437500
vt 0.01562500 0.51562500
vt 0.48437500 0.51562500
vt 0.48437500 0.98437500
vt 0.01562500 0.98437500
vt 0.01562500 0.51562500
vt 0.48437500 0.51562500
vt 0.48437500 0.98437500
vt 0.01562500 0.98437500
vt 0.01562500 0.51562500
vt 0.48437500 0.51562500
vt 0.48437500 0.98437500
vt 0.01562500 0.98437500
vt 0.01562500 0.51562500
vt 0.48437500 0.51562500
vt 0.48437500 0.98437500
vt 0.01562500 0.98437500
vt 0.51562500 0.51562500
vt 0.98437500 0.51562500
vt 0.98437500 0.98437500
vt 0.51562500 0.98437500
vt 0.51562500 0.51562500
vt 0.98437500 0.51562500
vt 0.98437500 0.98437500
vt 0.51562500 0.98437500
vt 0.51562500 0.51562500
vt 0.98437500 0.51562500
vt 0.98437500 0.98437500
vt 0.51562500 0.98437500
vt 0.51562500 0.51562500
vt 0.98437500 0.51562500
vt 0.98437500 0.98437500
vt 0.51562500 0.98437500
vt 0.01562500 0.51562500
vt 0.48437500 0.51562500
vt 0.48437500 0.98437500
vt 0.01562500 0.98437500
vt 0.01562500 0.51562500
vt 0.48437500 0.51562500
vt 0.48437500 0.98437500
vt 0.01562500 0.98437500
vt 0.01562500 0.51562500
vt 0.48437500 0.51562500
vt 0.48437500 0.98437500
vt 0.01562500 0.98437500
vt 0.01562500 0.51562500
vt 0.48437500 0.51562500
vt 0.48437500 0.98437500
vt 0.01562500 0.98437500
vt 0.51562500 0.01562500
vt 0.73437500 0.01562500
vt 0.73437500 0.48437500
vt 0.51562500 0.48437500
vt 0.51562500 0.01562500
vt 0.73437500 0.01562500
vt 0.73437500 0.48437500
vt 0.51562500 0.48437500
vt 0.51562500 0.01562500
vt 0.73437500 0.01562500
vt 0.73437500 0.48437500
vt 0.51562500 0.48437500
vt 0.51562500 0.01562500
vt 0.73437500 0.01562500
vt 0.73437500 0.48437500
vt 0.51562500 0.48437500
vt 0.51562500 0.01562500
vt 0.73437500 0.01562500
vt 0.73437500 0.48437500
vt 0.51562500 0.48437500
vt 0.51562500 0.01562500
vt 0.73437500 0.01562500
vt 0.73437500 0.48437500
vt 0.51562500 0.48437500
vt 0.51562500 0.01562500
vt 0.73437500 0.01562500
vt 0.73437500 0.48437500
vt 0.51562500 0.48437500
vt 0.51562500 0.01562500
vt 0.73437500 0.01562500
vt 0.73437500 0.48437500
vt 0.51562500 0.48437500
vt 0.51562500 0.01562500
vt 0.73437500 0.01562500
vt 0.73437500 0.48437500
vt 0.51562500 0.48437500
vt 0.76562500 0.01562500
vt 0.98437500 0.01562500
vt 0.98437500 0.48437500
vt 0.76562500 0.48437500
vt 0.76562500 0.01562500
vt 0.98437500 0.01562500
vt 0.98437500 0.48437500
vt 0.76562500 0.48437500
vt 0.76562500 0.01562500
vt 0.98437500 0.01562500
vt 0.98437500 0.48437500
vt 0.76562500 0.48437500
vt 0.76562500 0.01562500
vt 0.98437500 0.01562500
vt 0.98437500 0.48437500
vt 0.76562500 0.48437500
vt 0.76562500 0.01562500
vt 0.98437500 0.01562500
vt 0.98437500 0.48437500
vt 0.76562500 0.48437500
vt 0.76562500 0.01562500
vt 0.98437500 0.01562500
vt 0.98437500 0.48437500
vt 0.76562500 0.48437500
vt 0.76562500 0.01562500
vt 0.98437500 0.01562500
vt 0.98437500 0.48437500
vt 0.76562500 0.48437500
vt 0.76562500 0.01562500
vt 0.98437500 0.01562500
vt 0.98437500 0.48437500
vt 0.76562500 0.48437500
vt 0.76562500 0.01562500
vt 0.98437500 0.01562500
vt 0.98437500 0.48437500
vt 0.76562500 0.48437500
vt 0.76562500 0.01562500
vt 0.98437500 0.01562500
vt 0.98437500 0.48437500
vt 0.76562500 0.48437500
vt 0.01562500 0.51562500
vt 0.48437500 0.51562500
vt 0.48437500 0.98437500
vt 0.01562500 0.98437500
vt 0.01562500 0.51562500
vt 0.48437500 0.51562500
vt 0.48437500 0.98437500
vt 0.01562500 0.98437500
vt 0.01562500 0.51562500
vt 0.48437500 0.51562500
vt 0.48437500 0.98437500
vt 0.01562500 0.98437500
vt 0.01562500 0.51562500
vt 0.48437500 0.51562500
vt 0.48437500 0.98437500
vt 0.01562500 0.98437500
vt 0.01562500 0.51562500
vt 0.48437500 0.51562500
vt 0.48437500 0.98437500
vt 0.01562500 0.98437500
vt 0.01562500 0.51562500
vt 0.48437500 0.51562500
vt 0.48437500 0.98437500
vt 0.01562500 0.98437500
vt 0.01562500 0.51562500
vt 0.48437500 0.51562500
vt 0.48437500 0.98437500
vt 0.01562500 0.98437500
vt 0.01562500 0.51562500
vt 0.48437500 0.51562500
vt 0.48437500 0.98437500
vt 0.01562500 0.98437500
vt 0.01562500 0.51562500
vt 0.48437500 0.51562500
vt 0.48437500 0.98437500
vt 0.01562500 0.98437500
vt 0.01562500 0.51562500
vt 0.48437500 0.51562500
vt 0.48437500 0.98437500
vt 0.01562500 0.98437500
vt 0.51562500 0.51562500
vt 0.98437500 0.51562500
vt 0.98437500 0.98437500
vt 0.51562500 0.98437500
vt 0.51562500 0.51562500
vt 0.98437500 0.51562500
vt 0.98437500 0.98437500
vt 0.51562500 0.98437500
vt 0.51562500 0.51562500
vt 0.98437500 0.51562500
vt 0.98437500 0.98437500
vt 0.51562500 0.98437500
vt 0.51562500 0.51562500
vt 0.98437500 0.51562500
vt 0.98437500 0.98437500
vt 0.51562500 0.98437500
vt 0.01562500 0.51562500
vt 0.48437500 0.51562500
vt 0.48437500 0.98437500
vt 0.01562500 0.98437500
vt 0.01562500 0.51562500
vt 0.48437500 0.51562500
vt 0.48437500 0.98437500
vt 0.01562500 0.98437500
vt 0.01562500 0.51562500
vt 0.48437500 0.51562500
vt 0.48437500 0.98437500
vt 0.01562500 0.98437500
vt 0.01562500 0.51562500
vt 0.48437500 0.51562500
vt 0.48437500 0.98437500
vt 0.01562500 0.98437500
vt 0.51562500 0.01562500
vt 0.73437500 0.01562500
vt 0.73437500 0.48437500
vt 0.51562500 0.48437500
vt 0.51562500 0.01562500
vt 0.73437500 0.01562500
vt 0.73437500 0.48437500
vt 0.51562500 0.48437500
vt 0.51562500 0.01562500
vt 0.73437500 0.01562500
vt 0.73437500 0.48437500
vt 0.51562500 0.48437500
vt 0.51562500 0.01562500
vt 0.73437500 0.01562500
vt 0.73437500 0.48437500
vt 0.51562500 0.48437500
vt 0.51562500 0.01562500
vt 0.73437500 0.01562500
vt 0.73437500 0.48437500
vt 0.51562500 0.48437500
vt 0.51562500 0.01562500
vt 0.73437500 0.01562500
vt 0.73437500 0.48437500
vt 0.51562500 0.48437500
vt 0.51562500 0.01562500
vt 0.73437500 0.01562500
vt 0.73437500 0.48437500
vt 0.51562500 0.48437500
vt 0.51562500 0.01562500
vt 0.73437500 0.01562500
vt 0.73437500 0.48437500
vt 0.51562500 0.48437500
vt 0.51562500 0.01562500
vt 0.73437500 0.01562500
vt 0.73437500 0.48437500
vt 0.51562500 0.48437500
vt 0.76562500 0.01562500
vt 0.98437500 0.01562500
vt 0.98437500 0.48437500
vt 0.76562500 0.48437500
vt 0.76562500 0.01562500
vt 0.98437500 0.01562500
vt 0.98437500 0.48437500
vt 0.76562500 0.48437500
vt 0.76562500 0.01562500
vt 0.98437500 0.01562500
vt 0.98437500 0.48437500
vt 0.76562500 0.48437500
vt 0.76562500 0.01562500
vt 0.98437500 0.01562500
vt 0.98437500 0.48437500
vt 0.76562500 0.48437500
vt 0.76562500 0.01562500
vt 0.98437500 0.01562500
vt 0.98437500 0.48437500
vt 0.76562500 0.48437500
vt 0.76562500 0.01562500
vt 0.98437500 0.01562500
vt 0.98437500 0.48437500
vt 0.76562500 0.48437500
vt 0.76562500 0.01562500
vt 0.98437500 0.01562500
vt 0.98437500 0.48437500
vt 0.76562500 0.48437500
vt 0.76562500 0.01562500
vt 0.98437500 0.01562500
vt 0.98437500 0.48437500
vt 0.76562500 0.48437500
vt 0.76562500 0.01562500
vt 0.98437500 0.01562500
vt 0.98437500 0.48437500
vt 0.76562500 0.48437500
vt 0.76562500 0.01562500
vt 0.98437500 0.01562500
vt 0.98437500 0.48437500
vt 0.76562500 0.48437500
vt 0.01562500 0.51562500
vt 0.48437500 0.51562500
vt 0.48437500 0.98437500
vt 0.01562500 0.98437500
vt 0.01562500 0.51562500
vt 0.48437500 0.51562500
vt 0.48437500 0.98437500
vt 0.01562500 0.98437500
vt 0.01562500 0.51562500
vt 0.48437500 0.51562500
vt 0.48437500 0.98437500
vt 0.01562500 0.98437500
vt 0.01562500 0.51562500
vt 0.48437500 0.51562500
vt 0.48437500 0.98437500
vt 0.01562500 0.98437500
vt 0.01562500 0.51562500
vt 0.48437500 0.51562500
vt 0.48437500 0.98437500
vt 0.01562500 0.98437500
vt 0.01562500 0.51562500
vt 0.48437500 0.51562500
vt 0.48437500 0.98437500
vt 0.01562500 0.98437500
vt 0.01562500 0.51562500
vt 0.48437500 0.51562500
vt 0.48437500 0.98437500
vt 0.01562500 0.98437500
vt 0.01562500 0.51562500
vt 0.48437500 0.51562500
vt 0.48437500 0.98437500
vt 0.01562500 0.98437500
vt 0.01562500 0.51562500
vt 0.48437500 0.51562500
vt 0.48437500 0.98437500
vt 0.01562500 0.98437500
vt 0.01562500 0.51562500
vt 0.48437500 0.51562500
vt 0.48437500 0.98437500
vt 0.01562500 0.98437500
vt 0.51562500 0.51562500
vt 0.98437500 0.51562500
vt 0.98437500 0.98437500
vt 0.51562500 0.98437500
vt 0.51562500 0.51562500
vt 0.98437500 0.51562500
vt 0.98437500 0.98437500
vt 0.51562500 0.98437500
vt 0.51562500 0.51562500
vt 0.98437500 0.51562500
vt 0.98437500 0.98437500
vt 0.51562500 0.98437500
vt 0.51562500 0.51562500
vt 0.98437500 0.51562500
vt 0.98437500 0.98437500
vt 0.51562500 0.98437500
vt 0.01562500 0.51562500
vt 0.48437500 0.51562500
vt 0.48437500 0.98437500
vt 0.01562500 0.98437500
vt 0.01562500 0.51562500
vt 0.48437500 0.51562500
vt 0.48437500 0.98437500
vt 0.01562500 0.98437500
vt 0.01562500 0.51562500
vt 0.48437500 0.51562500
vt 0.48437500 0.98437500
vt 0.01562500 0.98437500
vt 0.01562500 0.51562500
vt 0.48437500 0.51562500
vt 0.48437500 0.98437500
vt 0.01562500 0.98437500
vt 0.51562500 0.01562500
vt 0.73437500 0.01562500
vt 0.73437500 0.48437500
vt 0.51562500 0.48437500
vt 0.51562500 0.01562500
vt 0.73437500 0.01562500
vt 0.73437500 0.48437500
vt 0.51562500 0.48437500
vt 0.51562500 0.01562500
vt 0.73437500 0.01562500
vt 0.73437500 0.48437500
vt 0.51562500 0.48437500
vt 0.51562500 0.01562500
vt 0.73437500 0.01562500
vt 0.73437500 0.48437500
vt 0.51562500 0.48437500
vt 0.51562500 0.01562500
vt 0.73437500 0.01562500
vt 0.73437500 0.48437500
vt 0.51562500 0.48437500
vt 0.51562500 0.01562500
vt 0.73437500 0.01562500
vt 0.73437500 0.48437500
vt 0.51562500 0.48437500
vt 0.51562500 0.01562500
vt 0.73437500 0.01562500
vt 0.73437500 0.48437500
vt 0.51562500 0.48437500
vt 0.51562500 0.01562500
vt 0.73437500 0.01562500
vt 0.73437500 0.48437500
vt 0.51562500 0.48437500
vt 0.51562500 0.01562500
vt 0.73437500 0.01562500
vt 0.73437500 0.48437500
vt 0.51562500 0.48437500
vt 0.76562500 0.01562500
vt 0.98437500 0.01562500
vt 0.98437500 0.48437500
vt 0.76562500 0.48437500
vt 0.76562500 0.01562500
vt 0.98437500 0.01562500
vt 0.98437500 0.48437500
vt 0.76562500 0.48437500
vt 0.76562500 0.01562500
vt 0.98437500 0.01562500
vt 0.98437500 0.48437500
vt 0.76562500 0.48437500
vt 0.76562500 0.01562500
vt 0.98437500 0.01562500
vt 0.98437500 0.48437500
vt 0.76562500 0.48437500
vt 0.76562500 0.01562500
vt 0.98437500 0.01562500
vt 0.98437500 0.48437500
vt 0.76562500 0.48437500
vt 0.76562500 0.01562500
vt 0.98437500 0.01562500
vt 0.98437500 0.48437500
vt 0.76562500 0.48437500
vt 0.76562500 0.01562500
vt 0.98437500 0.01562500
vt 0.98437500 0.48437500
vt 0.76562500 0.48437500
vt 0.76562500 0.01562500
vt 0.98437500 0.01562500
vt 0.98437500 0.48437500
vt 0.76562500 0.48437500
vt 0.76562500 0.01562500
vt 0.98437500 0.01562500
vt 0.98437500 0.48437500
vt 0.76562500 0.48437500
vt 0.76562500 0.01562500
vt 0.98437500 0.01562500
vt 0.98437500 0.48437500
vt 0.76562500 0.48437500
vt 0.01562500 0.01562500
vt 0.48437500 0.01562500
vt 0.48437500 0.48437500
vt 0.01562500 0.48437500
vt 0.01562500 0.01562500
vt 0.48437500 0.01562500
vt 0.48437500 0.48437500
vt 0.01562500 0.48437500
vt 0.01562500 0.01562500
vt 0.48437500 0.01562500
vt 0.48437500 0.48437500
vt 0.01562500 0.48437500
vt 0.01562500 0.01562500
vt 0.48437500 0.01562500
vt 0.48437500 0.48437500
vt 0.01562500 0.48437500
vt 0.01562500 0.01562500
vt 0.48437500 0.01562500
vt 0.48437500 0.48437500
vt 0.01562500 0.48437500
vt 0.01562500 0.01562500
vt 0.48437500 0.01562500
vt 0.48437500 0.48437500
vt 0.01562500 0.48437500
vt 0.01562500 0.01562500
vt 0.48437500 0.01562500
vt 0.48437500 0.48437500
vt 0.01562500 0.48437500
vt 0.01562500 0.01562500
vt 0.48437500 0.01562500
vt 0.48437500 0.48437500
vt 0.01562500 0.48437500
vt 0.01562500 0.01562500
vt 0.48437500 0.01562500
vt 0.48437500 0.48437500
vt 0.01562500 0.48437500
vt 0.01562500 0.01562500
vt 0.48437500 0.01562500
vt 0.48437500 0.48437500
vt 0.01562500 0.48437500
vt 0.01562500 0.01562500
vt 0.48437500 0.01562500
vt 0.48437500 0.48437500
vt 0.01562500 0.48437500
vt 0.01562500 0.01562500
vt 0.48437500 0.01562500
vt 0.48437500 0.48437500
vt 0.01562500 0.48437500
vt 0.01562500 0.01562500
vt 0.48437500 0.01562500
vt 0.48437500 0.48437500
vt 0.01562500 0.48437500
vt 0.01562500 0.01562500
vt 0.48437500 0.01562500
vt 0.48437500 0.48437500
vt 0.01562500 0.48437500
vt 0.01562500 0.01562500
vt 0.48437500 0.01562500
vt 0.48437500 0.48437500
vt 0.01562500 0.48437500
vt 0.01562500 0.01562500
vt 0.48437500 0.01562500
vt 0.48437500 0.48437500
vt 0.01562500 0.48437500
vt 0.01562500 0.01562500
vt 0.48437500 0.01562500
vt 0.48437500 0.48437500
vt 0.01562500 0.48437500
vt 0.01562500 0.01562500
vt 0.48437500 0.01562500
vt 0.48437500 0.48437500
vt 0.01562500 0.48437500
vt 0.01562500 0.01562500
vt 0.48437500 0.01562500
vt 0.48437500 0.48437500
vt 0.01562500 0.48437500
vt 0.01562500 0.01562500
vt 0.48437500 0.01562500
vt 0.48437500 0.48437500
vt 0.01562500 0.48437500
vt 0.01562500 0.01562500
vt 0.48437500 0.01562500
vt 0.48437500 0.48437500
vt 0.01562500 0.48437500
vt 0.01562500 0.01562500
vt 0.48437500 0.01562500
vt 0.48437500 0.48437500
vt 0.01562500 0.48437500
vt 0.01562500 0.01562500
vt 0.48437500 0.01562500
vt 0.48437500 0.48437500
vt 0.01562500 0.48437500
vt 0.01562500 0.01562500
vt 0.48437500 0.01562500
vt 0.48437500 0.48437500
vt 0.01562500 0.48437500
vt 0.01562500 0.01562500
vt 0.48437500 0.01562500
vt 0.48437500 0.48437500
vt 0.01562500 0.48437500
vt 0.01562500 0.01562500
vt 0.48437500 0.01562500
vt 0.48437500 0.48437500
vt 0.01562500 0.48437500
vt 0.01562500 0.01562500
vt 0.48437500 0.01562500
vt 0.48437500 0.48437500
vt 0.01562500 0.48437500
vt 0.01562500 0.01562500
vt 0.48437500 0.01562500
vt 0.48437500 0.48437500
vt 0.01562500 0.48437500
vt 0.01562500 0.01562500
vt 0.48437500 0.01562500
vt 0.48437500 0.48437500
vt 0.01562500 0.48437500
vt 0.01562500 0.01562500
vt 0.48437500 0.01562500
vt 0.48437500 0.48437500
vt 0.01562500 0.48437500
vt 0.01562500 0.01562500
vt 0.48437500 0.01562500
vt 0.48437500 0.48437500
vt 0.01562500 0.48437500
vt 0.01562500 0.01562500
vt 0.48437500 0.01562500
vt 0.48437500 0.48437500
vt 0.01562500 0.48437500
vt 0.01562500 0.01562500
vt 0.48437500 0.01562500
vt 0.48437500 0.48437500
vt 0.01562500 0.48437500
vt 0.01562500 0.01562500
vt 0.48437500 0.01562500
vt 0.48437500 0.48437500
vt 0.01562500 0.48437500
vt 0.01562500 0.01562500
vt 0.48437500 0.01562500
vt 0.48437500 0.48437500
vt 0.01562500 0.48437500
vt 0.01562500 0.01562500
vt 0.48437500 0.01562500
vt 0.48437500 0.48437500
vt 0.01562500 0.48437500
vt 0.01562500 0.01562500
vt 0.48437500 0.01562500
vt 0.48437500 0.48437500
vt 0.01562500 0.48437500
vt 0.01562500 0.01562500
vt 0.48437500 0.01562500
vt 0.48437500 0.48437500
vt 0.01562500 0.48437500
vt 0.01562500 0.01562500
vt 0.48437500 0.01562500
vt 0.48437500 0.48437500
vt 0.01562500 0.48437500
vt 0.01562500 0.01562500
vt 0.48437500 0.01562500
vt 0.48437500 0.48437500
vt 0.01562500 0.48437500
vt 0.01562500 0.01562500
vt 0.48437500 0.01562500
vt 0.48437500 0.48437500
vt 0.01562500 0.48437500
vt 0.01562500 0.01562500
vt 0.48437500 0.01562500
vt 0.48437500 0.48437500
vt 0.01562500 0.48437500
vt 0.01562500 0.01562500
vt 0.48437500 0.01562500
vt 0.48437500 0.48437500
vt 0.01562500 0.48437500
vt 0.01562500 0.01562500
vt 0.48437500 0.01562500
vt 0.48437500 0.48437500
vt 0.01562500 0.48437500
vt 0.01562500 0.01562500
vt 0.48437500 0.01562500
vt 0.48437500 0.48437500
vt 0.01562500 0.48437500
vt 0.01562500 0.01562500
vt 0.48437500 0.01562500
vt 0.48437500 0.48437500
vt 0.01562500 0.48437500
vt 0.01562500 0.01562500
vt 0.48437500 0.01562500
vt 0.48437500 0.48437500
vt 0.01562500 0.48437500
vt 0.01562500 0.01562500
vt 0.48437500 0.01562500
vt 0.48437500 0.48437500
vt 0.01562500 0.48437500
vt 0.01562500 0.01562500
vt 0.48437500 0.01562500
vt 0.48437500 0.48437500
vt 0.01562500 0.48437500
vt 0.01562500 0.01562500
vt 0.48437500 0.01562500
vt 0.48437500 0.48437500
vt 0.01562500 0.48437500
vt 0.01562500 0.01562500
vt 0.48437500 0.01562500
vt 0.48437500 0.48437500
vt 0.01562500 0.48437500
vt 0.01562500 0.01562500
vt 0.48437500 0.01562500
vt 0.48437500 0.48437500
vt 0.01562500 0.48437500
vt 0.01562500 0.01562500
vt 0.48437500 0.01562500
vt 0.48437500 0.48437500
vt 0.01562500 0.48437500
vt 0.01562500 0.01562500
vt 0.48437500 0.01562500
vt 0.48437500 0.48437500
vt 0.01562500 0.48437500
vt 0.01562500 0.01562500
vt 0.48437500 0.01562500
vt 0.48437500 0.48437500
vt 0.01562500 0.48437500
vt 0.01562500 0.01562500
vt 0.48437500 0.01562500
vt 0.48437500 0.48437500
vt 0.01562500 0.48437500
vt 0.01562500 0.01562500
vt 0.48437500 0.01562500
vt 0.48437500 0.48437500
vt 0.01562500 0.48437500
vt 0.01562500 0.01562500
vt 0.48437500 0.01562500
vt 0.48437500 0.48437500
vt 0.01562500 0.48437500
vt 0.01562500 0.01562500
vt 0.48437500 0.01562500
vt 0.48437500 0.48437500
vt 0.01562500 0.48437500
vt 0.01562500 0.01562500
vt 0.48437500 0.01562500
vt 0.48437500 0.48437500
vt 0.01562500 0.48437500
vt 0.01562500 0.01562500
vt 0.48437500 0.01562500
vt 0.48437500 0.48437500
vt 0.01562500 0.48437500
vt 0.01562500 0.01562500
vt 0.48437500 0.01562500
vt 0.48437500 0.48437500
vt 0.01562500 0.48437500
vt 0.01562500 0.01562500
vt 0.48437500 0.01562500
vt 0.48437500 0.48437500
vt 0.01562500 0.48437500
vt 0.01562500 0.01562500
vt 0.48437500 0.01562500
vt 0.48437500 0.48437500
vt 0.01562500 0.48437500
vt 0.01562500 0.01562500
vt 0.48437500 0.01562500
vt 0.48437500 0.48437500
vt 0.01562500 0.48437500
vt 0.01562500 0.01562500
vt 0.48437500 0.01562500
vt 0.48437500 0.48437500
vt 0.01562500 0.48437500
vt 0.01562500 0.01562500
vt 0.48437500 0.01562500
vt 0.48437500 0.48437500
vt 0.01562500 0.48437500
vt 0.01562500 0.01562500
vt 0.48437500 0.01562500
vt 0.48437500 0.48437500
vt 0.01562500 0.48437500
vt 0.01562500 0.01562500
vt 0.48437500 0.01562500
vt 0.48437500 0.48437500
vt 0.01562500 0.48437500
vt 0.01562500 0.01562500
vt 0.48437500 0.01562500
vt 0.48437500 0.48437500
vt 0.01562500 0.48437500
vt 0.01562500 0.01562500
vt 0.48437500 0.01562500
vt 0.48437500 0.48437500
vt 0.01562500 0.48437500
vt 0.01562500 0.01562500
vt 0.48437500 0.01562500
vt 0.48437500 0.48437500
vt 0.01562500 0.48437500
vt 0.01562500 0.01562500
vt 0.48437500 0.01562500
vt 0.48437500 0.48437500
vt 0.01562500 0.48437500
vt 0.01562500 0.01562500
vt 0.48437500 0.01562500
vt 0.48437500 0.48437500
vt 0.01562500 0.48437500
vt 0.01562500 0.01562500
vt 0.48437500 0.01562500
vt 0.48437500 0.48437500
vt 0.01562500 0.48437500
vt 0.01562500 0.01562500
vt 0.48437500 0.01562500
vt 0.48437500 0.48437500
vt 0.01562500 0.48437500
vt 0.01562500 0.01562500
vt 0.48437500 0.01562500
vt 0.48437500 0.48437500
vt 0.01562500 0.48437500
vt 0.01562500 0.01562500
vt 0.48437500 0.01562500
vt 0.48437500 0.48437500
vt 0.01562500 0.48437500
vt 0.01562500 0.01562500
vt 0.48437500 0.01562500
vt 0.48437500 0.48437500
vt 0.01562500 0.48437500
vt 0.01562500 0.01562500
vt 0.48437500 0.01562500
vt 0.48437500 0.48437500
vt 0.01562500 0.48437500
vt 0.01562500 0.01562500
vt 0.48437500 0.01562500
vt 0.48437500 0.48437500
vt 0.01562500 0.48437500
vt 0.01562500 0.01562500
vt 0.48437500 0.01562500
vt 0.48437500 0.48437500
vt 0.01562500 0.48437500
vt 0.01562500 0.01562500
vt 0.48437500 0.01562500
vt 0.48437500 0.48437500
vt 0.01562500 0.48437500
vt 0.01562500 0.01562500
vt 0.48437500 0.01562500
vt 0.48437500 0.48437500
vt 0.01562500 0.48437500
vt 0.01562500 0.01562500
vt 0.48437500 0.01562500
vt 0.48437500 0.48437500
vt 0.01562500 0.48437500
vt 0.01562500 0.01562500
vt 0.48437500 0.01562500
vt 0.48437500 0.48437500
vt 0.01562500 0.48437500
vt 0.01562500 0.01562500
vt 0.48437500 0.01562500
vt 0.48437500 0.48437500
vt 0.01562500 0.48437500
vt 0.01562500 0.01562500
vt 0.48437500 0.01562500
vt 0.48437500 0.48437500
vt 0.01562500 0.48437500
vt 0.01562500 0.01562500
vt 0.48437500 0.01562500
vt 0.48437500 0.48437500
vt 0.01562500 0.48437500
vt 0.01562500 0.01562500
vt 0.48437500 0.01562500
vt 0.48437500 0.48437500
vt 0.01562500 0.48437500
vt 0.01562500 0.01562500
vt 0.48437500 0.01562500
vt 0.48437500 0.48437500
vt 0.01562500 0.48437500
vt 0.01562500 0.01562500
vt 0.48437500 0.01562500
vt 0.48437500 0.48437500
vt 0.01562500 0.48437500
vt 0.01562500 0.01562500
vt 0.48437500 0.01562500
vt 0.48437500 0.48437500
vt 0.01562500 0.48437500
vt 0.01562500 0.01562500
vt 0.48437500 0.01562500
vt 0.48437500 0.48437500
vt 0.01562500 0.48437500
vt 0.01562500 0.01562500
vt 0.48437500 0.01562500
vt 0.48437500 0.48437500
vt 0.01562500 0.48437500
vt 0.01562500 0.01562500
vt 0.48437500 0.01562500
vt 0.48437500 0.48437500
vt 0.01562500 0.48437500
vt 0.01562500 0.01562500
vt 0.48437500 0.01562500
vt 0.48437500 0.48437500
vt 0.01562500 0.48437500
vt 0.01562500 0.01562500
vt 0.48437500 0.01562500
vt 0.48437500 0.48437500
vt 0.01562500 0.48437500
vt 0.01562500 0.01562500
vt 0.48437500 0.01562500
vt 0.48437500 0.48437500
vt 0.01562500 0.48437500
vt 0.01562500 0.01562500
vt 0.48437500 0.01562500
vt 0.48437500 0.48437500
vt 0.01562500 0.48437500
vt 0.01562500 0.01562500
vt 0.48437500 0.01562500
vt 0.48437500 0.48437500
vt 0.01562500 0.48437500
vt 0.01562500 0.01562500
vt 0.48437500 0.01562500
vt 0.48437500 0.48437500
vt 0.01562500 0.48437500
vt 0.01562500 0.01562500
vt 0.48437500 0.01562500
vt 0.48437500 0.48437500
vt 0.01562500 0.48437500
vt 0.01562500 0.01562500
vt 0.48437500 0.01562500
vt 0.48437500 0.48437500
vt 0.01562500 0.48437500
vt 0.01562500 0.01562500
vt 0.48437500 0.01562500
vt 0.48437500 0.48437500
vt 0.01562500 0.48437500
vt 0.01562500 0.01562500
vt 0.48437500 0.01562500
vt 0.48437500 0.48437500
vt 0.01562500 0.48437500
vt 0.01562500 0.01562500
vt 0.48437500 0.01562500
vt 0.48437500 0.48437500
vt 0.01562500 0.48437500
vt 0.01562500 0.01562500
vt 0.48437500 0.01562500
vt 0.48437500 0.48437500
vt 0.01562500 0.48437500
vt 0.01562500 0.01562500
vt 0.48437500 0.01562500
vt 0.48437500 0.48437500
vt 0.01562500 0.48437500
vt 0.01562500 0.01562500
vt 0.48437500 0.01562500
vt 0.48437500 0.48437500
vt 0.01562500 0.48437500
vt 0.01562500 0.01562500
vt 0.48437500 0.01562500
vt 0.48437500 0.48437500
vt 0.01562500 0.48437500
vt 0.01562500 0.01562500
vt 0.48437500 0.01562500
vt 0.48437500 0.48437500
vt 0.01562500 0.48437500
vt 0.01562500 0.01562500
vt 0.48437500 0.01562500
vt 0.48437500 0.48437500
vt 0.01562500 0.48437500
vt 0.01562500 0.01562500
vt 0.48437500 0.01562500
vt 0.48437500 0.48437500
vt 0.01562500 0.48437500
vt 0.01562500 0.01562500
vt 0.48437500 0.01562500
vt 0.48437500 0.48437500
vt 0.01562500 0.48437500
vt 0.01562500 0.01562500
vt 0.48437500 0.01562500
vt 0.48437500 0.48437500
vt 0.01562500 0.48437500
vt 0.01562500 0.01562500
vt 0.48437500 0.01562500
vt 0.48437500 0.48437500
vt 0.01562500 0.48437500
vt 0.01562500 0.01562500
vt 0.48437500 0.01562500
vt 0.48437500 0.48437500
vt 0.01562500 0.48437500
vt 0.01562500 0.01562500
vt 0.48437500 0.01562500
vt 0.48437500 0.48437500
vt 0.01562500 0.48437500
vt 0.01562500 0.01562500
vt 0.48437500 0.01562500
vt 0.48437500 0.48437500
vt 0.01562500 0.48437500
vt 0.01562500 0.01562500
vt 0.48437500 0.01562500
vt 0.48437500 0.48437500
vt 0.01562500 0.48437500
vt 0.01562500 0.01562500
vt 0.48437500 0.01562500
vt 0.48437500 0.48437500
vt 0.01562500 0.48437500
vt 0.01562500 0.01562500
vt 0.48437500 0.01562500
vt 0.48437500 0.48437500
vt 0.01562500 0.48437500
vt 0.01562500 0.01562500
vt 0.48437500 0.01562500
vt 0.48437500 0.48437500
vt 0.01562500 0.48437500
vt 0.01562500 0.01562500
vt 0.48437500 0.01562500
vt 0.48437500 0.48437500
vt 0.01562500 0.48437500
vt 0.01562500 0.01562500
vt 0.48437500 0.01562500
vt 0.48437500 0.48437500
vt 0.01562500 0.48437500
vt 0.01562500 0.01562500
vt 0.48437500 0.01562500
vt 0.48437500 0.48437500
vt 0.01562500 0.48437500
vt 0.01562500 0.01562500
vt 0.48437500 0.01562500
vt 0.48437500 0.48437500
vt 0.01562500 0.48437500
vt 0.01562500 0.01562500
vt 0.48437500 0.01562500
vt 0.48437500 0.48437500
vt 0.01562500 0.48437500
vt 0.01562500 0.01562500
vt 0.48437500 0.01562500
vt 0.48437500 0.48437500
vt 0.01562500 0.48437500
vt 0.01562500 0.01562500
vt 0.48437500 0.01562500
vt 0.48437500 0.48437500
vt 0.01562500 0.48437500
vt 0.01562500 0.01562500
vt 0.48437500 0.01562500
vt 0.48437500 0.48437500
vt 0.01562500 0.48437500
vt 0.01562500 0.01562500
vt 0.48437500 0.01562500
vt 0.48437500 0.48437500
vt 0.01562500 0.48437500
vt 0.01562500 0.01562500
vt 0.48437500 0.01562500
vt 0.48437500 0.48437500
vt 0.01562500 0.48437500
vt 0.01562500 0.01562500
vt 0.48437500 0.01562500
vt 0.48437500 0.48437500
vt 0.01562500 0.48437500
vt 0.01562500 0.01562500
vt 0.48437500 0.01562500
vt 0.48437500 0.48437500
vt 0.01562500 0.48437500
vt 0.01562500 0.01562500
vt 0.48437500 0.01562500
vt 0.48437500 0.48437500
vt 0.01562500 0.48437500
vt 0.01562500 0.01562500
vt 0.48437500 0.01562500
vt 0.48437500 0.48437500
vt 0.01562500 0.48437500
vt 0.01562500 0.01562500
vt 0.48437500 0.01562500
vt 0.48437500 0.48437500
vt 0.01562500 0.48437500
vt 0.01562500 0.01562500
vt 0.48437500 0.01562500
vt 0.48437500 0.48437500
vt 0.01562500 0.48437500
vt 0.01562500 0.01562500
vt 0.48437500 0.01562500
vt 0.48437500 0.48437500
vt 0.01562500 0.48437500
vt 0.01562500 0.01562500
vt 0.48437500 0.01562500
vt 0.48437500 0.48437500
vt 0.01562500 0.48437500
vt 0.01562500 0.01562500
vt 0.48437500 0.01562500
vt 0.48437500 0.48437500
vt 0.01562500 0.48437500
vt 0.01562500 0.01562500
vt 0.48437500 0.01562500
vt 0.48437500 0.48437500
vt 0.01562500 0.48437500
vt 0.01562500 0.01562500
vt 0.48437500 0.01562500
vt 0.48437500 0.48437500
vt 0.01562500 0.48437500
vt 0.01562500 0.01562500
vt 0.48437500 0.01562500
vt 0.48437500 0.48437500
vt 0.01562500 0.48437500
vt 0.01562500 0.01562500
vt 0.48437500 0.01562500
vt 0.48437500 0.48437500
vt 0.01562500 0.48437500
vt 0.01562500 0.01562500
vt 0.48437500 0.01562500
vt 0.48437500 0.48437500
vt 0.01562500 0.48437500
vt 0.01562500 0.01562500
vt 0.48437500 0.01562500
vt 0.48437500 0.48437500
vt 0.01562500 0.48437500
vt 0.01562500 0.01562500
vt 0.48437500 0.01562500
vt 0.48437500 0.48437500
vt 0.01562500 0.48437500
vt 0.01562500 0.01562500
vt 0.48437500 0.01562500
vt 0.48437500 0.48437500
vt 0.01562500 0.48437500
vt 0.01562500 0.01562500
vt 0.48437500 0.01562500
vt 0.48437500 0.48437500
vt 0.01562500 0.48437500
vt 0.01562500 0.01562500
vt 0.48437500 0.01562500
vt 0.48437500 0.48437500
vt 0.01562500 0.48437500
vt 0.01562500 0.01562500
vt 0.48437500 0.01562500
vt 0.48437500 0.48437500
vt 0.01562500 0.48437500
vt 0.01562500 0.01562500
vt 0.48437500 0.01562500
vt 0.48437500 0.48437500
vt 0.01562500 0.48437500
vt 0.01562500 0.01562500
vt 0.48437500 0.01562500
vt 0.48437500 0.48437500
vt 0.01562500 0.48437500
vt 0.01562500 0.01562500
vt 0.48437500 0.01562500
vt 0.48437500 0.48437500
vt 0.01562500 0.48437500
vt 0.01562500 0.01562500
vt 0.48437500 0.01562500
vt 0.48437500 0.48437500
vt 0.01562500 0.48437500
vt 0.51562500 0.01562500
vt 0.73437500 0.01562500
vt 0.73437500 0.48437500
vt 0.51562500 0.48437500
vt 0.51562500 0.01562500
vt 0.73437500 0.01562500
vt 0.73437500 0.48437500
vt 0.51562500 0.48437500
vt 0.51562500 0.01562500
vt 0.73437500 0.01562500
vt 0.73437500 0.48437500
vt 0.51562500 0.48437500
vt 0.51562500 0.01562500
vt 0.73437500 0.01562500
vt 0.73437500 0.48437500
vt 0.51562500 0.48437500
vt 0.51562500 0.01562500
vt 0.73437500 0.01562500
vt 0.73437500 0.48437500
vt 0.51562500 0.48437500
vt 0.51562500 0.01562500
vt 0.73437500 0.01562500
vt 0.73437500 0.48437500
vt 0.51562500 0.48437500
vt 0.01562500 0.01562500
vt 0.48437500 0.01562500
vt 0.48437500 0.48437500
vt 0.01562500 0.48437500
vt 0.01562500 0.01562500
vt 0.48437500 0.01562500
vt 0.48437500 0.48437500
vt 0.01562500 0.48437500
vt 0.01562500 0.01562500
vt 0.48437500 0.01562500
vt 0.48437500 0.48437500
vt 0.01562500 0.48437500
vt 0.01562500 0.01562500
vt 0.48437500 0.01562500
vt 0.48437500 0.48437500
vt 0.01562500 0.48437500
vt 0.01562500 0.01562500
vt 0.48437500 0.01562500
vt 0.48437500 0.48437500
vt 0.01562500 0.48437500
vt 0.01562500 0.01562500
vt 0.48437500 0.01562500
vt 0.48437500 0.48437500
vt 0.01562500 0.48437500
vt 0.51562500 0.01562500
vt 0.73437500 0.01562500
vt 0.73437500 0.48437500
vt 0.51562500 0.48437500
vt 0.51562500 0.01562500
vt 0.73437500 0.01562500
vt 0.73437500 0.48437500
vt 0.51562500 0.48437500
vt 0.51562500 0.01562500
vt 0.73437500 0.01562500
vt 0.73437500 0.48437500
vt 0.51562500 0.48437500
vt 0.51562500 0.01562500
vt 0.73437500 0.01562500
vt 0.73437500 0.48437500
vt 0.51562500 0.48437500
vt 0.51562500 0.01562500
vt 0.73437500 0.01562500
vt 0.73437500 0.48437500
vt 0.51562500 0.48437500
vt 0.51562500 0.01562500
vt 0.73437500 0.01562500
vt 0.73437500 0.48437500
vt 0.51562500 0.48437500
vt 0.01562500 0.01562500
vt 0.48437500 0.01562500
vt 0.48437500 0.48437500
vt 0.01562500 0.48437500
vt 0.01562500 0.01562500
vt 0.48437500 0.01562500
vt 0.48437500 0.48437500
vt 0.01562500 0.48437500
vt 0.01562500 0.01562500
vt 0.48437500 0.01562500
vt 0.48437500 0.48437500
vt 0.01562500 0.48437500
vt 0.01562500 0.01562500
vt 0.48437500 0.01562500
vt 0.48437500 0.48437500
vt 0.01562500 0.48437500
vt 0.01562500 0.01562500
vt 0.48437500 0.01562500
vt 0.48437500 0.48437500
vt 0.01562500 0.48437500
vt 0.01562500 0.01562500
vt 0.48437500 0.01562500
vt 0.48437500 0.48437500
vt 0.01562500 0.48437500
vt 0.51562500 0.01562500
vt 0.73437500 0.01562500
vt 0.73437500 0.48437500
vt 0.51562500 0.48437500
vt 0.51562500 0.01562500
vt 0.73437500 0.01562500
vt 0.73437500 0.48437500
vt 0.51562500 0.48437500
vt 0.51562500 0.01562500
vt 0.73437500 0.01562500
vt 0.73437500 0.48437500
vt 0.51562500 0.48437500
vt 0.51562500 0.01562500
vt 0.73437500 0.01562500
vt 0.73437500 0.48437500
vt 0.51562500 0.48437500
vt 0.51562500 0.01562500
vt 0.73437500 0.01562500
vt 0.73437500 0.48437500
vt 0.51562500 0.48437500
vt 0.51562500 0.01562500
vt 0.73437500 0.01562500
vt 0.73437500 0.48437500
vt 0.51562500 0.48437500
vt 0.01562500 0.01562500
vt 0.48437500 0.01562500
vt 0.48437500 0.48437500
vt 0.01562500 0.48437500
vt 0.01562500 0.01562500
vt 0.48437500 0.01562500
vt 0.48437500 0.48437500
vt 0.01562500 0.48437500
vt 0.01562500 0.01562500
vt 0.48437500 0.01562500
vt 0.48437500 0.48437500
vt 0.01562500 0.48437500
vt 0.01562500 0.01562500
vt 0.48437500 0.01562500
vt 0.48437500 0.48437500
vt 0.01562500 0.48437500
vt 0.01562500 0.01562500
vt 0.48437500 0.01562500
vt 0.48437500 0.48437500
vt 0.01562500 0.48437500
vt 0.01562500 0.01562500
vt 0.48437500 0.01562500
vt 0.48437500 0.48437500
vt 0.01562500 0.48437500
vt 0.51562500 0.01562500
vt 0.73437500 0.01562500
vt 0.73437500 0.48437500
vt 0.51562500 0.48437500
vt 0.51562500 0.01562500
vt 0.73437500 0.01562500
vt 0.73437500 0.48437500
vt 0.51562500 0.48437500
vt 0.51562500 0.01562500
vt 0.73437500 0.01562500
vt 0.73437500 0.48437500
vt 0.51562500 0.48437500
vt 0.51562500 0.01562500
vt 0.73437500 0.01562500
vt 0.73437500 0.48437500
vt 0.51562500 0.48437500
vt 0.51562500 0.01562500
vt 0.73437500 0.01562500
vt 0.73437500 0.48437500
vt 0.51562500 0.48437500
vt 0.51562500 0.01562500
vt 0.73437500 0.01562500
vt 0.73437500 0.48437500
vt 0.51562500 0.48437500
vt 0.01562500 0.01562500
vt 0.48437500 0.01562500
vt 0.48437500 0.48437500
vt 0.01562500 0.48437500
vt 0.01562500 0.01562500
vt 0.48437500 0.01562500
vt 0.48437500 0.48437500
vt 0.01562500 0.48437500
vt 0.01562500 0.01562500
vt 0.48437500 0.01562500
vt 0.48437500 0.48437500
vt 0.01562500 0.48437500
vt 0.01562500 0.01562500
vt 0.48437500 0.01562500
vt 0.48437500 0.48437500
vt 0.01562500 0.48437500
vt 0.01562500 0.01562500
vt 0.48437500 0.01562500
vt 0.48437500 0.48437500
vt 0.01562500 0.48437500
vt 0.01562500 0.01562500
vt 0.48437500 0.01562500
vt 0.48437500 0.48437500
vt 0.01562500 0.48437500
vt 0.51562500 0.01562500
vt 0.73437500 0.01562500
vt 0.73437500 0.48437500
vt 0.51562500 0.48437500
vt 0.51562500 0.01562500
vt 0.73437500 0.01562500
vt 0.73437500 0.48437500
vt 0.51562500 0.48437500
vt 0.51562500 0.01562500
vt 0.73437500 0.01562500
vt 0.73437500 0.48437500
vt 0.51562500 0.48437500
vt 0.51562500 0.01562500
vt 0.73437500 0.01562500
vt 0.73437500 0.48437500
vt 0.51562500 0.48437500
vt 0.51562500 0.01562500
vt 0.73437500 0.01562500
vt 0.73437500 0.48437500
vt 0.51562500 0.48437500
vt 0.51562500 0.01562500
vt 0.73437500 0.01562500
vt 0.73437500 0.48437500
vt 0.51562500 0.48437500
vt 0.01562500 0.01562500
vt 0.48437500 0.01562500
vt 0.48437500 0.48437500
vt 0.01562500 0.48437500
vt 0.01562500 0.01562500
vt 0.48437500 0.01562500
vt 0.48437500 0.48437500
vt 0.01562500 0.48437500
vt 0.01562500 0.01562500
vt 0.48437500 0.01562500
vt 0.48437500 0.48437500
vt 0.01562500 0.48437500
vt 0.01562500 0.01562500
vt 0.48437500 0.01562500
vt 0.48437500 0.48437500
vt 0.01562500 0.48437500
vt 0.01562500 0.01562500
vt 0.48437500 0.01562500
vt 0.48437500 0.48437500
vt 0.01562500 0.48437500
vt 0.01562500 0.01562500
vt 0.48437500 0.01562500
vt 0.48437500 0.48437500
vt 0.01562500 0.48437500
vt 0.51562500 0.01562500
vt 0.73437500 0.01562500
vt 0.73437500 0.48437500
vt 0.51562500 0.48437500
vt 0.51562500 0.01562500
vt 0.73437500 0.01562500
vt 0.73437500 0.48437500
vt 0.51562500 0.48437500
vt 0.51562500 0.01562500
vt 0.73437500 0.01562500
vt 0.73437500 0.48437500
vt 0.51562500 0.48437500
vt 0.51562500 0.01562500
vt 0.73437500 0.01562500
vt 0.73437500 0.48437500
vt 0.51562500 0.48437500
vt 0.51562500 0.01562500
vt 0.73437500 0.01562500
vt 0.73437500 0.48437500
vt 0.51562500 0.48437500
vt 0.51562500 0.01562500
vt 0.73437500 0.01562500
vt 0.73437500 0.48437500
vt 0.51562500 0.48437500
vt 0.01562500 0.01562500
vt 0.48437500 0.01562500
vt 0.48437500 0.48437500
vt 0.01562500 0.48437500
vt 0.01562500 0.01562500
vt 0.48437500 0.01562500
vt 0.48437500 0.48437500
vt 0.01562500 0.48437500
vt 0.01562500 0.01562500
vt 0.48437500 0.01562500
vt 0.48437500 0.48437500
vt 0.01562500 0.48437500
vt 0.01562500 0.01562500
vt 0.48437500 0.01562500
vt 0.48437500 0.48437500
vt 0.01562500 0.48437500
vt 0.01562500 0.01562500
vt 0.48437500 0.01562500
vt 0.48437500 0.48437500
vt 0.01562500 0.48437500
vt 0.01562500 0.01562500
vt 0.48437500 0.01562500
vt 0.48437500 0.48437500
vt 0.01562500 0.48437500
vt 0.51562500 0.01562500
vt 0.73437500 0.01562500
vt 0.73437500 0.48437500
vt 0.51562500 0.48437500
vt 0.51562500 0.01562500
vt 0.73437500 0.01562500
vt 0.73437500 0.48437500
vt 0.51562500 0.48437500
vt 0.51562500 0.01562500
vt 0.73437500 0.01562500
vt 0.73437500 0.48437500
vt 0.51562500 0.48437500
vt 0.51562500 0.01562500
vt 0.73437500 0.01562500
vt 0.73437500 0.48437500
vt 0.51562500 0.48437500
vt 0.51562500 0.01562500
vt 0.73437500 0.01562500
vt 0.73437500 0.48437500
vt 0.51562500 0.48437500
vt 0.51562500 0.01562500
vt 0.73437500 0.01562500
vt 0.73437500 0.48437500
vt 0.51562500 0.48437500
vt 0.01562500 0.01562500
vt 0.48437500 0.01562500
vt 0.48437500 0.48437500
vt 0.01562500 0.48437500
vt 0.01562500 0.01562500
vt 0.48437500 0.01562500
vt 0.48437500 0.48437500
vt 0.01562500 0.48437500
vt 0.01562500 0.01562500
vt 0.48437500 0.01562500
vt 0.48437500 0.48437500
vt 0.01562500 0.48437500
vt 0.01562500 0.01562500
vt 0.48437500 0.01562500
vt 0.48437500 0.48437500
vt 0.01562500 0.48437500
vt 0.01562500 0.01562500
vt 0.48437500 0.01562500
vt 0.48437500 0.48437500
vt 0.01562500 0.48437500
vt 0.01562500 0.01562500
vt 0.48437500 0.01562500
vt 0.48437500 0.48437500
vt 0.01562500 0.48437500
vt 0.51562500 0.01562500
vt 0.73437500 0.01562500
vt 0.73437500 0.48437500
vt 0.51562500 0.48437500
vt 0.51562500 0.01562500
vt 0.73437500 0.01562500
vt 0.73437500 0.48437500
vt 0.51562500 0.48437500
vt 0.51562500 0.01562500
vt 0.73437500 0.01562500
vt 0.73437500 0.48437500
vt 0.51562500 0.48437500
vt 0.51562500 0.01562500
vt 0.73437500 0.01562500
vt 0.73437500 0.48437500
vt 0.51562500 0.48437500
vt 0.51562500 0.01562500
vt 0.73437500 0.01562500
vt 0.73437500 0.48437500
vt 0.51562500 0.48437500
vt 0.51562500 0.01562500
vt 0.73437500 0.01562500
vt 0.73437500 0.48437500
vt 0.51562500 0.48437500
vt 0.01562500 0.01562500
vt 0.48437500 0.01562500
vt 0.48437500 0.48437500
vt 0.01562500 0.48437500
vt 0.01562500 0.01562500
vt 0.48437500 0.01562500
vt 0.48437500 0.48437500
vt 0.01562500 0.48437500
vt 0.01562500 0.01562500
vt 0.48437500 0.01562500
vt 0.48437500 0.48437500
vt 0.01562500 0.48437500
vt 0.01562500 0.01562500
vt 0.48437500 0.01562500
vt 0.48437500 0.48437500
vt 0.01562500 0.48437500
vt 0.01562500 0.01562500
vt 0.48437500 0.01562500
vt 0.48437500 0.48437500
vt 0.01562500 0.48437500
vt 0.01562500 0.01562500
vt 0.48437500 0.01562500
vt 0.48437500 0.48437500
vt 0.01562500 0.48437500
vt 0.51562500 0.01562500
vt 0.73437500 0.01562500
vt 0.73437500 0.48437500
vt 0.51562500 0.48437500
vt 0.51562500 0.01562500
vt 0.73437500 0.01562500
vt 0.73437500 0.48437500
vt 0.51562500 0.48437500
vt 0.51562500 0.01562500
vt 0.73437500 0.01562500
vt 0.73437500 0.48437500
vt 0.51562500 0.48437500
vt 0.51562500 0.01562500
vt 0.73437500 0.01562500
vt 0.73437500 0.48437500
vt 0.51562500 0.48437500
vt 0.51562500 0.01562500
vt 0.73437500 0.01562500
vt 0.73437500 0.48437500
vt 0.51562500 0.48437500
vt 0.51562500 0.01562500
vt 0.73437500 0.01562500
vt 0.73437500 0.48437500
vt 0.51562500 0.48437500
vt 0.01562500 0.01562500
vt 0.48437500 0.01562500
vt 0.48437500 0.48437500
vt 0.01562500 0.48437500
vt 0.01562500 0.01562500
vt 0.48437500 0.01562500
vt 0.48437500 0.48437500
vt 0.01562500 0.48437500
vt 0.01562500 0.01562500
vt 0.48437500 0.01562500
vt 0.48437500 0.48437500
vt 0.01562500 0.48437500
vt 0.01562500 0.01562500
vt 0.48437500 0.01562500
vt 0.48437500 0.48437500
vt 0.01562500 0.48437500
vt 0.01562500 0.01562500
vt 0.48437500 0.01562500
vt 0.48437500 0.48437500
vt 0.01562500 0.48437500
vt 0.01562500 0.01562500
vt 0.48437500 0.01562500
vt 0.48437500 0.48437500
vt 0.01562500 0.48437500
vt 0.51562500 0.01562500
vt 0.73437500 0.01562500
vt 0.73437500 0.48437500
vt 0.51562500 0.48437500
vt 0.51562500 0.01562500
vt 0.73437500 0.01562500
vt 0.73437500 0.48437500
vt 0.51562500 0.48437500
vt 0.51562500 0.01562500
vt 0.73437500 0.01562500
vt 0.73437500 0.48437500
vt 0.51562500 0.48437500
vt 0.51562500 0.01562500
vt 0.73437500 0.01562500
vt 0.73437500 0.48437500
vt 0.51562500 0.48437500
vt 0.51562500 0.01562500
vt 0.73437500 0.01562500
vt 0.73437500 0.48437500
vt 0.51562500 0.48437500
vt 0.51562500 0.01562500
vt 0.73437500 0.01562500
vt 0.73437500 0.48437500
vt 0.51562500 0.48437500
vt 0.01562500 0.01562500
vt 0.48437500 0.01562500
vt 0.48437500 0.48437500
vt 0.01562500 0.48437500
vt 0.01562500 0.01562500
vt 0.48437500 0.01562500
vt 0.48437500 0.48437500
vt 0.01562500 0.48437500
vt 0.01562500 0.01562500
vt 0.48437500 0.01562500
vt 0.48437500 0.48437500
vt 0.01562500 0.48437500
vt 0.01562500 0.01562500
vt 0.48437500 0.01562500
vt 0.48437500 0.48437500
vt 0.01562500 0.48437500
vt 0.01562500 0.01562500
vt 0.48437500 0.01562500
vt 0.48437500 0.48437500
vt 0.01562500 0.48437500
vt 0.01562500 0.01562500
vt 0.48437500 0.01562500
vt 0.48437500 0.48437500
vt 0.01562500 0.48437500
vt 0.51562500 0.01562500
vt 0.73437500 0.01562500
vt 0.73437500 0.48437500
vt 0.51562500 0.48437500
vt 0.51562500 0.01562500
vt 0.73437500 0.01562500
vt 0.73437500 0.48437500
vt 0.51562500 0.48437500
vt 0.51562500 0.01562500
vt 0.73437500 0.01562500
vt 0.73437500 0.48437500
vt 0.51562500 0.48437500
vt 0.51562500 0.01562500
vt 0.73437500 0.01562500
vt 0.73437500 0.48437500
vt 0.51562500 0.48437500
vt 0.51562500 0.01562500
vt 0.73437500 0.01562500
vt 0.73437500 0.48437500
vt 0.51562500 0.48437500
vt 0.51562500 0.01562500
vt 0.73437500 0.01562500
vt 0.73437500 0.48437500
vt 0.51562500 0.48437500
vt 0.01562500 0.01562500
vt 0.48437500 0.01562500
vt 0.48437500 0.48437500
vt 0.01562500 0.48437500
vt 0.01562500 0.01562500
vt 0.48437500 0.01562500
vt 0.48437500 0.48437500
vt 0.01562500 0.48437500
vt 0.01562500 0.01562500
vt 0.48437500 0.01562500
vt 0.48437500 0.48437500
vt 0.01562500 0.48437500
vt 0.01562500 0.01562500
vt 0.48437500 0.01562500
vt 0.48437500 0.48437500
vt 0.01562500 0.48437500
vt 0.01562500 0.01562500
vt 0.48437500 0.01562500
vt 0.48437500 0.48437500
vt 0.01562500 0.48437500
vt 0.01562500 0.01562500
vt 0.48437500 0.01562500
vt 0.48437500 0.48437500
vt 0.01562500 0.48437500
vt 0.51562500 0.01562500
vt 0.73437500 0.01562500
vt 0.73437500 0.48437500
vt 0.51562500 0.48437500
vt 0.51562500 0.01562500
vt 0.73437500 0.01562500
vt 0.73437500 0.48437500
vt 0.51562500 0.48437500
vt 0.51562500 0.01562500
vt 0.73437500 0.01562500
vt 0.73437500 0.48437500
vt 0.51562500 0.48437500
vt 0.51562500 0.01562500
vt 0.73437500 0.01562500
vt 0.73437500 0.48437500
vt 0.51562500 0.48437500
vt 0.51562500 0.01562500
vt 0.73437500 0.01562500
vt 0.73437500 0.48437500
vt 0.51562500 0.48437500
vt 0.51562500 0.01562500
vt 0.73437500 0.01562500
vt 0.73437500 0.48437500
vt 0.51562500 0.48437500
vt 0.01562500 0.01562500
vt 0.48437500 0.01562500
vt 0.48437500 0.48437500
vt 0.01562500 0.48437500
vt 0.01562500 0.01562500
vt 0.48437500 0.01562500
vt 0.48437500 0.48437500
vt 0.01562500 0.48437500
vt 0.01562500 0.01562500
vt 0.48437500 0.01562500
vt 0.48437500 0.48437500
vt 0.01562500 0.48437500
vt 0.01562500 0.01562500
vt 0.48437500 0.01562500
vt 0.48437500 0.48437500
vt 0.01562500 0.48437500
vt 0.01562500 0.01562500
vt 0.48437500 0.01562500
vt 0.48437500 0.48437500
vt 0.01562500 0.48437500
vt 0.01562500 0.01562500
vt 0.48437500 0.01562500
vt 0.48437500 0.48437500
vt 0.01562500 0.48437500
vt 0.51562500 0.01562500
vt 0.73437500 0.01562500
vt 0.73437500 0.48437500
vt 0.51562500 0.48437500
vt 0.51562500 0.01562500
vt 0.73437500 0.01562500
vt 0.73437500 0.48437500
vt 0.51562500 0.48437500
vt 0.51562500 0.01562500
vt 0.73437500 0.01562500
vt 0.73437500 0.48437500
vt 0.51562500 0.48437500
vt 0.51562500 0.01562500
vt 0.73437500 0.01562500
vt 0.73437500 0.48437500
vt 0.51562500 0.48437500
vt 0.51562500 0.01562500
vt 0.73437500 0.01562500
vt 0.73437500 0.48437500
vt 0.51562500 0.48437500
vt 0.51562500 0.01562500
vt 0.73437500 0.01562500
vt 0.73437500 0.48437500
vt 0.51562500 0.48437500
vt 0.01562500 0.01562500
vt 0.48437500 0.01562500
vt 0.48437500 0.48437500
vt 0.01562500 0.48437500
vt 0.01562500 0.01562500
vt 0.48437500 0.01562500
vt 0.48437500 0.48437500
vt 0.01562500 0.48437500
vt 0.01562500 0.01562500
vt 0.48437500 0.01562500
vt 0.48437500 0.48437500
vt 0.01562500 0.48437500
vt 0.01562500 0.01562500
vt 0.48437500 0.01562500
vt 0.48437500 0.48437500
vt 0.01562500 0.48437500
vt 0.01562500 0.01562500
vt 0.48437500 0.01562500
vt 0.48437500 0.48437500
vt 0.01562500 0.48437500
vt 0.01562500 0.01562500
vt 0.48437500 0.01562500
vt 0.48437500 0.48437500
vt 0.01562500 0.48437500
vt 0.51562500 0.01562500
vt 0.73437500 0.01562500
vt 0.73437500 0.48437500
vt 0.51562500 0.48437500
vt 0.51562500 0.01562500
vt 0.73437500 0.01562500
vt 0.73437500 0.48437500
vt 0.51562500 0.48437500
vt 0.51562500 0.01562500
vt 0.73437500 0.01562500
vt 0.73437500 0.48437500
vt 0.51562500 0.48437500
vt 0.51562500 0.01562500
vt 0.73437500 0.01562500
vt 0.73437500 0.48437500
vt 0.51562500 0.48437500
vt 0.51562500 0.01562500
vt 0.73437500 0.01562500
vt 0.73437500 0.48437500
vt 0.51562500 0.48437500
vt 0.51562500 0.01562500
vt 0.73437500 0.01562500
vt 0.73437500 0.48437500
vt 0.51562500 0.48437500
vt 0.01562500 0.51562500
vt 0.48437500 0.51562500
vt 0.48437500 0.98437500
vt 0.01562500 0.98437500
vt 0.01562500 0.51562500
vt 0.48437500 0.51562500
vt 0.48437500 0.98437500
vt 0.01562500 0.98437500
vt 0.01562500 0.51562500
vt 0.48437500 0.51562500
vt 0.48437500 0.98437500
vt 0.01562500 0.98437500
vt 0.01562500 0.51562500
vt 0.48437500 0.51562500
vt 0.48437500 0.98437500
vt 0.01562500 0.98437500
vt 0.01562500 0.51562500
vt 0.48437500 0.51562500
vt 0.48437500 0.98437500
vt 0.01562500 0.98437500
vt 0.01562500 0.51562500
vt 0.48437500 0.51562500
vt 0.48437500 0.98437500
vt 0.01562500 0.98437500
vt 0.01562500 0.51562500
vt 0.48437500 0.51562500
vt 0.48437500 0.98437500
vt 0.01562500 0.98437500
vt 0.01562500 0.51562500
vt 0.48437500 0.51562500
vt 0.48437500 0.98437500
vt 0.01562500 0.98437500
vt 0.01562500 0.51562500
vt 0.48437500 0.51562500
vt 0.48437500 0.98437500
vt 0.01562500 0.98437500
vt 0.01562500 0.51562500
vt 0.48437500 0.51562500
vt 0.48437500 0.98437500
vt 0.01562500 0.98437500
vt 0.01562500 0.51562500
vt 0.48437500 0.51562500
vt 0.48437500 0.98437500
vt 0.01562500 0.98437500
vt 0.01562500 0.51562500
vt 0.48437500 0.51562500
vt 0.48437500 0.98437500
vt 0.01562500 0.98437500
vt 0.01562500 0.51562500
vt 0.48437500 0.51562500
vt 0.48437500 0.98437500
vt 0.01562500 0.98437500
vt 0.01562500 0.51562500
vt 0.48437500 0.51562500
vt 0.48437500 0.98437500
vt 0.01562500 0.98437500
vt 0.01562500 0.51562500
vt 0.48437500 0.51562500
vt 0.48437500 0.98437500
vt 0.01562500 0.98437500
vt 0.01562500 0.51562500
vt 0.48437500 0.51562500
vt 0.48437500 0.98437500
vt 0.01562500 0.98437500
vt 0.01562500 0.51562500
vt 0.48437500 0.51562500
vt 0.48437500 0.98437500
vt 0.01562500 0.98437500
vt 0.01562500 0.51562500
vt 0.48437500 0.51562500
vt 0.48437500 0.98437500
vt 0.01562500 0.98437500
vt 0.01562500 0.51562500
vt 0.48437500 0.51562500
vt 0.48437500 0.98437500
vt 0.01562500 0.98437500
vt 0.01562500 0.51562500
vt 0.48437500 0.51562500
vt 0.48437500 0.98437500
vt 0.01562500 0.98437500
vt 0.01562500 0.51562500
vt 0.48437500 0.51562500
vt 0.48437500 0.98437500
vt 0.01562500 0.98437500
vt 0.01562500 0.51562500
vt 0.48437500 0.51562500
vt 0.48437500 0.98437500
vt 0.01562500 0.98437500
vt 0.01562500 0.51562500
vt 0.48437500 0.51562500
vt 0.48437500 0.98437500
vt 0.01562500 0.98437500
vt 0.01562500 0.51562500
vt 0.48437500 0.51562500
vt 0.48437500 0.98437500
vt 0.01562500 0.98437500
vt 0.01562500 0.51562500
vt 0.48437500 0.51562500
vt 0.48437500 0.98437500
vt 0.01562500 0.98437500
vt 0.01562500 0.51562500
vt 0.48437500 0.51562500
vt 0.48437500 0.98437500
vt 0.01562500 0.98437500
vt 0.01562500 0.51562500
vt 0.48437500 0.51562500
vt 0.48437500 0.98437500
vt 0.01562500 0.98437500
vt 0.01562500 0.51562500
vt 0.48437500 0.51562500
vt 0.48437500 0.98437500
vt 0.01562500 0.98437500
vt 0.01562500 0.51562500
vt 0.48437500 0.51562500
vt 0.48437500 0.98437500
vt 0.01562500 0.98437500
vt 0.01562500 0.51562500
vt 0.48437500 0.51562500
vt 0.48437500 0.98437500
vt 0.01562500 0.98437500
vt 0.01562500 0.51562500
vt 0.48437500 0.51562500
vt 0.48437500 0.98437500
vt 0.01562500 0.98437500
vt 0.01562500 0.51562500
vt 0.48437500 0.51562500
vt 0.48437500 0.98437500
vt 0.01562500 0.98437500
vt 0.51562500 0.51562500
vt 0.98437500 0.51562500
vt 0.98437500 0.98437500
vt 0.51562500 0.98437500
vt 0.51562500 0.51562500
vt 0.98437500 0.51562500
vt 0.98437500 0.98437500
vt 0.51562500 0.98437500
vt 0.51562500 0.51562500
vt 0.98437500 0.51562500
vt 0.98437500 0.98437500
vt 0.51562500 0.98437500
vt 0.51562500 0.51562500
vt 0.98437500 0.51562500
vt 0.98437500 0.98437500
vt 0.51562500 0.98437500
vt 0.01562500 0.51562500
vt 0.48437500 0.51562500
vt 0.48437500 0.98437500
vt 0.01562500 0.98437500
vt 0.01562500 0.51562500
vt 0.48437500 0.51562500
vt 0.48437500 0.98437500
vt 0.01562500 0.98437500
vt 0.01562500 0.51562500
vt 0.48437500 0.51562500
vt 0.48437500 0.98437500
vt 0.01562500 0.98437500
vt 0.01562500 0.51562500
vt 0.48437500 0.51562500
vt 0.48437500 0.98437500
vt 0.01562500 0.98437500
vt 0.51562500 0.01562500
vt 0.73437500 0.01562500
vt 0.73437500 0.48437500
vt 0.51562500 0.48437500
vt 0.51562500 0.01562500
vt 0.73437500 0.01562500
vt 0.73437500 0.48437500
vt 0.51562500 0.48437500
vt 0.51562500 0.01562500
vt 0.73437500 0.01562500
vt 0.73437500 0.48437500
vt 0.51562500 0.48437500
vt 0.51562500 0.01562500
vt 0.73437500 0.01562500
vt 0.73437500 0.48437500
vt 0.51562500 0.48437500
vt 0.51562500 0.01562500
vt 0.73437500 0.01562500
vt 0.73437500 0.48437500
vt 0.51562500 0.48437500
vt 0.51562500 0.01562500
vt 0.73437500 0.01562500
vt 0.73437500 0.48437500
vt 0.51562500 0.48437500
vt 0.51562500 0.01562500
vt 0.73437500 0.01562500
vt 0.73437500 0.48437500
vt 0.51562500 0.48437500
vt 0.51562500 0.01562500
vt 0.73437500 0.01562500
vt 0.73437500 0.48437500
vt 0.51562500 0.48437500
vt 0.51562500 0.01562500
vt 0.73437500 0.01562500
vt 0.73437500 0.48437500
vt 0.51562500 0.48437500
vt 0.76562500 0.01562500
vt 0.98437500 0.01562500
vt 0.98437500 0.48437500
vt 0.76562500 0.48437500
vt 0.76562500 0.01562500
vt 0.98437500 0.01562500
vt 0.98437500 0.48437500
vt 0.76562500 0.48437500
vt 0.76562500 0.01562500
vt 0.98437500 0.01562500
vt 0.98437500 0.48437500
vt 0.76562500 0.48437500
vt 0.76562500 0.01562500
vt 0.98437500 0.01562500
vt 0.98437500 0.48437500
vt 0.76562500 0.48437500
vt 0.76562500 0.01562500
vt 0.98437500 0.01562500
vt 0.98437500 0.48437500
vt 0.76562500 0.48437500
vt 0.76562500 0.01562500
vt 0.98437500 0.01562500
vt 0.98437500 0.48437500
vt 0.76562500 0.48437500
vt 0.76562500 0.01562500
vt 0.98437500 0.01562500
vt 0.98437500 0.48437500
vt 0.76562500 0.48437500
vt 0.76562500 0.01562500
vt 0.98437500 0.01562500
vt 0.98437500 0.48437500
vt 0.76562500 0.48437500
vt 0.76562500 0.01562500
vt 0.98437500 0.01562500
vt 0.98437500 0.48437500
vt 0.76562500 0.48437500
vt 0.76562500 0.01562500
vt 0.98437500 0.01562500
vt 0.98437500 0.48437500
vt 0.76562500 0.48437500
vt 0.01562500 0.51562500
vt 0.48437500 0.51562500
vt 0.48437500 0.98437500
vt 0.01562500 0.98437500
vt 0.01562500 0.51562500
vt 0.48437500 0.51562500
vt 0.48437500 0.98437500
vt 0.01562500 0.98437500
vt 0.01562500 0.51562500
vt 0.48437500 0.51562500
vt 0.48437500 0.98437500
vt 0.01562500 0.98437500
vt 0.01562500 0.51562500
vt 0.48437500 0.51562500
vt 0.48437500 0.98437500
vt 0.01562500 0.98437500
vt 0.01562500 0.51562500
vt 0.48437500 0.51562500
vt 0.48437500 0.98437500
vt 0.01562500 0.98437500
vt 0.01562500 0.51562500
vt 0.48437500 0.51562500
vt 0.48437500 0.98437500
vt 0.01562500 0.98437500
vt 0.01562500 0.51562500
vt 0.48437500 0.51562500
vt 0.48437500 0.98437500
vt 0.01562500 0.98437500
vt 0.01562500 0.51562500
vt 0.48437500 0.51562500
vt 0.48437500 0.98437500
vt 0.01562500 0.98437500
vt 0.01562500 0.51562500
vt 0.48437500 0.51562500
vt 0.48437500 0.98437500
vt 0.01562500 0.98437500
vt 0.01562500 0.51562500
vt 0.48437500 0.51562500
vt 0.48437500 0.98437500
vt 0.01562500 0.98437500
vt 0.01562500 0.51562500
vt 0.48437500 0.51562500
vt 0.48437500 0.98437500
vt 0.01562500 0.98437500
vt 0.01562500 0.51562500
vt 0.48437500 0.51562500
vt 0.48437500 0.98437500
vt 0.01562500 0.98437500
vt 0.01562500 0.51562500
vt 0.48437500 0.51562500
vt 0.48437500 0.98437500
vt 0.01562500 0.98437500
vt 0.01562500 0.51562500
vt 0.48437500 0.51562500
vt 0.48437500 0.98437500
vt 0.01562500 0.98437500
vt 0.01562500 0.51562500
vt 0.48437500 0.51562500
vt 0.48437500 0.98437500
vt 0.01562500 0.98437500
vt 0.01562500 0.51562500
vt 0.48437500 0.51562500
vt 0.48437500 0.98437500
vt 0.01562500 0.98437500
vt 0.01562500 0.51562500
vt 0.48437500 0.51562500
vt 0.48437500 0.98437500
vt 0.01562500 0.98437500
vt 0.01562500 0.51562500
vt 0.48437500 0.51562500
vt 0.48437500 0.98437500
vt 0.01562500 0.98437500
vt 0.01562500 0.51562500
vt 0.48437500 0.51562500
vt 0.48437500 0.98437500
vt 0.01562500 0.98437500
vt 0.01562500 0.51562500
vt 0.48437500 0.51562500
vt 0.48437500 0.98437500
vt 0.01562500 0.98437500
vt 0.01562500 0.51562500
vt 0.48437500 0.51562500
vt 0.48437500 0.98437500
vt 0.01562500 0.98437500
vt 0.01562500 0.51562500
vt 0.48437500 0.51562500
vt 0.48437500 0.98437500
vt 0.01562500 0.98437500
vt 0.01562500 0.51562500
vt 0.48437500 0.51562500
vt 0.48437500 0.98437500
vt 0.01562500 0.98437500
vt 0.01562500 0.51562500
vt 0.48437500 0.51562500
vt 0.48437500 0.98437500
vt 0.01562500 0.98437500
vt 0.01562500 0.51562500
vt 0.48437500 0.51562500
vt 0.48437500 0.98437500
vt 0.01562500 0.98437500
vt 0.01562500 0.51562500
vt 0.48437500 0.51562500
vt 0.48437500 0.98437500
vt 0.01562500 0.98437500
vt 0.01562500 0.51562500
vt 0.48437500 0.51562500
vt 0.48437500 0.98437500
vt 0.01562500 0.98437500
vt 0.01562500 0.51562500
vt 0.48437500 0.51562500
vt 0.48437500 0.98437500
vt 0.01562500 0.98437500
vt 0.01562500 0.51562500
vt 0.48437500 0.51562500
vt 0.48437500 0.98437500
vt 0.01562500 0.98437500
vt 0.01562500 0.51562500
vt 0.48437500 0.51562500
vt 0.48437500 0.98437500
vt 0.01562500 0.98437500
vt 0.51562500 0.51562500
vt 0.98437500 0.51562500
vt 0.98437500 0.98437500
vt 0.51562500 0.98437500
vt 0.51562500 0.51562500
vt 0.98437500 0.51562500
vt 0.98437500 0.98437500
vt 0.51562500 0.98437500
vt 0.51562500 0.51562500
vt 0.98437500 0.51562500
vt 0.98437500 0.98437500
vt 0.51562500 0.98437500
vt 0.51562500 0.51562500
vt 0.98437500 0.51562500
vt 0.98437500 0.98437500
vt 0.51562500 0.98437500
vt 0.01562500 0.51562500
vt 0.48437500 0.51562500
vt 0.48437500 0.98437500
vt 0.01562500 0.98437500
vt 0.01562500 0.51562500
vt 0.48437500 0.51562500
vt 0.48437500 0.98437500
vt 0.01562500 0.98437500
vt 0.01562500 0.51562500
vt 0.48437500 0.51562500
vt 0.48437500 0.98437500
vt 0.01562500 0.98437500
vt 0.01562500 0.51562500
vt 0.48437500 0.51562500
vt 0.48437500 0.98437500
vt 0.01562500 0.98437500
vt 0.51562500 0.01562500
vt 0.73437500 0.01562500
vt 0.73437500 0.48437500
vt 0.51562500 0.48437500
vt 0.51562500 0.01562500
vt 0.73437500 0.01562500
vt 0.73437500 0.48437500
vt 0.51562500 0.48437500
vt 0.51562500 0.01562500
vt 0.73437500 0.01562500
vt 0.73437500 0.48437500
vt 0.51562500 0.48437500
vt 0.51562500 0.01562500
vt 0.73437500 0.01562500
vt 0.73437500 0.48437500
vt 0.51562500 0.48437500
vt 0.51562500 0.01562500
vt 0.73437500 0.01562500
vt 0.73437500 0.48437500
vt 0.51562500 0.48437500
vt 0.51562500 0.01562500
vt 0.73437500 0.01562500
vt 0.73437500 0.48437500
vt 0.51562500 0.48437500
vt 0.51562500 0.01562500
vt 0.73437500 0.01562500
vt 0.73437500 0.48437500
vt 0.51562500 0.48437500
vt 0.51562500 0.01562500
vt 0.73437500 0.01562500
vt 0.73437500 0.48437500
vt 0.51562500 0.48437500
vt 0.51562500 0.01562500
vt 0.73437500 0.01562500
vt 0.73437500 0.48437500
vt 0.51562500 0.48437500
vt 0.76562500 0.01562500
vt 0.98437500 0.01562500
vt 0.98437500 0.48437500
vt 0.76562500 0.48437500
vt 0.76562500 0.01562500
vt 0.98437500 0.01562500
vt 0.98437500 0.48437500
vt 0.76562500 0.48437500
vt 0.76562500 0.01562500
vt 0.98437500 0.01562500
vt 0.98437500 0.48437500
vt 0.76562500 0.48437500
vt 0.76562500 0.01562500
vt 0.98437500 0.01562500
vt 0.98437500 0.48437500
vt 0.76562500 0.48437500
vt 0.76562500 0.01562500
vt 0.98437500 0.01562500
vt 0.98437500 0.48437500
vt 0.76562500 0.48437500
vt 0.76562500 0.01562500
vt 0.98437500 0.01562500
vt 0.98437500 0.48437500
vt 0.76562500 0.48437500
vt 0.76562500 0.01562500
vt 0.98437500 0.01562500
vt 0.98437500 0.48437500
vt 0.76562500 0.48437500
vt 0.76562500 0.01562500
vt 0.98437500 0.01562500
vt 0.98437500 0.48437500
vt 0.76562500 0.48437500
vt 0.76562500 0.01562500
vt 0.98437500 0.01562500
vt 0.98437500 0.48437500
vt 0.76562500 0.48437500
vt 0.76562500 0.01562500
vt 0.98437500 0.01562500
vt 0.98437500 0.48437500
vt 0.76562500 0.48437500
vt 0.01562500 0.51562500
vt 0.48437500 0.51562500
vt 0.48437500 0.98437500
vt 0.01562500 0.98437500
vt 0.01562500 0.51562500
vt 0.48437500 0.51562500
vt 0.48437500 0.98437500
vt 0.01562500 0.98437500
vt 0.01562500 0.51562500
vt 0.48437500 0.51562500
vt 0.48437500 0.98437500
vt 0.01562500 0.98437500
vt 0.01562500 0.51562500
vt 0.48437500 0.51562500
vt 0.48437500 0.98437500
vt 0.01562500 0.98437500
vt 0.01562500 0.51562500
vt 0.48437500 0.51562500
vt 0.48437500 0.98437500
vt 0.01562500 0.98437500
vt 0.01562500 0.51562500
vt 0.48437500 0.51562500
vt 0.48437500 0.98437500
vt 0.01562500 0.98437500
vt 0.01562500 0.51562500
vt 0.48437500 0.51562500
vt 0.48437500 0.98437500
vt 0.01562500 0.98437500
vt 0.01562500 0.51562500
vt 0.48437500 0.51562500
vt 0.48437500 0.98437500
vt 0.01562500 0.98437500
vt 0.01562500 0.51562500
vt 0.48437500 0.51562500
vt 0.48437500 0.98437500
vt 0.01562500 0.98437500
vt 0.01562500 0.51562500
vt 0.48437500 0.51562500
vt 0.48437500 0.98437500
vt 0.01562500 0.98437500
vt 0.01562500 0.51562500
vt 0.48437500 0.51562500
vt 0.48437500 0.98437500
vt 0.01562500 0.98437500
vt 0.01562500 0.51562500
vt 0.48437500 0.51562500
vt 0.48437500 0.98437500
vt 0.01562500 0.98437500
vt 0.01562500 0.51562500
vt 0.48437500 0.51562500
vt 0.48437500 0.98437500
vt 0.01562500 0.98437500
vt 0.01562500 0.51562500
vt 0.48437500 0.51562500
vt 0.48437500 0.98437500
vt 0.01562500 0.98437500
vt 0.01562500 0.51562500
vt 0.48437500 0.51562500
vt 0.48437500 0.98437500
vt 0.01562500 0.98437500
vt 0.01562500 0.51562500
vt 0.48437500 0.51562500
vt 0.48437500 0.98437500
vt 0.01562500 0.98437500
vt 0.01562500 0.51562500
vt 0.48437500 0.51562500
vt 0.48437500 0.98437500
vt 0.01562500 0.98437500
vt 0.01562500 0.51562500
vt 0.48437500 0.51562500
vt 0.48437500 0.98437500
vt 0.01562500 0.98437500
vt 0.01562500 0.51562500
vt 0.48437500 0.51562500
vt 0.48437500 0.98437500
vt 0.01562500 0.98437500
vt 0.01562500 0.51562500
vt 0.48437500 0.51562500
vt 0.48437500 0.98437500
vt 0.01562500 0.98437500
vt 0.01562500 0.51562500
vt 0.48437500 0.51562500
vt 0.48437500 0.98437500
vt 0.01562500 0.98437500
vt 0.01562500 0.51562500
vt 0.48437500 0.51562500
vt 0.48437500 0.98437500
vt 0.01562500 0.98437500
vt 0.01562500 0.51562500
vt 0.48437500 0.51562500
vt 0.48437500 0.98437500
vt 0.01562500 0.98437500
vt 0.01562500 0.51562500
vt 0.48437500 0.51562500
vt 0.48437500 0.98437500
vt 0.01562500 0.98437500
vt 0.01562500 0.51562500
vt 0.48437500 0.51562500
vt 0.48437500 0.98437500
vt 0.01562500 0.98437500
vt 0.01562500 0.51562500
vt 0.48437500 0.51562500
vt 0.48437500 0.98437500
vt 0.01562500 0.98437500
vt 0.01562500 0.51562500
vt 0.48437500 0.51562500
vt 0.48437500 0.98437500
vt 0.01562500 0.98437500
vt 0.01562500 0.51562500
vt 0.48437500 0.51562500
vt 0.48437500 0.98437500
vt 0.01562500 0.98437500
vt 0.01562500 0.51562500
vt 0.48437500 0.51562500
vt 0.48437500 0.98437500
vt 0.01562500 0.98437500
vt 0.01562500 0.51562500
vt 0.48437500 0.51562500
vt 0.48437500 0.98437500
vt 0.01562500 0.98437500
vt 0.51562500 0.51562500
vt 0.98437500 0.51562500
vt 0.98437500 0.98437500
vt 0.51562500 0.98437500
vt 0.51562500 0.51562500
vt 0.98437500 0.51562500
vt 0.98437500 0.98437500
vt 0.51562500 0.98437500
vt 0.51562500 0.51562500
vt 0.98437500 0.51562500
vt 0.98437500 0.98437500
vt 0.51562500 0.98437500
vt 0.51562500 0.51562500
vt 0.98437500 0.51562500
vt 0.98437500 0.98437500
vt 0.51562500 0.98437500
vt 0.01562500 0.51562500
vt 0.48437500 0.51562500
vt 0.48437500 0.98437500
vt 0.01562500 0.98437500
vt 0.01562500 0.51562500
vt 0.48437500 0.51562500
vt 0.48437500 0.98437500
vt 0.01562500 0.98437500
vt 0.01562500 0.51562500
vt 0.48437500 0.51562500
vt 0.48437500 0.98437500
vt 0.01562500 0.98437500
vt 0.01562500 0.51562500
vt 0.48437500 0.51562500
vt 0.48437500 0.98437500
vt 0.01562500 0.98437500
vt 0.51562500 0.01562500
vt 0.73437500 0.01562500
vt 0.73437500 0.48437500
vt 0.51562500 0.48437500
vt 0.51562500 0.01562500
vt 0.73437500 0.01562500
vt 0.73437500 0.48437500
vt 0.51562500 0.48437500
vt 0.51562500 0.01562500
vt 0.73437500 0.01562500
vt 0.73437500 0.48437500
vt 0.51562500 0.48437500
vt 0.51562500 0.01562500
vt 0.73437500 0.01562500
vt 0.73437500 0.48437500
vt 0.51562500 0.48437500
vt 0.51562500 0.01562500
vt 0.73437500 0.01562500
vt 0.73437500 0.48437500
vt 0.51562500 0.48437500
vt 0.51562500 0.01562500
vt 0.73437500 0.01562500
vt 0.73437500 0.48437500
vt 0.51562500 0.48437500
vt 0.51562500 0.01562500
vt 0.73437500 0.01562500
vt 0.73437500 0.48437500
vt 0.51562500 0.48437500
vt 0.51562500 0.01562500
vt 0.73437500 0.01562500
vt 0.73437500 0.48437500
vt 0.51562500 0.48437500
vt 0.51562500 0.01562500
vt 0.73437500 0.01562500
vt 0.73437500 0.48437500
vt 0.51562500 0.48437500
vt 0.76562500 0.01562500
vt 0.98437500 0.01562500
vt 0.98437500 0.48437500
vt 0.76562500 0.48437500
vt 0.76562500 0.01562500
vt 0.98437500 0.01562500
vt 0.98437500 0.48437500
vt 0.76562500 0.48437500
vt 0.76562500 0.01562500
vt 0.98437500 0.01562500
vt 0.98437500 0.48437500
vt 0.76562500 0.48437500
vt 0.76562500 0.01562500
vt 0.98437500 0.01562500
vt 0.98437500 0.48437500
vt 0.76562500 0.48437500
vt 0.76562500 0.01562500
vt 0.98437500 0.01562500
vt 0.98437500 0.48437500
vt 0.76562500 0.48437500
vt 0.76562500 0.01562500
vt 0.98437500 0.01562500
vt 0.98437500 0.48437500
vt 0.76562500 0.48437500
vt 0.76562500 0.01562500
vt 0.98437500 0.01562500
vt 0.98437500 0.48437500
vt 0.76562500 0.48437500
vt 0.76562500 0.01562500
vt 0.98437500 0.01562500
vt 0.98437500 0.48437500
vt 0.76562500 0.48437500
vt 0.76562500 0.01562500
vt 0.98437500 0.01562500
vt 0.98437500 0.48437500
vt 0.76562500 0.48437500
vt 0.76562500 0.01562500
vt 0.98437500 0.01562500
vt 0.98437500 0.48437500
vt 0.76562500 0.48437500
vt 0.01562500 0.51562500
vt 0.48437500 0.51562500
vt 0.48437500 0.98437500
vt 0.01562500 0.98437500
vt 0.01562500 0.51562500
vt 0.48437500 0.51562500
vt 0.48437500 0.98437500
vt 0.01562500 0.98437500
vt 0.01562500 0.51562500
vt 0.48437500 0.51562500
vt 0.48437500 0.98437500
vt 0.01562500 0.98437500
vt 0.01562500 0.51562500
vt 0.48437500 0.51562500
vt 0.48437500 0.98437500
vt 0.01562500 0.98437500
vt 0.01562500 0.51562500
vt 0.48437500 0.51562500
vt 0.48437500 0.98437500
vt 0.01562500 0.98437500
vt 0.01562500 0.51562500
vt 0.48437500 0.51562500
vt 0.48437500 0.98437500
vt 0.01562500 0.98437500
vt 0.01562500 0.51562500
vt 0.48437500 0.51562500
vt 0.48437500 0.98437500
vt 0.01562500 0.98437500
vt 0.01562500 0.51562500
vt 0.48437500 0.51562500
vt 0.48437500 0.98437500
vt 0.01562500 0.98437500
vt 0.01562500 0.51562500
vt 0.48437500 0.51562500
vt 0.48437500 0.98437500
vt 0.01562500 0.98437500
vt 0.01562500 0.51562500
vt 0.48437500 0.51562500
vt 0.48437500 0.98437500
vt 0.01562500 0.98437500
vt 0.01562500 0.51562500
vt 0.48437500 0.51562500
vt 0.48437500 0.98437500
vt 0.01562500 0.98437500
vt 0.01562500 0.51562500
vt 0.48437500 0.51562500
vt 0.48437500 0.98437500
vt 0.01562500 0.98437500
vt 0.01562500 0.51562500
vt 0.48437500 0.51562500
vt 0.48437500 0.98437500
vt 0.01562500 0.98437500
vt 0.01562500 0.51562500
vt 0.48437500 0.51562500
vt 0.48437500 0.98437500
vt 0.01562500 0.98437500
vt 0.01562500 0.51562500
vt 0.48437500 0.51562500
vt 0.48437500 0.98437500
vt 0.01562500 0.98437500
vt 0.01562500 0.51562500
vt 0.48437500 0.51562500
vt 0.48437500 0.98437500
vt 0.01562500 0.98437500
vt 0.01562500 0.51562500
vt 0.48437500 0.51562500
vt 0.48437500 0.98437500
vt 0.01562500 0.98437500
vt 0.01562500 0.51562500
vt 0.48437500 0.51562500
vt 0.48437500 0.98437500
vt 0.01562500 0.98437500
vt 0.01562500 0.51562500
vt 0.48437500 0.51562500
vt 0.48437500 0.98437500
vt 0.01562500 0.98437500
vt 0.01562500 0.51562500
vt 0.48437500 0.51562500
vt 0.48437500 0.98437500
vt 0.01562500 0.98437500
vt 0.01562500 0.51562500
vt 0.48437500 0.51562500
vt 0.48437500 0.98437500
vt 0.01562500 0.98437500
vt 0.01562500 0.51562500
vt 0.48437500 0.51562500
vt 0.48437500 0.98437500
vt 0.01562500 0.98437500
vt 0.01562500 0.51562500
vt 0.48437500 0.51562500
vt 0.48437500 0.98437500
vt 0.01562500 0.98437500
vt 0.01562500 0.51562500
vt 0.48437500 0.51562500
vt 0.48437500 0.98437500
vt 0.01562500 0.98437500
vt 0.01562500 0.51562500
vt 0.48437500 0.51562500
vt 0.48437500 0.98437500
vt 0.01562500 0.98437500
vt 0.01562500 0.51562500
vt 0.48437500 0.51562500
vt 0.48437500 0.98437500
vt 0.01562500 0.98437500
vt 0.01562500 0.51562500
vt 0.48437500 0.51562500
vt 0.48437500 0.98437500
vt 0.01562500 0.98437500
vt 0.01562500 0.51562500
vt 0.48437500 0.51562500
vt 0.48437500 0.98437500
vt 0.01562500 0.98437500
vt 0.01562500 0.51562500
vt 0.48437500 0.51562500
vt 0.48437500 0.98437500
vt 0.01562500 0.98437500
vt 0.01562500 0.51562500
vt 0.48437500 0.51562500
vt 0.48437500 0.98437500
vt 0.01562500 0.98437500
vt 0.51562500 0.51562500
vt 0.98437500 0.51562500
vt 0.98437500 0.98437500
vt 0.51562500 0.98437500
vt 0.51562500 0.51562500
vt 0.98437500 0.51562500
vt 0.98437500 0.98437500
vt 0.51562500 0.98437500
vt 0.51562500 0.51562500
vt 0.98437500 0.51562500
vt 0.98437500 0.98437500
vt 0.51562500 0.98437500
vt 0.51562500 0.51562500
vt 0.98437500 0.51562500
vt 0.98437500 0.98437500
vt 0.51562500 0.98437500
vt 0.01562500 0.51562500
vt 0.48437500 0.51562500
vt 0.48437500 0.98437500
vt 0.01562500 0.98437500
vt 0.01562500 0.51562500
vt 0.48437500 0.51562500
vt 0.48437500 0.98437500
vt 0.01562500 0.98437500
vt 0.01562500 0.51562500
vt 0.48437500 0.51562500
vt 0.48437500 0.98437500
vt 0.01562500 0.98437500
vt 0.01562500 0.51562500
vt 0.48437500 0.51562500
vt 0.48437500 0.98437500
vt 0.01562500 0.98437500
vt 0.51562500 0.01562500
vt 0.73437500 0.01562500
vt 0.73437500 0.48437500
vt 0.51562500 0.48437500
vt 0.51562500 0.01562500
vt 0.73437500 0.01562500
vt 0.73437500 0.48437500
vt 0.51562500 0.48437500
vt 0.51562500 0.01562500
vt 0.73437500 0.01562500
vt 0.73437500 0.48437500
vt 0.51562500 0.48437500
vt 0.51562500 0.01562500
vt 0.73437500 0.01562500
vt 0.73437500 0.48437500
vt 0.51562500 0.48437500
vt 0.51562500 0.01562500
vt 0.73437500 0.01562500
vt 0.73437500 0.48437500
vt 0.51562500 0.48437500
vt 0.51562500 0.01562500
vt 0.73437500 0.01562500
vt 0.73437500 0.48437500
vt 0.51562500 0.48437500
vt 0.51562500 0.01562500
vt 0.73437500 0.01562500
vt 0.73437500 0.48437500
vt 0.51562500 0.48437500
vt 0.51562500 0.01562500
vt 0.73437500 0.01562500
vt 0.73437500 0.48437500
vt 0.51562500 0.48437500
vt 0.51562500 0.01562500
vt 0.73437500 0.01562500
vt 0.73437500 0.48437500
vt 0.51562500 0.48437500
vt 0.76562500 0.01562500
vt 0.98437500 0.01562500
vt 0.98437500 0.48437500
vt 0.76562500 0.48437500
vt 0.76562500 0.01562500
vt 0.98437500 0.01562500
vt 0.98437500 0.48437500
vt 0.76562500 0.48437500
vt 0.76562500 0.01562500
vt 0.98437500 0.01562500
vt 0.98437500 0.48437500
vt 0.76562500 0.48437500
vt 0.76562500 0.01562500
vt 0.98437500 0.01562500
vt 0.98437500 0.48437500
vt 0.76562500 0.48437500
vt 0.76562500 0.01562500
vt 0.98437500 0.01562500
vt 0.98437500 0.48437500
vt 0.76562500 0.48437500
vt 0.76562500 0.01562500
vt 0.98437500 0.01562500
vt 0.98437500 0.48437500
vt 0.76562500 0.48437500
vt 0.76562500 0.01562500
vt 0.98437500 0.01562500
vt 0.98437500 0.48437500
vt 0.76562500 0.48437500
vt 0.76562500 0.01562500
vt 0.98437500 0.01562500
vt 0.98437500 0.48437500
vt 0.76562500 0.48437500
vt 0.76562500 0.01562500
vt 0.98437500 0.01562500
vt 0.98437500 0.48437500
vt 0.76562500 0.48437500
vt 0.76562500 0.01562500
vt 0.98437500 0.01562500
vt 0.98437500 0.48437500
vt 0.76562500 0.48437500
vt 0.01562500 0.51562500
vt 0.48437500 0.51562500
vt 0.48437500 0.98437500
vt 0.01562500 0.98437500
vt 0.01562500 0.51562500
vt 0.48437500 0.51562500
vt 0.48437500 0.98437500
vt 0.01562500 0.98437500
vt 0.01562500 0.51562500
vt 0.48437500 0.51562500
vt 0.48437500 0.98437500
vt 0.01562500 0.98437500
vt 0.01562500 0.51562500
vt 0.48437500 0.51562500
vt 0.48437500 0.98437500
vt 0.01562500 0.98437500
vt 0.01562500 0.51562500
vt 0.48437500 0.51562500
vt 0.48437500 0.98437500
vt 0.01562500 0.98437500
vt 0.01562500 0.51562500
vt 0.48437500 0.51562500
vt 0.48437500 0.98437500
vt 0.01562500 0.98437500
vt 0.01562500 0.51562500
vt 0.48437500 0.51562500
vt 0.48437500 0.98437500
vt 0.01562500 0.98437500
vt 0.01562500 0.51562500
vt 0.48437500 0.51562500
vt 0.48437500 0.98437500
vt 0.01562500 0.98437500
vt 0.01562500 0.51562500
vt 0.48437500 0.51562500
vt 0.48437500 0.98437500
vt 0.01562500 0.98437500
vt 0.01562500 0.51562500
vt 0.48437500 0.51562500
vt 0.48437500 0.98437500
vt 0.01562500 0.98437500
vt 0.01562500 0.51562500
vt 0.48437500 0.51562500
vt 0.48437500 0.98437500
vt 0.01562500 0.98437500
vt 0.01562500 0.51562500
vt 0.48437500 0.51562500
vt 0.48437500 0.98437500
vt 0.01562500 0.98437500
vt 0.01562500 0.51562500
vt 0.48437500 0.51562500
vt 0.48437500 0.98437500
vt 0.01562500 0.98437500
vt 0.01562500 0.51562500
vt 0.48437500 0.51562500
vt 0.48437500 0.98437500
vt 0.01562500 0.98437500
vt 0.01562500 0.51562500
vt 0.48437500 0.51562500
vt 0.48437500 0.98437500
vt 0.01562500 0.98437500
vt 0.01562500 0.51562500
vt 0.48437500 0.51562500
vt 0.48437500 0.98437500
vt 0.01562500 0.98437500
vt 0.01562500 0.51562500
vt 0.48437500 0.51562500
vt 0.48437500 0.98437500
vt 0.01562500 0.98437500
vt 0.01562500 0.51562500
vt 0.48437500 0.51562500
vt 0.48437500 0.98437500
vt 0.01562500 0.98437500
vt 0.01562500 0.51562500
vt 0.48437500 0.51562500
vt 0.48437500 0.98437500
vt 0.01562500 0.98437500
vt 0.01562500 0.51562500
vt 0.48437500 0.51562500
vt 0.48437500 0.98437500
vt 0.01562500 0.98437500
vt 0.01562500 0.51562500
vt 0.48437500 0.51562500
vt 0.48437500 0.98437500
vt 0.01562500 0.98437500
vt 0.01562500 0.51562500
vt 0.48437500 0.51562500
vt 0.48437500 0.98437500
vt 0.01562500 0.98437500
vt 0.01562500 0.51562500
vt 0.48437500 0.51562500
vt 0.48437500 0.98437500
vt 0.01562500 0.98437500
vt 0.01562500 0.51562500
vt 0.48437500 0.51562500
vt 0.48437500 0.98437500
vt 0.01562500 0.98437500
vt 0.01562500 0.51562500
vt 0.48437500 0.51562500
vt 0.48437500 0.98437500
vt 0.01562500 0.98437500
vt 0.01562500 0.51562500
vt 0.48437500 0.51562500
vt 0.48437500 0.98437500
vt 0.01562500 0.98437500
vt 0.01562500 0.51562500
vt 0.48437500 0.51562500
vt 0.48437500 0.98437500
vt 0.01562500 0.98437500
vt 0.01562500 0.51562500
vt 0.48437500 0.51562500
vt 0.48437500 0.98437500
vt 0.01562500 0.98437500
vt 0.01562500 0.51562500
vt 0.48437500 0.51562500
vt 0.48437500 0.98437500
vt 0.01562500 0.98437500
vt 0.01562500 0.51562500
vt 0.48437500 0.51562500
vt 0.48437500 0.98437500
vt 0.01562500 0.98437500
vt 0.51562500 0.51562500
vt 0.98437500 0.51562500
vt 0.98437500 0.98437500
vt 0.51562500 0.98437500
vt 0.51562500 0.51562500
vt 0.98437500 0.51562500
vt 0.98437500 0.98437500
vt 0.51562500 0.98437500
vt 0.51562500 0.51562500
vt 0.98437500 0.51562500
vt 0.98437500 0.98437500
vt 0.51562500 0.98437500
vt 0.51562500 0.51562500
vt 0.98437500 0.51562500
vt 0.98437500 0.98437500
vt 0.51562500 0.98437500
vt 0.01562500 0.51562500
vt 0.48437500 0.51562500
vt 0.48437500 0.98437500
vt 0.01562500 0.98437500
vt 0.01562500 0.51562500
vt 0.48437500 0.51562500
vt 0.48437500 0.98437500
vt 0.01562500 0.98437500
vt 0.01562500 0.51562500
vt 0.48437500 0.51562500
vt 0.48437500 0.98437500
vt 0.01562500 0.98437500
vt 0.01562500 0.51562500
vt 0.48437500 0.51562500
vt 0.48437500 0.98437500
vt 0.01562500 0.98437500
vt 0.51562500 0.01562500
vt 0.73437500 0.01562500
vt 0.73437500 0.48437500
vt 0.51562500 0.48437500
vt 0.51562500 0.01562500
vt 0.73437500 0.01562500
vt 0.73437500 0.48437500
vt 0.51562500 0.48437500
vt 0.51562500 0.01562500
vt 0.73437500 0.01562500
vt 0.73437500 0.48437500
vt 0.51562500 0.48437500
vt 0.51562500 0.01562500
vt 0.73437500 0.01562500
vt 0.73437500 0.48437500
vt 0.51562500 0.48437500
vt 0.51562500 0.01562500
vt 0.73437500 0.01562500
vt 0.73437500 0.48437500
vt 0.51562500 0.48437500
vt 0.51562500 0.01562500
vt 0.73437500 0.01562500
vt 0.73437500 0.48437500
vt 0.51562500 0.48437500
vt 0.51562500 0.01562500
vt 0.73437500 0.01562500
vt 0.73437500 0.48437500
vt 0.51562500 0.48437500
vt 0.51562500 0.01562500
vt 0.73437500 0.01562500
vt 0.73437500 0.48437500
vt 0.51562500 0.48437500
vt 0.51562500 0.01562500
vt 0.73437500 0.01562500
vt 0.73437500 0.48437500
vt 0.51562500 0.48437500
vt 0.76562500 0.01562500
vt 0.98437500 0.01562500
vt 0.98437500 0.48437500
vt 0.76562500 0.48437500
vt 0.76562500 0.01562500
vt 0.98437500 0.01562500
vt 0.98437500 0.48437500
vt 0.76562500 0.48437500
vt 0.76562500 0.01562500
vt 0.98437500 0.01562500
vt 0.98437500 0.48437500
vt 0.76562500 0.48437500
vt 0.76562500 0.01562500
vt 0.98437500 0.01562500
vt 0.98437500 0.48437500
vt 0.76562500 0.48437500
vt 0.76562500 0.01562500
vt 0.98437500 0.01562500
vt 0.98437500 0.48437500
vt 0.76562500 0.48437500
vt 0.76562500 0.01562500
vt 0.98437500 0.01562500
vt 0.98437500 0.48437500
vt 0.76562500 0.48437500
vt 0.76562500 0.01562500
vt 0.98437500 0.01562500
vt 0.98437500 0.48437500
vt 0.76562500 0.48437500
vt 0.76562500 0.01562500
vt 0.98437500 0.01562500
vt 0.98437500 0.48437500
vt 0.76562500 0.48437500
vt 0.76562500 0.01562500
vt 0.98437500 0.01562500
vt 0.98437500 0.48437500
vt 0.76562500 0.48437500
vt 0.76562500 0.01562500
vt 0.98437500 0.01562500
vt 0.98437500 0.48437500
vt 0.76562500 0.48437500
vt 0.01562500 0.51562500
vt 0.48437500 0.51562500
vt 0.48437500 0.98437500
vt 0.01562500 0.98437500
vt 0.01562500 0.51562500
vt 0.48437500 0.51562500
vt 0.48437500 0.98437500
vt 0.01562500 0.98437500
vt 0.01562500 0.51562500
vt 0.48437500 0.51562500
vt 0.48437500 0.98437500
vt 0.01562500 0.98437500
vt 0.01562500 0.51562500
vt 0.48437500 0.51562500
vt 0.48437500 0.98437500
vt 0.01562500 0.98437500
vt 0.01562500 0.51562500
vt 0.48437500 0.51562500
vt 0.48437500 0.98437500
vt 0.01562500 0.98437500
vt 0.01562500 0.51562500
vt 0.48437500 0.51562500
vt 0.48437500 0.98437500
vt 0.01562500 0.98437500
vt 0.01562500 0.51562500
vt 0.48437500 0.51562500
vt 0.48437500 0.98437500
vt 0.01562500 0.98437500
vt 0.01562500 0.51562500
vt 0.48437500 0.51562500
vt 0.48437500 0.98437500
vt 0.01562500 0.98437500
vt 0.01562500 0.51562500
vt 0.48437500 0.51562500
vt 0.48437500 0.98437500
vt 0.01562500 0.98437500
vt 0.01562500 0.51562500
vt 0.48437500 0.51562500
vt 0.48437500 0.98437500
vt 0.01562500 0.98437500
vt 0.01562500 0.51562500
vt 0.48437500 0.51562500
vt 0.48437500 0.98437500
vt 0.01562500 0.98437500
vt 0.01562500 0.51562500
vt 0.48437500 0.51562500
vt 0.48437500 0.98437500
vt 0.01562500 0.98437500
vt 0.01562500 0.51562500
vt 0.48437500 0.51562500
vt 0.48437500 0.98437500
vt 0.01562500 0.98437500
vt 0.01562500 0.51562500
vt 0.48437500 0.51562500
vt 0.48437500 0.98437500
vt 0.01562500 0.98437500
vt 0.01562500 0.51562500
vt 0.48437500 0.51562500
vt 0.48437500 0.98437500
vt 0.01562500 0.98437500
vt 0.01562500 0.51562500
vt 0.48437500 0.51562500
vt 0.48437500 0.98437500
vt 0.01562500 0.98437500
vt 0.01562500 0.51562500
vt 0.48437500 0.51562500
vt 0.48437500 0.98437500
vt 0.01562500 0.98437500
vt 0.01562500 0.51562500
vt 0.48437500 0.51562500
vt 0.48437500 0.98437500
vt 0.01562500 0.98437500
vt 0.01562500 0.51562500
vt 0.48437500 0.51562500
vt 0.48437500 0.98437500
vt 0.01562500 0.98437500
vt 0.01562500 0.51562500
vt 0.48437500 0.51562500
vt 0.48437500 0.98437500
vt 0.01562500 0.98437500
vt 0.01562500 0.51562500
vt 0.48437500 0.51562500
vt 0.48437500 0.98437500
vt 0.01562500 0.98437500
vt 0.01562500 0.51562500
vt 0.48437500 0.51562500
vt 0.48437500 0.98437500
vt 0.01562500 0.98437500
vt 0.01562500 0.51562500
vt 0.48437500 0.51562500
vt 0.48437500 0.98437500
vt 0.01562500 0.98437500
vt 0.01562500 0.51562500
vt 0.48437500 0.51562500
vt 0.48437500 0.98437500
vt 0.01562500 0.98437500
vt 0.01562500 0.51562500
vt 0.48437500 0.51562500
vt 0.48437500 0.98437500
vt 0.01562500 0.98437500
vt 0.01562500 0.51562500
vt 0.48437500 0.51562500
vt 0.48437500 0.98437500
vt 0.01562500 0.98437500
vt 0.01562500 0.51562500
vt 0.48437500 0.51562500
vt 0.48437500 0.98437500
vt 0.01562500 0.98437500
vt 0.01562500 0.51562500
vt 0.48437500 0.51562500
vt 0.48437500 0.98437500
vt 0.01562500 0.98437500
vt 0.01562500 0.51562500
vt 0.48437500 0.51562500
vt 0.48437500 0.98437500
vt 0.01562500 0.98437500
vt 0.01562500 0.51562500
vt 0.48437500 0.51562500
vt 0.48437500 0.98437500
vt 0.01562500 0.98437500
vt 0.51562500 0.51562500
vt 0.98437500 0.51562500
vt 0.98437500 0.98437500
vt 0.51562500 0.98437500
vt 0.51562500 0.51562500
vt 0.98437500 0.51562500
vt 0.98437500 0.98437500
vt 0.51562500 0.98437500
vt 0.51562500 0.51562500
vt 0.98437500 0.51562500
vt 0.98437500 0.98437500
vt 0.51562500 0.98437500
vt 0.51562500 0.51562500
vt 0.98437500 0.51562500
vt 0.98437500 0.98437500
vt 0.51562500 0.98437500
vt 0.01562500 0.51562500
vt 0.48437500 0.51562500
vt 0.48437500 0.98437500
vt 0.01562500 0.98437500
vt 0.01562500 0.51562500
vt 0.48437500 0.51562500
vt 0.48437500 0.98437500
vt 0.01562500 0.98437500
vt 0.01562500 0.51562500
vt 0.48437500 0.51562500
vt 0.48437500 0.98437500
vt 0.01562500 0.98437500
vt 0.01562500 0.51562500
vt 0.48437500 0.51562500
vt 0.48437500 0.98437500
vt 0.01562500 0.98437500
vt 0.51562500 0.01562500
vt 0.73437500 0.01562500
vt 0.73437500 0.48437500
vt 0.51562500 0.48437500
vt 0.51562500 0.01562500
vt 0.73437500 0.01562500
vt 0.73437500 0.48437500
vt 0.51562500 0.48437500
vt 0.51562500 0.01562500
vt 0.73437500 0.01562500
vt 0.73437500 0.48437500
vt 0.51562500 0.48437500
vt 0.51562500 0.01562500
vt 0.73437500 0.01562500
vt 0.73437500 0.48437500
vt 0.51562500 0.48437500
vt 0.51562500 0.01562500
vt 0.73437500 0.01562500
vt 0.73437500 0.48437500
vt 0.51562500 0.48437500
vt 0.51562500 0.01562500
vt 0.73437500 0.01562500
vt 0.73437500 0.48437500
vt 0.51562500 0.48437500
vt 0.51562500 0.01562500
vt 0.73437500 0.01562500
vt 0.73437500 0.48437500
vt 0.51562500 0.48437500
vt 0.51562500 0.01562500
vt 0.73437500 0.01562500
vt 0.73437500 0.48437500
vt 0.51562500 0.48437500
vt 0.51562500 0.01562500
vt 0.73437500 0.01562500
vt 0.73437500 0.48437500
vt 0.51562500 0.48437500
vt 0.76562500 0.01562500
vt 0.98437500 0.01562500
vt 0.98437500 0.48437500
vt 0.76562500 0.48437500
vt 0.76562500 0.01562500
vt 0.98437500 0.01562500
vt 0.98437500 0.48437500
vt 0.76562500 0.48437500
vt 0.76562500 0.01562500
vt 0.98437500 0.01562500
vt 0.98437500 0.48437500
vt 0.76562500 0.48437500
vt 0.76562500 0.01562500
vt 0.98437500 0.01562500
vt 0.98437500 0.48437500
vt 0.76562500 0.48437500
vt 0.76562500 0.01562500
vt 0.98437500 0.01562500
vt 0.98437500 0.48437500
vt 0.76562500 0.48437500
vt 0.76562500 0.01562500
vt 0.98437500 0.01562500
vt 0.98437500 0.48437500
vt 0.76562500 0.48437500
vt 0.76562500 0.01562500
vt 0.98437500 0.01562500
vt 0.98437500 0.48437500
vt 0.76562500 0.48437500
vt 0.76562500 0.01562500
vt 0.98437500 0.01562500
vt 0.98437500 0.48437500
vt 0.76562500 0.48437500
vt 0.76562500 0.01562500
vt 0.98437500 0.01562500
vt 0.98437500 0.48437500
vt 0.76562500 0.48437500
vt 0.76562500 0.01562500
vt 0.98437500 0.01562500
vt 0.98437500 0.48437500
vt 0.76562500 0.48437500
vt 0.01562500 0.51562500
vt 0.48437500 0.51562500
vt 0.48437500 0.98437500
vt 0.01562500 0.98437500
vt 0.01562500 0.51562500
vt 0.48437500 0.51562500
vt 0.48437500 0.98437500
vt 0.01562500 0.98437500
vt 0.01562500 0.51562500
vt 0.48437500 0.51562500
vt 0.48437500 0.98437500
vt 0.01562500 0.98437500
vt 0.01562500 0.51562500
vt 0.48437500 0.51562500
vt 0.48437500 0.98437500
vt 0.01562500 0.98437500
vt 0.01562500 0.51562500
vt 0.48437500 0.51562500
vt 0.48437500 0.98437500
vt 0.01562500 0.98437500
vt 0.01562500 0.51562500
vt 0.48437500 0.51562500
vt 0.48437500 0.98437500
vt 0.01562500 0.98437500
vt 0.01562500 0.51562500
vt 0.48437500 0.51562500
vt 0.48437500 0.98437500
vt 0.01562500 0.98437500
vt 0.01562500 0.51562500
vt 0.48437500 0.51562500
vt 0.48437500 0.98437500
vt 0.01562500 0.98437500
vt 0.01562500 0.51562500
vt 0.48437500 0.51562500
vt 0.48437500 0.98437500
vt 0.01562500 0.98437500
vt 0.01562500 0.51562500
vt 0.48437500 0.51562500
vt 0.48437500 0.98437500
vt 0.01562500 0.98437500
vt 0.01562500 0.51562500
vt 0.48437500 0.51562500
vt 0.48437500 0.98437500
vt 0.01562500 0.98437500
vt 0.01562500 0.51562500
vt 0.48437500 0.51562500
vt 0.48437500 0.98437500
vt 0.01562500 0.98437500
vt 0.01562500 0.51562500
vt 0.48437500 0.51562500
vt 0.48437500 0.98437500
vt 0.01562500 0.98437500
vt 0.01562500 0.51562500
vt 0.48437500 0.51562500
vt 0.48437500 0.98437500
vt 0.01562500 0.98437500
vt 0.01562500 0.51562500
vt 0.48437500 0.51562500
vt 0.48437500 0.98437500
vt 0.01562500 0.98437500
vt 0.01562500 0.51562500
vt 0.48437500 0.51562500
vt 0.48437500 0.98437500
vt 0.01562500 0.98437500
vt 0.01562500 0.51562500
vt 0.48437500 0.51562500
vt 0.48437500 0.98437500
vt 0.01562500 0.98437500
vt 0.01562500 0.51562500
vt 0.48437500 0.51562500
vt 0.48437500 0.98437500
vt 0.01562500 0.98437500
vt 0.01562500 0.51562500
vt 0.48437500 0.51562500
vt 0.48437500 0.98437500
vt 0.01562500 0.98437500
vt 0.01562500 0.51562500
vt 0.48437500 0.51562500
vt 0.48437500 0.98437500
vt 0.01562500 0.98437500
vt 0.01562500 0.51562500
vt 0.48437500 0.51562500
vt 0.48437500 0.98437500
vt 0.01562500 0.98437500
vt 0.01562500 0.51562500
vt 0.48437500 0.51562500
vt 0.48437500 0.98437500
vt 0.01562500 0.98437500
vt 0.01562500 0.51562500
vt 0.48437500 0.51562500
vt 0.48437500 0.98437500
vt 0.01562500 0.98437500
vt 0.01562500 0.51562500
vt 0.48437500 0.51562500
vt 0.48437500 0.98437500
vt 0.01562500 0.98437500
vt 0.01562500 0.51562500
vt 0.48437500 0.51562500
vt 0.48437500 0.98437500
vt 0.01562500 0.98437500
vt 0.01562500 0.51562500
vt 0.48437500 0.51562500
vt 0.48437500 0.98437500
vt 0.01562500 0.98437500
vt 0.01562500 0.51562500
vt 0.48437500 0.51562500
vt 0.48437500 0.98437500
vt 0.01562500 0.98437500
vt 0.01562500 0.51562500
vt 0.48437500 0.51562500
vt 0.48437500 0.98437500
vt 0.01562500 0.98437500
vt 0.01562500 0.51562500
vt 0.48437500 0.51562500
vt 0.48437500 0.98437500
vt 0.01562500 0.98437500
vt 0.01562500 0.51562500
vt 0.48437500 0.51562500
vt 0.48437500 0.98437500
vt 0.01562500 0.98437500
vt 0.51562500 0.51562500
vt 0.98437500 0.51562500
vt 0.98437500 0.98437500
vt 0.51562500 0.98437500
vt 0.51562500 0.51562500
vt 0.98437500 0.51562500
vt 0.98437500 0.98437500
vt 0.51562500 0.98437500
vt 0.51562500 0.51562500
vt 0.98437500 0.51562500
vt 0.98437500 0.98437500
vt 0.51562500 0.98437500
vt 0.51562500 0.51562500
vt 0.98437500 0.51562500
vt 0.98437500 0.98437500
vt 0.51562500 0.98437500
vt 0.01562500 0.51562500
vt 0.48437500 0.51562500
vt 0.48437500 0.98437500
vt 0.01562500 0.98437500
vt 0.01562500 0.51562500
vt 0.48437500 0.51562500
vt 0.48437500 0.98437500
vt 0.01562500 0.98437500
vt 0.01562500 0.51562500
vt 0.48437500 0.51562500
vt 0.48437500 0.98437500
vt 0.01562500 0.98437500
vt 0.01562500 0.51562500
vt 0.48437500 0.51562500
vt 0.48437500 0.98437500
vt 0.01562500 0.98437500
vt 0.51562500 0.01562500
vt 0.73437500 0.01562500
vt 0.73437500 0.48437500
vt 0.51562500 0.48437500
vt 0.51562500 0.01562500
vt 0.73437500 0.01562500
vt 0.73437500 0.48437500
vt 0.51562500 0.48437500
vt 0.51562500 0.01562500
vt 0.73437500 0.01562500
vt 0.73437500 0.48437500
vt 0.51562500 0.48437500
vt 0.51562500 0.01562500
vt 0.73437500 0.01562500
vt 0.73437500 0.48437500
vt 0.51562500 0.48437500
vt 0.51562500 0.01562500
vt 0.73437500 0.01562500
vt 0.73437500 0.48437500
vt 0.51562500 0.48437500
vt 0.51562500 0.01562500
vt 0.73437500 0.01562500
vt 0.73437500 0.48437500
vt 0.51562500 0.48437500
vt 0.51562500 0.01562500
vt 0.73437500 0.01562500
vt 0.73437500 0.48437500
vt 0.51562500 0.48437500
vt 0.51562500 0.01562500
vt 0.73437500 0.01562500
vt 0.73437500 0.48437500
vt 0.51562500 0.48437500
vt 0.51562500 0.01562500
vt 0.73437500 0.01562500
vt 0.73437500 0.48437500
vt 0.51562500 0.48437500
vt 0.76562500 0.01562500
vt 0.98437500 0.01562500
vt 0.98437500 0.48437500
vt 0.76562500 0.48437500
vt 0.76562500 0.01562500
vt 0.98437500 0.01562500
vt 0.98437500 0.48437500
vt 0.76562500 0.48437500
vt 0.76562500 0.01562500
vt 0.98437500 0.01562500
vt 0.98437500 0.48437500
vt 0.76562500 0.48437500
vt 0.76562500 0.01562500
vt 0.98437500 0.01562500
vt 0.98437500 0.48437500
vt 0.76562500 0.48437500
vt 0.76562500 0.01562500
vt 0.98437500 0.01562500
vt 0.98437500 0.48437500
vt 0.76562500 0.48437500
vt 0.76562500 0.01562500
vt 0.98437500 0.01562500
vt 0.98437500 0.48437500
vt 0.76562500 0.48437500
vt 0.76562500 0.01562500
vt 0.98437500 0.01562500
vt 0.98437500 0.48437500
vt 0.76562500 0.48437500
vt 0.76562500 0.01562500
vt 0.98437500 0.01562500
vt 0.98437500 0.48437500
vt 0.76562500 0.48437500
vt 0.76562500 0.01562500
vt 0.98437500 0.01562500
vt 0.98437500 0.48437500
vt 0.76562500 0.48437500
vt 0.76562500 0.01562500
vt 0.98437500 0.01562500
vt 0.98437500 0.48437500
vt 0.76562500 0.48437500
vt 0.01562500 0.51562500
vt 0.48437500 0.51562500
vt 0.48437500 0.98437500
vt 0.01562500 0.98437500
vt 0.01562500 0.51562500
vt 0.48437500 0.51562500
vt 0.48437500 0.98437500
vt 0.01562500 0.98437500
vt 0.01562500 0.51562500
vt 0.48437500 0.51562500
vt 0.48437500 0.98437500
vt 0.01562500 0.98437500
vt 0.01562500 0.51562500
vt 0.48437500 0.51562500
vt 0.48437500 0.98437500
vt 0.01562500 0.98437500
vt 0.01562500 0.51562500
vt 0.48437500 0.51562500
vt 0.48437500 0.98437500
vt 0.01562500 0.98437500
vt 0.01562500 0.51562500
vt 0.48437500 0.51562500
vt 0.48437500 0.98437500
vt 0.01562500 0.98437500
vt 0.01562500 0.51562500
vt 0.48437500 0.51562500
vt 0.48437500 0.98437500
vt 0.01562500 0.98437500
vt 0.01562500 0.51562500
vt 0.48437500 0.51562500
vt 0.48437500 0.98437500
vt 0.01562500 0.98437500
vt 0.01562500 0.51562500
vt 0.48437500 0.51562500
vt 0.48437500 0.98437500
vt 0.01562500 0.98437500
vt 0.01562500 0.51562500
vt 0.48437500 0.51562500
vt 0.48437500 0.98437500
vt 0.01562500 0.98437500
vt 0.01562500 0.51562500
vt 0.48437500 0.51562500
vt 0.48437500 0.98437500
vt 0.01562500 0.98437500
vt 0.01562500 0.51562500
vt 0.48437500 0.51562500
vt 0.48437500 0.98437500
vt 0.01562500 0.98437500
vt 0.01562500 0.51562500
vt 0.48437500 0.51562500
vt 0.48437500 0.98437500
vt 0.01562500 0.98437500
vt 0.01562500 0.51562500
vt 0.48437500 0.51562500
vt 0.48437500 0.98437500
vt 0.01562500 0.98437500
vt 0.01562500 0.51562500
vt 0.48437500 0.51562500
vt 0.48437500 0.98437500
vt 0.01562500 0.98437500
vt 0.01562500 0.51562500
vt 0.48437500 0.51562500
vt 0.48437500 0.98437500
vt 0.01562500 0.98437500
vt 0.01562500 0.51562500
vt 0.48437500 0.51562500
vt 0.48437500 0.98437500
vt 0.01562500 0.98437500
vt 0.01562500 0.51562500
vt 0.48437500 0.51562500
vt 0.48437500 0.98437500
vt 0.01562500 0.98437500
vt 0.01562500 0.51562500
vt 0.48437500 0.51562500
vt 0.48437500 0.98437500
vt 0.01562500 0.98437500
vt 0.01562500 0.51562500
vt 0.48437500 0.51562500
vt 0.48437500 0.98437500
vt 0.01562500 0.98437500
vt 0.01562500 0.51562500
vt 0.48437500 0.51562500
vt 0.48437500 0.98437500
vt 0.01562500 0.98437500
vt 0.01562500 0.51562500
vt 0.48437500 0.51562500
vt 0.48437500 0.98437500
vt 0.01562500 0.98437500
vt 0.01562500 0.51562500
vt 0.48437500 0.51562500
vt 0.48437500 0.98437500
vt 0.01562500 0.98437500
vt 0.01562500 0.51562500
vt 0.48437500 0.51562500
vt 0.48437500 0.98437500
vt 0.01562500 0.98437500
vt 0.01562500 0.51562500
vt 0.48437500 0.51562500
vt 0.48437500 0.98437500
vt 0.01562500 0.98437500
vt 0.01562500 0.51562500
vt 0.48437500 0.51562500
vt 0.48437500 0.98437500
vt 0.01562500 0.98437500
vt 0.01562500 0.51562500
vt 0.48437500 0.51562500
vt 0.48437500 0.98437500
vt 0.01562500 0.98437500
vt 0.01562500 0.51562500
vt 0.48437500 0.51562500
vt 0.48437500 0.98437500
vt 0.01562500 0.98437500
vt 0.01562500 0.51562500
vt 0.48437500 0.51562500
vt 0.48437500 0.98437500
vt 0.01562500 0.98437500
vt 0.01562500 0.51562500
vt 0.48437500 0.51562500
vt 0.48437500 0.98437500
vt 0.01562500 0.98437500
vt 0.51562500 0.51562500
vt 0.98437500 0.51562500
vt 0.98437500 0.98437500
vt 0.51562500 0.98437500
vt 0.51562500 0.51562500
vt 0.98437500 0.51562500
vt 0.98437500 0.98437500
vt 0.51562500 0.98437500
vt 0.51562500 0.51562500
vt 0.98437500 0.51562500
vt 0.98437500 0.98437500
vt 0.51562500 0.98437500
vt 0.51562500 0.51562500
vt 0.98437500 0.51562500
vt 0.98437500 0.98437500
vt 0.51562500 0.98437500
vt 0.01562500 0.51562500
vt 0.48437500 0.51562500
vt 0.48437500 0.98437500
vt 0.01562500 0.98437500
vt 0.01562500 0.51562500
vt 0.48437500 0.51562500
vt 0.48437500 0.98437500
vt 0.01562500 0.98437500
vt 0.01562500 0.51562500
vt 0.48437500 0.51562500
vt 0.48437500 0.98437500
vt 0.01562500 0.98437500
vt 0.01562500 0.51562500
vt 0.48437500 0.51562500
vt 0.48437500 0.98437500
vt 0.01562500 0.98437500
vt 0.51562500 0.01562500
vt 0.73437500 0.01562500
vt 0.73437500 0.48437500
vt 0.51562500 0.48437500
vt 0.51562500 0.01562500
vt 0.73437500 0.01562500
vt 0.73437500 0.48437500
vt 0.51562500 0.48437500
vt 0.51562500 0.01562500
vt 0.73437500 0.01562500
vt 0.73437500 0.48437500
vt 0.51562500 0.48437500
vt 0.51562500 0.01562500
vt 0.73437500 0.01562500
vt 0.73437500 0.48437500
vt 0.51562500 0.48437500
vt 0.51562500 0.01562500
vt 0.73437500 0.01562500
vt 0.73437500 0.48437500
vt 0.51562500 0.48437500
vt 0.51562500 0.01562500
vt 0.73437500 0.01562500
vt 0.73437500 0.48437500
vt 0.51562500 0.48437500
vt 0.51562500 0.01562500
vt 0.73437500 0.01562500
vt 0.73437500 0.48437500
vt 0.51562500 0.48437500
vt 0.51562500 0.01562500
vt 0.73437500 0.01562500
vt 0.73437500 0.48437500
vt 0.51562500 0.48437500
vt 0.51562500 0.01562500
vt 0.73437500 0.01562500
vt 0.73437500 0.48437500
vt 0.51562500 0.48437500
vt 0.76562500 0.01562500
vt 0.98437500 0.01562500
vt 0.98437500 0.48437500
vt 0.76562500 0.48437500
vt 0.76562500 0.01562500
vt 0.98437500 0.01562500
vt 0.98437500 0.48437500
vt 0.76562500 0.48437500
vt 0.76562500 0.01562500
vt 0.98437500 0.01562500
vt 0.98437500 0.48437500
vt 0.76562500 0.48437500
vt 0.76562500 0.01562500
vt 0.98437500 0.01562500
vt 0.98437500 0.48437500
vt 0.76562500 0.48437500
vt 0.76562500 0.01562500
vt 0.98437500 0.01562500
vt 0.98437500 0.48437500
vt 0.76562500 0.48437500
vt 0.76562500 0.01562500
vt 0.98437500 0.01562500
vt 0.98437500 0.48437500
vt 0.76562500 0.48437500
vt 0.76562500 0.01562500
vt 0.98437500 0.01562500
vt 0.98437500 0.48437500
vt 0.76562500 0.48437500
vt 0.76562500 0.01562500
vt 0.98437500 0.01562500
vt 0.98437500 0.48437500
vt 0.76562500 0.48437500
vt 0.76562500 0.01562500
vt 0.98437500 0.01562500
vt 0.98437500 0.48437500
vt 0.76562500 0.48437500
vt 0.76562500 0.01562500
vt 0.98437500 0.01562500
vt 0.98437500 0.48437500
vt 0.76562500 0.48437500
vt 0.01562500 0.51562500
vt 0.48437500 0.51562500
vt 0.48437500 0.98437500
vt 0.01562500 0.98437500
vt 0.01562500 0.51562500
vt 0.48437500 0.51562500
vt 0.48437500 0.98437500
vt 0.01562500 0.98437500
vt 0.01562500 0.51562500
vt 0.48437500 0.51562500
vt 0.48437500 0.98437500
vt 0.01562500 0.98437500
vt 0.01562500 0.51562500
vt 0.48437500 0.51562500
vt 0.48437500 0.98437500
vt 0.01562500 0.98437500
vt 0.01562500 0.51562500
vt 0.48437500 0.51562500
vt 0.48437500 0.98437500
vt 0.01562500 0.98437500
vt 0.01562500 0.51562500
vt 0.48437500 0.51562500
vt 0.48437500 0.98437500
vt 0.01562500 0.98437500
vt 0.01562500 0.51562500
vt 0.48437500 0.51562500
vt 0.48437500 0.98437500
vt 0.01562500 0.98437500
vt 0.01562500 0.51562500
vt 0.48437500 0.51562500
vt 0.48437500 0.98437500
vt 0.01562500 0.98437500
vt 0.01562500 0.51562500
vt 0.48437500 0.51562500
vt 0.48437500 0.98437500
vt 0.01562500 0.98437500
vt 0.01562500 0.51562500
vt 0.48437500 0.51562500
vt 0.48437500 0.98437500
vt 0.01562500 0.98437500
vt 0.01562500 0.51562500
vt 0.48437500 0.51562500
vt 0.48437500 0.98437500
vt 0.01562500 0.98437500
vt 0.01562500 0.51562500
vt 0.48437500 0.51562500
vt 0.48437500 0.98437500
vt 0.01562500 0.98437500
vt 0.01562500 0.51562500
vt 0.48437500 0.51562500
vt 0.48437500 0.98437500
vt 0.01562500 0.98437500
vt 0.01562500 0.51562500
vt 0.48437500 0.51562500
vt 0.48437500 0.98437500
vt 0.01562500 0.98437500
vt 0.01562500 0.51562500
vt 0.48437500 0.51562500
vt 0.48437500 0.98437500
vt 0.01562500 0.98437500
vt 0.01562500 0.51562500
vt 0.48437500 0.51562500
vt 0.48437500 0.98437500
vt 0.01562500 0.98437500
vt 0.01562500 0.51562500
vt 0.48437500 0.51562500
vt 0.48437500 0.98437500
vt 0.01562500 0.98437500
vt 0.01562500 0.51562500
vt 0.48437500 0.51562500
vt 0.48437500 0.98437500
vt 0.01562500 0.98437500
vt 0.01562500 0.51562500
vt 0.48437500 0.51562500
vt 0.48437500 0.98437500
vt 0.01562500 0.98437500
vt 0.01562500 0.51562500
vt 0.48437500 0.51562500
vt 0.48437500 0.98437500
vt 0.01562500 0.98437500
vt 0.01562500 0.51562500
vt 0.48437500 0.51562500
vt 0.48437500 0.98437500
vt 0.01562500 0.98437500
vt 0.01562500 0.51562500
vt 0.48437500 0.51562500
vt 0.48437500 0.98437500
vt 0.01562500 0.98437500
vt 0.01562500 0.51562500
vt 0.48437500 0.51562500
vt 0.48437500 0.98437500
vt 0.01562500 0.98437500
vt 0.01562500 0.51562500
vt 0.48437500 0.51562500
vt 0.48437500 0.98437500
vt 0.01562500 0.98437500
vt 0.01562500 0.51562500
vt 0.48437500 0.51562500
vt 0.48437500 0.98437500
vt 0.01562500 0.98437500
vt 0.01562500 0.51562500
vt 0.48437500 0.51562500
vt 0.48437500 0.98437500
vt 0.01562500 0.98437500
vt 0.01562500 0.51562500
vt 0.48437500 0.51562500
vt 0.48437500 0.98437500
vt 0.01562500 0.98437500
vt 0.01562500 0.51562500
vt 0.48437500 0.51562500
vt 0.48437500 0.98437500
vt 0.01562500 0.98437500
vt 0.01562500 0.51562500
vt 0.48437500 0.51562500
vt 0.48437500 0.98437500
vt 0.01562500 0.98437500
vt 0.01562500 0.51562500
vt 0.48437500 0.51562500
vt 0.48437500 0.98437500
vt 0.01562500 0.98437500
vt 0.51562500 0.51562500
vt 0.98437500 0.51562500
vt 0.98437500 0.98437500
vt 0.51562500 0.98437500
vt 0.51562500 0.51562500
vt 0.98437500 0.51562500
vt 0.98437500 0.98437500
vt 0.51562500 0.98437500
vt 0.51562500 0.51562500
vt 0.98437500 0.51562500
vt 0.98437500 0.98437500
vt 0.51562500 0.98437500
vt 0.51562500 0.51562500
vt 0.98437500 0.51562500
vt 0.98437500 0.98437500
vt 0.51562500 0.98437500
vt 0.01562500 0.51562500
vt 0.48437500 0.51562500
vt 0.48437500 0.98437500
vt 0.01562500 0.98437500
vt 0.01562500 0.51562500
vt 0.48437500 0.51562500
vt 0.48437500 0.98437500
vt 0.01562500 0.98437500
vt 0.01562500 0.51562500
vt 0.48437500 0.51562500
vt 0.48437500 0.98437500
vt 0.01562500 0.98437500
vt 0.01562500 0.51562500
vt 0.48437500 0.51562500
vt 0.48437500 0.98437500
vt 0.01562500 0.98437500
vt 0.51562500 0.01562500
vt 0.73437500 0.01562500
vt 0.73437500 0.48437500
vt 0.51562500 0.48437500
vt 0.51562500 0.01562500
vt 0.73437500 0.01562500
vt 0.73437500 0.48437500
vt 0.51562500 0.48437500
vt 0.51562500 0.01562500
vt 0.73437500 0.01562500
vt 0.73437500 0.48437500
vt 0.51562500 0.48437500
vt 0.51562500 0.01562500
vt 0.73437500 0.01562500
vt 0.73437500 0.48437500
vt 0.51562500 0.48437500
vt 0.51562500 0.01562500
vt 0.73437500 0.01562500
vt 0.73437500 0.48437500
vt 0.51562500 0.48437500
vt 0.51562500 0.01562500
vt 0.73437500 0.01562500
vt 0.73437500 0.48437500
vt 0.51562500 0.48437500
vt 0.51562500 0.01562500
vt 0.73437500 0.01562500
vt 0.73437500 0.48437500
vt 0.51562500 0.48437500
vt 0.51562500 0.01562500
vt 0.73437500 0.01562500
vt 0.73437500 0.48437500
vt 0.51562500 0.48437500
vt 0.51562500 0.01562500
vt 0.73437500 0.01562500
vt 0.73437500 0.48437500
vt 0.51562500 0.48437500
vt 0.76562500 0.01562500
vt 0.98437500 0.01562500
vt 0.98437500 0.48437500
vt 0.76562500 0.48437500
vt 0.76562500 0.01562500
vt 0.98437500 0.01562500
vt 0.98437500 0.48437500
vt 0.76562500 0.48437500
vt 0.76562500 0.01562500
vt 0.98437500 0.01562500
vt 0.98437500 0.48437500
vt 0.76562500 0.48437500
vt 0.76562500 0.01562500
vt 0.98437500 0.01562500
vt 0.98437500 0.48437500
vt 0.76562500 0.48437500
vt 0.76562500 0.01562500
vt 0.98437500 0.01562500
vt 0.98437500 0.48437500
vt 0.76562500 0.48437500
vt 0.76562500 0.01562500
vt 0.98437500 0.01562500
vt 0.98437500 0.48437500
vt 0.76562500 0.48437500
vt 0.76562500 0.01562500
vt 0.98437500 0.01562500
vt 0.98437500 0.48437500
vt 0.76562500 0.48437500
vt 0.76562500 0.01562500
vt 0.98437500 0.01562500
vt 0.98437500 0.48437500
vt 0.76562500 0.48437500
vt 0.76562500 0.01562500
vt 0.98437500 0.01562500
vt 0.98437500 0.48437500
vt 0.76562500 0.48437500
vt 0.76562500 0.01562500
vt 0.98437500 0.01562500
vt 0.98437500 0.48437500
vt 0.76562500 0.48437500
vt 0.01562500 0.51562500
vt 0.48437500 0.51562500
vt 0.48437500 0.98437500
vt 0.01562500 0.98437500
vt 0.01562500 0.51562500
vt 0.48437500 0.51562500
vt 0.48437500 0.98437500
vt 0.01562500 0.98437500
vt 0.01562500 0.51562500
vt 0.48437500 0.51562500
vt 0.48437500 0.98437500
vt 0.01562500 0.98437500
vt 0.01562500 0.51562500
vt 0.48437500 0.51562500
vt 0.48437500 0.98437500
vt 0.01562500 0.98437500
vt 0.01562500 0.51562500
vt 0.48437500 0.51562500
vt 0.48437500 0.98437500
vt 0.01562500 0.98437500
vt 0.01562500 0.51562500
vt 0.48437500 0.51562500
vt 0.48437500 0.98437500
vt 0.01562500 0.98437500
vt 0.01562500 0.51562500
vt 0.48437500 0.51562500
vt 0.48437500 0.98437500
vt 0.01562500 0.98437500
vt 0.01562500 0.51562500
vt 0.48437500 0.51562500
vt 0.48437500 0.98437500
vt 0.01562500 0.98437500
vt 0.01562500 0.51562500
vt 0.48437500 0.51562500
vt 0.48437500 0.98437500
vt 0.01562500 0.98437500
vt 0.01562500 0.51562500
vt 0.48437500 0.51562500
vt 0.48437500 0.98437500
vt 0.01562500 0.98437500
vt 0.01562500 0.51562500
vt 0.48437500 0.51562500
vt 0.48437500 0.98437500
vt 0.01562500 0.98437500
vt 0.01562500 0.51562500
vt 0.48437500 0.51562500
vt 0.48437500 0.98437500
vt 0.01562500 0.98437500
vt 0.01562500 0.51562500
vt 0.48437500 0.51562500
vt 0.48437500 0.98437500
vt 0.01562500 0.98437500
vt 0.01562500 0.51562500
vt 0.48437500 0.51562500
vt 0.48437500 0.98437500
vt 0.01562500 0.98437500
vt 0.01562500 0.51562500
vt 0.48437500 0.51562500
vt 0.48437500 0.98437500
vt 0.01562500 0.98437500
vt 0.01562500 0.51562500
vt 0.48437500 0.51562500
vt 0.48437500 0.98437500
vt 0.01562500 0.98437500
vt 0.01562500 0.51562500
vt 0.48437500 0.51562500
vt 0.48437500 0.98437500
vt 0.01562500 0.98437500
vt 0.01562500 0.51562500
vt 0.48437500 0.51562500
vt 0.48437500 0.98437500
vt 0.01562500 0.98437500
vt 0.01562500 0.51562500
vt 0.48437500 0.51562500
vt 0.48437500 0.98437500
vt 0.01562500 0.98437500
vt 0.01562500 0.51562500
vt 0.48437500 0.51562500
vt 0.48437500 0.98437500
vt 0.01562500 0.98437500
vt 0.01562500 0.51562500
vt 0.48437500 0.51562500
vt 0.48437500 0.98437500
vt 0.01562500 0.98437500
vt 0.01562500 0.51562500
vt 0.48437500 0.51562500
vt 0.48437500 0.98437500
vt 0.01562500 0.98437500
vt 0.01562500 0.51562500
vt 0.48437500 0.51562500
vt 0.48437500 0.98437500
vt 0.01562500 0.98437500
vt 0.01562500 0.51562500
vt 0.48437500 0.51562500
vt 0.48437500 0.98437500
vt 0.01562500 0.98437500
vt 0.01562500 0.51562500
vt 0.48437500 0.51562500
vt 0.48437500 0.98437500
vt 0.01562500 0.98437500
vt 0.01562500 0.51562500
vt 0.48437500 0.51562500
vt 0.48437500 0.98437500
vt 0.01562500 0.98437500
vt 0.01562500 0.51562500
vt 0.48437500 0.51562500
vt 0.48437500 0.98437500
vt 0.01562500 0.98437500
vt 0.01562500 0.51562500
vt 0.48437500 0.51562500
vt 0.48437500 0.98437500
vt 0.01562500 0.98437500
vt 0.01562500 0.51562500
vt 0.48437500 0.51562500
vt 0.48437500 0.98437500
vt 0.01562500 0.98437500
vt 0.01562500 0.51562500
vt 0.48437500 0.51562500
vt 0.48437500 0.98437500
vt 0.01562500 0.98437500
vt 0.51562500 0.51562500
vt 0.98437500 0.51562500
vt 0.98437500 0.98437500
vt 0.51562500 0.98437500
vt 0.51562500 0.51562500
vt 0.98437500 0.51562500
vt 0.98437500 0.98437500
vt 0.51562500 0.98437500
vt 0.51562500 0.51562500
vt 0.98437500 0.51562500
vt 0.98437500 0.98437500
vt 0.51562500 0.98437500
vt 0.51562500 0.51562500
vt 0.98437500 0.51562500
vt 0.98437500 0.98437500
vt 0.51562500 0.98437500
vt 0.01562500 0.51562500
vt 0.48437500 0.51562500
vt 0.48437500 0.98437500
vt 0.01562500 0.98437500
vt 0.01562500 0.51562500
vt 0.48437500 0.51562500
vt 0.48437500 0.98437500
vt 0.01562500 0.98437500
vt 0.01562500 0.51562500
vt 0.48437500 0.51562500
vt 0.48437500 0.98437500
vt 0.01562500 0.98437500
vt 0.01562500 0.51562500
vt 0.48437500 0.51562500
vt 0.48437500 0.98437500
vt 0.01562500 0.98437500
vt 0.51562500 0.01562500
vt 0.73437500 0.01562500
vt 0.73437500 0.48437500
vt 0.51562500 0.48437500
vt 0.51562500 0.01562500
vt 0.73437500 0.01562500
vt 0.73437500 0.48437500
vt 0.51562500 0.48437500
vt 0.51562500 0.01562500
vt 0.73437500 0.01562500
vt 0.73437500 0.48437500
vt 0.51562500 0.48437500
vt 0.51562500 0.01562500
vt 0.73437500 0.01562500
vt 0.73437500 0.48437500
vt 0.51562500 0.48437500
vt 0.51562500 0.01562500
vt 0.73437500 0.01562500
vt 0.73437500 0.48437500
vt 0.51562500 0.48437500
vt 0.51562500 0.01562500
vt 0.73437500 0.01562500
vt 0.73437500 0.48437500
vt 0.51562500 0.48437500
vt 0.51562500 0.01562500
vt 0.73437500 0.01562500
vt 0.73437500 0.48437500
vt 0.51562500 0.48437500
vt 0.51562500 0.01562500
vt 0.73437500 0.01562500
vt 0.73437500 0.48437500
vt 0.51562500 0.48437500
vt 0.51562500 0.01562500
vt 0.73437500 0.01562500
vt 0.73437500 0.48437500
vt 0.51562500 0.48437500
vt 0.76562500 0.01562500
vt 0.98437500 0.01562500
vt 0.98437500 0.48437500
vt 0.76562500 0.48437500
vt 0.76562500 0.01562500
vt 0.98437500 0.01562500
vt 0.98437500 0.48437500
vt 0.76562500 0.48437500
vt 0.76562500 0.01562500
vt 0.98437500 0.01562500
vt 0.98437500 0.48437500
vt 0.76562500 0.48437500
vt 0.76562500 0.01562500
vt 0.98437500 0.01562500
vt 0.98437500 0.48437500
vt 0.76562500 0.48437500
vt 0.76562500 0.01562500
vt 0.98437500 0.01562500
vt 0.98437500 0.48437500
vt 0.76562500 0.48437500
vt 0.76562500 0.01562500
vt 0.98437500 0.01562500
vt 0.98437500 0.48437500
vt 0.76562500 0.48437500
vt 0.76562500 0.01562500
vt 0.98437500 0.01562500
vt 0.98437500 0.48437500
vt 0.76562500 0.48437500
vt 0.76562500 0.01562500
vt 0.98437500 0.01562500
vt 0.98437500 0.48437500
vt 0.76562500 0.48437500
vt 0.76562500 0.01562500
vt 0.98437500 0.01562500
vt 0.98437500 0.48437500
vt 0.76562500 0.48437500
vt 0.76562500 0.01562500
vt 0.98437500 0.01562500
vt 0.98437500 0.48437500
vt 0.76562500 0.48437500
vt 0.01562500 0.51562500
vt 0.48437500 0.51562500
vt 0.48437500 0.98437500
vt 0.01562500 0.98437500
vt 0.01562500 0.51562500
vt 0.48437500 0.51562500
vt 0.48437500 0.98437500
vt 0.01562500 0.98437500
vt 0.01562500 0.51562500
vt 0.48437500 0.51562500
vt 0.48437500 0.98437500
vt 0.01562500 0.98437500
vt 0.01562500 0.51562500
vt 0.48437500 0.51562500
vt 0.48437500 0.98437500
vt 0.01562500 0.98437500
vt 0.01562500 0.51562500
vt 0.48437500 0.51562500
vt 0.48437500 0.98437500
vt 0.01562500 0.98437500
vt 0.01562500 0.51562500
vt 0.48437500 0.51562500
vt 0.48437500 0.98437500
vt 0.01562500 0.98437500
vt 0.01562500 0.51562500
vt 0.48437500 0.51562500
vt 0.48437500 0.98437500
vt 0.01562500 0.98437500
vt 0.01562500 0.51562500
vt 0.48437500 0.51562500
vt 0.48437500 0.98437500
vt 0.01562500 0.98437500
vt 0.01562500 0.51562500
vt 0.48437500 0.51562500
vt 0.48437500 0.98437500
vt 0.01562500 0.98437500
vt 0.01562500 0.51562500
vt 0.48437500 0.51562500
vt 0.48437500 0.98437500
vt 0.01562500 0.98437500
vt 0.01562500 0.51562500
vt 0.48437500 0.51562500
vt 0.48437500 0.98437500
vt 0.01562500 0.98437500
vt 0.01562500 0.51562500
vt 0.48437500 0.51562500
vt 0.48437500 0.98437500
vt 0.01562500 0.98437500
vt 0.01562500 0.51562500
vt 0.48437500 0.51562500
vt 0.48437500 0.98437500
vt 0.01562500 0.98437500
vt 0.01562500 0.51562500
vt 0.48437500 0.51562500
vt 0.48437500 0.98437500
vt 0.01562500 0.98437500
vt 0.01562500 0.51562500
vt 0.48437500 0.51562500
vt 0.48437500 0.98437500
vt 0.01562500 0.98437500
vt 0.01562500 0.51562500
vt 0.48437500 0.51562500
vt 0.48437500 0.98437500
vt 0.01562500 0.98437500
vt 0.01562500 0.51562500
vt 0.48437500 0.51562500
vt 0.48437500 0.98437500
vt 0.01562500 0.98437500
vt 0.01562500 0.51562500
vt 0.48437500 0.51562500
vt 0.48437500 0.98437500
vt 0.01562500 0.98437500
vt 0.01562500 0.51562500
vt 0.48437500 0.51562500
vt 0.48437500 0.98437500
vt 0.01562500 0.98437500
vt 0.01562500 0.51562500
vt 0.48437500 0.51562500
vt 0.48437500 0.98437500
vt 0.01562500 0.98437500
vt 0.01562500 0.51562500
vt 0.48437500 0.51562500
vt 0.48437500 0.98437500
vt 0.01562500 0.98437500
vt 0.01562500 0.51562500
vt 0.48437500 0.51562500
vt 0.48437500 0.98437500
vt 0.01562500 0.98437500
vt 0.01562500 0.51562500
vt 0.48437500 0.51562500
vt 0.48437500 0.98437500
vt 0.01562500 0.98437500
vt 0.01562500 0.51562500
vt 0.48437500 0.51562500
vt 0.48437500 0.98437500
vt 0.01562500 0.98437500
vt 0.01562500 0.51562500
vt 0.48437500 0.51562500
vt 0.48437500 0.98437500
vt 0.01562500 0.98437500
vt 0.01562500 0.51562500
vt 0.48437500 0.51562500
vt 0.48437500 0.98437500
vt 0.01562500 0.98437500
vt 0.01562500 0.51562500
vt 0.48437500 0.51562500
vt 0.48437500 0.98437500
vt 0.01562500 0.98437500
vt 0.01562500 0.51562500
vt 0.48437500 0.51562500
vt 0.48437500 0.98437500
vt 0.01562500 0.98437500
vt 0.01562500 0.51562500
vt 0.48437500 0.51562500
vt 0.48437500 0.98437500
vt 0.01562500 0.98437500
vt 0.01562500 0.51562500
vt 0.48437500 0.51562500
vt 0.48437500 0.98437500
vt 0.01562500 0.98437500
vt 0.51562500 0.51562500
vt 0.98437500 0.51562500
vt 0.98437500 0.98437500
vt 0.51562500 0.98437500
vt 0.51562500 0.51562500
vt 0.98437500 0.51562500
vt 0.98437500 0.98437500
vt 0.51562500 0.98437500
vt 0.51562500 0.51562500
vt 0.98437500 0.51562500
vt 0.98437500 0.98437500
vt 0.51562500 0.98437500
vt 0.51562500 0.51562500
vt 0.98437500 0.51562500
vt 0.98437500 0.98437500
vt 0.51562500 0.98437500
vt 0.01562500 0.51562500
vt 0.48437500 0.51562500
vt 0.48437500 0.98437500
vt 0.01562500 0.98437500
vt 0.01562500 0.51562500
vt 0.48437500 0.51562500
vt 0.48437500 0.98437500
vt 0.01562500 0.98437500
vt 0.01562500 0.51562500
vt 0.48437500 0.51562500
vt 0.48437500 0.98437500
vt 0.01562500 0.98437500
vt 0.01562500 0.51562500
vt 0.48437500 0.51562500
vt 0.48437500 0.98437500
vt 0.01562500 0.98437500
vt 0.51562500 0.01562500
vt 0.73437500 0.01562500
vt 0.73437500 0.48437500
vt 0.51562500 0.48437500
vt 0.51562500 0.01562500
vt 0.73437500 0.01562500
vt 0.73437500 0.48437500
vt 0.51562500 0.48437500
vt 0.51562500 0.01562500
vt 0.73437500 0.01562500
vt 0.73437500 0.48437500
vt 0.51562500 0.48437500
vt 0.51562500 0.01562500
vt 0.73437500 0.01562500
vt 0.73437500 0.48437500
vt 0.51562500 0.48437500
vt 0.51562500 0.01562500
vt 0.73437500 0.01562500
vt 0.73437500 0.48437500
vt 0.51562500 0.48437500
vt 0.51562500 0.01562500
vt 0.73437500 0.01562500
vt 0.73437500 0.48437500
vt 0.51562500 0.48437500
vt 0.51562500 0.01562500
vt 0.73437500 0.01562500
vt 0.73437500 0.48437500
vt 0.51562500 0.48437500
vt 0.51562500 0.01562500
vt 0.73437500 0.01562500
vt 0.73437500 0.48437500
vt 0.51562500 0.48437500
vt 0.51562500 0.01562500
vt 0.73437500 0.01562500
vt 0.73437500 0.48437500
vt 0.51562500 0.48437500
vt 0.76562500 0.01562500
vt 0.98437500 0.01562500
vt 0.98437500 0.48437500
vt 0.76562500 0.48437500
vt 0.76562500 0.01562500
vt 0.98437500 0.01562500
vt 0.98437500 0.48437500
vt 0.76562500 0.48437500
vt 0.76562500 0.01562500
vt 0.98437500 0.01562500
vt 0.98437500 0.48437500
vt 0.76562500 0.48437500
vt 0.76562500 0.01562500
vt 0.98437500 0.01562500
vt 0.98437500 0.48437500
vt 0.76562500 0.48437500
vt 0.76562500 0.01562500
vt 0.98437500 0.01562500
vt 0.98437500 0.48437500
vt 0.76562500 0.48437500
vt 0.76562500 0.01562500
vt 0.98437500 0.01562500
vt 0.98437500 0.48437500
vt 0.76562500 0.48437500
vt 0.76562500 0.01562500
vt 0.98437500 0.01562500
vt 0.98437500 0.48437500
vt 0.76562500 0.48437500
vt 0.76562500 0.01562500
vt 0.98437500 0.01562500
vt 0.98437500 0.48437500
vt 0.76562500 0.48437500
vt 0.76562500 0.01562500
vt 0.98437500 0.01562500
vt 0.98437500 0.48437500
vt 0.76562500 0.48437500
vt 0.76562500 0.01562500
vt 0.98437500 0.01562500
vt 0.98437500 0.48437500
vt 0.76562500 0.48437500
vt 0.01562500 0.51562500
vt 0.48437500 0.51562500
vt 0.48437500 0.98437500
vt 0.01562500 0.98437500
vt 0.01562500 0.51562500
vt 0.48437500 0.51562500
vt 0.48437500 0.98437500
vt 0.01562500 0.98437500
vt 0.01562500 0.51562500
vt 0.48437500 0.51562500
vt 0.48437500 0.98437500
vt 0.01562500 0.98437500
vt 0.01562500 0.51562500
vt 0.48437500 0.51562500
vt 0.48437500 0.98437500
vt 0.01562500 0.98437500
vt 0.01562500 0.51562500
vt 0.48437500 0.51562500
vt 0.48437500 0.98437500
vt 0.01562500 0.98437500
vt 0.01562500 0.51562500
vt 0.48437500 0.51562500
vt 0.48437500 0.98437500
vt 0.01562500 0.98437500
vt 0.01562500 0.51562500
vt 0.48437500 0.51562500
vt 0.48437500 0.98437500
vt 0.01562500 0.98437500
vt 0.01562500 0.51562500
vt 0.48437500 0.51562500
vt 0.48437500 0.98437500
vt 0.01562500 0.98437500
vt 0.01562500 0.51562500
vt 0.48437500 0.51562500
vt 0.48437500 0.98437500
vt 0.01562500 0.98437500
vt 0.01562500 0.51562500
vt 0.48437500 0.51562500
vt 0.48437500 0.98437500
vt 0.01562500 0.98437500
vt 0.01562500 0.51562500
vt 0.48437500 0.51562500
vt 0.48437500 0.98437500
vt 0.01562500 0.98437500
vt 0.01562500 0.51562500
vt 0.48437500 0.51562500
vt 0.48437500 0.98437500
vt 0.01562500 0.98437500
vt 0.01562500 0.51562500
vt 0.48437500 0.51562500
vt 0.48437500 0.98437500
vt 0.01562500 0.98437500
vt 0.01562500 0.51562500
vt 0.48437500 0.51562500
vt 0.48437500 0.98437500
vt 0.01562500 0.98437500
vt 0.01562500 0.51562500
vt 0.48437500 0.51562500
vt 0.48437500 0.98437500
vt 0.01562500 0.98437500
vt 0.01562500 0.51562500
vt 0.48437500 0.51562500
vt 0.48437500 0.98437500
vt 0.01562500 0.98437500
vt 0.01562500 0.51562500
vt 0.48437500 0.51562500
vt 0.48437500 0.98437500
vt 0.01562500 0.98437500
vt 0.01562500 0.51562500
vt 0.48437500 0.51562500
vt 0.48437500 0.98437500
vt 0.01562500 0.98437500
vt 0.01562500 0.51562500
vt 0.48437500 0.51562500
vt 0.48437500 0.98437500
vt 0.01562500 0.98437500
vt 0.01562500 0.51562500
vt 0.48437500 0.51562500
vt 0.48437500 0.98437500
vt 0.01562500 0.98437500
vt 0.01562500 0.51562500
vt 0.48437500 0.51562500
vt 0.48437500 0.98437500
vt 0.01562500 0.98437500
vt 0.01562500 0.51562500
vt 0.48437500 0.51562500
vt 0.48437500 0.98437500
vt 0.01562500 0.98437500
vt 0.01562500 0.51562500
vt 0.48437500 0.51562500
vt 0.48437500 0.98437500
vt 0.01562500 0.98437500
vt 0.01562500 0.51562500
vt 0.48437500 0.51562500
vt 0.48437500 0.98437500
vt 0.01562500 0.98437500
vt 0.01562500 0.51562500
vt 0.48437500 0.51562500
vt 0.48437500 0.98437500
vt 0.01562500 0.98437500
vt 0.01562500 0.51562500
vt 0.48437500 0.51562500
vt 0.48437500 0.98437500
vt 0.01562500 0.98437500
vt 0.01562500 0.51562500
vt 0.48437500 0.51562500
vt 0.48437500 0.98437500
vt 0.01562500 0.98437500
vt 0.01562500 0.51562500
vt 0.48437500 0.51562500
vt 0.48437500 0.98437500
vt 0.01562500 0.98437500
vt 0.01562500 0.51562500
vt 0.48437500 0.51562500
vt 0.48437500 0.98437500
vt 0.01562500 0.98437500
vt 0.01562500 0.51562500
vt 0.48437500 0.51562500
vt 0.48437500 0.98437500
vt 0.01562500 0.98437500
vt 0.51562500 0.51562500
vt 0.98437500 0.51562500
vt 0.98437500 0.98437500
vt 0.51562500 0.98437500
vt 0.51562500 0.51562500
vt 0.98437500 0.51562500
vt 0.98437500 0.98437500
vt 0.51562500 0.98437500
vt 0.51562500 0.51562500
vt 0.98437500 0.51562500
vt 0.98437500 0.98437500
vt 0.51562500 0.98437500
vt 0.51562500 0.51562500
vt 0.98437500 0.51562500
vt 0.98437500 0.98437500
vt 0.51562500 0.98437500
vt 0.01562500 0.51562500
vt 0.48437500 0.51562500
vt 0.48437500 0.98437500
vt 0.01562500 0.98437500
vt 0.01562500 0.51562500
vt 0.48437500 0.51562500
vt 0.48437500 0.98437500
vt 0.01562500 0.98437500
vt 0.01562500 0.51562500
vt 0.48437500 0.51562500
vt 0.48437500 0.98437500
vt 0.01562500 0.98437500
vt 0.01562500 0.51562500
vt 0.48437500 0.51562500
vt 0.48437500 0.98437500
vt 0.01562500 0.98437500
vt 0.51562500 0.01562500
vt 0.73437500 0.01562500
vt 0.73437500 0.48437500
vt 0.51562500 0.48437500
vt 0.51562500 0.01562500
vt 0.73437500 0.01562500
vt 0.73437500 0.48437500
vt 0.51562500 0.48437500
vt 0.51562500 0.01562500
vt 0.73437500 0.01562500
vt 0.73437500 0.48437500
vt 0.51562500 0.48437500
vt 0.51562500 0.01562500
vt 0.73437500 0.01562500
vt 0.73437500 0.48437500
vt 0.51562500 0.48437500
vt 0.51562500 0.01562500
vt 0.73437500 0.01562500
vt 0.73437500 0.48437500
vt 0.51562500 0.48437500
vt 0.51562500 0.01562500
vt 0.73437500 0.01562500
vt 0.73437500 0.48437500
vt 0.51562500 0.48437500
vt 0.51562500 0.01562500
vt 0.73437500 0.01562500
vt 0.73437500 0.48437500
vt 0.51562500 0.48437500
vt 0.51562500 0.01562500
vt 0.73437500 0.01562500
vt 0.73437500 0.48437500
vt 0.51562500 0.48437500
vt 0.51562500 0.01562500
vt 0.73437500 0.01562500
vt 0.73437500 0.48437500
vt 0.51562500 0.48437500
vt 0.76562500 0.01562500
vt 0.98437500 0.01562500
vt 0.98437500 0.48437500
vt 0.76562500 0.48437500
vt 0.76562500 0.01562500
vt 0.98437500 0.01562500
vt 0.98437500 0.48437500
vt 0.76562500 0.48437500
vt 0.76562500 0.01562500
vt 0.98437500 0.01562500
vt 0.98437500 0.48437500
vt 0.76562500 0.48437500
vt 0.76562500 0.01562500
vt 0.98437500 0.01562500
vt 0.98437500 0.48437500
vt 0.76562500 0.48437500
vt 0.76562500 0.01562500
vt 0.98437500 0.01562500
vt 0.98437500 0.48437500
vt 0.76562500 0.48437500
vt 0.76562500 0.01562500
vt 0.98437500 0.01562500
vt 0.98437500 0.48437500
vt 0.76562500 0.48437500
vt 0.76562500 0.01562500
vt 0.98437500 0.01562500
vt 0.98437500 0.48437500
vt 0.76562500 0.48437500
vt 0.76562500 0.01562500
vt 0.98437500 0.01562500
vt 0.98437500 0.48437500
vt 0.76562500 0.48437500
vt 0.76562500 0.01562500
vt 0.98437500 0.01562500
vt 0.98437500 0.48437500
vt 0.76562500 0.48437500
vt 0.76562500 0.01562500
vt 0.98437500 0.01562500
vt 0.98437500 0.48437500
vt 0.76562500 0.48437500
vt 0.01562500 0.51562500
vt 0.48437500 0.51562500
vt 0.48437500 0.98437500
vt 0.01562500 0.98437500
vt 0.01562500 0.51562500
vt 0.48437500 0.51562500
vt 0.48437500 0.98437500
vt 0.01562500 0.98437500
vt 0.01562500 0.51562500
vt 0.48437500 0.51562500
vt 0.48437500 0.98437500
vt 0.01562500 0.98437500
vt 0.01562500 0.51562500
vt 0.48437500 0.51562500
vt 0.48437500 0.98437500
vt 0.01562500 0.98437500
vt 0.01562500 0.51562500
vt 0.48437500 0.51562500
vt 0.48437500 0.98437500
vt 0.01562500 0.98437500
vt 0.01562500 0.51562500
vt 0.48437500 0.51562500
vt 0.48437500 0.98437500
vt 0.01562500 0.98437500
vt 0.01562500 0.51562500
vt 0.48437500 0.51562500
vt 0.48437500 0.98437500
vt 0.01562500 0.98437500
vt 0.01562500 0.51562500
vt 0.48437500 0.51562500
vt 0.48437500 0.98437500
vt 0.01562500 0.98437500
vt 0.01562500 0.51562500
vt 0.48437500 0.51562500
vt 0.48437500 0.98437500
vt 0.01562500 0.98437500
vt 0.01562500 0.51562500
vt 0.48437500 0.51562500
vt 0.48437500 0.98437500
vt 0.01562500 0.98437500
vt 0.01562500 0.51562500
vt 0.48437500 0.51562500
vt 0.48437500 0.98437500
vt 0.01562500 0.98437500
vt 0.01562500 0.51562500
vt 0.48437500 0.51562500
vt 0.48437500 0.98437500
vt 0.01562500 0.98437500
vt 0.01562500 0.51562500
vt 0.48437500 0.51562500
vt 0.48437500 0.98437500
vt 0.01562500 0.98437500
vt 0.01562500 0.51562500
vt 0.48437500 0.51562500
vt 0.48437500 0.98437500
vt 0.01562500 0.98437500
vt 0.01562500 0.51562500
vt 0.48437500 0.51562500
vt 0.48437500 0.98437500
vt 0.01562500 0.98437500
vt 0.01562500 0.51562500
vt 0.48437500 0.51562500
vt 0.48437500 0.98437500
vt 0.01562500 0.98437500
vt 0.01562500 0.51562500
vt 0.48437500 0.51562500
vt 0.48437500 0.98437500
vt 0.01562500 0.98437500
vt 0.01562500 0.51562500
vt 0.48437500 0.51562500
vt 0.48437500 0.98437500
vt 0.01562500 0.98437500
vt 0.01562500 0.51562500
vt 0.48437500 0.51562500
vt 0.48437500 0.98437500
vt 0.01562500 0.98437500
vt 0.01562500 0.51562500
vt 0.48437500 0.51562500
vt 0.48437500 0.98437500
vt 0.01562500 0.98437500
vt 0.01562500 0.51562500
vt 0.48437500 0.51562500
vt 0.48437500 0.98437500
vt 0.01562500 0.98437500
vt 0.01562500 0.51562500
vt 0.48437500 0.51562500
vt 0.48437500 0.98437500
vt 0.01562500 0.98437500
vt 0.01562500 0.51562500
vt 0.48437500 0.51562500
vt 0.48437500 0.98437500
vt 0.01562500 0.98437500
vt 0.01562500 0.51562500
vt 0.48437500 0.51562500
vt 0.48437500 0.98437500
vt 0.01562500 0.98437500
vt 0.01562500 0.51562500
vt 0.48437500 0.51562500
vt 0.48437500 0.98437500
vt 0.01562500 0.98437500
vt 0.01562500 0.51562500
vt 0.48437500 0.51562500
vt 0.48437500 0.98437500
vt 0.01562500 0.98437500
vt 0.01562500 0.51562500
vt 0.48437500 0.51562500
vt 0.48437500 0.98437500
vt 0.01562500 0.98437500
vt 0.01562500 0.51562500
vt 0.48437500 0.51562500
vt 0.48437500 0.98437500
vt 0.01562500 0.98437500
vt 0.01562500 0.51562500
vt 0.48437500 0.51562500
vt 0.48437500 0.98437500
vt 0.01562500 0.98437500
vt 0.01562500 0.51562500
vt 0.48437500 0.51562500
vt 0.48437500 0.98437500
vt 0.01562500 0.98437500
vt 0.51562500 0.51562500
vt 0.98437500 0.51562500
vt 0.98437500 0.98437500
vt 0.51562500 0.98437500
vt 0.51562500 0.51562500
vt 0.98437500 0.51562500
vt 0.98437500 0.98437500
vt 0.51562500 0.98437500
vt 0.51562500 0.51562500
vt 0.98437500 0.51562500
vt 0.98437500 0.98437500
vt 0.51562500 0.98437500
vt 0.51562500 0.51562500
vt 0.98437500 0.51562500
vt 0.98437500 0.98437500
vt 0.51562500 0.98437500
vt 0.01562500 0.51562500
vt 0.48437500 0.51562500
vt 0.48437500 0.98437500
vt 0.01562500 0.98437500
vt 0.01562500 0.51562500
vt 0.48437500 0.51562500
vt 0.48437500 0.98437500
vt 0.01562500 0.98437500
vt 0.01562500 0.51562500
vt 0.48437500 0.51562500
vt 0.48437500 0.98437500
vt 0.01562500 0.98437500
vt 0.01562500 0.51562500
vt 0.48437500 0.51562500
vt 0.48437500 0.98437500
vt 0.01562500 0.98437500
vt 0.51562500 0.01562500
vt 0.73437500 0.01562500
vt 0.73437500 0.48437500
vt 0.51562500 0.48437500
vt 0.51562500 0.01562500
vt 0.73437500 0.01562500
vt 0.73437500 0.48437500
vt 0.51562500 0.48437500
vt 0.51562500 0.01562500
vt 0.73437500 0.01562500
vt 0.73437500 0.48437500
vt 0.51562500 0.48437500
vt 0.51562500 0.01562500
vt 0.73437500 0.01562500
vt 0.73437500 0.48437500
vt 0.51562500 0.48437500
vt 0.51562500 0.01562500
vt 0.73437500 0.01562500
vt 0.73437500 0.48437500
vt 0.51562500 0.48437500
vt 0.51562500 0.01562500
vt 0.73437500 0.01562500
vt 0.73437500 0.48437500
vt 0.51562500 0.48437500
vt 0.51562500 0.01562500
vt 0.73437500 0.01562500
vt 0.73437500 0.48437500
vt 0.51562500 0.48437500
vt 0.51562500 0.01562500
vt 0.73437500 0.01562500
vt 0.73437500 0.48437500
vt 0.51562500 0.48437500
vt 0.51562500 0.01562500
vt 0.73437500 0.01562500
vt 0.73437500 0.48437500
vt 0.51562500 0.48437500
vt 0.76562500 0.01562500
vt 0.98437500 0.01562500
vt 0.98437500 0.48437500
vt 0.76562500 0.48437500
vt 0.76562500 0.01562500
vt 0.98437500 0.01562500
vt 0.98437500 0.48437500
vt 0.76562500 0.48437500
vt 0.76562500 0.01562500
vt 0.98437500 0.01562500
vt 0.98437500 0.48437500
vt 0.76562500 0.48437500
vt 0.76562500 0.01562500
vt 0.98437500 0.01562500
vt 0.98437500 0.48437500
vt 0.76562500 0.48437500
vt 0.76562500 0.01562500
vt 0.98437500 0.01562500
vt 0.98437500 0.48437500
vt 0.76562500 0.48437500
vt 0.76562500 0.01562500
vt 0.98437500 0.01562500
vt 0.98437500 0.48437500
vt 0.76562500 0.48437500
vt 0.76562500 0.01562500
vt 0.98437500 0.01562500
vt 0.98437500 0.48437500
vt 0.76562500 0.48437500
vt 0.76562500 0.01562500
vt 0.98437500 0.01562500
vt 0.98437500 0.48437500
vt 0.76562500 0.48437500
vt 0.76562500 0.01562500
vt 0.98437500 0.01562500
vt 0.98437500 0.48437500
vt 0.76562500 0.48437500
vt 0.76562500 0.01562500
vt 0.98437500 0.01562500
vt 0.98437500 0.48437500
vt 0.76562500 0.48437500
vt 0.01562500 0.51562500
vt 0.48437500 0.51562500
vt 0.48437500 0.98437500
vt 0.01562500 0.98437500
vt 0.01562500 0.51562500
vt 0.48437500 0.51562500
vt 0.48437500 0.98437500
vt 0.01562500 0.98437500
vt 0.01562500 0.51562500
vt 0.48437500 0.51562500
vt 0.48437500 0.98437500
vt 0.01562500 0.98437500
vt 0.01562500 0.51562500
vt 0.48437500 0.51562500
vt 0.48437500 0.98437500
vt 0.01562500 0.98437500
vt 0.01562500 0.51562500
vt 0.48437500 0.51562500
vt 0.48437500 0.98437500
vt 0.01562500 0.98437500
vt 0.01562500 0.51562500
vt 0.48437500 0.51562500
vt 0.48437500 0.98437500
vt 0.01562500 0.98437500
vt 0.01562500 0.51562500
vt 0.48437500 0.51562500
vt 0.48437500 0.98437500
vt 0.01562500 0.98437500
vt 0.01562500 0.51562500
vt 0.48437500 0.51562500
vt 0.48437500 0.98437500
vt 0.01562500 0.98437500
vt 0.01562500 0.51562500
vt 0.48437500 0.51562500
vt 0.48437500 0.98437500
vt 0.01562500 0.98437500
vt 0.01562500 0.51562500
vt 0.48437500 0.51562500
vt 0.48437500 0.98437500
vt 0.01562500 0.98437500
vt 0.01562500 0.51562500
vt 0.48437500 0.51562500
vt 0.48437500 0.98437500
vt 0.01562500 0.98437500
vt 0.01562500 0.51562500
vt 0.48437500 0.51562500
vt 0.48437500 0.98437500
vt 0.01562500 0.98437500
vt 0.01562500 0.51562500
vt 0.48437500 0.51562500
vt 0.48437500 0.98437500
vt 0.01562500 0.98437500
vt 0.01562500 0.51562500
vt 0.48437500 0.51562500
vt 0.48437500 0.98437500
vt 0.01562500 0.98437500
vt 0.01562500 0.51562500
vt 0.48437500 0.51562500
vt 0.48437500 0.98437500
vt 0.01562500 0.98437500
vt 0.01562500 0.51562500
vt 0.48437500 0.51562500
vt 0.48437500 0.98437500
vt 0.01562500 0.98437500
vt 0.01562500 0.51562500
vt 0.48437500 0.51562500
vt 0.48437500 0.98437500
vt 0.01562500 0.98437500
vt 0.01562500 0.51562500
vt 0.48437500 0.51562500
vt 0.48437500 0.98437500
vt 0.01562500 0.98437500
vt 0.01562500 0.51562500
vt 0.48437500 0.51562500
vt 0.48437500 0.98437500
vt 0.01562500 0.98437500
vt 0.01562500 0.51562500
vt 0.48437500 0.51562500
vt 0.48437500 0.98437500
vt 0.01562500 0.98437500
vt 0.01562500 0.51562500
vt 0.48437500 0.51562500
vt 0.48437500 0.98437500
vt 0.01562500 0.98437500
vt 0.01562500 0.51562500
vt 0.48437500 0.51562500
vt 0.48437500 0.98437500
vt 0.01562500 0.98437500
vt 0.01562500 0.51562500
vt 0.48437500 0.51562500
vt 0.48437500 0.98437500
vt 0.01562500 0.98437500
vt 0.01562500 0.51562500
vt 0.48437500 0.51562500
vt 0.48437500 0.98437500
vt 0.01562500 0.98437500
vt 0.51562500 0.51562500
vt 0.98437500 0.51562500
vt 0.98437500 0.98437500
vt 0.51562500 0.98437500
vt 0.51562500 0.51562500
vt 0.98437500 0.51562500
vt 0.98437500 0.98437500
vt 0.51562500 0.98437500
vt 0.51562500 0.51562500
vt 0.98437500 0.51562500
vt 0.98437500 0.98437500
vt 0.51562500 0.98437500
vt 0.51562500 0.51562500
vt 0.98437500 0.51562500
vt 0.98437500 0.98437500
vt 0.51562500 0.98437500
vt 0.01562500 0.51562500
vt 0.48437500 0.51562500
vt 0.48437500 0.98437500
vt 0.01562500 0.98437500
vt 0.01562500 0.51562500
vt 0.48437500 0.51562500
vt 0.48437500 0.98437500
vt 0.01562500 0.98437500
vt 0.01562500 0.51562500
vt 0.48437500 0.51562500
vt 0.48437500 0.98437500
vt 0.01562500 0.98437500
vt 0.01562500 0.51562500
vt 0.48437500 0.51562500
vt 0.48437500 0.98437500
vt 0.01562500 0.98437500
vt 0.51562500 0.01562500
vt 0.73437500 0.01562500
vt 0.73437500 0.48437500
vt 0.51562500 0.48437500
vt 0.51562500 0.01562500
vt 0.73437500 0.01562500
vt 0.73437500 0.48437500
vt 0.51562500 0.48437500
vt 0.51562500 0.01562500
vt 0.73437500 0.01562500
vt 0.73437500 0.48437500
vt 0.51562500 0.48437500
vt 0.51562500 0.01562500
vt 0.73437500 0.01562500
vt 0.73437500 0.48437500
vt 0.51562500 0.48437500
vt 0.51562500 0.01562500
vt 0.73437500 0.01562500
vt 0.73437500 0.48437500
vt 0.51562500 0.48437500
vt 0.51562500 0.01562500
vt 0.73437500 0.01562500
vt 0.73437500 0.48437500
vt 0.51562500 0.48437500
vt 0.51562500 0.01562500
vt 0.73437500 0.01562500
vt 0.73437500 0.48437500
vt 0.51562500 0.48437500
vt 0.51562500 0.01562500
vt 0.73437500 0.01562500
vt 0.73437500 0.48437500
vt 0.51562500 0.48437500
vt 0.51562500 0.01562500
vt 0.73437500 0.01562500
vt 0.73437500 0.48437500
vt 0.51562500 0.48437500
vt 0.76562500 0.01562500
vt 0.98437500 0.01562500
vt 0.98437500 0.48437500
vt 0.76562500 0.48437500
vt 0.76562500 0.01562500
vt 0.98437500 0.01562500
vt 0.98437500 0.48437500
vt 0.76562500 0.48437500
vt 0.76562500 0.01562500
vt 0.98437500 0.01562500
vt 0.98437500 0.48437500
vt 0.76562500 0.48437500
vt 0.76562500 0.01562500
vt 0.98437500 0.01562500
vt 0.98437500 0.48437500
vt 0.76562500 0.48437500
vt 0.76562500 0.01562500
vt 0.98437500 0.01562500
vt 0.98437500 0.48437500
vt 0.76562500 0.48437500
vt 0.76562500 0.01562500
vt 0.98437500 0.01562500
vt 0.98437500 0.48437500
vt 0.76562500 0.48437500
vt 0.76562500 0.01562500
vt 0.98437500 0.01562500
vt 0.98437500 0.48437500
vt 0.76562500 0.48437500
vt 0.76562500 0.01562500
vt 0.98437500 0.01562500
vt 0.98437500 0.48437500
vt 0.76562500 0.48437500
vt 0.76562500 0.01562500
vt 0.98437500 0.01562500
vt 0.98437500 0.48437500
vt 0.76562500 0.48437500
vt 0.76562500 0.01562500
vt 0.98437500 0.01562500
vt 0.98437500 0.48437500
vt 0.76562500 0.48437500
vn 0.00000000 0.00000000 -1.00000000
vn 0.00000000 0.00000000 -1.00000000
vn 0.00000000 0.00000000 -1.00000000
vn 0.00000000 0.00000000 -1.00000000
vn 0.00000000 0.00000000 1.00000000
vn 0.00000000 0.00000000 1.00000000
vn 0.00000000 0.00000000 1.00000000
vn 0.00000000 0.00000000 1.00000000
vn -0.99743371 0.07159601 0.00000000
vn -0.99743371 0.07159601 0.00000000
vn -0.99743371 0.07159601 0.00000000
vn -0.99743371 0.07159601 0.00000000
vn -0.07159601 -0.99743371 0.00000000
vn -0.06712822 -0.99774436 0.00000000
vn -0.06712822 -0.99774436 0.00000000
vn -0.07159601 -0.99743371 0.00000000
vn 0.07159601 0.99743371 0.00000000
vn 0.07159601 0.99743371 0.00000000
vn 0.06712822 0.99774436 0.00000000
vn 0.06712822 0.99774436 0.00000000
vn 0.00000000 0.00000000 -1.00000000
vn 0.00000000 0.00000000 -1.00000000
vn 0.00000000 0.00000000 -1.00000000
vn 0.00000000 0.00000000 -1.00000000
vn 0.00000000 0.00000000 1.00000000
vn 0.00000000 0.00000000 1.00000000
vn 0.00000000 0.00000000 1.00000000
vn 0.00000000 0.00000000 1.00000000
vn -0.06712822 -0.99774436 0.00000000
vn -0.06265908 -0.99803499 0.00000000
vn -0.06265908 -0.99803499 0.00000000
vn -0.06712822 -0.99774436 0.00000000
vn 0.06712822 0.99774436 0.00000000
vn 0.06712822 0.99774436 0.00000000
vn 0.06265908 0.99803499 0.00000000
vn 0.06265908 0.99803499 0.00000000
vn 0.00000000 0.00000000 -1.00000000
vn 0.00000000 0.00000000 -1.00000000
vn 0.00000000 0.00000000 -1.00000000
vn 0.00000000 0.00000000 -1.00000000
vn 0.00000000 0.00000000 1.00000000
vn 0.00000000 0.00000000 1.00000000
vn 0.00000000 0.00000000 1.00000000
vn 0.00000000 0.00000000 1.00000000
vn -0.06265908 -0.99803499 0.00000000
vn -0.05818868 -0.99830560 0.00000000
vn -0.05818868 -0.99830560 0.00000000
vn -0.06265908 -0.99803499 0.00000000
vn 0.06265908 0.99803499 0.00000000
vn 0.06265908 0.99803499 0.00000000
vn 0.05818868 0.99830560 0.00000000
vn 0.05818868 0.99830560 0.00000000
vn 0.00000000 0.00000000 -1.00000000
vn 0.00000000 0.00000000 -1.00000000
vn 0.00000000 0.00000000 -1.00000000
vn 0.00000000 0.00000000 -1.00000000
vn 0.00000000 0.00000000 1.00000000
vn 0.00000000 0.00000000 1.00000000
vn 0.00000000 0.00000000 1.00000000
vn 0.00000000 0.00000000 1.00000000
vn -0.05818868 -0.99830560 0.00000000
vn -0.05371712 -0.99855619 0.00000000
vn -0.05371712 -0.99855619 0.00000000
vn -0.05818868 -0.99830560 0.00000000
vn 0.05818868 0.99830560 0.00000000
vn 0.05818868 0.99830560 0.00000000
vn 0.05371712 0.99855619 0.00000000
vn 0.05371712 0.99855619 0.00000000
vn 0.00000000 0.00000000 -1.00000000
vn 0.00000000 0.00000000 -1.00000000
vn 0.00000000 0.00000000 -1.00000000
vn 0.00000000 0.00000000 -1.00000000
vn 0.00000000 0.00000000 1.00000000
vn 0.00000000 0.00000000 1.00000000
vn 0.00000000 0.00000000 1.00000000
vn 0.00000000 0.00000000 1.00000000
vn -0.05371712 -0.99855619 0.00000000
vn -0.04924448 -0.99878675 0.00000000
vn -0.04924448 -0.99878675 0.00000000
vn -0.05371712 -0.99855619 0.00000000
vn 0.05371712 0.99855619 0.00000000
vn 0.05371712 0.99855619 0.00000000
vn 0.04924448 0.99878675 0.00000000
vn 0.04924448 0.99878675 0.00000000
vn 0.00000000 0.00000000 -1.00000000
vn 0.00000000 0.00000000 -1.00000000
vn 0.00000000 0.00000000 -1.00000000
vn 0.00000000 0.00000000 -1.00000000
vn 0.00000000 0.00000000 1.00000000
vn 0.00000000 0.00000000 1.00000000
vn 0.00000000 0.00000000 1.00000000
vn 0.00000000 0.00000000 1.00000000
vn -0.04924448 -0.99878675 0.00000000
vn -0.04477085 -0.99899728 0.00000000
vn -0.04477085 -0.99899728 0.00000000
vn -0.04924448 -0.99878675 0.00000000
vn 0.04924448 0.99878675 0.00000000
vn 0.04924448 0.99878675 0.00000000
vn 0.04477085 0.99899728 0.00000000
vn 0.04477085 0.99899728 0.00000000
vn 0.00000000 0.00000000 -1.00000000
vn 0.00000000 0.00000000 -1.00000000
vn 0.00000000 0.00000000 -1.00000000
vn 0.00000000 0.00000000 -1.00000000
vn 0.00000000 0.00000000 1.00000000
vn 0.00000000 0.00000000 1.00000000
vn 0.00000000 0.00000000 1.00000000
vn 0.00000000 0.00000000 1.00000000
vn -0.04477085 -0.99899728 0.00000000
vn -0.04029633 -0.99918777 0.00000000
vn -0.04029633 -0.99918777 0.00000000
vn -0.04477085 -0.99899728 0.00000000
vn 0.04477085 0.99899728 0.00000000
vn 0.04477085 0.99899728 0.00000000
vn 0.04029633 0.99918777 0.00000000
vn 0.04029633 0.99918777 0.00000000
vn 0.00000000 0.00000000 -1.00000000
vn 0.00000000 0.00000000 -1.00000000
vn 0.00000000 0.00000000 -1.00000000
vn 0.00000000 0.00000000 -1.00000000
vn 0.00000000 0.00000000 1.00000000
vn 0.00000000 0.00000000 1.00000000
vn 0.00000000 0.00000000 1.00000000
vn 0.00000000 0.00000000 1.00000000
vn -0.04029633 -0.99918777 0.00000000
vn -0.03582099 -0.99935822 0.00000000
vn -0.03582099 -0.99935822 0.00000000
vn -0.04029633 -0.99918777 0.00000000
vn 0.04029633 0.99918777 0.00000000
vn 0.04029633 0.99918777 0.00000000
vn 0.03582099 0.99935822 0.00000000
vn 0.03582099 0.99935822 0.00000000
vn 0.00000000 0.00000000 -1.00000000
vn 0.00000000 0.00000000 -1.00000000
vn 0.00000000 0.00000000 -1.00000000
vn 0.00000000 0.00000000 -1.00000000
vn 0.00000000 0.00000000 1.00000000
vn 0.00000000 0.00000000 1.00000000
vn 0.00000000 0.00000000 1.00000000
vn 0.00000000 0.00000000 1.00000000
vn -0.03582099 -0.99935822 0.00000000
vn -0.03134494 -0.99950863 0.00000000
vn -0.03134494 -0.99950863 0.00000000
vn -0.03582099 -0.99935822 0.00000000
vn 0.03582099 0.99935822 0.00000000
vn 0.03582099 0.99935822 0.00000000
vn 0.03134494 0.99950863 0.00000000
vn 0.03134494 0.99950863 0.00000000
vn 0.00000000 0.00000000 -1.00000000
vn 0.00000000 0.00000000 -1.00000000
vn 0.00000000 0.00000000 -1.00000000
vn 0.00000000 0.00000000 -1.00000000
vn 0.00000000 0.00000000 1.00000000
vn 0.00000000 0.00000000 1.00000000
vn 0.00000000 0.00000000 1.00000000
vn 0.00000000 0.00000000 1.00000000
vn -0.03134494 -0.99950863 0.00000000
vn -0.02686826 -0.99963898 0.00000000
vn -0.02686826 -0.99963898 0.00000000
vn -0.03134494 -0.99950863 0.00000000
vn 0.03134494 0.99950863 0.00000000
vn 0.03134494 0.99950863 0.00000000
vn 0.02686826 0.99963898 0.00000000
vn 0.02686826 0.99963898 0.00000000
vn 0.00000000 0.00000000 -1.00000000
vn 0.00000000 0.00000000 -1.00000000
vn 0.00000000 0.00000000 -1.00000000
vn 0.00000000 0.00000000 -1.00000000
vn 0.00000000 0.00000000 1.00000000
vn 0.00000000 0.00000000 1.00000000
vn 0.00000000 0.00000000 1.00000000
vn 0.00000000 0.00000000 1.00000000
vn -0.02686826 -0.99963898 0.00000000
vn -0.02239104 -0.99974929 0.00000000
vn -0.02239104 -0.99974929 0.00000000
vn -0.02686826 -0.99963898 0.00000000
vn 0.02686826 0.99963898 0.00000000
vn 0.02686826 0.99963898 0.00000000
vn 0.02239104 0.99974929 0.00000000
vn 0.02239104 0.99974929 0.00000000
vn 0.00000000 0.00000000 -1.00000000
vn 0.00000000 0.00000000 -1.00000000
vn 0.00000000 0.00000000 -1.00000000
vn 0.00000000 0.00000000 -1.00000000
vn 0.00000000 0.00000000 1.00000000
vn 0.00000000 0.00000000 1.00000000
vn 0.00000000 0.00000000 1.00000000
vn 0.00000000 0.00000000 1.00000000
vn -0.02239104 -0.99974929 0.00000000
vn -0.01791337 -0.99983954 0.00000000
vn -0.01791337 -0.99983954 0.00000000
vn -0.02239104 -0.99974929 0.00000000
vn 0.02239104 0.99974929 0.00000000
vn 0.02239104 0.99974929 0.00000000
vn 0.01791337 0.99983954 0.00000000
vn 0.01791337 0.99983954 0.00000000
vn 0.00000000 0.00000000 -1.00000000
vn 0.00000000 0.00000000 -1.00000000
vn 0.00000000 0.00000000 -1.00000000
vn 0.00000000 0.00000000 -1.00000000
vn 0.00000000 0.00000000 1.00000000
vn 0.00000000 0.00000000 1.00000000
vn 0.00000000 0.00000000 1.00000000
vn 0.00000000 0.00000000 1.00000000
vn -0.01791337 -0.99983954 0.00000000
vn -0.01343534 -0.99990974 0.00000000
vn -0.01343534 -0.99990974 0.00000000
vn -0.01791337 -0.99983954 0.00000000
vn 0.01791337 0.99983954 0.00000000
vn 0.01791337 0.99983954 0.00000000
vn 0.01343534 0.99990974 0.00000000
vn 0.01343534 0.99990974 0.00000000
vn 0.00000000 0.00000000 -1.00000000
vn 0.00000000 0.00000000 -1.00000000
vn 0.00000000 0.00000000 -1.00000000
vn 0.00000000 0.00000000 -1.00000000
vn 0.00000000 0.00000000 1.00000000
vn 0.00000000 0.00000000 1.00000000
vn 0.00000000 0.00000000 1.00000000
vn 0.00000000 0.00000000 1.00000000
vn -0.01343534 -0.99990974 0.00000000
vn -0.00895705 -0.99995988 0.00000000
vn -0.00895705 -0.99995988 0.00000000
vn -0.01343534 -0.99990974 0.00000000
vn 0.01343534 0.99990974 0.00000000
vn 0.01343534 0.99990974 0.00000000
vn 0.00895705 0.99995988 0.00000000
vn 0.00895705 0.99995988 0.00000000
vn 0.00000000 0.00000000 -1.00000000
vn 0.00000000 0.00000000 -1.00000000
vn 0.00000000 0.00000000 -1.00000000
vn 0.00000000 0.00000000 -1.00000000
vn 0.00000000 0.00000000 1.00000000
vn 0.00000000 0.00000000 1.00000000
vn 0.00000000 0.00000000 1.00000000
vn 0.00000000 0.00000000 1.00000000
vn -0.00895705 -0.99995988 0.00000000
vn -0.00447857 -0.99998997 0.00000000
vn -0.00447857 -0.99998997 0.00000000
vn -0.00895705 -0.99995988 0.00000000
vn 0.00895705 0.99995988 0.00000000
vn 0.00895705 0.99995988 0.00000000
vn 0.00447857 0.99998997 0.00000000
vn 0.00447857 0.99998997 0.00000000
vn 0.00000000 0.00000000 -1.00000000
vn 0.00000000 0.00000000 -1.00000000
vn 0.00000000 0.00000000 -1.00000000
vn 0.00000000 0.00000000 -1.00000000
vn 0.00000000 0.00000000 1.00000000
vn 0.00000000 0.00000000 1.00000000
vn 0.00000000 0.00000000 1.00000000
vn 0.00000000 0.00000000 1.00000000
vn -0.00447857 -0.99998997 0.00000000
vn 0.00000000 -1.00000000 0.00000000
vn 0.00000000 -1.00000000 0.00000000
vn -0.00447857 -0.99998997 0.00000000
vn 0.00447857 0.99998997 0.00000000
vn 0.00447857 0.99998997 0.00000000
vn 0.00000000 1.00000000 0.00000000
vn 0.00000000 1.00000000 0.00000000
vn 0.00000000 0.00000000 -1.00000000
vn 0.00000000 0.00000000 -1.00000000
vn 0.00000000 0.00000000 -1.00000000
vn 0.00000000 0.00000000 -1.00000000
vn 0.00000000 0.00000000 1.00000000
vn 0.00000000 0.00000000 1.00000000
vn 0.00000000 0.00000000 1.00000000
vn 0.00000000 0.00000000 1.00000000
vn 0.00000000 -1.00000000 0.00000000
vn 0.00447857 -0.99998997 0.00000000
vn 0.00447857 -0.99998997 0.00000000
vn 0.00000000 -1.00000000 0.00000000
vn 0.00000000 1.00000000 0.00000000
vn 0.00000000 1.00000000 0.00000000
vn -0.00447857 0.99998997 0.00000000
vn -0.00447857 0.99998997 0.00000000
vn 0.00000000 0.00000000 -1.00000000
vn 0.00000000 0.00000000 -1.00000000
vn 0.00000000 0.00000000 -1.00000000
vn 0.00000000 0.00000000 -1.00000000
vn 0.00000000 0.00000000 1.00000000
vn 0.00000000 0.00000000 1.00000000
vn 0.00000000 0.00000000 1.00000000
vn 0.00000000 0.00000000 1.00000000
vn 0.00447857 -0.99998997 0.00000000
vn 0.00895705 -0.99995988 0.00000000
vn 0.00895705 -0.99995988 0.00000000
vn 0.00447857 -0.99998997 0.00000000
vn -0.00447857 0.99998997 0.00000000
vn -0.00447857 0.99998997 0.00000000
vn -0.00895705 0.99995988 0.00000000
vn -0.00895705 0.99995988 0.00000000
vn 0.00000000 0.00000000 -1.00000000
vn 0.00000000 0.00000000 -1.00000000
vn 0.00000000 0.00000000 -1.00000000
vn 0.00000000 0.00000000 -1.00000000
vn 0.00000000 0.00000000 1.00000000
vn 0.00000000 0.00000000 1.00000000
vn 0.00000000 0.00000000 1.00000000
vn 0.00000000 0.00000000 1.00000000
vn 0.00895705 -0.99995988 0.00000000
vn 0.01343534 -0.99990974 0.00000000
vn 0.01343534 -0.99990974 0.00000000
vn 0.00895705 -0.99995988 0.00000000
vn -0.00895705 0.99995988 0.00000000
vn -0.00895705 0.99995988 0.00000000
vn -0.01343534 0.99990974 0.00000000
vn -0.01343534 0.99990974 0.00000000
vn 0.00000000 0.00000000 -1.00000000
vn 0.00000000 0.00000000 -1.00000000
vn 0.00000000 0.00000000 -1.00000000
vn 0.00000000 0.00000000 -1.00000000
vn 0.00000000 0.00000000 1.00000000
vn 0.00000000 0.00000000 1.00000000
vn 0.00000000 0.00000000 1.00000000
vn 0.00000000 0.00000000 1.00000000
vn 0.01343534 -0.99990974 0.00000000
vn 0.01791337 -0.99983954 0.00000000
vn 0.01791337 -0.99983954 0.00000000
vn 0.01343534 -0.99990974 0.00000000
vn -0.01343534 0.99990974 0.00000000
vn -0.01343534 0.99990974 0.00000000
vn -0.01791337 0.99983954 0.00000000
vn -0.01791337 0.99983954 0.00000000
vn 0.00000000 0.00000000 -1.00000000
vn 0.00000000 0.00000000 -1.00000000
vn 0.00000000 0.00000000 -1.00000000
vn 0.00000000 0.00000000 -1.00000000
vn 0.00000000 0.00000000 1.00000000
vn 0.00000000 0.00000000 1.00000000
vn 0.00000000 0.00000000 1.00000000
vn 0.00000000 0.00000000 1.00000000
vn 0.01791337 -0.99983954 0.00000000
vn 0.02239104 -0.99974929 0.00000000
vn 0.02239104 -0.99974929 0.00000000
vn 0.01791337 -0.99983954 0.00000000
vn -0.01791337 0.99983954 0.00000000
vn -0.01791337 0.99983954 0.00000000
vn -0.02239104 0.99974929 0.00000000
vn -0.02239104 0.99974929 0.00000000
vn 0.00000000 0.00000000 -1.00000000
vn 0.00000000 0.00000000 -1.00000000
vn 0.00000000 0.00000000 -1.00000000
vn 0.00000000 0.00000000 -1.00000000
vn 0.00000000 0.00000000 1.00000000
vn 0.00000000 0.00000000 1.00000000
vn 0.00000000 0.00000000 1.00000000
vn 0.00000000 0.00000000 1.00000000
vn 0.02239104 -0.99974929 0.00000000
vn 0.02686826 -0.99963898 0.00000000
vn 0.02686826 -0.99963898 0.00000000
vn 0.02239104 -0.99974929 0.00000000
vn -0.02239104 0.99974929 0.00000000
vn -0.02239104 0.99974929 0.00000000
vn -0.02686826 0.99963898 0.00000000
vn -0.02686826 0.99963898 0.00000000
vn 0.00000000 0.00000000 -1.00000000
vn 0.00000000 0.00000000 -1.00000000
vn 0.00000000 0.00000000 -1.00000000
vn 0.00000000 0.00000000 -1.00000000
vn 0.00000000 0.00000000 1.00000000
vn 0.00000000 0.00000000 1.00000000
vn 0.00000000 0.00000000 1.00000000
vn 0.00000000 0.00000000 1.00000000
vn 0.02686826 -0.99963898 0.00000000
vn 0.03134494 -0.99950863 0.00000000
vn 0.03134494 -0.99950863 0.00000000
vn 0.02686826 -0.99963898 0.00000000
vn -0.02686826 0.99963898 0.00000000
vn -0.02686826 0.99963898 0.00000000
vn -0.03134494 0.99950863 0.00000000
vn -0.03134494 0.99950863 0.00000000
vn 0.00000000 0.00000000 -1.00000000
vn 0.00000000 0.00000000 -1.00000000
vn 0.00000000 0.00000000 -1.00000000
vn 0.00000000 0.00000000 -1.00000000
vn 0.00000000 0.00000000 1.00000000
vn 0.00000000 0.00000000 1.00000000
vn 0.00000000 0.00000000 1.00000000
vn 0.00000000 0.00000000 1.00000000
vn 0.03134494 -0.99950863 0.00000000
vn 0.03582099 -0.99935822 0.00000000
vn 0.03582099 -0.99935822 0.00000000
vn 0.03134494 -0.99950863 0.00000000
vn -0.03134494 0.99950863 0.00000000
vn -0.03134494 0.99950863 0.00000000
vn -0.03582099 0.99935822 0.00000000
vn -0.03582099 0.99935822 0.00000000
vn 0.00000000 0.00000000 -1.00000000
vn 0.00000000 0.00000000 -1.00000000
vn 0.00000000 0.00000000 -1.00000000
vn 0.00000000 0.00000000 -1.00000000
vn 0.00000000 0.00000000 1.00000000
vn 0.00000000 0.00000000 1.00000000
vn 0.00000000 0.00000000 1.00000000
vn 0.00000000 0.00000000 1.00000000
vn 0.03582099 -0.99935822 0.00000000
vn 0.04029633 -0.99918777 0.00000000
vn 0.04029633 -0.99918777 0.00000000
vn 0.03582099 -0.99935822 0.00000000
vn -0.03582099 0.99935822 0.00000000
vn -0.03582099 0.99935822 0.00000000
vn -0.04029633 0.99918777 0.00000000
vn -0.04029633 0.99918777 0.00000000
vn 0.00000000 0.00000000 -1.00000000
vn 0.00000000 0.00000000 -1.00000000
vn 0.00000000 0.00000000 -1.00000000
vn 0.00000000 0.00000000 -1.00000000
vn 0.00000000 0.00000000 1.00000000
vn 0.00000000 0.00000000 1.00000000
vn 0.00000000 0.00000000 1.00000000
vn 0.00000000 0.00000000 1.00000000
vn 0.04029633 -0.99918777 0.00000000
vn 0.04477085 -0.99899728 0.00000000
vn 0.04477085 -0.99899728 0.00000000
vn 0.04029633 -0.99918777 0.00000000
vn -0.04029633 0.99918777 0.00000000
vn -0.04029633 0.99918777 0.00000000
vn -0.04477085 0.99899728 0.00000000
vn -0.04477085 0.99899728 0.00000000
vn 0.00000000 0.00000000 -1.00000000
vn 0.00000000 0.00000000 -1.00000000
vn 0.00000000 0.00000000 -1.00000000
vn 0.00000000 0.00000000 -1.00000000
vn 0.00000000 0.00000000 1.00000000
vn 0.00000000 0.00000000 1.00000000
vn 0.00000000 0.00000000 1.00000000
vn 0.00000000 0.00000000 1.00000000
vn 0.04477085 -0.99899728 0.00000000
vn 0.04924448 -0.99878675 0.00000000
vn 0.04924448 -0.99878675 0.00000000
vn 0.04477085 -0.99899728 0.00000000
vn -0.04477085 0.99899728 0.00000000
vn -0.04477085 0.99899728 0.00000000
vn -0.04924448 0.99878675 0.00000000
vn -0.04924448 0.99878675 0.00000000
vn 0.00000000 0.00000000 -1.00000000
vn 0.00000000 0.00000000 -1.00000000
vn 0.00000000 0.00000000 -1.00000000
vn 0.00000000 0.00000000 -1.00000000
vn 0.00000000 0.00000000 1.00000000
vn 0.00000000 0.00000000 1.00000000
vn 0.00000000 0.00000000 1.00000000
vn 0.00000000 0.00000000 1.00000000
vn 0.04924448 -0.99878675 0.00000000
vn 0.05371712 -0.99855619 0.00000000
vn 0.05371712 -0.99855619 0.00000000
vn 0.04924448 -0.99878675 0.00000000
vn -0.04924448 0.99878675 0.00000000
vn -0.04924448 0.99878675 0.00000000
vn -0.05371712 0.99855619 0.00000000
vn -0.05371712 0.99855619 0.00000000
vn 0.00000000 0.00000000 -1.00000000
vn 0.00000000 0.00000000 -1.00000000
vn 0.00000000 0.00000000 -1.00000000
vn 0.00000000 0.00000000 -1.00000000
vn 0.00000000 0.00000000 1.00000000
vn 0.00000000 0.00000000 1.00000000
vn 0.00000000 0.00000000 1.00000000
vn 0.00000000 0.00000000 1.00000000
vn 0.05371712 -0.99855619 0.00000000
vn 0.05818868 -0.99830560 0.00000000
vn 0.05818868 -0.99830560 0.00000000
vn 0.05371712 -0.99855619 0.00000000
vn -0.05371712 0.99855619 0.00000000
vn -0.05371712 0.99855619 0.00000000
vn -0.05818868 0.99830560 0.00000000
vn -0.05818868 0.99830560 0.00000000
vn 0.00000000 0.00000000 -1.00000000
vn 0.00000000 0.00000000 -1.00000000
vn 0.00000000 0.00000000 -1.00000000
vn 0.00000000 0.00000000 -1.00000000
vn 0.00000000 0.00000000 1.00000000
vn 0.00000000 0.00000000 1.00000000
vn 0.00000000 0.00000000 1.00000000
vn 0.00000000 0.00000000 1.00000000
vn 0.05818868 -0.99830560 0.00000000
vn 0.06265908 -0.99803499 0.00000000
vn 0.06265908 -0.99803499 0.00000000
vn 0.05818868 -0.99830560 0.00000000
vn -0.05818868 0.99830560 0.00000000
vn -0.05818868 0.99830560 0.00000000
vn -0.06265908 0.99803499 0.00000000
vn -0.06265908 0.99803499 0.00000000
vn 0.00000000 0.00000000 -1.00000000
vn 0.00000000 0.00000000 -1.00000000
vn 0.00000000 0.00000000 -1.00000000
vn 0.00000000 0.00000000 -1.00000000
vn 0.00000000 0.00000000 1.00000000
vn 0.00000000 0.00000000 1.00000000
vn 0.00000000 0.00000000 1.00000000
vn 0.00000000 0.00000000 1.00000000
vn 0.06265908 -0.99803499 0.00000000
vn 0.06712822 -0.99774436 0.00000000
vn 0.06712822 -0.99774436 0.00000000
vn 0.06265908 -0.99803499 0.00000000
vn -0.06265908 0.99803499 0.00000000
vn -0.06265908 0.99803499 0.00000000
vn -0.06712822 0.99774436 0.00000000
vn -0.06712822 0.99774436 0.00000000
vn 0.00000000 0.00000000 -1.00000000
vn 0.00000000 0.00000000 -1.00000000
vn 0.00000000 0.00000000 -1.00000000
vn 0.00000000 0.00000000 -1.00000000
vn 0.00000000 0.00000000 1.00000000
vn 0.00000000 0.00000000 1.00000000
vn 0.00000000 0.00000000 1.00000000
vn 0.00000000 0.00000000 1.00000000
vn 0.99743371 0.07159601 0.00000000
vn 0.99743371 0.07159601 0.00000000
vn 0.99743371 0.07159601 0.00000000
vn 0.99743371 0.07159601 0.00000000
vn 0.06712822 -0.99774436 0.00000000
vn 0.07159601 -0.99743371 0.00000000
vn 0.07159601 -0.99743371 0.00000000
vn 0.06712822 -0.99774436 0.00000000
vn -0.06712822 0.99774436 0.00000000
vn -0.06712822 0.99774436 0.00000000
vn -0.07159601 0.99743371 0.00000000
vn -0.07159601 0.99743371 0.00000000
vn 0.00000000 0.00000000 -1.00000000
vn 0.00000000 0.00000000 -1.00000000
vn 0.00000000 0.00000000 -1.00000000
vn 0.00000000 0.00000000 -1.00000000
vn 0.00000000 0.00000000 1.00000000
vn 0.00000000 0.00000000 1.00000000
vn 0.00000000 0.00000000 1.00000000
vn 0.00000000 0.00000000 1.00000000
vn -0.99743371 0.07159601 0.00000000
vn -0.99743371 0.07159601 0.00000000
vn -0.99743371 0.07159601 0.00000000
vn -0.99743371 0.07159601 0.00000000
vn 0.99744334 -0.07146175 0.00000000
vn 0.99744334 -0.07146175 0.00000000
vn 0.99744334 -0.07146175 0.00000000
vn 0.99744334 -0.07146175 0.00000000
vn 0.00000000 0.00000000 -1.00000000
vn 0.00000000 0.00000000 -1.00000000
vn 0.00000000 0.00000000 -1.00000000
vn 0.00000000 0.00000000 -1.00000000
vn 0.00000000 0.00000000 1.00000000
vn 0.00000000 0.00000000 1.00000000
vn 0.00000000 0.00000000 1.00000000
vn 0.00000000 0.00000000 1.00000000
vn -0.99744334 -0.07146175 0.00000000
vn -0.99744334 -0.07146175 0.00000000
vn -0.99744334 -0.07146175 0.00000000
vn -0.99744334 -0.07146175 0.00000000
vn 0.99743371 0.07159601 0.00000000
vn 0.99743371 0.07159601 0.00000000
vn 0.99743371 0.07159601 0.00000000
vn 0.99743371 0.07159601 0.00000000
vn 0.00000000 0.00000000 -1.00000000
vn 0.00000000 0.00000000 -1.00000000
vn 0.00000000 0.00000000 -1.00000000
vn 0.00000000 0.00000000 -1.00000000
vn 0.00000000 0.00000000 1.00000000
vn 0.00000000 0.00000000 1.00000000
vn 0.00000000 0.00000000 1.00000000
vn 0.00000000 0.00000000 1.00000000
vn -0.99743371 0.07159601 0.00000000
vn -0.99743371 0.07159601 0.00000000
vn -0.99743371 0.07159601 0.00000000
vn -0.99743371 0.07159601 0.00000000
vn 0.00000000 0.00000000 -1.00000000
vn 0.00000000 0.00000000 -1.00000000
vn 0.00000000 0.00000000 -1.00000000
vn 0.00000000 0.00000000 -1.00000000
vn 0.00000000 0.00000000 1.00000000
vn 0.00000000 0.00000000 1.00000000
vn 0.00000000 0.00000000 1.00000000
vn 0.00000000 0.00000000 1.00000000
vn 0.99811435 -0.06138195 0.00000000
vn 0.99811435 -0.06138195 0.00000000
vn 0.99811435 -0.06138195 0.00000000
vn 0.99811435 -0.06138195 0.00000000
vn 0.00000000 0.00000000 -1.00000000
vn 0.00000000 0.00000000 -1.00000000
vn 0.00000000 0.00000000 -1.00000000
vn 0.00000000 0.00000000 -1.00000000
vn 0.00000000 0.00000000 1.00000000
vn 0.00000000 0.00000000 1.00000000
vn 0.00000000 0.00000000 1.00000000
vn 0.00000000 0.00000000 1.00000000
vn -0.99743371 0.07159601 0.00000000
vn -0.99743371 0.07159601 0.00000000
vn -0.99743371 0.07159601 0.00000000
vn -0.99743371 0.07159601 0.00000000
vn 0.99797770 -0.06356500 0.00000000
vn 0.99797770 -0.06356500 0.00000000
vn 0.99797770 -0.06356500 0.00000000
vn 0.99797770 -0.06356500 0.00000000
vn 0.00000000 0.00000000 -1.00000000
vn 0.00000000 0.00000000 -1.00000000
vn 0.00000000 0.00000000 -1.00000000
vn 0.00000000 0.00000000 -1.00000000
vn 0.00000000 0.00000000 1.00000000
vn 0.00000000 0.00000000 1.00000000
vn 0.00000000 0.00000000 1.00000000
vn 0.00000000 0.00000000 1.00000000
vn -0.99743371 0.07159601 0.00000000
vn -0.99743371 0.07159601 0.00000000
vn -0.99743371 0.07159601 0.00000000
vn -0.99743371 0.07159601 0.00000000
vn 0.99797770 -0.06356500 0.00000000
vn 0.99797770 -0.06356500 0.00000000
vn 0.99797770 -0.06356500 0.00000000
vn 0.99797770 -0.06356500 0.00000000
vn 0.00000000 0.00000000 -1.00000000
vn 0.00000000 0.00000000 -1.00000000
vn 0.00000000 0.00000000 -1.00000000
vn 0.00000000 0.00000000 -1.00000000
vn 0.00000000 0.00000000 1.00000000
vn 0.00000000 0.00000000 1.00000000
vn 0.00000000 0.00000000 1.00000000
vn 0.00000000 0.00000000 1.00000000
vn -0.99743371 0.07159601 0.00000000
vn -0.99743371 0.07159601 0.00000000
vn -0.99743371 0.07159601 0.00000000
vn -0.99743371 0.07159601 0.00000000
vn 0.99797770 -0.06356500 0.00000000
vn 0.99797770 -0.06356500 0.00000000
vn 0.99797770 -0.06356500 0.00000000
vn 0.99797770 -0.06356500 0.00000000
vn 0.00000000 0.00000000 -1.00000000
vn 0.00000000 0.00000000 -1.00000000
vn 0.00000000 0.00000000 -1.00000000
vn 0.00000000 0.00000000 -1.00000000
vn 0.00000000 0.00000000 1.00000000
vn 0.00000000 0.00000000 1.00000000
vn 0.00000000 0.00000000 1.00000000
vn 0.00000000 0.00000000 1.00000000
vn -0.99810401 0.06154989 0.00000000
vn -0.99810401 0.06154989 0.00000000
vn -0.99810401 0.06154989 0.00000000
vn -0.99810401 0.06154989 0.00000000
vn 0.99811435 -0.06138195 0.00000000
vn 0.99811435 -0.06138195 0.00000000
vn 0.99811435 -0.06138195 0.00000000
vn 0.99811435 -0.06138195 0.00000000
vn 0.00000000 0.00000000 -1.00000000
vn 0.00000000 0.00000000 -1.00000000
vn 0.00000000 0.00000000 -1.00000000
vn 0.00000000 0.00000000 -1.00000000
vn 0.00000000 0.00000000 1.00000000
vn 0.00000000 0.00000000 1.00000000
vn 0.00000000 0.00000000 1.00000000
vn 0.00000000 0.00000000 1.00000000
vn -0.99797770 0.06356500 0.00000000
vn -0.99797770 0.06356500 0.00000000
vn -0.99797770 0.06356500 0.00000000
vn -0.99797770 0.06356500 0.00000000
vn 0.99810401 -0.06154989 0.00000000
vn 0.99810401 -0.06154989 0.00000000
vn 0.99810401 -0.06154989 0.00000000
vn 0.99810401 -0.06154989 0.00000000
vn -0.06356500 -0.99797770 0.00000000
vn -0.06154989 -0.99810401 0.00000000
vn -0.06154989 -0.99810401 0.00000000
vn -0.06356500 -0.99797770 0.00000000
vn 0.00000000 0.00000000 -1.00000000
vn 0.00000000 0.00000000 -1.00000000
vn 0.00000000 0.00000000 -1.00000000
vn 0.00000000 0.00000000 -1.00000000
vn 0.00000000 0.00000000 1.00000000
vn 0.00000000 0.00000000 1.00000000
vn 0.00000000 0.00000000 1.00000000
vn 0.00000000 0.00000000 1.00000000
vn -0.99744334 0.07146175 0.00000000
vn -0.99744334 0.07146175 0.00000000
vn -0.99744334 0.07146175 0.00000000
vn -0.99744334 0.07146175 0.00000000
vn -0.07146175 -0.99744334 0.00000000
vn -0.06648985 -0.99778710 0.00000000
vn -0.06648985 -0.99778710 0.00000000
vn -0.07146175 -0.99744334 0.00000000
vn 0.07146175 0.99744334 0.00000000
vn 0.07146175 0.99744334 0.00000000
vn 0.06648985 0.99778710 0.00000000
vn 0.06648985 0.99778710 0.00000000
vn 0.00000000 0.00000000 -1.00000000
vn 0.00000000 0.00000000 -1.00000000
vn 0.00000000 0.00000000 -1.00000000
vn 0.00000000 0.00000000 -1.00000000
vn 0.00000000 0.00000000 1.00000000
vn 0.00000000 0.00000000 1.00000000
vn 0.00000000 0.00000000 1.00000000
vn 0.00000000 0.00000000 1.00000000
vn 0.99810608 -0.06151630 0.00000000
vn 0.99810608 -0.06151630 0.00000000
vn 0.99810608 -0.06151630 0.00000000
vn 0.99810608 -0.06151630 0.00000000
vn -0.06648985 -0.99778710 0.00000000
vn -0.06151630 -0.99810608 0.00000000
vn -0.06151630 -0.99810608 0.00000000
vn -0.06648985 -0.99778710 0.00000000
vn 0.06648985 0.99778710 0.00000000
vn 0.06648985 0.99778710 0.00000000
vn 0.06151630 0.99810608 0.00000000
vn 0.06151630 0.99810608 0.00000000
vn 0.00000000 0.00000000 -1.00000000
vn 0.00000000 0.00000000 -1.00000000
vn 0.00000000 0.00000000 -1.00000000
vn 0.00000000 0.00000000 -1.00000000
vn 0.00000000 0.00000000 1.00000000
vn 0.00000000 0.00000000 1.00000000
vn 0.00000000 0.00000000 1.00000000
vn 0.00000000 0.00000000 1.00000000
vn -0.99811435 0.06138195 0.00000000
vn -0.99811435 0.06138195 0.00000000
vn -0.99811435 0.06138195 0.00000000
vn -0.99811435 0.06138195 0.00000000
vn 0.00000000 0.00000000 -1.00000000
vn 0.00000000 0.00000000 -1.00000000
vn 0.00000000 0.00000000 -1.00000000
vn 0.00000000 0.00000000 -1.00000000
vn 0.00000000 0.00000000 1.00000000
vn 0.00000000 0.00000000 1.00000000
vn 0.00000000 0.00000000 1.00000000
vn 0.00000000 0.00000000 1.00000000
vn 0.99869040 -0.05116145 0.00000000
vn 0.99869040 -0.05116145 0.00000000
vn 0.99869040 -0.05116145 0.00000000
vn 0.99869040 -0.05116145 0.00000000
vn 0.00000000 0.00000000 -1.00000000
vn 0.00000000 0.00000000 -1.00000000
vn 0.00000000 0.00000000 -1.00000000
vn 0.00000000 0.00000000 -1.00000000
vn 0.00000000 0.00000000 1.00000000
vn 0.00000000 0.00000000 1.00000000
vn 0.00000000 0.00000000 1.00000000
vn 0.00000000 0.00000000 1.00000000
vn -0.99811435 0.06138195 0.00000000
vn -0.99811435 0.06138195 0.00000000
vn -0.99811435 0.06138195 0.00000000
vn -0.99811435 0.06138195 0.00000000
vn 0.99857610 -0.05334579 0.00000000
vn 0.99857610 -0.05334579 0.00000000
vn 0.99857610 -0.05334579 0.00000000
vn 0.99857610 -0.05334579 0.00000000
vn 0.00000000 0.00000000 -1.00000000
vn 0.00000000 0.00000000 -1.00000000
vn 0.00000000 0.00000000 -1.00000000
vn 0.00000000 0.00000000 -1.00000000
vn 0.00000000 0.00000000 1.00000000
vn 0.00000000 0.00000000 1.00000000
vn 0.00000000 0.00000000 1.00000000
vn 0.00000000 0.00000000 1.00000000
vn -0.99811435 0.06138195 0.00000000
vn -0.99811435 0.06138195 0.00000000
vn -0.99811435 0.06138195 0.00000000
vn -0.99811435 0.06138195 0.00000000
vn 0.99857610 -0.05334579 0.00000000
vn 0.99857610 -0.05334579 0.00000000
vn 0.99857610 -0.05334579 0.00000000
vn 0.99857610 -0.05334579 0.00000000
vn 0.00000000 0.00000000 -1.00000000
vn 0.00000000 0.00000000 -1.00000000
vn 0.00000000 0.00000000 -1.00000000
vn 0.00000000 0.00000000 -1.00000000
vn 0.00000000 0.00000000 1.00000000
vn 0.00000000 0.00000000 1.00000000
vn 0.00000000 0.00000000 1.00000000
vn 0.00000000 0.00000000 1.00000000
vn -0.99811435 0.06138195 0.00000000
vn -0.99811435 0.06138195 0.00000000
vn -0.99811435 0.06138195 0.00000000
vn -0.99811435 0.06138195 0.00000000
vn 0.99857610 -0.05334579 0.00000000
vn 0.99857610 -0.05334579 0.00000000
vn 0.99857610 -0.05334579 0.00000000
vn 0.99857610 -0.05334579 0.00000000
vn 0.00000000 0.00000000 -1.00000000
vn 0.00000000 0.00000000 -1.00000000
vn 0.00000000 0.00000000 -1.00000000
vn 0.00000000 0.00000000 -1.00000000
vn 0.00000000 0.00000000 1.00000000
vn 0.00000000 0.00000000 1.00000000
vn 0.00000000 0.00000000 1.00000000
vn 0.00000000 0.00000000 1.00000000
vn -0.99868177 0.05132949 0.00000000
vn -0.99868177 0.05132949 0.00000000
vn -0.99868177 0.05132949 0.00000000
vn -0.99868177 0.05132949 0.00000000
vn 0.99869040 -0.05116145 0.00000000
vn 0.99869040 -0.05116145 0.00000000
vn 0.99869040 -0.05116145 0.00000000
vn 0.99869040 -0.05116145 0.00000000
vn 0.00000000 0.00000000 -1.00000000
vn 0.00000000 0.00000000 -1.00000000
vn 0.00000000 0.00000000 -1.00000000
vn 0.00000000 0.00000000 -1.00000000
vn 0.00000000 0.00000000 1.00000000
vn 0.00000000 0.00000000 1.00000000
vn 0.00000000 0.00000000 1.00000000
vn 0.00000000 0.00000000 1.00000000
vn -0.99857610 0.05334579 0.00000000
vn -0.99857610 0.05334579 0.00000000
vn -0.99857610 0.05334579 0.00000000
vn -0.99857610 0.05334579 0.00000000
vn 0.99868177 -0.05132949 0.00000000
vn 0.99868177 -0.05132949 0.00000000
vn 0.99868177 -0.05132949 0.00000000
vn 0.99868177 -0.05132949 0.00000000
vn -0.05334579 -0.99857610 0.00000000
vn -0.05132949 -0.99868177 0.00000000
vn -0.05132949 -0.99868177 0.00000000
vn -0.05334579 -0.99857610 0.00000000
vn 0.00000000 0.00000000 -1.00000000
vn 0.00000000 0.00000000 -1.00000000
vn 0.00000000 0.00000000 -1.00000000
vn 0.00000000 0.00000000 -1.00000000
vn 0.00000000 0.00000000 1.00000000
vn 0.00000000 0.00000000 1.00000000
vn 0.00000000 0.00000000 1.00000000
vn 0.00000000 0.00000000 1.00000000
vn -0.99812260 0.06124760 0.00000000
vn -0.99812260 0.06124760 0.00000000
vn -0.99812260 0.06124760 0.00000000
vn -0.99812260 0.06124760 0.00000000
vn -0.06124760 -0.99812260 0.00000000
vn -0.05627244 -0.99841545 0.00000000
vn -0.05627244 -0.99841545 0.00000000
vn -0.06124760 -0.99812260 0.00000000
vn 0.06124760 0.99812260 0.00000000
vn 0.06124760 0.99812260 0.00000000
vn 0.05627244 0.99841545 0.00000000
vn 0.05627244 0.99841545 0.00000000
vn 0.00000000 0.00000000 -1.00000000
vn 0.00000000 0.00000000 -1.00000000
vn 0.00000000 0.00000000 -1.00000000
vn 0.00000000 0.00000000 -1.00000000
vn 0.00000000 0.00000000 1.00000000
vn 0.00000000 0.00000000 1.00000000
vn 0.00000000 0.00000000 1.00000000
vn 0.00000000 0.00000000 1.00000000
vn 0.99868350 -0.05129588 0.00000000
vn 0.99868350 -0.05129588 0.00000000
vn 0.99868350 -0.05129588 0.00000000
vn 0.99868350 -0.05129588 0.00000000
vn -0.05627244 -0.99841545 0.00000000
vn -0.05129588 -0.99868350 0.00000000
vn -0.05129588 -0.99868350 0.00000000
vn -0.05627244 -0.99841545 0.00000000
vn 0.05627244 0.99841545 0.00000000
vn 0.05627244 0.99841545 0.00000000
vn 0.05129588 0.99868350 0.00000000
vn 0.05129588 0.99868350 0.00000000
vn 0.00000000 0.00000000 -1.00000000
vn 0.00000000 0.00000000 -1.00000000
vn 0.00000000 0.00000000 -1.00000000
vn 0.00000000 0.00000000 -1.00000000
vn 0.00000000 0.00000000 1.00000000
vn 0.00000000 0.00000000 1.00000000
vn 0.00000000 0.00000000 1.00000000
vn 0.00000000 0.00000000 1.00000000
vn -0.99869040 0.05116145 0.00000000
vn -0.99869040 0.05116145 0.00000000
vn -0.99869040 0.05116145 0.00000000
vn -0.99869040 0.05116145 0.00000000
vn 0.00000000 0.00000000 -1.00000000
vn 0.00000000 0.00000000 -1.00000000
vn 0.00000000 0.00000000 -1.00000000
vn 0.00000000 0.00000000 -1.00000000
vn 0.00000000 0.00000000 1.00000000
vn 0.00000000 0.00000000 1.00000000
vn 0.00000000 0.00000000 1.00000000
vn 0.00000000 0.00000000 1.00000000
vn 0.99916179 -0.04093560 0.00000000
vn 0.99916179 -0.04093560 0.00000000
vn 0.99916179 -0.04093560 0.00000000
vn 0.99916179 -0.04093560 0.00000000
vn 0.00000000 0.00000000 -1.00000000
vn 0.00000000 0.00000000 -1.00000000
vn 0.00000000 0.00000000 -1.00000000
vn 0.00000000 0.00000000 -1.00000000
vn 0.00000000 0.00000000 1.00000000
vn 0.00000000 0.00000000 1.00000000
vn 0.00000000 0.00000000 1.00000000
vn 0.00000000 0.00000000 1.00000000
vn -0.99869040 0.05116145 0.00000000
vn -0.99869040 0.05116145 0.00000000
vn -0.99869040 0.05116145 0.00000000
vn -0.99869040 0.05116145 0.00000000
vn 0.99906986 -0.04312099 0.00000000
vn 0.99906986 -0.04312099 0.00000000
vn 0.99906986 -0.04312099 0.00000000
vn 0.99906986 -0.04312099 0.00000000
vn 0.00000000 0.00000000 -1.00000000
vn 0.00000000 0.00000000 -1.00000000
vn 0.00000000 0.00000000 -1.00000000
vn 0.00000000 0.00000000 -1.00000000
vn 0.00000000 0.00000000 1.00000000
vn 0.00000000 0.00000000 1.00000000
vn 0.00000000 0.00000000 1.00000000
vn 0.00000000 0.00000000 1.00000000
vn -0.99869040 0.05116145 0.00000000
vn -0.99869040 0.05116145 0.00000000
vn -0.99869040 0.05116145 0.00000000
vn -0.99869040 0.05116145 0.00000000
vn 0.99906986 -0.04312099 0.00000000
vn 0.99906986 -0.04312099 0.00000000
vn 0.99906986 -0.04312099 0.00000000
vn 0.99906986 -0.04312099 0.00000000
vn 0.00000000 0.00000000 -1.00000000
vn 0.00000000 0.00000000 -1.00000000
vn 0.00000000 0.00000000 -1.00000000
vn 0.00000000 0.00000000 -1.00000000
vn 0.00000000 0.00000000 1.00000000
vn 0.00000000 0.00000000 1.00000000
vn 0.00000000 0.00000000 1.00000000
vn 0.00000000 0.00000000 1.00000000
vn -0.99869040 0.05116145 0.00000000
vn -0.99869040 0.05116145 0.00000000
vn -0.99869040 0.05116145 0.00000000
vn -0.99869040 0.05116145 0.00000000
vn 0.99906986 -0.04312099 0.00000000
vn 0.99906986 -0.04312099 0.00000000
vn 0.99906986 -0.04312099 0.00000000
vn 0.99906986 -0.04312099 0.00000000
vn 0.00000000 0.00000000 -1.00000000
vn 0.00000000 0.00000000 -1.00000000
vn 0.00000000 0.00000000 -1.00000000
vn 0.00000000 0.00000000 -1.00000000
vn 0.00000000 0.00000000 1.00000000
vn 0.00000000 0.00000000 1.00000000
vn 0.00000000 0.00000000 1.00000000
vn 0.00000000 0.00000000 1.00000000
vn -0.99915489 0.04110371 0.00000000
vn -0.99915489 0.04110371 0.00000000
vn -0.99915489 0.04110371 0.00000000
vn -0.99915489 0.04110371 0.00000000
vn 0.99916179 -0.04093560 0.00000000
vn 0.99916179 -0.04093560 0.00000000
vn 0.99916179 -0.04093560 0.00000000
vn 0.99916179 -0.04093560 0.00000000
vn 0.00000000 0.00000000 -1.00000000
vn 0.00000000 0.00000000 -1.00000000
vn 0.00000000 0.00000000 -1.00000000
vn 0.00000000 0.00000000 -1.00000000
vn 0.00000000 0.00000000 1.00000000
vn 0.00000000 0.00000000 1.00000000
vn 0.00000000 0.00000000 1.00000000
vn 0.00000000 0.00000000 1.00000000
vn -0.99906986 0.04312099 0.00000000
vn -0.99906986 0.04312099 0.00000000
vn -0.99906986 0.04312099 0.00000000
vn -0.99906986 0.04312099 0.00000000
vn 0.99915489 -0.04110371 0.00000000
vn 0.99915489 -0.04110371 0.00000000
vn 0.99915489 -0.04110371 0.00000000
vn 0.99915489 -0.04110371 0.00000000
vn -0.04312099 -0.99906986 0.00000000
vn -0.04110371 -0.99915489 0.00000000
vn -0.04110371 -0.99915489 0.00000000
vn -0.04312099 -0.99906986 0.00000000
vn 0.00000000 0.00000000 -1.00000000
vn 0.00000000 0.00000000 -1.00000000
vn 0.00000000 0.00000000 -1.00000000
vn 0.00000000 0.00000000 -1.00000000
vn 0.00000000 0.00000000 1.00000000
vn 0.00000000 0.00000000 1.00000000
vn 0.00000000 0.00000000 1.00000000
vn 0.00000000 0.00000000 1.00000000
vn -0.99869727 0.05102703 0.00000000
vn -0.99869727 0.05102703 0.00000000
vn -0.99869727 0.05102703 0.00000000
vn -0.99869727 0.05102703 0.00000000
vn -0.05102703 -0.99869727 0.00000000
vn -0.04604913 -0.99893918 0.00000000
vn -0.04604913 -0.99893918 0.00000000
vn -0.05102703 -0.99869727 0.00000000
vn 0.05102703 0.99869727 0.00000000
vn 0.05102703 0.99869727 0.00000000
vn 0.04604913 0.99893918 0.00000000
vn 0.04604913 0.99893918 0.00000000
vn 0.00000000 0.00000000 -1.00000000
vn 0.00000000 0.00000000 -1.00000000
vn 0.00000000 0.00000000 -1.00000000
vn 0.00000000 0.00000000 -1.00000000
vn 0.00000000 0.00000000 1.00000000
vn 0.00000000 0.00000000 1.00000000
vn 0.00000000 0.00000000 1.00000000
vn 0.00000000 0.00000000 1.00000000
vn 0.99915627 -0.04107009 0.00000000
vn 0.99915627 -0.04107009 0.00000000
vn 0.99915627 -0.04107009 0.00000000
vn 0.99915627 -0.04107009 0.00000000
vn -0.04604913 -0.99893918 0.00000000
vn -0.04107009 -0.99915627 0.00000000
vn -0.04107009 -0.99915627 0.00000000
vn -0.04604913 -0.99893918 0.00000000
vn 0.04604913 0.99893918 0.00000000
vn 0.04604913 0.99893918 0.00000000
vn 0.04107009 0.99915627 0.00000000
vn 0.04107009 0.99915627 0.00000000
vn 0.00000000 0.00000000 -1.00000000
vn 0.00000000 0.00000000 -1.00000000
vn 0.00000000 0.00000000 -1.00000000
vn 0.00000000 0.00000000 -1.00000000
vn 0.00000000 0.00000000 1.00000000
vn 0.00000000 0.00000000 1.00000000
vn 0.00000000 0.00000000 1.00000000
vn 0.00000000 0.00000000 1.00000000
vn -0.99916179 0.04093560 0.00000000
vn -0.99916179 0.04093560 0.00000000
vn -0.99916179 0.04093560 0.00000000
vn -0.99916179 0.04093560 0.00000000
vn 0.00000000 0.00000000 -1.00000000
vn 0.00000000 0.00000000 -1.00000000
vn 0.00000000 0.00000000 -1.00000000
vn 0.00000000 0.00000000 -1.00000000
vn 0.00000000 0.00000000 1.00000000
vn 0.00000000 0.00000000 1.00000000
vn 0.00000000 0.00000000 1.00000000
vn 0.00000000 0.00000000 1.00000000
vn 0.99952848 -0.03070545 0.00000000
vn 0.99952848 -0.03070545 0.00000000
vn 0.99952848 -0.03070545 0.00000000
vn 0.99952848 -0.03070545 0.00000000
vn 0.00000000 0.00000000 -1.00000000
vn 0.00000000 0.00000000 -1.00000000
vn 0.00000000 0.00000000 -1.00000000
vn 0.00000000 0.00000000 -1.00000000
vn 0.00000000 0.00000000 1.00000000
vn 0.00000000 0.00000000 1.00000000
vn 0.00000000 0.00000000 1.00000000
vn 0.00000000 0.00000000 1.00000000
vn -0.99916179 0.04093560 0.00000000
vn -0.99916179 0.04093560 0.00000000
vn -0.99916179 0.04093560 0.00000000
vn -0.99916179 0.04093560 0.00000000
vn 0.99945892 -0.03289167 0.00000000
vn 0.99945892 -0.03289167 0.00000000
vn 0.99945892 -0.03289167 0.00000000
vn 0.99945892 -0.03289167 0.00000000
vn 0.00000000 0.00000000 -1.00000000
vn 0.00000000 0.00000000 -1.00000000
vn 0.00000000 0.00000000 -1.00000000
vn 0.00000000 0.00000000 -1.00000000
vn 0.00000000 0.00000000 1.00000000
vn 0.00000000 0.00000000 1.00000000
vn 0.00000000 0.00000000 1.00000000
vn 0.00000000 0.00000000 1.00000000
vn -0.99916179 0.04093560 0.00000000
vn -0.99916179 0.04093560 0.00000000
vn -0.99916179 0.04093560 0.00000000
vn -0.99916179 0.04093560 0.00000000
vn 0.99945892 -0.03289167 0.00000000
vn 0.99945892 -0.03289167 0.00000000
vn 0.99945892 -0.03289167 0.00000000
vn 0.99945892 -0.03289167 0.00000000
vn 0.00000000 0.00000000 -1.00000000
vn 0.00000000 0.00000000 -1.00000000
vn 0.00000000 0.00000000 -1.00000000
vn 0.00000000 0.00000000 -1.00000000
vn 0.00000000 0.00000000 1.00000000
vn 0.00000000 0.00000000 1.00000000
vn 0.00000000 0.00000000 1.00000000
vn 0.00000000 0.00000000 1.00000000
vn -0.99916179 0.04093560 0.00000000
vn -0.99916179 0.04093560 0.00000000
vn -0.99916179 0.04093560 0.00000000
vn -0.99916179 0.04093560 0.00000000
vn 0.99945892 -0.03289167 0.00000000
vn 0.99945892 -0.03289167 0.00000000
vn 0.99945892 -0.03289167 0.00000000
vn 0.99945892 -0.03289167 0.00000000
vn 0.00000000 0.00000000 -1.00000000
vn 0.00000000 0.00000000 -1.00000000
vn 0.00000000 0.00000000 -1.00000000
vn 0.00000000 0.00000000 -1.00000000
vn 0.00000000 0.00000000 1.00000000
vn 0.00000000 0.00000000 1.00000000
vn 0.00000000 0.00000000 1.00000000
vn 0.00000000 0.00000000 1.00000000
vn -0.99952330 0.03087363 0.00000000
vn -0.99952330 0.03087363 0.00000000
vn -0.99952330 0.03087363 0.00000000
vn -0.99952330 0.03087363 0.00000000
vn 0.99952848 -0.03070545 0.00000000
vn 0.99952848 -0.03070545 0.00000000
vn 0.99952848 -0.03070545 0.00000000
vn 0.99952848 -0.03070545 0.00000000
vn 0.00000000 0.00000000 -1.00000000
vn 0.00000000 0.00000000 -1.00000000
vn 0.00000000 0.00000000 -1.00000000
vn 0.00000000 0.00000000 -1.00000000
vn 0.00000000 0.00000000 1.00000000
vn 0.00000000 0.00000000 1.00000000
vn 0.00000000 0.00000000 1.00000000
vn 0.00000000 0.00000000 1.00000000
vn -0.99945892 0.03289167 0.00000000
vn -0.99945892 0.03289167 0.00000000
vn -0.99945892 0.03289167 0.00000000
vn -0.99945892 0.03289167 0.00000000
vn 0.99952330 -0.03087363 0.00000000
vn 0.99952330 -0.03087363 0.00000000
vn 0.99952330 -0.03087363 0.00000000
vn 0.99952330 -0.03087363 0.00000000
vn -0.03289167 -0.99945892 0.00000000
vn -0.03087363 -0.99952330 0.00000000
vn -0.03087363 -0.99952330 0.00000000
vn -0.03289167 -0.99945892 0.00000000
vn 0.00000000 0.00000000 -1.00000000
vn 0.00000000 0.00000000 -1.00000000
vn 0.00000000 0.00000000 -1.00000000
vn 0.00000000 0.00000000 -1.00000000
vn 0.00000000 0.00000000 1.00000000
vn 0.00000000 0.00000000 1.00000000
vn 0.00000000 0.00000000 1.00000000
vn 0.00000000 0.00000000 1.00000000
vn -0.99916729 0.04080111 0.00000000
vn -0.99916729 0.04080111 0.00000000
vn -0.99916729 0.04080111 0.00000000
vn -0.99916729 0.04080111 0.00000000
vn -0.04080111 -0.99916729 0.00000000
vn -0.03582099 -0.99935822 0.00000000
vn -0.03582099 -0.99935822 0.00000000
vn -0.04080111 -0.99916729 0.00000000
vn 0.04080111 0.99916729 0.00000000
vn 0.04080111 0.99916729 0.00000000
vn 0.03582099 0.99935822 0.00000000
vn 0.03582099 0.99935822 0.00000000
vn 0.00000000 0.00000000 -1.00000000
vn 0.00000000 0.00000000 -1.00000000
vn 0.00000000 0.00000000 -1.00000000
vn 0.00000000 0.00000000 -1.00000000
vn 0.00000000 0.00000000 1.00000000
vn 0.00000000 0.00000000 1.00000000
vn 0.00000000 0.00000000 1.00000000
vn 0.00000000 0.00000000 1.00000000
vn 0.99952433 -0.03083999 0.00000000
vn 0.99952433 -0.03083999 0.00000000
vn 0.99952433 -0.03083999 0.00000000
vn 0.99952433 -0.03083999 0.00000000
vn -0.03582099 -0.99935822 0.00000000
vn -0.03083999 -0.99952433 0.00000000
vn -0.03083999 -0.99952433 0.00000000
vn -0.03582099 -0.99935822 0.00000000
vn 0.03582099 0.99935822 0.00000000
vn 0.03582099 0.99935822 0.00000000
vn 0.03083999 0.99952433 0.00000000
vn 0.03083999 0.99952433 0.00000000
vn 0.00000000 0.00000000 -1.00000000
vn 0.00000000 0.00000000 -1.00000000
vn 0.00000000 0.00000000 -1.00000000
vn 0.00000000 0.00000000 -1.00000000
vn 0.00000000 0.00000000 1.00000000
vn 0.00000000 0.00000000 1.00000000
vn 0.00000000 0.00000000 1.00000000
vn 0.00000000 0.00000000 1.00000000
vn -0.99952848 0.03070545 0.00000000
vn -0.99952848 0.03070545 0.00000000
vn -0.99952848 0.03070545 0.00000000
vn -0.99952848 0.03070545 0.00000000
vn 0.00000000 0.00000000 -1.00000000
vn 0.00000000 0.00000000 -1.00000000
vn 0.00000000 0.00000000 -1.00000000
vn 0.00000000 0.00000000 -1.00000000
vn 0.00000000 0.00000000 1.00000000
vn 0.00000000 0.00000000 1.00000000
vn 0.00000000 0.00000000 1.00000000
vn 0.00000000 0.00000000 1.00000000
vn 0.99979042 -0.02047209 0.00000000
vn 0.99979042 -0.02047209 0.00000000
vn 0.99979042 -0.02047209 0.00000000
vn 0.99979042 -0.02047209 0.00000000
vn 0.00000000 0.00000000 -1.00000000
vn 0.00000000 0.00000000 -1.00000000
vn 0.00000000 0.00000000 -1.00000000
vn 0.00000000 0.00000000 -1.00000000
vn 0.00000000 0.00000000 1.00000000
vn 0.00000000 0.00000000 1.00000000
vn 0.00000000 0.00000000 1.00000000
vn 0.00000000 0.00000000 1.00000000
vn -0.99952848 0.03070545 0.00000000
vn -0.99952848 0.03070545 0.00000000
vn -0.99952848 0.03070545 0.00000000
vn -0.99952848 0.03070545 0.00000000
vn 0.99974325 -0.02265891 0.00000000
vn 0.99974325 -0.02265891 0.00000000
vn 0.99974325 -0.02265891 0.00000000
vn 0.99974325 -0.02265891 0.00000000
vn 0.00000000 0.00000000 -1.00000000
vn 0.00000000 0.00000000 -1.00000000
vn 0.00000000 0.00000000 -1.00000000
vn 0.00000000 0.00000000 -1.00000000
vn 0.00000000 0.00000000 1.00000000
vn 0.00000000 0.00000000 1.00000000
vn 0.00000000 0.00000000 1.00000000
vn 0.00000000 0.00000000 1.00000000
vn -0.99952848 0.03070545 0.00000000
vn -0.99952848 0.03070545 0.00000000
vn -0.99952848 0.03070545 0.00000000
vn -0.99952848 0.03070545 0.00000000
vn 0.99974325 -0.02265891 0.00000000
vn 0.99974325 -0.02265891 0.00000000
vn 0.99974325 -0.02265891 0.00000000
vn 0.99974325 -0.02265891 0.00000000
vn 0.00000000 0.00000000 -1.00000000
vn 0.00000000 0.00000000 -1.00000000
vn 0.00000000 0.00000000 -1.00000000
vn 0.00000000 0.00000000 -1.00000000
vn 0.00000000 0.00000000 1.00000000
vn 0.00000000 0.00000000 1.00000000
vn 0.00000000 0.00000000 1.00000000
vn 0.00000000 0.00000000 1.00000000
vn -0.99952848 0.03070545 0.00000000
vn -0.99952848 0.03070545 0.00000000
vn -0.99952848 0.03070545 0.00000000
vn -0.99952848 0.03070545 0.00000000
vn 0.99974325 -0.02265891 0.00000000
vn 0.99974325 -0.02265891 0.00000000
vn 0.99974325 -0.02265891 0.00000000
vn 0.99974325 -0.02265891 0.00000000
vn 0.00000000 0.00000000 -1.00000000
vn 0.00000000 0.00000000 -1.00000000
vn 0.00000000 0.00000000 -1.00000000
vn 0.00000000 0.00000000 -1.00000000
vn 0.00000000 0.00000000 1.00000000
vn 0.00000000 0.00000000 1.00000000
vn 0.00000000 0.00000000 1.00000000
vn 0.00000000 0.00000000 1.00000000
vn -0.99978697 0.02064031 0.00000000
vn -0.99978697 0.02064031 0.00000000
vn -0.99978697 0.02064031 0.00000000
vn -0.99978697 0.02064031 0.00000000
vn 0.99979042 -0.02047209 0.00000000
vn 0.99979042 -0.02047209 0.00000000
vn 0.99979042 -0.02047209 0.00000000
vn 0.99979042 -0.02047209 0.00000000
vn 0.00000000 0.00000000 -1.00000000
vn 0.00000000 0.00000000 -1.00000000
vn 0.00000000 0.00000000 -1.00000000
vn 0.00000000 0.00000000 -1.00000000
vn 0.00000000 0.00000000 1.00000000
vn 0.00000000 0.00000000 1.00000000
vn 0.00000000 0.00000000 1.00000000
vn 0.00000000 0.00000000 1.00000000
vn -0.99974325 0.02265891 0.00000000
vn -0.99974325 0.02265891 0.00000000
vn -0.99974325 0.02265891 0.00000000
vn -0.99974325 0.02265891 0.00000000
vn 0.99978697 -0.02064031 0.00000000
vn 0.99978697 -0.02064031 0.00000000
vn 0.99978697 -0.02064031 0.00000000
vn 0.99978697 -0.02064031 0.00000000
vn -0.02265891 -0.99974325 0.00000000
vn -0.02064031 -0.99978697 0.00000000
vn -0.02064031 -0.99978697 0.00000000
vn -0.02265891 -0.99974325 0.00000000
vn 0.00000000 0.00000000 -1.00000000
vn 0.00000000 0.00000000 -1.00000000
vn 0.00000000 0.00000000 -1.00000000
vn 0.00000000 0.00000000 -1.00000000
vn 0.00000000 0.00000000 1.00000000
vn 0.00000000 0.00000000 1.00000000
vn 0.00000000 0.00000000 1.00000000
vn 0.00000000 0.00000000 1.00000000
vn -0.99953260 0.03057091 0.00000000
vn -0.99953260 0.03057091 0.00000000
vn -0.99953260 0.03057091 0.00000000
vn -0.99953260 0.03057091 0.00000000
vn -0.03057091 -0.99953260 0.00000000
vn -0.02558911 -0.99967255 0.00000000
vn -0.02558911 -0.99967255 0.00000000
vn -0.03057091 -0.99953260 0.00000000
vn 0.03057091 0.99953260 0.00000000
vn 0.03057091 0.99953260 0.00000000
vn 0.02558911 0.99967255 0.00000000
vn 0.02558911 0.99967255 0.00000000
vn 0.00000000 0.00000000 -1.00000000
vn 0.00000000 0.00000000 -1.00000000
vn 0.00000000 0.00000000 -1.00000000
vn 0.00000000 0.00000000 -1.00000000
vn 0.00000000 0.00000000 1.00000000
vn 0.00000000 0.00000000 1.00000000
vn 0.00000000 0.00000000 1.00000000
vn 0.00000000 0.00000000 1.00000000
vn 0.99978766 -0.02060667 0.00000000
vn 0.99978766 -0.02060667 0.00000000
vn 0.99978766 -0.02060667 0.00000000
vn 0.99978766 -0.02060667 0.00000000
vn -0.02558911 -0.99967255 0.00000000
vn -0.02060667 -0.99978766 0.00000000
vn -0.02060667 -0.99978766 0.00000000
vn -0.02558911 -0.99967255 0.00000000
vn 0.02558911 0.99967255 0.00000000
vn 0.02558911 0.99967255 0.00000000
vn 0.02060667 0.99978766 0.00000000
vn 0.02060667 0.99978766 0.00000000
vn 0.00000000 0.00000000 -1.00000000
vn 0.00000000 0.00000000 -1.00000000
vn 0.00000000 0.00000000 -1.00000000
vn 0.00000000 0.00000000 -1.00000000
vn 0.00000000 0.00000000 1.00000000
vn 0.00000000 0.00000000 1.00000000
vn 0.00000000 0.00000000 1.00000000
vn 0.00000000 0.00000000 1.00000000
vn -0.99979042 0.02047209 0.00000000
vn -0.99979042 0.02047209 0.00000000
vn -0.99979042 0.02047209 0.00000000
vn -0.99979042 0.02047209 0.00000000
vn 0.00000000 0.00000000 -1.00000000
vn 0.00000000 0.00000000 -1.00000000
vn 0.00000000 0.00000000 -1.00000000
vn 0.00000000 0.00000000 -1.00000000
vn 0.00000000 0.00000000 1.00000000
vn 0.00000000 0.00000000 1.00000000
vn 0.00000000 0.00000000 1.00000000
vn 0.00000000 0.00000000 1.00000000
vn 0.99994760 -0.01023658 0.00000000
vn 0.99994760 -0.01023658 0.00000000
vn 0.99994760 -0.01023658 0.00000000
vn 0.99994760 -0.01023658 0.00000000
vn 0.00000000 0.00000000 -1.00000000
vn 0.00000000 0.00000000 -1.00000000
vn 0.00000000 0.00000000 -1.00000000
vn 0.00000000 0.00000000 -1.00000000
vn 0.00000000 0.00000000 1.00000000
vn 0.00000000 0.00000000 1.00000000
vn 0.00000000 0.00000000 1.00000000
vn 0.00000000 0.00000000 1.00000000
vn -0.99979042 0.02047209 0.00000000
vn -0.99979042 0.02047209 0.00000000
vn -0.99979042 0.02047209 0.00000000
vn -0.99979042 0.02047209 0.00000000
vn 0.99992282 -0.01242376 0.00000000
vn 0.99992282 -0.01242376 0.00000000
vn 0.99992282 -0.01242376 0.00000000
vn 0.99992282 -0.01242376 0.00000000
vn 0.00000000 0.00000000 -1.00000000
vn 0.00000000 0.00000000 -1.00000000
vn 0.00000000 0.00000000 -1.00000000
vn 0.00000000 0.00000000 -1.00000000
vn 0.00000000 0.00000000 1.00000000
vn 0.00000000 0.00000000 1.00000000
vn 0.00000000 0.00000000 1.00000000
vn 0.00000000 0.00000000 1.00000000
vn -0.99979042 0.02047209 0.00000000
vn -0.99979042 0.02047209 0.00000000
vn -0.99979042 0.02047209 0.00000000
vn -0.99979042 0.02047209 0.00000000
vn 0.99992282 -0.01242376 0.00000000
vn 0.99992282 -0.01242376 0.00000000
vn 0.99992282 -0.01242376 0.00000000
vn 0.99992282 -0.01242376 0.00000000
vn 0.00000000 0.00000000 -1.00000000
vn 0.00000000 0.00000000 -1.00000000
vn 0.00000000 0.00000000 -1.00000000
vn 0.00000000 0.00000000 -1.00000000
vn 0.00000000 0.00000000 1.00000000
vn 0.00000000 0.00000000 1.00000000
vn 0.00000000 0.00000000 1.00000000
vn 0.00000000 0.00000000 1.00000000
vn -0.99979042 0.02047209 0.00000000
vn -0.99979042 0.02047209 0.00000000
vn -0.99979042 0.02047209 0.00000000
vn -0.99979042 0.02047209 0.00000000
vn 0.99992282 -0.01242376 0.00000000
vn 0.99992282 -0.01242376 0.00000000
vn 0.99992282 -0.01242376 0.00000000
vn 0.99992282 -0.01242376 0.00000000
vn 0.00000000 0.00000000 -1.00000000
vn 0.00000000 0.00000000 -1.00000000
vn 0.00000000 0.00000000 -1.00000000
vn 0.00000000 0.00000000 -1.00000000
vn 0.00000000 0.00000000 1.00000000
vn 0.00000000 0.00000000 1.00000000
vn 0.00000000 0.00000000 1.00000000
vn 0.00000000 0.00000000 1.00000000
vn -0.99994587 0.01040483 0.00000000
vn -0.99994587 0.01040483 0.00000000
vn -0.99994587 0.01040483 0.00000000
vn -0.99994587 0.01040483 0.00000000
vn 0.99994760 -0.01023658 0.00000000
vn 0.99994760 -0.01023658 0.00000000
vn 0.99994760 -0.01023658 0.00000000
vn 0.99994760 -0.01023658 0.00000000
vn 0.00000000 0.00000000 -1.00000000
vn 0.00000000 0.00000000 -1.00000000
vn 0.00000000 0.00000000 -1.00000000
vn 0.00000000 0.00000000 -1.00000000
vn 0.00000000 0.00000000 1.00000000
vn 0.00000000 0.00000000 1.00000000
vn 0.00000000 0.00000000 1.00000000
vn 0.00000000 0.00000000 1.00000000
vn -0.99992282 0.01242376 0.00000000
vn -0.99992282 0.01242376 0.00000000
vn -0.99992282 0.01242376 0.00000000
vn -0.99992282 0.01242376 0.00000000
vn 0.99994587 -0.01040483 0.00000000
vn 0.99994587 -0.01040483 0.00000000
vn 0.99994587 -0.01040483 0.00000000
vn 0.99994587 -0.01040483 0.00000000
vn -0.01242376 -0.99992282 0.00000000
vn -0.01040483 -0.99994587 0.00000000
vn -0.01040483 -0.99994587 0.00000000
vn -0.01242376 -0.99992282 0.00000000
vn 0.00000000 0.00000000 -1.00000000
vn 0.00000000 0.00000000 -1.00000000
vn 0.00000000 0.00000000 -1.00000000
vn 0.00000000 0.00000000 -1.00000000
vn 0.00000000 0.00000000 1.00000000
vn 0.00000000 0.00000000 1.00000000
vn 0.00000000 0.00000000 1.00000000
vn 0.00000000 0.00000000 1.00000000
vn -0.99979317 0.02033751 0.00000000
vn -0.99979317 0.02033751 0.00000000
vn -0.99979317 0.02033751 0.00000000
vn -0.99979317 0.02033751 0.00000000
vn -0.02033751 -0.99979317 0.00000000
vn -0.01535454 -0.99988211 0.00000000
vn -0.01535454 -0.99988211 0.00000000
vn -0.02033751 -0.99979317 0.00000000
vn 0.02033751 0.99979317 0.00000000
vn 0.02033751 0.99979317 0.00000000
vn 0.01535454 0.99988211 0.00000000
vn 0.01535454 0.99988211 0.00000000
vn 0.00000000 0.00000000 -1.00000000
vn 0.00000000 0.00000000 -1.00000000
vn 0.00000000 0.00000000 -1.00000000
vn 0.00000000 0.00000000 -1.00000000
vn 0.00000000 0.00000000 1.00000000
vn 0.00000000 0.00000000 1.00000000
vn 0.00000000 0.00000000 1.00000000
vn 0.00000000 0.00000000 1.00000000
vn 0.99994622 -0.01037118 0.00000000
vn 0.99994622 -0.01037118 0.00000000
vn 0.99994622 -0.01037118 0.00000000
vn 0.99994622 -0.01037118 0.00000000
vn -0.01535454 -0.99988211 0.00000000
vn -0.01037118 -0.99994622 0.00000000
vn -0.01037118 -0.99994622 0.00000000
vn -0.01535454 -0.99988211 0.00000000
vn 0.01535454 0.99988211 0.00000000
vn 0.01535454 0.99988211 0.00000000
vn 0.01037118 0.99994622 0.00000000
vn 0.01037118 0.99994622 0.00000000
vn 0.00000000 0.00000000 -1.00000000
vn 0.00000000 0.00000000 -1.00000000
vn 0.00000000 0.00000000 -1.00000000
vn 0.00000000 0.00000000 -1.00000000
vn 0.00000000 0.00000000 1.00000000
vn 0.00000000 0.00000000 1.00000000
vn 0.00000000 0.00000000 1.00000000
vn 0.00000000 0.00000000 1.00000000
vn -0.99994760 0.01023658 0.00000000
vn -0.99994760 0.01023658 0.00000000
vn -0.99994760 0.01023658 0.00000000
vn -0.99994760 0.01023658 0.00000000
vn 0.00000000 0.00000000 -1.00000000
vn 0.00000000 0.00000000 -1.00000000
vn 0.00000000 0.00000000 -1.00000000
vn 0.00000000 0.00000000 -1.00000000
vn 0.00000000 0.00000000 1.00000000
vn 0.00000000 0.00000000 1.00000000
vn 0.00000000 0.00000000 1.00000000
vn 0.00000000 0.00000000 1.00000000
vn 1.00000000 0.00000000 0.00000000
vn 1.00000000 0.00000000 0.00000000
vn 1.00000000 0.00000000 0.00000000
vn 1.00000000 0.00000000 0.00000000
vn 0.00000000 0.00000000 -1.00000000
vn 0.00000000 0.00000000 -1.00000000
vn 0.00000000 0.00000000 -1.00000000
vn 0.00000000 0.00000000 -1.00000000
vn 0.00000000 0.00000000 1.00000000
vn 0.00000000 0.00000000 1.00000000
vn 0.00000000 0.00000000 1.00000000
vn 0.00000000 0.00000000 1.00000000
vn -0.99994760 0.01023658 0.00000000
vn -0.99994760 0.01023658 0.00000000
vn -0.99994760 0.01023658 0.00000000
vn -0.99994760 0.01023658 0.00000000
vn 0.99999761 -0.00218732 0.00000000
vn 0.99999761 -0.00218732 0.00000000
vn 0.99999761 -0.00218732 0.00000000
vn 0.99999761 -0.00218732 0.00000000
vn 0.00000000 0.00000000 -1.00000000
vn 0.00000000 0.00000000 -1.00000000
vn 0.00000000 0.00000000 -1.00000000
vn 0.00000000 0.00000000 -1.00000000
vn 0.00000000 0.00000000 1.00000000
vn 0.00000000 0.00000000 1.00000000
vn 0.00000000 0.00000000 1.00000000
vn 0.00000000 0.00000000 1.00000000
vn -0.99994760 0.01023658 0.00000000
vn -0.99994760 0.01023658 0.00000000
vn -0.99994760 0.01023658 0.00000000
vn -0.99994760 0.01023658 0.00000000
vn 0.99999761 -0.00218732 0.00000000
vn 0.99999761 -0.00218732 0.00000000
vn 0.99999761 -0.00218732 0.00000000
vn 0.99999761 -0.00218732 0.00000000
vn 0.00000000 0.00000000 -1.00000000
vn 0.00000000 0.00000000 -1.00000000
vn 0.00000000 0.00000000 -1.00000000
vn 0.00000000 0.00000000 -1.00000000
vn 0.00000000 0.00000000 1.00000000
vn 0.00000000 0.00000000 1.00000000
vn 0.00000000 0.00000000 1.00000000
vn 0.00000000 0.00000000 1.00000000
vn -0.99994760 0.01023658 0.00000000
vn -0.99994760 0.01023658 0.00000000
vn -0.99994760 0.01023658 0.00000000
vn -0.99994760 0.01023658 0.00000000
vn 0.99999761 -0.00218732 0.00000000
vn 0.99999761 -0.00218732 0.00000000
vn 0.99999761 -0.00218732 0.00000000
vn 0.99999761 -0.00218732 0.00000000
vn 0.00000000 0.00000000 -1.00000000
vn 0.00000000 0.00000000 -1.00000000
vn 0.00000000 0.00000000 -1.00000000
vn 0.00000000 0.00000000 -1.00000000
vn 0.00000000 0.00000000 1.00000000
vn 0.00000000 0.00000000 1.00000000
vn 0.00000000 0.00000000 1.00000000
vn 0.00000000 0.00000000 1.00000000
vn -0.99999999 0.00016826 0.00000000
vn -0.99999999 0.00016826 0.00000000
vn -0.99999999 0.00016826 0.00000000
vn -0.99999999 0.00016826 0.00000000
vn 1.00000000 0.00000000 0.00000000
vn 1.00000000 0.00000000 0.00000000
vn 1.00000000 0.00000000 0.00000000
vn 1.00000000 0.00000000 0.00000000
vn 0.00000000 0.00000000 -1.00000000
vn 0.00000000 0.00000000 -1.00000000
vn 0.00000000 0.00000000 -1.00000000
vn 0.00000000 0.00000000 -1.00000000
vn 0.00000000 0.00000000 1.00000000
vn 0.00000000 0.00000000 1.00000000
vn 0.00000000 0.00000000 1.00000000
vn 0.00000000 0.00000000 1.00000000
vn -0.99999761 0.00218732 0.00000000
vn -0.99999761 0.00218732 0.00000000
vn -0.99999761 0.00218732 0.00000000
vn -0.99999761 0.00218732 0.00000000
vn 0.99999999 -0.00016826 0.00000000
vn 0.99999999 -0.00016826 0.00000000
vn 0.99999999 -0.00016826 0.00000000
vn 0.99999999 -0.00016826 0.00000000
vn -0.00218732 -0.99999761 0.00000000
vn -0.00016826 -0.99999999 0.00000000
vn -0.00016826 -0.99999999 0.00000000
vn -0.00218732 -0.99999761 0.00000000
vn 0.00000000 0.00000000 -1.00000000
vn 0.00000000 0.00000000 -1.00000000
vn 0.00000000 0.00000000 -1.00000000
vn 0.00000000 0.00000000 -1.00000000
vn 0.00000000 0.00000000 1.00000000
vn 0.00000000 0.00000000 1.00000000
vn 0.00000000 0.00000000 1.00000000
vn 0.00000000 0.00000000 1.00000000
vn -0.99994897 0.01010198 0.00000000
vn -0.99994897 0.01010198 0.00000000
vn -0.99994897 0.01010198 0.00000000
vn -0.99994897 0.01010198 0.00000000
vn -0.01010198 -0.99994897 0.00000000
vn -0.00511836 -0.99998690 0.00000000
vn -0.00511836 -0.99998690 0.00000000
vn -0.01010198 -0.99994897 0.00000000
vn 0.01010198 0.99994897 0.00000000
vn 0.01010198 0.99994897 0.00000000
vn 0.00511836 0.99998690 0.00000000
vn 0.00511836 0.99998690 0.00000000
vn 0.00000000 0.00000000 -1.00000000
vn 0.00000000 0.00000000 -1.00000000
vn 0.00000000 0.00000000 -1.00000000
vn 0.00000000 0.00000000 -1.00000000
vn 0.00000000 0.00000000 1.00000000
vn 0.00000000 0.00000000 1.00000000
vn 0.00000000 0.00000000 1.00000000
vn 0.00000000 0.00000000 1.00000000
vn 0.99999999 -0.00013460 0.00000000
vn 0.99999999 -0.00013460 0.00000000
vn 0.99999999 -0.00013460 0.00000000
vn 0.99999999 -0.00013460 0.00000000
vn -0.00511836 -0.99998690 0.00000000
vn -0.00013460 -0.99999999 0.00000000
vn -0.00013460 -0.99999999 0.00000000
vn -0.00511836 -0.99998690 0.00000000
vn 0.00511836 0.99998690 0.00000000
vn 0.00511836 0.99998690 0.00000000
vn 0.00013460 0.99999999 0.00000000
vn 0.00013460 0.99999999 0.00000000
vn 0.00000000 0.00000000 -1.00000000
vn 0.00000000 0.00000000 -1.00000000
vn 0.00000000 0.00000000 -1.00000000
vn 0.00000000 0.00000000 -1.00000000
vn 0.00000000 0.00000000 1.00000000
vn 0.00000000 0.00000000 1.00000000
vn 0.00000000 0.00000000 1.00000000
vn 0.00000000 0.00000000 1.00000000
vn -1.00000000 0.00000000 0.00000000
vn -1.00000000 0.00000000 0.00000000
vn -1.00000000 0.00000000 0.00000000
vn -1.00000000 0.00000000 0.00000000
vn 0.00000000 0.00000000 -1.00000000
vn 0.00000000 0.00000000 -1.00000000
vn 0.00000000 0.00000000 -1.00000000
vn 0.00000000 0.00000000 -1.00000000
vn 0.00000000 0.00000000 1.00000000
vn 0.00000000 0.00000000 1.00000000
vn 0.00000000 0.00000000 1.00000000
vn 0.00000000 0.00000000 1.00000000
vn 0.99994760 0.01023658 0.00000000
vn 0.99994760 0.01023658 0.00000000
vn 0.99994760 0.01023658 0.00000000
vn 0.99994760 0.01023658 0.00000000
vn 0.00000000 0.00000000 -1.00000000
vn 0.00000000 0.00000000 -1.00000000
vn 0.00000000 0.00000000 -1.00000000
vn 0.00000000 0.00000000 -1.00000000
vn 0.00000000 0.00000000 1.00000000
vn 0.00000000 0.00000000 1.00000000
vn 0.00000000 0.00000000 1.00000000
vn 0.00000000 0.00000000 1.00000000
vn -1.00000000 0.00000000 0.00000000
vn -1.00000000 0.00000000 0.00000000
vn -1.00000000 0.00000000 0.00000000
vn -1.00000000 0.00000000 0.00000000
vn 0.99996760 0.00804935 0.00000000
vn 0.99996760 0.00804935 0.00000000
vn 0.99996760 0.00804935 0.00000000
vn 0.99996760 0.00804935 0.00000000
vn 0.00000000 0.00000000 -1.00000000
vn 0.00000000 0.00000000 -1.00000000
vn 0.00000000 0.00000000 -1.00000000
vn 0.00000000 0.00000000 -1.00000000
vn 0.00000000 0.00000000 1.00000000
vn 0.00000000 0.00000000 1.00000000
vn 0.00000000 0.00000000 1.00000000
vn 0.00000000 0.00000000 1.00000000
vn -1.00000000 0.00000000 0.00000000
vn -1.00000000 0.00000000 0.00000000
vn -1.00000000 0.00000000 0.00000000
vn -1.00000000 0.00000000 0.00000000
vn 0.99996760 0.00804935 0.00000000
vn 0.99996760 0.00804935 0.00000000
vn 0.99996760 0.00804935 0.00000000
vn 0.99996760 0.00804935 0.00000000
vn 0.00000000 0.00000000 -1.00000000
vn 0.00000000 0.00000000 -1.00000000
vn 0.00000000 0.00000000 -1.00000000
vn 0.00000000 0.00000000 -1.00000000
vn 0.00000000 0.00000000 1.00000000
vn 0.00000000 0.00000000 1.00000000
vn 0.00000000 0.00000000 1.00000000
vn 0.00000000 0.00000000 1.00000000
vn -1.00000000 0.00000000 0.00000000
vn -1.00000000 0.00000000 0.00000000
vn -1.00000000 0.00000000 0.00000000
vn -1.00000000 0.00000000 0.00000000
vn 0.99996760 0.00804935 0.00000000
vn 0.99996760 0.00804935 0.00000000
vn 0.99996760 0.00804935 0.00000000
vn 0.99996760 0.00804935 0.00000000
vn 0.00000000 0.00000000 -1.00000000
vn 0.00000000 0.00000000 -1.00000000
vn 0.00000000 0.00000000 -1.00000000
vn 0.00000000 0.00000000 -1.00000000
vn 0.00000000 0.00000000 1.00000000
vn 0.00000000 0.00000000 1.00000000
vn 0.00000000 0.00000000 1.00000000
vn 0.00000000 0.00000000 1.00000000
vn -0.99994931 -0.01006833 0.00000000
vn -0.99994931 -0.01006833 0.00000000
vn -0.99994931 -0.01006833 0.00000000
vn -0.99994931 -0.01006833 0.00000000
vn 0.99994760 0.01023658 0.00000000
vn 0.99994760 0.01023658 0.00000000
vn 0.99994760 0.01023658 0.00000000
vn 0.99994760 0.01023658 0.00000000
vn 0.00000000 0.00000000 -1.00000000
vn 0.00000000 0.00000000 -1.00000000
vn 0.00000000 0.00000000 -1.00000000
vn 0.00000000 0.00000000 -1.00000000
vn 0.00000000 0.00000000 1.00000000
vn 0.00000000 0.00000000 1.00000000
vn 0.00000000 0.00000000 1.00000000
vn 0.00000000 0.00000000 1.00000000
vn -0.99996760 -0.00804935 0.00000000
vn -0.99996760 -0.00804935 0.00000000
vn -0.99996760 -0.00804935 0.00000000
vn -0.99996760 -0.00804935 0.00000000
vn 0.99994931 0.01006833 0.00000000
vn 0.99994931 0.01006833 0.00000000
vn 0.99994931 0.01006833 0.00000000
vn 0.99994931 0.01006833 0.00000000
vn 0.00804935 -0.99996760 0.00000000
vn 0.01006833 -0.99994931 0.00000000
vn 0.01006833 -0.99994931 0.00000000
vn 0.00804935 -0.99996760 0.00000000
vn 0.00000000 0.00000000 -1.00000000
vn 0.00000000 0.00000000 -1.00000000
vn 0.00000000 0.00000000 -1.00000000
vn 0.00000000 0.00000000 -1.00000000
vn 0.00000000 0.00000000 1.00000000
vn 0.00000000 0.00000000 1.00000000
vn 0.00000000 0.00000000 1.00000000
vn 0.00000000 0.00000000 1.00000000
vn -0.99999999 -0.00013460 0.00000000
vn -0.99999999 -0.00013460 0.00000000
vn -0.99999999 -0.00013460 0.00000000
vn -0.99999999 -0.00013460 0.00000000
vn 0.00013460 -0.99999999 0.00000000
vn 0.00511836 -0.99998690 0.00000000
vn 0.00511836 -0.99998690 0.00000000
vn 0.00013460 -0.99999999 0.00000000
vn -0.00013460 0.99999999 0.00000000
vn -0.00013460 0.99999999 0.00000000
vn -0.00511836 0.99998690 0.00000000
vn -0.00511836 0.99998690 0.00000000
vn 0.00000000 0.00000000 -1.00000000
vn 0.00000000 0.00000000 -1.00000000
vn 0.00000000 0.00000000 -1.00000000
vn 0.00000000 0.00000000 -1.00000000
vn 0.00000000 0.00000000 1.00000000
vn 0.00000000 0.00000000 1.00000000
vn 0.00000000 0.00000000 1.00000000
vn 0.00000000 0.00000000 1.00000000
vn 0.99994897 0.01010198 0.00000000
vn 0.99994897 0.01010198 0.00000000
vn 0.99994897 0.01010198 0.00000000
vn 0.99994897 0.01010198 0.00000000
vn 0.00511836 -0.99998690 0.00000000
vn 0.01010198 -0.99994897 0.00000000
vn 0.01010198 -0.99994897 0.00000000
vn 0.00511836 -0.99998690 0.00000000
vn -0.00511836 0.99998690 0.00000000
vn -0.00511836 0.99998690 0.00000000
vn -0.01010198 0.99994897 0.00000000
vn -0.01010198 0.99994897 0.00000000
vn 0.00000000 0.00000000 -1.00000000
vn 0.00000000 0.00000000 -1.00000000
vn 0.00000000 0.00000000 -1.00000000
vn 0.00000000 0.00000000 -1.00000000
vn 0.00000000 0.00000000 1.00000000
vn 0.00000000 0.00000000 1.00000000
vn 0.00000000 0.00000000 1.00000000
vn 0.00000000 0.00000000 1.00000000
vn -0.99994760 -0.01023658 0.00000000
vn -0.99994760 -0.01023658 0.00000000
vn -0.99994760 -0.01023658 0.00000000
vn -0.99994760 -0.01023658 0.00000000
vn 0.00000000 0.00000000 -1.00000000
vn 0.00000000 0.00000000 -1.00000000
vn 0.00000000 0.00000000 -1.00000000
vn 0.00000000 0.00000000 -1.00000000
vn 0.00000000 0.00000000 1.00000000
vn 0.00000000 0.00000000 1.00000000
vn 0.00000000 0.00000000 1.00000000
vn 0.00000000 0.00000000 1.00000000
vn 0.99979042 0.02047209 0.00000000
vn 0.99979042 0.02047209 0.00000000
vn 0.99979042 0.02047209 0.00000000
vn 0.99979042 0.02047209 0.00000000
vn 0.00000000 0.00000000 -1.00000000
vn 0.00000000 0.00000000 -1.00000000
vn 0.00000000 0.00000000 -1.00000000
vn 0.00000000 0.00000000 -1.00000000
vn 0.00000000 0.00000000 1.00000000
vn 0.00000000 0.00000000 1.00000000
vn 0.00000000 0.00000000 1.00000000
vn 0.00000000 0.00000000 1.00000000
vn -0.99994760 -0.01023658 0.00000000
vn -0.99994760 -0.01023658 0.00000000
vn -0.99994760 -0.01023658 0.00000000
vn -0.99994760 -0.01023658 0.00000000
vn 0.99983281 0.01828518 0.00000000
vn 0.99983281 0.01828518 0.00000000
vn 0.99983281 0.01828518 0.00000000
vn 0.99983281 0.01828518 0.00000000
vn 0.00000000 0.00000000 -1.00000000
vn 0.00000000 0.00000000 -1.00000000
vn 0.00000000 0.00000000 -1.00000000
vn 0.00000000 0.00000000 -1.00000000
vn 0.00000000 0.00000000 1.00000000
vn 0.00000000 0.00000000 1.00000000
vn 0.00000000 0.00000000 1.00000000
vn 0.00000000 0.00000000 1.00000000
vn -0.99994760 -0.01023658 0.00000000
vn -0.99994760 -0.01023658 0.00000000
vn -0.99994760 -0.01023658 0.00000000
vn -0.99994760 -0.01023658 0.00000000
vn 0.99983281 0.01828518 0.00000000
vn 0.99983281 0.01828518 0.00000000
vn 0.99983281 0.01828518 0.00000000
vn 0.99983281 0.01828518 0.00000000
vn 0.00000000 0.00000000 -1.00000000
vn 0.00000000 0.00000000 -1.00000000
vn 0.00000000 0.00000000 -1.00000000
vn 0.00000000 0.00000000 -1.00000000
vn 0.00000000 0.00000000 1.00000000
vn 0.00000000 0.00000000 1.00000000
vn 0.00000000 0.00000000 1.00000000
vn 0.00000000 0.00000000 1.00000000
vn -0.99994760 -0.01023658 0.00000000
vn -0.99994760 -0.01023658 0.00000000
vn -0.99994760 -0.01023658 0.00000000
vn -0.99994760 -0.01023658 0.00000000
vn 0.99983281 0.01828518 0.00000000
vn 0.99983281 0.01828518 0.00000000
vn 0.99983281 0.01828518 0.00000000
vn 0.99983281 0.01828518 0.00000000
vn 0.00000000 0.00000000 -1.00000000
vn 0.00000000 0.00000000 -1.00000000
vn 0.00000000 0.00000000 -1.00000000
vn 0.00000000 0.00000000 -1.00000000
vn 0.00000000 0.00000000 1.00000000
vn 0.00000000 0.00000000 1.00000000
vn 0.00000000 0.00000000 1.00000000
vn 0.00000000 0.00000000 1.00000000
vn -0.99979386 -0.02030387 0.00000000
vn -0.99979386 -0.02030387 0.00000000
vn -0.99979386 -0.02030387 0.00000000
vn -0.99979386 -0.02030387 0.00000000
vn 0.99979042 0.02047209 0.00000000
vn 0.99979042 0.02047209 0.00000000
vn 0.99979042 0.02047209 0.00000000
vn 0.99979042 0.02047209 0.00000000
vn 0.00000000 0.00000000 -1.00000000
vn 0.00000000 0.00000000 -1.00000000
vn 0.00000000 0.00000000 -1.00000000
vn 0.00000000 0.00000000 -1.00000000
vn 0.00000000 0.00000000 1.00000000
vn 0.00000000 0.00000000 1.00000000
vn 0.00000000 0.00000000 1.00000000
vn 0.00000000 0.00000000 1.00000000
vn -0.99983281 -0.01828518 0.00000000
vn -0.99983281 -0.01828518 0.00000000
vn -0.99983281 -0.01828518 0.00000000
vn -0.99983281 -0.01828518 0.00000000
vn 0.99979386 0.02030387 0.00000000
vn 0.99979386 0.02030387 0.00000000
vn 0.99979386 0.02030387 0.00000000
vn 0.99979386 0.02030387 0.00000000
vn 0.01828518 -0.99983281 0.00000000
vn 0.02030387 -0.99979386 0.00000000
vn 0.02030387 -0.99979386 0.00000000
vn 0.01828518 -0.99983281 0.00000000
vn 0.00000000 0.00000000 -1.00000000
vn 0.00000000 0.00000000 -1.00000000
vn 0.00000000 0.00000000 -1.00000000
vn 0.00000000 0.00000000 -1.00000000
vn 0.00000000 0.00000000 1.00000000
vn 0.00000000 0.00000000 1.00000000
vn 0.00000000 0.00000000 1.00000000
vn 0.00000000 0.00000000 1.00000000
vn -0.99994622 -0.01037118 0.00000000
vn -0.99994622 -0.01037118 0.00000000
vn -0.99994622 -0.01037118 0.00000000
vn -0.99994622 -0.01037118 0.00000000
vn 0.01037118 -0.99994622 0.00000000
vn 0.01535454 -0.99988211 0.00000000
vn 0.01535454 -0.99988211 0.00000000
vn 0.01037118 -0.99994622 0.00000000
vn -0.01037118 0.99994622 0.00000000
vn -0.01037118 0.99994622 0.00000000
vn -0.01535454 0.99988211 0.00000000
vn -0.01535454 0.99988211 0.00000000
vn 0.00000000 0.00000000 -1.00000000
vn 0.00000000 0.00000000 -1.00000000
vn 0.00000000 0.00000000 -1.00000000
vn 0.00000000 0.00000000 -1.00000000
vn 0.00000000 0.00000000 1.00000000
vn 0.00000000 0.00000000 1.00000000
vn 0.00000000 0.00000000 1.00000000
vn 0.00000000 0.00000000 1.00000000
vn 0.99979317 0.02033751 0.00000000
vn 0.99979317 0.02033751 0.00000000
vn 0.99979317 0.02033751 0.00000000
vn 0.99979317 0.02033751 0.00000000
vn 0.01535454 -0.99988211 0.00000000
vn 0.02033751 -0.99979317 0.00000000
vn 0.02033751 -0.99979317 0.00000000
vn 0.01535454 -0.99988211 0.00000000
vn -0.01535454 0.99988211 0.00000000
vn -0.01535454 0.99988211 0.00000000
vn -0.02033751 0.99979317 0.00000000
vn -0.02033751 0.99979317 0.00000000
vn 0.00000000 0.00000000 -1.00000000
vn 0.00000000 0.00000000 -1.00000000
vn 0.00000000 0.00000000 -1.00000000
vn 0.00000000 0.00000000 -1.00000000
vn 0.00000000 0.00000000 1.00000000
vn 0.00000000 0.00000000 1.00000000
vn 0.00000000 0.00000000 1.00000000
vn 0.00000000 0.00000000 1.00000000
vn -0.99979042 -0.02047209 0.00000000
vn -0.99979042 -0.02047209 0.00000000
vn -0.99979042 -0.02047209 0.00000000
vn -0.99979042 -0.02047209 0.00000000
vn 0.00000000 0.00000000 -1.00000000
vn 0.00000000 0.00000000 -1.00000000
vn 0.00000000 0.00000000 -1.00000000
vn 0.00000000 0.00000000 -1.00000000
vn 0.00000000 0.00000000 1.00000000
vn 0.00000000 0.00000000 1.00000000
vn 0.00000000 0.00000000 1.00000000
vn 0.00000000 0.00000000 1.00000000
vn 0.99952848 0.03070545 0.00000000
vn 0.99952848 0.03070545 0.00000000
vn 0.99952848 0.03070545 0.00000000
vn 0.99952848 0.03070545 0.00000000
vn 0.00000000 0.00000000 -1.00000000
vn 0.00000000 0.00000000 -1.00000000
vn 0.00000000 0.00000000 -1.00000000
vn 0.00000000 0.00000000 -1.00000000
vn 0.00000000 0.00000000 1.00000000
vn 0.00000000 0.00000000 1.00000000
vn 0.00000000 0.00000000 1.00000000
vn 0.00000000 0.00000000 1.00000000
vn -0.99979042 -0.02047209 0.00000000
vn -0.99979042 -0.02047209 0.00000000
vn -0.99979042 -0.02047209 0.00000000
vn -0.99979042 -0.02047209 0.00000000
vn 0.99959325 0.02851909 0.00000000
vn 0.99959325 0.02851909 0.00000000
vn 0.99959325 0.02851909 0.00000000
vn 0.99959325 0.02851909 0.00000000
vn 0.00000000 0.00000000 -1.00000000
vn 0.00000000 0.00000000 -1.00000000
vn 0.00000000 0.00000000 -1.00000000
vn 0.00000000 0.00000000 -1.00000000
vn 0.00000000 0.00000000 1.00000000
vn 0.00000000 0.00000000 1.00000000
vn 0.00000000 0.00000000 1.00000000
vn 0.00000000 0.00000000 1.00000000
vn -0.99979042 -0.02047209 0.00000000
vn -0.99979042 -0.02047209 0.00000000
vn -0.99979042 -0.02047209 0.00000000
vn -0.99979042 -0.02047209 0.00000000
vn 0.99959325 0.02851909 0.00000000
vn 0.99959325 0.02851909 0.00000000
vn 0.99959325 0.02851909 0.00000000
vn 0.99959325 0.02851909 0.00000000
vn 0.00000000 0.00000000 -1.00000000
vn 0.00000000 0.00000000 -1.00000000
vn 0.00000000 0.00000000 -1.00000000
vn 0.00000000 0.00000000 -1.00000000
vn 0.00000000 0.00000000 1.00000000
vn 0.00000000 0.00000000 1.00000000
vn 0.00000000 0.00000000 1.00000000
vn 0.00000000 0.00000000 1.00000000
vn -0.99979042 -0.02047209 0.00000000
vn -0.99979042 -0.02047209 0.00000000
vn -0.99979042 -0.02047209 0.00000000
vn -0.99979042 -0.02047209 0.00000000
vn 0.99959325 0.02851909 0.00000000
vn 0.99959325 0.02851909 0.00000000
vn 0.99959325 0.02851909 0.00000000
vn 0.99959325 0.02851909 0.00000000
vn 0.00000000 0.00000000 -1.00000000
vn 0.00000000 0.00000000 -1.00000000
vn 0.00000000 0.00000000 -1.00000000
vn 0.00000000 0.00000000 -1.00000000
vn 0.00000000 0.00000000 1.00000000
vn 0.00000000 0.00000000 1.00000000
vn 0.00000000 0.00000000 1.00000000
vn 0.00000000 0.00000000 1.00000000
vn -0.99953363 -0.03053728 0.00000000
vn -0.99953363 -0.03053728 0.00000000
vn -0.99953363 -0.03053728 0.00000000
vn -0.99953363 -0.03053728 0.00000000
vn 0.99952848 0.03070545 0.00000000
vn 0.99952848 0.03070545 0.00000000
vn 0.99952848 0.03070545 0.00000000
vn 0.99952848 0.03070545 0.00000000
vn 0.00000000 0.00000000 -1.00000000
vn 0.00000000 0.00000000 -1.00000000
vn 0.00000000 0.00000000 -1.00000000
vn 0.00000000 0.00000000 -1.00000000
vn 0.00000000 0.00000000 1.00000000
vn 0.00000000 0.00000000 1.00000000
vn 0.00000000 0.00000000 1.00000000
vn 0.00000000 0.00000000 1.00000000
vn -0.99959325 -0.02851909 0.00000000
vn -0.99959325 -0.02851909 0.00000000
vn -0.99959325 -0.02851909 0.00000000
vn -0.99959325 -0.02851909 0.00000000
vn 0.99953363 0.03053728 0.00000000
vn 0.99953363 0.03053728 0.00000000
vn 0.99953363 0.03053728 0.00000000
vn 0.99953363 0.03053728 0.00000000
vn 0.02851909 -0.99959325 0.00000000
vn 0.03053728 -0.99953363 0.00000000
vn 0.03053728 -0.99953363 0.00000000
vn 0.02851909 -0.99959325 0.00000000
vn 0.00000000 0.00000000 -1.00000000
vn 0.00000000 0.00000000 -1.00000000
vn 0.00000000 0.00000000 -1.00000000
vn 0.00000000 0.00000000 -1.00000000
vn 0.00000000 0.00000000 1.00000000
vn 0.00000000 0.00000000 1.00000000
vn 0.00000000 0.00000000 1.00000000
vn 0.00000000 0.00000000 1.00000000
vn -0.99978766 -0.02060667 0.00000000
vn -0.99978766 -0.02060667 0.00000000
vn -0.99978766 -0.02060667 0.00000000
vn -0.99978766 -0.02060667 0.00000000
vn 0.02060667 -0.99978766 0.00000000
vn 0.02558911 -0.99967255 0.00000000
vn 0.02558911 -0.99967255 0.00000000
vn 0.02060667 -0.99978766 0.00000000
vn -0.02060667 0.99978766 0.00000000
vn -0.02060667 0.99978766 0.00000000
vn -0.02558911 0.99967255 0.00000000
vn -0.02558911 0.99967255 0.00000000
vn 0.00000000 0.00000000 -1.00000000
vn 0.00000000 0.00000000 -1.00000000
vn 0.00000000 0.00000000 -1.00000000
vn 0.00000000 0.00000000 -1.00000000
vn 0.00000000 0.00000000 1.00000000
vn 0.00000000 0.00000000 1.00000000
vn 0.00000000 0.00000000 1.00000000
vn 0.00000000 0.00000000 1.00000000
vn 0.99953260 0.03057091 0.00000000
vn 0.99953260 0.03057091 0.00000000
vn 0.99953260 0.03057091 0.00000000
vn 0.99953260 0.03057091 0.00000000
vn 0.02558911 -0.99967255 0.00000000
vn 0.03057091 -0.99953260 0.00000000
vn 0.03057091 -0.99953260 0.00000000
vn 0.02558911 -0.99967255 0.00000000
vn -0.02558911 0.99967255 0.00000000
vn -0.02558911 0.99967255 0.00000000
vn -0.03057091 0.99953260 0.00000000
vn -0.03057091 0.99953260 0.00000000
vn 0.00000000 0.00000000 -1.00000000
vn 0.00000000 0.00000000 -1.00000000
vn 0.00000000 0.00000000 -1.00000000
vn 0.00000000 0.00000000 -1.00000000
vn 0.00000000 0.00000000 1.00000000
vn 0.00000000 0.00000000 1.00000000
vn 0.00000000 0.00000000 1.00000000
vn 0.00000000 0.00000000 1.00000000
vn -0.99952848 -0.03070545 0.00000000
vn -0.99952848 -0.03070545 0.00000000
vn -0.99952848 -0.03070545 0.00000000
vn -0.99952848 -0.03070545 0.00000000
vn 0.00000000 0.00000000 -1.00000000
vn 0.00000000 0.00000000 -1.00000000
vn 0.00000000 0.00000000 -1.00000000
vn 0.00000000 0.00000000 -1.00000000
vn 0.00000000 0.00000000 1.00000000
vn 0.00000000 0.00000000 1.00000000
vn 0.00000000 0.00000000 1.00000000
vn 0.00000000 0.00000000 1.00000000
vn 0.99916179 0.04093560 0.00000000
vn 0.99916179 0.04093560 0.00000000
vn 0.99916179 0.04093560 0.00000000
vn 0.99916179 0.04093560 0.00000000
vn 0.00000000 0.00000000 -1.00000000
vn 0.00000000 0.00000000 -1.00000000
vn 0.00000000 0.00000000 -1.00000000
vn 0.00000000 0.00000000 -1.00000000
vn 0.00000000 0.00000000 1.00000000
vn 0.00000000 0.00000000 1.00000000
vn 0.00000000 0.00000000 1.00000000
vn 0.00000000 0.00000000 1.00000000
vn -0.99952848 -0.03070545 0.00000000
vn -0.99952848 -0.03070545 0.00000000
vn -0.99952848 -0.03070545 0.00000000
vn -0.99952848 -0.03070545 0.00000000
vn 0.99924894 0.03875001 0.00000000
vn 0.99924894 0.03875001 0.00000000
vn 0.99924894 0.03875001 0.00000000
vn 0.99924894 0.03875001 0.00000000
vn 0.00000000 0.00000000 -1.00000000
vn 0.00000000 0.00000000 -1.00000000
vn 0.00000000 0.00000000 -1.00000000
vn 0.00000000 0.00000000 -1.00000000
vn 0.00000000 0.00000000 1.00000000
vn 0.00000000 0.00000000 1.00000000
vn 0.00000000 0.00000000 1.00000000
vn 0.00000000 0.00000000 1.00000000
vn -0.99952848 -0.03070545 0.00000000
vn -0.99952848 -0.03070545 0.00000000
vn -0.99952848 -0.03070545 0.00000000
vn -0.99952848 -0.03070545 0.00000000
vn 0.99924894 0.03875001 0.00000000
vn 0.99924894 0.03875001 0.00000000
vn 0.99924894 0.03875001 0.00000000
vn 0.99924894 0.03875001 0.00000000
vn 0.00000000 0.00000000 -1.00000000
vn 0.00000000 0.00000000 -1.00000000
vn 0.00000000 0.00000000 -1.00000000
vn 0.00000000 0.00000000 -1.00000000
vn 0.00000000 0.00000000 1.00000000
vn 0.00000000 0.00000000 1.00000000
vn 0.00000000 0.00000000 1.00000000
vn 0.00000000 0.00000000 1.00000000
vn -0.99952848 -0.03070545 0.00000000
vn -0.99952848 -0.03070545 0.00000000
vn -0.99952848 -0.03070545 0.00000000
vn -0.99952848 -0.03070545 0.00000000
vn 0.99924894 0.03875001 0.00000000
vn 0.99924894 0.03875001 0.00000000
vn 0.99924894 0.03875001 0.00000000
vn 0.99924894 0.03875001 0.00000000
vn 0.00000000 0.00000000 -1.00000000
vn 0.00000000 0.00000000 -1.00000000
vn 0.00000000 0.00000000 -1.00000000
vn 0.00000000 0.00000000 -1.00000000
vn 0.00000000 0.00000000 1.00000000
vn 0.00000000 0.00000000 1.00000000
vn 0.00000000 0.00000000 1.00000000
vn 0.00000000 0.00000000 1.00000000
vn -0.99916866 -0.04076748 0.00000000
vn -0.99916866 -0.04076748 0.00000000
vn -0.99916866 -0.04076748 0.00000000
vn -0.99916866 -0.04076748 0.00000000
vn 0.99916179 0.04093560 0.00000000
vn 0.99916179 0.04093560 0.00000000
vn 0.99916179 0.04093560 0.00000000
vn 0.99916179 0.04093560 0.00000000
vn 0.00000000 0.00000000 -1.00000000
vn 0.00000000 0.00000000 -1.00000000
vn 0.00000000 0.00000000 -1.00000000
vn 0.00000000 0.00000000 -1.00000000
vn 0.00000000 0.00000000 1.00000000
vn 0.00000000 0.00000000 1.00000000
vn 0.00000000 0.00000000 1.00000000
vn 0.00000000 0.00000000 1.00000000
vn -0.99924894 -0.03875001 0.00000000
vn -0.99924894 -0.03875001 0.00000000
vn -0.99924894 -0.03875001 0.00000000
vn -0.99924894 -0.03875001 0.00000000
vn 0.99916866 0.04076748 0.00000000
vn 0.99916866 0.04076748 0.00000000
vn 0.99916866 0.04076748 0.00000000
vn 0.99916866 0.04076748 0.00000000
vn 0.03875001 -0.99924894 0.00000000
vn 0.04076748 -0.99916866 0.00000000
vn 0.04076748 -0.99916866 0.00000000
vn 0.03875001 -0.99924894 0.00000000
vn 0.00000000 0.00000000 -1.00000000
vn 0.00000000 0.00000000 -1.00000000
vn 0.00000000 0.00000000 -1.00000000
vn 0.00000000 0.00000000 -1.00000000
vn 0.00000000 0.00000000 1.00000000
vn 0.00000000 0.00000000 1.00000000
vn 0.00000000 0.00000000 1.00000000
vn 0.00000000 0.00000000 1.00000000
vn -0.99952433 -0.03083999 0.00000000
vn -0.99952433 -0.03083999 0.00000000
vn -0.99952433 -0.03083999 0.00000000
vn -0.99952433 -0.03083999 0.00000000
vn 0.03083999 -0.99952433 0.00000000
vn 0.03582099 -0.99935822 0.00000000
vn 0.03582099 -0.99935822 0.00000000
vn 0.03083999 -0.99952433 0.00000000
vn -0.03083999 0.99952433 0.00000000
vn -0.03083999 0.99952433 0.00000000
vn -0.03582099 0.99935822 0.00000000
vn -0.03582099 0.99935822 0.00000000
vn 0.00000000 0.00000000 -1.00000000
vn 0.00000000 0.00000000 -1.00000000
vn 0.00000000 0.00000000 -1.00000000
vn 0.00000000 0.00000000 -1.00000000
vn 0.00000000 0.00000000 1.00000000
vn 0.00000000 0.00000000 1.00000000
vn 0.00000000 0.00000000 1.00000000
vn 0.00000000 0.00000000 1.00000000
vn 0.99916729 0.04080111 0.00000000
vn 0.99916729 0.04080111 0.00000000
vn 0.99916729 0.04080111 0.00000000
vn 0.99916729 0.04080111 0.00000000
vn 0.03582099 -0.99935822 0.00000000
vn 0.04080111 -0.99916729 0.00000000
vn 0.04080111 -0.99916729 0.00000000
vn 0.03582099 -0.99935822 0.00000000
vn -0.03582099 0.99935822 0.00000000
vn -0.03582099 0.99935822 0.00000000
vn -0.04080111 0.99916729 0.00000000
vn -0.04080111 0.99916729 0.00000000
vn 0.00000000 0.00000000 -1.00000000
vn 0.00000000 0.00000000 -1.00000000
vn 0.00000000 0.00000000 -1.00000000
vn 0.00000000 0.00000000 -1.00000000
vn 0.00000000 0.00000000 1.00000000
vn 0.00000000 0.00000000 1.00000000
vn 0.00000000 0.00000000 1.00000000
vn 0.00000000 0.00000000 1.00000000
vn -0.99916179 -0.04093560 0.00000000
vn -0.99916179 -0.04093560 0.00000000
vn -0.99916179 -0.04093560 0.00000000
vn -0.99916179 -0.04093560 0.00000000
vn 0.00000000 0.00000000 -1.00000000
vn 0.00000000 0.00000000 -1.00000000
vn 0.00000000 0.00000000 -1.00000000
vn 0.00000000 0.00000000 -1.00000000
vn 0.00000000 0.00000000 1.00000000
vn 0.00000000 0.00000000 1.00000000
vn 0.00000000 0.00000000 1.00000000
vn 0.00000000 0.00000000 1.00000000
vn 0.99869040 0.05116145 0.00000000
vn 0.99869040 0.05116145 0.00000000
vn 0.99869040 0.05116145 0.00000000
vn 0.99869040 0.05116145 0.00000000
vn 0.00000000 0.00000000 -1.00000000
vn 0.00000000 0.00000000 -1.00000000
vn 0.00000000 0.00000000 -1.00000000
vn 0.00000000 0.00000000 -1.00000000
vn 0.00000000 0.00000000 1.00000000
vn 0.00000000 0.00000000 1.00000000
vn 0.00000000 0.00000000 1.00000000
vn 0.00000000 0.00000000 1.00000000
vn -0.99916179 -0.04093560 0.00000000
vn -0.99916179 -0.04093560 0.00000000
vn -0.99916179 -0.04093560 0.00000000
vn -0.99916179 -0.04093560 0.00000000
vn 0.99879991 0.04897687 0.00000000
vn 0.99879991 0.04897687 0.00000000
vn 0.99879991 0.04897687 0.00000000
vn 0.99879991 0.04897687 0.00000000
vn 0.00000000 0.00000000 -1.00000000
vn 0.00000000 0.00000000 -1.00000000
vn 0.00000000 0.00000000 -1.00000000
vn 0.00000000 0.00000000 -1.00000000
vn 0.00000000 0.00000000 1.00000000
vn 0.00000000 0.00000000 1.00000000
vn 0.00000000 0.00000000 1.00000000
vn 0.00000000 0.00000000 1.00000000
vn -0.99916179 -0.04093560 0.00000000
vn -0.99916179 -0.04093560 0.00000000
vn -0.99916179 -0.04093560 0.00000000
vn -0.99916179 -0.04093560 0.00000000
vn 0.99879991 0.04897687 0.00000000
vn 0.99879991 0.04897687 0.00000000
vn 0.99879991 0.04897687 0.00000000
vn 0.99879991 0.04897687 0.00000000
vn 0.00000000 0.00000000 -1.00000000
vn 0.00000000 0.00000000 -1.00000000
vn 0.00000000 0.00000000 -1.00000000
vn 0.00000000 0.00000000 -1.00000000
vn 0.00000000 0.00000000 1.00000000
vn 0.00000000 0.00000000 1.00000000
vn 0.00000000 0.00000000 1.00000000
vn 0.00000000 0.00000000 1.00000000
vn -0.99916179 -0.04093560 0.00000000
vn -0.99916179 -0.04093560 0.00000000
vn -0.99916179 -0.04093560 0.00000000
vn -0.99916179 -0.04093560 0.00000000
vn 0.99879991 0.04897687 0.00000000
vn 0.99879991 0.04897687 0.00000000
vn 0.99879991 0.04897687 0.00000000
vn 0.99879991 0.04897687 0.00000000
vn 0.00000000 0.00000000 -1.00000000
vn 0.00000000 0.00000000 -1.00000000
vn 0.00000000 0.00000000 -1.00000000
vn 0.00000000 0.00000000 -1.00000000
vn 0.00000000 0.00000000 1.00000000
vn 0.00000000 0.00000000 1.00000000
vn 0.00000000 0.00000000 1.00000000
vn 0.00000000 0.00000000 1.00000000
vn -0.99869899 -0.05099342 0.00000000
vn -0.99869899 -0.05099342 0.00000000
vn -0.99869899 -0.05099342 0.00000000
vn -0.99869899 -0.05099342 0.00000000
vn 0.99869040 0.05116145 0.00000000
vn 0.99869040 0.05116145 0.00000000
vn 0.99869040 0.05116145 0.00000000
vn 0.99869040 0.05116145 0.00000000
vn 0.00000000 0.00000000 -1.00000000
vn 0.00000000 0.00000000 -1.00000000
vn 0.00000000 0.00000000 -1.00000000
vn 0.00000000 0.00000000 -1.00000000
vn 0.00000000 0.00000000 1.00000000
vn 0.00000000 0.00000000 1.00000000
vn 0.00000000 0.00000000 1.00000000
vn 0.00000000 0.00000000 1.00000000
vn -0.99879991 -0.04897687 0.00000000
vn -0.99879991 -0.04897687 0.00000000
vn -0.99879991 -0.04897687 0.00000000
vn -0.99879991 -0.04897687 0.00000000
vn 0.99869899 0.05099342 0.00000000
vn 0.99869899 0.05099342 0.00000000
vn 0.99869899 0.05099342 0.00000000
vn 0.99869899 0.05099342 0.00000000
vn 0.04897687 -0.99879991 0.00000000
vn 0.05099342 -0.99869899 0.00000000
vn 0.05099342 -0.99869899 0.00000000
vn 0.04897687 -0.99879991 0.00000000
vn 0.00000000 0.00000000 -1.00000000
vn 0.00000000 0.00000000 -1.00000000
vn 0.00000000 0.00000000 -1.00000000
vn 0.00000000 0.00000000 -1.00000000
vn 0.00000000 0.00000000 1.00000000
vn 0.00000000 0.00000000 1.00000000
vn 0.00000000 0.00000000 1.00000000
vn 0.00000000 0.00000000 1.00000000
vn -0.99915627 -0.04107009 0.00000000
vn -0.99915627 -0.04107009 0.00000000
vn -0.99915627 -0.04107009 0.00000000
vn -0.99915627 -0.04107009 0.00000000
vn 0.04107009 -0.99915627 0.00000000
vn 0.04604913 -0.99893918 0.00000000
vn 0.04604913 -0.99893918 0.00000000
vn 0.04107009 -0.99915627 0.00000000
vn -0.04107009 0.99915627 0.00000000
vn -0.04107009 0.99915627 0.00000000
vn -0.04604913 0.99893918 0.00000000
vn -0.04604913 0.99893918 0.00000000
vn 0.00000000 0.00000000 -1.00000000
vn 0.00000000 0.00000000 -1.00000000
vn 0.00000000 0.00000000 -1.00000000
vn 0.00000000 0.00000000 -1.00000000
vn 0.00000000 0.00000000 1.00000000
vn 0.00000000 0.00000000 1.00000000
vn 0.00000000 0.00000000 1.00000000
vn 0.00000000 0.00000000 1.00000000
vn 0.99869727 0.05102703 0.00000000
vn 0.99869727 0.05102703 0.00000000
vn 0.99869727 0.05102703 0.00000000
vn 0.99869727 0.05102703 0.00000000
vn 0.04604913 -0.99893918 0.00000000
vn 0.05102703 -0.99869727 0.00000000
vn 0.05102703 -0.99869727 0.00000000
vn 0.04604913 -0.99893918 0.00000000
vn -0.04604913 0.99893918 0.00000000
vn -0.04604913 0.99893918 0.00000000
vn -0.05102703 0.99869727 0.00000000
vn -0.05102703 0.99869727 0.00000000
vn 0.00000000 0.00000000 -1.00000000
vn 0.00000000 0.00000000 -1.00000000
vn 0.00000000 0.00000000 -1.00000000
vn 0.00000000 0.00000000 -1.00000000
vn 0.00000000 0.00000000 1.00000000
vn 0.00000000 0.00000000 1.00000000
vn 0.00000000 0.00000000 1.00000000
vn 0.00000000 0.00000000 1.00000000
vn -0.99869040 -0.05116145 0.00000000
vn -0.99869040 -0.05116145 0.00000000
vn -0.99869040 -0.05116145 0.00000000
vn -0.99869040 -0.05116145 0.00000000
vn 0.00000000 0.00000000 -1.00000000
vn 0.00000000 0.00000000 -1.00000000
vn 0.00000000 0.00000000 -1.00000000
vn 0.00000000 0.00000000 -1.00000000
vn 0.00000000 0.00000000 1.00000000
vn 0.00000000 0.00000000 1.00000000
vn 0.00000000 0.00000000 1.00000000
vn 0.00000000 0.00000000 1.00000000
vn 0.99811435 0.06138195 0.00000000
vn 0.99811435 0.06138195 0.00000000
vn 0.99811435 0.06138195 0.00000000
vn 0.99811435 0.06138195 0.00000000
vn 0.00000000 0.00000000 -1.00000000
vn 0.00000000 0.00000000 -1.00000000
vn 0.00000000 0.00000000 -1.00000000
vn 0.00000000 0.00000000 -1.00000000
vn 0.00000000 0.00000000 1.00000000
vn 0.00000000 0.00000000 1.00000000
vn 0.00000000 0.00000000 1.00000000
vn 0.00000000 0.00000000 1.00000000
vn -0.99869040 -0.05116145 0.00000000
vn -0.99869040 -0.05116145 0.00000000
vn -0.99869040 -0.05116145 0.00000000
vn -0.99869040 -0.05116145 0.00000000
vn 0.99824622 0.05919860 0.00000000
vn 0.99824622 0.05919860 0.00000000
vn 0.99824622 0.05919860 0.00000000
vn 0.99824622 0.05919860 0.00000000
vn 0.00000000 0.00000000 -1.00000000
vn 0.00000000 0.00000000 -1.00000000
vn 0.00000000 0.00000000 -1.00000000
vn 0.00000000 0.00000000 -1.00000000
vn 0.00000000 0.00000000 1.00000000
vn 0.00000000 0.00000000 1.00000000
vn 0.00000000 0.00000000 1.00000000
vn 0.00000000 0.00000000 1.00000000
vn -0.99869040 -0.05116145 0.00000000
vn -0.99869040 -0.05116145 0.00000000
vn -0.99869040 -0.05116145 0.00000000
vn -0.99869040 -0.05116145 0.00000000
vn 0.99824622 0.05919860 0.00000000
vn 0.99824622 0.05919860 0.00000000
vn 0.99824622 0.05919860 0.00000000
vn 0.99824622 0.05919860 0.00000000
vn 0.00000000 0.00000000 -1.00000000
vn 0.00000000 0.00000000 -1.00000000
vn 0.00000000 0.00000000 -1.00000000
vn 0.00000000 0.00000000 -1.00000000
vn 0.00000000 0.00000000 1.00000000
vn 0.00000000 0.00000000 1.00000000
vn 0.00000000 0.00000000 1.00000000
vn 0.00000000 0.00000000 1.00000000
vn -0.99869040 -0.05116145 0.00000000
vn -0.99869040 -0.05116145 0.00000000
vn -0.99869040 -0.05116145 0.00000000
vn -0.99869040 -0.05116145 0.00000000
vn 0.99824622 0.05919860 0.00000000
vn 0.99824622 0.05919860 0.00000000
vn 0.99824622 0.05919860 0.00000000
vn 0.99824622 0.05919860 0.00000000
vn 0.00000000 0.00000000 -1.00000000
vn 0.00000000 0.00000000 -1.00000000
vn 0.00000000 0.00000000 -1.00000000
vn 0.00000000 0.00000000 -1.00000000
vn 0.00000000 0.00000000 1.00000000
vn 0.00000000 0.00000000 1.00000000
vn 0.00000000 0.00000000 1.00000000
vn 0.00000000 0.00000000 1.00000000
vn -0.99812466 -0.06121401 0.00000000
vn -0.99812466 -0.06121401 0.00000000
vn -0.99812466 -0.06121401 0.00000000
vn -0.99812466 -0.06121401 0.00000000
vn 0.99811435 0.06138195 0.00000000
vn 0.99811435 0.06138195 0.00000000
vn 0.99811435 0.06138195 0.00000000
vn 0.99811435 0.06138195 0.00000000
vn 0.00000000 0.00000000 -1.00000000
vn 0.00000000 0.00000000 -1.00000000
vn 0.00000000 0.00000000 -1.00000000
vn 0.00000000 0.00000000 -1.00000000
vn 0.00000000 0.00000000 1.00000000
vn 0.00000000 0.00000000 1.00000000
vn 0.00000000 0.00000000 1.00000000
vn 0.00000000 0.00000000 1.00000000
vn -0.99824622 -0.05919860 0.00000000
vn -0.99824622 -0.05919860 0.00000000
vn -0.99824622 -0.05919860 0.00000000
vn -0.99824622 -0.05919860 0.00000000
vn 0.99812466 0.06121401 0.00000000
vn 0.99812466 0.06121401 0.00000000
vn 0.99812466 0.06121401 0.00000000
vn 0.99812466 0.06121401 0.00000000
vn 0.05919860 -0.99824622 0.00000000
vn 0.06121401 -0.99812466 0.00000000
vn 0.06121401 -0.99812466 0.00000000
vn 0.05919860 -0.99824622 0.00000000
vn 0.00000000 0.00000000 -1.00000000
vn 0.00000000 0.00000000 -1.00000000
vn 0.00000000 0.00000000 -1.00000000
vn 0.00000000 0.00000000 -1.00000000
vn 0.00000000 0.00000000 1.00000000
vn 0.00000000 0.00000000 1.00000000
vn 0.00000000 0.00000000 1.00000000
vn 0.00000000 0.00000000 1.00000000
vn -0.99868350 -0.05129588 0.00000000
vn -0.99868350 -0.05129588 0.00000000
vn -0.99868350 -0.05129588 0.00000000
vn -0.99868350 -0.05129588 0.00000000
vn 0.05129588 -0.99868350 0.00000000
vn 0.05627244 -0.99841545 0.00000000
vn 0.05627244 -0.99841545 0.00000000
vn 0.05129588 -0.99868350 0.00000000
vn -0.05129588 0.99868350 0.00000000
vn -0.05129588 0.99868350 0.00000000
vn -0.05627244 0.99841545 0.00000000
vn -0.05627244 0.99841545 0.00000000
vn 0.00000000 0.00000000 -1.00000000
vn 0.00000000 0.00000000 -1.00000000
vn 0.00000000 0.00000000 -1.00000000
vn 0.00000000 0.00000000 -1.00000000
vn 0.00000000 0.00000000 1.00000000
vn 0.00000000 0.00000000 1.00000000
vn 0.00000000 0.00000000 1.00000000
vn 0.00000000 0.00000000 1.00000000
vn 0.99812260 0.06124760 0.00000000
vn 0.99812260 0.06124760 0.00000000
vn 0.99812260 0.06124760 0.00000000
vn 0.99812260 0.06124760 0.00000000
vn 0.05627244 -0.99841545 0.00000000
vn 0.06124760 -0.99812260 0.00000000
vn 0.06124760 -0.99812260 0.00000000
vn 0.05627244 -0.99841545 0.00000000
vn -0.05627244 0.99841545 0.00000000
vn -0.05627244 0.99841545 0.00000000
vn -0.06124760 0.99812260 0.00000000
vn -0.06124760 0.99812260 0.00000000
vn 0.00000000 0.00000000 -1.00000000
vn 0.00000000 0.00000000 -1.00000000
vn 0.00000000 0.00000000 -1.00000000
vn 0.00000000 0.00000000 -1.00000000
vn 0.00000000 0.00000000 1.00000000
vn 0.00000000 0.00000000 1.00000000
vn 0.00000000 0.00000000 1.00000000
vn 0.00000000 0.00000000 1.00000000
vn -0.99811435 -0.06138195 0.00000000
vn -0.99811435 -0.06138195 0.00000000
vn -0.99811435 -0.06138195 0.00000000
vn -0.99811435 -0.06138195 0.00000000
vn 0.00000000 0.00000000 -1.00000000
vn 0.00000000 0.00000000 -1.00000000
vn 0.00000000 0.00000000 -1.00000000
vn 0.00000000 0.00000000 -1.00000000
vn 0.00000000 0.00000000 1.00000000
vn 0.00000000 0.00000000 1.00000000
vn 0.00000000 0.00000000 1.00000000
vn 0.00000000 0.00000000 1.00000000
vn 0.99743371 0.07159601 0.00000000
vn 0.99743371 0.07159601 0.00000000
vn 0.99743371 0.07159601 0.00000000
vn 0.99743371 0.07159601 0.00000000
vn 0.00000000 0.00000000 -1.00000000
vn 0.00000000 0.00000000 -1.00000000
vn 0.00000000 0.00000000 -1.00000000
vn 0.00000000 0.00000000 -1.00000000
vn 0.00000000 0.00000000 1.00000000
vn 0.00000000 0.00000000 1.00000000
vn 0.00000000 0.00000000 1.00000000
vn 0.00000000 0.00000000 1.00000000
vn -0.99811435 -0.06138195 0.00000000
vn -0.99811435 -0.06138195 0.00000000
vn -0.99811435 -0.06138195 0.00000000
vn -0.99811435 -0.06138195 0.00000000
vn 0.99758793 0.06941413 0.00000000
vn 0.99758793 0.06941413 0.00000000
vn 0.99758793 0.06941413 0.00000000
vn 0.99758793 0.06941413 0.00000000
vn 0.00000000 0.00000000 -1.00000000
vn 0.00000000 0.00000000 -1.00000000
vn 0.00000000 0.00000000 -1.00000000
vn 0.00000000 0.00000000 -1.00000000
vn 0.00000000 0.00000000 1.00000000
vn 0.00000000 0.00000000 1.00000000
vn 0.00000000 0.00000000 1.00000000
vn 0.00000000 0.00000000 1.00000000
vn -0.99811435 -0.06138195 0.00000000
vn -0.99811435 -0.06138195 0.00000000
vn -0.99811435 -0.06138195 0.00000000
vn -0.99811435 -0.06138195 0.00000000
vn 0.99758793 0.06941413 0.00000000
vn 0.99758793 0.06941413 0.00000000
vn 0.99758793 0.06941413 0.00000000
vn 0.99758793 0.06941413 0.00000000
vn 0.00000000 0.00000000 -1.00000000
vn 0.00000000 0.00000000 -1.00000000
vn 0.00000000 0.00000000 -1.00000000
vn 0.00000000 0.00000000 -1.00000000
vn 0.00000000 0.00000000 1.00000000
vn 0.00000000 0.00000000 1.00000000
vn 0.00000000 0.00000000 1.00000000
vn 0.00000000 0.00000000 1.00000000
vn -0.99811435 -0.06138195 0.00000000
vn -0.99811435 -0.06138195 0.00000000
vn -0.99811435 -0.06138195 0.00000000
vn -0.99811435 -0.06138195 0.00000000
vn 0.99758793 0.06941413 0.00000000
vn 0.99758793 0.06941413 0.00000000
vn 0.99758793 0.06941413 0.00000000
vn 0.99758793 0.06941413 0.00000000
vn 0.00000000 0.00000000 -1.00000000
vn 0.00000000 0.00000000 -1.00000000
vn 0.00000000 0.00000000 -1.00000000
vn 0.00000000 0.00000000 -1.00000000
vn 0.00000000 0.00000000 1.00000000
vn 0.00000000 0.00000000 1.00000000
vn 0.00000000 0.00000000 1.00000000
vn 0.00000000 0.00000000 1.00000000
vn -0.99744575 -0.07142819 0.00000000
vn -0.99744575 -0.07142819 0.00000000
vn -0.99744575 -0.07142819 0.00000000
vn -0.99744575 -0.07142819 0.00000000
vn 0.99743371 0.07159601 0.00000000
vn 0.99743371 0.07159601 0.00000000
vn 0.99743371 0.07159601 0.00000000
vn 0.99743371 0.07159601 0.00000000
vn 0.00000000 0.00000000 -1.00000000
vn 0.00000000 0.00000000 -1.00000000
vn 0.00000000 0.00000000 -1.00000000
vn 0.00000000 0.00000000 -1.00000000
vn 0.00000000 0.00000000 1.00000000
vn 0.00000000 0.00000000 1.00000000
vn 0.00000000 0.00000000 1.00000000
vn 0.00000000 0.00000000 1.00000000
vn -0.99758793 -0.06941413 0.00000000
vn -0.99758793 -0.06941413 0.00000000
vn -0.99758793 -0.06941413 0.00000000
vn -0.99758793 -0.06941413 0.00000000
vn 0.99744575 0.07142819 0.00000000
vn 0.99744575 0.07142819 0.00000000
vn 0.99744575 0.07142819 0.00000000
vn 0.99744575 0.07142819 0.00000000
vn 0.06941413 -0.99758793 0.00000000
vn 0.07142819 -0.99744575 0.00000000
vn 0.07142819 -0.99744575 0.00000000
vn 0.06941413 -0.99758793 0.00000000
vn 0.00000000 0.00000000 -1.00000000
vn 0.00000000 0.00000000 -1.00000000
vn 0.00000000 0.00000000 -1.00000000
vn 0.00000000 0.00000000 -1.00000000
vn 0.00000000 0.00000000 1.00000000
vn 0.00000000 0.00000000 1.00000000
vn 0.00000000 0.00000000 1.00000000
vn 0.00000000 0.00000000 1.00000000
vn -0.99810608 -0.06151630 0.00000000
vn -0.99810608 -0.06151630 0.00000000
vn -0.99810608 -0.06151630 0.00000000
vn -0.99810608 -0.06151630 0.00000000
vn 0.06151630 -0.99810608 0.00000000
vn 0.06648985 -0.99778710 0.00000000
vn 0.06648985 -0.99778710 0.00000000
vn 0.06151630 -0.99810608 0.00000000
vn -0.06151630 0.99810608 0.00000000
vn -0.06151630 0.99810608 0.00000000
vn -0.06648985 0.99778710 0.00000000
vn -0.06648985 0.99778710 0.00000000
vn 0.00000000 0.00000000 -1.00000000
vn 0.00000000 0.00000000 -1.00000000
vn 0.00000000 0.00000000 -1.00000000
vn 0.00000000 0.00000000 -1.00000000
vn 0.00000000 0.00000000 1.00000000
vn 0.00000000 0.00000000 1.00000000
vn 0.00000000 0.00000000 1.00000000
vn 0.00000000 0.00000000 1.00000000
vn 0.99744334 0.07146175 0.00000000
vn 0.99744334 0.07146175 0.00000000
vn 0.99744334 0.07146175 0.00000000
vn 0.99744334 0.07146175 0.00000000
vn 0.06648985 -0.99778710 0.00000000
vn 0.07146175 -0.99744334 0.00000000
vn 0.07146175 -0.99744334 0.00000000
vn 0.06648985 -0.99778710 0.00000000
vn -0.06648985 0.99778710 0.00000000
vn -0.06648985 0.99778710 0.00000000
vn -0.07146175 0.99744334 0.00000000
vn -0.07146175 0.99744334 0.00000000
vn 0.00000000 0.00000000 -1.00000000
vn 0.00000000 0.00000000 -1.00000000
vn 0.00000000 0.00000000 -1.00000000
vn 0.00000000 0.00000000 -1.00000000
vn 0.00000000 0.00000000 1.00000000
vn 0.00000000 0.00000000 1.00000000
vn 0.00000000 0.00000000 1.00000000
vn 0.00000000 0.00000000 1.00000000
vn -0.99743371 0.07159601 0.00000000
vn -0.99743371 0.07159601 0.00000000
vn -0.99743371 0.07159601 0.00000000
vn -0.99743371 0.07159601 0.00000000
vn -0.07159601 -0.99743371 0.00000000
vn -0.06730659 -0.99773234 0.00000000
vn -0.06730659 -0.99773234 0.00000000
vn -0.07159601 -0.99743371 0.00000000
vn 0.07159601 0.99743371 0.00000000
vn 0.07159601 0.99743371 0.00000000
vn 0.06730659 0.99773234 0.00000000
vn 0.06730659 0.99773234 0.00000000
vn 0.00000000 0.00000000 -1.00000000
vn 0.00000000 0.00000000 -1.00000000
vn 0.00000000 0.00000000 -1.00000000
vn 0.00000000 0.00000000 -1.00000000
vn 0.00000000 0.00000000 1.00000000
vn 0.00000000 0.00000000 1.00000000
vn 0.00000000 0.00000000 1.00000000
vn 0.00000000 0.00000000 1.00000000
vn -0.06730659 -0.99773234 0.00000000
vn -0.06301592 -0.99801252 0.00000000
vn -0.06301592 -0.99801252 0.00000000
vn -0.06730659 -0.99773234 0.00000000
vn 0.06730659 0.99773234 0.00000000
vn 0.06730659 0.99773234 0.00000000
vn 0.06301592 0.99801252 0.00000000
vn 0.06301592 0.99801252 0.00000000
vn 0.00000000 0.00000000 -1.00000000
vn 0.00000000 0.00000000 -1.00000000
vn 0.00000000 0.00000000 -1.00000000
vn 0.00000000 0.00000000 -1.00000000
vn 0.00000000 0.00000000 1.00000000
vn 0.00000000 0.00000000 1.00000000
vn 0.00000000 0.00000000 1.00000000
vn 0.00000000 0.00000000 1.00000000
vn -0.06301592 -0.99801252 0.00000000
vn -0.05872408 -0.99827425 0.00000000
vn -0.05872408 -0.99827425 0.00000000
vn -0.06301592 -0.99801252 0.00000000
vn 0.06301592 0.99801252 0.00000000
vn 0.06301592 0.99801252 0.00000000
vn 0.05872408 0.99827425 0.00000000
vn 0.05872408 0.99827425 0.00000000
vn 0.00000000 0.00000000 -1.00000000
vn 0.00000000 0.00000000 -1.00000000
vn 0.00000000 0.00000000 -1.00000000
vn 0.00000000 0.00000000 -1.00000000
vn 0.00000000 0.00000000 1.00000000
vn 0.00000000 0.00000000 1.00000000
vn 0.00000000 0.00000000 1.00000000
vn 0.00000000 0.00000000 1.00000000
vn -0.05872408 -0.99827425 0.00000000
vn -0.05443116 -0.99851753 0.00000000
vn -0.05443116 -0.99851753 0.00000000
vn -0.05872408 -0.99827425 0.00000000
vn 0.05872408 0.99827425 0.00000000
vn 0.05872408 0.99827425 0.00000000
vn 0.05443116 0.99851753 0.00000000
vn 0.05443116 0.99851753 0.00000000
vn 0.00000000 0.00000000 -1.00000000
vn 0.00000000 0.00000000 -1.00000000
vn 0.00000000 0.00000000 -1.00000000
vn 0.00000000 0.00000000 -1.00000000
vn 0.00000000 0.00000000 1.00000000
vn 0.00000000 0.00000000 1.00000000
vn 0.00000000 0.00000000 1.00000000
vn 0.00000000 0.00000000 1.00000000
vn -0.05443116 -0.99851753 0.00000000
vn -0.05013724 -0.99874234 0.00000000
vn -0.05013724 -0.99874234 0.00000000
vn -0.05443116 -0.99851753 0.00000000
vn 0.05443116 0.99851753 0.00000000
vn 0.05443116 0.99851753 0.00000000
vn 0.05013724 0.99874234 0.00000000
vn 0.05013724 0.99874234 0.00000000
vn 0.00000000 0.00000000 -1.00000000
vn 0.00000000 0.00000000 -1.00000000
vn 0.00000000 0.00000000 -1.00000000
vn 0.00000000 0.00000000 -1.00000000
vn 0.00000000 0.00000000 1.00000000
vn 0.00000000 0.00000000 1.00000000
vn 0.00000000 0.00000000 1.00000000
vn 0.00000000 0.00000000 1.00000000
vn -0.05013724 -0.99874234 0.00000000
vn -0.04584238 -0.99894869 0.00000000
vn -0.04584238 -0.99894869 0.00000000
vn -0.05013724 -0.99874234 0.00000000
vn 0.05013724 0.99874234 0.00000000
vn 0.05013724 0.99874234 0.00000000
vn 0.04584238 0.99894869 0.00000000
vn 0.04584238 0.99894869 0.00000000
vn 0.00000000 0.00000000 -1.00000000
vn 0.00000000 0.00000000 -1.00000000
vn 0.00000000 0.00000000 -1.00000000
vn 0.00000000 0.00000000 -1.00000000
vn 0.00000000 0.00000000 1.00000000
vn 0.00000000 0.00000000 1.00000000
vn 0.00000000 0.00000000 1.00000000
vn 0.00000000 0.00000000 1.00000000
vn -0.04584238 -0.99894869 0.00000000
vn -0.04154668 -0.99913656 0.00000000
vn -0.04154668 -0.99913656 0.00000000
vn -0.04584238 -0.99894869 0.00000000
vn 0.04584238 0.99894869 0.00000000
vn 0.04584238 0.99894869 0.00000000
vn 0.04154668 0.99913656 0.00000000
vn 0.04154668 0.99913656 0.00000000
vn 0.00000000 0.00000000 -1.00000000
vn 0.00000000 0.00000000 -1.00000000
vn 0.00000000 0.00000000 -1.00000000
vn 0.00000000 0.00000000 -1.00000000
vn 0.00000000 0.00000000 1.00000000
vn 0.00000000 0.00000000 1.00000000
vn 0.00000000 0.00000000 1.00000000
vn 0.00000000 0.00000000 1.00000000
vn -0.04154668 -0.99913656 0.00000000
vn -0.03725021 -0.99930597 0.00000000
vn -0.03725021 -0.99930597 0.00000000
vn -0.04154668 -0.99913656 0.00000000
vn 0.04154668 0.99913656 0.00000000
vn 0.04154668 0.99913656 0.00000000
vn 0.03725021 0.99930597 0.00000000
vn 0.03725021 0.99930597 0.00000000
vn 0.00000000 0.00000000 -1.00000000
vn 0.00000000 0.00000000 -1.00000000
vn 0.00000000 0.00000000 -1.00000000
vn 0.00000000 0.00000000 -1.00000000
vn 0.00000000 0.00000000 1.00000000
vn 0.00000000 0.00000000 1.00000000
vn 0.00000000 0.00000000 1.00000000
vn 0.00000000 0.00000000 1.00000000
vn -0.03725021 -0.99930597 0.00000000
vn -0.03295306 -0.99945690 0.00000000
vn -0.03295306 -0.99945690 0.00000000
vn -0.03725021 -0.99930597 0.00000000
vn 0.03725021 0.99930597 0.00000000
vn 0.03725021 0.99930597 0.00000000
vn 0.03295306 0.99945690 0.00000000
vn 0.03295306 0.99945690 0.00000000
vn 0.00000000 0.00000000 -1.00000000
vn 0.00000000 0.00000000 -1.00000000
vn 0.00000000 0.00000000 -1.00000000
vn 0.00000000 0.00000000 -1.00000000
vn 0.00000000 0.00000000 1.00000000
vn 0.00000000 0.00000000 1.00000000
vn 0.00000000 0.00000000 1.00000000
vn 0.00000000 0.00000000 1.00000000
vn -0.03295306 -0.99945690 0.00000000
vn -0.02865529 -0.99958935 0.00000000
vn -0.02865529 -0.99958935 0.00000000
vn -0.03295306 -0.99945690 0.00000000
vn 0.03295306 0.99945690 0.00000000
vn 0.03295306 0.99945690 0.00000000
vn 0.02865529 0.99958935 0.00000000
vn 0.02865529 0.99958935 0.00000000
vn 0.00000000 0.00000000 -1.00000000
vn 0.00000000 0.00000000 -1.00000000
vn 0.00000000 0.00000000 -1.00000000
vn 0.00000000 0.00000000 -1.00000000
vn 0.00000000 0.00000000 1.00000000
vn 0.00000000 0.00000000 1.00000000
vn 0.00000000 0.00000000 1.00000000
vn 0.00000000 0.00000000 1.00000000
vn -0.02865529 -0.99958935 0.00000000
vn -0.02435699 -0.99970332 0.00000000
vn -0.02435699 -0.99970332 0.00000000
vn -0.02865529 -0.99958935 0.00000000
vn 0.02865529 0.99958935 0.00000000
vn 0.02865529 0.99958935 0.00000000
vn 0.02435699 0.99970332 0.00000000
vn 0.02435699 0.99970332 0.00000000
vn 0.00000000 0.00000000 -1.00000000
vn 0.00000000 0.00000000 -1.00000000
vn 0.00000000 0.00000000 -1.00000000
vn 0.00000000 0.00000000 -1.00000000
vn 0.00000000 0.00000000 1.00000000
vn 0.00000000 0.00000000 1.00000000
vn 0.00000000 0.00000000 1.00000000
vn 0.00000000 0.00000000 1.00000000
vn -0.02435699 -0.99970332 0.00000000
vn -0.02005825 -0.99979881 0.00000000
vn -0.02005825 -0.99979881 0.00000000
vn -0.02435699 -0.99970332 0.00000000
vn 0.02435699 0.99970332 0.00000000
vn 0.02435699 0.99970332 0.00000000
vn 0.02005825 0.99979881 0.00000000
vn 0.02005825 0.99979881 0.00000000
vn 0.00000000 0.00000000 -1.00000000
vn 0.00000000 0.00000000 -1.00000000
vn 0.00000000 0.00000000 -1.00000000
vn 0.00000000 0.00000000 -1.00000000
vn 0.00000000 0.00000000 1.00000000
vn 0.00000000 0.00000000 1.00000000
vn 0.00000000 0.00000000 1.00000000
vn 0.00000000 0.00000000 1.00000000
vn -0.02005825 -0.99979881 0.00000000
vn -0.01575913 -0.99987582 0.00000000
vn -0.01575913 -0.99987582 0.00000000
vn -0.02005825 -0.99979881 0.00000000
vn 0.02005825 0.99979881 0.00000000
vn 0.02005825 0.99979881 0.00000000
vn 0.01575913 0.99987582 0.00000000
vn 0.01575913 0.99987582 0.00000000
vn 0.00000000 0.00000000 -1.00000000
vn 0.00000000 0.00000000 -1.00000000
vn 0.00000000 0.00000000 -1.00000000
vn 0.00000000 0.00000000 -1.00000000
vn 0.00000000 0.00000000 1.00000000
vn 0.00000000 0.00000000 1.00000000
vn 0.00000000 0.00000000 1.00000000
vn 0.00000000 0.00000000 1.00000000
vn -0.01575913 -0.99987582 0.00000000
vn -0.01145972 -0.99993434 0.00000000
vn -0.01145972 -0.99993434 0.00000000
vn -0.01575913 -0.99987582 0.00000000
vn 0.01575913 0.99987582 0.00000000
vn 0.01575913 0.99987582 0.00000000
vn 0.01145972 0.99993434 0.00000000
vn 0.01145972 0.99993434 0.00000000
vn 0.00000000 0.00000000 -1.00000000
vn 0.00000000 0.00000000 -1.00000000
vn 0.00000000 0.00000000 -1.00000000
vn 0.00000000 0.00000000 -1.00000000
vn 0.00000000 0.00000000 1.00000000
vn 0.00000000 0.00000000 1.00000000
vn 0.00000000 0.00000000 1.00000000
vn 0.00000000 0.00000000 1.00000000
vn -0.01145972 -0.99993434 0.00000000
vn -0.00716010 -0.99997437 0.00000000
vn -0.00716010 -0.99997437 0.00000000
vn -0.01145972 -0.99993434 0.00000000
vn 0.01145972 0.99993434 0.00000000
vn 0.01145972 0.99993434 0.00000000
vn 0.00716010 0.99997437 0.00000000
vn 0.00716010 0.99997437 0.00000000
vn 0.00000000 0.00000000 -1.00000000
vn 0.00000000 0.00000000 -1.00000000
vn 0.00000000 0.00000000 -1.00000000
vn 0.00000000 0.00000000 -1.00000000
vn 0.00000000 0.00000000 1.00000000
vn 0.00000000 0.00000000 1.00000000
vn 0.00000000 0.00000000 1.00000000
vn 0.00000000 0.00000000 1.00000000
vn 0.99999591 -0.00286034 0.00000000
vn 0.99999591 -0.00286034 0.00000000
vn 0.99999591 -0.00286034 0.00000000
vn 0.99999591 -0.00286034 0.00000000
vn -0.00716010 -0.99997437 0.00000000
vn -0.00286034 -0.99999591 0.00000000
vn -0.00286034 -0.99999591 0.00000000
vn -0.00716010 -0.99997437 0.00000000
vn 0.00716010 0.99997437 0.00000000
vn 0.00716010 0.99997437 0.00000000
vn 0.00286034 0.99999591 0.00000000
vn 0.00286034 0.99999591 0.00000000
vn 0.00000000 0.00000000 -1.00000000
vn 0.00000000 0.00000000 -1.00000000
vn 0.00000000 0.00000000 -1.00000000
vn 0.00000000 0.00000000 -1.00000000
vn 0.00000000 0.00000000 1.00000000
vn 0.00000000 0.00000000 1.00000000
vn 0.00000000 0.00000000 1.00000000
vn 0.00000000 0.00000000 1.00000000
vn -0.99999591 -0.00286034 0.00000000
vn -0.99999591 -0.00286034 0.00000000
vn -0.99999591 -0.00286034 0.00000000
vn -0.99999591 -0.00286034 0.00000000
vn 0.00286034 -0.99999591 0.00000000
vn 0.00716010 -0.99997437 0.00000000
vn 0.00716010 -0.99997437 0.00000000
vn 0.00286034 -0.99999591 0.00000000
vn -0.00286034 0.99999591 0.00000000
vn -0.00286034 0.99999591 0.00000000
vn -0.00716010 0.99997437 0.00000000
vn -0.00716010 0.99997437 0.00000000
vn 0.00000000 0.00000000 -1.00000000
vn 0.00000000 0.00000000 -1.00000000
vn 0.00000000 0.00000000 -1.00000000
vn 0.00000000 0.00000000 -1.00000000
vn 0.00000000 0.00000000 1.00000000
vn 0.00000000 0.00000000 1.00000000
vn 0.00000000 0.00000000 1.00000000
vn 0.00000000 0.00000000 1.00000000
vn 0.00716010 -0.99997437 0.00000000
vn 0.01145972 -0.99993434 0.00000000
vn 0.01145972 -0.99993434 0.00000000
vn 0.00716010 -0.99997437 0.00000000
vn -0.00716010 0.99997437 0.00000000
vn -0.00716010 0.99997437 0.00000000
vn -0.01145972 0.99993434 0.00000000
vn -0.01145972 0.99993434 0.00000000
vn 0.00000000 0.00000000 -1.00000000
vn 0.00000000 0.00000000 -1.00000000
vn 0.00000000 0.00000000 -1.00000000
vn 0.00000000 0.00000000 -1.00000000
vn 0.00000000 0.00000000 1.00000000
vn 0.00000000 0.00000000 1.00000000
vn 0.00000000 0.00000000 1.00000000
vn 0.00000000 0.00000000 1.00000000
vn 0.01145972 -0.99993434 0.00000000
vn 0.01575913 -0.99987582 0.00000000
vn 0.01575913 -0.99987582 0.00000000
vn 0.01145972 -0.99993434 0.00000000
vn -0.01145972 0.99993434 0.00000000
vn -0.01145972 0.99993434 0.00000000
vn -0.01575913 0.99987582 0.00000000
vn -0.01575913 0.99987582 0.00000000
vn 0.00000000 0.00000000 -1.00000000
vn 0.00000000 0.00000000 -1.00000000
vn 0.00000000 0.00000000 -1.00000000
vn 0.00000000 0.00000000 -1.00000000
vn 0.00000000 0.00000000 1.00000000
vn 0.00000000 0.00000000 1.00000000
vn 0.00000000 0.00000000 1.00000000
vn 0.00000000 0.00000000 1.00000000
vn 0.01575913 -0.99987582 0.00000000
vn 0.02005825 -0.99979881 0.00000000
vn 0.02005825 -0.99979881 0.00000000
vn 0.01575913 -0.99987582 0.00000000
vn -0.01575913 0.99987582 0.00000000
vn -0.01575913 0.99987582 0.00000000
vn -0.02005825 0.99979881 0.00000000
vn -0.02005825 0.99979881 0.00000000
vn 0.00000000 0.00000000 -1.00000000
vn 0.00000000 0.00000000 -1.00000000
vn 0.00000000 0.00000000 -1.00000000
vn 0.00000000 0.00000000 -1.00000000
vn 0.00000000 0.00000000 1.00000000
vn 0.00000000 0.00000000 1.00000000
vn 0.00000000 0.00000000 1.00000000
vn 0.00000000 0.00000000 1.00000000
vn 0.02005825 -0.99979881 0.00000000
vn 0.02435699 -0.99970332 0.00000000
vn 0.02435699 -0.99970332 0.00000000
vn 0.02005825 -0.99979881 0.00000000
vn -0.02005825 0.99979881 0.00000000
vn -0.02005825 0.99979881 0.00000000
vn -0.02435699 0.99970332 0.00000000
vn -0.02435699 0.99970332 0.00000000
vn 0.00000000 0.00000000 -1.00000000
vn 0.00000000 0.00000000 -1.00000000
vn 0.00000000 0.00000000 -1.00000000
vn 0.00000000 0.00000000 -1.00000000
vn 0.00000000 0.00000000 1.00000000
vn 0.00000000 0.00000000 1.00000000
vn 0.00000000 0.00000000 1.00000000
vn 0.00000000 0.00000000 1.00000000
vn 0.02435699 -0.99970332 0.00000000
vn 0.02865529 -0.99958935 0.00000000
vn 0.02865529 -0.99958935 0.00000000
vn 0.02435699 -0.99970332 0.00000000
vn -0.02435699 0.99970332 0.00000000
vn -0.02435699 0.99970332 0.00000000
vn -0.02865529 0.99958935 0.00000000
vn -0.02865529 0.99958935 0.00000000
vn 0.00000000 0.00000000 -1.00000000
vn 0.00000000 0.00000000 -1.00000000
vn 0.00000000 0.00000000 -1.00000000
vn 0.00000000 0.00000000 -1.00000000
vn 0.00000000 0.00000000 1.00000000
vn 0.00000000 0.00000000 1.00000000
vn 0.00000000 0.00000000 1.00000000
vn 0.00000000 0.00000000 1.00000000
vn 0.02865529 -0.99958935 0.00000000
vn 0.03295306 -0.99945690 0.00000000
vn 0.03295306 -0.99945690 0.00000000
vn 0.02865529 -0.99958935 0.00000000
vn -0.02865529 0.99958935 0.00000000
vn -0.02865529 0.99958935 0.00000000
vn -0.03295306 0.99945690 0.00000000
vn -0.03295306 0.99945690 0.00000000
vn 0.00000000 0.00000000 -1.00000000
vn 0.00000000 0.00000000 -1.00000000
vn 0.00000000 0.00000000 -1.00000000
vn 0.00000000 0.00000000 -1.00000000
vn 0.00000000 0.00000000 1.00000000
vn 0.00000000 0.00000000 1.00000000
vn 0.00000000 0.00000000 1.00000000
vn 0.00000000 0.00000000 1.00000000
vn 0.03295306 -0.99945690 0.00000000
vn 0.03725021 -0.99930597 0.00000000
vn 0.03725021 -0.99930597 0.00000000
vn 0.03295306 -0.99945690 0.00000000
vn -0.03295306 0.99945690 0.00000000
vn -0.03295306 0.99945690 0.00000000
vn -0.03725021 0.99930597 0.00000000
vn -0.03725021 0.99930597 0.00000000
vn 0.00000000 0.00000000 -1.00000000
vn 0.00000000 0.00000000 -1.00000000
vn 0.00000000 0.00000000 -1.00000000
vn 0.00000000 0.00000000 -1.00000000
vn 0.00000000 0.00000000 1.00000000
vn 0.00000000 0.00000000 1.00000000
vn 0.00000000 0.00000000 1.00000000
vn 0.00000000 0.00000000 1.00000000
vn 0.03725021 -0.99930597 0.00000000
vn 0.04154668 -0.99913656 0.00000000
vn 0.04154668 -0.99913656 0.00000000
vn 0.03725021 -0.99930597 0.00000000
vn -0.03725021 0.99930597 0.00000000
vn -0.03725021 0.99930597 0.00000000
vn -0.04154668 0.99913656 0.00000000
vn -0.04154668 0.99913656 0.00000000
vn 0.00000000 0.00000000 -1.00000000
vn 0.00000000 0.00000000 -1.00000000
vn 0.00000000 0.00000000 -1.00000000
vn 0.00000000 0.00000000 -1.00000000
vn 0.00000000 0.00000000 1.00000000
vn 0.00000000 0.00000000 1.00000000
vn 0.00000000 0.00000000 1.00000000
vn 0.00000000 0.00000000 1.00000000
vn 0.04154668 -0.99913656 0.00000000
vn 0.04584238 -0.99894869 0.00000000
vn 0.04584238 -0.99894869 0.00000000
vn 0.04154668 -0.99913656 0.00000000
vn -0.04154668 0.99913656 0.00000000
vn -0.04154668 0.99913656 0.00000000
vn -0.04584238 0.99894869 0.00000000
vn -0.04584238 0.99894869 0.00000000
vn 0.00000000 0.00000000 -1.00000000
vn 0.00000000 0.00000000 -1.00000000
vn 0.00000000 0.00000000 -1.00000000
vn 0.00000000 0.00000000 -1.00000000
vn 0.00000000 0.00000000 1.00000000
vn 0.00000000 0.00000000 1.00000000
vn 0.00000000 0.00000000 1.00000000
vn 0.00000000 0.00000000 1.00000000
vn 0.04584238 -0.99894869 0.00000000
vn 0.05013724 -0.99874234 0.00000000
vn 0.05013724 -0.99874234 0.00000000
vn 0.04584238 -0.99894869 0.00000000
vn -0.04584238 0.99894869 0.00000000
vn -0.04584238 0.99894869 0.00000000
vn -0.05013724 0.99874234 0.00000000
vn -0.05013724 0.99874234 0.00000000
vn 0.00000000 0.00000000 -1.00000000
vn 0.00000000 0.00000000 -1.00000000
vn 0.00000000 0.00000000 -1.00000000
vn 0.00000000 0.00000000 -1.00000000
vn 0.00000000 0.00000000 1.00000000
vn 0.00000000 0.00000000 1.00000000
vn 0.00000000 0.00000000 1.00000000
vn 0.00000000 0.00000000 1.00000000
vn 0.05013724 -0.99874234 0.00000000
vn 0.05443116 -0.99851753 0.00000000
vn 0.05443116 -0.99851753 0.00000000
vn 0.05013724 -0.99874234 0.00000000
vn -0.05013724 0.99874234 0.00000000
vn -0.05013724 0.99874234 0.00000000
vn -0.05443116 0.99851753 0.00000000
vn -0.05443116 0.99851753 0.00000000
vn 0.00000000 0.00000000 -1.00000000
vn 0.00000000 0.00000000 -1.00000000
vn 0.00000000 0.00000000 -1.00000000
vn 0.00000000 0.00000000 -1.00000000
vn 0.00000000 0.00000000 1.00000000
vn 0.00000000 0.00000000 1.00000000
vn 0.00000000 0.00000000 1.00000000
vn 0.00000000 0.00000000 1.00000000
vn 0.05443116 -0.99851753 0.00000000
vn 0.05872408 -0.99827425 0.00000000
vn 0.05872408 -0.99827425 0.00000000
vn 0.05443116 -0.99851753 0.00000000
vn -0.05443116 0.99851753 0.00000000
vn -0.05443116 0.99851753 0.00000000
vn -0.05872408 0.99827425 0.00000000
vn -0.05872408 0.99827425 0.00000000
vn 0.00000000 0.00000000 -1.00000000
vn 0.00000000 0.00000000 -1.00000000
vn 0.00000000 0.00000000 -1.00000000
vn 0.00000000 0.00000000 -1.00000000
vn 0.00000000 0.00000000 1.00000000
vn 0.00000000 0.00000000 1.00000000
vn 0.00000000 0.00000000 1.00000000
vn 0.00000000 0.00000000 1.00000000
vn 0.05872408 -0.99827425 0.00000000
vn 0.06301592 -0.99801252 0.00000000
vn 0.06301592 -0.99801252 0.00000000
vn 0.05872408 -0.99827425 0.00000000
vn -0.05872408 0.99827425 0.00000000
vn -0.05872408 0.99827425 0.00000000
vn -0.06301592 0.99801252 0.00000000
vn -0.06301592 0.99801252 0.00000000
vn 0.00000000 0.00000000 -1.00000000
vn 0.00000000 0.00000000 -1.00000000
vn 0.00000000 0.00000000 -1.00000000
vn 0.00000000 0.00000000 -1.00000000
vn 0.00000000 0.00000000 1.00000000
vn 0.00000000 0.00000000 1.00000000
vn 0.00000000 0.00000000 1.00000000
vn 0.00000000 0.00000000 1.00000000
vn 0.06301592 -0.99801252 0.00000000
vn 0.06730659 -0.99773234 0.00000000
vn 0.06730659 -0.99773234 0.00000000
vn 0.06301592 -0.99801252 0.00000000
vn -0.06301592 0.99801252 0.00000000
vn -0.06301592 0.99801252 0.00000000
vn -0.06730659 0.99773234 0.00000000
vn -0.06730659 0.99773234 0.00000000
vn 0.00000000 0.00000000 -1.00000000
vn 0.00000000 0.00000000 -1.00000000
vn 0.00000000 0.00000000 -1.00000000
vn 0.00000000 0.00000000 -1.00000000
vn 0.00000000 0.00000000 1.00000000
vn 0.00000000 0.00000000 1.00000000
vn 0.00000000 0.00000000 1.00000000
vn 0.00000000 0.00000000 1.00000000
vn 0.99743371 0.07159601 0.00000000
vn 0.99743371 0.07159601 0.00000000
vn 0.99743371 0.07159601 0.00000000
vn 0.99743371 0.07159601 0.00000000
vn 0.06730659 -0.99773234 0.00000000
vn 0.07159601 -0.99743371 0.00000000
vn 0.07159601 -0.99743371 0.00000000
vn 0.06730659 -0.99773234 0.00000000
vn -0.06730659 0.99773234 0.00000000
vn -0.06730659 0.99773234 0.00000000
vn -0.07159601 0.99743371 0.00000000
vn -0.07159601 0.99743371 0.00000000
vn 0.00000000 0.00000000 -1.00000000
vn 0.00000000 0.00000000 -1.00000000
vn 0.00000000 0.00000000 -1.00000000
vn 0.00000000 0.00000000 -1.00000000
vn 0.00000000 0.00000000 1.00000000
vn 0.00000000 0.00000000 1.00000000
vn 0.00000000 0.00000000 1.00000000
vn 0.00000000 0.00000000 1.00000000
vn -0.99999591 0.00286034 0.00000000
vn -0.99999591 0.00286034 0.00000000
vn -0.99999591 0.00286034 0.00000000
vn -0.99999591 0.00286034 0.00000000
vn -0.00286034 -0.99999591 0.00000000
vn 0.00000000 -1.00000000 0.00000000
vn 0.00000000 -1.00000000 0.00000000
vn -0.00286034 -0.99999591 0.00000000
vn 0.00286034 0.99999591 0.00000000
vn 0.00286034 0.99999591 0.00000000
vn 0.00000000 1.00000000 0.00000000
vn 0.00000000 1.00000000 0.00000000
vn 0.00000000 0.00000000 -1.00000000
vn 0.00000000 0.00000000 -1.00000000
vn 0.00000000 0.00000000 -1.00000000
vn 0.00000000 0.00000000 -1.00000000
vn 0.00000000 0.00000000 1.00000000
vn 0.00000000 0.00000000 1.00000000
vn 0.00000000 0.00000000 1.00000000
vn 0.00000000 0.00000000 1.00000000
vn 0.99999591 0.00286034 0.00000000
vn 0.99999591 0.00286034 0.00000000
vn 0.99999591 0.00286034 0.00000000
vn 0.99999591 0.00286034 0.00000000
vn 0.00000000 -1.00000000 0.00000000
vn 0.00286034 -0.99999591 0.00000000
vn 0.00286034 -0.99999591 0.00000000
vn 0.00000000 -1.00000000 0.00000000
vn 0.00000000 1.00000000 0.00000000
vn 0.00000000 1.00000000 0.00000000
vn -0.00286034 0.99999591 0.00000000
vn -0.00286034 0.99999591 0.00000000
vn 0.00000000 0.00000000 -1.00000000
vn 0.00000000 0.00000000 -1.00000000
vn 0.00000000 0.00000000 -1.00000000
vn 0.00000000 0.00000000 -1.00000000
vn 0.00000000 0.00000000 1.00000000
vn 0.00000000 0.00000000 1.00000000
vn 0.00000000 0.00000000 1.00000000
vn 0.00000000 0.00000000 1.00000000
vn -0.99999591 0.00286034 0.00000000
vn -0.99999591 0.00286034 0.00000000
vn -0.99999591 0.00286034 0.00000000
vn -0.99999591 0.00286034 0.00000000
vn -0.00286034 -0.99999591 0.00000000
vn 0.00000000 -1.00000000 0.00000000
vn 0.00000000 -1.00000000 0.00000000
vn -0.00286034 -0.99999591 0.00000000
vn 0.00286034 0.99999591 0.00000000
vn 0.00286034 0.99999591 0.00000000
vn 0.00000000 1.00000000 0.00000000
vn 0.00000000 1.00000000 0.00000000
vn 0.00000000 0.00000000 -1.00000000
vn 0.00000000 0.00000000 -1.00000000
vn 0.00000000 0.00000000 -1.00000000
vn 0.00000000 0.00000000 -1.00000000
vn 0.00000000 0.00000000 1.00000000
vn 0.00000000 0.00000000 1.00000000
vn 0.00000000 0.00000000 1.00000000
vn 0.00000000 0.00000000 1.00000000
vn 0.99999591 0.00286034 0.00000000
vn 0.99999591 0.00286034 0.00000000
vn 0.99999591 0.00286034 0.00000000
vn 0.99999591 0.00286034 0.00000000
vn 0.00000000 -1.00000000 0.00000000
vn 0.00286034 -0.99999591 0.00000000
vn 0.00286034 -0.99999591 0.00000000
vn 0.00000000 -1.00000000 0.00000000
vn 0.00000000 1.00000000 0.00000000
vn 0.00000000 1.00000000 0.00000000
vn -0.00286034 0.99999591 0.00000000
vn -0.00286034 0.99999591 0.00000000
vn 0.00000000 0.00000000 -1.00000000
vn 0.00000000 0.00000000 -1.00000000
vn 0.00000000 0.00000000 -1.00000000
vn 0.00000000 0.00000000 -1.00000000
vn 0.00000000 0.00000000 1.00000000
vn 0.00000000 0.00000000 1.00000000
vn 0.00000000 0.00000000 1.00000000
vn 0.00000000 0.00000000 1.00000000
vn -0.99999591 0.00286034 0.00000000
vn -0.99999591 0.00286034 0.00000000
vn -0.99999591 0.00286034 0.00000000
vn -0.99999591 0.00286034 0.00000000
vn 0.99999699 -0.00245172 0.00000000
vn 0.99999699 -0.00245172 0.00000000
vn 0.99999699 -0.00245172 0.00000000
vn 0.99999699 -0.00245172 0.00000000
vn -0.00286034 -0.99999591 0.00000000
vn -0.00245172 -0.99999699 0.00000000
vn -0.00245172 -0.99999699 0.00000000
vn -0.00286034 -0.99999591 0.00000000
vn 0.00286034 0.99999591 0.00000000
vn 0.00286034 0.99999591 0.00000000
vn 0.00245172 0.99999699 0.00000000
vn 0.00245172 0.99999699 0.00000000
vn 0.00000000 0.00000000 -1.00000000
vn 0.00000000 0.00000000 -1.00000000
vn 0.00000000 0.00000000 -1.00000000
vn 0.00000000 0.00000000 -1.00000000
vn 0.00000000 0.00000000 1.00000000
vn 0.00000000 0.00000000 1.00000000
vn 0.00000000 0.00000000 1.00000000
vn 0.00000000 0.00000000 1.00000000
vn -0.99999591 0.00286034 0.00000000
vn -0.99999591 0.00286034 0.00000000
vn -0.99999591 0.00286034 0.00000000
vn -0.99999591 0.00286034 0.00000000
vn 0.99999607 -0.00280426 0.00000000
vn 0.99999607 -0.00280426 0.00000000
vn 0.99999607 -0.00280426 0.00000000
vn 0.99999607 -0.00280426 0.00000000
vn -0.00286034 -0.99999591 0.00000000
vn -0.00280426 -0.99999607 0.00000000
vn -0.00280426 -0.99999607 0.00000000
vn -0.00286034 -0.99999591 0.00000000
vn 0.00286034 0.99999591 0.00000000
vn 0.00286034 0.99999591 0.00000000
vn 0.00280426 0.99999607 0.00000000
vn 0.00280426 0.99999607 0.00000000
vn 0.00000000 0.00000000 -1.00000000
vn 0.00000000 0.00000000 -1.00000000
vn 0.00000000 0.00000000 -1.00000000
vn 0.00000000 0.00000000 -1.00000000
vn 0.00000000 0.00000000 1.00000000
vn 0.00000000 0.00000000 1.00000000
vn 0.00000000 0.00000000 1.00000000
vn 0.00000000 0.00000000 1.00000000
vn -0.99999699 0.00245172 0.00000000
vn -0.99999699 0.00245172 0.00000000
vn -0.99999699 0.00245172 0.00000000
vn -0.99999699 0.00245172 0.00000000
vn 0.99999791 -0.00204310 0.00000000
vn 0.99999791 -0.00204310 0.00000000
vn 0.99999791 -0.00204310 0.00000000
vn 0.99999791 -0.00204310 0.00000000
vn -0.00245172 -0.99999699 0.00000000
vn -0.00204310 -0.99999791 0.00000000
vn -0.00204310 -0.99999791 0.00000000
vn -0.00245172 -0.99999699 0.00000000
vn 0.00245172 0.99999699 0.00000000
vn 0.00245172 0.99999699 0.00000000
vn 0.00204310 0.99999791 0.00000000
vn 0.00204310 0.99999791 0.00000000
vn 0.00000000 0.00000000 -1.00000000
vn 0.00000000 0.00000000 -1.00000000
vn 0.00000000 0.00000000 -1.00000000
vn 0.00000000 0.00000000 -1.00000000
vn 0.00000000 0.00000000 1.00000000
vn 0.00000000 0.00000000 1.00000000
vn 0.00000000 0.00000000 1.00000000
vn 0.00000000 0.00000000 1.00000000
vn -0.99999699 0.00245172 0.00000000
vn -0.99999699 0.00245172 0.00000000
vn -0.99999699 0.00245172 0.00000000
vn -0.99999699 0.00245172 0.00000000
vn 0.99999713 -0.00239564 0.00000000
vn 0.99999713 -0.00239564 0.00000000
vn 0.99999713 -0.00239564 0.00000000
vn 0.99999713 -0.00239564 0.00000000
vn -0.00245172 -0.99999699 0.00000000
vn -0.00239564 -0.99999713 0.00000000
vn -0.00239564 -0.99999713 0.00000000
vn -0.00245172 -0.99999699 0.00000000
vn 0.00245172 0.99999699 0.00000000
vn 0.00245172 0.99999699 0.00000000
vn 0.00239564 0.99999713 0.00000000
vn 0.00239564 0.99999713 0.00000000
vn 0.00000000 0.00000000 -1.00000000
vn 0.00000000 0.00000000 -1.00000000
vn 0.00000000 0.00000000 -1.00000000
vn 0.00000000 0.00000000 -1.00000000
vn 0.00000000 0.00000000 1.00000000
vn 0.00000000 0.00000000 1.00000000
vn 0.00000000 0.00000000 1.00000000
vn 0.00000000 0.00000000 1.00000000
vn -0.99999791 0.00204310 0.00000000
vn -0.99999791 0.00204310 0.00000000
vn -0.99999791 0.00204310 0.00000000
vn -0.99999791 0.00204310 0.00000000
vn 0.99999866 -0.00163448 0.00000000
vn 0.99999866 -0.00163448 0.00000000
vn 0.99999866 -0.00163448 0.00000000
vn 0.99999866 -0.00163448 0.00000000
vn -0.00204310 -0.99999791 0.00000000
vn -0.00163448 -0.99999866 0.00000000
vn -0.00163448 -0.99999866 0.00000000
vn -0.00204310 -0.99999791 0.00000000
vn 0.00204310 0.99999791 0.00000000
vn 0.00204310 0.99999791 0.00000000
vn 0.00163448 0.99999866 0.00000000
vn 0.00163448 0.99999866 0.00000000
vn 0.00000000 0.00000000 -1.00000000
vn 0.00000000 0.00000000 -1.00000000
vn 0.00000000 0.00000000 -1.00000000
vn 0.00000000 0.00000000 -1.00000000
vn 0.00000000 0.00000000 1.00000000
vn 0.00000000 0.00000000 1.00000000
vn 0.00000000 0.00000000 1.00000000
vn 0.00000000 0.00000000 1.00000000
vn -0.99999791 0.00204310 0.00000000
vn -0.99999791 0.00204310 0.00000000
vn -0.99999791 0.00204310 0.00000000
vn -0.99999791 0.00204310 0.00000000
vn 0.99999803 -0.00198702 0.00000000
vn 0.99999803 -0.00198702 0.00000000
vn 0.99999803 -0.00198702 0.00000000
vn 0.99999803 -0.00198702 0.00000000
vn -0.00204310 -0.99999791 0.00000000
vn -0.00198702 -0.99999803 0.00000000
vn -0.00198702 -0.99999803 0.00000000
vn -0.00204310 -0.99999791 0.00000000
vn 0.00204310 0.99999791 0.00000000
vn 0.00204310 0.99999791 0.00000000
vn 0.00198702 0.99999803 0.00000000
vn 0.00198702 0.99999803 0.00000000
vn 0.00000000 0.00000000 -1.00000000
vn 0.00000000 0.00000000 -1.00000000
vn 0.00000000 0.00000000 -1.00000000
vn 0.00000000 0.00000000 -1.00000000
vn 0.00000000 0.00000000 1.00000000
vn 0.00000000 0.00000000 1.00000000
vn 0.00000000 0.00000000 1.00000000
vn 0.00000000 0.00000000 1.00000000
vn -0.99999866 0.00163448 0.00000000
vn -0.99999866 0.00163448 0.00000000
vn -0.99999866 0.00163448 0.00000000
vn -0.99999866 0.00163448 0.00000000
vn 0.99999925 -0.00122586 0.00000000
vn 0.99999925 -0.00122586 0.00000000
vn 0.99999925 -0.00122586 0.00000000
vn 0.99999925 -0.00122586 0.00000000
vn -0.00163448 -0.99999866 0.00000000
vn -0.00122586 -0.99999925 0.00000000
vn -0.00122586 -0.99999925 0.00000000
vn -0.00163448 -0.99999866 0.00000000
vn 0.00163448 0.99999866 0.00000000
vn 0.00163448 0.99999866 0.00000000
vn 0.00122586 0.99999925 0.00000000
vn 0.00122586 0.99999925 0.00000000
vn 0.00000000 0.00000000 -1.00000000
vn 0.00000000 0.00000000 -1.00000000
vn 0.00000000 0.00000000 -1.00000000
vn 0.00000000 0.00000000 -1.00000000
vn 0.00000000 0.00000000 1.00000000
vn 0.00000000 0.00000000 1.00000000
vn 0.00000000 0.00000000 1.00000000
vn 0.00000000 0.00000000 1.00000000
vn -0.99999866 0.00163448 0.00000000
vn -0.99999866 0.00163448 0.00000000
vn -0.99999866 0.00163448 0.00000000
vn -0.99999866 0.00163448 0.00000000
vn 0.99999875 -0.00157840 0.00000000
vn 0.99999875 -0.00157840 0.00000000
vn 0.99999875 -0.00157840 0.00000000
vn 0.99999875 -0.00157840 0.00000000
vn -0.00163448 -0.99999866 0.00000000
vn -0.00157840 -0.99999875 0.00000000
vn -0.00157840 -0.99999875 0.00000000
vn -0.00163448 -0.99999866 0.00000000
vn 0.00163448 0.99999866 0.00000000
vn 0.00163448 0.99999866 0.00000000
vn 0.00157840 0.99999875 0.00000000
vn 0.00157840 0.99999875 0.00000000
vn 0.00000000 0.00000000 -1.00000000
vn 0.00000000 0.00000000 -1.00000000
vn 0.00000000 0.00000000 -1.00000000
vn 0.00000000 0.00000000 -1.00000000
vn 0.00000000 0.00000000 1.00000000
vn 0.00000000 0.00000000 1.00000000
vn 0.00000000 0.00000000 1.00000000
vn 0.00000000 0.00000000 1.00000000
vn -0.99999925 0.00122586 0.00000000
vn -0.99999925 0.00122586 0.00000000
vn -0.99999925 0.00122586 0.00000000
vn -0.99999925 0.00122586 0.00000000
vn 0.99999967 -0.00081724 0.00000000
vn 0.99999967 -0.00081724 0.00000000
vn 0.99999967 -0.00081724 0.00000000
vn 0.99999967 -0.00081724 0.00000000
vn -0.00122586 -0.99999925 0.00000000
vn -0.00081724 -0.99999967 0.00000000
vn -0.00081724 -0.99999967 0.00000000
vn -0.00122586 -0.99999925 0.00000000
vn 0.00122586 0.99999925 0.00000000
vn 0.00122586 0.99999925 0.00000000
vn 0.00081724 0.99999967 0.00000000
vn 0.00081724 0.99999967 0.00000000
vn 0.00000000 0.00000000 -1.00000000
vn 0.00000000 0.00000000 -1.00000000
vn 0.00000000 0.00000000 -1.00000000
vn 0.00000000 0.00000000 -1.00000000
vn 0.00000000 0.00000000 1.00000000
vn 0.00000000 0.00000000 1.00000000
vn 0.00000000 0.00000000 1.00000000
vn 0.00000000 0.00000000 1.00000000
vn -0.99999925 0.00122586 0.00000000
vn -0.99999925 0.00122586 0.00000000
vn -0.99999925 0.00122586 0.00000000
vn -0.99999925 0.00122586 0.00000000
vn 0.99999932 -0.00116978 0.00000000
vn 0.99999932 -0.00116978 0.00000000
vn 0.99999932 -0.00116978 0.00000000
vn 0.99999932 -0.00116978 0.00000000
vn -0.00122586 -0.99999925 0.00000000
vn -0.00116978 -0.99999932 0.00000000
vn -0.00116978 -0.99999932 0.00000000
vn -0.00122586 -0.99999925 0.00000000
vn 0.00122586 0.99999925 0.00000000
vn 0.00122586 0.99999925 0.00000000
vn 0.00116978 0.99999932 0.00000000
vn 0.00116978 0.99999932 0.00000000
vn 0.00000000 0.00000000 -1.00000000
vn 0.00000000 0.00000000 -1.00000000
vn 0.00000000 0.00000000 -1.00000000
vn 0.00000000 0.00000000 -1.00000000
vn 0.00000000 0.00000000 1.00000000
vn 0.00000000 0.00000000 1.00000000
vn 0.00000000 0.00000000 1.00000000
vn 0.00000000 0.00000000 1.00000000
vn -0.99999967 0.00081724 0.00000000
vn -0.99999967 0.00081724 0.00000000
vn -0.99999967 0.00081724 0.00000000
vn -0.99999967 0.00081724 0.00000000
vn 0.99999992 -0.00040862 0.00000000
vn 0.99999992 -0.00040862 0.00000000
vn 0.99999992 -0.00040862 0.00000000
vn 0.99999992 -0.00040862 0.00000000
vn -0.00081724 -0.99999967 0.00000000
vn -0.00040862 -0.99999992 0.00000000
vn -0.00040862 -0.99999992 0.00000000
vn -0.00081724 -0.99999967 0.00000000
vn 0.00081724 0.99999967 0.00000000
vn 0.00081724 0.99999967 0.00000000
vn 0.00040862 0.99999992 0.00000000
vn 0.00040862 0.99999992 0.00000000
vn 0.00000000 0.00000000 -1.00000000
vn 0.00000000 0.00000000 -1.00000000
vn 0.00000000 0.00000000 -1.00000000
vn 0.00000000 0.00000000 -1.00000000
vn 0.00000000 0.00000000 1.00000000
vn 0.00000000 0.00000000 1.00000000
vn 0.00000000 0.00000000 1.00000000
vn 0.00000000 0.00000000 1.00000000
vn -0.99999967 0.00081724 0.00000000
vn -0.99999967 0.00081724 0.00000000
vn -0.99999967 0.00081724 0.00000000
vn -0.99999967 0.00081724 0.00000000
vn 0.99999971 -0.00076116 0.00000000
vn 0.99999971 -0.00076116 0.00000000
vn 0.99999971 -0.00076116 0.00000000
vn 0.99999971 -0.00076116 0.00000000
vn -0.00081724 -0.99999967 0.00000000
vn -0.00076116 -0.99999971 0.00000000
vn -0.00076116 -0.99999971 0.00000000
vn -0.00081724 -0.99999967 0.00000000
vn 0.00081724 0.99999967 0.00000000
vn 0.00081724 0.99999967 0.00000000
vn 0.00076116 0.99999971 0.00000000
vn 0.00076116 0.99999971 0.00000000
vn 0.00000000 0.00000000 -1.00000000
vn 0.00000000 0.00000000 -1.00000000
vn 0.00000000 0.00000000 -1.00000000
vn 0.00000000 0.00000000 -1.00000000
vn 0.00000000 0.00000000 1.00000000
vn 0.00000000 0.00000000 1.00000000
vn 0.00000000 0.00000000 1.00000000
vn 0.00000000 0.00000000 1.00000000
vn -0.99999992 0.00040862 0.00000000
vn -0.99999992 0.00040862 0.00000000
vn -0.99999992 0.00040862 0.00000000
vn -0.99999992 0.00040862 0.00000000
vn 1.00000000 0.00000000 0.00000000
vn 1.00000000 0.00000000 0.00000000
vn 1.00000000 0.00000000 0.00000000
vn 1.00000000 0.00000000 0.00000000
vn -0.00040862 -0.99999992 0.00000000
vn 0.00000000 -1.00000000 0.00000000
vn 0.00000000 -1.00000000 0.00000000
vn -0.00040862 -0.99999992 0.00000000
vn 0.00040862 0.99999992 0.00000000
vn 0.00040862 0.99999992 0.00000000
vn 0.00000000 1.00000000 0.00000000
vn 0.00000000 1.00000000 0.00000000
vn 0.00000000 0.00000000 -1.00000000
vn 0.00000000 0.00000000 -1.00000000
vn 0.00000000 0.00000000 -1.00000000
vn 0.00000000 0.00000000 -1.00000000
vn 0.00000000 0.00000000 1.00000000
vn 0.00000000 0.00000000 1.00000000
vn 0.00000000 0.00000000 1.00000000
vn 0.00000000 0.00000000 1.00000000
vn -0.99999992 0.00040862 0.00000000
vn -0.99999992 0.00040862 0.00000000
vn -0.99999992 0.00040862 0.00000000
vn -0.99999992 0.00040862 0.00000000
vn 0.99999994 -0.00035254 0.00000000
vn 0.99999994 -0.00035254 0.00000000
vn 0.99999994 -0.00035254 0.00000000
vn 0.99999994 -0.00035254 0.00000000
vn -0.00040862 -0.99999992 0.00000000
vn -0.00035254 -0.99999994 0.00000000
vn -0.00035254 -0.99999994 0.00000000
vn -0.00040862 -0.99999992 0.00000000
vn 0.00040862 0.99999992 0.00000000
vn 0.00040862 0.99999992 0.00000000
vn 0.00035254 0.99999994 0.00000000
vn 0.00035254 0.99999994 0.00000000
vn 0.00000000 0.00000000 -1.00000000
vn 0.00000000 0.00000000 -1.00000000
vn 0.00000000 0.00000000 -1.00000000
vn 0.00000000 0.00000000 -1.00000000
vn 0.00000000 0.00000000 1.00000000
vn 0.00000000 0.00000000 1.00000000
vn 0.00000000 0.00000000 1.00000000
vn 0.00000000 0.00000000 1.00000000
vn -1.00000000 0.00000000 0.00000000
vn -1.00000000 0.00000000 0.00000000
vn -1.00000000 0.00000000 0.00000000
vn -1.00000000 0.00000000 0.00000000
vn 0.99999992 0.00040862 0.00000000
vn 0.99999992 0.00040862 0.00000000
vn 0.99999992 0.00040862 0.00000000
vn 0.99999992 0.00040862 0.00000000
vn 0.00000000 -1.00000000 0.00000000
vn 0.00040862 -0.99999992 0.00000000
vn 0.00040862 -0.99999992 0.00000000
vn 0.00000000 -1.00000000 0.00000000
vn 0.00000000 1.00000000 0.00000000
vn 0.00000000 1.00000000 0.00000000
vn -0.00040862 0.99999992 0.00000000
vn -0.00040862 0.99999992 0.00000000
vn 0.00000000 0.00000000 -1.00000000
vn 0.00000000 0.00000000 -1.00000000
vn 0.00000000 0.00000000 -1.00000000
vn 0.00000000 0.00000000 -1.00000000
vn 0.00000000 0.00000000 1.00000000
vn 0.00000000 0.00000000 1.00000000
vn 0.00000000 0.00000000 1.00000000
vn 0.00000000 0.00000000 1.00000000
vn -1.00000000 0.00000000 0.00000000
vn -1.00000000 0.00000000 0.00000000
vn -1.00000000 0.00000000 0.00000000
vn -1.00000000 0.00000000 0.00000000
vn 1.00000000 0.00005609 0.00000000
vn 1.00000000 0.00005609 0.00000000
vn 1.00000000 0.00005609 0.00000000
vn 1.00000000 0.00005609 0.00000000
vn 0.00000000 -1.00000000 0.00000000
vn 0.00005609 -1.00000000 0.00000000
vn 0.00005609 -1.00000000 0.00000000
vn 0.00000000 -1.00000000 0.00000000
vn 0.00000000 1.00000000 0.00000000
vn 0.00000000 1.00000000 0.00000000
vn -0.00005609 1.00000000 0.00000000
vn -0.00005609 1.00000000 0.00000000
vn 0.00000000 0.00000000 -1.00000000
vn 0.00000000 0.00000000 -1.00000000
vn 0.00000000 0.00000000 -1.00000000
vn 0.00000000 0.00000000 -1.00000000
vn 0.00000000 0.00000000 1.00000000
vn 0.00000000 0.00000000 1.00000000
vn 0.00000000 0.00000000 1.00000000
vn 0.00000000 0.00000000 1.00000000
vn -0.99999992 -0.00040862 0.00000000
vn -0.99999992 -0.00040862 0.00000000
vn -0.99999992 -0.00040862 0.00000000
vn -0.99999992 -0.00040862 0.00000000
vn 0.99999967 0.00081724 0.00000000
vn 0.99999967 0.00081724 0.00000000
vn 0.99999967 0.00081724 0.00000000
vn 0.99999967 0.00081724 0.00000000
vn 0.00040862 -0.99999992 0.00000000
vn 0.00081724 -0.99999967 0.00000000
vn 0.00081724 -0.99999967 0.00000000
vn 0.00040862 -0.99999992 0.00000000
vn -0.00040862 0.99999992 0.00000000
vn -0.00040862 0.99999992 0.00000000
vn -0.00081724 0.99999967 0.00000000
vn -0.00081724 0.99999967 0.00000000
vn 0.00000000 0.00000000 -1.00000000
vn 0.00000000 0.00000000 -1.00000000
vn 0.00000000 0.00000000 -1.00000000
vn 0.00000000 0.00000000 -1.00000000
vn 0.00000000 0.00000000 1.00000000
vn 0.00000000 0.00000000 1.00000000
vn 0.00000000 0.00000000 1.00000000
vn 0.00000000 0.00000000 1.00000000
vn -0.99999992 -0.00040862 0.00000000
vn -0.99999992 -0.00040862 0.00000000
vn -0.99999992 -0.00040862 0.00000000
vn -0.99999992 -0.00040862 0.00000000
vn 0.99999989 0.00046471 0.00000000
vn 0.99999989 0.00046471 0.00000000
vn 0.99999989 0.00046471 0.00000000
vn 0.99999989 0.00046471 0.00000000
vn 0.00040862 -0.99999992 0.00000000
vn 0.00046471 -0.99999989 0.00000000
vn 0.00046471 -0.99999989 0.00000000
vn 0.00040862 -0.99999992 0.00000000
vn -0.00040862 0.99999992 0.00000000
vn -0.00040862 0.99999992 0.00000000
vn -0.00046471 0.99999989 0.00000000
vn -0.00046471 0.99999989 0.00000000
vn 0.00000000 0.00000000 -1.00000000
vn 0.00000000 0.00000000 -1.00000000
vn 0.00000000 0.00000000 -1.00000000
vn 0.00000000 0.00000000 -1.00000000
vn 0.00000000 0.00000000 1.00000000
vn 0.00000000 0.00000000 1.00000000
vn 0.00000000 0.00000000 1.00000000
vn 0.00000000 0.00000000 1.00000000
vn -0.99999967 -0.00081724 0.00000000
vn -0.99999967 -0.00081724 0.00000000
vn -0.99999967 -0.00081724 0.00000000
vn -0.99999967 -0.00081724 0.00000000
vn 0.99999925 0.00122586 0.00000000
vn 0.99999925 0.00122586 0.00000000
vn 0.99999925 0.00122586 0.00000000
vn 0.99999925 0.00122586 0.00000000
vn 0.00081724 -0.99999967 0.00000000
vn 0.00122586 -0.99999925 0.00000000
vn 0.00122586 -0.99999925 0.00000000
vn 0.00081724 -0.99999967 0.00000000
vn -0.00081724 0.99999967 0.00000000
vn -0.00081724 0.99999967 0.00000000
vn -0.00122586 0.99999925 0.00000000
vn -0.00122586 0.99999925 0.00000000
vn 0.00000000 0.00000000 -1.00000000
vn 0.00000000 0.00000000 -1.00000000
vn 0.00000000 0.00000000 -1.00000000
vn 0.00000000 0.00000000 -1.00000000
vn 0.00000000 0.00000000 1.00000000
vn 0.00000000 0.00000000 1.00000000
vn 0.00000000 0.00000000 1.00000000
vn 0.00000000 0.00000000 1.00000000
vn -0.99999967 -0.00081724 0.00000000
vn -0.99999967 -0.00081724 0.00000000
vn -0.99999967 -0.00081724 0.00000000
vn -0.99999967 -0.00081724 0.00000000
vn 0.99999962 0.00087333 0.00000000
vn 0.99999962 0.00087333 0.00000000
vn 0.99999962 0.00087333 0.00000000
vn 0.99999962 0.00087333 0.00000000
vn 0.00081724 -0.99999967 0.00000000
vn 0.00087333 -0.99999962 0.00000000
vn 0.00087333 -0.99999962 0.00000000
vn 0.00081724 -0.99999967 0.00000000
vn -0.00081724 0.99999967 0.00000000
vn -0.00081724 0.99999967 0.00000000
vn -0.00087333 0.99999962 0.00000000
vn -0.00087333 0.99999962 0.00000000
vn 0.00000000 0.00000000 -1.00000000
vn 0.00000000 0.00000000 -1.00000000
vn 0.00000000 0.00000000 -1.00000000
vn 0.00000000 0.00000000 -1.00000000
vn 0.00000000 0.00000000 1.00000000
vn 0.00000000 0.00000000 1.00000000
vn 0.00000000 0.00000000 1.00000000
vn 0.00000000 0.00000000 1.00000000
vn -0.99999925 -0.00122586 0.00000000
vn -0.99999925 -0.00122586 0.00000000
vn -0.99999925 -0.00122586 0.00000000
vn -0.99999925 -0.00122586 0.00000000
vn 0.99999866 0.00163448 0.00000000
vn 0.99999866 0.00163448 0.00000000
vn 0.99999866 0.00163448 0.00000000
vn 0.99999866 0.00163448 0.00000000
vn 0.00122586 -0.99999925 0.00000000
vn 0.00163448 -0.99999866 0.00000000
vn 0.00163448 -0.99999866 0.00000000
vn 0.00122586 -0.99999925 0.00000000
vn -0.00122586 0.99999925 0.00000000
vn -0.00122586 0.99999925 0.00000000
vn -0.00163448 0.99999866 0.00000000
vn -0.00163448 0.99999866 0.00000000
vn 0.00000000 0.00000000 -1.00000000
vn 0.00000000 0.00000000 -1.00000000
vn 0.00000000 0.00000000 -1.00000000
vn 0.00000000 0.00000000 -1.00000000
vn 0.00000000 0.00000000 1.00000000
vn 0.00000000 0.00000000 1.00000000
vn 0.00000000 0.00000000 1.00000000
vn 0.00000000 0.00000000 1.00000000
vn -0.99999925 -0.00122586 0.00000000
vn -0.99999925 -0.00122586 0.00000000
vn -0.99999925 -0.00122586 0.00000000
vn -0.99999925 -0.00122586 0.00000000
vn 0.99999918 0.00128195 0.00000000
vn 0.99999918 0.00128195 0.00000000
vn 0.99999918 0.00128195 0.00000000
vn 0.99999918 0.00128195 0.00000000
vn 0.00122586 -0.99999925 0.00000000
vn 0.00128195 -0.99999918 0.00000000
vn 0.00128195 -0.99999918 0.00000000
vn 0.00122586 -0.99999925 0.00000000
vn -0.00122586 0.99999925 0.00000000
vn -0.00122586 0.99999925 0.00000000
vn -0.00128195 0.99999918 0.00000000
vn -0.00128195 0.99999918 0.00000000
vn 0.00000000 0.00000000 -1.00000000
vn 0.00000000 0.00000000 -1.00000000
vn 0.00000000 0.00000000 -1.00000000
vn 0.00000000 0.00000000 -1.00000000
vn 0.00000000 0.00000000 1.00000000
vn 0.00000000 0.00000000 1.00000000
vn 0.00000000 0.00000000 1.00000000
vn 0.00000000 0.00000000 1.00000000
vn -0.99999866 -0.00163448 0.00000000
vn -0.99999866 -0.00163448 0.00000000
vn -0.99999866 -0.00163448 0.00000000
vn -0.99999866 -0.00163448 0.00000000
vn 0.99999791 0.00204310 0.00000000
vn 0.99999791 0.00204310 0.00000000
vn 0.99999791 0.00204310 0.00000000
vn 0.99999791 0.00204310 0.00000000
vn 0.00163448 -0.99999866 0.00000000
vn 0.00204310 -0.99999791 0.00000000
vn 0.00204310 -0.99999791 0.00000000
vn 0.00163448 -0.99999866 0.00000000
vn -0.00163448 0.99999866 0.00000000
vn -0.00163448 0.99999866 0.00000000
vn -0.00204310 0.99999791 0.00000000
vn -0.00204310 0.99999791 0.00000000
vn 0.00000000 0.00000000 -1.00000000
vn 0.00000000 0.00000000 -1.00000000
vn 0.00000000 0.00000000 -1.00000000
vn 0.00000000 0.00000000 -1.00000000
vn 0.00000000 0.00000000 1.00000000
vn 0.00000000 0.00000000 1.00000000
vn 0.00000000 0.00000000 1.00000000
vn 0.00000000 0.00000000 1.00000000
vn -0.99999866 -0.00163448 0.00000000
vn -0.99999866 -0.00163448 0.00000000
vn -0.99999866 -0.00163448 0.00000000
vn -0.99999866 -0.00163448 0.00000000
vn 0.99999857 0.00169057 0.00000000
vn 0.99999857 0.00169057 0.00000000
vn 0.99999857 0.00169057 0.00000000
vn 0.99999857 0.00169057 0.00000000
vn 0.00163448 -0.99999866 0.00000000
vn 0.00169057 -0.99999857 0.00000000
vn 0.00169057 -0.99999857 0.00000000
vn 0.00163448 -0.99999866 0.00000000
vn -0.00163448 0.99999866 0.00000000
vn -0.00163448 0.99999866 0.00000000
vn -0.00169057 0.99999857 0.00000000
vn -0.00169057 0.99999857 0.00000000
vn 0.00000000 0.00000000 -1.00000000
vn 0.00000000 0.00000000 -1.00000000
vn 0.00000000 0.00000000 -1.00000000
vn 0.00000000 0.00000000 -1.00000000
vn 0.00000000 0.00000000 1.00000000
vn 0.00000000 0.00000000 1.00000000
vn 0.00000000 0.00000000 1.00000000
vn 0.00000000 0.00000000 1.00000000
vn -0.99999791 -0.00204310 0.00000000
vn -0.99999791 -0.00204310 0.00000000
vn -0.99999791 -0.00204310 0.00000000
vn -0.99999791 -0.00204310 0.00000000
vn 0.99999699 0.00245172 0.00000000
vn 0.99999699 0.00245172 0.00000000
vn 0.99999699 0.00245172 0.00000000
vn 0.99999699 0.00245172 0.00000000
vn 0.00204310 -0.99999791 0.00000000
vn 0.00245172 -0.99999699 0.00000000
vn 0.00245172 -0.99999699 0.00000000
vn 0.00204310 -0.99999791 0.00000000
vn -0.00204310 0.99999791 0.00000000
vn -0.00204310 0.99999791 0.00000000
vn -0.00245172 0.99999699 0.00000000
vn -0.00245172 0.99999699 0.00000000
vn 0.00000000 0.00000000 -1.00000000
vn 0.00000000 0.00000000 -1.00000000
vn 0.00000000 0.00000000 -1.00000000
vn 0.00000000 0.00000000 -1.00000000
vn 0.00000000 0.00000000 1.00000000
vn 0.00000000 0.00000000 1.00000000
vn 0.00000000 0.00000000 1.00000000
vn 0.00000000 0.00000000 1.00000000
vn -0.99999791 -0.00204310 0.00000000
vn -0.99999791 -0.00204310 0.00000000
vn -0.99999791 -0.00204310 0.00000000
vn -0.99999791 -0.00204310 0.00000000
vn 0.99999780 0.00209919 0.00000000
vn 0.99999780 0.00209919 0.00000000
vn 0.99999780 0.00209919 0.00000000
vn 0.99999780 0.00209919 0.00000000
vn 0.00204310 -0.99999791 0.00000000
vn 0.00209919 -0.99999780 0.00000000
vn 0.00209919 -0.99999780 0.00000000
vn 0.00204310 -0.99999791 0.00000000
vn -0.00204310 0.99999791 0.00000000
vn -0.00204310 0.99999791 0.00000000
vn -0.00209919 0.99999780 0.00000000
vn -0.00209919 0.99999780 0.00000000
vn 0.00000000 0.00000000 -1.00000000
vn 0.00000000 0.00000000 -1.00000000
vn 0.00000000 0.00000000 -1.00000000
vn 0.00000000 0.00000000 -1.00000000
vn 0.00000000 0.00000000 1.00000000
vn 0.00000000 0.00000000 1.00000000
vn 0.00000000 0.00000000 1.00000000
vn 0.00000000 0.00000000 1.00000000
vn -0.99999699 -0.00245172 0.00000000
vn -0.99999699 -0.00245172 0.00000000
vn -0.99999699 -0.00245172 0.00000000
vn -0.99999699 -0.00245172 0.00000000
vn 0.99999591 0.00286034 0.00000000
vn 0.99999591 0.00286034 0.00000000
vn 0.99999591 0.00286034 0.00000000
vn 0.99999591 0.00286034 0.00000000
vn 0.00245172 -0.99999699 0.00000000
vn 0.00286034 -0.99999591 0.00000000
vn 0.00286034 -0.99999591 0.00000000
vn 0.00245172 -0.99999699 0.00000000
vn -0.00245172 0.99999699 0.00000000
vn -0.00245172 0.99999699 0.00000000
vn -0.00286034 0.99999591 0.00000000
vn -0.00286034 0.99999591 0.00000000
vn 0.00000000 0.00000000 -1.00000000
vn 0.00000000 0.00000000 -1.00000000
vn 0.00000000 0.00000000 -1.00000000
vn 0.00000000 0.00000000 -1.00000000
vn 0.00000000 0.00000000 1.00000000
vn 0.00000000 0.00000000 1.00000000
vn 0.00000000 0.00000000 1.00000000
vn 0.00000000 0.00000000 1.00000000
vn -0.99999699 -0.00245172 0.00000000
vn -0.99999699 -0.00245172 0.00000000
vn -0.99999699 -0.00245172 0.00000000
vn -0.99999699 -0.00245172 0.00000000
vn 0.99999686 0.00250781 0.00000000
vn 0.99999686 0.00250781 0.00000000
vn 0.99999686 0.00250781 0.00000000
vn 0.99999686 0.00250781 0.00000000
vn 0.00245172 -0.99999699 0.00000000
vn 0.00250781 -0.99999686 0.00000000
vn 0.00250781 -0.99999686 0.00000000
vn 0.00245172 -0.99999699 0.00000000
vn -0.00245172 0.99999699 0.00000000
vn -0.00245172 0.99999699 0.00000000
vn -0.00250781 0.99999686 0.00000000
vn -0.00250781 0.99999686 0.00000000
vn 0.00000000 0.00000000 -1.00000000
vn 0.00000000 0.00000000 -1.00000000
vn 0.00000000 0.00000000 -1.00000000
vn 0.00000000 0.00000000 -1.00000000
vn 0.00000000 0.00000000 1.00000000
vn 0.00000000 0.00000000 1.00000000
vn 0.00000000 0.00000000 1.00000000
vn 0.00000000 0.00000000 1.00000000
vn -0.99743371 0.07159601 0.00000000
vn -0.99743371 0.07159601 0.00000000
vn -0.99743371 0.07159601 0.00000000
vn -0.99743371 0.07159601 0.00000000
vn 0.99744334 -0.07146175 0.00000000
vn 0.99744334 -0.07146175 0.00000000
vn 0.99744334 -0.07146175 0.00000000
vn 0.99744334 -0.07146175 0.00000000
vn 0.00000000 0.00000000 -1.00000000
vn 0.00000000 0.00000000 -1.00000000
vn 0.00000000 0.00000000 -1.00000000
vn 0.00000000 0.00000000 -1.00000000
vn 0.00000000 0.00000000 1.00000000
vn 0.00000000 0.00000000 1.00000000
vn 0.00000000 0.00000000 1.00000000
vn 0.00000000 0.00000000 1.00000000
vn -0.99744334 -0.07146175 0.00000000
vn -0.99744334 -0.07146175 0.00000000
vn -0.99744334 -0.07146175 0.00000000
vn -0.99744334 -0.07146175 0.00000000
vn 0.99743371 0.07159601 0.00000000
vn 0.99743371 0.07159601 0.00000000
vn 0.99743371 0.07159601 0.00000000
vn 0.99743371 0.07159601 0.00000000
vn 0.00000000 0.00000000 -1.00000000
vn 0.00000000 0.00000000 -1.00000000
vn 0.00000000 0.00000000 -1.00000000
vn 0.00000000 0.00000000 -1.00000000
vn 0.00000000 0.00000000 1.00000000
vn 0.00000000 0.00000000 1.00000000
vn 0.00000000 0.00000000 1.00000000
vn 0.00000000 0.00000000 1.00000000
vn -0.99743371 0.07159601 0.00000000
vn -0.99743371 0.07159601 0.00000000
vn -0.99743371 0.07159601 0.00000000
vn -0.99743371 0.07159601 0.00000000
vn 0.00000000 0.00000000 -1.00000000
vn 0.00000000 0.00000000 -1.00000000
vn 0.00000000 0.00000000 -1.00000000
vn 0.00000000 0.00000000 -1.00000000
vn 0.00000000 0.00000000 1.00000000
vn 0.00000000 0.00000000 1.00000000
vn 0.00000000 0.00000000 1.00000000
vn 0.00000000 0.00000000 1.00000000
vn 0.99811435 -0.06138195 0.00000000
vn 0.99811435 -0.06138195 0.00000000
vn 0.99811435 -0.06138195 0.00000000
vn 0.99811435 -0.06138195 0.00000000
vn 0.00000000 0.00000000 -1.00000000
vn 0.00000000 0.00000000 -1.00000000
vn 0.00000000 0.00000000 -1.00000000
vn 0.00000000 0.00000000 -1.00000000
vn 0.00000000 0.00000000 1.00000000
vn 0.00000000 0.00000000 1.00000000
vn 0.00000000 0.00000000 1.00000000
vn 0.00000000 0.00000000 1.00000000
vn -0.99743371 0.07159601 0.00000000
vn -0.99743371 0.07159601 0.00000000
vn -0.99743371 0.07159601 0.00000000
vn -0.99743371 0.07159601 0.00000000
vn -0.07159601 -0.99743371 0.00000000
vn -0.06819210 -0.99767221 0.00000000
vn -0.06819210 -0.99767221 0.00000000
vn -0.07159601 -0.99743371 0.00000000
vn 0.07159601 0.99743371 0.00000000
vn 0.07159601 0.99743371 0.00000000
vn 0.06819210 0.99767221 0.00000000
vn 0.06819210 0.99767221 0.00000000
vn 0.00000000 0.00000000 -1.00000000
vn 0.00000000 0.00000000 -1.00000000
vn 0.00000000 0.00000000 -1.00000000
vn 0.00000000 0.00000000 -1.00000000
vn 0.00000000 0.00000000 1.00000000
vn 0.00000000 0.00000000 1.00000000
vn 0.00000000 0.00000000 1.00000000
vn 0.00000000 0.00000000 1.00000000
vn -0.06819210 -0.99767221 0.00000000
vn -0.06478740 -0.99789909 0.00000000
vn -0.06478740 -0.99789909 0.00000000
vn -0.06819210 -0.99767221 0.00000000
vn 0.06819210 0.99767221 0.00000000
vn 0.06819210 0.99767221 0.00000000
vn 0.06478740 0.99789909 0.00000000
vn 0.06478740 0.99789909 0.00000000
vn 0.00000000 0.00000000 -1.00000000
vn 0.00000000 0.00000000 -1.00000000
vn 0.00000000 0.00000000 -1.00000000
vn 0.00000000 0.00000000 -1.00000000
vn 0.00000000 0.00000000 1.00000000
vn 0.00000000 0.00000000 1.00000000
vn 0.00000000 0.00000000 1.00000000
vn 0.00000000 0.00000000 1.00000000
vn 0.99811435 -0.06138195 0.00000000
vn 0.99811435 -0.06138195 0.00000000
vn 0.99811435 -0.06138195 0.00000000
vn 0.99811435 -0.06138195 0.00000000
vn -0.06478740 -0.99789909 0.00000000
vn -0.06138195 -0.99811435 0.00000000
vn -0.06138195 -0.99811435 0.00000000
vn -0.06478740 -0.99789909 0.00000000
vn 0.06478740 0.99789909 0.00000000
vn 0.06478740 0.99789909 0.00000000
vn 0.06138195 0.99811435 0.00000000
vn 0.06138195 0.99811435 0.00000000
vn 0.00000000 0.00000000 -1.00000000
vn 0.00000000 0.00000000 -1.00000000
vn 0.00000000 0.00000000 -1.00000000
vn 0.00000000 0.00000000 -1.00000000
vn 0.00000000 0.00000000 1.00000000
vn 0.00000000 0.00000000 1.00000000
vn 0.00000000 0.00000000 1.00000000
vn 0.00000000 0.00000000 1.00000000
vn -0.99743371 0.07159601 0.00000000
vn -0.99743371 0.07159601 0.00000000
vn -0.99743371 0.07159601 0.00000000
vn -0.99743371 0.07159601 0.00000000
vn 0.99797770 -0.06356500 0.00000000
vn 0.99797770 -0.06356500 0.00000000
vn 0.99797770 -0.06356500 0.00000000
vn 0.99797770 -0.06356500 0.00000000
vn 0.00000000 0.00000000 -1.00000000
vn 0.00000000 0.00000000 -1.00000000
vn 0.00000000 0.00000000 -1.00000000
vn 0.00000000 0.00000000 -1.00000000
vn 0.00000000 0.00000000 1.00000000
vn 0.00000000 0.00000000 1.00000000
vn 0.00000000 0.00000000 1.00000000
vn 0.00000000 0.00000000 1.00000000
vn -0.99743371 0.07159601 0.00000000
vn -0.99743371 0.07159601 0.00000000
vn -0.99743371 0.07159601 0.00000000
vn -0.99743371 0.07159601 0.00000000
vn 0.99797770 -0.06356500 0.00000000
vn 0.99797770 -0.06356500 0.00000000
vn 0.99797770 -0.06356500 0.00000000
vn 0.99797770 -0.06356500 0.00000000
vn 0.00000000 0.00000000 -1.00000000
vn 0.00000000 0.00000000 -1.00000000
vn 0.00000000 0.00000000 -1.00000000
vn 0.00000000 0.00000000 -1.00000000
vn 0.00000000 0.00000000 1.00000000
vn 0.00000000 0.00000000 1.00000000
vn 0.00000000 0.00000000 1.00000000
vn 0.00000000 0.00000000 1.00000000
vn -0.99743371 0.07159601 0.00000000
vn -0.99743371 0.07159601 0.00000000
vn -0.99743371 0.07159601 0.00000000
vn -0.99743371 0.07159601 0.00000000
vn 0.99797770 -0.06356500 0.00000000
vn 0.99797770 -0.06356500 0.00000000
vn 0.99797770 -0.06356500 0.00000000
vn 0.99797770 -0.06356500 0.00000000
vn 0.00000000 0.00000000 -1.00000000
vn 0.00000000 0.00000000 -1.00000000
vn 0.00000000 0.00000000 -1.00000000
vn 0.00000000 0.00000000 -1.00000000
vn 0.00000000 0.00000000 1.00000000
vn 0.00000000 0.00000000 1.00000000
vn 0.00000000 0.00000000 1.00000000
vn 0.00000000 0.00000000 1.00000000
vn -0.99810401 0.06154989 0.00000000
vn -0.99810401 0.06154989 0.00000000
vn -0.99810401 0.06154989 0.00000000
vn -0.99810401 0.06154989 0.00000000
vn 0.99811435 -0.06138195 0.00000000
vn 0.99811435 -0.06138195 0.00000000
vn 0.99811435 -0.06138195 0.00000000
vn 0.99811435 -0.06138195 0.00000000
vn 0.00000000 0.00000000 -1.00000000
vn 0.00000000 0.00000000 -1.00000000
vn 0.00000000 0.00000000 -1.00000000
vn 0.00000000 0.00000000 -1.00000000
vn 0.00000000 0.00000000 1.00000000
vn 0.00000000 0.00000000 1.00000000
vn 0.00000000 0.00000000 1.00000000
vn 0.00000000 0.00000000 1.00000000
vn -0.99797770 0.06356500 0.00000000
vn -0.99797770 0.06356500 0.00000000
vn -0.99797770 0.06356500 0.00000000
vn -0.99797770 0.06356500 0.00000000
vn 0.99810401 -0.06154989 0.00000000
vn 0.99810401 -0.06154989 0.00000000
vn 0.99810401 -0.06154989 0.00000000
vn 0.99810401 -0.06154989 0.00000000
vn -0.06356500 -0.99797770 0.00000000
vn -0.06154989 -0.99810401 0.00000000
vn -0.06154989 -0.99810401 0.00000000
vn -0.06356500 -0.99797770 0.00000000
vn 0.00000000 0.00000000 -1.00000000
vn 0.00000000 0.00000000 -1.00000000
vn 0.00000000 0.00000000 -1.00000000
vn 0.00000000 0.00000000 -1.00000000
vn 0.00000000 0.00000000 1.00000000
vn 0.00000000 0.00000000 1.00000000
vn 0.00000000 0.00000000 1.00000000
vn 0.00000000 0.00000000 1.00000000
vn -0.99744334 0.07146175 0.00000000
vn -0.99744334 0.07146175 0.00000000
vn -0.99744334 0.07146175 0.00000000
vn -0.99744334 0.07146175 0.00000000
vn -0.07146175 -0.99744334 0.00000000
vn -0.06648985 -0.99778710 0.00000000
vn -0.06648985 -0.99778710 0.00000000
vn -0.07146175 -0.99744334 0.00000000
vn 0.07146175 0.99744334 0.00000000
vn 0.07146175 0.99744334 0.00000000
vn 0.06648985 0.99778710 0.00000000
vn 0.06648985 0.99778710 0.00000000
vn 0.00000000 0.00000000 -1.00000000
vn 0.00000000 0.00000000 -1.00000000
vn 0.00000000 0.00000000 -1.00000000
vn 0.00000000 0.00000000 -1.00000000
vn 0.00000000 0.00000000 1.00000000
vn 0.00000000 0.00000000 1.00000000
vn 0.00000000 0.00000000 1.00000000
vn 0.00000000 0.00000000 1.00000000
vn 0.99810608 -0.06151630 0.00000000
vn 0.99810608 -0.06151630 0.00000000
vn 0.99810608 -0.06151630 0.00000000
vn 0.99810608 -0.06151630 0.00000000
vn -0.06648985 -0.99778710 0.00000000
vn -0.06151630 -0.99810608 0.00000000
vn -0.06151630 -0.99810608 0.00000000
vn -0.06648985 -0.99778710 0.00000000
vn 0.06648985 0.99778710 0.00000000
vn 0.06648985 0.99778710 0.00000000
vn 0.06151630 0.99810608 0.00000000
vn 0.06151630 0.99810608 0.00000000
vn 0.00000000 0.00000000 -1.00000000
vn 0.00000000 0.00000000 -1.00000000
vn 0.00000000 0.00000000 -1.00000000
vn 0.00000000 0.00000000 -1.00000000
vn 0.00000000 0.00000000 1.00000000
vn 0.00000000 0.00000000 1.00000000
vn 0.00000000 0.00000000 1.00000000
vn 0.00000000 0.00000000 1.00000000
vn -0.99811435 0.06138195 0.00000000
vn -0.99811435 0.06138195 0.00000000
vn -0.99811435 0.06138195 0.00000000
vn -0.99811435 0.06138195 0.00000000
vn 0.00000000 0.00000000 -1.00000000
vn 0.00000000 0.00000000 -1.00000000
vn 0.00000000 0.00000000 -1.00000000
vn 0.00000000 0.00000000 -1.00000000
vn 0.00000000 0.00000000 1.00000000
vn 0.00000000 0.00000000 1.00000000
vn 0.00000000 0.00000000 1.00000000
vn 0.00000000 0.00000000 1.00000000
vn 0.99869040 -0.05116145 0.00000000
vn 0.99869040 -0.05116145 0.00000000
vn 0.99869040 -0.05116145 0.00000000
vn 0.99869040 -0.05116145 0.00000000
vn 0.00000000 0.00000000 -1.00000000
vn 0.00000000 0.00000000 -1.00000000
vn 0.00000000 0.00000000 -1.00000000
vn 0.00000000 0.00000000 -1.00000000
vn 0.00000000 0.00000000 1.00000000
vn 0.00000000 0.00000000 1.00000000
vn 0.00000000 0.00000000 1.00000000
vn 0.00000000 0.00000000 1.00000000
vn -0.99811435 0.06138195 0.00000000
vn -0.99811435 0.06138195 0.00000000
vn -0.99811435 0.06138195 0.00000000
vn -0.99811435 0.06138195 0.00000000
vn -0.06138195 -0.99811435 0.00000000
vn -0.05797578 -0.99831799 0.00000000
vn -0.05797578 -0.99831799 0.00000000
vn -0.06138195 -0.99811435 0.00000000
vn 0.06138195 0.99811435 0.00000000
vn 0.06138195 0.99811435 0.00000000
vn 0.05797578 0.99831799 0.00000000
vn 0.05797578 0.99831799 0.00000000
vn 0.00000000 0.00000000 -1.00000000
vn 0.00000000 0.00000000 -1.00000000
vn 0.00000000 0.00000000 -1.00000000
vn 0.00000000 0.00000000 -1.00000000
vn 0.00000000 0.00000000 1.00000000
vn 0.00000000 0.00000000 1.00000000
vn 0.00000000 0.00000000 1.00000000
vn 0.00000000 0.00000000 1.00000000
vn -0.05797578 -0.99831799 0.00000000
vn -0.05456893 -0.99851001 0.00000000
vn -0.05456893 -0.99851001 0.00000000
vn -0.05797578 -0.99831799 0.00000000
vn 0.05797578 0.99831799 0.00000000
vn 0.05797578 0.99831799 0.00000000
vn 0.05456893 0.99851001 0.00000000
vn 0.05456893 0.99851001 0.00000000
vn 0.00000000 0.00000000 -1.00000000
vn 0.00000000 0.00000000 -1.00000000
vn 0.00000000 0.00000000 -1.00000000
vn 0.00000000 0.00000000 -1.00000000
vn 0.00000000 0.00000000 1.00000000
vn 0.00000000 0.00000000 1.00000000
vn 0.00000000 0.00000000 1.00000000
vn 0.00000000 0.00000000 1.00000000
vn 0.99869040 -0.05116145 0.00000000
vn 0.99869040 -0.05116145 0.00000000
vn 0.99869040 -0.05116145 0.00000000
vn 0.99869040 -0.05116145 0.00000000
vn -0.05456893 -0.99851001 0.00000000
vn -0.05116145 -0.99869040 0.00000000
vn -0.05116145 -0.99869040 0.00000000
vn -0.05456893 -0.99851001 0.00000000
vn 0.05456893 0.99851001 0.00000000
vn 0.05456893 0.99851001 0.00000000
vn 0.05116145 0.99869040 0.00000000
vn 0.05116145 0.99869040 0.00000000
vn 0.00000000 0.00000000 -1.00000000
vn 0.00000000 0.00000000 -1.00000000
vn 0.00000000 0.00000000 -1.00000000
vn 0.00000000 0.00000000 -1.00000000
vn 0.00000000 0.00000000 1.00000000
vn 0.00000000 0.00000000 1.00000000
vn 0.00000000 0.00000000 1.00000000
vn 0.00000000 0.00000000 1.00000000
vn -0.99811435 0.06138195 0.00000000
vn -0.99811435 0.06138195 0.00000000
vn -0.99811435 0.06138195 0.00000000
vn -0.99811435 0.06138195 0.00000000
vn 0.99812123 -0.06126999 0.00000000
vn 0.99812123 -0.06126999 0.00000000
vn 0.99812123 -0.06126999 0.00000000
vn 0.99812123 -0.06126999 0.00000000
vn -0.06138195 -0.99811435 0.00000000
vn -0.06126999 -0.99812123 0.00000000
vn -0.06126999 -0.99812123 0.00000000
vn -0.06138195 -0.99811435 0.00000000
vn 0.06138195 0.99811435 0.00000000
vn 0.06138195 0.99811435 0.00000000
vn 0.06126999 0.99812123 0.00000000
vn 0.06126999 0.99812123 0.00000000
vn 0.00000000 0.00000000 -1.00000000
vn 0.00000000 0.00000000 -1.00000000
vn 0.00000000 0.00000000 -1.00000000
vn 0.00000000 0.00000000 -1.00000000
vn 0.00000000 0.00000000 1.00000000
vn 0.00000000 0.00000000 1.00000000
vn 0.00000000 0.00000000 1.00000000
vn 0.00000000 0.00000000 1.00000000
vn -0.99811435 0.06138195 0.00000000
vn -0.99811435 0.06138195 0.00000000
vn -0.99811435 0.06138195 0.00000000
vn -0.99811435 0.06138195 0.00000000
vn 0.99857610 -0.05334579 0.00000000
vn 0.99857610 -0.05334579 0.00000000
vn 0.99857610 -0.05334579 0.00000000
vn 0.99857610 -0.05334579 0.00000000
vn 0.00000000 0.00000000 -1.00000000
vn 0.00000000 0.00000000 -1.00000000
vn 0.00000000 0.00000000 -1.00000000
vn 0.00000000 0.00000000 -1.00000000
vn 0.00000000 0.00000000 1.00000000
vn 0.00000000 0.00000000 1.00000000
vn 0.00000000 0.00000000 1.00000000
vn 0.00000000 0.00000000 1.00000000
vn -0.99811435 0.06138195 0.00000000
vn -0.99811435 0.06138195 0.00000000
vn -0.99811435 0.06138195 0.00000000
vn -0.99811435 0.06138195 0.00000000
vn 0.99857610 -0.05334579 0.00000000
vn 0.99857610 -0.05334579 0.00000000
vn 0.99857610 -0.05334579 0.00000000
vn 0.99857610 -0.05334579 0.00000000
vn 0.00000000 0.00000000 -1.00000000
vn 0.00000000 0.00000000 -1.00000000
vn 0.00000000 0.00000000 -1.00000000
vn 0.00000000 0.00000000 -1.00000000
vn 0.00000000 0.00000000 1.00000000
vn 0.00000000 0.00000000 1.00000000
vn 0.00000000 0.00000000 1.00000000
vn 0.00000000 0.00000000 1.00000000
vn -0.99811435 0.06138195 0.00000000
vn -0.99811435 0.06138195 0.00000000
vn -0.99811435 0.06138195 0.00000000
vn -0.99811435 0.06138195 0.00000000
vn 0.99857610 -0.05334579 0.00000000
vn 0.99857610 -0.05334579 0.00000000
vn 0.99857610 -0.05334579 0.00000000
vn 0.99857610 -0.05334579 0.00000000
vn 0.00000000 0.00000000 -1.00000000
vn 0.00000000 0.00000000 -1.00000000
vn 0.00000000 0.00000000 -1.00000000
vn 0.00000000 0.00000000 -1.00000000
vn 0.00000000 0.00000000 1.00000000
vn 0.00000000 0.00000000 1.00000000
vn 0.00000000 0.00000000 1.00000000
vn 0.00000000 0.00000000 1.00000000
vn -0.99868177 0.05132949 0.00000000
vn -0.99868177 0.05132949 0.00000000
vn -0.99868177 0.05132949 0.00000000
vn -0.99868177 0.05132949 0.00000000
vn 0.99869040 -0.05116145 0.00000000
vn 0.99869040 -0.05116145 0.00000000
vn 0.99869040 -0.05116145 0.00000000
vn 0.99869040 -0.05116145 0.00000000
vn 0.00000000 0.00000000 -1.00000000
vn 0.00000000 0.00000000 -1.00000000
vn 0.00000000 0.00000000 -1.00000000
vn 0.00000000 0.00000000 -1.00000000
vn 0.00000000 0.00000000 1.00000000
vn 0.00000000 0.00000000 1.00000000
vn 0.00000000 0.00000000 1.00000000
vn 0.00000000 0.00000000 1.00000000
vn -0.99857610 0.05334579 0.00000000
vn -0.99857610 0.05334579 0.00000000
vn -0.99857610 0.05334579 0.00000000
vn -0.99857610 0.05334579 0.00000000
vn 0.99868177 -0.05132949 0.00000000
vn 0.99868177 -0.05132949 0.00000000
vn 0.99868177 -0.05132949 0.00000000
vn 0.99868177 -0.05132949 0.00000000
vn -0.05334579 -0.99857610 0.00000000
vn -0.05132949 -0.99868177 0.00000000
vn -0.05132949 -0.99868177 0.00000000
vn -0.05334579 -0.99857610 0.00000000
vn 0.00000000 0.00000000 -1.00000000
vn 0.00000000 0.00000000 -1.00000000
vn 0.00000000 0.00000000 -1.00000000
vn 0.00000000 0.00000000 -1.00000000
vn 0.00000000 0.00000000 1.00000000
vn 0.00000000 0.00000000 1.00000000
vn 0.00000000 0.00000000 1.00000000
vn 0.00000000 0.00000000 1.00000000
vn -0.99812260 0.06124760 0.00000000
vn -0.99812260 0.06124760 0.00000000
vn -0.99812260 0.06124760 0.00000000
vn -0.99812260 0.06124760 0.00000000
vn -0.06124760 -0.99812260 0.00000000
vn -0.05627244 -0.99841545 0.00000000
vn -0.05627244 -0.99841545 0.00000000
vn -0.06124760 -0.99812260 0.00000000
vn 0.06124760 0.99812260 0.00000000
vn 0.06124760 0.99812260 0.00000000
vn 0.05627244 0.99841545 0.00000000
vn 0.05627244 0.99841545 0.00000000
vn 0.00000000 0.00000000 -1.00000000
vn 0.00000000 0.00000000 -1.00000000
vn 0.00000000 0.00000000 -1.00000000
vn 0.00000000 0.00000000 -1.00000000
vn 0.00000000 0.00000000 1.00000000
vn 0.00000000 0.00000000 1.00000000
vn 0.00000000 0.00000000 1.00000000
vn 0.00000000 0.00000000 1.00000000
vn 0.99868350 -0.05129588 0.00000000
vn 0.99868350 -0.05129588 0.00000000
vn 0.99868350 -0.05129588 0.00000000
vn 0.99868350 -0.05129588 0.00000000
vn -0.05627244 -0.99841545 0.00000000
vn -0.05129588 -0.99868350 0.00000000
vn -0.05129588 -0.99868350 0.00000000
vn -0.05627244 -0.99841545 0.00000000
vn 0.05627244 0.99841545 0.00000000
vn 0.05627244 0.99841545 0.00000000
vn 0.05129588 0.99868350 0.00000000
vn 0.05129588 0.99868350 0.00000000
vn 0.00000000 0.00000000 -1.00000000
vn 0.00000000 0.00000000 -1.00000000
vn 0.00000000 0.00000000 -1.00000000
vn 0.00000000 0.00000000 -1.00000000
vn 0.00000000 0.00000000 1.00000000
vn 0.00000000 0.00000000 1.00000000
vn 0.00000000 0.00000000 1.00000000
vn 0.00000000 0.00000000 1.00000000
vn -0.99869040 0.05116145 0.00000000
vn -0.99869040 0.05116145 0.00000000
vn -0.99869040 0.05116145 0.00000000
vn -0.99869040 0.05116145 0.00000000
vn 0.00000000 0.00000000 -1.00000000
vn 0.00000000 0.00000000 -1.00000000
vn 0.00000000 0.00000000 -1.00000000
vn 0.00000000 0.00000000 -1.00000000
vn 0.00000000 0.00000000 1.00000000
vn 0.00000000 0.00000000 1.00000000
vn 0.00000000 0.00000000 1.00000000
vn 0.00000000 0.00000000 1.00000000
vn 0.99916179 -0.04093560 0.00000000
vn 0.99916179 -0.04093560 0.00000000
vn 0.99916179 -0.04093560 0.00000000
vn 0.99916179 -0.04093560 0.00000000
vn 0.00000000 0.00000000 -1.00000000
vn 0.00000000 0.00000000 -1.00000000
vn 0.00000000 0.00000000 -1.00000000
vn 0.00000000 0.00000000 -1.00000000
vn 0.00000000 0.00000000 1.00000000
vn 0.00000000 0.00000000 1.00000000
vn 0.00000000 0.00000000 1.00000000
vn 0.00000000 0.00000000 1.00000000
vn -0.99869040 0.05116145 0.00000000
vn -0.99869040 0.05116145 0.00000000
vn -0.99869040 0.05116145 0.00000000
vn -0.99869040 0.05116145 0.00000000
vn -0.05116145 -0.99869040 0.00000000
vn -0.04775338 -0.99885916 0.00000000
vn -0.04775338 -0.99885916 0.00000000
vn -0.05116145 -0.99869040 0.00000000
vn 0.05116145 0.99869040 0.00000000
vn 0.05116145 0.99869040 0.00000000
vn 0.04775338 0.99885916 0.00000000
vn 0.04775338 0.99885916 0.00000000
vn 0.00000000 0.00000000 -1.00000000
vn 0.00000000 0.00000000 -1.00000000
vn 0.00000000 0.00000000 -1.00000000
vn 0.00000000 0.00000000 -1.00000000
vn 0.00000000 0.00000000 1.00000000
vn 0.00000000 0.00000000 1.00000000
vn 0.00000000 0.00000000 1.00000000
vn 0.00000000 0.00000000 1.00000000
vn -0.04775338 -0.99885916 0.00000000
vn -0.04434475 -0.99901629 0.00000000
vn -0.04434475 -0.99901629 0.00000000
vn -0.04775338 -0.99885916 0.00000000
vn 0.04775338 0.99885916 0.00000000
vn 0.04775338 0.99885916 0.00000000
vn 0.04434475 0.99901629 0.00000000
vn 0.04434475 0.99901629 0.00000000
vn 0.00000000 0.00000000 -1.00000000
vn 0.00000000 0.00000000 -1.00000000
vn 0.00000000 0.00000000 -1.00000000
vn 0.00000000 0.00000000 -1.00000000
vn 0.00000000 0.00000000 1.00000000
vn 0.00000000 0.00000000 1.00000000
vn 0.00000000 0.00000000 1.00000000
vn 0.00000000 0.00000000 1.00000000
vn 0.99916179 -0.04093560 0.00000000
vn 0.99916179 -0.04093560 0.00000000
vn 0.99916179 -0.04093560 0.00000000
vn 0.99916179 -0.04093560 0.00000000
vn -0.04434475 -0.99901629 0.00000000
vn -0.04093560 -0.99916179 0.00000000
vn -0.04093560 -0.99916179 0.00000000
vn -0.04434475 -0.99901629 0.00000000
vn 0.04434475 0.99901629 0.00000000
vn 0.04434475 0.99901629 0.00000000
vn 0.04093560 0.99916179 0.00000000
vn 0.04093560 0.99916179 0.00000000
vn 0.00000000 0.00000000 -1.00000000
vn 0.00000000 0.00000000 -1.00000000
vn 0.00000000 0.00000000 -1.00000000
vn 0.00000000 0.00000000 -1.00000000
vn 0.00000000 0.00000000 1.00000000
vn 0.00000000 0.00000000 1.00000000
vn 0.00000000 0.00000000 1.00000000
vn 0.00000000 0.00000000 1.00000000
vn -0.99869040 0.05116145 0.00000000
vn -0.99869040 0.05116145 0.00000000
vn -0.99869040 0.05116145 0.00000000
vn -0.99869040 0.05116145 0.00000000
vn 0.99869613 -0.05104943 0.00000000
vn 0.99869613 -0.05104943 0.00000000
vn 0.99869613 -0.05104943 0.00000000
vn 0.99869613 -0.05104943 0.00000000
vn -0.05116145 -0.99869040 0.00000000
vn -0.05104943 -0.99869613 0.00000000
vn -0.05104943 -0.99869613 0.00000000
vn -0.05116145 -0.99869040 0.00000000
vn 0.05116145 0.99869040 0.00000000
vn 0.05116145 0.99869040 0.00000000
vn 0.05104943 0.99869613 0.00000000
vn 0.05104943 0.99869613 0.00000000
vn 0.00000000 0.00000000 -1.00000000
vn 0.00000000 0.00000000 -1.00000000
vn 0.00000000 0.00000000 -1.00000000
vn 0.00000000 0.00000000 -1.00000000
vn 0.00000000 0.00000000 1.00000000
vn 0.00000000 0.00000000 1.00000000
vn 0.00000000 0.00000000 1.00000000
vn 0.00000000 0.00000000 1.00000000
vn -0.99869040 0.05116145 0.00000000
vn -0.99869040 0.05116145 0.00000000
vn -0.99869040 0.05116145 0.00000000
vn -0.99869040 0.05116145 0.00000000
vn 0.99906986 -0.04312099 0.00000000
vn 0.99906986 -0.04312099 0.00000000
vn 0.99906986 -0.04312099 0.00000000
vn 0.99906986 -0.04312099 0.00000000
vn 0.00000000 0.00000000 -1.00000000
vn 0.00000000 0.00000000 -1.00000000
vn 0.00000000 0.00000000 -1.00000000
vn 0.00000000 0.00000000 -1.00000000
vn 0.00000000 0.00000000 1.00000000
vn 0.00000000 0.00000000 1.00000000
vn 0.00000000 0.00000000 1.00000000
vn 0.00000000 0.00000000 1.00000000
vn -0.99869040 0.05116145 0.00000000
vn -0.99869040 0.05116145 0.00000000
vn -0.99869040 0.05116145 0.00000000
vn -0.99869040 0.05116145 0.00000000
vn 0.99906986 -0.04312099 0.00000000
vn 0.99906986 -0.04312099 0.00000000
vn 0.99906986 -0.04312099 0.00000000
vn 0.99906986 -0.04312099 0.00000000
vn 0.00000000 0.00000000 -1.00000000
vn 0.00000000 0.00000000 -1.00000000
vn 0.00000000 0.00000000 -1.00000000
vn 0.00000000 0.00000000 -1.00000000
vn 0.00000000 0.00000000 1.00000000
vn 0.00000000 0.00000000 1.00000000
vn 0.00000000 0.00000000 1.00000000
vn 0.00000000 0.00000000 1.00000000
vn -0.99869040 0.05116145 0.00000000
vn -0.99869040 0.05116145 0.00000000
vn -0.99869040 0.05116145 0.00000000
vn -0.99869040 0.05116145 0.00000000
vn 0.99906986 -0.04312099 0.00000000
vn 0.99906986 -0.04312099 0.00000000
vn 0.99906986 -0.04312099 0.00000000
vn 0.99906986 -0.04312099 0.00000000
vn 0.00000000 0.00000000 -1.00000000
vn 0.00000000 0.00000000 -1.00000000
vn 0.00000000 0.00000000 -1.00000000
vn 0.00000000 0.00000000 -1.00000000
vn 0.00000000 0.00000000 1.00000000
vn 0.00000000 0.00000000 1.00000000
vn 0.00000000 0.00000000 1.00000000
vn 0.00000000 0.00000000 1.00000000
vn -0.99915489 0.04110371 0.00000000
vn -0.99915489 0.04110371 0.00000000
vn -0.99915489 0.04110371 0.00000000
vn -0.99915489 0.04110371 0.00000000
vn 0.99916179 -0.04093560 0.00000000
vn 0.99916179 -0.04093560 0.00000000
vn 0.99916179 -0.04093560 0.00000000
vn 0.99916179 -0.04093560 0.00000000
vn 0.00000000 0.00000000 -1.00000000
vn 0.00000000 0.00000000 -1.00000000
vn 0.00000000 0.00000000 -1.00000000
vn 0.00000000 0.00000000 -1.00000000
vn 0.00000000 0.00000000 1.00000000
vn 0.00000000 0.00000000 1.00000000
vn 0.00000000 0.00000000 1.00000000
vn 0.00000000 0.00000000 1.00000000
vn -0.99906986 0.04312099 0.00000000
vn -0.99906986 0.04312099 0.00000000
vn -0.99906986 0.04312099 0.00000000
vn -0.99906986 0.04312099 0.00000000
vn 0.99915489 -0.04110371 0.00000000
vn 0.99915489 -0.04110371 0.00000000
vn 0.99915489 -0.04110371 0.00000000
vn 0.99915489 -0.04110371 0.00000000
vn -0.04312099 -0.99906986 0.00000000
vn -0.04110371 -0.99915489 0.00000000
vn -0.04110371 -0.99915489 0.00000000
vn -0.04312099 -0.99906986 0.00000000
vn 0.00000000 0.00000000 -1.00000000
vn 0.00000000 0.00000000 -1.00000000
vn 0.00000000 0.00000000 -1.00000000
vn 0.00000000 0.00000000 -1.00000000
vn 0.00000000 0.00000000 1.00000000
vn 0.00000000 0.00000000 1.00000000
vn 0.00000000 0.00000000 1.00000000
vn 0.00000000 0.00000000 1.00000000
vn -0.99869727 0.05102703 0.00000000
vn -0.99869727 0.05102703 0.00000000
vn -0.99869727 0.05102703 0.00000000
vn -0.99869727 0.05102703 0.00000000
vn -0.05102703 -0.99869727 0.00000000
vn -0.04604913 -0.99893918 0.00000000
vn -0.04604913 -0.99893918 0.00000000
vn -0.05102703 -0.99869727 0.00000000
vn 0.05102703 0.99869727 0.00000000
vn 0.05102703 0.99869727 0.00000000
vn 0.04604913 0.99893918 0.00000000
vn 0.04604913 0.99893918 0.00000000
vn 0.00000000 0.00000000 -1.00000000
vn 0.00000000 0.00000000 -1.00000000
vn 0.00000000 0.00000000 -1.00000000
vn 0.00000000 0.00000000 -1.00000000
vn 0.00000000 0.00000000 1.00000000
vn 0.00000000 0.00000000 1.00000000
vn 0.00000000 0.00000000 1.00000000
vn 0.00000000 0.00000000 1.00000000
vn 0.99915627 -0.04107009 0.00000000
vn 0.99915627 -0.04107009 0.00000000
vn 0.99915627 -0.04107009 0.00000000
vn 0.99915627 -0.04107009 0.00000000
vn -0.04604913 -0.99893918 0.00000000
vn -0.04107009 -0.99915627 0.00000000
vn -0.04107009 -0.99915627 0.00000000
vn -0.04604913 -0.99893918 0.00000000
vn 0.04604913 0.99893918 0.00000000
vn 0.04604913 0.99893918 0.00000000
vn 0.04107009 0.99915627 0.00000000
vn 0.04107009 0.99915627 0.00000000
vn 0.00000000 0.00000000 -1.00000000
vn 0.00000000 0.00000000 -1.00000000
vn 0.00000000 0.00000000 -1.00000000
vn 0.00000000 0.00000000 -1.00000000
vn 0.00000000 0.00000000 1.00000000
vn 0.00000000 0.00000000 1.00000000
vn 0.00000000 0.00000000 1.00000000
vn 0.00000000 0.00000000 1.00000000
vn -0.99916179 0.04093560 0.00000000
vn -0.99916179 0.04093560 0.00000000
vn -0.99916179 0.04093560 0.00000000
vn -0.99916179 0.04093560 0.00000000
vn 0.00000000 0.00000000 -1.00000000
vn 0.00000000 0.00000000 -1.00000000
vn 0.00000000 0.00000000 -1.00000000
vn 0.00000000 0.00000000 -1.00000000
vn 0.00000000 0.00000000 1.00000000
vn 0.00000000 0.00000000 1.00000000
vn 0.00000000 0.00000000 1.00000000
vn 0.00000000 0.00000000 1.00000000
vn 0.99952848 -0.03070545 0.00000000
vn 0.99952848 -0.03070545 0.00000000
vn 0.99952848 -0.03070545 0.00000000
vn 0.99952848 -0.03070545 0.00000000
vn 0.00000000 0.00000000 -1.00000000
vn 0.00000000 0.00000000 -1.00000000
vn 0.00000000 0.00000000 -1.00000000
vn 0.00000000 0.00000000 -1.00000000
vn 0.00000000 0.00000000 1.00000000
vn 0.00000000 0.00000000 1.00000000
vn 0.00000000 0.00000000 1.00000000
vn 0.00000000 0.00000000 1.00000000
vn -0.99916179 0.04093560 0.00000000
vn -0.99916179 0.04093560 0.00000000
vn -0.99916179 0.04093560 0.00000000
vn -0.99916179 0.04093560 0.00000000
vn -0.04093560 -0.99916179 0.00000000
vn -0.03752597 -0.99929565 0.00000000
vn -0.03752597 -0.99929565 0.00000000
vn -0.04093560 -0.99916179 0.00000000
vn 0.04093560 0.99916179 0.00000000
vn 0.04093560 0.99916179 0.00000000
vn 0.03752597 0.99929565 0.00000000
vn 0.03752597 0.99929565 0.00000000
vn 0.00000000 0.00000000 -1.00000000
vn 0.00000000 0.00000000 -1.00000000
vn 0.00000000 0.00000000 -1.00000000
vn 0.00000000 0.00000000 -1.00000000
vn 0.00000000 0.00000000 1.00000000
vn 0.00000000 0.00000000 1.00000000
vn 0.00000000 0.00000000 1.00000000
vn 0.00000000 0.00000000 1.00000000
vn -0.03752597 -0.99929565 0.00000000
vn -0.03411591 -0.99941788 0.00000000
vn -0.03411591 -0.99941788 0.00000000
vn -0.03752597 -0.99929565 0.00000000
vn 0.03752597 0.99929565 0.00000000
vn 0.03752597 0.99929565 0.00000000
vn 0.03411591 0.99941788 0.00000000
vn 0.03411591 0.99941788 0.00000000
vn 0.00000000 0.00000000 -1.00000000
vn 0.00000000 0.00000000 -1.00000000
vn 0.00000000 0.00000000 -1.00000000
vn 0.00000000 0.00000000 -1.00000000
vn 0.00000000 0.00000000 1.00000000
vn 0.00000000 0.00000000 1.00000000
vn 0.00000000 0.00000000 1.00000000
vn 0.00000000 0.00000000 1.00000000
vn 0.99952848 -0.03070545 0.00000000
vn 0.99952848 -0.03070545 0.00000000
vn 0.99952848 -0.03070545 0.00000000
vn 0.99952848 -0.03070545 0.00000000
vn -0.03411591 -0.99941788 0.00000000
vn -0.03070545 -0.99952848 0.00000000
vn -0.03070545 -0.99952848 0.00000000
vn -0.03411591 -0.99941788 0.00000000
vn 0.03411591 0.99941788 0.00000000
vn 0.03411591 0.99941788 0.00000000
vn 0.03070545 0.99952848 0.00000000
vn 0.03070545 0.99952848 0.00000000
vn 0.00000000 0.00000000 -1.00000000
vn 0.00000000 0.00000000 -1.00000000
vn 0.00000000 0.00000000 -1.00000000
vn 0.00000000 0.00000000 -1.00000000
vn 0.00000000 0.00000000 1.00000000
vn 0.00000000 0.00000000 1.00000000
vn 0.00000000 0.00000000 1.00000000
vn 0.00000000 0.00000000 1.00000000
vn -0.99916179 0.04093560 0.00000000
vn -0.99916179 0.04093560 0.00000000
vn -0.99916179 0.04093560 0.00000000
vn -0.99916179 0.04093560 0.00000000
vn 0.99916637 -0.04082352 0.00000000
vn 0.99916637 -0.04082352 0.00000000
vn 0.99916637 -0.04082352 0.00000000
vn 0.99916637 -0.04082352 0.00000000
vn -0.04093560 -0.99916179 0.00000000
vn -0.04082352 -0.99916637 0.00000000
vn -0.04082352 -0.99916637 0.00000000
vn -0.04093560 -0.99916179 0.00000000
vn 0.04093560 0.99916179 0.00000000
vn 0.04093560 0.99916179 0.00000000
vn 0.04082352 0.99916637 0.00000000
vn 0.04082352 0.99916637 0.00000000
vn 0.00000000 0.00000000 -1.00000000
vn 0.00000000 0.00000000 -1.00000000
vn 0.00000000 0.00000000 -1.00000000
vn 0.00000000 0.00000000 -1.00000000
vn 0.00000000 0.00000000 1.00000000
vn 0.00000000 0.00000000 1.00000000
vn 0.00000000 0.00000000 1.00000000
vn 0.00000000 0.00000000 1.00000000
vn -0.99916179 0.04093560 0.00000000
vn -0.99916179 0.04093560 0.00000000
vn -0.99916179 0.04093560 0.00000000
vn -0.99916179 0.04093560 0.00000000
vn 0.99945892 -0.03289167 0.00000000
vn 0.99945892 -0.03289167 0.00000000
vn 0.99945892 -0.03289167 0.00000000
vn 0.99945892 -0.03289167 0.00000000
vn 0.00000000 0.00000000 -1.00000000
vn 0.00000000 0.00000000 -1.00000000
vn 0.00000000 0.00000000 -1.00000000
vn 0.00000000 0.00000000 -1.00000000
vn 0.00000000 0.00000000 1.00000000
vn 0.00000000 0.00000000 1.00000000
vn 0.00000000 0.00000000 1.00000000
vn 0.00000000 0.00000000 1.00000000
vn -0.99916179 0.04093560 0.00000000
vn -0.99916179 0.04093560 0.00000000
vn -0.99916179 0.04093560 0.00000000
vn -0.99916179 0.04093560 0.00000000
vn 0.99945892 -0.03289167 0.00000000
vn 0.99945892 -0.03289167 0.00000000
vn 0.99945892 -0.03289167 0.00000000
vn 0.99945892 -0.03289167 0.00000000
vn 0.00000000 0.00000000 -1.00000000
vn 0.00000000 0.00000000 -1.00000000
vn 0.00000000 0.00000000 -1.00000000
vn 0.00000000 0.00000000 -1.00000000
vn 0.00000000 0.00000000 1.00000000
vn 0.00000000 0.00000000 1.00000000
vn 0.00000000 0.00000000 1.00000000
vn 0.00000000 0.00000000 1.00000000
vn -0.99916179 0.04093560 0.00000000
vn -0.99916179 0.04093560 0.00000000
vn -0.99916179 0.04093560 0.00000000
vn -0.99916179 0.04093560 0.00000000
vn 0.99945892 -0.03289167 0.00000000
vn 0.99945892 -0.03289167 0.00000000
vn 0.99945892 -0.03289167 0.00000000
vn 0.99945892 -0.03289167 0.00000000
vn 0.00000000 0.00000000 -1.00000000
vn 0.00000000 0.00000000 -1.00000000
vn 0.00000000 0.00000000 -1.00000000
vn 0.00000000 0.00000000 -1.00000000
vn 0.00000000 0.00000000 1.00000000
vn 0.00000000 0.00000000 1.00000000
vn 0.00000000 0.00000000 1.00000000
vn 0.00000000 0.00000000 1.00000000
vn -0.99952330 0.03087363 0.00000000
vn -0.99952330 0.03087363 0.00000000
vn -0.99952330 0.03087363 0.00000000
vn -0.99952330 0.03087363 0.00000000
vn 0.99952848 -0.03070545 0.00000000
vn 0.99952848 -0.03070545 0.00000000
vn 0.99952848 -0.03070545 0.00000000
vn 0.99952848 -0.03070545 0.00000000
vn 0.00000000 0.00000000 -1.00000000
vn 0.00000000 0.00000000 -1.00000000
vn 0.00000000 0.00000000 -1.00000000
vn 0.00000000 0.00000000 -1.00000000
vn 0.00000000 0.00000000 1.00000000
vn 0.00000000 0.00000000 1.00000000
vn 0.00000000 0.00000000 1.00000000
vn 0.00000000 0.00000000 1.00000000
vn -0.99945892 0.03289167 0.00000000
vn -0.99945892 0.03289167 0.00000000
vn -0.99945892 0.03289167 0.00000000
vn -0.99945892 0.03289167 0.00000000
vn 0.99952330 -0.03087363 0.00000000
vn 0.99952330 -0.03087363 0.00000000
vn 0.99952330 -0.03087363 0.00000000
vn 0.99952330 -0.03087363 0.00000000
vn -0.03289167 -0.99945892 0.00000000
vn -0.03087363 -0.99952330 0.00000000
vn -0.03087363 -0.99952330 0.00000000
vn -0.03289167 -0.99945892 0.00000000
vn 0.00000000 0.00000000 -1.00000000
vn 0.00000000 0.00000000 -1.00000000
vn 0.00000000 0.00000000 -1.00000000
vn 0.00000000 0.00000000 -1.00000000
vn 0.00000000 0.00000000 1.00000000
vn 0.00000000 0.00000000 1.00000000
vn 0.00000000 0.00000000 1.00000000
vn 0.00000000 0.00000000 1.00000000
vn -0.99916729 0.04080111 0.00000000
vn -0.99916729 0.04080111 0.00000000
vn -0.99916729 0.04080111 0.00000000
vn -0.99916729 0.04080111 0.00000000
vn -0.04080111 -0.99916729 0.00000000
vn -0.03582099 -0.99935822 0.00000000
vn -0.03582099 -0.99935822 0.00000000
vn -0.04080111 -0.99916729 0.00000000
vn 0.04080111 0.99916729 0.00000000
vn 0.04080111 0.99916729 0.00000000
vn 0.03582099 0.99935822 0.00000000
vn 0.03582099 0.99935822 0.00000000
vn 0.00000000 0.00000000 -1.00000000
vn 0.00000000 0.00000000 -1.00000000
vn 0.00000000 0.00000000 -1.00000000
vn 0.00000000 0.00000000 -1.00000000
vn 0.00000000 0.00000000 1.00000000
vn 0.00000000 0.00000000 1.00000000
vn 0.00000000 0.00000000 1.00000000
vn 0.00000000 0.00000000 1.00000000
vn 0.99952433 -0.03083999 0.00000000
vn 0.99952433 -0.03083999 0.00000000
vn 0.99952433 -0.03083999 0.00000000
vn 0.99952433 -0.03083999 0.00000000
vn -0.03582099 -0.99935822 0.00000000
vn -0.03083999 -0.99952433 0.00000000
vn -0.03083999 -0.99952433 0.00000000
vn -0.03582099 -0.99935822 0.00000000
vn 0.03582099 0.99935822 0.00000000
vn 0.03582099 0.99935822 0.00000000
vn 0.03083999 0.99952433 0.00000000
vn 0.03083999 0.99952433 0.00000000
vn 0.00000000 0.00000000 -1.00000000
vn 0.00000000 0.00000000 -1.00000000
vn 0.00000000 0.00000000 -1.00000000
vn 0.00000000 0.00000000 -1.00000000
vn 0.00000000 0.00000000 1.00000000
vn 0.00000000 0.00000000 1.00000000
vn 0.00000000 0.00000000 1.00000000
vn 0.00000000 0.00000000 1.00000000
vn -0.99952848 0.03070545 0.00000000
vn -0.99952848 0.03070545 0.00000000
vn -0.99952848 0.03070545 0.00000000
vn -0.99952848 0.03070545 0.00000000
vn 0.00000000 0.00000000 -1.00000000
vn 0.00000000 0.00000000 -1.00000000
vn 0.00000000 0.00000000 -1.00000000
vn 0.00000000 0.00000000 -1.00000000
vn 0.00000000 0.00000000 1.00000000
vn 0.00000000 0.00000000 1.00000000
vn 0.00000000 0.00000000 1.00000000
vn 0.00000000 0.00000000 1.00000000
vn 0.99979042 -0.02047209 0.00000000
vn 0.99979042 -0.02047209 0.00000000
vn 0.99979042 -0.02047209 0.00000000
vn 0.99979042 -0.02047209 0.00000000
vn 0.00000000 0.00000000 -1.00000000
vn 0.00000000 0.00000000 -1.00000000
vn 0.00000000 0.00000000 -1.00000000
vn 0.00000000 0.00000000 -1.00000000
vn 0.00000000 0.00000000 1.00000000
vn 0.00000000 0.00000000 1.00000000
vn 0.00000000 0.00000000 1.00000000
vn 0.00000000 0.00000000 1.00000000
vn -0.99952848 0.03070545 0.00000000
vn -0.99952848 0.03070545 0.00000000
vn -0.99952848 0.03070545 0.00000000
vn -0.99952848 0.03070545 0.00000000
vn -0.03070545 -0.99952848 0.00000000
vn -0.02729464 -0.99962743 0.00000000
vn -0.02729464 -0.99962743 0.00000000
vn -0.03070545 -0.99952848 0.00000000
vn 0.03070545 0.99952848 0.00000000
vn 0.03070545 0.99952848 0.00000000
vn 0.02729464 0.99962743 0.00000000
vn 0.02729464 0.99962743 0.00000000
vn 0.00000000 0.00000000 -1.00000000
vn 0.00000000 0.00000000 -1.00000000
vn 0.00000000 0.00000000 -1.00000000
vn 0.00000000 0.00000000 -1.00000000
vn 0.00000000 0.00000000 1.00000000
vn 0.00000000 0.00000000 1.00000000
vn 0.00000000 0.00000000 1.00000000
vn 0.00000000 0.00000000 1.00000000
vn -0.02729464 -0.99962743 0.00000000
vn -0.02388350 -0.99971475 0.00000000
vn -0.02388350 -0.99971475 0.00000000
vn -0.02729464 -0.99962743 0.00000000
vn 0.02729464 0.99962743 0.00000000
vn 0.02729464 0.99962743 0.00000000
vn 0.02388350 0.99971475 0.00000000
vn 0.02388350 0.99971475 0.00000000
vn 0.00000000 0.00000000 -1.00000000
vn 0.00000000 0.00000000 -1.00000000
vn 0.00000000 0.00000000 -1.00000000
vn 0.00000000 0.00000000 -1.00000000
vn 0.00000000 0.00000000 1.00000000
vn 0.00000000 0.00000000 1.00000000
vn 0.00000000 0.00000000 1.00000000
vn 0.00000000 0.00000000 1.00000000
vn 0.99979042 -0.02047209 0.00000000
vn 0.99979042 -0.02047209 0.00000000
vn 0.99979042 -0.02047209 0.00000000
vn 0.99979042 -0.02047209 0.00000000
vn -0.02388350 -0.99971475 0.00000000
vn -0.02047209 -0.99979042 0.00000000
vn -0.02047209 -0.99979042 0.00000000
vn -0.02388350 -0.99971475 0.00000000
vn 0.02388350 0.99971475 0.00000000
vn 0.02388350 0.99971475 0.00000000
vn 0.02047209 0.99979042 0.00000000
vn 0.02047209 0.99979042 0.00000000
vn 0.00000000 0.00000000 -1.00000000
vn 0.00000000 0.00000000 -1.00000000
vn 0.00000000 0.00000000 -1.00000000
vn 0.00000000 0.00000000 -1.00000000
vn 0.00000000 0.00000000 1.00000000
vn 0.00000000 0.00000000 1.00000000
vn 0.00000000 0.00000000 1.00000000
vn 0.00000000 0.00000000 1.00000000
vn -0.99952848 0.03070545 0.00000000
vn -0.99952848 0.03070545 0.00000000
vn -0.99952848 0.03070545 0.00000000
vn -0.99952848 0.03070545 0.00000000
vn 0.99953191 -0.03059333 0.00000000
vn 0.99953191 -0.03059333 0.00000000
vn 0.99953191 -0.03059333 0.00000000
vn 0.99953191 -0.03059333 0.00000000
vn -0.03070545 -0.99952848 0.00000000
vn -0.03059333 -0.99953191 0.00000000
vn -0.03059333 -0.99953191 0.00000000
vn -0.03070545 -0.99952848 0.00000000
vn 0.03070545 0.99952848 0.00000000
vn 0.03070545 0.99952848 0.00000000
vn 0.03059333 0.99953191 0.00000000
vn 0.03059333 0.99953191 0.00000000
vn 0.00000000 0.00000000 -1.00000000
vn 0.00000000 0.00000000 -1.00000000
vn 0.00000000 0.00000000 -1.00000000
vn 0.00000000 0.00000000 -1.00000000
vn 0.00000000 0.00000000 1.00000000
vn 0.00000000 0.00000000 1.00000000
vn 0.00000000 0.00000000 1.00000000
vn 0.00000000 0.00000000 1.00000000
vn -0.99952848 0.03070545 0.00000000
vn -0.99952848 0.03070545 0.00000000
vn -0.99952848 0.03070545 0.00000000
vn -0.99952848 0.03070545 0.00000000
vn 0.99974325 -0.02265891 0.00000000
vn 0.99974325 -0.02265891 0.00000000
vn 0.99974325 -0.02265891 0.00000000
vn 0.99974325 -0.02265891 0.00000000
vn 0.00000000 0.00000000 -1.00000000
vn 0.00000000 0.00000000 -1.00000000
vn 0.00000000 0.00000000 -1.00000000
vn 0.00000000 0.00000000 -1.00000000
vn 0.00000000 0.00000000 1.00000000
vn 0.00000000 0.00000000 1.00000000
vn 0.00000000 0.00000000 1.00000000
vn 0.00000000 0.00000000 1.00000000
vn -0.99952848 0.03070545 0.00000000
vn -0.99952848 0.03070545 0.00000000
vn -0.99952848 0.03070545 0.00000000
vn -0.99952848 0.03070545 0.00000000
vn 0.99974325 -0.02265891 0.00000000
vn 0.99974325 -0.02265891 0.00000000
vn 0.99974325 -0.02265891 0.00000000
vn 0.99974325 -0.02265891 0.00000000
vn 0.00000000 0.00000000 -1.00000000
vn 0.00000000 0.00000000 -1.00000000
vn 0.00000000 0.00000000 -1.00000000
vn 0.00000000 0.00000000 -1.00000000
vn 0.00000000 0.00000000 1.00000000
vn 0.00000000 0.00000000 1.00000000
vn 0.00000000 0.00000000 1.00000000
vn 0.00000000 0.00000000 1.00000000
vn -0.99952848 0.03070545 0.00000000
vn -0.99952848 0.03070545 0.00000000
vn -0.99952848 0.03070545 0.00000000
vn -0.99952848 0.03070545 0.00000000
vn 0.99974325 -0.02265891 0.00000000
vn 0.99974325 -0.02265891 0.00000000
vn 0.99974325 -0.02265891 0.00000000
vn 0.99974325 -0.02265891 0.00000000
vn 0.00000000 0.00000000 -1.00000000
vn 0.00000000 0.00000000 -1.00000000
vn 0.00000000 0.00000000 -1.00000000
vn 0.00000000 0.00000000 -1.00000000
vn 0.00000000 0.00000000 1.00000000
vn 0.00000000 0.00000000 1.00000000
vn 0.00000000 0.00000000 1.00000000
vn 0.00000000 0.00000000 1.00000000
vn -0.99978697 0.02064031 0.00000000
vn -0.99978697 0.02064031 0.00000000
vn -0.99978697 0.02064031 0.00000000
vn -0.99978697 0.02064031 0.00000000
vn 0.99979042 -0.02047209 0.00000000
vn 0.99979042 -0.02047209 0.00000000
vn 0.99979042 -0.02047209 0.00000000
vn 0.99979042 -0.02047209 0.00000000
vn 0.00000000 0.00000000 -1.00000000
vn 0.00000000 0.00000000 -1.00000000
vn 0.00000000 0.00000000 -1.00000000
vn 0.00000000 0.00000000 -1.00000000
vn 0.00000000 0.00000000 1.00000000
vn 0.00000000 0.00000000 1.00000000
vn 0.00000000 0.00000000 1.00000000
vn 0.00000000 0.00000000 1.00000000
vn -0.99974325 0.02265891 0.00000000
vn -0.99974325 0.02265891 0.00000000
vn -0.99974325 0.02265891 0.00000000
vn -0.99974325 0.02265891 0.00000000
vn 0.99978697 -0.02064031 0.00000000
vn 0.99978697 -0.02064031 0.00000000
vn 0.99978697 -0.02064031 0.00000000
vn 0.99978697 -0.02064031 0.00000000
vn -0.02265891 -0.99974325 0.00000000
vn -0.02064031 -0.99978697 0.00000000
vn -0.02064031 -0.99978697 0.00000000
vn -0.02265891 -0.99974325 0.00000000
vn 0.00000000 0.00000000 -1.00000000
vn 0.00000000 0.00000000 -1.00000000
vn 0.00000000 0.00000000 -1.00000000
vn 0.00000000 0.00000000 -1.00000000
vn 0.00000000 0.00000000 1.00000000
vn 0.00000000 0.00000000 1.00000000
vn 0.00000000 0.00000000 1.00000000
vn 0.00000000 0.00000000 1.00000000
vn -0.99953260 0.03057091 0.00000000
vn -0.99953260 0.03057091 0.00000000
vn -0.99953260 0.03057091 0.00000000
vn -0.99953260 0.03057091 0.00000000
vn -0.03057091 -0.99953260 0.00000000
vn -0.02558911 -0.99967255 0.00000000
vn -0.02558911 -0.99967255 0.00000000
vn -0.03057091 -0.99953260 0.00000000
vn 0.03057091 0.99953260 0.00000000
vn 0.03057091 0.99953260 0.00000000
vn 0.02558911 0.99967255 0.00000000
vn 0.02558911 0.99967255 0.00000000
vn 0.00000000 0.00000000 -1.00000000
vn 0.00000000 0.00000000 -1.00000000
vn 0.00000000 0.00000000 -1.00000000
vn 0.00000000 0.00000000 -1.00000000
vn 0.00000000 0.00000000 1.00000000
vn 0.00000000 0.00000000 1.00000000
vn 0.00000000 0.00000000 1.00000000
vn 0.00000000 0.00000000 1.00000000
vn 0.99978766 -0.02060667 0.00000000
vn 0.99978766 -0.02060667 0.00000000
vn 0.99978766 -0.02060667 0.00000000
vn 0.99978766 -0.02060667 0.00000000
vn -0.02558911 -0.99967255 0.00000000
vn -0.02060667 -0.99978766 0.00000000
vn -0.02060667 -0.99978766 0.00000000
vn -0.02558911 -0.99967255 0.00000000
vn 0.02558911 0.99967255 0.00000000
vn 0.02558911 0.99967255 0.00000000
vn 0.02060667 0.99978766 0.00000000
vn 0.02060667 0.99978766 0.00000000
vn 0.00000000 0.00000000 -1.00000000
vn 0.00000000 0.00000000 -1.00000000
vn 0.00000000 0.00000000 -1.00000000
vn 0.00000000 0.00000000 -1.00000000
vn 0.00000000 0.00000000 1.00000000
vn 0.00000000 0.00000000 1.00000000
vn 0.00000000 0.00000000 1.00000000
vn 0.00000000 0.00000000 1.00000000
vn -0.99979042 0.02047209 0.00000000
vn -0.99979042 0.02047209 0.00000000
vn -0.99979042 0.02047209 0.00000000
vn -0.99979042 0.02047209 0.00000000
vn 0.00000000 0.00000000 -1.00000000
vn 0.00000000 0.00000000 -1.00000000
vn 0.00000000 0.00000000 -1.00000000
vn 0.00000000 0.00000000 -1.00000000
vn 0.00000000 0.00000000 1.00000000
vn 0.00000000 0.00000000 1.00000000
vn 0.00000000 0.00000000 1.00000000
vn 0.00000000 0.00000000 1.00000000
vn 0.99994760 -0.01023658 0.00000000
vn 0.99994760 -0.01023658 0.00000000
vn 0.99994760 -0.01023658 0.00000000
vn 0.99994760 -0.01023658 0.00000000
vn 0.00000000 0.00000000 -1.00000000
vn 0.00000000 0.00000000 -1.00000000
vn 0.00000000 0.00000000 -1.00000000
vn 0.00000000 0.00000000 -1.00000000
vn 0.00000000 0.00000000 1.00000000
vn 0.00000000 0.00000000 1.00000000
vn 0.00000000 0.00000000 1.00000000
vn 0.00000000 0.00000000 1.00000000
vn -0.99979042 0.02047209 0.00000000
vn -0.99979042 0.02047209 0.00000000
vn -0.99979042 0.02047209 0.00000000
vn -0.99979042 0.02047209 0.00000000
vn -0.02047209 -0.99979042 0.00000000
vn -0.01706044 -0.99985446 0.00000000
vn -0.01706044 -0.99985446 0.00000000
vn -0.02047209 -0.99979042 0.00000000
vn 0.02047209 0.99979042 0.00000000
vn 0.02047209 0.99979042 0.00000000
vn 0.01706044 0.99985446 0.00000000
vn 0.01706044 0.99985446 0.00000000
vn 0.00000000 0.00000000 -1.00000000
vn 0.00000000 0.00000000 -1.00000000
vn 0.00000000 0.00000000 -1.00000000
vn 0.00000000 0.00000000 -1.00000000
vn 0.00000000 0.00000000 1.00000000
vn 0.00000000 0.00000000 1.00000000
vn 0.00000000 0.00000000 1.00000000
vn 0.00000000 0.00000000 1.00000000
vn -0.01706044 -0.99985446 0.00000000
vn -0.01364859 -0.99990685 0.00000000
vn -0.01364859 -0.99990685 0.00000000
vn -0.01706044 -0.99985446 0.00000000
vn 0.01706044 0.99985446 0.00000000
vn 0.01706044 0.99985446 0.00000000
vn 0.01364859 0.99990685 0.00000000
vn 0.01364859 0.99990685 0.00000000
vn 0.00000000 0.00000000 -1.00000000
vn 0.00000000 0.00000000 -1.00000000
vn 0.00000000 0.00000000 -1.00000000
vn 0.00000000 0.00000000 -1.00000000
vn 0.00000000 0.00000000 1.00000000
vn 0.00000000 0.00000000 1.00000000
vn 0.00000000 0.00000000 1.00000000
vn 0.00000000 0.00000000 1.00000000
vn 0.99994760 -0.01023658 0.00000000
vn 0.99994760 -0.01023658 0.00000000
vn 0.99994760 -0.01023658 0.00000000
vn 0.99994760 -0.01023658 0.00000000
vn -0.01364859 -0.99990685 0.00000000
vn -0.01023658 -0.99994760 0.00000000
vn -0.01023658 -0.99994760 0.00000000
vn -0.01364859 -0.99990685 0.00000000
vn 0.01364859 0.99990685 0.00000000
vn 0.01364859 0.99990685 0.00000000
vn 0.01023658 0.99994760 0.00000000
vn 0.01023658 0.99994760 0.00000000
vn 0.00000000 0.00000000 -1.00000000
vn 0.00000000 0.00000000 -1.00000000
vn 0.00000000 0.00000000 -1.00000000
vn 0.00000000 0.00000000 -1.00000000
vn 0.00000000 0.00000000 1.00000000
vn 0.00000000 0.00000000 1.00000000
vn 0.00000000 0.00000000 1.00000000
vn 0.00000000 0.00000000 1.00000000
vn -0.99979042 0.02047209 0.00000000
vn -0.99979042 0.02047209 0.00000000
vn -0.99979042 0.02047209 0.00000000
vn -0.99979042 0.02047209 0.00000000
vn 0.99979271 -0.02035994 0.00000000
vn 0.99979271 -0.02035994 0.00000000
vn 0.99979271 -0.02035994 0.00000000
vn 0.99979271 -0.02035994 0.00000000
vn -0.02047209 -0.99979042 0.00000000
vn -0.02035994 -0.99979271 0.00000000
vn -0.02035994 -0.99979271 0.00000000
vn -0.02047209 -0.99979042 0.00000000
vn 0.02047209 0.99979042 0.00000000
vn 0.02047209 0.99979042 0.00000000
vn 0.02035994 0.99979271 0.00000000
vn 0.02035994 0.99979271 0.00000000
vn 0.00000000 0.00000000 -1.00000000
vn 0.00000000 0.00000000 -1.00000000
vn 0.00000000 0.00000000 -1.00000000
vn 0.00000000 0.00000000 -1.00000000
vn 0.00000000 0.00000000 1.00000000
vn 0.00000000 0.00000000 1.00000000
vn 0.00000000 0.00000000 1.00000000
vn 0.00000000 0.00000000 1.00000000
vn -0.99979042 0.02047209 0.00000000
vn -0.99979042 0.02047209 0.00000000
vn -0.99979042 0.02047209 0.00000000
vn -0.99979042 0.02047209 0.00000000
vn 0.99992282 -0.01242376 0.00000000
vn 0.99992282 -0.01242376 0.00000000
vn 0.99992282 -0.01242376 0.00000000
vn 0.99992282 -0.01242376 0.00000000
vn 0.00000000 0.00000000 -1.00000000
vn 0.00000000 0.00000000 -1.00000000
vn 0.00000000 0.00000000 -1.00000000
vn 0.00000000 0.00000000 -1.00000000
vn 0.00000000 0.00000000 1.00000000
vn 0.00000000 0.00000000 1.00000000
vn 0.00000000 0.00000000 1.00000000
vn 0.00000000 0.00000000 1.00000000
vn -0.99979042 0.02047209 0.00000000
vn -0.99979042 0.02047209 0.00000000
vn -0.99979042 0.02047209 0.00000000
vn -0.99979042 0.02047209 0.00000000
vn 0.99992282 -0.01242376 0.00000000
vn 0.99992282 -0.01242376 0.00000000
vn 0.99992282 -0.01242376 0.00000000
vn 0.99992282 -0.01242376 0.00000000
vn 0.00000000 0.00000000 -1.00000000
vn 0.00000000 0.00000000 -1.00000000
vn 0.00000000 0.00000000 -1.00000000
vn 0.00000000 0.00000000 -1.00000000
vn 0.00000000 0.00000000 1.00000000
vn 0.00000000 0.00000000 1.00000000
vn 0.00000000 0.00000000 1.00000000
vn 0.00000000 0.00000000 1.00000000
vn -0.99979042 0.02047209 0.00000000
vn -0.99979042 0.02047209 0.00000000
vn -0.99979042 0.02047209 0.00000000
vn -0.99979042 0.02047209 0.00000000
vn 0.99992282 -0.01242376 0.00000000
vn 0.99992282 -0.01242376 0.00000000
vn 0.99992282 -0.01242376 0.00000000
vn 0.99992282 -0.01242376 0.00000000
vn 0.00000000 0.00000000 -1.00000000
vn 0.00000000 0.00000000 -1.00000000
vn 0.00000000 0.00000000 -1.00000000
vn 0.00000000 0.00000000 -1.00000000
vn 0.00000000 0.00000000 1.00000000
vn 0.00000000 0.00000000 1.00000000
vn 0.00000000 0.00000000 1.00000000
vn 0.00000000 0.00000000 1.00000000
vn -0.99994587 0.01040483 0.00000000
vn -0.99994587 0.01040483 0.00000000
vn -0.99994587 0.01040483 0.00000000
vn -0.99994587 0.01040483 0.00000000
vn 0.99994760 -0.01023658 0.00000000
vn 0.99994760 -0.01023658 0.00000000
vn 0.99994760 -0.01023658 0.00000000
vn 0.99994760 -0.01023658 0.00000000
vn 0.00000000 0.00000000 -1.00000000
vn 0.00000000 0.00000000 -1.00000000
vn 0.00000000 0.00000000 -1.00000000
vn 0.00000000 0.00000000 -1.00000000
vn 0.00000000 0.00000000 1.00000000
vn 0.00000000 0.00000000 1.00000000
vn 0.00000000 0.00000000 1.00000000
vn 0.00000000 0.00000000 1.00000000
vn -0.99992282 0.01242376 0.00000000
vn -0.99992282 0.01242376 0.00000000
vn -0.99992282 0.01242376 0.00000000
vn -0.99992282 0.01242376 0.00000000
vn 0.99994587 -0.01040483 0.00000000
vn 0.99994587 -0.01040483 0.00000000
vn 0.99994587 -0.01040483 0.00000000
vn 0.99994587 -0.01040483 0.00000000
vn -0.01242376 -0.99992282 0.00000000
vn -0.01040483 -0.99994587 0.00000000
vn -0.01040483 -0.99994587 0.00000000
vn -0.01242376 -0.99992282 0.00000000
vn 0.00000000 0.00000000 -1.00000000
vn 0.00000000 0.00000000 -1.00000000
vn 0.00000000 0.00000000 -1.00000000
vn 0.00000000 0.00000000 -1.00000000
vn 0.00000000 0.00000000 1.00000000
vn 0.00000000 0.00000000 1.00000000
vn 0.00000000 0.00000000 1.00000000
vn 0.00000000 0.00000000 1.00000000
vn -0.99979317 0.02033751 0.00000000
vn -0.99979317 0.02033751 0.00000000
vn -0.99979317 0.02033751 0.00000000
vn -0.99979317 0.02033751 0.00000000
vn -0.02033751 -0.99979317 0.00000000
vn -0.01535454 -0.99988211 0.00000000
vn -0.01535454 -0.99988211 0.00000000
vn -0.02033751 -0.99979317 0.00000000
vn 0.02033751 0.99979317 0.00000000
vn 0.02033751 0.99979317 0.00000000
vn 0.01535454 0.99988211 0.00000000
vn 0.01535454 0.99988211 0.00000000
vn 0.00000000 0.00000000 -1.00000000
vn 0.00000000 0.00000000 -1.00000000
vn 0.00000000 0.00000000 -1.00000000
vn 0.00000000 0.00000000 -1.00000000
vn 0.00000000 0.00000000 1.00000000
vn 0.00000000 0.00000000 1.00000000
vn 0.00000000 0.00000000 1.00000000
vn 0.00000000 0.00000000 1.00000000
vn 0.99994622 -0.01037118 0.00000000
vn 0.99994622 -0.01037118 0.00000000
vn 0.99994622 -0.01037118 0.00000000
vn 0.99994622 -0.01037118 0.00000000
vn -0.01535454 -0.99988211 0.00000000
vn -0.01037118 -0.99994622 0.00000000
vn -0.01037118 -0.99994622 0.00000000
vn -0.01535454 -0.99988211 0.00000000
vn 0.01535454 0.99988211 0.00000000
vn 0.01535454 0.99988211 0.00000000
vn 0.01037118 0.99994622 0.00000000
vn 0.01037118 0.99994622 0.00000000
vn 0.00000000 0.00000000 -1.00000000
vn 0.00000000 0.00000000 -1.00000000
vn 0.00000000 0.00000000 -1.00000000
vn 0.00000000 0.00000000 -1.00000000
vn 0.00000000 0.00000000 1.00000000
vn 0.00000000 0.00000000 1.00000000
vn 0.00000000 0.00000000 1.00000000
vn 0.00000000 0.00000000 1.00000000
vn -0.99994760 0.01023658 0.00000000
vn -0.99994760 0.01023658 0.00000000
vn -0.99994760 0.01023658 0.00000000
vn -0.99994760 0.01023658 0.00000000
vn 0.00000000 0.00000000 -1.00000000
vn 0.00000000 0.00000000 -1.00000000
vn 0.00000000 0.00000000 -1.00000000
vn 0.00000000 0.00000000 -1.00000000
vn 0.00000000 0.00000000 1.00000000
vn 0.00000000 0.00000000 1.00000000
vn 0.00000000 0.00000000 1.00000000
vn 0.00000000 0.00000000 1.00000000
vn 1.00000000 0.00000000 0.00000000
vn 1.00000000 0.00000000 0.00000000
vn 1.00000000 0.00000000 0.00000000
vn 1.00000000 0.00000000 0.00000000
vn 0.00000000 0.00000000 -1.00000000
vn 0.00000000 0.00000000 -1.00000000
vn 0.00000000 0.00000000 -1.00000000
vn 0.00000000 0.00000000 -1.00000000
vn 0.00000000 0.00000000 1.00000000
vn 0.00000000 0.00000000 1.00000000
vn 0.00000000 0.00000000 1.00000000
vn 0.00000000 0.00000000 1.00000000
vn -0.99994760 0.01023658 0.00000000
vn -0.99994760 0.01023658 0.00000000
vn -0.99994760 0.01023658 0.00000000
vn -0.99994760 0.01023658 0.00000000
vn -0.01023658 -0.99994760 0.00000000
vn -0.00682445 -0.99997671 0.00000000
vn -0.00682445 -0.99997671 0.00000000
vn -0.01023658 -0.99994760 0.00000000
vn 0.01023658 0.99994760 0.00000000
vn 0.01023658 0.99994760 0.00000000
vn 0.00682445 0.99997671 0.00000000
vn 0.00682445 0.99997671 0.00000000
vn 0.00000000 0.00000000 -1.00000000
vn 0.00000000 0.00000000 -1.00000000
vn 0.00000000 0.00000000 -1.00000000
vn 0.00000000 0.00000000 -1.00000000
vn 0.00000000 0.00000000 1.00000000
vn 0.00000000 0.00000000 1.00000000
vn 0.00000000 0.00000000 1.00000000
vn 0.00000000 0.00000000 1.00000000
vn -0.00682445 -0.99997671 0.00000000
vn -0.00341225 -0.99999418 0.00000000
vn -0.00341225 -0.99999418 0.00000000
vn -0.00682445 -0.99997671 0.00000000
vn 0.00682445 0.99997671 0.00000000
vn 0.00682445 0.99997671 0.00000000
vn 0.00341225 0.99999418 0.00000000
vn 0.00341225 0.99999418 0.00000000
vn 0.00000000 0.00000000 -1.00000000
vn 0.00000000 0.00000000 -1.00000000
vn 0.00000000 0.00000000 -1.00000000
vn 0.00000000 0.00000000 -1.00000000
vn 0.00000000 0.00000000 1.00000000
vn 0.00000000 0.00000000 1.00000000
vn 0.00000000 0.00000000 1.00000000
vn 0.00000000 0.00000000 1.00000000
vn 1.00000000 0.00000000 0.00000000
vn 1.00000000 0.00000000 0.00000000
vn 1.00000000 0.00000000 0.00000000
vn 1.00000000 0.00000000 0.00000000
vn -0.00341225 -0.99999418 0.00000000
vn 0.00000000 -1.00000000 0.00000000
vn 0.00000000 -1.00000000 0.00000000
vn -0.00341225 -0.99999418 0.00000000
vn 0.00341225 0.99999418 0.00000000
vn 0.00341225 0.99999418 0.00000000
vn 0.00000000 1.00000000 0.00000000
vn 0.00000000 1.00000000 0.00000000
vn 0.00000000 0.00000000 -1.00000000
vn 0.00000000 0.00000000 -1.00000000
vn 0.00000000 0.00000000 -1.00000000
vn 0.00000000 0.00000000 -1.00000000
vn 0.00000000 0.00000000 1.00000000
vn 0.00000000 0.00000000 1.00000000
vn 0.00000000 0.00000000 1.00000000
vn 0.00000000 0.00000000 1.00000000
vn -0.99994760 0.01023658 0.00000000
vn -0.99994760 0.01023658 0.00000000
vn -0.99994760 0.01023658 0.00000000
vn -0.99994760 0.01023658 0.00000000
vn 0.99994875 -0.01012442 0.00000000
vn 0.99994875 -0.01012442 0.00000000
vn 0.99994875 -0.01012442 0.00000000
vn 0.99994875 -0.01012442 0.00000000
vn -0.01023658 -0.99994760 0.00000000
vn -0.01012442 -0.99994875 0.00000000
vn -0.01012442 -0.99994875 0.00000000
vn -0.01023658 -0.99994760 0.00000000
vn 0.01023658 0.99994760 0.00000000
vn 0.01023658 0.99994760 0.00000000
vn 0.01012442 0.99994875 0.00000000
vn 0.01012442 0.99994875 0.00000000
vn 0.00000000 0.00000000 -1.00000000
vn 0.00000000 0.00000000 -1.00000000
vn 0.00000000 0.00000000 -1.00000000
vn 0.00000000 0.00000000 -1.00000000
vn 0.00000000 0.00000000 1.00000000
vn 0.00000000 0.00000000 1.00000000
vn 0.00000000 0.00000000 1.00000000
vn 0.00000000 0.00000000 1.00000000
vn -0.99994760 0.01023658 0.00000000
vn -0.99994760 0.01023658 0.00000000
vn -0.99994760 0.01023658 0.00000000
vn -0.99994760 0.01023658 0.00000000
vn 0.99999761 -0.00218732 0.00000000
vn 0.99999761 -0.00218732 0.00000000
vn 0.99999761 -0.00218732 0.00000000
vn 0.99999761 -0.00218732 0.00000000
vn 0.00000000 0.00000000 -1.00000000
vn 0.00000000 0.00000000 -1.00000000
vn 0.00000000 0.00000000 -1.00000000
vn 0.00000000 0.00000000 -1.00000000
vn 0.00000000 0.00000000 1.00000000
vn 0.00000000 0.00000000 1.00000000
vn 0.00000000 0.00000000 1.00000000
vn 0.00000000 0.00000000 1.00000000
vn -0.99994760 0.01023658 0.00000000
vn -0.99994760 0.01023658 0.00000000
vn -0.99994760 0.01023658 0.00000000
vn -0.99994760 0.01023658 0.00000000
vn 0.99999761 -0.00218732 0.00000000
vn 0.99999761 -0.00218732 0.00000000
vn 0.99999761 -0.00218732 0.00000000
vn 0.99999761 -0.00218732 0.00000000
vn 0.00000000 0.00000000 -1.00000000
vn 0.00000000 0.00000000 -1.00000000
vn 0.00000000 0.00000000 -1.00000000
vn 0.00000000 0.00000000 -1.00000000
vn 0.00000000 0.00000000 1.00000000
vn 0.00000000 0.00000000 1.00000000
vn 0.00000000 0.00000000 1.00000000
vn 0.00000000 0.00000000 1.00000000
vn -0.99994760 0.01023658 0.00000000
vn -0.99994760 0.01023658 0.00000000
vn -0.99994760 0.01023658 0.00000000
vn -0.99994760 0.01023658 0.00000000
vn 0.99999761 -0.00218732 0.00000000
vn 0.99999761 -0.00218732 0.00000000
vn 0.99999761 -0.00218732 0.00000000
vn 0.99999761 -0.00218732 0.00000000
vn 0.00000000 0.00000000 -1.00000000
vn 0.00000000 0.00000000 -1.00000000
vn 0.00000000 0.00000000 -1.00000000
vn 0.00000000 0.00000000 -1.00000000
vn 0.00000000 0.00000000 1.00000000
vn 0.00000000 0.00000000 1.00000000
vn 0.00000000 0.00000000 1.00000000
vn 0.00000000 0.00000000 1.00000000
vn -0.99999999 0.00016826 0.00000000
vn -0.99999999 0.00016826 0.00000000
vn -0.99999999 0.00016826 0.00000000
vn -0.99999999 0.00016826 0.00000000
vn 1.00000000 0.00000000 0.00000000
vn 1.00000000 0.00000000 0.00000000
vn 1.00000000 0.00000000 0.00000000
vn 1.00000000 0.00000000 0.00000000
vn 0.00000000 0.00000000 -1.00000000
vn 0.00000000 0.00000000 -1.00000000
vn 0.00000000 0.00000000 -1.00000000
vn 0.00000000 0.00000000 -1.00000000
vn 0.00000000 0.00000000 1.00000000
vn 0.00000000 0.00000000 1.00000000
vn 0.00000000 0.00000000 1.00000000
vn 0.00000000 0.00000000 1.00000000
vn -0.99999761 0.00218732 0.00000000
vn -0.99999761 0.00218732 0.00000000
vn -0.99999761 0.00218732 0.00000000
vn -0.99999761 0.00218732 0.00000000
vn 0.99999999 -0.00016826 0.00000000
vn 0.99999999 -0.00016826 0.00000000
vn 0.99999999 -0.00016826 0.00000000
vn 0.99999999 -0.00016826 0.00000000
vn -0.00218732 -0.99999761 0.00000000
vn -0.00016826 -0.99999999 0.00000000
vn -0.00016826 -0.99999999 0.00000000
vn -0.00218732 -0.99999761 0.00000000
vn 0.00000000 0.00000000 -1.00000000
vn 0.00000000 0.00000000 -1.00000000
vn 0.00000000 0.00000000 -1.00000000
vn 0.00000000 0.00000000 -1.00000000
vn 0.00000000 0.00000000 1.00000000
vn 0.00000000 0.00000000 1.00000000
vn 0.00000000 0.00000000 1.00000000
vn 0.00000000 0.00000000 1.00000000
vn -0.99994897 0.01010198 0.00000000
vn -0.99994897 0.01010198 0.00000000
vn -0.99994897 0.01010198 0.00000000
vn -0.99994897 0.01010198 0.00000000
vn -0.01010198 -0.99994897 0.00000000
vn -0.00511836 -0.99998690 0.00000000
vn -0.00511836 -0.99998690 0.00000000
vn -0.01010198 -0.99994897 0.00000000
vn 0.01010198 0.99994897 0.00000000
vn 0.01010198 0.99994897 0.00000000
vn 0.00511836 0.99998690 0.00000000
vn 0.00511836 0.99998690 0.00000000
vn 0.00000000 0.00000000 -1.00000000
vn 0.00000000 0.00000000 -1.00000000
vn 0.00000000 0.00000000 -1.00000000
vn 0.00000000 0.00000000 -1.00000000
vn 0.00000000 0.00000000 1.00000000
vn 0.00000000 0.00000000 1.00000000
vn 0.00000000 0.00000000 1.00000000
vn 0.00000000 0.00000000 1.00000000
vn 0.99999999 -0.00013460 0.00000000
vn 0.99999999 -0.00013460 0.00000000
vn 0.99999999 -0.00013460 0.00000000
vn 0.99999999 -0.00013460 0.00000000
vn -0.00511836 -0.99998690 0.00000000
vn -0.00013460 -0.99999999 0.00000000
vn -0.00013460 -0.99999999 0.00000000
vn -0.00511836 -0.99998690 0.00000000
vn 0.00511836 0.99998690 0.00000000
vn 0.00511836 0.99998690 0.00000000
vn 0.00013460 0.99999999 0.00000000
vn 0.00013460 0.99999999 0.00000000
vn 0.00000000 0.00000000 -1.00000000
vn 0.00000000 0.00000000 -1.00000000
vn 0.00000000 0.00000000 -1.00000000
vn 0.00000000 0.00000000 -1.00000000
vn 0.00000000 0.00000000 1.00000000
vn 0.00000000 0.00000000 1.00000000
vn 0.00000000 0.00000000 1.00000000
vn 0.00000000 0.00000000 1.00000000
vn -1.00000000 0.00000000 0.00000000
vn -1.00000000 0.00000000 0.00000000
vn -1.00000000 0.00000000 0.00000000
vn -1.00000000 0.00000000 0.00000000
vn 0.00000000 0.00000000 -1.00000000
vn 0.00000000 0.00000000 -1.00000000
vn 0.00000000 0.00000000 -1.00000000
vn 0.00000000 0.00000000 -1.00000000
vn 0.00000000 0.00000000 1.00000000
vn 0.00000000 0.00000000 1.00000000
vn 0.00000000 0.00000000 1.00000000
vn 0.00000000 0.00000000 1.00000000
vn 0.99994760 0.01023658 0.00000000
vn 0.99994760 0.01023658 0.00000000
vn 0.99994760 0.01023658 0.00000000
vn 0.99994760 0.01023658 0.00000000
vn 0.00000000 0.00000000 -1.00000000
vn 0.00000000 0.00000000 -1.00000000
vn 0.00000000 0.00000000 -1.00000000
vn 0.00000000 0.00000000 -1.00000000
vn 0.00000000 0.00000000 1.00000000
vn 0.00000000 0.00000000 1.00000000
vn 0.00000000 0.00000000 1.00000000
vn 0.00000000 0.00000000 1.00000000
vn -1.00000000 0.00000000 0.00000000
vn -1.00000000 0.00000000 0.00000000
vn -1.00000000 0.00000000 0.00000000
vn -1.00000000 0.00000000 0.00000000
vn 0.00000000 -1.00000000 0.00000000
vn 0.00341225 -0.99999418 0.00000000
vn 0.00341225 -0.99999418 0.00000000
vn 0.00000000 -1.00000000 0.00000000
vn 0.00000000 1.00000000 0.00000000
vn 0.00000000 1.00000000 0.00000000
vn -0.00341225 0.99999418 0.00000000
vn -0.00341225 0.99999418 0.00000000
vn 0.00000000 0.00000000 -1.00000000
vn 0.00000000 0.00000000 -1.00000000
vn 0.00000000 0.00000000 -1.00000000
vn 0.00000000 0.00000000 -1.00000000
vn 0.00000000 0.00000000 1.00000000
vn 0.00000000 0.00000000 1.00000000
vn 0.00000000 0.00000000 1.00000000
vn 0.00000000 0.00000000 1.00000000
vn 0.00341225 -0.99999418 0.00000000
vn 0.00682445 -0.99997671 0.00000000
vn 0.00682445 -0.99997671 0.00000000
vn 0.00341225 -0.99999418 0.00000000
vn -0.00341225 0.99999418 0.00000000
vn -0.00341225 0.99999418 0.00000000
vn -0.00682445 0.99997671 0.00000000
vn -0.00682445 0.99997671 0.00000000
vn 0.00000000 0.00000000 -1.00000000
vn 0.00000000 0.00000000 -1.00000000
vn 0.00000000 0.00000000 -1.00000000
vn 0.00000000 0.00000000 -1.00000000
vn 0.00000000 0.00000000 1.00000000
vn 0.00000000 0.00000000 1.00000000
vn 0.00000000 0.00000000 1.00000000
vn 0.00000000 0.00000000 1.00000000
vn 0.99994760 0.01023658 0.00000000
vn 0.99994760 0.01023658 0.00000000
vn 0.99994760 0.01023658 0.00000000
vn 0.99994760 0.01023658 0.00000000
vn 0.00682445 -0.99997671 0.00000000
vn 0.01023658 -0.99994760 0.00000000
vn 0.01023658 -0.99994760 0.00000000
vn 0.00682445 -0.99997671 0.00000000
vn -0.00682445 0.99997671 0.00000000
vn -0.00682445 0.99997671 0.00000000
vn -0.01023658 0.99994760 0.00000000
vn -0.01023658 0.99994760 0.00000000
vn 0.00000000 0.00000000 -1.00000000
vn 0.00000000 0.00000000 -1.00000000
vn 0.00000000 0.00000000 -1.00000000
vn 0.00000000 0.00000000 -1.00000000
vn 0.00000000 0.00000000 1.00000000
vn 0.00000000 0.00000000 1.00000000
vn 0.00000000 0.00000000 1.00000000
vn 0.00000000 0.00000000 1.00000000
vn -1.00000000 0.00000000 0.00000000
vn -1.00000000 0.00000000 0.00000000
vn -1.00000000 0.00000000 0.00000000
vn -1.00000000 0.00000000 0.00000000
vn 0.99999999 0.00011217 0.00000000
vn 0.99999999 0.00011217 0.00000000
vn 0.99999999 0.00011217 0.00000000
vn 0.99999999 0.00011217 0.00000000
vn 0.00000000 -1.00000000 0.00000000
vn 0.00011217 -0.99999999 0.00000000
vn 0.00011217 -0.99999999 0.00000000
vn 0.00000000 -1.00000000 0.00000000
vn 0.00000000 1.00000000 0.00000000
vn 0.00000000 1.00000000 0.00000000
vn -0.00011217 0.99999999 0.00000000
vn -0.00011217 0.99999999 0.00000000
vn 0.00000000 0.00000000 -1.00000000
vn 0.00000000 0.00000000 -1.00000000
vn 0.00000000 0.00000000 -1.00000000
vn 0.00000000 0.00000000 -1.00000000
vn 0.00000000 0.00000000 1.00000000
vn 0.00000000 0.00000000 1.00000000
vn 0.00000000 0.00000000 1.00000000
vn 0.00000000 0.00000000 1.00000000
vn -1.00000000 0.00000000 0.00000000
vn -1.00000000 0.00000000 0.00000000
vn -1.00000000 0.00000000 0.00000000
vn -1.00000000 0.00000000 0.00000000
vn 0.99996760 0.00804935 0.00000000
vn 0.99996760 0.00804935 0.00000000
vn 0.99996760 0.00804935 0.00000000
vn 0.99996760 0.00804935 0.00000000
vn 0.00000000 0.00000000 -1.00000000
vn 0.00000000 0.00000000 -1.00000000
vn 0.00000000 0.00000000 -1.00000000
vn 0.00000000 0.00000000 -1.00000000
vn 0.00000000 0.00000000 1.00000000
vn 0.00000000 0.00000000 1.00000000
vn 0.00000000 0.00000000 1.00000000
vn 0.00000000 0.00000000 1.00000000
vn -1.00000000 0.00000000 0.00000000
vn -1.00000000 0.00000000 0.00000000
vn -1.00000000 0.00000000 0.00000000
vn -1.00000000 0.00000000 0.00000000
vn 0.99996760 0.00804935 0.00000000
vn 0.99996760 0.00804935 0.00000000
vn 0.99996760 0.00804935 0.00000000
vn 0.99996760 0.00804935 0.00000000
vn 0.00000000 0.00000000 -1.00000000
vn 0.00000000 0.00000000 -1.00000000
vn 0.00000000 0.00000000 -1.00000000
vn 0.00000000 0.00000000 -1.00000000
vn 0.00000000 0.00000000 1.00000000
vn 0.00000000 0.00000000 1.00000000
vn 0.00000000 0.00000000 1.00000000
vn 0.00000000 0.00000000 1.00000000
vn -1.00000000 0.00000000 0.00000000
vn -1.00000000 0.00000000 0.00000000
vn -1.00000000 0.00000000 0.00000000
vn -1.00000000 0.00000000 0.00000000
vn 0.99996760 0.00804935 0.00000000
vn 0.99996760 0.00804935 0.00000000
vn 0.99996760 0.00804935 0.00000000
vn 0.99996760 0.00804935 0.00000000
vn 0.00000000 0.00000000 -1.00000000
vn 0.00000000 0.00000000 -1.00000000
vn 0.00000000 0.00000000 -1.00000000
vn 0.00000000 0.00000000 -1.00000000
vn 0.00000000 0.00000000 1.00000000
vn 0.00000000 0.00000000 1.00000000
vn 0.00000000 0.00000000 1.00000000
vn 0.00000000 0.00000000 1.00000000
vn -0.99994931 -0.01006833 0.00000000
vn -0.99994931 -0.01006833 0.00000000
vn -0.99994931 -0.01006833 0.00000000
vn -0.99994931 -0.01006833 0.00000000
vn 0.99994760 0.01023658 0.00000000
vn 0.99994760 0.01023658 0.00000000
vn 0.99994760 0.01023658 0.00000000
vn 0.99994760 0.01023658 0.00000000
vn 0.00000000 0.00000000 -1.00000000
vn 0.00000000 0.00000000 -1.00000000
vn 0.00000000 0.00000000 -1.00000000
vn 0.00000000 0.00000000 -1.00000000
vn 0.00000000 0.00000000 1.00000000
vn 0.00000000 0.00000000 1.00000000
vn 0.00000000 0.00000000 1.00000000
vn 0.00000000 0.00000000 1.00000000
vn -0.99996760 -0.00804935 0.00000000
vn -0.99996760 -0.00804935 0.00000000
vn -0.99996760 -0.00804935 0.00000000
vn -0.99996760 -0.00804935 0.00000000
vn 0.99994931 0.01006833 0.00000000
vn 0.99994931 0.01006833 0.00000000
vn 0.99994931 0.01006833 0.00000000
vn 0.99994931 0.01006833 0.00000000
vn 0.00804935 -0.99996760 0.00000000
vn 0.01006833 -0.99994931 0.00000000
vn 0.01006833 -0.99994931 0.00000000
vn 0.00804935 -0.99996760 0.00000000
vn 0.00000000 0.00000000 -1.00000000
vn 0.00000000 0.00000000 -1.00000000
vn 0.00000000 0.00000000 -1.00000000
vn 0.00000000 0.00000000 -1.00000000
vn 0.00000000 0.00000000 1.00000000
vn 0.00000000 0.00000000 1.00000000
vn 0.00000000 0.00000000 1.00000000
vn 0.00000000 0.00000000 1.00000000
vn -0.99999999 -0.00013460 0.00000000
vn -0.99999999 -0.00013460 0.00000000
vn -0.99999999 -0.00013460 0.00000000
vn -0.99999999 -0.00013460 0.00000000
vn 0.00013460 -0.99999999 0.00000000
vn 0.00511836 -0.99998690 0.00000000
vn 0.00511836 -0.99998690 0.00000000
vn 0.00013460 -0.99999999 0.00000000
vn -0.00013460 0.99999999 0.00000000
vn -0.00013460 0.99999999 0.00000000
vn -0.00511836 0.99998690 0.00000000
vn -0.00511836 0.99998690 0.00000000
vn 0.00000000 0.00000000 -1.00000000
vn 0.00000000 0.00000000 -1.00000000
vn 0.00000000 0.00000000 -1.00000000
vn 0.00000000 0.00000000 -1.00000000
vn 0.00000000 0.00000000 1.00000000
vn 0.00000000 0.00000000 1.00000000
vn 0.00000000 0.00000000 1.00000000
vn 0.00000000 0.00000000 1.00000000
vn 0.99994897 0.01010198 0.00000000
vn 0.99994897 0.01010198 0.00000000
vn 0.99994897 0.01010198 0.00000000
vn 0.99994897 0.01010198 0.00000000
vn 0.00511836 -0.99998690 0.00000000
vn 0.01010198 -0.99994897 0.00000000
vn 0.01010198 -0.99994897 0.00000000
vn 0.00511836 -0.99998690 0.00000000
vn -0.00511836 0.99998690 0.00000000
vn -0.00511836 0.99998690 0.00000000
vn -0.01010198 0.99994897 0.00000000
vn -0.01010198 0.99994897 0.00000000
vn 0.00000000 0.00000000 -1.00000000
vn 0.00000000 0.00000000 -1.00000000
vn 0.00000000 0.00000000 -1.00000000
vn 0.00000000 0.00000000 -1.00000000
vn 0.00000000 0.00000000 1.00000000
vn 0.00000000 0.00000000 1.00000000
vn 0.00000000 0.00000000 1.00000000
vn 0.00000000 0.00000000 1.00000000
vn -0.99994760 -0.01023658 0.00000000
vn -0.99994760 -0.01023658 0.00000000
vn -0.99994760 -0.01023658 0.00000000
vn -0.99994760 -0.01023658 0.00000000
vn 0.00000000 0.00000000 -1.00000000
vn 0.00000000 0.00000000 -1.00000000
vn 0.00000000 0.00000000 -1.00000000
vn 0.00000000 0.00000000 -1.00000000
vn 0.00000000 0.00000000 1.00000000
vn 0.00000000 0.00000000 1.00000000
vn 0.00000000 0.00000000 1.00000000
vn 0.00000000 0.00000000 1.00000000
vn 0.99979042 0.02047209 0.00000000
vn 0.99979042 0.02047209 0.00000000
vn 0.99979042 0.02047209 0.00000000
vn 0.99979042 0.02047209 0.00000000
vn 0.00000000 0.00000000 -1.00000000
vn 0.00000000 0.00000000 -1.00000000
vn 0.00000000 0.00000000 -1.00000000
vn 0.00000000 0.00000000 -1.00000000
vn 0.00000000 0.00000000 1.00000000
vn 0.00000000 0.00000000 1.00000000
vn 0.00000000 0.00000000 1.00000000
vn 0.00000000 0.00000000 1.00000000
vn -0.99994760 -0.01023658 0.00000000
vn -0.99994760 -0.01023658 0.00000000
vn -0.99994760 -0.01023658 0.00000000
vn -0.99994760 -0.01023658 0.00000000
vn 0.01023658 -0.99994760 0.00000000
vn 0.01364859 -0.99990685 0.00000000
vn 0.01364859 -0.99990685 0.00000000
vn 0.01023658 -0.99994760 0.00000000
vn -0.01023658 0.99994760 0.00000000
vn -0.01023658 0.99994760 0.00000000
vn -0.01364859 0.99990685 0.00000000
vn -0.01364859 0.99990685 0.00000000
vn 0.00000000 0.00000000 -1.00000000
vn 0.00000000 0.00000000 -1.00000000
vn 0.00000000 0.00000000 -1.00000000
vn 0.00000000 0.00000000 -1.00000000
vn 0.00000000 0.00000000 1.00000000
vn 0.00000000 0.00000000 1.00000000
vn 0.00000000 0.00000000 1.00000000
vn 0.00000000 0.00000000 1.00000000
vn 0.01364859 -0.99990685 0.00000000
vn 0.01706044 -0.99985446 0.00000000
vn 0.01706044 -0.99985446 0.00000000
vn 0.01364859 -0.99990685 0.00000000
vn -0.01364859 0.99990685 0.00000000
vn -0.01364859 0.99990685 0.00000000
vn -0.01706044 0.99985446 0.00000000
vn -0.01706044 0.99985446 0.00000000
vn 0.00000000 0.00000000 -1.00000000
vn 0.00000000 0.00000000 -1.00000000
vn 0.00000000 0.00000000 -1.00000000
vn 0.00000000 0.00000000 -1.00000000
vn 0.00000000 0.00000000 1.00000000
vn 0.00000000 0.00000000 1.00000000
vn 0.00000000 0.00000000 1.00000000
vn 0.00000000 0.00000000 1.00000000
vn 0.99979042 0.02047209 0.00000000
vn 0.99979042 0.02047209 0.00000000
vn 0.99979042 0.02047209 0.00000000
vn 0.99979042 0.02047209 0.00000000
vn 0.01706044 -0.99985446 0.00000000
vn 0.02047209 -0.99979042 0.00000000
vn 0.02047209 -0.99979042 0.00000000
vn 0.01706044 -0.99985446 0.00000000
vn -0.01706044 0.99985446 0.00000000
vn -0.01706044 0.99985446 0.00000000
vn -0.02047209 0.99979042 0.00000000
vn -0.02047209 0.99979042 0.00000000
vn 0.00000000 0.00000000 -1.00000000
vn 0.00000000 0.00000000 -1.00000000
vn 0.00000000 0.00000000 -1.00000000
vn 0.00000000 0.00000000 -1.00000000
vn 0.00000000 0.00000000 1.00000000
vn 0.00000000 0.00000000 1.00000000
vn 0.00000000 0.00000000 1.00000000
vn 0.00000000 0.00000000 1.00000000
vn -0.99994760 -0.01023658 0.00000000
vn -0.99994760 -0.01023658 0.00000000
vn -0.99994760 -0.01023658 0.00000000
vn -0.99994760 -0.01023658 0.00000000
vn 0.99994645 0.01034875 0.00000000
vn 0.99994645 0.01034875 0.00000000
vn 0.99994645 0.01034875 0.00000000
vn 0.99994645 0.01034875 0.00000000
vn 0.01023658 -0.99994760 0.00000000
vn 0.01034875 -0.99994645 0.00000000
vn 0.01034875 -0.99994645 0.00000000
vn 0.01023658 -0.99994760 0.00000000
vn -0.01023658 0.99994760 0.00000000
vn -0.01023658 0.99994760 0.00000000
vn -0.01034875 0.99994645 0.00000000
vn -0.01034875 0.99994645 0.00000000
vn 0.00000000 0.00000000 -1.00000000
vn 0.00000000 0.00000000 -1.00000000
vn 0.00000000 0.00000000 -1.00000000
vn 0.00000000 0.00000000 -1.00000000
vn 0.00000000 0.00000000 1.00000000
vn 0.00000000 0.00000000 1.00000000
vn 0.00000000 0.00000000 1.00000000
vn 0.00000000 0.00000000 1.00000000
vn -0.99994760 -0.01023658 0.00000000
vn -0.99994760 -0.01023658 0.00000000
vn -0.99994760 -0.01023658 0.00000000
vn -0.99994760 -0.01023658 0.00000000
vn 0.99983281 0.01828518 0.00000000
vn 0.99983281 0.01828518 0.00000000
vn 0.99983281 0.01828518 0.00000000
vn 0.99983281 0.01828518 0.00000000
vn 0.00000000 0.00000000 -1.00000000
vn 0.00000000 0.00000000 -1.00000000
vn 0.00000000 0.00000000 -1.00000000
vn 0.00000000 0.00000000 -1.00000000
vn 0.00000000 0.00000000 1.00000000
vn 0.00000000 0.00000000 1.00000000
vn 0.00000000 0.00000000 1.00000000
vn 0.00000000 0.00000000 1.00000000
vn -0.99994760 -0.01023658 0.00000000
vn -0.99994760 -0.01023658 0.00000000
vn -0.99994760 -0.01023658 0.00000000
vn -0.99994760 -0.01023658 0.00000000
vn 0.99983281 0.01828518 0.00000000
vn 0.99983281 0.01828518 0.00000000
vn 0.99983281 0.01828518 0.00000000
vn 0.99983281 0.01828518 0.00000000
vn 0.00000000 0.00000000 -1.00000000
vn 0.00000000 0.00000000 -1.00000000
vn 0.00000000 0.00000000 -1.00000000
vn 0.00000000 0.00000000 -1.00000000
vn 0.00000000 0.00000000 1.00000000
vn 0.00000000 0.00000000 1.00000000
vn 0.00000000 0.00000000 1.00000000
vn 0.00000000 0.00000000 1.00000000
vn -0.99994760 -0.01023658 0.00000000
vn -0.99994760 -0.01023658 0.00000000
vn -0.99994760 -0.01023658 0.00000000
vn -0.99994760 -0.01023658 0.00000000
vn 0.99983281 0.01828518 0.00000000
vn 0.99983281 0.01828518 0.00000000
vn 0.99983281 0.01828518 0.00000000
vn 0.99983281 0.01828518 0.00000000
vn 0.00000000 0.00000000 -1.00000000
vn 0.00000000 0.00000000 -1.00000000
vn 0.00000000 0.00000000 -1.00000000
vn 0.00000000 0.00000000 -1.00000000
vn 0.00000000 0.00000000 1.00000000
vn 0.00000000 0.00000000 1.00000000
vn 0.00000000 0.00000000 1.00000000
vn 0.00000000 0.00000000 1.00000000
vn -0.99979386 -0.02030387 0.00000000
vn -0.99979386 -0.02030387 0.00000000
vn -0.99979386 -0.02030387 0.00000000
vn -0.99979386 -0.02030387 0.00000000
vn 0.99979042 0.02047209 0.00000000
vn 0.99979042 0.02047209 0.00000000
vn 0.99979042 0.02047209 0.00000000
vn 0.99979042 0.02047209 0.00000000
vn 0.00000000 0.00000000 -1.00000000
vn 0.00000000 0.00000000 -1.00000000
vn 0.00000000 0.00000000 -1.00000000
vn 0.00000000 0.00000000 -1.00000000
vn 0.00000000 0.00000000 1.00000000
vn 0.00000000 0.00000000 1.00000000
vn 0.00000000 0.00000000 1.00000000
vn 0.00000000 0.00000000 1.00000000
vn -0.99983281 -0.01828518 0.00000000
vn -0.99983281 -0.01828518 0.00000000
vn -0.99983281 -0.01828518 0.00000000
vn -0.99983281 -0.01828518 0.00000000
vn 0.99979386 0.02030387 0.00000000
vn 0.99979386 0.02030387 0.00000000
vn 0.99979386 0.02030387 0.00000000
vn 0.99979386 0.02030387 0.00000000
vn 0.01828518 -0.99983281 0.00000000
vn 0.02030387 -0.99979386 0.00000000
vn 0.02030387 -0.99979386 0.00000000
vn 0.01828518 -0.99983281 0.00000000
vn 0.00000000 0.00000000 -1.00000000
vn 0.00000000 0.00000000 -1.00000000
vn 0.00000000 0.00000000 -1.00000000
vn 0.00000000 0.00000000 -1.00000000
vn 0.00000000 0.00000000 1.00000000
vn 0.00000000 0.00000000 1.00000000
vn 0.00000000 0.00000000 1.00000000
vn 0.00000000 0.00000000 1.00000000
vn -0.99994622 -0.01037118 0.00000000
vn -0.99994622 -0.01037118 0.00000000
vn -0.99994622 -0.01037118 0.00000000
vn -0.99994622 -0.01037118 0.00000000
vn 0.01037118 -0.99994622 0.00000000
vn 0.01535454 -0.99988211 0.00000000
vn 0.01535454 -0.99988211 0.00000000
vn 0.01037118 -0.99994622 0.00000000
vn -0.01037118 0.99994622 0.00000000
vn -0.01037118 0.99994622 0.00000000
vn -0.01535454 0.99988211 0.00000000
vn -0.01535454 0.99988211 0.00000000
vn 0.00000000 0.00000000 -1.00000000
vn 0.00000000 0.00000000 -1.00000000
vn 0.00000000 0.00000000 -1.00000000
vn 0.00000000 0.00000000 -1.00000000
vn 0.00000000 0.00000000 1.00000000
vn 0.00000000 0.00000000 1.00000000
vn 0.00000000 0.00000000 1.00000000
vn 0.00000000 0.00000000 1.00000000
vn 0.99979317 0.02033751 0.00000000
vn 0.99979317 0.02033751 0.00000000
vn 0.99979317 0.02033751 0.00000000
vn 0.99979317 0.02033751 0.00000000
vn 0.01535454 -0.99988211 0.00000000
vn 0.02033751 -0.99979317 0.00000000
vn 0.02033751 -0.99979317 0.00000000
vn 0.01535454 -0.99988211 0.00000000
vn -0.01535454 0.99988211 0.00000000
vn -0.01535454 0.99988211 0.00000000
vn -0.02033751 0.99979317 0.00000000
vn -0.02033751 0.99979317 0.00000000
vn 0.00000000 0.00000000 -1.00000000
vn 0.00000000 0.00000000 -1.00000000
vn 0.00000000 0.00000000 -1.00000000
vn 0.00000000 0.00000000 -1.00000000
vn 0.00000000 0.00000000 1.00000000
vn 0.00000000 0.00000000 1.00000000
vn 0.00000000 0.00000000 1.00000000
vn 0.00000000 0.00000000 1.00000000
vn -0.99979042 -0.02047209 0.00000000
vn -0.99979042 -0.02047209 0.00000000
vn -0.99979042 -0.02047209 0.00000000
vn -0.99979042 -0.02047209 0.00000000
vn 0.00000000 0.00000000 -1.00000000
vn 0.00000000 0.00000000 -1.00000000
vn 0.00000000 0.00000000 -1.00000000
vn 0.00000000 0.00000000 -1.00000000
vn 0.00000000 0.00000000 1.00000000
vn 0.00000000 0.00000000 1.00000000
vn 0.00000000 0.00000000 1.00000000
vn 0.00000000 0.00000000 1.00000000
vn 0.99952848 0.03070545 0.00000000
vn 0.99952848 0.03070545 0.00000000
vn 0.99952848 0.03070545 0.00000000
vn 0.99952848 0.03070545 0.00000000
vn 0.00000000 0.00000000 -1.00000000
vn 0.00000000 0.00000000 -1.00000000
vn 0.00000000 0.00000000 -1.00000000
vn 0.00000000 0.00000000 -1.00000000
vn 0.00000000 0.00000000 1.00000000
vn 0.00000000 0.00000000 1.00000000
vn 0.00000000 0.00000000 1.00000000
vn 0.00000000 0.00000000 1.00000000
vn -0.99979042 -0.02047209 0.00000000
vn -0.99979042 -0.02047209 0.00000000
vn -0.99979042 -0.02047209 0.00000000
vn -0.99979042 -0.02047209 0.00000000
vn 0.02047209 -0.99979042 0.00000000
vn 0.02388350 -0.99971475 0.00000000
vn 0.02388350 -0.99971475 0.00000000
vn 0.02047209 -0.99979042 0.00000000
vn -0.02047209 0.99979042 0.00000000
vn -0.02047209 0.99979042 0.00000000
vn -0.02388350 0.99971475 0.00000000
vn -0.02388350 0.99971475 0.00000000
vn 0.00000000 0.00000000 -1.00000000
vn 0.00000000 0.00000000 -1.00000000
vn 0.00000000 0.00000000 -1.00000000
vn 0.00000000 0.00000000 -1.00000000
vn 0.00000000 0.00000000 1.00000000
vn 0.00000000 0.00000000 1.00000000
vn 0.00000000 0.00000000 1.00000000
vn 0.00000000 0.00000000 1.00000000
vn 0.02388350 -0.99971475 0.00000000
vn 0.02729464 -0.99962743 0.00000000
vn 0.02729464 -0.99962743 0.00000000
vn 0.02388350 -0.99971475 0.00000000
vn -0.02388350 0.99971475 0.00000000
vn -0.02388350 0.99971475 0.00000000
vn -0.02729464 0.99962743 0.00000000
vn -0.02729464 0.99962743 0.00000000
vn 0.00000000 0.00000000 -1.00000000
vn 0.00000000 0.00000000 -1.00000000
vn 0.00000000 0.00000000 -1.00000000
vn 0.00000000 0.00000000 -1.00000000
vn 0.00000000 0.00000000 1.00000000
vn 0.00000000 0.00000000 1.00000000
vn 0.00000000 0.00000000 1.00000000
vn 0.00000000 0.00000000 1.00000000
vn 0.99952848 0.03070545 0.00000000
vn 0.99952848 0.03070545 0.00000000
vn 0.99952848 0.03070545 0.00000000
vn 0.99952848 0.03070545 0.00000000
vn 0.02729464 -0.99962743 0.00000000
vn 0.03070545 -0.99952848 0.00000000
vn 0.03070545 -0.99952848 0.00000000
vn 0.02729464 -0.99962743 0.00000000
vn -0.02729464 0.99962743 0.00000000
vn -0.02729464 0.99962743 0.00000000
vn -0.03070545 0.99952848 0.00000000
vn -0.03070545 0.99952848 0.00000000
vn 0.00000000 0.00000000 -1.00000000
vn 0.00000000 0.00000000 -1.00000000
vn 0.00000000 0.00000000 -1.00000000
vn 0.00000000 0.00000000 -1.00000000
vn 0.00000000 0.00000000 1.00000000
vn 0.00000000 0.00000000 1.00000000
vn 0.00000000 0.00000000 1.00000000
vn 0.00000000 0.00000000 1.00000000
vn -0.99979042 -0.02047209 0.00000000
vn -0.99979042 -0.02047209 0.00000000
vn -0.99979042 -0.02047209 0.00000000
vn -0.99979042 -0.02047209 0.00000000
vn 0.99978812 0.02058424 0.00000000
vn 0.99978812 0.02058424 0.00000000
vn 0.99978812 0.02058424 0.00000000
vn 0.99978812 0.02058424 0.00000000
vn 0.02047209 -0.99979042 0.00000000
vn 0.02058424 -0.99978812 0.00000000
vn 0.02058424 -0.99978812 0.00000000
vn 0.02047209 -0.99979042 0.00000000
vn -0.02047209 0.99979042 0.00000000
vn -0.02047209 0.99979042 0.00000000
vn -0.02058424 0.99978812 0.00000000
vn -0.02058424 0.99978812 0.00000000
vn 0.00000000 0.00000000 -1.00000000
vn 0.00000000 0.00000000 -1.00000000
vn 0.00000000 0.00000000 -1.00000000
vn 0.00000000 0.00000000 -1.00000000
vn 0.00000000 0.00000000 1.00000000
vn 0.00000000 0.00000000 1.00000000
vn 0.00000000 0.00000000 1.00000000
vn 0.00000000 0.00000000 1.00000000
vn -0.99979042 -0.02047209 0.00000000
vn -0.99979042 -0.02047209 0.00000000
vn -0.99979042 -0.02047209 0.00000000
vn -0.99979042 -0.02047209 0.00000000
vn 0.99959325 0.02851909 0.00000000
vn 0.99959325 0.02851909 0.00000000
vn 0.99959325 0.02851909 0.00000000
vn 0.99959325 0.02851909 0.00000000
vn 0.00000000 0.00000000 -1.00000000
vn 0.00000000 0.00000000 -1.00000000
vn 0.00000000 0.00000000 -1.00000000
vn 0.00000000 0.00000000 -1.00000000
vn 0.00000000 0.00000000 1.00000000
vn 0.00000000 0.00000000 1.00000000
vn 0.00000000 0.00000000 1.00000000
vn 0.00000000 0.00000000 1.00000000
vn -0.99979042 -0.02047209 0.00000000
vn -0.99979042 -0.02047209 0.00000000
vn -0.99979042 -0.02047209 0.00000000
vn -0.99979042 -0.02047209 0.00000000
vn 0.99959325 0.02851909 0.00000000
vn 0.99959325 0.02851909 0.00000000
vn 0.99959325 0.02851909 0.00000000
vn 0.99959325 0.02851909 0.00000000
vn 0.00000000 0.00000000 -1.00000000
vn 0.00000000 0.00000000 -1.00000000
vn 0.00000000 0.00000000 -1.00000000
vn 0.00000000 0.00000000 -1.00000000
vn 0.00000000 0.00000000 1.00000000
vn 0.00000000 0.00000000 1.00000000
vn 0.00000000 0.00000000 1.00000000
vn 0.00000000 0.00000000 1.00000000
vn -0.99979042 -0.02047209 0.00000000
vn -0.99979042 -0.02047209 0.00000000
vn -0.99979042 -0.02047209 0.00000000
vn -0.99979042 -0.02047209 0.00000000
vn 0.99959325 0.02851909 0.00000000
vn 0.99959325 0.02851909 0.00000000
vn 0.99959325 0.02851909 0.00000000
vn 0.99959325 0.02851909 0.00000000
vn 0.00000000 0.00000000 -1.00000000
vn 0.00000000 0.00000000 -1.00000000
vn 0.00000000 0.00000000 -1.00000000
vn 0.00000000 0.00000000 -1.00000000
vn 0.00000000 0.00000000 1.00000000
vn 0.00000000 0.00000000 1.00000000
vn 0.00000000 0.00000000 1.00000000
vn 0.00000000 0.00000000 1.00000000
vn -0.99953363 -0.03053728 0.00000000
vn -0.99953363 -0.03053728 0.00000000
vn -0.99953363 -0.03053728 0.00000000
vn -0.99953363 -0.03053728 0.00000000
vn 0.99952848 0.03070545 0.00000000
vn 0.99952848 0.03070545 0.00000000
vn 0.99952848 0.03070545 0.00000000
vn 0.99952848 0.03070545 0.00000000
vn 0.00000000 0.00000000 -1.00000000
vn 0.00000000 0.00000000 -1.00000000
vn 0.00000000 0.00000000 -1.00000000
vn 0.00000000 0.00000000 -1.00000000
vn 0.00000000 0.00000000 1.00000000
vn 0.00000000 0.00000000 1.00000000
vn 0.00000000 0.00000000 1.00000000
vn 0.00000000 0.00000000 1.00000000
vn -0.99959325 -0.02851909 0.00000000
vn -0.99959325 -0.02851909 0.00000000
vn -0.99959325 -0.02851909 0.00000000
vn -0.99959325 -0.02851909 0.00000000
vn 0.99953363 0.03053728 0.00000000
vn 0.99953363 0.03053728 0.00000000
vn 0.99953363 0.03053728 0.00000000
vn 0.99953363 0.03053728 0.00000000
vn 0.02851909 -0.99959325 0.00000000
vn 0.03053728 -0.99953363 0.00000000
vn 0.03053728 -0.99953363 0.00000000
vn 0.02851909 -0.99959325 0.00000000
vn 0.00000000 0.00000000 -1.00000000
vn 0.00000000 0.00000000 -1.00000000
vn 0.00000000 0.00000000 -1.00000000
vn 0.00000000 0.00000000 -1.00000000
vn 0.00000000 0.00000000 1.00000000
vn 0.00000000 0.00000000 1.00000000
vn 0.00000000 0.00000000 1.00000000
vn 0.00000000 0.00000000 1.00000000
vn -0.99978766 -0.02060667 0.00000000
vn -0.99978766 -0.02060667 0.00000000
vn -0.99978766 -0.02060667 0.00000000
vn -0.99978766 -0.02060667 0.00000000
vn 0.02060667 -0.99978766 0.00000000
vn 0.02558911 -0.99967255 0.00000000
vn 0.02558911 -0.99967255 0.00000000
vn 0.02060667 -0.99978766 0.00000000
vn -0.02060667 0.99978766 0.00000000
vn -0.02060667 0.99978766 0.00000000
vn -0.02558911 0.99967255 0.00000000
vn -0.02558911 0.99967255 0.00000000
vn 0.00000000 0.00000000 -1.00000000
vn 0.00000000 0.00000000 -1.00000000
vn 0.00000000 0.00000000 -1.00000000
vn 0.00000000 0.00000000 -1.00000000
vn 0.00000000 0.00000000 1.00000000
vn 0.00000000 0.00000000 1.00000000
vn 0.00000000 0.00000000 1.00000000
vn 0.00000000 0.00000000 1.00000000
vn 0.99953260 0.03057091 0.00000000
vn 0.99953260 0.03057091 0.00000000
vn 0.99953260 0.03057091 0.00000000
vn 0.99953260 0.03057091 0.00000000
vn 0.02558911 -0.99967255 0.00000000
vn 0.03057091 -0.99953260 0.00000000
vn 0.03057091 -0.99953260 0.00000000
vn 0.02558911 -0.99967255 0.00000000
vn -0.02558911 0.99967255 0.00000000
vn -0.02558911 0.99967255 0.00000000
vn -0.03057091 0.99953260 0.00000000
vn -0.03057091 0.99953260 0.00000000
vn 0.00000000 0.00000000 -1.00000000
vn 0.00000000 0.00000000 -1.00000000
vn 0.00000000 0.00000000 -1.00000000
vn 0.00000000 0.00000000 -1.00000000
vn 0.00000000 0.00000000 1.00000000
vn 0.00000000 0.00000000 1.00000000
vn 0.00000000 0.00000000 1.00000000
vn 0.00000000 0.00000000 1.00000000
vn -0.99952848 -0.03070545 0.00000000
vn -0.99952848 -0.03070545 0.00000000
vn -0.99952848 -0.03070545 0.00000000
vn -0.99952848 -0.03070545 0.00000000
vn 0.00000000 0.00000000 -1.00000000
vn 0.00000000 0.00000000 -1.00000000
vn 0.00000000 0.00000000 -1.00000000
vn 0.00000000 0.00000000 -1.00000000
vn 0.00000000 0.00000000 1.00000000
vn 0.00000000 0.00000000 1.00000000
vn 0.00000000 0.00000000 1.00000000
vn 0.00000000 0.00000000 1.00000000
vn 0.99916179 0.04093560 0.00000000
vn 0.99916179 0.04093560 0.00000000
vn 0.99916179 0.04093560 0.00000000
vn 0.99916179 0.04093560 0.00000000
vn 0.00000000 0.00000000 -1.00000000
vn 0.00000000 0.00000000 -1.00000000
vn 0.00000000 0.00000000 -1.00000000
vn 0.00000000 0.00000000 -1.00000000
vn 0.00000000 0.00000000 1.00000000
vn 0.00000000 0.00000000 1.00000000
vn 0.00000000 0.00000000 1.00000000
vn 0.00000000 0.00000000 1.00000000
vn -0.99952848 -0.03070545 0.00000000
vn -0.99952848 -0.03070545 0.00000000
vn -0.99952848 -0.03070545 0.00000000
vn -0.99952848 -0.03070545 0.00000000
vn 0.03070545 -0.99952848 0.00000000
vn 0.03411591 -0.99941788 0.00000000
vn 0.03411591 -0.99941788 0.00000000
vn 0.03070545 -0.99952848 0.00000000
vn -0.03070545 0.99952848 0.00000000
vn -0.03070545 0.99952848 0.00000000
vn -0.03411591 0.99941788 0.00000000
vn -0.03411591 0.99941788 0.00000000
vn 0.00000000 0.00000000 -1.00000000
vn 0.00000000 0.00000000 -1.00000000
vn 0.00000000 0.00000000 -1.00000000
vn 0.00000000 0.00000000 -1.00000000
vn 0.00000000 0.00000000 1.00000000
vn 0.00000000 0.00000000 1.00000000
vn 0.00000000 0.00000000 1.00000000
vn 0.00000000 0.00000000 1.00000000
vn 0.03411591 -0.99941788 0.00000000
vn 0.03752597 -0.99929565 0.00000000
vn 0.03752597 -0.99929565 0.00000000
vn 0.03411591 -0.99941788 0.00000000
vn -0.03411591 0.99941788 0.00000000
vn -0.03411591 0.99941788 0.00000000
vn -0.03752597 0.99929565 0.00000000
vn -0.03752597 0.99929565 0.00000000
vn 0.00000000 0.00000000 -1.00000000
vn 0.00000000 0.00000000 -1.00000000
vn 0.00000000 0.00000000 -1.00000000
vn 0.00000000 0.00000000 -1.00000000
vn 0.00000000 0.00000000 1.00000000
vn 0.00000000 0.00000000 1.00000000
vn 0.00000000 0.00000000 1.00000000
vn 0.00000000 0.00000000 1.00000000
vn 0.99916179 0.04093560 0.00000000
vn 0.99916179 0.04093560 0.00000000
vn 0.99916179 0.04093560 0.00000000
vn 0.99916179 0.04093560 0.00000000
vn 0.03752597 -0.99929565 0.00000000
vn 0.04093560 -0.99916179 0.00000000
vn 0.04093560 -0.99916179 0.00000000
vn 0.03752597 -0.99929565 0.00000000
vn -0.03752597 0.99929565 0.00000000
vn -0.03752597 0.99929565 0.00000000
vn -0.04093560 0.99916179 0.00000000
vn -0.04093560 0.99916179 0.00000000
vn 0.00000000 0.00000000 -1.00000000
vn 0.00000000 0.00000000 -1.00000000
vn 0.00000000 0.00000000 -1.00000000
vn 0.00000000 0.00000000 -1.00000000
vn 0.00000000 0.00000000 1.00000000
vn 0.00000000 0.00000000 1.00000000
vn 0.00000000 0.00000000 1.00000000
vn 0.00000000 0.00000000 1.00000000
vn -0.99952848 -0.03070545 0.00000000
vn -0.99952848 -0.03070545 0.00000000
vn -0.99952848 -0.03070545 0.00000000
vn -0.99952848 -0.03070545 0.00000000
vn 0.99952503 0.03081757 0.00000000
vn 0.99952503 0.03081757 0.00000000
vn 0.99952503 0.03081757 0.00000000
vn 0.99952503 0.03081757 0.00000000
vn 0.03070545 -0.99952848 0.00000000
vn 0.03081757 -0.99952503 0.00000000
vn 0.03081757 -0.99952503 0.00000000
vn 0.03070545 -0.99952848 0.00000000
vn -0.03070545 0.99952848 0.00000000
vn -0.03070545 0.99952848 0.00000000
vn -0.03081757 0.99952503 0.00000000
vn -0.03081757 0.99952503 0.00000000
vn 0.00000000 0.00000000 -1.00000000
vn 0.00000000 0.00000000 -1.00000000
vn 0.00000000 0.00000000 -1.00000000
vn 0.00000000 0.00000000 -1.00000000
vn 0.00000000 0.00000000 1.00000000
vn 0.00000000 0.00000000 1.00000000
vn 0.00000000 0.00000000 1.00000000
vn 0.00000000 0.00000000 1.00000000
vn -0.99952848 -0.03070545 0.00000000
vn -0.99952848 -0.03070545 0.00000000
vn -0.99952848 -0.03070545 0.00000000
vn -0.99952848 -0.03070545 0.00000000
vn 0.99924894 0.03875001 0.00000000
vn 0.99924894 0.03875001 0.00000000
vn 0.99924894 0.03875001 0.00000000
vn 0.99924894 0.03875001 0.00000000
vn 0.00000000 0.00000000 -1.00000000
vn 0.00000000 0.00000000 -1.00000000
vn 0.00000000 0.00000000 -1.00000000
vn 0.00000000 0.00000000 -1.00000000
vn 0.00000000 0.00000000 1.00000000
vn 0.00000000 0.00000000 1.00000000
vn 0.00000000 0.00000000 1.00000000
vn 0.00000000 0.00000000 1.00000000
vn -0.99952848 -0.03070545 0.00000000
vn -0.99952848 -0.03070545 0.00000000
vn -0.99952848 -0.03070545 0.00000000
vn -0.99952848 -0.03070545 0.00000000
vn 0.99924894 0.03875001 0.00000000
vn 0.99924894 0.03875001 0.00000000
vn 0.99924894 0.03875001 0.00000000
vn 0.99924894 0.03875001 0.00000000
vn 0.00000000 0.00000000 -1.00000000
vn 0.00000000 0.00000000 -1.00000000
vn 0.00000000 0.00000000 -1.00000000
vn 0.00000000 0.00000000 -1.00000000
vn 0.00000000 0.00000000 1.00000000
vn 0.00000000 0.00000000 1.00000000
vn 0.00000000 0.00000000 1.00000000
vn 0.00000000 0.00000000 1.00000000
vn -0.99952848 -0.03070545 0.00000000
vn -0.99952848 -0.03070545 0.00000000
vn -0.99952848 -0.03070545 0.00000000
vn -0.99952848 -0.03070545 0.00000000
vn 0.99924894 0.03875001 0.00000000
vn 0.99924894 0.03875001 0.00000000
vn 0.99924894 0.03875001 0.00000000
vn 0.99924894 0.03875001 0.00000000
vn 0.00000000 0.00000000 -1.00000000
vn 0.00000000 0.00000000 -1.00000000
vn 0.00000000 0.00000000 -1.00000000
vn 0.00000000 0.00000000 -1.00000000
vn 0.00000000 0.00000000 1.00000000
vn 0.00000000 0.00000000 1.00000000
vn 0.00000000 0.00000000 1.00000000
vn 0.00000000 0.00000000 1.00000000
vn -0.99916866 -0.04076748 0.00000000
vn -0.99916866 -0.04076748 0.00000000
vn -0.99916866 -0.04076748 0.00000000
vn -0.99916866 -0.04076748 0.00000000
vn 0.99916179 0.04093560 0.00000000
vn 0.99916179 0.04093560 0.00000000
vn 0.99916179 0.04093560 0.00000000
vn 0.99916179 0.04093560 0.00000000
vn 0.00000000 0.00000000 -1.00000000
vn 0.00000000 0.00000000 -1.00000000
vn 0.00000000 0.00000000 -1.00000000
vn 0.00000000 0.00000000 -1.00000000
vn 0.00000000 0.00000000 1.00000000
vn 0.00000000 0.00000000 1.00000000
vn 0.00000000 0.00000000 1.00000000
vn 0.00000000 0.00000000 1.00000000
vn -0.99924894 -0.03875001 0.00000000
vn -0.99924894 -0.03875001 0.00000000
vn -0.99924894 -0.03875001 0.00000000
vn -0.99924894 -0.03875001 0.00000000
vn 0.99916866 0.04076748 0.00000000
vn 0.99916866 0.04076748 0.00000000
vn 0.99916866 0.04076748 0.00000000
vn 0.99916866 0.04076748 0.00000000
vn 0.03875001 -0.99924894 0.00000000
vn 0.04076748 -0.99916866 0.00000000
vn 0.04076748 -0.99916866 0.00000000
vn 0.03875001 -0.99924894 0.00000000
vn 0.00000000 0.00000000 -1.00000000
vn 0.00000000 0.00000000 -1.00000000
vn 0.00000000 0.00000000 -1.00000000
vn 0.00000000 0.00000000 -1.00000000
vn 0.00000000 0.00000000 1.00000000
vn 0.00000000 0.00000000 1.00000000
vn 0.00000000 0.00000000 1.00000000
vn 0.00000000 0.00000000 1.00000000
vn -0.99952433 -0.03083999 0.00000000
vn -0.99952433 -0.03083999 0.00000000
vn -0.99952433 -0.03083999 0.00000000
vn -0.99952433 -0.03083999 0.00000000
vn 0.03083999 -0.99952433 0.00000000
vn 0.03582099 -0.99935822 0.00000000
vn 0.03582099 -0.99935822 0.00000000
vn 0.03083999 -0.99952433 0.00000000
vn -0.03083999 0.99952433 0.00000000
vn -0.03083999 0.99952433 0.00000000
vn -0.03582099 0.99935822 0.00000000
vn -0.03582099 0.99935822 0.00000000
vn 0.00000000 0.00000000 -1.00000000
vn 0.00000000 0.00000000 -1.00000000
vn 0.00000000 0.00000000 -1.00000000
vn 0.00000000 0.00000000 -1.00000000
vn 0.00000000 0.00000000 1.00000000
vn 0.00000000 0.00000000 1.00000000
vn 0.00000000 0.00000000 1.00000000
vn 0.00000000 0.00000000 1.00000000
vn 0.99916729 0.04080111 0.00000000
vn 0.99916729 0.04080111 0.00000000
vn 0.99916729 0.04080111 0.00000000
vn 0.99916729 0.04080111 0.00000000
vn 0.03582099 -0.99935822 0.00000000
vn 0.04080111 -0.99916729 0.00000000
vn 0.04080111 -0.99916729 0.00000000
vn 0.03582099 -0.99935822 0.00000000
vn -0.03582099 0.99935822 0.00000000
vn -0.03582099 0.99935822 0.00000000
vn -0.04080111 0.99916729 0.00000000
vn -0.04080111 0.99916729 0.00000000
vn 0.00000000 0.00000000 -1.00000000
vn 0.00000000 0.00000000 -1.00000000
vn 0.00000000 0.00000000 -1.00000000
vn 0.00000000 0.00000000 -1.00000000
vn 0.00000000 0.00000000 1.00000000
vn 0.00000000 0.00000000 1.00000000
vn 0.00000000 0.00000000 1.00000000
vn 0.00000000 0.00000000 1.00000000
vn -0.99916179 -0.04093560 0.00000000
vn -0.99916179 -0.04093560 0.00000000
vn -0.99916179 -0.04093560 0.00000000
vn -0.99916179 -0.04093560 0.00000000
vn 0.00000000 0.00000000 -1.00000000
vn 0.00000000 0.00000000 -1.00000000
vn 0.00000000 0.00000000 -1.00000000
vn 0.00000000 0.00000000 -1.00000000
vn 0.00000000 0.00000000 1.00000000
vn 0.00000000 0.00000000 1.00000000
vn 0.00000000 0.00000000 1.00000000
vn 0.00000000 0.00000000 1.00000000
vn 0.99869040 0.05116145 0.00000000
vn 0.99869040 0.05116145 0.00000000
vn 0.99869040 0.05116145 0.00000000
vn 0.99869040 0.05116145 0.00000000
vn 0.00000000 0.00000000 -1.00000000
vn 0.00000000 0.00000000 -1.00000000
vn 0.00000000 0.00000000 -1.00000000
vn 0.00000000 0.00000000 -1.00000000
vn 0.00000000 0.00000000 1.00000000
vn 0.00000000 0.00000000 1.00000000
vn 0.00000000 0.00000000 1.00000000
vn 0.00000000 0.00000000 1.00000000
vn -0.99916179 -0.04093560 0.00000000
vn -0.99916179 -0.04093560 0.00000000
vn -0.99916179 -0.04093560 0.00000000
vn -0.99916179 -0.04093560 0.00000000
vn 0.04093560 -0.99916179 0.00000000
vn 0.04434475 -0.99901629 0.00000000
vn 0.04434475 -0.99901629 0.00000000
vn 0.04093560 -0.99916179 0.00000000
vn -0.04093560 0.99916179 0.00000000
vn -0.04093560 0.99916179 0.00000000
vn -0.04434475 0.99901629 0.00000000
vn -0.04434475 0.99901629 0.00000000
vn 0.00000000 0.00000000 -1.00000000
vn 0.00000000 0.00000000 -1.00000000
vn 0.00000000 0.00000000 -1.00000000
vn 0.00000000 0.00000000 -1.00000000
vn 0.00000000 0.00000000 1.00000000
vn 0.00000000 0.00000000 1.00000000
vn 0.00000000 0.00000000 1.00000000
vn 0.00000000 0.00000000 1.00000000
vn 0.04434475 -0.99901629 0.00000000
vn 0.04775338 -0.99885916 0.00000000
vn 0.04775338 -0.99885916 0.00000000
vn 0.04434475 -0.99901629 0.00000000
vn -0.04434475 0.99901629 0.00000000
vn -0.04434475 0.99901629 0.00000000
vn -0.04775338 0.99885916 0.00000000
vn -0.04775338 0.99885916 0.00000000
vn 0.00000000 0.00000000 -1.00000000
vn 0.00000000 0.00000000 -1.00000000
vn 0.00000000 0.00000000 -1.00000000
vn 0.00000000 0.00000000 -1.00000000
vn 0.00000000 0.00000000 1.00000000
vn 0.00000000 0.00000000 1.00000000
vn 0.00000000 0.00000000 1.00000000
vn 0.00000000 0.00000000 1.00000000
vn 0.99869040 0.05116145 0.00000000
vn 0.99869040 0.05116145 0.00000000
vn 0.99869040 0.05116145 0.00000000
vn 0.99869040 0.05116145 0.00000000
vn 0.04775338 -0.99885916 0.00000000
vn 0.05116145 -0.99869040 0.00000000
vn 0.05116145 -0.99869040 0.00000000
vn 0.04775338 -0.99885916 0.00000000
vn -0.04775338 0.99885916 0.00000000
vn -0.04775338 0.99885916 0.00000000
vn -0.05116145 0.99869040 0.00000000
vn -0.05116145 0.99869040 0.00000000
vn 0.00000000 0.00000000 -1.00000000
vn 0.00000000 0.00000000 -1.00000000
vn 0.00000000 0.00000000 -1.00000000
vn 0.00000000 0.00000000 -1.00000000
vn 0.00000000 0.00000000 1.00000000
vn 0.00000000 0.00000000 1.00000000
vn 0.00000000 0.00000000 1.00000000
vn 0.00000000 0.00000000 1.00000000
vn -0.99916179 -0.04093560 0.00000000
vn -0.99916179 -0.04093560 0.00000000
vn -0.99916179 -0.04093560 0.00000000
vn -0.99916179 -0.04093560 0.00000000
vn 0.99915719 0.04104767 0.00000000
vn 0.99915719 0.04104767 0.00000000
vn 0.99915719 0.04104767 0.00000000
vn 0.99915719 0.04104767 0.00000000
vn 0.04093560 -0.99916179 0.00000000
vn 0.04104767 -0.99915719 0.00000000
vn 0.04104767 -0.99915719 0.00000000
vn 0.04093560 -0.99916179 0.00000000
vn -0.04093560 0.99916179 0.00000000
vn -0.04093560 0.99916179 0.00000000
vn -0.04104767 0.99915719 0.00000000
vn -0.04104767 0.99915719 0.00000000
vn 0.00000000 0.00000000 -1.00000000
vn 0.00000000 0.00000000 -1.00000000
vn 0.00000000 0.00000000 -1.00000000
vn 0.00000000 0.00000000 -1.00000000
vn 0.00000000 0.00000000 1.00000000
vn 0.00000000 0.00000000 1.00000000
vn 0.00000000 0.00000000 1.00000000
vn 0.00000000 0.00000000 1.00000000
vn -0.99916179 -0.04093560 0.00000000
vn -0.99916179 -0.04093560 0.00000000
vn -0.99916179 -0.04093560 0.00000000
vn -0.99916179 -0.04093560 0.00000000
vn 0.99879991 0.04897687 0.00000000
vn 0.99879991 0.04897687 0.00000000
vn 0.99879991 0.04897687 0.00000000
vn 0.99879991 0.04897687 0.00000000
vn 0.00000000 0.00000000 -1.00000000
vn 0.00000000 0.00000000 -1.00000000
vn 0.00000000 0.00000000 -1.00000000
vn 0.00000000 0.00000000 -1.00000000
vn 0.00000000 0.00000000 1.00000000
vn 0.00000000 0.00000000 1.00000000
vn 0.00000000 0.00000000 1.00000000
vn 0.00000000 0.00000000 1.00000000
vn -0.99916179 -0.04093560 0.00000000
vn -0.99916179 -0.04093560 0.00000000
vn -0.99916179 -0.04093560 0.00000000
vn -0.99916179 -0.04093560 0.00000000
vn 0.99879991 0.04897687 0.00000000
vn 0.99879991 0.04897687 0.00000000
vn 0.99879991 0.04897687 0.00000000
vn 0.99879991 0.04897687 0.00000000
vn 0.00000000 0.00000000 -1.00000000
vn 0.00000000 0.00000000 -1.00000000
vn 0.00000000 0.00000000 -1.00000000
vn 0.00000000 0.00000000 -1.00000000
vn 0.00000000 0.00000000 1.00000000
vn 0.00000000 0.00000000 1.00000000
vn 0.00000000 0.00000000 1.00000000
vn 0.00000000 0.00000000 1.00000000
vn -0.99916179 -0.04093560 0.00000000
vn -0.99916179 -0.04093560 0.00000000
vn -0.99916179 -0.04093560 0.00000000
vn -0.99916179 -0.04093560 0.00000000
vn 0.99879991 0.04897687 0.00000000
vn 0.99879991 0.04897687 0.00000000
vn 0.99879991 0.04897687 0.00000000
vn 0.99879991 0.04897687 0.00000000
vn 0.00000000 0.00000000 -1.00000000
vn 0.00000000 0.00000000 -1.00000000
vn 0.00000000 0.00000000 -1.00000000
vn 0.00000000 0.00000000 -1.00000000
vn 0.00000000 0.00000000 1.00000000
vn 0.00000000 0.00000000 1.00000000
vn 0.00000000 0.00000000 1.00000000
vn 0.00000000 0.00000000 1.00000000
vn -0.99869899 -0.05099342 0.00000000
vn -0.99869899 -0.05099342 0.00000000
vn -0.99869899 -0.05099342 0.00000000
vn -0.99869899 -0.05099342 0.00000000
vn 0.99869040 0.05116145 0.00000000
vn 0.99869040 0.05116145 0.00000000
vn 0.99869040 0.05116145 0.00000000
vn 0.99869040 0.05116145 0.00000000
vn 0.00000000 0.00000000 -1.00000000
vn 0.00000000 0.00000000 -1.00000000
vn 0.00000000 0.00000000 -1.00000000
vn 0.00000000 0.00000000 -1.00000000
vn 0.00000000 0.00000000 1.00000000
vn 0.00000000 0.00000000 1.00000000
vn 0.00000000 0.00000000 1.00000000
vn 0.00000000 0.00000000 1.00000000
vn -0.99879991 -0.04897687 0.00000000
vn -0.99879991 -0.04897687 0.00000000
vn -0.99879991 -0.04897687 0.00000000
vn -0.99879991 -0.04897687 0.00000000
vn 0.99869899 0.05099342 0.00000000
vn 0.99869899 0.05099342 0.00000000
vn 0.99869899 0.05099342 0.00000000
vn 0.99869899 0.05099342 0.00000000
vn 0.04897687 -0.99879991 0.00000000
vn 0.05099342 -0.99869899 0.00000000
vn 0.05099342 -0.99869899 0.00000000
vn 0.04897687 -0.99879991 0.00000000
vn 0.00000000 0.00000000 -1.00000000
vn 0.00000000 0.00000000 -1.00000000
vn 0.00000000 0.00000000 -1.00000000
vn 0.00000000 0.00000000 -1.00000000
vn 0.00000000 0.00000000 1.00000000
vn 0.00000000 0.00000000 1.00000000
vn 0.00000000 0.00000000 1.00000000
vn 0.00000000 0.00000000 1.00000000
vn -0.99915627 -0.04107009 0.00000000
vn -0.99915627 -0.04107009 0.00000000
vn -0.99915627 -0.04107009 0.00000000
vn -0.99915627 -0.04107009 0.00000000
vn 0.04107009 -0.99915627 0.00000000
vn 0.04604913 -0.99893918 0.00000000
vn 0.04604913 -0.99893918 0.00000000
vn 0.04107009 -0.99915627 0.00000000
vn -0.04107009 0.99915627 0.00000000
vn -0.04107009 0.99915627 0.00000000
vn -0.04604913 0.99893918 0.00000000
vn -0.04604913 0.99893918 0.00000000
vn 0.00000000 0.00000000 -1.00000000
vn 0.00000000 0.00000000 -1.00000000
vn 0.00000000 0.00000000 -1.00000000
vn 0.00000000 0.00000000 -1.00000000
vn 0.00000000 0.00000000 1.00000000
vn 0.00000000 0.00000000 1.00000000
vn 0.00000000 0.00000000 1.00000000
vn 0.00000000 0.00000000 1.00000000
vn 0.99869727 0.05102703 0.00000000
vn 0.99869727 0.05102703 0.00000000
vn 0.99869727 0.05102703 0.00000000
vn 0.99869727 0.05102703 0.00000000
vn 0.04604913 -0.99893918 0.00000000
vn 0.05102703 -0.99869727 0.00000000
vn 0.05102703 -0.99869727 0.00000000
vn 0.04604913 -0.99893918 0.00000000
vn -0.04604913 0.99893918 0.00000000
vn -0.04604913 0.99893918 0.00000000
vn -0.05102703 0.99869727 0.00000000
vn -0.05102703 0.99869727 0.00000000
vn 0.00000000 0.00000000 -1.00000000
vn 0.00000000 0.00000000 -1.00000000
vn 0.00000000 0.00000000 -1.00000000
vn 0.00000000 0.00000000 -1.00000000
vn 0.00000000 0.00000000 1.00000000
vn 0.00000000 0.00000000 1.00000000
vn 0.00000000 0.00000000 1.00000000
vn 0.00000000 0.00000000 1.00000000
vn -0.99869040 -0.05116145 0.00000000
vn -0.99869040 -0.05116145 0.00000000
vn -0.99869040 -0.05116145 0.00000000
vn -0.99869040 -0.05116145 0.00000000
vn 0.00000000 0.00000000 -1.00000000
vn 0.00000000 0.00000000 -1.00000000
vn 0.00000000 0.00000000 -1.00000000
vn 0.00000000 0.00000000 -1.00000000
vn 0.00000000 0.00000000 1.00000000
vn 0.00000000 0.00000000 1.00000000
vn 0.00000000 0.00000000 1.00000000
vn 0.00000000 0.00000000 1.00000000
vn 0.99811435 0.06138195 0.00000000
vn 0.99811435 0.06138195 0.00000000
vn 0.99811435 0.06138195 0.00000000
vn 0.99811435 0.06138195 0.00000000
vn 0.00000000 0.00000000 -1.00000000
vn 0.00000000 0.00000000 -1.00000000
vn 0.00000000 0.00000000 -1.00000000
vn 0.00000000 0.00000000 -1.00000000
vn 0.00000000 0.00000000 1.00000000
vn 0.00000000 0.00000000 1.00000000
vn 0.00000000 0.00000000 1.00000000
vn 0.00000000 0.00000000 1.00000000
vn -0.99869040 -0.05116145 0.00000000
vn -0.99869040 -0.05116145 0.00000000
vn -0.99869040 -0.05116145 0.00000000
vn -0.99869040 -0.05116145 0.00000000
vn 0.05116145 -0.99869040 0.00000000
vn 0.05456893 -0.99851001 0.00000000
vn 0.05456893 -0.99851001 0.00000000
vn 0.05116145 -0.99869040 0.00000000
vn -0.05116145 0.99869040 0.00000000
vn -0.05116145 0.99869040 0.00000000
vn -0.05456893 0.99851001 0.00000000
vn -0.05456893 0.99851001 0.00000000
vn 0.00000000 0.00000000 -1.00000000
vn 0.00000000 0.00000000 -1.00000000
vn 0.00000000 0.00000000 -1.00000000
vn 0.00000000 0.00000000 -1.00000000
vn 0.00000000 0.00000000 1.00000000
vn 0.00000000 0.00000000 1.00000000
vn 0.00000000 0.00000000 1.00000000
vn 0.00000000 0.00000000 1.00000000
vn 0.05456893 -0.99851001 0.00000000
vn 0.05797578 -0.99831799 0.00000000
vn 0.05797578 -0.99831799 0.00000000
vn 0.05456893 -0.99851001 0.00000000
vn -0.05456893 0.99851001 0.00000000
vn -0.05456893 0.99851001 0.00000000
vn -0.05797578 0.99831799 0.00000000
vn -0.05797578 0.99831799 0.00000000
vn 0.00000000 0.00000000 -1.00000000
vn 0.00000000 0.00000000 -1.00000000
vn 0.00000000 0.00000000 -1.00000000
vn 0.00000000 0.00000000 -1.00000000
vn 0.00000000 0.00000000 1.00000000
vn 0.00000000 0.00000000 1.00000000
vn 0.00000000 0.00000000 1.00000000
vn 0.00000000 0.00000000 1.00000000
vn 0.99811435 0.06138195 0.00000000
vn 0.99811435 0.06138195 0.00000000
vn 0.99811435 0.06138195 0.00000000
vn 0.99811435 0.06138195 0.00000000
vn 0.05797578 -0.99831799 0.00000000
vn 0.06138195 -0.99811435 0.00000000
vn 0.06138195 -0.99811435 0.00000000
vn 0.05797578 -0.99831799 0.00000000
vn -0.05797578 0.99831799 0.00000000
vn -0.05797578 0.99831799 0.00000000
vn -0.06138195 0.99811435 0.00000000
vn -0.06138195 0.99811435 0.00000000
vn 0.00000000 0.00000000 -1.00000000
vn 0.00000000 0.00000000 -1.00000000
vn 0.00000000 0.00000000 -1.00000000
vn 0.00000000 0.00000000 -1.00000000
vn 0.00000000 0.00000000 1.00000000
vn 0.00000000 0.00000000 1.00000000
vn 0.00000000 0.00000000 1.00000000
vn 0.00000000 0.00000000 1.00000000
vn -0.99869040 -0.05116145 0.00000000
vn -0.99869040 -0.05116145 0.00000000
vn -0.99869040 -0.05116145 0.00000000
vn -0.99869040 -0.05116145 0.00000000
vn 0.99868465 0.05127348 0.00000000
vn 0.99868465 0.05127348 0.00000000
vn 0.99868465 0.05127348 0.00000000
vn 0.99868465 0.05127348 0.00000000
vn 0.05116145 -0.99869040 0.00000000
vn 0.05127348 -0.99868465 0.00000000
vn 0.05127348 -0.99868465 0.00000000
vn 0.05116145 -0.99869040 0.00000000
vn -0.05116145 0.99869040 0.00000000
vn -0.05116145 0.99869040 0.00000000
vn -0.05127348 0.99868465 0.00000000
vn -0.05127348 0.99868465 0.00000000
vn 0.00000000 0.00000000 -1.00000000
vn 0.00000000 0.00000000 -1.00000000
vn 0.00000000 0.00000000 -1.00000000
vn 0.00000000 0.00000000 -1.00000000
vn 0.00000000 0.00000000 1.00000000
vn 0.00000000 0.00000000 1.00000000
vn 0.00000000 0.00000000 1.00000000
vn 0.00000000 0.00000000 1.00000000
vn -0.99869040 -0.05116145 0.00000000
vn -0.99869040 -0.05116145 0.00000000
vn -0.99869040 -0.05116145 0.00000000
vn -0.99869040 -0.05116145 0.00000000
vn 0.99824622 0.05919860 0.00000000
vn 0.99824622 0.05919860 0.00000000
vn 0.99824622 0.05919860 0.00000000
vn 0.99824622 0.05919860 0.00000000
vn 0.00000000 0.00000000 -1.00000000
vn 0.00000000 0.00000000 -1.00000000
vn 0.00000000 0.00000000 -1.00000000
vn 0.00000000 0.00000000 -1.00000000
vn 0.00000000 0.00000000 1.00000000
vn 0.00000000 0.00000000 1.00000000
vn 0.00000000 0.00000000 1.00000000
vn 0.00000000 0.00000000 1.00000000
vn -0.99869040 -0.05116145 0.00000000
vn -0.99869040 -0.05116145 0.00000000
vn -0.99869040 -0.05116145 0.00000000
vn -0.99869040 -0.05116145 0.00000000
vn 0.99824622 0.05919860 0.00000000
vn 0.99824622 0.05919860 0.00000000
vn 0.99824622 0.05919860 0.00000000
vn 0.99824622 0.05919860 0.00000000
vn 0.00000000 0.00000000 -1.00000000
vn 0.00000000 0.00000000 -1.00000000
vn 0.00000000 0.00000000 -1.00000000
vn 0.00000000 0.00000000 -1.00000000
vn 0.00000000 0.00000000 1.00000000
vn 0.00000000 0.00000000 1.00000000
vn 0.00000000 0.00000000 1.00000000
vn 0.00000000 0.00000000 1.00000000
vn -0.99869040 -0.05116145 0.00000000
vn -0.99869040 -0.05116145 0.00000000
vn -0.99869040 -0.05116145 0.00000000
vn -0.99869040 -0.05116145 0.00000000
vn 0.99824622 0.05919860 0.00000000
vn 0.99824622 0.05919860 0.00000000
vn 0.99824622 0.05919860 0.00000000
vn 0.99824622 0.05919860 0.00000000
vn 0.00000000 0.00000000 -1.00000000
vn 0.00000000 0.00000000 -1.00000000
vn 0.00000000 0.00000000 -1.00000000
vn 0.00000000 0.00000000 -1.00000000
vn 0.00000000 0.00000000 1.00000000
vn 0.00000000 0.00000000 1.00000000
vn 0.00000000 0.00000000 1.00000000
vn 0.00000000 0.00000000 1.00000000
vn -0.99812466 -0.06121401 0.00000000
vn -0.99812466 -0.06121401 0.00000000
vn -0.99812466 -0.06121401 0.00000000
vn -0.99812466 -0.06121401 0.00000000
vn 0.99811435 0.06138195 0.00000000
vn 0.99811435 0.06138195 0.00000000
vn 0.99811435 0.06138195 0.00000000
vn 0.99811435 0.06138195 0.00000000
vn 0.00000000 0.00000000 -1.00000000
vn 0.00000000 0.00000000 -1.00000000
vn 0.00000000 0.00000000 -1.00000000
vn 0.00000000 0.00000000 -1.00000000
vn 0.00000000 0.00000000 1.00000000
vn 0.00000000 0.00000000 1.00000000
vn 0.00000000 0.00000000 1.00000000
vn 0.00000000 0.00000000 1.00000000
vn -0.99824622 -0.05919860 0.00000000
vn -0.99824622 -0.05919860 0.00000000
vn -0.99824622 -0.05919860 0.00000000
vn -0.99824622 -0.05919860 0.00000000
vn 0.99812466 0.06121401 0.00000000
vn 0.99812466 0.06121401 0.00000000
vn 0.99812466 0.06121401 0.00000000
vn 0.99812466 0.06121401 0.00000000
vn 0.05919860 -0.99824622 0.00000000
vn 0.06121401 -0.99812466 0.00000000
vn 0.06121401 -0.99812466 0.00000000
vn 0.05919860 -0.99824622 0.00000000
vn 0.00000000 0.00000000 -1.00000000
vn 0.00000000 0.00000000 -1.00000000
vn 0.00000000 0.00000000 -1.00000000
vn 0.00000000 0.00000000 -1.00000000
vn 0.00000000 0.00000000 1.00000000
vn 0.00000000 0.00000000 1.00000000
vn 0.00000000 0.00000000 1.00000000
vn 0.00000000 0.00000000 1.00000000
vn -0.99868350 -0.05129588 0.00000000
vn -0.99868350 -0.05129588 0.00000000
vn -0.99868350 -0.05129588 0.00000000
vn -0.99868350 -0.05129588 0.00000000
vn 0.05129588 -0.99868350 0.00000000
vn 0.05627244 -0.99841545 0.00000000
vn 0.05627244 -0.99841545 0.00000000
vn 0.05129588 -0.99868350 0.00000000
vn -0.05129588 0.99868350 0.00000000
vn -0.05129588 0.99868350 0.00000000
vn -0.05627244 0.99841545 0.00000000
vn -0.05627244 0.99841545 0.00000000
vn 0.00000000 0.00000000 -1.00000000
vn 0.00000000 0.00000000 -1.00000000
vn 0.00000000 0.00000000 -1.00000000
vn 0.00000000 0.00000000 -1.00000000
vn 0.00000000 0.00000000 1.00000000
vn 0.00000000 0.00000000 1.00000000
vn 0.00000000 0.00000000 1.00000000
vn 0.00000000 0.00000000 1.00000000
vn 0.99812260 0.06124760 0.00000000
vn 0.99812260 0.06124760 0.00000000
vn 0.99812260 0.06124760 0.00000000
vn 0.99812260 0.06124760 0.00000000
vn 0.05627244 -0.99841545 0.00000000
vn 0.06124760 -0.99812260 0.00000000
vn 0.06124760 -0.99812260 0.00000000
vn 0.05627244 -0.99841545 0.00000000
vn -0.05627244 0.99841545 0.00000000
vn -0.05627244 0.99841545 0.00000000
vn -0.06124760 0.99812260 0.00000000
vn -0.06124760 0.99812260 0.00000000
vn 0.00000000 0.00000000 -1.00000000
vn 0.00000000 0.00000000 -1.00000000
vn 0.00000000 0.00000000 -1.00000000
vn 0.00000000 0.00000000 -1.00000000
vn 0.00000000 0.00000000 1.00000000
vn 0.00000000 0.00000000 1.00000000
vn 0.00000000 0.00000000 1.00000000
vn 0.00000000 0.00000000 1.00000000
vn -0.99811435 -0.06138195 0.00000000
vn -0.99811435 -0.06138195 0.00000000
vn -0.99811435 -0.06138195 0.00000000
vn -0.99811435 -0.06138195 0.00000000
vn 0.00000000 0.00000000 -1.00000000
vn 0.00000000 0.00000000 -1.00000000
vn 0.00000000 0.00000000 -1.00000000
vn 0.00000000 0.00000000 -1.00000000
vn 0.00000000 0.00000000 1.00000000
vn 0.00000000 0.00000000 1.00000000
vn 0.00000000 0.00000000 1.00000000
vn 0.00000000 0.00000000 1.00000000
vn 0.99743371 0.07159601 0.00000000
vn 0.99743371 0.07159601 0.00000000
vn 0.99743371 0.07159601 0.00000000
vn 0.99743371 0.07159601 0.00000000
vn 0.00000000 0.00000000 -1.00000000
vn 0.00000000 0.00000000 -1.00000000
vn 0.00000000 0.00000000 -1.00000000
vn 0.00000000 0.00000000 -1.00000000
vn 0.00000000 0.00000000 1.00000000
vn 0.00000000 0.00000000 1.00000000
vn 0.00000000 0.00000000 1.00000000
vn 0.00000000 0.00000000 1.00000000
vn -0.99811435 -0.06138195 0.00000000
vn -0.99811435 -0.06138195 0.00000000
vn -0.99811435 -0.06138195 0.00000000
vn -0.99811435 -0.06138195 0.00000000
vn 0.06138195 -0.99811435 0.00000000
vn 0.06478740 -0.99789909 0.00000000
vn 0.06478740 -0.99789909 0.00000000
vn 0.06138195 -0.99811435 0.00000000
vn -0.06138195 0.99811435 0.00000000
vn -0.06138195 0.99811435 0.00000000
vn -0.06478740 0.99789909 0.00000000
vn -0.06478740 0.99789909 0.00000000
vn 0.00000000 0.00000000 -1.00000000
vn 0.00000000 0.00000000 -1.00000000
vn 0.00000000 0.00000000 -1.00000000
vn 0.00000000 0.00000000 -1.00000000
vn 0.00000000 0.00000000 1.00000000
vn 0.00000000 0.00000000 1.00000000
vn 0.00000000 0.00000000 1.00000000
vn 0.00000000 0.00000000 1.00000000
vn 0.06478740 -0.99789909 0.00000000
vn 0.06819210 -0.99767221 0.00000000
vn 0.06819210 -0.99767221 0.00000000
vn 0.06478740 -0.99789909 0.00000000
vn -0.06478740 0.99789909 0.00000000
vn -0.06478740 0.99789909 0.00000000
vn -0.06819210 0.99767221 0.00000000
vn -0.06819210 0.99767221 0.00000000
vn 0.00000000 0.00000000 -1.00000000
vn 0.00000000 0.00000000 -1.00000000
vn 0.00000000 0.00000000 -1.00000000
vn 0.00000000 0.00000000 -1.00000000
vn 0.00000000 0.00000000 1.00000000
vn 0.00000000 0.00000000 1.00000000
vn 0.00000000 0.00000000 1.00000000
vn 0.00000000 0.00000000 1.00000000
vn 0.99743371 0.07159601 0.00000000
vn 0.99743371 0.07159601 0.00000000
vn 0.99743371 0.07159601 0.00000000
vn 0.99743371 0.07159601 0.00000000
vn 0.06819210 -0.99767221 0.00000000
vn 0.07159601 -0.99743371 0.00000000
vn 0.07159601 -0.99743371 0.00000000
vn 0.06819210 -0.99767221 0.00000000
vn -0.06819210 0.99767221 0.00000000
vn -0.06819210 0.99767221 0.00000000
vn -0.07159601 0.99743371 0.00000000
vn -0.07159601 0.99743371 0.00000000
vn 0.00000000 0.00000000 -1.00000000
vn 0.00000000 0.00000000 -1.00000000
vn 0.00000000 0.00000000 -1.00000000
vn 0.00000000 0.00000000 -1.00000000
vn 0.00000000 0.00000000 1.00000000
vn 0.00000000 0.00000000 1.00000000
vn 0.00000000 0.00000000 1.00000000
vn 0.00000000 0.00000000 1.00000000
vn -0.99811435 -0.06138195 0.00000000
vn -0.99811435 -0.06138195 0.00000000
vn -0.99811435 -0.06138195 0.00000000
vn -0.99811435 -0.06138195 0.00000000
vn 0.99758793 0.06941413 0.00000000
vn 0.99758793 0.06941413 0.00000000
vn 0.99758793 0.06941413 0.00000000
vn 0.99758793 0.06941413 0.00000000
vn 0.00000000 0.00000000 -1.00000000
vn 0.00000000 0.00000000 -1.00000000
vn 0.00000000 0.00000000 -1.00000000
vn 0.00000000 0.00000000 -1.00000000
vn 0.00000000 0.00000000 1.00000000
vn 0.00000000 0.00000000 1.00000000
vn 0.00000000 0.00000000 1.00000000
vn 0.00000000 0.00000000 1.00000000
vn -0.99811435 -0.06138195 0.00000000
vn -0.99811435 -0.06138195 0.00000000
vn -0.99811435 -0.06138195 0.00000000
vn -0.99811435 -0.06138195 0.00000000
vn 0.99758793 0.06941413 0.00000000
vn 0.99758793 0.06941413 0.00000000
vn 0.99758793 0.06941413 0.00000000
vn 0.99758793 0.06941413 0.00000000
vn 0.00000000 0.00000000 -1.00000000
vn 0.00000000 0.00000000 -1.00000000
vn 0.00000000 0.00000000 -1.00000000
vn 0.00000000 0.00000000 -1.00000000
vn 0.00000000 0.00000000 1.00000000
vn 0.00000000 0.00000000 1.00000000
vn 0.00000000 0.00000000 1.00000000
vn 0.00000000 0.00000000 1.00000000
vn -0.99811435 -0.06138195 0.00000000
vn -0.99811435 -0.06138195 0.00000000
vn -0.99811435 -0.06138195 0.00000000
vn -0.99811435 -0.06138195 0.00000000
vn 0.99758793 0.06941413 0.00000000
vn 0.99758793 0.06941413 0.00000000
vn 0.99758793 0.06941413 0.00000000
vn 0.99758793 0.06941413 0.00000000
vn 0.00000000 0.00000000 -1.00000000
vn 0.00000000 0.00000000 -1.00000000
vn 0.00000000 0.00000000 -1.00000000
vn 0.00000000 0.00000000 -1.00000000
vn 0.00000000 0.00000000 1.00000000
vn 0.00000000 0.00000000 1.00000000
vn 0.00000000 0.00000000 1.00000000
vn 0.00000000 0.00000000 1.00000000
vn -0.99744575 -0.07142819 0.00000000
vn -0.99744575 -0.07142819 0.00000000
vn -0.99744575 -0.07142819 0.00000000
vn -0.99744575 -0.07142819 0.00000000
vn 0.99743371 0.07159601 0.00000000
vn 0.99743371 0.07159601 0.00000000
vn 0.99743371 0.07159601 0.00000000
vn 0.99743371 0.07159601 0.00000000
vn 0.00000000 0.00000000 -1.00000000
vn 0.00000000 0.00000000 -1.00000000
vn 0.00000000 0.00000000 -1.00000000
vn 0.00000000 0.00000000 -1.00000000
vn 0.00000000 0.00000000 1.00000000
vn 0.00000000 0.00000000 1.00000000
vn 0.00000000 0.00000000 1.00000000
vn 0.00000000 0.00000000 1.00000000
vn -0.99758793 -0.06941413 0.00000000
vn -0.99758793 -0.06941413 0.00000000
vn -0.99758793 -0.06941413 0.00000000
vn -0.99758793 -0.06941413 0.00000000
vn 0.99744575 0.07142819 0.00000000
vn 0.99744575 0.07142819 0.00000000
vn 0.99744575 0.07142819 0.00000000
vn 0.99744575 0.07142819 0.00000000
vn 0.06941413 -0.99758793 0.00000000
vn 0.07142819 -0.99744575 0.00000000
vn 0.07142819 -0.99744575 0.00000000
vn 0.06941413 -0.99758793 0.00000000
vn 0.00000000 0.00000000 -1.00000000
vn 0.00000000 0.00000000 -1.00000000
vn 0.00000000 0.00000000 -1.00000000
vn 0.00000000 0.00000000 -1.00000000
vn 0.00000000 0.00000000 1.00000000
vn 0.00000000 0.00000000 1.00000000
vn 0.00000000 0.00000000 1.00000000
vn 0.00000000 0.00000000 1.00000000
vn -0.99810608 -0.06151630 0.00000000
vn -0.99810608 -0.06151630 0.00000000
vn -0.99810608 -0.06151630 0.00000000
vn -0.99810608 -0.06151630 0.00000000
vn 0.06151630 -0.99810608 0.00000000
vn 0.06648985 -0.99778710 0.00000000
vn 0.06648985 -0.99778710 0.00000000
vn 0.06151630 -0.99810608 0.00000000
vn -0.06151630 0.99810608 0.00000000
vn -0.06151630 0.99810608 0.00000000
vn -0.06648985 0.99778710 0.00000000
vn -0.06648985 0.99778710 0.00000000
vn 0.00000000 0.00000000 -1.00000000
vn 0.00000000 0.00000000 -1.00000000
vn 0.00000000 0.00000000 -1.00000000
vn 0.00000000 0.00000000 -1.00000000
vn 0.00000000 0.00000000 1.00000000
vn 0.00000000 0.00000000 1.00000000
vn 0.00000000 0.00000000 1.00000000
vn 0.00000000 0.00000000 1.00000000
vn 0.99744334 0.07146175 0.00000000
vn 0.99744334 0.07146175 0.00000000
vn 0.99744334 0.07146175 0.00000000
vn 0.99744334 0.07146175 0.00000000
vn 0.06648985 -0.99778710 0.00000000
vn 0.07146175 -0.99744334 0.00000000
vn 0.07146175 -0.99744334 0.00000000
vn 0.06648985 -0.99778710 0.00000000
vn -0.06648985 0.99778710 0.00000000
vn -0.06648985 0.99778710 0.00000000
vn -0.07146175 0.99744334 0.00000000
vn -0.07146175 0.99744334 0.00000000
f 1/1/1 2/2/2 3/3/3
f 1/1/1 3/3/3 4/4/4
f 5/5/5 6/6/6 7/7/7
f 5/5/5 7/7/7 8/8/8
f 1/9/9 5/10/10 8/11/11
f 1/9/9 8/11/11 2/12/12
f 1/13/13 4/14/14 6/15/15
f 1/13/13 6/15/15 5/16/16
f 2/17/17 8/18/18 7/19/19
f 2/17/17 7/19/19 3/20/20
f 4/21/21 3/22/22 9/23/23
f 4/21/21 9/23/23 10/24/24
f 6/25/25 11/26/26 12/27/27
f 6/25/25 12/27/27 7/28/28
f 4/29/29 10/30/30 11/31/31
f 4/29/29 11/31/31 6/32/32
f 3/33/33 7/34/34 12/35/35
f 3/33/33 12/35/35 9/36/36
f 10/37/37 9/38/38 13/39/39
f 10/37/37 13/39/39 14/40/40
f 11/41/41 15/42/42 16/43/43
f 11/41/41 16/43/43 12/44/44
f 10/45/45 14/46/46 15/47/47
f 10/45/45 15/47/47 11/48/48
f 9/49/49 12/50/50 16/51/51
f 9/49/49 16/51/51 13/52/52
f 14/53/53 13/54/54 17/55/55
f 14/53/53 17/55/55 18/56/56
f 15/57/57 19/58/58 20/59/59
f 15/57/57 20/59/59 16/60/60
f 14/61/61 18/62/62 19/63/63
f 14/61/61 19/63/63 15/64/64
f 13/65/65 16/66/66 20/67/67
f 13/65/65 20/67/67 17/68/68
f 18/69/69 17/70/70 21/71/71
f 18/69/69 21/71/71 22/72/72
f 19/73/73 23/74/74 24/75/75
f 19/73/73 24/75/75 20/76/76
f 18/77/77 22/78/78 23/79/79
f 18/77/77 23/79/79 19/80/80
f 17/81/81 20/82/82 24/83/83
f 17/81/81 24/83/83 21/84/84
f 22/85/85 21/86/86 25/87/87
f 22/85/85 25/87/87 26/88/88
f 23/89/89 27/90/90 28/91/91
f 23/89/89 28/91/91 24/92/92
f 22/93/93 26/94/94 27/95/95
f 22/93/93 27/95/95 23/96/96
f 21/97/97 24/98/98 28/99/99
f 21/97/97 28/99/99 25/100/100
f 26/101/101 25/102/102 29/103/103
f 26/101/101 29/103/103 30/104/104
f 27/105/105 31/106/106 32/107/107
f 27/105/105 32/107/107 28/108/108
f 26/109/109 30/110/110 31/111/111
f 26/109/109 31/111/111 27/112/112
f 25/113/113 28/114/114 32/115/115
f 25/113/113 32/115/115 29/116/116
f 30/117/117 29/118/118 33/119/119
f 30/117/117 33/119/119 34/120/120
f 31/121/121 35/122/122 36/123/123
f 31/121/121 36/123/123 32/124/124
f 30/125/125 34/126/126 35/127/127
f 30/125/125 35/127/127 31/128/128
f 29/129/129 32/130/130 36/131/131
f 29/129/129 36/131/131 33/132/132
f 34/133/133 33/134/134 37/135/135
f 34/133/133 37/135/135 38/136/136
f 35/137/137 39/138/138 40/139/139
f 35/137/137 40/139/139 36/140/140
f 34/141/141 38/142/142 39/143/143
f 34/141/141 39/143/143 35/144/144
f 33/145/145 36/146/146 40/147/147
f 33/145/145 40/147/147 37/148/148
f 38/149/149 37/150/150 41/151/151
f 38/149/149 41/151/151 42/152/152
f 39/153/153 43/154/154 44/155/155
f 39/153/153 44/155/155 40/156/156
f 38/157/157 42/158/158 43/159/159
f 38/157/157 43/159/159 39/160/160
f 37/161/161 40/162/162 44/163/163
f 37/161/161 44/163/163 41/164/164
f 42/165/165 41/166/166 45/167/167
f 42/165/165 45/167/167 46/168/168
f 43/169/169 47/170/170 48/171/171
f 43/169/169 48/171/171 44/172/172
f 42/173/173 46/174/174 47/175/175
f 42/173/173 47/175/175 43/176/176
f 41/177/177 44/178/178 48/179/179
f 41/177/177 48/179/179 45/180/180
f 46/181/181 45/182/182 49/183/183
f 46/181/181 49/183/183 50/184/184
f 47/185/185 51/186/186 52/187/187
f 47/185/185 52/187/187 48/188/188
f 46/189/189 50/190/190 51/191/191
f 46/189/189 51/191/191 47/192/192
f 45/193/193 48/194/194 52/195/195
f 45/193/193 52/195/195 49/196/196
f 50/197/197 49/198/198 53/199/199
f 50/197/197 53/199/199 54/200/200
f 51/201/201 55/202/202 56/203/203
f 51/201/201 56/203/203 52/204/204
f 50/205/205 54/206/206 55/207/207
f 50/205/205 55/207/207 51/208/208
f 49/209/209 52/210/210 56/211/211
f 49/209/209 56/211/211 53/212/212
f 54/213/213 53/214/214 57/215/215
f 54/213/213 57/215/215 58/216/216
f 55/217/217 59/218/218 60/219/219
f 55/217/217 60/219/219 56/220/220
f 54/221/221 58/222/222 59/223/223
f 54/221/221 59/223/223 55/224/224
f 53/225/225 56/226/226 60/227/227
f 53/225/225 60/227/227 57/228/228
f 58/229/229 57/230/230 61/231/231
f 58/229/229 61/231/231 62/232/232
f 59/233/233 63/234/234 64/235/235
f 59/233/233 64/235/235 60/236/236
f 58/237/237 62/238/238 63/239/239
f 58/237/237 63/239/239 59/240/240
f 57/241/241 60/242/242 64/243/243
f 57/241/241 64/243/243 61/244/244
f 62/245/245 61/246/246 65/247/247
f 62/245/245 65/247/247 66/248/248
f 63/249/249 67/250/250 68/251/251
f 63/249/249 68/251/251 64/252/252
f 62/253/253 66/254/254 67/255/255
f 62/253/253 67/255/255 63/256/256
f 61/257/257 64/258/258 68/259/259
f 61/257/257 68/259/259 65/260/260
f 66/261/261 65/262/262 69/263/263
f 66/261/261 69/263/263 70/264/264
f 67/265/265 71/266/266 72/267/267
f 67/265/265 72/267/267 68/268/268
f 66/269/269 70/270/270 71/271/271
f 66/269/269 71/271/271 67/272/272
f 65/273/273 68/274/274 72/275/275
f 65/273/273 72/275/275 69/276/276
f 70/277/277 69/278/278 73/279/279
f 70/277/277 73/279/279 74/280/280
f 71/281/281 75/282/282 76/283/283
f 71/281/281 76/283/283 72/284/284
f 70/285/285 74/286/286 75/287/287
f 70/285/285 75/287/287 71/288/288
f 69/289/289 72/290/290 76/291/291
f 69/289/289 76/291/291 73/292/292
f 74/293/293 73/294/294 77/295/295
f 74/293/293 77/295/295 78/296/296
f 75/297/297 79/298/298 80/299/299
f 75/297/297 80/299/299 76/300/300
f 74/301/301 78/302/302 79/303/303
f 74/301/301 79/303/303 75/304/304
f 73/305/305 76/306/306 80/307/307
f 73/305/305 80/307/307 77/308/308
f 78/309/309 77/310/310 81/311/311
f 78/309/309 81/311/311 82/312/312
f 79/313/313 83/314/314 84/315/315
f 79/313/313 84/315/315 80/316/316
f 78/317/317 82/318/318 83/319/319
f 78/317/317 83/319/319 79/320/320
f 77/321/321 80/322/322 84/323/323
f 77/321/321 84/323/323 81/324/324
f 82/325/325 81/326/326 85/327/327
f 82/325/325 85/327/327 86/328/328
f 83/329/329 87/330/330 88/331/331
f 83/329/329 88/331/331 84/332/332
f 82/333/333 86/334/334 87/335/335
f 82/333/333 87/335/335 83/336/336
f 81/337/337 84/338/338 88/339/339
f 81/337/337 88/339/339 85/340/340
f 86/341/341 85/342/342 89/343/343
f 86/341/341 89/343/343 90/344/344
f 87/345/345 91/346/346 92/347/347
f 87/345/345 92/347/347 88/348/348
f 86/349/349 90/350/350 91/351/351
f 86/349/349 91/351/351 87/352/352
f 85/353/353 88/354/354 92/355/355
f 85/353/353 92/355/355 89/356/356
f 90/357/357 89/358/358 93/359/359
f 90/357/357 93/359/359 94/360/360
f 91/361/361 95/362/362 96/363/363
f 91/361/361 96/363/363 92/364/364
f 90/365/365 94/366/366 95/367/367
f 90/365/365 95/367/367 91/368/368
f 89/369/369 92/370/370 96/371/371
f 89/369/369 96/371/371 93/372/372
f 94/373/373 93/374/374 97/375/375
f 94/373/373 97/375/375 98/376/376
f 95/377/377 99/378/378 100/379/379
f 95/377/377 100/379/379 96/380/380
f 94/381/381 98/382/382 99/383/383
f 94/381/381 99/383/383 95/384/384
f 93/385/385 96/386/386 100/387/387
f 93/385/385 100/387/387 97/388/388
f 98/389/389 97/390/390 101/391/391
f 98/389/389 101/391/391 102/392/392
f 99/393/393 103/394/394 104/395/395
f 99/393/393 104/395/395 100/396/396
f 98/397/397 102/398/398 103/399/399
f 98/397/397 103/399/399 99/400/400
f 97/401/401 100/402/402 104/403/403
f 97/401/401 104/403/403 101/404/404
f 102/405/405 101/406/406 105/407/407
f 102/405/405 105/407/407 106/408/408
f 103/409/409 107/410/410 108/411/411
f 103/409/409 108/411/411 104/412/412
f 102/413/413 106/414/414 107/415/415
f 102/413/413 107/415/415 103/416/416
f 101/417/417 104/418/418 108/419/419
f 101/417/417 108/419/419 105/420/420
f 106/421/421 105/422/422 109/423/423
f 106/421/421 109/423/423 110/424/424
f 107/425/425 111/426/426 112/427/427
f 107/425/425 112/427/427 108/428/428
f 106/429/429 110/430/430 111/431/431
f 106/429/429 111/431/431 107/432/432
f 105/433/433 108/434/434 112/435/435
f 105/433/433 112/435/435 109/436/436
f 110/437/437 109/438/438 113/439/439
f 110/437/437 113/439/439 114/440/440
f 111/441/441 115/442/442 116/443/443
f 111/441/441 116/443/443 112/444/444
f 110/445/445 114/446/446 115/447/447
f 110/445/445 115/447/447 111/448/448
f 109/449/449 112/450/450 116/451/451
f 109/449/449 116/451/451 113/452/452
f 114/453/453 113/454/454 117/455/455
f 114/453/453 117/455/455 118/456/456
f 115/457/457 119/458/458 120/459/459
f 115/457/457 120/459/459 116/460/460
f 114/461/461 118/462/462 119/463/463
f 114/461/461 119/463/463 115/464/464
f 113/465/465 116/466/466 120/467/467
f 113/465/465 120/467/467 117/468/468
f 118/469/469 117/470/470 121/471/471
f 118/469/469 121/471/471 122/472/472
f 119/473/473 123/474/474 124/475/475
f 119/473/473 124/475/475 120/476/476
f 118/477/477 122/478/478 123/479/479
f 118/477/477 123/479/479 119/480/480
f 117/481/481 120/482/482 124/483/483
f 117/481/481 124/483/483 121/484/484
f 122/485/485 121/486/486 125/487/487
f 122/485/485 125/487/487 126/488/488
f 123/489/489 127/490/490 128/491/491
f 123/489/489 128/491/491 124/492/492
f 122/493/493 126/494/494 127/495/495
f 122/493/493 127/495/495 123/496/496
f 121/497/497 124/498/498 128/499/499
f 121/497/497 128/499/499 125/500/500
f 126/501/501 125/502/502 129/503/503
f 126/501/501 129/503/503 130/504/504
f 127/505/505 131/506/506 132/507/507
f 127/505/505 132/507/507 128/508/508
f 130/509/509 129/510/510 132/511/511
f 130/509/509 132/511/511 131/512/512
f 126/513/513 130/514/514 131/515/515
f 126/513/513 131/515/515 127/516/516
f 125/517/517 128/518/518 132/519/519
f 125/517/517 132/519/519 129/520/520
f 2/521/521 133/522/522 134/523/523
f 2/521/521 134/523/523 135/524/524
f 136/525/525 137/526/526 138/527/527
f 136/525/525 138/527/527 139/528/528
f 2/529/529 136/530/530 139/531/531
f 2/529/529 139/531/531 133/532/532
f 135/533/533 134/534/534 138/535/535
f 135/533/533 138/535/535 137/536/536
f 140/537/537 141/538/538 142/539/539
f 140/537/537 142/539/539 129/540/540
f 143/541/541 144/542/542 145/543/543
f 143/541/541 145/543/543 146/544/544
f 140/545/545 143/546/546 146/547/547
f 140/545/545 146/547/547 141/548/548
f 129/549/549 142/550/550 145/551/551
f 129/549/549 145/551/551 144/552/552
f 2/553/553 133/554/554 147/555/555
f 2/553/553 147/555/555 148/556/556
f 149/557/557 150/558/558 151/559/559
f 149/557/557 151/559/559 152/560/560
f 2/561/561 149/562/562 152/563/563
f 2/561/561 152/563/563 133/564/564
f 148/565/565 147/566/566 153/567/567
f 148/565/565 153/567/567 154/568/568
f 150/569/569 155/570/570 156/571/571
f 150/569/569 156/571/571 151/572/572
f 154/573/573 153/574/574 156/575/575
f 154/573/573 156/575/575 155/576/576
f 157/577/577 158/578/578 159/579/579
f 157/577/577 159/579/579 160/580/580
f 136/581/581 161/582/582 162/583/583
f 136/581/581 162/583/583 163/584/584
f 157/585/585 136/586/586 163/587/587
f 157/585/585 163/587/587 158/588/588
f 160/589/589 159/590/590 162/591/591
f 160/589/589 162/591/591 161/592/592
f 164/593/593 165/594/594 166/595/595
f 164/593/593 166/595/595 167/596/596
f 163/597/597 162/598/598 168/599/599
f 163/597/597 168/599/599 169/600/600
f 164/601/601 163/602/602 169/603/603
f 164/601/601 169/603/603 165/604/604
f 167/605/605 166/606/606 168/607/607
f 167/605/605 168/607/607 162/608/608
f 170/609/609 171/610/610 172/611/611
f 170/609/609 172/611/611 173/612/612
f 169/613/613 168/614/614 174/615/615
f 169/613/613 174/615/615 139/616/616
f 170/617/617 169/618/618 139/619/619
f 170/617/617 139/619/619 171/620/620
f 173/621/621 172/622/622 174/623/623
f 173/621/621 174/623/623 168/624/624
f 175/625/625 176/626/626 177/627/627
f 175/625/625 177/627/627 178/628/628
f 179/629/629 180/630/630 181/631/631
f 179/629/629 181/631/631 182/632/632
f 175/633/633 179/634/634 182/635/635
f 175/633/633 182/635/635 176/636/636
f 178/637/637 177/638/638 181/639/639
f 178/637/637 181/639/639 180/640/640
f 183/641/641 172/642/642 176/643/643
f 183/641/641 176/643/643 184/644/644
f 185/645/645 186/646/646 182/647/647
f 185/645/645 182/647/647 174/648/648
f 183/649/649 185/650/650 174/651/651
f 183/649/649 174/651/651 172/652/652
f 184/653/653 176/654/654 182/655/655
f 184/653/653 182/655/655 186/656/656
f 183/657/657 184/658/658 186/659/659
f 183/657/657 186/659/659 185/660/660
f 187/661/661 138/662/662 188/663/663
f 187/661/661 188/663/663 189/664/664
f 190/665/665 191/666/666 192/667/667
f 190/665/665 192/667/667 193/668/668
f 187/669/669 190/670/670 193/671/671
f 187/669/669 193/671/671 138/672/672
f 187/673/673 189/674/674 191/675/675
f 187/673/673 191/675/675 190/676/676
f 138/677/677 193/678/678 192/679/679
f 138/677/677 192/679/679 188/680/680
f 189/681/681 188/682/682 194/683/683
f 189/681/681 194/683/683 195/684/684
f 191/685/685 196/686/686 197/687/687
f 191/685/685 197/687/687 192/688/688
f 195/689/689 194/690/690 197/691/691
f 195/689/689 197/691/691 196/692/692
f 189/693/693 195/694/694 196/695/695
f 189/693/693 196/695/695 191/696/696
f 188/697/697 192/698/698 197/699/699
f 188/697/697 197/699/699 194/700/700
f 154/701/701 153/702/702 198/703/703
f 154/701/701 198/703/703 199/704/704
f 155/705/705 200/706/706 201/707/707
f 155/705/705 201/707/707 156/708/708
f 154/709/709 155/710/710 156/711/711
f 154/709/709 156/711/711 153/712/712
f 199/713/713 198/714/714 202/715/715
f 199/713/713 202/715/715 203/716/716
f 200/717/717 204/718/718 205/719/719
f 200/717/717 205/719/719 201/720/720
f 203/721/721 202/722/722 205/723/723
f 203/721/721 205/723/723 204/724/724
f 178/725/725 206/726/726 207/727/727
f 178/725/725 207/727/727 208/728/728
f 180/729/729 209/730/730 210/731/731
f 180/729/729 210/731/731 211/732/732
f 178/733/733 180/734/734 211/735/735
f 178/733/733 211/735/735 206/736/736
f 208/737/737 207/738/738 210/739/739
f 208/737/737 210/739/739 209/740/740
f 212/741/741 213/742/742 214/743/743
f 212/741/741 214/743/743 215/744/744
f 211/745/745 210/746/746 216/747/747
f 211/745/745 216/747/747 217/748/748
f 212/749/749 211/750/750 217/751/751
f 212/749/749 217/751/751 213/752/752
f 215/753/753 214/754/754 216/755/755
f 215/753/753 216/755/755 210/756/756
f 218/757/757 177/758/758 219/759/759
f 218/757/757 219/759/759 220/760/760
f 217/761/761 216/762/762 221/763/763
f 217/761/761 221/763/763 181/764/764
f 218/765/765 217/766/766 181/767/767
f 218/765/765 181/767/767 177/768/768
f 220/769/769 219/770/770 221/771/771
f 220/769/769 221/771/771 216/772/772
f 222/773/773 223/774/774 224/775/775
f 222/773/773 224/775/775 225/776/776
f 226/777/777 227/778/778 228/779/779
f 226/777/777 228/779/779 229/780/780
f 222/781/781 226/782/782 229/783/783
f 222/781/781 229/783/783 223/784/784
f 225/785/785 224/786/786 228/787/787
f 225/785/785 228/787/787 227/788/788
f 230/789/789 219/790/790 223/791/791
f 230/789/789 223/791/791 231/792/792
f 232/793/793 233/794/794 229/795/795
f 232/793/793 229/795/795 221/796/796
f 230/797/797 232/798/798 221/799/799
f 230/797/797 221/799/799 219/800/800
f 231/801/801 223/802/802 229/803/803
f 231/801/801 229/803/803 233/804/804
f 230/805/805 231/806/806 233/807/807
f 230/805/805 233/807/807 232/808/808
f 234/809/809 235/810/810 236/811/811
f 234/809/809 236/811/811 237/812/812
f 238/813/813 239/814/814 240/815/815
f 238/813/813 240/815/815 241/816/816
f 234/817/817 238/818/818 241/819/819
f 234/817/817 241/819/819 235/820/820
f 234/821/821 237/822/822 239/823/823
f 234/821/821 239/823/823 238/824/824
f 235/825/825 241/826/826 240/827/827
f 235/825/825 240/827/827 236/828/828
f 237/829/829 236/830/830 242/831/831
f 237/829/829 242/831/831 243/832/832
f 239/833/833 244/834/834 245/835/835
f 239/833/833 245/835/835 240/836/836
f 243/837/837 242/838/838 245/839/839
f 243/837/837 245/839/839 244/840/840
f 237/841/841 243/842/842 244/843/843
f 237/841/841 244/843/843 239/844/844
f 236/845/845 240/846/846 245/847/847
f 236/845/845 245/847/847 242/848/848
f 203/849/849 202/850/850 246/851/851
f 203/849/849 246/851/851 247/852/852
f 204/853/853 248/854/854 249/855/855
f 204/853/853 249/855/855 205/856/856
f 203/857/857 204/858/858 205/859/859
f 203/857/857 205/859/859 202/860/860
f 247/861/861 246/862/862 250/863/863
f 247/861/861 250/863/863 251/864/864
f 248/865/865 252/866/866 253/867/867
f 248/865/865 253/867/867 249/868/868
f 251/869/869 250/870/870 253/871/871
f 251/869/869 253/871/871 252/872/872
f 225/873/873 254/874/874 255/875/875
f 225/873/873 255/875/875 256/876/876
f 227/877/877 257/878/878 258/879/879
f 227/877/877 258/879/879 259/880/880
f 225/881/881 227/882/882 259/883/883
f 225/881/881 259/883/883 254/884/884
f 256/885/885 255/886/886 258/887/887
f 256/885/885 258/887/887 257/888/888
f 260/889/889 261/890/890 262/891/891
f 260/889/889 262/891/891 263/892/892
f 259/893/893 258/894/894 264/895/895
f 259/893/893 264/895/895 265/896/896
f 260/897/897 259/898/898 265/899/899
f 260/897/897 265/899/899 261/900/900
f 263/901/901 262/902/902 264/903/903
f 263/901/901 264/903/903 258/904/904
f 266/905/905 224/906/906 267/907/907
f 266/905/905 267/907/907 268/908/908
f 265/909/909 264/910/910 269/911/911
f 265/909/909 269/911/911 228/912/912
f 266/913/913 265/914/914 228/915/915
f 266/913/913 228/915/915 224/916/916
f 268/917/917 267/918/918 269/919/919
f 268/917/917 269/919/919 264/920/920
f 270/921/921 271/922/922 272/923/923
f 270/921/921 272/923/923 273/924/924
f 274/925/925 275/926/926 276/927/927
f 274/925/925 276/927/927 277/928/928
f 270/929/929 274/930/930 277/931/931
f 270/929/929 277/931/931 271/932/932
f 273/933/933 272/934/934 276/935/935
f 273/933/933 276/935/935 275/936/936
f 278/937/937 267/938/938 271/939/939
f 278/937/937 271/939/939 279/940/940
f 280/941/941 281/942/942 277/943/943
f 280/941/941 277/943/943 269/944/944
f 278/945/945 280/946/946 269/947/947
f 278/945/945 269/947/947 267/948/948
f 279/949/949 271/950/950 277/951/951
f 279/949/949 277/951/951 281/952/952
f 278/953/953 279/954/954 281/955/955
f 278/953/953 281/955/955 280/956/956
f 282/957/957 283/958/958 284/959/959
f 282/957/957 284/959/959 285/960/960
f 286/961/961 287/962/962 288/963/963
f 286/961/961 288/963/963 289/964/964
f 282/965/965 286/966/966 289/967/967
f 282/965/965 289/967/967 283/968/968
f 282/969/969 285/970/970 287/971/971
f 282/969/969 287/971/971 286/972/972
f 283/973/973 289/974/974 288/975/975
f 283/973/973 288/975/975 284/976/976
f 285/977/977 284/978/978 290/979/979
f 285/977/977 290/979/979 291/980/980
f 287/981/981 292/982/982 293/983/983
f 287/981/981 293/983/983 288/984/984
f 291/985/985 290/986/986 293/987/987
f 291/985/985 293/987/987 292/988/988
f 285/989/989 291/990/990 292/991/991
f 285/989/989 292/991/991 287/992/992
f 284/993/993 288/994/994 293/995/995
f 284/993/993 293/995/995 290/996/996
f 251/997/997 250/998/998 294/999/999
f 251/997/997 294/999/999 33/1000/1000
f 252/1001/1001 295/1002/1002 296/1003/1003
f 252/1001/1001 296/1003/1003 253/1004/1004
f 251/1005/1005 252/1006/1006 253/1007/1007
f 251/1005/1005 253/1007/1007 250/1008/1008
f 33/1009/1009 294/1010/1010 297/1011/1011
f 33/1009/1009 297/1011/1011 298/1012/1012
f 295/1013/1013 299/1014/1014 300/1015/1015
f 295/1013/1013 300/1015/1015 296/1016/1016
f 298/1017/1017 297/1018/1018 300/1019/1019
f 298/1017/1017 300/1019/1019 299/1020/1020
f 273/1021/1021 301/1022/1022 302/1023/1023
f 273/1021/1021 302/1023/1023 303/1024/1024
f 275/1025/1025 304/1026/1026 305/1027/1027
f 275/1025/1025 305/1027/1027 306/1028/1028
f 273/1029/1029 275/1030/1030 306/1031/1031
f 273/1029/1029 306/1031/1031 301/1032/1032
f 303/1033/1033 302/1034/1034 305/1035/1035
f 303/1033/1033 305/1035/1035 304/1036/1036
f 307/1037/1037 308/1038/1038 309/1039/1039
f 307/1037/1037 309/1039/1039 310/1040/1040
f 306/1041/1041 305/1042/1042 311/1043/1043
f 306/1041/1041 311/1043/1043 312/1044/1044
f 307/1045/1045 306/1046/1046 312/1047/1047
f 307/1045/1045 312/1047/1047 308/1048/1048
f 310/1049/1049 309/1050/1050 311/1051/1051
f 310/1049/1049 311/1051/1051 305/1052/1052
f 313/1053/1053 272/1054/1054 314/1055/1055
f 313/1053/1053 314/1055/1055 315/1056/1056
f 312/1057/1057 311/1058/1058 316/1059/1059
f 312/1057/1057 316/1059/1059 276/1060/1060
f 313/1061/1061 312/1062/1062 276/1063/1063
f 313/1061/1061 276/1063/1063 272/1064/1064
f 315/1065/1065 314/1066/1066 316/1067/1067
f 315/1065/1065 316/1067/1067 311/1068/1068
f 317/1069/1069 318/1070/1070 319/1071/1071
f 317/1069/1069 319/1071/1071 320/1072/1072
f 321/1073/1073 322/1074/1074 323/1075/1075
f 321/1073/1073 323/1075/1075 324/1076/1076
f 317/1077/1077 321/1078/1078 324/1079/1079
f 317/1077/1077 324/1079/1079 318/1080/1080
f 320/1081/1081 319/1082/1082 323/1083/1083
f 320/1081/1081 323/1083/1083 322/1084/1084
f 325/1085/1085 314/1086/1086 318/1087/1087
f 325/1085/1085 318/1087/1087 326/1088/1088
f 327/1089/1089 328/1090/1090 324/1091/1091
f 327/1089/1089 324/1091/1091 316/1092/1092
f 325/1093/1093 327/1094/1094 316/1095/1095
f 325/1093/1093 316/1095/1095 314/1096/1096
f 326/1097/1097 318/1098/1098 324/1099/1099
f 326/1097/1097 324/1099/1099 328/1100/1100
f 325/1101/1101 326/1102/1102 328/1103/1103
f 325/1101/1101 328/1103/1103 327/1104/1104
f 329/1105/1105 330/1106/1106 331/1107/1107
f 329/1105/1105 331/1107/1107 332/1108/1108
f 333/1109/1109 334/1110/1110 335/1111/1111
f 333/1109/1109 335/1111/1111 336/1112/1112
f 329/1113/1113 333/1114/1114 336/1115/1115
f 329/1113/1113 336/1115/1115 330/1116/1116
f 329/1117/1117 332/1118/1118 334/1119/1119
f 329/1117/1117 334/1119/1119 333/1120/1120
f 330/1121/1121 336/1122/1122 335/1123/1123
f 330/1121/1121 335/1123/1123 331/1124/1124
f 332/1125/1125 331/1126/1126 337/1127/1127
f 332/1125/1125 337/1127/1127 338/1128/1128
f 334/1129/1129 339/1130/1130 340/1131/1131
f 334/1129/1129 340/1131/1131 335/1132/1132
f 338/1133/1133 337/1134/1134 340/1135/1135
f 338/1133/1133 340/1135/1135 339/1136/1136
f 332/1137/1137 338/1138/1138 339/1139/1139
f 332/1137/1137 339/1139/1139 334/1140/1140
f 331/1141/1141 335/1142/1142 340/1143/1143
f 331/1141/1141 340/1143/1143 337/1144/1144
f 298/1145/1145 297/1146/1146 341/1147/1147
f 298/1145/1145 341/1147/1147 342/1148/1148
f 299/1149/1149 343/1150/1150 344/1151/1151
f 299/1149/1149 344/1151/1151 300/1152/1152
f 298/1153/1153 299/1154/1154 300/1155/1155
f 298/1153/1153 300/1155/1155 297/1156/1156
f 342/1157/1157 341/1158/1158 345/1159/1159
f 342/1157/1157 345/1159/1159 346/1160/1160
f 343/1161/1161 347/1162/1162 348/1163/1163
f 343/1161/1161 348/1163/1163 344/1164/1164
f 346/1165/1165 345/1166/1166 348/1167/1167
f 346/1165/1165 348/1167/1167 347/1168/1168
f 320/1169/1169 349/1170/1170 350/1171/1171
f 320/1169/1169 350/1171/1171 351/1172/1172
f 322/1173/1173 352/1174/1174 353/1175/1175
f 322/1173/1173 353/1175/1175 354/1176/1176
f 320/1177/1177 322/1178/1178 354/1179/1179
f 320/1177/1177 354/1179/1179 349/1180/1180
f 351/1181/1181 350/1182/1182 353/1183/1183
f 351/1181/1181 353/1183/1183 352/1184/1184
f 355/1185/1185 356/1186/1186 357/1187/1187
f 355/1185/1185 357/1187/1187 358/1188/1188
f 354/1189/1189 353/1190/1190 359/1191/1191
f 354/1189/1189 359/1191/1191 360/1192/1192
f 355/1193/1193 354/1194/1194 360/1195/1195
f 355/1193/1193 360/1195/1195 356/1196/1196
f 358/1197/1197 357/1198/1198 359/1199/1199
f 358/1197/1197 359/1199/1199 353/1200/1200
f 361/1201/1201 319/1202/1202 362/1203/1203
f 361/1201/1201 362/1203/1203 363/1204/1204
f 360/1205/1205 359/1206/1206 364/1207/1207
f 360/1205/1205 364/1207/1207 323/1208/1208
f 361/1209/1209 360/1210/1210 323/1211/1211
f 361/1209/1209 323/1211/1211 319/1212/1212
f 363/1213/1213 362/1214/1214 364/1215/1215
f 363/1213/1213 364/1215/1215 359/1216/1216
f 365/1217/1217 366/1218/1218 367/1219/1219
f 365/1217/1217 367/1219/1219 368/1220/1220
f 369/1221/1221 370/1222/1222 371/1223/1223
f 369/1221/1221 371/1223/1223 372/1224/1224
f 365/1225/1225 369/1226/1226 372/1227/1227
f 365/1225/1225 372/1227/1227 366/1228/1228
f 368/1229/1229 367/1230/1230 371/1231/1231
f 368/1229/1229 371/1231/1231 370/1232/1232
f 373/1233/1233 362/1234/1234 366/1235/1235
f 373/1233/1233 366/1235/1235 374/1236/1236
f 375/1237/1237 376/1238/1238 372/1239/1239
f 375/1237/1237 372/1239/1239 364/1240/1240
f 373/1241/1241 375/1242/1242 364/1243/1243
f 373/1241/1241 364/1243/1243 362/1244/1244
f 374/1245/1245 366/1246/1246 372/1247/1247
f 374/1245/1245 372/1247/1247 376/1248/1248
f 373/1249/1249 374/1250/1250 376/1251/1251
f 373/1249/1249 376/1251/1251 375/1252/1252
f 377/1253/1253 378/1254/1254 379/1255/1255
f 377/1253/1253 379/1255/1255 380/1256/1256
f 381/1257/1257 382/1258/1258 383/1259/1259
f 381/1257/1257 383/1259/1259 384/1260/1260
f 377/1261/1261 381/1262/1262 384/1263/1263
f 377/1261/1261 384/1263/1263 378/1264/1264
f 377/1265/1265 380/1266/1266 382/1267/1267
f 377/1265/1265 382/1267/1267 381/1268/1268
f 378/1269/1269 384/1270/1270 383/1271/1271
f 378/1269/1269 383/1271/1271 379/1272/1272
f 380/1273/1273 379/1274/1274 385/1275/1275
f 380/1273/1273 385/1275/1275 386/1276/1276
f 382/1277/1277 387/1278/1278 388/1279/1279
f 382/1277/1277 388/1279/1279 383/1280/1280
f 386/1281/1281 385/1282/1282 388/1283/1283
f 386/1281/1281 388/1283/1283 387/1284/1284
f 380/1285/1285 386/1286/1286 387/1287/1287
f 380/1285/1285 387/1287/1287 382/1288/1288
f 379/1289/1289 383/1290/1290 388/1291/1291
f 379/1289/1289 388/1291/1291 385/1292/1292
f 346/1293/1293 345/1294/1294 389/1295/1295
f 346/1293/1293 389/1295/1295 390/1296/1296
f 347/1297/1297 391/1298/1298 392/1299/1299
f 347/1297/1297 392/1299/1299 348/1300/1300
f 346/1301/1301 347/1302/1302 348/1303/1303
f 346/1301/1301 348/1303/1303 345/1304/1304
f 390/1305/1305 389/1306/1306 393/1307/1307
f 390/1305/1305 393/1307/1307 394/1308/1308
f 391/1309/1309 395/1310/1310 396/1311/1311
f 391/1309/1309 396/1311/1311 392/1312/1312
f 394/1313/1313 393/1314/1314 396/1315/1315
f 394/1313/1313 396/1315/1315 395/1316/1316
f 368/1317/1317 397/1318/1318 398/1319/1319
f 368/1317/1317 398/1319/1319 399/1320/1320
f 370/1321/1321 400/1322/1322 401/1323/1323
f 370/1321/1321 401/1323/1323 402/1324/1324
f 368/1325/1325 370/1326/1326 402/1327/1327
f 368/1325/1325 402/1327/1327 397/1328/1328
f 399/1329/1329 398/1330/1330 401/1331/1331
f 399/1329/1329 401/1331/1331 400/1332/1332
f 403/1333/1333 404/1334/1334 405/1335/1335
f 403/1333/1333 405/1335/1335 406/1336/1336
f 402/1337/1337 401/1338/1338 407/1339/1339
f 402/1337/1337 407/1339/1339 408/1340/1340
f 403/1341/1341 402/1342/1342 408/1343/1343
f 403/1341/1341 408/1343/1343 404/1344/1344
f 406/1345/1345 405/1346/1346 407/1347/1347
f 406/1345/1345 407/1347/1347 401/1348/1348
f 409/1349/1349 367/1350/1350 410/1351/1351
f 409/1349/1349 410/1351/1351 411/1352/1352
f 408/1353/1353 407/1354/1354 412/1355/1355
f 408/1353/1353 412/1355/1355 371/1356/1356
f 409/1357/1357 408/1358/1358 371/1359/1359
f 409/1357/1357 371/1359/1359 367/1360/1360
f 411/1361/1361 410/1362/1362 412/1363/1363
f 411/1361/1361 412/1363/1363 407/1364/1364
f 413/1365/1365 414/1366/1366 415/1367/1367
f 413/1365/1365 415/1367/1367 416/1368/1368
f 417/1369/1369 418/1370/1370 419/1371/1371
f 417/1369/1369 419/1371/1371 420/1372/1372
f 413/1373/1373 417/1374/1374 420/1375/1375
f 413/1373/1373 420/1375/1375 414/1376/1376
f 416/1377/1377 415/1378/1378 419/1379/1379
f 416/1377/1377 419/1379/1379 418/1380/1380
f 421/1381/1381 410/1382/1382 414/1383/1383
f 421/1381/1381 414/1383/1383 422/1384/1384
f 423/1385/1385 424/1386/1386 420/1387/1387
f 423/1385/1385 420/1387/1387 412/1388/1388
f 421/1389/1389 423/1390/1390 412/1391/1391
f 421/1389/1389 412/1391/1391 410/1392/1392
f 422/1393/1393 414/1394/1394 420/1395/1395
f 422/1393/1393 420/1395/1395 424/1396/1396
f 421/1397/1397 422/1398/1398 424/1399/1399
f 421/1397/1397 424/1399/1399 423/1400/1400
f 425/1401/1401 426/1402/1402 427/1403/1403
f 425/1401/1401 427/1403/1403 428/1404/1404
f 429/1405/1405 430/1406/1406 431/1407/1407
f 429/1405/1405 431/1407/1407 432/1408/1408
f 425/1409/1409 429/1410/1410 432/1411/1411
f 425/1409/1409 432/1411/1411 426/1412/1412
f 425/1413/1413 428/1414/1414 430/1415/1415
f 425/1413/1413 430/1415/1415 429/1416/1416
f 426/1417/1417 432/1418/1418 431/1419/1419
f 426/1417/1417 431/1419/1419 427/1420/1420
f 428/1421/1421 427/1422/1422 433/1423/1423
f 428/1421/1421 433/1423/1423 434/1424/1424
f 430/1425/1425 435/1426/1426 436/1427/1427
f 430/1425/1425 436/1427/1427 431/1428/1428
f 434/1429/1429 433/1430/1430 436/1431/1431
f 434/1429/1429 436/1431/1431 435/1432/1432
f 428/1433/1433 434/1434/1434 435/1435/1435
f 428/1433/1433 435/1435/1435 430/1436/1436
f 427/1437/1437 431/1438/1438 436/1439/1439
f 427/1437/1437 436/1439/1439 433/1440/1440
f 394/1441/1441 393/1442/1442 437/1443/1443
f 394/1441/1441 437/1443/1443 438/1444/1444
f 395/1445/1445 439/1446/1446 440/1447/1447
f 395/1445/1445 440/1447/1447 396/1448/1448
f 394/1449/1449 395/1450/1450 396/1451/1451
f 394/1449/1449 396/1451/1451 393/1452/1452
f 438/1453/1453 437/1454/1454 441/1455/1455
f 438/1453/1453 441/1455/1455 65/1456/1456
f 439/1457/1457 442/1458/1458 443/1459/1459
f 439/1457/1457 443/1459/1459 440/1460/1460
f 65/1461/1461 441/1462/1462 443/1463/1463
f 65/1461/1461 443/1463/1463 442/1464/1464
f 416/1465/1465 444/1466/1466 445/1467/1467
f 416/1465/1465 445/1467/1467 446/1468/1468
f 418/1469/1469 447/1470/1470 448/1471/1471
f 418/1469/1469 448/1471/1471 449/1472/1472
f 416/1473/1473 418/1474/1474 449/1475/1475
f 416/1473/1473 449/1475/1475 444/1476/1476
f 446/1477/1477 445/1478/1478 448/1479/1479
f 446/1477/1477 448/1479/1479 447/1480/1480
f 450/1481/1481 451/1482/1482 452/1483/1483
f 450/1481/1481 452/1483/1483 453/1484/1484
f 449/1485/1485 448/1486/1486 454/1487/1487
f 449/1485/1485 454/1487/1487 455/1488/1488
f 450/1489/1489 449/1490/1490 455/1491/1491
f 450/1489/1489 455/1491/1491 451/1492/1492
f 453/1493/1493 452/1494/1494 454/1495/1495
f 453/1493/1493 454/1495/1495 448/1496/1496
f 456/1497/1497 415/1498/1498 457/1499/1499
f 456/1497/1497 457/1499/1499 458/1500/1500
f 455/1501/1501 454/1502/1502 459/1503/1503
f 455/1501/1501 459/1503/1503 419/1504/1504
f 456/1505/1505 455/1506/1506 419/1507/1507
f 456/1505/1505 419/1507/1507 415/1508/1508
f 458/1509/1509 457/1510/1510 459/1511/1511
f 458/1509/1509 459/1511/1511 454/1512/1512
f 460/1513/1513 461/1514/1514 462/1515/1515
f 460/1513/1513 462/1515/1515 463/1516/1516
f 464/1517/1517 465/1518/1518 466/1519/1519
f 464/1517/1517 466/1519/1519 467/1520/1520
f 460/1521/1521 464/1522/1522 467/1523/1523
f 460/1521/1521 467/1523/1523 461/1524/1524
f 463/1525/1525 462/1526/1526 466/1527/1527
f 463/1525/1525 466/1527/1527 465/1528/1528
f 468/1529/1529 457/1530/1530 461/1531/1531
f 468/1529/1529 461/1531/1531 469/1532/1532
f 470/1533/1533 471/1534/1534 467/1535/1535
f 470/1533/1533 467/1535/1535 459/1536/1536
f 468/1537/1537 470/1538/1538 459/1539/1539
f 468/1537/1537 459/1539/1539 457/1540/1540
f 469/1541/1541 461/1542/1542 467/1543/1543
f 469/1541/1541 467/1543/1543 471/1544/1544
f 468/1545/1545 469/1546/1546 471/1547/1547
f 468/1545/1545 471/1547/1547 470/1548/1548
f 472/1549/1549 473/1550/1550 474/1551/1551
f 472/1549/1549 474/1551/1551 475/1552/1552
f 476/1553/1553 477/1554/1554 478/1555/1555
f 476/1553/1553 478/1555/1555 479/1556/1556
f 472/1557/1557 476/1558/1558 479/1559/1559
f 472/1557/1557 479/1559/1559 473/1560/1560
f 472/1561/1561 475/1562/1562 477/1563/1563
f 472/1561/1561 477/1563/1563 476/1564/1564
f 473/1565/1565 479/1566/1566 478/1567/1567
f 473/1565/1565 478/1567/1567 474/1568/1568
f 475/1569/1569 474/1570/1570 480/1571/1571
f 475/1569/1569 480/1571/1571 481/1572/1572
f 477/1573/1573 482/1574/1574 483/1575/1575
f 477/1573/1573 483/1575/1575 478/1576/1576
f 481/1577/1577 480/1578/1578 483/1579/1579
f 481/1577/1577 483/1579/1579 482/1580/1580
f 475/1581/1581 481/1582/1582 482/1583/1583
f 475/1581/1581 482/1583/1583 477/1584/1584
f 474/1585/1585 478/1586/1586 483/1587/1587
f 474/1585/1585 483/1587/1587 480/1588/1588
f 65/1589/1589 441/1590/1590 484/1591/1591
f 65/1589/1589 484/1591/1591 485/1592/1592
f 442/1593/1593 486/1594/1594 487/1595/1595
f 442/1593/1593 487/1595/1595 443/1596/1596
f 65/1597/1597 442/1598/1598 443/1599/1599
f 65/1597/1597 443/1599/1599 441/1600/1600
f 485/1601/1601 484/1602/1602 488/1603/1603
f 485/1601/1601 488/1603/1603 489/1604/1604
f 486/1605/1605 490/1606/1606 491/1607/1607
f 486/1605/1605 491/1607/1607 487/1608/1608
f 489/1609/1609 488/1610/1610 491/1611/1611
f 489/1609/1609 491/1611/1611 490/1612/1612
f 463/1613/1613 492/1614/1614 493/1615/1615
f 463/1613/1613 493/1615/1615 494/1616/1616
f 465/1617/1617 495/1618/1618 496/1619/1619
f 465/1617/1617 496/1619/1619 497/1620/1620
f 463/1621/1621 465/1622/1622 497/1623/1623
f 463/1621/1621 497/1623/1623 492/1624/1624
f 494/1625/1625 493/1626/1626 496/1627/1627
f 494/1625/1625 496/1627/1627 495/1628/1628
f 498/1629/1629 499/1630/1630 500/1631/1631
f 498/1629/1629 500/1631/1631 501/1632/1632
f 497/1633/1633 496/1634/1634 502/1635/1635
f 497/1633/1633 502/1635/1635 503/1636/1636
f 498/1637/1637 497/1638/1638 503/1639/1639
f 498/1637/1637 503/1639/1639 499/1640/1640
f 501/1641/1641 500/1642/1642 502/1643/1643
f 501/1641/1641 502/1643/1643 496/1644/1644
f 504/1645/1645 462/1646/1646 505/1647/1647
f 504/1645/1645 505/1647/1647 506/1648/1648
f 503/1649/1649 502/1650/1650 507/1651/1651
f 503/1649/1649 507/1651/1651 466/1652/1652
f 504/1653/1653 503/1654/1654 466/1655/1655
f 504/1653/1653 466/1655/1655 462/1656/1656
f 506/1657/1657 505/1658/1658 507/1659/1659
f 506/1657/1657 507/1659/1659 502/1660/1660
f 508/1661/1661 509/1662/1662 510/1663/1663
f 508/1661/1661 510/1663/1663 511/1664/1664
f 512/1665/1665 513/1666/1666 514/1667/1667
f 512/1665/1665 514/1667/1667 515/1668/1668
f 508/1669/1669 512/1670/1670 515/1671/1671
f 508/1669/1669 515/1671/1671 509/1672/1672
f 511/1673/1673 510/1674/1674 514/1675/1675
f 511/1673/1673 514/1675/1675 513/1676/1676
f 516/1677/1677 505/1678/1678 509/1679/1679
f 516/1677/1677 509/1679/1679 517/1680/1680
f 518/1681/1681 519/1682/1682 515/1683/1683
f 518/1681/1681 515/1683/1683 507/1684/1684
f 516/1685/1685 518/1686/1686 507/1687/1687
f 516/1685/1685 507/1687/1687 505/1688/1688
f 517/1689/1689 509/1690/1690 515/1691/1691
f 517/1689/1689 515/1691/1691 519/1692/1692
f 516/1693/1693 517/1694/1694 519/1695/1695
f 516/1693/1693 519/1695/1695 518/1696/1696
f 520/1697/1697 521/1698/1698 522/1699/1699
f 520/1697/1697 522/1699/1699 523/1700/1700
f 524/1701/1701 525/1702/1702 526/1703/1703
f 524/1701/1701 526/1703/1703 527/1704/1704
f 520/1705/1705 524/1706/1706 527/1707/1707
f 520/1705/1705 527/1707/1707 521/1708/1708
f 520/1709/1709 523/1710/1710 525/1711/1711
f 520/1709/1709 525/1711/1711 524/1712/1712
f 521/1713/1713 527/1714/1714 526/1715/1715
f 521/1713/1713 526/1715/1715 522/1716/1716
f 523/1717/1717 522/1718/1718 528/1719/1719
f 523/1717/1717 528/1719/1719 529/1720/1720
f 525/1721/1721 530/1722/1722 531/1723/1723
f 525/1721/1721 531/1723/1723 526/1724/1724
f 529/1725/1725 528/1726/1726 531/1727/1727
f 529/1725/1725 531/1727/1727 530/1728/1728
f 523/1729/1729 529/1730/1730 530/1731/1731
f 523/1729/1729 530/1731/1731 525/1732/1732
f 522/1733/1733 526/1734/1734 531/1735/1735
f 522/1733/1733 531/1735/1735 528/1736/1736
f 489/1737/1737 488/1738/1738 532/1739/1739
f 489/1737/1737 532/1739/1739 533/1740/1740
f 490/1741/1741 534/1742/1742 535/1743/1743
f 490/1741/1741 535/1743/1743 491/1744/1744
f 489/1745/1745 490/1746/1746 491/1747/1747
f 489/1745/1745 491/1747/1747 488/1748/1748
f 533/1749/1749 532/1750/1750 536/1751/1751
f 533/1749/1749 536/1751/1751 537/1752/1752
f 534/1753/1753 538/1754/1754 539/1755/1755
f 534/1753/1753 539/1755/1755 535/1756/1756
f 537/1757/1757 536/1758/1758 539/1759/1759
f 537/1757/1757 539/1759/1759 538/1760/1760
f 511/1761/1761 540/1762/1762 541/1763/1763
f 511/1761/1761 541/1763/1763 542/1764/1764
f 513/1765/1765 543/1766/1766 544/1767/1767
f 513/1765/1765 544/1767/1767 545/1768/1768
f 511/1769/1769 513/1770/1770 545/1771/1771
f 511/1769/1769 545/1771/1771 540/1772/1772
f 542/1773/1773 541/1774/1774 544/1775/1775
f 542/1773/1773 544/1775/1775 543/1776/1776
f 546/1777/1777 547/1778/1778 548/1779/1779
f 546/1777/1777 548/1779/1779 549/1780/1780
f 545/1781/1781 544/1782/1782 550/1783/1783
f 545/1781/1781 550/1783/1783 551/1784/1784
f 546/1785/1785 545/1786/1786 551/1787/1787
f 546/1785/1785 551/1787/1787 547/1788/1788
f 549/1789/1789 548/1790/1790 550/1791/1791
f 549/1789/1789 550/1791/1791 544/1792/1792
f 552/1793/1793 510/1794/1794 553/1795/1795
f 552/1793/1793 553/1795/1795 554/1796/1796
f 551/1797/1797 550/1798/1798 555/1799/1799
f 551/1797/1797 555/1799/1799 514/1800/1800
f 552/1801/1801 551/1802/1802 514/1803/1803
f 552/1801/1801 514/1803/1803 510/1804/1804
f 554/1805/1805 553/1806/1806 555/1807/1807
f 554/1805/1805 555/1807/1807 550/1808/1808
f 556/1809/1809 557/1810/1810 558/1811/1811
f 556/1809/1809 558/1811/1811 559/1812/1812
f 560/1813/1813 561/1814/1814 562/1815/1815
f 560/1813/1813 562/1815/1815 563/1816/1816
f 556/1817/1817 560/1818/1818 563/1819/1819
f 556/1817/1817 563/1819/1819 557/1820/1820
f 559/1821/1821 558/1822/1822 562/1823/1823
f 559/1821/1821 562/1823/1823 561/1824/1824
f 564/1825/1825 553/1826/1826 557/1827/1827
f 564/1825/1825 557/1827/1827 565/1828/1828
f 566/1829/1829 567/1830/1830 563/1831/1831
f 566/1829/1829 563/1831/1831 555/1832/1832
f 564/1833/1833 566/1834/1834 555/1835/1835
f 564/1833/1833 555/1835/1835 553/1836/1836
f 565/1837/1837 557/1838/1838 563/1839/1839
f 565/1837/1837 563/1839/1839 567/1840/1840
f 564/1841/1841 565/1842/1842 567/1843/1843
f 564/1841/1841 567/1843/1843 566/1844/1844
f 568/1845/1845 569/1846/1846 570/1847/1847
f 568/1845/1845 570/1847/1847 571/1848/1848
f 572/1849/1849 573/1850/1850 574/1851/1851
f 572/1849/1849 574/1851/1851 575/1852/1852
f 568/1853/1853 572/1854/1854 575/1855/1855
f 568/1853/1853 575/1855/1855 569/1856/1856
f 568/1857/1857 571/1858/1858 573/1859/1859
f 568/1857/1857 573/1859/1859 572/1860/1860
f 569/1861/1861 575/1862/1862 574/1863/1863
f 569/1861/1861 574/1863/1863 570/1864/1864
f 571/1865/1865 570/1866/1866 576/1867/1867
f 571/1865/1865 576/1867/1867 577/1868/1868
f 573/1869/1869 578/1870/1870 579/1871/1871
f 573/1869/1869 579/1871/1871 574/1872/1872
f 577/1873/1873 576/1874/1874 579/1875/1875
f 577/1873/1873 579/1875/1875 578/1876/1876
f 571/1877/1877 577/1878/1878 578/1879/1879
f 571/1877/1877 578/1879/1879 573/1880/1880
f 570/1881/1881 574/1882/1882 579/1883/1883
f 570/1881/1881 579/1883/1883 576/1884/1884
f 537/1885/1885 536/1886/1886 580/1887/1887
f 537/1885/1885 580/1887/1887 581/1888/1888
f 538/1889/1889 582/1890/1890 583/1891/1891
f 538/1889/1889 583/1891/1891 539/1892/1892
f 537/1893/1893 538/1894/1894 539/1895/1895
f 537/1893/1893 539/1895/1895 536/1896/1896
f 581/1897/1897 580/1898/1898 584/1899/1899
f 581/1897/1897 584/1899/1899 585/1900/1900
f 582/1901/1901 586/1902/1902 587/1903/1903
f 582/1901/1901 587/1903/1903 583/1904/1904
f 585/1905/1905 584/1906/1906 587/1907/1907
f 585/1905/1905 587/1907/1907 586/1908/1908
f 559/1909/1909 588/1910/1910 589/1911/1911
f 559/1909/1909 589/1911/1911 590/1912/1912
f 561/1913/1913 591/1914/1914 592/1915/1915
f 561/1913/1913 592/1915/1915 593/1916/1916
f 559/1917/1917 561/1918/1918 593/1919/1919
f 559/1917/1917 593/1919/1919 588/1920/1920
f 590/1921/1921 589/1922/1922 592/1923/1923
f 590/1921/1921 592/1923/1923 591/1924/1924
f 594/1925/1925 595/1926/1926 596/1927/1927
f 594/1925/1925 596/1927/1927 597/1928/1928
f 593/1929/1929 592/1930/1930 598/1931/1931
f 593/1929/1929 598/1931/1931 599/1932/1932
f 594/1933/1933 593/1934/1934 599/1935/1935
f 594/1933/1933 599/1935/1935 595/1936/1936
f 597/1937/1937 596/1938/1938 598/1939/1939
f 597/1937/1937 598/1939/1939 592/1940/1940
f 600/1941/1941 558/1942/1942 601/1943/1943
f 600/1941/1941 601/1943/1943 602/1944/1944
f 599/1945/1945 598/1946/1946 603/1947/1947
f 599/1945/1945 603/1947/1947 562/1948/1948
f 600/1949/1949 599/1950/1950 562/1951/1951
f 600/1949/1949 562/1951/1951 558/1952/1952
f 602/1953/1953 601/1954/1954 603/1955/1955
f 602/1953/1953 603/1955/1955 598/1956/1956
f 604/1957/1957 605/1958/1958 606/1959/1959
f 604/1957/1957 606/1959/1959 607/1960/1960
f 608/1961/1961 609/1962/1962 610/1963/1963
f 608/1961/1961 610/1963/1963 611/1964/1964
f 604/1965/1965 608/1966/1966 611/1967/1967
f 604/1965/1965 611/1967/1967 605/1968/1968
f 607/1969/1969 606/1970/1970 610/1971/1971
f 607/1969/1969 610/1971/1971 609/1972/1972
f 612/1973/1973 601/1974/1974 605/1975/1975
f 612/1973/1973 605/1975/1975 613/1976/1976
f 614/1977/1977 615/1978/1978 611/1979/1979
f 614/1977/1977 611/1979/1979 603/1980/1980
f 612/1981/1981 614/1982/1982 603/1983/1983
f 612/1981/1981 603/1983/1983 601/1984/1984
f 613/1985/1985 605/1986/1986 611/1987/1987
f 613/1985/1985 611/1987/1987 615/1988/1988
f 612/1989/1989 613/1990/1990 615/1991/1991
f 612/1989/1989 615/1991/1991 614/1992/1992
f 616/1993/1993 617/1994/1994 618/1995/1995
f 616/1993/1993 618/1995/1995 619/1996/1996
f 620/1997/1997 621/1998/1998 622/1999/1999
f 620/1997/1997 622/1999/1999 623/2000/2000
f 616/2001/2001 620/2002/2002 623/2003/2003
f 616/2001/2001 623/2003/2003 617/2004/2004
f 616/2005/2005 619/2006/2006 621/2007/2007
f 616/2005/2005 621/2007/2007 620/2008/2008
f 617/2009/2009 623/2010/2010 622/2011/2011
f 617/2009/2009 622/2011/2011 618/2012/2012
f 619/2013/2013 618/2014/2014 624/2015/2015
f 619/2013/2013 624/2015/2015 625/2016/2016
f 621/2017/2017 626/2018/2018 627/2019/2019
f 621/2017/2017 627/2019/2019 622/2020/2020
f 625/2021/2021 624/2022/2022 627/2023/2023
f 625/2021/2021 627/2023/2023 626/2024/2024
f 619/2025/2025 625/2026/2026 626/2027/2027
f 619/2025/2025 626/2027/2027 621/2028/2028
f 618/2029/2029 622/2030/2030 627/2031/2031
f 618/2029/2029 627/2031/2031 624/2032/2032
f 585/2033/2033 584/2034/2034 628/2035/2035
f 585/2033/2033 628/2035/2035 97/2036/2036
f 586/2037/2037 629/2038/2038 630/2039/2039
f 586/2037/2037 630/2039/2039 587/2040/2040
f 585/2041/2041 586/2042/2042 587/2043/2043
f 585/2041/2041 587/2043/2043 584/2044/2044
f 97/2045/2045 628/2046/2046 631/2047/2047
f 97/2045/2045 631/2047/2047 632/2048/2048
f 629/2049/2049 633/2050/2050 634/2051/2051
f 629/2049/2049 634/2051/2051 630/2052/2052
f 632/2053/2053 631/2054/2054 634/2055/2055
f 632/2053/2053 634/2055/2055 633/2056/2056
f 607/2057/2057 635/2058/2058 636/2059/2059
f 607/2057/2057 636/2059/2059 637/2060/2060
f 609/2061/2061 638/2062/2062 639/2063/2063
f 609/2061/2061 639/2063/2063 640/2064/2064
f 607/2065/2065 609/2066/2066 640/2067/2067
f 607/2065/2065 640/2067/2067 635/2068/2068
f 637/2069/2069 636/2070/2070 639/2071/2071
f 637/2069/2069 639/2071/2071 638/2072/2072
f 641/2073/2073 642/2074/2074 643/2075/2075
f 641/2073/2073 643/2075/2075 644/2076/2076
f 640/2077/2077 639/2078/2078 645/2079/2079
f 640/2077/2077 645/2079/2079 646/2080/2080
f 641/2081/2081 640/2082/2082 646/2083/2083
f 641/2081/2081 646/2083/2083 642/2084/2084
f 644/2085/2085 643/2086/2086 645/2087/2087
f 644/2085/2085 645/2087/2087 639/2088/2088
f 647/2089/2089 606/2090/2090 648/2091/2091
f 647/2089/2089 648/2091/2091 649/2092/2092
f 646/2093/2093 645/2094/2094 650/2095/2095
f 646/2093/2093 650/2095/2095 610/2096/2096
f 647/2097/2097 646/2098/2098 610/2099/2099
f 647/2097/2097 610/2099/2099 606/2100/2100
f 649/2101/2101 648/2102/2102 650/2103/2103
f 649/2101/2101 650/2103/2103 645/2104/2104
f 651/2105/2105 652/2106/2106 653/2107/2107
f 651/2105/2105 653/2107/2107 654/2108/2108
f 655/2109/2109 656/2110/2110 657/2111/2111
f 655/2109/2109 657/2111/2111 658/2112/2112
f 651/2113/2113 655/2114/2114 658/2115/2115
f 651/2113/2113 658/2115/2115 652/2116/2116
f 654/2117/2117 653/2118/2118 657/2119/2119
f 654/2117/2117 657/2119/2119 656/2120/2120
f 659/2121/2121 648/2122/2122 652/2123/2123
f 659/2121/2121 652/2123/2123 660/2124/2124
f 661/2125/2125 662/2126/2126 658/2127/2127
f 661/2125/2125 658/2127/2127 650/2128/2128
f 659/2129/2129 661/2130/2130 650/2131/2131
f 659/2129/2129 650/2131/2131 648/2132/2132
f 660/2133/2133 652/2134/2134 658/2135/2135
f 660/2133/2133 658/2135/2135 662/2136/2136
f 659/2137/2137 660/2138/2138 662/2139/2139
f 659/2137/2137 662/2139/2139 661/2140/2140
f 663/2141/2141 664/2142/2142 665/2143/2143
f 663/2141/2141 665/2143/2143 666/2144/2144
f 667/2145/2145 668/2146/2146 669/2147/2147
f 667/2145/2145 669/2147/2147 670/2148/2148
f 663/2149/2149 667/2150/2150 670/2151/2151
f 663/2149/2149 670/2151/2151 664/2152/2152
f 663/2153/2153 666/2154/2154 668/2155/2155
f 663/2153/2153 668/2155/2155 667/2156/2156
f 664/2157/2157 670/2158/2158 669/2159/2159
f 664/2157/2157 669/2159/2159 665/2160/2160
f 666/2161/2161 665/2162/2162 671/2163/2163
f 666/2161/2161 671/2163/2163 672/2164/2164
f 668/2165/2165 673/2166/2166 674/2167/2167
f 668/2165/2165 674/2167/2167 669/2168/2168
f 672/2169/2169 671/2170/2170 674/2171/2171
f 672/2169/2169 674/2171/2171 673/2172/2172
f 666/2173/2173 672/2174/2174 673/2175/2175
f 666/2173/2173 673/2175/2175 668/2176/2176
f 665/2177/2177 669/2178/2178 674/2179/2179
f 665/2177/2177 674/2179/2179 671/2180/2180
f 632/2181/2181 631/2182/2182 675/2183/2183
f 632/2181/2181 675/2183/2183 676/2184/2184
f 633/2185/2185 677/2186/2186 678/2187/2187
f 633/2185/2185 678/2187/2187 634/2188/2188
f 632/2189/2189 633/2190/2190 634/2191/2191
f 632/2189/2189 634/2191/2191 631/2192/2192
f 676/2193/2193 675/2194/2194 679/2195/2195
f 676/2193/2193 679/2195/2195 680/2196/2196
f 677/2197/2197 681/2198/2198 682/2199/2199
f 677/2197/2197 682/2199/2199 678/2200/2200
f 680/2201/2201 679/2202/2202 682/2203/2203
f 680/2201/2201 682/2203/2203 681/2204/2204
f 654/2205/2205 683/2206/2206 684/2207/2207
f 654/2205/2205 684/2207/2207 685/2208/2208
f 656/2209/2209 686/2210/2210 687/2211/2211
f 656/2209/2209 687/2211/2211 688/2212/2212
f 654/2213/2213 656/2214/2214 688/2215/2215
f 654/2213/2213 688/2215/2215 683/2216/2216
f 685/2217/2217 684/2218/2218 687/2219/2219
f 685/2217/2217 687/2219/2219 686/2220/2220
f 689/2221/2221 690/2222/2222 691/2223/2223
f 689/2221/2221 691/2223/2223 692/2224/2224
f 688/2225/2225 687/2226/2226 693/2227/2227
f 688/2225/2225 693/2227/2227 694/2228/2228
f 689/2229/2229 688/2230/2230 694/2231/2231
f 689/2229/2229 694/2231/2231 690/2232/2232
f 692/2233/2233 691/2234/2234 693/2235/2235
f 692/2233/2233 693/2235/2235 687/2236/2236
f 695/2237/2237 653/2238/2238 696/2239/2239
f 695/2237/2237 696/2239/2239 697/2240/2240
f 694/2241/2241 693/2242/2242 698/2243/2243
f 694/2241/2241 698/2243/2243 657/2244/2244
f 695/2245/2245 694/2246/2246 657/2247/2247
f 695/2245/2245 657/2247/2247 653/2248/2248
f 697/2249/2249 696/2250/2250 698/2251/2251
f 697/2249/2249 698/2251/2251 693/2252/2252
f 699/2253/2253 700/2254/2254 701/2255/2255
f 699/2253/2253 701/2255/2255 702/2256/2256
f 703/2257/2257 704/2258/2258 705/2259/2259
f 703/2257/2257 705/2259/2259 706/2260/2260
f 699/2261/2261 703/2262/2262 706/2263/2263
f 699/2261/2261 706/2263/2263 700/2264/2264
f 702/2265/2265 701/2266/2266 705/2267/2267
f 702/2265/2265 705/2267/2267 704/2268/2268
f 707/2269/2269 696/2270/2270 700/2271/2271
f 707/2269/2269 700/2271/2271 708/2272/2272
f 709/2273/2273 710/2274/2274 706/2275/2275
f 709/2273/2273 706/2275/2275 698/2276/2276
f 707/2277/2277 709/2278/2278 698/2279/2279
f 707/2277/2277 698/2279/2279 696/2280/2280
f 708/2281/2281 700/2282/2282 706/2283/2283
f 708/2281/2281 706/2283/2283 710/2284/2284
f 707/2285/2285 708/2286/2286 710/2287/2287
f 707/2285/2285 710/2287/2287 709/2288/2288
f 711/2289/2289 712/2290/2290 713/2291/2291
f 711/2289/2289 713/2291/2291 714/2292/2292
f 715/2293/2293 716/2294/2294 717/2295/2295
f 715/2293/2293 717/2295/2295 718/2296/2296
f 711/2297/2297 715/2298/2298 718/2299/2299
f 711/2297/2297 718/2299/2299 712/2300/2300
f 711/2301/2301 714/2302/2302 716/2303/2303
f 711/2301/2301 716/2303/2303 715/2304/2304
f 712/2305/2305 718/2306/2306 717/2307/2307
f 712/2305/2305 717/2307/2307 713/2308/2308
f 714/2309/2309 713/2310/2310 719/2311/2311
f 714/2309/2309 719/2311/2311 720/2312/2312
f 716/2313/2313 721/2314/2314 722/2315/2315
f 716/2313/2313 722/2315/2315 717/2316/2316
f 720/2317/2317 719/2318/2318 722/2319/2319
f 720/2317/2317 722/2319/2319 721/2320/2320
f 714/2321/2321 720/2322/2322 721/2323/2323
f 714/2321/2321 721/2323/2323 716/2324/2324
f 713/2325/2325 717/2326/2326 722/2327/2327
f 713/2325/2325 722/2327/2327 719/2328/2328
f 680/2329/2329 679/2330/2330 723/2331/2331
f 680/2329/2329 723/2331/2331 724/2332/2332
f 681/2333/2333 725/2334/2334 726/2335/2335
f 681/2333/2333 726/2335/2335 682/2336/2336
f 680/2337/2337 681/2338/2338 682/2339/2339
f 680/2337/2337 682/2339/2339 679/2340/2340
f 724/2341/2341 723/2342/2342 727/2343/2343
f 724/2341/2341 727/2343/2343 728/2344/2344
f 725/2345/2345 729/2346/2346 730/2347/2347
f 725/2345/2345 730/2347/2347 726/2348/2348
f 728/2349/2349 727/2350/2350 730/2351/2351
f 728/2349/2349 730/2351/2351 729/2352/2352
f 702/2353/2353 731/2354/2354 732/2355/2355
f 702/2353/2353 732/2355/2355 733/2356/2356
f 704/2357/2357 734/2358/2358 735/2359/2359
f 704/2357/2357 735/2359/2359 736/2360/2360
f 702/2361/2361 704/2362/2362 736/2363/2363
f 702/2361/2361 736/2363/2363 731/2364/2364
f 733/2365/2365 732/2366/2366 735/2367/2367
f 733/2365/2365 735/2367/2367 734/2368/2368
f 737/2369/2369 738/2370/2370 739/2371/2371
f 737/2369/2369 739/2371/2371 740/2372/2372
f 736/2373/2373 735/2374/2374 741/2375/2375
f 736/2373/2373 741/2375/2375 742/2376/2376
f 737/2377/2377 736/2378/2378 742/2379/2379
f 737/2377/2377 742/2379/2379 738/2380/2380
f 740/2381/2381 739/2382/2382 741/2383/2383
f 740/2381/2381 741/2383/2383 735/2384/2384
f 743/2385/2385 701/2386/2386 744/2387/2387
f 743/2385/2385 744/2387/2387 745/2388/2388
f 742/2389/2389 741/2390/2390 746/2391/2391
f 742/2389/2389 746/2391/2391 705/2392/2392
f 743/2393/2393 742/2394/2394 705/2395/2395
f 743/2393/2393 705/2395/2395 701/2396/2396
f 745/2397/2397 744/2398/2398 746/2399/2399
f 745/2397/2397 746/2399/2399 741/2400/2400
f 747/2401/2401 748/2402/2402 749/2403/2403
f 747/2401/2401 749/2403/2403 750/2404/2404
f 751/2405/2405 752/2406/2406 753/2407/2407
f 751/2405/2405 753/2407/2407 754/2408/2408
f 747/2409/2409 751/2410/2410 754/2411/2411
f 747/2409/2409 754/2411/2411 748/2412/2412
f 750/2413/2413 749/2414/2414 753/2415/2415
f 750/2413/2413 753/2415/2415 752/2416/2416
f 755/2417/2417 744/2418/2418 748/2419/2419
f 755/2417/2417 748/2419/2419 756/2420/2420
f 757/2421/2421 758/2422/2422 754/2423/2423
f 757/2421/2421 754/2423/2423 746/2424/2424
f 755/2425/2425 757/2426/2426 746/2427/2427
f 755/2425/2425 746/2427/2427 744/2428/2428
f 756/2429/2429 748/2430/2430 754/2431/2431
f 756/2429/2429 754/2431/2431 758/2432/2432
f 755/2433/2433 756/2434/2434 758/2435/2435
f 755/2433/2433 758/2435/2435 757/2436/2436
f 759/2437/2437 760/2438/2438 761/2439/2439
f 759/2437/2437 761/2439/2439 762/2440/2440
f 763/2441/2441 764/2442/2442 765/2443/2443
f 763/2441/2441 765/2443/2443 766/2444/2444
f 759/2445/2445 763/2446/2446 766/2447/2447
f 759/2445/2445 766/2447/2447 760/2448/2448
f 759/2449/2449 762/2450/2450 764/2451/2451
f 759/2449/2449 764/2451/2451 763/2452/2452
f 760/2453/2453 766/2454/2454 765/2455/2455
f 760/2453/2453 765/2455/2455 761/2456/2456
f 762/2457/2457 761/2458/2458 767/2459/2459
f 762/2457/2457 767/2459/2459 768/2460/2460
f 764/2461/2461 769/2462/2462 770/2463/2463
f 764/2461/2461 770/2463/2463 765/2464/2464
f 768/2465/2465 767/2466/2466 770/2467/2467
f 768/2465/2465 770/2467/2467 769/2468/2468
f 762/2469/2469 768/2470/2470 769/2471/2471
f 762/2469/2469 769/2471/2471 764/2472/2472
f 761/2473/2473 765/2474/2474 770/2475/2475
f 761/2473/2473 770/2475/2475 767/2476/2476
f 728/2477/2477 727/2478/2478 771/2479/2479
f 728/2477/2477 771/2479/2479 772/2480/2480
f 729/2481/2481 773/2482/2482 774/2483/2483
f 729/2481/2481 774/2483/2483 730/2484/2484
f 728/2485/2485 729/2486/2486 730/2487/2487
f 728/2485/2485 730/2487/2487 727/2488/2488
f 772/2489/2489 771/2490/2490 142/2491/2491
f 772/2489/2489 142/2491/2491 129/2492/2492
f 773/2493/2493 775/2494/2494 776/2495/2495
f 773/2493/2493 776/2495/2495 774/2496/2496
f 129/2497/2497 142/2498/2498 776/2499/2499
f 129/2497/2497 776/2499/2499 775/2500/2500
f 750/2501/2501 777/2502/2502 778/2503/2503
f 750/2501/2501 778/2503/2503 779/2504/2504
f 752/2505/2505 780/2506/2506 781/2507/2507
f 752/2505/2505 781/2507/2507 782/2508/2508
f 750/2509/2509 752/2510/2510 782/2511/2511
f 750/2509/2509 782/2511/2511 777/2512/2512
f 779/2513/2513 778/2514/2514 781/2515/2515
f 779/2513/2513 781/2515/2515 780/2516/2516
f 783/2517/2517 784/2518/2518 785/2519/2519
f 783/2517/2517 785/2519/2519 786/2520/2520
f 782/2521/2521 781/2522/2522 787/2523/2523
f 782/2521/2521 787/2523/2523 788/2524/2524
f 783/2525/2525 782/2526/2526 788/2527/2527
f 783/2525/2525 788/2527/2527 784/2528/2528
f 786/2529/2529 785/2530/2530 787/2531/2531
f 786/2529/2529 787/2531/2531 781/2532/2532
f 789/2533/2533 749/2534/2534 790/2535/2535
f 789/2533/2533 790/2535/2535 791/2536/2536
f 788/2537/2537 787/2538/2538 792/2539/2539
f 788/2537/2537 792/2539/2539 753/2540/2540
f 789/2541/2541 788/2542/2542 753/2543/2543
f 789/2541/2541 753/2543/2543 749/2544/2544
f 791/2545/2545 790/2546/2546 792/2547/2547
f 791/2545/2545 792/2547/2547 787/2548/2548
f 793/2549/2549 794/2550/2550 795/2551/2551
f 793/2549/2549 795/2551/2551 796/2552/2552
f 797/2553/2553 144/2554/2554 145/2555/2555
f 797/2553/2553 145/2555/2555 798/2556/2556
f 793/2557/2557 797/2558/2558 798/2559/2559
f 793/2557/2557 798/2559/2559 794/2560/2560
f 796/2561/2561 795/2562/2562 145/2563/2563
f 796/2561/2561 145/2563/2563 144/2564/2564
f 799/2565/2565 790/2566/2566 794/2567/2567
f 799/2565/2565 794/2567/2567 800/2568/2568
f 801/2569/2569 802/2570/2570 798/2571/2571
f 801/2569/2569 798/2571/2571 792/2572/2572
f 799/2573/2573 801/2574/2574 792/2575/2575
f 799/2573/2573 792/2575/2575 790/2576/2576
f 800/2577/2577 794/2578/2578 798/2579/2579
f 800/2577/2577 798/2579/2579 802/2580/2580
f 799/2581/2581 800/2582/2582 802/2583/2583
f 799/2581/2581 802/2583/2583 801/2584/2584
f 803/2585/2585 804/2586/2586 805/2587/2587
f 803/2585/2585 805/2587/2587 806/2588/2588
f 807/2589/2589 808/2590/2590 809/2591/2591
f 807/2589/2589 809/2591/2591 810/2592/2592
f 803/2593/2593 807/2594/2594 810/2595/2595
f 803/2593/2593 810/2595/2595 804/2596/2596
f 803/2597/2597 806/2598/2598 808/2599/2599
f 803/2597/2597 808/2599/2599 807/2600/2600
f 804/2601/2601 810/2602/2602 809/2603/2603
f 804/2601/2601 809/2603/2603 805/2604/2604
f 806/2605/2605 805/2606/2606 146/2607/2607
f 806/2605/2605 146/2607/2607 811/2608/2608
f 808/2609/2609 812/2610/2610 813/2611/2611
f 808/2609/2609 813/2611/2611 809/2612/2612
f 811/2613/2613 146/2614/2614 813/2615/2615
f 811/2613/2613 813/2615/2615 812/2616/2616
f 806/2617/2617 811/2618/2618 812/2619/2619
f 806/2617/2617 812/2619/2619 808/2620/2620
f 805/2621/2621 809/2622/2622 813/2623/2623
f 805/2621/2621 813/2623/2623 146/2624/2624
f 133/2625/2625 814/2626/2626 815/2627/2627
f 133/2625/2625 815/2627/2627 816/2628/2628
f 817/2629/2629 818/2630/2630 819/2631/2631
f 817/2629/2629 819/2631/2631 820/2632/2632
f 133/2633/2633 817/2634/2634 820/2635/2635
f 133/2633/2633 820/2635/2635 814/2636/2636
f 133/2637/2637 816/2638/2638 818/2639/2639
f 133/2637/2637 818/2639/2639 817/2640/2640
f 814/2641/2641 820/2642/2642 819/2643/2643
f 814/2641/2641 819/2643/2643 815/2644/2644
f 816/2645/2645 815/2646/2646 821/2647/2647
f 816/2645/2645 821/2647/2647 822/2648/2648
f 818/2649/2649 823/2650/2650 824/2651/2651
f 818/2649/2649 824/2651/2651 819/2652/2652
f 816/2653/2653 822/2654/2654 823/2655/2655
f 816/2653/2653 823/2655/2655 818/2656/2656
f 815/2657/2657 819/2658/2658 824/2659/2659
f 815/2657/2657 824/2659/2659 821/2660/2660
f 822/2661/2661 821/2662/2662 825/2663/2663
f 822/2661/2661 825/2663/2663 826/2664/2664
f 823/2665/2665 827/2666/2666 828/2667/2667
f 823/2665/2665 828/2667/2667 824/2668/2668
f 822/2669/2669 826/2670/2670 827/2671/2671
f 822/2669/2669 827/2671/2671 823/2672/2672
f 821/2673/2673 824/2674/2674 828/2675/2675
f 821/2673/2673 828/2675/2675 825/2676/2676
f 826/2677/2677 825/2678/2678 829/2679/2679
f 826/2677/2677 829/2679/2679 830/2680/2680
f 827/2681/2681 831/2682/2682 832/2683/2683
f 827/2681/2681 832/2683/2683 828/2684/2684
f 826/2685/2685 830/2686/2686 831/2687/2687
f 826/2685/2685 831/2687/2687 827/2688/2688
f 825/2689/2689 828/2690/2690 832/2691/2691
f 825/2689/2689 832/2691/2691 829/2692/2692
f 830/2693/2693 829/2694/2694 833/2695/2695
f 830/2693/2693 833/2695/2695 834/2696/2696
f 831/2697/2697 835/2698/2698 836/2699/2699
f 831/2697/2697 836/2699/2699 832/2700/2700
f 830/2701/2701 834/2702/2702 835/2703/2703
f 830/2701/2701 835/2703/2703 831/2704/2704
f 829/2705/2705 832/2706/2706 836/2707/2707
f 829/2705/2705 836/2707/2707 833/2708/2708
f 834/2709/2709 833/2710/2710 837/2711/2711
f 834/2709/2709 837/2711/2711 838/2712/2712
f 835/2713/2713 839/2714/2714 840/2715/2715
f 835/2713/2713 840/2715/2715 836/2716/2716
f 834/2717/2717 838/2718/2718 839/2719/2719
f 834/2717/2717 839/2719/2719 835/2720/2720
f 833/2721/2721 836/2722/2722 840/2723/2723
f 833/2721/2721 840/2723/2723 837/2724/2724
f 838/2725/2725 837/2726/2726 841/2727/2727
f 838/2725/2725 841/2727/2727 842/2728/2728
f 839/2729/2729 843/2730/2730 844/2731/2731
f 839/2729/2729 844/2731/2731 840/2732/2732
f 838/2733/2733 842/2734/2734 843/2735/2735
f 838/2733/2733 843/2735/2735 839/2736/2736
f 837/2737/2737 840/2738/2738 844/2739/2739
f 837/2737/2737 844/2739/2739 841/2740/2740
f 842/2741/2741 841/2742/2742 845/2743/2743
f 842/2741/2741 845/2743/2743 846/2744/2744
f 843/2745/2745 847/2746/2746 848/2747/2747
f 843/2745/2745 848/2747/2747 844/2748/2748
f 842/2749/2749 846/2750/2750 847/2751/2751
f 842/2749/2749 847/2751/2751 843/2752/2752
f 841/2753/2753 844/2754/2754 848/2755/2755
f 841/2753/2753 848/2755/2755 845/2756/2756
f 846/2757/2757 845/2758/2758 849/2759/2759
f 846/2757/2757 849/2759/2759 850/2760/2760
f 847/2761/2761 851/2762/2762 852/2763/2763
f 847/2761/2761 852/2763/2763 848/2764/2764
f 846/2765/2765 850/2766/2766 851/2767/2767
f 846/2765/2765 851/2767/2767 847/2768/2768
f 845/2769/2769 848/2770/2770 852/2771/2771
f 845/2769/2769 852/2771/2771 849/2772/2772
f 850/2773/2773 849/2774/2774 853/2775/2775
f 850/2773/2773 853/2775/2775 854/2776/2776
f 851/2777/2777 855/2778/2778 856/2779/2779
f 851/2777/2777 856/2779/2779 852/2780/2780
f 850/2781/2781 854/2782/2782 855/2783/2783
f 850/2781/2781 855/2783/2783 851/2784/2784
f 849/2785/2785 852/2786/2786 856/2787/2787
f 849/2785/2785 856/2787/2787 853/2788/2788
f 854/2789/2789 853/2790/2790 857/2791/2791
f 854/2789/2789 857/2791/2791 858/2792/2792
f 855/2793/2793 859/2794/2794 860/2795/2795
f 855/2793/2793 860/2795/2795 856/2796/2796
f 854/2797/2797 858/2798/2798 859/2799/2799
f 854/2797/2797 859/2799/2799 855/2800/2800
f 853/2801/2801 856/2802/2802 860/2803/2803
f 853/2801/2801 860/2803/2803 857/2804/2804
f 858/2805/2805 857/2806/2806 861/2807/2807
f 858/2805/2805 861/2807/2807 862/2808/2808
f 859/2809/2809 863/2810/2810 864/2811/2811
f 859/2809/2809 864/2811/2811 860/2812/2812
f 858/2813/2813 862/2814/2814 863/2815/2815
f 858/2813/2813 863/2815/2815 859/2816/2816
f 857/2817/2817 860/2818/2818 864/2819/2819
f 857/2817/2817 864/2819/2819 861/2820/2820
f 862/2821/2821 861/2822/2822 865/2823/2823
f 862/2821/2821 865/2823/2823 866/2824/2824
f 863/2825/2825 867/2826/2826 868/2827/2827
f 863/2825/2825 868/2827/2827 864/2828/2828
f 862/2829/2829 866/2830/2830 867/2831/2831
f 862/2829/2829 867/2831/2831 863/2832/2832
f 861/2833/2833 864/2834/2834 868/2835/2835
f 861/2833/2833 868/2835/2835 865/2836/2836
f 866/2837/2837 865/2838/2838 869/2839/2839
f 866/2837/2837 869/2839/2839 870/2840/2840
f 867/2841/2841 871/2842/2842 872/2843/2843
f 867/2841/2841 872/2843/2843 868/2844/2844
f 866/2845/2845 870/2846/2846 871/2847/2847
f 866/2845/2845 871/2847/2847 867/2848/2848
f 865/2849/2849 868/2850/2850 872/2851/2851
f 865/2849/2849 872/2851/2851 869/2852/2852
f 870/2853/2853 869/2854/2854 873/2855/2855
f 870/2853/2853 873/2855/2855 874/2856/2856
f 871/2857/2857 875/2858/2858 876/2859/2859
f 871/2857/2857 876/2859/2859 872/2860/2860
f 870/2861/2861 874/2862/2862 875/2863/2863
f 870/2861/2861 875/2863/2863 871/2864/2864
f 869/2865/2865 872/2866/2866 876/2867/2867
f 869/2865/2865 876/2867/2867 873/2868/2868
f 874/2869/2869 873/2870/2870 877/2871/2871
f 874/2869/2869 877/2871/2871 878/2872/2872
f 875/2873/2873 879/2874/2874 880/2875/2875
f 875/2873/2873 880/2875/2875 876/2876/2876
f 878/2877/2877 877/2878/2878 880/2879/2879
f 878/2877/2877 880/2879/2879 879/2880/2880
f 874/2881/2881 878/2882/2882 879/2883/2883
f 874/2881/2881 879/2883/2883 875/2884/2884
f 873/2885/2885 876/2886/2886 880/2887/2887
f 873/2885/2885 880/2887/2887 877/2888/2888
f 881/2889/2889 882/2890/2890 883/2891/2891
f 881/2889/2889 883/2891/2891 884/2892/2892
f 885/2893/2893 886/2894/2894 887/2895/2895
f 885/2893/2893 887/2895/2895 888/2896/2896
f 881/2897/2897 885/2898/2898 888/2899/2899
f 881/2897/2897 888/2899/2899 882/2900/2900
f 881/2901/2901 884/2902/2902 886/2903/2903
f 881/2901/2901 886/2903/2903 885/2904/2904
f 882/2905/2905 888/2906/2906 887/2907/2907
f 882/2905/2905 887/2907/2907 883/2908/2908
f 884/2909/2909 883/2910/2910 889/2911/2911
f 884/2909/2909 889/2911/2911 890/2912/2912
f 886/2913/2913 891/2914/2914 892/2915/2915
f 886/2913/2913 892/2915/2915 887/2916/2916
f 884/2917/2917 890/2918/2918 891/2919/2919
f 884/2917/2917 891/2919/2919 886/2920/2920
f 883/2921/2921 887/2922/2922 892/2923/2923
f 883/2921/2921 892/2923/2923 889/2924/2924
f 890/2925/2925 889/2926/2926 893/2927/2927
f 890/2925/2925 893/2927/2927 894/2928/2928
f 891/2929/2929 895/2930/2930 896/2931/2931
f 891/2929/2929 896/2931/2931 892/2932/2932
f 890/2933/2933 894/2934/2934 895/2935/2935
f 890/2933/2933 895/2935/2935 891/2936/2936
f 889/2937/2937 892/2938/2938 896/2939/2939
f 889/2937/2937 896/2939/2939 893/2940/2940
f 894/2941/2941 893/2942/2942 897/2943/2943
f 894/2941/2941 897/2943/2943 898/2944/2944
f 895/2945/2945 899/2946/2946 900/2947/2947
f 895/2945/2945 900/2947/2947 896/2948/2948
f 894/2949/2949 898/2950/2950 899/2951/2951
f 894/2949/2949 899/2951/2951 895/2952/2952
f 893/2953/2953 896/2954/2954 900/2955/2955
f 893/2953/2953 900/2955/2955 897/2956/2956
f 898/2957/2957 897/2958/2958 901/2959/2959
f 898/2957/2957 901/2959/2959 902/2960/2960
f 899/2961/2961 903/2962/2962 904/2963/2963
f 899/2961/2961 904/2963/2963 900/2964/2964
f 898/2965/2965 902/2966/2966 903/2967/2967
f 898/2965/2965 903/2967/2967 899/2968/2968
f 897/2969/2969 900/2970/2970 904/2971/2971
f 897/2969/2969 904/2971/2971 901/2972/2972
f 902/2973/2973 901/2974/2974 905/2975/2975
f 902/2973/2973 905/2975/2975 906/2976/2976
f 903/2977/2977 907/2978/2978 908/2979/2979
f 903/2977/2977 908/2979/2979 904/2980/2980
f 902/2981/2981 906/2982/2982 907/2983/2983
f 902/2981/2981 907/2983/2983 903/2984/2984
f 901/2985/2985 904/2986/2986 908/2987/2987
f 901/2985/2985 908/2987/2987 905/2988/2988
f 906/2989/2989 905/2990/2990 909/2991/2991
f 906/2989/2989 909/2991/2991 910/2992/2992
f 907/2993/2993 911/2994/2994 912/2995/2995
f 907/2993/2993 912/2995/2995 908/2996/2996
f 906/2997/2997 910/2998/2998 911/2999/2999
f 906/2997/2997 911/2999/2999 907/3000/3000
f 905/3001/3001 908/3002/3002 912/3003/3003
f 905/3001/3001 912/3003/3003 909/3004/3004
f 910/3005/3005 909/3006/3006 913/3007/3007
f 910/3005/3005 913/3007/3007 914/3008/3008
f 911/3009/3009 915/3010/3010 916/3011/3011
f 911/3009/3009 916/3011/3011 912/3012/3012
f 910/3013/3013 914/3014/3014 915/3015/3015
f 910/3013/3013 915/3015/3015 911/3016/3016
f 909/3017/3017 912/3018/3018 916/3019/3019
f 909/3017/3017 916/3019/3019 913/3020/3020
f 914/3021/3021 913/3022/3022 917/3023/3023
f 914/3021/3021 917/3023/3023 918/3024/3024
f 915/3025/3025 919/3026/3026 920/3027/3027
f 915/3025/3025 920/3027/3027 916/3028/3028
f 914/3029/3029 918/3030/3030 919/3031/3031
f 914/3029/3029 919/3031/3031 915/3032/3032
f 913/3033/3033 916/3034/3034 920/3035/3035
f 913/3033/3033 920/3035/3035 917/3036/3036
f 918/3037/3037 917/3038/3038 921/3039/3039
f 918/3037/3037 921/3039/3039 922/3040/3040
f 919/3041/3041 923/3042/3042 924/3043/3043
f 919/3041/3041 924/3043/3043 920/3044/3044
f 918/3045/3045 922/3046/3046 923/3047/3047
f 918/3045/3045 923/3047/3047 919/3048/3048
f 917/3049/3049 920/3050/3050 924/3051/3051
f 917/3049/3049 924/3051/3051 921/3052/3052
f 922/3053/3053 921/3054/3054 925/3055/3055
f 922/3053/3053 925/3055/3055 926/3056/3056
f 923/3057/3057 927/3058/3058 928/3059/3059
f 923/3057/3057 928/3059/3059 924/3060/3060
f 922/3061/3061 926/3062/3062 927/3063/3063
f 922/3061/3061 927/3063/3063 923/3064/3064
f 921/3065/3065 924/3066/3066 928/3067/3067
f 921/3065/3065 928/3067/3067 925/3068/3068
f 926/3069/3069 925/3070/3070 929/3071/3071
f 926/3069/3069 929/3071/3071 930/3072/3072
f 927/3073/3073 931/3074/3074 932/3075/3075
f 927/3073/3073 932/3075/3075 928/3076/3076
f 926/3077/3077 930/3078/3078 931/3079/3079
f 926/3077/3077 931/3079/3079 927/3080/3080
f 925/3081/3081 928/3082/3082 932/3083/3083
f 925/3081/3081 932/3083/3083 929/3084/3084
f 930/3085/3085 929/3086/3086 933/3087/3087
f 930/3085/3085 933/3087/3087 934/3088/3088
f 931/3089/3089 935/3090/3090 936/3091/3091
f 931/3089/3089 936/3091/3091 932/3092/3092
f 930/3093/3093 934/3094/3094 935/3095/3095
f 930/3093/3093 935/3095/3095 931/3096/3096
f 929/3097/3097 932/3098/3098 936/3099/3099
f 929/3097/3097 936/3099/3099 933/3100/3100
f 934/3101/3101 933/3102/3102 937/3103/3103
f 934/3101/3101 937/3103/3103 938/3104/3104
f 935/3105/3105 939/3106/3106 940/3107/3107
f 935/3105/3105 940/3107/3107 936/3108/3108
f 934/3109/3109 938/3110/3110 939/3111/3111
f 934/3109/3109 939/3111/3111 935/3112/3112
f 933/3113/3113 936/3114/3114 940/3115/3115
f 933/3113/3113 940/3115/3115 937/3116/3116
f 938/3117/3117 937/3118/3118 941/3119/3119
f 938/3117/3117 941/3119/3119 942/3120/3120
f 939/3121/3121 943/3122/3122 944/3123/3123
f 939/3121/3121 944/3123/3123 940/3124/3124
f 938/3125/3125 942/3126/3126 943/3127/3127
f 938/3125/3125 943/3127/3127 939/3128/3128
f 937/3129/3129 940/3130/3130 944/3131/3131
f 937/3129/3129 944/3131/3131 941/3132/3132
f 942/3133/3133 941/3134/3134 945/3135/3135
f 942/3133/3133 945/3135/3135 142/3136/3136
f 943/3137/3137 946/3138/3138 947/3139/3139
f 943/3137/3137 947/3139/3139 944/3140/3140
f 142/3141/3141 945/3142/3142 947/3143/3143
f 142/3141/3141 947/3143/3143 946/3144/3144
f 942/3145/3145 142/3146/3146 946/3147/3147
f 942/3145/3145 946/3147/3147 943/3148/3148
f 941/3149/3149 944/3150/3150 947/3151/3151
f 941/3149/3149 947/3151/3151 945/3152/3152
f 878/3153/3153 877/3154/3154 948/3155/3155
f 878/3153/3153 948/3155/3155 441/3156/3156
f 949/3157/3157 950/3158/3158 951/3159/3159
f 949/3157/3157 951/3159/3159 952/3160/3160
f 878/3161/3161 949/3162/3162 952/3163/3163
f 878/3161/3161 952/3163/3163 877/3164/3164
f 878/3165/3165 441/3166/3166 950/3167/3167
f 878/3165/3165 950/3167/3167 949/3168/3168
f 877/3169/3169 952/3170/3170 951/3171/3171
f 877/3169/3169 951/3171/3171 948/3172/3172
f 441/3173/3173 948/3174/3174 882/3175/3175
f 441/3173/3173 882/3175/3175 881/3176/3176
f 950/3177/3177 953/3178/3178 954/3179/3179
f 950/3177/3177 954/3179/3179 951/3180/3180
f 881/3181/3181 882/3182/3182 954/3183/3183
f 881/3181/3181 954/3183/3183 953/3184/3184
f 441/3185/3185 881/3186/3186 953/3187/3187
f 441/3185/3185 953/3187/3187 950/3188/3188
f 948/3189/3189 951/3190/3190 954/3191/3191
f 948/3189/3189 954/3191/3191 882/3192/3192
f 955/3193/3193 956/3194/3194 957/3195/3195
f 955/3193/3193 957/3195/3195 958/3196/3196
f 879/3197/3197 959/3198/3198 960/3199/3199
f 879/3197/3197 960/3199/3199 880/3200/3200
f 955/3201/3201 879/3202/3202 880/3203/3203
f 955/3201/3201 880/3203/3203 956/3204/3204
f 955/3205/3205 958/3206/3206 959/3207/3207
f 955/3205/3205 959/3207/3207 879/3208/3208
f 956/3209/3209 880/3210/3210 960/3211/3211
f 956/3209/3209 960/3211/3211 957/3212/3212
f 958/3213/3213 957/3214/3214 961/3215/3215
f 958/3213/3213 961/3215/3215 962/3216/3216
f 959/3217/3217 885/3218/3218 888/3219/3219
f 959/3217/3217 888/3219/3219 960/3220/3220
f 962/3221/3221 961/3222/3222 888/3223/3223
f 962/3221/3221 888/3223/3223 885/3224/3224
f 958/3225/3225 962/3226/3226 885/3227/3227
f 958/3225/3225 885/3227/3227 959/3228/3228
f 957/3229/3229 960/3230/3230 888/3231/3231
f 957/3229/3229 888/3231/3231 961/3232/3232
f 963/3233/3233 964/3234/3234 965/3235/3235
f 963/3233/3233 965/3235/3235 966/3236/3236
f 967/3237/3237 968/3238/3238 969/3239/3239
f 967/3237/3237 969/3239/3239 970/3240/3240
f 963/3241/3241 967/3242/3242 970/3243/3243
f 963/3241/3241 970/3243/3243 964/3244/3244
f 966/3245/3245 965/3246/3246 969/3247/3247
f 966/3245/3245 969/3247/3247 968/3248/3248
f 963/3249/3249 966/3250/3250 968/3251/3251
f 963/3249/3249 968/3251/3251 967/3252/3252
f 964/3253/3253 970/3254/3254 969/3255/3255
f 964/3253/3253 969/3255/3255 965/3256/3256
f 971/3257/3257 964/3258/3258 972/3259/3259
f 971/3257/3257 972/3259/3259 973/3260/3260
f 974/3261/3261 975/3262/3262 976/3263/3263
f 974/3261/3261 976/3263/3263 970/3264/3264
f 971/3265/3265 974/3266/3266 970/3267/3267
f 971/3265/3265 970/3267/3267 964/3268/3268
f 973/3269/3269 972/3270/3270 976/3271/3271
f 973/3269/3269 976/3271/3271 975/3272/3272
f 971/3273/3273 973/3274/3274 975/3275/3275
f 971/3273/3273 975/3275/3275 974/3276/3276
f 964/3277/3277 970/3278/3278 976/3279/3279
f 964/3277/3277 976/3279/3279 972/3280/3280
f 977/3281/3281 978/3282/3282 979/3283/3283
f 977/3281/3281 979/3283/3283 980/3284/3284
f 981/3285/3285 982/3286/3286 983/3287/3287
f 981/3285/3285 983/3287/3287 984/3288/3288
f 977/3289/3289 981/3290/3290 984/3291/3291
f 977/3289/3289 984/3291/3291 978/3292/3292
f 980/3293/3293 979/3294/3294 983/3295/3295
f 980/3293/3293 983/3295/3295 982/3296/3296
f 977/3297/3297 980/3298/3298 982/3299/3299
f 977/3297/3297 982/3299/3299 981/3300/3300
f 978/3301/3301 984/3302/3302 983/3303/3303
f 978/3301/3301 983/3303/3303 979/3304/3304
f 965/3305/3305 978/3306/3306 985/3307/3307
f 965/3305/3305 985/3307/3307 986/3308/3308
f 969/3309/3309 987/3310/3310 988/3311/3311
f 969/3309/3309 988/3311/3311 984/3312/3312
f 965/3313/3313 969/3314/3314 984/3315/3315
f 965/3313/3313 984/3315/3315 978/3316/3316
f 986/3317/3317 985/3318/3318 988/3319/3319
f 986/3317/3317 988/3319/3319 987/3320/3320
f 965/3321/3321 986/3322/3322 987/3323/3323
f 965/3321/3321 987/3323/3323 969/3324/3324
f 978/3325/3325 984/3326/3326 988/3327/3327
f 978/3325/3325 988/3327/3327 985/3328/3328
f 989/3329/3329 990/3330/3330 991/3331/3331
f 989/3329/3329 991/3331/3331 992/3332/3332
f 993/3333/3333 994/3334/3334 995/3335/3335
f 993/3333/3333 995/3335/3335 996/3336/3336
f 989/3337/3337 993/3338/3338 996/3339/3339
f 989/3337/3337 996/3339/3339 990/3340/3340
f 992/3341/3341 991/3342/3342 995/3343/3343
f 992/3341/3341 995/3343/3343 994/3344/3344
f 989/3345/3345 992/3346/3346 994/3347/3347
f 989/3345/3345 994/3347/3347 993/3348/3348
f 990/3349/3349 996/3350/3350 995/3351/3351
f 990/3349/3349 995/3351/3351 991/3352/3352
f 979/3353/3353 990/3354/3354 997/3355/3355
f 979/3353/3353 997/3355/3355 998/3356/3356
f 983/3357/3357 999/3358/3358 1000/3359/3359
f 983/3357/3357 1000/3359/3359 996/3360/3360
f 979/3361/3361 983/3362/3362 996/3363/3363
f 979/3361/3361 996/3363/3363 990/3364/3364
f 998/3365/3365 997/3366/3366 1000/3367/3367
f 998/3365/3365 1000/3367/3367 999/3368/3368
f 979/3369/3369 998/3370/3370 999/3371/3371
f 979/3369/3369 999/3371/3371 983/3372/3372
f 990/3373/3373 996/3374/3374 1000/3375/3375
f 990/3373/3373 1000/3375/3375 997/3376/3376
f 1001/3377/3377 1002/3378/3378 1003/3379/3379
f 1001/3377/3377 1003/3379/3379 1004/3380/3380
f 1005/3381/3381 1006/3382/3382 1007/3383/3383
f 1005/3381/3381 1007/3383/3383 1008/3384/3384
f 1001/3385/3385 1005/3386/3386 1008/3387/3387
f 1001/3385/3385 1008/3387/3387 1002/3388/3388
f 1004/3389/3389 1003/3390/3390 1007/3391/3391
f 1004/3389/3389 1007/3391/3391 1006/3392/3392
f 1001/3393/3393 1004/3394/3394 1006/3395/3395
f 1001/3393/3393 1006/3395/3395 1005/3396/3396
f 1002/3397/3397 1008/3398/3398 1007/3399/3399
f 1002/3397/3397 1007/3399/3399 1003/3400/3400
f 991/3401/3401 1002/3402/3402 1009/3403/3403
f 991/3401/3401 1009/3403/3403 1010/3404/3404
f 995/3405/3405 1011/3406/3406 1012/3407/3407
f 995/3405/3405 1012/3407/3407 1008/3408/3408
f 991/3409/3409 995/3410/3410 1008/3411/3411
f 991/3409/3409 1008/3411/3411 1002/3412/3412
f 1010/3413/3413 1009/3414/3414 1012/3415/3415
f 1010/3413/3413 1012/3415/3415 1011/3416/3416
f 991/3417/3417 1010/3418/3418 1011/3419/3419
f 991/3417/3417 1011/3419/3419 995/3420/3420
f 1002/3421/3421 1008/3422/3422 1012/3423/3423
f 1002/3421/3421 1012/3423/3423 1009/3424/3424
f 1013/3425/3425 1014/3426/3426 1015/3427/3427
f 1013/3425/3425 1015/3427/3427 1016/3428/3428
f 1017/3429/3429 1018/3430/3430 1019/3431/3431
f 1017/3429/3429 1019/3431/3431 1020/3432/3432
f 1013/3433/3433 1017/3434/3434 1020/3435/3435
f 1013/3433/3433 1020/3435/3435 1014/3436/3436
f 1016/3437/3437 1015/3438/3438 1019/3439/3439
f 1016/3437/3437 1019/3439/3439 1018/3440/3440
f 1013/3441/3441 1016/3442/3442 1018/3443/3443
f 1013/3441/3441 1018/3443/3443 1017/3444/3444
f 1014/3445/3445 1020/3446/3446 1019/3447/3447
f 1014/3445/3445 1019/3447/3447 1015/3448/3448
f 1003/3449/3449 1014/3450/3450 1021/3451/3451
f 1003/3449/3449 1021/3451/3451 1022/3452/3452
f 1007/3453/3453 1023/3454/3454 1024/3455/3455
f 1007/3453/3453 1024/3455/3455 1020/3456/3456
f 1003/3457/3457 1007/3458/3458 1020/3459/3459
f 1003/3457/3457 1020/3459/3459 1014/3460/3460
f 1022/3461/3461 1021/3462/3462 1024/3463/3463
f 1022/3461/3461 1024/3463/3463 1023/3464/3464
f 1003/3465/3465 1022/3466/3466 1023/3467/3467
f 1003/3465/3465 1023/3467/3467 1007/3468/3468
f 1014/3469/3469 1020/3470/3470 1024/3471/3471
f 1014/3469/3469 1024/3471/3471 1021/3472/3472
f 1025/3473/3473 1026/3474/3474 1027/3475/3475
f 1025/3473/3473 1027/3475/3475 1028/3476/3476
f 1029/3477/3477 1030/3478/3478 1031/3479/3479
f 1029/3477/3477 1031/3479/3479 1032/3480/3480
f 1025/3481/3481 1029/3482/3482 1032/3483/3483
f 1025/3481/3481 1032/3483/3483 1026/3484/3484
f 1028/3485/3485 1027/3486/3486 1031/3487/3487
f 1028/3485/3485 1031/3487/3487 1030/3488/3488
f 1025/3489/3489 1028/3490/3490 1030/3491/3491
f 1025/3489/3489 1030/3491/3491 1029/3492/3492
f 1026/3493/3493 1032/3494/3494 1031/3495/3495
f 1026/3493/3493 1031/3495/3495 1027/3496/3496
f 1015/3497/3497 1026/3498/3498 1033/3499/3499
f 1015/3497/3497 1033/3499/3499 1034/3500/3500
f 1019/3501/3501 1035/3502/3502 1036/3503/3503
f 1019/3501/3501 1036/3503/3503 1032/3504/3504
f 1015/3505/3505 1019/3506/3506 1032/3507/3507
f 1015/3505/3505 1032/3507/3507 1026/3508/3508
f 1034/3509/3509 1033/3510/3510 1036/3511/3511
f 1034/3509/3509 1036/3511/3511 1035/3512/3512
f 1015/3513/3513 1034/3514/3514 1035/3515/3515
f 1015/3513/3513 1035/3515/3515 1019/3516/3516
f 1026/3517/3517 1032/3518/3518 1036/3519/3519
f 1026/3517/3517 1036/3519/3519 1033/3520/3520
f 1037/3521/3521 1038/3522/3522 1039/3523/3523
f 1037/3521/3521 1039/3523/3523 1040/3524/3524
f 1041/3525/3525 1042/3526/3526 1043/3527/3527
f 1041/3525/3525 1043/3527/3527 1044/3528/3528
f 1037/3529/3529 1041/3530/3530 1044/3531/3531
f 1037/3529/3529 1044/3531/3531 1038/3532/3532
f 1040/3533/3533 1039/3534/3534 1043/3535/3535
f 1040/3533/3533 1043/3535/3535 1042/3536/3536
f 1037/3537/3537 1040/3538/3538 1042/3539/3539
f 1037/3537/3537 1042/3539/3539 1041/3540/3540
f 1038/3541/3541 1044/3542/3542 1043/3543/3543
f 1038/3541/3541 1043/3543/3543 1039/3544/3544
f 1027/3545/3545 1038/3546/3546 1045/3547/3547
f 1027/3545/3545 1045/3547/3547 1046/3548/3548
f 1031/3549/3549 1047/3550/3550 1048/3551/3551
f 1031/3549/3549 1048/3551/3551 1044/3552/3552
f 1027/3553/3553 1031/3554/3554 1044/3555/3555
f 1027/3553/3553 1044/3555/3555 1038/3556/3556
f 1046/3557/3557 1045/3558/3558 1048/3559/3559
f 1046/3557/3557 1048/3559/3559 1047/3560/3560
f 1027/3561/3561 1046/3562/3562 1047/3563/3563
f 1027/3561/3561 1047/3563/3563 1031/3564/3564
f 1038/3565/3565 1044/3566/3566 1048/3567/3567
f 1038/3565/3565 1048/3567/3567 1045/3568/3568
f 1049/3569/3569 1050/3570/3570 1051/3571/3571
f 1049/3569/3569 1051/3571/3571 1052/3572/3572
f 1053/3573/3573 1054/3574/3574 1055/3575/3575
f 1053/3573/3573 1055/3575/3575 1056/3576/3576
f 1049/3577/3577 1053/3578/3578 1056/3579/3579
f 1049/3577/3577 1056/3579/3579 1050/3580/3580
f 1052/3581/3581 1051/3582/3582 1055/3583/3583
f 1052/3581/3581 1055/3583/3583 1054/3584/3584
f 1049/3585/3585 1052/3586/3586 1054/3587/3587
f 1049/3585/3585 1054/3587/3587 1053/3588/3588
f 1050/3589/3589 1056/3590/3590 1055/3591/3591
f 1050/3589/3589 1055/3591/3591 1051/3592/3592
f 1039/3593/3593 1050/3594/3594 1057/3595/3595
f 1039/3593/3593 1057/3595/3595 1058/3596/3596
f 1043/3597/3597 1059/3598/3598 1060/3599/3599
f 1043/3597/3597 1060/3599/3599 1056/3600/3600
f 1039/3601/3601 1043/3602/3602 1056/3603/3603
f 1039/3601/3601 1056/3603/3603 1050/3604/3604
f 1058/3605/3605 1057/3606/3606 1060/3607/3607
f 1058/3605/3605 1060/3607/3607 1059/3608/3608
f 1039/3609/3609 1058/3610/3610 1059/3611/3611
f 1039/3609/3609 1059/3611/3611 1043/3612/3612
f 1050/3613/3613 1056/3614/3614 1060/3615/3615
f 1050/3613/3613 1060/3615/3615 1057/3616/3616
f 1061/3617/3617 1062/3618/3618 1063/3619/3619
f 1061/3617/3617 1063/3619/3619 1064/3620/3620
f 1065/3621/3621 1066/3622/3622 1067/3623/3623
f 1065/3621/3621 1067/3623/3623 1068/3624/3624
f 1061/3625/3625 1065/3626/3626 1068/3627/3627
f 1061/3625/3625 1068/3627/3627 1062/3628/3628
f 1064/3629/3629 1063/3630/3630 1067/3631/3631
f 1064/3629/3629 1067/3631/3631 1066/3632/3632
f 1061/3633/3633 1064/3634/3634 1066/3635/3635
f 1061/3633/3633 1066/3635/3635 1065/3636/3636
f 1062/3637/3637 1068/3638/3638 1067/3639/3639
f 1062/3637/3637 1067/3639/3639 1063/3640/3640
f 1051/3641/3641 1062/3642/3642 1069/3643/3643
f 1051/3641/3641 1069/3643/3643 1070/3644/3644
f 1055/3645/3645 1071/3646/3646 1072/3647/3647
f 1055/3645/3645 1072/3647/3647 1068/3648/3648
f 1051/3649/3649 1055/3650/3650 1068/3651/3651
f 1051/3649/3649 1068/3651/3651 1062/3652/3652
f 1070/3653/3653 1069/3654/3654 1072/3655/3655
f 1070/3653/3653 1072/3655/3655 1071/3656/3656
f 1051/3657/3657 1070/3658/3658 1071/3659/3659
f 1051/3657/3657 1071/3659/3659 1055/3660/3660
f 1062/3661/3661 1068/3662/3662 1072/3663/3663
f 1062/3661/3661 1072/3663/3663 1069/3664/3664
f 1073/3665/3665 1074/3666/3666 1075/3667/3667
f 1073/3665/3665 1075/3667/3667 1076/3668/3668
f 1077/3669/3669 1078/3670/3670 1079/3671/3671
f 1077/3669/3669 1079/3671/3671 1080/3672/3672
f 1073/3673/3673 1077/3674/3674 1080/3675/3675
f 1073/3673/3673 1080/3675/3675 1074/3676/3676
f 1076/3677/3677 1075/3678/3678 1079/3679/3679
f 1076/3677/3677 1079/3679/3679 1078/3680/3680
f 1073/3681/3681 1076/3682/3682 1078/3683/3683
f 1073/3681/3681 1078/3683/3683 1077/3684/3684
f 1074/3685/3685 1080/3686/3686 1079/3687/3687
f 1074/3685/3685 1079/3687/3687 1075/3688/3688
f 1063/3689/3689 1074/3690/3690 1081/3691/3691
f 1063/3689/3689 1081/3691/3691 1082/3692/3692
f 1067/3693/3693 1083/3694/3694 1084/3695/3695
f 1067/3693/3693 1084/3695/3695 1080/3696/3696
f 1063/3697/3697 1067/3698/3698 1080/3699/3699
f 1063/3697/3697 1080/3699/3699 1074/3700/3700
f 1082/3701/3701 1081/3702/3702 1084/3703/3703
f 1082/3701/3701 1084/3703/3703 1083/3704/3704
f 1063/3705/3705 1082/3706/3706 1083/3707/3707
f 1063/3705/3705 1083/3707/3707 1067/3708/3708
f 1074/3709/3709 1080/3710/3710 1084/3711/3711
f 1074/3709/3709 1084/3711/3711 1081/3712/3712
f 1085/3713/3713 1086/3714/3714 1087/3715/3715
f 1085/3713/3713 1087/3715/3715 1088/3716/3716
f 1089/3717/3717 1090/3718/3718 1091/3719/3719
f 1089/3717/3717 1091/3719/3719 1092/3720/3720
f 1085/3721/3721 1089/3722/3722 1092/3723/3723
f 1085/3721/3721 1092/3723/3723 1086/3724/3724
f 1088/3725/3725 1087/3726/3726 1091/3727/3727
f 1088/3725/3725 1091/3727/3727 1090/3728/3728
f 1085/3729/3729 1088/3730/3730 1090/3731/3731
f 1085/3729/3729 1090/3731/3731 1089/3732/3732
f 1086/3733/3733 1092/3734/3734 1091/3735/3735
f 1086/3733/3733 1091/3735/3735 1087/3736/3736
f 1075/3737/3737 1086/3738/3738 1093/3739/3739
f 1075/3737/3737 1093/3739/3739 1094/3740/3740
f 1079/3741/3741 1095/3742/3742 1096/3743/3743
f 1079/3741/3741 1096/3743/3743 1092/3744/3744
f 1075/3745/3745 1079/3746/3746 1092/3747/3747
f 1075/3745/3745 1092/3747/3747 1086/3748/3748
f 1094/3749/3749 1093/3750/3750 1096/3751/3751
f 1094/3749/3749 1096/3751/3751 1095/3752/3752
f 1075/3753/3753 1094/3754/3754 1095/3755/3755
f 1075/3753/3753 1095/3755/3755 1079/3756/3756
f 1086/3757/3757 1092/3758/3758 1096/3759/3759
f 1086/3757/3757 1096/3759/3759 1093/3760/3760
f 1097/3761/3761 1098/3762/3762 1099/3763/3763
f 1097/3761/3761 1099/3763/3763 1100/3764/3764
f 1101/3765/3765 1102/3766/3766 1103/3767/3767
f 1101/3765/3765 1103/3767/3767 1104/3768/3768
f 1097/3769/3769 1101/3770/3770 1104/3771/3771
f 1097/3769/3769 1104/3771/3771 1098/3772/3772
f 1100/3773/3773 1099/3774/3774 1103/3775/3775
f 1100/3773/3773 1103/3775/3775 1102/3776/3776
f 1097/3777/3777 1100/3778/3778 1102/3779/3779
f 1097/3777/3777 1102/3779/3779 1101/3780/3780
f 1098/3781/3781 1104/3782/3782 1103/3783/3783
f 1098/3781/3781 1103/3783/3783 1099/3784/3784
f 1087/3785/3785 1098/3786/3786 1105/3787/3787
f 1087/3785/3785 1105/3787/3787 1106/3788/3788
f 1091/3789/3789 1107/3790/3790 1108/3791/3791
f 1091/3789/3789 1108/3791/3791 1104/3792/3792
f 1087/3793/3793 1091/3794/3794 1104/3795/3795
f 1087/3793/3793 1104/3795/3795 1098/3796/3796
f 1106/3797/3797 1105/3798/3798 1108/3799/3799
f 1106/3797/3797 1108/3799/3799 1107/3800/3800
f 1087/3801/3801 1106/3802/3802 1107/3803/3803
f 1087/3801/3801 1107/3803/3803 1091/3804/3804
f 1098/3805/3805 1104/3806/3806 1108/3807/3807
f 1098/3805/3805 1108/3807/3807 1105/3808/3808
f 1109/3809/3809 1110/3810/3810 1111/3811/3811
f 1109/3809/3809 1111/3811/3811 1112/3812/3812
f 1113/3813/3813 1114/3814/3814 1115/3815/3815
f 1113/3813/3813 1115/3815/3815 1116/3816/3816
f 1109/3817/3817 1113/3818/3818 1116/3819/3819
f 1109/3817/3817 1116/3819/3819 1110/3820/3820
f 1112/3821/3821 1111/3822/3822 1115/3823/3823
f 1112/3821/3821 1115/3823/3823 1114/3824/3824
f 1109/3825/3825 1112/3826/3826 1114/3827/3827
f 1109/3825/3825 1114/3827/3827 1113/3828/3828
f 1110/3829/3829 1116/3830/3830 1115/3831/3831
f 1110/3829/3829 1115/3831/3831 1111/3832/3832
f 1099/3833/3833 1110/3834/3834 1117/3835/3835
f 1099/3833/3833 1117/3835/3835 1118/3836/3836
f 1103/3837/3837 1119/3838/3838 1120/3839/3839
f 1103/3837/3837 1120/3839/3839 1116/3840/3840
f 1099/3841/3841 1103/3842/3842 1116/3843/3843
f 1099/3841/3841 1116/3843/3843 1110/3844/3844
f 1118/3845/3845 1117/3846/3846 1120/3847/3847
f 1118/3845/3845 1120/3847/3847 1119/3848/3848
f 1099/3849/3849 1118/3850/3850 1119/3851/3851
f 1099/3849/3849 1119/3851/3851 1103/3852/3852
f 1110/3853/3853 1116/3854/3854 1120/3855/3855
f 1110/3853/3853 1120/3855/3855 1117/3856/3856
f 1121/3857/3857 1122/3858/3858 954/3859/3859
f 1121/3857/3857 954/3859/3859 1123/3860/3860
f 1124/3861/3861 1125/3862/3862 961/3863/3863
f 1124/3861/3861 961/3863/3863 1126/3864/3864
f 1121/3865/3865 1124/3866/3866 1126/3867/3867
f 1121/3865/3865 1126/3867/3867 1122/3868/3868
f 1123/3869/3869 954/3870/3870 961/3871/3871
f 1123/3869/3869 961/3871/3871 1125/3872/3872
f 1121/3873/3873 1123/3874/3874 1125/3875/3875
f 1121/3873/3873 1125/3875/3875 1124/3876/3876
f 1122/3877/3877 1126/3878/3878 961/3879/3879
f 1122/3877/3877 961/3879/3879 954/3880/3880
f 1111/3881/3881 1122/3882/3882 1127/3883/3883
f 1111/3881/3881 1127/3883/3883 1128/3884/3884
f 1115/3885/3885 1129/3886/3886 1130/3887/3887
f 1115/3885/3885 1130/3887/3887 1126/3888/3888
f 1111/3889/3889 1115/3890/3890 1126/3891/3891
f 1111/3889/3889 1126/3891/3891 1122/3892/3892
f 1128/3893/3893 1127/3894/3894 1130/3895/3895
f 1128/3893/3893 1130/3895/3895 1129/3896/3896
f 1111/3897/3897 1128/3898/3898 1129/3899/3899
f 1111/3897/3897 1129/3899/3899 1115/3900/3900
f 1122/3901/3901 1126/3902/3902 1130/3903/3903
f 1122/3901/3901 1130/3903/3903 1127/3904/3904
f 814/3905/3905 1131/3906/3906 1132/3907/3907
f 814/3905/3905 1132/3907/3907 1133/3908/3908
f 1134/3909/3909 1135/3910/3910 1136/3911/3911
f 1134/3909/3909 1136/3911/3911 1137/3912/3912
f 814/3913/3913 1134/3914/3914 1137/3915/3915
f 814/3913/3913 1137/3915/3915 1131/3916/3916
f 1133/3917/3917 1132/3918/3918 1136/3919/3919
f 1133/3917/3917 1136/3919/3919 1135/3920/3920
f 1138/3921/3921 1139/3922/3922 1140/3923/3923
f 1138/3921/3921 1140/3923/3923 945/3924/3924
f 1141/3925/3925 1142/3926/3926 1143/3927/3927
f 1141/3925/3925 1143/3927/3927 1144/3928/3928
f 1138/3929/3929 1141/3930/3930 1144/3931/3931
f 1138/3929/3929 1144/3931/3931 1139/3932/3932
f 945/3933/3933 1140/3934/3934 1143/3935/3935
f 945/3933/3933 1143/3935/3935 1142/3936/3936
f 814/3937/3937 1131/3938/3938 1145/3939/3939
f 814/3937/3937 1145/3939/3939 1146/3940/3940
f 1147/3941/3941 1148/3942/3942 1149/3943/3943
f 1147/3941/3941 1149/3943/3943 1150/3944/3944
f 814/3945/3945 1147/3946/3946 1150/3947/3947
f 814/3945/3945 1150/3947/3947 1131/3948/3948
f 1146/3949/3949 1145/3950/3950 1151/3951/3951
f 1146/3949/3949 1151/3951/3951 1152/3952/3952
f 1148/3953/3953 1153/3954/3954 1154/3955/3955
f 1148/3953/3953 1154/3955/3955 1149/3956/3956
f 1152/3957/3957 1151/3958/3958 1154/3959/3959
f 1152/3957/3957 1154/3959/3959 1153/3960/3960
f 1131/3961/3961 1155/3962/3962 1156/3963/3963
f 1131/3961/3961 1156/3963/3963 1157/3964/3964
f 1137/3965/3965 1158/3966/3966 1159/3967/3967
f 1137/3965/3965 1159/3967/3967 1160/3968/3968
f 1131/3969/3969 1137/3970/3970 1160/3971/3971
f 1131/3969/3969 1160/3971/3971 1155/3972/3972
f 1131/3973/3973 1157/3974/3974 1158/3975/3975
f 1131/3973/3973 1158/3975/3975 1137/3976/3976
f 1155/3977/3977 1160/3978/3978 1159/3979/3979
f 1155/3977/3977 1159/3979/3979 1156/3980/3980
f 1157/3981/3981 1156/3982/3982 1161/3983/3983
f 1157/3981/3981 1161/3983/3983 1162/3984/3984
f 1158/3985/3985 1163/3986/3986 1164/3987/3987
f 1158/3985/3985 1164/3987/3987 1159/3988/3988
f 1157/3989/3989 1162/3990/3990 1163/3991/3991
f 1157/3989/3989 1163/3991/3991 1158/3992/3992
f 1156/3993/3993 1159/3994/3994 1164/3995/3995
f 1156/3993/3993 1164/3995/3995 1161/3996/3996
f 1162/3997/3997 1161/3998/3998 1165/3999/3999
f 1162/3997/3997 1165/3999/3999 1151/4000/4000
f 1163/4001/4001 1166/4002/4002 1167/4003/4003
f 1163/4001/4001 1167/4003/4003 1164/4004/4004
f 1151/4005/4005 1165/4006/4006 1167/4007/4007
f 1151/4005/4005 1167/4007/4007 1166/4008/4008
f 1162/4009/4009 1151/4010/4010 1166/4011/4011
f 1162/4009/4009 1166/4011/4011 1163/4012/4012
f 1161/4013/4013 1164/4014/4014 1167/4015/4015
f 1161/4013/4013 1167/4015/4015 1165/4016/4016
f 1168/4017/4017 1169/4018/4018 1170/4019/4019
f 1168/4017/4017 1170/4019/4019 1171/4020/4020
f 1134/4021/4021 1172/4022/4022 1173/4023/4023
f 1134/4021/4021 1173/4023/4023 1174/4024/4024
f 1168/4025/4025 1134/4026/4026 1174/4027/4027
f 1168/4025/4025 1174/4027/4027 1169/4028/4028
f 1171/4029/4029 1170/4030/4030 1173/4031/4031
f 1171/4029/4029 1173/4031/4031 1172/4032/4032
f 1175/4033/4033 1176/4034/4034 1177/4035/4035
f 1175/4033/4033 1177/4035/4035 1178/4036/4036
f 1174/4037/4037 1173/4038/4038 1179/4039/4039
f 1174/4037/4037 1179/4039/4039 1180/4040/4040
f 1175/4041/4041 1174/4042/4042 1180/4043/4043
f 1175/4041/4041 1180/4043/4043 1176/4044/4044
f 1178/4045/4045 1177/4046/4046 1179/4047/4047
f 1178/4045/4045 1179/4047/4047 1173/4048/4048
f 1181/4049/4049 1182/4050/4050 1183/4051/4051
f 1181/4049/4049 1183/4051/4051 1184/4052/4052
f 1180/4053/4053 1179/4054/4054 1185/4055/4055
f 1180/4053/4053 1185/4055/4055 1137/4056/4056
f 1181/4057/4057 1180/4058/4058 1137/4059/4059
f 1181/4057/4057 1137/4059/4059 1182/4060/4060
f 1184/4061/4061 1183/4062/4062 1185/4063/4063
f 1184/4061/4061 1185/4063/4063 1179/4064/4064
f 1186/4065/4065 1187/4066/4066 1188/4067/4067
f 1186/4065/4065 1188/4067/4067 1189/4068/4068
f 1190/4069/4069 1191/4070/4070 1166/4071/4071
f 1190/4069/4069 1166/4071/4071 1192/4072/4072
f 1186/4073/4073 1190/4074/4074 1192/4075/4075
f 1186/4073/4073 1192/4075/4075 1187/4076/4076
f 1189/4077/4077 1188/4078/4078 1166/4079/4079
f 1189/4077/4077 1166/4079/4079 1191/4080/4080
f 1193/4081/4081 1183/4082/4082 1187/4083/4083
f 1193/4081/4081 1187/4083/4083 1194/4084/4084
f 1195/4085/4085 1196/4086/4086 1192/4087/4087
f 1195/4085/4085 1192/4087/4087 1185/4088/4088
f 1193/4089/4089 1195/4090/4090 1185/4091/4091
f 1193/4089/4089 1185/4091/4091 1183/4092/4092
f 1194/4093/4093 1187/4094/4094 1192/4095/4095
f 1194/4093/4093 1192/4095/4095 1196/4096/4096
f 1193/4097/4097 1194/4098/4098 1196/4099/4099
f 1193/4097/4097 1196/4099/4099 1195/4100/4100
f 1197/4101/4101 1136/4102/4102 1198/4103/4103
f 1197/4101/4101 1198/4103/4103 1199/4104/4104
f 1200/4105/4105 1201/4106/4106 1202/4107/4107
f 1200/4105/4105 1202/4107/4107 1203/4108/4108
f 1197/4109/4109 1200/4110/4110 1203/4111/4111
f 1197/4109/4109 1203/4111/4111 1136/4112/4112
f 1197/4113/4113 1199/4114/4114 1201/4115/4115
f 1197/4113/4113 1201/4115/4115 1200/4116/4116
f 1136/4117/4117 1203/4118/4118 1202/4119/4119
f 1136/4117/4117 1202/4119/4119 1198/4120/4120
f 1199/4121/4121 1198/4122/4122 1204/4123/4123
f 1199/4121/4121 1204/4123/4123 1205/4124/4124
f 1201/4125/4125 1206/4126/4126 1207/4127/4127
f 1201/4125/4125 1207/4127/4127 1202/4128/4128
f 1205/4129/4129 1204/4130/4130 1207/4131/4131
f 1205/4129/4129 1207/4131/4131 1206/4132/4132
f 1199/4133/4133 1205/4134/4134 1206/4135/4135
f 1199/4133/4133 1206/4135/4135 1201/4136/4136
f 1198/4137/4137 1202/4138/4138 1207/4139/4139
f 1198/4137/4137 1207/4139/4139 1204/4140/4140
f 1152/4141/4141 1208/4142/4142 1209/4143/4143
f 1152/4141/4141 1209/4143/4143 1210/4144/4144
f 1153/4145/4145 1211/4146/4146 1212/4147/4147
f 1153/4145/4145 1212/4147/4147 1213/4148/4148
f 1152/4149/4149 1153/4150/4150 1213/4151/4151
f 1152/4149/4149 1213/4151/4151 1208/4152/4152
f 1210/4153/4153 1209/4154/4154 1214/4155/4155
f 1210/4153/4153 1214/4155/4155 1215/4156/4156
f 1211/4157/4157 1216/4158/4158 1217/4159/4159
f 1211/4157/4157 1217/4159/4159 1212/4160/4160
f 1215/4161/4161 1214/4162/4162 1217/4163/4163
f 1215/4161/4161 1217/4163/4163 1216/4164/4164
f 1208/4165/4165 1218/4166/4166 1219/4167/4167
f 1208/4165/4165 1219/4167/4167 1220/4168/4168
f 1221/4169/4169 1222/4170/4170 1223/4171/4171
f 1221/4169/4169 1223/4171/4171 1224/4172/4172
f 1208/4173/4173 1221/4174/4174 1224/4175/4175
f 1208/4173/4173 1224/4175/4175 1218/4176/4176
f 1208/4177/4177 1220/4178/4178 1222/4179/4179
f 1208/4177/4177 1222/4179/4179 1221/4180/4180
f 1218/4181/4181 1224/4182/4182 1223/4183/4183
f 1218/4181/4181 1223/4183/4183 1219/4184/4184
f 1220/4185/4185 1219/4186/4186 1225/4187/4187
f 1220/4185/4185 1225/4187/4187 1226/4188/4188
f 1222/4189/4189 1227/4190/4190 1228/4191/4191
f 1222/4189/4189 1228/4191/4191 1223/4192/4192
f 1220/4193/4193 1226/4194/4194 1227/4195/4195
f 1220/4193/4193 1227/4195/4195 1222/4196/4196
f 1219/4197/4197 1223/4198/4198 1228/4199/4199
f 1219/4197/4197 1228/4199/4199 1225/4200/4200
f 1226/4201/4201 1225/4202/4202 1229/4203/4203
f 1226/4201/4201 1229/4203/4203 1214/4204/4204
f 1227/4205/4205 1230/4206/4206 1231/4207/4207
f 1227/4205/4205 1231/4207/4207 1228/4208/4208
f 1214/4209/4209 1229/4210/4210 1231/4211/4211
f 1214/4209/4209 1231/4211/4211 1230/4212/4212
f 1226/4213/4213 1214/4214/4214 1230/4215/4215
f 1226/4213/4213 1230/4215/4215 1227/4216/4216
f 1225/4217/4217 1228/4218/4218 1231/4219/4219
f 1225/4217/4217 1231/4219/4219 1229/4220/4220
f 1208/4221/4221 1165/4222/4222 1232/4223/4223
f 1208/4221/4221 1232/4223/4223 1233/4224/4224
f 1221/4225/4225 1234/4226/4226 1235/4227/4227
f 1221/4225/4225 1235/4227/4227 1167/4228/4228
f 1208/4229/4229 1221/4230/4230 1167/4231/4231
f 1208/4229/4229 1167/4231/4231 1165/4232/4232
f 1233/4233/4233 1232/4234/4234 1235/4235/4235
f 1233/4233/4233 1235/4235/4235 1234/4236/4236
f 1208/4237/4237 1233/4238/4238 1234/4239/4239
f 1208/4237/4237 1234/4239/4239 1221/4240/4240
f 1165/4241/4241 1167/4242/4242 1235/4243/4243
f 1165/4241/4241 1235/4243/4243 1232/4244/4244
f 1189/4245/4245 1236/4246/4246 1237/4247/4247
f 1189/4245/4245 1237/4247/4247 1238/4248/4248
f 1191/4249/4249 1239/4250/4250 1240/4251/4251
f 1191/4249/4249 1240/4251/4251 1241/4252/4252
f 1189/4253/4253 1191/4254/4254 1241/4255/4255
f 1189/4253/4253 1241/4255/4255 1236/4256/4256
f 1238/4257/4257 1237/4258/4258 1240/4259/4259
f 1238/4257/4257 1240/4259/4259 1239/4260/4260
f 1242/4261/4261 1243/4262/4262 1244/4263/4263
f 1242/4261/4261 1244/4263/4263 1245/4264/4264
f 1241/4265/4265 1240/4266/4266 1246/4267/4267
f 1241/4265/4265 1246/4267/4267 1247/4268/4268
f 1242/4269/4269 1241/4270/4270 1247/4271/4271
f 1242/4269/4269 1247/4271/4271 1243/4272/4272
f 1245/4273/4273 1244/4274/4274 1246/4275/4275
f 1245/4273/4273 1246/4275/4275 1240/4276/4276
f 1248/4277/4277 1249/4278/4278 1250/4279/4279
f 1248/4277/4277 1250/4279/4279 1251/4280/4280
f 1247/4281/4281 1246/4282/4282 1252/4283/4283
f 1247/4281/4281 1252/4283/4283 1221/4284/4284
f 1248/4285/4285 1247/4286/4286 1221/4287/4287
f 1248/4285/4285 1221/4287/4287 1249/4288/4288
f 1251/4289/4289 1250/4290/4290 1252/4291/4291
f 1251/4289/4289 1252/4291/4291 1246/4292/4292
f 1253/4293/4293 1254/4294/4294 1255/4295/4295
f 1253/4293/4293 1255/4295/4295 1256/4296/4296
f 1257/4297/4297 1258/4298/4298 1230/4299/4299
f 1257/4297/4297 1230/4299/4299 1259/4300/4300
f 1253/4301/4301 1257/4302/4302 1259/4303/4303
f 1253/4301/4301 1259/4303/4303 1254/4304/4304
f 1256/4305/4305 1255/4306/4306 1230/4307/4307
f 1256/4305/4305 1230/4307/4307 1258/4308/4308
f 1260/4309/4309 1250/4310/4310 1254/4311/4311
f 1260/4309/4309 1254/4311/4311 1261/4312/4312
f 1262/4313/4313 1263/4314/4314 1259/4315/4315
f 1262/4313/4313 1259/4315/4315 1252/4316/4316
f 1260/4317/4317 1262/4318/4318 1252/4319/4319
f 1260/4317/4317 1252/4319/4319 1250/4320/4320
f 1261/4321/4321 1254/4322/4322 1259/4323/4323
f 1261/4321/4321 1259/4323/4323 1263/4324/4324
f 1260/4325/4325 1261/4326/4326 1263/4327/4327
f 1260/4325/4325 1263/4327/4327 1262/4328/4328
f 1264/4329/4329 1265/4330/4330 1266/4331/4331
f 1264/4329/4329 1266/4331/4331 1267/4332/4332
f 1268/4333/4333 1269/4334/4334 1270/4335/4335
f 1268/4333/4333 1270/4335/4335 1271/4336/4336
f 1264/4337/4337 1268/4338/4338 1271/4339/4339
f 1264/4337/4337 1271/4339/4339 1265/4340/4340
f 1264/4341/4341 1267/4342/4342 1269/4343/4343
f 1264/4341/4341 1269/4343/4343 1268/4344/4344
f 1265/4345/4345 1271/4346/4346 1270/4347/4347
f 1265/4345/4345 1270/4347/4347 1266/4348/4348
f 1267/4349/4349 1266/4350/4350 1272/4351/4351
f 1267/4349/4349 1272/4351/4351 1273/4352/4352
f 1269/4353/4353 1274/4354/4354 1275/4355/4355
f 1269/4353/4353 1275/4355/4355 1270/4356/4356
f 1273/4357/4357 1272/4358/4358 1275/4359/4359
f 1273/4357/4357 1275/4359/4359 1274/4360/4360
f 1267/4361/4361 1273/4362/4362 1274/4363/4363
f 1267/4361/4361 1274/4363/4363 1269/4364/4364
f 1266/4365/4365 1270/4366/4366 1275/4367/4367
f 1266/4365/4365 1275/4367/4367 1272/4368/4368
f 1215/4369/4369 1276/4370/4370 1277/4371/4371
f 1215/4369/4369 1277/4371/4371 1278/4372/4372
f 1216/4373/4373 1279/4374/4374 1280/4375/4375
f 1216/4373/4373 1280/4375/4375 1281/4376/4376
f 1215/4377/4377 1216/4378/4378 1281/4379/4379
f 1215/4377/4377 1281/4379/4379 1276/4380/4380
f 1278/4381/4381 1277/4382/4382 1282/4383/4383
f 1278/4381/4381 1282/4383/4383 1283/4384/4384
f 1279/4385/4385 1284/4386/4386 1285/4387/4387
f 1279/4385/4385 1285/4387/4387 1280/4388/4388
f 1283/4389/4389 1282/4390/4390 1285/4391/4391
f 1283/4389/4389 1285/4391/4391 1284/4392/4392
f 1276/4393/4393 1286/4394/4394 1287/4395/4395
f 1276/4393/4393 1287/4395/4395 1288/4396/4396
f 1289/4397/4397 1290/4398/4398 1291/4399/4399
f 1289/4397/4397 1291/4399/4399 1292/4400/4400
f 1276/4401/4401 1289/4402/4402 1292/4403/4403
f 1276/4401/4401 1292/4403/4403 1286/4404/4404
f 1276/4405/4405 1288/4406/4406 1290/4407/4407
f 1276/4405/4405 1290/4407/4407 1289/4408/4408
f 1286/4409/4409 1292/4410/4410 1291/4411/4411
f 1286/4409/4409 1291/4411/4411 1287/4412/4412
f 1288/4413/4413 1287/4414/4414 1293/4415/4415
f 1288/4413/4413 1293/4415/4415 1294/4416/4416
f 1290/4417/4417 1295/4418/4418 1296/4419/4419
f 1290/4417/4417 1296/4419/4419 1291/4420/4420
f 1288/4421/4421 1294/4422/4422 1295/4423/4423
f 1288/4421/4421 1295/4423/4423 1290/4424/4424
f 1287/4425/4425 1291/4426/4426 1296/4427/4427
f 1287/4425/4425 1296/4427/4427 1293/4428/4428
f 1294/4429/4429 1293/4430/4430 1297/4431/4431
f 1294/4429/4429 1297/4431/4431 1282/4432/4432
f 1295/4433/4433 1298/4434/4434 1299/4435/4435
f 1295/4433/4433 1299/4435/4435 1296/4436/4436
f 1282/4437/4437 1297/4438/4438 1299/4439/4439
f 1282/4437/4437 1299/4439/4439 1298/4440/4440
f 1294/4441/4441 1282/4442/4442 1298/4443/4443
f 1294/4441/4441 1298/4443/4443 1295/4444/4444
f 1293/4445/4445 1296/4446/4446 1299/4447/4447
f 1293/4445/4445 1299/4447/4447 1297/4448/4448
f 1214/4449/4449 1286/4450/4450 1300/4451/4451
f 1214/4449/4449 1300/4451/4451 1301/4452/4452
f 1230/4453/4453 1302/4454/4454 1303/4455/4455
f 1230/4453/4453 1303/4455/4455 1292/4456/4456
f 1214/4457/4457 1230/4458/4458 1292/4459/4459
f 1214/4457/4457 1292/4459/4459 1286/4460/4460
f 1301/4461/4461 1300/4462/4462 1303/4463/4463
f 1301/4461/4461 1303/4463/4463 1302/4464/4464
f 1214/4465/4465 1301/4466/4466 1302/4467/4467
f 1214/4465/4465 1302/4467/4467 1230/4468/4468
f 1286/4469/4469 1292/4470/4470 1303/4471/4471
f 1286/4469/4469 1303/4471/4471 1300/4472/4472
f 1256/4473/4473 1304/4474/4474 1305/4475/4475
f 1256/4473/4473 1305/4475/4475 1306/4476/4476
f 1258/4477/4477 1307/4478/4478 1308/4479/4479
f 1258/4477/4477 1308/4479/4479 1309/4480/4480
f 1256/4481/4481 1258/4482/4482 1309/4483/4483
f 1256/4481/4481 1309/4483/4483 1304/4484/4484
f 1306/4485/4485 1305/4486/4486 1308/4487/4487
f 1306/4485/4485 1308/4487/4487 1307/4488/4488
f 1310/4489/4489 1311/4490/4490 1312/4491/4491
f 1310/4489/4489 1312/4491/4491 1313/4492/4492
f 1309/4493/4493 1308/4494/4494 1314/4495/4495
f 1309/4493/4493 1314/4495/4495 1315/4496/4496
f 1310/4497/4497 1309/4498/4498 1315/4499/4499
f 1310/4497/4497 1315/4499/4499 1311/4500/4500
f 1313/4501/4501 1312/4502/4502 1314/4503/4503
f 1313/4501/4501 1314/4503/4503 1308/4504/4504
f 1316/4505/4505 1317/4506/4506 1318/4507/4507
f 1316/4505/4505 1318/4507/4507 1319/4508/4508
f 1315/4509/4509 1314/4510/4510 1320/4511/4511
f 1315/4509/4509 1320/4511/4511 1289/4512/4512
f 1316/4513/4513 1315/4514/4514 1289/4515/4515
f 1316/4513/4513 1289/4515/4515 1317/4516/4516
f 1319/4517/4517 1318/4518/4518 1320/4519/4519
f 1319/4517/4517 1320/4519/4519 1314/4520/4520
f 1321/4521/4521 1322/4522/4522 1323/4523/4523
f 1321/4521/4521 1323/4523/4523 1324/4524/4524
f 1325/4525/4525 1326/4526/4526 1298/4527/4527
f 1325/4525/4525 1298/4527/4527 1327/4528/4528
f 1321/4529/4529 1325/4530/4530 1327/4531/4531
f 1321/4529/4529 1327/4531/4531 1322/4532/4532
f 1324/4533/4533 1323/4534/4534 1298/4535/4535
f 1324/4533/4533 1298/4535/4535 1326/4536/4536
f 1328/4537/4537 1318/4538/4538 1322/4539/4539
f 1328/4537/4537 1322/4539/4539 1329/4540/4540
f 1330/4541/4541 1331/4542/4542 1327/4543/4543
f 1330/4541/4541 1327/4543/4543 1320/4544/4544
f 1328/4545/4545 1330/4546/4546 1320/4547/4547
f 1328/4545/4545 1320/4547/4547 1318/4548/4548
f 1329/4549/4549 1322/4550/4550 1327/4551/4551
f 1329/4549/4549 1327/4551/4551 1331/4552/4552
f 1328/4553/4553 1329/4554/4554 1331/4555/4555
f 1328/4553/4553 1331/4555/4555 1330/4556/4556
f 1332/4557/4557 1333/4558/4558 1334/4559/4559
f 1332/4557/4557 1334/4559/4559 1335/4560/4560
f 1336/4561/4561 1337/4562/4562 1338/4563/4563
f 1336/4561/4561 1338/4563/4563 1339/4564/4564
f 1332/4565/4565 1336/4566/4566 1339/4567/4567
f 1332/4565/4565 1339/4567/4567 1333/4568/4568
f 1332/4569/4569 1335/4570/4570 1337/4571/4571
f 1332/4569/4569 1337/4571/4571 1336/4572/4572
f 1333/4573/4573 1339/4574/4574 1338/4575/4575
f 1333/4573/4573 1338/4575/4575 1334/4576/4576
f 1335/4577/4577 1334/4578/4578 1340/4579/4579
f 1335/4577/4577 1340/4579/4579 1341/4580/4580
f 1337/4581/4581 1342/4582/4582 1343/4583/4583
f 1337/4581/4581 1343/4583/4583 1338/4584/4584
f 1341/4585/4585 1340/4586/4586 1343/4587/4587
f 1341/4585/4585 1343/4587/4587 1342/4588/4588
f 1335/4589/4589 1341/4590/4590 1342/4591/4591
f 1335/4589/4589 1342/4591/4591 1337/4592/4592
f 1334/4593/4593 1338/4594/4594 1343/4595/4595
f 1334/4593/4593 1343/4595/4595 1340/4596/4596
f 1283/4597/4597 1344/4598/4598 1345/4599/4599
f 1283/4597/4597 1345/4599/4599 1346/4600/4600
f 1284/4601/4601 1347/4602/4602 1348/4603/4603
f 1284/4601/4601 1348/4603/4603 1349/4604/4604
f 1283/4605/4605 1284/4606/4606 1349/4607/4607
f 1283/4605/4605 1349/4607/4607 1344/4608/4608
f 1346/4609/4609 1345/4610/4610 1350/4611/4611
f 1346/4609/4609 1350/4611/4611 1351/4612/4612
f 1347/4613/4613 1352/4614/4614 1353/4615/4615
f 1347/4613/4613 1353/4615/4615 1348/4616/4616
f 1351/4617/4617 1350/4618/4618 1353/4619/4619
f 1351/4617/4617 1353/4619/4619 1352/4620/4620
f 1344/4621/4621 1354/4622/4622 1355/4623/4623
f 1344/4621/4621 1355/4623/4623 1356/4624/4624
f 1357/4625/4625 1358/4626/4626 1359/4627/4627
f 1357/4625/4625 1359/4627/4627 1360/4628/4628
f 1344/4629/4629 1357/4630/4630 1360/4631/4631
f 1344/4629/4629 1360/4631/4631 1354/4632/4632
f 1344/4633/4633 1356/4634/4634 1358/4635/4635
f 1344/4633/4633 1358/4635/4635 1357/4636/4636
f 1354/4637/4637 1360/4638/4638 1359/4639/4639
f 1354/4637/4637 1359/4639/4639 1355/4640/4640
f 1356/4641/4641 1355/4642/4642 1361/4643/4643
f 1356/4641/4641 1361/4643/4643 1362/4644/4644
f 1358/4645/4645 1363/4646/4646 1364/4647/4647
f 1358/4645/4645 1364/4647/4647 1359/4648/4648
f 1356/4649/4649 1362/4650/4650 1363/4651/4651
f 1356/4649/4649 1363/4651/4651 1358/4652/4652
f 1355/4653/4653 1359/4654/4654 1364/4655/4655
f 1355/4653/4653 1364/4655/4655 1361/4656/4656
f 1362/4657/4657 1361/4658/4658 1365/4659/4659
f 1362/4657/4657 1365/4659/4659 1350/4660/4660
f 1363/4661/4661 1366/4662/4662 1367/4663/4663
f 1363/4661/4661 1367/4663/4663 1364/4664/4664
f 1350/4665/4665 1365/4666/4666 1367/4667/4667
f 1350/4665/4665 1367/4667/4667 1366/4668/4668
f 1362/4669/4669 1350/4670/4670 1366/4671/4671
f 1362/4669/4669 1366/4671/4671 1363/4672/4672
f 1361/4673/4673 1364/4674/4674 1367/4675/4675
f 1361/4673/4673 1367/4675/4675 1365/4676/4676
f 1344/4677/4677 1297/4678/4678 1368/4679/4679
f 1344/4677/4677 1368/4679/4679 1369/4680/4680
f 1357/4681/4681 1370/4682/4682 1371/4683/4683
f 1357/4681/4681 1371/4683/4683 1299/4684/4684
f 1344/4685/4685 1357/4686/4686 1299/4687/4687
f 1344/4685/4685 1299/4687/4687 1297/4688/4688
f 1369/4689/4689 1368/4690/4690 1371/4691/4691
f 1369/4689/4689 1371/4691/4691 1370/4692/4692
f 1344/4693/4693 1369/4694/4694 1370/4695/4695
f 1344/4693/4693 1370/4695/4695 1357/4696/4696
f 1297/4697/4697 1299/4698/4698 1371/4699/4699
f 1297/4697/4697 1371/4699/4699 1368/4700/4700
f 1324/4701/4701 1372/4702/4702 1373/4703/4703
f 1324/4701/4701 1373/4703/4703 1374/4704/4704
f 1326/4705/4705 1375/4706/4706 1376/4707/4707
f 1326/4705/4705 1376/4707/4707 1377/4708/4708
f 1324/4709/4709 1326/4710/4710 1377/4711/4711
f 1324/4709/4709 1377/4711/4711 1372/4712/4712
f 1374/4713/4713 1373/4714/4714 1376/4715/4715
f 1374/4713/4713 1376/4715/4715 1375/4716/4716
f 1378/4717/4717 1379/4718/4718 1380/4719/4719
f 1378/4717/4717 1380/4719/4719 1381/4720/4720
f 1377/4721/4721 1376/4722/4722 1382/4723/4723
f 1377/4721/4721 1382/4723/4723 1383/4724/4724
f 1378/4725/4725 1377/4726/4726 1383/4727/4727
f 1378/4725/4725 1383/4727/4727 1379/4728/4728
f 1381/4729/4729 1380/4730/4730 1382/4731/4731
f 1381/4729/4729 1382/4731/4731 1376/4732/4732
f 1384/4733/4733 1385/4734/4734 1386/4735/4735
f 1384/4733/4733 1386/4735/4735 1387/4736/4736
f 1383/4737/4737 1382/4738/4738 1388/4739/4739
f 1383/4737/4737 1388/4739/4739 1357/4740/4740
f 1384/4741/4741 1383/4742/4742 1357/4743/4743
f 1384/4741/4741 1357/4743/4743 1385/4744/4744
f 1387/4745/4745 1386/4746/4746 1388/4747/4747
f 1387/4745/4745 1388/4747/4747 1382/4748/4748
f 1389/4749/4749 1390/4750/4750 1391/4751/4751
f 1389/4749/4749 1391/4751/4751 1392/4752/4752
f 1393/4753/4753 1394/4754/4754 1366/4755/4755
f 1393/4753/4753 1366/4755/4755 1395/4756/4756
f 1389/4757/4757 1393/4758/4758 1395/4759/4759
f 1389/4757/4757 1395/4759/4759 1390/4760/4760
f 1392/4761/4761 1391/4762/4762 1366/4763/4763
f 1392/4761/4761 1366/4763/4763 1394/4764/4764
f 1396/4765/4765 1386/4766/4766 1390/4767/4767
f 1396/4765/4765 1390/4767/4767 1397/4768/4768
f 1398/4769/4769 1399/4770/4770 1395/4771/4771
f 1398/4769/4769 1395/4771/4771 1388/4772/4772
f 1396/4773/4773 1398/4774/4774 1388/4775/4775
f 1396/4773/4773 1388/4775/4775 1386/4776/4776
f 1397/4777/4777 1390/4778/4778 1395/4779/4779
f 1397/4777/4777 1395/4779/4779 1399/4780/4780
f 1396/4781/4781 1397/4782/4782 1399/4783/4783
f 1396/4781/4781 1399/4783/4783 1398/4784/4784
f 1400/4785/4785 1401/4786/4786 1402/4787/4787
f 1400/4785/4785 1402/4787/4787 1403/4788/4788
f 1404/4789/4789 1405/4790/4790 1406/4791/4791
f 1404/4789/4789 1406/4791/4791 1407/4792/4792
f 1400/4793/4793 1404/4794/4794 1407/4795/4795
f 1400/4793/4793 1407/4795/4795 1401/4796/4796
f 1400/4797/4797 1403/4798/4798 1405/4799/4799
f 1400/4797/4797 1405/4799/4799 1404/4800/4800
f 1401/4801/4801 1407/4802/4802 1406/4803/4803
f 1401/4801/4801 1406/4803/4803 1402/4804/4804
f 1403/4805/4805 1402/4806/4806 1408/4807/4807
f 1403/4805/4805 1408/4807/4807 1409/4808/4808
f 1405/4809/4809 1410/4810/4810 1411/4811/4811
f 1405/4809/4809 1411/4811/4811 1406/4812/4812
f 1409/4813/4813 1408/4814/4814 1411/4815/4815
f 1409/4813/4813 1411/4815/4815 1410/4816/4816
f 1403/4817/4817 1409/4818/4818 1410/4819/4819
f 1403/4817/4817 1410/4819/4819 1405/4820/4820
f 1402/4821/4821 1406/4822/4822 1411/4823/4823
f 1402/4821/4821 1411/4823/4823 1408/4824/4824
f 1351/4825/4825 1412/4826/4826 1413/4827/4827
f 1351/4825/4825 1413/4827/4827 1414/4828/4828
f 1352/4829/4829 1415/4830/4830 1416/4831/4831
f 1352/4829/4829 1416/4831/4831 1417/4832/4832
f 1351/4833/4833 1352/4834/4834 1417/4835/4835
f 1351/4833/4833 1417/4835/4835 1412/4836/4836
f 1414/4837/4837 1413/4838/4838 1418/4839/4839
f 1414/4837/4837 1418/4839/4839 1419/4840/4840
f 1415/4841/4841 1420/4842/4842 1421/4843/4843
f 1415/4841/4841 1421/4843/4843 1416/4844/4844
f 1419/4845/4845 1418/4846/4846 1421/4847/4847
f 1419/4845/4845 1421/4847/4847 1420/4848/4848
f 1412/4849/4849 1422/4850/4850 1423/4851/4851
f 1412/4849/4849 1423/4851/4851 1424/4852/4852
f 1425/4853/4853 1426/4854/4854 1427/4855/4855
f 1425/4853/4853 1427/4855/4855 1428/4856/4856
f 1412/4857/4857 1425/4858/4858 1428/4859/4859
f 1412/4857/4857 1428/4859/4859 1422/4860/4860
f 1412/4861/4861 1424/4862/4862 1426/4863/4863
f 1412/4861/4861 1426/4863/4863 1425/4864/4864
f 1422/4865/4865 1428/4866/4866 1427/4867/4867
f 1422/4865/4865 1427/4867/4867 1423/4868/4868
f 1424/4869/4869 1423/4870/4870 1429/4871/4871
f 1424/4869/4869 1429/4871/4871 1430/4872/4872
f 1426/4873/4873 1431/4874/4874 1432/4875/4875
f 1426/4873/4873 1432/4875/4875 1427/4876/4876
f 1424/4877/4877 1430/4878/4878 1431/4879/4879
f 1424/4877/4877 1431/4879/4879 1426/4880/4880
f 1423/4881/4881 1427/4882/4882 1432/4883/4883
f 1423/4881/4881 1432/4883/4883 1429/4884/4884
f 1430/4885/4885 1429/4886/4886 1433/4887/4887
f 1430/4885/4885 1433/4887/4887 1418/4888/4888
f 1431/4889/4889 1434/4890/4890 1435/4891/4891
f 1431/4889/4889 1435/4891/4891 1432/4892/4892
f 1418/4893/4893 1433/4894/4894 1435/4895/4895
f 1418/4893/4893 1435/4895/4895 1434/4896/4896
f 1430/4897/4897 1418/4898/4898 1434/4899/4899
f 1430/4897/4897 1434/4899/4899 1431/4900/4900
f 1429/4901/4901 1432/4902/4902 1435/4903/4903
f 1429/4901/4901 1435/4903/4903 1433/4904/4904
f 1350/4905/4905 1422/4906/4906 1436/4907/4907
f 1350/4905/4905 1436/4907/4907 1437/4908/4908
f 1366/4909/4909 1438/4910/4910 1439/4911/4911
f 1366/4909/4909 1439/4911/4911 1428/4912/4912
f 1350/4913/4913 1366/4914/4914 1428/4915/4915
f 1350/4913/4913 1428/4915/4915 1422/4916/4916
f 1437/4917/4917 1436/4918/4918 1439/4919/4919
f 1437/4917/4917 1439/4919/4919 1438/4920/4920
f 1350/4921/4921 1437/4922/4922 1438/4923/4923
f 1350/4921/4921 1438/4923/4923 1366/4924/4924
f 1422/4925/4925 1428/4926/4926 1439/4927/4927
f 1422/4925/4925 1439/4927/4927 1436/4928/4928
f 1392/4929/4929 1440/4930/4930 1441/4931/4931
f 1392/4929/4929 1441/4931/4931 1442/4932/4932
f 1394/4933/4933 1443/4934/4934 1444/4935/4935
f 1394/4933/4933 1444/4935/4935 1445/4936/4936
f 1392/4937/4937 1394/4938/4938 1445/4939/4939
f 1392/4937/4937 1445/4939/4939 1440/4940/4940
f 1442/4941/4941 1441/4942/4942 1444/4943/4943
f 1442/4941/4941 1444/4943/4943 1443/4944/4944
f 1446/4945/4945 1447/4946/4946 1448/4947/4947
f 1446/4945/4945 1448/4947/4947 1449/4948/4948
f 1445/4949/4949 1444/4950/4950 1450/4951/4951
f 1445/4949/4949 1450/4951/4951 1451/4952/4952
f 1446/4953/4953 1445/4954/4954 1451/4955/4955
f 1446/4953/4953 1451/4955/4955 1447/4956/4956
f 1449/4957/4957 1448/4958/4958 1450/4959/4959
f 1449/4957/4957 1450/4959/4959 1444/4960/4960
f 1452/4961/4961 1453/4962/4962 1454/4963/4963
f 1452/4961/4961 1454/4963/4963 1455/4964/4964
f 1451/4965/4965 1450/4966/4966 1456/4967/4967
f 1451/4965/4965 1456/4967/4967 1425/4968/4968
f 1452/4969/4969 1451/4970/4970 1425/4971/4971
f 1452/4969/4969 1425/4971/4971 1453/4972/4972
f 1455/4973/4973 1454/4974/4974 1456/4975/4975
f 1455/4973/4973 1456/4975/4975 1450/4976/4976
f 1457/4977/4977 1458/4978/4978 1459/4979/4979
f 1457/4977/4977 1459/4979/4979 1460/4980/4980
f 1461/4981/4981 1462/4982/4982 1434/4983/4983
f 1461/4981/4981 1434/4983/4983 1463/4984/4984
f 1457/4985/4985 1461/4986/4986 1463/4987/4987
f 1457/4985/4985 1463/4987/4987 1458/4988/4988
f 1460/4989/4989 1459/4990/4990 1434/4991/4991
f 1460/4989/4989 1434/4991/4991 1462/4992/4992
f 1464/4993/4993 1454/4994/4994 1458/4995/4995
f 1464/4993/4993 1458/4995/4995 1465/4996/4996
f 1466/4997/4997 1467/4998/4998 1463/4999/4999
f 1466/4997/4997 1463/4999/4999 1456/5000/5000
f 1464/5001/5001 1466/5002/5002 1456/5003/5003
f 1464/5001/5001 1456/5003/5003 1454/5004/5004
f 1465/5005/5005 1458/5006/5006 1463/5007/5007
f 1465/5005/5005 1463/5007/5007 1467/5008/5008
f 1464/5009/5009 1465/5010/5010 1467/5011/5011
f 1464/5009/5009 1467/5011/5011 1466/5012/5012
f 1468/5013/5013 1469/5014/5014 1470/5015/5015
f 1468/5013/5013 1470/5015/5015 1471/5016/5016
f 1472/5017/5017 1473/5018/5018 1474/5019/5019
f 1472/5017/5017 1474/5019/5019 1475/5020/5020
f 1468/5021/5021 1472/5022/5022 1475/5023/5023
f 1468/5021/5021 1475/5023/5023 1469/5024/5024
f 1468/5025/5025 1471/5026/5026 1473/5027/5027
f 1468/5025/5025 1473/5027/5027 1472/5028/5028
f 1469/5029/5029 1475/5030/5030 1474/5031/5031
f 1469/5029/5029 1474/5031/5031 1470/5032/5032
f 1471/5033/5033 1470/5034/5034 1476/5035/5035
f 1471/5033/5033 1476/5035/5035 1477/5036/5036
f 1473/5037/5037 1478/5038/5038 1479/5039/5039
f 1473/5037/5037 1479/5039/5039 1474/5040/5040
f 1477/5041/5041 1476/5042/5042 1479/5043/5043
f 1477/5041/5041 1479/5043/5043 1478/5044/5044
f 1471/5045/5045 1477/5046/5046 1478/5047/5047
f 1471/5045/5045 1478/5047/5047 1473/5048/5048
f 1470/5049/5049 1474/5050/5050 1479/5051/5051
f 1470/5049/5049 1479/5051/5051 1476/5052/5052
f 1419/5053/5053 1480/5054/5054 1481/5055/5055
f 1419/5053/5053 1481/5055/5055 1482/5056/5056
f 1420/5057/5057 1483/5058/5058 1484/5059/5059
f 1420/5057/5057 1484/5059/5059 1485/5060/5060
f 1419/5061/5061 1420/5062/5062 1485/5063/5063
f 1419/5061/5061 1485/5063/5063 1480/5064/5064
f 1482/5065/5065 1481/5066/5066 1486/5067/5067
f 1482/5065/5065 1486/5067/5067 1487/5068/5068
f 1483/5069/5069 1488/5070/5070 1489/5071/5071
f 1483/5069/5069 1489/5071/5071 1484/5072/5072
f 1487/5073/5073 1486/5074/5074 1489/5075/5075
f 1487/5073/5073 1489/5075/5075 1488/5076/5076
f 1480/5077/5077 1490/5078/5078 1491/5079/5079
f 1480/5077/5077 1491/5079/5079 1492/5080/5080
f 1493/5081/5081 1494/5082/5082 1495/5083/5083
f 1493/5081/5081 1495/5083/5083 1496/5084/5084
f 1480/5085/5085 1493/5086/5086 1496/5087/5087
f 1480/5085/5085 1496/5087/5087 1490/5088/5088
f 1480/5089/5089 1492/5090/5090 1494/5091/5091
f 1480/5089/5089 1494/5091/5091 1493/5092/5092
f 1490/5093/5093 1496/5094/5094 1495/5095/5095
f 1490/5093/5093 1495/5095/5095 1491/5096/5096
f 1492/5097/5097 1491/5098/5098 1497/5099/5099
f 1492/5097/5097 1497/5099/5099 1498/5100/5100
f 1494/5101/5101 1499/5102/5102 1500/5103/5103
f 1494/5101/5101 1500/5103/5103 1495/5104/5104
f 1492/5105/5105 1498/5106/5106 1499/5107/5107
f 1492/5105/5105 1499/5107/5107 1494/5108/5108
f 1491/5109/5109 1495/5110/5110 1500/5111/5111
f 1491/5109/5109 1500/5111/5111 1497/5112/5112
f 1498/5113/5113 1497/5114/5114 1501/5115/5115
f 1498/5113/5113 1501/5115/5115 1486/5116/5116
f 1499/5117/5117 1502/5118/5118 1503/5119/5119
f 1499/5117/5117 1503/5119/5119 1500/5120/5120
f 1486/5121/5121 1501/5122/5122 1503/5123/5123
f 1486/5121/5121 1503/5123/5123 1502/5124/5124
f 1498/5125/5125 1486/5126/5126 1502/5127/5127
f 1498/5125/5125 1502/5127/5127 1499/5128/5128
f 1497/5129/5129 1500/5130/5130 1503/5131/5131
f 1497/5129/5129 1503/5131/5131 1501/5132/5132
f 1480/5133/5133 1433/5134/5134 1504/5135/5135
f 1480/5133/5133 1504/5135/5135 1505/5136/5136
f 1493/5137/5137 1506/5138/5138 1507/5139/5139
f 1493/5137/5137 1507/5139/5139 1435/5140/5140
f 1480/5141/5141 1493/5142/5142 1435/5143/5143
f 1480/5141/5141 1435/5143/5143 1433/5144/5144
f 1505/5145/5145 1504/5146/5146 1507/5147/5147
f 1505/5145/5145 1507/5147/5147 1506/5148/5148
f 1480/5149/5149 1505/5150/5150 1506/5151/5151
f 1480/5149/5149 1506/5151/5151 1493/5152/5152
f 1433/5153/5153 1435/5154/5154 1507/5155/5155
f 1433/5153/5153 1507/5155/5155 1504/5156/5156
f 1460/5157/5157 1508/5158/5158 1509/5159/5159
f 1460/5157/5157 1509/5159/5159 1510/5160/5160
f 1462/5161/5161 1511/5162/5162 1512/5163/5163
f 1462/5161/5161 1512/5163/5163 1513/5164/5164
f 1460/5165/5165 1462/5166/5166 1513/5167/5167
f 1460/5165/5165 1513/5167/5167 1508/5168/5168
f 1510/5169/5169 1509/5170/5170 1512/5171/5171
f 1510/5169/5169 1512/5171/5171 1511/5172/5172
f 1514/5173/5173 1515/5174/5174 1516/5175/5175
f 1514/5173/5173 1516/5175/5175 1517/5176/5176
f 1513/5177/5177 1512/5178/5178 1518/5179/5179
f 1513/5177/5177 1518/5179/5179 1519/5180/5180
f 1514/5181/5181 1513/5182/5182 1519/5183/5183
f 1514/5181/5181 1519/5183/5183 1515/5184/5184
f 1517/5185/5185 1516/5186/5186 1518/5187/5187
f 1517/5185/5185 1518/5187/5187 1512/5188/5188
f 1520/5189/5189 1521/5190/5190 1522/5191/5191
f 1520/5189/5189 1522/5191/5191 1523/5192/5192
f 1519/5193/5193 1518/5194/5194 1524/5195/5195
f 1519/5193/5193 1524/5195/5195 1493/5196/5196
f 1520/5197/5197 1519/5198/5198 1493/5199/5199
f 1520/5197/5197 1493/5199/5199 1521/5200/5200
f 1523/5201/5201 1522/5202/5202 1524/5203/5203
f 1523/5201/5201 1524/5203/5203 1518/5204/5204
f 1525/5205/5205 1526/5206/5206 1527/5207/5207
f 1525/5205/5205 1527/5207/5207 1528/5208/5208
f 1529/5209/5209 1530/5210/5210 1502/5211/5211
f 1529/5209/5209 1502/5211/5211 1531/5212/5212
f 1525/5213/5213 1529/5214/5214 1531/5215/5215
f 1525/5213/5213 1531/5215/5215 1526/5216/5216
f 1528/5217/5217 1527/5218/5218 1502/5219/5219
f 1528/5217/5217 1502/5219/5219 1530/5220/5220
f 1532/5221/5221 1522/5222/5222 1526/5223/5223
f 1532/5221/5221 1526/5223/5223 1533/5224/5224
f 1534/5225/5225 1535/5226/5226 1531/5227/5227
f 1534/5225/5225 1531/5227/5227 1524/5228/5228
f 1532/5229/5229 1534/5230/5230 1524/5231/5231
f 1532/5229/5229 1524/5231/5231 1522/5232/5232
f 1533/5233/5233 1526/5234/5234 1531/5235/5235
f 1533/5233/5233 1531/5235/5235 1535/5236/5236
f 1532/5237/5237 1533/5238/5238 1535/5239/5239
f 1532/5237/5237 1535/5239/5239 1534/5240/5240
f 1536/5241/5241 1537/5242/5242 1538/5243/5243
f 1536/5241/5241 1538/5243/5243 1539/5244/5244
f 1540/5245/5245 1541/5246/5246 1542/5247/5247
f 1540/5245/5245 1542/5247/5247 1543/5248/5248
f 1536/5249/5249 1540/5250/5250 1543/5251/5251
f 1536/5249/5249 1543/5251/5251 1537/5252/5252
f 1536/5253/5253 1539/5254/5254 1541/5255/5255
f 1536/5253/5253 1541/5255/5255 1540/5256/5256
f 1537/5257/5257 1543/5258/5258 1542/5259/5259
f 1537/5257/5257 1542/5259/5259 1538/5260/5260
f 1539/5261/5261 1538/5262/5262 1544/5263/5263
f 1539/5261/5261 1544/5263/5263 1545/5264/5264
f 1541/5265/5265 1546/5266/5266 1547/5267/5267
f 1541/5265/5265 1547/5267/5267 1542/5268/5268
f 1545/5269/5269 1544/5270/5270 1547/5271/5271
f 1545/5269/5269 1547/5271/5271 1546/5272/5272
f 1539/5273/5273 1545/5274/5274 1546/5275/5275
f 1539/5273/5273 1546/5275/5275 1541/5276/5276
f 1538/5277/5277 1542/5278/5278 1547/5279/5279
f 1538/5277/5277 1547/5279/5279 1544/5280/5280
f 1487/5281/5281 1548/5282/5282 1549/5283/5283
f 1487/5281/5281 1549/5283/5283 1550/5284/5284
f 1488/5285/5285 1551/5286/5286 1552/5287/5287
f 1488/5285/5285 1552/5287/5287 1553/5288/5288
f 1487/5289/5289 1488/5290/5290 1553/5291/5291
f 1487/5289/5289 1553/5291/5291 1548/5292/5292
f 1550/5293/5293 1549/5294/5294 1554/5295/5295
f 1550/5293/5293 1554/5295/5295 948/5296/5296
f 1551/5297/5297 1555/5298/5298 1556/5299/5299
f 1551/5297/5297 1556/5299/5299 1552/5300/5300
f 948/5301/5301 1554/5302/5302 1556/5303/5303
f 948/5301/5301 1556/5303/5303 1555/5304/5304
f 1548/5305/5305 1557/5306/5306 1558/5307/5307
f 1548/5305/5305 1558/5307/5307 1559/5308/5308
f 1560/5309/5309 1561/5310/5310 1562/5311/5311
f 1560/5309/5309 1562/5311/5311 1563/5312/5312
f 1548/5313/5313 1560/5314/5314 1563/5315/5315
f 1548/5313/5313 1563/5315/5315 1557/5316/5316
f 1548/5317/5317 1559/5318/5318 1561/5319/5319
f 1548/5317/5317 1561/5319/5319 1560/5320/5320
f 1557/5321/5321 1563/5322/5322 1562/5323/5323
f 1557/5321/5321 1562/5323/5323 1558/5324/5324
f 1559/5325/5325 1558/5326/5326 1564/5327/5327
f 1559/5325/5325 1564/5327/5327 1565/5328/5328
f 1561/5329/5329 1566/5330/5330 1567/5331/5331
f 1561/5329/5329 1567/5331/5331 1562/5332/5332
f 1559/5333/5333 1565/5334/5334 1566/5335/5335
f 1559/5333/5333 1566/5335/5335 1561/5336/5336
f 1558/5337/5337 1562/5338/5338 1567/5339/5339
f 1558/5337/5337 1567/5339/5339 1564/5340/5340
f 1565/5341/5341 1564/5342/5342 1568/5343/5343
f 1565/5341/5341 1568/5343/5343 1554/5344/5344
f 1566/5345/5345 1569/5346/5346 1570/5347/5347
f 1566/5345/5345 1570/5347/5347 1567/5348/5348
f 1554/5349/5349 1568/5350/5350 1570/5351/5351
f 1554/5349/5349 1570/5351/5351 1569/5352/5352
f 1565/5353/5353 1554/5354/5354 1569/5355/5355
f 1565/5353/5353 1569/5355/5355 1566/5356/5356
f 1564/5357/5357 1567/5358/5358 1570/5359/5359
f 1564/5357/5357 1570/5359/5359 1568/5360/5360
f 1486/5361/5361 1557/5362/5362 1571/5363/5363
f 1486/5361/5361 1571/5363/5363 1572/5364/5364
f 1502/5365/5365 1573/5366/5366 1574/5367/5367
f 1502/5365/5365 1574/5367/5367 1563/5368/5368
f 1486/5369/5369 1502/5370/5370 1563/5371/5371
f 1486/5369/5369 1563/5371/5371 1557/5372/5372
f 1572/5373/5373 1571/5374/5374 1574/5375/5375
f 1572/5373/5373 1574/5375/5375 1573/5376/5376
f 1486/5377/5377 1572/5378/5378 1573/5379/5379
f 1486/5377/5377 1573/5379/5379 1502/5380/5380
f 1557/5381/5381 1563/5382/5382 1574/5383/5383
f 1557/5381/5381 1574/5383/5383 1571/5384/5384
f 1528/5385/5385 1575/5386/5386 1576/5387/5387
f 1528/5385/5385 1576/5387/5387 1577/5388/5388
f 1530/5389/5389 1578/5390/5390 1579/5391/5391
f 1530/5389/5389 1579/5391/5391 1580/5392/5392
f 1528/5393/5393 1530/5394/5394 1580/5395/5395
f 1528/5393/5393 1580/5395/5395 1575/5396/5396
f 1577/5397/5397 1576/5398/5398 1579/5399/5399
f 1577/5397/5397 1579/5399/5399 1578/5400/5400
f 1581/5401/5401 1582/5402/5402 1583/5403/5403
f 1581/5401/5401 1583/5403/5403 1584/5404/5404
f 1580/5405/5405 1579/5406/5406 1585/5407/5407
f 1580/5405/5405 1585/5407/5407 1586/5408/5408
f 1581/5409/5409 1580/5410/5410 1586/5411/5411
f 1581/5409/5409 1586/5411/5411 1582/5412/5412
f 1584/5413/5413 1583/5414/5414 1585/5415/5415
f 1584/5413/5413 1585/5415/5415 1579/5416/5416
f 1587/5417/5417 1588/5418/5418 1589/5419/5419
f 1587/5417/5417 1589/5419/5419 1590/5420/5420
f 1586/5421/5421 1585/5422/5422 1591/5423/5423
f 1586/5421/5421 1591/5423/5423 1560/5424/5424
f 1587/5425/5425 1586/5426/5426 1560/5427/5427
f 1587/5425/5425 1560/5427/5427 1588/5428/5428
f 1590/5429/5429 1589/5430/5430 1591/5431/5431
f 1590/5429/5429 1591/5431/5431 1585/5432/5432
f 1592/5433/5433 1593/5434/5434 1594/5435/5435
f 1592/5433/5433 1594/5435/5435 1595/5436/5436
f 1596/5437/5437 1597/5438/5438 1569/5439/5439
f 1596/5437/5437 1569/5439/5439 1598/5440/5440
f 1592/5441/5441 1596/5442/5442 1598/5443/5443
f 1592/5441/5441 1598/5443/5443 1593/5444/5444
f 1595/5445/5445 1594/5446/5446 1569/5447/5447
f 1595/5445/5445 1569/5447/5447 1597/5448/5448
f 1599/5449/5449 1589/5450/5450 1593/5451/5451
f 1599/5449/5449 1593/5451/5451 1600/5452/5452
f 1601/5453/5453 1602/5454/5454 1598/5455/5455
f 1601/5453/5453 1598/5455/5455 1591/5456/5456
f 1599/5457/5457 1601/5458/5458 1591/5459/5459
f 1599/5457/5457 1591/5459/5459 1589/5460/5460
f 1600/5461/5461 1593/5462/5462 1598/5463/5463
f 1600/5461/5461 1598/5463/5463 1602/5464/5464
f 1599/5465/5465 1600/5466/5466 1602/5467/5467
f 1599/5465/5465 1602/5467/5467 1601/5468/5468
f 1603/5469/5469 1604/5470/5470 1605/5471/5471
f 1603/5469/5469 1605/5471/5471 1606/5472/5472
f 1607/5473/5473 1608/5474/5474 1609/5475/5475
f 1607/5473/5473 1609/5475/5475 1610/5476/5476
f 1603/5477/5477 1607/5478/5478 1610/5479/5479
f 1603/5477/5477 1610/5479/5479 1604/5480/5480
f 1603/5481/5481 1606/5482/5482 1608/5483/5483
f 1603/5481/5481 1608/5483/5483 1607/5484/5484
f 1604/5485/5485 1610/5486/5486 1609/5487/5487
f 1604/5485/5485 1609/5487/5487 1605/5488/5488
f 1606/5489/5489 1605/5490/5490 1611/5491/5491
f 1606/5489/5489 1611/5491/5491 1612/5492/5492
f 1608/5493/5493 1613/5494/5494 1614/5495/5495
f 1608/5493/5493 1614/5495/5495 1609/5496/5496
f 1612/5497/5497 1611/5498/5498 1614/5499/5499
f 1612/5497/5497 1614/5499/5499 1613/5500/5500
f 1606/5501/5501 1612/5502/5502 1613/5503/5503
f 1606/5501/5501 1613/5503/5503 1608/5504/5504
f 1605/5505/5505 1609/5506/5506 1614/5507/5507
f 1605/5505/5505 1614/5507/5507 1611/5508/5508
f 948/5509/5509 1615/5510/5510 1616/5511/5511
f 948/5509/5509 1616/5511/5511 1617/5512/5512
f 1555/5513/5513 1618/5514/5514 1619/5515/5515
f 1555/5513/5513 1619/5515/5515 1620/5516/5516
f 948/5517/5517 1555/5518/5518 1620/5519/5519
f 948/5517/5517 1620/5519/5519 1615/5520/5520
f 1617/5521/5521 1616/5522/5522 1621/5523/5523
f 1617/5521/5521 1621/5523/5523 1622/5524/5524
f 1618/5525/5525 1623/5526/5526 1624/5527/5527
f 1618/5525/5525 1624/5527/5527 1619/5528/5528
f 1622/5529/5529 1621/5530/5530 1624/5531/5531
f 1622/5529/5529 1624/5531/5531 1623/5532/5532
f 1615/5533/5533 1625/5534/5534 1626/5535/5535
f 1615/5533/5533 1626/5535/5535 1627/5536/5536
f 1628/5537/5537 1629/5538/5538 1630/5539/5539
f 1628/5537/5537 1630/5539/5539 1631/5540/5540
f 1615/5541/5541 1628/5542/5542 1631/5543/5543
f 1615/5541/5541 1631/5543/5543 1625/5544/5544
f 1615/5545/5545 1627/5546/5546 1629/5547/5547
f 1615/5545/5545 1629/5547/5547 1628/5548/5548
f 1625/5549/5549 1631/5550/5550 1630/5551/5551
f 1625/5549/5549 1630/5551/5551 1626/5552/5552
f 1627/5553/5553 1626/5554/5554 1632/5555/5555
f 1627/5553/5553 1632/5555/5555 1633/5556/5556
f 1629/5557/5557 1634/5558/5558 1635/5559/5559
f 1629/5557/5557 1635/5559/5559 1630/5560/5560
f 1627/5561/5561 1633/5562/5562 1634/5563/5563
f 1627/5561/5561 1634/5563/5563 1629/5564/5564
f 1626/5565/5565 1630/5566/5566 1635/5567/5567
f 1626/5565/5565 1635/5567/5567 1632/5568/5568
f 1633/5569/5569 1632/5570/5570 1636/5571/5571
f 1633/5569/5569 1636/5571/5571 1621/5572/5572
f 1634/5573/5573 1637/5574/5574 1638/5575/5575
f 1634/5573/5573 1638/5575/5575 1635/5576/5576
f 1621/5577/5577 1636/5578/5578 1638/5579/5579
f 1621/5577/5577 1638/5579/5579 1637/5580/5580
f 1633/5581/5581 1621/5582/5582 1637/5583/5583
f 1633/5581/5581 1637/5583/5583 1634/5584/5584
f 1632/5585/5585 1635/5586/5586 1638/5587/5587
f 1632/5585/5585 1638/5587/5587 1636/5588/5588
f 1615/5589/5589 1568/5590/5590 1639/5591/5591
f 1615/5589/5589 1639/5591/5591 1640/5592/5592
f 1628/5593/5593 1641/5594/5594 1642/5595/5595
f 1628/5593/5593 1642/5595/5595 1570/5596/5596
f 1615/5597/5597 1628/5598/5598 1570/5599/5599
f 1615/5597/5597 1570/5599/5599 1568/5600/5600
f 1640/5601/5601 1639/5602/5602 1642/5603/5603
f 1640/5601/5601 1642/5603/5603 1641/5604/5604
f 1615/5605/5605 1640/5606/5606 1641/5607/5607
f 1615/5605/5605 1641/5607/5607 1628/5608/5608
f 1568/5609/5609 1570/5610/5610 1642/5611/5611
f 1568/5609/5609 1642/5611/5611 1639/5612/5612
f 1595/5613/5613 1643/5614/5614 1644/5615/5615
f 1595/5613/5613 1644/5615/5615 1645/5616/5616
f 1597/5617/5617 1646/5618/5618 1647/5619/5619
f 1597/5617/5617 1647/5619/5619 1648/5620/5620
f 1595/5621/5621 1597/5622/5622 1648/5623/5623
f 1595/5621/5621 1648/5623/5623 1643/5624/5624
f 1645/5625/5625 1644/5626/5626 1647/5627/5627
f 1645/5625/5625 1647/5627/5627 1646/5628/5628
f 1649/5629/5629 1650/5630/5630 1651/5631/5631
f 1649/5629/5629 1651/5631/5631 1652/5632/5632
f 1648/5633/5633 1647/5634/5634 1653/5635/5635
f 1648/5633/5633 1653/5635/5635 1654/5636/5636
f 1649/5637/5637 1648/5638/5638 1654/5639/5639
f 1649/5637/5637 1654/5639/5639 1650/5640/5640
f 1652/5641/5641 1651/5642/5642 1653/5643/5643
f 1652/5641/5641 1653/5643/5643 1647/5644/5644
f 1655/5645/5645 1656/5646/5646 1657/5647/5647
f 1655/5645/5645 1657/5647/5647 1658/5648/5648
f 1654/5649/5649 1653/5650/5650 1659/5651/5651
f 1654/5649/5649 1659/5651/5651 1628/5652/5652
f 1655/5653/5653 1654/5654/5654 1628/5655/5655
f 1655/5653/5653 1628/5655/5655 1656/5656/5656
f 1658/5657/5657 1657/5658/5658 1659/5659/5659
f 1658/5657/5657 1659/5659/5659 1653/5660/5660
f 1660/5661/5661 1661/5662/5662 1662/5663/5663
f 1660/5661/5661 1662/5663/5663 1663/5664/5664
f 1664/5665/5665 1665/5666/5666 1637/5667/5667
f 1664/5665/5665 1637/5667/5667 1666/5668/5668
f 1660/5669/5669 1664/5670/5670 1666/5671/5671
f 1660/5669/5669 1666/5671/5671 1661/5672/5672
f 1663/5673/5673 1662/5674/5674 1637/5675/5675
f 1663/5673/5673 1637/5675/5675 1665/5676/5676
f 1667/5677/5677 1657/5678/5678 1661/5679/5679
f 1667/5677/5677 1661/5679/5679 1668/5680/5680
f 1669/5681/5681 1670/5682/5682 1666/5683/5683
f 1669/5681/5681 1666/5683/5683 1659/5684/5684
f 1667/5685/5685 1669/5686/5686 1659/5687/5687
f 1667/5685/5685 1659/5687/5687 1657/5688/5688
f 1668/5689/5689 1661/5690/5690 1666/5691/5691
f 1668/5689/5689 1666/5691/5691 1670/5692/5692
f 1667/5693/5693 1668/5694/5694 1670/5695/5695
f 1667/5693/5693 1670/5695/5695 1669/5696/5696
f 1671/5697/5697 1672/5698/5698 1673/5699/5699
f 1671/5697/5697 1673/5699/5699 1674/5700/5700
f 1675/5701/5701 1676/5702/5702 1677/5703/5703
f 1675/5701/5701 1677/5703/5703 1678/5704/5704
f 1671/5705/5705 1675/5706/5706 1678/5707/5707
f 1671/5705/5705 1678/5707/5707 1672/5708/5708
f 1671/5709/5709 1674/5710/5710 1676/5711/5711
f 1671/5709/5709 1676/5711/5711 1675/5712/5712
f 1672/5713/5713 1678/5714/5714 1677/5715/5715
f 1672/5713/5713 1677/5715/5715 1673/5716/5716
f 1674/5717/5717 1673/5718/5718 1679/5719/5719
f 1674/5717/5717 1679/5719/5719 1680/5720/5720
f 1676/5721/5721 1681/5722/5722 1682/5723/5723
f 1676/5721/5721 1682/5723/5723 1677/5724/5724
f 1680/5725/5725 1679/5726/5726 1682/5727/5727
f 1680/5725/5725 1682/5727/5727 1681/5728/5728
f 1674/5729/5729 1680/5730/5730 1681/5731/5731
f 1674/5729/5729 1681/5731/5731 1676/5732/5732
f 1673/5733/5733 1677/5734/5734 1682/5735/5735
f 1673/5733/5733 1682/5735/5735 1679/5736/5736
f 1622/5737/5737 1683/5738/5738 1684/5739/5739
f 1622/5737/5737 1684/5739/5739 1685/5740/5740
f 1623/5741/5741 1686/5742/5742 1687/5743/5743
f 1623/5741/5741 1687/5743/5743 1688/5744/5744
f 1622/5745/5745 1623/5746/5746 1688/5747/5747
f 1622/5745/5745 1688/5747/5747 1683/5748/5748
f 1685/5749/5749 1684/5750/5750 1689/5751/5751
f 1685/5749/5749 1689/5751/5751 1690/5752/5752
f 1686/5753/5753 1691/5754/5754 1692/5755/5755
f 1686/5753/5753 1692/5755/5755 1687/5756/5756
f 1690/5757/5757 1689/5758/5758 1692/5759/5759
f 1690/5757/5757 1692/5759/5759 1691/5760/5760
f 1683/5761/5761 1693/5762/5762 1694/5763/5763
f 1683/5761/5761 1694/5763/5763 1695/5764/5764
f 1696/5765/5765 1697/5766/5766 1698/5767/5767
f 1696/5765/5765 1698/5767/5767 1699/5768/5768
f 1683/5769/5769 1696/5770/5770 1699/5771/5771
f 1683/5769/5769 1699/5771/5771 1693/5772/5772
f 1683/5773/5773 1695/5774/5774 1697/5775/5775
f 1683/5773/5773 1697/5775/5775 1696/5776/5776
f 1693/5777/5777 1699/5778/5778 1698/5779/5779
f 1693/5777/5777 1698/5779/5779 1694/5780/5780
f 1695/5781/5781 1694/5782/5782 1700/5783/5783
f 1695/5781/5781 1700/5783/5783 1701/5784/5784
f 1697/5785/5785 1702/5786/5786 1703/5787/5787
f 1697/5785/5785 1703/5787/5787 1698/5788/5788
f 1695/5789/5789 1701/5790/5790 1702/5791/5791
f 1695/5789/5789 1702/5791/5791 1697/5792/5792
f 1694/5793/5793 1698/5794/5794 1703/5795/5795
f 1694/5793/5793 1703/5795/5795 1700/5796/5796
f 1701/5797/5797 1700/5798/5798 1704/5799/5799
f 1701/5797/5797 1704/5799/5799 1689/5800/5800
f 1702/5801/5801 1705/5802/5802 1706/5803/5803
f 1702/5801/5801 1706/5803/5803 1703/5804/5804
f 1689/5805/5805 1704/5806/5806 1706/5807/5807
f 1689/5805/5805 1706/5807/5807 1705/5808/5808
f 1701/5809/5809 1689/5810/5810 1705/5811/5811
f 1701/5809/5809 1705/5811/5811 1702/5812/5812
f 1700/5813/5813 1703/5814/5814 1706/5815/5815
f 1700/5813/5813 1706/5815/5815 1704/5816/5816
f 1621/5817/5817 1693/5818/5818 1707/5819/5819
f 1621/5817/5817 1707/5819/5819 1708/5820/5820
f 1637/5821/5821 1709/5822/5822 1710/5823/5823
f 1637/5821/5821 1710/5823/5823 1699/5824/5824
f 1621/5825/5825 1637/5826/5826 1699/5827/5827
f 1621/5825/5825 1699/5827/5827 1693/5828/5828
f 1708/5829/5829 1707/5830/5830 1710/5831/5831
f 1708/5829/5829 1710/5831/5831 1709/5832/5832
f 1621/5833/5833 1708/5834/5834 1709/5835/5835
f 1621/5833/5833 1709/5835/5835 1637/5836/5836
f 1693/5837/5837 1699/5838/5838 1710/5839/5839
f 1693/5837/5837 1710/5839/5839 1707/5840/5840
f 1663/5841/5841 1711/5842/5842 1712/5843/5843
f 1663/5841/5841 1712/5843/5843 1713/5844/5844
f 1665/5845/5845 1714/5846/5846 1715/5847/5847
f 1665/5845/5845 1715/5847/5847 1716/5848/5848
f 1663/5849/5849 1665/5850/5850 1716/5851/5851
f 1663/5849/5849 1716/5851/5851 1711/5852/5852
f 1713/5853/5853 1712/5854/5854 1715/5855/5855
f 1713/5853/5853 1715/5855/5855 1714/5856/5856
f 1717/5857/5857 1718/5858/5858 1719/5859/5859
f 1717/5857/5857 1719/5859/5859 1720/5860/5860
f 1716/5861/5861 1715/5862/5862 1721/5863/5863
f 1716/5861/5861 1721/5863/5863 1722/5864/5864
f 1717/5865/5865 1716/5866/5866 1722/5867/5867
f 1717/5865/5865 1722/5867/5867 1718/5868/5868
f 1720/5869/5869 1719/5870/5870 1721/5871/5871
f 1720/5869/5869 1721/5871/5871 1715/5872/5872
f 1723/5873/5873 1724/5874/5874 1725/5875/5875
f 1723/5873/5873 1725/5875/5875 1726/5876/5876
f 1722/5877/5877 1721/5878/5878 1727/5879/5879
f 1722/5877/5877 1727/5879/5879 1696/5880/5880
f 1723/5881/5881 1722/5882/5882 1696/5883/5883
f 1723/5881/5881 1696/5883/5883 1724/5884/5884
f 1726/5885/5885 1725/5886/5886 1727/5887/5887
f 1726/5885/5885 1727/5887/5887 1721/5888/5888
f 1728/5889/5889 1729/5890/5890 1730/5891/5891
f 1728/5889/5889 1730/5891/5891 1731/5892/5892
f 1732/5893/5893 1733/5894/5894 1705/5895/5895
f 1732/5893/5893 1705/5895/5895 1734/5896/5896
f 1728/5897/5897 1732/5898/5898 1734/5899/5899
f 1728/5897/5897 1734/5899/5899 1729/5900/5900
f 1731/5901/5901 1730/5902/5902 1705/5903/5903
f 1731/5901/5901 1705/5903/5903 1733/5904/5904
f 1735/5905/5905 1725/5906/5906 1729/5907/5907
f 1735/5905/5905 1729/5907/5907 1736/5908/5908
f 1737/5909/5909 1738/5910/5910 1734/5911/5911
f 1737/5909/5909 1734/5911/5911 1727/5912/5912
f 1735/5913/5913 1737/5914/5914 1727/5915/5915
f 1735/5913/5913 1727/5915/5915 1725/5916/5916
f 1736/5917/5917 1729/5918/5918 1734/5919/5919
f 1736/5917/5917 1734/5919/5919 1738/5920/5920
f 1735/5921/5921 1736/5922/5922 1738/5923/5923
f 1735/5921/5921 1738/5923/5923 1737/5924/5924
f 1739/5925/5925 1740/5926/5926 1741/5927/5927
f 1739/5925/5925 1741/5927/5927 1742/5928/5928
f 1743/5929/5929 1744/5930/5930 1745/5931/5931
f 1743/5929/5929 1745/5931/5931 1746/5932/5932
f 1739/5933/5933 1743/5934/5934 1746/5935/5935
f 1739/5933/5933 1746/5935/5935 1740/5936/5936
f 1739/5937/5937 1742/5938/5938 1744/5939/5939
f 1739/5937/5937 1744/5939/5939 1743/5940/5940
f 1740/5941/5941 1746/5942/5942 1745/5943/5943
f 1740/5941/5941 1745/5943/5943 1741/5944/5944
f 1742/5945/5945 1741/5946/5946 1747/5947/5947
f 1742/5945/5945 1747/5947/5947 1748/5948/5948
f 1744/5949/5949 1749/5950/5950 1750/5951/5951
f 1744/5949/5949 1750/5951/5951 1745/5952/5952
f 1748/5953/5953 1747/5954/5954 1750/5955/5955
f 1748/5953/5953 1750/5955/5955 1749/5956/5956
f 1742/5957/5957 1748/5958/5958 1749/5959/5959
f 1742/5957/5957 1749/5959/5959 1744/5960/5960
f 1741/5961/5961 1745/5962/5962 1750/5963/5963
f 1741/5961/5961 1750/5963/5963 1747/5964/5964
f 1690/5965/5965 1751/5966/5966 1752/5967/5967
f 1690/5965/5965 1752/5967/5967 1753/5968/5968
f 1691/5969/5969 1754/5970/5970 1755/5971/5971
f 1691/5969/5969 1755/5971/5971 1756/5972/5972
f 1690/5973/5973 1691/5974/5974 1756/5975/5975
f 1690/5973/5973 1756/5975/5975 1751/5976/5976
f 1753/5977/5977 1752/5978/5978 1757/5979/5979
f 1753/5977/5977 1757/5979/5979 1758/5980/5980
f 1754/5981/5981 1759/5982/5982 1760/5983/5983
f 1754/5981/5981 1760/5983/5983 1755/5984/5984
f 1758/5985/5985 1757/5986/5986 1760/5987/5987
f 1758/5985/5985 1760/5987/5987 1759/5988/5988
f 1751/5989/5989 1761/5990/5990 1762/5991/5991
f 1751/5989/5989 1762/5991/5991 1763/5992/5992
f 1764/5993/5993 1765/5994/5994 1766/5995/5995
f 1764/5993/5993 1766/5995/5995 1767/5996/5996
f 1751/5997/5997 1764/5998/5998 1767/5999/5999
f 1751/5997/5997 1767/5999/5999 1761/6000/6000
f 1751/6001/6001 1763/6002/6002 1765/6003/6003
f 1751/6001/6001 1765/6003/6003 1764/6004/6004
f 1761/6005/6005 1767/6006/6006 1766/6007/6007
f 1761/6005/6005 1766/6007/6007 1762/6008/6008
f 1763/6009/6009 1762/6010/6010 1768/6011/6011
f 1763/6009/6009 1768/6011/6011 1769/6012/6012
f 1765/6013/6013 1770/6014/6014 1771/6015/6015
f 1765/6013/6013 1771/6015/6015 1766/6016/6016
f 1763/6017/6017 1769/6018/6018 1770/6019/6019
f 1763/6017/6017 1770/6019/6019 1765/6020/6020
f 1762/6021/6021 1766/6022/6022 1771/6023/6023
f 1762/6021/6021 1771/6023/6023 1768/6024/6024
f 1769/6025/6025 1768/6026/6026 1772/6027/6027
f 1769/6025/6025 1772/6027/6027 1757/6028/6028
f 1770/6029/6029 1773/6030/6030 1774/6031/6031
f 1770/6029/6029 1774/6031/6031 1771/6032/6032
f 1757/6033/6033 1772/6034/6034 1774/6035/6035
f 1757/6033/6033 1774/6035/6035 1773/6036/6036
f 1769/6037/6037 1757/6038/6038 1773/6039/6039
f 1769/6037/6037 1773/6039/6039 1770/6040/6040
f 1768/6041/6041 1771/6042/6042 1774/6043/6043
f 1768/6041/6041 1774/6043/6043 1772/6044/6044
f 1751/6045/6045 1704/6046/6046 1775/6047/6047
f 1751/6045/6045 1775/6047/6047 1776/6048/6048
f 1764/6049/6049 1777/6050/6050 1778/6051/6051
f 1764/6049/6049 1778/6051/6051 1706/6052/6052
f 1751/6053/6053 1764/6054/6054 1706/6055/6055
f 1751/6053/6053 1706/6055/6055 1704/6056/6056
f 1776/6057/6057 1775/6058/6058 1778/6059/6059
f 1776/6057/6057 1778/6059/6059 1777/6060/6060
f 1751/6061/6061 1776/6062/6062 1777/6063/6063
f 1751/6061/6061 1777/6063/6063 1764/6064/6064
f 1704/6065/6065 1706/6066/6066 1778/6067/6067
f 1704/6065/6065 1778/6067/6067 1775/6068/6068
f 1731/6069/6069 1779/6070/6070 1780/6071/6071
f 1731/6069/6069 1780/6071/6071 1781/6072/6072
f 1733/6073/6073 1782/6074/6074 1783/6075/6075
f 1733/6073/6073 1783/6075/6075 1784/6076/6076
f 1731/6077/6077 1733/6078/6078 1784/6079/6079
f 1731/6077/6077 1784/6079/6079 1779/6080/6080
f 1781/6081/6081 1780/6082/6082 1783/6083/6083
f 1781/6081/6081 1783/6083/6083 1782/6084/6084
f 1785/6085/6085 1786/6086/6086 1787/6087/6087
f 1785/6085/6085 1787/6087/6087 1788/6088/6088
f 1784/6089/6089 1783/6090/6090 1789/6091/6091
f 1784/6089/6089 1789/6091/6091 1790/6092/6092
f 1785/6093/6093 1784/6094/6094 1790/6095/6095
f 1785/6093/6093 1790/6095/6095 1786/6096/6096
f 1788/6097/6097 1787/6098/6098 1789/6099/6099
f 1788/6097/6097 1789/6099/6099 1783/6100/6100
f 1791/6101/6101 1792/6102/6102 1793/6103/6103
f 1791/6101/6101 1793/6103/6103 1794/6104/6104
f 1790/6105/6105 1789/6106/6106 1795/6107/6107
f 1790/6105/6105 1795/6107/6107 1764/6108/6108
f 1791/6109/6109 1790/6110/6110 1764/6111/6111
f 1791/6109/6109 1764/6111/6111 1792/6112/6112
f 1794/6113/6113 1793/6114/6114 1795/6115/6115
f 1794/6113/6113 1795/6115/6115 1789/6116/6116
f 1796/6117/6117 1797/6118/6118 1798/6119/6119
f 1796/6117/6117 1798/6119/6119 1799/6120/6120
f 1800/6121/6121 1801/6122/6122 1773/6123/6123
f 1800/6121/6121 1773/6123/6123 1802/6124/6124
f 1796/6125/6125 1800/6126/6126 1802/6127/6127
f 1796/6125/6125 1802/6127/6127 1797/6128/6128
f 1799/6129/6129 1798/6130/6130 1773/6131/6131
f 1799/6129/6129 1773/6131/6131 1801/6132/6132
f 1803/6133/6133 1793/6134/6134 1797/6135/6135
f 1803/6133/6133 1797/6135/6135 1804/6136/6136
f 1805/6137/6137 1806/6138/6138 1802/6139/6139
f 1805/6137/6137 1802/6139/6139 1795/6140/6140
f 1803/6141/6141 1805/6142/6142 1795/6143/6143
f 1803/6141/6141 1795/6143/6143 1793/6144/6144
f 1804/6145/6145 1797/6146/6146 1802/6147/6147
f 1804/6145/6145 1802/6147/6147 1806/6148/6148
f 1803/6149/6149 1804/6150/6150 1806/6151/6151
f 1803/6149/6149 1806/6151/6151 1805/6152/6152
f 1807/6153/6153 1808/6154/6154 1809/6155/6155
f 1807/6153/6153 1809/6155/6155 1810/6156/6156
f 1811/6157/6157 1812/6158/6158 1813/6159/6159
f 1811/6157/6157 1813/6159/6159 1814/6160/6160
f 1807/6161/6161 1811/6162/6162 1814/6163/6163
f 1807/6161/6161 1814/6163/6163 1808/6164/6164
f 1807/6165/6165 1810/6166/6166 1812/6167/6167
f 1807/6165/6165 1812/6167/6167 1811/6168/6168
f 1808/6169/6169 1814/6170/6170 1813/6171/6171
f 1808/6169/6169 1813/6171/6171 1809/6172/6172
f 1810/6173/6173 1809/6174/6174 1815/6175/6175
f 1810/6173/6173 1815/6175/6175 1816/6176/6176
f 1812/6177/6177 1817/6178/6178 1818/6179/6179
f 1812/6177/6177 1818/6179/6179 1813/6180/6180
f 1816/6181/6181 1815/6182/6182 1818/6183/6183
f 1816/6181/6181 1818/6183/6183 1817/6184/6184
f 1810/6185/6185 1816/6186/6186 1817/6187/6187
f 1810/6185/6185 1817/6187/6187 1812/6188/6188
f 1809/6189/6189 1813/6190/6190 1818/6191/6191
f 1809/6189/6189 1818/6191/6191 1815/6192/6192
f 1758/6193/6193 1819/6194/6194 1820/6195/6195
f 1758/6193/6193 1820/6195/6195 1821/6196/6196
f 1759/6197/6197 1822/6198/6198 1823/6199/6199
f 1759/6197/6197 1823/6199/6199 1824/6200/6200
f 1758/6201/6201 1759/6202/6202 1824/6203/6203
f 1758/6201/6201 1824/6203/6203 1819/6204/6204
f 1821/6205/6205 1820/6206/6206 1825/6207/6207
f 1821/6205/6205 1825/6207/6207 1826/6208/6208
f 1822/6209/6209 1827/6210/6210 1828/6211/6211
f 1822/6209/6209 1828/6211/6211 1823/6212/6212
f 1826/6213/6213 1825/6214/6214 1828/6215/6215
f 1826/6213/6213 1828/6215/6215 1827/6216/6216
f 1819/6217/6217 1829/6218/6218 1830/6219/6219
f 1819/6217/6217 1830/6219/6219 1831/6220/6220
f 1832/6221/6221 1833/6222/6222 1834/6223/6223
f 1832/6221/6221 1834/6223/6223 1835/6224/6224
f 1819/6225/6225 1832/6226/6226 1835/6227/6227
f 1819/6225/6225 1835/6227/6227 1829/6228/6228
f 1819/6229/6229 1831/6230/6230 1833/6231/6231
f 1819/6229/6229 1833/6231/6231 1832/6232/6232
f 1829/6233/6233 1835/6234/6234 1834/6235/6235
f 1829/6233/6233 1834/6235/6235 1830/6236/6236
f 1831/6237/6237 1830/6238/6238 1836/6239/6239
f 1831/6237/6237 1836/6239/6239 1837/6240/6240
f 1833/6241/6241 1838/6242/6242 1839/6243/6243
f 1833/6241/6241 1839/6243/6243 1834/6244/6244
f 1831/6245/6245 1837/6246/6246 1838/6247/6247
f 1831/6245/6245 1838/6247/6247 1833/6248/6248
f 1830/6249/6249 1834/6250/6250 1839/6251/6251
f 1830/6249/6249 1839/6251/6251 1836/6252/6252
f 1837/6253/6253 1836/6254/6254 1840/6255/6255
f 1837/6253/6253 1840/6255/6255 1825/6256/6256
f 1838/6257/6257 1841/6258/6258 1842/6259/6259
f 1838/6257/6257 1842/6259/6259 1839/6260/6260
f 1825/6261/6261 1840/6262/6262 1842/6263/6263
f 1825/6261/6261 1842/6263/6263 1841/6264/6264
f 1837/6265/6265 1825/6266/6266 1841/6267/6267
f 1837/6265/6265 1841/6267/6267 1838/6268/6268
f 1836/6269/6269 1839/6270/6270 1842/6271/6271
f 1836/6269/6269 1842/6271/6271 1840/6272/6272
f 1757/6273/6273 1829/6274/6274 1843/6275/6275
f 1757/6273/6273 1843/6275/6275 1844/6276/6276
f 1773/6277/6277 1845/6278/6278 1846/6279/6279
f 1773/6277/6277 1846/6279/6279 1835/6280/6280
f 1757/6281/6281 1773/6282/6282 1835/6283/6283
f 1757/6281/6281 1835/6283/6283 1829/6284/6284
f 1844/6285/6285 1843/6286/6286 1846/6287/6287
f 1844/6285/6285 1846/6287/6287 1845/6288/6288
f 1757/6289/6289 1844/6290/6290 1845/6291/6291
f 1757/6289/6289 1845/6291/6291 1773/6292/6292
f 1829/6293/6293 1835/6294/6294 1846/6295/6295
f 1829/6293/6293 1846/6295/6295 1843/6296/6296
f 1799/6297/6297 1847/6298/6298 1848/6299/6299
f 1799/6297/6297 1848/6299/6299 1849/6300/6300
f 1801/6301/6301 1850/6302/6302 1851/6303/6303
f 1801/6301/6301 1851/6303/6303 1852/6304/6304
f 1799/6305/6305 1801/6306/6306 1852/6307/6307
f 1799/6305/6305 1852/6307/6307 1847/6308/6308
f 1849/6309/6309 1848/6310/6310 1851/6311/6311
f 1849/6309/6309 1851/6311/6311 1850/6312/6312
f 1853/6313/6313 1854/6314/6314 1855/6315/6315
f 1853/6313/6313 1855/6315/6315 1856/6316/6316
f 1852/6317/6317 1851/6318/6318 1857/6319/6319
f 1852/6317/6317 1857/6319/6319 1858/6320/6320
f 1853/6321/6321 1852/6322/6322 1858/6323/6323
f 1853/6321/6321 1858/6323/6323 1854/6324/6324
f 1856/6325/6325 1855/6326/6326 1857/6327/6327
f 1856/6325/6325 1857/6327/6327 1851/6328/6328
f 1859/6329/6329 1860/6330/6330 1861/6331/6331
f 1859/6329/6329 1861/6331/6331 1862/6332/6332
f 1858/6333/6333 1857/6334/6334 1863/6335/6335
f 1858/6333/6333 1863/6335/6335 1832/6336/6336
f 1859/6337/6337 1858/6338/6338 1832/6339/6339
f 1859/6337/6337 1832/6339/6339 1860/6340/6340
f 1862/6341/6341 1861/6342/6342 1863/6343/6343
f 1862/6341/6341 1863/6343/6343 1857/6344/6344
f 1864/6345/6345 1865/6346/6346 1866/6347/6347
f 1864/6345/6345 1866/6347/6347 1867/6348/6348
f 1868/6349/6349 1869/6350/6350 1841/6351/6351
f 1868/6349/6349 1841/6351/6351 1870/6352/6352
f 1864/6353/6353 1868/6354/6354 1870/6355/6355
f 1864/6353/6353 1870/6355/6355 1865/6356/6356
f 1867/6357/6357 1866/6358/6358 1841/6359/6359
f 1867/6357/6357 1841/6359/6359 1869/6360/6360
f 1871/6361/6361 1861/6362/6362 1865/6363/6363
f 1871/6361/6361 1865/6363/6363 1872/6364/6364
f 1873/6365/6365 1874/6366/6366 1870/6367/6367
f 1873/6365/6365 1870/6367/6367 1863/6368/6368
f 1871/6369/6369 1873/6370/6370 1863/6371/6371
f 1871/6369/6369 1863/6371/6371 1861/6372/6372
f 1872/6373/6373 1865/6374/6374 1870/6375/6375
f 1872/6373/6373 1870/6375/6375 1874/6376/6376
f 1871/6377/6377 1872/6378/6378 1874/6379/6379
f 1871/6377/6377 1874/6379/6379 1873/6380/6380
f 1875/6381/6381 1876/6382/6382 1877/6383/6383
f 1875/6381/6381 1877/6383/6383 1878/6384/6384
f 1879/6385/6385 1880/6386/6386 1881/6387/6387
f 1879/6385/6385 1881/6387/6387 1882/6388/6388
f 1875/6389/6389 1879/6390/6390 1882/6391/6391
f 1875/6389/6389 1882/6391/6391 1876/6392/6392
f 1875/6393/6393 1878/6394/6394 1880/6395/6395
f 1875/6393/6393 1880/6395/6395 1879/6396/6396
f 1876/6397/6397 1882/6398/6398 1881/6399/6399
f 1876/6397/6397 1881/6399/6399 1877/6400/6400
f 1878/6401/6401 1877/6402/6402 1883/6403/6403
f 1878/6401/6401 1883/6403/6403 1884/6404/6404
f 1880/6405/6405 1885/6406/6406 1886/6407/6407
f 1880/6405/6405 1886/6407/6407 1881/6408/6408
f 1884/6409/6409 1883/6410/6410 1886/6411/6411
f 1884/6409/6409 1886/6411/6411 1885/6412/6412
f 1878/6413/6413 1884/6414/6414 1885/6415/6415
f 1878/6413/6413 1885/6415/6415 1880/6416/6416
f 1877/6417/6417 1881/6418/6418 1886/6419/6419
f 1877/6417/6417 1886/6419/6419 1883/6420/6420
f 1826/6421/6421 1887/6422/6422 1888/6423/6423
f 1826/6421/6421 1888/6423/6423 1889/6424/6424
f 1827/6425/6425 1890/6426/6426 1891/6427/6427
f 1827/6425/6425 1891/6427/6427 1892/6428/6428
f 1826/6429/6429 1827/6430/6430 1892/6431/6431
f 1826/6429/6429 1892/6431/6431 1887/6432/6432
f 1889/6433/6433 1888/6434/6434 1893/6435/6435
f 1889/6433/6433 1893/6435/6435 1894/6436/6436
f 1890/6437/6437 1895/6438/6438 1896/6439/6439
f 1890/6437/6437 1896/6439/6439 1891/6440/6440
f 1894/6441/6441 1893/6442/6442 1896/6443/6443
f 1894/6441/6441 1896/6443/6443 1895/6444/6444
f 1887/6445/6445 1897/6446/6446 1898/6447/6447
f 1887/6445/6445 1898/6447/6447 1899/6448/6448
f 1900/6449/6449 1901/6450/6450 1902/6451/6451
f 1900/6449/6449 1902/6451/6451 1903/6452/6452
f 1887/6453/6453 1900/6454/6454 1903/6455/6455
f 1887/6453/6453 1903/6455/6455 1897/6456/6456
f 1887/6457/6457 1899/6458/6458 1901/6459/6459
f 1887/6457/6457 1901/6459/6459 1900/6460/6460
f 1897/6461/6461 1903/6462/6462 1902/6463/6463
f 1897/6461/6461 1902/6463/6463 1898/6464/6464
f 1899/6465/6465 1898/6466/6466 1904/6467/6467
f 1899/6465/6465 1904/6467/6467 1905/6468/6468
f 1901/6469/6469 1906/6470/6470 1907/6471/6471
f 1901/6469/6469 1907/6471/6471 1902/6472/6472
f 1899/6473/6473 1905/6474/6474 1906/6475/6475
f 1899/6473/6473 1906/6475/6475 1901/6476/6476
f 1898/6477/6477 1902/6478/6478 1907/6479/6479
f 1898/6477/6477 1907/6479/6479 1904/6480/6480
f 1905/6481/6481 1904/6482/6482 1908/6483/6483
f 1905/6481/6481 1908/6483/6483 1893/6484/6484
f 1906/6485/6485 1909/6486/6486 1910/6487/6487
f 1906/6485/6485 1910/6487/6487 1907/6488/6488
f 1893/6489/6489 1908/6490/6490 1910/6491/6491
f 1893/6489/6489 1910/6491/6491 1909/6492/6492
f 1905/6493/6493 1893/6494/6494 1909/6495/6495
f 1905/6493/6493 1909/6495/6495 1906/6496/6496
f 1904/6497/6497 1907/6498/6498 1910/6499/6499
f 1904/6497/6497 1910/6499/6499 1908/6500/6500
f 1887/6501/6501 1840/6502/6502 1911/6503/6503
f 1887/6501/6501 1911/6503/6503 1912/6504/6504
f 1900/6505/6505 1913/6506/6506 1914/6507/6507
f 1900/6505/6505 1914/6507/6507 1842/6508/6508
f 1887/6509/6509 1900/6510/6510 1842/6511/6511
f 1887/6509/6509 1842/6511/6511 1840/6512/6512
f 1912/6513/6513 1911/6514/6514 1914/6515/6515
f 1912/6513/6513 1914/6515/6515 1913/6516/6516
f 1887/6517/6517 1912/6518/6518 1913/6519/6519
f 1887/6517/6517 1913/6519/6519 1900/6520/6520
f 1840/6521/6521 1842/6522/6522 1914/6523/6523
f 1840/6521/6521 1914/6523/6523 1911/6524/6524
f 1867/6525/6525 1915/6526/6526 1916/6527/6527
f 1867/6525/6525 1916/6527/6527 1917/6528/6528
f 1869/6529/6529 1918/6530/6530 1919/6531/6531
f 1869/6529/6529 1919/6531/6531 1920/6532/6532
f 1867/6533/6533 1869/6534/6534 1920/6535/6535
f 1867/6533/6533 1920/6535/6535 1915/6536/6536
f 1917/6537/6537 1916/6538/6538 1919/6539/6539
f 1917/6537/6537 1919/6539/6539 1918/6540/6540
f 1921/6541/6541 1922/6542/6542 1923/6543/6543
f 1921/6541/6541 1923/6543/6543 1924/6544/6544
f 1920/6545/6545 1919/6546/6546 1925/6547/6547
f 1920/6545/6545 1925/6547/6547 1926/6548/6548
f 1921/6549/6549 1920/6550/6550 1926/6551/6551
f 1921/6549/6549 1926/6551/6551 1922/6552/6552
f 1924/6553/6553 1923/6554/6554 1925/6555/6555
f 1924/6553/6553 1925/6555/6555 1919/6556/6556
f 1927/6557/6557 1928/6558/6558 1929/6559/6559
f 1927/6557/6557 1929/6559/6559 1930/6560/6560
f 1926/6561/6561 1925/6562/6562 1931/6563/6563
f 1926/6561/6561 1931/6563/6563 1900/6564/6564
f 1927/6565/6565 1926/6566/6566 1900/6567/6567
f 1927/6565/6565 1900/6567/6567 1928/6568/6568
f 1930/6569/6569 1929/6570/6570 1931/6571/6571
f 1930/6569/6569 1931/6571/6571 1925/6572/6572
f 1932/6573/6573 1933/6574/6574 1934/6575/6575
f 1932/6573/6573 1934/6575/6575 1935/6576/6576
f 1936/6577/6577 1937/6578/6578 1909/6579/6579
f 1936/6577/6577 1909/6579/6579 1938/6580/6580
f 1932/6581/6581 1936/6582/6582 1938/6583/6583
f 1932/6581/6581 1938/6583/6583 1933/6584/6584
f 1935/6585/6585 1934/6586/6586 1909/6587/6587
f 1935/6585/6585 1909/6587/6587 1937/6588/6588
f 1939/6589/6589 1929/6590/6590 1933/6591/6591
f 1939/6589/6589 1933/6591/6591 1940/6592/6592
f 1941/6593/6593 1942/6594/6594 1938/6595/6595
f 1941/6593/6593 1938/6595/6595 1931/6596/6596
f 1939/6597/6597 1941/6598/6598 1931/6599/6599
f 1939/6597/6597 1931/6599/6599 1929/6600/6600
f 1940/6601/6601 1933/6602/6602 1938/6603/6603
f 1940/6601/6601 1938/6603/6603 1942/6604/6604
f 1939/6605/6605 1940/6606/6606 1942/6607/6607
f 1939/6605/6605 1942/6607/6607 1941/6608/6608
f 1943/6609/6609 1944/6610/6610 1945/6611/6611
f 1943/6609/6609 1945/6611/6611 1946/6612/6612
f 1947/6613/6613 1948/6614/6614 1949/6615/6615
f 1947/6613/6613 1949/6615/6615 1950/6616/6616
f 1943/6617/6617 1947/6618/6618 1950/6619/6619
f 1943/6617/6617 1950/6619/6619 1944/6620/6620
f 1943/6621/6621 1946/6622/6622 1948/6623/6623
f 1943/6621/6621 1948/6623/6623 1947/6624/6624
f 1944/6625/6625 1950/6626/6626 1949/6627/6627
f 1944/6625/6625 1949/6627/6627 1945/6628/6628
f 1946/6629/6629 1945/6630/6630 1951/6631/6631
f 1946/6629/6629 1951/6631/6631 1952/6632/6632
f 1948/6633/6633 1953/6634/6634 1954/6635/6635
f 1948/6633/6633 1954/6635/6635 1949/6636/6636
f 1952/6637/6637 1951/6638/6638 1954/6639/6639
f 1952/6637/6637 1954/6639/6639 1953/6640/6640
f 1946/6641/6641 1952/6642/6642 1953/6643/6643
f 1946/6641/6641 1953/6643/6643 1948/6644/6644
f 1945/6645/6645 1949/6646/6646 1954/6647/6647
f 1945/6645/6645 1954/6647/6647 1951/6648/6648
f 1894/6649/6649 1955/6650/6650 1956/6651/6651
f 1894/6649/6649 1956/6651/6651 1957/6652/6652
f 1895/6653/6653 1958/6654/6654 1959/6655/6655
f 1895/6653/6653 1959/6655/6655 1960/6656/6656
f 1894/6657/6657 1895/6658/6658 1960/6659/6659
f 1894/6657/6657 1960/6659/6659 1955/6660/6660
f 1957/6661/6661 1956/6662/6662 1961/6663/6663
f 1957/6661/6661 1961/6663/6663 1962/6664/6664
f 1958/6665/6665 1963/6666/6666 1964/6667/6667
f 1958/6665/6665 1964/6667/6667 1959/6668/6668
f 1962/6669/6669 1961/6670/6670 1964/6671/6671
f 1962/6669/6669 1964/6671/6671 1963/6672/6672
f 1955/6673/6673 1965/6674/6674 1966/6675/6675
f 1955/6673/6673 1966/6675/6675 1967/6676/6676
f 1968/6677/6677 1969/6678/6678 1970/6679/6679
f 1968/6677/6677 1970/6679/6679 1971/6680/6680
f 1955/6681/6681 1968/6682/6682 1971/6683/6683
f 1955/6681/6681 1971/6683/6683 1965/6684/6684
f 1955/6685/6685 1967/6686/6686 1969/6687/6687
f 1955/6685/6685 1969/6687/6687 1968/6688/6688
f 1965/6689/6689 1971/6690/6690 1970/6691/6691
f 1965/6689/6689 1970/6691/6691 1966/6692/6692
f 1967/6693/6693 1966/6694/6694 1972/6695/6695
f 1967/6693/6693 1972/6695/6695 1973/6696/6696
f 1969/6697/6697 1974/6698/6698 1975/6699/6699
f 1969/6697/6697 1975/6699/6699 1970/6700/6700
f 1967/6701/6701 1973/6702/6702 1974/6703/6703
f 1967/6701/6701 1974/6703/6703 1969/6704/6704
f 1966/6705/6705 1970/6706/6706 1975/6707/6707
f 1966/6705/6705 1975/6707/6707 1972/6708/6708
f 1973/6709/6709 1972/6710/6710 1976/6711/6711
f 1973/6709/6709 1976/6711/6711 1961/6712/6712
f 1974/6713/6713 1977/6714/6714 1978/6715/6715
f 1974/6713/6713 1978/6715/6715 1975/6716/6716
f 1961/6717/6717 1976/6718/6718 1978/6719/6719
f 1961/6717/6717 1978/6719/6719 1977/6720/6720
f 1973/6721/6721 1961/6722/6722 1977/6723/6723
f 1973/6721/6721 1977/6723/6723 1974/6724/6724
f 1972/6725/6725 1975/6726/6726 1978/6727/6727
f 1972/6725/6725 1978/6727/6727 1976/6728/6728
f 1893/6729/6729 1965/6730/6730 1979/6731/6731
f 1893/6729/6729 1979/6731/6731 1980/6732/6732
f 1909/6733/6733 1981/6734/6734 1982/6735/6735
f 1909/6733/6733 1982/6735/6735 1971/6736/6736
f 1893/6737/6737 1909/6738/6738 1971/6739/6739
f 1893/6737/6737 1971/6739/6739 1965/6740/6740
f 1980/6741/6741 1979/6742/6742 1982/6743/6743
f 1980/6741/6741 1982/6743/6743 1981/6744/6744
f 1893/6745/6745 1980/6746/6746 1981/6747/6747
f 1893/6745/6745 1981/6747/6747 1909/6748/6748
f 1965/6749/6749 1971/6750/6750 1982/6751/6751
f 1965/6749/6749 1982/6751/6751 1979/6752/6752
f 1935/6753/6753 1983/6754/6754 1984/6755/6755
f 1935/6753/6753 1984/6755/6755 1985/6756/6756
f 1937/6757/6757 1986/6758/6758 1987/6759/6759
f 1937/6757/6757 1987/6759/6759 1988/6760/6760
f 1935/6761/6761 1937/6762/6762 1988/6763/6763
f 1935/6761/6761 1988/6763/6763 1983/6764/6764
f 1985/6765/6765 1984/6766/6766 1987/6767/6767
f 1985/6765/6765 1987/6767/6767 1986/6768/6768
f 1989/6769/6769 1990/6770/6770 1991/6771/6771
f 1989/6769/6769 1991/6771/6771 1992/6772/6772
f 1988/6773/6773 1987/6774/6774 1993/6775/6775
f 1988/6773/6773 1993/6775/6775 1994/6776/6776
f 1989/6777/6777 1988/6778/6778 1994/6779/6779
f 1989/6777/6777 1994/6779/6779 1990/6780/6780
f 1992/6781/6781 1991/6782/6782 1993/6783/6783
f 1992/6781/6781 1993/6783/6783 1987/6784/6784
f 1995/6785/6785 1996/6786/6786 1997/6787/6787
f 1995/6785/6785 1997/6787/6787 1998/6788/6788
f 1994/6789/6789 1993/6790/6790 1999/6791/6791
f 1994/6789/6789 1999/6791/6791 1968/6792/6792
f 1995/6793/6793 1994/6794/6794 1968/6795/6795
f 1995/6793/6793 1968/6795/6795 1996/6796/6796
f 1998/6797/6797 1997/6798/6798 1999/6799/6799
f 1998/6797/6797 1999/6799/6799 1993/6800/6800
f 2000/6801/6801 2001/6802/6802 2002/6803/6803
f 2000/6801/6801 2002/6803/6803 2003/6804/6804
f 2004/6805/6805 2005/6806/6806 1977/6807/6807
f 2004/6805/6805 1977/6807/6807 2006/6808/6808
f 2000/6809/6809 2004/6810/6810 2006/6811/6811
f 2000/6809/6809 2006/6811/6811 2001/6812/6812
f 2003/6813/6813 2002/6814/6814 1977/6815/6815
f 2003/6813/6813 1977/6815/6815 2005/6816/6816
f 2007/6817/6817 1997/6818/6818 2001/6819/6819
f 2007/6817/6817 2001/6819/6819 2008/6820/6820
f 2009/6821/6821 2010/6822/6822 2006/6823/6823
f 2009/6821/6821 2006/6823/6823 1999/6824/6824
f 2007/6825/6825 2009/6826/6826 1999/6827/6827
f 2007/6825/6825 1999/6827/6827 1997/6828/6828
f 2008/6829/6829 2001/6830/6830 2006/6831/6831
f 2008/6829/6829 2006/6831/6831 2010/6832/6832
f 2007/6833/6833 2008/6834/6834 2010/6835/6835
f 2007/6833/6833 2010/6835/6835 2009/6836/6836
f 2011/6837/6837 2012/6838/6838 2013/6839/6839
f 2011/6837/6837 2013/6839/6839 2014/6840/6840
f 2015/6841/6841 2016/6842/6842 2017/6843/6843
f 2015/6841/6841 2017/6843/6843 2018/6844/6844
f 2011/6845/6845 2015/6846/6846 2018/6847/6847
f 2011/6845/6845 2018/6847/6847 2012/6848/6848
f 2011/6849/6849 2014/6850/6850 2016/6851/6851
f 2011/6849/6849 2016/6851/6851 2015/6852/6852
f 2012/6853/6853 2018/6854/6854 2017/6855/6855
f 2012/6853/6853 2017/6855/6855 2013/6856/6856
f 2014/6857/6857 2013/6858/6858 2019/6859/6859
f 2014/6857/6857 2019/6859/6859 2020/6860/6860
f 2016/6861/6861 2021/6862/6862 2022/6863/6863
f 2016/6861/6861 2022/6863/6863 2017/6864/6864
f 2020/6865/6865 2019/6866/6866 2022/6867/6867
f 2020/6865/6865 2022/6867/6867 2021/6868/6868
f 2014/6869/6869 2020/6870/6870 2021/6871/6871
f 2014/6869/6869 2021/6871/6871 2016/6872/6872
f 2013/6873/6873 2017/6874/6874 2022/6875/6875
f 2013/6873/6873 2022/6875/6875 2019/6876/6876
f 1962/6877/6877 1961/6878/6878 2023/6879/6879
f 1962/6877/6877 2023/6879/6879 2024/6880/6880
f 1963/6881/6881 2025/6882/6882 2026/6883/6883
f 1963/6881/6881 2026/6883/6883 1964/6884/6884
f 1962/6885/6885 1963/6886/6886 1964/6887/6887
f 1962/6885/6885 1964/6887/6887 1961/6888/6888
f 2024/6889/6889 2023/6890/6890 1140/6891/6891
f 2024/6889/6889 1140/6891/6891 945/6892/6892
f 2025/6893/6893 2027/6894/6894 2028/6895/6895
f 2025/6893/6893 2028/6895/6895 2026/6896/6896
f 945/6897/6897 1140/6898/6898 2028/6899/6899
f 945/6897/6897 2028/6899/6899 2027/6900/6900
f 1961/6901/6901 1976/6902/6902 2029/6903/6903
f 1961/6901/6901 2029/6903/6903 2030/6904/6904
f 1977/6905/6905 2031/6906/6906 2032/6907/6907
f 1977/6905/6905 2032/6907/6907 1978/6908/6908
f 1961/6909/6909 1977/6910/6910 1978/6911/6911
f 1961/6909/6909 1978/6911/6911 1976/6912/6912
f 1961/6913/6913 2030/6914/6914 2031/6915/6915
f 1961/6913/6913 2031/6915/6915 1977/6916/6916
f 1976/6917/6917 1978/6918/6918 2032/6919/6919
f 1976/6917/6917 2032/6919/6919 2029/6920/6920
f 2030/6921/6921 2029/6922/6922 2033/6923/6923
f 2030/6921/6921 2033/6923/6923 2034/6924/6924
f 2031/6925/6925 2035/6926/6926 2036/6927/6927
f 2031/6925/6925 2036/6927/6927 2032/6928/6928
f 2030/6929/6929 2034/6930/6930 2035/6931/6931
f 2030/6929/6929 2035/6931/6931 2031/6932/6932
f 2029/6933/6933 2032/6934/6934 2036/6935/6935
f 2029/6933/6933 2036/6935/6935 2033/6936/6936
f 2034/6937/6937 2033/6938/6938 2037/6939/6939
f 2034/6937/6937 2037/6939/6939 1140/6940/6940
f 2035/6941/6941 1143/6942/6942 2038/6943/6943
f 2035/6941/6941 2038/6943/6943 2036/6944/6944
f 1140/6945/6945 2037/6946/6946 2038/6947/6947
f 1140/6945/6945 2038/6947/6947 1143/6948/6948
f 2034/6949/6949 1140/6950/6950 1143/6951/6951
f 2034/6949/6949 1143/6951/6951 2035/6952/6952
f 2033/6953/6953 2036/6954/6954 2038/6955/6955
f 2033/6953/6953 2038/6955/6955 2037/6956/6956
f 2003/6957/6957 2039/6958/6958 2040/6959/6959
f 2003/6957/6957 2040/6959/6959 2041/6960/6960
f 2005/6961/6961 2042/6962/6962 2043/6963/6963
f 2005/6961/6961 2043/6963/6963 2044/6964/6964
f 2003/6965/6965 2005/6966/6966 2044/6967/6967
f 2003/6965/6965 2044/6967/6967 2039/6968/6968
f 2041/6969/6969 2040/6970/6970 2043/6971/6971
f 2041/6969/6969 2043/6971/6971 2042/6972/6972
f 2045/6973/6973 2046/6974/6974 2047/6975/6975
f 2045/6973/6973 2047/6975/6975 2048/6976/6976
f 2044/6977/6977 2043/6978/6978 2049/6979/6979
f 2044/6977/6977 2049/6979/6979 2050/6980/6980
f 2045/6981/6981 2044/6982/6982 2050/6983/6983
f 2045/6981/6981 2050/6983/6983 2046/6984/6984
f 2048/6985/6985 2047/6986/6986 2049/6987/6987
f 2048/6985/6985 2049/6987/6987 2043/6988/6988
f 2051/6989/6989 2002/6990/6990 2052/6991/6991
f 2051/6989/6989 2052/6991/6991 2053/6992/6992
f 2050/6993/6993 2049/6994/6994 2054/6995/6995
f 2050/6993/6993 2054/6995/6995 1977/6996/6996
f 2051/6997/6997 2050/6998/6998 1977/6999/6999
f 2051/6997/6997 1977/6999/6999 2002/7000/7000
f 2053/7001/7001 2052/7002/7002 2054/7003/7003
f 2053/7001/7001 2054/7003/7003 2049/7004/7004
f 2055/7005/7005 2056/7006/7006 2057/7007/7007
f 2055/7005/7005 2057/7007/7007 2058/7008/7008
f 2059/7009/7009 1142/7010/7010 1143/7011/7011
f 2059/7009/7009 1143/7011/7011 2060/7012/7012
f 2055/7013/7013 2059/7014/7014 2060/7015/7015
f 2055/7013/7013 2060/7015/7015 2056/7016/7016
f 2058/7017/7017 2057/7018/7018 1143/7019/7019
f 2058/7017/7017 1143/7019/7019 1142/7020/7020
f 2061/7021/7021 2052/7022/7022 2056/7023/7023
f 2061/7021/7021 2056/7023/7023 2062/7024/7024
f 2063/7025/7025 2064/7026/7026 2060/7027/7027
f 2063/7025/7025 2060/7027/7027 2054/7028/7028
f 2061/7029/7029 2063/7030/7030 2054/7031/7031
f 2061/7029/7029 2054/7031/7031 2052/7032/7032
f 2062/7033/7033 2056/7034/7034 2060/7035/7035
f 2062/7033/7033 2060/7035/7035 2064/7036/7036
f 2061/7037/7037 2062/7038/7038 2064/7039/7039
f 2061/7037/7037 2064/7039/7039 2063/7040/7040
f 2065/7041/7041 2066/7042/7042 2067/7043/7043
f 2065/7041/7041 2067/7043/7043 2068/7044/7044
f 2069/7045/7045 2070/7046/7046 2071/7047/7047
f 2069/7045/7045 2071/7047/7047 2072/7048/7048
f 2065/7049/7049 2069/7050/7050 2072/7051/7051
f 2065/7049/7049 2072/7051/7051 2066/7052/7052
f 2065/7053/7053 2068/7054/7054 2070/7055/7055
f 2065/7053/7053 2070/7055/7055 2069/7056/7056
f 2066/7057/7057 2072/7058/7058 2071/7059/7059
f 2066/7057/7057 2071/7059/7059 2067/7060/7060
f 2068/7061/7061 2067/7062/7062 1144/7063/7063
f 2068/7061/7061 1144/7063/7063 2073/7064/7064
f 2070/7065/7065 2074/7066/7066 2075/7067/7067
f 2070/7065/7065 2075/7067/7067 2071/7068/7068
f 2073/7069/7069 1144/7070/7070 2075/7071/7071
f 2073/7069/7069 2075/7071/7071 2074/7072/7072
f 2068/7073/7073 2073/7074/7074 2074/7075/7075
f 2068/7073/7073 2074/7075/7075 2070/7076/7076
f 2067/7077/7077 2071/7078/7078 2075/7079/7079
f 2067/7077/7077 2075/7079/7079 1144/7080/7080
