mtllib TorusDistrict_Terrace06.mtl
o TorusDistrict_Terrace06
usemtl TorusDistrictLandscape
v -4.113078339 0.054257848 -1.750000000
v -4.113078339 0.054257848 1.750000000
v -3.629235579 0.045564274 1.750000000
v -3.629235579 0.045564274 -1.750000000
v -4.113364652 0.039260580 1.750000000
v -4.113364652 0.039260580 -1.750000000
v -3.629488212 0.030566401 -1.750000000
v -3.629488212 0.030566401 1.750000000
v -4.113364652 0.039260580 -1.750000000
v -4.113078339 0.054257848 -1.750000000
v -3.629235579 0.045564274 -1.750000000
v -3.629488212 0.030566401 -1.750000000
v -4.113078339 0.054257848 1.750000000
v -4.113364652 0.039260580 1.750000000
v -3.629488212 0.030566401 1.750000000
v -3.629235579 0.045564274 1.750000000
v -3.629235579 0.045564274 -1.750000000
v -3.629235579 0.045564274 1.750000000
v -3.145374516 0.037957301 1.750000000
v -3.145374516 0.037957301 -1.750000000
v -3.629488212 0.030566401 1.750000000
v -3.629488212 0.030566401 -1.750000000
v -3.145593467 0.022958899 -1.750000000
v -3.145593467 0.022958899 1.750000000
v -3.629488212 0.030566401 -1.750000000
v -3.629235579 0.045564274 -1.750000000
v -3.145374516 0.037957301 -1.750000000
v -3.145593467 0.022958899 -1.750000000
v -3.629235579 0.045564274 1.750000000
v -3.629488212 0.030566401 1.750000000
v -3.145593467 0.022958899 1.750000000
v -3.145374516 0.037957301 1.750000000
v -3.145374516 0.037957301 -1.750000000
v -3.145374516 0.037957301 1.750000000
v -2.661497590 0.031436967 1.750000000
v -2.661497590 0.031436967 -1.750000000
v -3.145593467 0.022958899 1.750000000
v -3.145593467 0.022958899 -1.750000000
v -2.661682858 0.016438111 -1.750000000
v -2.661682858 0.016438111 1.750000000
v -3.145593467 0.022958899 -1.750000000
v -3.145374516 0.037957301 -1.750000000
v -2.661497590 0.031436967 -1.750000000
v -2.661682858 0.016438111 -1.750000000
v -3.145374516 0.037957301 1.750000000
v -3.145593467 0.022958899 1.750000000
v -2.661682858 0.016438111 1.750000000
v -2.661497590 0.031436967 1.750000000
v -2.661497590 0.031436967 -1.750000000
v -2.661497590 0.031436967 1.750000000
v -2.177607241 0.026003305 1.750000000
v -2.177607241 0.026003305 -1.750000000
v -2.661682858 0.016438111 1.750000000
v -2.661682858 0.016438111 -1.750000000
v -2.177758826 0.011004071 -1.750000000
v -2.177758826 0.011004071 1.750000000
v -2.661682858 0.016438111 -1.750000000
v -2.661497590 0.031436967 -1.750000000
v -2.177607241 0.026003305 -1.750000000
v -2.177758826 0.011004071 -1.750000000
v -2.661497590 0.031436967 1.750000000
v -2.661682858 0.016438111 1.750000000
v -2.177758826 0.011004071 1.750000000
v -2.177607241 0.026003305 1.750000000
v -2.177607241 0.026003305 -1.750000000
v -2.177607241 0.026003305 1.750000000
v -1.693705910 0.021656343 1.750000000
v -1.693705910 0.021656343 -1.750000000
v -2.177758826 0.011004071 1.750000000
v -2.177758826 0.011004071 -1.750000000
v -1.693823810 0.006656806 -1.750000000
v -1.693823810 0.006656806 1.750000000
v -2.177758826 0.011004071 -1.750000000
v -2.177607241 0.026003305 -1.750000000
v -1.693705910 0.021656343 -1.750000000
v -1.693823810 0.006656806 -1.750000000
v -2.177607241 0.026003305 1.750000000
v -2.177758826 0.011004071 1.750000000
v -1.693823810 0.006656806 1.750000000
v -1.693705910 0.021656343 1.750000000
v -1.693705910 0.021656343 -1.750000000
v -1.693705910 0.021656343 1.750000000
v -1.209796037 0.018396102 1.750000000
v -1.209796037 0.018396102 -1.750000000
v -1.693823810 0.006656806 1.750000000
v -1.693823810 0.006656806 -1.750000000
v -1.209880252 0.003396338 -1.750000000
v -1.209880252 0.003396338 1.750000000
v -1.693823810 0.006656806 -1.750000000
v -1.693705910 0.021656343 -1.750000000
v -1.209796037 0.018396102 -1.750000000
v -1.209880252 0.003396338 -1.750000000
v -1.693705910 0.021656343 1.750000000
v -1.693823810 0.006656806 1.750000000
v -1.209880252 0.003396338 1.750000000
v -1.209796037 0.018396102 1.750000000
v -1.209796037 0.018396102 -1.750000000
v -1.209796037 0.018396102 1.750000000
v -0.725880063 0.016222599 1.750000000
v -0.725880063 0.016222599 -1.750000000
v -1.209880252 0.003396338 1.750000000
v -1.209880252 0.003396338 -1.750000000
v -0.725930592 0.001222684 -1.750000000
v -0.725930592 0.001222684 1.750000000
v -1.209880252 0.003396338 -1.750000000
v -1.209796037 0.018396102 -1.750000000
v -0.725880063 0.016222599 -1.750000000
v -0.725930592 0.001222684 -1.750000000
v -1.209796037 0.018396102 1.750000000
v -1.209880252 0.003396338 1.750000000
v -0.725930592 0.001222684 1.750000000
v -0.725880063 0.016222599 1.750000000
v -0.725880063 0.016222599 -1.750000000
v -0.725880063 0.016222599 1.750000000
v -0.241960428 0.015135844 1.750000000
v -0.241960428 0.015135844 -1.750000000
v -0.725930592 0.001222684 1.750000000
v -0.725930592 0.001222684 -1.750000000
v -0.241977271 0.000135854 -1.750000000
v -0.241977271 0.000135854 1.750000000
v -0.725930592 0.001222684 -1.750000000
v -0.725880063 0.016222599 -1.750000000
v -0.241960428 0.015135844 -1.750000000
v -0.241977271 0.000135854 -1.750000000
v -0.725880063 0.016222599 1.750000000
v -0.725930592 0.001222684 1.750000000
v -0.241977271 0.000135854 1.750000000
v -0.241960428 0.015135844 1.750000000
v -0.241960428 0.015135844 -1.750000000
v -0.241960428 0.015135844 1.750000000
v 0.241960428 0.015135844 1.750000000
v 0.241960428 0.015135844 -1.750000000
v -0.241977271 0.000135854 1.750000000
v -0.241977271 0.000135854 -1.750000000
v 0.241977271 0.000135854 -1.750000000
v 0.241977271 0.000135854 1.750000000
v -0.241977271 0.000135854 -1.750000000
v -0.241960428 0.015135844 -1.750000000
v 0.241960428 0.015135844 -1.750000000
v 0.241977271 0.000135854 -1.750000000
v -0.241960428 0.015135844 1.750000000
v -0.241977271 0.000135854 1.750000000
v 0.241977271 0.000135854 1.750000000
v 0.241960428 0.015135844 1.750000000
v 0.241960428 0.015135844 -1.750000000
v 0.241960428 0.015135844 1.750000000
v 0.725880063 0.016222599 1.750000000
v 0.725880063 0.016222599 -1.750000000
v 0.241977271 0.000135854 1.750000000
v 0.241977271 0.000135854 -1.750000000
v 0.725930592 0.001222684 -1.750000000
v 0.725930592 0.001222684 1.750000000
v 0.241977271 0.000135854 -1.750000000
v 0.241960428 0.015135844 -1.750000000
v 0.725880063 0.016222599 -1.750000000
v 0.725930592 0.001222684 -1.750000000
v 0.241960428 0.015135844 1.750000000
v 0.241977271 0.000135854 1.750000000
v 0.725930592 0.001222684 1.750000000
v 0.725880063 0.016222599 1.750000000
v 0.725880063 0.016222599 -1.750000000
v 0.725880063 0.016222599 1.750000000
v 1.209796037 0.018396102 1.750000000
v 1.209796037 0.018396102 -1.750000000
v 0.725930592 0.001222684 1.750000000
v 0.725930592 0.001222684 -1.750000000
v 1.209880252 0.003396338 -1.750000000
v 1.209880252 0.003396338 1.750000000
v 0.725930592 0.001222684 -1.750000000
v 0.725880063 0.016222599 -1.750000000
v 1.209796037 0.018396102 -1.750000000
v 1.209880252 0.003396338 -1.750000000
v 0.725880063 0.016222599 1.750000000
v 0.725930592 0.001222684 1.750000000
v 1.209880252 0.003396338 1.750000000
v 1.209796037 0.018396102 1.750000000
v 1.209796037 0.018396102 -1.750000000
v 1.209796037 0.018396102 1.750000000
v 1.693705910 0.021656343 1.750000000
v 1.693705910 0.021656343 -1.750000000
v 1.209880252 0.003396338 1.750000000
v 1.209880252 0.003396338 -1.750000000
v 1.693823810 0.006656806 -1.750000000
v 1.693823810 0.006656806 1.750000000
v 1.209880252 0.003396338 -1.750000000
v 1.209796037 0.018396102 -1.750000000
v 1.693705910 0.021656343 -1.750000000
v 1.693823810 0.006656806 -1.750000000
v 1.209796037 0.018396102 1.750000000
v 1.209880252 0.003396338 1.750000000
v 1.693823810 0.006656806 1.750000000
v 1.693705910 0.021656343 1.750000000
v 1.693705910 0.021656343 -1.750000000
v 1.693705910 0.021656343 1.750000000
v 2.177607241 0.026003305 1.750000000
v 2.177607241 0.026003305 -1.750000000
v 1.693823810 0.006656806 1.750000000
v 1.693823810 0.006656806 -1.750000000
v 2.177758826 0.011004071 -1.750000000
v 2.177758826 0.011004071 1.750000000
v 1.693823810 0.006656806 -1.750000000
v 1.693705910 0.021656343 -1.750000000
v 2.177607241 0.026003305 -1.750000000
v 2.177758826 0.011004071 -1.750000000
v 1.693705910 0.021656343 1.750000000
v 1.693823810 0.006656806 1.750000000
v 2.177758826 0.011004071 1.750000000
v 2.177607241 0.026003305 1.750000000
v 2.177607241 0.026003305 -1.750000000
v 2.177607241 0.026003305 1.750000000
v 2.661497590 0.031436967 1.750000000
v 2.661497590 0.031436967 -1.750000000
v 2.177758826 0.011004071 1.750000000
v 2.177758826 0.011004071 -1.750000000
v 2.661682858 0.016438111 -1.750000000
v 2.661682858 0.016438111 1.750000000
v 2.177758826 0.011004071 -1.750000000
v 2.177607241 0.026003305 -1.750000000
v 2.661497590 0.031436967 -1.750000000
v 2.661682858 0.016438111 -1.750000000
v 2.177607241 0.026003305 1.750000000
v 2.177758826 0.011004071 1.750000000
v 2.661682858 0.016438111 1.750000000
v 2.661497590 0.031436967 1.750000000
v 2.661497590 0.031436967 -1.750000000
v 2.661497590 0.031436967 1.750000000
v 3.145374516 0.037957301 1.750000000
v 3.145374516 0.037957301 -1.750000000
v 2.661682858 0.016438111 1.750000000
v 2.661682858 0.016438111 -1.750000000
v 3.145593467 0.022958899 -1.750000000
v 3.145593467 0.022958899 1.750000000
v 2.661682858 0.016438111 -1.750000000
v 2.661497590 0.031436967 -1.750000000
v 3.145374516 0.037957301 -1.750000000
v 3.145593467 0.022958899 -1.750000000
v 2.661497590 0.031436967 1.750000000
v 2.661682858 0.016438111 1.750000000
v 3.145593467 0.022958899 1.750000000
v 3.145374516 0.037957301 1.750000000
v 3.145374516 0.037957301 -1.750000000
v 3.145374516 0.037957301 1.750000000
v 3.629235579 0.045564274 1.750000000
v 3.629235579 0.045564274 -1.750000000
v 3.145593467 0.022958899 1.750000000
v 3.145593467 0.022958899 -1.750000000
v 3.629488212 0.030566401 -1.750000000
v 3.629488212 0.030566401 1.750000000
v 3.145593467 0.022958899 -1.750000000
v 3.145374516 0.037957301 -1.750000000
v 3.629235579 0.045564274 -1.750000000
v 3.629488212 0.030566401 -1.750000000
v 3.145374516 0.037957301 1.750000000
v 3.145593467 0.022958899 1.750000000
v 3.629488212 0.030566401 1.750000000
v 3.629235579 0.045564274 1.750000000
v 3.629235579 0.045564274 -1.750000000
v 3.629235579 0.045564274 1.750000000
v 4.113078339 0.054257848 1.750000000
v 4.113078339 0.054257848 -1.750000000
v 3.629488212 0.030566401 1.750000000
v 3.629488212 0.030566401 -1.750000000
v 4.113364652 0.039260580 -1.750000000
v 4.113364652 0.039260580 1.750000000
v 3.629488212 0.030566401 -1.750000000
v 3.629235579 0.045564274 -1.750000000
v 4.113078339 0.054257848 -1.750000000
v 4.113364652 0.039260580 -1.750000000
v 3.629235579 0.045564274 1.750000000
v 3.629488212 0.030566401 1.750000000
v 4.113364652 0.039260580 1.750000000
v 4.113078339 0.054257848 1.750000000
v -4.113364652 0.039260580 1.750000000
v -4.113078339 0.054257848 1.750000000
v -4.113078339 0.054257848 -1.750000000
v -4.113364652 0.039260580 -1.750000000
v 4.113364652 0.039260580 -1.750000000
v 4.113078339 0.054257848 -1.750000000
v 4.113078339 0.054257848 1.750000000
v 4.113364652 0.039260580 1.750000000
v -2.263057261 0.126889337 -1.332500000
v -2.263057261 0.126889337 -1.217500000
v -2.223080775 0.126472990 -1.217500000
v -2.223080775 0.126472990 -1.332500000
v -2.264107964 0.026894857 -1.217500000
v -2.264107964 0.026894857 -1.332500000
v -2.224112917 0.026478316 -1.332500000
v -2.224112917 0.026478316 -1.217500000
v -2.264107964 0.026894857 -1.332500000
v -2.263057261 0.126889337 -1.332500000
v -2.223080775 0.126472990 -1.332500000
v -2.224112917 0.026478316 -1.332500000
v -2.263057261 0.126889337 -1.217500000
v -2.264107964 0.026894857 -1.217500000
v -2.224112917 0.026478316 -1.217500000
v -2.223080775 0.126472990 -1.217500000
v -2.264107964 0.026894857 -1.217500000
v -2.263057261 0.126889337 -1.217500000
v -2.263057261 0.126889337 -1.332500000
v -2.264107964 0.026894857 -1.332500000
v -2.224112917 0.026478316 -1.332500000
v -2.223080775 0.126472990 -1.332500000
v -2.223080775 0.126472990 -1.217500000
v -2.224112917 0.026478316 -1.217500000
v -1.888274829 0.123277388 -1.332500000
v -1.888274829 0.123277388 -1.217500000
v -1.848297678 0.122930606 -1.217500000
v -1.848297678 0.122930606 -1.332500000
v -1.889151526 0.023281231 -1.217500000
v -1.889151526 0.023281231 -1.332500000
v -1.849155815 0.022934288 -1.332500000
v -1.849155815 0.022934288 -1.217500000
v -1.889151526 0.023281231 -1.332500000
v -1.888274829 0.123277388 -1.332500000
v -1.848297678 0.122930606 -1.332500000
v -1.849155815 0.022934288 -1.332500000
v -1.888274829 0.123277388 -1.217500000
v -1.889151526 0.023281231 -1.217500000
v -1.849155815 0.022934288 -1.217500000
v -1.848297678 0.122930606 -1.217500000
v -1.889151526 0.023281231 -1.217500000
v -1.888274829 0.123277388 -1.217500000
v -1.888274829 0.123277388 -1.332500000
v -1.889151526 0.023281231 -1.332500000
v -1.849155815 0.022934288 -1.332500000
v -1.848297678 0.122930606 -1.332500000
v -1.848297678 0.122930606 -1.217500000
v -1.849155815 0.022934288 -1.217500000
v -2.292826650 0.147205333 -1.345000000
v -2.292826650 0.147205333 -1.205000000
v -1.818145931 0.142674677 -1.205000000
v -1.818145931 0.142674677 -1.345000000
v -2.293039574 0.127206466 -1.205000000
v -2.293039574 0.127206466 -1.345000000
v -1.818314774 0.122675389 -1.345000000
v -1.818314774 0.122675389 -1.205000000
v -2.293039574 0.127206466 -1.345000000
v -2.292826650 0.147205333 -1.345000000
v -1.818145931 0.142674677 -1.345000000
v -1.818314774 0.122675389 -1.345000000
v -2.292826650 0.147205333 -1.205000000
v -2.293039574 0.127206466 -1.205000000
v -1.818314774 0.122675389 -1.205000000
v -1.818145931 0.142674677 -1.205000000
v -2.293039574 0.127206466 -1.205000000
v -2.292826650 0.147205333 -1.205000000
v -2.292826650 0.147205333 -1.345000000
v -2.293039574 0.127206466 -1.345000000
v -1.818314774 0.122675389 -1.345000000
v -1.818145931 0.142674677 -1.345000000
v -1.818145931 0.142674677 -1.205000000
v -1.818314774 0.122675389 -1.205000000
v -2.291708795 0.252199382 -1.340000000
v -2.291708795 0.252199382 -1.320000000
v -1.817259504 0.247670935 -1.320000000
v -1.817259504 0.247670935 -1.340000000
v -2.292826650 0.147205333 -1.320000000
v -2.292826650 0.147205333 -1.340000000
v -1.818145931 0.142674677 -1.340000000
v -1.818145931 0.142674677 -1.320000000
v -2.292826650 0.147205333 -1.340000000
v -2.291708795 0.252199382 -1.340000000
v -1.817259504 0.247670935 -1.340000000
v -1.818145931 0.142674677 -1.340000000
v -2.291708795 0.252199382 -1.320000000
v -2.292826650 0.147205333 -1.320000000
v -1.818145931 0.142674677 -1.320000000
v -1.817259504 0.247670935 -1.320000000
v -2.292826650 0.147205333 -1.320000000
v -2.291708795 0.252199382 -1.320000000
v -2.291708795 0.252199382 -1.340000000
v -2.292826650 0.147205333 -1.340000000
v -1.818145931 0.142674677 -1.340000000
v -1.817259504 0.247670935 -1.340000000
v -1.817259504 0.247670935 -1.320000000
v -1.818145931 0.142674677 -1.320000000
v -3.180584312 0.098480719 -1.337500000
v -3.180584312 0.098480719 -1.062500000
v -2.880718423 0.094261714 -1.062500000
v -2.880718423 0.094261714 -1.337500000
v -3.181470166 0.038487259 -1.062500000
v -3.181470166 0.038487259 -1.337500000
v -2.881520759 0.034267079 -1.337500000
v -2.881520759 0.034267079 -1.062500000
v -3.181470166 0.038487259 -1.337500000
v -3.180584312 0.098480719 -1.337500000
v -2.880718423 0.094261714 -1.337500000
v -2.881520759 0.034267079 -1.337500000
v -3.180584312 0.098480719 -1.062500000
v -3.181470166 0.038487259 -1.062500000
v -2.881520759 0.034267079 -1.062500000
v -2.880718423 0.094261714 -1.062500000
v -2.880718423 0.094261714 -1.337500000
v -2.880718423 0.094261714 -1.062500000
v -2.580846952 0.090460160 -1.062500000
v -2.580846952 0.090460160 -1.337500000
v -2.881520759 0.034267079 -1.062500000
v -2.881520759 0.034267079 -1.337500000
v -2.581565767 0.030464466 -1.337500000
v -2.581565767 0.030464466 -1.062500000
v -2.881520759 0.034267079 -1.337500000
v -2.880718423 0.094261714 -1.337500000
v -2.580846952 0.090460160 -1.337500000
v -2.581565767 0.030464466 -1.337500000
v -2.880718423 0.094261714 -1.062500000
v -2.881520759 0.034267079 -1.062500000
v -2.581565767 0.030464466 -1.062500000
v -2.580846952 0.090460160 -1.062500000
v -3.181470166 0.038487259 -1.062500000
v -3.180584312 0.098480719 -1.062500000
v -3.180584312 0.098480719 -1.337500000
v -3.181470166 0.038487259 -1.337500000
v -2.581565767 0.030464466 -1.337500000
v -2.580846952 0.090460160 -1.337500000
v -2.580846952 0.090460160 -1.062500000
v -2.581565767 0.030464466 -1.062500000
v -3.155504164 0.104362521 -1.312500000
v -3.155504164 0.104362521 -1.087500000
v -2.880634847 0.100511156 -1.087500000
v -2.880634847 0.100511156 -1.312500000
v -3.155595716 0.098113191 -1.087500000
v -3.155595716 0.098113191 -1.312500000
v -2.880718423 0.094261714 -1.312500000
v -2.880718423 0.094261714 -1.087500000
v -3.155595716 0.098113191 -1.312500000
v -3.155504164 0.104362521 -1.312500000
v -2.880634847 0.100511156 -1.312500000
v -2.880718423 0.094261714 -1.312500000
v -3.155504164 0.104362521 -1.087500000
v -3.155595716 0.098113191 -1.087500000
v -2.880718423 0.094261714 -1.087500000
v -2.880634847 0.100511156 -1.087500000
v -2.880634847 0.100511156 -1.312500000
v -2.880634847 0.100511156 -1.087500000
v -2.605760838 0.097010555 -1.087500000
v -2.605760838 0.097010555 -1.312500000
v -2.880718423 0.094261714 -1.087500000
v -2.880718423 0.094261714 -1.312500000
v -2.605836440 0.090761012 -1.312500000
v -2.605836440 0.090761012 -1.087500000
v -2.880718423 0.094261714 -1.312500000
v -2.880634847 0.100511156 -1.312500000
v -2.605760838 0.097010555 -1.312500000
v -2.605836440 0.090761012 -1.312500000
v -2.880634847 0.100511156 -1.087500000
v -2.880718423 0.094261714 -1.087500000
v -2.605836440 0.090761012 -1.087500000
v -2.605760838 0.097010555 -1.087500000
v -3.155595716 0.098113191 -1.087500000
v -3.155504164 0.104362521 -1.087500000
v -3.155504164 0.104362521 -1.312500000
v -3.155595716 0.098113191 -1.312500000
v -2.605836440 0.090761012 -1.312500000
v -2.605760838 0.097010555 -1.312500000
v -2.605760838 0.097010555 -1.087500000
v -2.605836440 0.090761012 -1.087500000
v -3.043287772 0.086496188 -1.200000000
v -2.932900382 0.117968021 -1.200000000
v -2.987861092 0.118723446 -1.124596088
v -2.932900382 0.117968021 -1.200000000
v -2.932301281 0.161963942 -1.200000000
v -2.987250763 0.162719213 -1.124596088
v -2.987861092 0.118723446 -1.124596088
v -2.932301281 0.161963942 -1.200000000
v -3.041733885 0.196485212 -1.200000000
v -2.987250763 0.162719213 -1.124596088
v -3.043287772 0.086496188 -1.200000000
v -2.987861092 0.118723446 -1.124596088
v -3.097781923 0.120276369 -1.124596088
v -2.987861092 0.118723446 -1.124596088
v -2.987250763 0.162719213 -1.124596088
v -3.097149142 0.164271819 -1.124596088
v -3.097781923 0.120276369 -1.124596088
v -2.987250763 0.162719213 -1.124596088
v -3.041733885 0.196485212 -1.200000000
v -3.097149142 0.164271819 -1.124596088
v -3.043287772 0.086496188 -1.200000000
v -3.097781923 0.120276369 -1.124596088
v -3.152742038 0.121073868 -1.200000000
v -3.097781923 0.120276369 -1.124596088
v -3.097149142 0.164271819 -1.124596088
v -3.152098030 0.165069155 -1.200000000
v -3.152742038 0.121073868 -1.200000000
v -3.097149142 0.164271819 -1.124596088
v -3.041733885 0.196485212 -1.200000000
v -3.152098030 0.165069155 -1.200000000
v -3.043287772 0.086496188 -1.200000000
v -3.152742038 0.121073868 -1.200000000
v -3.097781923 0.120276369 -1.275403912
v -3.152742038 0.121073868 -1.200000000
v -3.152098030 0.165069155 -1.200000000
v -3.097149142 0.164271819 -1.275403912
v -3.097781923 0.120276369 -1.275403912
v -3.152098030 0.165069155 -1.200000000
v -3.041733885 0.196485212 -1.200000000
v -3.097149142 0.164271819 -1.275403912
v -3.043287772 0.086496188 -1.200000000
v -3.097781923 0.120276369 -1.275403912
v -2.987861092 0.118723446 -1.275403912
v -3.097781923 0.120276369 -1.275403912
v -3.097149142 0.164271819 -1.275403912
v -2.987250763 0.162719213 -1.275403912
v -2.987861092 0.118723446 -1.275403912
v -3.097149142 0.164271819 -1.275403912
v -3.041733885 0.196485212 -1.200000000
v -2.987250763 0.162719213 -1.275403912
v -3.043287772 0.086496188 -1.200000000
v -2.987861092 0.118723446 -1.275403912
v -2.932900382 0.117968021 -1.200000000
v -2.987861092 0.118723446 -1.275403912
v -2.987250763 0.162719213 -1.275403912
v -2.932301281 0.161963942 -1.200000000
v -2.932900382 0.117968021 -1.200000000
v -2.987250763 0.162719213 -1.275403912
v -3.041733885 0.196485212 -1.200000000
v -2.932301281 0.161963942 -1.200000000
v -2.718414881 0.082151516 -1.200000000
v -2.608075080 0.113789791 -1.200000000
v -2.663036866 0.114462327 -1.124596088
v -2.608075080 0.113789791 -1.200000000
v -2.607542330 0.157786565 -1.200000000
v -2.662492890 0.158458964 -1.124596088
v -2.663036866 0.114462327 -1.124596088
v -2.607542330 0.157786565 -1.200000000
v -2.717026873 0.192142758 -1.200000000
v -2.662492890 0.158458964 -1.124596088
v -2.718414881 0.082151516 -1.200000000
v -2.663036866 0.114462327 -1.124596088
v -2.772959915 0.115849475 -1.124596088
v -2.663036866 0.114462327 -1.124596088
v -2.662492890 0.158458964 -1.124596088
v -2.772393484 0.159845829 -1.124596088
v -2.772959915 0.115849475 -1.124596088
v -2.662492890 0.158458964 -1.124596088
v -2.717026873 0.192142758 -1.200000000
v -2.772393484 0.159845829 -1.124596088
v -2.718414881 0.082151516 -1.200000000
v -2.772959915 0.115849475 -1.124596088
v -2.827921170 0.116564087 -1.200000000
v -2.772959915 0.115849475 -1.124596088
v -2.772393484 0.159845829 -1.124596088
v -2.827343513 0.160560295 -1.200000000
v -2.827921170 0.116564087 -1.200000000
v -2.772393484 0.159845829 -1.124596088
v -2.717026873 0.192142758 -1.200000000
v -2.827343513 0.160560295 -1.200000000
v -2.718414881 0.082151516 -1.200000000
v -2.827921170 0.116564087 -1.200000000
v -2.772959915 0.115849475 -1.275403912
v -2.827921170 0.116564087 -1.200000000
v -2.827343513 0.160560295 -1.200000000
v -2.772393484 0.159845829 -1.275403912
v -2.772959915 0.115849475 -1.275403912
v -2.827343513 0.160560295 -1.200000000
v -2.717026873 0.192142758 -1.200000000
v -2.772393484 0.159845829 -1.275403912
v -2.718414881 0.082151516 -1.200000000
v -2.772959915 0.115849475 -1.275403912
v -2.663036866 0.114462327 -1.275403912
v -2.772959915 0.115849475 -1.275403912
v -2.772393484 0.159845829 -1.275403912
v -2.662492890 0.158458964 -1.275403912
v -2.663036866 0.114462327 -1.275403912
v -2.772393484 0.159845829 -1.275403912
v -2.717026873 0.192142758 -1.200000000
v -2.662492890 0.158458964 -1.275403912
v -2.718414881 0.082151516 -1.200000000
v -2.663036866 0.114462327 -1.275403912
v -2.608075080 0.113789791 -1.200000000
v -2.663036866 0.114462327 -1.275403912
v -2.662492890 0.158458964 -1.275403912
v -2.607542330 0.157786565 -1.200000000
v -2.608075080 0.113789791 -1.200000000
v -2.662492890 0.158458964 -1.275403912
v -2.717026873 0.192142758 -1.200000000
v -2.607542330 0.157786565 -1.200000000
v 1.848297678 0.122930606 1.067500000
v 1.848297678 0.122930606 1.182500000
v 1.888274829 0.123277388 1.182500000
v 1.888274829 0.123277388 1.067500000
v 1.849155815 0.022934288 1.182500000
v 1.849155815 0.022934288 1.067500000
v 1.889151526 0.023281231 1.067500000
v 1.889151526 0.023281231 1.182500000
v 1.849155815 0.022934288 1.067500000
v 1.848297678 0.122930606 1.067500000
v 1.888274829 0.123277388 1.067500000
v 1.889151526 0.023281231 1.067500000
v 1.848297678 0.122930606 1.182500000
v 1.849155815 0.022934288 1.182500000
v 1.889151526 0.023281231 1.182500000
v 1.888274829 0.123277388 1.182500000
v 1.849155815 0.022934288 1.182500000
v 1.848297678 0.122930606 1.182500000
v 1.848297678 0.122930606 1.067500000
v 1.849155815 0.022934288 1.067500000
v 1.889151526 0.023281231 1.067500000
v 1.888274829 0.123277388 1.067500000
v 1.888274829 0.123277388 1.182500000
v 1.889151526 0.023281231 1.182500000
v 2.223080775 0.126472990 1.067500000
v 2.223080775 0.126472990 1.182500000
v 2.263057261 0.126889337 1.182500000
v 2.263057261 0.126889337 1.067500000
v 2.224112917 0.026478316 1.182500000
v 2.224112917 0.026478316 1.067500000
v 2.264107964 0.026894857 1.067500000
v 2.264107964 0.026894857 1.182500000
v 2.224112917 0.026478316 1.067500000
v 2.223080775 0.126472990 1.067500000
v 2.263057261 0.126889337 1.067500000
v 2.264107964 0.026894857 1.067500000
v 2.223080775 0.126472990 1.182500000
v 2.224112917 0.026478316 1.182500000
v 2.264107964 0.026894857 1.182500000
v 2.263057261 0.126889337 1.182500000
v 2.224112917 0.026478316 1.182500000
v 2.223080775 0.126472990 1.182500000
v 2.223080775 0.126472990 1.067500000
v 2.224112917 0.026478316 1.067500000
v 2.264107964 0.026894857 1.067500000
v 2.263057261 0.126889337 1.067500000
v 2.263057261 0.126889337 1.182500000
v 2.264107964 0.026894857 1.182500000
v 1.818145931 0.142674677 1.055000000
v 1.818145931 0.142674677 1.195000000
v 2.292826650 0.147205333 1.195000000
v 2.292826650 0.147205333 1.055000000
v 1.818314774 0.122675389 1.195000000
v 1.818314774 0.122675389 1.055000000
v 2.293039574 0.127206466 1.055000000
v 2.293039574 0.127206466 1.195000000
v 1.818314774 0.122675389 1.055000000
v 1.818145931 0.142674677 1.055000000
v 2.292826650 0.147205333 1.055000000
v 2.293039574 0.127206466 1.055000000
v 1.818145931 0.142674677 1.195000000
v 1.818314774 0.122675389 1.195000000
v 2.293039574 0.127206466 1.195000000
v 2.292826650 0.147205333 1.195000000
v 1.818314774 0.122675389 1.195000000
v 1.818145931 0.142674677 1.195000000
v 1.818145931 0.142674677 1.055000000
v 1.818314774 0.122675389 1.055000000
v 2.293039574 0.127206466 1.055000000
v 2.292826650 0.147205333 1.055000000
v 2.292826650 0.147205333 1.195000000
v 2.293039574 0.127206466 1.195000000
v 1.817259504 0.247670935 1.060000000
v 1.817259504 0.247670935 1.080000000
v 2.291708795 0.252199382 1.080000000
v 2.291708795 0.252199382 1.060000000
v 1.818145931 0.142674677 1.080000000
v 1.818145931 0.142674677 1.060000000
v 2.292826650 0.147205333 1.060000000
v 2.292826650 0.147205333 1.080000000
v 1.818145931 0.142674677 1.060000000
v 1.817259504 0.247670935 1.060000000
v 2.291708795 0.252199382 1.060000000
v 2.292826650 0.147205333 1.060000000
v 1.817259504 0.247670935 1.080000000
v 1.818145931 0.142674677 1.080000000
v 2.292826650 0.147205333 1.080000000
v 2.291708795 0.252199382 1.080000000
v 1.818145931 0.142674677 1.080000000
v 1.817259504 0.247670935 1.080000000
v 1.817259504 0.247670935 1.060000000
v 1.818145931 0.142674677 1.060000000
v 2.292826650 0.147205333 1.060000000
v 2.291708795 0.252199382 1.060000000
v 2.291708795 0.252199382 1.080000000
v 2.292826650 0.147205333 1.080000000
v 2.580846952 0.090460160 1.062500000
v 2.580846952 0.090460160 1.337500000
v 2.880718423 0.094261714 1.337500000
v 2.880718423 0.094261714 1.062500000
v 2.581565767 0.030464466 1.337500000
v 2.581565767 0.030464466 1.062500000
v 2.881520759 0.034267079 1.062500000
v 2.881520759 0.034267079 1.337500000
v 2.581565767 0.030464466 1.062500000
v 2.580846952 0.090460160 1.062500000
v 2.880718423 0.094261714 1.062500000
v 2.881520759 0.034267079 1.062500000
v 2.580846952 0.090460160 1.337500000
v 2.581565767 0.030464466 1.337500000
v 2.881520759 0.034267079 1.337500000
v 2.880718423 0.094261714 1.337500000
v 2.880718423 0.094261714 1.062500000
v 2.880718423 0.094261714 1.337500000
v 3.180584312 0.098480719 1.337500000
v 3.180584312 0.098480719 1.062500000
v 2.881520759 0.034267079 1.337500000
v 2.881520759 0.034267079 1.062500000
v 3.181470166 0.038487259 1.062500000
v 3.181470166 0.038487259 1.337500000
v 2.881520759 0.034267079 1.062500000
v 2.880718423 0.094261714 1.062500000
v 3.180584312 0.098480719 1.062500000
v 3.181470166 0.038487259 1.062500000
v 2.880718423 0.094261714 1.337500000
v 2.881520759 0.034267079 1.337500000
v 3.181470166 0.038487259 1.337500000
v 3.180584312 0.098480719 1.337500000
v 2.581565767 0.030464466 1.337500000
v 2.580846952 0.090460160 1.337500000
v 2.580846952 0.090460160 1.062500000
v 2.581565767 0.030464466 1.062500000
v 3.181470166 0.038487259 1.062500000
v 3.180584312 0.098480719 1.062500000
v 3.180584312 0.098480719 1.337500000
v 3.181470166 0.038487259 1.337500000
v 2.605760838 0.097010555 1.087500000
v 2.605760838 0.097010555 1.312500000
v 2.880634847 0.100511156 1.312500000
v 2.880634847 0.100511156 1.087500000
v 2.605836440 0.090761012 1.312500000
v 2.605836440 0.090761012 1.087500000
v 2.880718423 0.094261714 1.087500000
v 2.880718423 0.094261714 1.312500000
v 2.605836440 0.090761012 1.087500000
v 2.605760838 0.097010555 1.087500000
v 2.880634847 0.100511156 1.087500000
v 2.880718423 0.094261714 1.087500000
v 2.605760838 0.097010555 1.312500000
v 2.605836440 0.090761012 1.312500000
v 2.880718423 0.094261714 1.312500000
v 2.880634847 0.100511156 1.312500000
v 2.880634847 0.100511156 1.087500000
v 2.880634847 0.100511156 1.312500000
v 3.155504164 0.104362521 1.312500000
v 3.155504164 0.104362521 1.087500000
v 2.880718423 0.094261714 1.312500000
v 2.880718423 0.094261714 1.087500000
v 3.155595716 0.098113191 1.087500000
v 3.155595716 0.098113191 1.312500000
v 2.880718423 0.094261714 1.087500000
v 2.880634847 0.100511156 1.087500000
v 3.155504164 0.104362521 1.087500000
v 3.155595716 0.098113191 1.087500000
v 2.880634847 0.100511156 1.312500000
v 2.880718423 0.094261714 1.312500000
v 3.155595716 0.098113191 1.312500000
v 3.155504164 0.104362521 1.312500000
v 2.605836440 0.090761012 1.312500000
v 2.605760838 0.097010555 1.312500000
v 2.605760838 0.097010555 1.087500000
v 2.605836440 0.090761012 1.087500000
v 3.155595716 0.098113191 1.087500000
v 3.155504164 0.104362521 1.087500000
v 3.155504164 0.104362521 1.312500000
v 3.155595716 0.098113191 1.312500000
v 2.718414881 0.082151516 1.200000000
v 2.827921170 0.116564087 1.200000000
v 2.772959915 0.115849475 1.275403912
v 2.827921170 0.116564087 1.200000000
v 2.827343513 0.160560295 1.200000000
v 2.772393484 0.159845829 1.275403912
v 2.772959915 0.115849475 1.275403912
v 2.827343513 0.160560295 1.200000000
v 2.717026873 0.192142758 1.200000000
v 2.772393484 0.159845829 1.275403912
v 2.718414881 0.082151516 1.200000000
v 2.772959915 0.115849475 1.275403912
v 2.663036866 0.114462327 1.275403912
v 2.772959915 0.115849475 1.275403912
v 2.772393484 0.159845829 1.275403912
v 2.662492890 0.158458964 1.275403912
v 2.663036866 0.114462327 1.275403912
v 2.772393484 0.159845829 1.275403912
v 2.717026873 0.192142758 1.200000000
v 2.662492890 0.158458964 1.275403912
v 2.718414881 0.082151516 1.200000000
v 2.663036866 0.114462327 1.275403912
v 2.608075080 0.113789791 1.200000000
v 2.663036866 0.114462327 1.275403912
v 2.662492890 0.158458964 1.275403912
v 2.607542330 0.157786565 1.200000000
v 2.608075080 0.113789791 1.200000000
v 2.662492890 0.158458964 1.275403912
v 2.717026873 0.192142758 1.200000000
v 2.607542330 0.157786565 1.200000000
v 2.718414881 0.082151516 1.200000000
v 2.608075080 0.113789791 1.200000000
v 2.663036866 0.114462327 1.124596088
v 2.608075080 0.113789791 1.200000000
v 2.607542330 0.157786565 1.200000000
v 2.662492890 0.158458964 1.124596088
v 2.663036866 0.114462327 1.124596088
v 2.607542330 0.157786565 1.200000000
v 2.717026873 0.192142758 1.200000000
v 2.662492890 0.158458964 1.124596088
v 2.718414881 0.082151516 1.200000000
v 2.663036866 0.114462327 1.124596088
v 2.772959915 0.115849475 1.124596088
v 2.663036866 0.114462327 1.124596088
v 2.662492890 0.158458964 1.124596088
v 2.772393484 0.159845829 1.124596088
v 2.772959915 0.115849475 1.124596088
v 2.662492890 0.158458964 1.124596088
v 2.717026873 0.192142758 1.200000000
v 2.772393484 0.159845829 1.124596088
v 2.718414881 0.082151516 1.200000000
v 2.772959915 0.115849475 1.124596088
v 2.827921170 0.116564087 1.200000000
v 2.772959915 0.115849475 1.124596088
v 2.772393484 0.159845829 1.124596088
v 2.827343513 0.160560295 1.200000000
v 2.827921170 0.116564087 1.200000000
v 2.772393484 0.159845829 1.124596088
v 2.717026873 0.192142758 1.200000000
v 2.827343513 0.160560295 1.200000000
v 3.043287772 0.086496188 1.200000000
v 3.152742038 0.121073868 1.200000000
v 3.097781923 0.120276369 1.275403912
v 3.152742038 0.121073868 1.200000000
v 3.152098030 0.165069155 1.200000000
v 3.097149142 0.164271819 1.275403912
v 3.097781923 0.120276369 1.275403912
v 3.152098030 0.165069155 1.200000000
v 3.041733885 0.196485212 1.200000000
v 3.097149142 0.164271819 1.275403912
v 3.043287772 0.086496188 1.200000000
v 3.097781923 0.120276369 1.275403912
v 2.987861092 0.118723446 1.275403912
v 3.097781923 0.120276369 1.275403912
v 3.097149142 0.164271819 1.275403912
v 2.987250763 0.162719213 1.275403912
v 2.987861092 0.118723446 1.275403912
v 3.097149142 0.164271819 1.275403912
v 3.041733885 0.196485212 1.200000000
v 2.987250763 0.162719213 1.275403912
v 3.043287772 0.086496188 1.200000000
v 2.987861092 0.118723446 1.275403912
v 2.932900382 0.117968021 1.200000000
v 2.987861092 0.118723446 1.275403912
v 2.987250763 0.162719213 1.275403912
v 2.932301281 0.161963942 1.200000000
v 2.932900382 0.117968021 1.200000000
v 2.987250763 0.162719213 1.275403912
v 3.041733885 0.196485212 1.200000000
v 2.932301281 0.161963942 1.200000000
v 3.043287772 0.086496188 1.200000000
v 2.932900382 0.117968021 1.200000000
v 2.987861092 0.118723446 1.124596088
v 2.932900382 0.117968021 1.200000000
v 2.932301281 0.161963942 1.200000000
v 2.987250763 0.162719213 1.124596088
v 2.987861092 0.118723446 1.124596088
v 2.932301281 0.161963942 1.200000000
v 3.041733885 0.196485212 1.200000000
v 2.987250763 0.162719213 1.124596088
v 3.043287772 0.086496188 1.200000000
v 2.987861092 0.118723446 1.124596088
v 3.097781923 0.120276369 1.124596088
v 2.987861092 0.118723446 1.124596088
v 2.987250763 0.162719213 1.124596088
v 3.097149142 0.164271819 1.124596088
v 3.097781923 0.120276369 1.124596088
v 2.987250763 0.162719213 1.124596088
v 3.041733885 0.196485212 1.200000000
v 3.097149142 0.164271819 1.124596088
v 3.043287772 0.086496188 1.200000000
v 3.097781923 0.120276369 1.124596088
v 3.152742038 0.121073868 1.200000000
v 3.097781923 0.120276369 1.124596088
v 3.097149142 0.164271819 1.124596088
v 3.152098030 0.165069155 1.200000000
v 3.152742038 0.121073868 1.200000000
v 3.097149142 0.164271819 1.124596088
v 3.041733885 0.196485212 1.200000000
v 3.152098030 0.165069155 1.200000000
v -3.800652804 0.048519933 -1.667500000
v -3.800652804 0.048519933 -1.632500000
v -3.725669462 0.047210248 -1.632500000
v -3.725669462 0.047210248 -1.667500000
v -3.800674851 0.047270127 -1.632500000
v -3.800674851 0.047270127 -1.667500000
v -3.725691074 0.045960435 -1.667500000
v -3.725691074 0.045960435 -1.632500000
v -3.800674851 0.047270127 -1.667500000
v -3.800652804 0.048519933 -1.667500000
v -3.725669462 0.047210248 -1.667500000
v -3.725691074 0.045960435 -1.667500000
v -3.800652804 0.048519933 -1.632500000
v -3.800674851 0.047270127 -1.632500000
v -3.725691074 0.045960435 -1.632500000
v -3.725669462 0.047210248 -1.632500000
v -3.800674851 0.047270127 -1.632500000
v -3.800652804 0.048519933 -1.632500000
v -3.800652804 0.048519933 -1.667500000
v -3.800674851 0.047270127 -1.667500000
v -3.725691074 0.045960435 -1.667500000
v -3.725669462 0.047210248 -1.667500000
v -3.725669462 0.047210248 -1.632500000
v -3.725691074 0.045960435 -1.632500000
v 3.725669462 0.047210248 -1.667500000
v 3.725669462 0.047210248 -1.632500000
v 3.800652804 0.048519933 -1.632500000
v 3.800652804 0.048519933 -1.667500000
v 3.725691074 0.045960435 -1.632500000
v 3.725691074 0.045960435 -1.667500000
v 3.800674851 0.047270127 -1.667500000
v 3.800674851 0.047270127 -1.632500000
v 3.725691074 0.045960435 -1.667500000
v 3.725669462 0.047210248 -1.667500000
v 3.800652804 0.048519933 -1.667500000
v 3.800674851 0.047270127 -1.667500000
v 3.725669462 0.047210248 -1.632500000
v 3.725691074 0.045960435 -1.632500000
v 3.800674851 0.047270127 -1.632500000
v 3.800652804 0.048519933 -1.632500000
v 3.725691074 0.045960435 -1.632500000
v 3.725669462 0.047210248 -1.632500000
v 3.725669462 0.047210248 -1.667500000
v 3.725691074 0.045960435 -1.667500000
v 3.800674851 0.047270127 -1.667500000
v 3.800652804 0.048519933 -1.667500000
v 3.800652804 0.048519933 -1.632500000
v 3.800674851 0.047270127 -1.632500000
vt 0.010000000 0.760000000
vt 0.240000000 0.760000000
vt 0.240000000 0.990000000
vt 0.010000000 0.990000000
vt 0.760000000 0.510000000
vt 0.990000000 0.510000000
vt 0.990000000 0.740000000
vt 0.760000000 0.740000000
vt 0.760000000 0.510000000
vt 0.990000000 0.510000000
vt 0.990000000 0.740000000
vt 0.760000000 0.740000000
vt 0.760000000 0.510000000
vt 0.990000000 0.510000000
vt 0.990000000 0.740000000
vt 0.760000000 0.740000000
vt 0.010000000 0.760000000
vt 0.240000000 0.760000000
vt 0.240000000 0.990000000
vt 0.010000000 0.990000000
vt 0.760000000 0.510000000
vt 0.990000000 0.510000000
vt 0.990000000 0.740000000
vt 0.760000000 0.740000000
vt 0.760000000 0.510000000
vt 0.990000000 0.510000000
vt 0.990000000 0.740000000
vt 0.760000000 0.740000000
vt 0.760000000 0.510000000
vt 0.990000000 0.510000000
vt 0.990000000 0.740000000
vt 0.760000000 0.740000000
vt 0.010000000 0.760000000
vt 0.240000000 0.760000000
vt 0.240000000 0.990000000
vt 0.010000000 0.990000000
vt 0.760000000 0.510000000
vt 0.990000000 0.510000000
vt 0.990000000 0.740000000
vt 0.760000000 0.740000000
vt 0.760000000 0.510000000
vt 0.990000000 0.510000000
vt 0.990000000 0.740000000
vt 0.760000000 0.740000000
vt 0.760000000 0.510000000
vt 0.990000000 0.510000000
vt 0.990000000 0.740000000
vt 0.760000000 0.740000000
vt 0.010000000 0.760000000
vt 0.240000000 0.760000000
vt 0.240000000 0.990000000
vt 0.010000000 0.990000000
vt 0.760000000 0.510000000
vt 0.990000000 0.510000000
vt 0.990000000 0.740000000
vt 0.760000000 0.740000000
vt 0.760000000 0.510000000
vt 0.990000000 0.510000000
vt 0.990000000 0.740000000
vt 0.760000000 0.740000000
vt 0.760000000 0.510000000
vt 0.990000000 0.510000000
vt 0.990000000 0.740000000
vt 0.760000000 0.740000000
vt 0.010000000 0.760000000
vt 0.240000000 0.760000000
vt 0.240000000 0.990000000
vt 0.010000000 0.990000000
vt 0.760000000 0.510000000
vt 0.990000000 0.510000000
vt 0.990000000 0.740000000
vt 0.760000000 0.740000000
vt 0.760000000 0.510000000
vt 0.990000000 0.510000000
vt 0.990000000 0.740000000
vt 0.760000000 0.740000000
vt 0.760000000 0.510000000
vt 0.990000000 0.510000000
vt 0.990000000 0.740000000
vt 0.760000000 0.740000000
vt 0.010000000 0.760000000
vt 0.240000000 0.760000000
vt 0.240000000 0.990000000
vt 0.010000000 0.990000000
vt 0.760000000 0.510000000
vt 0.990000000 0.510000000
vt 0.990000000 0.740000000
vt 0.760000000 0.740000000
vt 0.760000000 0.510000000
vt 0.990000000 0.510000000
vt 0.990000000 0.740000000
vt 0.760000000 0.740000000
vt 0.760000000 0.510000000
vt 0.990000000 0.510000000
vt 0.990000000 0.740000000
vt 0.760000000 0.740000000
vt 0.010000000 0.760000000
vt 0.240000000 0.760000000
vt 0.240000000 0.990000000
vt 0.010000000 0.990000000
vt 0.760000000 0.510000000
vt 0.990000000 0.510000000
vt 0.990000000 0.740000000
vt 0.760000000 0.740000000
vt 0.760000000 0.510000000
vt 0.990000000 0.510000000
vt 0.990000000 0.740000000
vt 0.760000000 0.740000000
vt 0.760000000 0.510000000
vt 0.990000000 0.510000000
vt 0.990000000 0.740000000
vt 0.760000000 0.740000000
vt 0.010000000 0.760000000
vt 0.240000000 0.760000000
vt 0.240000000 0.990000000
vt 0.010000000 0.990000000
vt 0.760000000 0.510000000
vt 0.990000000 0.510000000
vt 0.990000000 0.740000000
vt 0.760000000 0.740000000
vt 0.760000000 0.510000000
vt 0.990000000 0.510000000
vt 0.990000000 0.740000000
vt 0.760000000 0.740000000
vt 0.760000000 0.510000000
vt 0.990000000 0.510000000
vt 0.990000000 0.740000000
vt 0.760000000 0.740000000
vt 0.010000000 0.760000000
vt 0.240000000 0.760000000
vt 0.240000000 0.990000000
vt 0.010000000 0.990000000
vt 0.760000000 0.510000000
vt 0.990000000 0.510000000
vt 0.990000000 0.740000000
vt 0.760000000 0.740000000
vt 0.760000000 0.510000000
vt 0.990000000 0.510000000
vt 0.990000000 0.740000000
vt 0.760000000 0.740000000
vt 0.760000000 0.510000000
vt 0.990000000 0.510000000
vt 0.990000000 0.740000000
vt 0.760000000 0.740000000
vt 0.010000000 0.760000000
vt 0.240000000 0.760000000
vt 0.240000000 0.990000000
vt 0.010000000 0.990000000
vt 0.760000000 0.510000000
vt 0.990000000 0.510000000
vt 0.990000000 0.740000000
vt 0.760000000 0.740000000
vt 0.760000000 0.510000000
vt 0.990000000 0.510000000
vt 0.990000000 0.740000000
vt 0.760000000 0.740000000
vt 0.760000000 0.510000000
vt 0.990000000 0.510000000
vt 0.990000000 0.740000000
vt 0.760000000 0.740000000
vt 0.010000000 0.760000000
vt 0.240000000 0.760000000
vt 0.240000000 0.990000000
vt 0.010000000 0.990000000
vt 0.760000000 0.510000000
vt 0.990000000 0.510000000
vt 0.990000000 0.740000000
vt 0.760000000 0.740000000
vt 0.760000000 0.510000000
vt 0.990000000 0.510000000
vt 0.990000000 0.740000000
vt 0.760000000 0.740000000
vt 0.760000000 0.510000000
vt 0.990000000 0.510000000
vt 0.990000000 0.740000000
vt 0.760000000 0.740000000
vt 0.010000000 0.760000000
vt 0.240000000 0.760000000
vt 0.240000000 0.990000000
vt 0.010000000 0.990000000
vt 0.760000000 0.510000000
vt 0.990000000 0.510000000
vt 0.990000000 0.740000000
vt 0.760000000 0.740000000
vt 0.760000000 0.510000000
vt 0.990000000 0.510000000
vt 0.990000000 0.740000000
vt 0.760000000 0.740000000
vt 0.760000000 0.510000000
vt 0.990000000 0.510000000
vt 0.990000000 0.740000000
vt 0.760000000 0.740000000
vt 0.010000000 0.760000000
vt 0.240000000 0.760000000
vt 0.240000000 0.990000000
vt 0.010000000 0.990000000
vt 0.760000000 0.510000000
vt 0.990000000 0.510000000
vt 0.990000000 0.740000000
vt 0.760000000 0.740000000
vt 0.760000000 0.510000000
vt 0.990000000 0.510000000
vt 0.990000000 0.740000000
vt 0.760000000 0.740000000
vt 0.760000000 0.510000000
vt 0.990000000 0.510000000
vt 0.990000000 0.740000000
vt 0.760000000 0.740000000
vt 0.010000000 0.760000000
vt 0.240000000 0.760000000
vt 0.240000000 0.990000000
vt 0.010000000 0.990000000
vt 0.760000000 0.510000000
vt 0.990000000 0.510000000
vt 0.990000000 0.740000000
vt 0.760000000 0.740000000
vt 0.760000000 0.510000000
vt 0.990000000 0.510000000
vt 0.990000000 0.740000000
vt 0.760000000 0.740000000
vt 0.760000000 0.510000000
vt 0.990000000 0.510000000
vt 0.990000000 0.740000000
vt 0.760000000 0.740000000
vt 0.010000000 0.760000000
vt 0.240000000 0.760000000
vt 0.240000000 0.990000000
vt 0.010000000 0.990000000
vt 0.760000000 0.510000000
vt 0.990000000 0.510000000
vt 0.990000000 0.740000000
vt 0.760000000 0.740000000
vt 0.760000000 0.510000000
vt 0.990000000 0.510000000
vt 0.990000000 0.740000000
vt 0.760000000 0.740000000
vt 0.760000000 0.510000000
vt 0.990000000 0.510000000
vt 0.990000000 0.740000000
vt 0.760000000 0.740000000
vt 0.010000000 0.760000000
vt 0.240000000 0.760000000
vt 0.240000000 0.990000000
vt 0.010000000 0.990000000
vt 0.760000000 0.510000000
vt 0.990000000 0.510000000
vt 0.990000000 0.740000000
vt 0.760000000 0.740000000
vt 0.760000000 0.510000000
vt 0.990000000 0.510000000
vt 0.990000000 0.740000000
vt 0.760000000 0.740000000
vt 0.760000000 0.510000000
vt 0.990000000 0.510000000
vt 0.990000000 0.740000000
vt 0.760000000 0.740000000
vt 0.010000000 0.760000000
vt 0.240000000 0.760000000
vt 0.240000000 0.990000000
vt 0.010000000 0.990000000
vt 0.760000000 0.510000000
vt 0.990000000 0.510000000
vt 0.990000000 0.740000000
vt 0.760000000 0.740000000
vt 0.760000000 0.510000000
vt 0.990000000 0.510000000
vt 0.990000000 0.740000000
vt 0.760000000 0.740000000
vt 0.760000000 0.510000000
vt 0.990000000 0.510000000
vt 0.990000000 0.740000000
vt 0.760000000 0.740000000
vt 0.760000000 0.510000000
vt 0.990000000 0.510000000
vt 0.990000000 0.740000000
vt 0.760000000 0.740000000
vt 0.760000000 0.510000000
vt 0.990000000 0.510000000
vt 0.990000000 0.740000000
vt 0.760000000 0.740000000
vt 0.760000000 0.510000000
vt 0.990000000 0.510000000
vt 0.990000000 0.740000000
vt 0.760000000 0.740000000
vt 0.760000000 0.510000000
vt 0.990000000 0.510000000
vt 0.990000000 0.740000000
vt 0.760000000 0.740000000
vt 0.760000000 0.510000000
vt 0.990000000 0.510000000
vt 0.990000000 0.740000000
vt 0.760000000 0.740000000
vt 0.760000000 0.510000000
vt 0.990000000 0.510000000
vt 0.990000000 0.740000000
vt 0.760000000 0.740000000
vt 0.760000000 0.510000000
vt 0.990000000 0.510000000
vt 0.990000000 0.740000000
vt 0.760000000 0.740000000
vt 0.760000000 0.510000000
vt 0.990000000 0.510000000
vt 0.990000000 0.740000000
vt 0.760000000 0.740000000
vt 0.760000000 0.510000000
vt 0.990000000 0.510000000
vt 0.990000000 0.740000000
vt 0.760000000 0.740000000
vt 0.760000000 0.510000000
vt 0.990000000 0.510000000
vt 0.990000000 0.740000000
vt 0.760000000 0.740000000
vt 0.760000000 0.510000000
vt 0.990000000 0.510000000
vt 0.990000000 0.740000000
vt 0.760000000 0.740000000
vt 0.760000000 0.510000000
vt 0.990000000 0.510000000
vt 0.990000000 0.740000000
vt 0.760000000 0.740000000
vt 0.760000000 0.510000000
vt 0.990000000 0.510000000
vt 0.990000000 0.740000000
vt 0.760000000 0.740000000
vt 0.760000000 0.510000000
vt 0.990000000 0.510000000
vt 0.990000000 0.740000000
vt 0.760000000 0.740000000
vt 0.510000000 0.510000000
vt 0.740000000 0.510000000
vt 0.740000000 0.740000000
vt 0.510000000 0.740000000
vt 0.510000000 0.510000000
vt 0.740000000 0.510000000
vt 0.740000000 0.740000000
vt 0.510000000 0.740000000
vt 0.510000000 0.510000000
vt 0.740000000 0.510000000
vt 0.740000000 0.740000000
vt 0.510000000 0.740000000
vt 0.510000000 0.510000000
vt 0.740000000 0.510000000
vt 0.740000000 0.740000000
vt 0.510000000 0.740000000
vt 0.510000000 0.510000000
vt 0.740000000 0.510000000
vt 0.740000000 0.740000000
vt 0.510000000 0.740000000
vt 0.510000000 0.510000000
vt 0.740000000 0.510000000
vt 0.740000000 0.740000000
vt 0.510000000 0.740000000
vt 0.260000000 0.760000000
vt 0.490000000 0.760000000
vt 0.490000000 0.990000000
vt 0.260000000 0.990000000
vt 0.260000000 0.760000000
vt 0.490000000 0.760000000
vt 0.490000000 0.990000000
vt 0.260000000 0.990000000
vt 0.260000000 0.760000000
vt 0.490000000 0.760000000
vt 0.490000000 0.990000000
vt 0.260000000 0.990000000
vt 0.260000000 0.760000000
vt 0.490000000 0.760000000
vt 0.490000000 0.990000000
vt 0.260000000 0.990000000
vt 0.260000000 0.760000000
vt 0.490000000 0.760000000
vt 0.490000000 0.990000000
vt 0.260000000 0.990000000
vt 0.260000000 0.760000000
vt 0.490000000 0.760000000
vt 0.490000000 0.990000000
vt 0.260000000 0.990000000
vt 0.260000000 0.010000000
vt 0.490000000 0.010000000
vt 0.490000000 0.240000000
vt 0.260000000 0.240000000
vt 0.260000000 0.010000000
vt 0.490000000 0.010000000
vt 0.490000000 0.240000000
vt 0.260000000 0.240000000
vt 0.260000000 0.010000000
vt 0.490000000 0.010000000
vt 0.490000000 0.240000000
vt 0.260000000 0.240000000
vt 0.260000000 0.010000000
vt 0.490000000 0.010000000
vt 0.490000000 0.240000000
vt 0.260000000 0.240000000
vt 0.260000000 0.010000000
vt 0.490000000 0.010000000
vt 0.490000000 0.240000000
vt 0.260000000 0.240000000
vt 0.260000000 0.010000000
vt 0.490000000 0.010000000
vt 0.490000000 0.240000000
vt 0.260000000 0.240000000
vt 0.260000000 0.010000000
vt 0.490000000 0.010000000
vt 0.490000000 0.240000000
vt 0.260000000 0.240000000
vt 0.260000000 0.010000000
vt 0.490000000 0.010000000
vt 0.490000000 0.240000000
vt 0.260000000 0.240000000
vt 0.260000000 0.010000000
vt 0.490000000 0.010000000
vt 0.490000000 0.240000000
vt 0.260000000 0.240000000
vt 0.260000000 0.010000000
vt 0.490000000 0.010000000
vt 0.490000000 0.240000000
vt 0.260000000 0.240000000
vt 0.010000000 0.260000000
vt 0.240000000 0.260000000
vt 0.240000000 0.490000000
vt 0.010000000 0.490000000
vt 0.010000000 0.260000000
vt 0.240000000 0.260000000
vt 0.240000000 0.490000000
vt 0.010000000 0.490000000
vt 0.010000000 0.260000000
vt 0.240000000 0.260000000
vt 0.240000000 0.490000000
vt 0.010000000 0.490000000
vt 0.010000000 0.260000000
vt 0.240000000 0.260000000
vt 0.240000000 0.490000000
vt 0.010000000 0.490000000
vt 0.010000000 0.260000000
vt 0.240000000 0.260000000
vt 0.240000000 0.490000000
vt 0.010000000 0.490000000
vt 0.010000000 0.260000000
vt 0.240000000 0.260000000
vt 0.240000000 0.490000000
vt 0.010000000 0.490000000
vt 0.010000000 0.260000000
vt 0.240000000 0.260000000
vt 0.240000000 0.490000000
vt 0.010000000 0.490000000
vt 0.010000000 0.260000000
vt 0.240000000 0.260000000
vt 0.240000000 0.490000000
vt 0.010000000 0.490000000
vt 0.010000000 0.260000000
vt 0.240000000 0.260000000
vt 0.240000000 0.490000000
vt 0.010000000 0.490000000
vt 0.010000000 0.260000000
vt 0.240000000 0.260000000
vt 0.240000000 0.490000000
vt 0.010000000 0.490000000
vt 0.760000000 0.260000000
vt 0.990000000 0.260000000
vt 0.990000000 0.490000000
vt 0.760000000 0.260000000
vt 0.990000000 0.260000000
vt 0.990000000 0.490000000
vt 0.760000000 0.490000000
vt 0.760000000 0.260000000
vt 0.990000000 0.260000000
vt 0.990000000 0.490000000
vt 0.760000000 0.260000000
vt 0.990000000 0.260000000
vt 0.990000000 0.490000000
vt 0.760000000 0.260000000
vt 0.990000000 0.260000000
vt 0.990000000 0.490000000
vt 0.760000000 0.490000000
vt 0.760000000 0.260000000
vt 0.990000000 0.260000000
vt 0.990000000 0.490000000
vt 0.760000000 0.260000000
vt 0.990000000 0.260000000
vt 0.990000000 0.490000000
vt 0.760000000 0.260000000
vt 0.990000000 0.260000000
vt 0.990000000 0.490000000
vt 0.760000000 0.490000000
vt 0.760000000 0.260000000
vt 0.990000000 0.260000000
vt 0.990000000 0.490000000
vt 0.760000000 0.260000000
vt 0.990000000 0.260000000
vt 0.990000000 0.490000000
vt 0.760000000 0.260000000
vt 0.990000000 0.260000000
vt 0.990000000 0.490000000
vt 0.760000000 0.490000000
vt 0.760000000 0.260000000
vt 0.990000000 0.260000000
vt 0.990000000 0.490000000
vt 0.760000000 0.260000000
vt 0.990000000 0.260000000
vt 0.990000000 0.490000000
vt 0.760000000 0.260000000
vt 0.990000000 0.260000000
vt 0.990000000 0.490000000
vt 0.760000000 0.490000000
vt 0.760000000 0.260000000
vt 0.990000000 0.260000000
vt 0.990000000 0.490000000
vt 0.760000000 0.260000000
vt 0.990000000 0.260000000
vt 0.990000000 0.490000000
vt 0.760000000 0.260000000
vt 0.990000000 0.260000000
vt 0.990000000 0.490000000
vt 0.760000000 0.490000000
vt 0.760000000 0.260000000
vt 0.990000000 0.260000000
vt 0.990000000 0.490000000
vt 0.760000000 0.260000000
vt 0.990000000 0.260000000
vt 0.990000000 0.490000000
vt 0.760000000 0.260000000
vt 0.990000000 0.260000000
vt 0.990000000 0.490000000
vt 0.760000000 0.490000000
vt 0.760000000 0.260000000
vt 0.990000000 0.260000000
vt 0.990000000 0.490000000
vt 0.760000000 0.260000000
vt 0.990000000 0.260000000
vt 0.990000000 0.490000000
vt 0.760000000 0.260000000
vt 0.990000000 0.260000000
vt 0.990000000 0.490000000
vt 0.760000000 0.490000000
vt 0.760000000 0.260000000
vt 0.990000000 0.260000000
vt 0.990000000 0.490000000
vt 0.760000000 0.260000000
vt 0.990000000 0.260000000
vt 0.990000000 0.490000000
vt 0.760000000 0.260000000
vt 0.990000000 0.260000000
vt 0.990000000 0.490000000
vt 0.760000000 0.490000000
vt 0.760000000 0.260000000
vt 0.990000000 0.260000000
vt 0.990000000 0.490000000
vt 0.760000000 0.260000000
vt 0.990000000 0.260000000
vt 0.990000000 0.490000000
vt 0.760000000 0.260000000
vt 0.990000000 0.260000000
vt 0.990000000 0.490000000
vt 0.760000000 0.490000000
vt 0.760000000 0.260000000
vt 0.990000000 0.260000000
vt 0.990000000 0.490000000
vt 0.760000000 0.260000000
vt 0.990000000 0.260000000
vt 0.990000000 0.490000000
vt 0.760000000 0.260000000
vt 0.990000000 0.260000000
vt 0.990000000 0.490000000
vt 0.760000000 0.490000000
vt 0.760000000 0.260000000
vt 0.990000000 0.260000000
vt 0.990000000 0.490000000
vt 0.760000000 0.260000000
vt 0.990000000 0.260000000
vt 0.990000000 0.490000000
vt 0.760000000 0.260000000
vt 0.990000000 0.260000000
vt 0.990000000 0.490000000
vt 0.760000000 0.490000000
vt 0.760000000 0.260000000
vt 0.990000000 0.260000000
vt 0.990000000 0.490000000
vt 0.760000000 0.510000000
vt 0.990000000 0.510000000
vt 0.990000000 0.740000000
vt 0.760000000 0.740000000
vt 0.760000000 0.510000000
vt 0.990000000 0.510000000
vt 0.990000000 0.740000000
vt 0.760000000 0.740000000
vt 0.760000000 0.510000000
vt 0.990000000 0.510000000
vt 0.990000000 0.740000000
vt 0.760000000 0.740000000
vt 0.760000000 0.510000000
vt 0.990000000 0.510000000
vt 0.990000000 0.740000000
vt 0.760000000 0.740000000
vt 0.760000000 0.510000000
vt 0.990000000 0.510000000
vt 0.990000000 0.740000000
vt 0.760000000 0.740000000
vt 0.760000000 0.510000000
vt 0.990000000 0.510000000
vt 0.990000000 0.740000000
vt 0.760000000 0.740000000
vt 0.760000000 0.510000000
vt 0.990000000 0.510000000
vt 0.990000000 0.740000000
vt 0.760000000 0.740000000
vt 0.760000000 0.510000000
vt 0.990000000 0.510000000
vt 0.990000000 0.740000000
vt 0.760000000 0.740000000
vt 0.760000000 0.510000000
vt 0.990000000 0.510000000
vt 0.990000000 0.740000000
vt 0.760000000 0.740000000
vt 0.760000000 0.510000000
vt 0.990000000 0.510000000
vt 0.990000000 0.740000000
vt 0.760000000 0.740000000
vt 0.760000000 0.510000000
vt 0.990000000 0.510000000
vt 0.990000000 0.740000000
vt 0.760000000 0.740000000
vt 0.760000000 0.510000000
vt 0.990000000 0.510000000
vt 0.990000000 0.740000000
vt 0.760000000 0.740000000
vt 0.510000000 0.510000000
vt 0.740000000 0.510000000
vt 0.740000000 0.740000000
vt 0.510000000 0.740000000
vt 0.510000000 0.510000000
vt 0.740000000 0.510000000
vt 0.740000000 0.740000000
vt 0.510000000 0.740000000
vt 0.510000000 0.510000000
vt 0.740000000 0.510000000
vt 0.740000000 0.740000000
vt 0.510000000 0.740000000
vt 0.510000000 0.510000000
vt 0.740000000 0.510000000
vt 0.740000000 0.740000000
vt 0.510000000 0.740000000
vt 0.510000000 0.510000000
vt 0.740000000 0.510000000
vt 0.740000000 0.740000000
vt 0.510000000 0.740000000
vt 0.510000000 0.510000000
vt 0.740000000 0.510000000
vt 0.740000000 0.740000000
vt 0.510000000 0.740000000
vt 0.260000000 0.760000000
vt 0.490000000 0.760000000
vt 0.490000000 0.990000000
vt 0.260000000 0.990000000
vt 0.260000000 0.760000000
vt 0.490000000 0.760000000
vt 0.490000000 0.990000000
vt 0.260000000 0.990000000
vt 0.260000000 0.760000000
vt 0.490000000 0.760000000
vt 0.490000000 0.990000000
vt 0.260000000 0.990000000
vt 0.260000000 0.760000000
vt 0.490000000 0.760000000
vt 0.490000000 0.990000000
vt 0.260000000 0.990000000
vt 0.260000000 0.760000000
vt 0.490000000 0.760000000
vt 0.490000000 0.990000000
vt 0.260000000 0.990000000
vt 0.260000000 0.760000000
vt 0.490000000 0.760000000
vt 0.490000000 0.990000000
vt 0.260000000 0.990000000
vt 0.260000000 0.010000000
vt 0.490000000 0.010000000
vt 0.490000000 0.240000000
vt 0.260000000 0.240000000
vt 0.260000000 0.010000000
vt 0.490000000 0.010000000
vt 0.490000000 0.240000000
vt 0.260000000 0.240000000
vt 0.260000000 0.010000000
vt 0.490000000 0.010000000
vt 0.490000000 0.240000000
vt 0.260000000 0.240000000
vt 0.260000000 0.010000000
vt 0.490000000 0.010000000
vt 0.490000000 0.240000000
vt 0.260000000 0.240000000
vt 0.260000000 0.010000000
vt 0.490000000 0.010000000
vt 0.490000000 0.240000000
vt 0.260000000 0.240000000
vt 0.260000000 0.010000000
vt 0.490000000 0.010000000
vt 0.490000000 0.240000000
vt 0.260000000 0.240000000
vt 0.260000000 0.010000000
vt 0.490000000 0.010000000
vt 0.490000000 0.240000000
vt 0.260000000 0.240000000
vt 0.260000000 0.010000000
vt 0.490000000 0.010000000
vt 0.490000000 0.240000000
vt 0.260000000 0.240000000
vt 0.260000000 0.010000000
vt 0.490000000 0.010000000
vt 0.490000000 0.240000000
vt 0.260000000 0.240000000
vt 0.260000000 0.010000000
vt 0.490000000 0.010000000
vt 0.490000000 0.240000000
vt 0.260000000 0.240000000
vt 0.010000000 0.260000000
vt 0.240000000 0.260000000
vt 0.240000000 0.490000000
vt 0.010000000 0.490000000
vt 0.010000000 0.260000000
vt 0.240000000 0.260000000
vt 0.240000000 0.490000000
vt 0.010000000 0.490000000
vt 0.010000000 0.260000000
vt 0.240000000 0.260000000
vt 0.240000000 0.490000000
vt 0.010000000 0.490000000
vt 0.010000000 0.260000000
vt 0.240000000 0.260000000
vt 0.240000000 0.490000000
vt 0.010000000 0.490000000
vt 0.010000000 0.260000000
vt 0.240000000 0.260000000
vt 0.240000000 0.490000000
vt 0.010000000 0.490000000
vt 0.010000000 0.260000000
vt 0.240000000 0.260000000
vt 0.240000000 0.490000000
vt 0.010000000 0.490000000
vt 0.010000000 0.260000000
vt 0.240000000 0.260000000
vt 0.240000000 0.490000000
vt 0.010000000 0.490000000
vt 0.010000000 0.260000000
vt 0.240000000 0.260000000
vt 0.240000000 0.490000000
vt 0.010000000 0.490000000
vt 0.010000000 0.260000000
vt 0.240000000 0.260000000
vt 0.240000000 0.490000000
vt 0.010000000 0.490000000
vt 0.010000000 0.260000000
vt 0.240000000 0.260000000
vt 0.240000000 0.490000000
vt 0.010000000 0.490000000
vt 0.760000000 0.260000000
vt 0.990000000 0.260000000
vt 0.990000000 0.490000000
vt 0.760000000 0.260000000
vt 0.990000000 0.260000000
vt 0.990000000 0.490000000
vt 0.760000000 0.490000000
vt 0.760000000 0.260000000
vt 0.990000000 0.260000000
vt 0.990000000 0.490000000
vt 0.760000000 0.260000000
vt 0.990000000 0.260000000
vt 0.990000000 0.490000000
vt 0.760000000 0.260000000
vt 0.990000000 0.260000000
vt 0.990000000 0.490000000
vt 0.760000000 0.490000000
vt 0.760000000 0.260000000
vt 0.990000000 0.260000000
vt 0.990000000 0.490000000
vt 0.760000000 0.260000000
vt 0.990000000 0.260000000
vt 0.990000000 0.490000000
vt 0.760000000 0.260000000
vt 0.990000000 0.260000000
vt 0.990000000 0.490000000
vt 0.760000000 0.490000000
vt 0.760000000 0.260000000
vt 0.990000000 0.260000000
vt 0.990000000 0.490000000
vt 0.760000000 0.260000000
vt 0.990000000 0.260000000
vt 0.990000000 0.490000000
vt 0.760000000 0.260000000
vt 0.990000000 0.260000000
vt 0.990000000 0.490000000
vt 0.760000000 0.490000000
vt 0.760000000 0.260000000
vt 0.990000000 0.260000000
vt 0.990000000 0.490000000
vt 0.760000000 0.260000000
vt 0.990000000 0.260000000
vt 0.990000000 0.490000000
vt 0.760000000 0.260000000
vt 0.990000000 0.260000000
vt 0.990000000 0.490000000
vt 0.760000000 0.490000000
vt 0.760000000 0.260000000
vt 0.990000000 0.260000000
vt 0.990000000 0.490000000
vt 0.760000000 0.260000000
vt 0.990000000 0.260000000
vt 0.990000000 0.490000000
vt 0.760000000 0.260000000
vt 0.990000000 0.260000000
vt 0.990000000 0.490000000
vt 0.760000000 0.490000000
vt 0.760000000 0.260000000
vt 0.990000000 0.260000000
vt 0.990000000 0.490000000
vt 0.760000000 0.260000000
vt 0.990000000 0.260000000
vt 0.990000000 0.490000000
vt 0.760000000 0.260000000
vt 0.990000000 0.260000000
vt 0.990000000 0.490000000
vt 0.760000000 0.490000000
vt 0.760000000 0.260000000
vt 0.990000000 0.260000000
vt 0.990000000 0.490000000
vt 0.760000000 0.260000000
vt 0.990000000 0.260000000
vt 0.990000000 0.490000000
vt 0.760000000 0.260000000
vt 0.990000000 0.260000000
vt 0.990000000 0.490000000
vt 0.760000000 0.490000000
vt 0.760000000 0.260000000
vt 0.990000000 0.260000000
vt 0.990000000 0.490000000
vt 0.760000000 0.260000000
vt 0.990000000 0.260000000
vt 0.990000000 0.490000000
vt 0.760000000 0.260000000
vt 0.990000000 0.260000000
vt 0.990000000 0.490000000
vt 0.760000000 0.490000000
vt 0.760000000 0.260000000
vt 0.990000000 0.260000000
vt 0.990000000 0.490000000
vt 0.760000000 0.260000000
vt 0.990000000 0.260000000
vt 0.990000000 0.490000000
vt 0.760000000 0.260000000
vt 0.990000000 0.260000000
vt 0.990000000 0.490000000
vt 0.760000000 0.490000000
vt 0.760000000 0.260000000
vt 0.990000000 0.260000000
vt 0.990000000 0.490000000
vt 0.760000000 0.260000000
vt 0.990000000 0.260000000
vt 0.990000000 0.490000000
vt 0.760000000 0.260000000
vt 0.990000000 0.260000000
vt 0.990000000 0.490000000
vt 0.760000000 0.490000000
vt 0.760000000 0.260000000
vt 0.990000000 0.260000000
vt 0.990000000 0.490000000
vt 0.760000000 0.260000000
vt 0.990000000 0.260000000
vt 0.990000000 0.490000000
vt 0.760000000 0.260000000
vt 0.990000000 0.260000000
vt 0.990000000 0.490000000
vt 0.760000000 0.490000000
vt 0.760000000 0.260000000
vt 0.990000000 0.260000000
vt 0.990000000 0.490000000
vt 0.260000000 0.260000000
vt 0.490000000 0.260000000
vt 0.490000000 0.490000000
vt 0.260000000 0.490000000
vt 0.260000000 0.260000000
vt 0.490000000 0.260000000
vt 0.490000000 0.490000000
vt 0.260000000 0.490000000
vt 0.260000000 0.260000000
vt 0.490000000 0.260000000
vt 0.490000000 0.490000000
vt 0.260000000 0.490000000
vt 0.260000000 0.260000000
vt 0.490000000 0.260000000
vt 0.490000000 0.490000000
vt 0.260000000 0.490000000
vt 0.260000000 0.260000000
vt 0.490000000 0.260000000
vt 0.490000000 0.490000000
vt 0.260000000 0.490000000
vt 0.260000000 0.260000000
vt 0.490000000 0.260000000
vt 0.490000000 0.490000000
vt 0.260000000 0.490000000
vt 0.260000000 0.260000000
vt 0.490000000 0.260000000
vt 0.490000000 0.490000000
vt 0.260000000 0.490000000
vt 0.260000000 0.260000000
vt 0.490000000 0.260000000
vt 0.490000000 0.490000000
vt 0.260000000 0.490000000
vt 0.260000000 0.260000000
vt 0.490000000 0.260000000
vt 0.490000000 0.490000000
vt 0.260000000 0.490000000
vt 0.260000000 0.260000000
vt 0.490000000 0.260000000
vt 0.490000000 0.490000000
vt 0.260000000 0.490000000
vt 0.260000000 0.260000000
vt 0.490000000 0.260000000
vt 0.490000000 0.490000000
vt 0.260000000 0.490000000
vt 0.260000000 0.260000000
vt 0.490000000 0.260000000
vt 0.490000000 0.490000000
vt 0.260000000 0.490000000
vn 0.019087539 0.999817816 0.000000000
vn 0.019087539 0.999817816 0.000000000
vn 0.016842173 0.999858161 0.000000000
vn 0.016842173 0.999858161 0.000000000
vn -0.019087539 -0.999817816 0.000000000
vn -0.019087539 -0.999817816 0.000000000
vn -0.016842173 -0.999858161 0.000000000
vn -0.016842173 -0.999858161 0.000000000
vn 0.000000000 0.000000000 -1.000000000
vn 0.000000000 0.000000000 -1.000000000
vn 0.000000000 0.000000000 -1.000000000
vn 0.000000000 0.000000000 -1.000000000
vn 0.000000000 0.000000000 1.000000000
vn 0.000000000 0.000000000 1.000000000
vn 0.000000000 0.000000000 1.000000000
vn 0.000000000 0.000000000 1.000000000
vn 0.016842173 0.999858161 0.000000000
vn 0.016842173 0.999858161 0.000000000
vn 0.014596721 0.999893462 0.000000000
vn 0.014596721 0.999893462 0.000000000
vn -0.016842173 -0.999858161 0.000000000
vn -0.016842173 -0.999858161 0.000000000
vn -0.014596721 -0.999893462 0.000000000
vn -0.014596721 -0.999893462 0.000000000
vn 0.000000000 0.000000000 -1.000000000
vn 0.000000000 0.000000000 -1.000000000
vn 0.000000000 0.000000000 -1.000000000
vn 0.000000000 0.000000000 -1.000000000
vn 0.000000000 0.000000000 1.000000000
vn 0.000000000 0.000000000 1.000000000
vn 0.000000000 0.000000000 1.000000000
vn 0.000000000 0.000000000 1.000000000
vn 0.014596721 0.999893462 0.000000000
vn 0.014596721 0.999893462 0.000000000
vn 0.012351197 0.999923721 0.000000000
vn 0.012351197 0.999923721 0.000000000
vn -0.014596721 -0.999893462 0.000000000
vn -0.014596721 -0.999893462 0.000000000
vn -0.012351197 -0.999923721 0.000000000
vn -0.012351197 -0.999923721 0.000000000
vn 0.000000000 0.000000000 -1.000000000
vn 0.000000000 0.000000000 -1.000000000
vn 0.000000000 0.000000000 -1.000000000
vn 0.000000000 0.000000000 -1.000000000
vn 0.000000000 0.000000000 1.000000000
vn 0.000000000 0.000000000 1.000000000
vn 0.000000000 0.000000000 1.000000000
vn 0.000000000 0.000000000 1.000000000
vn 0.012351197 0.999923721 0.000000000
vn 0.012351197 0.999923721 0.000000000
vn 0.010105609 0.999948937 0.000000000
vn 0.010105609 0.999948937 0.000000000
vn -0.012351197 -0.999923721 0.000000000
vn -0.012351197 -0.999923721 0.000000000
vn -0.010105609 -0.999948937 0.000000000
vn -0.010105609 -0.999948937 0.000000000
vn 0.000000000 0.000000000 -1.000000000
vn 0.000000000 0.000000000 -1.000000000
vn 0.000000000 0.000000000 -1.000000000
vn 0.000000000 0.000000000 -1.000000000
vn 0.000000000 0.000000000 1.000000000
vn 0.000000000 0.000000000 1.000000000
vn 0.000000000 0.000000000 1.000000000
vn 0.000000000 0.000000000 1.000000000
vn 0.010105609 0.999948937 0.000000000
vn 0.010105609 0.999948937 0.000000000
vn 0.007859971 0.999969110 0.000000000
vn 0.007859971 0.999969110 0.000000000
vn -0.010105609 -0.999948937 0.000000000
vn -0.010105609 -0.999948937 0.000000000
vn -0.007859971 -0.999969110 0.000000000
vn -0.007859971 -0.999969110 0.000000000
vn 0.000000000 0.000000000 -1.000000000
vn 0.000000000 0.000000000 -1.000000000
vn 0.000000000 0.000000000 -1.000000000
vn 0.000000000 0.000000000 -1.000000000
vn 0.000000000 0.000000000 1.000000000
vn 0.000000000 0.000000000 1.000000000
vn 0.000000000 0.000000000 1.000000000
vn 0.000000000 0.000000000 1.000000000
vn 0.007859971 0.999969110 0.000000000
vn 0.007859971 0.999969110 0.000000000
vn 0.005614294 0.999984240 0.000000000
vn 0.005614294 0.999984240 0.000000000
vn -0.007859971 -0.999969110 0.000000000
vn -0.007859971 -0.999969110 0.000000000
vn -0.005614294 -0.999984240 0.000000000
vn -0.005614294 -0.999984240 0.000000000
vn 0.000000000 0.000000000 -1.000000000
vn 0.000000000 0.000000000 -1.000000000
vn 0.000000000 0.000000000 -1.000000000
vn 0.000000000 0.000000000 -1.000000000
vn 0.000000000 0.000000000 1.000000000
vn 0.000000000 0.000000000 1.000000000
vn 0.000000000 0.000000000 1.000000000
vn 0.000000000 0.000000000 1.000000000
vn 0.005614294 0.999984240 0.000000000
vn 0.005614294 0.999984240 0.000000000
vn 0.003368587 0.999994326 0.000000000
vn 0.003368587 0.999994326 0.000000000
vn -0.005614294 -0.999984240 0.000000000
vn -0.005614294 -0.999984240 0.000000000
vn -0.003368587 -0.999994326 0.000000000
vn -0.003368587 -0.999994326 0.000000000
vn 0.000000000 0.000000000 -1.000000000
vn 0.000000000 0.000000000 -1.000000000
vn 0.000000000 0.000000000 -1.000000000
vn 0.000000000 0.000000000 -1.000000000
vn 0.000000000 0.000000000 1.000000000
vn 0.000000000 0.000000000 1.000000000
vn 0.000000000 0.000000000 1.000000000
vn 0.000000000 0.000000000 1.000000000
vn 0.003368587 0.999994326 0.000000000
vn 0.003368587 0.999994326 0.000000000
vn 0.001122864 0.999999370 0.000000000
vn 0.001122864 0.999999370 0.000000000
vn -0.003368587 -0.999994326 0.000000000
vn -0.003368587 -0.999994326 0.000000000
vn -0.001122864 -0.999999370 0.000000000
vn -0.001122864 -0.999999370 0.000000000
vn 0.000000000 0.000000000 -1.000000000
vn 0.000000000 0.000000000 -1.000000000
vn 0.000000000 0.000000000 -1.000000000
vn 0.000000000 0.000000000 -1.000000000
vn 0.000000000 0.000000000 1.000000000
vn 0.000000000 0.000000000 1.000000000
vn 0.000000000 0.000000000 1.000000000
vn 0.000000000 0.000000000 1.000000000
vn 0.001122864 0.999999370 0.000000000
vn 0.001122864 0.999999370 0.000000000
vn -0.001122864 0.999999370 0.000000000
vn -0.001122864 0.999999370 0.000000000
vn -0.001122864 -0.999999370 0.000000000
vn -0.001122864 -0.999999370 0.000000000
vn 0.001122864 -0.999999370 0.000000000
vn 0.001122864 -0.999999370 0.000000000
vn 0.000000000 0.000000000 -1.000000000
vn 0.000000000 0.000000000 -1.000000000
vn 0.000000000 0.000000000 -1.000000000
vn 0.000000000 0.000000000 -1.000000000
vn 0.000000000 0.000000000 1.000000000
vn 0.000000000 0.000000000 1.000000000
vn 0.000000000 0.000000000 1.000000000
vn 0.000000000 0.000000000 1.000000000
vn -0.001122864 0.999999370 0.000000000
vn -0.001122864 0.999999370 0.000000000
vn -0.003368587 0.999994326 0.000000000
vn -0.003368587 0.999994326 0.000000000
vn 0.001122864 -0.999999370 0.000000000
vn 0.001122864 -0.999999370 0.000000000
vn 0.003368587 -0.999994326 0.000000000
vn 0.003368587 -0.999994326 0.000000000
vn 0.000000000 0.000000000 -1.000000000
vn 0.000000000 0.000000000 -1.000000000
vn 0.000000000 0.000000000 -1.000000000
vn 0.000000000 0.000000000 -1.000000000
vn 0.000000000 0.000000000 1.000000000
vn 0.000000000 0.000000000 1.000000000
vn 0.000000000 0.000000000 1.000000000
vn 0.000000000 0.000000000 1.000000000
vn -0.003368587 0.999994326 0.000000000
vn -0.003368587 0.999994326 0.000000000
vn -0.005614294 0.999984240 0.000000000
vn -0.005614294 0.999984240 0.000000000
vn 0.003368587 -0.999994326 0.000000000
vn 0.003368587 -0.999994326 0.000000000
vn 0.005614294 -0.999984240 0.000000000
vn 0.005614294 -0.999984240 0.000000000
vn 0.000000000 0.000000000 -1.000000000
vn 0.000000000 0.000000000 -1.000000000
vn 0.000000000 0.000000000 -1.000000000
vn 0.000000000 0.000000000 -1.000000000
vn 0.000000000 0.000000000 1.000000000
vn 0.000000000 0.000000000 1.000000000
vn 0.000000000 0.000000000 1.000000000
vn 0.000000000 0.000000000 1.000000000
vn -0.005614294 0.999984240 0.000000000
vn -0.005614294 0.999984240 0.000000000
vn -0.007859971 0.999969110 0.000000000
vn -0.007859971 0.999969110 0.000000000
vn 0.005614294 -0.999984240 0.000000000
vn 0.005614294 -0.999984240 0.000000000
vn 0.007859971 -0.999969110 0.000000000
vn 0.007859971 -0.999969110 0.000000000
vn 0.000000000 0.000000000 -1.000000000
vn 0.000000000 0.000000000 -1.000000000
vn 0.000000000 0.000000000 -1.000000000
vn 0.000000000 0.000000000 -1.000000000
vn 0.000000000 0.000000000 1.000000000
vn 0.000000000 0.000000000 1.000000000
vn 0.000000000 0.000000000 1.000000000
vn 0.000000000 0.000000000 1.000000000
vn -0.007859971 0.999969110 0.000000000
vn -0.007859971 0.999969110 0.000000000
vn -0.010105609 0.999948937 0.000000000
vn -0.010105609 0.999948937 0.000000000
vn 0.007859971 -0.999969110 0.000000000
vn 0.007859971 -0.999969110 0.000000000
vn 0.010105609 -0.999948937 0.000000000
vn 0.010105609 -0.999948937 0.000000000
vn 0.000000000 0.000000000 -1.000000000
vn 0.000000000 0.000000000 -1.000000000
vn 0.000000000 0.000000000 -1.000000000
vn 0.000000000 0.000000000 -1.000000000
vn 0.000000000 0.000000000 1.000000000
vn 0.000000000 0.000000000 1.000000000
vn 0.000000000 0.000000000 1.000000000
vn 0.000000000 0.000000000 1.000000000
vn -0.010105609 0.999948937 0.000000000
vn -0.010105609 0.999948937 0.000000000
vn -0.012351197 0.999923721 0.000000000
vn -0.012351197 0.999923721 0.000000000
vn 0.010105609 -0.999948937 0.000000000
vn 0.010105609 -0.999948937 0.000000000
vn 0.012351197 -0.999923721 0.000000000
vn 0.012351197 -0.999923721 0.000000000
vn 0.000000000 0.000000000 -1.000000000
vn 0.000000000 0.000000000 -1.000000000
vn 0.000000000 0.000000000 -1.000000000
vn 0.000000000 0.000000000 -1.000000000
vn 0.000000000 0.000000000 1.000000000
vn 0.000000000 0.000000000 1.000000000
vn 0.000000000 0.000000000 1.000000000
vn 0.000000000 0.000000000 1.000000000
vn -0.012351197 0.999923721 0.000000000
vn -0.012351197 0.999923721 0.000000000
vn -0.014596721 0.999893462 0.000000000
vn -0.014596721 0.999893462 0.000000000
vn 0.012351197 -0.999923721 0.000000000
vn 0.012351197 -0.999923721 0.000000000
vn 0.014596721 -0.999893462 0.000000000
vn 0.014596721 -0.999893462 0.000000000
vn 0.000000000 0.000000000 -1.000000000
vn 0.000000000 0.000000000 -1.000000000
vn 0.000000000 0.000000000 -1.000000000
vn 0.000000000 0.000000000 -1.000000000
vn 0.000000000 0.000000000 1.000000000
vn 0.000000000 0.000000000 1.000000000
vn 0.000000000 0.000000000 1.000000000
vn 0.000000000 0.000000000 1.000000000
vn -0.014596721 0.999893462 0.000000000
vn -0.014596721 0.999893462 0.000000000
vn -0.016842173 0.999858161 0.000000000
vn -0.016842173 0.999858161 0.000000000
vn 0.014596721 -0.999893462 0.000000000
vn 0.014596721 -0.999893462 0.000000000
vn 0.016842173 -0.999858161 0.000000000
vn 0.016842173 -0.999858161 0.000000000
vn 0.000000000 0.000000000 -1.000000000
vn 0.000000000 0.000000000 -1.000000000
vn 0.000000000 0.000000000 -1.000000000
vn 0.000000000 0.000000000 -1.000000000
vn 0.000000000 0.000000000 1.000000000
vn 0.000000000 0.000000000 1.000000000
vn 0.000000000 0.000000000 1.000000000
vn 0.000000000 0.000000000 1.000000000
vn -0.016842173 0.999858161 0.000000000
vn -0.016842173 0.999858161 0.000000000
vn -0.019087539 0.999817816 0.000000000
vn -0.019087539 0.999817816 0.000000000
vn 0.016842173 -0.999858161 0.000000000
vn 0.016842173 -0.999858161 0.000000000
vn 0.019087539 -0.999817816 0.000000000
vn 0.019087539 -0.999817816 0.000000000
vn 0.000000000 0.000000000 -1.000000000
vn 0.000000000 0.000000000 -1.000000000
vn 0.000000000 0.000000000 -1.000000000
vn 0.000000000 0.000000000 -1.000000000
vn 0.000000000 0.000000000 1.000000000
vn 0.000000000 0.000000000 1.000000000
vn 0.000000000 0.000000000 1.000000000
vn 0.000000000 0.000000000 1.000000000
vn -0.999817816 0.019087539 0.000000000
vn -0.999817816 0.019087539 0.000000000
vn -0.999817816 0.019087539 0.000000000
vn -0.999817816 0.019087539 0.000000000
vn 0.999817816 0.019087539 0.000000000
vn 0.999817816 0.019087539 0.000000000
vn 0.999817816 0.019087539 0.000000000
vn 0.999817816 0.019087539 0.000000000
vn 0.010507033 0.999944800 0.000000000
vn 0.010507033 0.999944800 0.000000000
vn 0.010321428 0.999946733 0.000000000
vn 0.010321428 0.999946733 0.000000000
vn -0.010507033 -0.999944800 0.000000000
vn -0.010507033 -0.999944800 0.000000000
vn -0.010321428 -0.999946733 0.000000000
vn -0.010321428 -0.999946733 0.000000000
vn 0.000000000 0.000000000 -1.000000000
vn 0.000000000 0.000000000 -1.000000000
vn 0.000000000 0.000000000 -1.000000000
vn 0.000000000 0.000000000 -1.000000000
vn 0.000000000 0.000000000 1.000000000
vn 0.000000000 0.000000000 1.000000000
vn 0.000000000 0.000000000 1.000000000
vn 0.000000000 0.000000000 1.000000000
vn -0.999944800 0.010507033 0.000000000
vn -0.999944800 0.010507033 0.000000000
vn -0.999944800 0.010507033 0.000000000
vn -0.999944800 0.010507033 0.000000000
vn 0.999946733 -0.010321428 0.000000000
vn 0.999946733 -0.010321428 0.000000000
vn 0.999946733 -0.010321428 0.000000000
vn 0.999946733 -0.010321428 0.000000000
vn 0.008766975 0.999961569 0.000000000
vn 0.008766975 0.999961569 0.000000000
vn 0.008581367 0.999963179 0.000000000
vn 0.008581367 0.999963179 0.000000000
vn -0.008766975 -0.999961569 0.000000000
vn -0.008766975 -0.999961569 0.000000000
vn -0.008581367 -0.999963179 0.000000000
vn -0.008581367 -0.999963179 0.000000000
vn 0.000000000 0.000000000 -1.000000000
vn 0.000000000 0.000000000 -1.000000000
vn 0.000000000 0.000000000 -1.000000000
vn 0.000000000 0.000000000 -1.000000000
vn 0.000000000 0.000000000 1.000000000
vn 0.000000000 0.000000000 1.000000000
vn 0.000000000 0.000000000 1.000000000
vn 0.000000000 0.000000000 1.000000000
vn -0.999961569 0.008766975 0.000000000
vn -0.999961569 0.008766975 0.000000000
vn -0.999961569 0.008766975 0.000000000
vn -0.999961569 0.008766975 0.000000000
vn 0.999963179 -0.008581367 0.000000000
vn 0.999963179 -0.008581367 0.000000000
vn 0.999963179 -0.008581367 0.000000000
vn 0.999963179 -0.008581367 0.000000000
vn 0.010646236 0.999943327 0.000000000
vn 0.010646236 0.999943327 0.000000000
vn 0.008442161 0.999964364 0.000000000
vn 0.008442161 0.999964364 0.000000000
vn -0.010646236 -0.999943327 0.000000000
vn -0.010646236 -0.999943327 0.000000000
vn -0.008442161 -0.999964364 0.000000000
vn -0.008442161 -0.999964364 0.000000000
vn 0.000000000 0.000000000 -1.000000000
vn 0.000000000 0.000000000 -1.000000000
vn 0.000000000 0.000000000 -1.000000000
vn 0.000000000 0.000000000 -1.000000000
vn 0.000000000 0.000000000 1.000000000
vn 0.000000000 0.000000000 1.000000000
vn 0.000000000 0.000000000 1.000000000
vn 0.000000000 0.000000000 1.000000000
vn -0.999943327 0.010646236 0.000000000
vn -0.999943327 0.010646236 0.000000000
vn -0.999943327 0.010646236 0.000000000
vn -0.999943327 0.010646236 0.000000000
vn 0.999964364 -0.008442161 0.000000000
vn 0.999964364 -0.008442161 0.000000000
vn 0.999964364 -0.008442161 0.000000000
vn 0.999964364 -0.008442161 0.000000000
vn 0.010646236 0.999943327 0.000000000
vn 0.010646236 0.999943327 0.000000000
vn 0.008442161 0.999964364 0.000000000
vn 0.008442161 0.999964364 0.000000000
vn -0.010646236 -0.999943327 0.000000000
vn -0.010646236 -0.999943327 0.000000000
vn -0.008442161 -0.999964364 0.000000000
vn -0.008442161 -0.999964364 0.000000000
vn 0.000000000 0.000000000 -1.000000000
vn 0.000000000 0.000000000 -1.000000000
vn 0.000000000 0.000000000 -1.000000000
vn 0.000000000 0.000000000 -1.000000000
vn 0.000000000 0.000000000 1.000000000
vn 0.000000000 0.000000000 1.000000000
vn 0.000000000 0.000000000 1.000000000
vn 0.000000000 0.000000000 1.000000000
vn -0.999943327 0.010646236 0.000000000
vn -0.999943327 0.010646236 0.000000000
vn -0.999943327 0.010646236 0.000000000
vn -0.999943327 0.010646236 0.000000000
vn 0.999964364 -0.008442161 0.000000000
vn 0.999964364 -0.008442161 0.000000000
vn 0.999964364 -0.008442161 0.000000000
vn 0.999964364 -0.008442161 0.000000000
vn 0.014764230 0.999891003 0.000000000
vn 0.014764230 0.999891003 0.000000000
vn 0.013372257 0.999910587 0.000000000
vn 0.013372257 0.999910587 0.000000000
vn -0.014764230 -0.999891003 0.000000000
vn -0.014764230 -0.999891003 0.000000000
vn -0.013372257 -0.999910587 0.000000000
vn -0.013372257 -0.999910587 0.000000000
vn 0.000000000 0.000000000 -1.000000000
vn 0.000000000 0.000000000 -1.000000000
vn 0.000000000 0.000000000 -1.000000000
vn 0.000000000 0.000000000 -1.000000000
vn 0.000000000 0.000000000 1.000000000
vn 0.000000000 0.000000000 1.000000000
vn 0.000000000 0.000000000 1.000000000
vn 0.000000000 0.000000000 1.000000000
vn 0.013372257 0.999910587 0.000000000
vn 0.013372257 0.999910587 0.000000000
vn 0.011980257 0.999928234 0.000000000
vn 0.011980257 0.999928234 0.000000000
vn -0.013372257 -0.999910587 0.000000000
vn -0.013372257 -0.999910587 0.000000000
vn -0.011980257 -0.999928234 0.000000000
vn -0.011980257 -0.999928234 0.000000000
vn 0.000000000 0.000000000 -1.000000000
vn 0.000000000 0.000000000 -1.000000000
vn 0.000000000 0.000000000 -1.000000000
vn 0.000000000 0.000000000 -1.000000000
vn 0.000000000 0.000000000 1.000000000
vn 0.000000000 0.000000000 1.000000000
vn 0.000000000 0.000000000 1.000000000
vn 0.000000000 0.000000000 1.000000000
vn -0.999891003 0.014764230 0.000000000
vn -0.999891003 0.014764230 0.000000000
vn -0.999891003 0.014764230 0.000000000
vn -0.999891003 0.014764230 0.000000000
vn 0.999928234 -0.011980257 0.000000000
vn 0.999928234 -0.011980257 0.000000000
vn 0.999928234 -0.011980257 0.000000000
vn 0.999928234 -0.011980257 0.000000000
vn 0.014648234 0.999892709 0.000000000
vn 0.014648234 0.999892709 0.000000000
vn 0.013372257 0.999910587 0.000000000
vn 0.013372257 0.999910587 0.000000000
vn -0.014648234 -0.999892709 0.000000000
vn -0.014648234 -0.999892709 0.000000000
vn -0.013372257 -0.999910587 0.000000000
vn -0.013372257 -0.999910587 0.000000000
vn 0.000000000 0.000000000 -1.000000000
vn 0.000000000 0.000000000 -1.000000000
vn 0.000000000 0.000000000 -1.000000000
vn 0.000000000 0.000000000 -1.000000000
vn 0.000000000 0.000000000 1.000000000
vn 0.000000000 0.000000000 1.000000000
vn 0.000000000 0.000000000 1.000000000
vn 0.000000000 0.000000000 1.000000000
vn 0.013372257 0.999910587 0.000000000
vn 0.013372257 0.999910587 0.000000000
vn 0.012096258 0.999926838 0.000000000
vn 0.012096258 0.999926838 0.000000000
vn -0.013372257 -0.999910587 0.000000000
vn -0.013372257 -0.999910587 0.000000000
vn -0.012096258 -0.999926838 0.000000000
vn -0.012096258 -0.999926838 0.000000000
vn 0.000000000 0.000000000 -1.000000000
vn 0.000000000 0.000000000 -1.000000000
vn 0.000000000 0.000000000 -1.000000000
vn 0.000000000 0.000000000 -1.000000000
vn 0.000000000 0.000000000 1.000000000
vn 0.000000000 0.000000000 1.000000000
vn 0.000000000 0.000000000 1.000000000
vn 0.000000000 0.000000000 1.000000000
vn -0.999892709 0.014648234 0.000000000
vn -0.999892709 0.014648234 0.000000000
vn -0.999892709 0.014648234 0.000000000
vn -0.999892709 0.014648234 0.000000000
vn 0.999926838 -0.012096258 0.000000000
vn 0.999926838 -0.012096258 0.000000000
vn 0.999926838 -0.012096258 0.000000000
vn 0.999926838 -0.012096258 0.000000000
vn 0.268009194 -0.941324338 0.205133035
vn 0.268489570 -0.941187435 0.205133035
vn 0.268249391 -0.941255917 0.205133035
vn 0.807887287 -0.011001163 0.589234339
vn 0.807887287 -0.011001163 0.589234339
vn 0.807884453 -0.011207318 0.589234339
vn 0.807884453 -0.011207318 0.589234339
vn 0.294017942 0.933527658 0.205133035
vn 0.294494336 0.933377482 0.205133035
vn 0.294256148 0.933452600 0.205133035
vn -0.012941184 -0.916017787 0.400928845
vn -0.012707436 -0.916021060 0.400928845
vn -0.013174931 -0.916014455 0.400928845
vn 0.000000000 -0.000000000 1.000000000
vn 0.000000000 -0.000000000 1.000000000
vn 0.000000000 -0.000000000 1.000000000
vn 0.000000000 -0.000000000 1.000000000
vn 0.012707436 0.916021060 0.400928845
vn 0.012941184 0.916017787 0.400928845
vn 0.013174931 0.916014455 0.400928845
vn -0.294494336 -0.933377482 0.205133035
vn -0.294732504 -0.933302303 0.205133035
vn -0.294970652 -0.933227064 0.205133035
vn -0.807878628 0.011619626 0.589234339
vn -0.807878628 0.011619626 0.589234339
vn -0.807875637 0.011825779 0.589234339
vn -0.807875637 0.011825779 0.589234339
vn -0.267768980 0.941392698 0.205133035
vn -0.268009194 0.941324338 0.205133035
vn -0.267528748 0.941460996 0.205133035
vn -0.294494336 -0.933377482 -0.205133035
vn -0.294970652 -0.933227064 -0.205133035
vn -0.294732504 -0.933302303 -0.205133035
vn -0.807875637 0.011825779 -0.589234339
vn -0.807875637 0.011825779 -0.589234339
vn -0.807878628 0.011619626 -0.589234339
vn -0.807878628 0.011619626 -0.589234339
vn -0.267528748 0.941460996 -0.205133035
vn -0.268009194 0.941324338 -0.205133035
vn -0.267768980 0.941392698 -0.205133035
vn -0.012941184 -0.916017787 -0.400928845
vn -0.013174931 -0.916014455 -0.400928845
vn -0.012707436 -0.916021060 -0.400928845
vn -0.000000000 0.000000000 -1.000000000
vn -0.000000000 0.000000000 -1.000000000
vn -0.000000000 0.000000000 -1.000000000
vn -0.000000000 0.000000000 -1.000000000
vn 0.013174931 0.916014455 -0.400928845
vn 0.012941184 0.916017787 -0.400928845
vn 0.012707436 0.916021060 -0.400928845
vn 0.268009194 -0.941324338 -0.205133035
vn 0.268249391 -0.941255917 -0.205133035
vn 0.268489570 -0.941187435 -0.205133035
vn 0.807884453 -0.011207318 -0.589234339
vn 0.807884453 -0.011207318 -0.589234339
vn 0.807887287 -0.011001163 -0.589234339
vn 0.807887287 -0.011001163 -0.589234339
vn 0.294256148 0.933452600 -0.205133035
vn 0.294494336 0.933377482 -0.205133035
vn 0.294017942 0.933527658 -0.205133035
vn 0.269428519 -0.940919078 0.205133035
vn 0.269908688 -0.940781451 0.205133035
vn 0.269668613 -0.940850295 0.205133035
vn 0.807902959 -0.009782760 0.589234339
vn 0.807902959 -0.009782760 0.589234339
vn 0.807900436 -0.009988919 0.589234339
vn 0.807900436 -0.009988919 0.589234339
vn 0.292609736 0.933970010 0.205133035
vn 0.293086355 0.933820554 0.205133035
vn 0.292848055 0.933895312 0.205133035
vn -0.011559704 -0.916036263 0.400928845
vn -0.011325951 -0.916039183 0.400928845
vn -0.011793456 -0.916033283 0.400928845
vn 0.000000000 -0.000000000 1.000000000
vn 0.000000000 -0.000000000 1.000000000
vn 0.000000000 -0.000000000 1.000000000
vn 0.000000000 -0.000000000 1.000000000
vn 0.011325951 0.916039183 0.400928845
vn 0.011559704 0.916036263 0.400928845
vn 0.011793456 0.916033283 0.400928845
vn -0.293086355 -0.933820554 0.205133035
vn -0.293324636 -0.933745734 0.205133035
vn -0.293562898 -0.933670853 0.205133035
vn -0.807895233 0.010401235 0.589234339
vn -0.807895233 0.010401235 0.589234339
vn -0.807892553 0.010607392 0.589234339
vn -0.807892553 0.010607392 0.589234339
vn -0.269188409 0.940987799 0.205133035
vn -0.269428519 0.940919078 0.205133035
vn -0.268948280 0.941056460 0.205133035
vn -0.293086355 -0.933820554 -0.205133035
vn -0.293562898 -0.933670853 -0.205133035
vn -0.293324636 -0.933745734 -0.205133035
vn -0.807892553 0.010607392 -0.589234339
vn -0.807892553 0.010607392 -0.589234339
vn -0.807895233 0.010401235 -0.589234339
vn -0.807895233 0.010401235 -0.589234339
vn -0.268948280 0.941056460 -0.205133035
vn -0.269428519 0.940919078 -0.205133035
vn -0.269188409 0.940987799 -0.205133035
vn -0.011559704 -0.916036263 -0.400928845
vn -0.011793456 -0.916033283 -0.400928845
vn -0.011325951 -0.916039183 -0.400928845
vn -0.000000000 0.000000000 -1.000000000
vn -0.000000000 0.000000000 -1.000000000
vn -0.000000000 0.000000000 -1.000000000
vn -0.000000000 0.000000000 -1.000000000
vn 0.011793456 0.916033283 -0.400928845
vn 0.011559704 0.916036263 -0.400928845
vn 0.011325951 0.916039183 -0.400928845
vn 0.269428519 -0.940919078 -0.205133035
vn 0.269668613 -0.940850295 -0.205133035
vn 0.269908688 -0.940781451 -0.205133035
vn 0.807900436 -0.009988919 -0.589234339
vn 0.807900436 -0.009988919 -0.589234339
vn 0.807902959 -0.009782760 -0.589234339
vn 0.807902959 -0.009782760 -0.589234339
vn 0.292848055 0.933895312 -0.205133035
vn 0.293086355 0.933820554 -0.205133035
vn 0.292609736 0.933970010 -0.205133035
vn -0.008581367 0.999963179 0.000000000
vn -0.008581367 0.999963179 0.000000000
vn -0.008766975 0.999961569 0.000000000
vn -0.008766975 0.999961569 0.000000000
vn 0.008581367 -0.999963179 0.000000000
vn 0.008581367 -0.999963179 0.000000000
vn 0.008766975 -0.999961569 0.000000000
vn 0.008766975 -0.999961569 0.000000000
vn 0.000000000 0.000000000 -1.000000000
vn 0.000000000 0.000000000 -1.000000000
vn 0.000000000 0.000000000 -1.000000000
vn 0.000000000 0.000000000 -1.000000000
vn 0.000000000 0.000000000 1.000000000
vn 0.000000000 0.000000000 1.000000000
vn 0.000000000 0.000000000 1.000000000
vn 0.000000000 0.000000000 1.000000000
vn -0.999963179 -0.008581367 0.000000000
vn -0.999963179 -0.008581367 0.000000000
vn -0.999963179 -0.008581367 0.000000000
vn -0.999963179 -0.008581367 0.000000000
vn 0.999961569 0.008766975 0.000000000
vn 0.999961569 0.008766975 0.000000000
vn 0.999961569 0.008766975 0.000000000
vn 0.999961569 0.008766975 0.000000000
vn -0.010321428 0.999946733 0.000000000
vn -0.010321428 0.999946733 0.000000000
vn -0.010507033 0.999944800 0.000000000
vn -0.010507033 0.999944800 0.000000000
vn 0.010321428 -0.999946733 0.000000000
vn 0.010321428 -0.999946733 0.000000000
vn 0.010507033 -0.999944800 0.000000000
vn 0.010507033 -0.999944800 0.000000000
vn 0.000000000 0.000000000 -1.000000000
vn 0.000000000 0.000000000 -1.000000000
vn 0.000000000 0.000000000 -1.000000000
vn 0.000000000 0.000000000 -1.000000000
vn 0.000000000 0.000000000 1.000000000
vn 0.000000000 0.000000000 1.000000000
vn 0.000000000 0.000000000 1.000000000
vn 0.000000000 0.000000000 1.000000000
vn -0.999946733 -0.010321428 0.000000000
vn -0.999946733 -0.010321428 0.000000000
vn -0.999946733 -0.010321428 0.000000000
vn -0.999946733 -0.010321428 0.000000000
vn 0.999944800 0.010507033 0.000000000
vn 0.999944800 0.010507033 0.000000000
vn 0.999944800 0.010507033 0.000000000
vn 0.999944800 0.010507033 0.000000000
vn -0.008442161 0.999964364 0.000000000
vn -0.008442161 0.999964364 0.000000000
vn -0.010646236 0.999943327 0.000000000
vn -0.010646236 0.999943327 0.000000000
vn 0.008442161 -0.999964364 0.000000000
vn 0.008442161 -0.999964364 0.000000000
vn 0.010646236 -0.999943327 0.000000000
vn 0.010646236 -0.999943327 0.000000000
vn 0.000000000 0.000000000 -1.000000000
vn 0.000000000 0.000000000 -1.000000000
vn 0.000000000 0.000000000 -1.000000000
vn 0.000000000 0.000000000 -1.000000000
vn 0.000000000 0.000000000 1.000000000
vn 0.000000000 0.000000000 1.000000000
vn 0.000000000 0.000000000 1.000000000
vn 0.000000000 0.000000000 1.000000000
vn -0.999964364 -0.008442161 0.000000000
vn -0.999964364 -0.008442161 0.000000000
vn -0.999964364 -0.008442161 0.000000000
vn -0.999964364 -0.008442161 0.000000000
vn 0.999943327 0.010646236 0.000000000
vn 0.999943327 0.010646236 0.000000000
vn 0.999943327 0.010646236 0.000000000
vn 0.999943327 0.010646236 0.000000000
vn -0.008442161 0.999964364 0.000000000
vn -0.008442161 0.999964364 0.000000000
vn -0.010646236 0.999943327 0.000000000
vn -0.010646236 0.999943327 0.000000000
vn 0.008442161 -0.999964364 0.000000000
vn 0.008442161 -0.999964364 0.000000000
vn 0.010646236 -0.999943327 0.000000000
vn 0.010646236 -0.999943327 0.000000000
vn 0.000000000 0.000000000 -1.000000000
vn 0.000000000 0.000000000 -1.000000000
vn 0.000000000 0.000000000 -1.000000000
vn 0.000000000 0.000000000 -1.000000000
vn 0.000000000 0.000000000 1.000000000
vn 0.000000000 0.000000000 1.000000000
vn 0.000000000 0.000000000 1.000000000
vn 0.000000000 0.000000000 1.000000000
vn -0.999964364 -0.008442161 0.000000000
vn -0.999964364 -0.008442161 0.000000000
vn -0.999964364 -0.008442161 0.000000000
vn -0.999964364 -0.008442161 0.000000000
vn 0.999943327 0.010646236 0.000000000
vn 0.999943327 0.010646236 0.000000000
vn 0.999943327 0.010646236 0.000000000
vn 0.999943327 0.010646236 0.000000000
vn -0.011980257 0.999928234 0.000000000
vn -0.011980257 0.999928234 0.000000000
vn -0.013372257 0.999910587 0.000000000
vn -0.013372257 0.999910587 0.000000000
vn 0.011980257 -0.999928234 0.000000000
vn 0.011980257 -0.999928234 0.000000000
vn 0.013372257 -0.999910587 0.000000000
vn 0.013372257 -0.999910587 0.000000000
vn 0.000000000 0.000000000 -1.000000000
vn 0.000000000 0.000000000 -1.000000000
vn 0.000000000 0.000000000 -1.000000000
vn 0.000000000 0.000000000 -1.000000000
vn 0.000000000 0.000000000 1.000000000
vn 0.000000000 0.000000000 1.000000000
vn 0.000000000 0.000000000 1.000000000
vn 0.000000000 0.000000000 1.000000000
vn -0.013372257 0.999910587 0.000000000
vn -0.013372257 0.999910587 0.000000000
vn -0.014764230 0.999891003 0.000000000
vn -0.014764230 0.999891003 0.000000000
vn 0.013372257 -0.999910587 0.000000000
vn 0.013372257 -0.999910587 0.000000000
vn 0.014764230 -0.999891003 0.000000000
vn 0.014764230 -0.999891003 0.000000000
vn 0.000000000 0.000000000 -1.000000000
vn 0.000000000 0.000000000 -1.000000000
vn 0.000000000 0.000000000 -1.000000000
vn 0.000000000 0.000000000 -1.000000000
vn 0.000000000 0.000000000 1.000000000
vn 0.000000000 0.000000000 1.000000000
vn 0.000000000 0.000000000 1.000000000
vn 0.000000000 0.000000000 1.000000000
vn -0.999928234 -0.011980257 0.000000000
vn -0.999928234 -0.011980257 0.000000000
vn -0.999928234 -0.011980257 0.000000000
vn -0.999928234 -0.011980257 0.000000000
vn 0.999891003 0.014764230 0.000000000
vn 0.999891003 0.014764230 0.000000000
vn 0.999891003 0.014764230 0.000000000
vn 0.999891003 0.014764230 0.000000000
vn -0.012096258 0.999926838 0.000000000
vn -0.012096258 0.999926838 0.000000000
vn -0.013372257 0.999910587 0.000000000
vn -0.013372257 0.999910587 0.000000000
vn 0.012096258 -0.999926838 0.000000000
vn 0.012096258 -0.999926838 0.000000000
vn 0.013372257 -0.999910587 0.000000000
vn 0.013372257 -0.999910587 0.000000000
vn 0.000000000 0.000000000 -1.000000000
vn 0.000000000 0.000000000 -1.000000000
vn 0.000000000 0.000000000 -1.000000000
vn 0.000000000 0.000000000 -1.000000000
vn 0.000000000 0.000000000 1.000000000
vn 0.000000000 0.000000000 1.000000000
vn 0.000000000 0.000000000 1.000000000
vn 0.000000000 0.000000000 1.000000000
vn -0.013372257 0.999910587 0.000000000
vn -0.013372257 0.999910587 0.000000000
vn -0.014648234 0.999892709 0.000000000
vn -0.014648234 0.999892709 0.000000000
vn 0.013372257 -0.999910587 0.000000000
vn 0.013372257 -0.999910587 0.000000000
vn 0.014648234 -0.999892709 0.000000000
vn 0.014648234 -0.999892709 0.000000000
vn 0.000000000 0.000000000 -1.000000000
vn 0.000000000 0.000000000 -1.000000000
vn 0.000000000 0.000000000 -1.000000000
vn 0.000000000 0.000000000 -1.000000000
vn 0.000000000 0.000000000 1.000000000
vn 0.000000000 0.000000000 1.000000000
vn 0.000000000 0.000000000 1.000000000
vn 0.000000000 0.000000000 1.000000000
vn -0.999926838 -0.012096258 0.000000000
vn -0.999926838 -0.012096258 0.000000000
vn -0.999926838 -0.012096258 0.000000000
vn -0.999926838 -0.012096258 0.000000000
vn 0.999892709 0.014648234 0.000000000
vn 0.999892709 0.014648234 0.000000000
vn 0.999892709 0.014648234 0.000000000
vn 0.999892709 0.014648234 0.000000000
vn 0.293086355 -0.933820554 0.205133035
vn 0.293562898 -0.933670853 0.205133035
vn 0.293324636 -0.933745734 0.205133035
vn 0.807892553 0.010607392 0.589234339
vn 0.807892553 0.010607392 0.589234339
vn 0.807895233 0.010401235 0.589234339
vn 0.807895233 0.010401235 0.589234339
vn 0.268948280 0.941056460 0.205133035
vn 0.269428519 0.940919078 0.205133035
vn 0.269188409 0.940987799 0.205133035
vn 0.011559704 -0.916036263 0.400928845
vn 0.011793456 -0.916033283 0.400928845
vn 0.011325951 -0.916039183 0.400928845
vn 0.000000000 0.000000000 1.000000000
vn 0.000000000 0.000000000 1.000000000
vn 0.000000000 0.000000000 1.000000000
vn 0.000000000 0.000000000 1.000000000
vn -0.011793456 0.916033283 0.400928845
vn -0.011559704 0.916036263 0.400928845
vn -0.011325951 0.916039183 0.400928845
vn -0.269428519 -0.940919078 0.205133035
vn -0.269668613 -0.940850295 0.205133035
vn -0.269908688 -0.940781451 0.205133035
vn -0.807900436 -0.009988919 0.589234339
vn -0.807900436 -0.009988919 0.589234339
vn -0.807902959 -0.009782760 0.589234339
vn -0.807902959 -0.009782760 0.589234339
vn -0.292848055 0.933895312 0.205133035
vn -0.293086355 0.933820554 0.205133035
vn -0.292609736 0.933970010 0.205133035
vn -0.269428519 -0.940919078 -0.205133035
vn -0.269908688 -0.940781451 -0.205133035
vn -0.269668613 -0.940850295 -0.205133035
vn -0.807902959 -0.009782760 -0.589234339
vn -0.807902959 -0.009782760 -0.589234339
vn -0.807900436 -0.009988919 -0.589234339
vn -0.807900436 -0.009988919 -0.589234339
vn -0.292609736 0.933970010 -0.205133035
vn -0.293086355 0.933820554 -0.205133035
vn -0.292848055 0.933895312 -0.205133035
vn 0.011559704 -0.916036263 -0.400928845
vn 0.011325951 -0.916039183 -0.400928845
vn 0.011793456 -0.916033283 -0.400928845
vn -0.000000000 -0.000000000 -1.000000000
vn -0.000000000 -0.000000000 -1.000000000
vn -0.000000000 -0.000000000 -1.000000000
vn -0.000000000 -0.000000000 -1.000000000
vn -0.011325951 0.916039183 -0.400928845
vn -0.011559704 0.916036263 -0.400928845
vn -0.011793456 0.916033283 -0.400928845
vn 0.293086355 -0.933820554 -0.205133035
vn 0.293324636 -0.933745734 -0.205133035
vn 0.293562898 -0.933670853 -0.205133035
vn 0.807895233 0.010401235 -0.589234339
vn 0.807895233 0.010401235 -0.589234339
vn 0.807892553 0.010607392 -0.589234339
vn 0.807892553 0.010607392 -0.589234339
vn 0.269188409 0.940987799 -0.205133035
vn 0.269428519 0.940919078 -0.205133035
vn 0.268948280 0.941056460 -0.205133035
vn 0.294494336 -0.933377482 0.205133035
vn 0.294970652 -0.933227064 0.205133035
vn 0.294732504 -0.933302303 0.205133035
vn 0.807875637 0.011825779 0.589234339
vn 0.807875637 0.011825779 0.589234339
vn 0.807878628 0.011619626 0.589234339
vn 0.807878628 0.011619626 0.589234339
vn 0.267528748 0.941460996 0.205133035
vn 0.268009194 0.941324338 0.205133035
vn 0.267768980 0.941392698 0.205133035
vn 0.012941184 -0.916017787 0.400928845
vn 0.013174931 -0.916014455 0.400928845
vn 0.012707436 -0.916021060 0.400928845
vn 0.000000000 0.000000000 1.000000000
vn 0.000000000 0.000000000 1.000000000
vn 0.000000000 0.000000000 1.000000000
vn 0.000000000 0.000000000 1.000000000
vn -0.013174931 0.916014455 0.400928845
vn -0.012941184 0.916017787 0.400928845
vn -0.012707436 0.916021060 0.400928845
vn -0.268009194 -0.941324338 0.205133035
vn -0.268249391 -0.941255917 0.205133035
vn -0.268489570 -0.941187435 0.205133035
vn -0.807884453 -0.011207318 0.589234339
vn -0.807884453 -0.011207318 0.589234339
vn -0.807887287 -0.011001163 0.589234339
vn -0.807887287 -0.011001163 0.589234339
vn -0.294256148 0.933452600 0.205133035
vn -0.294494336 0.933377482 0.205133035
vn -0.294017942 0.933527658 0.205133035
vn -0.268009194 -0.941324338 -0.205133035
vn -0.268489570 -0.941187435 -0.205133035
vn -0.268249391 -0.941255917 -0.205133035
vn -0.807887287 -0.011001163 -0.589234339
vn -0.807887287 -0.011001163 -0.589234339
vn -0.807884453 -0.011207318 -0.589234339
vn -0.807884453 -0.011207318 -0.589234339
vn -0.294017942 0.933527658 -0.205133035
vn -0.294494336 0.933377482 -0.205133035
vn -0.294256148 0.933452600 -0.205133035
vn 0.012941184 -0.916017787 -0.400928845
vn 0.012707436 -0.916021060 -0.400928845
vn 0.013174931 -0.916014455 -0.400928845
vn -0.000000000 -0.000000000 -1.000000000
vn -0.000000000 -0.000000000 -1.000000000
vn -0.000000000 -0.000000000 -1.000000000
vn -0.000000000 -0.000000000 -1.000000000
vn -0.012707436 0.916021060 -0.400928845
vn -0.012941184 0.916017787 -0.400928845
vn -0.013174931 0.916014455 -0.400928845
vn 0.294494336 -0.933377482 -0.205133035
vn 0.294732504 -0.933302303 -0.205133035
vn 0.294970652 -0.933227064 -0.205133035
vn 0.807878628 0.011619626 -0.589234339
vn 0.807878628 0.011619626 -0.589234339
vn 0.807875637 0.011825779 -0.589234339
vn 0.807875637 0.011825779 -0.589234339
vn 0.267768980 0.941392698 -0.205133035
vn 0.268009194 0.941324338 -0.205133035
vn 0.267528748 0.941460996 -0.205133035
vn 0.017637668 0.999844444 0.000000000
vn 0.017637668 0.999844444 0.000000000
vn 0.017289693 0.999850522 0.000000000
vn 0.017289693 0.999850522 0.000000000
vn -0.017637668 -0.999844444 0.000000000
vn -0.017637668 -0.999844444 0.000000000
vn -0.017289693 -0.999850522 0.000000000
vn -0.017289693 -0.999850522 0.000000000
vn 0.000000000 0.000000000 -1.000000000
vn 0.000000000 0.000000000 -1.000000000
vn 0.000000000 0.000000000 -1.000000000
vn 0.000000000 0.000000000 -1.000000000
vn 0.000000000 0.000000000 1.000000000
vn 0.000000000 0.000000000 1.000000000
vn 0.000000000 0.000000000 1.000000000
vn 0.000000000 0.000000000 1.000000000
vn -0.999844444 0.017637668 0.000000000
vn -0.999844444 0.017637668 0.000000000
vn -0.999844444 0.017637668 0.000000000
vn -0.999844444 0.017637668 0.000000000
vn 0.999850522 -0.017289693 0.000000000
vn 0.999850522 -0.017289693 0.000000000
vn 0.999850522 -0.017289693 0.000000000
vn 0.999850522 -0.017289693 0.000000000
vn -0.017289693 0.999850522 0.000000000
vn -0.017289693 0.999850522 0.000000000
vn -0.017637668 0.999844444 0.000000000
vn -0.017637668 0.999844444 0.000000000
vn 0.017289693 -0.999850522 0.000000000
vn 0.017289693 -0.999850522 0.000000000
vn 0.017637668 -0.999844444 0.000000000
vn 0.017637668 -0.999844444 0.000000000
vn 0.000000000 0.000000000 -1.000000000
vn 0.000000000 0.000000000 -1.000000000
vn 0.000000000 0.000000000 -1.000000000
vn 0.000000000 0.000000000 -1.000000000
vn 0.000000000 0.000000000 1.000000000
vn 0.000000000 0.000000000 1.000000000
vn 0.000000000 0.000000000 1.000000000
vn 0.000000000 0.000000000 1.000000000
vn -0.999850522 -0.017289693 0.000000000
vn -0.999850522 -0.017289693 0.000000000
vn -0.999850522 -0.017289693 0.000000000
vn -0.999850522 -0.017289693 0.000000000
vn 0.999844444 0.017637668 0.000000000
vn 0.999844444 0.017637668 0.000000000
vn 0.999844444 0.017637668 0.000000000
vn 0.999844444 0.017637668 0.000000000
f 1/1/1 2/2/2 3/3/3
f 1/1/1 3/3/3 4/4/4
f 5/5/5 6/6/6 7/7/7
f 5/5/5 7/7/7 8/8/8
f 9/9/9 10/10/10 11/11/11
f 9/9/9 11/11/11 12/12/12
f 13/13/13 14/14/14 15/15/15
f 13/13/13 15/15/15 16/16/16
f 17/17/17 18/18/18 19/19/19
f 17/17/17 19/19/19 20/20/20
f 21/21/21 22/22/22 23/23/23
f 21/21/21 23/23/23 24/24/24
f 25/25/25 26/26/26 27/27/27
f 25/25/25 27/27/27 28/28/28
f 29/29/29 30/30/30 31/31/31
f 29/29/29 31/31/31 32/32/32
f 33/33/33 34/34/34 35/35/35
f 33/33/33 35/35/35 36/36/36
f 37/37/37 38/38/38 39/39/39
f 37/37/37 39/39/39 40/40/40
f 41/41/41 42/42/42 43/43/43
f 41/41/41 43/43/43 44/44/44
f 45/45/45 46/46/46 47/47/47
f 45/45/45 47/47/47 48/48/48
f 49/49/49 50/50/50 51/51/51
f 49/49/49 51/51/51 52/52/52
f 53/53/53 54/54/54 55/55/55
f 53/53/53 55/55/55 56/56/56
f 57/57/57 58/58/58 59/59/59
f 57/57/57 59/59/59 60/60/60
f 61/61/61 62/62/62 63/63/63
f 61/61/61 63/63/63 64/64/64
f 65/65/65 66/66/66 67/67/67
f 65/65/65 67/67/67 68/68/68
f 69/69/69 70/70/70 71/71/71
f 69/69/69 71/71/71 72/72/72
f 73/73/73 74/74/74 75/75/75
f 73/73/73 75/75/75 76/76/76
f 77/77/77 78/78/78 79/79/79
f 77/77/77 79/79/79 80/80/80
f 81/81/81 82/82/82 83/83/83
f 81/81/81 83/83/83 84/84/84
f 85/85/85 86/86/86 87/87/87
f 85/85/85 87/87/87 88/88/88
f 89/89/89 90/90/90 91/91/91
f 89/89/89 91/91/91 92/92/92
f 93/93/93 94/94/94 95/95/95
f 93/93/93 95/95/95 96/96/96
f 97/97/97 98/98/98 99/99/99
f 97/97/97 99/99/99 100/100/100
f 101/101/101 102/102/102 103/103/103
f 101/101/101 103/103/103 104/104/104
f 105/105/105 106/106/106 107/107/107
f 105/105/105 107/107/107 108/108/108
f 109/109/109 110/110/110 111/111/111
f 109/109/109 111/111/111 112/112/112
f 113/113/113 114/114/114 115/115/115
f 113/113/113 115/115/115 116/116/116
f 117/117/117 118/118/118 119/119/119
f 117/117/117 119/119/119 120/120/120
f 121/121/121 122/122/122 123/123/123
f 121/121/121 123/123/123 124/124/124
f 125/125/125 126/126/126 127/127/127
f 125/125/125 127/127/127 128/128/128
f 129/129/129 130/130/130 131/131/131
f 129/129/129 131/131/131 132/132/132
f 133/133/133 134/134/134 135/135/135
f 133/133/133 135/135/135 136/136/136
f 137/137/137 138/138/138 139/139/139
f 137/137/137 139/139/139 140/140/140
f 141/141/141 142/142/142 143/143/143
f 141/141/141 143/143/143 144/144/144
f 145/145/145 146/146/146 147/147/147
f 145/145/145 147/147/147 148/148/148
f 149/149/149 150/150/150 151/151/151
f 149/149/149 151/151/151 152/152/152
f 153/153/153 154/154/154 155/155/155
f 153/153/153 155/155/155 156/156/156
f 157/157/157 158/158/158 159/159/159
f 157/157/157 159/159/159 160/160/160
f 161/161/161 162/162/162 163/163/163
f 161/161/161 163/163/163 164/164/164
f 165/165/165 166/166/166 167/167/167
f 165/165/165 167/167/167 168/168/168
f 169/169/169 170/170/170 171/171/171
f 169/169/169 171/171/171 172/172/172
f 173/173/173 174/174/174 175/175/175
f 173/173/173 175/175/175 176/176/176
f 177/177/177 178/178/178 179/179/179
f 177/177/177 179/179/179 180/180/180
f 181/181/181 182/182/182 183/183/183
f 181/181/181 183/183/183 184/184/184
f 185/185/185 186/186/186 187/187/187
f 185/185/185 187/187/187 188/188/188
f 189/189/189 190/190/190 191/191/191
f 189/189/189 191/191/191 192/192/192
f 193/193/193 194/194/194 195/195/195
f 193/193/193 195/195/195 196/196/196
f 197/197/197 198/198/198 199/199/199
f 197/197/197 199/199/199 200/200/200
f 201/201/201 202/202/202 203/203/203
f 201/201/201 203/203/203 204/204/204
f 205/205/205 206/206/206 207/207/207
f 205/205/205 207/207/207 208/208/208
f 209/209/209 210/210/210 211/211/211
f 209/209/209 211/211/211 212/212/212
f 213/213/213 214/214/214 215/215/215
f 213/213/213 215/215/215 216/216/216
f 217/217/217 218/218/218 219/219/219
f 217/217/217 219/219/219 220/220/220
f 221/221/221 222/222/222 223/223/223
f 221/221/221 223/223/223 224/224/224
f 225/225/225 226/226/226 227/227/227
f 225/225/225 227/227/227 228/228/228
f 229/229/229 230/230/230 231/231/231
f 229/229/229 231/231/231 232/232/232
f 233/233/233 234/234/234 235/235/235
f 233/233/233 235/235/235 236/236/236
f 237/237/237 238/238/238 239/239/239
f 237/237/237 239/239/239 240/240/240
f 241/241/241 242/242/242 243/243/243
f 241/241/241 243/243/243 244/244/244
f 245/245/245 246/246/246 247/247/247
f 245/245/245 247/247/247 248/248/248
f 249/249/249 250/250/250 251/251/251
f 249/249/249 251/251/251 252/252/252
f 253/253/253 254/254/254 255/255/255
f 253/253/253 255/255/255 256/256/256
f 257/257/257 258/258/258 259/259/259
f 257/257/257 259/259/259 260/260/260
f 261/261/261 262/262/262 263/263/263
f 261/261/261 263/263/263 264/264/264
f 265/265/265 266/266/266 267/267/267
f 265/265/265 267/267/267 268/268/268
f 269/269/269 270/270/270 271/271/271
f 269/269/269 271/271/271 272/272/272
f 273/273/273 274/274/274 275/275/275
f 273/273/273 275/275/275 276/276/276
f 277/277/277 278/278/278 279/279/279
f 277/277/277 279/279/279 280/280/280
f 281/281/281 282/282/282 283/283/283
f 281/281/281 283/283/283 284/284/284
f 285/285/285 286/286/286 287/287/287
f 285/285/285 287/287/287 288/288/288
f 289/289/289 290/290/290 291/291/291
f 289/289/289 291/291/291 292/292/292
f 293/293/293 294/294/294 295/295/295
f 293/293/293 295/295/295 296/296/296
f 297/297/297 298/298/298 299/299/299
f 297/297/297 299/299/299 300/300/300
f 301/301/301 302/302/302 303/303/303
f 301/301/301 303/303/303 304/304/304
f 305/305/305 306/306/306 307/307/307
f 305/305/305 307/307/307 308/308/308
f 309/309/309 310/310/310 311/311/311
f 309/309/309 311/311/311 312/312/312
f 313/313/313 314/314/314 315/315/315
f 313/313/313 315/315/315 316/316/316
f 317/317/317 318/318/318 319/319/319
f 317/317/317 319/319/319 320/320/320
f 321/321/321 322/322/322 323/323/323
f 321/321/321 323/323/323 324/324/324
f 325/325/325 326/326/326 327/327/327
f 325/325/325 327/327/327 328/328/328
f 329/329/329 330/330/330 331/331/331
f 329/329/329 331/331/331 332/332/332
f 333/333/333 334/334/334 335/335/335
f 333/333/333 335/335/335 336/336/336
f 337/337/337 338/338/338 339/339/339
f 337/337/337 339/339/339 340/340/340
f 341/341/341 342/342/342 343/343/343
f 341/341/341 343/343/343 344/344/344
f 345/345/345 346/346/346 347/347/347
f 345/345/345 347/347/347 348/348/348
f 349/349/349 350/350/350 351/351/351
f 349/349/349 351/351/351 352/352/352
f 353/353/353 354/354/354 355/355/355
f 353/353/353 355/355/355 356/356/356
f 357/357/357 358/358/358 359/359/359
f 357/357/357 359/359/359 360/360/360
f 361/361/361 362/362/362 363/363/363
f 361/361/361 363/363/363 364/364/364
f 365/365/365 366/366/366 367/367/367
f 365/365/365 367/367/367 368/368/368
f 369/369/369 370/370/370 371/371/371
f 369/369/369 371/371/371 372/372/372
f 373/373/373 374/374/374 375/375/375
f 373/373/373 375/375/375 376/376/376
f 377/377/377 378/378/378 379/379/379
f 377/377/377 379/379/379 380/380/380
f 381/381/381 382/382/382 383/383/383
f 381/381/381 383/383/383 384/384/384
f 385/385/385 386/386/386 387/387/387
f 385/385/385 387/387/387 388/388/388
f 389/389/389 390/390/390 391/391/391
f 389/389/389 391/391/391 392/392/392
f 393/393/393 394/394/394 395/395/395
f 393/393/393 395/395/395 396/396/396
f 397/397/397 398/398/398 399/399/399
f 397/397/397 399/399/399 400/400/400
f 401/401/401 402/402/402 403/403/403
f 401/401/401 403/403/403 404/404/404
f 405/405/405 406/406/406 407/407/407
f 405/405/405 407/407/407 408/408/408
f 409/409/409 410/410/410 411/411/411
f 409/409/409 411/411/411 412/412/412
f 413/413/413 414/414/414 415/415/415
f 413/413/413 415/415/415 416/416/416
f 417/417/417 418/418/418 419/419/419
f 417/417/417 419/419/419 420/420/420
f 421/421/421 422/422/422 423/423/423
f 421/421/421 423/423/423 424/424/424
f 425/425/425 426/426/426 427/427/427
f 425/425/425 427/427/427 428/428/428
f 429/429/429 430/430/430 431/431/431
f 429/429/429 431/431/431 432/432/432
f 433/433/433 434/434/434 435/435/435
f 433/433/433 435/435/435 436/436/436
f 437/437/437 438/438/438 439/439/439
f 437/437/437 439/439/439 440/440/440
f 441/441/441 442/442/442 443/443/443
f 441/441/441 443/443/443 444/444/444
f 445/445/445 446/446/446 447/447/447
f 445/445/445 447/447/447 448/448/448
f 449/449/449 450/450/450 451/451/451
f 449/449/449 451/451/451 452/452/452
f 453/453/453 454/454/454 455/455/455
f 453/453/453 455/455/455 456/456/456
f 457/457/457 458/458/458 459/459/459
f 460/460/460 461/461/461 462/462/462
f 460/460/460 462/462/462 463/463/463
f 464/464/464 465/465/465 466/466/466
f 467/467/467 468/468/468 469/469/469
f 470/470/470 471/471/471 472/472/472
f 470/470/470 472/472/472 473/473/473
f 474/474/474 475/475/475 476/476/476
f 477/477/477 478/478/478 479/479/479
f 480/480/480 481/481/481 482/482/482
f 480/480/480 482/482/482 483/483/483
f 484/484/484 485/485/485 486/486/486
f 487/487/487 488/488/488 489/489/489
f 490/490/490 491/491/491 492/492/492
f 490/490/490 492/492/492 493/493/493
f 494/494/494 495/495/495 496/496/496
f 497/497/497 498/498/498 499/499/499
f 500/500/500 501/501/501 502/502/502
f 500/500/500 502/502/502 503/503/503
f 504/504/504 505/505/505 506/506/506
f 507/507/507 508/508/508 509/509/509
f 510/510/510 511/511/511 512/512/512
f 510/510/510 512/512/512 513/513/513
f 514/514/514 515/515/515 516/516/516
f 517/517/517 518/518/518 519/519/519
f 520/520/520 521/521/521 522/522/522
f 520/520/520 522/522/522 523/523/523
f 524/524/524 525/525/525 526/526/526
f 527/527/527 528/528/528 529/529/529
f 530/530/530 531/531/531 532/532/532
f 530/530/530 532/532/532 533/533/533
f 534/534/534 535/535/535 536/536/536
f 537/537/537 538/538/538 539/539/539
f 540/540/540 541/541/541 542/542/542
f 540/540/540 542/542/542 543/543/543
f 544/544/544 545/545/545 546/546/546
f 547/547/547 548/548/548 549/549/549
f 550/550/550 551/551/551 552/552/552
f 550/550/550 552/552/552 553/553/553
f 554/554/554 555/555/555 556/556/556
f 557/557/557 558/558/558 559/559/559
f 560/560/560 561/561/561 562/562/562
f 560/560/560 562/562/562 563/563/563
f 564/564/564 565/565/565 566/566/566
f 567/567/567 568/568/568 569/569/569
f 570/570/570 571/571/571 572/572/572
f 570/570/570 572/572/572 573/573/573
f 574/574/574 575/575/575 576/576/576
f 577/577/577 578/578/578 579/579/579
f 577/577/577 579/579/579 580/580/580
f 581/581/581 582/582/582 583/583/583
f 581/581/581 583/583/583 584/584/584
f 585/585/585 586/586/586 587/587/587
f 585/585/585 587/587/587 588/588/588
f 589/589/589 590/590/590 591/591/591
f 589/589/589 591/591/591 592/592/592
f 593/593/593 594/594/594 595/595/595
f 593/593/593 595/595/595 596/596/596
f 597/597/597 598/598/598 599/599/599
f 597/597/597 599/599/599 600/600/600
f 601/601/601 602/602/602 603/603/603
f 601/601/601 603/603/603 604/604/604
f 605/605/605 606/606/606 607/607/607
f 605/605/605 607/607/607 608/608/608
f 609/609/609 610/610/610 611/611/611
f 609/609/609 611/611/611 612/612/612
f 613/613/613 614/614/614 615/615/615
f 613/613/613 615/615/615 616/616/616
f 617/617/617 618/618/618 619/619/619
f 617/617/617 619/619/619 620/620/620
f 621/621/621 622/622/622 623/623/623
f 621/621/621 623/623/623 624/624/624
f 625/625/625 626/626/626 627/627/627
f 625/625/625 627/627/627 628/628/628
f 629/629/629 630/630/630 631/631/631
f 629/629/629 631/631/631 632/632/632
f 633/633/633 634/634/634 635/635/635
f 633/633/633 635/635/635 636/636/636
f 637/637/637 638/638/638 639/639/639
f 637/637/637 639/639/639 640/640/640
f 641/641/641 642/642/642 643/643/643
f 641/641/641 643/643/643 644/644/644
f 645/645/645 646/646/646 647/647/647
f 645/645/645 647/647/647 648/648/648
f 649/649/649 650/650/650 651/651/651
f 649/649/649 651/651/651 652/652/652
f 653/653/653 654/654/654 655/655/655
f 653/653/653 655/655/655 656/656/656
f 657/657/657 658/658/658 659/659/659
f 657/657/657 659/659/659 660/660/660
f 661/661/661 662/662/662 663/663/663
f 661/661/661 663/663/663 664/664/664
f 665/665/665 666/666/666 667/667/667
f 665/665/665 667/667/667 668/668/668
f 669/669/669 670/670/670 671/671/671
f 669/669/669 671/671/671 672/672/672
f 673/673/673 674/674/674 675/675/675
f 673/673/673 675/675/675 676/676/676
f 677/677/677 678/678/678 679/679/679
f 677/677/677 679/679/679 680/680/680
f 681/681/681 682/682/682 683/683/683
f 681/681/681 683/683/683 684/684/684
f 685/685/685 686/686/686 687/687/687
f 685/685/685 687/687/687 688/688/688
f 689/689/689 690/690/690 691/691/691
f 689/689/689 691/691/691 692/692/692
f 693/693/693 694/694/694 695/695/695
f 693/693/693 695/695/695 696/696/696
f 697/697/697 698/698/698 699/699/699
f 697/697/697 699/699/699 700/700/700
f 701/701/701 702/702/702 703/703/703
f 701/701/701 703/703/703 704/704/704
f 705/705/705 706/706/706 707/707/707
f 705/705/705 707/707/707 708/708/708
f 709/709/709 710/710/710 711/711/711
f 709/709/709 711/711/711 712/712/712
f 713/713/713 714/714/714 715/715/715
f 713/713/713 715/715/715 716/716/716
f 717/717/717 718/718/718 719/719/719
f 717/717/717 719/719/719 720/720/720
f 721/721/721 722/722/722 723/723/723
f 721/721/721 723/723/723 724/724/724
f 725/725/725 726/726/726 727/727/727
f 725/725/725 727/727/727 728/728/728
f 729/729/729 730/730/730 731/731/731
f 729/729/729 731/731/731 732/732/732
f 733/733/733 734/734/734 735/735/735
f 733/733/733 735/735/735 736/736/736
f 737/737/737 738/738/738 739/739/739
f 737/737/737 739/739/739 740/740/740
f 741/741/741 742/742/742 743/743/743
f 741/741/741 743/743/743 744/744/744
f 745/745/745 746/746/746 747/747/747
f 745/745/745 747/747/747 748/748/748
f 749/749/749 750/750/750 751/751/751
f 749/749/749 751/751/751 752/752/752
f 753/753/753 754/754/754 755/755/755
f 756/756/756 757/757/757 758/758/758
f 756/756/756 758/758/758 759/759/759
f 760/760/760 761/761/761 762/762/762
f 763/763/763 764/764/764 765/765/765
f 766/766/766 767/767/767 768/768/768
f 766/766/766 768/768/768 769/769/769
f 770/770/770 771/771/771 772/772/772
f 773/773/773 774/774/774 775/775/775
f 776/776/776 777/777/777 778/778/778
f 776/776/776 778/778/778 779/779/779
f 780/780/780 781/781/781 782/782/782
f 783/783/783 784/784/784 785/785/785
f 786/786/786 787/787/787 788/788/788
f 786/786/786 788/788/788 789/789/789
f 790/790/790 791/791/791 792/792/792
f 793/793/793 794/794/794 795/795/795
f 796/796/796 797/797/797 798/798/798
f 796/796/796 798/798/798 799/799/799
f 800/800/800 801/801/801 802/802/802
f 803/803/803 804/804/804 805/805/805
f 806/806/806 807/807/807 808/808/808
f 806/806/806 808/808/808 809/809/809
f 810/810/810 811/811/811 812/812/812
f 813/813/813 814/814/814 815/815/815
f 816/816/816 817/817/817 818/818/818
f 816/816/816 818/818/818 819/819/819
f 820/820/820 821/821/821 822/822/822
f 823/823/823 824/824/824 825/825/825
f 826/826/826 827/827/827 828/828/828
f 826/826/826 828/828/828 829/829/829
f 830/830/830 831/831/831 832/832/832
f 833/833/833 834/834/834 835/835/835
f 836/836/836 837/837/837 838/838/838
f 836/836/836 838/838/838 839/839/839
f 840/840/840 841/841/841 842/842/842
f 843/843/843 844/844/844 845/845/845
f 846/846/846 847/847/847 848/848/848
f 846/846/846 848/848/848 849/849/849
f 850/850/850 851/851/851 852/852/852
f 853/853/853 854/854/854 855/855/855
f 856/856/856 857/857/857 858/858/858
f 856/856/856 858/858/858 859/859/859
f 860/860/860 861/861/861 862/862/862
f 863/863/863 864/864/864 865/865/865
f 866/866/866 867/867/867 868/868/868
f 866/866/866 868/868/868 869/869/869
f 870/870/870 871/871/871 872/872/872
f 873/873/873 874/874/874 875/875/875
f 873/873/873 875/875/875 876/876/876
f 877/877/877 878/878/878 879/879/879
f 877/877/877 879/879/879 880/880/880
f 881/881/881 882/882/882 883/883/883
f 881/881/881 883/883/883 884/884/884
f 885/885/885 886/886/886 887/887/887
f 885/885/885 887/887/887 888/888/888
f 889/889/889 890/890/890 891/891/891
f 889/889/889 891/891/891 892/892/892
f 893/893/893 894/894/894 895/895/895
f 893/893/893 895/895/895 896/896/896
f 897/897/897 898/898/898 899/899/899
f 897/897/897 899/899/899 900/900/900
f 901/901/901 902/902/902 903/903/903
f 901/901/901 903/903/903 904/904/904
f 905/905/905 906/906/906 907/907/907
f 905/905/905 907/907/907 908/908/908
f 909/909/909 910/910/910 911/911/911
f 909/909/909 911/911/911 912/912/912
f 913/913/913 914/914/914 915/915/915
f 913/913/913 915/915/915 916/916/916
f 917/917/917 918/918/918 919/919/919
f 917/917/917 919/919/919 920/920/920
