mtllib TorusDistrict_SchoolA.mtl
o TorusDistrict_SchoolA
usemtl TorusDistrictBuildings
s off
v -4.95938356 0.05707365 -1.75000000
v -4.95869316 0.08706570 -1.75000000
v -3.96708061 0.06652263 -1.75000000
v -3.96763295 0.03652772 -1.75000000
v -4.95938356 0.05707365 1.75000000
v -3.96763295 0.03652772 1.75000000
v -3.96708061 0.06652263 1.75000000
v -4.95869316 0.08706570 1.75000000
v -2.97538401 0.05054423 -1.75000000
v -2.97579828 0.02054709 -1.75000000
v -2.97579828 0.02054709 1.75000000
v -2.97538401 0.05054423 1.75000000
v -1.98362437 0.03913085 -1.75000000
v -1.98390055 0.00913212 -1.75000000
v -1.98390055 0.00913212 1.75000000
v -1.98362437 0.03913085 1.75000000
v -0.99182269 0.03228272 -1.75000000
v -0.99196078 0.00228304 -1.75000000
v -0.99196078 0.00228304 1.75000000
v -0.99182269 0.03228272 1.75000000
v 0.00000000 0.03000000 -1.75000000
v 0.00000000 0.00000000 -1.75000000
v 0.00000000 0.00000000 1.75000000
v 0.00000000 0.03000000 1.75000000
v 0.99182269 0.03228272 -1.75000000
v 0.99196078 0.00228304 -1.75000000
v 0.99196078 0.00228304 1.75000000
v 0.99182269 0.03228272 1.75000000
v 1.98362437 0.03913085 -1.75000000
v 1.98390055 0.00913212 -1.75000000
v 1.98390055 0.00913212 1.75000000
v 1.98362437 0.03913085 1.75000000
v 2.97538401 0.05054423 -1.75000000
v 2.97579828 0.02054709 -1.75000000
v 2.97579828 0.02054709 1.75000000
v 2.97538401 0.05054423 1.75000000
v 3.96708061 0.06652263 -1.75000000
v 3.96763295 0.03652772 -1.75000000
v 3.96763295 0.03652772 1.75000000
v 3.96708061 0.06652263 1.75000000
v 4.95869316 0.08706570 -1.75000000
v 4.95938356 0.05707365 -1.75000000
v 4.95938356 0.05707365 1.75000000
v 4.95869316 0.08706570 1.75000000
v -4.93821125 0.97682999 -1.75000000
v -4.90834719 0.97614462 -1.75000000
v -4.92870523 0.08637749 -1.75000000
v -4.95869316 0.08706570 1.35000000
v -4.92870523 0.08637749 1.35000000
v -4.90834719 0.97614462 1.35000000
v -4.93821125 0.97682999 1.35000000
v 4.92870523 0.08637749 -1.75000000
v 4.90834719 0.97614462 -1.75000000
v 4.93821125 0.97682999 -1.75000000
v 4.92870523 0.08637749 1.35000000
v 4.95869316 0.08706570 1.35000000
v 4.93821125 0.97682999 1.35000000
v 4.90834719 0.97614462 1.35000000
v -3.29230231 0.94525839 -1.75000000
v -3.30595759 0.05536316 -1.75000000
v -4.95869316 0.08706570 -1.72000000
v -3.30595759 0.05536316 -1.72000000
v -3.29230231 0.94525839 -1.72000000
v -4.93821125 0.97682999 -1.72000000
v -4.95869316 0.08706570 1.32000000
v -4.95495349 0.24952267 1.32000000
v -3.79046268 0.22586791 1.32000000
v -3.79332347 0.06339309 1.32000000
v -3.79332347 0.06339309 1.35000000
v -3.79046268 0.22586791 1.35000000
v -4.95495349 0.24952267 1.35000000
v -4.95495349 0.24952267 1.32500000
v -4.94632347 0.62442335 1.32500000
v -3.78386085 0.60080979 1.32500000
v -3.79046268 0.22586791 1.32500000
v -3.78386085 0.60080979 1.35000000
v -4.94632347 0.62442335 1.35000000
v -4.94632347 0.62442335 1.32000000
v -4.93821125 0.97682999 1.32000000
v -3.77765513 0.95325516 1.32000000
v -3.78386085 0.60080979 1.32000000
v -3.77765513 0.95325516 1.35000000
v -3.34344790 0.05594170 1.32000000
v -3.32963778 0.94583455 1.32000000
v -3.29230231 0.94525839 1.32000000
v -3.30595759 0.05536316 1.32000000
v -3.34344790 0.05594170 1.35000000
v -3.30595759 0.05536316 1.35000000
v -3.29230231 0.94525839 1.35000000
v -3.32963778 0.94583455 1.35000000
v -3.78298061 0.65080204 1.32000000
v -3.33433167 0.64337097 1.32000000
v -3.78298061 0.65080204 1.35000000
v -3.33433167 0.64337097 1.35000000
v -4.90920497 0.93865443 1.35000000
v -3.32217069 0.94571880 1.35000000
v -3.32275127 0.90822329 1.35000000
v -4.90920497 0.93865443 1.51250000
v -3.32275127 0.90822329 1.51250000
v -3.32217069 0.94571880 1.51250000
v -4.90834719 0.97614462 1.51250000
v -1.64619960 0.92631469 -1.75000000
v -1.65302744 0.03634088 -1.75000000
v -1.65302744 0.03634088 -1.72000000
v -1.64619960 0.92631469 -1.72000000
v -3.30346435 0.21784403 1.32000000
v -2.13882634 0.20312362 1.32000000
v -2.14044059 0.04063164 1.32000000
v -2.14044059 0.04063164 1.35000000
v -2.13882634 0.20312362 1.35000000
v -3.30346435 0.21784403 1.35000000
v -3.30346435 0.21784403 1.32500000
v -3.29771072 0.59279989 1.32500000
v -2.13510116 0.57810512 1.32500000
v -2.13882634 0.20312362 1.32500000
v -2.13510116 0.57810512 1.35000000
v -3.29771072 0.59279989 1.35000000
v -3.29771072 0.59279989 1.32000000
v -2.13159948 0.93058773 1.32000000
v -2.13510116 0.57810512 1.32000000
v -2.13159948 0.93058773 1.35000000
v -1.69052109 0.03663179 1.32000000
v -1.68353838 0.92660440 1.32000000
v -1.64619960 0.92631469 1.32000000
v -1.65302744 0.03634088 1.32000000
v -1.69052109 0.03663179 1.35000000
v -1.65302744 0.03634088 1.35000000
v -1.64619960 0.92631469 1.35000000
v -1.68353838 0.92660440 1.35000000
v -2.13460446 0.62810265 1.32000000
v -1.68591172 0.62411371 1.32000000
v -2.13460446 0.62810265 1.35000000
v -1.68591172 0.62411371 1.35000000
v -3.26300401 0.90730648 1.35000000
v -3.26243387 0.94480215 1.35000000
v -1.67607063 0.92654594 1.35000000
v -1.67636354 0.88904708 1.35000000
v -3.26300401 0.90730648 1.51250000
v -1.67636354 0.88904708 1.51250000
v -1.67607063 0.92654594 1.51250000
v -3.26243387 0.94480215 1.51250000
v -0.00000000 0.92000000 -1.75000000
v -0.00000000 0.03000000 -1.72000000
v -0.00000000 0.92000000 -1.72000000
v -1.65178078 0.19883610 1.32000000
v -0.48706411 0.19305091 1.32000000
v -0.48743172 0.03055133 1.32000000
v -0.48743172 0.03055133 1.35000000
v -0.48706411 0.19305091 1.35000000
v -1.65178078 0.19883610 1.35000000
v -1.65178078 0.19883610 1.32500000
v -1.64890389 0.57382506 1.32500000
v -0.48621580 0.56804995 1.32500000
v -0.48706411 0.19305091 1.32500000
v -0.48621580 0.56804995 1.35000000
v -1.64890389 0.57382506 1.35000000
v -1.64890389 0.57382506 1.32000000
v -0.48541838 0.92054905 1.32000000
v -0.48621580 0.56804995 1.32000000
v -0.48541838 0.92054905 1.35000000
v -0.03749478 0.03000326 1.32000000
v -0.03733991 0.92000325 1.32000000
v -0.00000000 0.92000000 1.32000000
v -0.00000000 0.03000000 1.32000000
v -0.03749478 0.03000326 1.35000000
v -0.00000000 0.03000000 1.35000000
v -0.00000000 0.92000000 1.35000000
v -0.03733991 0.92000325 1.35000000
v -0.48610269 0.61804983 1.32000000
v -0.03739255 0.61750325 1.32000000
v -0.48610269 0.61804983 1.35000000
v -0.03739255 0.61750325 1.35000000
v -1.61661101 0.88858867 1.35000000
v -1.61632854 0.92608760 1.35000000
v -0.02987193 0.92000208 1.35000000
v -0.02987715 0.88250208 1.35000000
v -1.61661101 0.88858867 1.51250000
v -0.02987715 0.88250208 1.51250000
v -0.02987193 0.92000208 1.51250000
v -1.61632854 0.92608760 1.51250000
v 1.64619960 0.92631469 -1.75000000
v 1.65302744 0.03634088 -1.75000000
v 1.65302744 0.03634088 -1.72000000
v 1.64619960 0.92631469 -1.72000000
v 0.00000000 0.19250000 1.32000000
v 1.16472678 0.19565037 1.32000000
v 1.16560584 0.03315275 1.32000000
v 1.16560584 0.03315275 1.35000000
v 1.16472678 0.19565037 1.35000000
v 0.00000000 0.19250000 1.35000000
v 0.00000000 0.19250000 1.32500000
v 0.00000000 0.56750000 1.32500000
v 1.16269818 0.57064489 1.32500000
v 1.16472678 0.19565037 1.32500000
v 1.16269818 0.57064489 1.35000000
v 0.00000000 0.56750000 1.35000000
v 0.00000000 0.56750000 1.32000000
v 1.16079129 0.92313973 1.32000000
v 1.16269818 0.57064489 1.32000000
v 1.16079129 0.92313973 1.35000000
v 1.61553374 0.03605649 1.32000000
v 1.60886077 0.92603148 1.32000000
v 1.64619960 0.92631469 1.32000000
v 1.65302744 0.03634088 1.32000000
v 1.61553374 0.03605649 1.35000000
v 1.65302744 0.03634088 1.35000000
v 1.64619960 0.92631469 1.35000000
v 1.60886077 0.92603148 1.35000000
v 1.16242770 0.62064416 1.32000000
v 1.61112883 0.62353998 1.32000000
v 1.16242770 0.62064416 1.35000000
v 1.61112883 0.62353998 1.35000000
v 0.02987715 0.88250208 1.35000000
v 0.02987193 0.92000208 1.35000000
v 1.61632854 0.92608760 1.35000000
v 1.61661101 0.88858867 1.35000000
v 0.02987715 0.88250208 1.51250000
v 1.61661101 0.88858867 1.51250000
v 1.61632854 0.92608760 1.51250000
v 0.02987193 0.92000208 1.51250000
v 3.29230231 0.94525839 -1.75000000
v 3.30595759 0.05536316 -1.75000000
v 3.30595759 0.05536316 -1.72000000
v 3.29230231 0.94525839 -1.72000000
v 1.65178078 0.19883610 1.32000000
v 2.81644912 0.21092185 1.32000000
v 2.81857479 0.04843575 1.32000000
v 2.81857479 0.04843575 1.35000000
v 2.81644912 0.21092185 1.35000000
v 1.65178078 0.19883610 1.35000000
v 1.65178078 0.19883610 1.32500000
v 1.64890389 0.57382506 1.32500000
v 2.81154372 0.58588976 1.32500000
v 2.81644912 0.21092185 1.32500000
v 2.81154372 0.58588976 1.35000000
v 1.64890389 0.57382506 1.35000000
v 1.64890389 0.57382506 1.32000000
v 2.80693265 0.93835960 1.32000000
v 2.81154372 0.58588976 1.32000000
v 2.80693265 0.93835960 1.35000000
v 3.26846717 0.05479114 1.32000000
v 3.25496675 0.94468874 1.32000000
v 3.29230231 0.94525839 1.32000000
v 3.30595759 0.05536316 1.32000000
v 3.26846717 0.05479114 1.35000000
v 3.30595759 0.05536316 1.35000000
v 3.29230231 0.94525839 1.35000000
v 3.25496675 0.94468874 1.35000000
v 2.81088967 0.63588549 1.32000000
v 3.25955538 0.64222354 1.32000000
v 2.81088967 0.63588549 1.35000000
v 3.25955538 0.64222354 1.35000000
v 1.67636354 0.88904708 1.35000000
v 1.67607063 0.92654594 1.35000000
v 3.26243387 0.94480215 1.35000000
v 3.26300401 0.90730648 1.35000000
v 1.67636354 0.88904708 1.51250000
v 3.26300401 0.90730648 1.51250000
v 3.26243387 0.94480215 1.51250000
v 1.67607063 0.92654594 1.51250000
v 4.95869316 0.08706570 -1.72000000
v 4.93821125 0.97682999 -1.72000000
v 3.30346435 0.21784403 1.32000000
v 4.46800569 0.23886444 1.32000000
v 4.47137785 0.07639944 1.32000000
v 4.47137785 0.07639944 1.35000000
v 4.46800569 0.23886444 1.35000000
v 3.30346435 0.21784403 1.35000000
v 3.30346435 0.21784403 1.32500000
v 3.29771072 0.59279989 1.32500000
v 4.46022379 0.61378369 1.32500000
v 4.46800569 0.23886444 1.32500000
v 4.46022379 0.61378369 1.35000000
v 3.29771072 0.59279989 1.35000000
v 3.29771072 0.59279989 1.32000000
v 4.45290880 0.96620778 1.32000000
v 4.46022379 0.61378369 1.32000000
v 4.45290880 0.96620778 1.35000000
v 4.92120824 0.08620608 1.32000000
v 4.90088116 0.97597392 1.32000000
v 4.93821125 0.97682999 1.32000000
v 4.95869316 0.08706570 1.32000000
v 4.92120824 0.08620608 1.35000000
v 4.90088116 0.97597392 1.35000000
v 4.45918620 0.66377292 1.32000000
v 4.90779008 0.67355283 1.32000000
v 4.45918620 0.66377292 1.35000000
v 4.90779008 0.67355283 1.35000000
v 3.32275127 0.90822329 1.35000000
v 3.32217069 0.94571880 1.35000000
v 4.90920497 0.93865443 1.35000000
v 3.32275127 0.90822329 1.51250000
v 4.90920497 0.93865443 1.51250000
v 4.90834719 0.97614462 1.51250000
v 3.32217069 0.94571880 1.51250000
v -4.86553415 0.88764683 1.38750000
v -4.86457086 0.93013591 1.38750000
v -2.91890249 0.89484947 1.38750000
v -2.91948049 0.85235340 1.38750000
v -4.86553415 0.88764683 1.50000000
v -2.91948049 0.85235340 1.50000000
v -2.91890249 0.89484947 1.50000000
v -4.86457086 0.93013591 1.50000000
v -0.97299416 0.87720553 1.38750000
v -0.97318683 0.83470596 1.38750000
v -0.97318683 0.83470596 1.50000000
v -0.97299416 0.87720553 1.50000000
v 0.97299416 0.87720553 1.38750000
v 0.97318683 0.83470596 1.38750000
v 0.97318683 0.83470596 1.50000000
v 0.97299416 0.87720553 1.50000000
v 2.91890249 0.89484947 1.38750000
v 2.91948049 0.85235340 1.38750000
v 2.91948049 0.85235340 1.50000000
v 2.91890249 0.89484947 1.50000000
v 4.86457086 0.93013591 1.38750000
v 4.86553415 0.88764683 1.38750000
v 4.86553415 0.88764683 1.50000000
v 4.86457086 0.93013591 1.50000000
v -4.93752085 1.00682205 -1.75000000
v -4.06859694 0.98858068 -1.75000000
v -4.06916585 0.95858607 -1.75000000
v -4.93821125 0.97682999 1.75000000
v -4.06916585 0.95858607 1.75000000
v -4.06859694 0.98858068 1.75000000
v -4.93752085 1.00682205 1.75000000
v -3.19960627 0.97385936 -1.75000000
v -3.20005367 0.94386269 -1.75000000
v -3.20005367 0.94386269 1.75000000
v -3.19960627 0.97385936 1.75000000
v -2.33056310 0.96265832 -1.75000000
v -2.33088897 0.93266009 -1.75000000
v -2.33088897 0.93266009 1.75000000
v -2.33056310 0.96265832 1.75000000
v -1.46148168 0.95497775 -1.75000000
v -1.46168603 0.92497845 -1.75000000
v -1.46168603 0.92497845 1.75000000
v -1.46148168 0.95497775 1.75000000
v -0.59237628 0.95081778 -1.75000000
v -0.59245911 0.92081790 -1.75000000
v -0.59245911 0.92081790 1.75000000
v -0.59237628 0.95081778 1.75000000
v 0.59245911 0.92081790 -1.75000000
v 0.59237628 0.95081778 -1.75000000
v 1.46148168 0.95497775 -1.75000000
v 1.46168603 0.92497845 -1.75000000
v 0.59245911 0.92081790 1.75000000
v 1.46168603 0.92497845 1.75000000
v 1.46148168 0.95497775 1.75000000
v 0.59237628 0.95081778 1.75000000
v 2.33056310 0.96265832 -1.75000000
v 2.33088897 0.93266009 -1.75000000
v 2.33088897 0.93266009 1.75000000
v 2.33056310 0.96265832 1.75000000
v 3.19960627 0.97385936 -1.75000000
v 3.20005367 0.94386269 -1.75000000
v 3.20005367 0.94386269 1.75000000
v 3.19960627 0.97385936 1.75000000
v 4.06859694 0.98858068 -1.75000000
v 4.06916585 0.95858607 -1.75000000
v 4.06916585 0.95858607 1.75000000
v 4.06859694 0.98858068 1.75000000
v 4.93752085 1.00682205 -1.75000000
v 4.93821125 0.97682999 1.75000000
v 4.93752085 1.00682205 1.75000000
v 0.00000000 0.95000000 -1.75000000
v -0.59245911 0.92081790 -1.62500000
v 0.00000000 0.92000000 -1.62500000
v 0.00000000 0.95000000 -1.62500000
v -0.59237628 0.95081778 -1.62500000
v 0.59245911 0.92081790 -1.62500000
v 0.59237628 0.95081778 -1.62500000
v -0.59245911 0.92081790 -1.22500000
v -0.59237628 0.95081778 -1.22500000
v 0.00000000 0.95000000 -1.22500000
v 0.00000000 0.92000000 -1.22500000
v 0.00000000 0.92000000 1.75000000
v 0.00000000 0.95000000 1.75000000
v 0.59237628 0.95081778 -1.22500000
v 0.59245911 0.92081790 -1.22500000
v -0.59480400 0.07153542 -1.62500000
v -0.59473498 0.09653532 -1.62500000
v -0.50977301 0.09631750 -1.62500000
v -0.50983217 0.07131757 -1.62500000
v -0.59480400 0.07153542 -1.22500000
v -0.50983217 0.07131757 -1.22500000
v -0.50977301 0.09631750 -1.22500000
v -0.59473498 0.09653532 -1.22500000
v -0.59491641 0.03082129 -1.62500000
v -0.58224057 0.09650119 -1.62500000
v -0.58241820 0.03078714 -1.62500000
v -0.59491641 0.03082129 -1.22500000
v -0.58241820 0.03078714 -1.22500000
v -0.58224057 0.09650119 -1.22500000
v -0.50967665 0.13703167 -1.62500000
v -0.50961749 0.16203160 -1.62500000
v -0.42468136 0.16184734 -1.62500000
v -0.42473067 0.13684739 -1.62500000
v -0.50967665 0.13703167 -1.22500000
v -0.42473067 0.13684739 -1.22500000
v -0.42468136 0.16184734 -1.22500000
v -0.50961749 0.16203160 -1.22500000
v -0.49712689 0.16200240 -1.62500000
v -0.49727859 0.09628829 -1.62500000
v -0.49727859 0.09628829 -1.22500000
v -0.49712689 0.16200240 -1.22500000
v -0.42460107 0.20256155 -1.62500000
v -0.42455176 0.22756150 -1.62500000
v -0.33964149 0.22741079 -1.62500000
v -0.33968093 0.20241082 -1.62500000
v -0.42460107 0.20256155 -1.22500000
v -0.33968093 0.20241082 -1.22500000
v -0.33964149 0.22741079 -1.22500000
v -0.42455176 0.22756150 -1.22500000
v -0.41206496 0.22753723 -1.62500000
v -0.41219075 0.16182307 -1.62500000
v -0.41219075 0.16182307 -1.22500000
v -0.41206496 0.22753723 -1.22500000
v -0.33957725 0.26812502 -1.62500000
v -0.33953781 0.29312499 -1.62500000
v -0.25465340 0.29300781 -1.62500000
v -0.25468299 0.26800783 -1.62500000
v -0.33957725 0.26812502 -1.22500000
v -0.25468299 0.26800783 -1.22500000
v -0.25465340 0.29300781 -1.22500000
v -0.33953781 0.29312499 -1.22500000
v -0.32705481 0.29310566 -1.62500000
v -0.32715468 0.22739145 -1.62500000
v -0.32715468 0.22739145 -1.22500000
v -0.32705481 0.29310566 -1.22500000
v -0.25460523 0.33372207 -1.62500000
v -0.25457564 0.35872205 -1.62500000
v -0.16971712 0.35863837 -1.62500000
v -0.16973684 0.33363838 -1.62500000
v -0.25460523 0.33372207 -1.22500000
v -0.16973684 0.33363838 -1.22500000
v -0.16971712 0.35863837 -1.22500000
v -0.25457564 0.35872205 -1.22500000
v -0.24209645 0.35870764 -1.62500000
v -0.24217040 0.29299340 -1.62500000
v -0.24217040 0.29299340 -1.22500000
v -0.24209645 0.35870764 -1.22500000
v -0.16968500 0.39935264 -1.62500000
v -0.16966528 0.42435264 -1.62500000
v -0.08483265 0.42430244 -1.62500000
v -0.08484251 0.39930245 -1.62500000
v -0.16968500 0.39935264 -1.22500000
v -0.08484251 0.39930245 -1.22500000
v -0.08483265 0.42430244 -1.22500000
v -0.16966528 0.42435264 -1.22500000
v -0.15718989 0.42434316 -1.62500000
v -0.15723792 0.35862889 -1.62500000
v -0.15723792 0.35862889 -1.22500000
v -0.15718989 0.42434316 -1.22500000
v -0.08481659 0.46501673 -1.62500000
v -0.08480673 0.49001673 -1.62500000
v -0.00000000 0.49000000 -1.62500000
v -0.00000000 0.46500000 -1.62500000
v -0.08481659 0.46501673 -1.22500000
v -0.00000000 0.46500000 -1.22500000
v -0.00000000 0.49000000 -1.22500000
v -0.08480673 0.49001673 -1.22500000
v -0.07233515 0.49001217 -1.62500000
v -0.07235726 0.42429789 -1.62500000
v -0.07235726 0.42429789 -1.22500000
v -0.07233515 0.49001217 -1.22500000
v 0.00000000 0.53071429 -1.62500000
v 0.00000000 0.55571429 -1.62500000
v 0.08478081 0.55573101 -1.62500000
v 0.08479067 0.53073101 -1.62500000
v 0.00000000 0.53071429 -1.22500000
v 0.08479067 0.53073101 -1.22500000
v 0.08478081 0.55573101 -1.22500000
v 0.00000000 0.55571429 -1.22500000
v 0.01246777 0.55571465 -1.62500000
v 0.01247158 0.49000036 -1.62500000
v 0.01247158 0.49000036 -1.22500000
v 0.01246777 0.55571465 -1.22500000
v 0.08476475 0.59644529 -1.62500000
v 0.08475489 0.62144529 -1.62500000
v 0.16950976 0.62149543 -1.62500000
v 0.16952948 0.59649544 -1.62500000
v 0.08476475 0.59644529 -1.22500000
v 0.16952948 0.59649544 -1.22500000
v 0.16950976 0.62149543 -1.22500000
v 0.08475489 0.62144529 -1.22500000
v 0.09721884 0.62145056 -1.62500000
v 0.09724857 0.55573629 -1.62500000
v 0.09724857 0.55573629 -1.22500000
v 0.09721884 0.62145056 -1.22500000
v 0.16947764 0.66220970 -1.62500000
v 0.16945792 0.68720970 -1.62500000
v 0.25418685 0.68729325 -1.62500000
v 0.25421643 0.66229326 -1.62500000
v 0.16947764 0.66220970 -1.22500000
v 0.25421643 0.66229326 -1.22500000
v 0.25418685 0.68729325 -1.22500000
v 0.16945792 0.68720970 -1.22500000
v 0.18191806 0.68721989 -1.62500000
v 0.18197371 0.62150563 -1.62500000
v 0.18197371 0.62150563 -1.22500000
v 0.18191806 0.68721989 -1.22500000
v 0.25413867 0.72800750 -1.62500000
v 0.25410909 0.75300749 -1.62500000
v 0.33881206 0.75312442 -1.62500000
v 0.33885150 0.72812445 -1.62500000
v 0.25413867 0.72800750 -1.22500000
v 0.33885150 0.72812445 -1.22500000
v 0.33881206 0.75312442 -1.22500000
v 0.25410909 0.75300749 -1.22500000
v 0.26656541 0.75302259 -1.62500000
v 0.26664698 0.68730835 -1.62500000
v 0.26664698 0.68730835 -1.22500000
v 0.26656541 0.75302259 -1.22500000
v 0.33874782 0.79383865 -1.62500000
v 0.33870838 0.81883862 -1.62500000
v 0.42338537 0.81898892 -1.62500000
v 0.42343468 0.79398897 -1.62500000
v 0.33874782 0.79383865 -1.22500000
v 0.42343468 0.79398897 -1.22500000
v 0.42338537 0.81898892 -1.22500000
v 0.33870838 0.81883862 -1.22500000
v 0.35116088 0.81885863 -1.62500000
v 0.35126837 0.75314443 -1.62500000
v 0.35126837 0.75314443 -1.22500000
v 0.35116088 0.81885863 -1.22500000
v 0.42330508 0.85970313 -1.62500000
v 0.42325577 0.88470308 -1.62500000
v 0.50790678 0.88488672 -1.62500000
v 0.50796595 0.85988679 -1.62500000
v 0.42330508 0.85970313 -1.22500000
v 0.50796595 0.85988679 -1.22500000
v 0.50790678 0.88488672 -1.22500000
v 0.42325577 0.88470308 -1.22500000
v 0.43570446 0.88472799 -1.62500000
v 0.43583787 0.81901384 -1.62500000
v 0.43583787 0.81901384 -1.22500000
v 0.43570446 0.88472799 -1.22500000
v 0.50781043 0.92560089 -1.62500000
v 0.50775127 0.95060082 -1.62500000
v 0.59244530 0.92581788 -1.62500000
v 0.50781043 0.92560089 -1.22500000
v 0.59244530 0.92581788 -1.22500000
v 0.50775127 0.95060082 -1.22500000
v 0.52019613 0.95063063 -1.62500000
v 0.52035546 0.88491654 -1.62500000
v 0.52035546 0.88491654 -1.22500000
v 0.52019613 0.95063063 -1.22500000
v -4.91634854 1.92657839 -1.75000000
v -4.88661669 1.92589605 -1.75000000
v -4.90766096 1.00613677 -1.75000000
v -4.93752085 1.00682205 1.35000000
v -4.90766096 1.00613677 1.35000000
v -4.88661669 1.92589605 1.35000000
v -4.91634854 1.92657839 1.35000000
v 4.90766096 1.00613677 -1.75000000
v 4.88661669 1.92589605 -1.75000000
v 4.91634854 1.92657839 -1.75000000
v 4.90766096 1.00613677 1.35000000
v 4.93752085 1.00682205 1.35000000
v 4.91634854 1.92657839 1.35000000
v 4.88661669 1.92589605 1.35000000
v -3.27772646 1.89514657 -1.75000000
v -3.29184202 0.97525486 -1.75000000
v -4.93752085 1.00682205 -1.72000000
v -3.29184202 0.97525486 -1.72000000
v -3.27772646 1.89514657 -1.72000000
v -4.91634854 1.92657839 -1.72000000
v -4.93752085 1.00682205 1.32000000
v -4.93378118 1.16927901 1.32000000
v -3.77426619 1.14572533 1.32000000
v -3.77712698 0.98325051 1.32000000
v -3.77712698 0.98325051 1.35000000
v -3.77426619 1.14572533 1.35000000
v -4.93378118 1.16927901 1.35000000
v -4.93378118 1.16927901 1.32500000
v -4.92515116 1.54417970 1.32500000
v -3.76766436 1.52066721 1.32500000
v -3.77426619 1.14572533 1.32500000
v -3.76766436 1.52066721 1.35000000
v -4.92515116 1.54417970 1.35000000
v -4.92515116 1.54417970 1.32000000
v -4.91634854 1.92657839 1.32000000
v -3.76093049 1.90310793 1.32000000
v -3.76766436 1.52066721 1.32000000
v -3.76093049 1.90310793 1.35000000
v -3.32917227 0.97583094 1.32000000
v -3.31489663 1.89572017 1.32000000
v -3.27772646 1.89514657 1.32000000
v -3.29184202 0.97525486 1.32000000
v -3.32917227 0.97583094 1.35000000
v -3.29184202 0.97525486 1.35000000
v -3.27772646 1.89514657 1.35000000
v -3.31489663 1.89572017 1.35000000
v -3.76678412 1.57065946 1.32000000
v -3.32005603 1.56326020 1.32000000
v -3.76678412 1.57065946 1.35000000
v -3.32005603 1.56326020 1.35000000
v -4.88747448 1.88840586 1.35000000
v -3.30746260 1.89560493 1.35000000
v -3.30804318 1.85810943 1.35000000
v -4.88747448 1.88840586 1.51250000
v -3.30804318 1.85810943 1.51250000
v -3.30746260 1.89560493 1.51250000
v -4.88661669 1.92589605 1.51250000
v -1.63891146 1.87628673 -1.75000000
v -1.64596945 0.95631381 -1.75000000
v -1.64596945 0.95631381 -1.72000000
v -1.63891146 1.87628673 -1.72000000
v -3.28934878 1.13773573 1.32000000
v -2.12968722 1.12307823 1.32000000
v -2.13130147 0.96058625 1.32000000
v -2.13130147 0.96058625 1.35000000
v -2.12968722 1.12307823 1.35000000
v -3.28934878 1.13773573 1.35000000
v -3.28934878 1.13773573 1.32500000
v -3.28359516 1.51269159 1.32500000
v -2.12596204 1.49805972 1.32500000
v -2.12968722 1.12307823 1.32500000
v -2.12596204 1.49805972 1.35000000
v -3.28359516 1.51269159 1.35000000
v -3.28359516 1.51269159 1.32000000
v -2.12216235 1.88054085 1.32000000
v -2.12596204 1.49805972 1.32000000
v -2.12216235 1.88054085 1.35000000
v -1.68330301 0.95660348 1.32000000
v -1.67608493 1.87657516 1.32000000
v -1.63891146 1.87628673 1.32000000
v -1.64596945 0.95631381 1.32000000
v -1.68330301 0.95660348 1.35000000
v -1.64596945 0.95631381 1.35000000
v -1.63891146 1.87628673 1.35000000
v -1.67608493 1.87657516 1.35000000
v -2.12546535 1.54805726 1.32000000
v -1.67869364 1.54408540 1.32000000
v -2.12546535 1.54805726 1.35000000
v -1.67869364 1.54408540 1.35000000
v -3.24856039 1.85719668 1.35000000
v -3.24799025 1.89469234 1.35000000
v -1.66865024 1.87651696 1.35000000
v -1.66894315 1.83901810 1.35000000
v -3.24856039 1.85719668 1.51250000
v -1.66894315 1.83901810 1.51250000
v -1.66865024 1.87651696 1.51250000
v -3.24799025 1.89469234 1.51250000
v -0.00000000 1.87000000 -1.75000000
v -0.00000000 0.95000000 -1.72000000
v -0.00000000 1.87000000 -1.72000000
v -1.64472279 1.11880903 1.32000000
v -0.48498291 1.11304856 1.32000000
v -0.48535051 0.95054898 1.32000000
v -0.48535051 0.95054898 1.35000000
v -0.48498291 1.11304856 1.35000000
v -1.64472279 1.11880903 1.35000000
v -1.64472279 1.11880903 1.32500000
v -1.64184590 1.49379799 1.32500000
v -0.48413459 1.48804760 1.32500000
v -0.48498291 1.11304856 1.32500000
v -0.48413459 1.48804760 1.35000000
v -1.64184590 1.49379799 1.35000000
v -1.64184590 1.49379799 1.32000000
v -0.48326931 1.87054662 1.32000000
v -0.48413459 1.48804760 1.32000000
v -0.48326931 1.87054662 1.35000000
v -0.03733469 0.95000325 1.32000000
v -0.03717459 1.87000323 1.32000000
v -0.00000000 1.87000000 1.32000000
v -0.00000000 0.95000000 1.32000000
v -0.03733469 0.95000325 1.35000000
v -0.00000000 0.95000000 1.35000000
v -0.00000000 1.87000000 1.35000000
v -0.03717459 1.87000323 1.35000000
v -0.48402148 1.53804747 1.32000000
v -0.03723245 1.53750324 1.32000000
v -0.48402148 1.53804747 1.35000000
v -0.03723245 1.53750324 1.35000000
v -1.60945511 1.83856171 1.35000000
v -1.60917264 1.87606065 1.35000000
v -0.02973968 1.87000207 1.35000000
v -0.02974490 1.83250207 1.35000000
v -1.60945511 1.83856171 1.51250000
v -0.02974490 1.83250207 1.51250000
v -0.02973968 1.87000207 1.51250000
v -1.60917264 1.87606065 1.51250000
v 1.63891146 1.87628673 -1.75000000
v 1.64596945 0.95631381 -1.75000000
v 1.64596945 0.95631381 -1.72000000
v 1.63891146 1.87628673 -1.72000000
v 0.00000000 1.11250000 1.32000000
v 1.15974995 1.11563691 1.32000000
v 1.16062901 0.95313929 1.32000000
v 1.16062901 0.95313929 1.35000000
v 1.15974995 1.11563691 1.35000000
v 0.00000000 1.11250000 1.35000000
v 0.00000000 1.11250000 1.32500000
v 0.00000000 1.48750000 1.32500000
v 1.15772135 1.49063143 1.32500000
v 1.15974995 1.11563691 1.32500000
v 1.15772135 1.49063143 1.35000000
v 0.00000000 1.48750000 1.35000000
v 0.00000000 1.48750000 1.32000000
v 1.15565218 1.87312583 1.32000000
v 1.15772135 1.49063143 1.32000000
v 1.15565218 1.87312583 1.35000000
v 1.60863584 0.95603064 1.32000000
v 1.60173793 1.87600478 1.32000000
v 1.63891146 1.87628673 1.32000000
v 1.64596945 0.95631381 1.32000000
v 1.60863584 0.95603064 1.35000000
v 1.64596945 0.95631381 1.35000000
v 1.63891146 1.87628673 1.35000000
v 1.60173793 1.87600478 1.35000000
v 1.15745087 1.54063069 1.32000000
v 1.60423093 1.54351412 1.32000000
v 1.15745087 1.54063069 1.35000000
v 1.60423093 1.54351412 1.35000000
v 0.02974490 1.83250207 1.35000000
v 0.02973968 1.87000207 1.35000000
v 1.60917264 1.87606065 1.35000000
v 1.60945511 1.83856171 1.35000000
v 0.02974490 1.83250207 1.51250000
v 1.60945511 1.83856171 1.51250000
v 1.60917264 1.87606065 1.51250000
v 0.02973968 1.87000207 1.51250000
v 3.27772646 1.89514657 -1.75000000
v 3.29184202 0.97525486 -1.75000000
v 3.29184202 0.97525486 -1.72000000
v 3.27772646 1.89514657 -1.72000000
v 1.64472279 1.11880903 1.32000000
v 2.80441455 1.13084313 1.32000000
v 2.80654022 0.96835704 1.32000000
v 2.80654022 0.96835704 1.35000000
v 2.80441455 1.13084313 1.35000000
v 1.64472279 1.11880903 1.35000000
v 1.64472279 1.11880903 1.32500000
v 1.64184590 1.49379799 1.32500000
v 2.79950915 1.50581105 1.32500000
v 2.80441455 1.13084313 1.32500000
v 2.79950915 1.50581105 1.35000000
v 1.64184590 1.49379799 1.35000000
v 1.64184590 1.49379799 1.32000000
v 2.79450565 1.88827832 1.32000000
v 2.79950915 1.50581105 1.32000000
v 2.79450565 1.88827832 1.35000000
v 3.25451168 0.97468528 1.32000000
v 3.24055619 1.89457943 1.32000000
v 3.27772646 1.89514657 1.32000000
v 3.29184202 0.97525486 1.32000000
v 3.25451168 0.97468528 1.35000000
v 3.29184202 0.97525486 1.35000000
v 3.27772646 1.89514657 1.35000000
v 3.24055619 1.89457943 1.35000000
v 2.79885510 1.55580677 1.32000000
v 3.24559989 1.56211769 1.32000000
v 2.79885510 1.55580677 1.35000000
v 3.24559989 1.56211769 1.35000000
v 1.66894315 1.83901810 1.35000000
v 1.66865024 1.87651696 1.35000000
v 3.24799025 1.89469234 1.35000000
v 3.24856039 1.85719668 1.35000000
v 1.66894315 1.83901810 1.51250000
v 3.24856039 1.85719668 1.51250000
v 3.24799025 1.89469234 1.51250000
v 1.66865024 1.87651696 1.51250000
v 4.93752085 1.00682205 -1.72000000
v 4.91634854 1.92657839 -1.72000000
v 3.28934878 1.13773573 1.32000000
v 4.44891409 1.15866633 1.32000000
v 4.45228624 0.99620132 1.32000000
v 4.45228624 0.99620132 1.35000000
v 4.44891409 1.15866633 1.35000000
v 3.28934878 1.13773573 1.35000000
v 3.28934878 1.13773573 1.32500000
v 3.28359516 1.51269159 1.32500000
v 4.44113218 1.53358558 1.32500000
v 4.44891409 1.15866633 1.32500000
v 4.44113218 1.53358558 1.35000000
v 3.28359516 1.51269159 1.35000000
v 3.28359516 1.51269159 1.32000000
v 4.43319464 1.91600321 1.32000000
v 4.44113218 1.53358558 1.32000000
v 4.43319464 1.91600321 1.35000000
v 4.90019598 1.00596610 1.32000000
v 4.87918372 1.92572611 1.32000000
v 4.91634854 1.92657839 1.32000000
v 4.93752085 1.00682205 1.32000000
v 4.90019598 1.00596610 1.35000000
v 4.87918372 1.92572611 1.35000000
v 4.44009460 1.58357481 1.32000000
v 4.88677782 1.59331285 1.32000000
v 4.44009460 1.58357481 1.35000000
v 4.88677782 1.59331285 1.35000000
v 3.30804318 1.85810943 1.35000000
v 3.30746260 1.89560493 1.35000000
v 4.88747448 1.88840586 1.35000000
v 3.30804318 1.85810943 1.51250000
v 4.88747448 1.88840586 1.51250000
v 4.88661669 1.92589605 1.51250000
v 3.30746260 1.89560493 1.51250000
v -4.84400197 1.83740278 1.38750000
v -4.84303869 1.87989186 1.38750000
v -2.90598248 1.84476161 1.38750000
v -2.90656048 1.80226554 1.38750000
v -4.84400197 1.83740278 1.50000000
v -2.90656048 1.80226554 1.50000000
v -2.90598248 1.84476161 1.50000000
v -4.84303869 1.87989186 1.50000000
v -0.96868737 1.82719576 1.38750000
v -0.96888004 1.78469620 1.38750000
v -0.96888004 1.78469620 1.50000000
v -0.96868737 1.82719576 1.50000000
v 0.96868737 1.82719576 1.38750000
v 0.96888004 1.78469620 1.38750000
v 0.96888004 1.78469620 1.50000000
v 0.96868737 1.82719576 1.50000000
v 2.90598248 1.84476161 1.38750000
v 2.90656048 1.80226554 1.38750000
v 2.90656048 1.80226554 1.50000000
v 2.90598248 1.84476161 1.50000000
v 4.84303869 1.87989186 1.38750000
v 4.84400197 1.83740278 1.38750000
v 4.84400197 1.83740278 1.50000000
v 4.84303869 1.87989186 1.50000000
v -4.91565814 1.95657045 -1.75000000
v -4.05058172 1.93840985 -1.75000000
v -4.05115062 1.90841524 -1.75000000
v -4.91634854 1.92657839 1.75000000
v -4.05115062 1.90841524 1.75000000
v -4.05058172 1.93840985 1.75000000
v -4.91565814 1.95657045 1.75000000
v -3.18543883 1.92375371 -1.75000000
v -3.18588622 1.89375705 -1.75000000
v -3.18588622 1.89375705 1.75000000
v -3.18543883 1.92375371 1.75000000
v -2.32024366 1.91260227 -1.75000000
v -2.32056954 1.88260404 -1.75000000
v -2.32056954 1.88260404 1.75000000
v -2.32024366 1.91260227 1.75000000
v -1.45501042 1.90495571 -1.75000000
v -1.45521478 1.87495641 -1.75000000
v -1.45521478 1.87495641 1.75000000
v -1.45501042 1.90495571 1.75000000
v -0.58975331 1.90081416 -1.75000000
v -0.58983614 1.87081428 -1.75000000
v -0.58983614 1.87081428 1.75000000
v -0.58975331 1.90081416 1.75000000
v 0.58983614 1.87081428 -1.75000000
v 0.58975331 1.90081416 -1.75000000
v 1.45501042 1.90495571 -1.75000000
v 1.45521478 1.87495641 -1.75000000
v 0.58983614 1.87081428 1.75000000
v 1.45521478 1.87495641 1.75000000
v 1.45501042 1.90495571 1.75000000
v 0.58975331 1.90081416 1.75000000
v 2.32024366 1.91260227 -1.75000000
v 2.32056954 1.88260404 -1.75000000
v 2.32056954 1.88260404 1.75000000
v 2.32024366 1.91260227 1.75000000
v 3.18543883 1.92375371 -1.75000000
v 3.18588622 1.89375705 -1.75000000
v 3.18588622 1.89375705 1.75000000
v 3.18543883 1.92375371 1.75000000
v 4.05058172 1.93840985 -1.75000000
v 4.05115062 1.90841524 -1.75000000
v 4.05115062 1.90841524 1.75000000
v 4.05058172 1.93840985 1.75000000
v 4.91565814 1.95657045 -1.75000000
v 4.91634854 1.92657839 1.75000000
v 4.91565814 1.95657045 1.75000000
v 0.00000000 1.90000000 -1.75000000
v -0.58983614 1.87081428 -1.62500000
v 0.00000000 1.87000000 -1.62500000
v 0.00000000 1.90000000 -1.62500000
v -0.58975331 1.90081416 -1.62500000
v 0.58983614 1.87081428 -1.62500000
v 0.58975331 1.90081416 -1.62500000
v -0.58983614 1.87081428 -1.22500000
v -0.58975331 1.90081416 -1.22500000
v 0.00000000 1.90000000 -1.22500000
v 0.00000000 1.87000000 -1.22500000
v 0.00000000 1.87000000 1.75000000
v 0.00000000 1.90000000 1.75000000
v 0.58975331 1.90081416 -1.22500000
v 0.58983614 1.87081428 -1.22500000
v -0.59225795 0.99367476 -1.62500000
v -0.59218892 1.01867467 -1.62500000
v -0.50759068 1.01845777 -1.62500000
v -0.50764984 0.99345784 -1.62500000
v -0.59225795 0.99367476 -1.22500000
v -0.50764984 0.99345784 -1.22500000
v -0.50759068 1.01845777 -1.22500000
v -0.59218892 1.01867467 -1.22500000
v -0.57974801 1.01864068 -1.62500000
v -0.57993143 0.95078378 -1.62500000
v -0.57993143 0.95078378 -1.22500000
v -0.57974801 1.01864068 -1.22500000
v -0.50748925 1.06131480 -1.62500000
v -0.50743009 1.08631473 -1.62500000
v -0.42285853 1.08613126 -1.62500000
v -0.42290783 1.06113131 -1.62500000
v -0.50748925 1.06131480 -1.22500000
v -0.42290783 1.06113131 -1.22500000
v -0.42285853 1.08613126 -1.22500000
v -0.50743009 1.08631473 -1.22500000
v -0.49499310 1.08628565 -1.62500000
v -0.49514975 1.01842869 -1.62500000
v -0.49514975 1.01842869 -1.22500000
v -0.49499310 1.08628565 -1.22500000
v -0.42277401 1.12898832 -1.62500000
v -0.42272470 1.15398827 -1.62500000
v -0.33817984 1.15383821 -1.62500000
v -0.33821928 1.12883824 -1.62500000
v -0.42277401 1.12898832 -1.22500000
v -0.33821928 1.12883824 -1.22500000
v -0.33817984 1.15383821 -1.22500000
v -0.42272470 1.15398827 -1.22500000
v -0.41029164 1.15396411 -1.62500000
v -0.41042153 1.08610709 -1.62500000
v -0.41042153 1.08610709 -1.22500000
v -0.41029164 1.15396411 -1.22500000
v -0.33811222 1.19669530 -1.62500000
v -0.33807278 1.22169526 -1.62500000
v -0.25355463 1.22157859 -1.62500000
v -0.25358421 1.19657860 -1.62500000
v -0.33811222 1.19669530 -1.22500000
v -0.25358421 1.19657860 -1.22500000
v -0.25355463 1.22157859 -1.22500000
v -0.33807278 1.22169526 -1.22500000
v -0.32564364 1.22167602 -1.62500000
v -0.32574677 1.15381895 -1.62500000
v -0.32574677 1.15381895 -1.22500000
v -0.32564364 1.22167602 -1.22500000
v -0.25350392 1.26443570 -1.62500000
v -0.25347434 1.28943568 -1.62500000
v -0.16898291 1.28935237 -1.62500000
v -0.16900263 1.26435237 -1.62500000
v -0.25350392 1.26443570 -1.22500000
v -0.16900263 1.26435237 -1.22500000
v -0.16898291 1.28935237 -1.22500000
v -0.25347434 1.28943568 -1.22500000
v -0.24104913 1.28942134 -1.62500000
v -0.24112549 1.22156424 -1.62500000
v -0.24112549 1.22156424 -1.22500000
v -0.24104913 1.28942134 -1.22500000
v -0.16894910 1.33220950 -1.62500000
v -0.16892938 1.35720949 -1.62500000
v -0.08446470 1.35715951 -1.62500000
v -0.08447456 1.33215952 -1.62500000
v -0.16894910 1.33220950 -1.22500000
v -0.08447456 1.33215952 -1.22500000
v -0.08446470 1.35715951 -1.22500000
v -0.16892938 1.35720949 -1.22500000
v -0.15650811 1.35720005 -1.62500000
v -0.15655770 1.28934293 -1.62500000
v -0.15655770 1.28934293 -1.22500000
v -0.15650811 1.35720005 -1.22500000
v -0.08444779 1.40001665 -1.62500000
v -0.08443793 1.42501665 -1.62500000
v -0.00000000 1.42500000 -1.62500000
v -0.00000000 1.40000000 -1.62500000
v -0.08444779 1.40001665 -1.22500000
v -0.00000000 1.40000000 -1.22500000
v -0.00000000 1.42500000 -1.22500000
v -0.08443793 1.42501665 -1.22500000
v -0.07202059 1.42501211 -1.62500000
v -0.07204342 1.35715498 -1.62500000
v -0.07204342 1.35715498 -1.22500000
v -0.07202059 1.42501211 -1.22500000
v 0.00000000 1.46785714 -1.62500000
v 0.00000000 1.49285714 -1.62500000
v 0.08441117 1.49287379 -1.62500000
v 0.08442103 1.46787379 -1.62500000
v 0.00000000 1.46785714 -1.22500000
v 0.08442103 1.46787379 -1.22500000
v 0.08441117 1.49287379 -1.22500000
v 0.00000000 1.49285714 -1.22500000
v 0.01241341 1.49285750 -1.62500000
v 0.01241734 1.42500036 -1.62500000
v 0.01241734 1.42500036 -1.22500000
v 0.01241341 1.49285750 -1.22500000
v 0.08439426 1.53573093 -1.62500000
v 0.08438440 1.56073093 -1.62500000
v 0.16876879 1.56078085 -1.62500000
v 0.16878851 1.53578086 -1.62500000
v 0.08439426 1.53573093 -1.22500000
v 0.16878851 1.53578086 -1.22500000
v 0.16876879 1.56078085 -1.22500000
v 0.08438440 1.56073093 -1.22500000
v 0.09679387 1.56073618 -1.62500000
v 0.09682457 1.49287905 -1.62500000
v 0.09682457 1.49287905 -1.22500000
v 0.09679387 1.56073618 -1.22500000
v 0.16873498 1.60363798 -1.62500000
v 0.16871526 1.62863798 -1.62500000
v 0.25307286 1.62872116 -1.62500000
v 0.25310244 1.60372118 -1.62500000
v 0.16873498 1.60363798 -1.22500000
v 0.25310244 1.60372118 -1.22500000
v 0.25307286 1.62872116 -1.22500000
v 0.16871526 1.62863798 -1.22500000
v 0.18112079 1.62864812 -1.62500000
v 0.18117826 1.56079100 -1.62500000
v 0.18117826 1.56079100 -1.22500000
v 0.18112079 1.62864812 -1.22500000
v 0.25302215 1.67157827 -1.62500000
v 0.25299257 1.69657825 -1.62500000
v 0.33732336 1.69669467 -1.62500000
v 0.33736280 1.67169470 -1.62500000
v 0.25302215 1.67157827 -1.22500000
v 0.33736280 1.67169470 -1.22500000
v 0.33732336 1.69669467 -1.22500000
v 0.25299257 1.69657825 -1.22500000
v 0.26539416 1.69659329 -1.62500000
v 0.26547839 1.62873620 -1.62500000
v 0.26547839 1.62873620 -1.22500000
v 0.26539416 1.69659329 -1.22500000
v 0.33725574 1.73955176 -1.62500000
v 0.33721630 1.76455173 -1.62500000
v 0.42152028 1.76470137 -1.62500000
v 0.42156958 1.73970142 -1.62500000
v 0.33725574 1.73955176 -1.22500000
v 0.42156958 1.73970142 -1.22500000
v 0.42152028 1.76470137 -1.22500000
v 0.33721630 1.76455173 -1.22500000
v 0.34961395 1.76457165 -1.62500000
v 0.34972494 1.69671460 -1.62500000
v 0.34972494 1.69671460 -1.22500000
v 0.34961395 1.76457165 -1.22500000
v 0.42143576 1.80755843 -1.62500000
v 0.42138645 1.83255838 -1.62500000
v 0.50566360 1.83274121 -1.62500000
v 0.50572276 1.80774128 -1.62500000
v 0.42143576 1.80755843 -1.22500000
v 0.50572276 1.80774128 -1.22500000
v 0.50566360 1.83274121 -1.22500000
v 0.42138645 1.83255838 -1.22500000
v 0.43378015 1.83258318 -1.62500000
v 0.43391792 1.76472618 -1.62500000
v 0.43391792 1.76472618 -1.22500000
v 0.43378015 1.83258318 -1.22500000
v 0.50556217 1.87559823 -1.62500000
v 0.50550301 1.90059816 -1.62500000
v 0.58982234 1.87581426 -1.62500000
v 0.50556217 1.87559823 -1.22500000
v 0.58982234 1.87581426 -1.22500000
v 0.50550301 1.90059816 -1.22500000
v 0.51789276 1.90062784 -1.62500000
v 0.51805729 1.83277090 -1.62500000
v 0.51805729 1.83277090 -1.22500000
v 0.51789276 1.90062784 -1.22500000
v -4.89448583 2.87632679 -1.75000000
v -4.86488620 2.87564749 -1.75000000
v -4.88593047 1.95588820 -1.75000000
v -4.91565814 1.95657045 1.35000000
v -4.88593047 1.95588820 1.35000000
v -4.86488620 2.87564749 1.35000000
v -4.89448583 2.87632679 1.35000000
v 4.88593047 1.95588820 -1.75000000
v 4.86488620 2.87564749 -1.75000000
v 4.89448583 2.87632679 -1.75000000
v 4.88593047 1.95588820 1.35000000
v 4.91565814 1.95657045 1.35000000
v 4.89448583 2.87632679 1.35000000
v 4.86488620 2.87564749 1.35000000
v -3.26315060 2.84503474 -1.75000000
v -3.27726617 1.92514304 -1.75000000
v -4.91565814 1.95657045 -1.72000000
v -3.27726617 1.92514304 -1.72000000
v -3.26315060 2.84503474 -1.72000000
v -4.89448583 2.87632679 -1.72000000
v -4.89379543 2.90631885 -1.75000000
v -4.07827287 2.88911084 -1.75000000
v -4.07884822 2.85911636 -1.75000000
v -4.07884822 2.85911636 1.35000000
v -4.07827287 2.88911084 1.35000000
v -4.89379543 2.90631885 1.35000000
v -3.26269031 2.87503121 -1.75000000
v -3.26315060 2.84503474 1.35000000
v -3.26269031 2.87503121 1.35000000
v -4.91565814 1.95657045 1.32000000
v -4.91191847 2.11902741 1.32000000
v -3.75754155 2.09557810 1.32000000
v -3.76040235 1.93310328 1.32000000
v -3.76040235 1.93310328 1.35000000
v -3.75754155 2.09557810 1.35000000
v -4.91191847 2.11902741 1.35000000
v -4.91191847 2.11902741 1.32500000
v -4.90328845 2.49392809 1.32500000
v -3.75093972 2.47051998 1.32500000
v -3.75754155 2.09557810 1.32500000
v -3.75093972 2.47051998 1.35000000
v -4.90328845 2.49392809 1.35000000
v -4.90328845 2.49392809 1.32000000
v -4.89448583 2.87632679 1.32000000
v -3.74420586 2.85296070 1.32000000
v -3.75093972 2.47051998 1.32000000
v -3.74420586 2.85296070 1.35000000
v -3.31443112 1.92571656 1.32000000
v -3.30015548 2.84560580 1.32000000
v -3.26315060 2.84503474 1.32000000
v -3.27726617 1.92514304 1.32000000
v -3.31443112 1.92571656 1.35000000
v -3.27726617 1.92514304 1.35000000
v -3.30015548 2.84560580 1.35000000
v -3.75005948 2.52051223 1.32000000
v -3.30531488 2.51314583 1.32000000
v -3.75005948 2.52051223 1.35000000
v -3.30531488 2.51314583 1.35000000
v -4.86574398 2.83815730 1.35000000
v -3.29275451 2.84549107 1.35000000
v -3.29333509 2.80799557 1.35000000
v -4.86574398 2.83815730 1.51250000
v -3.29333509 2.80799557 1.51250000
v -3.29275451 2.84549107 1.51250000
v -4.86488620 2.87564749 1.51250000
v -3.26545205 2.69505240 -1.75000000
v -1.63277408 2.67626319 -1.75000000
v -1.63868131 1.90628585 -1.75000000
v -1.63868131 1.90628585 -1.72000000
v -1.63277408 2.67626319 -1.72000000
v -3.26545205 2.69505240 -1.72000000
v -3.26499176 2.72504887 -1.75000000
v -2.44878586 2.71409011 -1.75000000
v -2.44913108 2.68409210 -1.75000000
v -3.26545205 2.69505240 1.35000000
v -2.44913108 2.68409210 1.35000000
v -2.44878586 2.71409011 1.35000000
v -3.26499176 2.72504887 1.35000000
v -1.63254392 2.70626231 -1.75000000
v -1.63277408 2.67626319 1.35000000
v -1.63254392 2.70626231 1.35000000
v -3.23802382 2.87465414 -1.75000000
v -3.24076468 2.69467501 -1.75000000
v -3.24076468 2.69467501 1.35000000
v -3.23802382 2.87465414 1.35000000
v -3.27477293 2.08762391 1.32000000
v -2.12025009 2.07303135 1.32000000
v -2.12186434 1.91053937 1.32000000
v -2.12186434 1.91053937 1.35000000
v -2.12025009 2.07303135 1.35000000
v -3.27477293 2.08762391 1.35000000
v -3.27477293 2.08762391 1.32500000
v -3.26901930 2.46257977 1.32500000
v -2.11652491 2.44801285 1.32500000
v -2.12025009 2.07303135 1.32500000
v -2.11652491 2.44801285 1.35000000
v -3.26901930 2.46257977 1.35000000
v -3.26901930 2.46257977 1.32000000
v -3.26545205 2.69505240 1.32000000
v -2.11421530 2.68050138 1.32000000
v -2.11652491 2.44801285 1.32000000
v -2.11421530 2.68050138 1.35000000
v -1.67584956 1.90657424 1.32000000
v -1.66980834 2.67655054 1.32000000
v -1.63277408 2.67626319 1.32000000
v -1.63868131 1.90628585 1.32000000
v -1.67584956 1.90657424 1.35000000
v -1.63868131 1.90628585 1.35000000
v -1.66980834 2.67655054 1.35000000
v -2.11602822 2.49801038 1.32000000
v -1.67124019 2.49405616 1.32000000
v -2.11602822 2.49801038 1.35000000
v -1.67124019 2.49405616 1.35000000
v -3.23639734 2.65710421 1.35000000
v -3.23582720 2.69459988 1.35000000
v -1.66240149 2.67649255 1.35000000
v -1.66269440 2.63899370 1.35000000
v -3.23639734 2.65710421 1.51250000
v -1.66269440 2.63899370 1.51250000
v -1.66240149 2.67649255 1.51250000
v -3.23582720 2.69459988 1.51250000
v -1.63162332 2.82625878 -1.75000000
v -0.00000000 2.82000000 -1.75000000
v -0.00000000 1.90000000 -1.72000000
v -0.00000000 2.82000000 -1.72000000
v -1.63162332 2.82625878 -1.72000000
v -1.63139316 2.85625790 -1.75000000
v -0.81570258 2.85156448 -1.75000000
v -0.81581766 2.82156470 -1.75000000
v -1.63162332 2.82625878 1.35000000
v -0.81581766 2.82156470 1.35000000
v -0.81570258 2.85156448 1.35000000
v -1.63139316 2.85625790 1.35000000
v -0.00000000 2.85000000 -1.75000000
v -0.00000000 2.82000000 1.35000000
v -0.00000000 2.85000000 1.35000000
v -1.60672451 2.85607007 -1.75000000
v -1.60808454 2.67607521 -1.75000000
v -1.60808454 2.67607521 1.35000000
v -1.60672451 2.85607007 1.35000000
v -1.63743465 2.06878107 1.32000000
v -0.48283384 2.06304613 1.32000000
v -0.48320144 1.90054654 1.32000000
v -0.48320144 1.90054654 1.35000000
v -0.48283384 2.06304613 1.35000000
v -1.63743465 2.06878107 1.35000000
v -1.63743465 2.06878107 1.32500000
v -1.63455775 2.44377003 1.32500000
v -0.48198552 2.43804517 1.32500000
v -0.48283384 2.06304613 1.32500000
v -0.48198552 2.43804517 1.35000000
v -1.63455775 2.44377003 1.35000000
v -1.63455775 2.44377003 1.32000000
v -1.63162332 2.82625878 1.32000000
v -0.48112024 2.82054419 1.32000000
v -0.48198552 2.43804517 1.32000000
v -0.48112024 2.82054419 1.35000000
v -0.03716937 1.90000323 1.32000000
v -0.03700928 2.82000322 1.32000000
v -0.00000000 2.82000000 1.32000000
v -0.00000000 1.90000000 1.32000000
v -0.03716937 1.90000323 1.35000000
v -0.00000000 1.90000000 1.35000000
v -0.03700928 2.82000322 1.35000000
v -0.48187241 2.48804504 1.32000000
v -0.03706714 2.48750323 1.32000000
v -0.48187241 2.48804504 1.35000000
v -0.03706714 2.48750323 1.35000000
v -1.60229922 2.78853476 1.35000000
v -1.60201675 2.82603370 1.35000000
v -0.02960742 2.82000206 1.35000000
v -0.02961264 2.78250206 1.35000000
v -1.60229922 2.78853476 1.51250000
v -0.02961264 2.78250206 1.51250000
v -0.02960742 2.82000206 1.51250000
v -1.60201675 2.82603370 1.51250000
v 0.00000000 2.67000000 -1.75000000
v 1.63277408 2.67626319 -1.75000000
v 1.63868131 1.90628585 -1.75000000
v 1.63868131 1.90628585 -1.72000000
v 1.63277408 2.67626319 -1.72000000
v 0.00000000 2.67000000 -1.72000000
v 0.00000000 2.70000000 -1.75000000
v 0.81627797 2.70156558 -1.75000000
v 0.81639304 2.67156580 -1.75000000
v 0.00000000 2.67000000 1.35000000
v 0.81639304 2.67156580 1.35000000
v 0.81627797 2.70156558 1.35000000
v 0.00000000 2.70000000 1.35000000
v 1.63254392 2.70626231 -1.75000000
v 1.63277408 2.67626319 1.35000000
v 1.63254392 2.70626231 1.35000000
v 0.02466937 2.85000143 -1.75000000
v 0.02469026 2.67000143 -1.75000000
v 0.02469026 2.67000143 1.35000000
v 0.02466937 2.85000143 1.35000000
v 0.00000000 2.06250000 1.32000000
v 1.15461083 2.06562301 1.32000000
v 1.15548989 1.90312539 1.32000000
v 1.15548989 1.90312539 1.35000000
v 1.15461083 2.06562301 1.35000000
v 0.00000000 2.06250000 1.35000000
v 0.00000000 2.06250000 1.32500000
v 0.00000000 2.43750000 1.32500000
v 1.15258223 2.44061753 1.32500000
v 1.15461083 2.06562301 1.32500000
v 1.15258223 2.44061753 1.35000000
v 0.00000000 2.43750000 1.35000000
v 0.00000000 2.43750000 1.32000000
v 0.00000000 2.67000000 1.32000000
v 1.15132450 2.67311412 1.32000000
v 1.15258223 2.44061753 1.32000000
v 1.15132450 2.67311412 1.35000000
v 1.60151300 1.90600393 1.32000000
v 1.59573976 2.67598229 1.32000000
v 1.63277408 2.67626319 1.32000000
v 1.63868131 1.90628585 1.32000000
v 1.60151300 1.90600393 1.35000000
v 1.63868131 1.90628585 1.35000000
v 1.59573976 2.67598229 1.35000000
v 1.15231175 2.49061679 1.32000000
v 1.59710809 2.49348742 1.32000000
v 1.15231175 2.49061679 1.35000000
v 1.59710809 2.49348742 1.35000000
v 0.02963353 2.63250206 1.35000000
v 0.02962831 2.67000206 1.35000000
v 1.60314663 2.67603795 1.35000000
v 1.60342910 2.63853902 1.35000000
v 0.02963353 2.63250206 1.51250000
v 1.60342910 2.63853902 1.51250000
v 1.60314663 2.67603795 1.51250000
v 0.02962831 2.67000206 1.51250000
v 1.63162332 2.82625878 -1.75000000
v 3.26315060 2.84503474 -1.75000000
v 3.27726617 1.92514304 -1.75000000
v 3.27726617 1.92514304 -1.72000000
v 3.26315060 2.84503474 -1.72000000
v 1.63162332 2.82625878 -1.72000000
v 1.63139316 2.85625790 -1.75000000
v 2.44705974 2.86408018 -1.75000000
v 2.44740496 2.83408216 -1.75000000
v 1.63162332 2.82625878 1.35000000
v 2.44740496 2.83408216 1.35000000
v 2.44705974 2.86408018 1.35000000
v 1.63139316 2.85625790 1.35000000
v 3.26269031 2.87503121 -1.75000000
v 3.26315060 2.84503474 1.35000000
v 3.26269031 2.87503121 1.35000000
v 1.65606180 2.85644858 -1.75000000
v 1.65746359 2.67645404 -1.75000000
v 1.65746359 2.67645404 1.35000000
v 1.65606180 2.85644858 1.35000000
v 1.63743465 2.06878107 1.32000000
v 2.79198754 2.08076185 1.32000000
v 2.79411322 1.91827576 1.32000000
v 2.79411322 1.91827576 1.35000000
v 2.79198754 2.08076185 1.35000000
v 1.63743465 2.06878107 1.35000000
v 1.63743465 2.06878107 1.32500000
v 1.63455775 2.44377003 1.32500000
v 2.78708215 2.45572977 1.32500000
v 2.79198754 2.08076185 1.32500000
v 2.78708215 2.45572977 1.35000000
v 1.63455775 2.44377003 1.35000000
v 1.63455775 2.44377003 1.32000000
v 1.63162332 2.82625878 1.32000000
v 2.78207865 2.83819704 1.32000000
v 2.78708215 2.45572977 1.32000000
v 2.78207865 2.83819704 1.35000000
v 3.24010112 1.92457598 1.32000000
v 3.22614563 2.84447013 1.32000000
v 3.26315060 2.84503474 1.32000000
v 3.27726617 1.92514304 1.32000000
v 3.24010112 1.92457598 1.35000000
v 3.27726617 1.92514304 1.35000000
v 3.22614563 2.84447013 1.35000000
v 2.78642810 2.50572549 1.32000000
v 3.23118932 2.51200839 1.32000000
v 2.78642810 2.50572549 1.35000000
v 3.23118932 2.51200839 1.35000000
v 1.66152276 2.78898912 1.35000000
v 1.66122985 2.82648798 1.35000000
v 3.23354663 2.84458254 1.35000000
v 3.23411677 2.80708687 1.35000000
v 1.66152276 2.78898912 1.51250000
v 3.23411677 2.80708687 1.51250000
v 3.23354663 2.84458254 1.51250000
v 1.66122985 2.82648798 1.51250000
v 4.91565814 1.95657045 -1.72000000
v 4.89448583 2.87632679 -1.72000000
v 4.07827287 2.88911084 -1.75000000
v 4.07884822 2.85911636 -1.75000000
v 4.07884822 2.85911636 1.35000000
v 4.07827287 2.88911084 1.35000000
v 4.89379543 2.90631885 -1.75000000
v 4.89379543 2.90631885 1.35000000
v 3.27477293 2.08762391 1.32000000
v 4.42919993 2.10846176 1.32000000
v 4.43257209 1.94599675 1.32000000
v 4.43257209 1.94599675 1.35000000
v 4.42919993 2.10846176 1.35000000
v 3.27477293 2.08762391 1.35000000
v 3.27477293 2.08762391 1.32500000
v 3.26901930 2.46257977 1.32500000
v 4.42141803 2.48338100 1.32500000
v 4.42919993 2.10846176 1.32500000
v 4.42141803 2.48338100 1.35000000
v 3.26901930 2.46257977 1.35000000
v 3.26901930 2.46257977 1.32000000
v 4.41348049 2.86579864 1.32000000
v 4.42141803 2.48338100 1.32000000
v 4.41348049 2.86579864 1.35000000
v 4.87849854 1.95571829 1.32000000
v 4.85748628 2.87547830 1.32000000
v 4.89448583 2.87632679 1.32000000
v 4.91565814 1.95657045 1.32000000
v 4.87849854 1.95571829 1.35000000
v 4.85748628 2.87547830 1.35000000
v 4.42038044 2.53337024 1.32000000
v 4.86508038 2.54306504 1.32000000
v 4.42038044 2.53337024 1.35000000
v 4.86508038 2.54306504 1.35000000
v 3.29333509 2.80799557 1.35000000
v 3.29275451 2.84549107 1.35000000
v 4.86574398 2.83815730 1.35000000
v 3.29333509 2.80799557 1.51250000
v 4.86574398 2.83815730 1.51250000
v 4.86488620 2.87564749 1.51250000
v 3.29275451 2.84549107 1.51250000
v -4.82246980 2.78715873 1.38750000
v -4.82150652 2.82964781 1.38750000
v -2.89306247 2.79467375 1.38750000
v -2.89364047 2.75217768 1.38750000
v -4.82246980 2.78715873 1.50000000
v -2.89364047 2.75217768 1.50000000
v -2.89306247 2.79467375 1.50000000
v -4.82150652 2.82964781 1.50000000
v -0.96438058 2.77718600 1.38750000
v -0.96457326 2.73468644 1.38750000
v -0.96457326 2.73468644 1.50000000
v -0.96438058 2.77718600 1.50000000
v 0.96438058 2.77718600 1.38750000
v 0.96457326 2.73468644 1.38750000
v 0.96457326 2.73468644 1.50000000
v 0.96438058 2.77718600 1.50000000
v 2.89306247 2.79467375 1.38750000
v 2.89364047 2.75217768 1.38750000
v 2.89364047 2.75217768 1.50000000
v 2.89306247 2.79467375 1.50000000
v 4.82150652 2.82964781 1.38750000
v 4.82246980 2.78715873 1.38750000
v 4.82246980 2.78715873 1.50000000
v 4.82150652 2.82964781 1.50000000
vt 0.01562500 0.51562500
vt 0.48437500 0.51562500
vt 0.48437500 0.98437500
vt 0.01562500 0.98437500
vt 0.01562500 0.51562500
vt 0.48437500 0.51562500
vt 0.48437500 0.98437500
vt 0.01562500 0.98437500
vt 0.01562500 0.51562500
vt 0.48437500 0.51562500
vt 0.48437500 0.98437500
vt 0.01562500 0.98437500
vt 0.01562500 0.51562500
vt 0.48437500 0.51562500
vt 0.48437500 0.98437500
vt 0.01562500 0.98437500
vt 0.01562500 0.51562500
vt 0.48437500 0.51562500
vt 0.48437500 0.98437500
vt 0.01562500 0.98437500
vt 0.01562500 0.51562500
vt 0.48437500 0.51562500
vt 0.48437500 0.98437500
vt 0.01562500 0.98437500
vt 0.01562500 0.51562500
vt 0.48437500 0.51562500
vt 0.48437500 0.98437500
vt 0.01562500 0.98437500
vt 0.01562500 0.51562500
vt 0.48437500 0.51562500
vt 0.48437500 0.98437500
vt 0.01562500 0.98437500
vt 0.01562500 0.51562500
vt 0.48437500 0.51562500
vt 0.48437500 0.98437500
vt 0.01562500 0.98437500
vt 0.01562500 0.51562500
vt 0.48437500 0.51562500
vt 0.48437500 0.98437500
vt 0.01562500 0.98437500
vt 0.01562500 0.51562500
vt 0.48437500 0.51562500
vt 0.48437500 0.98437500
vt 0.01562500 0.98437500
vt 0.01562500 0.51562500
vt 0.48437500 0.51562500
vt 0.48437500 0.98437500
vt 0.01562500 0.98437500
vt 0.01562500 0.51562500
vt 0.48437500 0.51562500
vt 0.48437500 0.98437500
vt 0.01562500 0.98437500
vt 0.01562500 0.51562500
vt 0.48437500 0.51562500
vt 0.48437500 0.98437500
vt 0.01562500 0.98437500
vt 0.01562500 0.51562500
vt 0.48437500 0.51562500
vt 0.48437500 0.98437500
vt 0.01562500 0.98437500
vt 0.01562500 0.51562500
vt 0.48437500 0.51562500
vt 0.48437500 0.98437500
vt 0.01562500 0.98437500
vt 0.01562500 0.51562500
vt 0.48437500 0.51562500
vt 0.48437500 0.98437500
vt 0.01562500 0.98437500
vt 0.01562500 0.51562500
vt 0.48437500 0.51562500
vt 0.48437500 0.98437500
vt 0.01562500 0.98437500
vt 0.01562500 0.51562500
vt 0.48437500 0.51562500
vt 0.48437500 0.98437500
vt 0.01562500 0.98437500
vt 0.01562500 0.51562500
vt 0.48437500 0.51562500
vt 0.48437500 0.98437500
vt 0.01562500 0.98437500
vt 0.01562500 0.51562500
vt 0.48437500 0.51562500
vt 0.48437500 0.98437500
vt 0.01562500 0.98437500
vt 0.01562500 0.51562500
vt 0.48437500 0.51562500
vt 0.48437500 0.98437500
vt 0.01562500 0.98437500
vt 0.01562500 0.51562500
vt 0.48437500 0.51562500
vt 0.48437500 0.98437500
vt 0.01562500 0.98437500
vt 0.01562500 0.51562500
vt 0.48437500 0.51562500
vt 0.48437500 0.98437500
vt 0.01562500 0.98437500
vt 0.01562500 0.51562500
vt 0.48437500 0.51562500
vt 0.48437500 0.98437500
vt 0.01562500 0.98437500
vt 0.01562500 0.51562500
vt 0.48437500 0.51562500
vt 0.48437500 0.98437500
vt 0.01562500 0.98437500
vt 0.01562500 0.51562500
vt 0.48437500 0.51562500
vt 0.48437500 0.98437500
vt 0.01562500 0.98437500
vt 0.01562500 0.51562500
vt 0.48437500 0.51562500
vt 0.48437500 0.98437500
vt 0.01562500 0.98437500
vt 0.01562500 0.51562500
vt 0.48437500 0.51562500
vt 0.48437500 0.98437500
vt 0.01562500 0.98437500
vt 0.01562500 0.51562500
vt 0.48437500 0.51562500
vt 0.48437500 0.98437500
vt 0.01562500 0.98437500
vt 0.01562500 0.51562500
vt 0.48437500 0.51562500
vt 0.48437500 0.98437500
vt 0.01562500 0.98437500
vt 0.01562500 0.51562500
vt 0.48437500 0.51562500
vt 0.48437500 0.98437500
vt 0.01562500 0.98437500
vt 0.01562500 0.51562500
vt 0.48437500 0.51562500
vt 0.48437500 0.98437500
vt 0.01562500 0.98437500
vt 0.01562500 0.51562500
vt 0.48437500 0.51562500
vt 0.48437500 0.98437500
vt 0.01562500 0.98437500
vt 0.01562500 0.51562500
vt 0.48437500 0.51562500
vt 0.48437500 0.98437500
vt 0.01562500 0.98437500
vt 0.01562500 0.51562500
vt 0.48437500 0.51562500
vt 0.48437500 0.98437500
vt 0.01562500 0.98437500
vt 0.01562500 0.51562500
vt 0.48437500 0.51562500
vt 0.48437500 0.98437500
vt 0.01562500 0.98437500
vt 0.01562500 0.51562500
vt 0.48437500 0.51562500
vt 0.48437500 0.98437500
vt 0.01562500 0.98437500
vt 0.01562500 0.51562500
vt 0.48437500 0.51562500
vt 0.48437500 0.98437500
vt 0.01562500 0.98437500
vt 0.01562500 0.51562500
vt 0.48437500 0.51562500
vt 0.48437500 0.98437500
vt 0.01562500 0.98437500
vt 0.01562500 0.51562500
vt 0.48437500 0.51562500
vt 0.48437500 0.98437500
vt 0.01562500 0.98437500
vt 0.01562500 0.51562500
vt 0.48437500 0.51562500
vt 0.48437500 0.98437500
vt 0.01562500 0.98437500
vt 0.01562500 0.51562500
vt 0.48437500 0.51562500
vt 0.48437500 0.98437500
vt 0.01562500 0.98437500
vt 0.01562500 0.51562500
vt 0.48437500 0.51562500
vt 0.48437500 0.98437500
vt 0.01562500 0.98437500
vt 0.01562500 0.51562500
vt 0.48437500 0.51562500
vt 0.48437500 0.98437500
vt 0.01562500 0.98437500
vt 0.01562500 0.51562500
vt 0.48437500 0.51562500
vt 0.48437500 0.98437500
vt 0.01562500 0.98437500
vt 0.01562500 0.51562500
vt 0.48437500 0.51562500
vt 0.48437500 0.98437500
vt 0.01562500 0.98437500
vt 0.01562500 0.51562500
vt 0.48437500 0.51562500
vt 0.48437500 0.98437500
vt 0.01562500 0.98437500
vt 0.01562500 0.51562500
vt 0.48437500 0.51562500
vt 0.48437500 0.98437500
vt 0.01562500 0.98437500
vt 0.01562500 0.51562500
vt 0.48437500 0.51562500
vt 0.48437500 0.98437500
vt 0.01562500 0.98437500
vt 0.01562500 0.51562500
vt 0.48437500 0.51562500
vt 0.48437500 0.98437500
vt 0.01562500 0.98437500
vt 0.01562500 0.51562500
vt 0.48437500 0.51562500
vt 0.48437500 0.98437500
vt 0.01562500 0.98437500
vt 0.01562500 0.51562500
vt 0.48437500 0.51562500
vt 0.48437500 0.98437500
vt 0.01562500 0.98437500
vt 0.01562500 0.51562500
vt 0.48437500 0.51562500
vt 0.48437500 0.98437500
vt 0.01562500 0.98437500
vt 0.01562500 0.51562500
vt 0.48437500 0.51562500
vt 0.48437500 0.98437500
vt 0.01562500 0.98437500
vt 0.01562500 0.51562500
vt 0.48437500 0.51562500
vt 0.48437500 0.98437500
vt 0.01562500 0.98437500
vt 0.01562500 0.51562500
vt 0.48437500 0.51562500
vt 0.48437500 0.98437500
vt 0.01562500 0.98437500
vt 0.01562500 0.51562500
vt 0.48437500 0.51562500
vt 0.48437500 0.98437500
vt 0.01562500 0.98437500
vt 0.51562500 0.51562500
vt 0.98437500 0.51562500
vt 0.98437500 0.98437500
vt 0.51562500 0.98437500
vt 0.51562500 0.51562500
vt 0.98437500 0.51562500
vt 0.98437500 0.98437500
vt 0.51562500 0.98437500
vt 0.51562500 0.51562500
vt 0.98437500 0.51562500
vt 0.98437500 0.98437500
vt 0.51562500 0.98437500
vt 0.51562500 0.51562500
vt 0.98437500 0.51562500
vt 0.98437500 0.98437500
vt 0.51562500 0.98437500
vt 0.01562500 0.51562500
vt 0.48437500 0.51562500
vt 0.48437500 0.98437500
vt 0.01562500 0.98437500
vt 0.01562500 0.51562500
vt 0.48437500 0.51562500
vt 0.48437500 0.98437500
vt 0.01562500 0.98437500
vt 0.01562500 0.51562500
vt 0.48437500 0.51562500
vt 0.48437500 0.98437500
vt 0.01562500 0.98437500
vt 0.01562500 0.51562500
vt 0.48437500 0.51562500
vt 0.48437500 0.98437500
vt 0.01562500 0.98437500
vt 0.51562500 0.01562500
vt 0.73437500 0.01562500
vt 0.73437500 0.48437500
vt 0.51562500 0.48437500
vt 0.51562500 0.01562500
vt 0.73437500 0.01562500
vt 0.73437500 0.48437500
vt 0.51562500 0.48437500
vt 0.51562500 0.01562500
vt 0.73437500 0.01562500
vt 0.73437500 0.48437500
vt 0.51562500 0.48437500
vt 0.51562500 0.01562500
vt 0.73437500 0.01562500
vt 0.73437500 0.48437500
vt 0.51562500 0.48437500
vt 0.51562500 0.01562500
vt 0.73437500 0.01562500
vt 0.73437500 0.48437500
vt 0.51562500 0.48437500
vt 0.51562500 0.01562500
vt 0.73437500 0.01562500
vt 0.73437500 0.48437500
vt 0.51562500 0.48437500
vt 0.51562500 0.01562500
vt 0.73437500 0.01562500
vt 0.73437500 0.48437500
vt 0.51562500 0.48437500
vt 0.51562500 0.01562500
vt 0.73437500 0.01562500
vt 0.73437500 0.48437500
vt 0.51562500 0.48437500
vt 0.51562500 0.01562500
vt 0.73437500 0.01562500
vt 0.73437500 0.48437500
vt 0.51562500 0.48437500
vt 0.76562500 0.01562500
vt 0.98437500 0.01562500
vt 0.98437500 0.48437500
vt 0.76562500 0.48437500
vt 0.76562500 0.01562500
vt 0.98437500 0.01562500
vt 0.98437500 0.48437500
vt 0.76562500 0.48437500
vt 0.76562500 0.01562500
vt 0.98437500 0.01562500
vt 0.98437500 0.48437500
vt 0.76562500 0.48437500
vt 0.76562500 0.01562500
vt 0.98437500 0.01562500
vt 0.98437500 0.48437500
vt 0.76562500 0.48437500
vt 0.76562500 0.01562500
vt 0.98437500 0.01562500
vt 0.98437500 0.48437500
vt 0.76562500 0.48437500
vt 0.76562500 0.01562500
vt 0.98437500 0.01562500
vt 0.98437500 0.48437500
vt 0.76562500 0.48437500
vt 0.01562500 0.51562500
vt 0.48437500 0.51562500
vt 0.48437500 0.98437500
vt 0.01562500 0.98437500
vt 0.01562500 0.51562500
vt 0.48437500 0.51562500
vt 0.48437500 0.98437500
vt 0.01562500 0.98437500
vt 0.01562500 0.51562500
vt 0.48437500 0.51562500
vt 0.48437500 0.98437500
vt 0.01562500 0.98437500
vt 0.01562500 0.51562500
vt 0.48437500 0.51562500
vt 0.48437500 0.98437500
vt 0.01562500 0.98437500
vt 0.01562500 0.51562500
vt 0.48437500 0.51562500
vt 0.48437500 0.98437500
vt 0.01562500 0.98437500
vt 0.01562500 0.51562500
vt 0.48437500 0.51562500
vt 0.48437500 0.98437500
vt 0.01562500 0.98437500
vt 0.01562500 0.51562500
vt 0.48437500 0.51562500
vt 0.48437500 0.98437500
vt 0.01562500 0.98437500
vt 0.01562500 0.51562500
vt 0.48437500 0.51562500
vt 0.48437500 0.98437500
vt 0.01562500 0.98437500
vt 0.51562500 0.51562500
vt 0.98437500 0.51562500
vt 0.98437500 0.98437500
vt 0.51562500 0.98437500
vt 0.51562500 0.51562500
vt 0.98437500 0.51562500
vt 0.98437500 0.98437500
vt 0.51562500 0.98437500
vt 0.51562500 0.51562500
vt 0.98437500 0.51562500
vt 0.98437500 0.98437500
vt 0.51562500 0.98437500
vt 0.51562500 0.51562500
vt 0.98437500 0.51562500
vt 0.98437500 0.98437500
vt 0.51562500 0.98437500
vt 0.01562500 0.51562500
vt 0.48437500 0.51562500
vt 0.48437500 0.98437500
vt 0.01562500 0.98437500
vt 0.01562500 0.51562500
vt 0.48437500 0.51562500
vt 0.48437500 0.98437500
vt 0.01562500 0.98437500
vt 0.01562500 0.51562500
vt 0.48437500 0.51562500
vt 0.48437500 0.98437500
vt 0.01562500 0.98437500
vt 0.01562500 0.51562500
vt 0.48437500 0.51562500
vt 0.48437500 0.98437500
vt 0.01562500 0.98437500
vt 0.51562500 0.01562500
vt 0.73437500 0.01562500
vt 0.73437500 0.48437500
vt 0.51562500 0.48437500
vt 0.51562500 0.01562500
vt 0.73437500 0.01562500
vt 0.73437500 0.48437500
vt 0.51562500 0.48437500
vt 0.51562500 0.01562500
vt 0.73437500 0.01562500
vt 0.73437500 0.48437500
vt 0.51562500 0.48437500
vt 0.51562500 0.01562500
vt 0.73437500 0.01562500
vt 0.73437500 0.48437500
vt 0.51562500 0.48437500
vt 0.51562500 0.01562500
vt 0.73437500 0.01562500
vt 0.73437500 0.48437500
vt 0.51562500 0.48437500
vt 0.51562500 0.01562500
vt 0.73437500 0.01562500
vt 0.73437500 0.48437500
vt 0.51562500 0.48437500
vt 0.51562500 0.01562500
vt 0.73437500 0.01562500
vt 0.73437500 0.48437500
vt 0.51562500 0.48437500
vt 0.51562500 0.01562500
vt 0.73437500 0.01562500
vt 0.73437500 0.48437500
vt 0.51562500 0.48437500
vt 0.51562500 0.01562500
vt 0.73437500 0.01562500
vt 0.73437500 0.48437500
vt 0.51562500 0.48437500
vt 0.76562500 0.01562500
vt 0.98437500 0.01562500
vt 0.98437500 0.48437500
vt 0.76562500 0.48437500
vt 0.76562500 0.01562500
vt 0.98437500 0.01562500
vt 0.98437500 0.48437500
vt 0.76562500 0.48437500
vt 0.76562500 0.01562500
vt 0.98437500 0.01562500
vt 0.98437500 0.48437500
vt 0.76562500 0.48437500
vt 0.76562500 0.01562500
vt 0.98437500 0.01562500
vt 0.98437500 0.48437500
vt 0.76562500 0.48437500
vt 0.76562500 0.01562500
vt 0.98437500 0.01562500
vt 0.98437500 0.48437500
vt 0.76562500 0.48437500
vt 0.76562500 0.01562500
vt 0.98437500 0.01562500
vt 0.98437500 0.48437500
vt 0.76562500 0.48437500
vt 0.01562500 0.51562500
vt 0.48437500 0.51562500
vt 0.48437500 0.98437500
vt 0.01562500 0.98437500
vt 0.01562500 0.51562500
vt 0.48437500 0.51562500
vt 0.48437500 0.98437500
vt 0.01562500 0.98437500
vt 0.01562500 0.51562500
vt 0.48437500 0.51562500
vt 0.48437500 0.98437500
vt 0.01562500 0.98437500
vt 0.01562500 0.51562500
vt 0.48437500 0.51562500
vt 0.48437500 0.98437500
vt 0.01562500 0.98437500
vt 0.01562500 0.51562500
vt 0.48437500 0.51562500
vt 0.48437500 0.98437500
vt 0.01562500 0.98437500
vt 0.01562500 0.51562500
vt 0.48437500 0.51562500
vt 0.48437500 0.98437500
vt 0.01562500 0.98437500
vt 0.01562500 0.51562500
vt 0.48437500 0.51562500
vt 0.48437500 0.98437500
vt 0.01562500 0.98437500
vt 0.01562500 0.51562500
vt 0.48437500 0.51562500
vt 0.48437500 0.98437500
vt 0.01562500 0.98437500
vt 0.51562500 0.51562500
vt 0.98437500 0.51562500
vt 0.98437500 0.98437500
vt 0.51562500 0.98437500
vt 0.51562500 0.51562500
vt 0.98437500 0.51562500
vt 0.98437500 0.98437500
vt 0.51562500 0.98437500
vt 0.51562500 0.51562500
vt 0.98437500 0.51562500
vt 0.98437500 0.98437500
vt 0.51562500 0.98437500
vt 0.51562500 0.51562500
vt 0.98437500 0.51562500
vt 0.98437500 0.98437500
vt 0.51562500 0.98437500
vt 0.01562500 0.51562500
vt 0.48437500 0.51562500
vt 0.48437500 0.98437500
vt 0.01562500 0.98437500
vt 0.01562500 0.51562500
vt 0.48437500 0.51562500
vt 0.48437500 0.98437500
vt 0.01562500 0.98437500
vt 0.01562500 0.51562500
vt 0.48437500 0.51562500
vt 0.48437500 0.98437500
vt 0.01562500 0.98437500
vt 0.01562500 0.51562500
vt 0.48437500 0.51562500
vt 0.48437500 0.98437500
vt 0.01562500 0.98437500
vt 0.51562500 0.01562500
vt 0.73437500 0.01562500
vt 0.73437500 0.48437500
vt 0.51562500 0.48437500
vt 0.51562500 0.01562500
vt 0.73437500 0.01562500
vt 0.73437500 0.48437500
vt 0.51562500 0.48437500
vt 0.51562500 0.01562500
vt 0.73437500 0.01562500
vt 0.73437500 0.48437500
vt 0.51562500 0.48437500
vt 0.51562500 0.01562500
vt 0.73437500 0.01562500
vt 0.73437500 0.48437500
vt 0.51562500 0.48437500
vt 0.51562500 0.01562500
vt 0.73437500 0.01562500
vt 0.73437500 0.48437500
vt 0.51562500 0.48437500
vt 0.51562500 0.01562500
vt 0.73437500 0.01562500
vt 0.73437500 0.48437500
vt 0.51562500 0.48437500
vt 0.51562500 0.01562500
vt 0.73437500 0.01562500
vt 0.73437500 0.48437500
vt 0.51562500 0.48437500
vt 0.51562500 0.01562500
vt 0.73437500 0.01562500
vt 0.73437500 0.48437500
vt 0.51562500 0.48437500
vt 0.51562500 0.01562500
vt 0.73437500 0.01562500
vt 0.73437500 0.48437500
vt 0.51562500 0.48437500
vt 0.76562500 0.01562500
vt 0.98437500 0.01562500
vt 0.98437500 0.48437500
vt 0.76562500 0.48437500
vt 0.76562500 0.01562500
vt 0.98437500 0.01562500
vt 0.98437500 0.48437500
vt 0.76562500 0.48437500
vt 0.76562500 0.01562500
vt 0.98437500 0.01562500
vt 0.98437500 0.48437500
vt 0.76562500 0.48437500
vt 0.76562500 0.01562500
vt 0.98437500 0.01562500
vt 0.98437500 0.48437500
vt 0.76562500 0.48437500
vt 0.76562500 0.01562500
vt 0.98437500 0.01562500
vt 0.98437500 0.48437500
vt 0.76562500 0.48437500
vt 0.76562500 0.01562500
vt 0.98437500 0.01562500
vt 0.98437500 0.48437500
vt 0.76562500 0.48437500
vt 0.01562500 0.51562500
vt 0.48437500 0.51562500
vt 0.48437500 0.98437500
vt 0.01562500 0.98437500
vt 0.01562500 0.51562500
vt 0.48437500 0.51562500
vt 0.48437500 0.98437500
vt 0.01562500 0.98437500
vt 0.01562500 0.51562500
vt 0.48437500 0.51562500
vt 0.48437500 0.98437500
vt 0.01562500 0.98437500
vt 0.01562500 0.51562500
vt 0.48437500 0.51562500
vt 0.48437500 0.98437500
vt 0.01562500 0.98437500
vt 0.01562500 0.51562500
vt 0.48437500 0.51562500
vt 0.48437500 0.98437500
vt 0.01562500 0.98437500
vt 0.01562500 0.51562500
vt 0.48437500 0.51562500
vt 0.48437500 0.98437500
vt 0.01562500 0.98437500
vt 0.01562500 0.51562500
vt 0.48437500 0.51562500
vt 0.48437500 0.98437500
vt 0.01562500 0.98437500
vt 0.01562500 0.51562500
vt 0.48437500 0.51562500
vt 0.48437500 0.98437500
vt 0.01562500 0.98437500
vt 0.51562500 0.51562500
vt 0.98437500 0.51562500
vt 0.98437500 0.98437500
vt 0.51562500 0.98437500
vt 0.51562500 0.51562500
vt 0.98437500 0.51562500
vt 0.98437500 0.98437500
vt 0.51562500 0.98437500
vt 0.51562500 0.51562500
vt 0.98437500 0.51562500
vt 0.98437500 0.98437500
vt 0.51562500 0.98437500
vt 0.51562500 0.51562500
vt 0.98437500 0.51562500
vt 0.98437500 0.98437500
vt 0.51562500 0.98437500
vt 0.01562500 0.51562500
vt 0.48437500 0.51562500
vt 0.48437500 0.98437500
vt 0.01562500 0.98437500
vt 0.01562500 0.51562500
vt 0.48437500 0.51562500
vt 0.48437500 0.98437500
vt 0.01562500 0.98437500
vt 0.01562500 0.51562500
vt 0.48437500 0.51562500
vt 0.48437500 0.98437500
vt 0.01562500 0.98437500
vt 0.01562500 0.51562500
vt 0.48437500 0.51562500
vt 0.48437500 0.98437500
vt 0.01562500 0.98437500
vt 0.51562500 0.01562500
vt 0.73437500 0.01562500
vt 0.73437500 0.48437500
vt 0.51562500 0.48437500
vt 0.51562500 0.01562500
vt 0.73437500 0.01562500
vt 0.73437500 0.48437500
vt 0.51562500 0.48437500
vt 0.51562500 0.01562500
vt 0.73437500 0.01562500
vt 0.73437500 0.48437500
vt 0.51562500 0.48437500
vt 0.51562500 0.01562500
vt 0.73437500 0.01562500
vt 0.73437500 0.48437500
vt 0.51562500 0.48437500
vt 0.51562500 0.01562500
vt 0.73437500 0.01562500
vt 0.73437500 0.48437500
vt 0.51562500 0.48437500
vt 0.51562500 0.01562500
vt 0.73437500 0.01562500
vt 0.73437500 0.48437500
vt 0.51562500 0.48437500
vt 0.51562500 0.01562500
vt 0.73437500 0.01562500
vt 0.73437500 0.48437500
vt 0.51562500 0.48437500
vt 0.51562500 0.01562500
vt 0.73437500 0.01562500
vt 0.73437500 0.48437500
vt 0.51562500 0.48437500
vt 0.51562500 0.01562500
vt 0.73437500 0.01562500
vt 0.73437500 0.48437500
vt 0.51562500 0.48437500
vt 0.76562500 0.01562500
vt 0.98437500 0.01562500
vt 0.98437500 0.48437500
vt 0.76562500 0.48437500
vt 0.76562500 0.01562500
vt 0.98437500 0.01562500
vt 0.98437500 0.48437500
vt 0.76562500 0.48437500
vt 0.76562500 0.01562500
vt 0.98437500 0.01562500
vt 0.98437500 0.48437500
vt 0.76562500 0.48437500
vt 0.76562500 0.01562500
vt 0.98437500 0.01562500
vt 0.98437500 0.48437500
vt 0.76562500 0.48437500
vt 0.76562500 0.01562500
vt 0.98437500 0.01562500
vt 0.98437500 0.48437500
vt 0.76562500 0.48437500
vt 0.76562500 0.01562500
vt 0.98437500 0.01562500
vt 0.98437500 0.48437500
vt 0.76562500 0.48437500
vt 0.01562500 0.51562500
vt 0.48437500 0.51562500
vt 0.48437500 0.98437500
vt 0.01562500 0.98437500
vt 0.01562500 0.51562500
vt 0.48437500 0.51562500
vt 0.48437500 0.98437500
vt 0.01562500 0.98437500
vt 0.01562500 0.51562500
vt 0.48437500 0.51562500
vt 0.48437500 0.98437500
vt 0.01562500 0.98437500
vt 0.01562500 0.51562500
vt 0.48437500 0.51562500
vt 0.48437500 0.98437500
vt 0.01562500 0.98437500
vt 0.01562500 0.51562500
vt 0.48437500 0.51562500
vt 0.48437500 0.98437500
vt 0.01562500 0.98437500
vt 0.01562500 0.51562500
vt 0.48437500 0.51562500
vt 0.48437500 0.98437500
vt 0.01562500 0.98437500
vt 0.01562500 0.51562500
vt 0.48437500 0.51562500
vt 0.48437500 0.98437500
vt 0.01562500 0.98437500
vt 0.01562500 0.51562500
vt 0.48437500 0.51562500
vt 0.48437500 0.98437500
vt 0.01562500 0.98437500
vt 0.51562500 0.51562500
vt 0.98437500 0.51562500
vt 0.98437500 0.98437500
vt 0.51562500 0.98437500
vt 0.51562500 0.51562500
vt 0.98437500 0.51562500
vt 0.98437500 0.98437500
vt 0.51562500 0.98437500
vt 0.51562500 0.51562500
vt 0.98437500 0.51562500
vt 0.98437500 0.98437500
vt 0.51562500 0.98437500
vt 0.51562500 0.51562500
vt 0.98437500 0.51562500
vt 0.98437500 0.98437500
vt 0.51562500 0.98437500
vt 0.01562500 0.51562500
vt 0.48437500 0.51562500
vt 0.48437500 0.98437500
vt 0.01562500 0.98437500
vt 0.01562500 0.51562500
vt 0.48437500 0.51562500
vt 0.48437500 0.98437500
vt 0.01562500 0.98437500
vt 0.01562500 0.51562500
vt 0.48437500 0.51562500
vt 0.48437500 0.98437500
vt 0.01562500 0.98437500
vt 0.01562500 0.51562500
vt 0.48437500 0.51562500
vt 0.48437500 0.98437500
vt 0.01562500 0.98437500
vt 0.51562500 0.01562500
vt 0.73437500 0.01562500
vt 0.73437500 0.48437500
vt 0.51562500 0.48437500
vt 0.51562500 0.01562500
vt 0.73437500 0.01562500
vt 0.73437500 0.48437500
vt 0.51562500 0.48437500
vt 0.51562500 0.01562500
vt 0.73437500 0.01562500
vt 0.73437500 0.48437500
vt 0.51562500 0.48437500
vt 0.51562500 0.01562500
vt 0.73437500 0.01562500
vt 0.73437500 0.48437500
vt 0.51562500 0.48437500
vt 0.51562500 0.01562500
vt 0.73437500 0.01562500
vt 0.73437500 0.48437500
vt 0.51562500 0.48437500
vt 0.51562500 0.01562500
vt 0.73437500 0.01562500
vt 0.73437500 0.48437500
vt 0.51562500 0.48437500
vt 0.51562500 0.01562500
vt 0.73437500 0.01562500
vt 0.73437500 0.48437500
vt 0.51562500 0.48437500
vt 0.51562500 0.01562500
vt 0.73437500 0.01562500
vt 0.73437500 0.48437500
vt 0.51562500 0.48437500
vt 0.51562500 0.01562500
vt 0.73437500 0.01562500
vt 0.73437500 0.48437500
vt 0.51562500 0.48437500
vt 0.76562500 0.01562500
vt 0.98437500 0.01562500
vt 0.98437500 0.48437500
vt 0.76562500 0.48437500
vt 0.76562500 0.01562500
vt 0.98437500 0.01562500
vt 0.98437500 0.48437500
vt 0.76562500 0.48437500
vt 0.76562500 0.01562500
vt 0.98437500 0.01562500
vt 0.98437500 0.48437500
vt 0.76562500 0.48437500
vt 0.76562500 0.01562500
vt 0.98437500 0.01562500
vt 0.98437500 0.48437500
vt 0.76562500 0.48437500
vt 0.76562500 0.01562500
vt 0.98437500 0.01562500
vt 0.98437500 0.48437500
vt 0.76562500 0.48437500
vt 0.76562500 0.01562500
vt 0.98437500 0.01562500
vt 0.98437500 0.48437500
vt 0.76562500 0.48437500
vt 0.01562500 0.51562500
vt 0.48437500 0.51562500
vt 0.48437500 0.98437500
vt 0.01562500 0.98437500
vt 0.01562500 0.51562500
vt 0.48437500 0.51562500
vt 0.48437500 0.98437500
vt 0.01562500 0.98437500
vt 0.01562500 0.51562500
vt 0.48437500 0.51562500
vt 0.48437500 0.98437500
vt 0.01562500 0.98437500
vt 0.01562500 0.51562500
vt 0.48437500 0.51562500
vt 0.48437500 0.98437500
vt 0.01562500 0.98437500
vt 0.01562500 0.51562500
vt 0.48437500 0.51562500
vt 0.48437500 0.98437500
vt 0.01562500 0.98437500
vt 0.01562500 0.51562500
vt 0.48437500 0.51562500
vt 0.48437500 0.98437500
vt 0.01562500 0.98437500
vt 0.01562500 0.51562500
vt 0.48437500 0.51562500
vt 0.48437500 0.98437500
vt 0.01562500 0.98437500
vt 0.01562500 0.51562500
vt 0.48437500 0.51562500
vt 0.48437500 0.98437500
vt 0.01562500 0.98437500
vt 0.51562500 0.51562500
vt 0.98437500 0.51562500
vt 0.98437500 0.98437500
vt 0.51562500 0.98437500
vt 0.51562500 0.51562500
vt 0.98437500 0.51562500
vt 0.98437500 0.98437500
vt 0.51562500 0.98437500
vt 0.51562500 0.51562500
vt 0.98437500 0.51562500
vt 0.98437500 0.98437500
vt 0.51562500 0.98437500
vt 0.51562500 0.51562500
vt 0.98437500 0.51562500
vt 0.98437500 0.98437500
vt 0.51562500 0.98437500
vt 0.01562500 0.51562500
vt 0.48437500 0.51562500
vt 0.48437500 0.98437500
vt 0.01562500 0.98437500
vt 0.01562500 0.51562500
vt 0.48437500 0.51562500
vt 0.48437500 0.98437500
vt 0.01562500 0.98437500
vt 0.01562500 0.51562500
vt 0.48437500 0.51562500
vt 0.48437500 0.98437500
vt 0.01562500 0.98437500
vt 0.01562500 0.51562500
vt 0.48437500 0.51562500
vt 0.48437500 0.98437500
vt 0.01562500 0.98437500
vt 0.51562500 0.01562500
vt 0.73437500 0.01562500
vt 0.73437500 0.48437500
vt 0.51562500 0.48437500
vt 0.51562500 0.01562500
vt 0.73437500 0.01562500
vt 0.73437500 0.48437500
vt 0.51562500 0.48437500
vt 0.51562500 0.01562500
vt 0.73437500 0.01562500
vt 0.73437500 0.48437500
vt 0.51562500 0.48437500
vt 0.51562500 0.01562500
vt 0.73437500 0.01562500
vt 0.73437500 0.48437500
vt 0.51562500 0.48437500
vt 0.51562500 0.01562500
vt 0.73437500 0.01562500
vt 0.73437500 0.48437500
vt 0.51562500 0.48437500
vt 0.51562500 0.01562500
vt 0.73437500 0.01562500
vt 0.73437500 0.48437500
vt 0.51562500 0.48437500
vt 0.51562500 0.01562500
vt 0.73437500 0.01562500
vt 0.73437500 0.48437500
vt 0.51562500 0.48437500
vt 0.51562500 0.01562500
vt 0.73437500 0.01562500
vt 0.73437500 0.48437500
vt 0.51562500 0.48437500
vt 0.51562500 0.01562500
vt 0.73437500 0.01562500
vt 0.73437500 0.48437500
vt 0.51562500 0.48437500
vt 0.76562500 0.01562500
vt 0.98437500 0.01562500
vt 0.98437500 0.48437500
vt 0.76562500 0.48437500
vt 0.76562500 0.01562500
vt 0.98437500 0.01562500
vt 0.98437500 0.48437500
vt 0.76562500 0.48437500
vt 0.76562500 0.01562500
vt 0.98437500 0.01562500
vt 0.98437500 0.48437500
vt 0.76562500 0.48437500
vt 0.76562500 0.01562500
vt 0.98437500 0.01562500
vt 0.98437500 0.48437500
vt 0.76562500 0.48437500
vt 0.76562500 0.01562500
vt 0.98437500 0.01562500
vt 0.98437500 0.48437500
vt 0.76562500 0.48437500
vt 0.76562500 0.01562500
vt 0.98437500 0.01562500
vt 0.98437500 0.48437500
vt 0.76562500 0.48437500
vt 0.51562500 0.01562500
vt 0.73437500 0.01562500
vt 0.73437500 0.48437500
vt 0.51562500 0.48437500
vt 0.51562500 0.01562500
vt 0.73437500 0.01562500
vt 0.73437500 0.48437500
vt 0.51562500 0.48437500
vt 0.51562500 0.01562500
vt 0.73437500 0.01562500
vt 0.73437500 0.48437500
vt 0.51562500 0.48437500
vt 0.51562500 0.01562500
vt 0.73437500 0.01562500
vt 0.73437500 0.48437500
vt 0.51562500 0.48437500
vt 0.51562500 0.01562500
vt 0.73437500 0.01562500
vt 0.73437500 0.48437500
vt 0.51562500 0.48437500
vt 0.51562500 0.01562500
vt 0.73437500 0.01562500
vt 0.73437500 0.48437500
vt 0.51562500 0.48437500
vt 0.51562500 0.01562500
vt 0.73437500 0.01562500
vt 0.73437500 0.48437500
vt 0.51562500 0.48437500
vt 0.51562500 0.01562500
vt 0.73437500 0.01562500
vt 0.73437500 0.48437500
vt 0.51562500 0.48437500
vt 0.51562500 0.01562500
vt 0.73437500 0.01562500
vt 0.73437500 0.48437500
vt 0.51562500 0.48437500
vt 0.51562500 0.01562500
vt 0.73437500 0.01562500
vt 0.73437500 0.48437500
vt 0.51562500 0.48437500
vt 0.51562500 0.01562500
vt 0.73437500 0.01562500
vt 0.73437500 0.48437500
vt 0.51562500 0.48437500
vt 0.51562500 0.01562500
vt 0.73437500 0.01562500
vt 0.73437500 0.48437500
vt 0.51562500 0.48437500
vt 0.51562500 0.01562500
vt 0.73437500 0.01562500
vt 0.73437500 0.48437500
vt 0.51562500 0.48437500
vt 0.51562500 0.01562500
vt 0.73437500 0.01562500
vt 0.73437500 0.48437500
vt 0.51562500 0.48437500
vt 0.51562500 0.01562500
vt 0.73437500 0.01562500
vt 0.73437500 0.48437500
vt 0.51562500 0.48437500
vt 0.51562500 0.01562500
vt 0.73437500 0.01562500
vt 0.73437500 0.48437500
vt 0.51562500 0.48437500
vt 0.51562500 0.01562500
vt 0.73437500 0.01562500
vt 0.73437500 0.48437500
vt 0.51562500 0.48437500
vt 0.51562500 0.01562500
vt 0.73437500 0.01562500
vt 0.73437500 0.48437500
vt 0.51562500 0.48437500
vt 0.51562500 0.01562500
vt 0.73437500 0.01562500
vt 0.73437500 0.48437500
vt 0.51562500 0.48437500
vt 0.51562500 0.01562500
vt 0.73437500 0.01562500
vt 0.73437500 0.48437500
vt 0.51562500 0.48437500
vt 0.51562500 0.01562500
vt 0.73437500 0.01562500
vt 0.73437500 0.48437500
vt 0.51562500 0.48437500
vt 0.51562500 0.01562500
vt 0.73437500 0.01562500
vt 0.73437500 0.48437500
vt 0.51562500 0.48437500
vt 0.01562500 0.01562500
vt 0.48437500 0.01562500
vt 0.48437500 0.48437500
vt 0.01562500 0.48437500
vt 0.01562500 0.01562500
vt 0.48437500 0.01562500
vt 0.48437500 0.48437500
vt 0.01562500 0.48437500
vt 0.01562500 0.01562500
vt 0.48437500 0.01562500
vt 0.48437500 0.48437500
vt 0.01562500 0.48437500
vt 0.01562500 0.01562500
vt 0.48437500 0.01562500
vt 0.48437500 0.48437500
vt 0.01562500 0.48437500
vt 0.01562500 0.01562500
vt 0.48437500 0.01562500
vt 0.48437500 0.48437500
vt 0.01562500 0.48437500
vt 0.01562500 0.01562500
vt 0.48437500 0.01562500
vt 0.48437500 0.48437500
vt 0.01562500 0.48437500
vt 0.01562500 0.01562500
vt 0.48437500 0.01562500
vt 0.48437500 0.48437500
vt 0.01562500 0.48437500
vt 0.01562500 0.01562500
vt 0.48437500 0.01562500
vt 0.48437500 0.48437500
vt 0.01562500 0.48437500
vt 0.01562500 0.01562500
vt 0.48437500 0.01562500
vt 0.48437500 0.48437500
vt 0.01562500 0.48437500
vt 0.01562500 0.01562500
vt 0.48437500 0.01562500
vt 0.48437500 0.48437500
vt 0.01562500 0.48437500
vt 0.01562500 0.01562500
vt 0.48437500 0.01562500
vt 0.48437500 0.48437500
vt 0.01562500 0.48437500
vt 0.01562500 0.01562500
vt 0.48437500 0.01562500
vt 0.48437500 0.48437500
vt 0.01562500 0.48437500
vt 0.01562500 0.01562500
vt 0.48437500 0.01562500
vt 0.48437500 0.48437500
vt 0.01562500 0.48437500
vt 0.01562500 0.01562500
vt 0.48437500 0.01562500
vt 0.48437500 0.48437500
vt 0.01562500 0.48437500
vt 0.01562500 0.01562500
vt 0.48437500 0.01562500
vt 0.48437500 0.48437500
vt 0.01562500 0.48437500
vt 0.01562500 0.01562500
vt 0.48437500 0.01562500
vt 0.48437500 0.48437500
vt 0.01562500 0.48437500
vt 0.01562500 0.01562500
vt 0.48437500 0.01562500
vt 0.48437500 0.48437500
vt 0.01562500 0.48437500
vt 0.01562500 0.01562500
vt 0.48437500 0.01562500
vt 0.48437500 0.48437500
vt 0.01562500 0.48437500
vt 0.01562500 0.01562500
vt 0.48437500 0.01562500
vt 0.48437500 0.48437500
vt 0.01562500 0.48437500
vt 0.01562500 0.01562500
vt 0.48437500 0.01562500
vt 0.48437500 0.48437500
vt 0.01562500 0.48437500
vt 0.01562500 0.01562500
vt 0.48437500 0.01562500
vt 0.48437500 0.48437500
vt 0.01562500 0.48437500
vt 0.01562500 0.01562500
vt 0.48437500 0.01562500
vt 0.48437500 0.48437500
vt 0.01562500 0.48437500
vt 0.01562500 0.01562500
vt 0.48437500 0.01562500
vt 0.48437500 0.48437500
vt 0.01562500 0.48437500
vt 0.01562500 0.01562500
vt 0.48437500 0.01562500
vt 0.48437500 0.48437500
vt 0.01562500 0.48437500
vt 0.01562500 0.01562500
vt 0.48437500 0.01562500
vt 0.48437500 0.48437500
vt 0.01562500 0.48437500
vt 0.01562500 0.01562500
vt 0.48437500 0.01562500
vt 0.48437500 0.48437500
vt 0.01562500 0.48437500
vt 0.01562500 0.01562500
vt 0.48437500 0.01562500
vt 0.48437500 0.48437500
vt 0.01562500 0.48437500
vt 0.01562500 0.01562500
vt 0.48437500 0.01562500
vt 0.48437500 0.48437500
vt 0.01562500 0.48437500
vt 0.01562500 0.01562500
vt 0.48437500 0.01562500
vt 0.48437500 0.48437500
vt 0.01562500 0.48437500
vt 0.01562500 0.01562500
vt 0.48437500 0.01562500
vt 0.48437500 0.48437500
vt 0.01562500 0.48437500
vt 0.01562500 0.01562500
vt 0.48437500 0.01562500
vt 0.48437500 0.48437500
vt 0.01562500 0.48437500
vt 0.01562500 0.01562500
vt 0.48437500 0.01562500
vt 0.48437500 0.48437500
vt 0.01562500 0.48437500
vt 0.01562500 0.01562500
vt 0.48437500 0.01562500
vt 0.48437500 0.48437500
vt 0.01562500 0.48437500
vt 0.01562500 0.01562500
vt 0.48437500 0.01562500
vt 0.48437500 0.48437500
vt 0.01562500 0.48437500
vt 0.01562500 0.01562500
vt 0.48437500 0.01562500
vt 0.48437500 0.48437500
vt 0.01562500 0.48437500
vt 0.01562500 0.01562500
vt 0.48437500 0.01562500
vt 0.48437500 0.48437500
vt 0.01562500 0.48437500
vt 0.01562500 0.01562500
vt 0.48437500 0.01562500
vt 0.48437500 0.48437500
vt 0.01562500 0.48437500
vt 0.01562500 0.01562500
vt 0.48437500 0.01562500
vt 0.48437500 0.48437500
vt 0.01562500 0.48437500
vt 0.01562500 0.01562500
vt 0.48437500 0.01562500
vt 0.48437500 0.48437500
vt 0.01562500 0.48437500
vt 0.01562500 0.01562500
vt 0.48437500 0.01562500
vt 0.48437500 0.48437500
vt 0.01562500 0.48437500
vt 0.01562500 0.01562500
vt 0.48437500 0.01562500
vt 0.48437500 0.48437500
vt 0.01562500 0.48437500
vt 0.01562500 0.01562500
vt 0.48437500 0.01562500
vt 0.48437500 0.48437500
vt 0.01562500 0.48437500
vt 0.01562500 0.01562500
vt 0.48437500 0.01562500
vt 0.48437500 0.48437500
vt 0.01562500 0.48437500
vt 0.01562500 0.01562500
vt 0.48437500 0.01562500
vt 0.48437500 0.48437500
vt 0.01562500 0.48437500
vt 0.01562500 0.01562500
vt 0.48437500 0.01562500
vt 0.48437500 0.48437500
vt 0.01562500 0.48437500
vt 0.01562500 0.01562500
vt 0.48437500 0.01562500
vt 0.48437500 0.48437500
vt 0.01562500 0.48437500
vt 0.01562500 0.01562500
vt 0.48437500 0.01562500
vt 0.48437500 0.48437500
vt 0.01562500 0.48437500
vt 0.01562500 0.01562500
vt 0.48437500 0.01562500
vt 0.48437500 0.48437500
vt 0.01562500 0.48437500
vt 0.01562500 0.01562500
vt 0.48437500 0.01562500
vt 0.48437500 0.48437500
vt 0.01562500 0.48437500
vt 0.01562500 0.01562500
vt 0.48437500 0.01562500
vt 0.48437500 0.48437500
vt 0.01562500 0.48437500
vt 0.01562500 0.01562500
vt 0.48437500 0.01562500
vt 0.48437500 0.48437500
vt 0.01562500 0.48437500
vt 0.01562500 0.01562500
vt 0.48437500 0.01562500
vt 0.48437500 0.48437500
vt 0.01562500 0.48437500
vt 0.01562500 0.01562500
vt 0.48437500 0.01562500
vt 0.48437500 0.48437500
vt 0.01562500 0.48437500
vt 0.01562500 0.01562500
vt 0.48437500 0.01562500
vt 0.48437500 0.48437500
vt 0.01562500 0.48437500
vt 0.01562500 0.01562500
vt 0.48437500 0.01562500
vt 0.48437500 0.48437500
vt 0.01562500 0.48437500
vt 0.01562500 0.01562500
vt 0.48437500 0.01562500
vt 0.48437500 0.48437500
vt 0.01562500 0.48437500
vt 0.01562500 0.01562500
vt 0.48437500 0.01562500
vt 0.48437500 0.48437500
vt 0.01562500 0.48437500
vt 0.01562500 0.01562500
vt 0.48437500 0.01562500
vt 0.48437500 0.48437500
vt 0.01562500 0.48437500
vt 0.01562500 0.01562500
vt 0.48437500 0.01562500
vt 0.48437500 0.48437500
vt 0.01562500 0.48437500
vt 0.01562500 0.01562500
vt 0.48437500 0.01562500
vt 0.48437500 0.48437500
vt 0.01562500 0.48437500
vt 0.01562500 0.01562500
vt 0.48437500 0.01562500
vt 0.48437500 0.48437500
vt 0.01562500 0.48437500
vt 0.01562500 0.01562500
vt 0.48437500 0.01562500
vt 0.48437500 0.48437500
vt 0.01562500 0.48437500
vt 0.01562500 0.01562500
vt 0.48437500 0.01562500
vt 0.48437500 0.48437500
vt 0.01562500 0.48437500
vt 0.01562500 0.01562500
vt 0.48437500 0.01562500
vt 0.48437500 0.48437500
vt 0.01562500 0.48437500
vt 0.01562500 0.01562500
vt 0.48437500 0.01562500
vt 0.48437500 0.48437500
vt 0.01562500 0.48437500
vt 0.01562500 0.01562500
vt 0.48437500 0.01562500
vt 0.48437500 0.48437500
vt 0.01562500 0.48437500
vt 0.01562500 0.01562500
vt 0.48437500 0.01562500
vt 0.48437500 0.48437500
vt 0.01562500 0.48437500
vt 0.01562500 0.01562500
vt 0.48437500 0.01562500
vt 0.48437500 0.48437500
vt 0.01562500 0.48437500
vt 0.01562500 0.01562500
vt 0.48437500 0.01562500
vt 0.48437500 0.48437500
vt 0.01562500 0.48437500
vt 0.01562500 0.01562500
vt 0.48437500 0.01562500
vt 0.48437500 0.48437500
vt 0.01562500 0.48437500
vt 0.51562500 0.01562500
vt 0.73437500 0.01562500
vt 0.73437500 0.48437500
vt 0.51562500 0.48437500
vt 0.51562500 0.01562500
vt 0.73437500 0.01562500
vt 0.73437500 0.48437500
vt 0.51562500 0.48437500
vt 0.51562500 0.01562500
vt 0.73437500 0.01562500
vt 0.73437500 0.48437500
vt 0.51562500 0.48437500
vt 0.51562500 0.01562500
vt 0.73437500 0.01562500
vt 0.73437500 0.48437500
vt 0.51562500 0.48437500
vt 0.51562500 0.01562500
vt 0.73437500 0.01562500
vt 0.73437500 0.48437500
vt 0.51562500 0.48437500
vt 0.51562500 0.01562500
vt 0.73437500 0.01562500
vt 0.73437500 0.48437500
vt 0.51562500 0.48437500
vt 0.01562500 0.01562500
vt 0.48437500 0.01562500
vt 0.48437500 0.48437500
vt 0.01562500 0.48437500
vt 0.01562500 0.01562500
vt 0.48437500 0.01562500
vt 0.48437500 0.48437500
vt 0.01562500 0.48437500
vt 0.01562500 0.01562500
vt 0.48437500 0.01562500
vt 0.48437500 0.48437500
vt 0.01562500 0.48437500
vt 0.01562500 0.01562500
vt 0.48437500 0.01562500
vt 0.48437500 0.48437500
vt 0.01562500 0.48437500
vt 0.01562500 0.01562500
vt 0.48437500 0.01562500
vt 0.48437500 0.48437500
vt 0.01562500 0.48437500
vt 0.01562500 0.01562500
vt 0.48437500 0.01562500
vt 0.48437500 0.48437500
vt 0.01562500 0.48437500
vt 0.51562500 0.01562500
vt 0.73437500 0.01562500
vt 0.73437500 0.48437500
vt 0.51562500 0.48437500
vt 0.51562500 0.01562500
vt 0.73437500 0.01562500
vt 0.73437500 0.48437500
vt 0.51562500 0.48437500
vt 0.51562500 0.01562500
vt 0.73437500 0.01562500
vt 0.73437500 0.48437500
vt 0.51562500 0.48437500
vt 0.51562500 0.01562500
vt 0.73437500 0.01562500
vt 0.73437500 0.48437500
vt 0.51562500 0.48437500
vt 0.51562500 0.01562500
vt 0.73437500 0.01562500
vt 0.73437500 0.48437500
vt 0.51562500 0.48437500
vt 0.51562500 0.01562500
vt 0.73437500 0.01562500
vt 0.73437500 0.48437500
vt 0.51562500 0.48437500
vt 0.01562500 0.01562500
vt 0.48437500 0.01562500
vt 0.48437500 0.48437500
vt 0.01562500 0.48437500
vt 0.01562500 0.01562500
vt 0.48437500 0.01562500
vt 0.48437500 0.48437500
vt 0.01562500 0.48437500
vt 0.01562500 0.01562500
vt 0.48437500 0.01562500
vt 0.48437500 0.48437500
vt 0.01562500 0.48437500
vt 0.01562500 0.01562500
vt 0.48437500 0.01562500
vt 0.48437500 0.48437500
vt 0.01562500 0.48437500
vt 0.01562500 0.01562500
vt 0.48437500 0.01562500
vt 0.48437500 0.48437500
vt 0.01562500 0.48437500
vt 0.01562500 0.01562500
vt 0.48437500 0.01562500
vt 0.48437500 0.48437500
vt 0.01562500 0.48437500
vt 0.51562500 0.01562500
vt 0.73437500 0.01562500
vt 0.73437500 0.48437500
vt 0.51562500 0.48437500
vt 0.51562500 0.01562500
vt 0.73437500 0.01562500
vt 0.73437500 0.48437500
vt 0.51562500 0.48437500
vt 0.51562500 0.01562500
vt 0.73437500 0.01562500
vt 0.73437500 0.48437500
vt 0.51562500 0.48437500
vt 0.51562500 0.01562500
vt 0.73437500 0.01562500
vt 0.73437500 0.48437500
vt 0.51562500 0.48437500
vt 0.51562500 0.01562500
vt 0.73437500 0.01562500
vt 0.73437500 0.48437500
vt 0.51562500 0.48437500
vt 0.51562500 0.01562500
vt 0.73437500 0.01562500
vt 0.73437500 0.48437500
vt 0.51562500 0.48437500
vt 0.01562500 0.01562500
vt 0.48437500 0.01562500
vt 0.48437500 0.48437500
vt 0.01562500 0.48437500
vt 0.01562500 0.01562500
vt 0.48437500 0.01562500
vt 0.48437500 0.48437500
vt 0.01562500 0.48437500
vt 0.01562500 0.01562500
vt 0.48437500 0.01562500
vt 0.48437500 0.48437500
vt 0.01562500 0.48437500
vt 0.01562500 0.01562500
vt 0.48437500 0.01562500
vt 0.48437500 0.48437500
vt 0.01562500 0.48437500
vt 0.01562500 0.01562500
vt 0.48437500 0.01562500
vt 0.48437500 0.48437500
vt 0.01562500 0.48437500
vt 0.01562500 0.01562500
vt 0.48437500 0.01562500
vt 0.48437500 0.48437500
vt 0.01562500 0.48437500
vt 0.51562500 0.01562500
vt 0.73437500 0.01562500
vt 0.73437500 0.48437500
vt 0.51562500 0.48437500
vt 0.51562500 0.01562500
vt 0.73437500 0.01562500
vt 0.73437500 0.48437500
vt 0.51562500 0.48437500
vt 0.51562500 0.01562500
vt 0.73437500 0.01562500
vt 0.73437500 0.48437500
vt 0.51562500 0.48437500
vt 0.51562500 0.01562500
vt 0.73437500 0.01562500
vt 0.73437500 0.48437500
vt 0.51562500 0.48437500
vt 0.51562500 0.01562500
vt 0.73437500 0.01562500
vt 0.73437500 0.48437500
vt 0.51562500 0.48437500
vt 0.51562500 0.01562500
vt 0.73437500 0.01562500
vt 0.73437500 0.48437500
vt 0.51562500 0.48437500
vt 0.01562500 0.01562500
vt 0.48437500 0.01562500
vt 0.48437500 0.48437500
vt 0.01562500 0.48437500
vt 0.01562500 0.01562500
vt 0.48437500 0.01562500
vt 0.48437500 0.48437500
vt 0.01562500 0.48437500
vt 0.01562500 0.01562500
vt 0.48437500 0.01562500
vt 0.48437500 0.48437500
vt 0.01562500 0.48437500
vt 0.01562500 0.01562500
vt 0.48437500 0.01562500
vt 0.48437500 0.48437500
vt 0.01562500 0.48437500
vt 0.01562500 0.01562500
vt 0.48437500 0.01562500
vt 0.48437500 0.48437500
vt 0.01562500 0.48437500
vt 0.01562500 0.01562500
vt 0.48437500 0.01562500
vt 0.48437500 0.48437500
vt 0.01562500 0.48437500
vt 0.51562500 0.01562500
vt 0.73437500 0.01562500
vt 0.73437500 0.48437500
vt 0.51562500 0.48437500
vt 0.51562500 0.01562500
vt 0.73437500 0.01562500
vt 0.73437500 0.48437500
vt 0.51562500 0.48437500
vt 0.51562500 0.01562500
vt 0.73437500 0.01562500
vt 0.73437500 0.48437500
vt 0.51562500 0.48437500
vt 0.51562500 0.01562500
vt 0.73437500 0.01562500
vt 0.73437500 0.48437500
vt 0.51562500 0.48437500
vt 0.51562500 0.01562500
vt 0.73437500 0.01562500
vt 0.73437500 0.48437500
vt 0.51562500 0.48437500
vt 0.51562500 0.01562500
vt 0.73437500 0.01562500
vt 0.73437500 0.48437500
vt 0.51562500 0.48437500
vt 0.01562500 0.01562500
vt 0.48437500 0.01562500
vt 0.48437500 0.48437500
vt 0.01562500 0.48437500
vt 0.01562500 0.01562500
vt 0.48437500 0.01562500
vt 0.48437500 0.48437500
vt 0.01562500 0.48437500
vt 0.01562500 0.01562500
vt 0.48437500 0.01562500
vt 0.48437500 0.48437500
vt 0.01562500 0.48437500
vt 0.01562500 0.01562500
vt 0.48437500 0.01562500
vt 0.48437500 0.48437500
vt 0.01562500 0.48437500
vt 0.01562500 0.01562500
vt 0.48437500 0.01562500
vt 0.48437500 0.48437500
vt 0.01562500 0.48437500
vt 0.01562500 0.01562500
vt 0.48437500 0.01562500
vt 0.48437500 0.48437500
vt 0.01562500 0.48437500
vt 0.51562500 0.01562500
vt 0.73437500 0.01562500
vt 0.73437500 0.48437500
vt 0.51562500 0.48437500
vt 0.51562500 0.01562500
vt 0.73437500 0.01562500
vt 0.73437500 0.48437500
vt 0.51562500 0.48437500
vt 0.51562500 0.01562500
vt 0.73437500 0.01562500
vt 0.73437500 0.48437500
vt 0.51562500 0.48437500
vt 0.51562500 0.01562500
vt 0.73437500 0.01562500
vt 0.73437500 0.48437500
vt 0.51562500 0.48437500
vt 0.51562500 0.01562500
vt 0.73437500 0.01562500
vt 0.73437500 0.48437500
vt 0.51562500 0.48437500
vt 0.51562500 0.01562500
vt 0.73437500 0.01562500
vt 0.73437500 0.48437500
vt 0.51562500 0.48437500
vt 0.01562500 0.01562500
vt 0.48437500 0.01562500
vt 0.48437500 0.48437500
vt 0.01562500 0.48437500
vt 0.01562500 0.01562500
vt 0.48437500 0.01562500
vt 0.48437500 0.48437500
vt 0.01562500 0.48437500
vt 0.01562500 0.01562500
vt 0.48437500 0.01562500
vt 0.48437500 0.48437500
vt 0.01562500 0.48437500
vt 0.01562500 0.01562500
vt 0.48437500 0.01562500
vt 0.48437500 0.48437500
vt 0.01562500 0.48437500
vt 0.01562500 0.01562500
vt 0.48437500 0.01562500
vt 0.48437500 0.48437500
vt 0.01562500 0.48437500
vt 0.01562500 0.01562500
vt 0.48437500 0.01562500
vt 0.48437500 0.48437500
vt 0.01562500 0.48437500
vt 0.51562500 0.01562500
vt 0.73437500 0.01562500
vt 0.73437500 0.48437500
vt 0.51562500 0.48437500
vt 0.51562500 0.01562500
vt 0.73437500 0.01562500
vt 0.73437500 0.48437500
vt 0.51562500 0.48437500
vt 0.51562500 0.01562500
vt 0.73437500 0.01562500
vt 0.73437500 0.48437500
vt 0.51562500 0.48437500
vt 0.51562500 0.01562500
vt 0.73437500 0.01562500
vt 0.73437500 0.48437500
vt 0.51562500 0.48437500
vt 0.51562500 0.01562500
vt 0.73437500 0.01562500
vt 0.73437500 0.48437500
vt 0.51562500 0.48437500
vt 0.51562500 0.01562500
vt 0.73437500 0.01562500
vt 0.73437500 0.48437500
vt 0.51562500 0.48437500
vt 0.01562500 0.01562500
vt 0.48437500 0.01562500
vt 0.48437500 0.48437500
vt 0.01562500 0.48437500
vt 0.01562500 0.01562500
vt 0.48437500 0.01562500
vt 0.48437500 0.48437500
vt 0.01562500 0.48437500
vt 0.01562500 0.01562500
vt 0.48437500 0.01562500
vt 0.48437500 0.48437500
vt 0.01562500 0.48437500
vt 0.01562500 0.01562500
vt 0.48437500 0.01562500
vt 0.48437500 0.48437500
vt 0.01562500 0.48437500
vt 0.01562500 0.01562500
vt 0.48437500 0.01562500
vt 0.48437500 0.48437500
vt 0.01562500 0.48437500
vt 0.01562500 0.01562500
vt 0.48437500 0.01562500
vt 0.48437500 0.48437500
vt 0.01562500 0.48437500
vt 0.51562500 0.01562500
vt 0.73437500 0.01562500
vt 0.73437500 0.48437500
vt 0.51562500 0.48437500
vt 0.51562500 0.01562500
vt 0.73437500 0.01562500
vt 0.73437500 0.48437500
vt 0.51562500 0.48437500
vt 0.51562500 0.01562500
vt 0.73437500 0.01562500
vt 0.73437500 0.48437500
vt 0.51562500 0.48437500
vt 0.51562500 0.01562500
vt 0.73437500 0.01562500
vt 0.73437500 0.48437500
vt 0.51562500 0.48437500
vt 0.51562500 0.01562500
vt 0.73437500 0.01562500
vt 0.73437500 0.48437500
vt 0.51562500 0.48437500
vt 0.51562500 0.01562500
vt 0.73437500 0.01562500
vt 0.73437500 0.48437500
vt 0.51562500 0.48437500
vt 0.01562500 0.01562500
vt 0.48437500 0.01562500
vt 0.48437500 0.48437500
vt 0.01562500 0.48437500
vt 0.01562500 0.01562500
vt 0.48437500 0.01562500
vt 0.48437500 0.48437500
vt 0.01562500 0.48437500
vt 0.01562500 0.01562500
vt 0.48437500 0.01562500
vt 0.48437500 0.48437500
vt 0.01562500 0.48437500
vt 0.01562500 0.01562500
vt 0.48437500 0.01562500
vt 0.48437500 0.48437500
vt 0.01562500 0.48437500
vt 0.01562500 0.01562500
vt 0.48437500 0.01562500
vt 0.48437500 0.48437500
vt 0.01562500 0.48437500
vt 0.01562500 0.01562500
vt 0.48437500 0.01562500
vt 0.48437500 0.48437500
vt 0.01562500 0.48437500
vt 0.51562500 0.01562500
vt 0.73437500 0.01562500
vt 0.73437500 0.48437500
vt 0.51562500 0.48437500
vt 0.51562500 0.01562500
vt 0.73437500 0.01562500
vt 0.73437500 0.48437500
vt 0.51562500 0.48437500
vt 0.51562500 0.01562500
vt 0.73437500 0.01562500
vt 0.73437500 0.48437500
vt 0.51562500 0.48437500
vt 0.51562500 0.01562500
vt 0.73437500 0.01562500
vt 0.73437500 0.48437500
vt 0.51562500 0.48437500
vt 0.51562500 0.01562500
vt 0.73437500 0.01562500
vt 0.73437500 0.48437500
vt 0.51562500 0.48437500
vt 0.51562500 0.01562500
vt 0.73437500 0.01562500
vt 0.73437500 0.48437500
vt 0.51562500 0.48437500
vt 0.01562500 0.01562500
vt 0.48437500 0.01562500
vt 0.48437500 0.48437500
vt 0.01562500 0.48437500
vt 0.01562500 0.01562500
vt 0.48437500 0.01562500
vt 0.48437500 0.48437500
vt 0.01562500 0.48437500
vt 0.01562500 0.01562500
vt 0.48437500 0.01562500
vt 0.48437500 0.48437500
vt 0.01562500 0.48437500
vt 0.01562500 0.01562500
vt 0.48437500 0.01562500
vt 0.48437500 0.48437500
vt 0.01562500 0.48437500
vt 0.01562500 0.01562500
vt 0.48437500 0.01562500
vt 0.48437500 0.48437500
vt 0.01562500 0.48437500
vt 0.01562500 0.01562500
vt 0.48437500 0.01562500
vt 0.48437500 0.48437500
vt 0.01562500 0.48437500
vt 0.51562500 0.01562500
vt 0.73437500 0.01562500
vt 0.73437500 0.48437500
vt 0.51562500 0.48437500
vt 0.51562500 0.01562500
vt 0.73437500 0.01562500
vt 0.73437500 0.48437500
vt 0.51562500 0.48437500
vt 0.51562500 0.01562500
vt 0.73437500 0.01562500
vt 0.73437500 0.48437500
vt 0.51562500 0.48437500
vt 0.51562500 0.01562500
vt 0.73437500 0.01562500
vt 0.73437500 0.48437500
vt 0.51562500 0.48437500
vt 0.51562500 0.01562500
vt 0.73437500 0.01562500
vt 0.73437500 0.48437500
vt 0.51562500 0.48437500
vt 0.51562500 0.01562500
vt 0.73437500 0.01562500
vt 0.73437500 0.48437500
vt 0.51562500 0.48437500
vt 0.01562500 0.01562500
vt 0.48437500 0.01562500
vt 0.48437500 0.48437500
vt 0.01562500 0.48437500
vt 0.01562500 0.01562500
vt 0.48437500 0.01562500
vt 0.48437500 0.48437500
vt 0.01562500 0.48437500
vt 0.01562500 0.01562500
vt 0.48437500 0.01562500
vt 0.48437500 0.48437500
vt 0.01562500 0.48437500
vt 0.01562500 0.01562500
vt 0.48437500 0.01562500
vt 0.48437500 0.48437500
vt 0.01562500 0.48437500
vt 0.01562500 0.01562500
vt 0.48437500 0.01562500
vt 0.48437500 0.48437500
vt 0.01562500 0.48437500
vt 0.01562500 0.01562500
vt 0.48437500 0.01562500
vt 0.48437500 0.48437500
vt 0.01562500 0.48437500
vt 0.51562500 0.01562500
vt 0.73437500 0.01562500
vt 0.73437500 0.48437500
vt 0.51562500 0.48437500
vt 0.51562500 0.01562500
vt 0.73437500 0.01562500
vt 0.73437500 0.48437500
vt 0.51562500 0.48437500
vt 0.51562500 0.01562500
vt 0.73437500 0.01562500
vt 0.73437500 0.48437500
vt 0.51562500 0.48437500
vt 0.51562500 0.01562500
vt 0.73437500 0.01562500
vt 0.73437500 0.48437500
vt 0.51562500 0.48437500
vt 0.51562500 0.01562500
vt 0.73437500 0.01562500
vt 0.73437500 0.48437500
vt 0.51562500 0.48437500
vt 0.51562500 0.01562500
vt 0.73437500 0.01562500
vt 0.73437500 0.48437500
vt 0.51562500 0.48437500
vt 0.01562500 0.01562500
vt 0.48437500 0.01562500
vt 0.48437500 0.48437500
vt 0.01562500 0.48437500
vt 0.01562500 0.01562500
vt 0.48437500 0.01562500
vt 0.48437500 0.48437500
vt 0.01562500 0.48437500
vt 0.01562500 0.01562500
vt 0.48437500 0.01562500
vt 0.48437500 0.48437500
vt 0.01562500 0.48437500
vt 0.01562500 0.01562500
vt 0.48437500 0.01562500
vt 0.48437500 0.48437500
vt 0.01562500 0.48437500
vt 0.01562500 0.01562500
vt 0.48437500 0.01562500
vt 0.48437500 0.48437500
vt 0.01562500 0.48437500
vt 0.01562500 0.01562500
vt 0.48437500 0.01562500
vt 0.48437500 0.48437500
vt 0.01562500 0.48437500
vt 0.51562500 0.01562500
vt 0.73437500 0.01562500
vt 0.73437500 0.48437500
vt 0.51562500 0.48437500
vt 0.51562500 0.01562500
vt 0.73437500 0.01562500
vt 0.73437500 0.48437500
vt 0.51562500 0.48437500
vt 0.51562500 0.01562500
vt 0.73437500 0.01562500
vt 0.73437500 0.48437500
vt 0.51562500 0.48437500
vt 0.51562500 0.01562500
vt 0.73437500 0.01562500
vt 0.73437500 0.48437500
vt 0.51562500 0.48437500
vt 0.51562500 0.01562500
vt 0.73437500 0.01562500
vt 0.73437500 0.48437500
vt 0.51562500 0.48437500
vt 0.51562500 0.01562500
vt 0.73437500 0.01562500
vt 0.73437500 0.48437500
vt 0.51562500 0.48437500
vt 0.01562500 0.01562500
vt 0.48437500 0.01562500
vt 0.48437500 0.48437500
vt 0.01562500 0.48437500
vt 0.01562500 0.01562500
vt 0.48437500 0.01562500
vt 0.48437500 0.48437500
vt 0.01562500 0.48437500
vt 0.01562500 0.01562500
vt 0.48437500 0.01562500
vt 0.48437500 0.48437500
vt 0.01562500 0.48437500
vt 0.01562500 0.01562500
vt 0.48437500 0.01562500
vt 0.48437500 0.48437500
vt 0.01562500 0.48437500
vt 0.01562500 0.01562500
vt 0.48437500 0.01562500
vt 0.48437500 0.48437500
vt 0.01562500 0.48437500
vt 0.01562500 0.01562500
vt 0.48437500 0.01562500
vt 0.48437500 0.48437500
vt 0.01562500 0.48437500
vt 0.51562500 0.01562500
vt 0.73437500 0.01562500
vt 0.73437500 0.48437500
vt 0.51562500 0.48437500
vt 0.51562500 0.01562500
vt 0.73437500 0.01562500
vt 0.73437500 0.48437500
vt 0.51562500 0.48437500
vt 0.51562500 0.01562500
vt 0.73437500 0.01562500
vt 0.73437500 0.48437500
vt 0.51562500 0.48437500
vt 0.51562500 0.01562500
vt 0.73437500 0.01562500
vt 0.73437500 0.48437500
vt 0.51562500 0.48437500
vt 0.51562500 0.01562500
vt 0.73437500 0.01562500
vt 0.73437500 0.48437500
vt 0.51562500 0.48437500
vt 0.51562500 0.01562500
vt 0.73437500 0.01562500
vt 0.73437500 0.48437500
vt 0.51562500 0.48437500
vt 0.01562500 0.01562500
vt 0.48437500 0.01562500
vt 0.48437500 0.48437500
vt 0.01562500 0.48437500
vt 0.01562500 0.01562500
vt 0.48437500 0.01562500
vt 0.48437500 0.48437500
vt 0.01562500 0.48437500
vt 0.01562500 0.01562500
vt 0.48437500 0.01562500
vt 0.48437500 0.48437500
vt 0.01562500 0.48437500
vt 0.01562500 0.01562500
vt 0.48437500 0.01562500
vt 0.48437500 0.48437500
vt 0.01562500 0.48437500
vt 0.01562500 0.01562500
vt 0.48437500 0.01562500
vt 0.48437500 0.48437500
vt 0.01562500 0.48437500
vt 0.01562500 0.01562500
vt 0.48437500 0.01562500
vt 0.48437500 0.48437500
vt 0.01562500 0.48437500
vt 0.51562500 0.01562500
vt 0.73437500 0.01562500
vt 0.73437500 0.48437500
vt 0.51562500 0.48437500
vt 0.51562500 0.01562500
vt 0.73437500 0.01562500
vt 0.73437500 0.48437500
vt 0.51562500 0.48437500
vt 0.51562500 0.01562500
vt 0.73437500 0.01562500
vt 0.73437500 0.48437500
vt 0.51562500 0.48437500
vt 0.51562500 0.01562500
vt 0.73437500 0.01562500
vt 0.73437500 0.48437500
vt 0.51562500 0.48437500
vt 0.51562500 0.01562500
vt 0.73437500 0.01562500
vt 0.73437500 0.48437500
vt 0.51562500 0.48437500
vt 0.51562500 0.01562500
vt 0.73437500 0.01562500
vt 0.73437500 0.48437500
vt 0.51562500 0.48437500
vt 0.01562500 0.51562500
vt 0.48437500 0.51562500
vt 0.48437500 0.98437500
vt 0.01562500 0.98437500
vt 0.01562500 0.51562500
vt 0.48437500 0.51562500
vt 0.48437500 0.98437500
vt 0.01562500 0.98437500
vt 0.01562500 0.51562500
vt 0.48437500 0.51562500
vt 0.48437500 0.98437500
vt 0.01562500 0.98437500
vt 0.01562500 0.51562500
vt 0.48437500 0.51562500
vt 0.48437500 0.98437500
vt 0.01562500 0.98437500
vt 0.01562500 0.51562500
vt 0.48437500 0.51562500
vt 0.48437500 0.98437500
vt 0.01562500 0.98437500
vt 0.01562500 0.51562500
vt 0.48437500 0.51562500
vt 0.48437500 0.98437500
vt 0.01562500 0.98437500
vt 0.01562500 0.51562500
vt 0.48437500 0.51562500
vt 0.48437500 0.98437500
vt 0.01562500 0.98437500
vt 0.01562500 0.51562500
vt 0.48437500 0.51562500
vt 0.48437500 0.98437500
vt 0.01562500 0.98437500
vt 0.01562500 0.51562500
vt 0.48437500 0.51562500
vt 0.48437500 0.98437500
vt 0.01562500 0.98437500
vt 0.01562500 0.51562500
vt 0.48437500 0.51562500
vt 0.48437500 0.98437500
vt 0.01562500 0.98437500
vt 0.01562500 0.51562500
vt 0.48437500 0.51562500
vt 0.48437500 0.98437500
vt 0.01562500 0.98437500
vt 0.01562500 0.51562500
vt 0.48437500 0.51562500
vt 0.48437500 0.98437500
vt 0.01562500 0.98437500
vt 0.01562500 0.51562500
vt 0.48437500 0.51562500
vt 0.48437500 0.98437500
vt 0.01562500 0.98437500
vt 0.01562500 0.51562500
vt 0.48437500 0.51562500
vt 0.48437500 0.98437500
vt 0.01562500 0.98437500
vt 0.01562500 0.51562500
vt 0.48437500 0.51562500
vt 0.48437500 0.98437500
vt 0.01562500 0.98437500
vt 0.01562500 0.51562500
vt 0.48437500 0.51562500
vt 0.48437500 0.98437500
vt 0.01562500 0.98437500
vt 0.51562500 0.51562500
vt 0.98437500 0.51562500
vt 0.98437500 0.98437500
vt 0.51562500 0.98437500
vt 0.51562500 0.51562500
vt 0.98437500 0.51562500
vt 0.98437500 0.98437500
vt 0.51562500 0.98437500
vt 0.51562500 0.51562500
vt 0.98437500 0.51562500
vt 0.98437500 0.98437500
vt 0.51562500 0.98437500
vt 0.51562500 0.51562500
vt 0.98437500 0.51562500
vt 0.98437500 0.98437500
vt 0.51562500 0.98437500
vt 0.01562500 0.51562500
vt 0.48437500 0.51562500
vt 0.48437500 0.98437500
vt 0.01562500 0.98437500
vt 0.01562500 0.51562500
vt 0.48437500 0.51562500
vt 0.48437500 0.98437500
vt 0.01562500 0.98437500
vt 0.01562500 0.51562500
vt 0.48437500 0.51562500
vt 0.48437500 0.98437500
vt 0.01562500 0.98437500
vt 0.01562500 0.51562500
vt 0.48437500 0.51562500
vt 0.48437500 0.98437500
vt 0.01562500 0.98437500
vt 0.51562500 0.01562500
vt 0.73437500 0.01562500
vt 0.73437500 0.48437500
vt 0.51562500 0.48437500
vt 0.51562500 0.01562500
vt 0.73437500 0.01562500
vt 0.73437500 0.48437500
vt 0.51562500 0.48437500
vt 0.51562500 0.01562500
vt 0.73437500 0.01562500
vt 0.73437500 0.48437500
vt 0.51562500 0.48437500
vt 0.51562500 0.01562500
vt 0.73437500 0.01562500
vt 0.73437500 0.48437500
vt 0.51562500 0.48437500
vt 0.51562500 0.01562500
vt 0.73437500 0.01562500
vt 0.73437500 0.48437500
vt 0.51562500 0.48437500
vt 0.51562500 0.01562500
vt 0.73437500 0.01562500
vt 0.73437500 0.48437500
vt 0.51562500 0.48437500
vt 0.51562500 0.01562500
vt 0.73437500 0.01562500
vt 0.73437500 0.48437500
vt 0.51562500 0.48437500
vt 0.51562500 0.01562500
vt 0.73437500 0.01562500
vt 0.73437500 0.48437500
vt 0.51562500 0.48437500
vt 0.51562500 0.01562500
vt 0.73437500 0.01562500
vt 0.73437500 0.48437500
vt 0.51562500 0.48437500
vt 0.76562500 0.01562500
vt 0.98437500 0.01562500
vt 0.98437500 0.48437500
vt 0.76562500 0.48437500
vt 0.76562500 0.01562500
vt 0.98437500 0.01562500
vt 0.98437500 0.48437500
vt 0.76562500 0.48437500
vt 0.76562500 0.01562500
vt 0.98437500 0.01562500
vt 0.98437500 0.48437500
vt 0.76562500 0.48437500
vt 0.76562500 0.01562500
vt 0.98437500 0.01562500
vt 0.98437500 0.48437500
vt 0.76562500 0.48437500
vt 0.76562500 0.01562500
vt 0.98437500 0.01562500
vt 0.98437500 0.48437500
vt 0.76562500 0.48437500
vt 0.76562500 0.01562500
vt 0.98437500 0.01562500
vt 0.98437500 0.48437500
vt 0.76562500 0.48437500
vt 0.01562500 0.51562500
vt 0.48437500 0.51562500
vt 0.48437500 0.98437500
vt 0.01562500 0.98437500
vt 0.01562500 0.51562500
vt 0.48437500 0.51562500
vt 0.48437500 0.98437500
vt 0.01562500 0.98437500
vt 0.01562500 0.51562500
vt 0.48437500 0.51562500
vt 0.48437500 0.98437500
vt 0.01562500 0.98437500
vt 0.01562500 0.51562500
vt 0.48437500 0.51562500
vt 0.48437500 0.98437500
vt 0.01562500 0.98437500
vt 0.01562500 0.51562500
vt 0.48437500 0.51562500
vt 0.48437500 0.98437500
vt 0.01562500 0.98437500
vt 0.01562500 0.51562500
vt 0.48437500 0.51562500
vt 0.48437500 0.98437500
vt 0.01562500 0.98437500
vt 0.01562500 0.51562500
vt 0.48437500 0.51562500
vt 0.48437500 0.98437500
vt 0.01562500 0.98437500
vt 0.01562500 0.51562500
vt 0.48437500 0.51562500
vt 0.48437500 0.98437500
vt 0.01562500 0.98437500
vt 0.51562500 0.51562500
vt 0.98437500 0.51562500
vt 0.98437500 0.98437500
vt 0.51562500 0.98437500
vt 0.51562500 0.51562500
vt 0.98437500 0.51562500
vt 0.98437500 0.98437500
vt 0.51562500 0.98437500
vt 0.51562500 0.51562500
vt 0.98437500 0.51562500
vt 0.98437500 0.98437500
vt 0.51562500 0.98437500
vt 0.51562500 0.51562500
vt 0.98437500 0.51562500
vt 0.98437500 0.98437500
vt 0.51562500 0.98437500
vt 0.01562500 0.51562500
vt 0.48437500 0.51562500
vt 0.48437500 0.98437500
vt 0.01562500 0.98437500
vt 0.01562500 0.51562500
vt 0.48437500 0.51562500
vt 0.48437500 0.98437500
vt 0.01562500 0.98437500
vt 0.01562500 0.51562500
vt 0.48437500 0.51562500
vt 0.48437500 0.98437500
vt 0.01562500 0.98437500
vt 0.01562500 0.51562500
vt 0.48437500 0.51562500
vt 0.48437500 0.98437500
vt 0.01562500 0.98437500
vt 0.51562500 0.01562500
vt 0.73437500 0.01562500
vt 0.73437500 0.48437500
vt 0.51562500 0.48437500
vt 0.51562500 0.01562500
vt 0.73437500 0.01562500
vt 0.73437500 0.48437500
vt 0.51562500 0.48437500
vt 0.51562500 0.01562500
vt 0.73437500 0.01562500
vt 0.73437500 0.48437500
vt 0.51562500 0.48437500
vt 0.51562500 0.01562500
vt 0.73437500 0.01562500
vt 0.73437500 0.48437500
vt 0.51562500 0.48437500
vt 0.51562500 0.01562500
vt 0.73437500 0.01562500
vt 0.73437500 0.48437500
vt 0.51562500 0.48437500
vt 0.51562500 0.01562500
vt 0.73437500 0.01562500
vt 0.73437500 0.48437500
vt 0.51562500 0.48437500
vt 0.51562500 0.01562500
vt 0.73437500 0.01562500
vt 0.73437500 0.48437500
vt 0.51562500 0.48437500
vt 0.51562500 0.01562500
vt 0.73437500 0.01562500
vt 0.73437500 0.48437500
vt 0.51562500 0.48437500
vt 0.51562500 0.01562500
vt 0.73437500 0.01562500
vt 0.73437500 0.48437500
vt 0.51562500 0.48437500
vt 0.76562500 0.01562500
vt 0.98437500 0.01562500
vt 0.98437500 0.48437500
vt 0.76562500 0.48437500
vt 0.76562500 0.01562500
vt 0.98437500 0.01562500
vt 0.98437500 0.48437500
vt 0.76562500 0.48437500
vt 0.76562500 0.01562500
vt 0.98437500 0.01562500
vt 0.98437500 0.48437500
vt 0.76562500 0.48437500
vt 0.76562500 0.01562500
vt 0.98437500 0.01562500
vt 0.98437500 0.48437500
vt 0.76562500 0.48437500
vt 0.76562500 0.01562500
vt 0.98437500 0.01562500
vt 0.98437500 0.48437500
vt 0.76562500 0.48437500
vt 0.76562500 0.01562500
vt 0.98437500 0.01562500
vt 0.98437500 0.48437500
vt 0.76562500 0.48437500
vt 0.01562500 0.51562500
vt 0.48437500 0.51562500
vt 0.48437500 0.98437500
vt 0.01562500 0.98437500
vt 0.01562500 0.51562500
vt 0.48437500 0.51562500
vt 0.48437500 0.98437500
vt 0.01562500 0.98437500
vt 0.01562500 0.51562500
vt 0.48437500 0.51562500
vt 0.48437500 0.98437500
vt 0.01562500 0.98437500
vt 0.01562500 0.51562500
vt 0.48437500 0.51562500
vt 0.48437500 0.98437500
vt 0.01562500 0.98437500
vt 0.01562500 0.51562500
vt 0.48437500 0.51562500
vt 0.48437500 0.98437500
vt 0.01562500 0.98437500
vt 0.01562500 0.51562500
vt 0.48437500 0.51562500
vt 0.48437500 0.98437500
vt 0.01562500 0.98437500
vt 0.01562500 0.51562500
vt 0.48437500 0.51562500
vt 0.48437500 0.98437500
vt 0.01562500 0.98437500
vt 0.01562500 0.51562500
vt 0.48437500 0.51562500
vt 0.48437500 0.98437500
vt 0.01562500 0.98437500
vt 0.51562500 0.51562500
vt 0.98437500 0.51562500
vt 0.98437500 0.98437500
vt 0.51562500 0.98437500
vt 0.51562500 0.51562500
vt 0.98437500 0.51562500
vt 0.98437500 0.98437500
vt 0.51562500 0.98437500
vt 0.51562500 0.51562500
vt 0.98437500 0.51562500
vt 0.98437500 0.98437500
vt 0.51562500 0.98437500
vt 0.51562500 0.51562500
vt 0.98437500 0.51562500
vt 0.98437500 0.98437500
vt 0.51562500 0.98437500
vt 0.01562500 0.51562500
vt 0.48437500 0.51562500
vt 0.48437500 0.98437500
vt 0.01562500 0.98437500
vt 0.01562500 0.51562500
vt 0.48437500 0.51562500
vt 0.48437500 0.98437500
vt 0.01562500 0.98437500
vt 0.01562500 0.51562500
vt 0.48437500 0.51562500
vt 0.48437500 0.98437500
vt 0.01562500 0.98437500
vt 0.01562500 0.51562500
vt 0.48437500 0.51562500
vt 0.48437500 0.98437500
vt 0.01562500 0.98437500
vt 0.51562500 0.01562500
vt 0.73437500 0.01562500
vt 0.73437500 0.48437500
vt 0.51562500 0.48437500
vt 0.51562500 0.01562500
vt 0.73437500 0.01562500
vt 0.73437500 0.48437500
vt 0.51562500 0.48437500
vt 0.51562500 0.01562500
vt 0.73437500 0.01562500
vt 0.73437500 0.48437500
vt 0.51562500 0.48437500
vt 0.51562500 0.01562500
vt 0.73437500 0.01562500
vt 0.73437500 0.48437500
vt 0.51562500 0.48437500
vt 0.51562500 0.01562500
vt 0.73437500 0.01562500
vt 0.73437500 0.48437500
vt 0.51562500 0.48437500
vt 0.51562500 0.01562500
vt 0.73437500 0.01562500
vt 0.73437500 0.48437500
vt 0.51562500 0.48437500
vt 0.51562500 0.01562500
vt 0.73437500 0.01562500
vt 0.73437500 0.48437500
vt 0.51562500 0.48437500
vt 0.51562500 0.01562500
vt 0.73437500 0.01562500
vt 0.73437500 0.48437500
vt 0.51562500 0.48437500
vt 0.51562500 0.01562500
vt 0.73437500 0.01562500
vt 0.73437500 0.48437500
vt 0.51562500 0.48437500
vt 0.76562500 0.01562500
vt 0.98437500 0.01562500
vt 0.98437500 0.48437500
vt 0.76562500 0.48437500
vt 0.76562500 0.01562500
vt 0.98437500 0.01562500
vt 0.98437500 0.48437500
vt 0.76562500 0.48437500
vt 0.76562500 0.01562500
vt 0.98437500 0.01562500
vt 0.98437500 0.48437500
vt 0.76562500 0.48437500
vt 0.76562500 0.01562500
vt 0.98437500 0.01562500
vt 0.98437500 0.48437500
vt 0.76562500 0.48437500
vt 0.76562500 0.01562500
vt 0.98437500 0.01562500
vt 0.98437500 0.48437500
vt 0.76562500 0.48437500
vt 0.76562500 0.01562500
vt 0.98437500 0.01562500
vt 0.98437500 0.48437500
vt 0.76562500 0.48437500
vt 0.01562500 0.51562500
vt 0.48437500 0.51562500
vt 0.48437500 0.98437500
vt 0.01562500 0.98437500
vt 0.01562500 0.51562500
vt 0.48437500 0.51562500
vt 0.48437500 0.98437500
vt 0.01562500 0.98437500
vt 0.01562500 0.51562500
vt 0.48437500 0.51562500
vt 0.48437500 0.98437500
vt 0.01562500 0.98437500
vt 0.01562500 0.51562500
vt 0.48437500 0.51562500
vt 0.48437500 0.98437500
vt 0.01562500 0.98437500
vt 0.01562500 0.51562500
vt 0.48437500 0.51562500
vt 0.48437500 0.98437500
vt 0.01562500 0.98437500
vt 0.01562500 0.51562500
vt 0.48437500 0.51562500
vt 0.48437500 0.98437500
vt 0.01562500 0.98437500
vt 0.01562500 0.51562500
vt 0.48437500 0.51562500
vt 0.48437500 0.98437500
vt 0.01562500 0.98437500
vt 0.01562500 0.51562500
vt 0.48437500 0.51562500
vt 0.48437500 0.98437500
vt 0.01562500 0.98437500
vt 0.51562500 0.51562500
vt 0.98437500 0.51562500
vt 0.98437500 0.98437500
vt 0.51562500 0.98437500
vt 0.51562500 0.51562500
vt 0.98437500 0.51562500
vt 0.98437500 0.98437500
vt 0.51562500 0.98437500
vt 0.51562500 0.51562500
vt 0.98437500 0.51562500
vt 0.98437500 0.98437500
vt 0.51562500 0.98437500
vt 0.51562500 0.51562500
vt 0.98437500 0.51562500
vt 0.98437500 0.98437500
vt 0.51562500 0.98437500
vt 0.01562500 0.51562500
vt 0.48437500 0.51562500
vt 0.48437500 0.98437500
vt 0.01562500 0.98437500
vt 0.01562500 0.51562500
vt 0.48437500 0.51562500
vt 0.48437500 0.98437500
vt 0.01562500 0.98437500
vt 0.01562500 0.51562500
vt 0.48437500 0.51562500
vt 0.48437500 0.98437500
vt 0.01562500 0.98437500
vt 0.01562500 0.51562500
vt 0.48437500 0.51562500
vt 0.48437500 0.98437500
vt 0.01562500 0.98437500
vt 0.51562500 0.01562500
vt 0.73437500 0.01562500
vt 0.73437500 0.48437500
vt 0.51562500 0.48437500
vt 0.51562500 0.01562500
vt 0.73437500 0.01562500
vt 0.73437500 0.48437500
vt 0.51562500 0.48437500
vt 0.51562500 0.01562500
vt 0.73437500 0.01562500
vt 0.73437500 0.48437500
vt 0.51562500 0.48437500
vt 0.51562500 0.01562500
vt 0.73437500 0.01562500
vt 0.73437500 0.48437500
vt 0.51562500 0.48437500
vt 0.51562500 0.01562500
vt 0.73437500 0.01562500
vt 0.73437500 0.48437500
vt 0.51562500 0.48437500
vt 0.51562500 0.01562500
vt 0.73437500 0.01562500
vt 0.73437500 0.48437500
vt 0.51562500 0.48437500
vt 0.51562500 0.01562500
vt 0.73437500 0.01562500
vt 0.73437500 0.48437500
vt 0.51562500 0.48437500
vt 0.51562500 0.01562500
vt 0.73437500 0.01562500
vt 0.73437500 0.48437500
vt 0.51562500 0.48437500
vt 0.51562500 0.01562500
vt 0.73437500 0.01562500
vt 0.73437500 0.48437500
vt 0.51562500 0.48437500
vt 0.76562500 0.01562500
vt 0.98437500 0.01562500
vt 0.98437500 0.48437500
vt 0.76562500 0.48437500
vt 0.76562500 0.01562500
vt 0.98437500 0.01562500
vt 0.98437500 0.48437500
vt 0.76562500 0.48437500
vt 0.76562500 0.01562500
vt 0.98437500 0.01562500
vt 0.98437500 0.48437500
vt 0.76562500 0.48437500
vt 0.76562500 0.01562500
vt 0.98437500 0.01562500
vt 0.98437500 0.48437500
vt 0.76562500 0.48437500
vt 0.76562500 0.01562500
vt 0.98437500 0.01562500
vt 0.98437500 0.48437500
vt 0.76562500 0.48437500
vt 0.76562500 0.01562500
vt 0.98437500 0.01562500
vt 0.98437500 0.48437500
vt 0.76562500 0.48437500
vt 0.01562500 0.51562500
vt 0.48437500 0.51562500
vt 0.48437500 0.98437500
vt 0.01562500 0.98437500
vt 0.01562500 0.51562500
vt 0.48437500 0.51562500
vt 0.48437500 0.98437500
vt 0.01562500 0.98437500
vt 0.01562500 0.51562500
vt 0.48437500 0.51562500
vt 0.48437500 0.98437500
vt 0.01562500 0.98437500
vt 0.01562500 0.51562500
vt 0.48437500 0.51562500
vt 0.48437500 0.98437500
vt 0.01562500 0.98437500
vt 0.01562500 0.51562500
vt 0.48437500 0.51562500
vt 0.48437500 0.98437500
vt 0.01562500 0.98437500
vt 0.01562500 0.51562500
vt 0.48437500 0.51562500
vt 0.48437500 0.98437500
vt 0.01562500 0.98437500
vt 0.01562500 0.51562500
vt 0.48437500 0.51562500
vt 0.48437500 0.98437500
vt 0.01562500 0.98437500
vt 0.01562500 0.51562500
vt 0.48437500 0.51562500
vt 0.48437500 0.98437500
vt 0.01562500 0.98437500
vt 0.51562500 0.51562500
vt 0.98437500 0.51562500
vt 0.98437500 0.98437500
vt 0.51562500 0.98437500
vt 0.51562500 0.51562500
vt 0.98437500 0.51562500
vt 0.98437500 0.98437500
vt 0.51562500 0.98437500
vt 0.51562500 0.51562500
vt 0.98437500 0.51562500
vt 0.98437500 0.98437500
vt 0.51562500 0.98437500
vt 0.51562500 0.51562500
vt 0.98437500 0.51562500
vt 0.98437500 0.98437500
vt 0.51562500 0.98437500
vt 0.01562500 0.51562500
vt 0.48437500 0.51562500
vt 0.48437500 0.98437500
vt 0.01562500 0.98437500
vt 0.01562500 0.51562500
vt 0.48437500 0.51562500
vt 0.48437500 0.98437500
vt 0.01562500 0.98437500
vt 0.01562500 0.51562500
vt 0.48437500 0.51562500
vt 0.48437500 0.98437500
vt 0.01562500 0.98437500
vt 0.01562500 0.51562500
vt 0.48437500 0.51562500
vt 0.48437500 0.98437500
vt 0.01562500 0.98437500
vt 0.51562500 0.01562500
vt 0.73437500 0.01562500
vt 0.73437500 0.48437500
vt 0.51562500 0.48437500
vt 0.51562500 0.01562500
vt 0.73437500 0.01562500
vt 0.73437500 0.48437500
vt 0.51562500 0.48437500
vt 0.51562500 0.01562500
vt 0.73437500 0.01562500
vt 0.73437500 0.48437500
vt 0.51562500 0.48437500
vt 0.51562500 0.01562500
vt 0.73437500 0.01562500
vt 0.73437500 0.48437500
vt 0.51562500 0.48437500
vt 0.51562500 0.01562500
vt 0.73437500 0.01562500
vt 0.73437500 0.48437500
vt 0.51562500 0.48437500
vt 0.51562500 0.01562500
vt 0.73437500 0.01562500
vt 0.73437500 0.48437500
vt 0.51562500 0.48437500
vt 0.51562500 0.01562500
vt 0.73437500 0.01562500
vt 0.73437500 0.48437500
vt 0.51562500 0.48437500
vt 0.51562500 0.01562500
vt 0.73437500 0.01562500
vt 0.73437500 0.48437500
vt 0.51562500 0.48437500
vt 0.51562500 0.01562500
vt 0.73437500 0.01562500
vt 0.73437500 0.48437500
vt 0.51562500 0.48437500
vt 0.76562500 0.01562500
vt 0.98437500 0.01562500
vt 0.98437500 0.48437500
vt 0.76562500 0.48437500
vt 0.76562500 0.01562500
vt 0.98437500 0.01562500
vt 0.98437500 0.48437500
vt 0.76562500 0.48437500
vt 0.76562500 0.01562500
vt 0.98437500 0.01562500
vt 0.98437500 0.48437500
vt 0.76562500 0.48437500
vt 0.76562500 0.01562500
vt 0.98437500 0.01562500
vt 0.98437500 0.48437500
vt 0.76562500 0.48437500
vt 0.76562500 0.01562500
vt 0.98437500 0.01562500
vt 0.98437500 0.48437500
vt 0.76562500 0.48437500
vt 0.76562500 0.01562500
vt 0.98437500 0.01562500
vt 0.98437500 0.48437500
vt 0.76562500 0.48437500
vt 0.01562500 0.51562500
vt 0.48437500 0.51562500
vt 0.48437500 0.98437500
vt 0.01562500 0.98437500
vt 0.01562500 0.51562500
vt 0.48437500 0.51562500
vt 0.48437500 0.98437500
vt 0.01562500 0.98437500
vt 0.01562500 0.51562500
vt 0.48437500 0.51562500
vt 0.48437500 0.98437500
vt 0.01562500 0.98437500
vt 0.01562500 0.51562500
vt 0.48437500 0.51562500
vt 0.48437500 0.98437500
vt 0.01562500 0.98437500
vt 0.01562500 0.51562500
vt 0.48437500 0.51562500
vt 0.48437500 0.98437500
vt 0.01562500 0.98437500
vt 0.01562500 0.51562500
vt 0.48437500 0.51562500
vt 0.48437500 0.98437500
vt 0.01562500 0.98437500
vt 0.01562500 0.51562500
vt 0.48437500 0.51562500
vt 0.48437500 0.98437500
vt 0.01562500 0.98437500
vt 0.01562500 0.51562500
vt 0.48437500 0.51562500
vt 0.48437500 0.98437500
vt 0.01562500 0.98437500
vt 0.51562500 0.51562500
vt 0.98437500 0.51562500
vt 0.98437500 0.98437500
vt 0.51562500 0.98437500
vt 0.51562500 0.51562500
vt 0.98437500 0.51562500
vt 0.98437500 0.98437500
vt 0.51562500 0.98437500
vt 0.51562500 0.51562500
vt 0.98437500 0.51562500
vt 0.98437500 0.98437500
vt 0.51562500 0.98437500
vt 0.51562500 0.51562500
vt 0.98437500 0.51562500
vt 0.98437500 0.98437500
vt 0.51562500 0.98437500
vt 0.01562500 0.51562500
vt 0.48437500 0.51562500
vt 0.48437500 0.98437500
vt 0.01562500 0.98437500
vt 0.01562500 0.51562500
vt 0.48437500 0.51562500
vt 0.48437500 0.98437500
vt 0.01562500 0.98437500
vt 0.01562500 0.51562500
vt 0.48437500 0.51562500
vt 0.48437500 0.98437500
vt 0.01562500 0.98437500
vt 0.01562500 0.51562500
vt 0.48437500 0.51562500
vt 0.48437500 0.98437500
vt 0.01562500 0.98437500
vt 0.51562500 0.01562500
vt 0.73437500 0.01562500
vt 0.73437500 0.48437500
vt 0.51562500 0.48437500
vt 0.51562500 0.01562500
vt 0.73437500 0.01562500
vt 0.73437500 0.48437500
vt 0.51562500 0.48437500
vt 0.51562500 0.01562500
vt 0.73437500 0.01562500
vt 0.73437500 0.48437500
vt 0.51562500 0.48437500
vt 0.51562500 0.01562500
vt 0.73437500 0.01562500
vt 0.73437500 0.48437500
vt 0.51562500 0.48437500
vt 0.51562500 0.01562500
vt 0.73437500 0.01562500
vt 0.73437500 0.48437500
vt 0.51562500 0.48437500
vt 0.51562500 0.01562500
vt 0.73437500 0.01562500
vt 0.73437500 0.48437500
vt 0.51562500 0.48437500
vt 0.51562500 0.01562500
vt 0.73437500 0.01562500
vt 0.73437500 0.48437500
vt 0.51562500 0.48437500
vt 0.51562500 0.01562500
vt 0.73437500 0.01562500
vt 0.73437500 0.48437500
vt 0.51562500 0.48437500
vt 0.51562500 0.01562500
vt 0.73437500 0.01562500
vt 0.73437500 0.48437500
vt 0.51562500 0.48437500
vt 0.76562500 0.01562500
vt 0.98437500 0.01562500
vt 0.98437500 0.48437500
vt 0.76562500 0.48437500
vt 0.76562500 0.01562500
vt 0.98437500 0.01562500
vt 0.98437500 0.48437500
vt 0.76562500 0.48437500
vt 0.76562500 0.01562500
vt 0.98437500 0.01562500
vt 0.98437500 0.48437500
vt 0.76562500 0.48437500
vt 0.76562500 0.01562500
vt 0.98437500 0.01562500
vt 0.98437500 0.48437500
vt 0.76562500 0.48437500
vt 0.76562500 0.01562500
vt 0.98437500 0.01562500
vt 0.98437500 0.48437500
vt 0.76562500 0.48437500
vt 0.76562500 0.01562500
vt 0.98437500 0.01562500
vt 0.98437500 0.48437500
vt 0.76562500 0.48437500
vt 0.51562500 0.01562500
vt 0.73437500 0.01562500
vt 0.73437500 0.48437500
vt 0.51562500 0.48437500
vt 0.51562500 0.01562500
vt 0.73437500 0.01562500
vt 0.73437500 0.48437500
vt 0.51562500 0.48437500
vt 0.51562500 0.01562500
vt 0.73437500 0.01562500
vt 0.73437500 0.48437500
vt 0.51562500 0.48437500
vt 0.51562500 0.01562500
vt 0.73437500 0.01562500
vt 0.73437500 0.48437500
vt 0.51562500 0.48437500
vt 0.51562500 0.01562500
vt 0.73437500 0.01562500
vt 0.73437500 0.48437500
vt 0.51562500 0.48437500
vt 0.51562500 0.01562500
vt 0.73437500 0.01562500
vt 0.73437500 0.48437500
vt 0.51562500 0.48437500
vt 0.51562500 0.01562500
vt 0.73437500 0.01562500
vt 0.73437500 0.48437500
vt 0.51562500 0.48437500
vt 0.51562500 0.01562500
vt 0.73437500 0.01562500
vt 0.73437500 0.48437500
vt 0.51562500 0.48437500
vt 0.51562500 0.01562500
vt 0.73437500 0.01562500
vt 0.73437500 0.48437500
vt 0.51562500 0.48437500
vt 0.51562500 0.01562500
vt 0.73437500 0.01562500
vt 0.73437500 0.48437500
vt 0.51562500 0.48437500
vt 0.51562500 0.01562500
vt 0.73437500 0.01562500
vt 0.73437500 0.48437500
vt 0.51562500 0.48437500
vt 0.51562500 0.01562500
vt 0.73437500 0.01562500
vt 0.73437500 0.48437500
vt 0.51562500 0.48437500
vt 0.51562500 0.01562500
vt 0.73437500 0.01562500
vt 0.73437500 0.48437500
vt 0.51562500 0.48437500
vt 0.51562500 0.01562500
vt 0.73437500 0.01562500
vt 0.73437500 0.48437500
vt 0.51562500 0.48437500
vt 0.51562500 0.01562500
vt 0.73437500 0.01562500
vt 0.73437500 0.48437500
vt 0.51562500 0.48437500
vt 0.51562500 0.01562500
vt 0.73437500 0.01562500
vt 0.73437500 0.48437500
vt 0.51562500 0.48437500
vt 0.51562500 0.01562500
vt 0.73437500 0.01562500
vt 0.73437500 0.48437500
vt 0.51562500 0.48437500
vt 0.51562500 0.01562500
vt 0.73437500 0.01562500
vt 0.73437500 0.48437500
vt 0.51562500 0.48437500
vt 0.51562500 0.01562500
vt 0.73437500 0.01562500
vt 0.73437500 0.48437500
vt 0.51562500 0.48437500
vt 0.51562500 0.01562500
vt 0.73437500 0.01562500
vt 0.73437500 0.48437500
vt 0.51562500 0.48437500
vt 0.51562500 0.01562500
vt 0.73437500 0.01562500
vt 0.73437500 0.48437500
vt 0.51562500 0.48437500
vt 0.51562500 0.01562500
vt 0.73437500 0.01562500
vt 0.73437500 0.48437500
vt 0.51562500 0.48437500
vt 0.01562500 0.01562500
vt 0.48437500 0.01562500
vt 0.48437500 0.48437500
vt 0.01562500 0.48437500
vt 0.01562500 0.01562500
vt 0.48437500 0.01562500
vt 0.48437500 0.48437500
vt 0.01562500 0.48437500
vt 0.01562500 0.01562500
vt 0.48437500 0.01562500
vt 0.48437500 0.48437500
vt 0.01562500 0.48437500
vt 0.01562500 0.01562500
vt 0.48437500 0.01562500
vt 0.48437500 0.48437500
vt 0.01562500 0.48437500
vt 0.01562500 0.01562500
vt 0.48437500 0.01562500
vt 0.48437500 0.48437500
vt 0.01562500 0.48437500
vt 0.01562500 0.01562500
vt 0.48437500 0.01562500
vt 0.48437500 0.48437500
vt 0.01562500 0.48437500
vt 0.01562500 0.01562500
vt 0.48437500 0.01562500
vt 0.48437500 0.48437500
vt 0.01562500 0.48437500
vt 0.01562500 0.01562500
vt 0.48437500 0.01562500
vt 0.48437500 0.48437500
vt 0.01562500 0.48437500
vt 0.01562500 0.01562500
vt 0.48437500 0.01562500
vt 0.48437500 0.48437500
vt 0.01562500 0.48437500
vt 0.01562500 0.01562500
vt 0.48437500 0.01562500
vt 0.48437500 0.48437500
vt 0.01562500 0.48437500
vt 0.01562500 0.01562500
vt 0.48437500 0.01562500
vt 0.48437500 0.48437500
vt 0.01562500 0.48437500
vt 0.01562500 0.01562500
vt 0.48437500 0.01562500
vt 0.48437500 0.48437500
vt 0.01562500 0.48437500
vt 0.01562500 0.01562500
vt 0.48437500 0.01562500
vt 0.48437500 0.48437500
vt 0.01562500 0.48437500
vt 0.01562500 0.01562500
vt 0.48437500 0.01562500
vt 0.48437500 0.48437500
vt 0.01562500 0.48437500
vt 0.01562500 0.01562500
vt 0.48437500 0.01562500
vt 0.48437500 0.48437500
vt 0.01562500 0.48437500
vt 0.01562500 0.01562500
vt 0.48437500 0.01562500
vt 0.48437500 0.48437500
vt 0.01562500 0.48437500
vt 0.01562500 0.01562500
vt 0.48437500 0.01562500
vt 0.48437500 0.48437500
vt 0.01562500 0.48437500
vt 0.01562500 0.01562500
vt 0.48437500 0.01562500
vt 0.48437500 0.48437500
vt 0.01562500 0.48437500
vt 0.01562500 0.01562500
vt 0.48437500 0.01562500
vt 0.48437500 0.48437500
vt 0.01562500 0.48437500
vt 0.01562500 0.01562500
vt 0.48437500 0.01562500
vt 0.48437500 0.48437500
vt 0.01562500 0.48437500
vt 0.01562500 0.01562500
vt 0.48437500 0.01562500
vt 0.48437500 0.48437500
vt 0.01562500 0.48437500
vt 0.01562500 0.01562500
vt 0.48437500 0.01562500
vt 0.48437500 0.48437500
vt 0.01562500 0.48437500
vt 0.01562500 0.01562500
vt 0.48437500 0.01562500
vt 0.48437500 0.48437500
vt 0.01562500 0.48437500
vt 0.01562500 0.01562500
vt 0.48437500 0.01562500
vt 0.48437500 0.48437500
vt 0.01562500 0.48437500
vt 0.01562500 0.01562500
vt 0.48437500 0.01562500
vt 0.48437500 0.48437500
vt 0.01562500 0.48437500
vt 0.01562500 0.01562500
vt 0.48437500 0.01562500
vt 0.48437500 0.48437500
vt 0.01562500 0.48437500
vt 0.01562500 0.01562500
vt 0.48437500 0.01562500
vt 0.48437500 0.48437500
vt 0.01562500 0.48437500
vt 0.01562500 0.01562500
vt 0.48437500 0.01562500
vt 0.48437500 0.48437500
vt 0.01562500 0.48437500
vt 0.01562500 0.01562500
vt 0.48437500 0.01562500
vt 0.48437500 0.48437500
vt 0.01562500 0.48437500
vt 0.01562500 0.01562500
vt 0.48437500 0.01562500
vt 0.48437500 0.48437500
vt 0.01562500 0.48437500
vt 0.01562500 0.01562500
vt 0.48437500 0.01562500
vt 0.48437500 0.48437500
vt 0.01562500 0.48437500
vt 0.01562500 0.01562500
vt 0.48437500 0.01562500
vt 0.48437500 0.48437500
vt 0.01562500 0.48437500
vt 0.01562500 0.01562500
vt 0.48437500 0.01562500
vt 0.48437500 0.48437500
vt 0.01562500 0.48437500
vt 0.01562500 0.01562500
vt 0.48437500 0.01562500
vt 0.48437500 0.48437500
vt 0.01562500 0.48437500
vt 0.01562500 0.01562500
vt 0.48437500 0.01562500
vt 0.48437500 0.48437500
vt 0.01562500 0.48437500
vt 0.01562500 0.01562500
vt 0.48437500 0.01562500
vt 0.48437500 0.48437500
vt 0.01562500 0.48437500
vt 0.01562500 0.01562500
vt 0.48437500 0.01562500
vt 0.48437500 0.48437500
vt 0.01562500 0.48437500
vt 0.01562500 0.01562500
vt 0.48437500 0.01562500
vt 0.48437500 0.48437500
vt 0.01562500 0.48437500
vt 0.01562500 0.01562500
vt 0.48437500 0.01562500
vt 0.48437500 0.48437500
vt 0.01562500 0.48437500
vt 0.01562500 0.01562500
vt 0.48437500 0.01562500
vt 0.48437500 0.48437500
vt 0.01562500 0.48437500
vt 0.01562500 0.01562500
vt 0.48437500 0.01562500
vt 0.48437500 0.48437500
vt 0.01562500 0.48437500
vt 0.01562500 0.01562500
vt 0.48437500 0.01562500
vt 0.48437500 0.48437500
vt 0.01562500 0.48437500
vt 0.01562500 0.01562500
vt 0.48437500 0.01562500
vt 0.48437500 0.48437500
vt 0.01562500 0.48437500
vt 0.01562500 0.01562500
vt 0.48437500 0.01562500
vt 0.48437500 0.48437500
vt 0.01562500 0.48437500
vt 0.01562500 0.01562500
vt 0.48437500 0.01562500
vt 0.48437500 0.48437500
vt 0.01562500 0.48437500
vt 0.01562500 0.01562500
vt 0.48437500 0.01562500
vt 0.48437500 0.48437500
vt 0.01562500 0.48437500
vt 0.01562500 0.01562500
vt 0.48437500 0.01562500
vt 0.48437500 0.48437500
vt 0.01562500 0.48437500
vt 0.01562500 0.01562500
vt 0.48437500 0.01562500
vt 0.48437500 0.48437500
vt 0.01562500 0.48437500
vt 0.01562500 0.01562500
vt 0.48437500 0.01562500
vt 0.48437500 0.48437500
vt 0.01562500 0.48437500
vt 0.01562500 0.01562500
vt 0.48437500 0.01562500
vt 0.48437500 0.48437500
vt 0.01562500 0.48437500
vt 0.01562500 0.01562500
vt 0.48437500 0.01562500
vt 0.48437500 0.48437500
vt 0.01562500 0.48437500
vt 0.01562500 0.01562500
vt 0.48437500 0.01562500
vt 0.48437500 0.48437500
vt 0.01562500 0.48437500
vt 0.01562500 0.01562500
vt 0.48437500 0.01562500
vt 0.48437500 0.48437500
vt 0.01562500 0.48437500
vt 0.01562500 0.01562500
vt 0.48437500 0.01562500
vt 0.48437500 0.48437500
vt 0.01562500 0.48437500
vt 0.01562500 0.01562500
vt 0.48437500 0.01562500
vt 0.48437500 0.48437500
vt 0.01562500 0.48437500
vt 0.01562500 0.01562500
vt 0.48437500 0.01562500
vt 0.48437500 0.48437500
vt 0.01562500 0.48437500
vt 0.01562500 0.01562500
vt 0.48437500 0.01562500
vt 0.48437500 0.48437500
vt 0.01562500 0.48437500
vt 0.01562500 0.01562500
vt 0.48437500 0.01562500
vt 0.48437500 0.48437500
vt 0.01562500 0.48437500
vt 0.01562500 0.01562500
vt 0.48437500 0.01562500
vt 0.48437500 0.48437500
vt 0.01562500 0.48437500
vt 0.01562500 0.01562500
vt 0.48437500 0.01562500
vt 0.48437500 0.48437500
vt 0.01562500 0.48437500
vt 0.01562500 0.01562500
vt 0.48437500 0.01562500
vt 0.48437500 0.48437500
vt 0.01562500 0.48437500
vt 0.01562500 0.01562500
vt 0.48437500 0.01562500
vt 0.48437500 0.48437500
vt 0.01562500 0.48437500
vt 0.01562500 0.01562500
vt 0.48437500 0.01562500
vt 0.48437500 0.48437500
vt 0.01562500 0.48437500
vt 0.01562500 0.01562500
vt 0.48437500 0.01562500
vt 0.48437500 0.48437500
vt 0.01562500 0.48437500
vt 0.01562500 0.01562500
vt 0.48437500 0.01562500
vt 0.48437500 0.48437500
vt 0.01562500 0.48437500
vt 0.01562500 0.01562500
vt 0.48437500 0.01562500
vt 0.48437500 0.48437500
vt 0.01562500 0.48437500
vt 0.01562500 0.01562500
vt 0.48437500 0.01562500
vt 0.48437500 0.48437500
vt 0.01562500 0.48437500
vt 0.01562500 0.01562500
vt 0.48437500 0.01562500
vt 0.48437500 0.48437500
vt 0.01562500 0.48437500
vt 0.01562500 0.01562500
vt 0.48437500 0.01562500
vt 0.48437500 0.48437500
vt 0.01562500 0.48437500
vt 0.01562500 0.01562500
vt 0.48437500 0.01562500
vt 0.48437500 0.48437500
vt 0.01562500 0.48437500
vt 0.51562500 0.01562500
vt 0.73437500 0.01562500
vt 0.73437500 0.48437500
vt 0.51562500 0.48437500
vt 0.51562500 0.01562500
vt 0.73437500 0.01562500
vt 0.73437500 0.48437500
vt 0.51562500 0.48437500
vt 0.51562500 0.01562500
vt 0.73437500 0.01562500
vt 0.73437500 0.48437500
vt 0.51562500 0.48437500
vt 0.51562500 0.01562500
vt 0.73437500 0.01562500
vt 0.73437500 0.48437500
vt 0.51562500 0.48437500
vt 0.51562500 0.01562500
vt 0.73437500 0.01562500
vt 0.73437500 0.48437500
vt 0.51562500 0.48437500
vt 0.51562500 0.01562500
vt 0.73437500 0.01562500
vt 0.73437500 0.48437500
vt 0.51562500 0.48437500
vt 0.01562500 0.01562500
vt 0.48437500 0.01562500
vt 0.48437500 0.48437500
vt 0.01562500 0.48437500
vt 0.01562500 0.01562500
vt 0.48437500 0.01562500
vt 0.48437500 0.48437500
vt 0.01562500 0.48437500
vt 0.01562500 0.01562500
vt 0.48437500 0.01562500
vt 0.48437500 0.48437500
vt 0.01562500 0.48437500
vt 0.01562500 0.01562500
vt 0.48437500 0.01562500
vt 0.48437500 0.48437500
vt 0.01562500 0.48437500
vt 0.01562500 0.01562500
vt 0.48437500 0.01562500
vt 0.48437500 0.48437500
vt 0.01562500 0.48437500
vt 0.01562500 0.01562500
vt 0.48437500 0.01562500
vt 0.48437500 0.48437500
vt 0.01562500 0.48437500
vt 0.51562500 0.01562500
vt 0.73437500 0.01562500
vt 0.73437500 0.48437500
vt 0.51562500 0.48437500
vt 0.51562500 0.01562500
vt 0.73437500 0.01562500
vt 0.73437500 0.48437500
vt 0.51562500 0.48437500
vt 0.51562500 0.01562500
vt 0.73437500 0.01562500
vt 0.73437500 0.48437500
vt 0.51562500 0.48437500
vt 0.51562500 0.01562500
vt 0.73437500 0.01562500
vt 0.73437500 0.48437500
vt 0.51562500 0.48437500
vt 0.51562500 0.01562500
vt 0.73437500 0.01562500
vt 0.73437500 0.48437500
vt 0.51562500 0.48437500
vt 0.51562500 0.01562500
vt 0.73437500 0.01562500
vt 0.73437500 0.48437500
vt 0.51562500 0.48437500
vt 0.01562500 0.01562500
vt 0.48437500 0.01562500
vt 0.48437500 0.48437500
vt 0.01562500 0.48437500
vt 0.01562500 0.01562500
vt 0.48437500 0.01562500
vt 0.48437500 0.48437500
vt 0.01562500 0.48437500
vt 0.01562500 0.01562500
vt 0.48437500 0.01562500
vt 0.48437500 0.48437500
vt 0.01562500 0.48437500
vt 0.01562500 0.01562500
vt 0.48437500 0.01562500
vt 0.48437500 0.48437500
vt 0.01562500 0.48437500
vt 0.01562500 0.01562500
vt 0.48437500 0.01562500
vt 0.48437500 0.48437500
vt 0.01562500 0.48437500
vt 0.01562500 0.01562500
vt 0.48437500 0.01562500
vt 0.48437500 0.48437500
vt 0.01562500 0.48437500
vt 0.51562500 0.01562500
vt 0.73437500 0.01562500
vt 0.73437500 0.48437500
vt 0.51562500 0.48437500
vt 0.51562500 0.01562500
vt 0.73437500 0.01562500
vt 0.73437500 0.48437500
vt 0.51562500 0.48437500
vt 0.51562500 0.01562500
vt 0.73437500 0.01562500
vt 0.73437500 0.48437500
vt 0.51562500 0.48437500
vt 0.51562500 0.01562500
vt 0.73437500 0.01562500
vt 0.73437500 0.48437500
vt 0.51562500 0.48437500
vt 0.51562500 0.01562500
vt 0.73437500 0.01562500
vt 0.73437500 0.48437500
vt 0.51562500 0.48437500
vt 0.51562500 0.01562500
vt 0.73437500 0.01562500
vt 0.73437500 0.48437500
vt 0.51562500 0.48437500
vt 0.01562500 0.01562500
vt 0.48437500 0.01562500
vt 0.48437500 0.48437500
vt 0.01562500 0.48437500
vt 0.01562500 0.01562500
vt 0.48437500 0.01562500
vt 0.48437500 0.48437500
vt 0.01562500 0.48437500
vt 0.01562500 0.01562500
vt 0.48437500 0.01562500
vt 0.48437500 0.48437500
vt 0.01562500 0.48437500
vt 0.01562500 0.01562500
vt 0.48437500 0.01562500
vt 0.48437500 0.48437500
vt 0.01562500 0.48437500
vt 0.01562500 0.01562500
vt 0.48437500 0.01562500
vt 0.48437500 0.48437500
vt 0.01562500 0.48437500
vt 0.01562500 0.01562500
vt 0.48437500 0.01562500
vt 0.48437500 0.48437500
vt 0.01562500 0.48437500
vt 0.51562500 0.01562500
vt 0.73437500 0.01562500
vt 0.73437500 0.48437500
vt 0.51562500 0.48437500
vt 0.51562500 0.01562500
vt 0.73437500 0.01562500
vt 0.73437500 0.48437500
vt 0.51562500 0.48437500
vt 0.51562500 0.01562500
vt 0.73437500 0.01562500
vt 0.73437500 0.48437500
vt 0.51562500 0.48437500
vt 0.51562500 0.01562500
vt 0.73437500 0.01562500
vt 0.73437500 0.48437500
vt 0.51562500 0.48437500
vt 0.51562500 0.01562500
vt 0.73437500 0.01562500
vt 0.73437500 0.48437500
vt 0.51562500 0.48437500
vt 0.51562500 0.01562500
vt 0.73437500 0.01562500
vt 0.73437500 0.48437500
vt 0.51562500 0.48437500
vt 0.01562500 0.01562500
vt 0.48437500 0.01562500
vt 0.48437500 0.48437500
vt 0.01562500 0.48437500
vt 0.01562500 0.01562500
vt 0.48437500 0.01562500
vt 0.48437500 0.48437500
vt 0.01562500 0.48437500
vt 0.01562500 0.01562500
vt 0.48437500 0.01562500
vt 0.48437500 0.48437500
vt 0.01562500 0.48437500
vt 0.01562500 0.01562500
vt 0.48437500 0.01562500
vt 0.48437500 0.48437500
vt 0.01562500 0.48437500
vt 0.01562500 0.01562500
vt 0.48437500 0.01562500
vt 0.48437500 0.48437500
vt 0.01562500 0.48437500
vt 0.01562500 0.01562500
vt 0.48437500 0.01562500
vt 0.48437500 0.48437500
vt 0.01562500 0.48437500
vt 0.51562500 0.01562500
vt 0.73437500 0.01562500
vt 0.73437500 0.48437500
vt 0.51562500 0.48437500
vt 0.51562500 0.01562500
vt 0.73437500 0.01562500
vt 0.73437500 0.48437500
vt 0.51562500 0.48437500
vt 0.51562500 0.01562500
vt 0.73437500 0.01562500
vt 0.73437500 0.48437500
vt 0.51562500 0.48437500
vt 0.51562500 0.01562500
vt 0.73437500 0.01562500
vt 0.73437500 0.48437500
vt 0.51562500 0.48437500
vt 0.51562500 0.01562500
vt 0.73437500 0.01562500
vt 0.73437500 0.48437500
vt 0.51562500 0.48437500
vt 0.51562500 0.01562500
vt 0.73437500 0.01562500
vt 0.73437500 0.48437500
vt 0.51562500 0.48437500
vt 0.01562500 0.01562500
vt 0.48437500 0.01562500
vt 0.48437500 0.48437500
vt 0.01562500 0.48437500
vt 0.01562500 0.01562500
vt 0.48437500 0.01562500
vt 0.48437500 0.48437500
vt 0.01562500 0.48437500
vt 0.01562500 0.01562500
vt 0.48437500 0.01562500
vt 0.48437500 0.48437500
vt 0.01562500 0.48437500
vt 0.01562500 0.01562500
vt 0.48437500 0.01562500
vt 0.48437500 0.48437500
vt 0.01562500 0.48437500
vt 0.01562500 0.01562500
vt 0.48437500 0.01562500
vt 0.48437500 0.48437500
vt 0.01562500 0.48437500
vt 0.01562500 0.01562500
vt 0.48437500 0.01562500
vt 0.48437500 0.48437500
vt 0.01562500 0.48437500
vt 0.51562500 0.01562500
vt 0.73437500 0.01562500
vt 0.73437500 0.48437500
vt 0.51562500 0.48437500
vt 0.51562500 0.01562500
vt 0.73437500 0.01562500
vt 0.73437500 0.48437500
vt 0.51562500 0.48437500
vt 0.51562500 0.01562500
vt 0.73437500 0.01562500
vt 0.73437500 0.48437500
vt 0.51562500 0.48437500
vt 0.51562500 0.01562500
vt 0.73437500 0.01562500
vt 0.73437500 0.48437500
vt 0.51562500 0.48437500
vt 0.51562500 0.01562500
vt 0.73437500 0.01562500
vt 0.73437500 0.48437500
vt 0.51562500 0.48437500
vt 0.51562500 0.01562500
vt 0.73437500 0.01562500
vt 0.73437500 0.48437500
vt 0.51562500 0.48437500
vt 0.01562500 0.01562500
vt 0.48437500 0.01562500
vt 0.48437500 0.48437500
vt 0.01562500 0.48437500
vt 0.01562500 0.01562500
vt 0.48437500 0.01562500
vt 0.48437500 0.48437500
vt 0.01562500 0.48437500
vt 0.01562500 0.01562500
vt 0.48437500 0.01562500
vt 0.48437500 0.48437500
vt 0.01562500 0.48437500
vt 0.01562500 0.01562500
vt 0.48437500 0.01562500
vt 0.48437500 0.48437500
vt 0.01562500 0.48437500
vt 0.01562500 0.01562500
vt 0.48437500 0.01562500
vt 0.48437500 0.48437500
vt 0.01562500 0.48437500
vt 0.01562500 0.01562500
vt 0.48437500 0.01562500
vt 0.48437500 0.48437500
vt 0.01562500 0.48437500
vt 0.51562500 0.01562500
vt 0.73437500 0.01562500
vt 0.73437500 0.48437500
vt 0.51562500 0.48437500
vt 0.51562500 0.01562500
vt 0.73437500 0.01562500
vt 0.73437500 0.48437500
vt 0.51562500 0.48437500
vt 0.51562500 0.01562500
vt 0.73437500 0.01562500
vt 0.73437500 0.48437500
vt 0.51562500 0.48437500
vt 0.51562500 0.01562500
vt 0.73437500 0.01562500
vt 0.73437500 0.48437500
vt 0.51562500 0.48437500
vt 0.51562500 0.01562500
vt 0.73437500 0.01562500
vt 0.73437500 0.48437500
vt 0.51562500 0.48437500
vt 0.51562500 0.01562500
vt 0.73437500 0.01562500
vt 0.73437500 0.48437500
vt 0.51562500 0.48437500
vt 0.01562500 0.01562500
vt 0.48437500 0.01562500
vt 0.48437500 0.48437500
vt 0.01562500 0.48437500
vt 0.01562500 0.01562500
vt 0.48437500 0.01562500
vt 0.48437500 0.48437500
vt 0.01562500 0.48437500
vt 0.01562500 0.01562500
vt 0.48437500 0.01562500
vt 0.48437500 0.48437500
vt 0.01562500 0.48437500
vt 0.01562500 0.01562500
vt 0.48437500 0.01562500
vt 0.48437500 0.48437500
vt 0.01562500 0.48437500
vt 0.01562500 0.01562500
vt 0.48437500 0.01562500
vt 0.48437500 0.48437500
vt 0.01562500 0.48437500
vt 0.01562500 0.01562500
vt 0.48437500 0.01562500
vt 0.48437500 0.48437500
vt 0.01562500 0.48437500
vt 0.51562500 0.01562500
vt 0.73437500 0.01562500
vt 0.73437500 0.48437500
vt 0.51562500 0.48437500
vt 0.51562500 0.01562500
vt 0.73437500 0.01562500
vt 0.73437500 0.48437500
vt 0.51562500 0.48437500
vt 0.51562500 0.01562500
vt 0.73437500 0.01562500
vt 0.73437500 0.48437500
vt 0.51562500 0.48437500
vt 0.51562500 0.01562500
vt 0.73437500 0.01562500
vt 0.73437500 0.48437500
vt 0.51562500 0.48437500
vt 0.51562500 0.01562500
vt 0.73437500 0.01562500
vt 0.73437500 0.48437500
vt 0.51562500 0.48437500
vt 0.51562500 0.01562500
vt 0.73437500 0.01562500
vt 0.73437500 0.48437500
vt 0.51562500 0.48437500
vt 0.01562500 0.01562500
vt 0.48437500 0.01562500
vt 0.48437500 0.48437500
vt 0.01562500 0.48437500
vt 0.01562500 0.01562500
vt 0.48437500 0.01562500
vt 0.48437500 0.48437500
vt 0.01562500 0.48437500
vt 0.01562500 0.01562500
vt 0.48437500 0.01562500
vt 0.48437500 0.48437500
vt 0.01562500 0.48437500
vt 0.01562500 0.01562500
vt 0.48437500 0.01562500
vt 0.48437500 0.48437500
vt 0.01562500 0.48437500
vt 0.01562500 0.01562500
vt 0.48437500 0.01562500
vt 0.48437500 0.48437500
vt 0.01562500 0.48437500
vt 0.01562500 0.01562500
vt 0.48437500 0.01562500
vt 0.48437500 0.48437500
vt 0.01562500 0.48437500
vt 0.51562500 0.01562500
vt 0.73437500 0.01562500
vt 0.73437500 0.48437500
vt 0.51562500 0.48437500
vt 0.51562500 0.01562500
vt 0.73437500 0.01562500
vt 0.73437500 0.48437500
vt 0.51562500 0.48437500
vt 0.51562500 0.01562500
vt 0.73437500 0.01562500
vt 0.73437500 0.48437500
vt 0.51562500 0.48437500
vt 0.51562500 0.01562500
vt 0.73437500 0.01562500
vt 0.73437500 0.48437500
vt 0.51562500 0.48437500
vt 0.51562500 0.01562500
vt 0.73437500 0.01562500
vt 0.73437500 0.48437500
vt 0.51562500 0.48437500
vt 0.51562500 0.01562500
vt 0.73437500 0.01562500
vt 0.73437500 0.48437500
vt 0.51562500 0.48437500
vt 0.01562500 0.01562500
vt 0.48437500 0.01562500
vt 0.48437500 0.48437500
vt 0.01562500 0.48437500
vt 0.01562500 0.01562500
vt 0.48437500 0.01562500
vt 0.48437500 0.48437500
vt 0.01562500 0.48437500
vt 0.01562500 0.01562500
vt 0.48437500 0.01562500
vt 0.48437500 0.48437500
vt 0.01562500 0.48437500
vt 0.01562500 0.01562500
vt 0.48437500 0.01562500
vt 0.48437500 0.48437500
vt 0.01562500 0.48437500
vt 0.01562500 0.01562500
vt 0.48437500 0.01562500
vt 0.48437500 0.48437500
vt 0.01562500 0.48437500
vt 0.01562500 0.01562500
vt 0.48437500 0.01562500
vt 0.48437500 0.48437500
vt 0.01562500 0.48437500
vt 0.51562500 0.01562500
vt 0.73437500 0.01562500
vt 0.73437500 0.48437500
vt 0.51562500 0.48437500
vt 0.51562500 0.01562500
vt 0.73437500 0.01562500
vt 0.73437500 0.48437500
vt 0.51562500 0.48437500
vt 0.51562500 0.01562500
vt 0.73437500 0.01562500
vt 0.73437500 0.48437500
vt 0.51562500 0.48437500
vt 0.51562500 0.01562500
vt 0.73437500 0.01562500
vt 0.73437500 0.48437500
vt 0.51562500 0.48437500
vt 0.51562500 0.01562500
vt 0.73437500 0.01562500
vt 0.73437500 0.48437500
vt 0.51562500 0.48437500
vt 0.51562500 0.01562500
vt 0.73437500 0.01562500
vt 0.73437500 0.48437500
vt 0.51562500 0.48437500
vt 0.01562500 0.01562500
vt 0.48437500 0.01562500
vt 0.48437500 0.48437500
vt 0.01562500 0.48437500
vt 0.01562500 0.01562500
vt 0.48437500 0.01562500
vt 0.48437500 0.48437500
vt 0.01562500 0.48437500
vt 0.01562500 0.01562500
vt 0.48437500 0.01562500
vt 0.48437500 0.48437500
vt 0.01562500 0.48437500
vt 0.01562500 0.01562500
vt 0.48437500 0.01562500
vt 0.48437500 0.48437500
vt 0.01562500 0.48437500
vt 0.01562500 0.01562500
vt 0.48437500 0.01562500
vt 0.48437500 0.48437500
vt 0.01562500 0.48437500
vt 0.01562500 0.01562500
vt 0.48437500 0.01562500
vt 0.48437500 0.48437500
vt 0.01562500 0.48437500
vt 0.51562500 0.01562500
vt 0.73437500 0.01562500
vt 0.73437500 0.48437500
vt 0.51562500 0.48437500
vt 0.51562500 0.01562500
vt 0.73437500 0.01562500
vt 0.73437500 0.48437500
vt 0.51562500 0.48437500
vt 0.51562500 0.01562500
vt 0.73437500 0.01562500
vt 0.73437500 0.48437500
vt 0.51562500 0.48437500
vt 0.51562500 0.01562500
vt 0.73437500 0.01562500
vt 0.73437500 0.48437500
vt 0.51562500 0.48437500
vt 0.51562500 0.01562500
vt 0.73437500 0.01562500
vt 0.73437500 0.48437500
vt 0.51562500 0.48437500
vt 0.51562500 0.01562500
vt 0.73437500 0.01562500
vt 0.73437500 0.48437500
vt 0.51562500 0.48437500
vt 0.01562500 0.01562500
vt 0.48437500 0.01562500
vt 0.48437500 0.48437500
vt 0.01562500 0.48437500
vt 0.01562500 0.01562500
vt 0.48437500 0.01562500
vt 0.48437500 0.48437500
vt 0.01562500 0.48437500
vt 0.01562500 0.01562500
vt 0.48437500 0.01562500
vt 0.48437500 0.48437500
vt 0.01562500 0.48437500
vt 0.01562500 0.01562500
vt 0.48437500 0.01562500
vt 0.48437500 0.48437500
vt 0.01562500 0.48437500
vt 0.01562500 0.01562500
vt 0.48437500 0.01562500
vt 0.48437500 0.48437500
vt 0.01562500 0.48437500
vt 0.01562500 0.01562500
vt 0.48437500 0.01562500
vt 0.48437500 0.48437500
vt 0.01562500 0.48437500
vt 0.51562500 0.01562500
vt 0.73437500 0.01562500
vt 0.73437500 0.48437500
vt 0.51562500 0.48437500
vt 0.51562500 0.01562500
vt 0.73437500 0.01562500
vt 0.73437500 0.48437500
vt 0.51562500 0.48437500
vt 0.51562500 0.01562500
vt 0.73437500 0.01562500
vt 0.73437500 0.48437500
vt 0.51562500 0.48437500
vt 0.51562500 0.01562500
vt 0.73437500 0.01562500
vt 0.73437500 0.48437500
vt 0.51562500 0.48437500
vt 0.51562500 0.01562500
vt 0.73437500 0.01562500
vt 0.73437500 0.48437500
vt 0.51562500 0.48437500
vt 0.51562500 0.01562500
vt 0.73437500 0.01562500
vt 0.73437500 0.48437500
vt 0.51562500 0.48437500
vt 0.01562500 0.01562500
vt 0.48437500 0.01562500
vt 0.48437500 0.48437500
vt 0.01562500 0.48437500
vt 0.01562500 0.01562500
vt 0.48437500 0.01562500
vt 0.48437500 0.48437500
vt 0.01562500 0.48437500
vt 0.01562500 0.01562500
vt 0.48437500 0.01562500
vt 0.48437500 0.48437500
vt 0.01562500 0.48437500
vt 0.01562500 0.01562500
vt 0.48437500 0.01562500
vt 0.48437500 0.48437500
vt 0.01562500 0.48437500
vt 0.01562500 0.01562500
vt 0.48437500 0.01562500
vt 0.48437500 0.48437500
vt 0.01562500 0.48437500
vt 0.01562500 0.01562500
vt 0.48437500 0.01562500
vt 0.48437500 0.48437500
vt 0.01562500 0.48437500
vt 0.51562500 0.01562500
vt 0.73437500 0.01562500
vt 0.73437500 0.48437500
vt 0.51562500 0.48437500
vt 0.51562500 0.01562500
vt 0.73437500 0.01562500
vt 0.73437500 0.48437500
vt 0.51562500 0.48437500
vt 0.51562500 0.01562500
vt 0.73437500 0.01562500
vt 0.73437500 0.48437500
vt 0.51562500 0.48437500
vt 0.51562500 0.01562500
vt 0.73437500 0.01562500
vt 0.73437500 0.48437500
vt 0.51562500 0.48437500
vt 0.51562500 0.01562500
vt 0.73437500 0.01562500
vt 0.73437500 0.48437500
vt 0.51562500 0.48437500
vt 0.51562500 0.01562500
vt 0.73437500 0.01562500
vt 0.73437500 0.48437500
vt 0.51562500 0.48437500
vt 0.01562500 0.01562500
vt 0.48437500 0.01562500
vt 0.48437500 0.48437500
vt 0.01562500 0.48437500
vt 0.01562500 0.01562500
vt 0.48437500 0.01562500
vt 0.48437500 0.48437500
vt 0.01562500 0.48437500
vt 0.01562500 0.01562500
vt 0.48437500 0.01562500
vt 0.48437500 0.48437500
vt 0.01562500 0.48437500
vt 0.01562500 0.01562500
vt 0.48437500 0.01562500
vt 0.48437500 0.48437500
vt 0.01562500 0.48437500
vt 0.01562500 0.01562500
vt 0.48437500 0.01562500
vt 0.48437500 0.48437500
vt 0.01562500 0.48437500
vt 0.01562500 0.01562500
vt 0.48437500 0.01562500
vt 0.48437500 0.48437500
vt 0.01562500 0.48437500
vt 0.51562500 0.01562500
vt 0.73437500 0.01562500
vt 0.73437500 0.48437500
vt 0.51562500 0.48437500
vt 0.51562500 0.01562500
vt 0.73437500 0.01562500
vt 0.73437500 0.48437500
vt 0.51562500 0.48437500
vt 0.51562500 0.01562500
vt 0.73437500 0.01562500
vt 0.73437500 0.48437500
vt 0.51562500 0.48437500
vt 0.51562500 0.01562500
vt 0.73437500 0.01562500
vt 0.73437500 0.48437500
vt 0.51562500 0.48437500
vt 0.51562500 0.01562500
vt 0.73437500 0.01562500
vt 0.73437500 0.48437500
vt 0.51562500 0.48437500
vt 0.51562500 0.01562500
vt 0.73437500 0.01562500
vt 0.73437500 0.48437500
vt 0.51562500 0.48437500
vt 0.01562500 0.51562500
vt 0.48437500 0.51562500
vt 0.48437500 0.98437500
vt 0.01562500 0.98437500
vt 0.01562500 0.51562500
vt 0.48437500 0.51562500
vt 0.48437500 0.98437500
vt 0.01562500 0.98437500
vt 0.01562500 0.51562500
vt 0.48437500 0.51562500
vt 0.48437500 0.98437500
vt 0.01562500 0.98437500
vt 0.01562500 0.51562500
vt 0.48437500 0.51562500
vt 0.48437500 0.98437500
vt 0.01562500 0.98437500
vt 0.01562500 0.51562500
vt 0.48437500 0.51562500
vt 0.48437500 0.98437500
vt 0.01562500 0.98437500
vt 0.01562500 0.51562500
vt 0.48437500 0.51562500
vt 0.48437500 0.98437500
vt 0.01562500 0.98437500
vt 0.01562500 0.51562500
vt 0.48437500 0.51562500
vt 0.48437500 0.98437500
vt 0.01562500 0.98437500
vt 0.01562500 0.51562500
vt 0.48437500 0.51562500
vt 0.48437500 0.98437500
vt 0.01562500 0.98437500
vt 0.01562500 0.51562500
vt 0.48437500 0.51562500
vt 0.48437500 0.98437500
vt 0.01562500 0.98437500
vt 0.01562500 0.51562500
vt 0.48437500 0.51562500
vt 0.48437500 0.98437500
vt 0.01562500 0.98437500
vt 0.01562500 0.51562500
vt 0.48437500 0.51562500
vt 0.48437500 0.98437500
vt 0.01562500 0.98437500
vt 0.01562500 0.51562500
vt 0.48437500 0.51562500
vt 0.48437500 0.98437500
vt 0.01562500 0.98437500
vt 0.01562500 0.51562500
vt 0.48437500 0.51562500
vt 0.48437500 0.98437500
vt 0.01562500 0.98437500
vt 0.01562500 0.51562500
vt 0.48437500 0.51562500
vt 0.48437500 0.98437500
vt 0.01562500 0.98437500
vt 0.01562500 0.51562500
vt 0.48437500 0.51562500
vt 0.48437500 0.98437500
vt 0.01562500 0.98437500
vt 0.01562500 0.51562500
vt 0.48437500 0.51562500
vt 0.48437500 0.98437500
vt 0.01562500 0.98437500
vt 0.01562500 0.51562500
vt 0.48437500 0.51562500
vt 0.48437500 0.98437500
vt 0.01562500 0.98437500
vt 0.01562500 0.51562500
vt 0.48437500 0.51562500
vt 0.48437500 0.98437500
vt 0.01562500 0.98437500
vt 0.01562500 0.51562500
vt 0.48437500 0.51562500
vt 0.48437500 0.98437500
vt 0.01562500 0.98437500
vt 0.01562500 0.51562500
vt 0.48437500 0.51562500
vt 0.48437500 0.98437500
vt 0.01562500 0.98437500
vt 0.01562500 0.51562500
vt 0.48437500 0.51562500
vt 0.48437500 0.98437500
vt 0.01562500 0.98437500
vt 0.01562500 0.51562500
vt 0.48437500 0.51562500
vt 0.48437500 0.98437500
vt 0.01562500 0.98437500
vt 0.01562500 0.51562500
vt 0.48437500 0.51562500
vt 0.48437500 0.98437500
vt 0.01562500 0.98437500
vt 0.01562500 0.51562500
vt 0.48437500 0.51562500
vt 0.48437500 0.98437500
vt 0.01562500 0.98437500
vt 0.01562500 0.51562500
vt 0.48437500 0.51562500
vt 0.48437500 0.98437500
vt 0.01562500 0.98437500
vt 0.01562500 0.51562500
vt 0.48437500 0.51562500
vt 0.48437500 0.98437500
vt 0.01562500 0.98437500
vt 0.51562500 0.51562500
vt 0.98437500 0.51562500
vt 0.98437500 0.98437500
vt 0.51562500 0.98437500
vt 0.51562500 0.51562500
vt 0.98437500 0.51562500
vt 0.98437500 0.98437500
vt 0.51562500 0.98437500
vt 0.51562500 0.51562500
vt 0.98437500 0.51562500
vt 0.98437500 0.98437500
vt 0.51562500 0.98437500
vt 0.51562500 0.51562500
vt 0.98437500 0.51562500
vt 0.98437500 0.98437500
vt 0.51562500 0.98437500
vt 0.01562500 0.51562500
vt 0.48437500 0.51562500
vt 0.48437500 0.98437500
vt 0.01562500 0.98437500
vt 0.01562500 0.51562500
vt 0.48437500 0.51562500
vt 0.48437500 0.98437500
vt 0.01562500 0.98437500
vt 0.01562500 0.51562500
vt 0.48437500 0.51562500
vt 0.48437500 0.98437500
vt 0.01562500 0.98437500
vt 0.01562500 0.51562500
vt 0.48437500 0.51562500
vt 0.48437500 0.98437500
vt 0.01562500 0.98437500
vt 0.51562500 0.01562500
vt 0.73437500 0.01562500
vt 0.73437500 0.48437500
vt 0.51562500 0.48437500
vt 0.51562500 0.01562500
vt 0.73437500 0.01562500
vt 0.73437500 0.48437500
vt 0.51562500 0.48437500
vt 0.51562500 0.01562500
vt 0.73437500 0.01562500
vt 0.73437500 0.48437500
vt 0.51562500 0.48437500
vt 0.51562500 0.01562500
vt 0.73437500 0.01562500
vt 0.73437500 0.48437500
vt 0.51562500 0.48437500
vt 0.51562500 0.01562500
vt 0.73437500 0.01562500
vt 0.73437500 0.48437500
vt 0.51562500 0.48437500
vt 0.51562500 0.01562500
vt 0.73437500 0.01562500
vt 0.73437500 0.48437500
vt 0.51562500 0.48437500
vt 0.51562500 0.01562500
vt 0.73437500 0.01562500
vt 0.73437500 0.48437500
vt 0.51562500 0.48437500
vt 0.51562500 0.01562500
vt 0.73437500 0.01562500
vt 0.73437500 0.48437500
vt 0.51562500 0.48437500
vt 0.51562500 0.01562500
vt 0.73437500 0.01562500
vt 0.73437500 0.48437500
vt 0.51562500 0.48437500
vt 0.76562500 0.01562500
vt 0.98437500 0.01562500
vt 0.98437500 0.48437500
vt 0.76562500 0.48437500
vt 0.76562500 0.01562500
vt 0.98437500 0.01562500
vt 0.98437500 0.48437500
vt 0.76562500 0.48437500
vt 0.76562500 0.01562500
vt 0.98437500 0.01562500
vt 0.98437500 0.48437500
vt 0.76562500 0.48437500
vt 0.76562500 0.01562500
vt 0.98437500 0.01562500
vt 0.98437500 0.48437500
vt 0.76562500 0.48437500
vt 0.76562500 0.01562500
vt 0.98437500 0.01562500
vt 0.98437500 0.48437500
vt 0.76562500 0.48437500
vt 0.76562500 0.01562500
vt 0.98437500 0.01562500
vt 0.98437500 0.48437500
vt 0.76562500 0.48437500
vt 0.01562500 0.51562500
vt 0.48437500 0.51562500
vt 0.48437500 0.98437500
vt 0.01562500 0.98437500
vt 0.01562500 0.51562500
vt 0.48437500 0.51562500
vt 0.48437500 0.98437500
vt 0.01562500 0.98437500
vt 0.01562500 0.51562500
vt 0.48437500 0.51562500
vt 0.48437500 0.98437500
vt 0.01562500 0.98437500
vt 0.01562500 0.51562500
vt 0.48437500 0.51562500
vt 0.48437500 0.98437500
vt 0.01562500 0.98437500
vt 0.01562500 0.51562500
vt 0.48437500 0.51562500
vt 0.48437500 0.98437500
vt 0.01562500 0.98437500
vt 0.01562500 0.51562500
vt 0.48437500 0.51562500
vt 0.48437500 0.98437500
vt 0.01562500 0.98437500
vt 0.01562500 0.51562500
vt 0.48437500 0.51562500
vt 0.48437500 0.98437500
vt 0.01562500 0.98437500
vt 0.01562500 0.51562500
vt 0.48437500 0.51562500
vt 0.48437500 0.98437500
vt 0.01562500 0.98437500
vt 0.01562500 0.51562500
vt 0.48437500 0.51562500
vt 0.48437500 0.98437500
vt 0.01562500 0.98437500
vt 0.01562500 0.51562500
vt 0.48437500 0.51562500
vt 0.48437500 0.98437500
vt 0.01562500 0.98437500
vt 0.01562500 0.51562500
vt 0.48437500 0.51562500
vt 0.48437500 0.98437500
vt 0.01562500 0.98437500
vt 0.01562500 0.51562500
vt 0.48437500 0.51562500
vt 0.48437500 0.98437500
vt 0.01562500 0.98437500
vt 0.01562500 0.51562500
vt 0.48437500 0.51562500
vt 0.48437500 0.98437500
vt 0.01562500 0.98437500
vt 0.01562500 0.51562500
vt 0.48437500 0.51562500
vt 0.48437500 0.98437500
vt 0.01562500 0.98437500
vt 0.01562500 0.51562500
vt 0.48437500 0.51562500
vt 0.48437500 0.98437500
vt 0.01562500 0.98437500
vt 0.01562500 0.51562500
vt 0.48437500 0.51562500
vt 0.48437500 0.98437500
vt 0.01562500 0.98437500
vt 0.01562500 0.51562500
vt 0.48437500 0.51562500
vt 0.48437500 0.98437500
vt 0.01562500 0.98437500
vt 0.01562500 0.51562500
vt 0.48437500 0.51562500
vt 0.48437500 0.98437500
vt 0.01562500 0.98437500
vt 0.01562500 0.51562500
vt 0.48437500 0.51562500
vt 0.48437500 0.98437500
vt 0.01562500 0.98437500
vt 0.01562500 0.51562500
vt 0.48437500 0.51562500
vt 0.48437500 0.98437500
vt 0.01562500 0.98437500
vt 0.01562500 0.51562500
vt 0.48437500 0.51562500
vt 0.48437500 0.98437500
vt 0.01562500 0.98437500
vt 0.01562500 0.51562500
vt 0.48437500 0.51562500
vt 0.48437500 0.98437500
vt 0.01562500 0.98437500
vt 0.01562500 0.51562500
vt 0.48437500 0.51562500
vt 0.48437500 0.98437500
vt 0.01562500 0.98437500
vt 0.01562500 0.51562500
vt 0.48437500 0.51562500
vt 0.48437500 0.98437500
vt 0.01562500 0.98437500
vt 0.51562500 0.51562500
vt 0.98437500 0.51562500
vt 0.98437500 0.98437500
vt 0.51562500 0.98437500
vt 0.51562500 0.51562500
vt 0.98437500 0.51562500
vt 0.98437500 0.98437500
vt 0.51562500 0.98437500
vt 0.51562500 0.51562500
vt 0.98437500 0.51562500
vt 0.98437500 0.98437500
vt 0.51562500 0.98437500
vt 0.51562500 0.51562500
vt 0.98437500 0.51562500
vt 0.98437500 0.98437500
vt 0.51562500 0.98437500
vt 0.01562500 0.51562500
vt 0.48437500 0.51562500
vt 0.48437500 0.98437500
vt 0.01562500 0.98437500
vt 0.01562500 0.51562500
vt 0.48437500 0.51562500
vt 0.48437500 0.98437500
vt 0.01562500 0.98437500
vt 0.01562500 0.51562500
vt 0.48437500 0.51562500
vt 0.48437500 0.98437500
vt 0.01562500 0.98437500
vt 0.01562500 0.51562500
vt 0.48437500 0.51562500
vt 0.48437500 0.98437500
vt 0.01562500 0.98437500
vt 0.51562500 0.01562500
vt 0.73437500 0.01562500
vt 0.73437500 0.48437500
vt 0.51562500 0.48437500
vt 0.51562500 0.01562500
vt 0.73437500 0.01562500
vt 0.73437500 0.48437500
vt 0.51562500 0.48437500
vt 0.51562500 0.01562500
vt 0.73437500 0.01562500
vt 0.73437500 0.48437500
vt 0.51562500 0.48437500
vt 0.51562500 0.01562500
vt 0.73437500 0.01562500
vt 0.73437500 0.48437500
vt 0.51562500 0.48437500
vt 0.51562500 0.01562500
vt 0.73437500 0.01562500
vt 0.73437500 0.48437500
vt 0.51562500 0.48437500
vt 0.51562500 0.01562500
vt 0.73437500 0.01562500
vt 0.73437500 0.48437500
vt 0.51562500 0.48437500
vt 0.51562500 0.01562500
vt 0.73437500 0.01562500
vt 0.73437500 0.48437500
vt 0.51562500 0.48437500
vt 0.51562500 0.01562500
vt 0.73437500 0.01562500
vt 0.73437500 0.48437500
vt 0.51562500 0.48437500
vt 0.51562500 0.01562500
vt 0.73437500 0.01562500
vt 0.73437500 0.48437500
vt 0.51562500 0.48437500
vt 0.76562500 0.01562500
vt 0.98437500 0.01562500
vt 0.98437500 0.48437500
vt 0.76562500 0.48437500
vt 0.76562500 0.01562500
vt 0.98437500 0.01562500
vt 0.98437500 0.48437500
vt 0.76562500 0.48437500
vt 0.76562500 0.01562500
vt 0.98437500 0.01562500
vt 0.98437500 0.48437500
vt 0.76562500 0.48437500
vt 0.76562500 0.01562500
vt 0.98437500 0.01562500
vt 0.98437500 0.48437500
vt 0.76562500 0.48437500
vt 0.76562500 0.01562500
vt 0.98437500 0.01562500
vt 0.98437500 0.48437500
vt 0.76562500 0.48437500
vt 0.76562500 0.01562500
vt 0.98437500 0.01562500
vt 0.98437500 0.48437500
vt 0.76562500 0.48437500
vt 0.01562500 0.51562500
vt 0.48437500 0.51562500
vt 0.48437500 0.98437500
vt 0.01562500 0.98437500
vt 0.01562500 0.51562500
vt 0.48437500 0.51562500
vt 0.48437500 0.98437500
vt 0.01562500 0.98437500
vt 0.01562500 0.51562500
vt 0.48437500 0.51562500
vt 0.48437500 0.98437500
vt 0.01562500 0.98437500
vt 0.01562500 0.51562500
vt 0.48437500 0.51562500
vt 0.48437500 0.98437500
vt 0.01562500 0.98437500
vt 0.01562500 0.51562500
vt 0.48437500 0.51562500
vt 0.48437500 0.98437500
vt 0.01562500 0.98437500
vt 0.01562500 0.51562500
vt 0.48437500 0.51562500
vt 0.48437500 0.98437500
vt 0.01562500 0.98437500
vt 0.01562500 0.51562500
vt 0.48437500 0.51562500
vt 0.48437500 0.98437500
vt 0.01562500 0.98437500
vt 0.01562500 0.51562500
vt 0.48437500 0.51562500
vt 0.48437500 0.98437500
vt 0.01562500 0.98437500
vt 0.01562500 0.51562500
vt 0.48437500 0.51562500
vt 0.48437500 0.98437500
vt 0.01562500 0.98437500
vt 0.01562500 0.51562500
vt 0.48437500 0.51562500
vt 0.48437500 0.98437500
vt 0.01562500 0.98437500
vt 0.01562500 0.51562500
vt 0.48437500 0.51562500
vt 0.48437500 0.98437500
vt 0.01562500 0.98437500
vt 0.01562500 0.51562500
vt 0.48437500 0.51562500
vt 0.48437500 0.98437500
vt 0.01562500 0.98437500
vt 0.01562500 0.51562500
vt 0.48437500 0.51562500
vt 0.48437500 0.98437500
vt 0.01562500 0.98437500
vt 0.01562500 0.51562500
vt 0.48437500 0.51562500
vt 0.48437500 0.98437500
vt 0.01562500 0.98437500
vt 0.01562500 0.51562500
vt 0.48437500 0.51562500
vt 0.48437500 0.98437500
vt 0.01562500 0.98437500
vt 0.01562500 0.51562500
vt 0.48437500 0.51562500
vt 0.48437500 0.98437500
vt 0.01562500 0.98437500
vt 0.01562500 0.51562500
vt 0.48437500 0.51562500
vt 0.48437500 0.98437500
vt 0.01562500 0.98437500
vt 0.01562500 0.51562500
vt 0.48437500 0.51562500
vt 0.48437500 0.98437500
vt 0.01562500 0.98437500
vt 0.01562500 0.51562500
vt 0.48437500 0.51562500
vt 0.48437500 0.98437500
vt 0.01562500 0.98437500
vt 0.01562500 0.51562500
vt 0.48437500 0.51562500
vt 0.48437500 0.98437500
vt 0.01562500 0.98437500
vt 0.01562500 0.51562500
vt 0.48437500 0.51562500
vt 0.48437500 0.98437500
vt 0.01562500 0.98437500
vt 0.01562500 0.51562500
vt 0.48437500 0.51562500
vt 0.48437500 0.98437500
vt 0.01562500 0.98437500
vt 0.01562500 0.51562500
vt 0.48437500 0.51562500
vt 0.48437500 0.98437500
vt 0.01562500 0.98437500
vt 0.01562500 0.51562500
vt 0.48437500 0.51562500
vt 0.48437500 0.98437500
vt 0.01562500 0.98437500
vt 0.51562500 0.51562500
vt 0.98437500 0.51562500
vt 0.98437500 0.98437500
vt 0.51562500 0.98437500
vt 0.51562500 0.51562500
vt 0.98437500 0.51562500
vt 0.98437500 0.98437500
vt 0.51562500 0.98437500
vt 0.51562500 0.51562500
vt 0.98437500 0.51562500
vt 0.98437500 0.98437500
vt 0.51562500 0.98437500
vt 0.51562500 0.51562500
vt 0.98437500 0.51562500
vt 0.98437500 0.98437500
vt 0.51562500 0.98437500
vt 0.01562500 0.51562500
vt 0.48437500 0.51562500
vt 0.48437500 0.98437500
vt 0.01562500 0.98437500
vt 0.01562500 0.51562500
vt 0.48437500 0.51562500
vt 0.48437500 0.98437500
vt 0.01562500 0.98437500
vt 0.01562500 0.51562500
vt 0.48437500 0.51562500
vt 0.48437500 0.98437500
vt 0.01562500 0.98437500
vt 0.01562500 0.51562500
vt 0.48437500 0.51562500
vt 0.48437500 0.98437500
vt 0.01562500 0.98437500
vt 0.51562500 0.01562500
vt 0.73437500 0.01562500
vt 0.73437500 0.48437500
vt 0.51562500 0.48437500
vt 0.51562500 0.01562500
vt 0.73437500 0.01562500
vt 0.73437500 0.48437500
vt 0.51562500 0.48437500
vt 0.51562500 0.01562500
vt 0.73437500 0.01562500
vt 0.73437500 0.48437500
vt 0.51562500 0.48437500
vt 0.51562500 0.01562500
vt 0.73437500 0.01562500
vt 0.73437500 0.48437500
vt 0.51562500 0.48437500
vt 0.51562500 0.01562500
vt 0.73437500 0.01562500
vt 0.73437500 0.48437500
vt 0.51562500 0.48437500
vt 0.51562500 0.01562500
vt 0.73437500 0.01562500
vt 0.73437500 0.48437500
vt 0.51562500 0.48437500
vt 0.51562500 0.01562500
vt 0.73437500 0.01562500
vt 0.73437500 0.48437500
vt 0.51562500 0.48437500
vt 0.51562500 0.01562500
vt 0.73437500 0.01562500
vt 0.73437500 0.48437500
vt 0.51562500 0.48437500
vt 0.51562500 0.01562500
vt 0.73437500 0.01562500
vt 0.73437500 0.48437500
vt 0.51562500 0.48437500
vt 0.76562500 0.01562500
vt 0.98437500 0.01562500
vt 0.98437500 0.48437500
vt 0.76562500 0.48437500
vt 0.76562500 0.01562500
vt 0.98437500 0.01562500
vt 0.98437500 0.48437500
vt 0.76562500 0.48437500
vt 0.76562500 0.01562500
vt 0.98437500 0.01562500
vt 0.98437500 0.48437500
vt 0.76562500 0.48437500
vt 0.76562500 0.01562500
vt 0.98437500 0.01562500
vt 0.98437500 0.48437500
vt 0.76562500 0.48437500
vt 0.76562500 0.01562500
vt 0.98437500 0.01562500
vt 0.98437500 0.48437500
vt 0.76562500 0.48437500
vt 0.76562500 0.01562500
vt 0.98437500 0.01562500
vt 0.98437500 0.48437500
vt 0.76562500 0.48437500
vt 0.01562500 0.51562500
vt 0.48437500 0.51562500
vt 0.48437500 0.98437500
vt 0.01562500 0.98437500
vt 0.01562500 0.51562500
vt 0.48437500 0.51562500
vt 0.48437500 0.98437500
vt 0.01562500 0.98437500
vt 0.01562500 0.51562500
vt 0.48437500 0.51562500
vt 0.48437500 0.98437500
vt 0.01562500 0.98437500
vt 0.01562500 0.51562500
vt 0.48437500 0.51562500
vt 0.48437500 0.98437500
vt 0.01562500 0.98437500
vt 0.01562500 0.51562500
vt 0.48437500 0.51562500
vt 0.48437500 0.98437500
vt 0.01562500 0.98437500
vt 0.01562500 0.51562500
vt 0.48437500 0.51562500
vt 0.48437500 0.98437500
vt 0.01562500 0.98437500
vt 0.01562500 0.51562500
vt 0.48437500 0.51562500
vt 0.48437500 0.98437500
vt 0.01562500 0.98437500
vt 0.01562500 0.51562500
vt 0.48437500 0.51562500
vt 0.48437500 0.98437500
vt 0.01562500 0.98437500
vt 0.01562500 0.51562500
vt 0.48437500 0.51562500
vt 0.48437500 0.98437500
vt 0.01562500 0.98437500
vt 0.01562500 0.51562500
vt 0.48437500 0.51562500
vt 0.48437500 0.98437500
vt 0.01562500 0.98437500
vt 0.01562500 0.51562500
vt 0.48437500 0.51562500
vt 0.48437500 0.98437500
vt 0.01562500 0.98437500
vt 0.01562500 0.51562500
vt 0.48437500 0.51562500
vt 0.48437500 0.98437500
vt 0.01562500 0.98437500
vt 0.01562500 0.51562500
vt 0.48437500 0.51562500
vt 0.48437500 0.98437500
vt 0.01562500 0.98437500
vt 0.01562500 0.51562500
vt 0.48437500 0.51562500
vt 0.48437500 0.98437500
vt 0.01562500 0.98437500
vt 0.01562500 0.51562500
vt 0.48437500 0.51562500
vt 0.48437500 0.98437500
vt 0.01562500 0.98437500
vt 0.01562500 0.51562500
vt 0.48437500 0.51562500
vt 0.48437500 0.98437500
vt 0.01562500 0.98437500
vt 0.01562500 0.51562500
vt 0.48437500 0.51562500
vt 0.48437500 0.98437500
vt 0.01562500 0.98437500
vt 0.01562500 0.51562500
vt 0.48437500 0.51562500
vt 0.48437500 0.98437500
vt 0.01562500 0.98437500
vt 0.01562500 0.51562500
vt 0.48437500 0.51562500
vt 0.48437500 0.98437500
vt 0.01562500 0.98437500
vt 0.01562500 0.51562500
vt 0.48437500 0.51562500
vt 0.48437500 0.98437500
vt 0.01562500 0.98437500
vt 0.01562500 0.51562500
vt 0.48437500 0.51562500
vt 0.48437500 0.98437500
vt 0.01562500 0.98437500
vt 0.01562500 0.51562500
vt 0.48437500 0.51562500
vt 0.48437500 0.98437500
vt 0.01562500 0.98437500
vt 0.01562500 0.51562500
vt 0.48437500 0.51562500
vt 0.48437500 0.98437500
vt 0.01562500 0.98437500
vt 0.01562500 0.51562500
vt 0.48437500 0.51562500
vt 0.48437500 0.98437500
vt 0.01562500 0.98437500
vt 0.51562500 0.51562500
vt 0.98437500 0.51562500
vt 0.98437500 0.98437500
vt 0.51562500 0.98437500
vt 0.51562500 0.51562500
vt 0.98437500 0.51562500
vt 0.98437500 0.98437500
vt 0.51562500 0.98437500
vt 0.51562500 0.51562500
vt 0.98437500 0.51562500
vt 0.98437500 0.98437500
vt 0.51562500 0.98437500
vt 0.51562500 0.51562500
vt 0.98437500 0.51562500
vt 0.98437500 0.98437500
vt 0.51562500 0.98437500
vt 0.01562500 0.51562500
vt 0.48437500 0.51562500
vt 0.48437500 0.98437500
vt 0.01562500 0.98437500
vt 0.01562500 0.51562500
vt 0.48437500 0.51562500
vt 0.48437500 0.98437500
vt 0.01562500 0.98437500
vt 0.01562500 0.51562500
vt 0.48437500 0.51562500
vt 0.48437500 0.98437500
vt 0.01562500 0.98437500
vt 0.01562500 0.51562500
vt 0.48437500 0.51562500
vt 0.48437500 0.98437500
vt 0.01562500 0.98437500
vt 0.51562500 0.01562500
vt 0.73437500 0.01562500
vt 0.73437500 0.48437500
vt 0.51562500 0.48437500
vt 0.51562500 0.01562500
vt 0.73437500 0.01562500
vt 0.73437500 0.48437500
vt 0.51562500 0.48437500
vt 0.51562500 0.01562500
vt 0.73437500 0.01562500
vt 0.73437500 0.48437500
vt 0.51562500 0.48437500
vt 0.51562500 0.01562500
vt 0.73437500 0.01562500
vt 0.73437500 0.48437500
vt 0.51562500 0.48437500
vt 0.51562500 0.01562500
vt 0.73437500 0.01562500
vt 0.73437500 0.48437500
vt 0.51562500 0.48437500
vt 0.51562500 0.01562500
vt 0.73437500 0.01562500
vt 0.73437500 0.48437500
vt 0.51562500 0.48437500
vt 0.51562500 0.01562500
vt 0.73437500 0.01562500
vt 0.73437500 0.48437500
vt 0.51562500 0.48437500
vt 0.51562500 0.01562500
vt 0.73437500 0.01562500
vt 0.73437500 0.48437500
vt 0.51562500 0.48437500
vt 0.51562500 0.01562500
vt 0.73437500 0.01562500
vt 0.73437500 0.48437500
vt 0.51562500 0.48437500
vt 0.76562500 0.01562500
vt 0.98437500 0.01562500
vt 0.98437500 0.48437500
vt 0.76562500 0.48437500
vt 0.76562500 0.01562500
vt 0.98437500 0.01562500
vt 0.98437500 0.48437500
vt 0.76562500 0.48437500
vt 0.76562500 0.01562500
vt 0.98437500 0.01562500
vt 0.98437500 0.48437500
vt 0.76562500 0.48437500
vt 0.76562500 0.01562500
vt 0.98437500 0.01562500
vt 0.98437500 0.48437500
vt 0.76562500 0.48437500
vt 0.76562500 0.01562500
vt 0.98437500 0.01562500
vt 0.98437500 0.48437500
vt 0.76562500 0.48437500
vt 0.76562500 0.01562500
vt 0.98437500 0.01562500
vt 0.98437500 0.48437500
vt 0.76562500 0.48437500
vt 0.01562500 0.51562500
vt 0.48437500 0.51562500
vt 0.48437500 0.98437500
vt 0.01562500 0.98437500
vt 0.01562500 0.51562500
vt 0.48437500 0.51562500
vt 0.48437500 0.98437500
vt 0.01562500 0.98437500
vt 0.01562500 0.51562500
vt 0.48437500 0.51562500
vt 0.48437500 0.98437500
vt 0.01562500 0.98437500
vt 0.01562500 0.51562500
vt 0.48437500 0.51562500
vt 0.48437500 0.98437500
vt 0.01562500 0.98437500
vt 0.01562500 0.51562500
vt 0.48437500 0.51562500
vt 0.48437500 0.98437500
vt 0.01562500 0.98437500
vt 0.01562500 0.51562500
vt 0.48437500 0.51562500
vt 0.48437500 0.98437500
vt 0.01562500 0.98437500
vt 0.01562500 0.51562500
vt 0.48437500 0.51562500
vt 0.48437500 0.98437500
vt 0.01562500 0.98437500
vt 0.01562500 0.51562500
vt 0.48437500 0.51562500
vt 0.48437500 0.98437500
vt 0.01562500 0.98437500
vt 0.01562500 0.51562500
vt 0.48437500 0.51562500
vt 0.48437500 0.98437500
vt 0.01562500 0.98437500
vt 0.01562500 0.51562500
vt 0.48437500 0.51562500
vt 0.48437500 0.98437500
vt 0.01562500 0.98437500
vt 0.01562500 0.51562500
vt 0.48437500 0.51562500
vt 0.48437500 0.98437500
vt 0.01562500 0.98437500
vt 0.01562500 0.51562500
vt 0.48437500 0.51562500
vt 0.48437500 0.98437500
vt 0.01562500 0.98437500
vt 0.01562500 0.51562500
vt 0.48437500 0.51562500
vt 0.48437500 0.98437500
vt 0.01562500 0.98437500
vt 0.01562500 0.51562500
vt 0.48437500 0.51562500
vt 0.48437500 0.98437500
vt 0.01562500 0.98437500
vt 0.01562500 0.51562500
vt 0.48437500 0.51562500
vt 0.48437500 0.98437500
vt 0.01562500 0.98437500
vt 0.01562500 0.51562500
vt 0.48437500 0.51562500
vt 0.48437500 0.98437500
vt 0.01562500 0.98437500
vt 0.01562500 0.51562500
vt 0.48437500 0.51562500
vt 0.48437500 0.98437500
vt 0.01562500 0.98437500
vt 0.01562500 0.51562500
vt 0.48437500 0.51562500
vt 0.48437500 0.98437500
vt 0.01562500 0.98437500
vt 0.01562500 0.51562500
vt 0.48437500 0.51562500
vt 0.48437500 0.98437500
vt 0.01562500 0.98437500
vt 0.01562500 0.51562500
vt 0.48437500 0.51562500
vt 0.48437500 0.98437500
vt 0.01562500 0.98437500
vt 0.01562500 0.51562500
vt 0.48437500 0.51562500
vt 0.48437500 0.98437500
vt 0.01562500 0.98437500
vt 0.01562500 0.51562500
vt 0.48437500 0.51562500
vt 0.48437500 0.98437500
vt 0.01562500 0.98437500
vt 0.01562500 0.51562500
vt 0.48437500 0.51562500
vt 0.48437500 0.98437500
vt 0.01562500 0.98437500
vt 0.01562500 0.51562500
vt 0.48437500 0.51562500
vt 0.48437500 0.98437500
vt 0.01562500 0.98437500
vt 0.51562500 0.51562500
vt 0.98437500 0.51562500
vt 0.98437500 0.98437500
vt 0.51562500 0.98437500
vt 0.51562500 0.51562500
vt 0.98437500 0.51562500
vt 0.98437500 0.98437500
vt 0.51562500 0.98437500
vt 0.51562500 0.51562500
vt 0.98437500 0.51562500
vt 0.98437500 0.98437500
vt 0.51562500 0.98437500
vt 0.51562500 0.51562500
vt 0.98437500 0.51562500
vt 0.98437500 0.98437500
vt 0.51562500 0.98437500
vt 0.01562500 0.51562500
vt 0.48437500 0.51562500
vt 0.48437500 0.98437500
vt 0.01562500 0.98437500
vt 0.01562500 0.51562500
vt 0.48437500 0.51562500
vt 0.48437500 0.98437500
vt 0.01562500 0.98437500
vt 0.01562500 0.51562500
vt 0.48437500 0.51562500
vt 0.48437500 0.98437500
vt 0.01562500 0.98437500
vt 0.01562500 0.51562500
vt 0.48437500 0.51562500
vt 0.48437500 0.98437500
vt 0.01562500 0.98437500
vt 0.51562500 0.01562500
vt 0.73437500 0.01562500
vt 0.73437500 0.48437500
vt 0.51562500 0.48437500
vt 0.51562500 0.01562500
vt 0.73437500 0.01562500
vt 0.73437500 0.48437500
vt 0.51562500 0.48437500
vt 0.51562500 0.01562500
vt 0.73437500 0.01562500
vt 0.73437500 0.48437500
vt 0.51562500 0.48437500
vt 0.51562500 0.01562500
vt 0.73437500 0.01562500
vt 0.73437500 0.48437500
vt 0.51562500 0.48437500
vt 0.51562500 0.01562500
vt 0.73437500 0.01562500
vt 0.73437500 0.48437500
vt 0.51562500 0.48437500
vt 0.51562500 0.01562500
vt 0.73437500 0.01562500
vt 0.73437500 0.48437500
vt 0.51562500 0.48437500
vt 0.51562500 0.01562500
vt 0.73437500 0.01562500
vt 0.73437500 0.48437500
vt 0.51562500 0.48437500
vt 0.51562500 0.01562500
vt 0.73437500 0.01562500
vt 0.73437500 0.48437500
vt 0.51562500 0.48437500
vt 0.51562500 0.01562500
vt 0.73437500 0.01562500
vt 0.73437500 0.48437500
vt 0.51562500 0.48437500
vt 0.76562500 0.01562500
vt 0.98437500 0.01562500
vt 0.98437500 0.48437500
vt 0.76562500 0.48437500
vt 0.76562500 0.01562500
vt 0.98437500 0.01562500
vt 0.98437500 0.48437500
vt 0.76562500 0.48437500
vt 0.76562500 0.01562500
vt 0.98437500 0.01562500
vt 0.98437500 0.48437500
vt 0.76562500 0.48437500
vt 0.76562500 0.01562500
vt 0.98437500 0.01562500
vt 0.98437500 0.48437500
vt 0.76562500 0.48437500
vt 0.76562500 0.01562500
vt 0.98437500 0.01562500
vt 0.98437500 0.48437500
vt 0.76562500 0.48437500
vt 0.76562500 0.01562500
vt 0.98437500 0.01562500
vt 0.98437500 0.48437500
vt 0.76562500 0.48437500
vt 0.01562500 0.51562500
vt 0.48437500 0.51562500
vt 0.48437500 0.98437500
vt 0.01562500 0.98437500
vt 0.01562500 0.51562500
vt 0.48437500 0.51562500
vt 0.48437500 0.98437500
vt 0.01562500 0.98437500
vt 0.01562500 0.51562500
vt 0.48437500 0.51562500
vt 0.48437500 0.98437500
vt 0.01562500 0.98437500
vt 0.01562500 0.51562500
vt 0.48437500 0.51562500
vt 0.48437500 0.98437500
vt 0.01562500 0.98437500
vt 0.01562500 0.51562500
vt 0.48437500 0.51562500
vt 0.48437500 0.98437500
vt 0.01562500 0.98437500
vt 0.01562500 0.51562500
vt 0.48437500 0.51562500
vt 0.48437500 0.98437500
vt 0.01562500 0.98437500
vt 0.01562500 0.51562500
vt 0.48437500 0.51562500
vt 0.48437500 0.98437500
vt 0.01562500 0.98437500
vt 0.01562500 0.51562500
vt 0.48437500 0.51562500
vt 0.48437500 0.98437500
vt 0.01562500 0.98437500
vt 0.01562500 0.51562500
vt 0.48437500 0.51562500
vt 0.48437500 0.98437500
vt 0.01562500 0.98437500
vt 0.01562500 0.51562500
vt 0.48437500 0.51562500
vt 0.48437500 0.98437500
vt 0.01562500 0.98437500
vt 0.01562500 0.51562500
vt 0.48437500 0.51562500
vt 0.48437500 0.98437500
vt 0.01562500 0.98437500
vt 0.01562500 0.51562500
vt 0.48437500 0.51562500
vt 0.48437500 0.98437500
vt 0.01562500 0.98437500
vt 0.01562500 0.51562500
vt 0.48437500 0.51562500
vt 0.48437500 0.98437500
vt 0.01562500 0.98437500
vt 0.01562500 0.51562500
vt 0.48437500 0.51562500
vt 0.48437500 0.98437500
vt 0.01562500 0.98437500
vt 0.01562500 0.51562500
vt 0.48437500 0.51562500
vt 0.48437500 0.98437500
vt 0.01562500 0.98437500
vt 0.01562500 0.51562500
vt 0.48437500 0.51562500
vt 0.48437500 0.98437500
vt 0.01562500 0.98437500
vt 0.01562500 0.51562500
vt 0.48437500 0.51562500
vt 0.48437500 0.98437500
vt 0.01562500 0.98437500
vt 0.01562500 0.51562500
vt 0.48437500 0.51562500
vt 0.48437500 0.98437500
vt 0.01562500 0.98437500
vt 0.51562500 0.51562500
vt 0.98437500 0.51562500
vt 0.98437500 0.98437500
vt 0.51562500 0.98437500
vt 0.51562500 0.51562500
vt 0.98437500 0.51562500
vt 0.98437500 0.98437500
vt 0.51562500 0.98437500
vt 0.51562500 0.51562500
vt 0.98437500 0.51562500
vt 0.98437500 0.98437500
vt 0.51562500 0.98437500
vt 0.51562500 0.51562500
vt 0.98437500 0.51562500
vt 0.98437500 0.98437500
vt 0.51562500 0.98437500
vt 0.01562500 0.51562500
vt 0.48437500 0.51562500
vt 0.48437500 0.98437500
vt 0.01562500 0.98437500
vt 0.01562500 0.51562500
vt 0.48437500 0.51562500
vt 0.48437500 0.98437500
vt 0.01562500 0.98437500
vt 0.01562500 0.51562500
vt 0.48437500 0.51562500
vt 0.48437500 0.98437500
vt 0.01562500 0.98437500
vt 0.01562500 0.51562500
vt 0.48437500 0.51562500
vt 0.48437500 0.98437500
vt 0.01562500 0.98437500
vt 0.51562500 0.01562500
vt 0.73437500 0.01562500
vt 0.73437500 0.48437500
vt 0.51562500 0.48437500
vt 0.51562500 0.01562500
vt 0.73437500 0.01562500
vt 0.73437500 0.48437500
vt 0.51562500 0.48437500
vt 0.51562500 0.01562500
vt 0.73437500 0.01562500
vt 0.73437500 0.48437500
vt 0.51562500 0.48437500
vt 0.51562500 0.01562500
vt 0.73437500 0.01562500
vt 0.73437500 0.48437500
vt 0.51562500 0.48437500
vt 0.51562500 0.01562500
vt 0.73437500 0.01562500
vt 0.73437500 0.48437500
vt 0.51562500 0.48437500
vt 0.51562500 0.01562500
vt 0.73437500 0.01562500
vt 0.73437500 0.48437500
vt 0.51562500 0.48437500
vt 0.51562500 0.01562500
vt 0.73437500 0.01562500
vt 0.73437500 0.48437500
vt 0.51562500 0.48437500
vt 0.51562500 0.01562500
vt 0.73437500 0.01562500
vt 0.73437500 0.48437500
vt 0.51562500 0.48437500
vt 0.51562500 0.01562500
vt 0.73437500 0.01562500
vt 0.73437500 0.48437500
vt 0.51562500 0.48437500
vt 0.76562500 0.01562500
vt 0.98437500 0.01562500
vt 0.98437500 0.48437500
vt 0.76562500 0.48437500
vt 0.76562500 0.01562500
vt 0.98437500 0.01562500
vt 0.98437500 0.48437500
vt 0.76562500 0.48437500
vt 0.76562500 0.01562500
vt 0.98437500 0.01562500
vt 0.98437500 0.48437500
vt 0.76562500 0.48437500
vt 0.76562500 0.01562500
vt 0.98437500 0.01562500
vt 0.98437500 0.48437500
vt 0.76562500 0.48437500
vt 0.76562500 0.01562500
vt 0.98437500 0.01562500
vt 0.98437500 0.48437500
vt 0.76562500 0.48437500
vt 0.76562500 0.01562500
vt 0.98437500 0.01562500
vt 0.98437500 0.48437500
vt 0.76562500 0.48437500
vt 0.51562500 0.01562500
vt 0.73437500 0.01562500
vt 0.73437500 0.48437500
vt 0.51562500 0.48437500
vt 0.51562500 0.01562500
vt 0.73437500 0.01562500
vt 0.73437500 0.48437500
vt 0.51562500 0.48437500
vt 0.51562500 0.01562500
vt 0.73437500 0.01562500
vt 0.73437500 0.48437500
vt 0.51562500 0.48437500
vt 0.51562500 0.01562500
vt 0.73437500 0.01562500
vt 0.73437500 0.48437500
vt 0.51562500 0.48437500
vt 0.51562500 0.01562500
vt 0.73437500 0.01562500
vt 0.73437500 0.48437500
vt 0.51562500 0.48437500
vt 0.51562500 0.01562500
vt 0.73437500 0.01562500
vt 0.73437500 0.48437500
vt 0.51562500 0.48437500
vt 0.51562500 0.01562500
vt 0.73437500 0.01562500
vt 0.73437500 0.48437500
vt 0.51562500 0.48437500
vt 0.51562500 0.01562500
vt 0.73437500 0.01562500
vt 0.73437500 0.48437500
vt 0.51562500 0.48437500
vt 0.51562500 0.01562500
vt 0.73437500 0.01562500
vt 0.73437500 0.48437500
vt 0.51562500 0.48437500
vt 0.51562500 0.01562500
vt 0.73437500 0.01562500
vt 0.73437500 0.48437500
vt 0.51562500 0.48437500
vt 0.51562500 0.01562500
vt 0.73437500 0.01562500
vt 0.73437500 0.48437500
vt 0.51562500 0.48437500
vt 0.51562500 0.01562500
vt 0.73437500 0.01562500
vt 0.73437500 0.48437500
vt 0.51562500 0.48437500
vt 0.51562500 0.01562500
vt 0.73437500 0.01562500
vt 0.73437500 0.48437500
vt 0.51562500 0.48437500
vt 0.51562500 0.01562500
vt 0.73437500 0.01562500
vt 0.73437500 0.48437500
vt 0.51562500 0.48437500
vt 0.51562500 0.01562500
vt 0.73437500 0.01562500
vt 0.73437500 0.48437500
vt 0.51562500 0.48437500
vt 0.51562500 0.01562500
vt 0.73437500 0.01562500
vt 0.73437500 0.48437500
vt 0.51562500 0.48437500
vt 0.51562500 0.01562500
vt 0.73437500 0.01562500
vt 0.73437500 0.48437500
vt 0.51562500 0.48437500
vt 0.51562500 0.01562500
vt 0.73437500 0.01562500
vt 0.73437500 0.48437500
vt 0.51562500 0.48437500
vt 0.51562500 0.01562500
vt 0.73437500 0.01562500
vt 0.73437500 0.48437500
vt 0.51562500 0.48437500
vt 0.51562500 0.01562500
vt 0.73437500 0.01562500
vt 0.73437500 0.48437500
vt 0.51562500 0.48437500
vt 0.51562500 0.01562500
vt 0.73437500 0.01562500
vt 0.73437500 0.48437500
vt 0.51562500 0.48437500
vt 0.51562500 0.01562500
vt 0.73437500 0.01562500
vt 0.73437500 0.48437500
vt 0.51562500 0.48437500
vn 0.00000000 0.00000000 -1.00000000
vn 0.00000000 0.00000000 -1.00000000
vn 0.00000000 0.00000000 -1.00000000
vn 0.00000000 0.00000000 -1.00000000
vn 0.00000000 0.00000000 1.00000000
vn 0.00000000 0.00000000 1.00000000
vn 0.00000000 0.00000000 1.00000000
vn 0.00000000 0.00000000 1.00000000
vn -0.99973516 0.02301338 0.00000000
vn -0.99973516 0.02301338 0.00000000
vn -0.99973516 0.02301338 0.00000000
vn -0.99973516 0.02301338 0.00000000
vn -0.02301338 -0.99973516 0.00000000
vn -0.01841129 -0.99983050 0.00000000
vn -0.01841129 -0.99983050 0.00000000
vn -0.02301338 -0.99973516 0.00000000
vn 0.02301338 0.99973516 0.00000000
vn 0.02301338 0.99973516 0.00000000
vn 0.01841129 0.99983050 0.00000000
vn 0.01841129 0.99983050 0.00000000
vn 0.00000000 0.00000000 -1.00000000
vn 0.00000000 0.00000000 -1.00000000
vn 0.00000000 0.00000000 -1.00000000
vn 0.00000000 0.00000000 -1.00000000
vn 0.00000000 0.00000000 1.00000000
vn 0.00000000 0.00000000 1.00000000
vn 0.00000000 0.00000000 1.00000000
vn 0.00000000 0.00000000 1.00000000
vn -0.01841129 -0.99983050 0.00000000
vn -0.01380881 -0.99990465 0.00000000
vn -0.01380881 -0.99990465 0.00000000
vn -0.01841129 -0.99983050 0.00000000
vn 0.01841129 0.99983050 0.00000000
vn 0.01841129 0.99983050 0.00000000
vn 0.01380881 0.99990465 0.00000000
vn 0.01380881 0.99990465 0.00000000
vn 0.00000000 0.00000000 -1.00000000
vn 0.00000000 0.00000000 -1.00000000
vn 0.00000000 0.00000000 -1.00000000
vn 0.00000000 0.00000000 -1.00000000
vn 0.00000000 0.00000000 1.00000000
vn 0.00000000 0.00000000 1.00000000
vn 0.00000000 0.00000000 1.00000000
vn 0.00000000 0.00000000 1.00000000
vn -0.01380881 -0.99990465 0.00000000
vn -0.00920604 -0.99995762 0.00000000
vn -0.00920604 -0.99995762 0.00000000
vn -0.01380881 -0.99990465 0.00000000
vn 0.01380881 0.99990465 0.00000000
vn 0.01380881 0.99990465 0.00000000
vn 0.00920604 0.99995762 0.00000000
vn 0.00920604 0.99995762 0.00000000
vn 0.00000000 0.00000000 -1.00000000
vn 0.00000000 0.00000000 -1.00000000
vn 0.00000000 0.00000000 -1.00000000
vn 0.00000000 0.00000000 -1.00000000
vn 0.00000000 0.00000000 1.00000000
vn 0.00000000 0.00000000 1.00000000
vn 0.00000000 0.00000000 1.00000000
vn 0.00000000 0.00000000 1.00000000
vn -0.00920604 -0.99995762 0.00000000
vn -0.00460307 -0.99998941 0.00000000
vn -0.00460307 -0.99998941 0.00000000
vn -0.00920604 -0.99995762 0.00000000
vn 0.00920604 0.99995762 0.00000000
vn 0.00920604 0.99995762 0.00000000
vn 0.00460307 0.99998941 0.00000000
vn 0.00460307 0.99998941 0.00000000
vn 0.00000000 0.00000000 -1.00000000
vn 0.00000000 0.00000000 -1.00000000
vn 0.00000000 0.00000000 -1.00000000
vn 0.00000000 0.00000000 -1.00000000
vn 0.00000000 0.00000000 1.00000000
vn 0.00000000 0.00000000 1.00000000
vn 0.00000000 0.00000000 1.00000000
vn 0.00000000 0.00000000 1.00000000
vn -0.00460307 -0.99998941 0.00000000
vn 0.00000000 -1.00000000 0.00000000
vn 0.00000000 -1.00000000 0.00000000
vn -0.00460307 -0.99998941 0.00000000
vn 0.00460307 0.99998941 0.00000000
vn 0.00460307 0.99998941 0.00000000
vn 0.00000000 1.00000000 0.00000000
vn 0.00000000 1.00000000 0.00000000
vn 0.00000000 0.00000000 -1.00000000
vn 0.00000000 0.00000000 -1.00000000
vn 0.00000000 0.00000000 -1.00000000
vn 0.00000000 0.00000000 -1.00000000
vn 0.00000000 0.00000000 1.00000000
vn 0.00000000 0.00000000 1.00000000
vn 0.00000000 0.00000000 1.00000000
vn 0.00000000 0.00000000 1.00000000
vn 0.00000000 -1.00000000 0.00000000
vn 0.00460307 -0.99998941 0.00000000
vn 0.00460307 -0.99998941 0.00000000
vn 0.00000000 -1.00000000 0.00000000
vn 0.00000000 1.00000000 0.00000000
vn 0.00000000 1.00000000 0.00000000
vn -0.00460307 0.99998941 0.00000000
vn -0.00460307 0.99998941 0.00000000
vn 0.00000000 0.00000000 -1.00000000
vn 0.00000000 0.00000000 -1.00000000
vn 0.00000000 0.00000000 -1.00000000
vn 0.00000000 0.00000000 -1.00000000
vn 0.00000000 0.00000000 1.00000000
vn 0.00000000 0.00000000 1.00000000
vn 0.00000000 0.00000000 1.00000000
vn 0.00000000 0.00000000 1.00000000
vn 0.00460307 -0.99998941 0.00000000
vn 0.00920604 -0.99995762 0.00000000
vn 0.00920604 -0.99995762 0.00000000
vn 0.00460307 -0.99998941 0.00000000
vn -0.00460307 0.99998941 0.00000000
vn -0.00460307 0.99998941 0.00000000
vn -0.00920604 0.99995762 0.00000000
vn -0.00920604 0.99995762 0.00000000
vn 0.00000000 0.00000000 -1.00000000
vn 0.00000000 0.00000000 -1.00000000
vn 0.00000000 0.00000000 -1.00000000
vn 0.00000000 0.00000000 -1.00000000
vn 0.00000000 0.00000000 1.00000000
vn 0.00000000 0.00000000 1.00000000
vn 0.00000000 0.00000000 1.00000000
vn 0.00000000 0.00000000 1.00000000
vn 0.00920604 -0.99995762 0.00000000
vn 0.01380881 -0.99990465 0.00000000
vn 0.01380881 -0.99990465 0.00000000
vn 0.00920604 -0.99995762 0.00000000
vn -0.00920604 0.99995762 0.00000000
vn -0.00920604 0.99995762 0.00000000
vn -0.01380881 0.99990465 0.00000000
vn -0.01380881 0.99990465 0.00000000
vn 0.00000000 0.00000000 -1.00000000
vn 0.00000000 0.00000000 -1.00000000
vn 0.00000000 0.00000000 -1.00000000
vn 0.00000000 0.00000000 -1.00000000
vn 0.00000000 0.00000000 1.00000000
vn 0.00000000 0.00000000 1.00000000
vn 0.00000000 0.00000000 1.00000000
vn 0.00000000 0.00000000 1.00000000
vn 0.01380881 -0.99990465 0.00000000
vn 0.01841129 -0.99983050 0.00000000
vn 0.01841129 -0.99983050 0.00000000
vn 0.01380881 -0.99990465 0.00000000
vn -0.01380881 0.99990465 0.00000000
vn -0.01380881 0.99990465 0.00000000
vn -0.01841129 0.99983050 0.00000000
vn -0.01841129 0.99983050 0.00000000
vn 0.00000000 0.00000000 -1.00000000
vn 0.00000000 0.00000000 -1.00000000
vn 0.00000000 0.00000000 -1.00000000
vn 0.00000000 0.00000000 -1.00000000
vn 0.00000000 0.00000000 1.00000000
vn 0.00000000 0.00000000 1.00000000
vn 0.00000000 0.00000000 1.00000000
vn 0.00000000 0.00000000 1.00000000
vn 0.99973516 0.02301338 0.00000000
vn 0.99973516 0.02301338 0.00000000
vn 0.99973516 0.02301338 0.00000000
vn 0.99973516 0.02301338 0.00000000
vn 0.01841129 -0.99983050 0.00000000
vn 0.02301338 -0.99973516 0.00000000
vn 0.02301338 -0.99973516 0.00000000
vn 0.01841129 -0.99983050 0.00000000
vn -0.01841129 0.99983050 0.00000000
vn -0.01841129 0.99983050 0.00000000
vn -0.02301338 0.99973516 0.00000000
vn -0.02301338 0.99973516 0.00000000
vn 0.00000000 0.00000000 -1.00000000
vn 0.00000000 0.00000000 -1.00000000
vn 0.00000000 0.00000000 -1.00000000
vn 0.00000000 0.00000000 -1.00000000
vn 0.00000000 0.00000000 1.00000000
vn 0.00000000 0.00000000 1.00000000
vn 0.00000000 0.00000000 1.00000000
vn 0.00000000 0.00000000 1.00000000
vn -0.99973516 0.02301338 0.00000000
vn -0.99973516 0.02301338 0.00000000
vn -0.99973516 0.02301338 0.00000000
vn -0.99973516 0.02301338 0.00000000
vn 0.99973835 -0.02287421 0.00000000
vn 0.99973835 -0.02287421 0.00000000
vn 0.99973835 -0.02287421 0.00000000
vn 0.99973835 -0.02287421 0.00000000
vn 0.00000000 0.00000000 -1.00000000
vn 0.00000000 0.00000000 -1.00000000
vn 0.00000000 0.00000000 -1.00000000
vn 0.00000000 0.00000000 -1.00000000
vn 0.00000000 0.00000000 1.00000000
vn 0.00000000 0.00000000 1.00000000
vn 0.00000000 0.00000000 1.00000000
vn 0.00000000 0.00000000 1.00000000
vn -0.99973835 -0.02287421 0.00000000
vn -0.99973835 -0.02287421 0.00000000
vn -0.99973835 -0.02287421 0.00000000
vn -0.99973835 -0.02287421 0.00000000
vn 0.99973516 0.02301338 0.00000000
vn 0.99973516 0.02301338 0.00000000
vn 0.99973516 0.02301338 0.00000000
vn 0.99973516 0.02301338 0.00000000
vn 0.00000000 0.00000000 -1.00000000
vn 0.00000000 0.00000000 -1.00000000
vn 0.00000000 0.00000000 -1.00000000
vn 0.00000000 0.00000000 -1.00000000
vn 0.00000000 0.00000000 1.00000000
vn 0.00000000 0.00000000 1.00000000
vn 0.00000000 0.00000000 1.00000000
vn 0.00000000 0.00000000 1.00000000
vn -0.99973516 0.02301338 0.00000000
vn -0.99973516 0.02301338 0.00000000
vn -0.99973516 0.02301338 0.00000000
vn -0.99973516 0.02301338 0.00000000
vn 0.99988229 -0.01534301 0.00000000
vn 0.99988229 -0.01534301 0.00000000
vn 0.99988229 -0.01534301 0.00000000
vn 0.99988229 -0.01534301 0.00000000
vn 0.00000000 0.00000000 -1.00000000
vn 0.00000000 0.00000000 -1.00000000
vn 0.00000000 0.00000000 -1.00000000
vn 0.00000000 0.00000000 -1.00000000
vn 0.00000000 0.00000000 1.00000000
vn 0.00000000 0.00000000 1.00000000
vn 0.00000000 0.00000000 1.00000000
vn 0.00000000 0.00000000 1.00000000
vn -0.99973516 0.02301338 0.00000000
vn -0.99973516 0.02301338 0.00000000
vn -0.99973516 0.02301338 0.00000000
vn -0.99973516 0.02301338 0.00000000
vn 0.99984502 -0.01760488 0.00000000
vn 0.99984502 -0.01760488 0.00000000
vn 0.99984502 -0.01760488 0.00000000
vn 0.99984502 -0.01760488 0.00000000
vn 0.00000000 0.00000000 -1.00000000
vn 0.00000000 0.00000000 -1.00000000
vn 0.00000000 0.00000000 -1.00000000
vn 0.00000000 0.00000000 -1.00000000
vn 0.00000000 0.00000000 1.00000000
vn 0.00000000 0.00000000 1.00000000
vn 0.00000000 0.00000000 1.00000000
vn 0.00000000 0.00000000 1.00000000
vn -0.99973516 0.02301338 0.00000000
vn -0.99973516 0.02301338 0.00000000
vn -0.99973516 0.02301338 0.00000000
vn -0.99973516 0.02301338 0.00000000
vn 0.99984502 -0.01760488 0.00000000
vn 0.99984502 -0.01760488 0.00000000
vn 0.99984502 -0.01760488 0.00000000
vn 0.99984502 -0.01760488 0.00000000
vn 0.00000000 0.00000000 -1.00000000
vn 0.00000000 0.00000000 -1.00000000
vn 0.00000000 0.00000000 -1.00000000
vn 0.00000000 0.00000000 -1.00000000
vn 0.00000000 0.00000000 1.00000000
vn 0.00000000 0.00000000 1.00000000
vn 0.00000000 0.00000000 1.00000000
vn 0.00000000 0.00000000 1.00000000
vn -0.99973516 0.02301338 0.00000000
vn -0.99973516 0.02301338 0.00000000
vn -0.99973516 0.02301338 0.00000000
vn -0.99973516 0.02301338 0.00000000
vn 0.99984502 -0.01760488 0.00000000
vn 0.99984502 -0.01760488 0.00000000
vn 0.99984502 -0.01760488 0.00000000
vn 0.99984502 -0.01760488 0.00000000
vn 0.00000000 0.00000000 -1.00000000
vn 0.00000000 0.00000000 -1.00000000
vn 0.00000000 0.00000000 -1.00000000
vn 0.00000000 0.00000000 -1.00000000
vn 0.00000000 0.00000000 1.00000000
vn 0.00000000 0.00000000 1.00000000
vn 0.00000000 0.00000000 1.00000000
vn 0.00000000 0.00000000 1.00000000
vn -0.99987960 0.01551700 0.00000000
vn -0.99987960 0.01551700 0.00000000
vn -0.99987960 0.01551700 0.00000000
vn -0.99987960 0.01551700 0.00000000
vn 0.99988229 -0.01534301 0.00000000
vn 0.99988229 -0.01534301 0.00000000
vn 0.99988229 -0.01534301 0.00000000
vn 0.99988229 -0.01534301 0.00000000
vn 0.00000000 0.00000000 -1.00000000
vn 0.00000000 0.00000000 -1.00000000
vn 0.00000000 0.00000000 -1.00000000
vn 0.00000000 0.00000000 -1.00000000
vn 0.00000000 0.00000000 1.00000000
vn 0.00000000 0.00000000 1.00000000
vn 0.00000000 0.00000000 1.00000000
vn 0.00000000 0.00000000 1.00000000
vn -0.99984502 0.01760488 0.00000000
vn -0.99984502 0.01760488 0.00000000
vn -0.99984502 0.01760488 0.00000000
vn -0.99984502 0.01760488 0.00000000
vn 0.99987960 -0.01551700 0.00000000
vn 0.99987960 -0.01551700 0.00000000
vn 0.99987960 -0.01551700 0.00000000
vn 0.99987960 -0.01551700 0.00000000
vn -0.01760488 -0.99984502 0.00000000
vn -0.01551700 -0.99987960 0.00000000
vn -0.01551700 -0.99987960 0.00000000
vn -0.01760488 -0.99984502 0.00000000
vn 0.00000000 0.00000000 -1.00000000
vn 0.00000000 0.00000000 -1.00000000
vn 0.00000000 0.00000000 -1.00000000
vn 0.00000000 0.00000000 -1.00000000
vn 0.00000000 0.00000000 1.00000000
vn 0.00000000 0.00000000 1.00000000
vn 0.00000000 0.00000000 1.00000000
vn 0.00000000 0.00000000 1.00000000
vn -0.99973835 0.02287421 0.00000000
vn -0.99973835 0.02287421 0.00000000
vn -0.99973835 0.02287421 0.00000000
vn -0.99973835 0.02287421 0.00000000
vn 0.99988014 -0.01548220 0.00000000
vn 0.99988014 -0.01548220 0.00000000
vn 0.99988014 -0.01548220 0.00000000
vn 0.99988014 -0.01548220 0.00000000
vn -0.02287421 -0.99973835 0.00000000
vn -0.01548220 -0.99988014 0.00000000
vn -0.01548220 -0.99988014 0.00000000
vn -0.02287421 -0.99973835 0.00000000
vn 0.02287421 0.99973835 0.00000000
vn 0.02287421 0.99973835 0.00000000
vn 0.01548220 0.99988014 0.00000000
vn 0.01548220 0.99988014 0.00000000
vn 0.00000000 0.00000000 -1.00000000
vn 0.00000000 0.00000000 -1.00000000
vn 0.00000000 0.00000000 -1.00000000
vn 0.00000000 0.00000000 -1.00000000
vn 0.00000000 0.00000000 1.00000000
vn 0.00000000 0.00000000 1.00000000
vn 0.00000000 0.00000000 1.00000000
vn 0.00000000 0.00000000 1.00000000
vn -0.99988229 0.01534301 0.00000000
vn -0.99988229 0.01534301 0.00000000
vn -0.99988229 0.01534301 0.00000000
vn -0.99988229 0.01534301 0.00000000
vn 0.99997057 -0.00767173 0.00000000
vn 0.99997057 -0.00767173 0.00000000
vn 0.99997057 -0.00767173 0.00000000
vn 0.99997057 -0.00767173 0.00000000
vn 0.00000000 0.00000000 -1.00000000
vn 0.00000000 0.00000000 -1.00000000
vn 0.00000000 0.00000000 -1.00000000
vn 0.00000000 0.00000000 -1.00000000
vn 0.00000000 0.00000000 1.00000000
vn 0.00000000 0.00000000 1.00000000
vn 0.00000000 0.00000000 1.00000000
vn 0.00000000 0.00000000 1.00000000
vn -0.99988229 0.01534301 0.00000000
vn -0.99988229 0.01534301 0.00000000
vn -0.99988229 0.01534301 0.00000000
vn -0.99988229 0.01534301 0.00000000
vn 0.99995066 -0.00993382 0.00000000
vn 0.99995066 -0.00993382 0.00000000
vn 0.99995066 -0.00993382 0.00000000
vn 0.99995066 -0.00993382 0.00000000
vn 0.00000000 0.00000000 -1.00000000
vn 0.00000000 0.00000000 -1.00000000
vn 0.00000000 0.00000000 -1.00000000
vn 0.00000000 0.00000000 -1.00000000
vn 0.00000000 0.00000000 1.00000000
vn 0.00000000 0.00000000 1.00000000
vn 0.00000000 0.00000000 1.00000000
vn 0.00000000 0.00000000 1.00000000
vn -0.99988229 0.01534301 0.00000000
vn -0.99988229 0.01534301 0.00000000
vn -0.99988229 0.01534301 0.00000000
vn -0.99988229 0.01534301 0.00000000
vn 0.99995066 -0.00993382 0.00000000
vn 0.99995066 -0.00993382 0.00000000
vn 0.99995066 -0.00993382 0.00000000
vn 0.99995066 -0.00993382 0.00000000
vn 0.00000000 0.00000000 -1.00000000
vn 0.00000000 0.00000000 -1.00000000
vn 0.00000000 0.00000000 -1.00000000
vn 0.00000000 0.00000000 -1.00000000
vn 0.00000000 0.00000000 1.00000000
vn 0.00000000 0.00000000 1.00000000
vn 0.00000000 0.00000000 1.00000000
vn 0.00000000 0.00000000 1.00000000
vn -0.99988229 0.01534301 0.00000000
vn -0.99988229 0.01534301 0.00000000
vn -0.99988229 0.01534301 0.00000000
vn -0.99988229 0.01534301 0.00000000
vn 0.99995066 -0.00993382 0.00000000
vn 0.99995066 -0.00993382 0.00000000
vn 0.99995066 -0.00993382 0.00000000
vn 0.99995066 -0.00993382 0.00000000
vn 0.00000000 0.00000000 -1.00000000
vn 0.00000000 0.00000000 -1.00000000
vn 0.00000000 0.00000000 -1.00000000
vn 0.00000000 0.00000000 -1.00000000
vn 0.00000000 0.00000000 1.00000000
vn 0.00000000 0.00000000 1.00000000
vn 0.00000000 0.00000000 1.00000000
vn 0.00000000 0.00000000 1.00000000
vn -0.99996922 0.00784574 0.00000000
vn -0.99996922 0.00784574 0.00000000
vn -0.99996922 0.00784574 0.00000000
vn -0.99996922 0.00784574 0.00000000
vn 0.99997057 -0.00767173 0.00000000
vn 0.99997057 -0.00767173 0.00000000
vn 0.99997057 -0.00767173 0.00000000
vn 0.99997057 -0.00767173 0.00000000
vn 0.00000000 0.00000000 -1.00000000
vn 0.00000000 0.00000000 -1.00000000
vn 0.00000000 0.00000000 -1.00000000
vn 0.00000000 0.00000000 -1.00000000
vn 0.00000000 0.00000000 1.00000000
vn 0.00000000 0.00000000 1.00000000
vn 0.00000000 0.00000000 1.00000000
vn 0.00000000 0.00000000 1.00000000
vn -0.99995066 0.00993382 0.00000000
vn -0.99995066 0.00993382 0.00000000
vn -0.99995066 0.00993382 0.00000000
vn -0.99995066 0.00993382 0.00000000
vn 0.99996922 -0.00784574 0.00000000
vn 0.99996922 -0.00784574 0.00000000
vn 0.99996922 -0.00784574 0.00000000
vn 0.99996922 -0.00784574 0.00000000
vn -0.00993382 -0.99995066 0.00000000
vn -0.00784574 -0.99996922 0.00000000
vn -0.00784574 -0.99996922 0.00000000
vn -0.00993382 -0.99995066 0.00000000
vn 0.00000000 0.00000000 -1.00000000
vn 0.00000000 0.00000000 -1.00000000
vn 0.00000000 0.00000000 -1.00000000
vn 0.00000000 0.00000000 -1.00000000
vn 0.00000000 0.00000000 1.00000000
vn 0.00000000 0.00000000 1.00000000
vn 0.00000000 0.00000000 1.00000000
vn 0.00000000 0.00000000 1.00000000
vn -0.99988442 0.01520381 0.00000000
vn -0.99988442 0.01520381 0.00000000
vn -0.99988442 0.01520381 0.00000000
vn -0.99988442 0.01520381 0.00000000
vn 0.99996949 -0.00781094 0.00000000
vn 0.99996949 -0.00781094 0.00000000
vn 0.99996949 -0.00781094 0.00000000
vn 0.99996949 -0.00781094 0.00000000
vn -0.01520381 -0.99988442 0.00000000
vn -0.00781094 -0.99996949 0.00000000
vn -0.00781094 -0.99996949 0.00000000
vn -0.01520381 -0.99988442 0.00000000
vn 0.01520381 0.99988442 0.00000000
vn 0.01520381 0.99988442 0.00000000
vn 0.00781094 0.99996949 0.00000000
vn 0.00781094 0.99996949 0.00000000
vn 0.00000000 0.00000000 -1.00000000
vn 0.00000000 0.00000000 -1.00000000
vn 0.00000000 0.00000000 -1.00000000
vn 0.00000000 0.00000000 -1.00000000
vn 0.00000000 0.00000000 1.00000000
vn 0.00000000 0.00000000 1.00000000
vn 0.00000000 0.00000000 1.00000000
vn 0.00000000 0.00000000 1.00000000
vn -0.99997057 0.00767173 0.00000000
vn -0.99997057 0.00767173 0.00000000
vn -0.99997057 0.00767173 0.00000000
vn -0.99997057 0.00767173 0.00000000
vn 1.00000000 -0.00000000 0.00000000
vn 1.00000000 -0.00000000 0.00000000
vn 1.00000000 -0.00000000 0.00000000
vn 1.00000000 -0.00000000 0.00000000
vn 0.00000000 0.00000000 -1.00000000
vn 0.00000000 0.00000000 -1.00000000
vn 0.00000000 0.00000000 -1.00000000
vn 0.00000000 0.00000000 -1.00000000
vn 0.00000000 0.00000000 1.00000000
vn 0.00000000 0.00000000 1.00000000
vn 0.00000000 0.00000000 1.00000000
vn 0.00000000 0.00000000 1.00000000
vn -0.99997057 0.00767173 0.00000000
vn -0.99997057 0.00767173 0.00000000
vn -0.99997057 0.00767173 0.00000000
vn -0.99997057 0.00767173 0.00000000
vn 0.99999744 -0.00226218 0.00000000
vn 0.99999744 -0.00226218 0.00000000
vn 0.99999744 -0.00226218 0.00000000
vn 0.99999744 -0.00226218 0.00000000
vn 0.00000000 0.00000000 -1.00000000
vn 0.00000000 0.00000000 -1.00000000
vn 0.00000000 0.00000000 -1.00000000
vn 0.00000000 0.00000000 -1.00000000
vn 0.00000000 0.00000000 1.00000000
vn 0.00000000 0.00000000 1.00000000
vn 0.00000000 0.00000000 1.00000000
vn 0.00000000 0.00000000 1.00000000
vn -0.99997057 0.00767173 0.00000000
vn -0.99997057 0.00767173 0.00000000
vn -0.99997057 0.00767173 0.00000000
vn -0.99997057 0.00767173 0.00000000
vn 0.99999744 -0.00226218 0.00000000
vn 0.99999744 -0.00226218 0.00000000
vn 0.99999744 -0.00226218 0.00000000
vn 0.99999744 -0.00226218 0.00000000
vn 0.00000000 0.00000000 -1.00000000
vn 0.00000000 0.00000000 -1.00000000
vn 0.00000000 0.00000000 -1.00000000
vn 0.00000000 0.00000000 -1.00000000
vn 0.00000000 0.00000000 1.00000000
vn 0.00000000 0.00000000 1.00000000
vn 0.00000000 0.00000000 1.00000000
vn 0.00000000 0.00000000 1.00000000
vn -0.99997057 0.00767173 0.00000000
vn -0.99997057 0.00767173 0.00000000
vn -0.99997057 0.00767173 0.00000000
vn -0.99997057 0.00767173 0.00000000
vn 0.99999744 -0.00226218 0.00000000
vn 0.99999744 -0.00226218 0.00000000
vn 0.99999744 -0.00226218 0.00000000
vn 0.99999744 -0.00226218 0.00000000
vn 0.00000000 0.00000000 -1.00000000
vn 0.00000000 0.00000000 -1.00000000
vn 0.00000000 0.00000000 -1.00000000
vn 0.00000000 0.00000000 -1.00000000
vn 0.00000000 0.00000000 1.00000000
vn 0.00000000 0.00000000 1.00000000
vn 0.00000000 0.00000000 1.00000000
vn 0.00000000 0.00000000 1.00000000
vn -0.99999998 0.00017401 0.00000000
vn -0.99999998 0.00017401 0.00000000
vn -0.99999998 0.00017401 0.00000000
vn -0.99999998 0.00017401 0.00000000
vn 1.00000000 -0.00000000 0.00000000
vn 1.00000000 -0.00000000 0.00000000
vn 1.00000000 -0.00000000 0.00000000
vn 1.00000000 -0.00000000 0.00000000
vn 0.00000000 0.00000000 -1.00000000
vn 0.00000000 0.00000000 -1.00000000
vn 0.00000000 0.00000000 -1.00000000
vn 0.00000000 0.00000000 -1.00000000
vn 0.00000000 0.00000000 1.00000000
vn 0.00000000 0.00000000 1.00000000
vn 0.00000000 0.00000000 1.00000000
vn 0.00000000 0.00000000 1.00000000
vn -0.99999744 0.00226218 0.00000000
vn -0.99999744 0.00226218 0.00000000
vn -0.99999744 0.00226218 0.00000000
vn -0.99999744 0.00226218 0.00000000
vn 0.99999998 -0.00017401 0.00000000
vn 0.99999998 -0.00017401 0.00000000
vn 0.99999998 -0.00017401 0.00000000
vn 0.99999998 -0.00017401 0.00000000
vn -0.00226218 -0.99999744 0.00000000
vn -0.00017401 -0.99999998 0.00000000
vn -0.00017401 -0.99999998 0.00000000
vn -0.00226218 -0.99999744 0.00000000
vn 0.00000000 0.00000000 -1.00000000
vn 0.00000000 0.00000000 -1.00000000
vn 0.00000000 0.00000000 -1.00000000
vn 0.00000000 0.00000000 -1.00000000
vn 0.00000000 0.00000000 1.00000000
vn 0.00000000 0.00000000 1.00000000
vn 0.00000000 0.00000000 1.00000000
vn 0.00000000 0.00000000 1.00000000
vn -0.99997163 0.00753252 0.00000000
vn -0.99997163 0.00753252 0.00000000
vn -0.99997163 0.00753252 0.00000000
vn -0.99997163 0.00753252 0.00000000
vn 0.99999999 -0.00013921 0.00000000
vn 0.99999999 -0.00013921 0.00000000
vn 0.99999999 -0.00013921 0.00000000
vn 0.99999999 -0.00013921 0.00000000
vn -0.00753252 -0.99997163 0.00000000
vn -0.00013921 -0.99999999 0.00000000
vn -0.00013921 -0.99999999 0.00000000
vn -0.00753252 -0.99997163 0.00000000
vn 0.00753252 0.99997163 0.00000000
vn 0.00753252 0.99997163 0.00000000
vn 0.00013921 0.99999999 0.00000000
vn 0.00013921 0.99999999 0.00000000
vn 0.00000000 0.00000000 -1.00000000
vn 0.00000000 0.00000000 -1.00000000
vn 0.00000000 0.00000000 -1.00000000
vn 0.00000000 0.00000000 -1.00000000
vn 0.00000000 0.00000000 1.00000000
vn 0.00000000 0.00000000 1.00000000
vn 0.00000000 0.00000000 1.00000000
vn 0.00000000 0.00000000 1.00000000
vn -1.00000000 0.00000000 0.00000000
vn -1.00000000 0.00000000 0.00000000
vn -1.00000000 0.00000000 0.00000000
vn -1.00000000 0.00000000 0.00000000
vn 0.99997057 0.00767173 0.00000000
vn 0.99997057 0.00767173 0.00000000
vn 0.99997057 0.00767173 0.00000000
vn 0.99997057 0.00767173 0.00000000
vn 0.00000000 0.00000000 -1.00000000
vn 0.00000000 0.00000000 -1.00000000
vn 0.00000000 0.00000000 -1.00000000
vn 0.00000000 0.00000000 -1.00000000
vn 0.00000000 0.00000000 1.00000000
vn 0.00000000 0.00000000 1.00000000
vn 0.00000000 0.00000000 1.00000000
vn 0.00000000 0.00000000 1.00000000
vn -1.00000000 0.00000000 0.00000000
vn -1.00000000 0.00000000 0.00000000
vn -1.00000000 0.00000000 0.00000000
vn -1.00000000 0.00000000 0.00000000
vn 0.99998537 0.00540960 0.00000000
vn 0.99998537 0.00540960 0.00000000
vn 0.99998537 0.00540960 0.00000000
vn 0.99998537 0.00540960 0.00000000
vn 0.00000000 0.00000000 -1.00000000
vn 0.00000000 0.00000000 -1.00000000
vn 0.00000000 0.00000000 -1.00000000
vn 0.00000000 0.00000000 -1.00000000
vn 0.00000000 0.00000000 1.00000000
vn 0.00000000 0.00000000 1.00000000
vn 0.00000000 0.00000000 1.00000000
vn 0.00000000 0.00000000 1.00000000
vn -1.00000000 0.00000000 0.00000000
vn -1.00000000 0.00000000 0.00000000
vn -1.00000000 0.00000000 0.00000000
vn -1.00000000 0.00000000 0.00000000
vn 0.99998537 0.00540960 0.00000000
vn 0.99998537 0.00540960 0.00000000
vn 0.99998537 0.00540960 0.00000000
vn 0.99998537 0.00540960 0.00000000
vn 0.00000000 0.00000000 -1.00000000
vn 0.00000000 0.00000000 -1.00000000
vn 0.00000000 0.00000000 -1.00000000
vn 0.00000000 0.00000000 -1.00000000
vn 0.00000000 0.00000000 1.00000000
vn 0.00000000 0.00000000 1.00000000
vn 0.00000000 0.00000000 1.00000000
vn 0.00000000 0.00000000 1.00000000
vn -1.00000000 0.00000000 0.00000000
vn -1.00000000 0.00000000 0.00000000
vn -1.00000000 0.00000000 0.00000000
vn -1.00000000 0.00000000 0.00000000
vn 0.99998537 0.00540960 0.00000000
vn 0.99998537 0.00540960 0.00000000
vn 0.99998537 0.00540960 0.00000000
vn 0.99998537 0.00540960 0.00000000
vn 0.00000000 0.00000000 -1.00000000
vn 0.00000000 0.00000000 -1.00000000
vn 0.00000000 0.00000000 -1.00000000
vn 0.00000000 0.00000000 -1.00000000
vn 0.00000000 0.00000000 1.00000000
vn 0.00000000 0.00000000 1.00000000
vn 0.00000000 0.00000000 1.00000000
vn 0.00000000 0.00000000 1.00000000
vn -0.99997189 -0.00749772 0.00000000
vn -0.99997189 -0.00749772 0.00000000
vn -0.99997189 -0.00749772 0.00000000
vn -0.99997189 -0.00749772 0.00000000
vn 0.99997057 0.00767173 0.00000000
vn 0.99997057 0.00767173 0.00000000
vn 0.99997057 0.00767173 0.00000000
vn 0.99997057 0.00767173 0.00000000
vn 0.00000000 0.00000000 -1.00000000
vn 0.00000000 0.00000000 -1.00000000
vn 0.00000000 0.00000000 -1.00000000
vn 0.00000000 0.00000000 -1.00000000
vn 0.00000000 0.00000000 1.00000000
vn 0.00000000 0.00000000 1.00000000
vn 0.00000000 0.00000000 1.00000000
vn 0.00000000 0.00000000 1.00000000
vn -0.99998537 -0.00540960 0.00000000
vn -0.99998537 -0.00540960 0.00000000
vn -0.99998537 -0.00540960 0.00000000
vn -0.99998537 -0.00540960 0.00000000
vn 0.99997189 0.00749772 0.00000000
vn 0.99997189 0.00749772 0.00000000
vn 0.99997189 0.00749772 0.00000000
vn 0.99997189 0.00749772 0.00000000
vn 0.00540960 -0.99998537 0.00000000
vn 0.00749772 -0.99997189 0.00000000
vn 0.00749772 -0.99997189 0.00000000
vn 0.00540960 -0.99998537 0.00000000
vn 0.00000000 0.00000000 -1.00000000
vn 0.00000000 0.00000000 -1.00000000
vn 0.00000000 0.00000000 -1.00000000
vn 0.00000000 0.00000000 -1.00000000
vn 0.00000000 0.00000000 1.00000000
vn 0.00000000 0.00000000 1.00000000
vn 0.00000000 0.00000000 1.00000000
vn 0.00000000 0.00000000 1.00000000
vn -0.99999999 -0.00013921 0.00000000
vn -0.99999999 -0.00013921 0.00000000
vn -0.99999999 -0.00013921 0.00000000
vn -0.99999999 -0.00013921 0.00000000
vn 0.99997163 0.00753252 0.00000000
vn 0.99997163 0.00753252 0.00000000
vn 0.99997163 0.00753252 0.00000000
vn 0.99997163 0.00753252 0.00000000
vn 0.00013921 -0.99999999 0.00000000
vn 0.00753252 -0.99997163 0.00000000
vn 0.00753252 -0.99997163 0.00000000
vn 0.00013921 -0.99999999 0.00000000
vn -0.00013921 0.99999999 0.00000000
vn -0.00013921 0.99999999 0.00000000
vn -0.00753252 0.99997163 0.00000000
vn -0.00753252 0.99997163 0.00000000
vn 0.00000000 0.00000000 -1.00000000
vn 0.00000000 0.00000000 -1.00000000
vn 0.00000000 0.00000000 -1.00000000
vn 0.00000000 0.00000000 -1.00000000
vn 0.00000000 0.00000000 1.00000000
vn 0.00000000 0.00000000 1.00000000
vn 0.00000000 0.00000000 1.00000000
vn 0.00000000 0.00000000 1.00000000
vn -0.99997057 -0.00767173 0.00000000
vn -0.99997057 -0.00767173 0.00000000
vn -0.99997057 -0.00767173 0.00000000
vn -0.99997057 -0.00767173 0.00000000
vn 0.99988229 0.01534301 0.00000000
vn 0.99988229 0.01534301 0.00000000
vn 0.99988229 0.01534301 0.00000000
vn 0.99988229 0.01534301 0.00000000
vn 0.00000000 0.00000000 -1.00000000
vn 0.00000000 0.00000000 -1.00000000
vn 0.00000000 0.00000000 -1.00000000
vn 0.00000000 0.00000000 -1.00000000
vn 0.00000000 0.00000000 1.00000000
vn 0.00000000 0.00000000 1.00000000
vn 0.00000000 0.00000000 1.00000000
vn 0.00000000 0.00000000 1.00000000
vn -0.99997057 -0.00767173 0.00000000
vn -0.99997057 -0.00767173 0.00000000
vn -0.99997057 -0.00767173 0.00000000
vn -0.99997057 -0.00767173 0.00000000
vn 0.99991444 0.01308105 0.00000000
vn 0.99991444 0.01308105 0.00000000
vn 0.99991444 0.01308105 0.00000000
vn 0.99991444 0.01308105 0.00000000
vn 0.00000000 0.00000000 -1.00000000
vn 0.00000000 0.00000000 -1.00000000
vn 0.00000000 0.00000000 -1.00000000
vn 0.00000000 0.00000000 -1.00000000
vn 0.00000000 0.00000000 1.00000000
vn 0.00000000 0.00000000 1.00000000
vn 0.00000000 0.00000000 1.00000000
vn 0.00000000 0.00000000 1.00000000
vn -0.99997057 -0.00767173 0.00000000
vn -0.99997057 -0.00767173 0.00000000
vn -0.99997057 -0.00767173 0.00000000
vn -0.99997057 -0.00767173 0.00000000
vn 0.99991444 0.01308105 0.00000000
vn 0.99991444 0.01308105 0.00000000
vn 0.99991444 0.01308105 0.00000000
vn 0.99991444 0.01308105 0.00000000
vn 0.00000000 0.00000000 -1.00000000
vn 0.00000000 0.00000000 -1.00000000
vn 0.00000000 0.00000000 -1.00000000
vn 0.00000000 0.00000000 -1.00000000
vn 0.00000000 0.00000000 1.00000000
vn 0.00000000 0.00000000 1.00000000
vn 0.00000000 0.00000000 1.00000000
vn 0.00000000 0.00000000 1.00000000
vn -0.99997057 -0.00767173 0.00000000
vn -0.99997057 -0.00767173 0.00000000
vn -0.99997057 -0.00767173 0.00000000
vn -0.99997057 -0.00767173 0.00000000
vn 0.99991444 0.01308105 0.00000000
vn 0.99991444 0.01308105 0.00000000
vn 0.99991444 0.01308105 0.00000000
vn 0.99991444 0.01308105 0.00000000
vn 0.00000000 0.00000000 -1.00000000
vn 0.00000000 0.00000000 -1.00000000
vn 0.00000000 0.00000000 -1.00000000
vn 0.00000000 0.00000000 -1.00000000
vn 0.00000000 0.00000000 1.00000000
vn 0.00000000 0.00000000 1.00000000
vn 0.00000000 0.00000000 1.00000000
vn 0.00000000 0.00000000 1.00000000
vn -0.99988494 -0.01516901 0.00000000
vn -0.99988494 -0.01516901 0.00000000
vn -0.99988494 -0.01516901 0.00000000
vn -0.99988494 -0.01516901 0.00000000
vn 0.99988229 0.01534301 0.00000000
vn 0.99988229 0.01534301 0.00000000
vn 0.99988229 0.01534301 0.00000000
vn 0.99988229 0.01534301 0.00000000
vn 0.00000000 0.00000000 -1.00000000
vn 0.00000000 0.00000000 -1.00000000
vn 0.00000000 0.00000000 -1.00000000
vn 0.00000000 0.00000000 -1.00000000
vn 0.00000000 0.00000000 1.00000000
vn 0.00000000 0.00000000 1.00000000
vn 0.00000000 0.00000000 1.00000000
vn 0.00000000 0.00000000 1.00000000
vn -0.99991444 -0.01308105 0.00000000
vn -0.99991444 -0.01308105 0.00000000
vn -0.99991444 -0.01308105 0.00000000
vn -0.99991444 -0.01308105 0.00000000
vn 0.99988494 0.01516901 0.00000000
vn 0.99988494 0.01516901 0.00000000
vn 0.99988494 0.01516901 0.00000000
vn 0.99988494 0.01516901 0.00000000
vn 0.01308105 -0.99991444 0.00000000
vn 0.01516901 -0.99988494 0.00000000
vn 0.01516901 -0.99988494 0.00000000
vn 0.01308105 -0.99991444 0.00000000
vn 0.00000000 0.00000000 -1.00000000
vn 0.00000000 0.00000000 -1.00000000
vn 0.00000000 0.00000000 -1.00000000
vn 0.00000000 0.00000000 -1.00000000
vn 0.00000000 0.00000000 1.00000000
vn 0.00000000 0.00000000 1.00000000
vn 0.00000000 0.00000000 1.00000000
vn 0.00000000 0.00000000 1.00000000
vn -0.99996949 -0.00781094 0.00000000
vn -0.99996949 -0.00781094 0.00000000
vn -0.99996949 -0.00781094 0.00000000
vn -0.99996949 -0.00781094 0.00000000
vn 0.99988442 0.01520381 0.00000000
vn 0.99988442 0.01520381 0.00000000
vn 0.99988442 0.01520381 0.00000000
vn 0.99988442 0.01520381 0.00000000
vn 0.00781094 -0.99996949 0.00000000
vn 0.01520381 -0.99988442 0.00000000
vn 0.01520381 -0.99988442 0.00000000
vn 0.00781094 -0.99996949 0.00000000
vn -0.00781094 0.99996949 0.00000000
vn -0.00781094 0.99996949 0.00000000
vn -0.01520381 0.99988442 0.00000000
vn -0.01520381 0.99988442 0.00000000
vn 0.00000000 0.00000000 -1.00000000
vn 0.00000000 0.00000000 -1.00000000
vn 0.00000000 0.00000000 -1.00000000
vn 0.00000000 0.00000000 -1.00000000
vn 0.00000000 0.00000000 1.00000000
vn 0.00000000 0.00000000 1.00000000
vn 0.00000000 0.00000000 1.00000000
vn 0.00000000 0.00000000 1.00000000
vn -0.99988229 -0.01534301 0.00000000
vn -0.99988229 -0.01534301 0.00000000
vn -0.99988229 -0.01534301 0.00000000
vn -0.99988229 -0.01534301 0.00000000
vn 0.99973516 0.02301338 0.00000000
vn 0.99973516 0.02301338 0.00000000
vn 0.99973516 0.02301338 0.00000000
vn 0.99973516 0.02301338 0.00000000
vn 0.00000000 0.00000000 -1.00000000
vn 0.00000000 0.00000000 -1.00000000
vn 0.00000000 0.00000000 -1.00000000
vn 0.00000000 0.00000000 -1.00000000
vn 0.00000000 0.00000000 1.00000000
vn 0.00000000 0.00000000 1.00000000
vn 0.00000000 0.00000000 1.00000000
vn 0.00000000 0.00000000 1.00000000
vn -0.99988229 -0.01534301 0.00000000
vn -0.99988229 -0.01534301 0.00000000
vn -0.99988229 -0.01534301 0.00000000
vn -0.99988229 -0.01534301 0.00000000
vn 0.99978466 0.02075174 0.00000000
vn 0.99978466 0.02075174 0.00000000
vn 0.99978466 0.02075174 0.00000000
vn 0.99978466 0.02075174 0.00000000
vn 0.00000000 0.00000000 -1.00000000
vn 0.00000000 0.00000000 -1.00000000
vn 0.00000000 0.00000000 -1.00000000
vn 0.00000000 0.00000000 -1.00000000
vn 0.00000000 0.00000000 1.00000000
vn 0.00000000 0.00000000 1.00000000
vn 0.00000000 0.00000000 1.00000000
vn 0.00000000 0.00000000 1.00000000
vn -0.99988229 -0.01534301 0.00000000
vn -0.99988229 -0.01534301 0.00000000
vn -0.99988229 -0.01534301 0.00000000
vn -0.99988229 -0.01534301 0.00000000
vn 0.99978466 0.02075174 0.00000000
vn 0.99978466 0.02075174 0.00000000
vn 0.99978466 0.02075174 0.00000000
vn 0.99978466 0.02075174 0.00000000
vn 0.00000000 0.00000000 -1.00000000
vn 0.00000000 0.00000000 -1.00000000
vn 0.00000000 0.00000000 -1.00000000
vn 0.00000000 0.00000000 -1.00000000
vn 0.00000000 0.00000000 1.00000000
vn 0.00000000 0.00000000 1.00000000
vn 0.00000000 0.00000000 1.00000000
vn 0.00000000 0.00000000 1.00000000
vn -0.99988229 -0.01534301 0.00000000
vn -0.99988229 -0.01534301 0.00000000
vn -0.99988229 -0.01534301 0.00000000
vn -0.99988229 -0.01534301 0.00000000
vn 0.99978466 0.02075174 0.00000000
vn 0.99978466 0.02075174 0.00000000
vn 0.99978466 0.02075174 0.00000000
vn 0.99978466 0.02075174 0.00000000
vn 0.00000000 0.00000000 -1.00000000
vn 0.00000000 0.00000000 -1.00000000
vn 0.00000000 0.00000000 -1.00000000
vn 0.00000000 0.00000000 -1.00000000
vn 0.00000000 0.00000000 1.00000000
vn 0.00000000 0.00000000 1.00000000
vn 0.00000000 0.00000000 1.00000000
vn 0.00000000 0.00000000 1.00000000
vn -0.99973915 -0.02283941 0.00000000
vn -0.99973915 -0.02283941 0.00000000
vn -0.99973915 -0.02283941 0.00000000
vn -0.99973915 -0.02283941 0.00000000
vn 0.99973516 0.02301338 0.00000000
vn 0.99973516 0.02301338 0.00000000
vn 0.99973516 0.02301338 0.00000000
vn 0.99973516 0.02301338 0.00000000
vn 0.00000000 0.00000000 -1.00000000
vn 0.00000000 0.00000000 -1.00000000
vn 0.00000000 0.00000000 -1.00000000
vn 0.00000000 0.00000000 -1.00000000
vn 0.00000000 0.00000000 1.00000000
vn 0.00000000 0.00000000 1.00000000
vn 0.00000000 0.00000000 1.00000000
vn 0.00000000 0.00000000 1.00000000
vn -0.99978466 -0.02075174 0.00000000
vn -0.99978466 -0.02075174 0.00000000
vn -0.99978466 -0.02075174 0.00000000
vn -0.99978466 -0.02075174 0.00000000
vn 0.99973915 0.02283941 0.00000000
vn 0.99973915 0.02283941 0.00000000
vn 0.99973915 0.02283941 0.00000000
vn 0.99973915 0.02283941 0.00000000
vn 0.02075174 -0.99978466 0.00000000
vn 0.02283941 -0.99973915 0.00000000
vn 0.02283941 -0.99973915 0.00000000
vn 0.02075174 -0.99978466 0.00000000
vn 0.00000000 0.00000000 -1.00000000
vn 0.00000000 0.00000000 -1.00000000
vn 0.00000000 0.00000000 -1.00000000
vn 0.00000000 0.00000000 -1.00000000
vn 0.00000000 0.00000000 1.00000000
vn 0.00000000 0.00000000 1.00000000
vn 0.00000000 0.00000000 1.00000000
vn 0.00000000 0.00000000 1.00000000
vn -0.99988014 -0.01548220 0.00000000
vn -0.99988014 -0.01548220 0.00000000
vn -0.99988014 -0.01548220 0.00000000
vn -0.99988014 -0.01548220 0.00000000
vn 0.99973835 0.02287421 0.00000000
vn 0.99973835 0.02287421 0.00000000
vn 0.99973835 0.02287421 0.00000000
vn 0.99973835 0.02287421 0.00000000
vn 0.01548220 -0.99988014 0.00000000
vn 0.02287421 -0.99973835 0.00000000
vn 0.02287421 -0.99973835 0.00000000
vn 0.01548220 -0.99988014 0.00000000
vn -0.01548220 0.99988014 0.00000000
vn -0.01548220 0.99988014 0.00000000
vn -0.02287421 0.99973835 0.00000000
vn -0.02287421 0.99973835 0.00000000
vn 0.00000000 0.00000000 -1.00000000
vn 0.00000000 0.00000000 -1.00000000
vn 0.00000000 0.00000000 -1.00000000
vn 0.00000000 0.00000000 -1.00000000
vn 0.00000000 0.00000000 1.00000000
vn 0.00000000 0.00000000 1.00000000
vn 0.00000000 0.00000000 1.00000000
vn 0.00000000 0.00000000 1.00000000
vn -0.99974311 0.02266544 0.00000000
vn -0.99974311 0.02266544 0.00000000
vn -0.99974311 0.02266544 0.00000000
vn -0.99974311 0.02266544 0.00000000
vn -0.02266544 -0.99974311 0.00000000
vn -0.01360001 -0.99990752 0.00000000
vn -0.01360001 -0.99990752 0.00000000
vn -0.02266544 -0.99974311 0.00000000
vn 0.02266544 0.99974311 0.00000000
vn 0.02266544 0.99974311 0.00000000
vn 0.01360001 0.99990752 0.00000000
vn 0.01360001 0.99990752 0.00000000
vn 0.00000000 0.00000000 -1.00000000
vn 0.00000000 0.00000000 -1.00000000
vn 0.00000000 0.00000000 -1.00000000
vn 0.00000000 0.00000000 -1.00000000
vn 0.00000000 0.00000000 1.00000000
vn 0.00000000 0.00000000 1.00000000
vn 0.00000000 0.00000000 1.00000000
vn 0.00000000 0.00000000 1.00000000
vn -0.01360001 -0.99990752 0.00000000
vn -0.00453346 -0.99998972 0.00000000
vn -0.00453346 -0.99998972 0.00000000
vn -0.01360001 -0.99990752 0.00000000
vn 0.01360001 0.99990752 0.00000000
vn 0.01360001 0.99990752 0.00000000
vn 0.00453346 0.99998972 0.00000000
vn 0.00453346 0.99998972 0.00000000
vn 0.00000000 0.00000000 -1.00000000
vn 0.00000000 0.00000000 -1.00000000
vn 0.00000000 0.00000000 -1.00000000
vn 0.00000000 0.00000000 -1.00000000
vn 0.00000000 0.00000000 1.00000000
vn 0.00000000 0.00000000 1.00000000
vn 0.00000000 0.00000000 1.00000000
vn 0.00000000 0.00000000 1.00000000
vn -0.00453346 -0.99998972 0.00000000
vn 0.00453346 -0.99998972 0.00000000
vn 0.00453346 -0.99998972 0.00000000
vn -0.00453346 -0.99998972 0.00000000
vn 0.00453346 0.99998972 0.00000000
vn 0.00453346 0.99998972 0.00000000
vn -0.00453346 0.99998972 0.00000000
vn -0.00453346 0.99998972 0.00000000
vn 0.00000000 0.00000000 -1.00000000
vn 0.00000000 0.00000000 -1.00000000
vn 0.00000000 0.00000000 -1.00000000
vn 0.00000000 0.00000000 -1.00000000
vn 0.00000000 0.00000000 1.00000000
vn 0.00000000 0.00000000 1.00000000
vn 0.00000000 0.00000000 1.00000000
vn 0.00000000 0.00000000 1.00000000
vn 0.00453346 -0.99998972 0.00000000
vn 0.01360001 -0.99990752 0.00000000
vn 0.01360001 -0.99990752 0.00000000
vn 0.00453346 -0.99998972 0.00000000
vn -0.00453346 0.99998972 0.00000000
vn -0.00453346 0.99998972 0.00000000
vn -0.01360001 0.99990752 0.00000000
vn -0.01360001 0.99990752 0.00000000
vn 0.00000000 0.00000000 -1.00000000
vn 0.00000000 0.00000000 -1.00000000
vn 0.00000000 0.00000000 -1.00000000
vn 0.00000000 0.00000000 -1.00000000
vn 0.00000000 0.00000000 1.00000000
vn 0.00000000 0.00000000 1.00000000
vn 0.00000000 0.00000000 1.00000000
vn 0.00000000 0.00000000 1.00000000
vn 0.99974311 0.02266544 0.00000000
vn 0.99974311 0.02266544 0.00000000
vn 0.99974311 0.02266544 0.00000000
vn 0.99974311 0.02266544 0.00000000
vn 0.01360001 -0.99990752 0.00000000
vn 0.02266544 -0.99974311 0.00000000
vn 0.02266544 -0.99974311 0.00000000
vn 0.01360001 -0.99990752 0.00000000
vn -0.01360001 0.99990752 0.00000000
vn -0.01360001 0.99990752 0.00000000
vn -0.02266544 0.99974311 0.00000000
vn -0.02266544 0.99974311 0.00000000
vn 0.00000000 0.00000000 -1.00000000
vn 0.00000000 0.00000000 -1.00000000
vn 0.00000000 0.00000000 -1.00000000
vn 0.00000000 0.00000000 -1.00000000
vn 0.00000000 0.00000000 1.00000000
vn 0.00000000 0.00000000 1.00000000
vn 0.00000000 0.00000000 1.00000000
vn 0.00000000 0.00000000 1.00000000
vn -0.99973516 0.02301338 0.00000000
vn -0.99973516 0.02301338 0.00000000
vn -0.99973516 0.02301338 0.00000000
vn -0.99973516 0.02301338 0.00000000
vn -0.02301338 -0.99973516 0.00000000
vn -0.01896340 -0.99982018 0.00000000
vn -0.01896340 -0.99982018 0.00000000
vn -0.02301338 -0.99973516 0.00000000
vn 0.02301338 0.99973516 0.00000000
vn 0.02301338 0.99973516 0.00000000
vn 0.01896340 0.99982018 0.00000000
vn 0.01896340 0.99982018 0.00000000
vn 0.00000000 0.00000000 -1.00000000
vn 0.00000000 0.00000000 -1.00000000
vn 0.00000000 0.00000000 -1.00000000
vn 0.00000000 0.00000000 -1.00000000
vn 0.00000000 0.00000000 1.00000000
vn 0.00000000 0.00000000 1.00000000
vn 0.00000000 0.00000000 1.00000000
vn 0.00000000 0.00000000 1.00000000
vn -0.01896340 -0.99982018 0.00000000
vn -0.01491310 -0.99988879 0.00000000
vn -0.01491310 -0.99988879 0.00000000
vn -0.01896340 -0.99982018 0.00000000
vn 0.01896340 0.99982018 0.00000000
vn 0.01896340 0.99982018 0.00000000
vn 0.01491310 0.99988879 0.00000000
vn 0.01491310 0.99988879 0.00000000
vn 0.00000000 0.00000000 -1.00000000
vn 0.00000000 0.00000000 -1.00000000
vn 0.00000000 0.00000000 -1.00000000
vn 0.00000000 0.00000000 -1.00000000
vn 0.00000000 0.00000000 1.00000000
vn 0.00000000 0.00000000 1.00000000
vn 0.00000000 0.00000000 1.00000000
vn 0.00000000 0.00000000 1.00000000
vn -0.01491310 -0.99988879 0.00000000
vn -0.01086256 -0.99994100 0.00000000
vn -0.01086256 -0.99994100 0.00000000
vn -0.01491310 -0.99988879 0.00000000
vn 0.01491310 0.99988879 0.00000000
vn 0.01491310 0.99988879 0.00000000
vn 0.01086256 0.99994100 0.00000000
vn 0.01086256 0.99994100 0.00000000
vn 0.00000000 0.00000000 -1.00000000
vn 0.00000000 0.00000000 -1.00000000
vn 0.00000000 0.00000000 -1.00000000
vn 0.00000000 0.00000000 -1.00000000
vn 0.00000000 0.00000000 1.00000000
vn 0.00000000 0.00000000 1.00000000
vn 0.00000000 0.00000000 1.00000000
vn 0.00000000 0.00000000 1.00000000
vn -0.01086256 -0.99994100 0.00000000
vn -0.00681185 -0.99997680 0.00000000
vn -0.00681185 -0.99997680 0.00000000
vn -0.01086256 -0.99994100 0.00000000
vn 0.01086256 0.99994100 0.00000000
vn 0.01086256 0.99994100 0.00000000
vn 0.00681185 0.99997680 0.00000000
vn 0.00681185 0.99997680 0.00000000
vn 0.00000000 0.00000000 -1.00000000
vn 0.00000000 0.00000000 -1.00000000
vn 0.00000000 0.00000000 -1.00000000
vn 0.00000000 0.00000000 -1.00000000
vn 0.00000000 0.00000000 1.00000000
vn 0.00000000 0.00000000 1.00000000
vn 0.00000000 0.00000000 1.00000000
vn 0.00000000 0.00000000 1.00000000
vn 0.99999619 -0.00276102 0.00000000
vn 0.99999619 -0.00276102 0.00000000
vn 0.99999619 -0.00276102 0.00000000
vn 0.99999619 -0.00276102 0.00000000
vn -0.00681185 -0.99997680 0.00000000
vn -0.00276102 -0.99999619 0.00000000
vn -0.00276102 -0.99999619 0.00000000
vn -0.00681185 -0.99997680 0.00000000
vn 0.00681185 0.99997680 0.00000000
vn 0.00681185 0.99997680 0.00000000
vn 0.00276102 0.99999619 0.00000000
vn 0.00276102 0.99999619 0.00000000
vn 0.00000000 0.00000000 -1.00000000
vn 0.00000000 0.00000000 -1.00000000
vn 0.00000000 0.00000000 -1.00000000
vn 0.00000000 0.00000000 -1.00000000
vn 0.00000000 0.00000000 1.00000000
vn 0.00000000 0.00000000 1.00000000
vn 0.00000000 0.00000000 1.00000000
vn 0.00000000 0.00000000 1.00000000
vn -0.99999619 -0.00276102 0.00000000
vn -0.99999619 -0.00276102 0.00000000
vn -0.99999619 -0.00276102 0.00000000
vn -0.99999619 -0.00276102 0.00000000
vn 0.00276102 -0.99999619 0.00000000
vn 0.00681185 -0.99997680 0.00000000
vn 0.00681185 -0.99997680 0.00000000
vn 0.00276102 -0.99999619 0.00000000
vn -0.00276102 0.99999619 0.00000000
vn -0.00276102 0.99999619 0.00000000
vn -0.00681185 0.99997680 0.00000000
vn -0.00681185 0.99997680 0.00000000
vn 0.00000000 0.00000000 -1.00000000
vn 0.00000000 0.00000000 -1.00000000
vn 0.00000000 0.00000000 -1.00000000
vn 0.00000000 0.00000000 -1.00000000
vn 0.00000000 0.00000000 1.00000000
vn 0.00000000 0.00000000 1.00000000
vn 0.00000000 0.00000000 1.00000000
vn 0.00000000 0.00000000 1.00000000
vn 0.00681185 -0.99997680 0.00000000
vn 0.01086256 -0.99994100 0.00000000
vn 0.01086256 -0.99994100 0.00000000
vn 0.00681185 -0.99997680 0.00000000
vn -0.00681185 0.99997680 0.00000000
vn -0.00681185 0.99997680 0.00000000
vn -0.01086256 0.99994100 0.00000000
vn -0.01086256 0.99994100 0.00000000
vn 0.00000000 0.00000000 -1.00000000
vn 0.00000000 0.00000000 -1.00000000
vn 0.00000000 0.00000000 -1.00000000
vn 0.00000000 0.00000000 -1.00000000
vn 0.00000000 0.00000000 1.00000000
vn 0.00000000 0.00000000 1.00000000
vn 0.00000000 0.00000000 1.00000000
vn 0.00000000 0.00000000 1.00000000
vn 0.01086256 -0.99994100 0.00000000
vn 0.01491310 -0.99988879 0.00000000
vn 0.01491310 -0.99988879 0.00000000
vn 0.01086256 -0.99994100 0.00000000
vn -0.01086256 0.99994100 0.00000000
vn -0.01086256 0.99994100 0.00000000
vn -0.01491310 0.99988879 0.00000000
vn -0.01491310 0.99988879 0.00000000
vn 0.00000000 0.00000000 -1.00000000
vn 0.00000000 0.00000000 -1.00000000
vn 0.00000000 0.00000000 -1.00000000
vn 0.00000000 0.00000000 -1.00000000
vn 0.00000000 0.00000000 1.00000000
vn 0.00000000 0.00000000 1.00000000
vn 0.00000000 0.00000000 1.00000000
vn 0.00000000 0.00000000 1.00000000
vn 0.01491310 -0.99988879 0.00000000
vn 0.01896340 -0.99982018 0.00000000
vn 0.01896340 -0.99982018 0.00000000
vn 0.01491310 -0.99988879 0.00000000
vn -0.01491310 0.99988879 0.00000000
vn -0.01491310 0.99988879 0.00000000
vn -0.01896340 0.99982018 0.00000000
vn -0.01896340 0.99982018 0.00000000
vn 0.00000000 0.00000000 -1.00000000
vn 0.00000000 0.00000000 -1.00000000
vn 0.00000000 0.00000000 -1.00000000
vn 0.00000000 0.00000000 -1.00000000
vn 0.00000000 0.00000000 1.00000000
vn 0.00000000 0.00000000 1.00000000
vn 0.00000000 0.00000000 1.00000000
vn 0.00000000 0.00000000 1.00000000
vn 0.99973516 0.02301338 0.00000000
vn 0.99973516 0.02301338 0.00000000
vn 0.99973516 0.02301338 0.00000000
vn 0.99973516 0.02301338 0.00000000
vn 0.01896340 -0.99982018 0.00000000
vn 0.02301338 -0.99973516 0.00000000
vn 0.02301338 -0.99973516 0.00000000
vn 0.01896340 -0.99982018 0.00000000
vn -0.01896340 0.99982018 0.00000000
vn -0.01896340 0.99982018 0.00000000
vn -0.02301338 0.99973516 0.00000000
vn -0.02301338 0.99973516 0.00000000
vn 0.00000000 0.00000000 -1.00000000
vn 0.00000000 0.00000000 -1.00000000
vn 0.00000000 0.00000000 -1.00000000
vn 0.00000000 0.00000000 -1.00000000
vn 0.00000000 0.00000000 1.00000000
vn 0.00000000 0.00000000 1.00000000
vn 0.00000000 0.00000000 1.00000000
vn 0.00000000 0.00000000 1.00000000
vn -0.99999619 0.00276102 0.00000000
vn -0.99999619 0.00276102 0.00000000
vn -0.99999619 0.00276102 0.00000000
vn -0.99999619 0.00276102 0.00000000
vn -0.00276102 -0.99999619 0.00000000
vn 0.00000000 -1.00000000 0.00000000
vn 0.00000000 -1.00000000 0.00000000
vn -0.00276102 -0.99999619 0.00000000
vn 0.00276102 0.99999619 0.00000000
vn 0.00276102 0.99999619 0.00000000
vn 0.00000000 1.00000000 0.00000000
vn 0.00000000 1.00000000 0.00000000
vn 0.00000000 0.00000000 -1.00000000
vn 0.00000000 0.00000000 -1.00000000
vn 0.00000000 0.00000000 -1.00000000
vn 0.00000000 0.00000000 -1.00000000
vn 0.00000000 0.00000000 1.00000000
vn 0.00000000 0.00000000 1.00000000
vn 0.00000000 0.00000000 1.00000000
vn 0.00000000 0.00000000 1.00000000
vn 0.99999619 0.00276102 0.00000000
vn 0.99999619 0.00276102 0.00000000
vn 0.99999619 0.00276102 0.00000000
vn 0.99999619 0.00276102 0.00000000
vn 0.00000000 -1.00000000 0.00000000
vn 0.00276102 -0.99999619 0.00000000
vn 0.00276102 -0.99999619 0.00000000
vn 0.00000000 -1.00000000 0.00000000
vn 0.00000000 1.00000000 0.00000000
vn 0.00000000 1.00000000 0.00000000
vn -0.00276102 0.99999619 0.00000000
vn -0.00276102 0.99999619 0.00000000
vn 0.00000000 0.00000000 -1.00000000
vn 0.00000000 0.00000000 -1.00000000
vn 0.00000000 0.00000000 -1.00000000
vn 0.00000000 0.00000000 -1.00000000
vn 0.00000000 0.00000000 1.00000000
vn 0.00000000 0.00000000 1.00000000
vn 0.00000000 0.00000000 1.00000000
vn 0.00000000 0.00000000 1.00000000
vn -0.99999619 0.00276102 0.00000000
vn -0.99999619 0.00276102 0.00000000
vn -0.99999619 0.00276102 0.00000000
vn -0.99999619 0.00276102 0.00000000
vn -0.00276102 -0.99999619 0.00000000
vn 0.00000000 -1.00000000 0.00000000
vn 0.00000000 -1.00000000 0.00000000
vn -0.00276102 -0.99999619 0.00000000
vn 0.00276102 0.99999619 0.00000000
vn 0.00276102 0.99999619 0.00000000
vn 0.00000000 1.00000000 0.00000000
vn 0.00000000 1.00000000 0.00000000
vn 0.00000000 0.00000000 -1.00000000
vn 0.00000000 0.00000000 -1.00000000
vn 0.00000000 0.00000000 -1.00000000
vn 0.00000000 0.00000000 -1.00000000
vn 0.00000000 0.00000000 1.00000000
vn 0.00000000 0.00000000 1.00000000
vn 0.00000000 0.00000000 1.00000000
vn 0.00000000 0.00000000 1.00000000
vn 0.99999619 0.00276102 0.00000000
vn 0.99999619 0.00276102 0.00000000
vn 0.99999619 0.00276102 0.00000000
vn 0.99999619 0.00276102 0.00000000
vn 0.00000000 -1.00000000 0.00000000
vn 0.00276102 -0.99999619 0.00000000
vn 0.00276102 -0.99999619 0.00000000
vn 0.00000000 -1.00000000 0.00000000
vn 0.00000000 1.00000000 0.00000000
vn 0.00000000 1.00000000 0.00000000
vn -0.00276102 0.99999619 0.00000000
vn -0.00276102 0.99999619 0.00000000
vn 0.00000000 0.00000000 -1.00000000
vn 0.00000000 0.00000000 -1.00000000
vn 0.00000000 0.00000000 -1.00000000
vn 0.00000000 0.00000000 -1.00000000
vn 0.00000000 0.00000000 1.00000000
vn 0.00000000 0.00000000 1.00000000
vn 0.00000000 0.00000000 1.00000000
vn 0.00000000 0.00000000 1.00000000
vn -0.99999619 0.00276102 0.00000000
vn -0.99999619 0.00276102 0.00000000
vn -0.99999619 0.00276102 0.00000000
vn -0.99999619 0.00276102 0.00000000
vn 0.99999720 -0.00236659 0.00000000
vn 0.99999720 -0.00236659 0.00000000
vn 0.99999720 -0.00236659 0.00000000
vn 0.99999720 -0.00236659 0.00000000
vn -0.00276102 -0.99999619 0.00000000
vn -0.00236659 -0.99999720 0.00000000
vn -0.00236659 -0.99999720 0.00000000
vn -0.00276102 -0.99999619 0.00000000
vn 0.00276102 0.99999619 0.00000000
vn 0.00276102 0.99999619 0.00000000
vn 0.00236659 0.99999720 0.00000000
vn 0.00236659 0.99999720 0.00000000
vn 0.00000000 0.00000000 -1.00000000
vn 0.00000000 0.00000000 -1.00000000
vn 0.00000000 0.00000000 -1.00000000
vn 0.00000000 0.00000000 -1.00000000
vn 0.00000000 0.00000000 1.00000000
vn 0.00000000 0.00000000 1.00000000
vn 0.00000000 0.00000000 1.00000000
vn 0.00000000 0.00000000 1.00000000
vn -0.99999619 0.00276102 0.00000000
vn -0.99999619 0.00276102 0.00000000
vn -0.99999619 0.00276102 0.00000000
vn -0.99999619 0.00276102 0.00000000
vn 0.99999635 -0.00270301 0.00000000
vn 0.99999635 -0.00270301 0.00000000
vn 0.99999635 -0.00270301 0.00000000
vn 0.99999635 -0.00270301 0.00000000
vn -0.00276102 -0.99999619 0.00000000
vn -0.00270301 -0.99999635 0.00000000
vn -0.00270301 -0.99999635 0.00000000
vn -0.00276102 -0.99999619 0.00000000
vn 0.00276102 0.99999619 0.00000000
vn 0.00276102 0.99999619 0.00000000
vn 0.00270301 0.99999635 0.00000000
vn 0.00270301 0.99999635 0.00000000
vn 0.00000000 0.00000000 -1.00000000
vn 0.00000000 0.00000000 -1.00000000
vn 0.00000000 0.00000000 -1.00000000
vn 0.00000000 0.00000000 -1.00000000
vn 0.00000000 0.00000000 1.00000000
vn 0.00000000 0.00000000 1.00000000
vn 0.00000000 0.00000000 1.00000000
vn 0.00000000 0.00000000 1.00000000
vn -0.99999720 0.00236659 0.00000000
vn -0.99999720 0.00236659 0.00000000
vn -0.99999720 0.00236659 0.00000000
vn -0.99999720 0.00236659 0.00000000
vn 0.99999806 -0.00197216 0.00000000
vn 0.99999806 -0.00197216 0.00000000
vn 0.99999806 -0.00197216 0.00000000
vn 0.99999806 -0.00197216 0.00000000
vn -0.00236659 -0.99999720 0.00000000
vn -0.00197216 -0.99999806 0.00000000
vn -0.00197216 -0.99999806 0.00000000
vn -0.00236659 -0.99999720 0.00000000
vn 0.00236659 0.99999720 0.00000000
vn 0.00236659 0.99999720 0.00000000
vn 0.00197216 0.99999806 0.00000000
vn 0.00197216 0.99999806 0.00000000
vn 0.00000000 0.00000000 -1.00000000
vn 0.00000000 0.00000000 -1.00000000
vn 0.00000000 0.00000000 -1.00000000
vn 0.00000000 0.00000000 -1.00000000
vn 0.00000000 0.00000000 1.00000000
vn 0.00000000 0.00000000 1.00000000
vn 0.00000000 0.00000000 1.00000000
vn 0.00000000 0.00000000 1.00000000
vn -0.99999720 0.00236659 0.00000000
vn -0.99999720 0.00236659 0.00000000
vn -0.99999720 0.00236659 0.00000000
vn -0.99999720 0.00236659 0.00000000
vn 0.99999734 -0.00230858 0.00000000
vn 0.99999734 -0.00230858 0.00000000
vn 0.99999734 -0.00230858 0.00000000
vn 0.99999734 -0.00230858 0.00000000
vn -0.00236659 -0.99999720 0.00000000
vn -0.00230858 -0.99999734 0.00000000
vn -0.00230858 -0.99999734 0.00000000
vn -0.00236659 -0.99999720 0.00000000
vn 0.00236659 0.99999720 0.00000000
vn 0.00236659 0.99999720 0.00000000
vn 0.00230858 0.99999734 0.00000000
vn 0.00230858 0.99999734 0.00000000
vn 0.00000000 0.00000000 -1.00000000
vn 0.00000000 0.00000000 -1.00000000
vn 0.00000000 0.00000000 -1.00000000
vn 0.00000000 0.00000000 -1.00000000
vn 0.00000000 0.00000000 1.00000000
vn 0.00000000 0.00000000 1.00000000
vn 0.00000000 0.00000000 1.00000000
vn 0.00000000 0.00000000 1.00000000
vn -0.99999806 0.00197216 0.00000000
vn -0.99999806 0.00197216 0.00000000
vn -0.99999806 0.00197216 0.00000000
vn -0.99999806 0.00197216 0.00000000
vn 0.99999876 -0.00157773 0.00000000
vn 0.99999876 -0.00157773 0.00000000
vn 0.99999876 -0.00157773 0.00000000
vn 0.99999876 -0.00157773 0.00000000
vn -0.00197216 -0.99999806 0.00000000
vn -0.00157773 -0.99999876 0.00000000
vn -0.00157773 -0.99999876 0.00000000
vn -0.00197216 -0.99999806 0.00000000
vn 0.00197216 0.99999806 0.00000000
vn 0.00197216 0.99999806 0.00000000
vn 0.00157773 0.99999876 0.00000000
vn 0.00157773 0.99999876 0.00000000
vn 0.00000000 0.00000000 -1.00000000
vn 0.00000000 0.00000000 -1.00000000
vn 0.00000000 0.00000000 -1.00000000
vn 0.00000000 0.00000000 -1.00000000
vn 0.00000000 0.00000000 1.00000000
vn 0.00000000 0.00000000 1.00000000
vn 0.00000000 0.00000000 1.00000000
vn 0.00000000 0.00000000 1.00000000
vn -0.99999806 0.00197216 0.00000000
vn -0.99999806 0.00197216 0.00000000
vn -0.99999806 0.00197216 0.00000000
vn -0.99999806 0.00197216 0.00000000
vn 0.99999817 -0.00191415 0.00000000
vn 0.99999817 -0.00191415 0.00000000
vn 0.99999817 -0.00191415 0.00000000
vn 0.99999817 -0.00191415 0.00000000
vn -0.00197216 -0.99999806 0.00000000
vn -0.00191415 -0.99999817 0.00000000
vn -0.00191415 -0.99999817 0.00000000
vn -0.00197216 -0.99999806 0.00000000
vn 0.00197216 0.99999806 0.00000000
vn 0.00197216 0.99999806 0.00000000
vn 0.00191415 0.99999817 0.00000000
vn 0.00191415 0.99999817 0.00000000
vn 0.00000000 0.00000000 -1.00000000
vn 0.00000000 0.00000000 -1.00000000
vn 0.00000000 0.00000000 -1.00000000
vn 0.00000000 0.00000000 -1.00000000
vn 0.00000000 0.00000000 1.00000000
vn 0.00000000 0.00000000 1.00000000
vn 0.00000000 0.00000000 1.00000000
vn 0.00000000 0.00000000 1.00000000
vn -0.99999876 0.00157773 0.00000000
vn -0.99999876 0.00157773 0.00000000
vn -0.99999876 0.00157773 0.00000000
vn -0.99999876 0.00157773 0.00000000
vn 0.99999930 -0.00118329 0.00000000
vn 0.99999930 -0.00118329 0.00000000
vn 0.99999930 -0.00118329 0.00000000
vn 0.99999930 -0.00118329 0.00000000
vn -0.00157773 -0.99999876 0.00000000
vn -0.00118329 -0.99999930 0.00000000
vn -0.00118329 -0.99999930 0.00000000
vn -0.00157773 -0.99999876 0.00000000
vn 0.00157773 0.99999876 0.00000000
vn 0.00157773 0.99999876 0.00000000
vn 0.00118329 0.99999930 0.00000000
vn 0.00118329 0.99999930 0.00000000
vn 0.00000000 0.00000000 -1.00000000
vn 0.00000000 0.00000000 -1.00000000
vn 0.00000000 0.00000000 -1.00000000
vn 0.00000000 0.00000000 -1.00000000
vn 0.00000000 0.00000000 1.00000000
vn 0.00000000 0.00000000 1.00000000
vn 0.00000000 0.00000000 1.00000000
vn 0.00000000 0.00000000 1.00000000
vn -0.99999876 0.00157773 0.00000000
vn -0.99999876 0.00157773 0.00000000
vn -0.99999876 0.00157773 0.00000000
vn -0.99999876 0.00157773 0.00000000
vn 0.99999885 -0.00151972 0.00000000
vn 0.99999885 -0.00151972 0.00000000
vn 0.99999885 -0.00151972 0.00000000
vn 0.99999885 -0.00151972 0.00000000
vn -0.00157773 -0.99999876 0.00000000
vn -0.00151972 -0.99999885 0.00000000
vn -0.00151972 -0.99999885 0.00000000
vn -0.00157773 -0.99999876 0.00000000
vn 0.00157773 0.99999876 0.00000000
vn 0.00157773 0.99999876 0.00000000
vn 0.00151972 0.99999885 0.00000000
vn 0.00151972 0.99999885 0.00000000
vn 0.00000000 0.00000000 -1.00000000
vn 0.00000000 0.00000000 -1.00000000
vn 0.00000000 0.00000000 -1.00000000
vn 0.00000000 0.00000000 -1.00000000
vn 0.00000000 0.00000000 1.00000000
vn 0.00000000 0.00000000 1.00000000
vn 0.00000000 0.00000000 1.00000000
vn 0.00000000 0.00000000 1.00000000
vn -0.99999930 0.00118329 0.00000000
vn -0.99999930 0.00118329 0.00000000
vn -0.99999930 0.00118329 0.00000000
vn -0.99999930 0.00118329 0.00000000
vn 0.99999969 -0.00078886 0.00000000
vn 0.99999969 -0.00078886 0.00000000
vn 0.99999969 -0.00078886 0.00000000
vn 0.99999969 -0.00078886 0.00000000
vn -0.00118329 -0.99999930 0.00000000
vn -0.00078886 -0.99999969 0.00000000
vn -0.00078886 -0.99999969 0.00000000
vn -0.00118329 -0.99999930 0.00000000
vn 0.00118329 0.99999930 0.00000000
vn 0.00118329 0.99999930 0.00000000
vn 0.00078886 0.99999969 0.00000000
vn 0.00078886 0.99999969 0.00000000
vn 0.00000000 0.00000000 -1.00000000
vn 0.00000000 0.00000000 -1.00000000
vn 0.00000000 0.00000000 -1.00000000
vn 0.00000000 0.00000000 -1.00000000
vn 0.00000000 0.00000000 1.00000000
vn 0.00000000 0.00000000 1.00000000
vn 0.00000000 0.00000000 1.00000000
vn 0.00000000 0.00000000 1.00000000
vn -0.99999930 0.00118329 0.00000000
vn -0.99999930 0.00118329 0.00000000
vn -0.99999930 0.00118329 0.00000000
vn -0.99999930 0.00118329 0.00000000
vn 0.99999937 -0.00112529 0.00000000
vn 0.99999937 -0.00112529 0.00000000
vn 0.99999937 -0.00112529 0.00000000
vn 0.99999937 -0.00112529 0.00000000
vn -0.00118329 -0.99999930 0.00000000
vn -0.00112529 -0.99999937 0.00000000
vn -0.00112529 -0.99999937 0.00000000
vn -0.00118329 -0.99999930 0.00000000
vn 0.00118329 0.99999930 0.00000000
vn 0.00118329 0.99999930 0.00000000
vn 0.00112529 0.99999937 0.00000000
vn 0.00112529 0.99999937 0.00000000
vn 0.00000000 0.00000000 -1.00000000
vn 0.00000000 0.00000000 -1.00000000
vn 0.00000000 0.00000000 -1.00000000
vn 0.00000000 0.00000000 -1.00000000
vn 0.00000000 0.00000000 1.00000000
vn 0.00000000 0.00000000 1.00000000
vn 0.00000000 0.00000000 1.00000000
vn 0.00000000 0.00000000 1.00000000
vn -0.99999969 0.00078886 0.00000000
vn -0.99999969 0.00078886 0.00000000
vn -0.99999969 0.00078886 0.00000000
vn -0.99999969 0.00078886 0.00000000
vn 0.99999992 -0.00039443 0.00000000
vn 0.99999992 -0.00039443 0.00000000
vn 0.99999992 -0.00039443 0.00000000
vn 0.99999992 -0.00039443 0.00000000
vn -0.00078886 -0.99999969 0.00000000
vn -0.00039443 -0.99999992 0.00000000
vn -0.00039443 -0.99999992 0.00000000
vn -0.00078886 -0.99999969 0.00000000
vn 0.00078886 0.99999969 0.00000000
vn 0.00078886 0.99999969 0.00000000
vn 0.00039443 0.99999992 0.00000000
vn 0.00039443 0.99999992 0.00000000
vn 0.00000000 0.00000000 -1.00000000
vn 0.00000000 0.00000000 -1.00000000
vn 0.00000000 0.00000000 -1.00000000
vn 0.00000000 0.00000000 -1.00000000
vn 0.00000000 0.00000000 1.00000000
vn 0.00000000 0.00000000 1.00000000
vn 0.00000000 0.00000000 1.00000000
vn 0.00000000 0.00000000 1.00000000
vn -0.99999969 0.00078886 0.00000000
vn -0.99999969 0.00078886 0.00000000
vn -0.99999969 0.00078886 0.00000000
vn -0.99999969 0.00078886 0.00000000
vn 0.99999973 -0.00073086 0.00000000
vn 0.99999973 -0.00073086 0.00000000
vn 0.99999973 -0.00073086 0.00000000
vn 0.99999973 -0.00073086 0.00000000
vn -0.00078886 -0.99999969 0.00000000
vn -0.00073086 -0.99999973 0.00000000
vn -0.00073086 -0.99999973 0.00000000
vn -0.00078886 -0.99999969 0.00000000
vn 0.00078886 0.99999969 0.00000000
vn 0.00078886 0.99999969 0.00000000
vn 0.00073086 0.99999973 0.00000000
vn 0.00073086 0.99999973 0.00000000
vn 0.00000000 0.00000000 -1.00000000
vn 0.00000000 0.00000000 -1.00000000
vn 0.00000000 0.00000000 -1.00000000
vn 0.00000000 0.00000000 -1.00000000
vn 0.00000000 0.00000000 1.00000000
vn 0.00000000 0.00000000 1.00000000
vn 0.00000000 0.00000000 1.00000000
vn 0.00000000 0.00000000 1.00000000
vn -0.99999992 0.00039443 0.00000000
vn -0.99999992 0.00039443 0.00000000
vn -0.99999992 0.00039443 0.00000000
vn -0.99999992 0.00039443 0.00000000
vn 1.00000000 -0.00000000 0.00000000
vn 1.00000000 -0.00000000 0.00000000
vn 1.00000000 -0.00000000 0.00000000
vn 1.00000000 -0.00000000 0.00000000
vn -0.00039443 -0.99999992 0.00000000
vn -0.00000000 -1.00000000 0.00000000
vn -0.00000000 -1.00000000 0.00000000
vn -0.00039443 -0.99999992 0.00000000
vn 0.00039443 0.99999992 0.00000000
vn 0.00039443 0.99999992 0.00000000
vn 0.00000000 1.00000000 0.00000000
vn 0.00000000 1.00000000 0.00000000
vn 0.00000000 0.00000000 -1.00000000
vn 0.00000000 0.00000000 -1.00000000
vn 0.00000000 0.00000000 -1.00000000
vn 0.00000000 0.00000000 -1.00000000
vn 0.00000000 0.00000000 1.00000000
vn 0.00000000 0.00000000 1.00000000
vn 0.00000000 0.00000000 1.00000000
vn 0.00000000 0.00000000 1.00000000
vn -0.99999992 0.00039443 0.00000000
vn -0.99999992 0.00039443 0.00000000
vn -0.99999992 0.00039443 0.00000000
vn -0.99999992 0.00039443 0.00000000
vn 0.99999994 -0.00033643 0.00000000
vn 0.99999994 -0.00033643 0.00000000
vn 0.99999994 -0.00033643 0.00000000
vn 0.99999994 -0.00033643 0.00000000
vn -0.00039443 -0.99999992 0.00000000
vn -0.00033643 -0.99999994 0.00000000
vn -0.00033643 -0.99999994 0.00000000
vn -0.00039443 -0.99999992 0.00000000
vn 0.00039443 0.99999992 0.00000000
vn 0.00039443 0.99999992 0.00000000
vn 0.00033643 0.99999994 0.00000000
vn 0.00033643 0.99999994 0.00000000
vn 0.00000000 0.00000000 -1.00000000
vn 0.00000000 0.00000000 -1.00000000
vn 0.00000000 0.00000000 -1.00000000
vn 0.00000000 0.00000000 -1.00000000
vn 0.00000000 0.00000000 1.00000000
vn 0.00000000 0.00000000 1.00000000
vn 0.00000000 0.00000000 1.00000000
vn 0.00000000 0.00000000 1.00000000
vn -1.00000000 0.00000000 0.00000000
vn -1.00000000 0.00000000 0.00000000
vn -1.00000000 0.00000000 0.00000000
vn -1.00000000 0.00000000 0.00000000
vn 0.99999992 0.00039443 0.00000000
vn 0.99999992 0.00039443 0.00000000
vn 0.99999992 0.00039443 0.00000000
vn 0.99999992 0.00039443 0.00000000
vn 0.00000000 -1.00000000 0.00000000
vn 0.00039443 -0.99999992 0.00000000
vn 0.00039443 -0.99999992 0.00000000
vn 0.00000000 -1.00000000 0.00000000
vn 0.00000000 1.00000000 0.00000000
vn 0.00000000 1.00000000 0.00000000
vn -0.00039443 0.99999992 0.00000000
vn -0.00039443 0.99999992 0.00000000
vn 0.00000000 0.00000000 -1.00000000
vn 0.00000000 0.00000000 -1.00000000
vn 0.00000000 0.00000000 -1.00000000
vn 0.00000000 0.00000000 -1.00000000
vn 0.00000000 0.00000000 1.00000000
vn 0.00000000 0.00000000 1.00000000
vn 0.00000000 0.00000000 1.00000000
vn 0.00000000 0.00000000 1.00000000
vn -1.00000000 0.00000000 0.00000000
vn -1.00000000 0.00000000 0.00000000
vn -1.00000000 0.00000000 0.00000000
vn -1.00000000 0.00000000 0.00000000
vn 1.00000000 0.00005800 0.00000000
vn 1.00000000 0.00005800 0.00000000
vn 1.00000000 0.00005800 0.00000000
vn 1.00000000 0.00005800 0.00000000
vn 0.00000000 -1.00000000 0.00000000
vn 0.00005800 -1.00000000 0.00000000
vn 0.00005800 -1.00000000 0.00000000
vn 0.00000000 -1.00000000 0.00000000
vn 0.00000000 1.00000000 0.00000000
vn 0.00000000 1.00000000 0.00000000
vn -0.00005800 1.00000000 0.00000000
vn -0.00005800 1.00000000 0.00000000
vn 0.00000000 0.00000000 -1.00000000
vn 0.00000000 0.00000000 -1.00000000
vn 0.00000000 0.00000000 -1.00000000
vn 0.00000000 0.00000000 -1.00000000
vn 0.00000000 0.00000000 1.00000000
vn 0.00000000 0.00000000 1.00000000
vn 0.00000000 0.00000000 1.00000000
vn 0.00000000 0.00000000 1.00000000
vn -0.99999992 -0.00039443 0.00000000
vn -0.99999992 -0.00039443 0.00000000
vn -0.99999992 -0.00039443 0.00000000
vn -0.99999992 -0.00039443 0.00000000
vn 0.99999969 0.00078886 0.00000000
vn 0.99999969 0.00078886 0.00000000
vn 0.99999969 0.00078886 0.00000000
vn 0.99999969 0.00078886 0.00000000
vn 0.00039443 -0.99999992 0.00000000
vn 0.00078886 -0.99999969 0.00000000
vn 0.00078886 -0.99999969 0.00000000
vn 0.00039443 -0.99999992 0.00000000
vn -0.00039443 0.99999992 0.00000000
vn -0.00039443 0.99999992 0.00000000
vn -0.00078886 0.99999969 0.00000000
vn -0.00078886 0.99999969 0.00000000
vn 0.00000000 0.00000000 -1.00000000
vn 0.00000000 0.00000000 -1.00000000
vn 0.00000000 0.00000000 -1.00000000
vn 0.00000000 0.00000000 -1.00000000
vn 0.00000000 0.00000000 1.00000000
vn 0.00000000 0.00000000 1.00000000
vn 0.00000000 0.00000000 1.00000000
vn 0.00000000 0.00000000 1.00000000
vn -0.99999992 -0.00039443 0.00000000
vn -0.99999992 -0.00039443 0.00000000
vn -0.99999992 -0.00039443 0.00000000
vn -0.99999992 -0.00039443 0.00000000
vn 0.99999990 0.00045244 0.00000000
vn 0.99999990 0.00045244 0.00000000
vn 0.99999990 0.00045244 0.00000000
vn 0.99999990 0.00045244 0.00000000
vn 0.00039443 -0.99999992 0.00000000
vn 0.00045244 -0.99999990 0.00000000
vn 0.00045244 -0.99999990 0.00000000
vn 0.00039443 -0.99999992 0.00000000
vn -0.00039443 0.99999992 0.00000000
vn -0.00039443 0.99999992 0.00000000
vn -0.00045244 0.99999990 0.00000000
vn -0.00045244 0.99999990 0.00000000
vn 0.00000000 0.00000000 -1.00000000
vn 0.00000000 0.00000000 -1.00000000
vn 0.00000000 0.00000000 -1.00000000
vn 0.00000000 0.00000000 -1.00000000
vn 0.00000000 0.00000000 1.00000000
vn 0.00000000 0.00000000 1.00000000
vn 0.00000000 0.00000000 1.00000000
vn 0.00000000 0.00000000 1.00000000
vn -0.99999969 -0.00078886 0.00000000
vn -0.99999969 -0.00078886 0.00000000
vn -0.99999969 -0.00078886 0.00000000
vn -0.99999969 -0.00078886 0.00000000
vn 0.99999930 0.00118329 0.00000000
vn 0.99999930 0.00118329 0.00000000
vn 0.99999930 0.00118329 0.00000000
vn 0.99999930 0.00118329 0.00000000
vn 0.00078886 -0.99999969 0.00000000
vn 0.00118329 -0.99999930 0.00000000
vn 0.00118329 -0.99999930 0.00000000
vn 0.00078886 -0.99999969 0.00000000
vn -0.00078886 0.99999969 0.00000000
vn -0.00078886 0.99999969 0.00000000
vn -0.00118329 0.99999930 0.00000000
vn -0.00118329 0.99999930 0.00000000
vn 0.00000000 0.00000000 -1.00000000
vn 0.00000000 0.00000000 -1.00000000
vn 0.00000000 0.00000000 -1.00000000
vn 0.00000000 0.00000000 -1.00000000
vn 0.00000000 0.00000000 1.00000000
vn 0.00000000 0.00000000 1.00000000
vn 0.00000000 0.00000000 1.00000000
vn 0.00000000 0.00000000 1.00000000
vn -0.99999969 -0.00078886 0.00000000
vn -0.99999969 -0.00078886 0.00000000
vn -0.99999969 -0.00078886 0.00000000
vn -0.99999969 -0.00078886 0.00000000
vn 0.99999964 0.00084687 0.00000000
vn 0.99999964 0.00084687 0.00000000
vn 0.99999964 0.00084687 0.00000000
vn 0.99999964 0.00084687 0.00000000
vn 0.00078886 -0.99999969 0.00000000
vn 0.00084687 -0.99999964 0.00000000
vn 0.00084687 -0.99999964 0.00000000
vn 0.00078886 -0.99999969 0.00000000
vn -0.00078886 0.99999969 0.00000000
vn -0.00078886 0.99999969 0.00000000
vn -0.00084687 0.99999964 0.00000000
vn -0.00084687 0.99999964 0.00000000
vn 0.00000000 0.00000000 -1.00000000
vn 0.00000000 0.00000000 -1.00000000
vn 0.00000000 0.00000000 -1.00000000
vn 0.00000000 0.00000000 -1.00000000
vn 0.00000000 0.00000000 1.00000000
vn 0.00000000 0.00000000 1.00000000
vn 0.00000000 0.00000000 1.00000000
vn 0.00000000 0.00000000 1.00000000
vn -0.99999930 -0.00118329 0.00000000
vn -0.99999930 -0.00118329 0.00000000
vn -0.99999930 -0.00118329 0.00000000
vn -0.99999930 -0.00118329 0.00000000
vn 0.99999876 0.00157773 0.00000000
vn 0.99999876 0.00157773 0.00000000
vn 0.99999876 0.00157773 0.00000000
vn 0.99999876 0.00157773 0.00000000
vn 0.00118329 -0.99999930 0.00000000
vn 0.00157773 -0.99999876 0.00000000
vn 0.00157773 -0.99999876 0.00000000
vn 0.00118329 -0.99999930 0.00000000
vn -0.00118329 0.99999930 0.00000000
vn -0.00118329 0.99999930 0.00000000
vn -0.00157773 0.99999876 0.00000000
vn -0.00157773 0.99999876 0.00000000
vn 0.00000000 0.00000000 -1.00000000
vn 0.00000000 0.00000000 -1.00000000
vn 0.00000000 0.00000000 -1.00000000
vn 0.00000000 0.00000000 -1.00000000
vn 0.00000000 0.00000000 1.00000000
vn 0.00000000 0.00000000 1.00000000
vn 0.00000000 0.00000000 1.00000000
vn 0.00000000 0.00000000 1.00000000
vn -0.99999930 -0.00118329 0.00000000
vn -0.99999930 -0.00118329 0.00000000
vn -0.99999930 -0.00118329 0.00000000
vn -0.99999930 -0.00118329 0.00000000
vn 0.99999923 0.00124130 0.00000000
vn 0.99999923 0.00124130 0.00000000
vn 0.99999923 0.00124130 0.00000000
vn 0.99999923 0.00124130 0.00000000
vn 0.00118329 -0.99999930 0.00000000
vn 0.00124130 -0.99999923 0.00000000
vn 0.00124130 -0.99999923 0.00000000
vn 0.00118329 -0.99999930 0.00000000
vn -0.00118329 0.99999930 0.00000000
vn -0.00118329 0.99999930 0.00000000
vn -0.00124130 0.99999923 0.00000000
vn -0.00124130 0.99999923 0.00000000
vn 0.00000000 0.00000000 -1.00000000
vn 0.00000000 0.00000000 -1.00000000
vn 0.00000000 0.00000000 -1.00000000
vn 0.00000000 0.00000000 -1.00000000
vn 0.00000000 0.00000000 1.00000000
vn 0.00000000 0.00000000 1.00000000
vn 0.00000000 0.00000000 1.00000000
vn 0.00000000 0.00000000 1.00000000
vn -0.99999876 -0.00157773 0.00000000
vn -0.99999876 -0.00157773 0.00000000
vn -0.99999876 -0.00157773 0.00000000
vn -0.99999876 -0.00157773 0.00000000
vn 0.99999806 0.00197216 0.00000000
vn 0.99999806 0.00197216 0.00000000
vn 0.99999806 0.00197216 0.00000000
vn 0.99999806 0.00197216 0.00000000
vn 0.00157773 -0.99999876 0.00000000
vn 0.00197216 -0.99999806 0.00000000
vn 0.00197216 -0.99999806 0.00000000
vn 0.00157773 -0.99999876 0.00000000
vn -0.00157773 0.99999876 0.00000000
vn -0.00157773 0.99999876 0.00000000
vn -0.00197216 0.99999806 0.00000000
vn -0.00197216 0.99999806 0.00000000
vn 0.00000000 0.00000000 -1.00000000
vn 0.00000000 0.00000000 -1.00000000
vn 0.00000000 0.00000000 -1.00000000
vn 0.00000000 0.00000000 -1.00000000
vn 0.00000000 0.00000000 1.00000000
vn 0.00000000 0.00000000 1.00000000
vn 0.00000000 0.00000000 1.00000000
vn 0.00000000 0.00000000 1.00000000
vn -0.99999876 -0.00157773 0.00000000
vn -0.99999876 -0.00157773 0.00000000
vn -0.99999876 -0.00157773 0.00000000
vn -0.99999876 -0.00157773 0.00000000
vn 0.99999866 0.00163573 0.00000000
vn 0.99999866 0.00163573 0.00000000
vn 0.99999866 0.00163573 0.00000000
vn 0.99999866 0.00163573 0.00000000
vn 0.00157773 -0.99999876 0.00000000
vn 0.00163573 -0.99999866 0.00000000
vn 0.00163573 -0.99999866 0.00000000
vn 0.00157773 -0.99999876 0.00000000
vn -0.00157773 0.99999876 0.00000000
vn -0.00157773 0.99999876 0.00000000
vn -0.00163573 0.99999866 0.00000000
vn -0.00163573 0.99999866 0.00000000
vn 0.00000000 0.00000000 -1.00000000
vn 0.00000000 0.00000000 -1.00000000
vn 0.00000000 0.00000000 -1.00000000
vn 0.00000000 0.00000000 -1.00000000
vn 0.00000000 0.00000000 1.00000000
vn 0.00000000 0.00000000 1.00000000
vn 0.00000000 0.00000000 1.00000000
vn 0.00000000 0.00000000 1.00000000
vn -0.99999806 -0.00197216 0.00000000
vn -0.99999806 -0.00197216 0.00000000
vn -0.99999806 -0.00197216 0.00000000
vn -0.99999806 -0.00197216 0.00000000
vn 0.99999720 0.00236659 0.00000000
vn 0.99999720 0.00236659 0.00000000
vn 0.99999720 0.00236659 0.00000000
vn 0.99999720 0.00236659 0.00000000
vn 0.00197216 -0.99999806 0.00000000
vn 0.00236659 -0.99999720 0.00000000
vn 0.00236659 -0.99999720 0.00000000
vn 0.00197216 -0.99999806 0.00000000
vn -0.00197216 0.99999806 0.00000000
vn -0.00197216 0.99999806 0.00000000
vn -0.00236659 0.99999720 0.00000000
vn -0.00236659 0.99999720 0.00000000
vn 0.00000000 0.00000000 -1.00000000
vn 0.00000000 0.00000000 -1.00000000
vn 0.00000000 0.00000000 -1.00000000
vn 0.00000000 0.00000000 -1.00000000
vn 0.00000000 0.00000000 1.00000000
vn 0.00000000 0.00000000 1.00000000
vn 0.00000000 0.00000000 1.00000000
vn 0.00000000 0.00000000 1.00000000
vn -0.99999806 -0.00197216 0.00000000
vn -0.99999806 -0.00197216 0.00000000
vn -0.99999806 -0.00197216 0.00000000
vn -0.99999806 -0.00197216 0.00000000
vn 0.99999794 0.00203016 0.00000000
vn 0.99999794 0.00203016 0.00000000
vn 0.99999794 0.00203016 0.00000000
vn 0.99999794 0.00203016 0.00000000
vn 0.00197216 -0.99999806 0.00000000
vn 0.00203016 -0.99999794 0.00000000
vn 0.00203016 -0.99999794 0.00000000
vn 0.00197216 -0.99999806 0.00000000
vn -0.00197216 0.99999806 0.00000000
vn -0.00197216 0.99999806 0.00000000
vn -0.00203016 0.99999794 0.00000000
vn -0.00203016 0.99999794 0.00000000
vn 0.00000000 0.00000000 -1.00000000
vn 0.00000000 0.00000000 -1.00000000
vn 0.00000000 0.00000000 -1.00000000
vn 0.00000000 0.00000000 -1.00000000
vn 0.00000000 0.00000000 1.00000000
vn 0.00000000 0.00000000 1.00000000
vn 0.00000000 0.00000000 1.00000000
vn 0.00000000 0.00000000 1.00000000
vn -0.99999720 -0.00236659 0.00000000
vn -0.99999720 -0.00236659 0.00000000
vn -0.99999720 -0.00236659 0.00000000
vn -0.99999720 -0.00236659 0.00000000
vn 0.99999619 0.00276102 0.00000000
vn 0.99999619 0.00276102 0.00000000
vn 0.99999619 0.00276102 0.00000000
vn 0.99999619 0.00276102 0.00000000
vn 0.00236659 -0.99999720 0.00000000
vn 0.00276102 -0.99999619 0.00000000
vn 0.00276102 -0.99999619 0.00000000
vn 0.00236659 -0.99999720 0.00000000
vn -0.00236659 0.99999720 0.00000000
vn -0.00236659 0.99999720 0.00000000
vn -0.00276102 0.99999619 0.00000000
vn -0.00276102 0.99999619 0.00000000
vn 0.00000000 0.00000000 -1.00000000
vn 0.00000000 0.00000000 -1.00000000
vn 0.00000000 0.00000000 -1.00000000
vn 0.00000000 0.00000000 -1.00000000
vn 0.00000000 0.00000000 1.00000000
vn 0.00000000 0.00000000 1.00000000
vn 0.00000000 0.00000000 1.00000000
vn 0.00000000 0.00000000 1.00000000
vn -0.99999720 -0.00236659 0.00000000
vn -0.99999720 -0.00236659 0.00000000
vn -0.99999720 -0.00236659 0.00000000
vn -0.99999720 -0.00236659 0.00000000
vn 0.99999706 0.00242459 0.00000000
vn 0.99999706 0.00242459 0.00000000
vn 0.99999706 0.00242459 0.00000000
vn 0.99999706 0.00242459 0.00000000
vn 0.00236659 -0.99999720 0.00000000
vn 0.00242459 -0.99999706 0.00000000
vn 0.00242459 -0.99999706 0.00000000
vn 0.00236659 -0.99999720 0.00000000
vn -0.00236659 0.99999720 0.00000000
vn -0.00236659 0.99999720 0.00000000
vn -0.00242459 0.99999706 0.00000000
vn -0.00242459 0.99999706 0.00000000
vn 0.00000000 0.00000000 -1.00000000
vn 0.00000000 0.00000000 -1.00000000
vn 0.00000000 0.00000000 -1.00000000
vn 0.00000000 0.00000000 -1.00000000
vn 0.00000000 0.00000000 1.00000000
vn 0.00000000 0.00000000 1.00000000
vn 0.00000000 0.00000000 1.00000000
vn 0.00000000 0.00000000 1.00000000
vn -0.99973516 0.02301338 0.00000000
vn -0.99973516 0.02301338 0.00000000
vn -0.99973516 0.02301338 0.00000000
vn -0.99973516 0.02301338 0.00000000
vn 0.99973835 -0.02287421 0.00000000
vn 0.99973835 -0.02287421 0.00000000
vn 0.99973835 -0.02287421 0.00000000
vn 0.99973835 -0.02287421 0.00000000
vn 0.00000000 0.00000000 -1.00000000
vn 0.00000000 0.00000000 -1.00000000
vn 0.00000000 0.00000000 -1.00000000
vn 0.00000000 0.00000000 -1.00000000
vn 0.00000000 0.00000000 1.00000000
vn 0.00000000 0.00000000 1.00000000
vn 0.00000000 0.00000000 1.00000000
vn 0.00000000 0.00000000 1.00000000
vn -0.99973835 -0.02287421 0.00000000
vn -0.99973835 -0.02287421 0.00000000
vn -0.99973835 -0.02287421 0.00000000
vn -0.99973835 -0.02287421 0.00000000
vn 0.99973516 0.02301338 0.00000000
vn 0.99973516 0.02301338 0.00000000
vn 0.99973516 0.02301338 0.00000000
vn 0.99973516 0.02301338 0.00000000
vn 0.00000000 0.00000000 -1.00000000
vn 0.00000000 0.00000000 -1.00000000
vn 0.00000000 0.00000000 -1.00000000
vn 0.00000000 0.00000000 -1.00000000
vn 0.00000000 0.00000000 1.00000000
vn 0.00000000 0.00000000 1.00000000
vn 0.00000000 0.00000000 1.00000000
vn 0.00000000 0.00000000 1.00000000
vn -0.99973516 0.02301338 0.00000000
vn -0.99973516 0.02301338 0.00000000
vn -0.99973516 0.02301338 0.00000000
vn -0.99973516 0.02301338 0.00000000
vn 0.99988229 -0.01534301 0.00000000
vn 0.99988229 -0.01534301 0.00000000
vn 0.99988229 -0.01534301 0.00000000
vn 0.99988229 -0.01534301 0.00000000
vn 0.00000000 0.00000000 -1.00000000
vn 0.00000000 0.00000000 -1.00000000
vn 0.00000000 0.00000000 -1.00000000
vn 0.00000000 0.00000000 -1.00000000
vn 0.00000000 0.00000000 1.00000000
vn 0.00000000 0.00000000 1.00000000
vn 0.00000000 0.00000000 1.00000000
vn 0.00000000 0.00000000 1.00000000
vn -0.99973516 0.02301338 0.00000000
vn -0.99973516 0.02301338 0.00000000
vn -0.99973516 0.02301338 0.00000000
vn -0.99973516 0.02301338 0.00000000
vn 0.99984502 -0.01760488 0.00000000
vn 0.99984502 -0.01760488 0.00000000
vn 0.99984502 -0.01760488 0.00000000
vn 0.99984502 -0.01760488 0.00000000
vn 0.00000000 0.00000000 -1.00000000
vn 0.00000000 0.00000000 -1.00000000
vn 0.00000000 0.00000000 -1.00000000
vn 0.00000000 0.00000000 -1.00000000
vn 0.00000000 0.00000000 1.00000000
vn 0.00000000 0.00000000 1.00000000
vn 0.00000000 0.00000000 1.00000000
vn 0.00000000 0.00000000 1.00000000
vn -0.99973516 0.02301338 0.00000000
vn -0.99973516 0.02301338 0.00000000
vn -0.99973516 0.02301338 0.00000000
vn -0.99973516 0.02301338 0.00000000
vn 0.99984502 -0.01760488 0.00000000
vn 0.99984502 -0.01760488 0.00000000
vn 0.99984502 -0.01760488 0.00000000
vn 0.99984502 -0.01760488 0.00000000
vn 0.00000000 0.00000000 -1.00000000
vn 0.00000000 0.00000000 -1.00000000
vn 0.00000000 0.00000000 -1.00000000
vn 0.00000000 0.00000000 -1.00000000
vn 0.00000000 0.00000000 1.00000000
vn 0.00000000 0.00000000 1.00000000
vn 0.00000000 0.00000000 1.00000000
vn 0.00000000 0.00000000 1.00000000
vn -0.99973516 0.02301338 0.00000000
vn -0.99973516 0.02301338 0.00000000
vn -0.99973516 0.02301338 0.00000000
vn -0.99973516 0.02301338 0.00000000
vn 0.99984502 -0.01760488 0.00000000
vn 0.99984502 -0.01760488 0.00000000
vn 0.99984502 -0.01760488 0.00000000
vn 0.99984502 -0.01760488 0.00000000
vn 0.00000000 0.00000000 -1.00000000
vn 0.00000000 0.00000000 -1.00000000
vn 0.00000000 0.00000000 -1.00000000
vn 0.00000000 0.00000000 -1.00000000
vn 0.00000000 0.00000000 1.00000000
vn 0.00000000 0.00000000 1.00000000
vn 0.00000000 0.00000000 1.00000000
vn 0.00000000 0.00000000 1.00000000
vn -0.99987960 0.01551700 0.00000000
vn -0.99987960 0.01551700 0.00000000
vn -0.99987960 0.01551700 0.00000000
vn -0.99987960 0.01551700 0.00000000
vn 0.99988229 -0.01534301 0.00000000
vn 0.99988229 -0.01534301 0.00000000
vn 0.99988229 -0.01534301 0.00000000
vn 0.99988229 -0.01534301 0.00000000
vn 0.00000000 0.00000000 -1.00000000
vn 0.00000000 0.00000000 -1.00000000
vn 0.00000000 0.00000000 -1.00000000
vn 0.00000000 0.00000000 -1.00000000
vn 0.00000000 0.00000000 1.00000000
vn 0.00000000 0.00000000 1.00000000
vn 0.00000000 0.00000000 1.00000000
vn 0.00000000 0.00000000 1.00000000
vn -0.99984502 0.01760488 0.00000000
vn -0.99984502 0.01760488 0.00000000
vn -0.99984502 0.01760488 0.00000000
vn -0.99984502 0.01760488 0.00000000
vn 0.99987960 -0.01551700 0.00000000
vn 0.99987960 -0.01551700 0.00000000
vn 0.99987960 -0.01551700 0.00000000
vn 0.99987960 -0.01551700 0.00000000
vn -0.01760488 -0.99984502 0.00000000
vn -0.01551700 -0.99987960 0.00000000
vn -0.01551700 -0.99987960 0.00000000
vn -0.01760488 -0.99984502 0.00000000
vn 0.00000000 0.00000000 -1.00000000
vn 0.00000000 0.00000000 -1.00000000
vn 0.00000000 0.00000000 -1.00000000
vn 0.00000000 0.00000000 -1.00000000
vn 0.00000000 0.00000000 1.00000000
vn 0.00000000 0.00000000 1.00000000
vn 0.00000000 0.00000000 1.00000000
vn 0.00000000 0.00000000 1.00000000
vn -0.99973835 0.02287421 0.00000000
vn -0.99973835 0.02287421 0.00000000
vn -0.99973835 0.02287421 0.00000000
vn -0.99973835 0.02287421 0.00000000
vn 0.99988014 -0.01548220 0.00000000
vn 0.99988014 -0.01548220 0.00000000
vn 0.99988014 -0.01548220 0.00000000
vn 0.99988014 -0.01548220 0.00000000
vn -0.02287421 -0.99973835 0.00000000
vn -0.01548220 -0.99988014 0.00000000
vn -0.01548220 -0.99988014 0.00000000
vn -0.02287421 -0.99973835 0.00000000
vn 0.02287421 0.99973835 0.00000000
vn 0.02287421 0.99973835 0.00000000
vn 0.01548220 0.99988014 0.00000000
vn 0.01548220 0.99988014 0.00000000
vn 0.00000000 0.00000000 -1.00000000
vn 0.00000000 0.00000000 -1.00000000
vn 0.00000000 0.00000000 -1.00000000
vn 0.00000000 0.00000000 -1.00000000
vn 0.00000000 0.00000000 1.00000000
vn 0.00000000 0.00000000 1.00000000
vn 0.00000000 0.00000000 1.00000000
vn 0.00000000 0.00000000 1.00000000
vn -0.99988229 0.01534301 0.00000000
vn -0.99988229 0.01534301 0.00000000
vn -0.99988229 0.01534301 0.00000000
vn -0.99988229 0.01534301 0.00000000
vn 0.99997057 -0.00767173 0.00000000
vn 0.99997057 -0.00767173 0.00000000
vn 0.99997057 -0.00767173 0.00000000
vn 0.99997057 -0.00767173 0.00000000
vn 0.00000000 0.00000000 -1.00000000
vn 0.00000000 0.00000000 -1.00000000
vn 0.00000000 0.00000000 -1.00000000
vn 0.00000000 0.00000000 -1.00000000
vn 0.00000000 0.00000000 1.00000000
vn 0.00000000 0.00000000 1.00000000
vn 0.00000000 0.00000000 1.00000000
vn 0.00000000 0.00000000 1.00000000
vn -0.99988229 0.01534301 0.00000000
vn -0.99988229 0.01534301 0.00000000
vn -0.99988229 0.01534301 0.00000000
vn -0.99988229 0.01534301 0.00000000
vn 0.99995066 -0.00993382 0.00000000
vn 0.99995066 -0.00993382 0.00000000
vn 0.99995066 -0.00993382 0.00000000
vn 0.99995066 -0.00993382 0.00000000
vn 0.00000000 0.00000000 -1.00000000
vn 0.00000000 0.00000000 -1.00000000
vn 0.00000000 0.00000000 -1.00000000
vn 0.00000000 0.00000000 -1.00000000
vn 0.00000000 0.00000000 1.00000000
vn 0.00000000 0.00000000 1.00000000
vn 0.00000000 0.00000000 1.00000000
vn 0.00000000 0.00000000 1.00000000
vn -0.99988229 0.01534301 0.00000000
vn -0.99988229 0.01534301 0.00000000
vn -0.99988229 0.01534301 0.00000000
vn -0.99988229 0.01534301 0.00000000
vn 0.99995066 -0.00993382 0.00000000
vn 0.99995066 -0.00993382 0.00000000
vn 0.99995066 -0.00993382 0.00000000
vn 0.99995066 -0.00993382 0.00000000
vn 0.00000000 0.00000000 -1.00000000
vn 0.00000000 0.00000000 -1.00000000
vn 0.00000000 0.00000000 -1.00000000
vn 0.00000000 0.00000000 -1.00000000
vn 0.00000000 0.00000000 1.00000000
vn 0.00000000 0.00000000 1.00000000
vn 0.00000000 0.00000000 1.00000000
vn 0.00000000 0.00000000 1.00000000
vn -0.99988229 0.01534301 0.00000000
vn -0.99988229 0.01534301 0.00000000
vn -0.99988229 0.01534301 0.00000000
vn -0.99988229 0.01534301 0.00000000
vn 0.99995066 -0.00993382 0.00000000
vn 0.99995066 -0.00993382 0.00000000
vn 0.99995066 -0.00993382 0.00000000
vn 0.99995066 -0.00993382 0.00000000
vn 0.00000000 0.00000000 -1.00000000
vn 0.00000000 0.00000000 -1.00000000
vn 0.00000000 0.00000000 -1.00000000
vn 0.00000000 0.00000000 -1.00000000
vn 0.00000000 0.00000000 1.00000000
vn 0.00000000 0.00000000 1.00000000
vn 0.00000000 0.00000000 1.00000000
vn 0.00000000 0.00000000 1.00000000
vn -0.99996922 0.00784574 0.00000000
vn -0.99996922 0.00784574 0.00000000
vn -0.99996922 0.00784574 0.00000000
vn -0.99996922 0.00784574 0.00000000
vn 0.99997057 -0.00767173 0.00000000
vn 0.99997057 -0.00767173 0.00000000
vn 0.99997057 -0.00767173 0.00000000
vn 0.99997057 -0.00767173 0.00000000
vn 0.00000000 0.00000000 -1.00000000
vn 0.00000000 0.00000000 -1.00000000
vn 0.00000000 0.00000000 -1.00000000
vn 0.00000000 0.00000000 -1.00000000
vn 0.00000000 0.00000000 1.00000000
vn 0.00000000 0.00000000 1.00000000
vn 0.00000000 0.00000000 1.00000000
vn 0.00000000 0.00000000 1.00000000
vn -0.99995066 0.00993382 0.00000000
vn -0.99995066 0.00993382 0.00000000
vn -0.99995066 0.00993382 0.00000000
vn -0.99995066 0.00993382 0.00000000
vn 0.99996922 -0.00784574 0.00000000
vn 0.99996922 -0.00784574 0.00000000
vn 0.99996922 -0.00784574 0.00000000
vn 0.99996922 -0.00784574 0.00000000
vn -0.00993382 -0.99995066 0.00000000
vn -0.00784574 -0.99996922 0.00000000
vn -0.00784574 -0.99996922 0.00000000
vn -0.00993382 -0.99995066 0.00000000
vn 0.00000000 0.00000000 -1.00000000
vn 0.00000000 0.00000000 -1.00000000
vn 0.00000000 0.00000000 -1.00000000
vn 0.00000000 0.00000000 -1.00000000
vn 0.00000000 0.00000000 1.00000000
vn 0.00000000 0.00000000 1.00000000
vn 0.00000000 0.00000000 1.00000000
vn 0.00000000 0.00000000 1.00000000
vn -0.99988442 0.01520381 0.00000000
vn -0.99988442 0.01520381 0.00000000
vn -0.99988442 0.01520381 0.00000000
vn -0.99988442 0.01520381 0.00000000
vn 0.99996949 -0.00781094 0.00000000
vn 0.99996949 -0.00781094 0.00000000
vn 0.99996949 -0.00781094 0.00000000
vn 0.99996949 -0.00781094 0.00000000
vn -0.01520381 -0.99988442 0.00000000
vn -0.00781094 -0.99996949 0.00000000
vn -0.00781094 -0.99996949 0.00000000
vn -0.01520381 -0.99988442 0.00000000
vn 0.01520381 0.99988442 0.00000000
vn 0.01520381 0.99988442 0.00000000
vn 0.00781094 0.99996949 0.00000000
vn 0.00781094 0.99996949 0.00000000
vn 0.00000000 0.00000000 -1.00000000
vn 0.00000000 0.00000000 -1.00000000
vn 0.00000000 0.00000000 -1.00000000
vn 0.00000000 0.00000000 -1.00000000
vn 0.00000000 0.00000000 1.00000000
vn 0.00000000 0.00000000 1.00000000
vn 0.00000000 0.00000000 1.00000000
vn 0.00000000 0.00000000 1.00000000
vn -0.99997057 0.00767173 0.00000000
vn -0.99997057 0.00767173 0.00000000
vn -0.99997057 0.00767173 0.00000000
vn -0.99997057 0.00767173 0.00000000
vn 1.00000000 -0.00000000 0.00000000
vn 1.00000000 -0.00000000 0.00000000
vn 1.00000000 -0.00000000 0.00000000
vn 1.00000000 -0.00000000 0.00000000
vn 0.00000000 0.00000000 -1.00000000
vn 0.00000000 0.00000000 -1.00000000
vn 0.00000000 0.00000000 -1.00000000
vn 0.00000000 0.00000000 -1.00000000
vn 0.00000000 0.00000000 1.00000000
vn 0.00000000 0.00000000 1.00000000
vn 0.00000000 0.00000000 1.00000000
vn 0.00000000 0.00000000 1.00000000
vn -0.99997057 0.00767173 0.00000000
vn -0.99997057 0.00767173 0.00000000
vn -0.99997057 0.00767173 0.00000000
vn -0.99997057 0.00767173 0.00000000
vn 0.99999744 -0.00226218 0.00000000
vn 0.99999744 -0.00226218 0.00000000
vn 0.99999744 -0.00226218 0.00000000
vn 0.99999744 -0.00226218 0.00000000
vn 0.00000000 0.00000000 -1.00000000
vn 0.00000000 0.00000000 -1.00000000
vn 0.00000000 0.00000000 -1.00000000
vn 0.00000000 0.00000000 -1.00000000
vn 0.00000000 0.00000000 1.00000000
vn 0.00000000 0.00000000 1.00000000
vn 0.00000000 0.00000000 1.00000000
vn 0.00000000 0.00000000 1.00000000
vn -0.99997057 0.00767173 0.00000000
vn -0.99997057 0.00767173 0.00000000
vn -0.99997057 0.00767173 0.00000000
vn -0.99997057 0.00767173 0.00000000
vn 0.99999744 -0.00226218 0.00000000
vn 0.99999744 -0.00226218 0.00000000
vn 0.99999744 -0.00226218 0.00000000
vn 0.99999744 -0.00226218 0.00000000
vn 0.00000000 0.00000000 -1.00000000
vn 0.00000000 0.00000000 -1.00000000
vn 0.00000000 0.00000000 -1.00000000
vn 0.00000000 0.00000000 -1.00000000
vn 0.00000000 0.00000000 1.00000000
vn 0.00000000 0.00000000 1.00000000
vn 0.00000000 0.00000000 1.00000000
vn 0.00000000 0.00000000 1.00000000
vn -0.99997057 0.00767173 0.00000000
vn -0.99997057 0.00767173 0.00000000
vn -0.99997057 0.00767173 0.00000000
vn -0.99997057 0.00767173 0.00000000
vn 0.99999744 -0.00226218 0.00000000
vn 0.99999744 -0.00226218 0.00000000
vn 0.99999744 -0.00226218 0.00000000
vn 0.99999744 -0.00226218 0.00000000
vn 0.00000000 0.00000000 -1.00000000
vn 0.00000000 0.00000000 -1.00000000
vn 0.00000000 0.00000000 -1.00000000
vn 0.00000000 0.00000000 -1.00000000
vn 0.00000000 0.00000000 1.00000000
vn 0.00000000 0.00000000 1.00000000
vn 0.00000000 0.00000000 1.00000000
vn 0.00000000 0.00000000 1.00000000
vn -0.99999998 0.00017401 0.00000000
vn -0.99999998 0.00017401 0.00000000
vn -0.99999998 0.00017401 0.00000000
vn -0.99999998 0.00017401 0.00000000
vn 1.00000000 -0.00000000 0.00000000
vn 1.00000000 -0.00000000 0.00000000
vn 1.00000000 -0.00000000 0.00000000
vn 1.00000000 -0.00000000 0.00000000
vn 0.00000000 0.00000000 -1.00000000
vn 0.00000000 0.00000000 -1.00000000
vn 0.00000000 0.00000000 -1.00000000
vn 0.00000000 0.00000000 -1.00000000
vn 0.00000000 0.00000000 1.00000000
vn 0.00000000 0.00000000 1.00000000
vn 0.00000000 0.00000000 1.00000000
vn 0.00000000 0.00000000 1.00000000
vn -0.99999744 0.00226218 0.00000000
vn -0.99999744 0.00226218 0.00000000
vn -0.99999744 0.00226218 0.00000000
vn -0.99999744 0.00226218 0.00000000
vn 0.99999998 -0.00017401 0.00000000
vn 0.99999998 -0.00017401 0.00000000
vn 0.99999998 -0.00017401 0.00000000
vn 0.99999998 -0.00017401 0.00000000
vn -0.00226218 -0.99999744 0.00000000
vn -0.00017401 -0.99999998 0.00000000
vn -0.00017401 -0.99999998 0.00000000
vn -0.00226218 -0.99999744 0.00000000
vn 0.00000000 0.00000000 -1.00000000
vn 0.00000000 0.00000000 -1.00000000
vn 0.00000000 0.00000000 -1.00000000
vn 0.00000000 0.00000000 -1.00000000
vn 0.00000000 0.00000000 1.00000000
vn 0.00000000 0.00000000 1.00000000
vn 0.00000000 0.00000000 1.00000000
vn 0.00000000 0.00000000 1.00000000
vn -0.99997163 0.00753252 0.00000000
vn -0.99997163 0.00753252 0.00000000
vn -0.99997163 0.00753252 0.00000000
vn -0.99997163 0.00753252 0.00000000
vn 0.99999999 -0.00013921 0.00000000
vn 0.99999999 -0.00013921 0.00000000
vn 0.99999999 -0.00013921 0.00000000
vn 0.99999999 -0.00013921 0.00000000
vn -0.00753252 -0.99997163 0.00000000
vn -0.00013921 -0.99999999 0.00000000
vn -0.00013921 -0.99999999 0.00000000
vn -0.00753252 -0.99997163 0.00000000
vn 0.00753252 0.99997163 0.00000000
vn 0.00753252 0.99997163 0.00000000
vn 0.00013921 0.99999999 0.00000000
vn 0.00013921 0.99999999 0.00000000
vn 0.00000000 0.00000000 -1.00000000
vn 0.00000000 0.00000000 -1.00000000
vn 0.00000000 0.00000000 -1.00000000
vn 0.00000000 0.00000000 -1.00000000
vn 0.00000000 0.00000000 1.00000000
vn 0.00000000 0.00000000 1.00000000
vn 0.00000000 0.00000000 1.00000000
vn 0.00000000 0.00000000 1.00000000
vn -1.00000000 0.00000000 0.00000000
vn -1.00000000 0.00000000 0.00000000
vn -1.00000000 0.00000000 0.00000000
vn -1.00000000 0.00000000 0.00000000
vn 0.99997057 0.00767173 0.00000000
vn 0.99997057 0.00767173 0.00000000
vn 0.99997057 0.00767173 0.00000000
vn 0.99997057 0.00767173 0.00000000
vn 0.00000000 0.00000000 -1.00000000
vn 0.00000000 0.00000000 -1.00000000
vn 0.00000000 0.00000000 -1.00000000
vn 0.00000000 0.00000000 -1.00000000
vn 0.00000000 0.00000000 1.00000000
vn 0.00000000 0.00000000 1.00000000
vn 0.00000000 0.00000000 1.00000000
vn 0.00000000 0.00000000 1.00000000
vn -1.00000000 0.00000000 0.00000000
vn -1.00000000 0.00000000 0.00000000
vn -1.00000000 0.00000000 0.00000000
vn -1.00000000 0.00000000 0.00000000
vn 0.99998537 0.00540960 0.00000000
vn 0.99998537 0.00540960 0.00000000
vn 0.99998537 0.00540960 0.00000000
vn 0.99998537 0.00540960 0.00000000
vn 0.00000000 0.00000000 -1.00000000
vn 0.00000000 0.00000000 -1.00000000
vn 0.00000000 0.00000000 -1.00000000
vn 0.00000000 0.00000000 -1.00000000
vn 0.00000000 0.00000000 1.00000000
vn 0.00000000 0.00000000 1.00000000
vn 0.00000000 0.00000000 1.00000000
vn 0.00000000 0.00000000 1.00000000
vn -1.00000000 0.00000000 0.00000000
vn -1.00000000 0.00000000 0.00000000
vn -1.00000000 0.00000000 0.00000000
vn -1.00000000 0.00000000 0.00000000
vn 0.99998537 0.00540960 0.00000000
vn 0.99998537 0.00540960 0.00000000
vn 0.99998537 0.00540960 0.00000000
vn 0.99998537 0.00540960 0.00000000
vn 0.00000000 0.00000000 -1.00000000
vn 0.00000000 0.00000000 -1.00000000
vn 0.00000000 0.00000000 -1.00000000
vn 0.00000000 0.00000000 -1.00000000
vn 0.00000000 0.00000000 1.00000000
vn 0.00000000 0.00000000 1.00000000
vn 0.00000000 0.00000000 1.00000000
vn 0.00000000 0.00000000 1.00000000
vn -1.00000000 0.00000000 0.00000000
vn -1.00000000 0.00000000 0.00000000
vn -1.00000000 0.00000000 0.00000000
vn -1.00000000 0.00000000 0.00000000
vn 0.99998537 0.00540960 0.00000000
vn 0.99998537 0.00540960 0.00000000
vn 0.99998537 0.00540960 0.00000000
vn 0.99998537 0.00540960 0.00000000
vn 0.00000000 0.00000000 -1.00000000
vn 0.00000000 0.00000000 -1.00000000
vn 0.00000000 0.00000000 -1.00000000
vn 0.00000000 0.00000000 -1.00000000
vn 0.00000000 0.00000000 1.00000000
vn 0.00000000 0.00000000 1.00000000
vn 0.00000000 0.00000000 1.00000000
vn 0.00000000 0.00000000 1.00000000
vn -0.99997189 -0.00749772 0.00000000
vn -0.99997189 -0.00749772 0.00000000
vn -0.99997189 -0.00749772 0.00000000
vn -0.99997189 -0.00749772 0.00000000
vn 0.99997057 0.00767173 0.00000000
vn 0.99997057 0.00767173 0.00000000
vn 0.99997057 0.00767173 0.00000000
vn 0.99997057 0.00767173 0.00000000
vn 0.00000000 0.00000000 -1.00000000
vn 0.00000000 0.00000000 -1.00000000
vn 0.00000000 0.00000000 -1.00000000
vn 0.00000000 0.00000000 -1.00000000
vn 0.00000000 0.00000000 1.00000000
vn 0.00000000 0.00000000 1.00000000
vn 0.00000000 0.00000000 1.00000000
vn 0.00000000 0.00000000 1.00000000
vn -0.99998537 -0.00540960 0.00000000
vn -0.99998537 -0.00540960 0.00000000
vn -0.99998537 -0.00540960 0.00000000
vn -0.99998537 -0.00540960 0.00000000
vn 0.99997189 0.00749772 0.00000000
vn 0.99997189 0.00749772 0.00000000
vn 0.99997189 0.00749772 0.00000000
vn 0.99997189 0.00749772 0.00000000
vn 0.00540960 -0.99998537 0.00000000
vn 0.00749772 -0.99997189 0.00000000
vn 0.00749772 -0.99997189 0.00000000
vn 0.00540960 -0.99998537 0.00000000
vn 0.00000000 0.00000000 -1.00000000
vn 0.00000000 0.00000000 -1.00000000
vn 0.00000000 0.00000000 -1.00000000
vn 0.00000000 0.00000000 -1.00000000
vn 0.00000000 0.00000000 1.00000000
vn 0.00000000 0.00000000 1.00000000
vn 0.00000000 0.00000000 1.00000000
vn 0.00000000 0.00000000 1.00000000
vn -0.99999999 -0.00013921 0.00000000
vn -0.99999999 -0.00013921 0.00000000
vn -0.99999999 -0.00013921 0.00000000
vn -0.99999999 -0.00013921 0.00000000
vn 0.99997163 0.00753252 0.00000000
vn 0.99997163 0.00753252 0.00000000
vn 0.99997163 0.00753252 0.00000000
vn 0.99997163 0.00753252 0.00000000
vn 0.00013921 -0.99999999 0.00000000
vn 0.00753252 -0.99997163 0.00000000
vn 0.00753252 -0.99997163 0.00000000
vn 0.00013921 -0.99999999 0.00000000
vn -0.00013921 0.99999999 0.00000000
vn -0.00013921 0.99999999 0.00000000
vn -0.00753252 0.99997163 0.00000000
vn -0.00753252 0.99997163 0.00000000
vn 0.00000000 0.00000000 -1.00000000
vn 0.00000000 0.00000000 -1.00000000
vn 0.00000000 0.00000000 -1.00000000
vn 0.00000000 0.00000000 -1.00000000
vn 0.00000000 0.00000000 1.00000000
vn 0.00000000 0.00000000 1.00000000
vn 0.00000000 0.00000000 1.00000000
vn 0.00000000 0.00000000 1.00000000
vn -0.99997057 -0.00767173 0.00000000
vn -0.99997057 -0.00767173 0.00000000
vn -0.99997057 -0.00767173 0.00000000
vn -0.99997057 -0.00767173 0.00000000
vn 0.99988229 0.01534301 0.00000000
vn 0.99988229 0.01534301 0.00000000
vn 0.99988229 0.01534301 0.00000000
vn 0.99988229 0.01534301 0.00000000
vn 0.00000000 0.00000000 -1.00000000
vn 0.00000000 0.00000000 -1.00000000
vn 0.00000000 0.00000000 -1.00000000
vn 0.00000000 0.00000000 -1.00000000
vn 0.00000000 0.00000000 1.00000000
vn 0.00000000 0.00000000 1.00000000
vn 0.00000000 0.00000000 1.00000000
vn 0.00000000 0.00000000 1.00000000
vn -0.99997057 -0.00767173 0.00000000
vn -0.99997057 -0.00767173 0.00000000
vn -0.99997057 -0.00767173 0.00000000
vn -0.99997057 -0.00767173 0.00000000
vn 0.99991444 0.01308105 0.00000000
vn 0.99991444 0.01308105 0.00000000
vn 0.99991444 0.01308105 0.00000000
vn 0.99991444 0.01308105 0.00000000
vn 0.00000000 0.00000000 -1.00000000
vn 0.00000000 0.00000000 -1.00000000
vn 0.00000000 0.00000000 -1.00000000
vn 0.00000000 0.00000000 -1.00000000
vn 0.00000000 0.00000000 1.00000000
vn 0.00000000 0.00000000 1.00000000
vn 0.00000000 0.00000000 1.00000000
vn 0.00000000 0.00000000 1.00000000
vn -0.99997057 -0.00767173 0.00000000
vn -0.99997057 -0.00767173 0.00000000
vn -0.99997057 -0.00767173 0.00000000
vn -0.99997057 -0.00767173 0.00000000
vn 0.99991444 0.01308105 0.00000000
vn 0.99991444 0.01308105 0.00000000
vn 0.99991444 0.01308105 0.00000000
vn 0.99991444 0.01308105 0.00000000
vn 0.00000000 0.00000000 -1.00000000
vn 0.00000000 0.00000000 -1.00000000
vn 0.00000000 0.00000000 -1.00000000
vn 0.00000000 0.00000000 -1.00000000
vn 0.00000000 0.00000000 1.00000000
vn 0.00000000 0.00000000 1.00000000
vn 0.00000000 0.00000000 1.00000000
vn 0.00000000 0.00000000 1.00000000
vn -0.99997057 -0.00767173 0.00000000
vn -0.99997057 -0.00767173 0.00000000
vn -0.99997057 -0.00767173 0.00000000
vn -0.99997057 -0.00767173 0.00000000
vn 0.99991444 0.01308105 0.00000000
vn 0.99991444 0.01308105 0.00000000
vn 0.99991444 0.01308105 0.00000000
vn 0.99991444 0.01308105 0.00000000
vn 0.00000000 0.00000000 -1.00000000
vn 0.00000000 0.00000000 -1.00000000
vn 0.00000000 0.00000000 -1.00000000
vn 0.00000000 0.00000000 -1.00000000
vn 0.00000000 0.00000000 1.00000000
vn 0.00000000 0.00000000 1.00000000
vn 0.00000000 0.00000000 1.00000000
vn 0.00000000 0.00000000 1.00000000
vn -0.99988494 -0.01516901 0.00000000
vn -0.99988494 -0.01516901 0.00000000
vn -0.99988494 -0.01516901 0.00000000
vn -0.99988494 -0.01516901 0.00000000
vn 0.99988229 0.01534301 0.00000000
vn 0.99988229 0.01534301 0.00000000
vn 0.99988229 0.01534301 0.00000000
vn 0.99988229 0.01534301 0.00000000
vn 0.00000000 0.00000000 -1.00000000
vn 0.00000000 0.00000000 -1.00000000
vn 0.00000000 0.00000000 -1.00000000
vn 0.00000000 0.00000000 -1.00000000
vn 0.00000000 0.00000000 1.00000000
vn 0.00000000 0.00000000 1.00000000
vn 0.00000000 0.00000000 1.00000000
vn 0.00000000 0.00000000 1.00000000
vn -0.99991444 -0.01308105 0.00000000
vn -0.99991444 -0.01308105 0.00000000
vn -0.99991444 -0.01308105 0.00000000
vn -0.99991444 -0.01308105 0.00000000
vn 0.99988494 0.01516901 0.00000000
vn 0.99988494 0.01516901 0.00000000
vn 0.99988494 0.01516901 0.00000000
vn 0.99988494 0.01516901 0.00000000
vn 0.01308105 -0.99991444 0.00000000
vn 0.01516901 -0.99988494 0.00000000
vn 0.01516901 -0.99988494 0.00000000
vn 0.01308105 -0.99991444 0.00000000
vn 0.00000000 0.00000000 -1.00000000
vn 0.00000000 0.00000000 -1.00000000
vn 0.00000000 0.00000000 -1.00000000
vn 0.00000000 0.00000000 -1.00000000
vn 0.00000000 0.00000000 1.00000000
vn 0.00000000 0.00000000 1.00000000
vn 0.00000000 0.00000000 1.00000000
vn 0.00000000 0.00000000 1.00000000
vn -0.99996949 -0.00781094 0.00000000
vn -0.99996949 -0.00781094 0.00000000
vn -0.99996949 -0.00781094 0.00000000
vn -0.99996949 -0.00781094 0.00000000
vn 0.99988442 0.01520381 0.00000000
vn 0.99988442 0.01520381 0.00000000
vn 0.99988442 0.01520381 0.00000000
vn 0.99988442 0.01520381 0.00000000
vn 0.00781094 -0.99996949 0.00000000
vn 0.01520381 -0.99988442 0.00000000
vn 0.01520381 -0.99988442 0.00000000
vn 0.00781094 -0.99996949 0.00000000
vn -0.00781094 0.99996949 0.00000000
vn -0.00781094 0.99996949 0.00000000
vn -0.01520381 0.99988442 0.00000000
vn -0.01520381 0.99988442 0.00000000
vn 0.00000000 0.00000000 -1.00000000
vn 0.00000000 0.00000000 -1.00000000
vn 0.00000000 0.00000000 -1.00000000
vn 0.00000000 0.00000000 -1.00000000
vn 0.00000000 0.00000000 1.00000000
vn 0.00000000 0.00000000 1.00000000
vn 0.00000000 0.00000000 1.00000000
vn 0.00000000 0.00000000 1.00000000
vn -0.99988229 -0.01534301 0.00000000
vn -0.99988229 -0.01534301 0.00000000
vn -0.99988229 -0.01534301 0.00000000
vn -0.99988229 -0.01534301 0.00000000
vn 0.99973516 0.02301338 0.00000000
vn 0.99973516 0.02301338 0.00000000
vn 0.99973516 0.02301338 0.00000000
vn 0.99973516 0.02301338 0.00000000
vn 0.00000000 0.00000000 -1.00000000
vn 0.00000000 0.00000000 -1.00000000
vn 0.00000000 0.00000000 -1.00000000
vn 0.00000000 0.00000000 -1.00000000
vn 0.00000000 0.00000000 1.00000000
vn 0.00000000 0.00000000 1.00000000
vn 0.00000000 0.00000000 1.00000000
vn 0.00000000 0.00000000 1.00000000
vn -0.99988229 -0.01534301 0.00000000
vn -0.99988229 -0.01534301 0.00000000
vn -0.99988229 -0.01534301 0.00000000
vn -0.99988229 -0.01534301 0.00000000
vn 0.99978466 0.02075174 0.00000000
vn 0.99978466 0.02075174 0.00000000
vn 0.99978466 0.02075174 0.00000000
vn 0.99978466 0.02075174 0.00000000
vn 0.00000000 0.00000000 -1.00000000
vn 0.00000000 0.00000000 -1.00000000
vn 0.00000000 0.00000000 -1.00000000
vn 0.00000000 0.00000000 -1.00000000
vn 0.00000000 0.00000000 1.00000000
vn 0.00000000 0.00000000 1.00000000
vn 0.00000000 0.00000000 1.00000000
vn 0.00000000 0.00000000 1.00000000
vn -0.99988229 -0.01534301 0.00000000
vn -0.99988229 -0.01534301 0.00000000
vn -0.99988229 -0.01534301 0.00000000
vn -0.99988229 -0.01534301 0.00000000
vn 0.99978466 0.02075174 0.00000000
vn 0.99978466 0.02075174 0.00000000
vn 0.99978466 0.02075174 0.00000000
vn 0.99978466 0.02075174 0.00000000
vn 0.00000000 0.00000000 -1.00000000
vn 0.00000000 0.00000000 -1.00000000
vn 0.00000000 0.00000000 -1.00000000
vn 0.00000000 0.00000000 -1.00000000
vn 0.00000000 0.00000000 1.00000000
vn 0.00000000 0.00000000 1.00000000
vn 0.00000000 0.00000000 1.00000000
vn 0.00000000 0.00000000 1.00000000
vn -0.99988229 -0.01534301 0.00000000
vn -0.99988229 -0.01534301 0.00000000
vn -0.99988229 -0.01534301 0.00000000
vn -0.99988229 -0.01534301 0.00000000
vn 0.99978466 0.02075174 0.00000000
vn 0.99978466 0.02075174 0.00000000
vn 0.99978466 0.02075174 0.00000000
vn 0.99978466 0.02075174 0.00000000
vn 0.00000000 0.00000000 -1.00000000
vn 0.00000000 0.00000000 -1.00000000
vn 0.00000000 0.00000000 -1.00000000
vn 0.00000000 0.00000000 -1.00000000
vn 0.00000000 0.00000000 1.00000000
vn 0.00000000 0.00000000 1.00000000
vn 0.00000000 0.00000000 1.00000000
vn 0.00000000 0.00000000 1.00000000
vn -0.99973915 -0.02283941 0.00000000
vn -0.99973915 -0.02283941 0.00000000
vn -0.99973915 -0.02283941 0.00000000
vn -0.99973915 -0.02283941 0.00000000
vn 0.99973516 0.02301338 0.00000000
vn 0.99973516 0.02301338 0.00000000
vn 0.99973516 0.02301338 0.00000000
vn 0.99973516 0.02301338 0.00000000
vn 0.00000000 0.00000000 -1.00000000
vn 0.00000000 0.00000000 -1.00000000
vn 0.00000000 0.00000000 -1.00000000
vn 0.00000000 0.00000000 -1.00000000
vn 0.00000000 0.00000000 1.00000000
vn 0.00000000 0.00000000 1.00000000
vn 0.00000000 0.00000000 1.00000000
vn 0.00000000 0.00000000 1.00000000
vn -0.99978466 -0.02075174 0.00000000
vn -0.99978466 -0.02075174 0.00000000
vn -0.99978466 -0.02075174 0.00000000
vn -0.99978466 -0.02075174 0.00000000
vn 0.99973915 0.02283941 0.00000000
vn 0.99973915 0.02283941 0.00000000
vn 0.99973915 0.02283941 0.00000000
vn 0.99973915 0.02283941 0.00000000
vn 0.02075174 -0.99978466 0.00000000
vn 0.02283941 -0.99973915 0.00000000
vn 0.02283941 -0.99973915 0.00000000
vn 0.02075174 -0.99978466 0.00000000
vn 0.00000000 0.00000000 -1.00000000
vn 0.00000000 0.00000000 -1.00000000
vn 0.00000000 0.00000000 -1.00000000
vn 0.00000000 0.00000000 -1.00000000
vn 0.00000000 0.00000000 1.00000000
vn 0.00000000 0.00000000 1.00000000
vn 0.00000000 0.00000000 1.00000000
vn 0.00000000 0.00000000 1.00000000
vn -0.99988014 -0.01548220 0.00000000
vn -0.99988014 -0.01548220 0.00000000
vn -0.99988014 -0.01548220 0.00000000
vn -0.99988014 -0.01548220 0.00000000
vn 0.99973835 0.02287421 0.00000000
vn 0.99973835 0.02287421 0.00000000
vn 0.99973835 0.02287421 0.00000000
vn 0.99973835 0.02287421 0.00000000
vn 0.01548220 -0.99988014 0.00000000
vn 0.02287421 -0.99973835 0.00000000
vn 0.02287421 -0.99973835 0.00000000
vn 0.01548220 -0.99988014 0.00000000
vn -0.01548220 0.99988014 0.00000000
vn -0.01548220 0.99988014 0.00000000
vn -0.02287421 0.99973835 0.00000000
vn -0.02287421 0.99973835 0.00000000
vn 0.00000000 0.00000000 -1.00000000
vn 0.00000000 0.00000000 -1.00000000
vn 0.00000000 0.00000000 -1.00000000
vn 0.00000000 0.00000000 -1.00000000
vn 0.00000000 0.00000000 1.00000000
vn 0.00000000 0.00000000 1.00000000
vn 0.00000000 0.00000000 1.00000000
vn 0.00000000 0.00000000 1.00000000
vn -0.99974311 0.02266544 0.00000000
vn -0.99974311 0.02266544 0.00000000
vn -0.99974311 0.02266544 0.00000000
vn -0.99974311 0.02266544 0.00000000
vn -0.02266544 -0.99974311 0.00000000
vn -0.01360001 -0.99990752 0.00000000
vn -0.01360001 -0.99990752 0.00000000
vn -0.02266544 -0.99974311 0.00000000
vn 0.02266544 0.99974311 0.00000000
vn 0.02266544 0.99974311 0.00000000
vn 0.01360001 0.99990752 0.00000000
vn 0.01360001 0.99990752 0.00000000
vn 0.00000000 0.00000000 -1.00000000
vn 0.00000000 0.00000000 -1.00000000
vn 0.00000000 0.00000000 -1.00000000
vn 0.00000000 0.00000000 -1.00000000
vn 0.00000000 0.00000000 1.00000000
vn 0.00000000 0.00000000 1.00000000
vn 0.00000000 0.00000000 1.00000000
vn 0.00000000 0.00000000 1.00000000
vn -0.01360001 -0.99990752 0.00000000
vn -0.00453346 -0.99998972 0.00000000
vn -0.00453346 -0.99998972 0.00000000
vn -0.01360001 -0.99990752 0.00000000
vn 0.01360001 0.99990752 0.00000000
vn 0.01360001 0.99990752 0.00000000
vn 0.00453346 0.99998972 0.00000000
vn 0.00453346 0.99998972 0.00000000
vn 0.00000000 0.00000000 -1.00000000
vn 0.00000000 0.00000000 -1.00000000
vn 0.00000000 0.00000000 -1.00000000
vn 0.00000000 0.00000000 -1.00000000
vn 0.00000000 0.00000000 1.00000000
vn 0.00000000 0.00000000 1.00000000
vn 0.00000000 0.00000000 1.00000000
vn 0.00000000 0.00000000 1.00000000
vn -0.00453346 -0.99998972 0.00000000
vn 0.00453346 -0.99998972 0.00000000
vn 0.00453346 -0.99998972 0.00000000
vn -0.00453346 -0.99998972 0.00000000
vn 0.00453346 0.99998972 0.00000000
vn 0.00453346 0.99998972 0.00000000
vn -0.00453346 0.99998972 0.00000000
vn -0.00453346 0.99998972 0.00000000
vn 0.00000000 0.00000000 -1.00000000
vn 0.00000000 0.00000000 -1.00000000
vn 0.00000000 0.00000000 -1.00000000
vn 0.00000000 0.00000000 -1.00000000
vn 0.00000000 0.00000000 1.00000000
vn 0.00000000 0.00000000 1.00000000
vn 0.00000000 0.00000000 1.00000000
vn 0.00000000 0.00000000 1.00000000
vn 0.00453346 -0.99998972 0.00000000
vn 0.01360001 -0.99990752 0.00000000
vn 0.01360001 -0.99990752 0.00000000
vn 0.00453346 -0.99998972 0.00000000
vn -0.00453346 0.99998972 0.00000000
vn -0.00453346 0.99998972 0.00000000
vn -0.01360001 0.99990752 0.00000000
vn -0.01360001 0.99990752 0.00000000
vn 0.00000000 0.00000000 -1.00000000
vn 0.00000000 0.00000000 -1.00000000
vn 0.00000000 0.00000000 -1.00000000
vn 0.00000000 0.00000000 -1.00000000
vn 0.00000000 0.00000000 1.00000000
vn 0.00000000 0.00000000 1.00000000
vn 0.00000000 0.00000000 1.00000000
vn 0.00000000 0.00000000 1.00000000
vn 0.99974311 0.02266544 0.00000000
vn 0.99974311 0.02266544 0.00000000
vn 0.99974311 0.02266544 0.00000000
vn 0.99974311 0.02266544 0.00000000
vn 0.01360001 -0.99990752 0.00000000
vn 0.02266544 -0.99974311 0.00000000
vn 0.02266544 -0.99974311 0.00000000
vn 0.01360001 -0.99990752 0.00000000
vn -0.01360001 0.99990752 0.00000000
vn -0.01360001 0.99990752 0.00000000
vn -0.02266544 0.99974311 0.00000000
vn -0.02266544 0.99974311 0.00000000
vn 0.00000000 0.00000000 -1.00000000
vn 0.00000000 0.00000000 -1.00000000
vn 0.00000000 0.00000000 -1.00000000
vn 0.00000000 0.00000000 -1.00000000
vn 0.00000000 0.00000000 1.00000000
vn 0.00000000 0.00000000 1.00000000
vn 0.00000000 0.00000000 1.00000000
vn 0.00000000 0.00000000 1.00000000
vn -0.99973516 0.02301338 0.00000000
vn -0.99973516 0.02301338 0.00000000
vn -0.99973516 0.02301338 0.00000000
vn -0.99973516 0.02301338 0.00000000
vn -0.02301338 -0.99973516 0.00000000
vn -0.01896340 -0.99982018 0.00000000
vn -0.01896340 -0.99982018 0.00000000
vn -0.02301338 -0.99973516 0.00000000
vn 0.02301338 0.99973516 0.00000000
vn 0.02301338 0.99973516 0.00000000
vn 0.01896340 0.99982018 0.00000000
vn 0.01896340 0.99982018 0.00000000
vn 0.00000000 0.00000000 -1.00000000
vn 0.00000000 0.00000000 -1.00000000
vn 0.00000000 0.00000000 -1.00000000
vn 0.00000000 0.00000000 -1.00000000
vn 0.00000000 0.00000000 1.00000000
vn 0.00000000 0.00000000 1.00000000
vn 0.00000000 0.00000000 1.00000000
vn 0.00000000 0.00000000 1.00000000
vn -0.01896340 -0.99982018 0.00000000
vn -0.01491310 -0.99988879 0.00000000
vn -0.01491310 -0.99988879 0.00000000
vn -0.01896340 -0.99982018 0.00000000
vn 0.01896340 0.99982018 0.00000000
vn 0.01896340 0.99982018 0.00000000
vn 0.01491310 0.99988879 0.00000000
vn 0.01491310 0.99988879 0.00000000
vn 0.00000000 0.00000000 -1.00000000
vn 0.00000000 0.00000000 -1.00000000
vn 0.00000000 0.00000000 -1.00000000
vn 0.00000000 0.00000000 -1.00000000
vn 0.00000000 0.00000000 1.00000000
vn 0.00000000 0.00000000 1.00000000
vn 0.00000000 0.00000000 1.00000000
vn 0.00000000 0.00000000 1.00000000
vn -0.01491310 -0.99988879 0.00000000
vn -0.01086256 -0.99994100 0.00000000
vn -0.01086256 -0.99994100 0.00000000
vn -0.01491310 -0.99988879 0.00000000
vn 0.01491310 0.99988879 0.00000000
vn 0.01491310 0.99988879 0.00000000
vn 0.01086256 0.99994100 0.00000000
vn 0.01086256 0.99994100 0.00000000
vn 0.00000000 0.00000000 -1.00000000
vn 0.00000000 0.00000000 -1.00000000
vn 0.00000000 0.00000000 -1.00000000
vn 0.00000000 0.00000000 -1.00000000
vn 0.00000000 0.00000000 1.00000000
vn 0.00000000 0.00000000 1.00000000
vn 0.00000000 0.00000000 1.00000000
vn 0.00000000 0.00000000 1.00000000
vn -0.01086256 -0.99994100 0.00000000
vn -0.00681185 -0.99997680 0.00000000
vn -0.00681185 -0.99997680 0.00000000
vn -0.01086256 -0.99994100 0.00000000
vn 0.01086256 0.99994100 0.00000000
vn 0.01086256 0.99994100 0.00000000
vn 0.00681185 0.99997680 0.00000000
vn 0.00681185 0.99997680 0.00000000
vn 0.00000000 0.00000000 -1.00000000
vn 0.00000000 0.00000000 -1.00000000
vn 0.00000000 0.00000000 -1.00000000
vn 0.00000000 0.00000000 -1.00000000
vn 0.00000000 0.00000000 1.00000000
vn 0.00000000 0.00000000 1.00000000
vn 0.00000000 0.00000000 1.00000000
vn 0.00000000 0.00000000 1.00000000
vn 0.99999619 -0.00276102 0.00000000
vn 0.99999619 -0.00276102 0.00000000
vn 0.99999619 -0.00276102 0.00000000
vn 0.99999619 -0.00276102 0.00000000
vn -0.00681185 -0.99997680 0.00000000
vn -0.00276102 -0.99999619 0.00000000
vn -0.00276102 -0.99999619 0.00000000
vn -0.00681185 -0.99997680 0.00000000
vn 0.00681185 0.99997680 0.00000000
vn 0.00681185 0.99997680 0.00000000
vn 0.00276102 0.99999619 0.00000000
vn 0.00276102 0.99999619 0.00000000
vn 0.00000000 0.00000000 -1.00000000
vn 0.00000000 0.00000000 -1.00000000
vn 0.00000000 0.00000000 -1.00000000
vn 0.00000000 0.00000000 -1.00000000
vn 0.00000000 0.00000000 1.00000000
vn 0.00000000 0.00000000 1.00000000
vn 0.00000000 0.00000000 1.00000000
vn 0.00000000 0.00000000 1.00000000
vn -0.99999619 -0.00276102 0.00000000
vn -0.99999619 -0.00276102 0.00000000
vn -0.99999619 -0.00276102 0.00000000
vn -0.99999619 -0.00276102 0.00000000
vn 0.00276102 -0.99999619 0.00000000
vn 0.00681185 -0.99997680 0.00000000
vn 0.00681185 -0.99997680 0.00000000
vn 0.00276102 -0.99999619 0.00000000
vn -0.00276102 0.99999619 0.00000000
vn -0.00276102 0.99999619 0.00000000
vn -0.00681185 0.99997680 0.00000000
vn -0.00681185 0.99997680 0.00000000
vn 0.00000000 0.00000000 -1.00000000
vn 0.00000000 0.00000000 -1.00000000
vn 0.00000000 0.00000000 -1.00000000
vn 0.00000000 0.00000000 -1.00000000
vn 0.00000000 0.00000000 1.00000000
vn 0.00000000 0.00000000 1.00000000
vn 0.00000000 0.00000000 1.00000000
vn 0.00000000 0.00000000 1.00000000
vn 0.00681185 -0.99997680 0.00000000
vn 0.01086256 -0.99994100 0.00000000
vn 0.01086256 -0.99994100 0.00000000
vn 0.00681185 -0.99997680 0.00000000
vn -0.00681185 0.99997680 0.00000000
vn -0.00681185 0.99997680 0.00000000
vn -0.01086256 0.99994100 0.00000000
vn -0.01086256 0.99994100 0.00000000
vn 0.00000000 0.00000000 -1.00000000
vn 0.00000000 0.00000000 -1.00000000
vn 0.00000000 0.00000000 -1.00000000
vn 0.00000000 0.00000000 -1.00000000
vn 0.00000000 0.00000000 1.00000000
vn 0.00000000 0.00000000 1.00000000
vn 0.00000000 0.00000000 1.00000000
vn 0.00000000 0.00000000 1.00000000
vn 0.01086256 -0.99994100 0.00000000
vn 0.01491310 -0.99988879 0.00000000
vn 0.01491310 -0.99988879 0.00000000
vn 0.01086256 -0.99994100 0.00000000
vn -0.01086256 0.99994100 0.00000000
vn -0.01086256 0.99994100 0.00000000
vn -0.01491310 0.99988879 0.00000000
vn -0.01491310 0.99988879 0.00000000
vn 0.00000000 0.00000000 -1.00000000
vn 0.00000000 0.00000000 -1.00000000
vn 0.00000000 0.00000000 -1.00000000
vn 0.00000000 0.00000000 -1.00000000
vn 0.00000000 0.00000000 1.00000000
vn 0.00000000 0.00000000 1.00000000
vn 0.00000000 0.00000000 1.00000000
vn 0.00000000 0.00000000 1.00000000
vn 0.01491310 -0.99988879 0.00000000
vn 0.01896340 -0.99982018 0.00000000
vn 0.01896340 -0.99982018 0.00000000
vn 0.01491310 -0.99988879 0.00000000
vn -0.01491310 0.99988879 0.00000000
vn -0.01491310 0.99988879 0.00000000
vn -0.01896340 0.99982018 0.00000000
vn -0.01896340 0.99982018 0.00000000
vn 0.00000000 0.00000000 -1.00000000
vn 0.00000000 0.00000000 -1.00000000
vn 0.00000000 0.00000000 -1.00000000
vn 0.00000000 0.00000000 -1.00000000
vn 0.00000000 0.00000000 1.00000000
vn 0.00000000 0.00000000 1.00000000
vn 0.00000000 0.00000000 1.00000000
vn 0.00000000 0.00000000 1.00000000
vn 0.99973516 0.02301338 0.00000000
vn 0.99973516 0.02301338 0.00000000
vn 0.99973516 0.02301338 0.00000000
vn 0.99973516 0.02301338 0.00000000
vn 0.01896340 -0.99982018 0.00000000
vn 0.02301338 -0.99973516 0.00000000
vn 0.02301338 -0.99973516 0.00000000
vn 0.01896340 -0.99982018 0.00000000
vn -0.01896340 0.99982018 0.00000000
vn -0.01896340 0.99982018 0.00000000
vn -0.02301338 0.99973516 0.00000000
vn -0.02301338 0.99973516 0.00000000
vn 0.00000000 0.00000000 -1.00000000
vn 0.00000000 0.00000000 -1.00000000
vn 0.00000000 0.00000000 -1.00000000
vn 0.00000000 0.00000000 -1.00000000
vn 0.00000000 0.00000000 1.00000000
vn 0.00000000 0.00000000 1.00000000
vn 0.00000000 0.00000000 1.00000000
vn 0.00000000 0.00000000 1.00000000
vn -0.99999619 0.00276102 0.00000000
vn -0.99999619 0.00276102 0.00000000
vn -0.99999619 0.00276102 0.00000000
vn -0.99999619 0.00276102 0.00000000
vn -0.00276102 -0.99999619 0.00000000
vn 0.00000000 -1.00000000 0.00000000
vn 0.00000000 -1.00000000 0.00000000
vn -0.00276102 -0.99999619 0.00000000
vn 0.00276102 0.99999619 0.00000000
vn 0.00276102 0.99999619 0.00000000
vn 0.00000000 1.00000000 0.00000000
vn 0.00000000 1.00000000 0.00000000
vn 0.00000000 0.00000000 -1.00000000
vn 0.00000000 0.00000000 -1.00000000
vn 0.00000000 0.00000000 -1.00000000
vn 0.00000000 0.00000000 -1.00000000
vn 0.00000000 0.00000000 1.00000000
vn 0.00000000 0.00000000 1.00000000
vn 0.00000000 0.00000000 1.00000000
vn 0.00000000 0.00000000 1.00000000
vn 0.99999619 0.00276102 0.00000000
vn 0.99999619 0.00276102 0.00000000
vn 0.99999619 0.00276102 0.00000000
vn 0.99999619 0.00276102 0.00000000
vn 0.00000000 -1.00000000 0.00000000
vn 0.00276102 -0.99999619 0.00000000
vn 0.00276102 -0.99999619 0.00000000
vn 0.00000000 -1.00000000 0.00000000
vn 0.00000000 1.00000000 0.00000000
vn 0.00000000 1.00000000 0.00000000
vn -0.00276102 0.99999619 0.00000000
vn -0.00276102 0.99999619 0.00000000
vn 0.00000000 0.00000000 -1.00000000
vn 0.00000000 0.00000000 -1.00000000
vn 0.00000000 0.00000000 -1.00000000
vn 0.00000000 0.00000000 -1.00000000
vn 0.00000000 0.00000000 1.00000000
vn 0.00000000 0.00000000 1.00000000
vn 0.00000000 0.00000000 1.00000000
vn 0.00000000 0.00000000 1.00000000
vn -0.99999619 0.00276102 0.00000000
vn -0.99999619 0.00276102 0.00000000
vn -0.99999619 0.00276102 0.00000000
vn -0.99999619 0.00276102 0.00000000
vn -0.00276102 -0.99999619 0.00000000
vn 0.00000000 -1.00000000 0.00000000
vn 0.00000000 -1.00000000 0.00000000
vn -0.00276102 -0.99999619 0.00000000
vn 0.00276102 0.99999619 0.00000000
vn 0.00276102 0.99999619 0.00000000
vn 0.00000000 1.00000000 0.00000000
vn 0.00000000 1.00000000 0.00000000
vn 0.00000000 0.00000000 -1.00000000
vn 0.00000000 0.00000000 -1.00000000
vn 0.00000000 0.00000000 -1.00000000
vn 0.00000000 0.00000000 -1.00000000
vn 0.00000000 0.00000000 1.00000000
vn 0.00000000 0.00000000 1.00000000
vn 0.00000000 0.00000000 1.00000000
vn 0.00000000 0.00000000 1.00000000
vn 0.99999619 0.00276102 0.00000000
vn 0.99999619 0.00276102 0.00000000
vn 0.99999619 0.00276102 0.00000000
vn 0.99999619 0.00276102 0.00000000
vn 0.00000000 -1.00000000 0.00000000
vn 0.00276102 -0.99999619 0.00000000
vn 0.00276102 -0.99999619 0.00000000
vn 0.00000000 -1.00000000 0.00000000
vn 0.00000000 1.00000000 0.00000000
vn 0.00000000 1.00000000 0.00000000
vn -0.00276102 0.99999619 0.00000000
vn -0.00276102 0.99999619 0.00000000
vn 0.00000000 0.00000000 -1.00000000
vn 0.00000000 0.00000000 -1.00000000
vn 0.00000000 0.00000000 -1.00000000
vn 0.00000000 0.00000000 -1.00000000
vn 0.00000000 0.00000000 1.00000000
vn 0.00000000 0.00000000 1.00000000
vn 0.00000000 0.00000000 1.00000000
vn 0.00000000 0.00000000 1.00000000
vn -0.99999619 0.00276102 0.00000000
vn -0.99999619 0.00276102 0.00000000
vn -0.99999619 0.00276102 0.00000000
vn -0.99999619 0.00276102 0.00000000
vn 0.99999720 -0.00236659 0.00000000
vn 0.99999720 -0.00236659 0.00000000
vn 0.99999720 -0.00236659 0.00000000
vn 0.99999720 -0.00236659 0.00000000
vn -0.00276102 -0.99999619 0.00000000
vn -0.00236659 -0.99999720 0.00000000
vn -0.00236659 -0.99999720 0.00000000
vn -0.00276102 -0.99999619 0.00000000
vn 0.00276102 0.99999619 0.00000000
vn 0.00276102 0.99999619 0.00000000
vn 0.00236659 0.99999720 0.00000000
vn 0.00236659 0.99999720 0.00000000
vn 0.00000000 0.00000000 -1.00000000
vn 0.00000000 0.00000000 -1.00000000
vn 0.00000000 0.00000000 -1.00000000
vn 0.00000000 0.00000000 -1.00000000
vn 0.00000000 0.00000000 1.00000000
vn 0.00000000 0.00000000 1.00000000
vn 0.00000000 0.00000000 1.00000000
vn 0.00000000 0.00000000 1.00000000
vn -0.99999619 0.00276102 0.00000000
vn -0.99999619 0.00276102 0.00000000
vn -0.99999619 0.00276102 0.00000000
vn -0.99999619 0.00276102 0.00000000
vn 0.99999635 -0.00270301 0.00000000
vn 0.99999635 -0.00270301 0.00000000
vn 0.99999635 -0.00270301 0.00000000
vn 0.99999635 -0.00270301 0.00000000
vn -0.00276102 -0.99999619 0.00000000
vn -0.00270301 -0.99999635 0.00000000
vn -0.00270301 -0.99999635 0.00000000
vn -0.00276102 -0.99999619 0.00000000
vn 0.00276102 0.99999619 0.00000000
vn 0.00276102 0.99999619 0.00000000
vn 0.00270301 0.99999635 0.00000000
vn 0.00270301 0.99999635 0.00000000
vn 0.00000000 0.00000000 -1.00000000
vn 0.00000000 0.00000000 -1.00000000
vn 0.00000000 0.00000000 -1.00000000
vn 0.00000000 0.00000000 -1.00000000
vn 0.00000000 0.00000000 1.00000000
vn 0.00000000 0.00000000 1.00000000
vn 0.00000000 0.00000000 1.00000000
vn 0.00000000 0.00000000 1.00000000
vn -0.99999720 0.00236659 0.00000000
vn -0.99999720 0.00236659 0.00000000
vn -0.99999720 0.00236659 0.00000000
vn -0.99999720 0.00236659 0.00000000
vn 0.99999806 -0.00197216 0.00000000
vn 0.99999806 -0.00197216 0.00000000
vn 0.99999806 -0.00197216 0.00000000
vn 0.99999806 -0.00197216 0.00000000
vn -0.00236659 -0.99999720 0.00000000
vn -0.00197216 -0.99999806 0.00000000
vn -0.00197216 -0.99999806 0.00000000
vn -0.00236659 -0.99999720 0.00000000
vn 0.00236659 0.99999720 0.00000000
vn 0.00236659 0.99999720 0.00000000
vn 0.00197216 0.99999806 0.00000000
vn 0.00197216 0.99999806 0.00000000
vn 0.00000000 0.00000000 -1.00000000
vn 0.00000000 0.00000000 -1.00000000
vn 0.00000000 0.00000000 -1.00000000
vn 0.00000000 0.00000000 -1.00000000
vn 0.00000000 0.00000000 1.00000000
vn 0.00000000 0.00000000 1.00000000
vn 0.00000000 0.00000000 1.00000000
vn 0.00000000 0.00000000 1.00000000
vn -0.99999720 0.00236659 0.00000000
vn -0.99999720 0.00236659 0.00000000
vn -0.99999720 0.00236659 0.00000000
vn -0.99999720 0.00236659 0.00000000
vn 0.99999734 -0.00230858 0.00000000
vn 0.99999734 -0.00230858 0.00000000
vn 0.99999734 -0.00230858 0.00000000
vn 0.99999734 -0.00230858 0.00000000
vn -0.00236659 -0.99999720 0.00000000
vn -0.00230858 -0.99999734 0.00000000
vn -0.00230858 -0.99999734 0.00000000
vn -0.00236659 -0.99999720 0.00000000
vn 0.00236659 0.99999720 0.00000000
vn 0.00236659 0.99999720 0.00000000
vn 0.00230858 0.99999734 0.00000000
vn 0.00230858 0.99999734 0.00000000
vn 0.00000000 0.00000000 -1.00000000
vn 0.00000000 0.00000000 -1.00000000
vn 0.00000000 0.00000000 -1.00000000
vn 0.00000000 0.00000000 -1.00000000
vn 0.00000000 0.00000000 1.00000000
vn 0.00000000 0.00000000 1.00000000
vn 0.00000000 0.00000000 1.00000000
vn 0.00000000 0.00000000 1.00000000
vn -0.99999806 0.00197216 0.00000000
vn -0.99999806 0.00197216 0.00000000
vn -0.99999806 0.00197216 0.00000000
vn -0.99999806 0.00197216 0.00000000
vn 0.99999876 -0.00157773 0.00000000
vn 0.99999876 -0.00157773 0.00000000
vn 0.99999876 -0.00157773 0.00000000
vn 0.99999876 -0.00157773 0.00000000
vn -0.00197216 -0.99999806 0.00000000
vn -0.00157773 -0.99999876 0.00000000
vn -0.00157773 -0.99999876 0.00000000
vn -0.00197216 -0.99999806 0.00000000
vn 0.00197216 0.99999806 0.00000000
vn 0.00197216 0.99999806 0.00000000
vn 0.00157773 0.99999876 0.00000000
vn 0.00157773 0.99999876 0.00000000
vn 0.00000000 0.00000000 -1.00000000
vn 0.00000000 0.00000000 -1.00000000
vn 0.00000000 0.00000000 -1.00000000
vn 0.00000000 0.00000000 -1.00000000
vn 0.00000000 0.00000000 1.00000000
vn 0.00000000 0.00000000 1.00000000
vn 0.00000000 0.00000000 1.00000000
vn 0.00000000 0.00000000 1.00000000
vn -0.99999806 0.00197216 0.00000000
vn -0.99999806 0.00197216 0.00000000
vn -0.99999806 0.00197216 0.00000000
vn -0.99999806 0.00197216 0.00000000
vn 0.99999817 -0.00191415 0.00000000
vn 0.99999817 -0.00191415 0.00000000
vn 0.99999817 -0.00191415 0.00000000
vn 0.99999817 -0.00191415 0.00000000
vn -0.00197216 -0.99999806 0.00000000
vn -0.00191415 -0.99999817 0.00000000
vn -0.00191415 -0.99999817 0.00000000
vn -0.00197216 -0.99999806 0.00000000
vn 0.00197216 0.99999806 0.00000000
vn 0.00197216 0.99999806 0.00000000
vn 0.00191415 0.99999817 0.00000000
vn 0.00191415 0.99999817 0.00000000
vn 0.00000000 0.00000000 -1.00000000
vn 0.00000000 0.00000000 -1.00000000
vn 0.00000000 0.00000000 -1.00000000
vn 0.00000000 0.00000000 -1.00000000
vn 0.00000000 0.00000000 1.00000000
vn 0.00000000 0.00000000 1.00000000
vn 0.00000000 0.00000000 1.00000000
vn 0.00000000 0.00000000 1.00000000
vn -0.99999876 0.00157773 0.00000000
vn -0.99999876 0.00157773 0.00000000
vn -0.99999876 0.00157773 0.00000000
vn -0.99999876 0.00157773 0.00000000
vn 0.99999930 -0.00118329 0.00000000
vn 0.99999930 -0.00118329 0.00000000
vn 0.99999930 -0.00118329 0.00000000
vn 0.99999930 -0.00118329 0.00000000
vn -0.00157773 -0.99999876 0.00000000
vn -0.00118329 -0.99999930 0.00000000
vn -0.00118329 -0.99999930 0.00000000
vn -0.00157773 -0.99999876 0.00000000
vn 0.00157773 0.99999876 0.00000000
vn 0.00157773 0.99999876 0.00000000
vn 0.00118329 0.99999930 0.00000000
vn 0.00118329 0.99999930 0.00000000
vn 0.00000000 0.00000000 -1.00000000
vn 0.00000000 0.00000000 -1.00000000
vn 0.00000000 0.00000000 -1.00000000
vn 0.00000000 0.00000000 -1.00000000
vn 0.00000000 0.00000000 1.00000000
vn 0.00000000 0.00000000 1.00000000
vn 0.00000000 0.00000000 1.00000000
vn 0.00000000 0.00000000 1.00000000
vn -0.99999876 0.00157773 0.00000000
vn -0.99999876 0.00157773 0.00000000
vn -0.99999876 0.00157773 0.00000000
vn -0.99999876 0.00157773 0.00000000
vn 0.99999885 -0.00151972 0.00000000
vn 0.99999885 -0.00151972 0.00000000
vn 0.99999885 -0.00151972 0.00000000
vn 0.99999885 -0.00151972 0.00000000
vn -0.00157773 -0.99999876 0.00000000
vn -0.00151972 -0.99999885 0.00000000
vn -0.00151972 -0.99999885 0.00000000
vn -0.00157773 -0.99999876 0.00000000
vn 0.00157773 0.99999876 0.00000000
vn 0.00157773 0.99999876 0.00000000
vn 0.00151972 0.99999885 0.00000000
vn 0.00151972 0.99999885 0.00000000
vn 0.00000000 0.00000000 -1.00000000
vn 0.00000000 0.00000000 -1.00000000
vn 0.00000000 0.00000000 -1.00000000
vn 0.00000000 0.00000000 -1.00000000
vn 0.00000000 0.00000000 1.00000000
vn 0.00000000 0.00000000 1.00000000
vn 0.00000000 0.00000000 1.00000000
vn 0.00000000 0.00000000 1.00000000
vn -0.99999930 0.00118329 0.00000000
vn -0.99999930 0.00118329 0.00000000
vn -0.99999930 0.00118329 0.00000000
vn -0.99999930 0.00118329 0.00000000
vn 0.99999969 -0.00078886 0.00000000
vn 0.99999969 -0.00078886 0.00000000
vn 0.99999969 -0.00078886 0.00000000
vn 0.99999969 -0.00078886 0.00000000
vn -0.00118329 -0.99999930 0.00000000
vn -0.00078886 -0.99999969 0.00000000
vn -0.00078886 -0.99999969 0.00000000
vn -0.00118329 -0.99999930 0.00000000
vn 0.00118329 0.99999930 0.00000000
vn 0.00118329 0.99999930 0.00000000
vn 0.00078886 0.99999969 0.00000000
vn 0.00078886 0.99999969 0.00000000
vn 0.00000000 0.00000000 -1.00000000
vn 0.00000000 0.00000000 -1.00000000
vn 0.00000000 0.00000000 -1.00000000
vn 0.00000000 0.00000000 -1.00000000
vn 0.00000000 0.00000000 1.00000000
vn 0.00000000 0.00000000 1.00000000
vn 0.00000000 0.00000000 1.00000000
vn 0.00000000 0.00000000 1.00000000
vn -0.99999930 0.00118329 0.00000000
vn -0.99999930 0.00118329 0.00000000
vn -0.99999930 0.00118329 0.00000000
vn -0.99999930 0.00118329 0.00000000
vn 0.99999937 -0.00112529 0.00000000
vn 0.99999937 -0.00112529 0.00000000
vn 0.99999937 -0.00112529 0.00000000
vn 0.99999937 -0.00112529 0.00000000
vn -0.00118329 -0.99999930 0.00000000
vn -0.00112529 -0.99999937 0.00000000
vn -0.00112529 -0.99999937 0.00000000
vn -0.00118329 -0.99999930 0.00000000
vn 0.00118329 0.99999930 0.00000000
vn 0.00118329 0.99999930 0.00000000
vn 0.00112529 0.99999937 0.00000000
vn 0.00112529 0.99999937 0.00000000
vn 0.00000000 0.00000000 -1.00000000
vn 0.00000000 0.00000000 -1.00000000
vn 0.00000000 0.00000000 -1.00000000
vn 0.00000000 0.00000000 -1.00000000
vn 0.00000000 0.00000000 1.00000000
vn 0.00000000 0.00000000 1.00000000
vn 0.00000000 0.00000000 1.00000000
vn 0.00000000 0.00000000 1.00000000
vn -0.99999969 0.00078886 0.00000000
vn -0.99999969 0.00078886 0.00000000
vn -0.99999969 0.00078886 0.00000000
vn -0.99999969 0.00078886 0.00000000
vn 0.99999992 -0.00039443 0.00000000
vn 0.99999992 -0.00039443 0.00000000
vn 0.99999992 -0.00039443 0.00000000
vn 0.99999992 -0.00039443 0.00000000
vn -0.00078886 -0.99999969 0.00000000
vn -0.00039443 -0.99999992 0.00000000
vn -0.00039443 -0.99999992 0.00000000
vn -0.00078886 -0.99999969 0.00000000
vn 0.00078886 0.99999969 0.00000000
vn 0.00078886 0.99999969 0.00000000
vn 0.00039443 0.99999992 0.00000000
vn 0.00039443 0.99999992 0.00000000
vn 0.00000000 0.00000000 -1.00000000
vn 0.00000000 0.00000000 -1.00000000
vn 0.00000000 0.00000000 -1.00000000
vn 0.00000000 0.00000000 -1.00000000
vn 0.00000000 0.00000000 1.00000000
vn 0.00000000 0.00000000 1.00000000
vn 0.00000000 0.00000000 1.00000000
vn 0.00000000 0.00000000 1.00000000
vn -0.99999969 0.00078886 0.00000000
vn -0.99999969 0.00078886 0.00000000
vn -0.99999969 0.00078886 0.00000000
vn -0.99999969 0.00078886 0.00000000
vn 0.99999973 -0.00073086 0.00000000
vn 0.99999973 -0.00073086 0.00000000
vn 0.99999973 -0.00073086 0.00000000
vn 0.99999973 -0.00073086 0.00000000
vn -0.00078886 -0.99999969 0.00000000
vn -0.00073086 -0.99999973 0.00000000
vn -0.00073086 -0.99999973 0.00000000
vn -0.00078886 -0.99999969 0.00000000
vn 0.00078886 0.99999969 0.00000000
vn 0.00078886 0.99999969 0.00000000
vn 0.00073086 0.99999973 0.00000000
vn 0.00073086 0.99999973 0.00000000
vn 0.00000000 0.00000000 -1.00000000
vn 0.00000000 0.00000000 -1.00000000
vn 0.00000000 0.00000000 -1.00000000
vn 0.00000000 0.00000000 -1.00000000
vn 0.00000000 0.00000000 1.00000000
vn 0.00000000 0.00000000 1.00000000
vn 0.00000000 0.00000000 1.00000000
vn 0.00000000 0.00000000 1.00000000
vn -0.99999992 0.00039443 0.00000000
vn -0.99999992 0.00039443 0.00000000
vn -0.99999992 0.00039443 0.00000000
vn -0.99999992 0.00039443 0.00000000
vn 1.00000000 -0.00000000 0.00000000
vn 1.00000000 -0.00000000 0.00000000
vn 1.00000000 -0.00000000 0.00000000
vn 1.00000000 -0.00000000 0.00000000
vn -0.00039443 -0.99999992 0.00000000
vn -0.00000000 -1.00000000 0.00000000
vn -0.00000000 -1.00000000 0.00000000
vn -0.00039443 -0.99999992 0.00000000
vn 0.00039443 0.99999992 0.00000000
vn 0.00039443 0.99999992 0.00000000
vn 0.00000000 1.00000000 0.00000000
vn 0.00000000 1.00000000 0.00000000
vn 0.00000000 0.00000000 -1.00000000
vn 0.00000000 0.00000000 -1.00000000
vn 0.00000000 0.00000000 -1.00000000
vn 0.00000000 0.00000000 -1.00000000
vn 0.00000000 0.00000000 1.00000000
vn 0.00000000 0.00000000 1.00000000
vn 0.00000000 0.00000000 1.00000000
vn 0.00000000 0.00000000 1.00000000
vn -0.99999992 0.00039443 0.00000000
vn -0.99999992 0.00039443 0.00000000
vn -0.99999992 0.00039443 0.00000000
vn -0.99999992 0.00039443 0.00000000
vn 0.99999994 -0.00033643 0.00000000
vn 0.99999994 -0.00033643 0.00000000
vn 0.99999994 -0.00033643 0.00000000
vn 0.99999994 -0.00033643 0.00000000
vn -0.00039443 -0.99999992 0.00000000
vn -0.00033643 -0.99999994 0.00000000
vn -0.00033643 -0.99999994 0.00000000
vn -0.00039443 -0.99999992 0.00000000
vn 0.00039443 0.99999992 0.00000000
vn 0.00039443 0.99999992 0.00000000
vn 0.00033643 0.99999994 0.00000000
vn 0.00033643 0.99999994 0.00000000
vn 0.00000000 0.00000000 -1.00000000
vn 0.00000000 0.00000000 -1.00000000
vn 0.00000000 0.00000000 -1.00000000
vn 0.00000000 0.00000000 -1.00000000
vn 0.00000000 0.00000000 1.00000000
vn 0.00000000 0.00000000 1.00000000
vn 0.00000000 0.00000000 1.00000000
vn 0.00000000 0.00000000 1.00000000
vn -1.00000000 0.00000000 0.00000000
vn -1.00000000 0.00000000 0.00000000
vn -1.00000000 0.00000000 0.00000000
vn -1.00000000 0.00000000 0.00000000
vn 0.99999992 0.00039443 0.00000000
vn 0.99999992 0.00039443 0.00000000
vn 0.99999992 0.00039443 0.00000000
vn 0.99999992 0.00039443 0.00000000
vn 0.00000000 -1.00000000 0.00000000
vn 0.00039443 -0.99999992 0.00000000
vn 0.00039443 -0.99999992 0.00000000
vn 0.00000000 -1.00000000 0.00000000
vn 0.00000000 1.00000000 0.00000000
vn 0.00000000 1.00000000 0.00000000
vn -0.00039443 0.99999992 0.00000000
vn -0.00039443 0.99999992 0.00000000
vn 0.00000000 0.00000000 -1.00000000
vn 0.00000000 0.00000000 -1.00000000
vn 0.00000000 0.00000000 -1.00000000
vn 0.00000000 0.00000000 -1.00000000
vn 0.00000000 0.00000000 1.00000000
vn 0.00000000 0.00000000 1.00000000
vn 0.00000000 0.00000000 1.00000000
vn 0.00000000 0.00000000 1.00000000
vn -1.00000000 0.00000000 0.00000000
vn -1.00000000 0.00000000 0.00000000
vn -1.00000000 0.00000000 0.00000000
vn -1.00000000 0.00000000 0.00000000
vn 1.00000000 0.00005800 0.00000000
vn 1.00000000 0.00005800 0.00000000
vn 1.00000000 0.00005800 0.00000000
vn 1.00000000 0.00005800 0.00000000
vn 0.00000000 -1.00000000 0.00000000
vn 0.00005800 -1.00000000 0.00000000
vn 0.00005800 -1.00000000 0.00000000
vn 0.00000000 -1.00000000 0.00000000
vn 0.00000000 1.00000000 0.00000000
vn 0.00000000 1.00000000 0.00000000
vn -0.00005800 1.00000000 0.00000000
vn -0.00005800 1.00000000 0.00000000
vn 0.00000000 0.00000000 -1.00000000
vn 0.00000000 0.00000000 -1.00000000
vn 0.00000000 0.00000000 -1.00000000
vn 0.00000000 0.00000000 -1.00000000
vn 0.00000000 0.00000000 1.00000000
vn 0.00000000 0.00000000 1.00000000
vn 0.00000000 0.00000000 1.00000000
vn 0.00000000 0.00000000 1.00000000
vn -0.99999992 -0.00039443 0.00000000
vn -0.99999992 -0.00039443 0.00000000
vn -0.99999992 -0.00039443 0.00000000
vn -0.99999992 -0.00039443 0.00000000
vn 0.99999969 0.00078886 0.00000000
vn 0.99999969 0.00078886 0.00000000
vn 0.99999969 0.00078886 0.00000000
vn 0.99999969 0.00078886 0.00000000
vn 0.00039443 -0.99999992 0.00000000
vn 0.00078886 -0.99999969 0.00000000
vn 0.00078886 -0.99999969 0.00000000
vn 0.00039443 -0.99999992 0.00000000
vn -0.00039443 0.99999992 0.00000000
vn -0.00039443 0.99999992 0.00000000
vn -0.00078886 0.99999969 0.00000000
vn -0.00078886 0.99999969 0.00000000
vn 0.00000000 0.00000000 -1.00000000
vn 0.00000000 0.00000000 -1.00000000
vn 0.00000000 0.00000000 -1.00000000
vn 0.00000000 0.00000000 -1.00000000
vn 0.00000000 0.00000000 1.00000000
vn 0.00000000 0.00000000 1.00000000
vn 0.00000000 0.00000000 1.00000000
vn 0.00000000 0.00000000 1.00000000
vn -0.99999992 -0.00039443 0.00000000
vn -0.99999992 -0.00039443 0.00000000
vn -0.99999992 -0.00039443 0.00000000
vn -0.99999992 -0.00039443 0.00000000
vn 0.99999990 0.00045244 0.00000000
vn 0.99999990 0.00045244 0.00000000
vn 0.99999990 0.00045244 0.00000000
vn 0.99999990 0.00045244 0.00000000
vn 0.00039443 -0.99999992 0.00000000
vn 0.00045244 -0.99999990 0.00000000
vn 0.00045244 -0.99999990 0.00000000
vn 0.00039443 -0.99999992 0.00000000
vn -0.00039443 0.99999992 0.00000000
vn -0.00039443 0.99999992 0.00000000
vn -0.00045244 0.99999990 0.00000000
vn -0.00045244 0.99999990 0.00000000
vn 0.00000000 0.00000000 -1.00000000
vn 0.00000000 0.00000000 -1.00000000
vn 0.00000000 0.00000000 -1.00000000
vn 0.00000000 0.00000000 -1.00000000
vn 0.00000000 0.00000000 1.00000000
vn 0.00000000 0.00000000 1.00000000
vn 0.00000000 0.00000000 1.00000000
vn 0.00000000 0.00000000 1.00000000
vn -0.99999969 -0.00078886 0.00000000
vn -0.99999969 -0.00078886 0.00000000
vn -0.99999969 -0.00078886 0.00000000
vn -0.99999969 -0.00078886 0.00000000
vn 0.99999930 0.00118329 0.00000000
vn 0.99999930 0.00118329 0.00000000
vn 0.99999930 0.00118329 0.00000000
vn 0.99999930 0.00118329 0.00000000
vn 0.00078886 -0.99999969 0.00000000
vn 0.00118329 -0.99999930 0.00000000
vn 0.00118329 -0.99999930 0.00000000
vn 0.00078886 -0.99999969 0.00000000
vn -0.00078886 0.99999969 0.00000000
vn -0.00078886 0.99999969 0.00000000
vn -0.00118329 0.99999930 0.00000000
vn -0.00118329 0.99999930 0.00000000
vn 0.00000000 0.00000000 -1.00000000
vn 0.00000000 0.00000000 -1.00000000
vn 0.00000000 0.00000000 -1.00000000
vn 0.00000000 0.00000000 -1.00000000
vn 0.00000000 0.00000000 1.00000000
vn 0.00000000 0.00000000 1.00000000
vn 0.00000000 0.00000000 1.00000000
vn 0.00000000 0.00000000 1.00000000
vn -0.99999969 -0.00078886 0.00000000
vn -0.99999969 -0.00078886 0.00000000
vn -0.99999969 -0.00078886 0.00000000
vn -0.99999969 -0.00078886 0.00000000
vn 0.99999964 0.00084687 0.00000000
vn 0.99999964 0.00084687 0.00000000
vn 0.99999964 0.00084687 0.00000000
vn 0.99999964 0.00084687 0.00000000
vn 0.00078886 -0.99999969 0.00000000
vn 0.00084687 -0.99999964 0.00000000
vn 0.00084687 -0.99999964 0.00000000
vn 0.00078886 -0.99999969 0.00000000
vn -0.00078886 0.99999969 0.00000000
vn -0.00078886 0.99999969 0.00000000
vn -0.00084687 0.99999964 0.00000000
vn -0.00084687 0.99999964 0.00000000
vn 0.00000000 0.00000000 -1.00000000
vn 0.00000000 0.00000000 -1.00000000
vn 0.00000000 0.00000000 -1.00000000
vn 0.00000000 0.00000000 -1.00000000
vn 0.00000000 0.00000000 1.00000000
vn 0.00000000 0.00000000 1.00000000
vn 0.00000000 0.00000000 1.00000000
vn 0.00000000 0.00000000 1.00000000
vn -0.99999930 -0.00118329 0.00000000
vn -0.99999930 -0.00118329 0.00000000
vn -0.99999930 -0.00118329 0.00000000
vn -0.99999930 -0.00118329 0.00000000
vn 0.99999876 0.00157773 0.00000000
vn 0.99999876 0.00157773 0.00000000
vn 0.99999876 0.00157773 0.00000000
vn 0.99999876 0.00157773 0.00000000
vn 0.00118329 -0.99999930 0.00000000
vn 0.00157773 -0.99999876 0.00000000
vn 0.00157773 -0.99999876 0.00000000
vn 0.00118329 -0.99999930 0.00000000
vn -0.00118329 0.99999930 0.00000000
vn -0.00118329 0.99999930 0.00000000
vn -0.00157773 0.99999876 0.00000000
vn -0.00157773 0.99999876 0.00000000
vn 0.00000000 0.00000000 -1.00000000
vn 0.00000000 0.00000000 -1.00000000
vn 0.00000000 0.00000000 -1.00000000
vn 0.00000000 0.00000000 -1.00000000
vn 0.00000000 0.00000000 1.00000000
vn 0.00000000 0.00000000 1.00000000
vn 0.00000000 0.00000000 1.00000000
vn 0.00000000 0.00000000 1.00000000
vn -0.99999930 -0.00118329 0.00000000
vn -0.99999930 -0.00118329 0.00000000
vn -0.99999930 -0.00118329 0.00000000
vn -0.99999930 -0.00118329 0.00000000
vn 0.99999923 0.00124130 0.00000000
vn 0.99999923 0.00124130 0.00000000
vn 0.99999923 0.00124130 0.00000000
vn 0.99999923 0.00124130 0.00000000
vn 0.00118329 -0.99999930 0.00000000
vn 0.00124130 -0.99999923 0.00000000
vn 0.00124130 -0.99999923 0.00000000
vn 0.00118329 -0.99999930 0.00000000
vn -0.00118329 0.99999930 0.00000000
vn -0.00118329 0.99999930 0.00000000
vn -0.00124130 0.99999923 0.00000000
vn -0.00124130 0.99999923 0.00000000
vn 0.00000000 0.00000000 -1.00000000
vn 0.00000000 0.00000000 -1.00000000
vn 0.00000000 0.00000000 -1.00000000
vn 0.00000000 0.00000000 -1.00000000
vn 0.00000000 0.00000000 1.00000000
vn 0.00000000 0.00000000 1.00000000
vn 0.00000000 0.00000000 1.00000000
vn 0.00000000 0.00000000 1.00000000
vn -0.99999876 -0.00157773 0.00000000
vn -0.99999876 -0.00157773 0.00000000
vn -0.99999876 -0.00157773 0.00000000
vn -0.99999876 -0.00157773 0.00000000
vn 0.99999806 0.00197216 0.00000000
vn 0.99999806 0.00197216 0.00000000
vn 0.99999806 0.00197216 0.00000000
vn 0.99999806 0.00197216 0.00000000
vn 0.00157773 -0.99999876 0.00000000
vn 0.00197216 -0.99999806 0.00000000
vn 0.00197216 -0.99999806 0.00000000
vn 0.00157773 -0.99999876 0.00000000
vn -0.00157773 0.99999876 0.00000000
vn -0.00157773 0.99999876 0.00000000
vn -0.00197216 0.99999806 0.00000000
vn -0.00197216 0.99999806 0.00000000
vn 0.00000000 0.00000000 -1.00000000
vn 0.00000000 0.00000000 -1.00000000
vn 0.00000000 0.00000000 -1.00000000
vn 0.00000000 0.00000000 -1.00000000
vn 0.00000000 0.00000000 1.00000000
vn 0.00000000 0.00000000 1.00000000
vn 0.00000000 0.00000000 1.00000000
vn 0.00000000 0.00000000 1.00000000
vn -0.99999876 -0.00157773 0.00000000
vn -0.99999876 -0.00157773 0.00000000
vn -0.99999876 -0.00157773 0.00000000
vn -0.99999876 -0.00157773 0.00000000
vn 0.99999866 0.00163573 0.00000000
vn 0.99999866 0.00163573 0.00000000
vn 0.99999866 0.00163573 0.00000000
vn 0.99999866 0.00163573 0.00000000
vn 0.00157773 -0.99999876 0.00000000
vn 0.00163573 -0.99999866 0.00000000
vn 0.00163573 -0.99999866 0.00000000
vn 0.00157773 -0.99999876 0.00000000
vn -0.00157773 0.99999876 0.00000000
vn -0.00157773 0.99999876 0.00000000
vn -0.00163573 0.99999866 0.00000000
vn -0.00163573 0.99999866 0.00000000
vn 0.00000000 0.00000000 -1.00000000
vn 0.00000000 0.00000000 -1.00000000
vn 0.00000000 0.00000000 -1.00000000
vn 0.00000000 0.00000000 -1.00000000
vn 0.00000000 0.00000000 1.00000000
vn 0.00000000 0.00000000 1.00000000
vn 0.00000000 0.00000000 1.00000000
vn 0.00000000 0.00000000 1.00000000
vn -0.99999806 -0.00197216 0.00000000
vn -0.99999806 -0.00197216 0.00000000
vn -0.99999806 -0.00197216 0.00000000
vn -0.99999806 -0.00197216 0.00000000
vn 0.99999720 0.00236659 0.00000000
vn 0.99999720 0.00236659 0.00000000
vn 0.99999720 0.00236659 0.00000000
vn 0.99999720 0.00236659 0.00000000
vn 0.00197216 -0.99999806 0.00000000
vn 0.00236659 -0.99999720 0.00000000
vn 0.00236659 -0.99999720 0.00000000
vn 0.00197216 -0.99999806 0.00000000
vn -0.00197216 0.99999806 0.00000000
vn -0.00197216 0.99999806 0.00000000
vn -0.00236659 0.99999720 0.00000000
vn -0.00236659 0.99999720 0.00000000
vn 0.00000000 0.00000000 -1.00000000
vn 0.00000000 0.00000000 -1.00000000
vn 0.00000000 0.00000000 -1.00000000
vn 0.00000000 0.00000000 -1.00000000
vn 0.00000000 0.00000000 1.00000000
vn 0.00000000 0.00000000 1.00000000
vn 0.00000000 0.00000000 1.00000000
vn 0.00000000 0.00000000 1.00000000
vn -0.99999806 -0.00197216 0.00000000
vn -0.99999806 -0.00197216 0.00000000
vn -0.99999806 -0.00197216 0.00000000
vn -0.99999806 -0.00197216 0.00000000
vn 0.99999794 0.00203016 0.00000000
vn 0.99999794 0.00203016 0.00000000
vn 0.99999794 0.00203016 0.00000000
vn 0.99999794 0.00203016 0.00000000
vn 0.00197216 -0.99999806 0.00000000
vn 0.00203016 -0.99999794 0.00000000
vn 0.00203016 -0.99999794 0.00000000
vn 0.00197216 -0.99999806 0.00000000
vn -0.00197216 0.99999806 0.00000000
vn -0.00197216 0.99999806 0.00000000
vn -0.00203016 0.99999794 0.00000000
vn -0.00203016 0.99999794 0.00000000
vn 0.00000000 0.00000000 -1.00000000
vn 0.00000000 0.00000000 -1.00000000
vn 0.00000000 0.00000000 -1.00000000
vn 0.00000000 0.00000000 -1.00000000
vn 0.00000000 0.00000000 1.00000000
vn 0.00000000 0.00000000 1.00000000
vn 0.00000000 0.00000000 1.00000000
vn 0.00000000 0.00000000 1.00000000
vn -0.99999720 -0.00236659 0.00000000
vn -0.99999720 -0.00236659 0.00000000
vn -0.99999720 -0.00236659 0.00000000
vn -0.99999720 -0.00236659 0.00000000
vn 0.99999619 0.00276102 0.00000000
vn 0.99999619 0.00276102 0.00000000
vn 0.99999619 0.00276102 0.00000000
vn 0.99999619 0.00276102 0.00000000
vn 0.00236659 -0.99999720 0.00000000
vn 0.00276102 -0.99999619 0.00000000
vn 0.00276102 -0.99999619 0.00000000
vn 0.00236659 -0.99999720 0.00000000
vn -0.00236659 0.99999720 0.00000000
vn -0.00236659 0.99999720 0.00000000
vn -0.00276102 0.99999619 0.00000000
vn -0.00276102 0.99999619 0.00000000
vn 0.00000000 0.00000000 -1.00000000
vn 0.00000000 0.00000000 -1.00000000
vn 0.00000000 0.00000000 -1.00000000
vn 0.00000000 0.00000000 -1.00000000
vn 0.00000000 0.00000000 1.00000000
vn 0.00000000 0.00000000 1.00000000
vn 0.00000000 0.00000000 1.00000000
vn 0.00000000 0.00000000 1.00000000
vn -0.99999720 -0.00236659 0.00000000
vn -0.99999720 -0.00236659 0.00000000
vn -0.99999720 -0.00236659 0.00000000
vn -0.99999720 -0.00236659 0.00000000
vn 0.99999706 0.00242459 0.00000000
vn 0.99999706 0.00242459 0.00000000
vn 0.99999706 0.00242459 0.00000000
vn 0.99999706 0.00242459 0.00000000
vn 0.00236659 -0.99999720 0.00000000
vn 0.00242459 -0.99999706 0.00000000
vn 0.00242459 -0.99999706 0.00000000
vn 0.00236659 -0.99999720 0.00000000
vn -0.00236659 0.99999720 0.00000000
vn -0.00236659 0.99999720 0.00000000
vn -0.00242459 0.99999706 0.00000000
vn -0.00242459 0.99999706 0.00000000
vn 0.00000000 0.00000000 -1.00000000
vn 0.00000000 0.00000000 -1.00000000
vn 0.00000000 0.00000000 -1.00000000
vn 0.00000000 0.00000000 -1.00000000
vn 0.00000000 0.00000000 1.00000000
vn 0.00000000 0.00000000 1.00000000
vn 0.00000000 0.00000000 1.00000000
vn 0.00000000 0.00000000 1.00000000
vn -0.99973516 0.02301338 0.00000000
vn -0.99973516 0.02301338 0.00000000
vn -0.99973516 0.02301338 0.00000000
vn -0.99973516 0.02301338 0.00000000
vn 0.99973835 -0.02287421 0.00000000
vn 0.99973835 -0.02287421 0.00000000
vn 0.99973835 -0.02287421 0.00000000
vn 0.99973835 -0.02287421 0.00000000
vn 0.00000000 0.00000000 -1.00000000
vn 0.00000000 0.00000000 -1.00000000
vn 0.00000000 0.00000000 -1.00000000
vn 0.00000000 0.00000000 -1.00000000
vn 0.00000000 0.00000000 1.00000000
vn 0.00000000 0.00000000 1.00000000
vn 0.00000000 0.00000000 1.00000000
vn 0.00000000 0.00000000 1.00000000
vn -0.99973835 -0.02287421 0.00000000
vn -0.99973835 -0.02287421 0.00000000
vn -0.99973835 -0.02287421 0.00000000
vn -0.99973835 -0.02287421 0.00000000
vn 0.99973516 0.02301338 0.00000000
vn 0.99973516 0.02301338 0.00000000
vn 0.99973516 0.02301338 0.00000000
vn 0.99973516 0.02301338 0.00000000
vn 0.00000000 0.00000000 -1.00000000
vn 0.00000000 0.00000000 -1.00000000
vn 0.00000000 0.00000000 -1.00000000
vn 0.00000000 0.00000000 -1.00000000
vn 0.00000000 0.00000000 1.00000000
vn 0.00000000 0.00000000 1.00000000
vn 0.00000000 0.00000000 1.00000000
vn 0.00000000 0.00000000 1.00000000
vn -0.99973516 0.02301338 0.00000000
vn -0.99973516 0.02301338 0.00000000
vn -0.99973516 0.02301338 0.00000000
vn -0.99973516 0.02301338 0.00000000
vn 0.99988229 -0.01534301 0.00000000
vn 0.99988229 -0.01534301 0.00000000
vn 0.99988229 -0.01534301 0.00000000
vn 0.99988229 -0.01534301 0.00000000
vn 0.00000000 0.00000000 -1.00000000
vn 0.00000000 0.00000000 -1.00000000
vn 0.00000000 0.00000000 -1.00000000
vn 0.00000000 0.00000000 -1.00000000
vn 0.00000000 0.00000000 1.00000000
vn 0.00000000 0.00000000 1.00000000
vn 0.00000000 0.00000000 1.00000000
vn 0.00000000 0.00000000 1.00000000
vn -0.99973516 0.02301338 0.00000000
vn -0.99973516 0.02301338 0.00000000
vn -0.99973516 0.02301338 0.00000000
vn -0.99973516 0.02301338 0.00000000
vn -0.02301338 -0.99973516 0.00000000
vn -0.01917833 -0.99981608 0.00000000
vn -0.01917833 -0.99981608 0.00000000
vn -0.02301338 -0.99973516 0.00000000
vn 0.02301338 0.99973516 0.00000000
vn 0.02301338 0.99973516 0.00000000
vn 0.01917833 0.99981608 0.00000000
vn 0.01917833 0.99981608 0.00000000
vn 0.00000000 0.00000000 -1.00000000
vn 0.00000000 0.00000000 -1.00000000
vn 0.00000000 0.00000000 -1.00000000
vn 0.00000000 0.00000000 -1.00000000
vn 0.00000000 0.00000000 1.00000000
vn 0.00000000 0.00000000 1.00000000
vn 0.00000000 0.00000000 1.00000000
vn 0.00000000 0.00000000 1.00000000
vn 0.99988229 -0.01534301 0.00000000
vn 0.99988229 -0.01534301 0.00000000
vn 0.99988229 -0.01534301 0.00000000
vn 0.99988229 -0.01534301 0.00000000
vn -0.01917833 -0.99981608 0.00000000
vn -0.01534301 -0.99988229 0.00000000
vn -0.01534301 -0.99988229 0.00000000
vn -0.01917833 -0.99981608 0.00000000
vn 0.01917833 0.99981608 0.00000000
vn 0.01917833 0.99981608 0.00000000
vn 0.01534301 0.99988229 0.00000000
vn 0.01534301 0.99988229 0.00000000
vn 0.00000000 0.00000000 -1.00000000
vn 0.00000000 0.00000000 -1.00000000
vn 0.00000000 0.00000000 -1.00000000
vn 0.00000000 0.00000000 -1.00000000
vn 0.00000000 0.00000000 1.00000000
vn 0.00000000 0.00000000 1.00000000
vn 0.00000000 0.00000000 1.00000000
vn 0.00000000 0.00000000 1.00000000
vn -0.99973516 0.02301338 0.00000000
vn -0.99973516 0.02301338 0.00000000
vn -0.99973516 0.02301338 0.00000000
vn -0.99973516 0.02301338 0.00000000
vn 0.99984502 -0.01760488 0.00000000
vn 0.99984502 -0.01760488 0.00000000
vn 0.99984502 -0.01760488 0.00000000
vn 0.99984502 -0.01760488 0.00000000
vn 0.00000000 0.00000000 -1.00000000
vn 0.00000000 0.00000000 -1.00000000
vn 0.00000000 0.00000000 -1.00000000
vn 0.00000000 0.00000000 -1.00000000
vn 0.00000000 0.00000000 1.00000000
vn 0.00000000 0.00000000 1.00000000
vn 0.00000000 0.00000000 1.00000000
vn 0.00000000 0.00000000 1.00000000
vn -0.99973516 0.02301338 0.00000000
vn -0.99973516 0.02301338 0.00000000
vn -0.99973516 0.02301338 0.00000000
vn -0.99973516 0.02301338 0.00000000
vn 0.99984502 -0.01760488 0.00000000
vn 0.99984502 -0.01760488 0.00000000
vn 0.99984502 -0.01760488 0.00000000
vn 0.99984502 -0.01760488 0.00000000
vn 0.00000000 0.00000000 -1.00000000
vn 0.00000000 0.00000000 -1.00000000
vn 0.00000000 0.00000000 -1.00000000
vn 0.00000000 0.00000000 -1.00000000
vn 0.00000000 0.00000000 1.00000000
vn 0.00000000 0.00000000 1.00000000
vn 0.00000000 0.00000000 1.00000000
vn 0.00000000 0.00000000 1.00000000
vn -0.99973516 0.02301338 0.00000000
vn -0.99973516 0.02301338 0.00000000
vn -0.99973516 0.02301338 0.00000000
vn -0.99973516 0.02301338 0.00000000
vn 0.99984502 -0.01760488 0.00000000
vn 0.99984502 -0.01760488 0.00000000
vn 0.99984502 -0.01760488 0.00000000
vn 0.99984502 -0.01760488 0.00000000
vn 0.00000000 0.00000000 -1.00000000
vn 0.00000000 0.00000000 -1.00000000
vn 0.00000000 0.00000000 -1.00000000
vn 0.00000000 0.00000000 -1.00000000
vn 0.00000000 0.00000000 1.00000000
vn 0.00000000 0.00000000 1.00000000
vn 0.00000000 0.00000000 1.00000000
vn 0.00000000 0.00000000 1.00000000
vn -0.99987960 0.01551700 0.00000000
vn -0.99987960 0.01551700 0.00000000
vn -0.99987960 0.01551700 0.00000000
vn -0.99987960 0.01551700 0.00000000
vn 0.99988229 -0.01534301 0.00000000
vn 0.99988229 -0.01534301 0.00000000
vn 0.99988229 -0.01534301 0.00000000
vn 0.99988229 -0.01534301 0.00000000
vn 0.00000000 0.00000000 -1.00000000
vn 0.00000000 0.00000000 -1.00000000
vn 0.00000000 0.00000000 -1.00000000
vn 0.00000000 0.00000000 -1.00000000
vn 0.00000000 0.00000000 1.00000000
vn 0.00000000 0.00000000 1.00000000
vn 0.00000000 0.00000000 1.00000000
vn 0.00000000 0.00000000 1.00000000
vn -0.99984502 0.01760488 0.00000000
vn -0.99984502 0.01760488 0.00000000
vn -0.99984502 0.01760488 0.00000000
vn -0.99984502 0.01760488 0.00000000
vn 0.99987960 -0.01551700 0.00000000
vn 0.99987960 -0.01551700 0.00000000
vn 0.99987960 -0.01551700 0.00000000
vn 0.99987960 -0.01551700 0.00000000
vn -0.01760488 -0.99984502 0.00000000
vn -0.01551700 -0.99987960 0.00000000
vn -0.01551700 -0.99987960 0.00000000
vn -0.01760488 -0.99984502 0.00000000
vn 0.00000000 0.00000000 -1.00000000
vn 0.00000000 0.00000000 -1.00000000
vn 0.00000000 0.00000000 -1.00000000
vn 0.00000000 0.00000000 -1.00000000
vn 0.00000000 0.00000000 1.00000000
vn 0.00000000 0.00000000 1.00000000
vn 0.00000000 0.00000000 1.00000000
vn 0.00000000 0.00000000 1.00000000
vn -0.99973835 0.02287421 0.00000000
vn -0.99973835 0.02287421 0.00000000
vn -0.99973835 0.02287421 0.00000000
vn -0.99973835 0.02287421 0.00000000
vn 0.99988014 -0.01548220 0.00000000
vn 0.99988014 -0.01548220 0.00000000
vn 0.99988014 -0.01548220 0.00000000
vn 0.99988014 -0.01548220 0.00000000
vn -0.02287421 -0.99973835 0.00000000
vn -0.01548220 -0.99988014 0.00000000
vn -0.01548220 -0.99988014 0.00000000
vn -0.02287421 -0.99973835 0.00000000
vn 0.02287421 0.99973835 0.00000000
vn 0.02287421 0.99973835 0.00000000
vn 0.01548220 0.99988014 0.00000000
vn 0.01548220 0.99988014 0.00000000
vn 0.00000000 0.00000000 -1.00000000
vn 0.00000000 0.00000000 -1.00000000
vn 0.00000000 0.00000000 -1.00000000
vn 0.00000000 0.00000000 -1.00000000
vn 0.00000000 0.00000000 1.00000000
vn 0.00000000 0.00000000 1.00000000
vn 0.00000000 0.00000000 1.00000000
vn 0.00000000 0.00000000 1.00000000
vn -0.99988229 0.01534301 0.00000000
vn -0.99988229 0.01534301 0.00000000
vn -0.99988229 0.01534301 0.00000000
vn -0.99988229 0.01534301 0.00000000
vn 0.99997057 -0.00767173 0.00000000
vn 0.99997057 -0.00767173 0.00000000
vn 0.99997057 -0.00767173 0.00000000
vn 0.99997057 -0.00767173 0.00000000
vn 0.00000000 0.00000000 -1.00000000
vn 0.00000000 0.00000000 -1.00000000
vn 0.00000000 0.00000000 -1.00000000
vn 0.00000000 0.00000000 -1.00000000
vn 0.00000000 0.00000000 1.00000000
vn 0.00000000 0.00000000 1.00000000
vn 0.00000000 0.00000000 1.00000000
vn 0.00000000 0.00000000 1.00000000
vn -0.99988229 0.01534301 0.00000000
vn -0.99988229 0.01534301 0.00000000
vn -0.99988229 0.01534301 0.00000000
vn -0.99988229 0.01534301 0.00000000
vn -0.01534301 -0.99988229 0.00000000
vn -0.01150745 -0.99993379 0.00000000
vn -0.01150745 -0.99993379 0.00000000
vn -0.01534301 -0.99988229 0.00000000
vn 0.01534301 0.99988229 0.00000000
vn 0.01534301 0.99988229 0.00000000
vn 0.01150745 0.99993379 0.00000000
vn 0.01150745 0.99993379 0.00000000
vn 0.00000000 0.00000000 -1.00000000
vn 0.00000000 0.00000000 -1.00000000
vn 0.00000000 0.00000000 -1.00000000
vn 0.00000000 0.00000000 -1.00000000
vn 0.00000000 0.00000000 1.00000000
vn 0.00000000 0.00000000 1.00000000
vn 0.00000000 0.00000000 1.00000000
vn 0.00000000 0.00000000 1.00000000
vn 0.99997057 -0.00767173 0.00000000
vn 0.99997057 -0.00767173 0.00000000
vn 0.99997057 -0.00767173 0.00000000
vn 0.99997057 -0.00767173 0.00000000
vn -0.01150745 -0.99993379 0.00000000
vn -0.00767173 -0.99997057 0.00000000
vn -0.00767173 -0.99997057 0.00000000
vn -0.01150745 -0.99993379 0.00000000
vn 0.01150745 0.99993379 0.00000000
vn 0.01150745 0.99993379 0.00000000
vn 0.00767173 0.99997057 0.00000000
vn 0.00767173 0.99997057 0.00000000
vn 0.00000000 0.00000000 -1.00000000
vn 0.00000000 0.00000000 -1.00000000
vn 0.00000000 0.00000000 -1.00000000
vn 0.00000000 0.00000000 -1.00000000
vn 0.00000000 0.00000000 1.00000000
vn 0.00000000 0.00000000 1.00000000
vn 0.00000000 0.00000000 1.00000000
vn 0.00000000 0.00000000 1.00000000
vn -0.99988229 0.01534301 0.00000000
vn -0.99988229 0.01534301 0.00000000
vn -0.99988229 0.01534301 0.00000000
vn -0.99988229 0.01534301 0.00000000
vn 0.99988406 -0.01522701 0.00000000
vn 0.99988406 -0.01522701 0.00000000
vn 0.99988406 -0.01522701 0.00000000
vn 0.99988406 -0.01522701 0.00000000
vn -0.01534301 -0.99988229 0.00000000
vn -0.01522701 -0.99988406 0.00000000
vn -0.01522701 -0.99988406 0.00000000
vn -0.01534301 -0.99988229 0.00000000
vn 0.01534301 0.99988229 0.00000000
vn 0.01534301 0.99988229 0.00000000
vn 0.01522701 0.99988406 0.00000000
vn 0.01522701 0.99988406 0.00000000
vn 0.00000000 0.00000000 -1.00000000
vn 0.00000000 0.00000000 -1.00000000
vn 0.00000000 0.00000000 -1.00000000
vn 0.00000000 0.00000000 -1.00000000
vn 0.00000000 0.00000000 1.00000000
vn 0.00000000 0.00000000 1.00000000
vn 0.00000000 0.00000000 1.00000000
vn 0.00000000 0.00000000 1.00000000
vn -0.99988229 0.01534301 0.00000000
vn -0.99988229 0.01534301 0.00000000
vn -0.99988229 0.01534301 0.00000000
vn -0.99988229 0.01534301 0.00000000
vn 0.99995066 -0.00993382 0.00000000
vn 0.99995066 -0.00993382 0.00000000
vn 0.99995066 -0.00993382 0.00000000
vn 0.99995066 -0.00993382 0.00000000
vn 0.00000000 0.00000000 -1.00000000
vn 0.00000000 0.00000000 -1.00000000
vn 0.00000000 0.00000000 -1.00000000
vn 0.00000000 0.00000000 -1.00000000
vn 0.00000000 0.00000000 1.00000000
vn 0.00000000 0.00000000 1.00000000
vn 0.00000000 0.00000000 1.00000000
vn 0.00000000 0.00000000 1.00000000
vn -0.99988229 0.01534301 0.00000000
vn -0.99988229 0.01534301 0.00000000
vn -0.99988229 0.01534301 0.00000000
vn -0.99988229 0.01534301 0.00000000
vn 0.99995066 -0.00993382 0.00000000
vn 0.99995066 -0.00993382 0.00000000
vn 0.99995066 -0.00993382 0.00000000
vn 0.99995066 -0.00993382 0.00000000
vn 0.00000000 0.00000000 -1.00000000
vn 0.00000000 0.00000000 -1.00000000
vn 0.00000000 0.00000000 -1.00000000
vn 0.00000000 0.00000000 -1.00000000
vn 0.00000000 0.00000000 1.00000000
vn 0.00000000 0.00000000 1.00000000
vn 0.00000000 0.00000000 1.00000000
vn 0.00000000 0.00000000 1.00000000
vn -0.99988229 0.01534301 0.00000000
vn -0.99988229 0.01534301 0.00000000
vn -0.99988229 0.01534301 0.00000000
vn -0.99988229 0.01534301 0.00000000
vn 0.99995066 -0.00993382 0.00000000
vn 0.99995066 -0.00993382 0.00000000
vn 0.99995066 -0.00993382 0.00000000
vn 0.99995066 -0.00993382 0.00000000
vn 0.00000000 0.00000000 -1.00000000
vn 0.00000000 0.00000000 -1.00000000
vn 0.00000000 0.00000000 -1.00000000
vn 0.00000000 0.00000000 -1.00000000
vn 0.00000000 0.00000000 1.00000000
vn 0.00000000 0.00000000 1.00000000
vn 0.00000000 0.00000000 1.00000000
vn 0.00000000 0.00000000 1.00000000
vn -0.99996922 0.00784574 0.00000000
vn -0.99996922 0.00784574 0.00000000
vn -0.99996922 0.00784574 0.00000000
vn -0.99996922 0.00784574 0.00000000
vn 0.99997057 -0.00767173 0.00000000
vn 0.99997057 -0.00767173 0.00000000
vn 0.99997057 -0.00767173 0.00000000
vn 0.99997057 -0.00767173 0.00000000
vn 0.00000000 0.00000000 -1.00000000
vn 0.00000000 0.00000000 -1.00000000
vn 0.00000000 0.00000000 -1.00000000
vn 0.00000000 0.00000000 -1.00000000
vn 0.00000000 0.00000000 1.00000000
vn 0.00000000 0.00000000 1.00000000
vn 0.00000000 0.00000000 1.00000000
vn 0.00000000 0.00000000 1.00000000
vn -0.99995066 0.00993382 0.00000000
vn -0.99995066 0.00993382 0.00000000
vn -0.99995066 0.00993382 0.00000000
vn -0.99995066 0.00993382 0.00000000
vn 0.99996922 -0.00784574 0.00000000
vn 0.99996922 -0.00784574 0.00000000
vn 0.99996922 -0.00784574 0.00000000
vn 0.99996922 -0.00784574 0.00000000
vn -0.00993382 -0.99995066 0.00000000
vn -0.00784574 -0.99996922 0.00000000
vn -0.00784574 -0.99996922 0.00000000
vn -0.00993382 -0.99995066 0.00000000
vn 0.00000000 0.00000000 -1.00000000
vn 0.00000000 0.00000000 -1.00000000
vn 0.00000000 0.00000000 -1.00000000
vn 0.00000000 0.00000000 -1.00000000
vn 0.00000000 0.00000000 1.00000000
vn 0.00000000 0.00000000 1.00000000
vn 0.00000000 0.00000000 1.00000000
vn 0.00000000 0.00000000 1.00000000
vn -0.99988442 0.01520381 0.00000000
vn -0.99988442 0.01520381 0.00000000
vn -0.99988442 0.01520381 0.00000000
vn -0.99988442 0.01520381 0.00000000
vn 0.99996949 -0.00781094 0.00000000
vn 0.99996949 -0.00781094 0.00000000
vn 0.99996949 -0.00781094 0.00000000
vn 0.99996949 -0.00781094 0.00000000
vn -0.01520381 -0.99988442 0.00000000
vn -0.00781094 -0.99996949 0.00000000
vn -0.00781094 -0.99996949 0.00000000
vn -0.01520381 -0.99988442 0.00000000
vn 0.01520381 0.99988442 0.00000000
vn 0.01520381 0.99988442 0.00000000
vn 0.00781094 0.99996949 0.00000000
vn 0.00781094 0.99996949 0.00000000
vn 0.00000000 0.00000000 -1.00000000
vn 0.00000000 0.00000000 -1.00000000
vn 0.00000000 0.00000000 -1.00000000
vn 0.00000000 0.00000000 -1.00000000
vn 0.00000000 0.00000000 1.00000000
vn 0.00000000 0.00000000 1.00000000
vn 0.00000000 0.00000000 1.00000000
vn 0.00000000 0.00000000 1.00000000
vn -0.99997057 0.00767173 0.00000000
vn -0.99997057 0.00767173 0.00000000
vn -0.99997057 0.00767173 0.00000000
vn -0.99997057 0.00767173 0.00000000
vn 1.00000000 -0.00000000 0.00000000
vn 1.00000000 -0.00000000 0.00000000
vn 1.00000000 -0.00000000 0.00000000
vn 1.00000000 -0.00000000 0.00000000
vn 0.00000000 0.00000000 -1.00000000
vn 0.00000000 0.00000000 -1.00000000
vn 0.00000000 0.00000000 -1.00000000
vn 0.00000000 0.00000000 -1.00000000
vn 0.00000000 0.00000000 1.00000000
vn 0.00000000 0.00000000 1.00000000
vn 0.00000000 0.00000000 1.00000000
vn 0.00000000 0.00000000 1.00000000
vn -0.99997057 0.00767173 0.00000000
vn -0.99997057 0.00767173 0.00000000
vn -0.99997057 0.00767173 0.00000000
vn -0.99997057 0.00767173 0.00000000
vn -0.00767173 -0.99997057 0.00000000
vn -0.00383589 -0.99999264 0.00000000
vn -0.00383589 -0.99999264 0.00000000
vn -0.00767173 -0.99997057 0.00000000
vn 0.00767173 0.99997057 0.00000000
vn 0.00767173 0.99997057 0.00000000
vn 0.00383589 0.99999264 0.00000000
vn 0.00383589 0.99999264 0.00000000
vn 0.00000000 0.00000000 -1.00000000
vn 0.00000000 0.00000000 -1.00000000
vn 0.00000000 0.00000000 -1.00000000
vn 0.00000000 0.00000000 -1.00000000
vn 0.00000000 0.00000000 1.00000000
vn 0.00000000 0.00000000 1.00000000
vn 0.00000000 0.00000000 1.00000000
vn 0.00000000 0.00000000 1.00000000
vn 1.00000000 -0.00000000 0.00000000
vn 1.00000000 -0.00000000 0.00000000
vn 1.00000000 -0.00000000 0.00000000
vn 1.00000000 -0.00000000 0.00000000
vn -0.00383589 -0.99999264 0.00000000
vn -0.00000000 -1.00000000 0.00000000
vn -0.00000000 -1.00000000 0.00000000
vn -0.00383589 -0.99999264 0.00000000
vn 0.00383589 0.99999264 0.00000000
vn 0.00383589 0.99999264 0.00000000
vn 0.00000000 1.00000000 0.00000000
vn 0.00000000 1.00000000 0.00000000
vn 0.00000000 0.00000000 -1.00000000
vn 0.00000000 0.00000000 -1.00000000
vn 0.00000000 0.00000000 -1.00000000
vn 0.00000000 0.00000000 -1.00000000
vn 0.00000000 0.00000000 1.00000000
vn 0.00000000 0.00000000 1.00000000
vn 0.00000000 0.00000000 1.00000000
vn 0.00000000 0.00000000 1.00000000
vn -0.99997057 0.00767173 0.00000000
vn -0.99997057 0.00767173 0.00000000
vn -0.99997057 0.00767173 0.00000000
vn -0.99997057 0.00767173 0.00000000
vn 0.99997146 -0.00755572 0.00000000
vn 0.99997146 -0.00755572 0.00000000
vn 0.99997146 -0.00755572 0.00000000
vn 0.99997146 -0.00755572 0.00000000
vn -0.00767173 -0.99997057 0.00000000
vn -0.00755572 -0.99997146 0.00000000
vn -0.00755572 -0.99997146 0.00000000
vn -0.00767173 -0.99997057 0.00000000
vn 0.00767173 0.99997057 0.00000000
vn 0.00767173 0.99997057 0.00000000
vn 0.00755572 0.99997146 0.00000000
vn 0.00755572 0.99997146 0.00000000
vn 0.00000000 0.00000000 -1.00000000
vn 0.00000000 0.00000000 -1.00000000
vn 0.00000000 0.00000000 -1.00000000
vn 0.00000000 0.00000000 -1.00000000
vn 0.00000000 0.00000000 1.00000000
vn 0.00000000 0.00000000 1.00000000
vn 0.00000000 0.00000000 1.00000000
vn 0.00000000 0.00000000 1.00000000
vn -0.99997057 0.00767173 0.00000000
vn -0.99997057 0.00767173 0.00000000
vn -0.99997057 0.00767173 0.00000000
vn -0.99997057 0.00767173 0.00000000
vn 0.99999744 -0.00226218 0.00000000
vn 0.99999744 -0.00226218 0.00000000
vn 0.99999744 -0.00226218 0.00000000
vn 0.99999744 -0.00226218 0.00000000
vn 0.00000000 0.00000000 -1.00000000
vn 0.00000000 0.00000000 -1.00000000
vn 0.00000000 0.00000000 -1.00000000
vn 0.00000000 0.00000000 -1.00000000
vn 0.00000000 0.00000000 1.00000000
vn 0.00000000 0.00000000 1.00000000
vn 0.00000000 0.00000000 1.00000000
vn 0.00000000 0.00000000 1.00000000
vn -0.99997057 0.00767173 0.00000000
vn -0.99997057 0.00767173 0.00000000
vn -0.99997057 0.00767173 0.00000000
vn -0.99997057 0.00767173 0.00000000
vn 0.99999744 -0.00226218 0.00000000
vn 0.99999744 -0.00226218 0.00000000
vn 0.99999744 -0.00226218 0.00000000
vn 0.99999744 -0.00226218 0.00000000
vn 0.00000000 0.00000000 -1.00000000
vn 0.00000000 0.00000000 -1.00000000
vn 0.00000000 0.00000000 -1.00000000
vn 0.00000000 0.00000000 -1.00000000
vn 0.00000000 0.00000000 1.00000000
vn 0.00000000 0.00000000 1.00000000
vn 0.00000000 0.00000000 1.00000000
vn 0.00000000 0.00000000 1.00000000
vn -0.99997057 0.00767173 0.00000000
vn -0.99997057 0.00767173 0.00000000
vn -0.99997057 0.00767173 0.00000000
vn -0.99997057 0.00767173 0.00000000
vn 0.99999744 -0.00226218 0.00000000
vn 0.99999744 -0.00226218 0.00000000
vn 0.99999744 -0.00226218 0.00000000
vn 0.99999744 -0.00226218 0.00000000
vn 0.00000000 0.00000000 -1.00000000
vn 0.00000000 0.00000000 -1.00000000
vn 0.00000000 0.00000000 -1.00000000
vn 0.00000000 0.00000000 -1.00000000
vn 0.00000000 0.00000000 1.00000000
vn 0.00000000 0.00000000 1.00000000
vn 0.00000000 0.00000000 1.00000000
vn 0.00000000 0.00000000 1.00000000
vn -0.99999998 0.00017401 0.00000000
vn -0.99999998 0.00017401 0.00000000
vn -0.99999998 0.00017401 0.00000000
vn -0.99999998 0.00017401 0.00000000
vn 1.00000000 -0.00000000 0.00000000
vn 1.00000000 -0.00000000 0.00000000
vn 1.00000000 -0.00000000 0.00000000
vn 1.00000000 -0.00000000 0.00000000
vn 0.00000000 0.00000000 -1.00000000
vn 0.00000000 0.00000000 -1.00000000
vn 0.00000000 0.00000000 -1.00000000
vn 0.00000000 0.00000000 -1.00000000
vn 0.00000000 0.00000000 1.00000000
vn 0.00000000 0.00000000 1.00000000
vn 0.00000000 0.00000000 1.00000000
vn 0.00000000 0.00000000 1.00000000
vn -0.99999744 0.00226218 0.00000000
vn -0.99999744 0.00226218 0.00000000
vn -0.99999744 0.00226218 0.00000000
vn -0.99999744 0.00226218 0.00000000
vn 0.99999998 -0.00017401 0.00000000
vn 0.99999998 -0.00017401 0.00000000
vn 0.99999998 -0.00017401 0.00000000
vn 0.99999998 -0.00017401 0.00000000
vn -0.00226218 -0.99999744 0.00000000
vn -0.00017401 -0.99999998 0.00000000
vn -0.00017401 -0.99999998 0.00000000
vn -0.00226218 -0.99999744 0.00000000
vn 0.00000000 0.00000000 -1.00000000
vn 0.00000000 0.00000000 -1.00000000
vn 0.00000000 0.00000000 -1.00000000
vn 0.00000000 0.00000000 -1.00000000
vn 0.00000000 0.00000000 1.00000000
vn 0.00000000 0.00000000 1.00000000
vn 0.00000000 0.00000000 1.00000000
vn 0.00000000 0.00000000 1.00000000
vn -0.99997163 0.00753252 0.00000000
vn -0.99997163 0.00753252 0.00000000
vn -0.99997163 0.00753252 0.00000000
vn -0.99997163 0.00753252 0.00000000
vn 0.99999999 -0.00013921 0.00000000
vn 0.99999999 -0.00013921 0.00000000
vn 0.99999999 -0.00013921 0.00000000
vn 0.99999999 -0.00013921 0.00000000
vn -0.00753252 -0.99997163 0.00000000
vn -0.00013921 -0.99999999 0.00000000
vn -0.00013921 -0.99999999 0.00000000
vn -0.00753252 -0.99997163 0.00000000
vn 0.00753252 0.99997163 0.00000000
vn 0.00753252 0.99997163 0.00000000
vn 0.00013921 0.99999999 0.00000000
vn 0.00013921 0.99999999 0.00000000
vn 0.00000000 0.00000000 -1.00000000
vn 0.00000000 0.00000000 -1.00000000
vn 0.00000000 0.00000000 -1.00000000
vn 0.00000000 0.00000000 -1.00000000
vn 0.00000000 0.00000000 1.00000000
vn 0.00000000 0.00000000 1.00000000
vn 0.00000000 0.00000000 1.00000000
vn 0.00000000 0.00000000 1.00000000
vn -1.00000000 0.00000000 0.00000000
vn -1.00000000 0.00000000 0.00000000
vn -1.00000000 0.00000000 0.00000000
vn -1.00000000 0.00000000 0.00000000
vn 0.99997057 0.00767173 0.00000000
vn 0.99997057 0.00767173 0.00000000
vn 0.99997057 0.00767173 0.00000000
vn 0.99997057 0.00767173 0.00000000
vn 0.00000000 0.00000000 -1.00000000
vn 0.00000000 0.00000000 -1.00000000
vn 0.00000000 0.00000000 -1.00000000
vn 0.00000000 0.00000000 -1.00000000
vn 0.00000000 0.00000000 1.00000000
vn 0.00000000 0.00000000 1.00000000
vn 0.00000000 0.00000000 1.00000000
vn 0.00000000 0.00000000 1.00000000
vn -1.00000000 0.00000000 0.00000000
vn -1.00000000 0.00000000 0.00000000
vn -1.00000000 0.00000000 0.00000000
vn -1.00000000 0.00000000 0.00000000
vn 0.00000000 -1.00000000 0.00000000
vn 0.00383589 -0.99999264 0.00000000
vn 0.00383589 -0.99999264 0.00000000
vn 0.00000000 -1.00000000 0.00000000
vn 0.00000000 1.00000000 0.00000000
vn 0.00000000 1.00000000 0.00000000
vn -0.00383589 0.99999264 0.00000000
vn -0.00383589 0.99999264 0.00000000
vn 0.00000000 0.00000000 -1.00000000
vn 0.00000000 0.00000000 -1.00000000
vn 0.00000000 0.00000000 -1.00000000
vn 0.00000000 0.00000000 -1.00000000
vn 0.00000000 0.00000000 1.00000000
vn 0.00000000 0.00000000 1.00000000
vn 0.00000000 0.00000000 1.00000000
vn 0.00000000 0.00000000 1.00000000
vn 0.99997057 0.00767173 0.00000000
vn 0.99997057 0.00767173 0.00000000
vn 0.99997057 0.00767173 0.00000000
vn 0.99997057 0.00767173 0.00000000
vn 0.00383589 -0.99999264 0.00000000
vn 0.00767173 -0.99997057 0.00000000
vn 0.00767173 -0.99997057 0.00000000
vn 0.00383589 -0.99999264 0.00000000
vn -0.00383589 0.99999264 0.00000000
vn -0.00383589 0.99999264 0.00000000
vn -0.00767173 0.99997057 0.00000000
vn -0.00767173 0.99997057 0.00000000
vn 0.00000000 0.00000000 -1.00000000
vn 0.00000000 0.00000000 -1.00000000
vn 0.00000000 0.00000000 -1.00000000
vn 0.00000000 0.00000000 -1.00000000
vn 0.00000000 0.00000000 1.00000000
vn 0.00000000 0.00000000 1.00000000
vn 0.00000000 0.00000000 1.00000000
vn 0.00000000 0.00000000 1.00000000
vn -1.00000000 0.00000000 0.00000000
vn -1.00000000 0.00000000 0.00000000
vn -1.00000000 0.00000000 0.00000000
vn -1.00000000 0.00000000 0.00000000
vn 0.99999999 0.00011601 0.00000000
vn 0.99999999 0.00011601 0.00000000
vn 0.99999999 0.00011601 0.00000000
vn 0.99999999 0.00011601 0.00000000
vn 0.00000000 -1.00000000 0.00000000
vn 0.00011601 -0.99999999 0.00000000
vn 0.00011601 -0.99999999 0.00000000
vn 0.00000000 -1.00000000 0.00000000
vn 0.00000000 1.00000000 0.00000000
vn 0.00000000 1.00000000 0.00000000
vn -0.00011601 0.99999999 0.00000000
vn -0.00011601 0.99999999 0.00000000
vn 0.00000000 0.00000000 -1.00000000
vn 0.00000000 0.00000000 -1.00000000
vn 0.00000000 0.00000000 -1.00000000
vn 0.00000000 0.00000000 -1.00000000
vn 0.00000000 0.00000000 1.00000000
vn 0.00000000 0.00000000 1.00000000
vn 0.00000000 0.00000000 1.00000000
vn 0.00000000 0.00000000 1.00000000
vn -1.00000000 0.00000000 0.00000000
vn -1.00000000 0.00000000 0.00000000
vn -1.00000000 0.00000000 0.00000000
vn -1.00000000 0.00000000 0.00000000
vn 0.99998537 0.00540960 0.00000000
vn 0.99998537 0.00540960 0.00000000
vn 0.99998537 0.00540960 0.00000000
vn 0.99998537 0.00540960 0.00000000
vn 0.00000000 0.00000000 -1.00000000
vn 0.00000000 0.00000000 -1.00000000
vn 0.00000000 0.00000000 -1.00000000
vn 0.00000000 0.00000000 -1.00000000
vn 0.00000000 0.00000000 1.00000000
vn 0.00000000 0.00000000 1.00000000
vn 0.00000000 0.00000000 1.00000000
vn 0.00000000 0.00000000 1.00000000
vn -1.00000000 0.00000000 0.00000000
vn -1.00000000 0.00000000 0.00000000
vn -1.00000000 0.00000000 0.00000000
vn -1.00000000 0.00000000 0.00000000
vn 0.99998537 0.00540960 0.00000000
vn 0.99998537 0.00540960 0.00000000
vn 0.99998537 0.00540960 0.00000000
vn 0.99998537 0.00540960 0.00000000
vn 0.00000000 0.00000000 -1.00000000
vn 0.00000000 0.00000000 -1.00000000
vn 0.00000000 0.00000000 -1.00000000
vn 0.00000000 0.00000000 -1.00000000
vn 0.00000000 0.00000000 1.00000000
vn 0.00000000 0.00000000 1.00000000
vn 0.00000000 0.00000000 1.00000000
vn 0.00000000 0.00000000 1.00000000
vn -1.00000000 0.00000000 0.00000000
vn -1.00000000 0.00000000 0.00000000
vn -1.00000000 0.00000000 0.00000000
vn -1.00000000 0.00000000 0.00000000
vn 0.99998537 0.00540960 0.00000000
vn 0.99998537 0.00540960 0.00000000
vn 0.99998537 0.00540960 0.00000000
vn 0.99998537 0.00540960 0.00000000
vn 0.00000000 0.00000000 -1.00000000
vn 0.00000000 0.00000000 -1.00000000
vn 0.00000000 0.00000000 -1.00000000
vn 0.00000000 0.00000000 -1.00000000
vn 0.00000000 0.00000000 1.00000000
vn 0.00000000 0.00000000 1.00000000
vn 0.00000000 0.00000000 1.00000000
vn 0.00000000 0.00000000 1.00000000
vn -0.99997189 -0.00749772 0.00000000
vn -0.99997189 -0.00749772 0.00000000
vn -0.99997189 -0.00749772 0.00000000
vn -0.99997189 -0.00749772 0.00000000
vn 0.99997057 0.00767173 0.00000000
vn 0.99997057 0.00767173 0.00000000
vn 0.99997057 0.00767173 0.00000000
vn 0.99997057 0.00767173 0.00000000
vn 0.00000000 0.00000000 -1.00000000
vn 0.00000000 0.00000000 -1.00000000
vn 0.00000000 0.00000000 -1.00000000
vn 0.00000000 0.00000000 -1.00000000
vn 0.00000000 0.00000000 1.00000000
vn 0.00000000 0.00000000 1.00000000
vn 0.00000000 0.00000000 1.00000000
vn 0.00000000 0.00000000 1.00000000
vn -0.99998537 -0.00540960 0.00000000
vn -0.99998537 -0.00540960 0.00000000
vn -0.99998537 -0.00540960 0.00000000
vn -0.99998537 -0.00540960 0.00000000
vn 0.99997189 0.00749772 0.00000000
vn 0.99997189 0.00749772 0.00000000
vn 0.99997189 0.00749772 0.00000000
vn 0.99997189 0.00749772 0.00000000
vn 0.00540960 -0.99998537 0.00000000
vn 0.00749772 -0.99997189 0.00000000
vn 0.00749772 -0.99997189 0.00000000
vn 0.00540960 -0.99998537 0.00000000
vn 0.00000000 0.00000000 -1.00000000
vn 0.00000000 0.00000000 -1.00000000
vn 0.00000000 0.00000000 -1.00000000
vn 0.00000000 0.00000000 -1.00000000
vn 0.00000000 0.00000000 1.00000000
vn 0.00000000 0.00000000 1.00000000
vn 0.00000000 0.00000000 1.00000000
vn 0.00000000 0.00000000 1.00000000
vn -0.99999999 -0.00013921 0.00000000
vn -0.99999999 -0.00013921 0.00000000
vn -0.99999999 -0.00013921 0.00000000
vn -0.99999999 -0.00013921 0.00000000
vn 0.99997163 0.00753252 0.00000000
vn 0.99997163 0.00753252 0.00000000
vn 0.99997163 0.00753252 0.00000000
vn 0.99997163 0.00753252 0.00000000
vn 0.00013921 -0.99999999 0.00000000
vn 0.00753252 -0.99997163 0.00000000
vn 0.00753252 -0.99997163 0.00000000
vn 0.00013921 -0.99999999 0.00000000
vn -0.00013921 0.99999999 0.00000000
vn -0.00013921 0.99999999 0.00000000
vn -0.00753252 0.99997163 0.00000000
vn -0.00753252 0.99997163 0.00000000
vn 0.00000000 0.00000000 -1.00000000
vn 0.00000000 0.00000000 -1.00000000
vn 0.00000000 0.00000000 -1.00000000
vn 0.00000000 0.00000000 -1.00000000
vn 0.00000000 0.00000000 1.00000000
vn 0.00000000 0.00000000 1.00000000
vn 0.00000000 0.00000000 1.00000000
vn 0.00000000 0.00000000 1.00000000
vn -0.99997057 -0.00767173 0.00000000
vn -0.99997057 -0.00767173 0.00000000
vn -0.99997057 -0.00767173 0.00000000
vn -0.99997057 -0.00767173 0.00000000
vn 0.99988229 0.01534301 0.00000000
vn 0.99988229 0.01534301 0.00000000
vn 0.99988229 0.01534301 0.00000000
vn 0.99988229 0.01534301 0.00000000
vn 0.00000000 0.00000000 -1.00000000
vn 0.00000000 0.00000000 -1.00000000
vn 0.00000000 0.00000000 -1.00000000
vn 0.00000000 0.00000000 -1.00000000
vn 0.00000000 0.00000000 1.00000000
vn 0.00000000 0.00000000 1.00000000
vn 0.00000000 0.00000000 1.00000000
vn 0.00000000 0.00000000 1.00000000
vn -0.99997057 -0.00767173 0.00000000
vn -0.99997057 -0.00767173 0.00000000
vn -0.99997057 -0.00767173 0.00000000
vn -0.99997057 -0.00767173 0.00000000
vn 0.00767173 -0.99997057 0.00000000
vn 0.01150745 -0.99993379 0.00000000
vn 0.01150745 -0.99993379 0.00000000
vn 0.00767173 -0.99997057 0.00000000
vn -0.00767173 0.99997057 0.00000000
vn -0.00767173 0.99997057 0.00000000
vn -0.01150745 0.99993379 0.00000000
vn -0.01150745 0.99993379 0.00000000
vn 0.00000000 0.00000000 -1.00000000
vn 0.00000000 0.00000000 -1.00000000
vn 0.00000000 0.00000000 -1.00000000
vn 0.00000000 0.00000000 -1.00000000
vn 0.00000000 0.00000000 1.00000000
vn 0.00000000 0.00000000 1.00000000
vn 0.00000000 0.00000000 1.00000000
vn 0.00000000 0.00000000 1.00000000
vn 0.99988229 0.01534301 0.00000000
vn 0.99988229 0.01534301 0.00000000
vn 0.99988229 0.01534301 0.00000000
vn 0.99988229 0.01534301 0.00000000
vn 0.01150745 -0.99993379 0.00000000
vn 0.01534301 -0.99988229 0.00000000
vn 0.01534301 -0.99988229 0.00000000
vn 0.01150745 -0.99993379 0.00000000
vn -0.01150745 0.99993379 0.00000000
vn -0.01150745 0.99993379 0.00000000
vn -0.01534301 0.99988229 0.00000000
vn -0.01534301 0.99988229 0.00000000
vn 0.00000000 0.00000000 -1.00000000
vn 0.00000000 0.00000000 -1.00000000
vn 0.00000000 0.00000000 -1.00000000
vn 0.00000000 0.00000000 -1.00000000
vn 0.00000000 0.00000000 1.00000000
vn 0.00000000 0.00000000 1.00000000
vn 0.00000000 0.00000000 1.00000000
vn 0.00000000 0.00000000 1.00000000
vn -0.99997057 -0.00767173 0.00000000
vn -0.99997057 -0.00767173 0.00000000
vn -0.99997057 -0.00767173 0.00000000
vn -0.99997057 -0.00767173 0.00000000
vn 0.99996968 0.00778773 0.00000000
vn 0.99996968 0.00778773 0.00000000
vn 0.99996968 0.00778773 0.00000000
vn 0.99996968 0.00778773 0.00000000
vn 0.00767173 -0.99997057 0.00000000
vn 0.00778773 -0.99996968 0.00000000
vn 0.00778773 -0.99996968 0.00000000
vn 0.00767173 -0.99997057 0.00000000
vn -0.00767173 0.99997057 0.00000000
vn -0.00767173 0.99997057 0.00000000
vn -0.00778773 0.99996968 0.00000000
vn -0.00778773 0.99996968 0.00000000
vn 0.00000000 0.00000000 -1.00000000
vn 0.00000000 0.00000000 -1.00000000
vn 0.00000000 0.00000000 -1.00000000
vn 0.00000000 0.00000000 -1.00000000
vn 0.00000000 0.00000000 1.00000000
vn 0.00000000 0.00000000 1.00000000
vn 0.00000000 0.00000000 1.00000000
vn 0.00000000 0.00000000 1.00000000
vn -0.99997057 -0.00767173 0.00000000
vn -0.99997057 -0.00767173 0.00000000
vn -0.99997057 -0.00767173 0.00000000
vn -0.99997057 -0.00767173 0.00000000
vn 0.99991444 0.01308105 0.00000000
vn 0.99991444 0.01308105 0.00000000
vn 0.99991444 0.01308105 0.00000000
vn 0.99991444 0.01308105 0.00000000
vn 0.00000000 0.00000000 -1.00000000
vn 0.00000000 0.00000000 -1.00000000
vn 0.00000000 0.00000000 -1.00000000
vn 0.00000000 0.00000000 -1.00000000
vn 0.00000000 0.00000000 1.00000000
vn 0.00000000 0.00000000 1.00000000
vn 0.00000000 0.00000000 1.00000000
vn 0.00000000 0.00000000 1.00000000
vn -0.99997057 -0.00767173 0.00000000
vn -0.99997057 -0.00767173 0.00000000
vn -0.99997057 -0.00767173 0.00000000
vn -0.99997057 -0.00767173 0.00000000
vn 0.99991444 0.01308105 0.00000000
vn 0.99991444 0.01308105 0.00000000
vn 0.99991444 0.01308105 0.00000000
vn 0.99991444 0.01308105 0.00000000
vn 0.00000000 0.00000000 -1.00000000
vn 0.00000000 0.00000000 -1.00000000
vn 0.00000000 0.00000000 -1.00000000
vn 0.00000000 0.00000000 -1.00000000
vn 0.00000000 0.00000000 1.00000000
vn 0.00000000 0.00000000 1.00000000
vn 0.00000000 0.00000000 1.00000000
vn 0.00000000 0.00000000 1.00000000
vn -0.99997057 -0.00767173 0.00000000
vn -0.99997057 -0.00767173 0.00000000
vn -0.99997057 -0.00767173 0.00000000
vn -0.99997057 -0.00767173 0.00000000
vn 0.99991444 0.01308105 0.00000000
vn 0.99991444 0.01308105 0.00000000
vn 0.99991444 0.01308105 0.00000000
vn 0.99991444 0.01308105 0.00000000
vn 0.00000000 0.00000000 -1.00000000
vn 0.00000000 0.00000000 -1.00000000
vn 0.00000000 0.00000000 -1.00000000
vn 0.00000000 0.00000000 -1.00000000
vn 0.00000000 0.00000000 1.00000000
vn 0.00000000 0.00000000 1.00000000
vn 0.00000000 0.00000000 1.00000000
vn 0.00000000 0.00000000 1.00000000
vn -0.99988494 -0.01516901 0.00000000
vn -0.99988494 -0.01516901 0.00000000
vn -0.99988494 -0.01516901 0.00000000
vn -0.99988494 -0.01516901 0.00000000
vn 0.99988229 0.01534301 0.00000000
vn 0.99988229 0.01534301 0.00000000
vn 0.99988229 0.01534301 0.00000000
vn 0.99988229 0.01534301 0.00000000
vn 0.00000000 0.00000000 -1.00000000
vn 0.00000000 0.00000000 -1.00000000
vn 0.00000000 0.00000000 -1.00000000
vn 0.00000000 0.00000000 -1.00000000
vn 0.00000000 0.00000000 1.00000000
vn 0.00000000 0.00000000 1.00000000
vn 0.00000000 0.00000000 1.00000000
vn 0.00000000 0.00000000 1.00000000
vn -0.99991444 -0.01308105 0.00000000
vn -0.99991444 -0.01308105 0.00000000
vn -0.99991444 -0.01308105 0.00000000
vn -0.99991444 -0.01308105 0.00000000
vn 0.99988494 0.01516901 0.00000000
vn 0.99988494 0.01516901 0.00000000
vn 0.99988494 0.01516901 0.00000000
vn 0.99988494 0.01516901 0.00000000
vn 0.01308105 -0.99991444 0.00000000
vn 0.01516901 -0.99988494 0.00000000
vn 0.01516901 -0.99988494 0.00000000
vn 0.01308105 -0.99991444 0.00000000
vn 0.00000000 0.00000000 -1.00000000
vn 0.00000000 0.00000000 -1.00000000
vn 0.00000000 0.00000000 -1.00000000
vn 0.00000000 0.00000000 -1.00000000
vn 0.00000000 0.00000000 1.00000000
vn 0.00000000 0.00000000 1.00000000
vn 0.00000000 0.00000000 1.00000000
vn 0.00000000 0.00000000 1.00000000
vn -0.99996949 -0.00781094 0.00000000
vn -0.99996949 -0.00781094 0.00000000
vn -0.99996949 -0.00781094 0.00000000
vn -0.99996949 -0.00781094 0.00000000
vn 0.99988442 0.01520381 0.00000000
vn 0.99988442 0.01520381 0.00000000
vn 0.99988442 0.01520381 0.00000000
vn 0.99988442 0.01520381 0.00000000
vn 0.00781094 -0.99996949 0.00000000
vn 0.01520381 -0.99988442 0.00000000
vn 0.01520381 -0.99988442 0.00000000
vn 0.00781094 -0.99996949 0.00000000
vn -0.00781094 0.99996949 0.00000000
vn -0.00781094 0.99996949 0.00000000
vn -0.01520381 0.99988442 0.00000000
vn -0.01520381 0.99988442 0.00000000
vn 0.00000000 0.00000000 -1.00000000
vn 0.00000000 0.00000000 -1.00000000
vn 0.00000000 0.00000000 -1.00000000
vn 0.00000000 0.00000000 -1.00000000
vn 0.00000000 0.00000000 1.00000000
vn 0.00000000 0.00000000 1.00000000
vn 0.00000000 0.00000000 1.00000000
vn 0.00000000 0.00000000 1.00000000
vn -0.99988229 -0.01534301 0.00000000
vn -0.99988229 -0.01534301 0.00000000
vn -0.99988229 -0.01534301 0.00000000
vn -0.99988229 -0.01534301 0.00000000
vn 0.99973516 0.02301338 0.00000000
vn 0.99973516 0.02301338 0.00000000
vn 0.99973516 0.02301338 0.00000000
vn 0.99973516 0.02301338 0.00000000
vn 0.00000000 0.00000000 -1.00000000
vn 0.00000000 0.00000000 -1.00000000
vn 0.00000000 0.00000000 -1.00000000
vn 0.00000000 0.00000000 -1.00000000
vn 0.00000000 0.00000000 1.00000000
vn 0.00000000 0.00000000 1.00000000
vn 0.00000000 0.00000000 1.00000000
vn 0.00000000 0.00000000 1.00000000
vn -0.99988229 -0.01534301 0.00000000
vn -0.99988229 -0.01534301 0.00000000
vn -0.99988229 -0.01534301 0.00000000
vn -0.99988229 -0.01534301 0.00000000
vn 0.01534301 -0.99988229 0.00000000
vn 0.01917833 -0.99981608 0.00000000
vn 0.01917833 -0.99981608 0.00000000
vn 0.01534301 -0.99988229 0.00000000
vn -0.01534301 0.99988229 0.00000000
vn -0.01534301 0.99988229 0.00000000
vn -0.01917833 0.99981608 0.00000000
vn -0.01917833 0.99981608 0.00000000
vn 0.00000000 0.00000000 -1.00000000
vn 0.00000000 0.00000000 -1.00000000
vn 0.00000000 0.00000000 -1.00000000
vn 0.00000000 0.00000000 -1.00000000
vn 0.00000000 0.00000000 1.00000000
vn 0.00000000 0.00000000 1.00000000
vn 0.00000000 0.00000000 1.00000000
vn 0.00000000 0.00000000 1.00000000
vn 0.99973516 0.02301338 0.00000000
vn 0.99973516 0.02301338 0.00000000
vn 0.99973516 0.02301338 0.00000000
vn 0.99973516 0.02301338 0.00000000
vn 0.01917833 -0.99981608 0.00000000
vn 0.02301338 -0.99973516 0.00000000
vn 0.02301338 -0.99973516 0.00000000
vn 0.01917833 -0.99981608 0.00000000
vn -0.01917833 0.99981608 0.00000000
vn -0.01917833 0.99981608 0.00000000
vn -0.02301338 0.99973516 0.00000000
vn -0.02301338 0.99973516 0.00000000
vn 0.00000000 0.00000000 -1.00000000
vn 0.00000000 0.00000000 -1.00000000
vn 0.00000000 0.00000000 -1.00000000
vn 0.00000000 0.00000000 -1.00000000
vn 0.00000000 0.00000000 1.00000000
vn 0.00000000 0.00000000 1.00000000
vn 0.00000000 0.00000000 1.00000000
vn 0.00000000 0.00000000 1.00000000
vn -0.99988229 -0.01534301 0.00000000
vn -0.99988229 -0.01534301 0.00000000
vn -0.99988229 -0.01534301 0.00000000
vn -0.99988229 -0.01534301 0.00000000
vn 0.99978466 0.02075174 0.00000000
vn 0.99978466 0.02075174 0.00000000
vn 0.99978466 0.02075174 0.00000000
vn 0.99978466 0.02075174 0.00000000
vn 0.00000000 0.00000000 -1.00000000
vn 0.00000000 0.00000000 -1.00000000
vn 0.00000000 0.00000000 -1.00000000
vn 0.00000000 0.00000000 -1.00000000
vn 0.00000000 0.00000000 1.00000000
vn 0.00000000 0.00000000 1.00000000
vn 0.00000000 0.00000000 1.00000000
vn 0.00000000 0.00000000 1.00000000
vn -0.99988229 -0.01534301 0.00000000
vn -0.99988229 -0.01534301 0.00000000
vn -0.99988229 -0.01534301 0.00000000
vn -0.99988229 -0.01534301 0.00000000
vn 0.99978466 0.02075174 0.00000000
vn 0.99978466 0.02075174 0.00000000
vn 0.99978466 0.02075174 0.00000000
vn 0.99978466 0.02075174 0.00000000
vn 0.00000000 0.00000000 -1.00000000
vn 0.00000000 0.00000000 -1.00000000
vn 0.00000000 0.00000000 -1.00000000
vn 0.00000000 0.00000000 -1.00000000
vn 0.00000000 0.00000000 1.00000000
vn 0.00000000 0.00000000 1.00000000
vn 0.00000000 0.00000000 1.00000000
vn 0.00000000 0.00000000 1.00000000
vn -0.99988229 -0.01534301 0.00000000
vn -0.99988229 -0.01534301 0.00000000
vn -0.99988229 -0.01534301 0.00000000
vn -0.99988229 -0.01534301 0.00000000
vn 0.99978466 0.02075174 0.00000000
vn 0.99978466 0.02075174 0.00000000
vn 0.99978466 0.02075174 0.00000000
vn 0.99978466 0.02075174 0.00000000
vn 0.00000000 0.00000000 -1.00000000
vn 0.00000000 0.00000000 -1.00000000
vn 0.00000000 0.00000000 -1.00000000
vn 0.00000000 0.00000000 -1.00000000
vn 0.00000000 0.00000000 1.00000000
vn 0.00000000 0.00000000 1.00000000
vn 0.00000000 0.00000000 1.00000000
vn 0.00000000 0.00000000 1.00000000
vn -0.99973915 -0.02283941 0.00000000
vn -0.99973915 -0.02283941 0.00000000
vn -0.99973915 -0.02283941 0.00000000
vn -0.99973915 -0.02283941 0.00000000
vn 0.99973516 0.02301338 0.00000000
vn 0.99973516 0.02301338 0.00000000
vn 0.99973516 0.02301338 0.00000000
vn 0.99973516 0.02301338 0.00000000
vn 0.00000000 0.00000000 -1.00000000
vn 0.00000000 0.00000000 -1.00000000
vn 0.00000000 0.00000000 -1.00000000
vn 0.00000000 0.00000000 -1.00000000
vn 0.00000000 0.00000000 1.00000000
vn 0.00000000 0.00000000 1.00000000
vn 0.00000000 0.00000000 1.00000000
vn 0.00000000 0.00000000 1.00000000
vn -0.99978466 -0.02075174 0.00000000
vn -0.99978466 -0.02075174 0.00000000
vn -0.99978466 -0.02075174 0.00000000
vn -0.99978466 -0.02075174 0.00000000
vn 0.99973915 0.02283941 0.00000000
vn 0.99973915 0.02283941 0.00000000
vn 0.99973915 0.02283941 0.00000000
vn 0.99973915 0.02283941 0.00000000
vn 0.02075174 -0.99978466 0.00000000
vn 0.02283941 -0.99973915 0.00000000
vn 0.02283941 -0.99973915 0.00000000
vn 0.02075174 -0.99978466 0.00000000
vn 0.00000000 0.00000000 -1.00000000
vn 0.00000000 0.00000000 -1.00000000
vn 0.00000000 0.00000000 -1.00000000
vn 0.00000000 0.00000000 -1.00000000
vn 0.00000000 0.00000000 1.00000000
vn 0.00000000 0.00000000 1.00000000
vn 0.00000000 0.00000000 1.00000000
vn 0.00000000 0.00000000 1.00000000
vn -0.99988014 -0.01548220 0.00000000
vn -0.99988014 -0.01548220 0.00000000
vn -0.99988014 -0.01548220 0.00000000
vn -0.99988014 -0.01548220 0.00000000
vn 0.99973835 0.02287421 0.00000000
vn 0.99973835 0.02287421 0.00000000
vn 0.99973835 0.02287421 0.00000000
vn 0.99973835 0.02287421 0.00000000
vn 0.01548220 -0.99988014 0.00000000
vn 0.02287421 -0.99973835 0.00000000
vn 0.02287421 -0.99973835 0.00000000
vn 0.01548220 -0.99988014 0.00000000
vn -0.01548220 0.99988014 0.00000000
vn -0.01548220 0.99988014 0.00000000
vn -0.02287421 0.99973835 0.00000000
vn -0.02287421 0.99973835 0.00000000
vn 0.00000000 0.00000000 -1.00000000
vn 0.00000000 0.00000000 -1.00000000
vn 0.00000000 0.00000000 -1.00000000
vn 0.00000000 0.00000000 -1.00000000
vn 0.00000000 0.00000000 1.00000000
vn 0.00000000 0.00000000 1.00000000
vn 0.00000000 0.00000000 1.00000000
vn 0.00000000 0.00000000 1.00000000
vn -0.99974311 0.02266544 0.00000000
vn -0.99974311 0.02266544 0.00000000
vn -0.99974311 0.02266544 0.00000000
vn -0.99974311 0.02266544 0.00000000
vn -0.02266544 -0.99974311 0.00000000
vn -0.01360001 -0.99990752 0.00000000
vn -0.01360001 -0.99990752 0.00000000
vn -0.02266544 -0.99974311 0.00000000
vn 0.02266544 0.99974311 0.00000000
vn 0.02266544 0.99974311 0.00000000
vn 0.01360001 0.99990752 0.00000000
vn 0.01360001 0.99990752 0.00000000
vn 0.00000000 0.00000000 -1.00000000
vn 0.00000000 0.00000000 -1.00000000
vn 0.00000000 0.00000000 -1.00000000
vn 0.00000000 0.00000000 -1.00000000
vn 0.00000000 0.00000000 1.00000000
vn 0.00000000 0.00000000 1.00000000
vn 0.00000000 0.00000000 1.00000000
vn 0.00000000 0.00000000 1.00000000
vn -0.01360001 -0.99990752 0.00000000
vn -0.00453346 -0.99998972 0.00000000
vn -0.00453346 -0.99998972 0.00000000
vn -0.01360001 -0.99990752 0.00000000
vn 0.01360001 0.99990752 0.00000000
vn 0.01360001 0.99990752 0.00000000
vn 0.00453346 0.99998972 0.00000000
vn 0.00453346 0.99998972 0.00000000
vn 0.00000000 0.00000000 -1.00000000
vn 0.00000000 0.00000000 -1.00000000
vn 0.00000000 0.00000000 -1.00000000
vn 0.00000000 0.00000000 -1.00000000
vn 0.00000000 0.00000000 1.00000000
vn 0.00000000 0.00000000 1.00000000
vn 0.00000000 0.00000000 1.00000000
vn 0.00000000 0.00000000 1.00000000
vn -0.00453346 -0.99998972 0.00000000
vn 0.00453346 -0.99998972 0.00000000
vn 0.00453346 -0.99998972 0.00000000
vn -0.00453346 -0.99998972 0.00000000
vn 0.00453346 0.99998972 0.00000000
vn 0.00453346 0.99998972 0.00000000
vn -0.00453346 0.99998972 0.00000000
vn -0.00453346 0.99998972 0.00000000
vn 0.00000000 0.00000000 -1.00000000
vn 0.00000000 0.00000000 -1.00000000
vn 0.00000000 0.00000000 -1.00000000
vn 0.00000000 0.00000000 -1.00000000
vn 0.00000000 0.00000000 1.00000000
vn 0.00000000 0.00000000 1.00000000
vn 0.00000000 0.00000000 1.00000000
vn 0.00000000 0.00000000 1.00000000
vn 0.00453346 -0.99998972 0.00000000
vn 0.01360001 -0.99990752 0.00000000
vn 0.01360001 -0.99990752 0.00000000
vn 0.00453346 -0.99998972 0.00000000
vn -0.00453346 0.99998972 0.00000000
vn -0.00453346 0.99998972 0.00000000
vn -0.01360001 0.99990752 0.00000000
vn -0.01360001 0.99990752 0.00000000
vn 0.00000000 0.00000000 -1.00000000
vn 0.00000000 0.00000000 -1.00000000
vn 0.00000000 0.00000000 -1.00000000
vn 0.00000000 0.00000000 -1.00000000
vn 0.00000000 0.00000000 1.00000000
vn 0.00000000 0.00000000 1.00000000
vn 0.00000000 0.00000000 1.00000000
vn 0.00000000 0.00000000 1.00000000
vn 0.99974311 0.02266544 0.00000000
vn 0.99974311 0.02266544 0.00000000
vn 0.99974311 0.02266544 0.00000000
vn 0.99974311 0.02266544 0.00000000
vn 0.01360001 -0.99990752 0.00000000
vn 0.02266544 -0.99974311 0.00000000
vn 0.02266544 -0.99974311 0.00000000
vn 0.01360001 -0.99990752 0.00000000
vn -0.01360001 0.99990752 0.00000000
vn -0.01360001 0.99990752 0.00000000
vn -0.02266544 0.99974311 0.00000000
vn -0.02266544 0.99974311 0.00000000
f 1/1/1 2/2/2 3/3/3
f 1/1/1 3/3/3 4/4/4
f 5/5/5 6/6/6 7/7/7
f 5/5/5 7/7/7 8/8/8
f 1/9/9 5/10/10 8/11/11
f 1/9/9 8/11/11 2/12/12
f 1/13/13 4/14/14 6/15/15
f 1/13/13 6/15/15 5/16/16
f 2/17/17 8/18/18 7/19/19
f 2/17/17 7/19/19 3/20/20
f 4/21/21 3/22/22 9/23/23
f 4/21/21 9/23/23 10/24/24
f 6/25/25 11/26/26 12/27/27
f 6/25/25 12/27/27 7/28/28
f 4/29/29 10/30/30 11/31/31
f 4/29/29 11/31/31 6/32/32
f 3/33/33 7/34/34 12/35/35
f 3/33/33 12/35/35 9/36/36
f 10/37/37 9/38/38 13/39/39
f 10/37/37 13/39/39 14/40/40
f 11/41/41 15/42/42 16/43/43
f 11/41/41 16/43/43 12/44/44
f 10/45/45 14/46/46 15/47/47
f 10/45/45 15/47/47 11/48/48
f 9/49/49 12/50/50 16/51/51
f 9/49/49 16/51/51 13/52/52
f 14/53/53 13/54/54 17/55/55
f 14/53/53 17/55/55 18/56/56
f 15/57/57 19/58/58 20/59/59
f 15/57/57 20/59/59 16/60/60
f 14/61/61 18/62/62 19/63/63
f 14/61/61 19/63/63 15/64/64
f 13/65/65 16/66/66 20/67/67
f 13/65/65 20/67/67 17/68/68
f 18/69/69 17/70/70 21/71/71
f 18/69/69 21/71/71 22/72/72
f 19/73/73 23/74/74 24/75/75
f 19/73/73 24/75/75 20/76/76
f 18/77/77 22/78/78 23/79/79
f 18/77/77 23/79/79 19/80/80
f 17/81/81 20/82/82 24/83/83
f 17/81/81 24/83/83 21/84/84
f 22/85/85 21/86/86 25/87/87
f 22/85/85 25/87/87 26/88/88
f 23/89/89 27/90/90 28/91/91
f 23/89/89 28/91/91 24/92/92
f 22/93/93 26/94/94 27/95/95
f 22/93/93 27/95/95 23/96/96
f 21/97/97 24/98/98 28/99/99
f 21/97/97 28/99/99 25/100/100
f 26/101/101 25/102/102 29/103/103
f 26/101/101 29/103/103 30/104/104
f 27/105/105 31/106/106 32/107/107
f 27/105/105 32/107/107 28/108/108
f 26/109/109 30/110/110 31/111/111
f 26/109/109 31/111/111 27/112/112
f 25/113/113 28/114/114 32/115/115
f 25/113/113 32/115/115 29/116/116
f 30/117/117 29/118/118 33/119/119
f 30/117/117 33/119/119 34/120/120
f 31/121/121 35/122/122 36/123/123
f 31/121/121 36/123/123 32/124/124
f 30/125/125 34/126/126 35/127/127
f 30/125/125 35/127/127 31/128/128
f 29/129/129 32/130/130 36/131/131
f 29/129/129 36/131/131 33/132/132
f 34/133/133 33/134/134 37/135/135
f 34/133/133 37/135/135 38/136/136
f 35/137/137 39/138/138 40/139/139
f 35/137/137 40/139/139 36/140/140
f 34/141/141 38/142/142 39/143/143
f 34/141/141 39/143/143 35/144/144
f 33/145/145 36/146/146 40/147/147
f 33/145/145 40/147/147 37/148/148
f 38/149/149 37/150/150 41/151/151
f 38/149/149 41/151/151 42/152/152
f 39/153/153 43/154/154 44/155/155
f 39/153/153 44/155/155 40/156/156
f 42/157/157 41/158/158 44/159/159
f 42/157/157 44/159/159 43/160/160
f 38/161/161 42/162/162 43/163/163
f 38/161/161 43/163/163 39/164/164
f 37/165/165 40/166/166 44/167/167
f 37/165/165 44/167/167 41/168/168
f 2/169/169 45/170/170 46/171/171
f 2/169/169 46/171/171 47/172/172
f 48/173/173 49/174/174 50/175/175
f 48/173/173 50/175/175 51/176/176
f 2/177/177 48/178/178 51/179/179
f 2/177/177 51/179/179 45/180/180
f 47/181/181 46/182/182 50/183/183
f 47/181/181 50/183/183 49/184/184
f 52/185/185 53/186/186 54/187/187
f 52/185/185 54/187/187 41/188/188
f 55/189/189 56/190/190 57/191/191
f 55/189/189 57/191/191 58/192/192
f 52/193/193 55/194/194 58/195/195
f 52/193/193 58/195/195 53/196/196
f 41/197/197 54/198/198 57/199/199
f 41/197/197 57/199/199 56/200/200
f 2/201/201 45/202/202 59/203/203
f 2/201/201 59/203/203 60/204/204
f 61/205/205 62/206/206 63/207/207
f 61/205/205 63/207/207 64/208/208
f 2/209/209 61/210/210 64/211/211
f 2/209/209 64/211/211 45/212/212
f 60/213/213 59/214/214 63/215/215
f 60/213/213 63/215/215 62/216/216
f 65/217/217 66/218/218 67/219/219
f 65/217/217 67/219/219 68/220/220
f 48/221/221 69/222/222 70/223/223
f 48/221/221 70/223/223 71/224/224
f 65/225/225 48/226/226 71/227/227
f 65/225/225 71/227/227 66/228/228
f 68/229/229 67/230/230 70/231/231
f 68/229/229 70/231/231 69/232/232
f 72/233/233 73/234/234 74/235/235
f 72/233/233 74/235/235 75/236/236
f 71/237/237 70/238/238 76/239/239
f 71/237/237 76/239/239 77/240/240
f 72/241/241 71/242/242 77/243/243
f 72/241/241 77/243/243 73/244/244
f 75/245/245 74/246/246 76/247/247
f 75/245/245 76/247/247 70/248/248
f 78/249/249 79/250/250 80/251/251
f 78/249/249 80/251/251 81/252/252
f 77/253/253 76/254/254 82/255/255
f 77/253/253 82/255/255 51/256/256
f 78/257/257 77/258/258 51/259/259
f 78/257/257 51/259/259 79/260/260
f 81/261/261 80/262/262 82/263/263
f 81/261/261 82/263/263 76/264/264
f 83/265/265 84/266/266 85/267/267
f 83/265/265 85/267/267 86/268/268
f 87/269/269 88/270/270 89/271/271
f 87/269/269 89/271/271 90/272/272
f 83/273/273 87/274/274 90/275/275
f 83/273/273 90/275/275 84/276/276
f 86/277/277 85/278/278 89/279/279
f 86/277/277 89/279/279 88/280/280
f 91/281/281 80/282/282 84/283/283
f 91/281/281 84/283/283 92/284/284
f 93/285/285 94/286/286 90/287/287
f 93/285/285 90/287/287 82/288/288
f 91/289/289 93/290/290 82/291/291
f 91/289/289 82/291/291 80/292/292
f 92/293/293 84/294/294 90/295/295
f 92/293/293 90/295/295 94/296/296
f 91/297/297 92/298/298 94/299/299
f 91/297/297 94/299/299 93/300/300
f 95/301/301 50/302/302 96/303/303
f 95/301/301 96/303/303 97/304/304
f 98/305/305 99/306/306 100/307/307
f 98/305/305 100/307/307 101/308/308
f 95/309/309 98/310/310 101/311/311
f 95/309/309 101/311/311 50/312/312
f 97/313/313 96/314/314 100/315/315
f 97/313/313 100/315/315 99/316/316
f 95/317/317 97/318/318 99/319/319
f 95/317/317 99/319/319 98/320/320
f 50/321/321 101/322/322 100/323/323
f 50/321/321 100/323/323 96/324/324
f 60/325/325 59/326/326 102/327/327
f 60/325/325 102/327/327 103/328/328
f 62/329/329 104/330/330 105/331/331
f 62/329/329 105/331/331 63/332/332
f 60/333/333 62/334/334 63/335/335
f 60/333/333 63/335/335 59/336/336
f 103/337/337 102/338/338 105/339/339
f 103/337/337 105/339/339 104/340/340
f 86/341/341 106/342/342 107/343/343
f 86/341/341 107/343/343 108/344/344
f 88/345/345 109/346/346 110/347/347
f 88/345/345 110/347/347 111/348/348
f 86/349/349 88/350/350 111/351/351
f 86/349/349 111/351/351 106/352/352
f 108/353/353 107/354/354 110/355/355
f 108/353/353 110/355/355 109/356/356
f 112/357/357 113/358/358 114/359/359
f 112/357/357 114/359/359 115/360/360
f 111/361/361 110/362/362 116/363/363
f 111/361/361 116/363/363 117/364/364
f 112/365/365 111/366/366 117/367/367
f 112/365/365 117/367/367 113/368/368
f 115/369/369 114/370/370 116/371/371
f 115/369/369 116/371/371 110/372/372
f 118/373/373 85/374/374 119/375/375
f 118/373/373 119/375/375 120/376/376
f 117/377/377 116/378/378 121/379/379
f 117/377/377 121/379/379 89/380/380
f 118/381/381 117/382/382 89/383/383
f 118/381/381 89/383/383 85/384/384
f 120/385/385 119/386/386 121/387/387
f 120/385/385 121/387/387 116/388/388
f 122/389/389 123/390/390 124/391/391
f 122/389/389 124/391/391 125/392/392
f 126/393/393 127/394/394 128/395/395
f 126/393/393 128/395/395 129/396/396
f 122/397/397 126/398/398 129/399/399
f 122/397/397 129/399/399 123/400/400
f 125/401/401 124/402/402 128/403/403
f 125/401/401 128/403/403 127/404/404
f 130/405/405 119/406/406 123/407/407
f 130/405/405 123/407/407 131/408/408
f 132/409/409 133/410/410 129/411/411
f 132/409/409 129/411/411 121/412/412
f 130/413/413 132/414/414 121/415/415
f 130/413/413 121/415/415 119/416/416
f 131/417/417 123/418/418 129/419/419
f 131/417/417 129/419/419 133/420/420
f 130/421/421 131/422/422 133/423/423
f 130/421/421 133/423/423 132/424/424
f 134/425/425 135/426/426 136/427/427
f 134/425/425 136/427/427 137/428/428
f 138/429/429 139/430/430 140/431/431
f 138/429/429 140/431/431 141/432/432
f 134/433/433 138/434/434 141/435/435
f 134/433/433 141/435/435 135/436/436
f 137/437/437 136/438/438 140/439/439
f 137/437/437 140/439/439 139/440/440
f 134/441/441 137/442/442 139/443/443
f 134/441/441 139/443/443 138/444/444
f 135/445/445 141/446/446 140/447/447
f 135/445/445 140/447/447 136/448/448
f 103/449/449 102/450/450 142/451/451
f 103/449/449 142/451/451 21/452/452
f 104/453/453 143/454/454 144/455/455
f 104/453/453 144/455/455 105/456/456
f 103/457/457 104/458/458 105/459/459
f 103/457/457 105/459/459 102/460/460
f 21/461/461 142/462/462 144/463/463
f 21/461/461 144/463/463 143/464/464
f 125/465/465 145/466/466 146/467/467
f 125/465/465 146/467/467 147/468/468
f 127/469/469 148/470/470 149/471/471
f 127/469/469 149/471/471 150/472/472
f 125/473/473 127/474/474 150/475/475
f 125/473/473 150/475/475 145/476/476
f 147/477/477 146/478/478 149/479/479
f 147/477/477 149/479/479 148/480/480
f 151/481/481 152/482/482 153/483/483
f 151/481/481 153/483/483 154/484/484
f 150/485/485 149/486/486 155/487/487
f 150/485/485 155/487/487 156/488/488
f 151/489/489 150/490/490 156/491/491
f 151/489/489 156/491/491 152/492/492
f 154/493/493 153/494/494 155/495/495
f 154/493/493 155/495/495 149/496/496
f 157/497/497 124/498/498 158/499/499
f 157/497/497 158/499/499 159/500/500
f 156/501/501 155/502/502 160/503/503
f 156/501/501 160/503/503 128/504/504
f 157/505/505 156/506/506 128/507/507
f 157/505/505 128/507/507 124/508/508
f 159/509/509 158/510/510 160/511/511
f 159/509/509 160/511/511 155/512/512
f 161/513/513 162/514/514 163/515/515
f 161/513/513 163/515/515 164/516/516
f 165/517/517 166/518/518 167/519/519
f 165/517/517 167/519/519 168/520/520
f 161/521/521 165/522/522 168/523/523
f 161/521/521 168/523/523 162/524/524
f 164/525/525 163/526/526 167/527/527
f 164/525/525 167/527/527 166/528/528
f 169/529/529 158/530/530 162/531/531
f 169/529/529 162/531/531 170/532/532
f 171/533/533 172/534/534 168/535/535
f 171/533/533 168/535/535 160/536/536
f 169/537/537 171/538/538 160/539/539
f 169/537/537 160/539/539 158/540/540
f 170/541/541 162/542/542 168/543/543
f 170/541/541 168/543/543 172/544/544
f 169/545/545 170/546/546 172/547/547
f 169/545/545 172/547/547 171/548/548
f 173/549/549 174/550/550 175/551/551
f 173/549/549 175/551/551 176/552/552
f 177/553/553 178/554/554 179/555/555
f 177/553/553 179/555/555 180/556/556
f 173/557/557 177/558/558 180/559/559
f 173/557/557 180/559/559 174/560/560
f 176/561/561 175/562/562 179/563/563
f 176/561/561 179/563/563 178/564/564
f 173/565/565 176/566/566 178/567/567
f 173/565/565 178/567/567 177/568/568
f 174/569/569 180/570/570 179/571/571
f 174/569/569 179/571/571 175/572/572
f 21/573/573 142/574/574 181/575/575
f 21/573/573 181/575/575 182/576/576
f 143/577/577 183/578/578 184/579/579
f 143/577/577 184/579/579 144/580/580
f 21/581/581 143/582/582 144/583/583
f 21/581/581 144/583/583 142/584/584
f 182/585/585 181/586/586 184/587/587
f 182/585/585 184/587/587 183/588/588
f 164/589/589 185/590/590 186/591/591
f 164/589/589 186/591/591 187/592/592
f 166/593/593 188/594/594 189/595/595
f 166/593/593 189/595/595 190/596/596
f 164/597/597 166/598/598 190/599/599
f 164/597/597 190/599/599 185/600/600
f 187/601/601 186/602/602 189/603/603
f 187/601/601 189/603/603 188/604/604
f 191/605/605 192/606/606 193/607/607
f 191/605/605 193/607/607 194/608/608
f 190/609/609 189/610/610 195/611/611
f 190/609/609 195/611/611 196/612/612
f 191/613/613 190/614/614 196/615/615
f 191/613/613 196/615/615 192/616/616
f 194/617/617 193/618/618 195/619/619
f 194/617/617 195/619/619 189/620/620
f 197/621/621 163/622/622 198/623/623
f 197/621/621 198/623/623 199/624/624
f 196/625/625 195/626/626 200/627/627
f 196/625/625 200/627/627 167/628/628
f 197/629/629 196/630/630 167/631/631
f 197/629/629 167/631/631 163/632/632
f 199/633/633 198/634/634 200/635/635
f 199/633/633 200/635/635 195/636/636
f 201/637/637 202/638/638 203/639/639
f 201/637/637 203/639/639 204/640/640
f 205/641/641 206/642/642 207/643/643
f 205/641/641 207/643/643 208/644/644
f 201/645/645 205/646/646 208/647/647
f 201/645/645 208/647/647 202/648/648
f 204/649/649 203/650/650 207/651/651
f 204/649/649 207/651/651 206/652/652
f 209/653/653 198/654/654 202/655/655
f 209/653/653 202/655/655 210/656/656
f 211/657/657 212/658/658 208/659/659
f 211/657/657 208/659/659 200/660/660
f 209/661/661 211/662/662 200/663/663
f 209/661/661 200/663/663 198/664/664
f 210/665/665 202/666/666 208/667/667
f 210/665/665 208/667/667 212/668/668
f 209/669/669 210/670/670 212/671/671
f 209/669/669 212/671/671 211/672/672
f 213/673/673 214/674/674 215/675/675
f 213/673/673 215/675/675 216/676/676
f 217/677/677 218/678/678 219/679/679
f 217/677/677 219/679/679 220/680/680
f 213/681/681 217/682/682 220/683/683
f 213/681/681 220/683/683 214/684/684
f 216/685/685 215/686/686 219/687/687
f 216/685/685 219/687/687 218/688/688
f 213/689/689 216/690/690 218/691/691
f 213/689/689 218/691/691 217/692/692
f 214/693/693 220/694/694 219/695/695
f 214/693/693 219/695/695 215/696/696
f 182/697/697 181/698/698 221/699/699
f 182/697/697 221/699/699 222/700/700
f 183/701/701 223/702/702 224/703/703
f 183/701/701 224/703/703 184/704/704
f 182/705/705 183/706/706 184/707/707
f 182/705/705 184/707/707 181/708/708
f 222/709/709 221/710/710 224/711/711
f 222/709/709 224/711/711 223/712/712
f 204/713/713 225/714/714 226/715/715
f 204/713/713 226/715/715 227/716/716
f 206/717/717 228/718/718 229/719/719
f 206/717/717 229/719/719 230/720/720
f 204/721/721 206/722/722 230/723/723
f 204/721/721 230/723/723 225/724/724
f 227/725/725 226/726/726 229/727/727
f 227/725/725 229/727/727 228/728/728
f 231/729/729 232/730/730 233/731/731
f 231/729/729 233/731/731 234/732/732
f 230/733/733 229/734/734 235/735/735
f 230/733/733 235/735/735 236/736/736
f 231/737/737 230/738/738 236/739/739
f 231/737/737 236/739/739 232/740/740
f 234/741/741 233/742/742 235/743/743
f 234/741/741 235/743/743 229/744/744
f 237/745/745 203/746/746 238/747/747
f 237/745/745 238/747/747 239/748/748
f 236/749/749 235/750/750 240/751/751
f 236/749/749 240/751/751 207/752/752
f 237/753/753 236/754/754 207/755/755
f 237/753/753 207/755/755 203/756/756
f 239/757/757 238/758/758 240/759/759
f 239/757/757 240/759/759 235/760/760
f 241/761/761 242/762/762 243/763/763
f 241/761/761 243/763/763 244/764/764
f 245/765/765 246/766/766 247/767/767
f 245/765/765 247/767/767 248/768/768
f 241/769/769 245/770/770 248/771/771
f 241/769/769 248/771/771 242/772/772
f 244/773/773 243/774/774 247/775/775
f 244/773/773 247/775/775 246/776/776
f 249/777/777 238/778/778 242/779/779
f 249/777/777 242/779/779 250/780/780
f 251/781/781 252/782/782 248/783/783
f 251/781/781 248/783/783 240/784/784
f 249/785/785 251/786/786 240/787/787
f 249/785/785 240/787/787 238/788/788
f 250/789/789 242/790/790 248/791/791
f 250/789/789 248/791/791 252/792/792
f 249/793/793 250/794/794 252/795/795
f 249/793/793 252/795/795 251/796/796
f 253/797/797 254/798/798 255/799/799
f 253/797/797 255/799/799 256/800/800
f 257/801/801 258/802/802 259/803/803
f 257/801/801 259/803/803 260/804/804
f 253/805/805 257/806/806 260/807/807
f 253/805/805 260/807/807 254/808/808
f 256/809/809 255/810/810 259/811/811
f 256/809/809 259/811/811 258/812/812
f 253/813/813 256/814/814 258/815/815
f 253/813/813 258/815/815 257/816/816
f 254/817/817 260/818/818 259/819/819
f 254/817/817 259/819/819 255/820/820
f 222/821/821 221/822/822 54/823/823
f 222/821/821 54/823/823 41/824/824
f 223/825/825 261/826/826 262/827/827
f 223/825/825 262/827/827 224/828/828
f 222/829/829 223/830/830 224/831/831
f 222/829/829 224/831/831 221/832/832
f 41/833/833 54/834/834 262/835/835
f 41/833/833 262/835/835 261/836/836
f 244/837/837 263/838/838 264/839/839
f 244/837/837 264/839/839 265/840/840
f 246/841/841 266/842/842 267/843/843
f 246/841/841 267/843/843 268/844/844
f 244/845/845 246/846/846 268/847/847
f 244/845/845 268/847/847 263/848/848
f 265/849/849 264/850/850 267/851/851
f 265/849/849 267/851/851 266/852/852
f 269/853/853 270/854/854 271/855/855
f 269/853/853 271/855/855 272/856/856
f 268/857/857 267/858/858 273/859/859
f 268/857/857 273/859/859 274/860/860
f 269/861/861 268/862/862 274/863/863
f 269/861/861 274/863/863 270/864/864
f 272/865/865 271/866/866 273/867/867
f 272/865/865 273/867/867 267/868/868
f 275/869/869 243/870/870 276/871/871
f 275/869/869 276/871/871 277/872/872
f 274/873/873 273/874/874 278/875/875
f 274/873/873 278/875/875 247/876/876
f 275/877/877 274/878/878 247/879/879
f 275/877/877 247/879/879 243/880/880
f 277/881/881 276/882/882 278/883/883
f 277/881/881 278/883/883 273/884/884
f 279/885/885 280/886/886 281/887/887
f 279/885/885 281/887/887 282/888/888
f 283/889/889 56/890/890 57/891/891
f 283/889/889 57/891/891 284/892/892
f 279/893/893 283/894/894 284/895/895
f 279/893/893 284/895/895 280/896/896
f 282/897/897 281/898/898 57/899/899
f 282/897/897 57/899/899 56/900/900
f 285/901/901 276/902/902 280/903/903
f 285/901/901 280/903/903 286/904/904
f 287/905/905 288/906/906 284/907/907
f 287/905/905 284/907/907 278/908/908
f 285/909/909 287/910/910 278/911/911
f 285/909/909 278/911/911 276/912/912
f 286/913/913 280/914/914 284/915/915
f 286/913/913 284/915/915 288/916/916
f 285/917/917 286/918/918 288/919/919
f 285/917/917 288/919/919 287/920/920
f 289/921/921 290/922/922 58/923/923
f 289/921/921 58/923/923 291/924/924
f 292/925/925 293/926/926 294/927/927
f 292/925/925 294/927/927 295/928/928
f 289/929/929 292/930/930 295/931/931
f 289/929/929 295/931/931 290/932/932
f 291/933/933 58/934/934 294/935/935
f 291/933/933 294/935/935 293/936/936
f 289/937/937 291/938/938 293/939/939
f 289/937/937 293/939/939 292/940/940
f 290/941/941 295/942/942 294/943/943
f 290/941/941 294/943/943 58/944/944
f 296/945/945 297/946/946 298/947/947
f 296/945/945 298/947/947 299/948/948
f 300/949/949 301/950/950 302/951/951
f 300/949/949 302/951/951 303/952/952
f 296/953/953 300/954/954 303/955/955
f 296/953/953 303/955/955 297/956/956
f 296/957/957 299/958/958 301/959/959
f 296/957/957 301/959/959 300/960/960
f 297/961/961 303/962/962 302/963/963
f 297/961/961 302/963/963 298/964/964
f 299/965/965 298/966/966 304/967/967
f 299/965/965 304/967/967 305/968/968
f 301/969/969 306/970/970 307/971/971
f 301/969/969 307/971/971 302/972/972
f 299/973/973 305/974/974 306/975/975
f 299/973/973 306/975/975 301/976/976
f 298/977/977 302/978/978 307/979/979
f 298/977/977 307/979/979 304/980/980
f 305/981/981 304/982/982 308/983/983
f 305/981/981 308/983/983 309/984/984
f 306/985/985 310/986/986 311/987/987
f 306/985/985 311/987/987 307/988/988
f 305/989/989 309/990/990 310/991/991
f 305/989/989 310/991/991 306/992/992
f 304/993/993 307/994/994 311/995/995
f 304/993/993 311/995/995 308/996/996
f 309/997/997 308/998/998 312/999/999
f 309/997/997 312/999/999 313/1000/1000
f 310/1001/1001 314/1002/1002 315/1003/1003
f 310/1001/1001 315/1003/1003 311/1004/1004
f 309/1005/1005 313/1006/1006 314/1007/1007
f 309/1005/1005 314/1007/1007 310/1008/1008
f 308/1009/1009 311/1010/1010 315/1011/1011
f 308/1009/1009 315/1011/1011 312/1012/1012
f 313/1013/1013 312/1014/1014 316/1015/1015
f 313/1013/1013 316/1015/1015 317/1016/1016
f 314/1017/1017 318/1018/1018 319/1019/1019
f 314/1017/1017 319/1019/1019 315/1020/1020
f 317/1021/1021 316/1022/1022 319/1023/1023
f 317/1021/1021 319/1023/1023 318/1024/1024
f 313/1025/1025 317/1026/1026 318/1027/1027
f 313/1025/1025 318/1027/1027 314/1028/1028
f 312/1029/1029 315/1030/1030 319/1031/1031
f 312/1029/1029 319/1031/1031 316/1032/1032
f 45/1033/1033 320/1034/1034 321/1035/1035
f 45/1033/1033 321/1035/1035 322/1036/1036
f 323/1037/1037 324/1038/1038 325/1039/1039
f 323/1037/1037 325/1039/1039 326/1040/1040
f 45/1041/1041 323/1042/1042 326/1043/1043
f 45/1041/1041 326/1043/1043 320/1044/1044
f 45/1045/1045 322/1046/1046 324/1047/1047
f 45/1045/1045 324/1047/1047 323/1048/1048
f 320/1049/1049 326/1050/1050 325/1051/1051
f 320/1049/1049 325/1051/1051 321/1052/1052
f 322/1053/1053 321/1054/1054 327/1055/1055
f 322/1053/1053 327/1055/1055 328/1056/1056
f 324/1057/1057 329/1058/1058 330/1059/1059
f 324/1057/1057 330/1059/1059 325/1060/1060
f 322/1061/1061 328/1062/1062 329/1063/1063
f 322/1061/1061 329/1063/1063 324/1064/1064
f 321/1065/1065 325/1066/1066 330/1067/1067
f 321/1065/1065 330/1067/1067 327/1068/1068
f 328/1069/1069 327/1070/1070 331/1071/1071
f 328/1069/1069 331/1071/1071 332/1072/1072
f 329/1073/1073 333/1074/1074 334/1075/1075
f 329/1073/1073 334/1075/1075 330/1076/1076
f 328/1077/1077 332/1078/1078 333/1079/1079
f 328/1077/1077 333/1079/1079 329/1080/1080
f 327/1081/1081 330/1082/1082 334/1083/1083
f 327/1081/1081 334/1083/1083 331/1084/1084
f 332/1085/1085 331/1086/1086 335/1087/1087
f 332/1085/1085 335/1087/1087 336/1088/1088
f 333/1089/1089 337/1090/1090 338/1091/1091
f 333/1089/1089 338/1091/1091 334/1092/1092
f 332/1093/1093 336/1094/1094 337/1095/1095
f 332/1093/1093 337/1095/1095 333/1096/1096
f 331/1097/1097 334/1098/1098 338/1099/1099
f 331/1097/1097 338/1099/1099 335/1100/1100
f 336/1101/1101 335/1102/1102 339/1103/1103
f 336/1101/1101 339/1103/1103 340/1104/1104
f 337/1105/1105 341/1106/1106 342/1107/1107
f 337/1105/1105 342/1107/1107 338/1108/1108
f 340/1109/1109 339/1110/1110 342/1111/1111
f 340/1109/1109 342/1111/1111 341/1112/1112
f 336/1113/1113 340/1114/1114 341/1115/1115
f 336/1113/1113 341/1115/1115 337/1116/1116
f 335/1117/1117 338/1118/1118 342/1119/1119
f 335/1117/1117 342/1119/1119 339/1120/1120
f 343/1121/1121 344/1122/1122 345/1123/1123
f 343/1121/1121 345/1123/1123 346/1124/1124
f 347/1125/1125 348/1126/1126 349/1127/1127
f 347/1125/1125 349/1127/1127 350/1128/1128
f 343/1129/1129 347/1130/1130 350/1131/1131
f 343/1129/1129 350/1131/1131 344/1132/1132
f 343/1133/1133 346/1134/1134 348/1135/1135
f 343/1133/1133 348/1135/1135 347/1136/1136
f 344/1137/1137 350/1138/1138 349/1139/1139
f 344/1137/1137 349/1139/1139 345/1140/1140
f 346/1141/1141 345/1142/1142 351/1143/1143
f 346/1141/1141 351/1143/1143 352/1144/1144
f 348/1145/1145 353/1146/1146 354/1147/1147
f 348/1145/1145 354/1147/1147 349/1148/1148
f 346/1149/1149 352/1150/1150 353/1151/1151
f 346/1149/1149 353/1151/1151 348/1152/1152
f 345/1153/1153 349/1154/1154 354/1155/1155
f 345/1153/1153 354/1155/1155 351/1156/1156
f 352/1157/1157 351/1158/1158 355/1159/1159
f 352/1157/1157 355/1159/1159 356/1160/1160
f 353/1161/1161 357/1162/1162 358/1163/1163
f 353/1161/1161 358/1163/1163 354/1164/1164
f 352/1165/1165 356/1166/1166 357/1167/1167
f 352/1165/1165 357/1167/1167 353/1168/1168
f 351/1169/1169 354/1170/1170 358/1171/1171
f 351/1169/1169 358/1171/1171 355/1172/1172
f 356/1173/1173 355/1174/1174 359/1175/1175
f 356/1173/1173 359/1175/1175 360/1176/1176
f 357/1177/1177 361/1178/1178 362/1179/1179
f 357/1177/1177 362/1179/1179 358/1180/1180
f 356/1181/1181 360/1182/1182 361/1183/1183
f 356/1181/1181 361/1183/1183 357/1184/1184
f 355/1185/1185 358/1186/1186 362/1187/1187
f 355/1185/1185 362/1187/1187 359/1188/1188
f 360/1189/1189 359/1190/1190 363/1191/1191
f 360/1189/1189 363/1191/1191 54/1192/1192
f 361/1193/1193 364/1194/1194 365/1195/1195
f 361/1193/1193 365/1195/1195 362/1196/1196
f 54/1197/1197 363/1198/1198 365/1199/1199
f 54/1197/1197 365/1199/1199 364/1200/1200
f 360/1201/1201 54/1202/1202 364/1203/1203
f 360/1201/1201 364/1203/1203 361/1204/1204
f 359/1205/1205 362/1206/1206 365/1207/1207
f 359/1205/1205 365/1207/1207 363/1208/1208
f 340/1209/1209 339/1210/1210 366/1211/1211
f 340/1209/1209 366/1211/1211 142/1212/1212
f 367/1213/1213 368/1214/1214 369/1215/1215
f 367/1213/1213 369/1215/1215 370/1216/1216
f 340/1217/1217 367/1218/1218 370/1219/1219
f 340/1217/1217 370/1219/1219 339/1220/1220
f 340/1221/1221 142/1222/1222 368/1223/1223
f 340/1221/1221 368/1223/1223 367/1224/1224
f 339/1225/1225 370/1226/1226 369/1227/1227
f 339/1225/1225 369/1227/1227 366/1228/1228
f 142/1229/1229 366/1230/1230 344/1231/1231
f 142/1229/1229 344/1231/1231 343/1232/1232
f 368/1233/1233 371/1234/1234 372/1235/1235
f 368/1233/1233 372/1235/1235 369/1236/1236
f 343/1237/1237 344/1238/1238 372/1239/1239
f 343/1237/1237 372/1239/1239 371/1240/1240
f 142/1241/1241 343/1242/1242 371/1243/1243
f 142/1241/1241 371/1243/1243 368/1244/1244
f 366/1245/1245 369/1246/1246 372/1247/1247
f 366/1245/1245 372/1247/1247 344/1248/1248
f 373/1249/1249 374/1250/1250 375/1251/1251
f 373/1249/1249 375/1251/1251 376/1252/1252
f 341/1253/1253 377/1254/1254 378/1255/1255
f 341/1253/1253 378/1255/1255 342/1256/1256
f 373/1257/1257 341/1258/1258 342/1259/1259
f 373/1257/1257 342/1259/1259 374/1260/1260
f 373/1261/1261 376/1262/1262 377/1263/1263
f 373/1261/1261 377/1263/1263 341/1264/1264
f 374/1265/1265 342/1266/1266 378/1267/1267
f 374/1265/1265 378/1267/1267 375/1268/1268
f 376/1269/1269 375/1270/1270 379/1271/1271
f 376/1269/1269 379/1271/1271 380/1272/1272
f 377/1273/1273 347/1274/1274 350/1275/1275
f 377/1273/1273 350/1275/1275 378/1276/1276
f 380/1277/1277 379/1278/1278 350/1279/1279
f 380/1277/1277 350/1279/1279 347/1280/1280
f 376/1281/1281 380/1282/1282 347/1283/1283
f 376/1281/1281 347/1283/1283 377/1284/1284
f 375/1285/1285 378/1286/1286 350/1287/1287
f 375/1285/1285 350/1287/1287 379/1288/1288
f 381/1289/1289 382/1290/1290 383/1291/1291
f 381/1289/1289 383/1291/1291 384/1292/1292
f 385/1293/1293 386/1294/1294 387/1295/1295
f 385/1293/1293 387/1295/1295 388/1296/1296
f 381/1297/1297 385/1298/1298 388/1299/1299
f 381/1297/1297 388/1299/1299 382/1300/1300
f 384/1301/1301 383/1302/1302 387/1303/1303
f 384/1301/1301 387/1303/1303 386/1304/1304
f 381/1305/1305 384/1306/1306 386/1307/1307
f 381/1305/1305 386/1307/1307 385/1308/1308
f 382/1309/1309 388/1310/1310 387/1311/1311
f 382/1309/1309 387/1311/1311 383/1312/1312
f 389/1313/1313 382/1314/1314 390/1315/1315
f 389/1313/1313 390/1315/1315 391/1316/1316
f 392/1317/1317 393/1318/1318 394/1319/1319
f 392/1317/1317 394/1319/1319 388/1320/1320
f 389/1321/1321 392/1322/1322 388/1323/1323
f 389/1321/1321 388/1323/1323 382/1324/1324
f 391/1325/1325 390/1326/1326 394/1327/1327
f 391/1325/1325 394/1327/1327 393/1328/1328
f 389/1329/1329 391/1330/1330 393/1331/1331
f 389/1329/1329 393/1331/1331 392/1332/1332
f 382/1333/1333 388/1334/1334 394/1335/1335
f 382/1333/1333 394/1335/1335 390/1336/1336
f 395/1337/1337 396/1338/1338 397/1339/1339
f 395/1337/1337 397/1339/1339 398/1340/1340
f 399/1341/1341 400/1342/1342 401/1343/1343
f 399/1341/1341 401/1343/1343 402/1344/1344
f 395/1345/1345 399/1346/1346 402/1347/1347
f 395/1345/1345 402/1347/1347 396/1348/1348
f 398/1349/1349 397/1350/1350 401/1351/1351
f 398/1349/1349 401/1351/1351 400/1352/1352
f 395/1353/1353 398/1354/1354 400/1355/1355
f 395/1353/1353 400/1355/1355 399/1356/1356
f 396/1357/1357 402/1358/1358 401/1359/1359
f 396/1357/1357 401/1359/1359 397/1360/1360
f 383/1361/1361 396/1362/1362 403/1363/1363
f 383/1361/1361 403/1363/1363 404/1364/1364
f 387/1365/1365 405/1366/1366 406/1367/1367
f 387/1365/1365 406/1367/1367 402/1368/1368
f 383/1369/1369 387/1370/1370 402/1371/1371
f 383/1369/1369 402/1371/1371 396/1372/1372
f 404/1373/1373 403/1374/1374 406/1375/1375
f 404/1373/1373 406/1375/1375 405/1376/1376
f 383/1377/1377 404/1378/1378 405/1379/1379
f 383/1377/1377 405/1379/1379 387/1380/1380
f 396/1381/1381 402/1382/1382 406/1383/1383
f 396/1381/1381 406/1383/1383 403/1384/1384
f 407/1385/1385 408/1386/1386 409/1387/1387
f 407/1385/1385 409/1387/1387 410/1388/1388
f 411/1389/1389 412/1390/1390 413/1391/1391
f 411/1389/1389 413/1391/1391 414/1392/1392
f 407/1393/1393 411/1394/1394 414/1395/1395
f 407/1393/1393 414/1395/1395 408/1396/1396
f 410/1397/1397 409/1398/1398 413/1399/1399
f 410/1397/1397 413/1399/1399 412/1400/1400
f 407/1401/1401 410/1402/1402 412/1403/1403
f 407/1401/1401 412/1403/1403 411/1404/1404
f 408/1405/1405 414/1406/1406 413/1407/1407
f 408/1405/1405 413/1407/1407 409/1408/1408
f 397/1409/1409 408/1410/1410 415/1411/1411
f 397/1409/1409 415/1411/1411 416/1412/1412
f 401/1413/1413 417/1414/1414 418/1415/1415
f 401/1413/1413 418/1415/1415 414/1416/1416
f 397/1417/1417 401/1418/1418 414/1419/1419
f 397/1417/1417 414/1419/1419 408/1420/1420
f 416/1421/1421 415/1422/1422 418/1423/1423
f 416/1421/1421 418/1423/1423 417/1424/1424
f 397/1425/1425 416/1426/1426 417/1427/1427
f 397/1425/1425 417/1427/1427 401/1428/1428
f 408/1429/1429 414/1430/1430 418/1431/1431
f 408/1429/1429 418/1431/1431 415/1432/1432
f 419/1433/1433 420/1434/1434 421/1435/1435
f 419/1433/1433 421/1435/1435 422/1436/1436
f 423/1437/1437 424/1438/1438 425/1439/1439
f 423/1437/1437 425/1439/1439 426/1440/1440
f 419/1441/1441 423/1442/1442 426/1443/1443
f 419/1441/1441 426/1443/1443 420/1444/1444
f 422/1445/1445 421/1446/1446 425/1447/1447
f 422/1445/1445 425/1447/1447 424/1448/1448
f 419/1449/1449 422/1450/1450 424/1451/1451
f 419/1449/1449 424/1451/1451 423/1452/1452
f 420/1453/1453 426/1454/1454 425/1455/1455
f 420/1453/1453 425/1455/1455 421/1456/1456
f 409/1457/1457 420/1458/1458 427/1459/1459
f 409/1457/1457 427/1459/1459 428/1460/1460
f 413/1461/1461 429/1462/1462 430/1463/1463
f 413/1461/1461 430/1463/1463 426/1464/1464
f 409/1465/1465 413/1466/1466 426/1467/1467
f 409/1465/1465 426/1467/1467 420/1468/1468
f 428/1469/1469 427/1470/1470 430/1471/1471
f 428/1469/1469 430/1471/1471 429/1472/1472
f 409/1473/1473 428/1474/1474 429/1475/1475
f 409/1473/1473 429/1475/1475 413/1476/1476
f 420/1477/1477 426/1478/1478 430/1479/1479
f 420/1477/1477 430/1479/1479 427/1480/1480
f 431/1481/1481 432/1482/1482 433/1483/1483
f 431/1481/1481 433/1483/1483 434/1484/1484
f 435/1485/1485 436/1486/1486 437/1487/1487
f 435/1485/1485 437/1487/1487 438/1488/1488
f 431/1489/1489 435/1490/1490 438/1491/1491
f 431/1489/1489 438/1491/1491 432/1492/1492
f 434/1493/1493 433/1494/1494 437/1495/1495
f 434/1493/1493 437/1495/1495 436/1496/1496
f 431/1497/1497 434/1498/1498 436/1499/1499
f 431/1497/1497 436/1499/1499 435/1500/1500
f 432/1501/1501 438/1502/1502 437/1503/1503
f 432/1501/1501 437/1503/1503 433/1504/1504
f 421/1505/1505 432/1506/1506 439/1507/1507
f 421/1505/1505 439/1507/1507 440/1508/1508
f 425/1509/1509 441/1510/1510 442/1511/1511
f 425/1509/1509 442/1511/1511 438/1512/1512
f 421/1513/1513 425/1514/1514 438/1515/1515
f 421/1513/1513 438/1515/1515 432/1516/1516
f 440/1517/1517 439/1518/1518 442/1519/1519
f 440/1517/1517 442/1519/1519 441/1520/1520
f 421/1521/1521 440/1522/1522 441/1523/1523
f 421/1521/1521 441/1523/1523 425/1524/1524
f 432/1525/1525 438/1526/1526 442/1527/1527
f 432/1525/1525 442/1527/1527 439/1528/1528
f 443/1529/1529 444/1530/1530 445/1531/1531
f 443/1529/1529 445/1531/1531 446/1532/1532
f 447/1533/1533 448/1534/1534 449/1535/1535
f 447/1533/1533 449/1535/1535 450/1536/1536
f 443/1537/1537 447/1538/1538 450/1539/1539
f 443/1537/1537 450/1539/1539 444/1540/1540
f 446/1541/1541 445/1542/1542 449/1543/1543
f 446/1541/1541 449/1543/1543 448/1544/1544
f 443/1545/1545 446/1546/1546 448/1547/1547
f 443/1545/1545 448/1547/1547 447/1548/1548
f 444/1549/1549 450/1550/1550 449/1551/1551
f 444/1549/1549 449/1551/1551 445/1552/1552
f 433/1553/1553 444/1554/1554 451/1555/1555
f 433/1553/1553 451/1555/1555 452/1556/1556
f 437/1557/1557 453/1558/1558 454/1559/1559
f 437/1557/1557 454/1559/1559 450/1560/1560
f 433/1561/1561 437/1562/1562 450/1563/1563
f 433/1561/1561 450/1563/1563 444/1564/1564
f 452/1565/1565 451/1566/1566 454/1567/1567
f 452/1565/1565 454/1567/1567 453/1568/1568
f 433/1569/1569 452/1570/1570 453/1571/1571
f 433/1569/1569 453/1571/1571 437/1572/1572
f 444/1573/1573 450/1574/1574 454/1575/1575
f 444/1573/1573 454/1575/1575 451/1576/1576
f 455/1577/1577 456/1578/1578 457/1579/1579
f 455/1577/1577 457/1579/1579 458/1580/1580
f 459/1581/1581 460/1582/1582 461/1583/1583
f 459/1581/1581 461/1583/1583 462/1584/1584
f 455/1585/1585 459/1586/1586 462/1587/1587
f 455/1585/1585 462/1587/1587 456/1588/1588
f 458/1589/1589 457/1590/1590 461/1591/1591
f 458/1589/1589 461/1591/1591 460/1592/1592
f 455/1593/1593 458/1594/1594 460/1595/1595
f 455/1593/1593 460/1595/1595 459/1596/1596
f 456/1597/1597 462/1598/1598 461/1599/1599
f 456/1597/1597 461/1599/1599 457/1600/1600
f 445/1601/1601 456/1602/1602 463/1603/1603
f 445/1601/1601 463/1603/1603 464/1604/1604
f 449/1605/1605 465/1606/1606 466/1607/1607
f 449/1605/1605 466/1607/1607 462/1608/1608
f 445/1609/1609 449/1610/1610 462/1611/1611
f 445/1609/1609 462/1611/1611 456/1612/1612
f 464/1613/1613 463/1614/1614 466/1615/1615
f 464/1613/1613 466/1615/1615 465/1616/1616
f 445/1617/1617 464/1618/1618 465/1619/1619
f 445/1617/1617 465/1619/1619 449/1620/1620
f 456/1621/1621 462/1622/1622 466/1623/1623
f 456/1621/1621 466/1623/1623 463/1624/1624
f 467/1625/1625 468/1626/1626 469/1627/1627
f 467/1625/1625 469/1627/1627 470/1628/1628
f 471/1629/1629 472/1630/1630 473/1631/1631
f 471/1629/1629 473/1631/1631 474/1632/1632
f 467/1633/1633 471/1634/1634 474/1635/1635
f 467/1633/1633 474/1635/1635 468/1636/1636
f 470/1637/1637 469/1638/1638 473/1639/1639
f 470/1637/1637 473/1639/1639 472/1640/1640
f 467/1641/1641 470/1642/1642 472/1643/1643
f 467/1641/1641 472/1643/1643 471/1644/1644
f 468/1645/1645 474/1646/1646 473/1647/1647
f 468/1645/1645 473/1647/1647 469/1648/1648
f 457/1649/1649 468/1650/1650 475/1651/1651
f 457/1649/1649 475/1651/1651 476/1652/1652
f 461/1653/1653 477/1654/1654 478/1655/1655
f 461/1653/1653 478/1655/1655 474/1656/1656
f 457/1657/1657 461/1658/1658 474/1659/1659
f 457/1657/1657 474/1659/1659 468/1660/1660
f 476/1661/1661 475/1662/1662 478/1663/1663
f 476/1661/1661 478/1663/1663 477/1664/1664
f 457/1665/1665 476/1666/1666 477/1667/1667
f 457/1665/1665 477/1667/1667 461/1668/1668
f 468/1669/1669 474/1670/1670 478/1671/1671
f 468/1669/1669 478/1671/1671 475/1672/1672
f 479/1673/1673 480/1674/1674 481/1675/1675
f 479/1673/1673 481/1675/1675 482/1676/1676
f 483/1677/1677 484/1678/1678 485/1679/1679
f 483/1677/1677 485/1679/1679 486/1680/1680
f 479/1681/1681 483/1682/1682 486/1683/1683
f 479/1681/1681 486/1683/1683 480/1684/1684
f 482/1685/1685 481/1686/1686 485/1687/1687
f 482/1685/1685 485/1687/1687 484/1688/1688
f 479/1689/1689 482/1690/1690 484/1691/1691
f 479/1689/1689 484/1691/1691 483/1692/1692
f 480/1693/1693 486/1694/1694 485/1695/1695
f 480/1693/1693 485/1695/1695 481/1696/1696
f 469/1697/1697 480/1698/1698 487/1699/1699
f 469/1697/1697 487/1699/1699 488/1700/1700
f 473/1701/1701 489/1702/1702 490/1703/1703
f 473/1701/1701 490/1703/1703 486/1704/1704
f 469/1705/1705 473/1706/1706 486/1707/1707
f 469/1705/1705 486/1707/1707 480/1708/1708
f 488/1709/1709 487/1710/1710 490/1711/1711
f 488/1709/1709 490/1711/1711 489/1712/1712
f 469/1713/1713 488/1714/1714 489/1715/1715
f 469/1713/1713 489/1715/1715 473/1716/1716
f 480/1717/1717 486/1718/1718 490/1719/1719
f 480/1717/1717 490/1719/1719 487/1720/1720
f 491/1721/1721 492/1722/1722 493/1723/1723
f 491/1721/1721 493/1723/1723 494/1724/1724
f 495/1725/1725 496/1726/1726 497/1727/1727
f 495/1725/1725 497/1727/1727 498/1728/1728
f 491/1729/1729 495/1730/1730 498/1731/1731
f 491/1729/1729 498/1731/1731 492/1732/1732
f 494/1733/1733 493/1734/1734 497/1735/1735
f 494/1733/1733 497/1735/1735 496/1736/1736
f 491/1737/1737 494/1738/1738 496/1739/1739
f 491/1737/1737 496/1739/1739 495/1740/1740
f 492/1741/1741 498/1742/1742 497/1743/1743
f 492/1741/1741 497/1743/1743 493/1744/1744
f 481/1745/1745 492/1746/1746 499/1747/1747
f 481/1745/1745 499/1747/1747 500/1748/1748
f 485/1749/1749 501/1750/1750 502/1751/1751
f 485/1749/1749 502/1751/1751 498/1752/1752
f 481/1753/1753 485/1754/1754 498/1755/1755
f 481/1753/1753 498/1755/1755 492/1756/1756
f 500/1757/1757 499/1758/1758 502/1759/1759
f 500/1757/1757 502/1759/1759 501/1760/1760
f 481/1761/1761 500/1762/1762 501/1763/1763
f 481/1761/1761 501/1763/1763 485/1764/1764
f 492/1765/1765 498/1766/1766 502/1767/1767
f 492/1765/1765 502/1767/1767 499/1768/1768
f 503/1769/1769 504/1770/1770 505/1771/1771
f 503/1769/1769 505/1771/1771 506/1772/1772
f 507/1773/1773 508/1774/1774 509/1775/1775
f 507/1773/1773 509/1775/1775 510/1776/1776
f 503/1777/1777 507/1778/1778 510/1779/1779
f 503/1777/1777 510/1779/1779 504/1780/1780
f 506/1781/1781 505/1782/1782 509/1783/1783
f 506/1781/1781 509/1783/1783 508/1784/1784
f 503/1785/1785 506/1786/1786 508/1787/1787
f 503/1785/1785 508/1787/1787 507/1788/1788
f 504/1789/1789 510/1790/1790 509/1791/1791
f 504/1789/1789 509/1791/1791 505/1792/1792
f 493/1793/1793 504/1794/1794 511/1795/1795
f 493/1793/1793 511/1795/1795 512/1796/1796
f 497/1797/1797 513/1798/1798 514/1799/1799
f 497/1797/1797 514/1799/1799 510/1800/1800
f 493/1801/1801 497/1802/1802 510/1803/1803
f 493/1801/1801 510/1803/1803 504/1804/1804
f 512/1805/1805 511/1806/1806 514/1807/1807
f 512/1805/1805 514/1807/1807 513/1808/1808
f 493/1809/1809 512/1810/1810 513/1811/1811
f 493/1809/1809 513/1811/1811 497/1812/1812
f 504/1813/1813 510/1814/1814 514/1815/1815
f 504/1813/1813 514/1815/1815 511/1816/1816
f 515/1817/1817 516/1818/1818 517/1819/1819
f 515/1817/1817 517/1819/1819 518/1820/1820
f 519/1821/1821 520/1822/1822 521/1823/1823
f 519/1821/1821 521/1823/1823 522/1824/1824
f 515/1825/1825 519/1826/1826 522/1827/1827
f 515/1825/1825 522/1827/1827 516/1828/1828
f 518/1829/1829 517/1830/1830 521/1831/1831
f 518/1829/1829 521/1831/1831 520/1832/1832
f 515/1833/1833 518/1834/1834 520/1835/1835
f 515/1833/1833 520/1835/1835 519/1836/1836
f 516/1837/1837 522/1838/1838 521/1839/1839
f 516/1837/1837 521/1839/1839 517/1840/1840
f 505/1841/1841 516/1842/1842 523/1843/1843
f 505/1841/1841 523/1843/1843 524/1844/1844
f 509/1845/1845 525/1846/1846 526/1847/1847
f 509/1845/1845 526/1847/1847 522/1848/1848
f 505/1849/1849 509/1850/1850 522/1851/1851
f 505/1849/1849 522/1851/1851 516/1852/1852
f 524/1853/1853 523/1854/1854 526/1855/1855
f 524/1853/1853 526/1855/1855 525/1856/1856
f 505/1857/1857 524/1858/1858 525/1859/1859
f 505/1857/1857 525/1859/1859 509/1860/1860
f 516/1861/1861 522/1862/1862 526/1863/1863
f 516/1861/1861 526/1863/1863 523/1864/1864
f 527/1865/1865 528/1866/1866 529/1867/1867
f 527/1865/1865 529/1867/1867 530/1868/1868
f 531/1869/1869 532/1870/1870 533/1871/1871
f 531/1869/1869 533/1871/1871 534/1872/1872
f 527/1873/1873 531/1874/1874 534/1875/1875
f 527/1873/1873 534/1875/1875 528/1876/1876
f 530/1877/1877 529/1878/1878 533/1879/1879
f 530/1877/1877 533/1879/1879 532/1880/1880
f 527/1881/1881 530/1882/1882 532/1883/1883
f 527/1881/1881 532/1883/1883 531/1884/1884
f 528/1885/1885 534/1886/1886 533/1887/1887
f 528/1885/1885 533/1887/1887 529/1888/1888
f 517/1889/1889 528/1890/1890 535/1891/1891
f 517/1889/1889 535/1891/1891 536/1892/1892
f 521/1893/1893 537/1894/1894 538/1895/1895
f 521/1893/1893 538/1895/1895 534/1896/1896
f 517/1897/1897 521/1898/1898 534/1899/1899
f 517/1897/1897 534/1899/1899 528/1900/1900
f 536/1901/1901 535/1902/1902 538/1903/1903
f 536/1901/1901 538/1903/1903 537/1904/1904
f 517/1905/1905 536/1906/1906 537/1907/1907
f 517/1905/1905 537/1907/1907 521/1908/1908
f 528/1909/1909 534/1910/1910 538/1911/1911
f 528/1909/1909 538/1911/1911 535/1912/1912
f 539/1913/1913 540/1914/1914 372/1915/1915
f 539/1913/1913 372/1915/1915 541/1916/1916
f 542/1917/1917 543/1918/1918 379/1919/1919
f 542/1917/1917 379/1919/1919 544/1920/1920
f 539/1921/1921 542/1922/1922 544/1923/1923
f 539/1921/1921 544/1923/1923 540/1924/1924
f 541/1925/1925 372/1926/1926 379/1927/1927
f 541/1925/1925 379/1927/1927 543/1928/1928
f 539/1929/1929 541/1930/1930 543/1931/1931
f 539/1929/1929 543/1931/1931 542/1932/1932
f 540/1933/1933 544/1934/1934 379/1935/1935
f 540/1933/1933 379/1935/1935 372/1936/1936
f 529/1937/1937 540/1938/1938 545/1939/1939
f 529/1937/1937 545/1939/1939 546/1940/1940
f 533/1941/1941 547/1942/1942 548/1943/1943
f 533/1941/1941 548/1943/1943 544/1944/1944
f 529/1945/1945 533/1946/1946 544/1947/1947
f 529/1945/1945 544/1947/1947 540/1948/1948
f 546/1949/1949 545/1950/1950 548/1951/1951
f 546/1949/1949 548/1951/1951 547/1952/1952
f 529/1953/1953 546/1954/1954 547/1955/1955
f 529/1953/1953 547/1955/1955 533/1956/1956
f 540/1957/1957 544/1958/1958 548/1959/1959
f 540/1957/1957 548/1959/1959 545/1960/1960
f 320/1961/1961 549/1962/1962 550/1963/1963
f 320/1961/1961 550/1963/1963 551/1964/1964
f 552/1965/1965 553/1966/1966 554/1967/1967
f 552/1965/1965 554/1967/1967 555/1968/1968
f 320/1969/1969 552/1970/1970 555/1971/1971
f 320/1969/1969 555/1971/1971 549/1972/1972
f 551/1973/1973 550/1974/1974 554/1975/1975
f 551/1973/1973 554/1975/1975 553/1976/1976
f 556/1977/1977 557/1978/1978 558/1979/1979
f 556/1977/1977 558/1979/1979 363/1980/1980
f 559/1981/1981 560/1982/1982 561/1983/1983
f 559/1981/1981 561/1983/1983 562/1984/1984
f 556/1985/1985 559/1986/1986 562/1987/1987
f 556/1985/1985 562/1987/1987 557/1988/1988
f 363/1989/1989 558/1990/1990 561/1991/1991
f 363/1989/1989 561/1991/1991 560/1992/1992
f 320/1993/1993 549/1994/1994 563/1995/1995
f 320/1993/1993 563/1995/1995 564/1996/1996
f 565/1997/1997 566/1998/1998 567/1999/1999
f 565/1997/1997 567/1999/1999 568/2000/2000
f 320/2001/2001 565/2002/2002 568/2003/2003
f 320/2001/2001 568/2003/2003 549/2004/2004
f 564/2005/2005 563/2006/2006 567/2007/2007
f 564/2005/2005 567/2007/2007 566/2008/2008
f 569/2009/2009 570/2010/2010 571/2011/2011
f 569/2009/2009 571/2011/2011 572/2012/2012
f 552/2013/2013 573/2014/2014 574/2015/2015
f 552/2013/2013 574/2015/2015 575/2016/2016
f 569/2017/2017 552/2018/2018 575/2019/2019
f 569/2017/2017 575/2019/2019 570/2020/2020
f 572/2021/2021 571/2022/2022 574/2023/2023
f 572/2021/2021 574/2023/2023 573/2024/2024
f 576/2025/2025 577/2026/2026 578/2027/2027
f 576/2025/2025 578/2027/2027 579/2028/2028
f 575/2029/2029 574/2030/2030 580/2031/2031
f 575/2029/2029 580/2031/2031 581/2032/2032
f 576/2033/2033 575/2034/2034 581/2035/2035
f 576/2033/2033 581/2035/2035 577/2036/2036
f 579/2037/2037 578/2038/2038 580/2039/2039
f 579/2037/2037 580/2039/2039 574/2040/2040
f 582/2041/2041 583/2042/2042 584/2043/2043
f 582/2041/2041 584/2043/2043 585/2044/2044
f 581/2045/2045 580/2046/2046 586/2047/2047
f 581/2045/2045 586/2047/2047 555/2048/2048
f 582/2049/2049 581/2050/2050 555/2051/2051
f 582/2049/2049 555/2051/2051 583/2052/2052
f 585/2053/2053 584/2054/2054 586/2055/2055
f 585/2053/2053 586/2055/2055 580/2056/2056
f 587/2057/2057 588/2058/2058 589/2059/2059
f 587/2057/2057 589/2059/2059 590/2060/2060
f 591/2061/2061 592/2062/2062 593/2063/2063
f 591/2061/2061 593/2063/2063 594/2064/2064
f 587/2065/2065 591/2066/2066 594/2067/2067
f 587/2065/2065 594/2067/2067 588/2068/2068
f 590/2069/2069 589/2070/2070 593/2071/2071
f 590/2069/2069 593/2071/2071 592/2072/2072
f 595/2073/2073 584/2074/2074 588/2075/2075
f 595/2073/2073 588/2075/2075 596/2076/2076
f 597/2077/2077 598/2078/2078 594/2079/2079
f 597/2077/2077 594/2079/2079 586/2080/2080
f 595/2081/2081 597/2082/2082 586/2083/2083
f 595/2081/2081 586/2083/2083 584/2084/2084
f 596/2085/2085 588/2086/2086 594/2087/2087
f 596/2085/2085 594/2087/2087 598/2088/2088
f 595/2089/2089 596/2090/2090 598/2091/2091
f 595/2089/2089 598/2091/2091 597/2092/2092
f 599/2093/2093 554/2094/2094 600/2095/2095
f 599/2093/2093 600/2095/2095 601/2096/2096
f 602/2097/2097 603/2098/2098 604/2099/2099
f 602/2097/2097 604/2099/2099 605/2100/2100
f 599/2101/2101 602/2102/2102 605/2103/2103
f 599/2101/2101 605/2103/2103 554/2104/2104
f 601/2105/2105 600/2106/2106 604/2107/2107
f 601/2105/2105 604/2107/2107 603/2108/2108
f 599/2109/2109 601/2110/2110 603/2111/2111
f 599/2109/2109 603/2111/2111 602/2112/2112
f 554/2113/2113 605/2114/2114 604/2115/2115
f 554/2113/2113 604/2115/2115 600/2116/2116
f 564/2117/2117 563/2118/2118 606/2119/2119
f 564/2117/2117 606/2119/2119 607/2120/2120
f 566/2121/2121 608/2122/2122 609/2123/2123
f 566/2121/2121 609/2123/2123 567/2124/2124
f 564/2125/2125 566/2126/2126 567/2127/2127
f 564/2125/2125 567/2127/2127 563/2128/2128
f 607/2129/2129 606/2130/2130 609/2131/2131
f 607/2129/2129 609/2131/2131 608/2132/2132
f 590/2133/2133 610/2134/2134 611/2135/2135
f 590/2133/2133 611/2135/2135 612/2136/2136
f 592/2137/2137 613/2138/2138 614/2139/2139
f 592/2137/2137 614/2139/2139 615/2140/2140
f 590/2141/2141 592/2142/2142 615/2143/2143
f 590/2141/2141 615/2143/2143 610/2144/2144
f 612/2145/2145 611/2146/2146 614/2147/2147
f 612/2145/2145 614/2147/2147 613/2148/2148
f 616/2149/2149 617/2150/2150 618/2151/2151
f 616/2149/2149 618/2151/2151 619/2152/2152
f 615/2153/2153 614/2154/2154 620/2155/2155
f 615/2153/2153 620/2155/2155 621/2156/2156
f 616/2157/2157 615/2158/2158 621/2159/2159
f 616/2157/2157 621/2159/2159 617/2160/2160
f 619/2161/2161 618/2162/2162 620/2163/2163
f 619/2161/2161 620/2163/2163 614/2164/2164
f 622/2165/2165 589/2166/2166 623/2167/2167
f 622/2165/2165 623/2167/2167 624/2168/2168
f 621/2169/2169 620/2170/2170 625/2171/2171
f 621/2169/2169 625/2171/2171 593/2172/2172
f 622/2173/2173 621/2174/2174 593/2175/2175
f 622/2173/2173 593/2175/2175 589/2176/2176
f 624/2177/2177 623/2178/2178 625/2179/2179
f 624/2177/2177 625/2179/2179 620/2180/2180
f 626/2181/2181 627/2182/2182 628/2183/2183
f 626/2181/2181 628/2183/2183 629/2184/2184
f 630/2185/2185 631/2186/2186 632/2187/2187
f 630/2185/2185 632/2187/2187 633/2188/2188
f 626/2189/2189 630/2190/2190 633/2191/2191
f 626/2189/2189 633/2191/2191 627/2192/2192
f 629/2193/2193 628/2194/2194 632/2195/2195
f 629/2193/2193 632/2195/2195 631/2196/2196
f 634/2197/2197 623/2198/2198 627/2199/2199
f 634/2197/2197 627/2199/2199 635/2200/2200
f 636/2201/2201 637/2202/2202 633/2203/2203
f 636/2201/2201 633/2203/2203 625/2204/2204
f 634/2205/2205 636/2206/2206 625/2207/2207
f 634/2205/2205 625/2207/2207 623/2208/2208
f 635/2209/2209 627/2210/2210 633/2211/2211
f 635/2209/2209 633/2211/2211 637/2212/2212
f 634/2213/2213 635/2214/2214 637/2215/2215
f 634/2213/2213 637/2215/2215 636/2216/2216
f 638/2217/2217 639/2218/2218 640/2219/2219
f 638/2217/2217 640/2219/2219 641/2220/2220
f 642/2221/2221 643/2222/2222 644/2223/2223
f 642/2221/2221 644/2223/2223 645/2224/2224
f 638/2225/2225 642/2226/2226 645/2227/2227
f 638/2225/2225 645/2227/2227 639/2228/2228
f 641/2229/2229 640/2230/2230 644/2231/2231
f 641/2229/2229 644/2231/2231 643/2232/2232
f 638/2233/2233 641/2234/2234 643/2235/2235
f 638/2233/2233 643/2235/2235 642/2236/2236
f 639/2237/2237 645/2238/2238 644/2239/2239
f 639/2237/2237 644/2239/2239 640/2240/2240
f 607/2241/2241 606/2242/2242 646/2243/2243
f 607/2241/2241 646/2243/2243 366/2244/2244
f 608/2245/2245 647/2246/2246 648/2247/2247
f 608/2245/2245 648/2247/2247 609/2248/2248
f 607/2249/2249 608/2250/2250 609/2251/2251
f 607/2249/2249 609/2251/2251 606/2252/2252
f 366/2253/2253 646/2254/2254 648/2255/2255
f 366/2253/2253 648/2255/2255 647/2256/2256
f 629/2257/2257 649/2258/2258 650/2259/2259
f 629/2257/2257 650/2259/2259 651/2260/2260
f 631/2261/2261 652/2262/2262 653/2263/2263
f 631/2261/2261 653/2263/2263 654/2264/2264
f 629/2265/2265 631/2266/2266 654/2267/2267
f 629/2265/2265 654/2267/2267 649/2268/2268
f 651/2269/2269 650/2270/2270 653/2271/2271
f 651/2269/2269 653/2271/2271 652/2272/2272
f 655/2273/2273 656/2274/2274 657/2275/2275
f 655/2273/2273 657/2275/2275 658/2276/2276
f 654/2277/2277 653/2278/2278 659/2279/2279
f 654/2277/2277 659/2279/2279 660/2280/2280
f 655/2281/2281 654/2282/2282 660/2283/2283
f 655/2281/2281 660/2283/2283 656/2284/2284
f 658/2285/2285 657/2286/2286 659/2287/2287
f 658/2285/2285 659/2287/2287 653/2288/2288
f 661/2289/2289 628/2290/2290 662/2291/2291
f 661/2289/2289 662/2291/2291 663/2292/2292
f 660/2293/2293 659/2294/2294 664/2295/2295
f 660/2293/2293 664/2295/2295 632/2296/2296
f 661/2297/2297 660/2298/2298 632/2299/2299
f 661/2297/2297 632/2299/2299 628/2300/2300
f 663/2301/2301 662/2302/2302 664/2303/2303
f 663/2301/2301 664/2303/2303 659/2304/2304
f 665/2305/2305 666/2306/2306 667/2307/2307
f 665/2305/2305 667/2307/2307 668/2308/2308
f 669/2309/2309 670/2310/2310 671/2311/2311
f 669/2309/2309 671/2311/2311 672/2312/2312
f 665/2313/2313 669/2314/2314 672/2315/2315
f 665/2313/2313 672/2315/2315 666/2316/2316
f 668/2317/2317 667/2318/2318 671/2319/2319
f 668/2317/2317 671/2319/2319 670/2320/2320
f 673/2321/2321 662/2322/2322 666/2323/2323
f 673/2321/2321 666/2323/2323 674/2324/2324
f 675/2325/2325 676/2326/2326 672/2327/2327
f 675/2325/2325 672/2327/2327 664/2328/2328
f 673/2329/2329 675/2330/2330 664/2331/2331
f 673/2329/2329 664/2331/2331 662/2332/2332
f 674/2333/2333 666/2334/2334 672/2335/2335
f 674/2333/2333 672/2335/2335 676/2336/2336
f 673/2337/2337 674/2338/2338 676/2339/2339
f 673/2337/2337 676/2339/2339 675/2340/2340
f 677/2341/2341 678/2342/2342 679/2343/2343
f 677/2341/2341 679/2343/2343 680/2344/2344
f 681/2345/2345 682/2346/2346 683/2347/2347
f 681/2345/2345 683/2347/2347 684/2348/2348
f 677/2349/2349 681/2350/2350 684/2351/2351
f 677/2349/2349 684/2351/2351 678/2352/2352
f 680/2353/2353 679/2354/2354 683/2355/2355
f 680/2353/2353 683/2355/2355 682/2356/2356
f 677/2357/2357 680/2358/2358 682/2359/2359
f 677/2357/2357 682/2359/2359 681/2360/2360
f 678/2361/2361 684/2362/2362 683/2363/2363
f 678/2361/2361 683/2363/2363 679/2364/2364
f 366/2365/2365 646/2366/2366 685/2367/2367
f 366/2365/2365 685/2367/2367 686/2368/2368
f 647/2369/2369 687/2370/2370 688/2371/2371
f 647/2369/2369 688/2371/2371 648/2372/2372
f 366/2373/2373 647/2374/2374 648/2375/2375
f 366/2373/2373 648/2375/2375 646/2376/2376
f 686/2377/2377 685/2378/2378 688/2379/2379
f 686/2377/2377 688/2379/2379 687/2380/2380
f 668/2381/2381 689/2382/2382 690/2383/2383
f 668/2381/2381 690/2383/2383 691/2384/2384
f 670/2385/2385 692/2386/2386 693/2387/2387
f 670/2385/2385 693/2387/2387 694/2388/2388
f 668/2389/2389 670/2390/2390 694/2391/2391
f 668/2389/2389 694/2391/2391 689/2392/2392
f 691/2393/2393 690/2394/2394 693/2395/2395
f 691/2393/2393 693/2395/2395 692/2396/2396
f 695/2397/2397 696/2398/2398 697/2399/2399
f 695/2397/2397 697/2399/2399 698/2400/2400
f 694/2401/2401 693/2402/2402 699/2403/2403
f 694/2401/2401 699/2403/2403 700/2404/2404
f 695/2405/2405 694/2406/2406 700/2407/2407
f 695/2405/2405 700/2407/2407 696/2408/2408
f 698/2409/2409 697/2410/2410 699/2411/2411
f 698/2409/2409 699/2411/2411 693/2412/2412
f 701/2413/2413 667/2414/2414 702/2415/2415
f 701/2413/2413 702/2415/2415 703/2416/2416
f 700/2417/2417 699/2418/2418 704/2419/2419
f 700/2417/2417 704/2419/2419 671/2420/2420
f 701/2421/2421 700/2422/2422 671/2423/2423
f 701/2421/2421 671/2423/2423 667/2424/2424
f 703/2425/2425 702/2426/2426 704/2427/2427
f 703/2425/2425 704/2427/2427 699/2428/2428
f 705/2429/2429 706/2430/2430 707/2431/2431
f 705/2429/2429 707/2431/2431 708/2432/2432
f 709/2433/2433 710/2434/2434 711/2435/2435
f 709/2433/2433 711/2435/2435 712/2436/2436
f 705/2437/2437 709/2438/2438 712/2439/2439
f 705/2437/2437 712/2439/2439 706/2440/2440
f 708/2441/2441 707/2442/2442 711/2443/2443
f 708/2441/2441 711/2443/2443 710/2444/2444
f 713/2445/2445 702/2446/2446 706/2447/2447
f 713/2445/2445 706/2447/2447 714/2448/2448
f 715/2449/2449 716/2450/2450 712/2451/2451
f 715/2449/2449 712/2451/2451 704/2452/2452
f 713/2453/2453 715/2454/2454 704/2455/2455
f 713/2453/2453 704/2455/2455 702/2456/2456
f 714/2457/2457 706/2458/2458 712/2459/2459
f 714/2457/2457 712/2459/2459 716/2460/2460
f 713/2461/2461 714/2462/2462 716/2463/2463
f 713/2461/2461 716/2463/2463 715/2464/2464
f 717/2465/2465 718/2466/2466 719/2467/2467
f 717/2465/2465 719/2467/2467 720/2468/2468
f 721/2469/2469 722/2470/2470 723/2471/2471
f 721/2469/2469 723/2471/2471 724/2472/2472
f 717/2473/2473 721/2474/2474 724/2475/2475
f 717/2473/2473 724/2475/2475 718/2476/2476
f 720/2477/2477 719/2478/2478 723/2479/2479
f 720/2477/2477 723/2479/2479 722/2480/2480
f 717/2481/2481 720/2482/2482 722/2483/2483
f 717/2481/2481 722/2483/2483 721/2484/2484
f 718/2485/2485 724/2486/2486 723/2487/2487
f 718/2485/2485 723/2487/2487 719/2488/2488
f 686/2489/2489 685/2490/2490 725/2491/2491
f 686/2489/2489 725/2491/2491 726/2492/2492
f 687/2493/2493 727/2494/2494 728/2495/2495
f 687/2493/2493 728/2495/2495 688/2496/2496
f 686/2497/2497 687/2498/2498 688/2499/2499
f 686/2497/2497 688/2499/2499 685/2500/2500
f 726/2501/2501 725/2502/2502 728/2503/2503
f 726/2501/2501 728/2503/2503 727/2504/2504
f 708/2505/2505 729/2506/2506 730/2507/2507
f 708/2505/2505 730/2507/2507 731/2508/2508
f 710/2509/2509 732/2510/2510 733/2511/2511
f 710/2509/2509 733/2511/2511 734/2512/2512
f 708/2513/2513 710/2514/2514 734/2515/2515
f 708/2513/2513 734/2515/2515 729/2516/2516
f 731/2517/2517 730/2518/2518 733/2519/2519
f 731/2517/2517 733/2519/2519 732/2520/2520
f 735/2521/2521 736/2522/2522 737/2523/2523
f 735/2521/2521 737/2523/2523 738/2524/2524
f 734/2525/2525 733/2526/2526 739/2527/2527
f 734/2525/2525 739/2527/2527 740/2528/2528
f 735/2529/2529 734/2530/2530 740/2531/2531
f 735/2529/2529 740/2531/2531 736/2532/2532
f 738/2533/2533 737/2534/2534 739/2535/2535
f 738/2533/2533 739/2535/2535 733/2536/2536
f 741/2537/2537 707/2538/2538 742/2539/2539
f 741/2537/2537 742/2539/2539 743/2540/2540
f 740/2541/2541 739/2542/2542 744/2543/2543
f 740/2541/2541 744/2543/2543 711/2544/2544
f 741/2545/2545 740/2546/2546 711/2547/2547
f 741/2545/2545 711/2547/2547 707/2548/2548
f 743/2549/2549 742/2550/2550 744/2551/2551
f 743/2549/2549 744/2551/2551 739/2552/2552
f 745/2553/2553 746/2554/2554 747/2555/2555
f 745/2553/2553 747/2555/2555 748/2556/2556
f 749/2557/2557 750/2558/2558 751/2559/2559
f 749/2557/2557 751/2559/2559 752/2560/2560
f 745/2561/2561 749/2562/2562 752/2563/2563
f 745/2561/2561 752/2563/2563 746/2564/2564
f 748/2565/2565 747/2566/2566 751/2567/2567
f 748/2565/2565 751/2567/2567 750/2568/2568
f 753/2569/2569 742/2570/2570 746/2571/2571
f 753/2569/2569 746/2571/2571 754/2572/2572
f 755/2573/2573 756/2574/2574 752/2575/2575
f 755/2573/2573 752/2575/2575 744/2576/2576
f 753/2577/2577 755/2578/2578 744/2579/2579
f 753/2577/2577 744/2579/2579 742/2580/2580
f 754/2581/2581 746/2582/2582 752/2583/2583
f 754/2581/2581 752/2583/2583 756/2584/2584
f 753/2585/2585 754/2586/2586 756/2587/2587
f 753/2585/2585 756/2587/2587 755/2588/2588
f 757/2589/2589 758/2590/2590 759/2591/2591
f 757/2589/2589 759/2591/2591 760/2592/2592
f 761/2593/2593 762/2594/2594 763/2595/2595
f 761/2593/2593 763/2595/2595 764/2596/2596
f 757/2597/2597 761/2598/2598 764/2599/2599
f 757/2597/2597 764/2599/2599 758/2600/2600
f 760/2601/2601 759/2602/2602 763/2603/2603
f 760/2601/2601 763/2603/2603 762/2604/2604
f 757/2605/2605 760/2606/2606 762/2607/2607
f 757/2605/2605 762/2607/2607 761/2608/2608
f 758/2609/2609 764/2610/2610 763/2611/2611
f 758/2609/2609 763/2611/2611 759/2612/2612
f 726/2613/2613 725/2614/2614 558/2615/2615
f 726/2613/2613 558/2615/2615 363/2616/2616
f 727/2617/2617 765/2618/2618 766/2619/2619
f 727/2617/2617 766/2619/2619 728/2620/2620
f 726/2621/2621 727/2622/2622 728/2623/2623
f 726/2621/2621 728/2623/2623 725/2624/2624
f 363/2625/2625 558/2626/2626 766/2627/2627
f 363/2625/2625 766/2627/2627 765/2628/2628
f 748/2629/2629 767/2630/2630 768/2631/2631
f 748/2629/2629 768/2631/2631 769/2632/2632
f 750/2633/2633 770/2634/2634 771/2635/2635
f 750/2633/2633 771/2635/2635 772/2636/2636
f 748/2637/2637 750/2638/2638 772/2639/2639
f 748/2637/2637 772/2639/2639 767/2640/2640
f 769/2641/2641 768/2642/2642 771/2643/2643
f 769/2641/2641 771/2643/2643 770/2644/2644
f 773/2645/2645 774/2646/2646 775/2647/2647
f 773/2645/2645 775/2647/2647 776/2648/2648
f 772/2649/2649 771/2650/2650 777/2651/2651
f 772/2649/2649 777/2651/2651 778/2652/2652
f 773/2653/2653 772/2654/2654 778/2655/2655
f 773/2653/2653 778/2655/2655 774/2656/2656
f 776/2657/2657 775/2658/2658 777/2659/2659
f 776/2657/2657 777/2659/2659 771/2660/2660
f 779/2661/2661 747/2662/2662 780/2663/2663
f 779/2661/2661 780/2663/2663 781/2664/2664
f 778/2665/2665 777/2666/2666 782/2667/2667
f 778/2665/2665 782/2667/2667 751/2668/2668
f 779/2669/2669 778/2670/2670 751/2671/2671
f 779/2669/2669 751/2671/2671 747/2672/2672
f 781/2673/2673 780/2674/2674 782/2675/2675
f 781/2673/2673 782/2675/2675 777/2676/2676
f 783/2677/2677 784/2678/2678 785/2679/2679
f 783/2677/2677 785/2679/2679 786/2680/2680
f 787/2681/2681 560/2682/2682 561/2683/2683
f 787/2681/2681 561/2683/2683 788/2684/2684
f 783/2685/2685 787/2686/2686 788/2687/2687
f 783/2685/2685 788/2687/2687 784/2688/2688
f 786/2689/2689 785/2690/2690 561/2691/2691
f 786/2689/2689 561/2691/2691 560/2692/2692
f 789/2693/2693 780/2694/2694 784/2695/2695
f 789/2693/2693 784/2695/2695 790/2696/2696
f 791/2697/2697 792/2698/2698 788/2699/2699
f 791/2697/2697 788/2699/2699 782/2700/2700
f 789/2701/2701 791/2702/2702 782/2703/2703
f 789/2701/2701 782/2703/2703 780/2704/2704
f 790/2705/2705 784/2706/2706 788/2707/2707
f 790/2705/2705 788/2707/2707 792/2708/2708
f 789/2709/2709 790/2710/2710 792/2711/2711
f 789/2709/2709 792/2711/2711 791/2712/2712
f 793/2713/2713 794/2714/2714 562/2715/2715
f 793/2713/2713 562/2715/2715 795/2716/2716
f 796/2717/2717 797/2718/2718 798/2719/2719
f 796/2717/2717 798/2719/2719 799/2720/2720
f 793/2721/2721 796/2722/2722 799/2723/2723
f 793/2721/2721 799/2723/2723 794/2724/2724
f 795/2725/2725 562/2726/2726 798/2727/2727
f 795/2725/2725 798/2727/2727 797/2728/2728
f 793/2729/2729 795/2730/2730 797/2731/2731
f 793/2729/2729 797/2731/2731 796/2732/2732
f 794/2733/2733 799/2734/2734 798/2735/2735
f 794/2733/2733 798/2735/2735 562/2736/2736
f 800/2737/2737 801/2738/2738 802/2739/2739
f 800/2737/2737 802/2739/2739 803/2740/2740
f 804/2741/2741 805/2742/2742 806/2743/2743
f 804/2741/2741 806/2743/2743 807/2744/2744
f 800/2745/2745 804/2746/2746 807/2747/2747
f 800/2745/2745 807/2747/2747 801/2748/2748
f 800/2749/2749 803/2750/2750 805/2751/2751
f 800/2749/2749 805/2751/2751 804/2752/2752
f 801/2753/2753 807/2754/2754 806/2755/2755
f 801/2753/2753 806/2755/2755 802/2756/2756
f 803/2757/2757 802/2758/2758 808/2759/2759
f 803/2757/2757 808/2759/2759 809/2760/2760
f 805/2761/2761 810/2762/2762 811/2763/2763
f 805/2761/2761 811/2763/2763 806/2764/2764
f 803/2765/2765 809/2766/2766 810/2767/2767
f 803/2765/2765 810/2767/2767 805/2768/2768
f 802/2769/2769 806/2770/2770 811/2771/2771
f 802/2769/2769 811/2771/2771 808/2772/2772
f 809/2773/2773 808/2774/2774 812/2775/2775
f 809/2773/2773 812/2775/2775 813/2776/2776
f 810/2777/2777 814/2778/2778 815/2779/2779
f 810/2777/2777 815/2779/2779 811/2780/2780
f 809/2781/2781 813/2782/2782 814/2783/2783
f 809/2781/2781 814/2783/2783 810/2784/2784
f 808/2785/2785 811/2786/2786 815/2787/2787
f 808/2785/2785 815/2787/2787 812/2788/2788
f 813/2789/2789 812/2790/2790 816/2791/2791
f 813/2789/2789 816/2791/2791 817/2792/2792
f 814/2793/2793 818/2794/2794 819/2795/2795
f 814/2793/2793 819/2795/2795 815/2796/2796
f 813/2797/2797 817/2798/2798 818/2799/2799
f 813/2797/2797 818/2799/2799 814/2800/2800
f 812/2801/2801 815/2802/2802 819/2803/2803
f 812/2801/2801 819/2803/2803 816/2804/2804
f 817/2805/2805 816/2806/2806 820/2807/2807
f 817/2805/2805 820/2807/2807 821/2808/2808
f 818/2809/2809 822/2810/2810 823/2811/2811
f 818/2809/2809 823/2811/2811 819/2812/2812
f 821/2813/2813 820/2814/2814 823/2815/2815
f 821/2813/2813 823/2815/2815 822/2816/2816
f 817/2817/2817 821/2818/2818 822/2819/2819
f 817/2817/2817 822/2819/2819 818/2820/2820
f 816/2821/2821 819/2822/2822 823/2823/2823
f 816/2821/2821 823/2823/2823 820/2824/2824
f 549/2825/2825 824/2826/2826 825/2827/2827
f 549/2825/2825 825/2827/2827 826/2828/2828
f 827/2829/2829 828/2830/2830 829/2831/2831
f 827/2829/2829 829/2831/2831 830/2832/2832
f 549/2833/2833 827/2834/2834 830/2835/2835
f 549/2833/2833 830/2835/2835 824/2836/2836
f 549/2837/2837 826/2838/2838 828/2839/2839
f 549/2837/2837 828/2839/2839 827/2840/2840
f 824/2841/2841 830/2842/2842 829/2843/2843
f 824/2841/2841 829/2843/2843 825/2844/2844
f 826/2845/2845 825/2846/2846 831/2847/2847
f 826/2845/2845 831/2847/2847 832/2848/2848
f 828/2849/2849 833/2850/2850 834/2851/2851
f 828/2849/2849 834/2851/2851 829/2852/2852
f 826/2853/2853 832/2854/2854 833/2855/2855
f 826/2853/2853 833/2855/2855 828/2856/2856
f 825/2857/2857 829/2858/2858 834/2859/2859
f 825/2857/2857 834/2859/2859 831/2860/2860
f 832/2861/2861 831/2862/2862 835/2863/2863
f 832/2861/2861 835/2863/2863 836/2864/2864
f 833/2865/2865 837/2866/2866 838/2867/2867
f 833/2865/2865 838/2867/2867 834/2868/2868
f 832/2869/2869 836/2870/2870 837/2871/2871
f 832/2869/2869 837/2871/2871 833/2872/2872
f 831/2873/2873 834/2874/2874 838/2875/2875
f 831/2873/2873 838/2875/2875 835/2876/2876
f 836/2877/2877 835/2878/2878 839/2879/2879
f 836/2877/2877 839/2879/2879 840/2880/2880
f 837/2881/2881 841/2882/2882 842/2883/2883
f 837/2881/2881 842/2883/2883 838/2884/2884
f 836/2885/2885 840/2886/2886 841/2887/2887
f 836/2885/2885 841/2887/2887 837/2888/2888
f 835/2889/2889 838/2890/2890 842/2891/2891
f 835/2889/2889 842/2891/2891 839/2892/2892
f 840/2893/2893 839/2894/2894 843/2895/2895
f 840/2893/2893 843/2895/2895 844/2896/2896
f 841/2897/2897 845/2898/2898 846/2899/2899
f 841/2897/2897 846/2899/2899 842/2900/2900
f 844/2901/2901 843/2902/2902 846/2903/2903
f 844/2901/2901 846/2903/2903 845/2904/2904
f 840/2905/2905 844/2906/2906 845/2907/2907
f 840/2905/2905 845/2907/2907 841/2908/2908
f 839/2909/2909 842/2910/2910 846/2911/2911
f 839/2909/2909 846/2911/2911 843/2912/2912
f 847/2913/2913 848/2914/2914 849/2915/2915
f 847/2913/2913 849/2915/2915 850/2916/2916
f 851/2917/2917 852/2918/2918 853/2919/2919
f 851/2917/2917 853/2919/2919 854/2920/2920
f 847/2921/2921 851/2922/2922 854/2923/2923
f 847/2921/2921 854/2923/2923 848/2924/2924
f 847/2925/2925 850/2926/2926 852/2927/2927
f 847/2925/2925 852/2927/2927 851/2928/2928
f 848/2929/2929 854/2930/2930 853/2931/2931
f 848/2929/2929 853/2931/2931 849/2932/2932
f 850/2933/2933 849/2934/2934 855/2935/2935
f 850/2933/2933 855/2935/2935 856/2936/2936
f 852/2937/2937 857/2938/2938 858/2939/2939
f 852/2937/2937 858/2939/2939 853/2940/2940
f 850/2941/2941 856/2942/2942 857/2943/2943
f 850/2941/2941 857/2943/2943 852/2944/2944
f 849/2945/2945 853/2946/2946 858/2947/2947
f 849/2945/2945 858/2947/2947 855/2948/2948
f 856/2949/2949 855/2950/2950 859/2951/2951
f 856/2949/2949 859/2951/2951 860/2952/2952
f 857/2953/2953 861/2954/2954 862/2955/2955
f 857/2953/2953 862/2955/2955 858/2956/2956
f 856/2957/2957 860/2958/2958 861/2959/2959
f 856/2957/2957 861/2959/2959 857/2960/2960
f 855/2961/2961 858/2962/2962 862/2963/2963
f 855/2961/2961 862/2963/2963 859/2964/2964
f 860/2965/2965 859/2966/2966 863/2967/2967
f 860/2965/2965 863/2967/2967 864/2968/2968
f 861/2969/2969 865/2970/2970 866/2971/2971
f 861/2969/2969 866/2971/2971 862/2972/2972
f 860/2973/2973 864/2974/2974 865/2975/2975
f 860/2973/2973 865/2975/2975 861/2976/2976
f 859/2977/2977 862/2978/2978 866/2979/2979
f 859/2977/2977 866/2979/2979 863/2980/2980
f 864/2981/2981 863/2982/2982 867/2983/2983
f 864/2981/2981 867/2983/2983 558/2984/2984
f 865/2985/2985 868/2986/2986 869/2987/2987
f 865/2985/2985 869/2987/2987 866/2988/2988
f 558/2989/2989 867/2990/2990 869/2991/2991
f 558/2989/2989 869/2991/2991 868/2992/2992
f 864/2993/2993 558/2994/2994 868/2995/2995
f 864/2993/2993 868/2995/2995 865/2996/2996
f 863/2997/2997 866/2998/2998 869/2999/2999
f 863/2997/2997 869/2999/2999 867/3000/3000
f 844/3001/3001 843/3002/3002 870/3003/3003
f 844/3001/3001 870/3003/3003 646/3004/3004
f 871/3005/3005 872/3006/3006 873/3007/3007
f 871/3005/3005 873/3007/3007 874/3008/3008
f 844/3009/3009 871/3010/3010 874/3011/3011
f 844/3009/3009 874/3011/3011 843/3012/3012
f 844/3013/3013 646/3014/3014 872/3015/3015
f 844/3013/3013 872/3015/3015 871/3016/3016
f 843/3017/3017 874/3018/3018 873/3019/3019
f 843/3017/3017 873/3019/3019 870/3020/3020
f 646/3021/3021 870/3022/3022 848/3023/3023
f 646/3021/3021 848/3023/3023 847/3024/3024
f 872/3025/3025 875/3026/3026 876/3027/3027
f 872/3025/3025 876/3027/3027 873/3028/3028
f 847/3029/3029 848/3030/3030 876/3031/3031
f 847/3029/3029 876/3031/3031 875/3032/3032
f 646/3033/3033 847/3034/3034 875/3035/3035
f 646/3033/3033 875/3035/3035 872/3036/3036
f 870/3037/3037 873/3038/3038 876/3039/3039
f 870/3037/3037 876/3039/3039 848/3040/3040
f 877/3041/3041 878/3042/3042 879/3043/3043
f 877/3041/3041 879/3043/3043 880/3044/3044
f 845/3045/3045 881/3046/3046 882/3047/3047
f 845/3045/3045 882/3047/3047 846/3048/3048
f 877/3049/3049 845/3050/3050 846/3051/3051
f 877/3049/3049 846/3051/3051 878/3052/3052
f 877/3053/3053 880/3054/3054 881/3055/3055
f 877/3053/3053 881/3055/3055 845/3056/3056
f 878/3057/3057 846/3058/3058 882/3059/3059
f 878/3057/3057 882/3059/3059 879/3060/3060
f 880/3061/3061 879/3062/3062 883/3063/3063
f 880/3061/3061 883/3063/3063 884/3064/3064
f 881/3065/3065 851/3066/3066 854/3067/3067
f 881/3065/3065 854/3067/3067 882/3068/3068
f 884/3069/3069 883/3070/3070 854/3071/3071
f 884/3069/3069 854/3071/3071 851/3072/3072
f 880/3073/3073 884/3074/3074 851/3075/3075
f 880/3073/3073 851/3075/3075 881/3076/3076
f 879/3077/3077 882/3078/3078 854/3079/3079
f 879/3077/3077 854/3079/3079 883/3080/3080
f 885/3081/3081 886/3082/3082 887/3083/3083
f 885/3081/3081 887/3083/3083 888/3084/3084
f 889/3085/3085 890/3086/3086 891/3087/3087
f 889/3085/3085 891/3087/3087 892/3088/3088
f 885/3089/3089 889/3090/3090 892/3091/3091
f 885/3089/3089 892/3091/3091 886/3092/3092
f 888/3093/3093 887/3094/3094 891/3095/3095
f 888/3093/3093 891/3095/3095 890/3096/3096
f 885/3097/3097 888/3098/3098 890/3099/3099
f 885/3097/3097 890/3099/3099 889/3100/3100
f 886/3101/3101 892/3102/3102 891/3103/3103
f 886/3101/3101 891/3103/3103 887/3104/3104
f 370/3105/3105 886/3106/3106 893/3107/3107
f 370/3105/3105 893/3107/3107 894/3108/3108
f 374/3109/3109 895/3110/3110 896/3111/3111
f 374/3109/3109 896/3111/3111 892/3112/3112
f 370/3113/3113 374/3114/3114 892/3115/3115
f 370/3113/3113 892/3115/3115 886/3116/3116
f 894/3117/3117 893/3118/3118 896/3119/3119
f 894/3117/3117 896/3119/3119 895/3120/3120
f 370/3121/3121 894/3122/3122 895/3123/3123
f 370/3121/3121 895/3123/3123 374/3124/3124
f 886/3125/3125 892/3126/3126 896/3127/3127
f 886/3125/3125 896/3127/3127 893/3128/3128
f 897/3129/3129 898/3130/3130 899/3131/3131
f 897/3129/3129 899/3131/3131 900/3132/3132
f 901/3133/3133 902/3134/3134 903/3135/3135
f 901/3133/3133 903/3135/3135 904/3136/3136
f 897/3137/3137 901/3138/3138 904/3139/3139
f 897/3137/3137 904/3139/3139 898/3140/3140
f 900/3141/3141 899/3142/3142 903/3143/3143
f 900/3141/3141 903/3143/3143 902/3144/3144
f 897/3145/3145 900/3146/3146 902/3147/3147
f 897/3145/3145 902/3147/3147 901/3148/3148
f 898/3149/3149 904/3150/3150 903/3151/3151
f 898/3149/3149 903/3151/3151 899/3152/3152
f 887/3153/3153 898/3154/3154 905/3155/3155
f 887/3153/3153 905/3155/3155 906/3156/3156
f 891/3157/3157 907/3158/3158 908/3159/3159
f 891/3157/3157 908/3159/3159 904/3160/3160
f 887/3161/3161 891/3162/3162 904/3163/3163
f 887/3161/3161 904/3163/3163 898/3164/3164
f 906/3165/3165 905/3166/3166 908/3167/3167
f 906/3165/3165 908/3167/3167 907/3168/3168
f 887/3169/3169 906/3170/3170 907/3171/3171
f 887/3169/3169 907/3171/3171 891/3172/3172
f 898/3173/3173 904/3174/3174 908/3175/3175
f 898/3173/3173 908/3175/3175 905/3176/3176
f 909/3177/3177 910/3178/3178 911/3179/3179
f 909/3177/3177 911/3179/3179 912/3180/3180
f 913/3181/3181 914/3182/3182 915/3183/3183
f 913/3181/3181 915/3183/3183 916/3184/3184
f 909/3185/3185 913/3186/3186 916/3187/3187
f 909/3185/3185 916/3187/3187 910/3188/3188
f 912/3189/3189 911/3190/3190 915/3191/3191
f 912/3189/3189 915/3191/3191 914/3192/3192
f 909/3193/3193 912/3194/3194 914/3195/3195
f 909/3193/3193 914/3195/3195 913/3196/3196
f 910/3197/3197 916/3198/3198 915/3199/3199
f 910/3197/3197 915/3199/3199 911/3200/3200
f 899/3201/3201 910/3202/3202 917/3203/3203
f 899/3201/3201 917/3203/3203 918/3204/3204
f 903/3205/3205 919/3206/3206 920/3207/3207
f 903/3205/3205 920/3207/3207 916/3208/3208
f 899/3209/3209 903/3210/3210 916/3211/3211
f 899/3209/3209 916/3211/3211 910/3212/3212
f 918/3213/3213 917/3214/3214 920/3215/3215
f 918/3213/3213 920/3215/3215 919/3216/3216
f 899/3217/3217 918/3218/3218 919/3219/3219
f 899/3217/3217 919/3219/3219 903/3220/3220
f 910/3221/3221 916/3222/3222 920/3223/3223
f 910/3221/3221 920/3223/3223 917/3224/3224
f 921/3225/3225 922/3226/3226 923/3227/3227
f 921/3225/3225 923/3227/3227 924/3228/3228
f 925/3229/3229 926/3230/3230 927/3231/3231
f 925/3229/3229 927/3231/3231 928/3232/3232
f 921/3233/3233 925/3234/3234 928/3235/3235
f 921/3233/3233 928/3235/3235 922/3236/3236
f 924/3237/3237 923/3238/3238 927/3239/3239
f 924/3237/3237 927/3239/3239 926/3240/3240
f 921/3241/3241 924/3242/3242 926/3243/3243
f 921/3241/3241 926/3243/3243 925/3244/3244
f 922/3245/3245 928/3246/3246 927/3247/3247
f 922/3245/3245 927/3247/3247 923/3248/3248
f 911/3249/3249 922/3250/3250 929/3251/3251
f 911/3249/3249 929/3251/3251 930/3252/3252
f 915/3253/3253 931/3254/3254 932/3255/3255
f 915/3253/3253 932/3255/3255 928/3256/3256
f 911/3257/3257 915/3258/3258 928/3259/3259
f 911/3257/3257 928/3259/3259 922/3260/3260
f 930/3261/3261 929/3262/3262 932/3263/3263
f 930/3261/3261 932/3263/3263 931/3264/3264
f 911/3265/3265 930/3266/3266 931/3267/3267
f 911/3265/3265 931/3267/3267 915/3268/3268
f 922/3269/3269 928/3270/3270 932/3271/3271
f 922/3269/3269 932/3271/3271 929/3272/3272
f 933/3273/3273 934/3274/3274 935/3275/3275
f 933/3273/3273 935/3275/3275 936/3276/3276
f 937/3277/3277 938/3278/3278 939/3279/3279
f 937/3277/3277 939/3279/3279 940/3280/3280
f 933/3281/3281 937/3282/3282 940/3283/3283
f 933/3281/3281 940/3283/3283 934/3284/3284
f 936/3285/3285 935/3286/3286 939/3287/3287
f 936/3285/3285 939/3287/3287 938/3288/3288
f 933/3289/3289 936/3290/3290 938/3291/3291
f 933/3289/3289 938/3291/3291 937/3292/3292
f 934/3293/3293 940/3294/3294 939/3295/3295
f 934/3293/3293 939/3295/3295 935/3296/3296
f 923/3297/3297 934/3298/3298 941/3299/3299
f 923/3297/3297 941/3299/3299 942/3300/3300
f 927/3301/3301 943/3302/3302 944/3303/3303
f 927/3301/3301 944/3303/3303 940/3304/3304
f 923/3305/3305 927/3306/3306 940/3307/3307
f 923/3305/3305 940/3307/3307 934/3308/3308
f 942/3309/3309 941/3310/3310 944/3311/3311
f 942/3309/3309 944/3311/3311 943/3312/3312
f 923/3313/3313 942/3314/3314 943/3315/3315
f 923/3313/3313 943/3315/3315 927/3316/3316
f 934/3317/3317 940/3318/3318 944/3319/3319
f 934/3317/3317 944/3319/3319 941/3320/3320
f 945/3321/3321 946/3322/3322 947/3323/3323
f 945/3321/3321 947/3323/3323 948/3324/3324
f 949/3325/3325 950/3326/3326 951/3327/3327
f 949/3325/3325 951/3327/3327 952/3328/3328
f 945/3329/3329 949/3330/3330 952/3331/3331
f 945/3329/3329 952/3331/3331 946/3332/3332
f 948/3333/3333 947/3334/3334 951/3335/3335
f 948/3333/3333 951/3335/3335 950/3336/3336
f 945/3337/3337 948/3338/3338 950/3339/3339
f 945/3337/3337 950/3339/3339 949/3340/3340
f 946/3341/3341 952/3342/3342 951/3343/3343
f 946/3341/3341 951/3343/3343 947/3344/3344
f 935/3345/3345 946/3346/3346 953/3347/3347
f 935/3345/3345 953/3347/3347 954/3348/3348
f 939/3349/3349 955/3350/3350 956/3351/3351
f 939/3349/3349 956/3351/3351 952/3352/3352
f 935/3353/3353 939/3354/3354 952/3355/3355
f 935/3353/3353 952/3355/3355 946/3356/3356
f 954/3357/3357 953/3358/3358 956/3359/3359
f 954/3357/3357 956/3359/3359 955/3360/3360
f 935/3361/3361 954/3362/3362 955/3363/3363
f 935/3361/3361 955/3363/3363 939/3364/3364
f 946/3365/3365 952/3366/3366 956/3367/3367
f 946/3365/3365 956/3367/3367 953/3368/3368
f 957/3369/3369 958/3370/3370 959/3371/3371
f 957/3369/3369 959/3371/3371 960/3372/3372
f 961/3373/3373 962/3374/3374 963/3375/3375
f 961/3373/3373 963/3375/3375 964/3376/3376
f 957/3377/3377 961/3378/3378 964/3379/3379
f 957/3377/3377 964/3379/3379 958/3380/3380
f 960/3381/3381 959/3382/3382 963/3383/3383
f 960/3381/3381 963/3383/3383 962/3384/3384
f 957/3385/3385 960/3386/3386 962/3387/3387
f 957/3385/3385 962/3387/3387 961/3388/3388
f 958/3389/3389 964/3390/3390 963/3391/3391
f 958/3389/3389 963/3391/3391 959/3392/3392
f 947/3393/3393 958/3394/3394 965/3395/3395
f 947/3393/3393 965/3395/3395 966/3396/3396
f 951/3397/3397 967/3398/3398 968/3399/3399
f 951/3397/3397 968/3399/3399 964/3400/3400
f 947/3401/3401 951/3402/3402 964/3403/3403
f 947/3401/3401 964/3403/3403 958/3404/3404
f 966/3405/3405 965/3406/3406 968/3407/3407
f 966/3405/3405 968/3407/3407 967/3408/3408
f 947/3409/3409 966/3410/3410 967/3411/3411
f 947/3409/3409 967/3411/3411 951/3412/3412
f 958/3413/3413 964/3414/3414 968/3415/3415
f 958/3413/3413 968/3415/3415 965/3416/3416
f 969/3417/3417 970/3418/3418 971/3419/3419
f 969/3417/3417 971/3419/3419 972/3420/3420
f 973/3421/3421 974/3422/3422 975/3423/3423
f 973/3421/3421 975/3423/3423 976/3424/3424
f 969/3425/3425 973/3426/3426 976/3427/3427
f 969/3425/3425 976/3427/3427 970/3428/3428
f 972/3429/3429 971/3430/3430 975/3431/3431
f 972/3429/3429 975/3431/3431 974/3432/3432
f 969/3433/3433 972/3434/3434 974/3435/3435
f 969/3433/3433 974/3435/3435 973/3436/3436
f 970/3437/3437 976/3438/3438 975/3439/3439
f 970/3437/3437 975/3439/3439 971/3440/3440
f 959/3441/3441 970/3442/3442 977/3443/3443
f 959/3441/3441 977/3443/3443 978/3444/3444
f 963/3445/3445 979/3446/3446 980/3447/3447
f 963/3445/3445 980/3447/3447 976/3448/3448
f 959/3449/3449 963/3450/3450 976/3451/3451
f 959/3449/3449 976/3451/3451 970/3452/3452
f 978/3453/3453 977/3454/3454 980/3455/3455
f 978/3453/3453 980/3455/3455 979/3456/3456
f 959/3457/3457 978/3458/3458 979/3459/3459
f 959/3457/3457 979/3459/3459 963/3460/3460
f 970/3461/3461 976/3462/3462 980/3463/3463
f 970/3461/3461 980/3463/3463 977/3464/3464
f 981/3465/3465 982/3466/3466 983/3467/3467
f 981/3465/3465 983/3467/3467 984/3468/3468
f 985/3469/3469 986/3470/3470 987/3471/3471
f 985/3469/3469 987/3471/3471 988/3472/3472
f 981/3473/3473 985/3474/3474 988/3475/3475
f 981/3473/3473 988/3475/3475 982/3476/3476
f 984/3477/3477 983/3478/3478 987/3479/3479
f 984/3477/3477 987/3479/3479 986/3480/3480
f 981/3481/3481 984/3482/3482 986/3483/3483
f 981/3481/3481 986/3483/3483 985/3484/3484
f 982/3485/3485 988/3486/3486 987/3487/3487
f 982/3485/3485 987/3487/3487 983/3488/3488
f 971/3489/3489 982/3490/3490 989/3491/3491
f 971/3489/3489 989/3491/3491 990/3492/3492
f 975/3493/3493 991/3494/3494 992/3495/3495
f 975/3493/3493 992/3495/3495 988/3496/3496
f 971/3497/3497 975/3498/3498 988/3499/3499
f 971/3497/3497 988/3499/3499 982/3500/3500
f 990/3501/3501 989/3502/3502 992/3503/3503
f 990/3501/3501 992/3503/3503 991/3504/3504
f 971/3505/3505 990/3506/3506 991/3507/3507
f 971/3505/3505 991/3507/3507 975/3508/3508
f 982/3509/3509 988/3510/3510 992/3511/3511
f 982/3509/3509 992/3511/3511 989/3512/3512
f 993/3513/3513 994/3514/3514 995/3515/3515
f 993/3513/3513 995/3515/3515 996/3516/3516
f 997/3517/3517 998/3518/3518 999/3519/3519
f 997/3517/3517 999/3519/3519 1000/3520/3520
f 993/3521/3521 997/3522/3522 1000/3523/3523
f 993/3521/3521 1000/3523/3523 994/3524/3524
f 996/3525/3525 995/3526/3526 999/3527/3527
f 996/3525/3525 999/3527/3527 998/3528/3528
f 993/3529/3529 996/3530/3530 998/3531/3531
f 993/3529/3529 998/3531/3531 997/3532/3532
f 994/3533/3533 1000/3534/3534 999/3535/3535
f 994/3533/3533 999/3535/3535 995/3536/3536
f 983/3537/3537 994/3538/3538 1001/3539/3539
f 983/3537/3537 1001/3539/3539 1002/3540/3540
f 987/3541/3541 1003/3542/3542 1004/3543/3543
f 987/3541/3541 1004/3543/3543 1000/3544/3544
f 983/3545/3545 987/3546/3546 1000/3547/3547
f 983/3545/3545 1000/3547/3547 994/3548/3548
f 1002/3549/3549 1001/3550/3550 1004/3551/3551
f 1002/3549/3549 1004/3551/3551 1003/3552/3552
f 983/3553/3553 1002/3554/3554 1003/3555/3555
f 983/3553/3553 1003/3555/3555 987/3556/3556
f 994/3557/3557 1000/3558/3558 1004/3559/3559
f 994/3557/3557 1004/3559/3559 1001/3560/3560
f 1005/3561/3561 1006/3562/3562 1007/3563/3563
f 1005/3561/3561 1007/3563/3563 1008/3564/3564
f 1009/3565/3565 1010/3566/3566 1011/3567/3567
f 1009/3565/3565 1011/3567/3567 1012/3568/3568
f 1005/3569/3569 1009/3570/3570 1012/3571/3571
f 1005/3569/3569 1012/3571/3571 1006/3572/3572
f 1008/3573/3573 1007/3574/3574 1011/3575/3575
f 1008/3573/3573 1011/3575/3575 1010/3576/3576
f 1005/3577/3577 1008/3578/3578 1010/3579/3579
f 1005/3577/3577 1010/3579/3579 1009/3580/3580
f 1006/3581/3581 1012/3582/3582 1011/3583/3583
f 1006/3581/3581 1011/3583/3583 1007/3584/3584
f 995/3585/3585 1006/3586/3586 1013/3587/3587
f 995/3585/3585 1013/3587/3587 1014/3588/3588
f 999/3589/3589 1015/3590/3590 1016/3591/3591
f 999/3589/3589 1016/3591/3591 1012/3592/3592
f 995/3593/3593 999/3594/3594 1012/3595/3595
f 995/3593/3593 1012/3595/3595 1006/3596/3596
f 1014/3597/3597 1013/3598/3598 1016/3599/3599
f 1014/3597/3597 1016/3599/3599 1015/3600/3600
f 995/3601/3601 1014/3602/3602 1015/3603/3603
f 995/3601/3601 1015/3603/3603 999/3604/3604
f 1006/3605/3605 1012/3606/3606 1016/3607/3607
f 1006/3605/3605 1016/3607/3607 1013/3608/3608
f 1017/3609/3609 1018/3610/3610 1019/3611/3611
f 1017/3609/3609 1019/3611/3611 1020/3612/3612
f 1021/3613/3613 1022/3614/3614 1023/3615/3615
f 1021/3613/3613 1023/3615/3615 1024/3616/3616
f 1017/3617/3617 1021/3618/3618 1024/3619/3619
f 1017/3617/3617 1024/3619/3619 1018/3620/3620
f 1020/3621/3621 1019/3622/3622 1023/3623/3623
f 1020/3621/3621 1023/3623/3623 1022/3624/3624
f 1017/3625/3625 1020/3626/3626 1022/3627/3627
f 1017/3625/3625 1022/3627/3627 1021/3628/3628
f 1018/3629/3629 1024/3630/3630 1023/3631/3631
f 1018/3629/3629 1023/3631/3631 1019/3632/3632
f 1007/3633/3633 1018/3634/3634 1025/3635/3635
f 1007/3633/3633 1025/3635/3635 1026/3636/3636
f 1011/3637/3637 1027/3638/3638 1028/3639/3639
f 1011/3637/3637 1028/3639/3639 1024/3640/3640
f 1007/3641/3641 1011/3642/3642 1024/3643/3643
f 1007/3641/3641 1024/3643/3643 1018/3644/3644
f 1026/3645/3645 1025/3646/3646 1028/3647/3647
f 1026/3645/3645 1028/3647/3647 1027/3648/3648
f 1007/3649/3649 1026/3650/3650 1027/3651/3651
f 1007/3649/3649 1027/3651/3651 1011/3652/3652
f 1018/3653/3653 1024/3654/3654 1028/3655/3655
f 1018/3653/3653 1028/3655/3655 1025/3656/3656
f 1029/3657/3657 1030/3658/3658 1031/3659/3659
f 1029/3657/3657 1031/3659/3659 1032/3660/3660
f 1033/3661/3661 1034/3662/3662 1035/3663/3663
f 1033/3661/3661 1035/3663/3663 1036/3664/3664
f 1029/3665/3665 1033/3666/3666 1036/3667/3667
f 1029/3665/3665 1036/3667/3667 1030/3668/3668
f 1032/3669/3669 1031/3670/3670 1035/3671/3671
f 1032/3669/3669 1035/3671/3671 1034/3672/3672
f 1029/3673/3673 1032/3674/3674 1034/3675/3675
f 1029/3673/3673 1034/3675/3675 1033/3676/3676
f 1030/3677/3677 1036/3678/3678 1035/3679/3679
f 1030/3677/3677 1035/3679/3679 1031/3680/3680
f 1019/3681/3681 1030/3682/3682 1037/3683/3683
f 1019/3681/3681 1037/3683/3683 1038/3684/3684
f 1023/3685/3685 1039/3686/3686 1040/3687/3687
f 1023/3685/3685 1040/3687/3687 1036/3688/3688
f 1019/3689/3689 1023/3690/3690 1036/3691/3691
f 1019/3689/3689 1036/3691/3691 1030/3692/3692
f 1038/3693/3693 1037/3694/3694 1040/3695/3695
f 1038/3693/3693 1040/3695/3695 1039/3696/3696
f 1019/3697/3697 1038/3698/3698 1039/3699/3699
f 1019/3697/3697 1039/3699/3699 1023/3700/3700
f 1030/3701/3701 1036/3702/3702 1040/3703/3703
f 1030/3701/3701 1040/3703/3703 1037/3704/3704
f 1041/3705/3705 1042/3706/3706 876/3707/3707
f 1041/3705/3705 876/3707/3707 1043/3708/3708
f 1044/3709/3709 1045/3710/3710 883/3711/3711
f 1044/3709/3709 883/3711/3711 1046/3712/3712
f 1041/3713/3713 1044/3714/3714 1046/3715/3715
f 1041/3713/3713 1046/3715/3715 1042/3716/3716
f 1043/3717/3717 876/3718/3718 883/3719/3719
f 1043/3717/3717 883/3719/3719 1045/3720/3720
f 1041/3721/3721 1043/3722/3722 1045/3723/3723
f 1041/3721/3721 1045/3723/3723 1044/3724/3724
f 1042/3725/3725 1046/3726/3726 883/3727/3727
f 1042/3725/3725 883/3727/3727 876/3728/3728
f 1031/3729/3729 1042/3730/3730 1047/3731/3731
f 1031/3729/3729 1047/3731/3731 1048/3732/3732
f 1035/3733/3733 1049/3734/3734 1050/3735/3735
f 1035/3733/3733 1050/3735/3735 1046/3736/3736
f 1031/3737/3737 1035/3738/3738 1046/3739/3739
f 1031/3737/3737 1046/3739/3739 1042/3740/3740
f 1048/3741/3741 1047/3742/3742 1050/3743/3743
f 1048/3741/3741 1050/3743/3743 1049/3744/3744
f 1031/3745/3745 1048/3746/3746 1049/3747/3747
f 1031/3745/3745 1049/3747/3747 1035/3748/3748
f 1042/3749/3749 1046/3750/3750 1050/3751/3751
f 1042/3749/3749 1050/3751/3751 1047/3752/3752
f 824/3753/3753 1051/3754/3754 1052/3755/3755
f 824/3753/3753 1052/3755/3755 1053/3756/3756
f 1054/3757/3757 1055/3758/3758 1056/3759/3759
f 1054/3757/3757 1056/3759/3759 1057/3760/3760
f 824/3761/3761 1054/3762/3762 1057/3763/3763
f 824/3761/3761 1057/3763/3763 1051/3764/3764
f 1053/3765/3765 1052/3766/3766 1056/3767/3767
f 1053/3765/3765 1056/3767/3767 1055/3768/3768
f 1058/3769/3769 1059/3770/3770 1060/3771/3771
f 1058/3769/3769 1060/3771/3771 867/3772/3772
f 1061/3773/3773 1062/3774/3774 1063/3775/3775
f 1061/3773/3773 1063/3775/3775 1064/3776/3776
f 1058/3777/3777 1061/3778/3778 1064/3779/3779
f 1058/3777/3777 1064/3779/3779 1059/3780/3780
f 867/3781/3781 1060/3782/3782 1063/3783/3783
f 867/3781/3781 1063/3783/3783 1062/3784/3784
f 824/3785/3785 1051/3786/3786 1065/3787/3787
f 824/3785/3785 1065/3787/3787 1066/3788/3788
f 1067/3789/3789 1068/3790/3790 1069/3791/3791
f 1067/3789/3789 1069/3791/3791 1070/3792/3792
f 824/3793/3793 1067/3794/3794 1070/3795/3795
f 824/3793/3793 1070/3795/3795 1051/3796/3796
f 1066/3797/3797 1065/3798/3798 1069/3799/3799
f 1066/3797/3797 1069/3799/3799 1068/3800/3800
f 1051/3801/3801 1071/3802/3802 1072/3803/3803
f 1051/3801/3801 1072/3803/3803 1073/3804/3804
f 1057/3805/3805 1074/3806/3806 1075/3807/3807
f 1057/3805/3805 1075/3807/3807 1076/3808/3808
f 1051/3809/3809 1057/3810/3810 1076/3811/3811
f 1051/3809/3809 1076/3811/3811 1071/3812/3812
f 1051/3813/3813 1073/3814/3814 1074/3815/3815
f 1051/3813/3813 1074/3815/3815 1057/3816/3816
f 1071/3817/3817 1076/3818/3818 1075/3819/3819
f 1071/3817/3817 1075/3819/3819 1072/3820/3820
f 1073/3821/3821 1072/3822/3822 1077/3823/3823
f 1073/3821/3821 1077/3823/3823 1065/3824/3824
f 1074/3825/3825 1078/3826/3826 1079/3827/3827
f 1074/3825/3825 1079/3827/3827 1075/3828/3828
f 1065/3829/3829 1077/3830/3830 1079/3831/3831
f 1065/3829/3829 1079/3831/3831 1078/3832/3832
f 1073/3833/3833 1065/3834/3834 1078/3835/3835
f 1073/3833/3833 1078/3835/3835 1074/3836/3836
f 1072/3837/3837 1075/3838/3838 1079/3839/3839
f 1072/3837/3837 1079/3839/3839 1077/3840/3840
f 1080/3841/3841 1081/3842/3842 1082/3843/3843
f 1080/3841/3841 1082/3843/3843 1083/3844/3844
f 1054/3845/3845 1084/3846/3846 1085/3847/3847
f 1054/3845/3845 1085/3847/3847 1086/3848/3848
f 1080/3849/3849 1054/3850/3850 1086/3851/3851
f 1080/3849/3849 1086/3851/3851 1081/3852/3852
f 1083/3853/3853 1082/3854/3854 1085/3855/3855
f 1083/3853/3853 1085/3855/3855 1084/3856/3856
f 1087/3857/3857 1088/3858/3858 1089/3859/3859
f 1087/3857/3857 1089/3859/3859 1090/3860/3860
f 1086/3861/3861 1085/3862/3862 1091/3863/3863
f 1086/3861/3861 1091/3863/3863 1092/3864/3864
f 1087/3865/3865 1086/3866/3866 1092/3867/3867
f 1087/3865/3865 1092/3867/3867 1088/3868/3868
f 1090/3869/3869 1089/3870/3870 1091/3871/3871
f 1090/3869/3869 1091/3871/3871 1085/3872/3872
f 1093/3873/3873 1094/3874/3874 1095/3875/3875
f 1093/3873/3873 1095/3875/3875 1096/3876/3876
f 1092/3877/3877 1091/3878/3878 1097/3879/3879
f 1092/3877/3877 1097/3879/3879 1057/3880/3880
f 1093/3881/3881 1092/3882/3882 1057/3883/3883
f 1093/3881/3881 1057/3883/3883 1094/3884/3884
f 1096/3885/3885 1095/3886/3886 1097/3887/3887
f 1096/3885/3885 1097/3887/3887 1091/3888/3888
f 1098/3889/3889 1099/3890/3890 1100/3891/3891
f 1098/3889/3889 1100/3891/3891 1101/3892/3892
f 1102/3893/3893 1103/3894/3894 1078/3895/3895
f 1102/3893/3893 1078/3895/3895 1104/3896/3896
f 1098/3897/3897 1102/3898/3898 1104/3899/3899
f 1098/3897/3897 1104/3899/3899 1099/3900/3900
f 1101/3901/3901 1100/3902/3902 1078/3903/3903
f 1101/3901/3901 1078/3903/3903 1103/3904/3904
f 1105/3905/3905 1095/3906/3906 1099/3907/3907
f 1105/3905/3905 1099/3907/3907 1106/3908/3908
f 1107/3909/3909 1108/3910/3910 1104/3911/3911
f 1107/3909/3909 1104/3911/3911 1097/3912/3912
f 1105/3913/3913 1107/3914/3914 1097/3915/3915
f 1105/3913/3913 1097/3915/3915 1095/3916/3916
f 1106/3917/3917 1099/3918/3918 1104/3919/3919
f 1106/3917/3917 1104/3919/3919 1108/3920/3920
f 1105/3921/3921 1106/3922/3922 1108/3923/3923
f 1105/3921/3921 1108/3923/3923 1107/3924/3924
f 1109/3925/3925 1056/3926/3926 1110/3927/3927
f 1109/3925/3925 1110/3927/3927 1111/3928/3928
f 1112/3929/3929 1113/3930/3930 1114/3931/3931
f 1112/3929/3929 1114/3931/3931 1115/3932/3932
f 1109/3933/3933 1112/3934/3934 1115/3935/3935
f 1109/3933/3933 1115/3935/3935 1056/3936/3936
f 1111/3937/3937 1110/3938/3938 1114/3939/3939
f 1111/3937/3937 1114/3939/3939 1113/3940/3940
f 1109/3941/3941 1111/3942/3942 1113/3943/3943
f 1109/3941/3941 1113/3943/3943 1112/3944/3944
f 1056/3945/3945 1115/3946/3946 1114/3947/3947
f 1056/3945/3945 1114/3947/3947 1110/3948/3948
f 1066/3949/3949 1116/3950/3950 1117/3951/3951
f 1066/3949/3949 1117/3951/3951 1118/3952/3952
f 1068/3953/3953 1119/3954/3954 1120/3955/3955
f 1068/3953/3953 1120/3955/3955 1121/3956/3956
f 1066/3957/3957 1068/3958/3958 1121/3959/3959
f 1066/3957/3957 1121/3959/3959 1116/3960/3960
f 1118/3961/3961 1117/3962/3962 1120/3963/3963
f 1118/3961/3961 1120/3963/3963 1119/3964/3964
f 1116/3965/3965 1122/3966/3966 1123/3967/3967
f 1116/3965/3965 1123/3967/3967 1124/3968/3968
f 1125/3969/3969 1126/3970/3970 1127/3971/3971
f 1125/3969/3969 1127/3971/3971 1128/3972/3972
f 1116/3973/3973 1125/3974/3974 1128/3975/3975
f 1116/3973/3973 1128/3975/3975 1122/3976/3976
f 1116/3977/3977 1124/3978/3978 1126/3979/3979
f 1116/3977/3977 1126/3979/3979 1125/3980/3980
f 1122/3981/3981 1128/3982/3982 1127/3983/3983
f 1122/3981/3981 1127/3983/3983 1123/3984/3984
f 1124/3985/3985 1123/3986/3986 1129/3987/3987
f 1124/3985/3985 1129/3987/3987 1117/3988/3988
f 1126/3989/3989 1130/3990/3990 1131/3991/3991
f 1126/3989/3989 1131/3991/3991 1127/3992/3992
f 1117/3993/3993 1129/3994/3994 1131/3995/3995
f 1117/3993/3993 1131/3995/3995 1130/3996/3996
f 1124/3997/3997 1117/3998/3998 1130/3999/3999
f 1124/3997/3997 1130/3999/3999 1126/4000/4000
f 1123/4001/4001 1127/4002/4002 1131/4003/4003
f 1123/4001/4001 1131/4003/4003 1129/4004/4004
f 1116/4005/4005 1077/4006/4006 1132/4007/4007
f 1116/4005/4005 1132/4007/4007 1133/4008/4008
f 1125/4009/4009 1134/4010/4010 1135/4011/4011
f 1125/4009/4009 1135/4011/4011 1079/4012/4012
f 1116/4013/4013 1125/4014/4014 1079/4015/4015
f 1116/4013/4013 1079/4015/4015 1077/4016/4016
f 1133/4017/4017 1132/4018/4018 1135/4019/4019
f 1133/4017/4017 1135/4019/4019 1134/4020/4020
f 1116/4021/4021 1133/4022/4022 1134/4023/4023
f 1116/4021/4021 1134/4023/4023 1125/4024/4024
f 1077/4025/4025 1079/4026/4026 1135/4027/4027
f 1077/4025/4025 1135/4027/4027 1132/4028/4028
f 1101/4029/4029 1136/4030/4030 1137/4031/4031
f 1101/4029/4029 1137/4031/4031 1138/4032/4032
f 1103/4033/4033 1139/4034/4034 1140/4035/4035
f 1103/4033/4033 1140/4035/4035 1141/4036/4036
f 1101/4037/4037 1103/4038/4038 1141/4039/4039
f 1101/4037/4037 1141/4039/4039 1136/4040/4040
f 1138/4041/4041 1137/4042/4042 1140/4043/4043
f 1138/4041/4041 1140/4043/4043 1139/4044/4044
f 1142/4045/4045 1143/4046/4046 1144/4047/4047
f 1142/4045/4045 1144/4047/4047 1145/4048/4048
f 1141/4049/4049 1140/4050/4050 1146/4051/4051
f 1141/4049/4049 1146/4051/4051 1147/4052/4052
f 1142/4053/4053 1141/4054/4054 1147/4055/4055
f 1142/4053/4053 1147/4055/4055 1143/4056/4056
f 1145/4057/4057 1144/4058/4058 1146/4059/4059
f 1145/4057/4057 1146/4059/4059 1140/4060/4060
f 1148/4061/4061 1149/4062/4062 1150/4063/4063
f 1148/4061/4061 1150/4063/4063 1151/4064/4064
f 1147/4065/4065 1146/4066/4066 1152/4067/4067
f 1147/4065/4065 1152/4067/4067 1125/4068/4068
f 1148/4069/4069 1147/4070/4070 1125/4071/4071
f 1148/4069/4069 1125/4071/4071 1149/4072/4072
f 1151/4073/4073 1150/4074/4074 1152/4075/4075
f 1151/4073/4073 1152/4075/4075 1146/4076/4076
f 1153/4077/4077 1154/4078/4078 1155/4079/4079
f 1153/4077/4077 1155/4079/4079 1156/4080/4080
f 1157/4081/4081 1158/4082/4082 1130/4083/4083
f 1157/4081/4081 1130/4083/4083 1159/4084/4084
f 1153/4085/4085 1157/4086/4086 1159/4087/4087
f 1153/4085/4085 1159/4087/4087 1154/4088/4088
f 1156/4089/4089 1155/4090/4090 1130/4091/4091
f 1156/4089/4089 1130/4091/4091 1158/4092/4092
f 1160/4093/4093 1150/4094/4094 1154/4095/4095
f 1160/4093/4093 1154/4095/4095 1161/4096/4096
f 1162/4097/4097 1163/4098/4098 1159/4099/4099
f 1162/4097/4097 1159/4099/4099 1152/4100/4100
f 1160/4101/4101 1162/4102/4102 1152/4103/4103
f 1160/4101/4101 1152/4103/4103 1150/4104/4104
f 1161/4105/4105 1154/4106/4106 1159/4107/4107
f 1161/4105/4105 1159/4107/4107 1163/4108/4108
f 1160/4109/4109 1161/4110/4110 1163/4111/4111
f 1160/4109/4109 1163/4111/4111 1162/4112/4112
f 1164/4113/4113 1165/4114/4114 1166/4115/4115
f 1164/4113/4113 1166/4115/4115 1167/4116/4116
f 1168/4117/4117 1169/4118/4118 1170/4119/4119
f 1168/4117/4117 1170/4119/4119 1171/4120/4120
f 1164/4121/4121 1168/4122/4122 1171/4123/4123
f 1164/4121/4121 1171/4123/4123 1165/4124/4124
f 1167/4125/4125 1166/4126/4126 1170/4127/4127
f 1167/4125/4125 1170/4127/4127 1169/4128/4128
f 1164/4129/4129 1167/4130/4130 1169/4131/4131
f 1164/4129/4129 1169/4131/4131 1168/4132/4132
f 1165/4133/4133 1171/4134/4134 1170/4135/4135
f 1165/4133/4133 1170/4135/4135 1166/4136/4136
f 1118/4137/4137 1172/4138/4138 1173/4139/4139
f 1118/4137/4137 1173/4139/4139 870/4140/4140
f 1119/4141/4141 1174/4142/4142 1175/4143/4143
f 1119/4141/4141 1175/4143/4143 1176/4144/4144
f 1118/4145/4145 1119/4146/4146 1176/4147/4147
f 1118/4145/4145 1176/4147/4147 1172/4148/4148
f 870/4149/4149 1173/4150/4150 1175/4151/4151
f 870/4149/4149 1175/4151/4151 1174/4152/4152
f 1172/4153/4153 1177/4154/4154 1178/4155/4155
f 1172/4153/4153 1178/4155/4155 1179/4156/4156
f 1180/4157/4157 1181/4158/4158 1182/4159/4159
f 1180/4157/4157 1182/4159/4159 1183/4160/4160
f 1172/4161/4161 1180/4162/4162 1183/4163/4163
f 1172/4161/4161 1183/4163/4163 1177/4164/4164
f 1172/4165/4165 1179/4166/4166 1181/4167/4167
f 1172/4165/4165 1181/4167/4167 1180/4168/4168
f 1177/4169/4169 1183/4170/4170 1182/4171/4171
f 1177/4169/4169 1182/4171/4171 1178/4172/4172
f 1179/4173/4173 1178/4174/4174 1184/4175/4175
f 1179/4173/4173 1184/4175/4175 1173/4176/4176
f 1181/4177/4177 1185/4178/4178 1186/4179/4179
f 1181/4177/4177 1186/4179/4179 1182/4180/4180
f 1173/4181/4181 1184/4182/4182 1186/4183/4183
f 1173/4181/4181 1186/4183/4183 1185/4184/4184
f 1179/4185/4185 1173/4186/4186 1185/4187/4187
f 1179/4185/4185 1185/4187/4187 1181/4188/4188
f 1178/4189/4189 1182/4190/4190 1186/4191/4191
f 1178/4189/4189 1186/4191/4191 1184/4192/4192
f 1117/4193/4193 1177/4194/4194 1187/4195/4195
f 1117/4193/4193 1187/4195/4195 1188/4196/4196
f 1130/4197/4197 1189/4198/4198 1190/4199/4199
f 1130/4197/4197 1190/4199/4199 1183/4200/4200
f 1117/4201/4201 1130/4202/4202 1183/4203/4203
f 1117/4201/4201 1183/4203/4203 1177/4204/4204
f 1188/4205/4205 1187/4206/4206 1190/4207/4207
f 1188/4205/4205 1190/4207/4207 1189/4208/4208
f 1117/4209/4209 1188/4210/4210 1189/4211/4211
f 1117/4209/4209 1189/4211/4211 1130/4212/4212
f 1177/4213/4213 1183/4214/4214 1190/4215/4215
f 1177/4213/4213 1190/4215/4215 1187/4216/4216
f 1156/4217/4217 1191/4218/4218 1192/4219/4219
f 1156/4217/4217 1192/4219/4219 1193/4220/4220
f 1158/4221/4221 1194/4222/4222 1195/4223/4223
f 1158/4221/4221 1195/4223/4223 1196/4224/4224
f 1156/4225/4225 1158/4226/4226 1196/4227/4227
f 1156/4225/4225 1196/4227/4227 1191/4228/4228
f 1193/4229/4229 1192/4230/4230 1195/4231/4231
f 1193/4229/4229 1195/4231/4231 1194/4232/4232
f 1197/4233/4233 1198/4234/4234 1199/4235/4235
f 1197/4233/4233 1199/4235/4235 1200/4236/4236
f 1196/4237/4237 1195/4238/4238 1201/4239/4239
f 1196/4237/4237 1201/4239/4239 1202/4240/4240
f 1197/4241/4241 1196/4242/4242 1202/4243/4243
f 1197/4241/4241 1202/4243/4243 1198/4244/4244
f 1200/4245/4245 1199/4246/4246 1201/4247/4247
f 1200/4245/4245 1201/4247/4247 1195/4248/4248
f 1203/4249/4249 1204/4250/4250 1205/4251/4251
f 1203/4249/4249 1205/4251/4251 1206/4252/4252
f 1202/4253/4253 1201/4254/4254 1207/4255/4255
f 1202/4253/4253 1207/4255/4255 1180/4256/4256
f 1203/4257/4257 1202/4258/4258 1180/4259/4259
f 1203/4257/4257 1180/4259/4259 1204/4260/4260
f 1206/4261/4261 1205/4262/4262 1207/4263/4263
f 1206/4261/4261 1207/4263/4263 1201/4264/4264
f 1208/4265/4265 1209/4266/4266 1210/4267/4267
f 1208/4265/4265 1210/4267/4267 1211/4268/4268
f 1212/4269/4269 1213/4270/4270 1185/4271/4271
f 1212/4269/4269 1185/4271/4271 1214/4272/4272
f 1208/4273/4273 1212/4274/4274 1214/4275/4275
f 1208/4273/4273 1214/4275/4275 1209/4276/4276
f 1211/4277/4277 1210/4278/4278 1185/4279/4279
f 1211/4277/4277 1185/4279/4279 1213/4280/4280
f 1215/4281/4281 1205/4282/4282 1209/4283/4283
f 1215/4281/4281 1209/4283/4283 1216/4284/4284
f 1217/4285/4285 1218/4286/4286 1214/4287/4287
f 1217/4285/4285 1214/4287/4287 1207/4288/4288
f 1215/4289/4289 1217/4290/4290 1207/4291/4291
f 1215/4289/4289 1207/4291/4291 1205/4292/4292
f 1216/4293/4293 1209/4294/4294 1214/4295/4295
f 1216/4293/4293 1214/4295/4295 1218/4296/4296
f 1215/4297/4297 1216/4298/4298 1218/4299/4299
f 1215/4297/4297 1218/4299/4299 1217/4300/4300
f 1219/4301/4301 1220/4302/4302 1221/4303/4303
f 1219/4301/4301 1221/4303/4303 1222/4304/4304
f 1223/4305/4305 1224/4306/4306 1225/4307/4307
f 1223/4305/4305 1225/4307/4307 1226/4308/4308
f 1219/4309/4309 1223/4310/4310 1226/4311/4311
f 1219/4309/4309 1226/4311/4311 1220/4312/4312
f 1222/4313/4313 1221/4314/4314 1225/4315/4315
f 1222/4313/4313 1225/4315/4315 1224/4316/4316
f 1219/4317/4317 1222/4318/4318 1224/4319/4319
f 1219/4317/4317 1224/4319/4319 1223/4320/4320
f 1220/4321/4321 1226/4322/4322 1225/4323/4323
f 1220/4321/4321 1225/4323/4323 1221/4324/4324
f 870/4325/4325 1227/4326/4326 1228/4327/4327
f 870/4325/4325 1228/4327/4327 1229/4328/4328
f 1174/4329/4329 1230/4330/4330 1231/4331/4331
f 1174/4329/4329 1231/4331/4331 1232/4332/4332
f 870/4333/4333 1174/4334/4334 1232/4335/4335
f 870/4333/4333 1232/4335/4335 1227/4336/4336
f 1229/4337/4337 1228/4338/4338 1231/4339/4339
f 1229/4337/4337 1231/4339/4339 1230/4340/4340
f 1227/4341/4341 1233/4342/4342 1234/4343/4343
f 1227/4341/4341 1234/4343/4343 1235/4344/4344
f 1236/4345/4345 1237/4346/4346 1238/4347/4347
f 1236/4345/4345 1238/4347/4347 1239/4348/4348
f 1227/4349/4349 1236/4350/4350 1239/4351/4351
f 1227/4349/4349 1239/4351/4351 1233/4352/4352
f 1227/4353/4353 1235/4354/4354 1237/4355/4355
f 1227/4353/4353 1237/4355/4355 1236/4356/4356
f 1233/4357/4357 1239/4358/4358 1238/4359/4359
f 1233/4357/4357 1238/4359/4359 1234/4360/4360
f 1235/4361/4361 1234/4362/4362 1240/4363/4363
f 1235/4361/4361 1240/4363/4363 1228/4364/4364
f 1237/4365/4365 1241/4366/4366 1242/4367/4367
f 1237/4365/4365 1242/4367/4367 1238/4368/4368
f 1228/4369/4369 1240/4370/4370 1242/4371/4371
f 1228/4369/4369 1242/4371/4371 1241/4372/4372
f 1235/4373/4373 1228/4374/4374 1241/4375/4375
f 1235/4373/4373 1241/4375/4375 1237/4376/4376
f 1234/4377/4377 1238/4378/4378 1242/4379/4379
f 1234/4377/4377 1242/4379/4379 1240/4380/4380
f 1227/4381/4381 1184/4382/4382 1243/4383/4383
f 1227/4381/4381 1243/4383/4383 1244/4384/4384
f 1236/4385/4385 1245/4386/4386 1246/4387/4387
f 1236/4385/4385 1246/4387/4387 1186/4388/4388
f 1227/4389/4389 1236/4390/4390 1186/4391/4391
f 1227/4389/4389 1186/4391/4391 1184/4392/4392
f 1244/4393/4393 1243/4394/4394 1246/4395/4395
f 1244/4393/4393 1246/4395/4395 1245/4396/4396
f 1227/4397/4397 1244/4398/4398 1245/4399/4399
f 1227/4397/4397 1245/4399/4399 1236/4400/4400
f 1184/4401/4401 1186/4402/4402 1246/4403/4403
f 1184/4401/4401 1246/4403/4403 1243/4404/4404
f 1211/4405/4405 1247/4406/4406 1248/4407/4407
f 1211/4405/4405 1248/4407/4407 1249/4408/4408
f 1213/4409/4409 1250/4410/4410 1251/4411/4411
f 1213/4409/4409 1251/4411/4411 1252/4412/4412
f 1211/4413/4413 1213/4414/4414 1252/4415/4415
f 1211/4413/4413 1252/4415/4415 1247/4416/4416
f 1249/4417/4417 1248/4418/4418 1251/4419/4419
f 1249/4417/4417 1251/4419/4419 1250/4420/4420
f 1253/4421/4421 1254/4422/4422 1255/4423/4423
f 1253/4421/4421 1255/4423/4423 1256/4424/4424
f 1252/4425/4425 1251/4426/4426 1257/4427/4427
f 1252/4425/4425 1257/4427/4427 1258/4428/4428
f 1253/4429/4429 1252/4430/4430 1258/4431/4431
f 1253/4429/4429 1258/4431/4431 1254/4432/4432
f 1256/4433/4433 1255/4434/4434 1257/4435/4435
f 1256/4433/4433 1257/4435/4435 1251/4436/4436
f 1259/4437/4437 1260/4438/4438 1261/4439/4439
f 1259/4437/4437 1261/4439/4439 1262/4440/4440
f 1258/4441/4441 1257/4442/4442 1263/4443/4443
f 1258/4441/4441 1263/4443/4443 1236/4444/4444
f 1259/4445/4445 1258/4446/4446 1236/4447/4447
f 1259/4445/4445 1236/4447/4447 1260/4448/4448
f 1262/4449/4449 1261/4450/4450 1263/4451/4451
f 1262/4449/4449 1263/4451/4451 1257/4452/4452
f 1264/4453/4453 1265/4454/4454 1266/4455/4455
f 1264/4453/4453 1266/4455/4455 1267/4456/4456
f 1268/4457/4457 1269/4458/4458 1241/4459/4459
f 1268/4457/4457 1241/4459/4459 1270/4460/4460
f 1264/4461/4461 1268/4462/4462 1270/4463/4463
f 1264/4461/4461 1270/4463/4463 1265/4464/4464
f 1267/4465/4465 1266/4466/4466 1241/4467/4467
f 1267/4465/4465 1241/4467/4467 1269/4468/4468
f 1271/4469/4469 1261/4470/4470 1265/4471/4471
f 1271/4469/4469 1265/4471/4471 1272/4472/4472
f 1273/4473/4473 1274/4474/4474 1270/4475/4475
f 1273/4473/4473 1270/4475/4475 1263/4476/4476
f 1271/4477/4477 1273/4478/4478 1263/4479/4479
f 1271/4477/4477 1263/4479/4479 1261/4480/4480
f 1272/4481/4481 1265/4482/4482 1270/4483/4483
f 1272/4481/4481 1270/4483/4483 1274/4484/4484
f 1271/4485/4485 1272/4486/4486 1274/4487/4487
f 1271/4485/4485 1274/4487/4487 1273/4488/4488
f 1275/4489/4489 1276/4490/4490 1277/4491/4491
f 1275/4489/4489 1277/4491/4491 1278/4492/4492
f 1279/4493/4493 1280/4494/4494 1281/4495/4495
f 1279/4493/4493 1281/4495/4495 1282/4496/4496
f 1275/4497/4497 1279/4498/4498 1282/4499/4499
f 1275/4497/4497 1282/4499/4499 1276/4500/4500
f 1278/4501/4501 1277/4502/4502 1281/4503/4503
f 1278/4501/4501 1281/4503/4503 1280/4504/4504
f 1275/4505/4505 1278/4506/4506 1280/4507/4507
f 1275/4505/4505 1280/4507/4507 1279/4508/4508
f 1276/4509/4509 1282/4510/4510 1281/4511/4511
f 1276/4509/4509 1281/4511/4511 1277/4512/4512
f 1229/4513/4513 1283/4514/4514 1284/4515/4515
f 1229/4513/4513 1284/4515/4515 1285/4516/4516
f 1230/4517/4517 1286/4518/4518 1287/4519/4519
f 1230/4517/4517 1287/4519/4519 1288/4520/4520
f 1229/4521/4521 1230/4522/4522 1288/4523/4523
f 1229/4521/4521 1288/4523/4523 1283/4524/4524
f 1285/4525/4525 1284/4526/4526 1287/4527/4527
f 1285/4525/4525 1287/4527/4527 1286/4528/4528
f 1283/4529/4529 1289/4530/4530 1290/4531/4531
f 1283/4529/4529 1290/4531/4531 1291/4532/4532
f 1292/4533/4533 1293/4534/4534 1294/4535/4535
f 1292/4533/4533 1294/4535/4535 1295/4536/4536
f 1283/4537/4537 1292/4538/4538 1295/4539/4539
f 1283/4537/4537 1295/4539/4539 1289/4540/4540
f 1283/4541/4541 1291/4542/4542 1293/4543/4543
f 1283/4541/4541 1293/4543/4543 1292/4544/4544
f 1289/4545/4545 1295/4546/4546 1294/4547/4547
f 1289/4545/4545 1294/4547/4547 1290/4548/4548
f 1291/4549/4549 1290/4550/4550 1296/4551/4551
f 1291/4549/4549 1296/4551/4551 1284/4552/4552
f 1293/4553/4553 1297/4554/4554 1298/4555/4555
f 1293/4553/4553 1298/4555/4555 1294/4556/4556
f 1284/4557/4557 1296/4558/4558 1298/4559/4559
f 1284/4557/4557 1298/4559/4559 1297/4560/4560
f 1291/4561/4561 1284/4562/4562 1297/4563/4563
f 1291/4561/4561 1297/4563/4563 1293/4564/4564
f 1290/4565/4565 1294/4566/4566 1298/4567/4567
f 1290/4565/4565 1298/4567/4567 1296/4568/4568
f 1228/4569/4569 1289/4570/4570 1299/4571/4571
f 1228/4569/4569 1299/4571/4571 1300/4572/4572
f 1241/4573/4573 1301/4574/4574 1302/4575/4575
f 1241/4573/4573 1302/4575/4575 1295/4576/4576
f 1228/4577/4577 1241/4578/4578 1295/4579/4579
f 1228/4577/4577 1295/4579/4579 1289/4580/4580
f 1300/4581/4581 1299/4582/4582 1302/4583/4583
f 1300/4581/4581 1302/4583/4583 1301/4584/4584
f 1228/4585/4585 1300/4586/4586 1301/4587/4587
f 1228/4585/4585 1301/4587/4587 1241/4588/4588
f 1289/4589/4589 1295/4590/4590 1302/4591/4591
f 1289/4589/4589 1302/4591/4591 1299/4592/4592
f 1267/4593/4593 1303/4594/4594 1304/4595/4595
f 1267/4593/4593 1304/4595/4595 1305/4596/4596
f 1269/4597/4597 1306/4598/4598 1307/4599/4599
f 1269/4597/4597 1307/4599/4599 1308/4600/4600
f 1267/4601/4601 1269/4602/4602 1308/4603/4603
f 1267/4601/4601 1308/4603/4603 1303/4604/4604
f 1305/4605/4605 1304/4606/4606 1307/4607/4607
f 1305/4605/4605 1307/4607/4607 1306/4608/4608
f 1309/4609/4609 1310/4610/4610 1311/4611/4611
f 1309/4609/4609 1311/4611/4611 1312/4612/4612
f 1308/4613/4613 1307/4614/4614 1313/4615/4615
f 1308/4613/4613 1313/4615/4615 1314/4616/4616
f 1309/4617/4617 1308/4618/4618 1314/4619/4619
f 1309/4617/4617 1314/4619/4619 1310/4620/4620
f 1312/4621/4621 1311/4622/4622 1313/4623/4623
f 1312/4621/4621 1313/4623/4623 1307/4624/4624
f 1315/4625/4625 1316/4626/4626 1317/4627/4627
f 1315/4625/4625 1317/4627/4627 1318/4628/4628
f 1314/4629/4629 1313/4630/4630 1319/4631/4631
f 1314/4629/4629 1319/4631/4631 1292/4632/4632
f 1315/4633/4633 1314/4634/4634 1292/4635/4635
f 1315/4633/4633 1292/4635/4635 1316/4636/4636
f 1318/4637/4637 1317/4638/4638 1319/4639/4639
f 1318/4637/4637 1319/4639/4639 1313/4640/4640
f 1320/4641/4641 1321/4642/4642 1322/4643/4643
f 1320/4641/4641 1322/4643/4643 1323/4644/4644
f 1324/4645/4645 1325/4646/4646 1297/4647/4647
f 1324/4645/4645 1297/4647/4647 1326/4648/4648
f 1320/4649/4649 1324/4650/4650 1326/4651/4651
f 1320/4649/4649 1326/4651/4651 1321/4652/4652
f 1323/4653/4653 1322/4654/4654 1297/4655/4655
f 1323/4653/4653 1297/4655/4655 1325/4656/4656
f 1327/4657/4657 1317/4658/4658 1321/4659/4659
f 1327/4657/4657 1321/4659/4659 1328/4660/4660
f 1329/4661/4661 1330/4662/4662 1326/4663/4663
f 1329/4661/4661 1326/4663/4663 1319/4664/4664
f 1327/4665/4665 1329/4666/4666 1319/4667/4667
f 1327/4665/4665 1319/4667/4667 1317/4668/4668
f 1328/4669/4669 1321/4670/4670 1326/4671/4671
f 1328/4669/4669 1326/4671/4671 1330/4672/4672
f 1327/4673/4673 1328/4674/4674 1330/4675/4675
f 1327/4673/4673 1330/4675/4675 1329/4676/4676
f 1331/4677/4677 1332/4678/4678 1333/4679/4679
f 1331/4677/4677 1333/4679/4679 1334/4680/4680
f 1335/4681/4681 1336/4682/4682 1337/4683/4683
f 1335/4681/4681 1337/4683/4683 1338/4684/4684
f 1331/4685/4685 1335/4686/4686 1338/4687/4687
f 1331/4685/4685 1338/4687/4687 1332/4688/4688
f 1334/4689/4689 1333/4690/4690 1337/4691/4691
f 1334/4689/4689 1337/4691/4691 1336/4692/4692
f 1331/4693/4693 1334/4694/4694 1336/4695/4695
f 1331/4693/4693 1336/4695/4695 1335/4696/4696
f 1332/4697/4697 1338/4698/4698 1337/4699/4699
f 1332/4697/4697 1337/4699/4699 1333/4700/4700
f 1285/4701/4701 1284/4702/4702 1060/4703/4703
f 1285/4701/4701 1060/4703/4703 867/4704/4704
f 1286/4705/4705 1339/4706/4706 1340/4707/4707
f 1286/4705/4705 1340/4707/4707 1287/4708/4708
f 1285/4709/4709 1286/4710/4710 1287/4711/4711
f 1285/4709/4709 1287/4711/4711 1284/4712/4712
f 867/4713/4713 1060/4714/4714 1340/4715/4715
f 867/4713/4713 1340/4715/4715 1339/4716/4716
f 1284/4717/4717 1296/4718/4718 1341/4719/4719
f 1284/4717/4717 1341/4719/4719 1342/4720/4720
f 1297/4721/4721 1343/4722/4722 1344/4723/4723
f 1297/4721/4721 1344/4723/4723 1298/4724/4724
f 1284/4725/4725 1297/4726/4726 1298/4727/4727
f 1284/4725/4725 1298/4727/4727 1296/4728/4728
f 1284/4729/4729 1342/4730/4730 1343/4731/4731
f 1284/4729/4729 1343/4731/4731 1297/4732/4732
f 1296/4733/4733 1298/4734/4734 1344/4735/4735
f 1296/4733/4733 1344/4735/4735 1341/4736/4736
f 1342/4737/4737 1341/4738/4738 1345/4739/4739
f 1342/4737/4737 1345/4739/4739 1060/4740/4740
f 1343/4741/4741 1063/4742/4742 1346/4743/4743
f 1343/4741/4741 1346/4743/4743 1344/4744/4744
f 1060/4745/4745 1345/4746/4746 1346/4747/4747
f 1060/4745/4745 1346/4747/4747 1063/4748/4748
f 1342/4749/4749 1060/4750/4750 1063/4751/4751
f 1342/4749/4749 1063/4751/4751 1343/4752/4752
f 1341/4753/4753 1344/4754/4754 1346/4755/4755
f 1341/4753/4753 1346/4755/4755 1345/4756/4756
f 1323/4757/4757 1347/4758/4758 1348/4759/4759
f 1323/4757/4757 1348/4759/4759 1349/4760/4760
f 1325/4761/4761 1350/4762/4762 1351/4763/4763
f 1325/4761/4761 1351/4763/4763 1352/4764/4764
f 1323/4765/4765 1325/4766/4766 1352/4767/4767
f 1323/4765/4765 1352/4767/4767 1347/4768/4768
f 1349/4769/4769 1348/4770/4770 1351/4771/4771
f 1349/4769/4769 1351/4771/4771 1350/4772/4772
f 1353/4773/4773 1354/4774/4774 1355/4775/4775
f 1353/4773/4773 1355/4775/4775 1356/4776/4776
f 1352/4777/4777 1351/4778/4778 1357/4779/4779
f 1352/4777/4777 1357/4779/4779 1358/4780/4780
f 1353/4781/4781 1352/4782/4782 1358/4783/4783
f 1353/4781/4781 1358/4783/4783 1354/4784/4784
f 1356/4785/4785 1355/4786/4786 1357/4787/4787
f 1356/4785/4785 1357/4787/4787 1351/4788/4788
f 1359/4789/4789 1322/4790/4790 1360/4791/4791
f 1359/4789/4789 1360/4791/4791 1361/4792/4792
f 1358/4793/4793 1357/4794/4794 1362/4795/4795
f 1358/4793/4793 1362/4795/4795 1297/4796/4796
f 1359/4797/4797 1358/4798/4798 1297/4799/4799
f 1359/4797/4797 1297/4799/4799 1322/4800/4800
f 1361/4801/4801 1360/4802/4802 1362/4803/4803
f 1361/4801/4801 1362/4803/4803 1357/4804/4804
f 1363/4805/4805 1364/4806/4806 1365/4807/4807
f 1363/4805/4805 1365/4807/4807 1366/4808/4808
f 1367/4809/4809 1062/4810/4810 1063/4811/4811
f 1367/4809/4809 1063/4811/4811 1368/4812/4812
f 1363/4813/4813 1367/4814/4814 1368/4815/4815
f 1363/4813/4813 1368/4815/4815 1364/4816/4816
f 1366/4817/4817 1365/4818/4818 1063/4819/4819
f 1366/4817/4817 1063/4819/4819 1062/4820/4820
f 1369/4821/4821 1360/4822/4822 1364/4823/4823
f 1369/4821/4821 1364/4823/4823 1370/4824/4824
f 1371/4825/4825 1372/4826/4826 1368/4827/4827
f 1371/4825/4825 1368/4827/4827 1362/4828/4828
f 1369/4829/4829 1371/4830/4830 1362/4831/4831
f 1369/4829/4829 1362/4831/4831 1360/4832/4832
f 1370/4833/4833 1364/4834/4834 1368/4835/4835
f 1370/4833/4833 1368/4835/4835 1372/4836/4836
f 1369/4837/4837 1370/4838/4838 1372/4839/4839
f 1369/4837/4837 1372/4839/4839 1371/4840/4840
f 1373/4841/4841 1374/4842/4842 1064/4843/4843
f 1373/4841/4841 1064/4843/4843 1375/4844/4844
f 1376/4845/4845 1377/4846/4846 1378/4847/4847
f 1376/4845/4845 1378/4847/4847 1379/4848/4848
f 1373/4849/4849 1376/4850/4850 1379/4851/4851
f 1373/4849/4849 1379/4851/4851 1374/4852/4852
f 1375/4853/4853 1064/4854/4854 1378/4855/4855
f 1375/4853/4853 1378/4855/4855 1377/4856/4856
f 1373/4857/4857 1375/4858/4858 1377/4859/4859
f 1373/4857/4857 1377/4859/4859 1376/4860/4860
f 1374/4861/4861 1379/4862/4862 1378/4863/4863
f 1374/4861/4861 1378/4863/4863 1064/4864/4864
f 1380/4865/4865 1381/4866/4866 1382/4867/4867
f 1380/4865/4865 1382/4867/4867 1383/4868/4868
f 1384/4869/4869 1385/4870/4870 1386/4871/4871
f 1384/4869/4869 1386/4871/4871 1387/4872/4872
f 1380/4873/4873 1384/4874/4874 1387/4875/4875
f 1380/4873/4873 1387/4875/4875 1381/4876/4876
f 1380/4877/4877 1383/4878/4878 1385/4879/4879
f 1380/4877/4877 1385/4879/4879 1384/4880/4880
f 1381/4881/4881 1387/4882/4882 1386/4883/4883
f 1381/4881/4881 1386/4883/4883 1382/4884/4884
f 1383/4885/4885 1382/4886/4886 1388/4887/4887
f 1383/4885/4885 1388/4887/4887 1389/4888/4888
f 1385/4889/4889 1390/4890/4890 1391/4891/4891
f 1385/4889/4889 1391/4891/4891 1386/4892/4892
f 1383/4893/4893 1389/4894/4894 1390/4895/4895
f 1383/4893/4893 1390/4895/4895 1385/4896/4896
f 1382/4897/4897 1386/4898/4898 1391/4899/4899
f 1382/4897/4897 1391/4899/4899 1388/4900/4900
f 1389/4901/4901 1388/4902/4902 1392/4903/4903
f 1389/4901/4901 1392/4903/4903 1393/4904/4904
f 1390/4905/4905 1394/4906/4906 1395/4907/4907
f 1390/4905/4905 1395/4907/4907 1391/4908/4908
f 1389/4909/4909 1393/4910/4910 1394/4911/4911
f 1389/4909/4909 1394/4911/4911 1390/4912/4912
f 1388/4913/4913 1391/4914/4914 1395/4915/4915
f 1388/4913/4913 1395/4915/4915 1392/4916/4916
f 1393/4917/4917 1392/4918/4918 1396/4919/4919
f 1393/4917/4917 1396/4919/4919 1397/4920/4920
f 1394/4921/4921 1398/4922/4922 1399/4923/4923
f 1394/4921/4921 1399/4923/4923 1395/4924/4924
f 1393/4925/4925 1397/4926/4926 1398/4927/4927
f 1393/4925/4925 1398/4927/4927 1394/4928/4928
f 1392/4929/4929 1395/4930/4930 1399/4931/4931
f 1392/4929/4929 1399/4931/4931 1396/4932/4932
f 1397/4933/4933 1396/4934/4934 1400/4935/4935
f 1397/4933/4933 1400/4935/4935 1401/4936/4936
f 1398/4937/4937 1402/4938/4938 1403/4939/4939
f 1398/4937/4937 1403/4939/4939 1399/4940/4940
f 1401/4941/4941 1400/4942/4942 1403/4943/4943
f 1401/4941/4941 1403/4943/4943 1402/4944/4944
f 1397/4945/4945 1401/4946/4946 1402/4947/4947
f 1397/4945/4945 1402/4947/4947 1398/4948/4948
f 1396/4949/4949 1399/4950/4950 1403/4951/4951
f 1396/4949/4949 1403/4951/4951 1400/4952/4952
