mtllib TorusAgri_GreenhouseA.mtl
o TorusAgri_GreenhouseA
usemtl TorusAgricultureKit
s off
v -0.750000 0.000000 -1.000000
v 0.750000 0.000000 -1.000000
v 0.750000 0.020000 -1.000000
v -0.750000 0.020000 -1.000000
v -0.750000 0.000000 1.000000
v 0.750000 0.000000 1.000000
v 0.750000 0.020000 1.000000
v -0.750000 0.020000 1.000000
v -0.715000 0.000000 -1.000000
v -0.715000 0.750000 -1.000000
v -0.750000 0.750000 -1.000000
v -0.715000 0.000000 1.000000
v -0.715000 0.750000 1.000000
v -0.750000 0.750000 1.000000
v 0.715000 0.000000 -1.000000
v 0.750000 0.750000 -1.000000
v 0.715000 0.750000 -1.000000
v 0.715000 0.000000 1.000000
v 0.750000 0.750000 1.000000
v 0.715000 0.750000 1.000000
v -0.715000 0.000000 -0.965000
v 0.715000 0.000000 -0.965000
v 0.715000 0.750000 -0.965000
v -0.715000 0.750000 -0.965000
v -0.715000 0.000000 0.965000
v -0.300000 0.000000 0.965000
v -0.300000 0.750000 0.965000
v -0.715000 0.750000 0.965000
v -0.300000 0.000000 1.000000
v -0.300000 0.750000 1.000000
v 0.300000 0.000000 0.965000
v 0.715000 0.000000 0.965000
v 0.715000 0.750000 0.965000
v 0.300000 0.750000 0.965000
v 0.300000 0.000000 1.000000
v 0.300000 0.750000 1.000000
v -0.300000 0.650000 0.965000
v 0.300000 0.650000 0.965000
v -0.300000 0.650000 1.000000
v 0.300000 0.650000 1.000000
v -0.722500 0.020000 -0.977500
v -0.692500 0.020000 -0.977500
v -0.692500 0.745000 -0.977500
v -0.722500 0.745000 -0.977500
v -0.722500 0.020000 -0.947500
v -0.692500 0.020000 -0.947500
v -0.692500 0.745000 -0.947500
v -0.722500 0.745000 -0.947500
v -0.713330 0.766500 -0.980000
v -0.701670 0.733500 -0.980000
v -0.701670 0.733500 -0.945000
v -0.713330 0.766500 -0.945000
v -0.005830 1.016500 -0.980000
v -0.005830 1.016500 -0.945000
v 0.005830 0.983500 -0.945000
v 0.005830 0.983500 -0.980000
v 0.692500 0.020000 -0.977500
v 0.722500 0.020000 -0.977500
v 0.722500 0.745000 -0.977500
v 0.692500 0.745000 -0.977500
v 0.692500 0.020000 -0.947500
v 0.722500 0.020000 -0.947500
v 0.722500 0.745000 -0.947500
v 0.692500 0.745000 -0.947500
v 0.713330 0.766500 -0.945000
v 0.701670 0.733500 -0.945000
v 0.701670 0.733500 -0.980000
v 0.713330 0.766500 -0.980000
v 0.005830 1.016500 -0.945000
v 0.005830 1.016500 -0.980000
v -0.005830 0.983500 -0.980000
v -0.005830 0.983500 -0.945000
v -0.015000 0.985000 -0.987500
v 0.015000 0.985000 -0.987500
v 0.015000 1.015000 -0.987500
v -0.015000 1.015000 -0.987500
v -0.015000 0.985000 -0.937500
v 0.015000 0.985000 -0.937500
v 0.015000 1.015000 -0.937500
v -0.015000 1.015000 -0.937500
v -0.722500 0.020000 -0.340000
v -0.692500 0.020000 -0.340000
v -0.692500 0.745000 -0.340000
v -0.722500 0.745000 -0.340000
v -0.722500 0.020000 -0.310000
v -0.692500 0.020000 -0.310000
v -0.692500 0.745000 -0.310000
v -0.722500 0.745000 -0.310000
v -0.713330 0.766500 -0.342500
v -0.701670 0.733500 -0.342500
v -0.701670 0.733500 -0.307500
v -0.713330 0.766500 -0.307500
v -0.005830 1.016500 -0.342500
v -0.005830 1.016500 -0.307500
v 0.005830 0.983500 -0.307500
v 0.005830 0.983500 -0.342500
v 0.692500 0.020000 -0.340000
v 0.722500 0.020000 -0.340000
v 0.722500 0.745000 -0.340000
v 0.692500 0.745000 -0.340000
v 0.692500 0.020000 -0.310000
v 0.722500 0.020000 -0.310000
v 0.722500 0.745000 -0.310000
v 0.692500 0.745000 -0.310000
v 0.713330 0.766500 -0.307500
v 0.701670 0.733500 -0.307500
v 0.701670 0.733500 -0.342500
v 0.713330 0.766500 -0.342500
v 0.005830 1.016500 -0.307500
v 0.005830 1.016500 -0.342500
v -0.005830 0.983500 -0.342500
v -0.005830 0.983500 -0.307500
v -0.015000 0.985000 -0.350000
v 0.015000 0.985000 -0.350000
v 0.015000 1.015000 -0.350000
v -0.015000 1.015000 -0.350000
v -0.015000 0.985000 -0.300000
v 0.015000 0.985000 -0.300000
v 0.015000 1.015000 -0.300000
v -0.015000 1.015000 -0.300000
v -0.722500 0.020000 0.310000
v -0.692500 0.020000 0.310000
v -0.692500 0.745000 0.310000
v -0.722500 0.745000 0.310000
v -0.722500 0.020000 0.340000
v -0.692500 0.020000 0.340000
v -0.692500 0.745000 0.340000
v -0.722500 0.745000 0.340000
v -0.713330 0.766500 0.307500
v -0.701670 0.733500 0.307500
v -0.701670 0.733500 0.342500
v -0.713330 0.766500 0.342500
v -0.005830 1.016500 0.307500
v -0.005830 1.016500 0.342500
v 0.005830 0.983500 0.342500
v 0.005830 0.983500 0.307500
v 0.692500 0.020000 0.310000
v 0.722500 0.020000 0.310000
v 0.722500 0.745000 0.310000
v 0.692500 0.745000 0.310000
v 0.692500 0.020000 0.340000
v 0.722500 0.020000 0.340000
v 0.722500 0.745000 0.340000
v 0.692500 0.745000 0.340000
v 0.713330 0.766500 0.342500
v 0.701670 0.733500 0.342500
v 0.701670 0.733500 0.307500
v 0.713330 0.766500 0.307500
v 0.005830 1.016500 0.342500
v 0.005830 1.016500 0.307500
v -0.005830 0.983500 0.307500
v -0.005830 0.983500 0.342500
v -0.015000 0.985000 0.300000
v 0.015000 0.985000 0.300000
v 0.015000 1.015000 0.300000
v -0.015000 1.015000 0.300000
v -0.015000 0.985000 0.350000
v 0.015000 0.985000 0.350000
v 0.015000 1.015000 0.350000
v -0.015000 1.015000 0.350000
v -0.722500 0.020000 0.947500
v -0.692500 0.020000 0.947500
v -0.692500 0.745000 0.947500
v -0.722500 0.745000 0.947500
v -0.722500 0.020000 0.977500
v -0.692500 0.020000 0.977500
v -0.692500 0.745000 0.977500
v -0.722500 0.745000 0.977500
v -0.713330 0.766500 0.945000
v -0.701670 0.733500 0.945000
v -0.701670 0.733500 0.980000
v -0.713330 0.766500 0.980000
v -0.005830 1.016500 0.945000
v -0.005830 1.016500 0.980000
v 0.005830 0.983500 0.980000
v 0.005830 0.983500 0.945000
v 0.692500 0.020000 0.947500
v 0.722500 0.020000 0.947500
v 0.722500 0.745000 0.947500
v 0.692500 0.745000 0.947500
v 0.692500 0.020000 0.977500
v 0.722500 0.020000 0.977500
v 0.722500 0.745000 0.977500
v 0.692500 0.745000 0.977500
v 0.713330 0.766500 0.980000
v 0.701670 0.733500 0.980000
v 0.701670 0.733500 0.945000
v 0.713330 0.766500 0.945000
v 0.005830 1.016500 0.980000
v 0.005830 1.016500 0.945000
v -0.005830 0.983500 0.945000
v -0.005830 0.983500 0.980000
v -0.015000 0.985000 0.937500
v 0.015000 0.985000 0.937500
v 0.015000 1.015000 0.937500
v -0.015000 1.015000 0.937500
v -0.015000 0.985000 0.987500
v 0.015000 0.985000 0.987500
v 0.015000 1.015000 0.987500
v -0.015000 1.015000 0.987500
v 0.016250 1.016250 -1.000000
v 0.016250 0.983750 -1.000000
v -0.016250 0.983750 -1.000000
v -0.016250 1.016250 -1.000000
v 0.016250 1.016250 1.000000
v -0.016250 1.016250 1.000000
v -0.016250 0.983750 1.000000
v 0.016250 0.983750 1.000000
v -0.753953 0.761859 -1.000000
v -0.746047 0.738141 -1.000000
v -0.746047 0.738141 0.000000
v -0.753953 0.761859 0.000000
v -0.003953 1.011859 -1.000000
v -0.003953 1.011859 0.000000
v 0.003953 0.988141 0.000000
v 0.003953 0.988141 -1.000000
v 0.753953 0.761859 0.000000
v 0.746047 0.738141 0.000000
v 0.746047 0.738141 -1.000000
v 0.753953 0.761859 -1.000000
v 0.003953 1.011859 0.000000
v 0.003953 1.011859 -1.000000
v -0.003953 0.988141 -1.000000
v -0.003953 0.988141 0.000000
v 0.000000 1.000000 -0.982500
v 0.715000 0.750000 -0.982500
v -0.715000 0.750000 -0.982500
v -0.715000 0.750000 0.982500
v 0.715000 0.750000 0.982500
v 0.000000 1.000000 0.982500
v -0.631250 0.087500 -0.625000
v -0.293750 0.087500 -0.625000
v -0.293750 0.107500 -0.625000
v -0.631250 0.107500 -0.625000
v -0.631250 0.087500 0.625000
v -0.293750 0.087500 0.625000
v -0.293750 0.107500 0.625000
v -0.631250 0.107500 0.625000
v -0.646250 0.087500 -0.640000
v -0.278750 0.087500 -0.640000
v -0.278750 0.122500 -0.640000
v -0.646250 0.122500 -0.640000
v -0.646250 0.087500 -0.610000
v -0.278750 0.087500 -0.610000
v -0.278750 0.122500 -0.610000
v -0.646250 0.122500 -0.610000
v -0.646250 0.087500 0.610000
v -0.278750 0.087500 0.610000
v -0.278750 0.122500 0.610000
v -0.646250 0.122500 0.610000
v -0.646250 0.087500 0.640000
v -0.278750 0.087500 0.640000
v -0.278750 0.122500 0.640000
v -0.646250 0.122500 0.640000
v -0.616250 0.087500 -0.610000
v -0.616250 0.122500 -0.610000
v -0.616250 0.087500 0.610000
v -0.616250 0.122500 0.610000
v -0.308750 0.087500 -0.610000
v -0.308750 0.122500 -0.610000
v -0.308750 0.087500 0.610000
v -0.308750 0.122500 0.610000
v -0.495000 0.182500 -0.450000
v -0.550000 0.142500 -0.450000
v -0.495000 0.142500 -0.395000
v -0.495000 0.102500 -0.450000
v -0.440000 0.142500 -0.450000
v -0.495000 0.142500 -0.505000
v -0.430000 0.182500 -0.450000
v -0.485000 0.142500 -0.450000
v -0.430000 0.142500 -0.395000
v -0.430000 0.102500 -0.450000
v -0.375000 0.142500 -0.450000
v -0.430000 0.142500 -0.505000
v -0.462500 0.182500 -0.482500
v -0.517500 0.142500 -0.482500
v -0.462500 0.142500 -0.427500
v -0.462500 0.102500 -0.482500
v -0.407500 0.142500 -0.482500
v -0.462500 0.142500 -0.537500
v -0.462500 0.182500 -0.417500
v -0.517500 0.142500 -0.417500
v -0.462500 0.142500 -0.362500
v -0.462500 0.102500 -0.417500
v -0.407500 0.142500 -0.417500
v -0.462500 0.142500 -0.472500
v -0.462500 0.212500 -0.450000
v -0.502500 0.177500 -0.450000
v -0.462500 0.177500 -0.410000
v -0.462500 0.142500 -0.450000
v -0.422500 0.177500 -0.450000
v -0.462500 0.177500 -0.490000
v -0.495000 0.182500 -0.150000
v -0.550000 0.142500 -0.150000
v -0.495000 0.142500 -0.095000
v -0.495000 0.102500 -0.150000
v -0.440000 0.142500 -0.150000
v -0.495000 0.142500 -0.205000
v -0.430000 0.182500 -0.150000
v -0.485000 0.142500 -0.150000
v -0.430000 0.142500 -0.095000
v -0.430000 0.102500 -0.150000
v -0.375000 0.142500 -0.150000
v -0.430000 0.142500 -0.205000
v -0.462500 0.182500 -0.182500
v -0.517500 0.142500 -0.182500
v -0.462500 0.142500 -0.127500
v -0.462500 0.102500 -0.182500
v -0.407500 0.142500 -0.182500
v -0.462500 0.142500 -0.237500
v -0.462500 0.182500 -0.117500
v -0.517500 0.142500 -0.117500
v -0.462500 0.142500 -0.062500
v -0.462500 0.102500 -0.117500
v -0.407500 0.142500 -0.117500
v -0.462500 0.142500 -0.172500
v -0.462500 0.212500 -0.150000
v -0.502500 0.177500 -0.150000
v -0.462500 0.177500 -0.110000
v -0.462500 0.142500 -0.150000
v -0.422500 0.177500 -0.150000
v -0.462500 0.177500 -0.190000
v -0.495000 0.182500 0.150000
v -0.550000 0.142500 0.150000
v -0.495000 0.142500 0.205000
v -0.495000 0.102500 0.150000
v -0.440000 0.142500 0.150000
v -0.495000 0.142500 0.095000
v -0.430000 0.182500 0.150000
v -0.485000 0.142500 0.150000
v -0.430000 0.142500 0.205000
v -0.430000 0.102500 0.150000
v -0.375000 0.142500 0.150000
v -0.430000 0.142500 0.095000
v -0.462500 0.182500 0.117500
v -0.517500 0.142500 0.117500
v -0.462500 0.142500 0.172500
v -0.462500 0.102500 0.117500
v -0.407500 0.142500 0.117500
v -0.462500 0.142500 0.062500
v -0.462500 0.182500 0.182500
v -0.517500 0.142500 0.182500
v -0.462500 0.142500 0.237500
v -0.462500 0.102500 0.182500
v -0.407500 0.142500 0.182500
v -0.462500 0.142500 0.127500
v -0.462500 0.212500 0.150000
v -0.502500 0.177500 0.150000
v -0.462500 0.177500 0.190000
v -0.462500 0.142500 0.150000
v -0.422500 0.177500 0.150000
v -0.462500 0.177500 0.110000
v -0.495000 0.182500 0.450000
v -0.550000 0.142500 0.450000
v -0.495000 0.142500 0.505000
v -0.495000 0.102500 0.450000
v -0.440000 0.142500 0.450000
v -0.495000 0.142500 0.395000
v -0.430000 0.182500 0.450000
v -0.485000 0.142500 0.450000
v -0.430000 0.142500 0.505000
v -0.430000 0.102500 0.450000
v -0.375000 0.142500 0.450000
v -0.430000 0.142500 0.395000
v -0.462500 0.182500 0.417500
v -0.517500 0.142500 0.417500
v -0.462500 0.142500 0.472500
v -0.462500 0.102500 0.417500
v -0.407500 0.142500 0.417500
v -0.462500 0.142500 0.362500
v -0.462500 0.182500 0.482500
v -0.517500 0.142500 0.482500
v -0.462500 0.142500 0.537500
v -0.462500 0.102500 0.482500
v -0.407500 0.142500 0.482500
v -0.462500 0.142500 0.427500
v -0.462500 0.212500 0.450000
v -0.502500 0.177500 0.450000
v -0.462500 0.177500 0.490000
v -0.462500 0.142500 0.450000
v -0.422500 0.177500 0.450000
v -0.462500 0.177500 0.410000
v 0.293750 0.087500 -0.625000
v 0.631250 0.087500 -0.625000
v 0.631250 0.107500 -0.625000
v 0.293750 0.107500 -0.625000
v 0.293750 0.087500 0.625000
v 0.631250 0.087500 0.625000
v 0.631250 0.107500 0.625000
v 0.293750 0.107500 0.625000
v 0.278750 0.087500 -0.640000
v 0.646250 0.087500 -0.640000
v 0.646250 0.122500 -0.640000
v 0.278750 0.122500 -0.640000
v 0.278750 0.087500 -0.610000
v 0.646250 0.087500 -0.610000
v 0.646250 0.122500 -0.610000
v 0.278750 0.122500 -0.610000
v 0.278750 0.087500 0.610000
v 0.646250 0.087500 0.610000
v 0.646250 0.122500 0.610000
v 0.278750 0.122500 0.610000
v 0.278750 0.087500 0.640000
v 0.646250 0.087500 0.640000
v 0.646250 0.122500 0.640000
v 0.278750 0.122500 0.640000
v 0.308750 0.087500 -0.610000
v 0.308750 0.122500 -0.610000
v 0.308750 0.087500 0.610000
v 0.308750 0.122500 0.610000
v 0.616250 0.087500 -0.610000
v 0.616250 0.122500 -0.610000
v 0.616250 0.087500 0.610000
v 0.616250 0.122500 0.610000
v 0.430000 0.182500 -0.450000
v 0.375000 0.142500 -0.450000
v 0.430000 0.142500 -0.395000
v 0.430000 0.102500 -0.450000
v 0.485000 0.142500 -0.450000
v 0.430000 0.142500 -0.505000
v 0.495000 0.182500 -0.450000
v 0.440000 0.142500 -0.450000
v 0.495000 0.142500 -0.395000
v 0.495000 0.102500 -0.450000
v 0.550000 0.142500 -0.450000
v 0.495000 0.142500 -0.505000
v 0.462500 0.182500 -0.482500
v 0.407500 0.142500 -0.482500
v 0.462500 0.142500 -0.427500
v 0.462500 0.102500 -0.482500
v 0.517500 0.142500 -0.482500
v 0.462500 0.142500 -0.537500
v 0.462500 0.182500 -0.417500
v 0.407500 0.142500 -0.417500
v 0.462500 0.142500 -0.362500
v 0.462500 0.102500 -0.417500
v 0.517500 0.142500 -0.417500
v 0.462500 0.142500 -0.472500
v 0.462500 0.212500 -0.450000
v 0.422500 0.177500 -0.450000
v 0.462500 0.177500 -0.410000
v 0.462500 0.142500 -0.450000
v 0.502500 0.177500 -0.450000
v 0.462500 0.177500 -0.490000
v 0.430000 0.182500 -0.150000
v 0.375000 0.142500 -0.150000
v 0.430000 0.142500 -0.095000
v 0.430000 0.102500 -0.150000
v 0.485000 0.142500 -0.150000
v 0.430000 0.142500 -0.205000
v 0.495000 0.182500 -0.150000
v 0.440000 0.142500 -0.150000
v 0.495000 0.142500 -0.095000
v 0.495000 0.102500 -0.150000
v 0.550000 0.142500 -0.150000
v 0.495000 0.142500 -0.205000
v 0.462500 0.182500 -0.182500
v 0.407500 0.142500 -0.182500
v 0.462500 0.142500 -0.127500
v 0.462500 0.102500 -0.182500
v 0.517500 0.142500 -0.182500
v 0.462500 0.142500 -0.237500
v 0.462500 0.182500 -0.117500
v 0.407500 0.142500 -0.117500
v 0.462500 0.142500 -0.062500
v 0.462500 0.102500 -0.117500
v 0.517500 0.142500 -0.117500
v 0.462500 0.142500 -0.172500
v 0.462500 0.212500 -0.150000
v 0.422500 0.177500 -0.150000
v 0.462500 0.177500 -0.110000
v 0.462500 0.142500 -0.150000
v 0.502500 0.177500 -0.150000
v 0.462500 0.177500 -0.190000
v 0.430000 0.182500 0.150000
v 0.375000 0.142500 0.150000
v 0.430000 0.142500 0.205000
v 0.430000 0.102500 0.150000
v 0.485000 0.142500 0.150000
v 0.430000 0.142500 0.095000
v 0.495000 0.182500 0.150000
v 0.440000 0.142500 0.150000
v 0.495000 0.142500 0.205000
v 0.495000 0.102500 0.150000
v 0.550000 0.142500 0.150000
v 0.495000 0.142500 0.095000
v 0.462500 0.182500 0.117500
v 0.407500 0.142500 0.117500
v 0.462500 0.142500 0.172500
v 0.462500 0.102500 0.117500
v 0.517500 0.142500 0.117500
v 0.462500 0.142500 0.062500
v 0.462500 0.182500 0.182500
v 0.407500 0.142500 0.182500
v 0.462500 0.142500 0.237500
v 0.462500 0.102500 0.182500
v 0.517500 0.142500 0.182500
v 0.462500 0.142500 0.127500
v 0.462500 0.212500 0.150000
v 0.422500 0.177500 0.150000
v 0.462500 0.177500 0.190000
v 0.462500 0.142500 0.150000
v 0.502500 0.177500 0.150000
v 0.462500 0.177500 0.110000
v 0.430000 0.182500 0.450000
v 0.375000 0.142500 0.450000
v 0.430000 0.142500 0.505000
v 0.430000 0.102500 0.450000
v 0.485000 0.142500 0.450000
v 0.430000 0.142500 0.395000
v 0.495000 0.182500 0.450000
v 0.440000 0.142500 0.450000
v 0.495000 0.142500 0.505000
v 0.495000 0.102500 0.450000
v 0.550000 0.142500 0.450000
v 0.495000 0.142500 0.395000
v 0.462500 0.182500 0.417500
v 0.407500 0.142500 0.417500
v 0.462500 0.142500 0.472500
v 0.462500 0.102500 0.417500
v 0.517500 0.142500 0.417500
v 0.462500 0.142500 0.362500
v 0.462500 0.182500 0.482500
v 0.407500 0.142500 0.482500
v 0.462500 0.142500 0.537500
v 0.462500 0.102500 0.482500
v 0.517500 0.142500 0.482500
v 0.462500 0.142500 0.427500
v 0.462500 0.212500 0.450000
v 0.422500 0.177500 0.450000
v 0.462500 0.177500 0.490000
v 0.462500 0.142500 0.450000
v 0.502500 0.177500 0.450000
v 0.462500 0.177500 0.410000
v -0.606250 0.667500 -0.737500
v -0.293750 0.667500 -0.737500
v -0.293750 0.692500 -0.737500
v -0.606250 0.692500 -0.737500
v -0.606250 0.667500 -0.112500
v -0.293750 0.667500 -0.112500
v -0.293750 0.692500 -0.112500
v -0.606250 0.692500 -0.112500
v 0.293750 0.667500 -0.737500
v 0.606250 0.667500 -0.737500
v 0.606250 0.692500 -0.737500
v 0.293750 0.692500 -0.737500
v 0.293750 0.667500 -0.112500
v 0.606250 0.667500 -0.112500
v 0.606250 0.692500 -0.112500
v 0.293750 0.692500 -0.112500
vt 0.765625 0.015625
vt 0.984375 0.015625
vt 0.984375 0.234375
vt 0.765625 0.234375
vt 0.765625 0.015625
vt 0.984375 0.015625
vt 0.984375 0.234375
vt 0.765625 0.234375
vt 0.765625 0.015625
vt 0.984375 0.015625
vt 0.984375 0.234375
vt 0.765625 0.234375
vt 0.765625 0.015625
vt 0.984375 0.015625
vt 0.984375 0.234375
vt 0.765625 0.234375
vt 0.765625 0.015625
vt 0.984375 0.015625
vt 0.984375 0.234375
vt 0.765625 0.234375
vt 0.765625 0.015625
vt 0.984375 0.015625
vt 0.984375 0.234375
vt 0.765625 0.234375
vt 0.015625 0.015625
vt 0.234375 0.015625
vt 0.234375 0.234375
vt 0.015625 0.234375
vt 0.015625 0.015625
vt 0.234375 0.015625
vt 0.234375 0.234375
vt 0.015625 0.234375
vt 0.015625 0.015625
vt 0.234375 0.015625
vt 0.234375 0.234375
vt 0.015625 0.234375
vt 0.015625 0.015625
vt 0.234375 0.015625
vt 0.234375 0.234375
vt 0.015625 0.234375
vt 0.015625 0.015625
vt 0.234375 0.015625
vt 0.234375 0.234375
vt 0.015625 0.234375
vt 0.015625 0.015625
vt 0.234375 0.015625
vt 0.234375 0.234375
vt 0.015625 0.234375
vt 0.015625 0.015625
vt 0.234375 0.015625
vt 0.234375 0.234375
vt 0.015625 0.234375
vt 0.015625 0.015625
vt 0.234375 0.015625
vt 0.234375 0.234375
vt 0.015625 0.234375
vt 0.015625 0.015625
vt 0.234375 0.015625
vt 0.234375 0.234375
vt 0.015625 0.234375
vt 0.015625 0.015625
vt 0.234375 0.015625
vt 0.234375 0.234375
vt 0.015625 0.234375
vt 0.015625 0.015625
vt 0.234375 0.015625
vt 0.234375 0.234375
vt 0.015625 0.234375
vt 0.015625 0.015625
vt 0.234375 0.015625
vt 0.234375 0.234375
vt 0.015625 0.234375
vt 0.015625 0.015625
vt 0.234375 0.015625
vt 0.234375 0.234375
vt 0.015625 0.234375
vt 0.015625 0.015625
vt 0.234375 0.015625
vt 0.234375 0.234375
vt 0.015625 0.234375
vt 0.015625 0.015625
vt 0.234375 0.015625
vt 0.234375 0.234375
vt 0.015625 0.234375
vt 0.015625 0.015625
vt 0.234375 0.015625
vt 0.234375 0.234375
vt 0.015625 0.234375
vt 0.015625 0.015625
vt 0.234375 0.015625
vt 0.234375 0.234375
vt 0.015625 0.234375
vt 0.015625 0.015625
vt 0.234375 0.015625
vt 0.234375 0.234375
vt 0.015625 0.234375
vt 0.015625 0.765625
vt 0.234375 0.765625
vt 0.234375 0.984375
vt 0.015625 0.984375
vt 0.015625 0.765625
vt 0.234375 0.765625
vt 0.234375 0.984375
vt 0.015625 0.984375
vt 0.015625 0.765625
vt 0.234375 0.765625
vt 0.234375 0.984375
vt 0.015625 0.984375
vt 0.015625 0.765625
vt 0.234375 0.765625
vt 0.234375 0.984375
vt 0.015625 0.984375
vt 0.015625 0.765625
vt 0.234375 0.765625
vt 0.234375 0.984375
vt 0.015625 0.984375
vt 0.015625 0.765625
vt 0.234375 0.765625
vt 0.234375 0.984375
vt 0.015625 0.984375
vt 0.015625 0.765625
vt 0.234375 0.765625
vt 0.234375 0.984375
vt 0.015625 0.984375
vt 0.015625 0.765625
vt 0.234375 0.765625
vt 0.234375 0.984375
vt 0.015625 0.984375
vt 0.015625 0.765625
vt 0.234375 0.765625
vt 0.234375 0.984375
vt 0.015625 0.984375
vt 0.015625 0.765625
vt 0.234375 0.765625
vt 0.234375 0.984375
vt 0.015625 0.984375
vt 0.015625 0.765625
vt 0.234375 0.765625
vt 0.234375 0.984375
vt 0.015625 0.984375
vt 0.015625 0.765625
vt 0.234375 0.765625
vt 0.234375 0.984375
vt 0.015625 0.984375
vt 0.515625 0.015625
vt 0.734375 0.015625
vt 0.734375 0.234375
vt 0.515625 0.234375
vt 0.515625 0.015625
vt 0.734375 0.015625
vt 0.734375 0.234375
vt 0.515625 0.234375
vt 0.515625 0.015625
vt 0.734375 0.015625
vt 0.734375 0.234375
vt 0.515625 0.234375
vt 0.515625 0.015625
vt 0.734375 0.015625
vt 0.734375 0.234375
vt 0.515625 0.234375
vt 0.515625 0.015625
vt 0.734375 0.015625
vt 0.734375 0.234375
vt 0.515625 0.234375
vt 0.515625 0.015625
vt 0.734375 0.015625
vt 0.734375 0.234375
vt 0.515625 0.234375
vt 0.265625 0.765625
vt 0.484375 0.765625
vt 0.484375 0.984375
vt 0.265625 0.984375
vt 0.265625 0.765625
vt 0.484375 0.765625
vt 0.484375 0.984375
vt 0.265625 0.984375
vt 0.265625 0.765625
vt 0.484375 0.765625
vt 0.484375 0.984375
vt 0.265625 0.984375
vt 0.265625 0.765625
vt 0.484375 0.765625
vt 0.484375 0.984375
vt 0.265625 0.984375
vt 0.265625 0.765625
vt 0.484375 0.765625
vt 0.484375 0.984375
vt 0.265625 0.984375
vt 0.265625 0.765625
vt 0.484375 0.765625
vt 0.484375 0.984375
vt 0.265625 0.984375
vt 0.265625 0.765625
vt 0.484375 0.765625
vt 0.484375 0.984375
vt 0.265625 0.984375
vt 0.265625 0.765625
vt 0.484375 0.765625
vt 0.484375 0.984375
vt 0.265625 0.984375
vt 0.265625 0.765625
vt 0.484375 0.765625
vt 0.484375 0.984375
vt 0.265625 0.984375
vt 0.265625 0.765625
vt 0.484375 0.765625
vt 0.484375 0.984375
vt 0.265625 0.984375
vt 0.265625 0.765625
vt 0.484375 0.765625
vt 0.484375 0.984375
vt 0.265625 0.984375
vt 0.265625 0.765625
vt 0.484375 0.765625
vt 0.484375 0.984375
vt 0.265625 0.984375
vt 0.265625 0.765625
vt 0.484375 0.765625
vt 0.484375 0.984375
vt 0.265625 0.984375
vt 0.265625 0.765625
vt 0.484375 0.765625
vt 0.484375 0.984375
vt 0.265625 0.984375
vt 0.265625 0.765625
vt 0.484375 0.765625
vt 0.484375 0.984375
vt 0.265625 0.984375
vt 0.265625 0.765625
vt 0.484375 0.765625
vt 0.484375 0.984375
vt 0.265625 0.984375
vt 0.265625 0.765625
vt 0.484375 0.765625
vt 0.484375 0.984375
vt 0.265625 0.984375
vt 0.265625 0.765625
vt 0.484375 0.765625
vt 0.484375 0.984375
vt 0.265625 0.984375
vt 0.265625 0.765625
vt 0.484375 0.765625
vt 0.484375 0.984375
vt 0.265625 0.984375
vt 0.265625 0.765625
vt 0.484375 0.765625
vt 0.484375 0.984375
vt 0.265625 0.984375
vt 0.265625 0.765625
vt 0.484375 0.765625
vt 0.484375 0.984375
vt 0.265625 0.984375
vt 0.265625 0.765625
vt 0.484375 0.765625
vt 0.484375 0.984375
vt 0.265625 0.984375
vt 0.265625 0.765625
vt 0.484375 0.765625
vt 0.484375 0.984375
vt 0.265625 0.984375
vt 0.265625 0.765625
vt 0.484375 0.765625
vt 0.484375 0.984375
vt 0.265625 0.984375
vt 0.515625 0.765625
vt 0.734375 0.765625
vt 0.734375 0.984375
vt 0.515625 0.984375
vt 0.515625 0.765625
vt 0.734375 0.765625
vt 0.734375 0.984375
vt 0.515625 0.984375
vt 0.515625 0.765625
vt 0.734375 0.765625
vt 0.734375 0.984375
vt 0.515625 0.984375
vt 0.515625 0.765625
vt 0.734375 0.765625
vt 0.734375 0.984375
vt 0.515625 0.984375
vt 0.515625 0.765625
vt 0.734375 0.765625
vt 0.734375 0.984375
vt 0.515625 0.984375
vt 0.515625 0.765625
vt 0.734375 0.765625
vt 0.734375 0.984375
vt 0.515625 0.984375
vt 0.265625 0.765625
vt 0.484375 0.765625
vt 0.484375 0.984375
vt 0.265625 0.984375
vt 0.265625 0.765625
vt 0.484375 0.765625
vt 0.484375 0.984375
vt 0.265625 0.984375
vt 0.265625 0.765625
vt 0.484375 0.765625
vt 0.484375 0.984375
vt 0.265625 0.984375
vt 0.265625 0.765625
vt 0.484375 0.765625
vt 0.484375 0.984375
vt 0.265625 0.984375
vt 0.265625 0.765625
vt 0.484375 0.765625
vt 0.484375 0.984375
vt 0.265625 0.984375
vt 0.265625 0.765625
vt 0.484375 0.765625
vt 0.484375 0.984375
vt 0.265625 0.984375
vt 0.265625 0.765625
vt 0.484375 0.765625
vt 0.484375 0.984375
vt 0.265625 0.984375
vt 0.265625 0.765625
vt 0.484375 0.765625
vt 0.484375 0.984375
vt 0.265625 0.984375
vt 0.265625 0.765625
vt 0.484375 0.765625
vt 0.484375 0.984375
vt 0.265625 0.984375
vt 0.265625 0.765625
vt 0.484375 0.765625
vt 0.484375 0.984375
vt 0.265625 0.984375
vt 0.265625 0.765625
vt 0.484375 0.765625
vt 0.484375 0.984375
vt 0.265625 0.984375
vt 0.265625 0.765625
vt 0.484375 0.765625
vt 0.484375 0.984375
vt 0.265625 0.984375
vt 0.265625 0.765625
vt 0.484375 0.765625
vt 0.484375 0.984375
vt 0.265625 0.984375
vt 0.265625 0.765625
vt 0.484375 0.765625
vt 0.484375 0.984375
vt 0.265625 0.984375
vt 0.265625 0.765625
vt 0.484375 0.765625
vt 0.484375 0.984375
vt 0.265625 0.984375
vt 0.265625 0.765625
vt 0.484375 0.765625
vt 0.484375 0.984375
vt 0.265625 0.984375
vt 0.265625 0.765625
vt 0.484375 0.765625
vt 0.484375 0.984375
vt 0.265625 0.984375
vt 0.265625 0.765625
vt 0.484375 0.765625
vt 0.484375 0.984375
vt 0.265625 0.984375
vt 0.265625 0.765625
vt 0.484375 0.765625
vt 0.484375 0.984375
vt 0.265625 0.984375
vt 0.265625 0.765625
vt 0.484375 0.765625
vt 0.484375 0.984375
vt 0.265625 0.984375
vt 0.265625 0.765625
vt 0.484375 0.765625
vt 0.484375 0.984375
vt 0.265625 0.984375
vt 0.265625 0.765625
vt 0.484375 0.765625
vt 0.484375 0.984375
vt 0.265625 0.984375
vt 0.265625 0.765625
vt 0.484375 0.765625
vt 0.484375 0.984375
vt 0.265625 0.984375
vt 0.265625 0.765625
vt 0.484375 0.765625
vt 0.484375 0.984375
vt 0.265625 0.984375
vt 0.515625 0.765625
vt 0.734375 0.765625
vt 0.734375 0.984375
vt 0.515625 0.984375
vt 0.515625 0.765625
vt 0.734375 0.765625
vt 0.734375 0.984375
vt 0.515625 0.984375
vt 0.515625 0.765625
vt 0.734375 0.765625
vt 0.734375 0.984375
vt 0.515625 0.984375
vt 0.515625 0.765625
vt 0.734375 0.765625
vt 0.734375 0.984375
vt 0.515625 0.984375
vt 0.515625 0.765625
vt 0.734375 0.765625
vt 0.734375 0.984375
vt 0.515625 0.984375
vt 0.515625 0.765625
vt 0.734375 0.765625
vt 0.734375 0.984375
vt 0.515625 0.984375
vt 0.265625 0.765625
vt 0.484375 0.765625
vt 0.484375 0.984375
vt 0.265625 0.984375
vt 0.265625 0.765625
vt 0.484375 0.765625
vt 0.484375 0.984375
vt 0.265625 0.984375
vt 0.265625 0.765625
vt 0.484375 0.765625
vt 0.484375 0.984375
vt 0.265625 0.984375
vt 0.265625 0.765625
vt 0.484375 0.765625
vt 0.484375 0.984375
vt 0.265625 0.984375
vt 0.265625 0.765625
vt 0.484375 0.765625
vt 0.484375 0.984375
vt 0.265625 0.984375
vt 0.265625 0.765625
vt 0.484375 0.765625
vt 0.484375 0.984375
vt 0.265625 0.984375
vt 0.265625 0.765625
vt 0.484375 0.765625
vt 0.484375 0.984375
vt 0.265625 0.984375
vt 0.265625 0.765625
vt 0.484375 0.765625
vt 0.484375 0.984375
vt 0.265625 0.984375
vt 0.265625 0.765625
vt 0.484375 0.765625
vt 0.484375 0.984375
vt 0.265625 0.984375
vt 0.265625 0.765625
vt 0.484375 0.765625
vt 0.484375 0.984375
vt 0.265625 0.984375
vt 0.265625 0.765625
vt 0.484375 0.765625
vt 0.484375 0.984375
vt 0.265625 0.984375
vt 0.265625 0.765625
vt 0.484375 0.765625
vt 0.484375 0.984375
vt 0.265625 0.984375
vt 0.265625 0.765625
vt 0.484375 0.765625
vt 0.484375 0.984375
vt 0.265625 0.984375
vt 0.265625 0.765625
vt 0.484375 0.765625
vt 0.484375 0.984375
vt 0.265625 0.984375
vt 0.265625 0.765625
vt 0.484375 0.765625
vt 0.484375 0.984375
vt 0.265625 0.984375
vt 0.265625 0.765625
vt 0.484375 0.765625
vt 0.484375 0.984375
vt 0.265625 0.984375
vt 0.265625 0.765625
vt 0.484375 0.765625
vt 0.484375 0.984375
vt 0.265625 0.984375
vt 0.265625 0.765625
vt 0.484375 0.765625
vt 0.484375 0.984375
vt 0.265625 0.984375
vt 0.265625 0.765625
vt 0.484375 0.765625
vt 0.484375 0.984375
vt 0.265625 0.984375
vt 0.265625 0.765625
vt 0.484375 0.765625
vt 0.484375 0.984375
vt 0.265625 0.984375
vt 0.265625 0.765625
vt 0.484375 0.765625
vt 0.484375 0.984375
vt 0.265625 0.984375
vt 0.265625 0.765625
vt 0.484375 0.765625
vt 0.484375 0.984375
vt 0.265625 0.984375
vt 0.265625 0.765625
vt 0.484375 0.765625
vt 0.484375 0.984375
vt 0.265625 0.984375
vt 0.265625 0.765625
vt 0.484375 0.765625
vt 0.484375 0.984375
vt 0.265625 0.984375
vt 0.515625 0.765625
vt 0.734375 0.765625
vt 0.734375 0.984375
vt 0.515625 0.984375
vt 0.515625 0.765625
vt 0.734375 0.765625
vt 0.734375 0.984375
vt 0.515625 0.984375
vt 0.515625 0.765625
vt 0.734375 0.765625
vt 0.734375 0.984375
vt 0.515625 0.984375
vt 0.515625 0.765625
vt 0.734375 0.765625
vt 0.734375 0.984375
vt 0.515625 0.984375
vt 0.515625 0.765625
vt 0.734375 0.765625
vt 0.734375 0.984375
vt 0.515625 0.984375
vt 0.515625 0.765625
vt 0.734375 0.765625
vt 0.734375 0.984375
vt 0.515625 0.984375
vt 0.265625 0.765625
vt 0.484375 0.765625
vt 0.484375 0.984375
vt 0.265625 0.984375
vt 0.265625 0.765625
vt 0.484375 0.765625
vt 0.484375 0.984375
vt 0.265625 0.984375
vt 0.265625 0.765625
vt 0.484375 0.765625
vt 0.484375 0.984375
vt 0.265625 0.984375
vt 0.265625 0.765625
vt 0.484375 0.765625
vt 0.484375 0.984375
vt 0.265625 0.984375
vt 0.265625 0.765625
vt 0.484375 0.765625
vt 0.484375 0.984375
vt 0.265625 0.984375
vt 0.265625 0.765625
vt 0.484375 0.765625
vt 0.484375 0.984375
vt 0.265625 0.984375
vt 0.265625 0.765625
vt 0.484375 0.765625
vt 0.484375 0.984375
vt 0.265625 0.984375
vt 0.265625 0.765625
vt 0.484375 0.765625
vt 0.484375 0.984375
vt 0.265625 0.984375
vt 0.265625 0.765625
vt 0.484375 0.765625
vt 0.484375 0.984375
vt 0.265625 0.984375
vt 0.265625 0.765625
vt 0.484375 0.765625
vt 0.484375 0.984375
vt 0.265625 0.984375
vt 0.265625 0.765625
vt 0.484375 0.765625
vt 0.484375 0.984375
vt 0.265625 0.984375
vt 0.265625 0.765625
vt 0.484375 0.765625
vt 0.484375 0.984375
vt 0.265625 0.984375
vt 0.265625 0.765625
vt 0.484375 0.765625
vt 0.484375 0.984375
vt 0.265625 0.984375
vt 0.265625 0.765625
vt 0.484375 0.765625
vt 0.484375 0.984375
vt 0.265625 0.984375
vt 0.265625 0.765625
vt 0.484375 0.765625
vt 0.484375 0.984375
vt 0.265625 0.984375
vt 0.265625 0.765625
vt 0.484375 0.765625
vt 0.484375 0.984375
vt 0.265625 0.984375
vt 0.265625 0.765625
vt 0.484375 0.765625
vt 0.484375 0.984375
vt 0.265625 0.984375
vt 0.265625 0.765625
vt 0.484375 0.765625
vt 0.484375 0.984375
vt 0.265625 0.984375
vt 0.265625 0.765625
vt 0.484375 0.765625
vt 0.484375 0.984375
vt 0.265625 0.984375
vt 0.265625 0.765625
vt 0.484375 0.765625
vt 0.484375 0.984375
vt 0.265625 0.984375
vt 0.265625 0.765625
vt 0.484375 0.765625
vt 0.484375 0.984375
vt 0.265625 0.984375
vt 0.265625 0.765625
vt 0.484375 0.765625
vt 0.484375 0.984375
vt 0.265625 0.984375
vt 0.265625 0.765625
vt 0.484375 0.765625
vt 0.484375 0.984375
vt 0.265625 0.984375
vt 0.265625 0.765625
vt 0.484375 0.765625
vt 0.484375 0.984375
vt 0.265625 0.984375
vt 0.515625 0.765625
vt 0.734375 0.765625
vt 0.734375 0.984375
vt 0.515625 0.984375
vt 0.515625 0.765625
vt 0.734375 0.765625
vt 0.734375 0.984375
vt 0.515625 0.984375
vt 0.515625 0.765625
vt 0.734375 0.765625
vt 0.734375 0.984375
vt 0.515625 0.984375
vt 0.515625 0.765625
vt 0.734375 0.765625
vt 0.734375 0.984375
vt 0.515625 0.984375
vt 0.515625 0.765625
vt 0.734375 0.765625
vt 0.734375 0.984375
vt 0.515625 0.984375
vt 0.515625 0.765625
vt 0.734375 0.765625
vt 0.734375 0.984375
vt 0.515625 0.984375
vt 0.515625 0.765625
vt 0.734375 0.765625
vt 0.734375 0.984375
vt 0.515625 0.984375
vt 0.515625 0.765625
vt 0.734375 0.765625
vt 0.734375 0.984375
vt 0.515625 0.984375
vt 0.515625 0.765625
vt 0.734375 0.765625
vt 0.734375 0.984375
vt 0.515625 0.984375
vt 0.515625 0.765625
vt 0.734375 0.765625
vt 0.734375 0.984375
vt 0.515625 0.984375
vt 0.515625 0.765625
vt 0.734375 0.765625
vt 0.734375 0.984375
vt 0.515625 0.984375
vt 0.515625 0.765625
vt 0.734375 0.765625
vt 0.734375 0.984375
vt 0.515625 0.984375
vt 0.015625 0.015625
vt 0.234375 0.015625
vt 0.234375 0.234375
vt 0.015625 0.234375
vt 0.015625 0.015625
vt 0.234375 0.015625
vt 0.234375 0.234375
vt 0.015625 0.234375
vt 0.015625 0.015625
vt 0.234375 0.015625
vt 0.234375 0.234375
vt 0.015625 0.234375
vt 0.015625 0.015625
vt 0.234375 0.015625
vt 0.234375 0.234375
vt 0.015625 0.234375
vt 0.015625 0.015625
vt 0.234375 0.015625
vt 0.234375 0.234375
vt 0.015625 0.234375
vt 0.015625 0.015625
vt 0.234375 0.015625
vt 0.234375 0.234375
vt 0.015625 0.234375
vt 0.015625 0.015625
vt 0.234375 0.015625
vt 0.234375 0.234375
vt 0.015625 0.234375
vt 0.015625 0.015625
vt 0.234375 0.015625
vt 0.234375 0.234375
vt 0.015625 0.234375
vt 0.015625 0.015625
vt 0.234375 0.015625
vt 0.234375 0.234375
vt 0.015625 0.234375
vt 0.015625 0.015625
vt 0.234375 0.015625
vt 0.234375 0.234375
vt 0.015625 0.234375
vt 0.015625 0.015625
vt 0.234375 0.015625
vt 0.234375 0.234375
vt 0.015625 0.234375
vt 0.015625 0.015625
vt 0.234375 0.015625
vt 0.234375 0.234375
vt 0.015625 0.234375
vt 0.015625 0.015625
vt 0.234375 0.015625
vt 0.234375 0.234375
vt 0.015625 0.015625
vt 0.234375 0.015625
vt 0.234375 0.234375
vt 0.015625 0.015625
vt 0.234375 0.015625
vt 0.234375 0.234375
vt 0.015625 0.015625
vt 0.234375 0.015625
vt 0.234375 0.234375
vt 0.515625 0.515625
vt 0.734375 0.515625
vt 0.734375 0.734375
vt 0.515625 0.734375
vt 0.515625 0.515625
vt 0.734375 0.515625
vt 0.734375 0.734375
vt 0.515625 0.734375
vt 0.515625 0.515625
vt 0.734375 0.515625
vt 0.734375 0.734375
vt 0.515625 0.734375
vt 0.515625 0.515625
vt 0.734375 0.515625
vt 0.734375 0.734375
vt 0.515625 0.734375
vt 0.515625 0.515625
vt 0.734375 0.515625
vt 0.734375 0.734375
vt 0.515625 0.734375
vt 0.515625 0.515625
vt 0.734375 0.515625
vt 0.734375 0.734375
vt 0.515625 0.734375
vt 0.015625 0.765625
vt 0.234375 0.765625
vt 0.234375 0.984375
vt 0.015625 0.984375
vt 0.015625 0.765625
vt 0.234375 0.765625
vt 0.234375 0.984375
vt 0.015625 0.984375
vt 0.015625 0.765625
vt 0.234375 0.765625
vt 0.234375 0.984375
vt 0.015625 0.984375
vt 0.015625 0.765625
vt 0.234375 0.765625
vt 0.234375 0.984375
vt 0.015625 0.984375
vt 0.015625 0.765625
vt 0.234375 0.765625
vt 0.234375 0.984375
vt 0.015625 0.984375
vt 0.015625 0.765625
vt 0.234375 0.765625
vt 0.234375 0.984375
vt 0.015625 0.984375
vt 0.015625 0.765625
vt 0.234375 0.765625
vt 0.234375 0.984375
vt 0.015625 0.984375
vt 0.015625 0.765625
vt 0.234375 0.765625
vt 0.234375 0.984375
vt 0.015625 0.984375
vt 0.015625 0.765625
vt 0.234375 0.765625
vt 0.234375 0.984375
vt 0.015625 0.984375
vt 0.015625 0.765625
vt 0.234375 0.765625
vt 0.234375 0.984375
vt 0.015625 0.984375
vt 0.015625 0.765625
vt 0.234375 0.765625
vt 0.234375 0.984375
vt 0.015625 0.984375
vt 0.015625 0.765625
vt 0.234375 0.765625
vt 0.234375 0.984375
vt 0.015625 0.984375
vt 0.015625 0.765625
vt 0.234375 0.765625
vt 0.234375 0.984375
vt 0.015625 0.984375
vt 0.015625 0.765625
vt 0.234375 0.765625
vt 0.234375 0.984375
vt 0.015625 0.984375
vt 0.015625 0.765625
vt 0.234375 0.765625
vt 0.234375 0.984375
vt 0.015625 0.984375
vt 0.015625 0.765625
vt 0.234375 0.765625
vt 0.234375 0.984375
vt 0.015625 0.984375
vt 0.015625 0.765625
vt 0.234375 0.765625
vt 0.234375 0.984375
vt 0.015625 0.984375
vt 0.015625 0.765625
vt 0.234375 0.765625
vt 0.234375 0.984375
vt 0.015625 0.984375
vt 0.015625 0.765625
vt 0.234375 0.765625
vt 0.234375 0.984375
vt 0.015625 0.984375
vt 0.015625 0.765625
vt 0.234375 0.765625
vt 0.234375 0.984375
vt 0.015625 0.984375
vt 0.015625 0.765625
vt 0.234375 0.765625
vt 0.234375 0.984375
vt 0.015625 0.984375
vt 0.015625 0.765625
vt 0.234375 0.765625
vt 0.234375 0.984375
vt 0.015625 0.984375
vt 0.015625 0.765625
vt 0.234375 0.765625
vt 0.234375 0.984375
vt 0.015625 0.984375
vt 0.015625 0.765625
vt 0.234375 0.765625
vt 0.234375 0.984375
vt 0.015625 0.984375
vt 0.265625 0.515625
vt 0.484375 0.515625
vt 0.484375 0.734375
vt 0.265625 0.515625
vt 0.484375 0.515625
vt 0.484375 0.734375
vt 0.265625 0.515625
vt 0.484375 0.515625
vt 0.484375 0.734375
vt 0.265625 0.515625
vt 0.484375 0.515625
vt 0.484375 0.734375
vt 0.265625 0.515625
vt 0.484375 0.515625
vt 0.484375 0.734375
vt 0.265625 0.515625
vt 0.484375 0.515625
vt 0.484375 0.734375
vt 0.265625 0.515625
vt 0.484375 0.515625
vt 0.484375 0.734375
vt 0.265625 0.515625
vt 0.484375 0.515625
vt 0.484375 0.734375
vt 0.265625 0.515625
vt 0.484375 0.515625
vt 0.484375 0.734375
vt 0.265625 0.515625
vt 0.484375 0.515625
vt 0.484375 0.734375
vt 0.265625 0.515625
vt 0.484375 0.515625
vt 0.484375 0.734375
vt 0.265625 0.515625
vt 0.484375 0.515625
vt 0.484375 0.734375
vt 0.265625 0.515625
vt 0.484375 0.515625
vt 0.484375 0.734375
vt 0.265625 0.515625
vt 0.484375 0.515625
vt 0.484375 0.734375
vt 0.265625 0.515625
vt 0.484375 0.515625
vt 0.484375 0.734375
vt 0.265625 0.515625
vt 0.484375 0.515625
vt 0.484375 0.734375
vt 0.015625 0.515625
vt 0.234375 0.515625
vt 0.234375 0.734375
vt 0.015625 0.515625
vt 0.234375 0.515625
vt 0.234375 0.734375
vt 0.015625 0.515625
vt 0.234375 0.515625
vt 0.234375 0.734375
vt 0.015625 0.515625
vt 0.234375 0.515625
vt 0.234375 0.734375
vt 0.015625 0.515625
vt 0.234375 0.515625
vt 0.234375 0.734375
vt 0.015625 0.515625
vt 0.234375 0.515625
vt 0.234375 0.734375
vt 0.015625 0.515625
vt 0.234375 0.515625
vt 0.234375 0.734375
vt 0.015625 0.515625
vt 0.234375 0.515625
vt 0.234375 0.734375
vt 0.015625 0.515625
vt 0.234375 0.515625
vt 0.234375 0.734375
vt 0.015625 0.515625
vt 0.234375 0.515625
vt 0.234375 0.734375
vt 0.015625 0.515625
vt 0.234375 0.515625
vt 0.234375 0.734375
vt 0.015625 0.515625
vt 0.234375 0.515625
vt 0.234375 0.734375
vt 0.015625 0.515625
vt 0.234375 0.515625
vt 0.234375 0.734375
vt 0.015625 0.515625
vt 0.234375 0.515625
vt 0.234375 0.734375
vt 0.015625 0.515625
vt 0.234375 0.515625
vt 0.234375 0.734375
vt 0.015625 0.515625
vt 0.234375 0.515625
vt 0.234375 0.734375
vt 0.265625 0.265625
vt 0.484375 0.265625
vt 0.484375 0.484375
vt 0.265625 0.265625
vt 0.484375 0.265625
vt 0.484375 0.484375
vt 0.265625 0.265625
vt 0.484375 0.265625
vt 0.484375 0.484375
vt 0.265625 0.265625
vt 0.484375 0.265625
vt 0.484375 0.484375
vt 0.265625 0.265625
vt 0.484375 0.265625
vt 0.484375 0.484375
vt 0.265625 0.265625
vt 0.484375 0.265625
vt 0.484375 0.484375
vt 0.265625 0.265625
vt 0.484375 0.265625
vt 0.484375 0.484375
vt 0.265625 0.265625
vt 0.484375 0.265625
vt 0.484375 0.484375
vt 0.265625 0.515625
vt 0.484375 0.515625
vt 0.484375 0.734375
vt 0.265625 0.515625
vt 0.484375 0.515625
vt 0.484375 0.734375
vt 0.265625 0.515625
vt 0.484375 0.515625
vt 0.484375 0.734375
vt 0.265625 0.515625
vt 0.484375 0.515625
vt 0.484375 0.734375
vt 0.265625 0.515625
vt 0.484375 0.515625
vt 0.484375 0.734375
vt 0.265625 0.515625
vt 0.484375 0.515625
vt 0.484375 0.734375
vt 0.265625 0.515625
vt 0.484375 0.515625
vt 0.484375 0.734375
vt 0.265625 0.515625
vt 0.484375 0.515625
vt 0.484375 0.734375
vt 0.265625 0.515625
vt 0.484375 0.515625
vt 0.484375 0.734375
vt 0.265625 0.515625
vt 0.484375 0.515625
vt 0.484375 0.734375
vt 0.265625 0.515625
vt 0.484375 0.515625
vt 0.484375 0.734375
vt 0.265625 0.515625
vt 0.484375 0.515625
vt 0.484375 0.734375
vt 0.265625 0.515625
vt 0.484375 0.515625
vt 0.484375 0.734375
vt 0.265625 0.515625
vt 0.484375 0.515625
vt 0.484375 0.734375
vt 0.265625 0.515625
vt 0.484375 0.515625
vt 0.484375 0.734375
vt 0.265625 0.515625
vt 0.484375 0.515625
vt 0.484375 0.734375
vt 0.015625 0.515625
vt 0.234375 0.515625
vt 0.234375 0.734375
vt 0.015625 0.515625
vt 0.234375 0.515625
vt 0.234375 0.734375
vt 0.015625 0.515625
vt 0.234375 0.515625
vt 0.234375 0.734375
vt 0.015625 0.515625
vt 0.234375 0.515625
vt 0.234375 0.734375
vt 0.015625 0.515625
vt 0.234375 0.515625
vt 0.234375 0.734375
vt 0.015625 0.515625
vt 0.234375 0.515625
vt 0.234375 0.734375
vt 0.015625 0.515625
vt 0.234375 0.515625
vt 0.234375 0.734375
vt 0.015625 0.515625
vt 0.234375 0.515625
vt 0.234375 0.734375
vt 0.015625 0.515625
vt 0.234375 0.515625
vt 0.234375 0.734375
vt 0.015625 0.515625
vt 0.234375 0.515625
vt 0.234375 0.734375
vt 0.015625 0.515625
vt 0.234375 0.515625
vt 0.234375 0.734375
vt 0.015625 0.515625
vt 0.234375 0.515625
vt 0.234375 0.734375
vt 0.015625 0.515625
vt 0.234375 0.515625
vt 0.234375 0.734375
vt 0.015625 0.515625
vt 0.234375 0.515625
vt 0.234375 0.734375
vt 0.015625 0.515625
vt 0.234375 0.515625
vt 0.234375 0.734375
vt 0.015625 0.515625
vt 0.234375 0.515625
vt 0.234375 0.734375
vt 0.265625 0.265625
vt 0.484375 0.265625
vt 0.484375 0.484375
vt 0.265625 0.265625
vt 0.484375 0.265625
vt 0.484375 0.484375
vt 0.265625 0.265625
vt 0.484375 0.265625
vt 0.484375 0.484375
vt 0.265625 0.265625
vt 0.484375 0.265625
vt 0.484375 0.484375
vt 0.265625 0.265625
vt 0.484375 0.265625
vt 0.484375 0.484375
vt 0.265625 0.265625
vt 0.484375 0.265625
vt 0.484375 0.484375
vt 0.265625 0.265625
vt 0.484375 0.265625
vt 0.484375 0.484375
vt 0.265625 0.265625
vt 0.484375 0.265625
vt 0.484375 0.484375
vt 0.265625 0.515625
vt 0.484375 0.515625
vt 0.484375 0.734375
vt 0.265625 0.515625
vt 0.484375 0.515625
vt 0.484375 0.734375
vt 0.265625 0.515625
vt 0.484375 0.515625
vt 0.484375 0.734375
vt 0.265625 0.515625
vt 0.484375 0.515625
vt 0.484375 0.734375
vt 0.265625 0.515625
vt 0.484375 0.515625
vt 0.484375 0.734375
vt 0.265625 0.515625
vt 0.484375 0.515625
vt 0.484375 0.734375
vt 0.265625 0.515625
vt 0.484375 0.515625
vt 0.484375 0.734375
vt 0.265625 0.515625
vt 0.484375 0.515625
vt 0.484375 0.734375
vt 0.265625 0.515625
vt 0.484375 0.515625
vt 0.484375 0.734375
vt 0.265625 0.515625
vt 0.484375 0.515625
vt 0.484375 0.734375
vt 0.265625 0.515625
vt 0.484375 0.515625
vt 0.484375 0.734375
vt 0.265625 0.515625
vt 0.484375 0.515625
vt 0.484375 0.734375
vt 0.265625 0.515625
vt 0.484375 0.515625
vt 0.484375 0.734375
vt 0.265625 0.515625
vt 0.484375 0.515625
vt 0.484375 0.734375
vt 0.265625 0.515625
vt 0.484375 0.515625
vt 0.484375 0.734375
vt 0.265625 0.515625
vt 0.484375 0.515625
vt 0.484375 0.734375
vt 0.015625 0.515625
vt 0.234375 0.515625
vt 0.234375 0.734375
vt 0.015625 0.515625
vt 0.234375 0.515625
vt 0.234375 0.734375
vt 0.015625 0.515625
vt 0.234375 0.515625
vt 0.234375 0.734375
vt 0.015625 0.515625
vt 0.234375 0.515625
vt 0.234375 0.734375
vt 0.015625 0.515625
vt 0.234375 0.515625
vt 0.234375 0.734375
vt 0.015625 0.515625
vt 0.234375 0.515625
vt 0.234375 0.734375
vt 0.015625 0.515625
vt 0.234375 0.515625
vt 0.234375 0.734375
vt 0.015625 0.515625
vt 0.234375 0.515625
vt 0.234375 0.734375
vt 0.015625 0.515625
vt 0.234375 0.515625
vt 0.234375 0.734375
vt 0.015625 0.515625
vt 0.234375 0.515625
vt 0.234375 0.734375
vt 0.015625 0.515625
vt 0.234375 0.515625
vt 0.234375 0.734375
vt 0.015625 0.515625
vt 0.234375 0.515625
vt 0.234375 0.734375
vt 0.015625 0.515625
vt 0.234375 0.515625
vt 0.234375 0.734375
vt 0.015625 0.515625
vt 0.234375 0.515625
vt 0.234375 0.734375
vt 0.015625 0.515625
vt 0.234375 0.515625
vt 0.234375 0.734375
vt 0.015625 0.515625
vt 0.234375 0.515625
vt 0.234375 0.734375
vt 0.265625 0.265625
vt 0.484375 0.265625
vt 0.484375 0.484375
vt 0.265625 0.265625
vt 0.484375 0.265625
vt 0.484375 0.484375
vt 0.265625 0.265625
vt 0.484375 0.265625
vt 0.484375 0.484375
vt 0.265625 0.265625
vt 0.484375 0.265625
vt 0.484375 0.484375
vt 0.265625 0.265625
vt 0.484375 0.265625
vt 0.484375 0.484375
vt 0.265625 0.265625
vt 0.484375 0.265625
vt 0.484375 0.484375
vt 0.265625 0.265625
vt 0.484375 0.265625
vt 0.484375 0.484375
vt 0.265625 0.265625
vt 0.484375 0.265625
vt 0.484375 0.484375
vt 0.265625 0.515625
vt 0.484375 0.515625
vt 0.484375 0.734375
vt 0.265625 0.515625
vt 0.484375 0.515625
vt 0.484375 0.734375
vt 0.265625 0.515625
vt 0.484375 0.515625
vt 0.484375 0.734375
vt 0.265625 0.515625
vt 0.484375 0.515625
vt 0.484375 0.734375
vt 0.265625 0.515625
vt 0.484375 0.515625
vt 0.484375 0.734375
vt 0.265625 0.515625
vt 0.484375 0.515625
vt 0.484375 0.734375
vt 0.265625 0.515625
vt 0.484375 0.515625
vt 0.484375 0.734375
vt 0.265625 0.515625
vt 0.484375 0.515625
vt 0.484375 0.734375
vt 0.265625 0.515625
vt 0.484375 0.515625
vt 0.484375 0.734375
vt 0.265625 0.515625
vt 0.484375 0.515625
vt 0.484375 0.734375
vt 0.265625 0.515625
vt 0.484375 0.515625
vt 0.484375 0.734375
vt 0.265625 0.515625
vt 0.484375 0.515625
vt 0.484375 0.734375
vt 0.265625 0.515625
vt 0.484375 0.515625
vt 0.484375 0.734375
vt 0.265625 0.515625
vt 0.484375 0.515625
vt 0.484375 0.734375
vt 0.265625 0.515625
vt 0.484375 0.515625
vt 0.484375 0.734375
vt 0.265625 0.515625
vt 0.484375 0.515625
vt 0.484375 0.734375
vt 0.015625 0.515625
vt 0.234375 0.515625
vt 0.234375 0.734375
vt 0.015625 0.515625
vt 0.234375 0.515625
vt 0.234375 0.734375
vt 0.015625 0.515625
vt 0.234375 0.515625
vt 0.234375 0.734375
vt 0.015625 0.515625
vt 0.234375 0.515625
vt 0.234375 0.734375
vt 0.015625 0.515625
vt 0.234375 0.515625
vt 0.234375 0.734375
vt 0.015625 0.515625
vt 0.234375 0.515625
vt 0.234375 0.734375
vt 0.015625 0.515625
vt 0.234375 0.515625
vt 0.234375 0.734375
vt 0.015625 0.515625
vt 0.234375 0.515625
vt 0.234375 0.734375
vt 0.015625 0.515625
vt 0.234375 0.515625
vt 0.234375 0.734375
vt 0.015625 0.515625
vt 0.234375 0.515625
vt 0.234375 0.734375
vt 0.015625 0.515625
vt 0.234375 0.515625
vt 0.234375 0.734375
vt 0.015625 0.515625
vt 0.234375 0.515625
vt 0.234375 0.734375
vt 0.015625 0.515625
vt 0.234375 0.515625
vt 0.234375 0.734375
vt 0.015625 0.515625
vt 0.234375 0.515625
vt 0.234375 0.734375
vt 0.015625 0.515625
vt 0.234375 0.515625
vt 0.234375 0.734375
vt 0.015625 0.515625
vt 0.234375 0.515625
vt 0.234375 0.734375
vt 0.265625 0.265625
vt 0.484375 0.265625
vt 0.484375 0.484375
vt 0.265625 0.265625
vt 0.484375 0.265625
vt 0.484375 0.484375
vt 0.265625 0.265625
vt 0.484375 0.265625
vt 0.484375 0.484375
vt 0.265625 0.265625
vt 0.484375 0.265625
vt 0.484375 0.484375
vt 0.265625 0.265625
vt 0.484375 0.265625
vt 0.484375 0.484375
vt 0.265625 0.265625
vt 0.484375 0.265625
vt 0.484375 0.484375
vt 0.265625 0.265625
vt 0.484375 0.265625
vt 0.484375 0.484375
vt 0.265625 0.265625
vt 0.484375 0.265625
vt 0.484375 0.484375
vt 0.515625 0.515625
vt 0.734375 0.515625
vt 0.734375 0.734375
vt 0.515625 0.734375
vt 0.515625 0.515625
vt 0.734375 0.515625
vt 0.734375 0.734375
vt 0.515625 0.734375
vt 0.515625 0.515625
vt 0.734375 0.515625
vt 0.734375 0.734375
vt 0.515625 0.734375
vt 0.515625 0.515625
vt 0.734375 0.515625
vt 0.734375 0.734375
vt 0.515625 0.734375
vt 0.515625 0.515625
vt 0.734375 0.515625
vt 0.734375 0.734375
vt 0.515625 0.734375
vt 0.515625 0.515625
vt 0.734375 0.515625
vt 0.734375 0.734375
vt 0.515625 0.734375
vt 0.015625 0.765625
vt 0.234375 0.765625
vt 0.234375 0.984375
vt 0.015625 0.984375
vt 0.015625 0.765625
vt 0.234375 0.765625
vt 0.234375 0.984375
vt 0.015625 0.984375
vt 0.015625 0.765625
vt 0.234375 0.765625
vt 0.234375 0.984375
vt 0.015625 0.984375
vt 0.015625 0.765625
vt 0.234375 0.765625
vt 0.234375 0.984375
vt 0.015625 0.984375
vt 0.015625 0.765625
vt 0.234375 0.765625
vt 0.234375 0.984375
vt 0.015625 0.984375
vt 0.015625 0.765625
vt 0.234375 0.765625
vt 0.234375 0.984375
vt 0.015625 0.984375
vt 0.015625 0.765625
vt 0.234375 0.765625
vt 0.234375 0.984375
vt 0.015625 0.984375
vt 0.015625 0.765625
vt 0.234375 0.765625
vt 0.234375 0.984375
vt 0.015625 0.984375
vt 0.015625 0.765625
vt 0.234375 0.765625
vt 0.234375 0.984375
vt 0.015625 0.984375
vt 0.015625 0.765625
vt 0.234375 0.765625
vt 0.234375 0.984375
vt 0.015625 0.984375
vt 0.015625 0.765625
vt 0.234375 0.765625
vt 0.234375 0.984375
vt 0.015625 0.984375
vt 0.015625 0.765625
vt 0.234375 0.765625
vt 0.234375 0.984375
vt 0.015625 0.984375
vt 0.015625 0.765625
vt 0.234375 0.765625
vt 0.234375 0.984375
vt 0.015625 0.984375
vt 0.015625 0.765625
vt 0.234375 0.765625
vt 0.234375 0.984375
vt 0.015625 0.984375
vt 0.015625 0.765625
vt 0.234375 0.765625
vt 0.234375 0.984375
vt 0.015625 0.984375
vt 0.015625 0.765625
vt 0.234375 0.765625
vt 0.234375 0.984375
vt 0.015625 0.984375
vt 0.015625 0.765625
vt 0.234375 0.765625
vt 0.234375 0.984375
vt 0.015625 0.984375
vt 0.015625 0.765625
vt 0.234375 0.765625
vt 0.234375 0.984375
vt 0.015625 0.984375
vt 0.015625 0.765625
vt 0.234375 0.765625
vt 0.234375 0.984375
vt 0.015625 0.984375
vt 0.015625 0.765625
vt 0.234375 0.765625
vt 0.234375 0.984375
vt 0.015625 0.984375
vt 0.015625 0.765625
vt 0.234375 0.765625
vt 0.234375 0.984375
vt 0.015625 0.984375
vt 0.015625 0.765625
vt 0.234375 0.765625
vt 0.234375 0.984375
vt 0.015625 0.984375
vt 0.015625 0.765625
vt 0.234375 0.765625
vt 0.234375 0.984375
vt 0.015625 0.984375
vt 0.015625 0.765625
vt 0.234375 0.765625
vt 0.234375 0.984375
vt 0.015625 0.984375
vt 0.265625 0.515625
vt 0.484375 0.515625
vt 0.484375 0.734375
vt 0.265625 0.515625
vt 0.484375 0.515625
vt 0.484375 0.734375
vt 0.265625 0.515625
vt 0.484375 0.515625
vt 0.484375 0.734375
vt 0.265625 0.515625
vt 0.484375 0.515625
vt 0.484375 0.734375
vt 0.265625 0.515625
vt 0.484375 0.515625
vt 0.484375 0.734375
vt 0.265625 0.515625
vt 0.484375 0.515625
vt 0.484375 0.734375
vt 0.265625 0.515625
vt 0.484375 0.515625
vt 0.484375 0.734375
vt 0.265625 0.515625
vt 0.484375 0.515625
vt 0.484375 0.734375
vt 0.265625 0.515625
vt 0.484375 0.515625
vt 0.484375 0.734375
vt 0.265625 0.515625
vt 0.484375 0.515625
vt 0.484375 0.734375
vt 0.265625 0.515625
vt 0.484375 0.515625
vt 0.484375 0.734375
vt 0.265625 0.515625
vt 0.484375 0.515625
vt 0.484375 0.734375
vt 0.265625 0.515625
vt 0.484375 0.515625
vt 0.484375 0.734375
vt 0.265625 0.515625
vt 0.484375 0.515625
vt 0.484375 0.734375
vt 0.265625 0.515625
vt 0.484375 0.515625
vt 0.484375 0.734375
vt 0.265625 0.515625
vt 0.484375 0.515625
vt 0.484375 0.734375
vt 0.015625 0.515625
vt 0.234375 0.515625
vt 0.234375 0.734375
vt 0.015625 0.515625
vt 0.234375 0.515625
vt 0.234375 0.734375
vt 0.015625 0.515625
vt 0.234375 0.515625
vt 0.234375 0.734375
vt 0.015625 0.515625
vt 0.234375 0.515625
vt 0.234375 0.734375
vt 0.015625 0.515625
vt 0.234375 0.515625
vt 0.234375 0.734375
vt 0.015625 0.515625
vt 0.234375 0.515625
vt 0.234375 0.734375
vt 0.015625 0.515625
vt 0.234375 0.515625
vt 0.234375 0.734375
vt 0.015625 0.515625
vt 0.234375 0.515625
vt 0.234375 0.734375
vt 0.015625 0.515625
vt 0.234375 0.515625
vt 0.234375 0.734375
vt 0.015625 0.515625
vt 0.234375 0.515625
vt 0.234375 0.734375
vt 0.015625 0.515625
vt 0.234375 0.515625
vt 0.234375 0.734375
vt 0.015625 0.515625
vt 0.234375 0.515625
vt 0.234375 0.734375
vt 0.015625 0.515625
vt 0.234375 0.515625
vt 0.234375 0.734375
vt 0.015625 0.515625
vt 0.234375 0.515625
vt 0.234375 0.734375
vt 0.015625 0.515625
vt 0.234375 0.515625
vt 0.234375 0.734375
vt 0.015625 0.515625
vt 0.234375 0.515625
vt 0.234375 0.734375
vt 0.265625 0.265625
vt 0.484375 0.265625
vt 0.484375 0.484375
vt 0.265625 0.265625
vt 0.484375 0.265625
vt 0.484375 0.484375
vt 0.265625 0.265625
vt 0.484375 0.265625
vt 0.484375 0.484375
vt 0.265625 0.265625
vt 0.484375 0.265625
vt 0.484375 0.484375
vt 0.265625 0.265625
vt 0.484375 0.265625
vt 0.484375 0.484375
vt 0.265625 0.265625
vt 0.484375 0.265625
vt 0.484375 0.484375
vt 0.265625 0.265625
vt 0.484375 0.265625
vt 0.484375 0.484375
vt 0.265625 0.265625
vt 0.484375 0.265625
vt 0.484375 0.484375
vt 0.265625 0.515625
vt 0.484375 0.515625
vt 0.484375 0.734375
vt 0.265625 0.515625
vt 0.484375 0.515625
vt 0.484375 0.734375
vt 0.265625 0.515625
vt 0.484375 0.515625
vt 0.484375 0.734375
vt 0.265625 0.515625
vt 0.484375 0.515625
vt 0.484375 0.734375
vt 0.265625 0.515625
vt 0.484375 0.515625
vt 0.484375 0.734375
vt 0.265625 0.515625
vt 0.484375 0.515625
vt 0.484375 0.734375
vt 0.265625 0.515625
vt 0.484375 0.515625
vt 0.484375 0.734375
vt 0.265625 0.515625
vt 0.484375 0.515625
vt 0.484375 0.734375
vt 0.265625 0.515625
vt 0.484375 0.515625
vt 0.484375 0.734375
vt 0.265625 0.515625
vt 0.484375 0.515625
vt 0.484375 0.734375
vt 0.265625 0.515625
vt 0.484375 0.515625
vt 0.484375 0.734375
vt 0.265625 0.515625
vt 0.484375 0.515625
vt 0.484375 0.734375
vt 0.265625 0.515625
vt 0.484375 0.515625
vt 0.484375 0.734375
vt 0.265625 0.515625
vt 0.484375 0.515625
vt 0.484375 0.734375
vt 0.265625 0.515625
vt 0.484375 0.515625
vt 0.484375 0.734375
vt 0.265625 0.515625
vt 0.484375 0.515625
vt 0.484375 0.734375
vt 0.015625 0.515625
vt 0.234375 0.515625
vt 0.234375 0.734375
vt 0.015625 0.515625
vt 0.234375 0.515625
vt 0.234375 0.734375
vt 0.015625 0.515625
vt 0.234375 0.515625
vt 0.234375 0.734375
vt 0.015625 0.515625
vt 0.234375 0.515625
vt 0.234375 0.734375
vt 0.015625 0.515625
vt 0.234375 0.515625
vt 0.234375 0.734375
vt 0.015625 0.515625
vt 0.234375 0.515625
vt 0.234375 0.734375
vt 0.015625 0.515625
vt 0.234375 0.515625
vt 0.234375 0.734375
vt 0.015625 0.515625
vt 0.234375 0.515625
vt 0.234375 0.734375
vt 0.015625 0.515625
vt 0.234375 0.515625
vt 0.234375 0.734375
vt 0.015625 0.515625
vt 0.234375 0.515625
vt 0.234375 0.734375
vt 0.015625 0.515625
vt 0.234375 0.515625
vt 0.234375 0.734375
vt 0.015625 0.515625
vt 0.234375 0.515625
vt 0.234375 0.734375
vt 0.015625 0.515625
vt 0.234375 0.515625
vt 0.234375 0.734375
vt 0.015625 0.515625
vt 0.234375 0.515625
vt 0.234375 0.734375
vt 0.015625 0.515625
vt 0.234375 0.515625
vt 0.234375 0.734375
vt 0.015625 0.515625
vt 0.234375 0.515625
vt 0.234375 0.734375
vt 0.265625 0.265625
vt 0.484375 0.265625
vt 0.484375 0.484375
vt 0.265625 0.265625
vt 0.484375 0.265625
vt 0.484375 0.484375
vt 0.265625 0.265625
vt 0.484375 0.265625
vt 0.484375 0.484375
vt 0.265625 0.265625
vt 0.484375 0.265625
vt 0.484375 0.484375
vt 0.265625 0.265625
vt 0.484375 0.265625
vt 0.484375 0.484375
vt 0.265625 0.265625
vt 0.484375 0.265625
vt 0.484375 0.484375
vt 0.265625 0.265625
vt 0.484375 0.265625
vt 0.484375 0.484375
vt 0.265625 0.265625
vt 0.484375 0.265625
vt 0.484375 0.484375
vt 0.265625 0.515625
vt 0.484375 0.515625
vt 0.484375 0.734375
vt 0.265625 0.515625
vt 0.484375 0.515625
vt 0.484375 0.734375
vt 0.265625 0.515625
vt 0.484375 0.515625
vt 0.484375 0.734375
vt 0.265625 0.515625
vt 0.484375 0.515625
vt 0.484375 0.734375
vt 0.265625 0.515625
vt 0.484375 0.515625
vt 0.484375 0.734375
vt 0.265625 0.515625
vt 0.484375 0.515625
vt 0.484375 0.734375
vt 0.265625 0.515625
vt 0.484375 0.515625
vt 0.484375 0.734375
vt 0.265625 0.515625
vt 0.484375 0.515625
vt 0.484375 0.734375
vt 0.265625 0.515625
vt 0.484375 0.515625
vt 0.484375 0.734375
vt 0.265625 0.515625
vt 0.484375 0.515625
vt 0.484375 0.734375
vt 0.265625 0.515625
vt 0.484375 0.515625
vt 0.484375 0.734375
vt 0.265625 0.515625
vt 0.484375 0.515625
vt 0.484375 0.734375
vt 0.265625 0.515625
vt 0.484375 0.515625
vt 0.484375 0.734375
vt 0.265625 0.515625
vt 0.484375 0.515625
vt 0.484375 0.734375
vt 0.265625 0.515625
vt 0.484375 0.515625
vt 0.484375 0.734375
vt 0.265625 0.515625
vt 0.484375 0.515625
vt 0.484375 0.734375
vt 0.015625 0.515625
vt 0.234375 0.515625
vt 0.234375 0.734375
vt 0.015625 0.515625
vt 0.234375 0.515625
vt 0.234375 0.734375
vt 0.015625 0.515625
vt 0.234375 0.515625
vt 0.234375 0.734375
vt 0.015625 0.515625
vt 0.234375 0.515625
vt 0.234375 0.734375
vt 0.015625 0.515625
vt 0.234375 0.515625
vt 0.234375 0.734375
vt 0.015625 0.515625
vt 0.234375 0.515625
vt 0.234375 0.734375
vt 0.015625 0.515625
vt 0.234375 0.515625
vt 0.234375 0.734375
vt 0.015625 0.515625
vt 0.234375 0.515625
vt 0.234375 0.734375
vt 0.015625 0.515625
vt 0.234375 0.515625
vt 0.234375 0.734375
vt 0.015625 0.515625
vt 0.234375 0.515625
vt 0.234375 0.734375
vt 0.015625 0.515625
vt 0.234375 0.515625
vt 0.234375 0.734375
vt 0.015625 0.515625
vt 0.234375 0.515625
vt 0.234375 0.734375
vt 0.015625 0.515625
vt 0.234375 0.515625
vt 0.234375 0.734375
vt 0.015625 0.515625
vt 0.234375 0.515625
vt 0.234375 0.734375
vt 0.015625 0.515625
vt 0.234375 0.515625
vt 0.234375 0.734375
vt 0.015625 0.515625
vt 0.234375 0.515625
vt 0.234375 0.734375
vt 0.265625 0.265625
vt 0.484375 0.265625
vt 0.484375 0.484375
vt 0.265625 0.265625
vt 0.484375 0.265625
vt 0.484375 0.484375
vt 0.265625 0.265625
vt 0.484375 0.265625
vt 0.484375 0.484375
vt 0.265625 0.265625
vt 0.484375 0.265625
vt 0.484375 0.484375
vt 0.265625 0.265625
vt 0.484375 0.265625
vt 0.484375 0.484375
vt 0.265625 0.265625
vt 0.484375 0.265625
vt 0.484375 0.484375
vt 0.265625 0.265625
vt 0.484375 0.265625
vt 0.484375 0.484375
vt 0.265625 0.265625
vt 0.484375 0.265625
vt 0.484375 0.484375
vt 0.265625 0.515625
vt 0.484375 0.515625
vt 0.484375 0.734375
vt 0.265625 0.515625
vt 0.484375 0.515625
vt 0.484375 0.734375
vt 0.265625 0.515625
vt 0.484375 0.515625
vt 0.484375 0.734375
vt 0.265625 0.515625
vt 0.484375 0.515625
vt 0.484375 0.734375
vt 0.265625 0.515625
vt 0.484375 0.515625
vt 0.484375 0.734375
vt 0.265625 0.515625
vt 0.484375 0.515625
vt 0.484375 0.734375
vt 0.265625 0.515625
vt 0.484375 0.515625
vt 0.484375 0.734375
vt 0.265625 0.515625
vt 0.484375 0.515625
vt 0.484375 0.734375
vt 0.265625 0.515625
vt 0.484375 0.515625
vt 0.484375 0.734375
vt 0.265625 0.515625
vt 0.484375 0.515625
vt 0.484375 0.734375
vt 0.265625 0.515625
vt 0.484375 0.515625
vt 0.484375 0.734375
vt 0.265625 0.515625
vt 0.484375 0.515625
vt 0.484375 0.734375
vt 0.265625 0.515625
vt 0.484375 0.515625
vt 0.484375 0.734375
vt 0.265625 0.515625
vt 0.484375 0.515625
vt 0.484375 0.734375
vt 0.265625 0.515625
vt 0.484375 0.515625
vt 0.484375 0.734375
vt 0.265625 0.515625
vt 0.484375 0.515625
vt 0.484375 0.734375
vt 0.015625 0.515625
vt 0.234375 0.515625
vt 0.234375 0.734375
vt 0.015625 0.515625
vt 0.234375 0.515625
vt 0.234375 0.734375
vt 0.015625 0.515625
vt 0.234375 0.515625
vt 0.234375 0.734375
vt 0.015625 0.515625
vt 0.234375 0.515625
vt 0.234375 0.734375
vt 0.015625 0.515625
vt 0.234375 0.515625
vt 0.234375 0.734375
vt 0.015625 0.515625
vt 0.234375 0.515625
vt 0.234375 0.734375
vt 0.015625 0.515625
vt 0.234375 0.515625
vt 0.234375 0.734375
vt 0.015625 0.515625
vt 0.234375 0.515625
vt 0.234375 0.734375
vt 0.015625 0.515625
vt 0.234375 0.515625
vt 0.234375 0.734375
vt 0.015625 0.515625
vt 0.234375 0.515625
vt 0.234375 0.734375
vt 0.015625 0.515625
vt 0.234375 0.515625
vt 0.234375 0.734375
vt 0.015625 0.515625
vt 0.234375 0.515625
vt 0.234375 0.734375
vt 0.015625 0.515625
vt 0.234375 0.515625
vt 0.234375 0.734375
vt 0.015625 0.515625
vt 0.234375 0.515625
vt 0.234375 0.734375
vt 0.015625 0.515625
vt 0.234375 0.515625
vt 0.234375 0.734375
vt 0.015625 0.515625
vt 0.234375 0.515625
vt 0.234375 0.734375
vt 0.265625 0.265625
vt 0.484375 0.265625
vt 0.484375 0.484375
vt 0.265625 0.265625
vt 0.484375 0.265625
vt 0.484375 0.484375
vt 0.265625 0.265625
vt 0.484375 0.265625
vt 0.484375 0.484375
vt 0.265625 0.265625
vt 0.484375 0.265625
vt 0.484375 0.484375
vt 0.265625 0.265625
vt 0.484375 0.265625
vt 0.484375 0.484375
vt 0.265625 0.265625
vt 0.484375 0.265625
vt 0.484375 0.484375
vt 0.265625 0.265625
vt 0.484375 0.265625
vt 0.484375 0.484375
vt 0.265625 0.265625
vt 0.484375 0.265625
vt 0.484375 0.484375
vt 0.765625 0.265625
vt 0.984375 0.265625
vt 0.984375 0.484375
vt 0.765625 0.484375
vt 0.765625 0.265625
vt 0.984375 0.265625
vt 0.984375 0.484375
vt 0.765625 0.484375
vt 0.765625 0.265625
vt 0.984375 0.265625
vt 0.984375 0.484375
vt 0.765625 0.484375
vt 0.765625 0.265625
vt 0.984375 0.265625
vt 0.984375 0.484375
vt 0.765625 0.484375
vt 0.765625 0.265625
vt 0.984375 0.265625
vt 0.984375 0.484375
vt 0.765625 0.484375
vt 0.765625 0.265625
vt 0.984375 0.265625
vt 0.984375 0.484375
vt 0.765625 0.484375
vt 0.765625 0.265625
vt 0.984375 0.265625
vt 0.984375 0.484375
vt 0.765625 0.484375
vt 0.765625 0.265625
vt 0.984375 0.265625
vt 0.984375 0.484375
vt 0.765625 0.484375
vt 0.765625 0.265625
vt 0.984375 0.265625
vt 0.984375 0.484375
vt 0.765625 0.484375
vt 0.765625 0.265625
vt 0.984375 0.265625
vt 0.984375 0.484375
vt 0.765625 0.484375
vt 0.765625 0.265625
vt 0.984375 0.265625
vt 0.984375 0.484375
vt 0.765625 0.484375
vt 0.765625 0.265625
vt 0.984375 0.265625
vt 0.984375 0.484375
vt 0.765625 0.484375
vn 0.00000000 0.00000000 -1.00000000
vn 0.00000000 0.00000000 1.00000000
vn -1.00000000 0.00000000 0.00000000
vn 1.00000000 0.00000000 0.00000000
vn 0.00000000 -1.00000000 0.00000000
vn 0.00000000 1.00000000 0.00000000
vn 0.00000000 0.00000000 -1.00000000
vn 0.00000000 0.00000000 1.00000000
vn -1.00000000 0.00000000 0.00000000
vn 1.00000000 0.00000000 0.00000000
vn 0.00000000 -1.00000000 0.00000000
vn 0.00000000 1.00000000 0.00000000
vn 0.00000000 0.00000000 -1.00000000
vn 0.00000000 0.00000000 1.00000000
vn -1.00000000 0.00000000 0.00000000
vn 1.00000000 0.00000000 0.00000000
vn 0.00000000 -1.00000000 0.00000000
vn 0.00000000 1.00000000 0.00000000
vn 0.00000000 0.00000000 -1.00000000
vn 0.00000000 0.00000000 1.00000000
vn -1.00000000 0.00000000 0.00000000
vn 1.00000000 0.00000000 0.00000000
vn 0.00000000 -1.00000000 0.00000000
vn 0.00000000 1.00000000 0.00000000
vn 0.00000000 0.00000000 -1.00000000
vn 0.00000000 0.00000000 1.00000000
vn -1.00000000 0.00000000 0.00000000
vn 1.00000000 0.00000000 0.00000000
vn 0.00000000 -1.00000000 0.00000000
vn 0.00000000 1.00000000 0.00000000
vn 0.00000000 0.00000000 -1.00000000
vn 0.00000000 0.00000000 1.00000000
vn -1.00000000 0.00000000 0.00000000
vn 1.00000000 0.00000000 0.00000000
vn 0.00000000 -1.00000000 0.00000000
vn 0.00000000 1.00000000 0.00000000
vn 0.00000000 0.00000000 -1.00000000
vn 0.00000000 0.00000000 1.00000000
vn -1.00000000 0.00000000 0.00000000
vn 1.00000000 0.00000000 0.00000000
vn 0.00000000 -1.00000000 0.00000000
vn 0.00000000 1.00000000 0.00000000
vn 0.00000000 0.00000000 -1.00000000
vn 0.00000000 0.00000000 1.00000000
vn -1.00000000 0.00000000 0.00000000
vn 1.00000000 0.00000000 0.00000000
vn 0.00000000 -1.00000000 0.00000000
vn 0.00000000 1.00000000 0.00000000
vn -0.94287423 -0.33314889 0.00000000
vn 0.94287423 0.33314889 -0.00000000
vn 0.00000000 0.00000000 -1.00000000
vn -0.00000000 0.00000000 1.00000000
vn -0.33316864 0.94286725 0.00000000
vn 0.33316864 -0.94286725 0.00000000
vn 0.00000000 0.00000000 -1.00000000
vn 0.00000000 0.00000000 1.00000000
vn -1.00000000 0.00000000 0.00000000
vn 1.00000000 0.00000000 0.00000000
vn 0.00000000 -1.00000000 0.00000000
vn 0.00000000 1.00000000 0.00000000
vn 0.94287423 -0.33314889 0.00000000
vn -0.94287423 0.33314889 0.00000000
vn 0.00000000 0.00000000 1.00000000
vn -0.00000000 0.00000000 -1.00000000
vn 0.33316864 0.94286725 0.00000000
vn -0.33316864 -0.94286725 0.00000000
vn 0.00000000 0.00000000 -1.00000000
vn 0.00000000 0.00000000 1.00000000
vn -1.00000000 0.00000000 0.00000000
vn 1.00000000 0.00000000 0.00000000
vn 0.00000000 -1.00000000 0.00000000
vn 0.00000000 1.00000000 0.00000000
vn 0.00000000 0.00000000 -1.00000000
vn 0.00000000 0.00000000 1.00000000
vn -1.00000000 0.00000000 0.00000000
vn 1.00000000 0.00000000 0.00000000
vn 0.00000000 -1.00000000 0.00000000
vn 0.00000000 1.00000000 0.00000000
vn -0.94287423 -0.33314889 0.00000000
vn 0.94287423 0.33314889 -0.00000000
vn 0.00000000 0.00000000 -1.00000000
vn -0.00000000 0.00000000 1.00000000
vn -0.33316864 0.94286725 0.00000000
vn 0.33316864 -0.94286725 0.00000000
vn 0.00000000 0.00000000 -1.00000000
vn 0.00000000 0.00000000 1.00000000
vn -1.00000000 0.00000000 0.00000000
vn 1.00000000 0.00000000 0.00000000
vn 0.00000000 -1.00000000 0.00000000
vn 0.00000000 1.00000000 0.00000000
vn 0.94287423 -0.33314889 0.00000000
vn -0.94287423 0.33314889 0.00000000
vn 0.00000000 0.00000000 1.00000000
vn -0.00000000 0.00000000 -1.00000000
vn 0.33316864 0.94286725 0.00000000
vn -0.33316864 -0.94286725 0.00000000
vn 0.00000000 0.00000000 -1.00000000
vn 0.00000000 0.00000000 1.00000000
vn -1.00000000 0.00000000 0.00000000
vn 1.00000000 0.00000000 0.00000000
vn 0.00000000 -1.00000000 0.00000000
vn 0.00000000 1.00000000 0.00000000
vn 0.00000000 0.00000000 -1.00000000
vn 0.00000000 0.00000000 1.00000000
vn -1.00000000 0.00000000 0.00000000
vn 1.00000000 0.00000000 0.00000000
vn 0.00000000 -1.00000000 0.00000000
vn 0.00000000 1.00000000 0.00000000
vn -0.94287423 -0.33314889 0.00000000
vn 0.94287423 0.33314889 -0.00000000
vn 0.00000000 0.00000000 -1.00000000
vn -0.00000000 0.00000000 1.00000000
vn -0.33316864 0.94286725 0.00000000
vn 0.33316864 -0.94286725 0.00000000
vn 0.00000000 0.00000000 -1.00000000
vn 0.00000000 0.00000000 1.00000000
vn -1.00000000 0.00000000 0.00000000
vn 1.00000000 0.00000000 0.00000000
vn 0.00000000 -1.00000000 0.00000000
vn 0.00000000 1.00000000 0.00000000
vn 0.94287423 -0.33314889 0.00000000
vn -0.94287423 0.33314889 0.00000000
vn 0.00000000 0.00000000 1.00000000
vn -0.00000000 0.00000000 -1.00000000
vn 0.33316864 0.94286725 0.00000000
vn -0.33316864 -0.94286725 0.00000000
vn 0.00000000 0.00000000 -1.00000000
vn 0.00000000 0.00000000 1.00000000
vn -1.00000000 0.00000000 0.00000000
vn 1.00000000 0.00000000 0.00000000
vn 0.00000000 -1.00000000 0.00000000
vn 0.00000000 1.00000000 0.00000000
vn 0.00000000 0.00000000 -1.00000000
vn 0.00000000 0.00000000 1.00000000
vn -1.00000000 0.00000000 0.00000000
vn 1.00000000 0.00000000 0.00000000
vn 0.00000000 -1.00000000 0.00000000
vn 0.00000000 1.00000000 0.00000000
vn -0.94287423 -0.33314889 0.00000000
vn 0.94287423 0.33314889 -0.00000000
vn 0.00000000 0.00000000 -1.00000000
vn -0.00000000 0.00000000 1.00000000
vn -0.33316864 0.94286725 0.00000000
vn 0.33316864 -0.94286725 0.00000000
vn 0.00000000 0.00000000 -1.00000000
vn 0.00000000 0.00000000 1.00000000
vn -1.00000000 0.00000000 0.00000000
vn 1.00000000 0.00000000 0.00000000
vn 0.00000000 -1.00000000 0.00000000
vn 0.00000000 1.00000000 0.00000000
vn 0.94287423 -0.33314889 0.00000000
vn -0.94287423 0.33314889 0.00000000
vn 0.00000000 0.00000000 1.00000000
vn -0.00000000 0.00000000 -1.00000000
vn 0.33316864 0.94286725 0.00000000
vn -0.33316864 -0.94286725 0.00000000
vn 0.00000000 0.00000000 -1.00000000
vn 0.00000000 0.00000000 1.00000000
vn -1.00000000 0.00000000 0.00000000
vn 1.00000000 0.00000000 0.00000000
vn 0.00000000 -1.00000000 0.00000000
vn 0.00000000 1.00000000 0.00000000
vn 0.00000000 -0.00000000 -1.00000000
vn 0.00000000 0.00000000 1.00000000
vn 1.00000000 0.00000000 -0.00000000
vn -1.00000000 0.00000000 0.00000000
vn 0.00000000 1.00000000 0.00000000
vn 0.00000000 -1.00000000 0.00000000
vn -0.94868330 -0.31622777 0.00000000
vn 0.94868330 0.31622777 -0.00000000
vn 0.00000000 0.00000000 -1.00000000
vn -0.00000000 0.00000000 1.00000000
vn -0.31622777 0.94868330 0.00000000
vn 0.31622777 -0.94868330 0.00000000
vn 0.94868330 -0.31622777 0.00000000
vn -0.94868330 0.31622777 0.00000000
vn 0.00000000 0.00000000 1.00000000
vn -0.00000000 0.00000000 -1.00000000
vn 0.31622777 0.94868330 0.00000000
vn -0.31622777 -0.94868330 0.00000000
vn 0.00000000 -0.00000000 -1.00000000
vn 0.00000000 0.00000000 1.00000000
vn 0.00000000 0.00000000 1.00000000
vn 0.00000000 -0.00000000 -1.00000000
vn 0.00000000 0.00000000 -1.00000000
vn 0.00000000 0.00000000 1.00000000
vn -1.00000000 0.00000000 0.00000000
vn 1.00000000 0.00000000 0.00000000
vn 0.00000000 -1.00000000 0.00000000
vn 0.00000000 1.00000000 0.00000000
vn 0.00000000 0.00000000 -1.00000000
vn 0.00000000 0.00000000 1.00000000
vn -1.00000000 0.00000000 0.00000000
vn 1.00000000 0.00000000 0.00000000
vn 0.00000000 -1.00000000 0.00000000
vn 0.00000000 1.00000000 0.00000000
vn 0.00000000 0.00000000 -1.00000000
vn 0.00000000 0.00000000 1.00000000
vn -1.00000000 0.00000000 0.00000000
vn 1.00000000 0.00000000 0.00000000
vn 0.00000000 -1.00000000 0.00000000
vn 0.00000000 1.00000000 0.00000000
vn 0.00000000 0.00000000 -1.00000000
vn 0.00000000 0.00000000 1.00000000
vn -1.00000000 0.00000000 0.00000000
vn 1.00000000 0.00000000 0.00000000
vn 0.00000000 -1.00000000 0.00000000
vn 0.00000000 1.00000000 0.00000000
vn 0.00000000 0.00000000 -1.00000000
vn 0.00000000 0.00000000 1.00000000
vn -1.00000000 0.00000000 0.00000000
vn 1.00000000 0.00000000 0.00000000
vn 0.00000000 -1.00000000 0.00000000
vn 0.00000000 1.00000000 0.00000000
vn -0.50697940 0.69709668 0.50697940
vn -0.50697940 -0.69709668 0.50697940
vn 0.50697940 0.69709668 0.50697940
vn 0.50697940 -0.69709668 0.50697940
vn 0.50697940 0.69709668 -0.50697940
vn 0.50697940 -0.69709668 -0.50697940
vn -0.50697940 0.69709668 -0.50697940
vn -0.50697940 -0.69709668 -0.50697940
vn -0.50697940 0.69709668 0.50697940
vn -0.50697940 -0.69709668 0.50697940
vn 0.50697940 0.69709668 0.50697940
vn 0.50697940 -0.69709668 0.50697940
vn 0.50697940 0.69709668 -0.50697940
vn 0.50697940 -0.69709668 -0.50697940
vn -0.50697940 0.69709668 -0.50697940
vn -0.50697940 -0.69709668 -0.50697940
vn -0.50697940 0.69709668 0.50697940
vn -0.50697940 -0.69709668 0.50697940
vn 0.50697940 0.69709668 0.50697940
vn 0.50697940 -0.69709668 0.50697940
vn 0.50697940 0.69709668 -0.50697940
vn 0.50697940 -0.69709668 -0.50697940
vn -0.50697940 0.69709668 -0.50697940
vn -0.50697940 -0.69709668 -0.50697940
vn -0.50697940 0.69709668 0.50697940
vn -0.50697940 -0.69709668 0.50697940
vn 0.50697940 0.69709668 0.50697940
vn 0.50697940 -0.69709668 0.50697940
vn 0.50697940 0.69709668 -0.50697940
vn 0.50697940 -0.69709668 -0.50697940
vn -0.50697940 0.69709668 -0.50697940
vn -0.50697940 -0.69709668 -0.50697940
vn -0.54997194 0.62853936 0.54997194
vn -0.54997194 -0.62853936 0.54997194
vn 0.54997194 0.62853936 0.54997194
vn 0.54997194 -0.62853936 0.54997194
vn 0.54997194 0.62853936 -0.54997194
vn 0.54997194 -0.62853936 -0.54997194
vn -0.54997194 0.62853936 -0.54997194
vn -0.54997194 -0.62853936 -0.54997194
vn -0.50697940 0.69709668 0.50697940
vn -0.50697940 -0.69709668 0.50697940
vn 0.50697940 0.69709668 0.50697940
vn 0.50697940 -0.69709668 0.50697940
vn 0.50697940 0.69709668 -0.50697940
vn 0.50697940 -0.69709668 -0.50697940
vn -0.50697940 0.69709668 -0.50697940
vn -0.50697940 -0.69709668 -0.50697940
vn -0.50697940 0.69709668 0.50697940
vn -0.50697940 -0.69709668 0.50697940
vn 0.50697940 0.69709668 0.50697940
vn 0.50697940 -0.69709668 0.50697940
vn 0.50697940 0.69709668 -0.50697940
vn 0.50697940 -0.69709668 -0.50697940
vn -0.50697940 0.69709668 -0.50697940
vn -0.50697940 -0.69709668 -0.50697940
vn -0.50697940 0.69709668 0.50697940
vn -0.50697940 -0.69709668 0.50697940
vn 0.50697940 0.69709668 0.50697940
vn 0.50697940 -0.69709668 0.50697940
vn 0.50697940 0.69709668 -0.50697940
vn 0.50697940 -0.69709668 -0.50697940
vn -0.50697940 0.69709668 -0.50697940
vn -0.50697940 -0.69709668 -0.50697940
vn -0.50697940 0.69709668 0.50697940
vn -0.50697940 -0.69709668 0.50697940
vn 0.50697940 0.69709668 0.50697940
vn 0.50697940 -0.69709668 0.50697940
vn 0.50697940 0.69709668 -0.50697940
vn 0.50697940 -0.69709668 -0.50697940
vn -0.50697940 0.69709668 -0.50697940
vn -0.50697940 -0.69709668 -0.50697940
vn -0.54997194 0.62853936 0.54997194
vn -0.54997194 -0.62853936 0.54997194
vn 0.54997194 0.62853936 0.54997194
vn 0.54997194 -0.62853936 0.54997194
vn 0.54997194 0.62853936 -0.54997194
vn 0.54997194 -0.62853936 -0.54997194
vn -0.54997194 0.62853936 -0.54997194
vn -0.54997194 -0.62853936 -0.54997194
vn -0.50697940 0.69709668 0.50697940
vn -0.50697940 -0.69709668 0.50697940
vn 0.50697940 0.69709668 0.50697940
vn 0.50697940 -0.69709668 0.50697940
vn 0.50697940 0.69709668 -0.50697940
vn 0.50697940 -0.69709668 -0.50697940
vn -0.50697940 0.69709668 -0.50697940
vn -0.50697940 -0.69709668 -0.50697940
vn -0.50697940 0.69709668 0.50697940
vn -0.50697940 -0.69709668 0.50697940
vn 0.50697940 0.69709668 0.50697940
vn 0.50697940 -0.69709668 0.50697940
vn 0.50697940 0.69709668 -0.50697940
vn 0.50697940 -0.69709668 -0.50697940
vn -0.50697940 0.69709668 -0.50697940
vn -0.50697940 -0.69709668 -0.50697940
vn -0.50697940 0.69709668 0.50697940
vn -0.50697940 -0.69709668 0.50697940
vn 0.50697940 0.69709668 0.50697940
vn 0.50697940 -0.69709668 0.50697940
vn 0.50697940 0.69709668 -0.50697940
vn 0.50697940 -0.69709668 -0.50697940
vn -0.50697940 0.69709668 -0.50697940
vn -0.50697940 -0.69709668 -0.50697940
vn -0.50697940 0.69709668 0.50697940
vn -0.50697940 -0.69709668 0.50697940
vn 0.50697940 0.69709668 0.50697940
vn 0.50697940 -0.69709668 0.50697940
vn 0.50697940 0.69709668 -0.50697940
vn 0.50697940 -0.69709668 -0.50697940
vn -0.50697940 0.69709668 -0.50697940
vn -0.50697940 -0.69709668 -0.50697940
vn -0.54997194 0.62853936 0.54997194
vn -0.54997194 -0.62853936 0.54997194
vn 0.54997194 0.62853936 0.54997194
vn 0.54997194 -0.62853936 0.54997194
vn 0.54997194 0.62853936 -0.54997194
vn 0.54997194 -0.62853936 -0.54997194
vn -0.54997194 0.62853936 -0.54997194
vn -0.54997194 -0.62853936 -0.54997194
vn -0.50697940 0.69709668 0.50697940
vn -0.50697940 -0.69709668 0.50697940
vn 0.50697940 0.69709668 0.50697940
vn 0.50697940 -0.69709668 0.50697940
vn 0.50697940 0.69709668 -0.50697940
vn 0.50697940 -0.69709668 -0.50697940
vn -0.50697940 0.69709668 -0.50697940
vn -0.50697940 -0.69709668 -0.50697940
vn -0.50697940 0.69709668 0.50697940
vn -0.50697940 -0.69709668 0.50697940
vn 0.50697940 0.69709668 0.50697940
vn 0.50697940 -0.69709668 0.50697940
vn 0.50697940 0.69709668 -0.50697940
vn 0.50697940 -0.69709668 -0.50697940
vn -0.50697940 0.69709668 -0.50697940
vn -0.50697940 -0.69709668 -0.50697940
vn -0.50697940 0.69709668 0.50697940
vn -0.50697940 -0.69709668 0.50697940
vn 0.50697940 0.69709668 0.50697940
vn 0.50697940 -0.69709668 0.50697940
vn 0.50697940 0.69709668 -0.50697940
vn 0.50697940 -0.69709668 -0.50697940
vn -0.50697940 0.69709668 -0.50697940
vn -0.50697940 -0.69709668 -0.50697940
vn -0.50697940 0.69709668 0.50697940
vn -0.50697940 -0.69709668 0.50697940
vn 0.50697940 0.69709668 0.50697940
vn 0.50697940 -0.69709668 0.50697940
vn 0.50697940 0.69709668 -0.50697940
vn 0.50697940 -0.69709668 -0.50697940
vn -0.50697940 0.69709668 -0.50697940
vn -0.50697940 -0.69709668 -0.50697940
vn -0.54997194 0.62853936 0.54997194
vn -0.54997194 -0.62853936 0.54997194
vn 0.54997194 0.62853936 0.54997194
vn 0.54997194 -0.62853936 0.54997194
vn 0.54997194 0.62853936 -0.54997194
vn 0.54997194 -0.62853936 -0.54997194
vn -0.54997194 0.62853936 -0.54997194
vn -0.54997194 -0.62853936 -0.54997194
vn 0.00000000 0.00000000 -1.00000000
vn 0.00000000 0.00000000 1.00000000
vn -1.00000000 0.00000000 0.00000000
vn 1.00000000 0.00000000 0.00000000
vn 0.00000000 -1.00000000 0.00000000
vn 0.00000000 1.00000000 0.00000000
vn 0.00000000 0.00000000 -1.00000000
vn 0.00000000 0.00000000 1.00000000
vn -1.00000000 0.00000000 0.00000000
vn 1.00000000 0.00000000 0.00000000
vn 0.00000000 -1.00000000 0.00000000
vn 0.00000000 1.00000000 0.00000000
vn 0.00000000 0.00000000 -1.00000000
vn 0.00000000 0.00000000 1.00000000
vn -1.00000000 0.00000000 0.00000000
vn 1.00000000 0.00000000 0.00000000
vn 0.00000000 -1.00000000 0.00000000
vn 0.00000000 1.00000000 0.00000000
vn 0.00000000 0.00000000 -1.00000000
vn 0.00000000 0.00000000 1.00000000
vn -1.00000000 0.00000000 0.00000000
vn 1.00000000 0.00000000 0.00000000
vn 0.00000000 -1.00000000 0.00000000
vn 0.00000000 1.00000000 0.00000000
vn 0.00000000 0.00000000 -1.00000000
vn 0.00000000 0.00000000 1.00000000
vn -1.00000000 0.00000000 0.00000000
vn 1.00000000 0.00000000 0.00000000
vn 0.00000000 -1.00000000 0.00000000
vn 0.00000000 1.00000000 0.00000000
vn -0.50697940 0.69709668 0.50697940
vn -0.50697940 -0.69709668 0.50697940
vn 0.50697940 0.69709668 0.50697940
vn 0.50697940 -0.69709668 0.50697940
vn 0.50697940 0.69709668 -0.50697940
vn 0.50697940 -0.69709668 -0.50697940
vn -0.50697940 0.69709668 -0.50697940
vn -0.50697940 -0.69709668 -0.50697940
vn -0.50697940 0.69709668 0.50697940
vn -0.50697940 -0.69709668 0.50697940
vn 0.50697940 0.69709668 0.50697940
vn 0.50697940 -0.69709668 0.50697940
vn 0.50697940 0.69709668 -0.50697940
vn 0.50697940 -0.69709668 -0.50697940
vn -0.50697940 0.69709668 -0.50697940
vn -0.50697940 -0.69709668 -0.50697940
vn -0.50697940 0.69709668 0.50697940
vn -0.50697940 -0.69709668 0.50697940
vn 0.50697940 0.69709668 0.50697940
vn 0.50697940 -0.69709668 0.50697940
vn 0.50697940 0.69709668 -0.50697940
vn 0.50697940 -0.69709668 -0.50697940
vn -0.50697940 0.69709668 -0.50697940
vn -0.50697940 -0.69709668 -0.50697940
vn -0.50697940 0.69709668 0.50697940
vn -0.50697940 -0.69709668 0.50697940
vn 0.50697940 0.69709668 0.50697940
vn 0.50697940 -0.69709668 0.50697940
vn 0.50697940 0.69709668 -0.50697940
vn 0.50697940 -0.69709668 -0.50697940
vn -0.50697940 0.69709668 -0.50697940
vn -0.50697940 -0.69709668 -0.50697940
vn -0.54997194 0.62853936 0.54997194
vn -0.54997194 -0.62853936 0.54997194
vn 0.54997194 0.62853936 0.54997194
vn 0.54997194 -0.62853936 0.54997194
vn 0.54997194 0.62853936 -0.54997194
vn 0.54997194 -0.62853936 -0.54997194
vn -0.54997194 0.62853936 -0.54997194
vn -0.54997194 -0.62853936 -0.54997194
vn -0.50697940 0.69709668 0.50697940
vn -0.50697940 -0.69709668 0.50697940
vn 0.50697940 0.69709668 0.50697940
vn 0.50697940 -0.69709668 0.50697940
vn 0.50697940 0.69709668 -0.50697940
vn 0.50697940 -0.69709668 -0.50697940
vn -0.50697940 0.69709668 -0.50697940
vn -0.50697940 -0.69709668 -0.50697940
vn -0.50697940 0.69709668 0.50697940
vn -0.50697940 -0.69709668 0.50697940
vn 0.50697940 0.69709668 0.50697940
vn 0.50697940 -0.69709668 0.50697940
vn 0.50697940 0.69709668 -0.50697940
vn 0.50697940 -0.69709668 -0.50697940
vn -0.50697940 0.69709668 -0.50697940
vn -0.50697940 -0.69709668 -0.50697940
vn -0.50697940 0.69709668 0.50697940
vn -0.50697940 -0.69709668 0.50697940
vn 0.50697940 0.69709668 0.50697940
vn 0.50697940 -0.69709668 0.50697940
vn 0.50697940 0.69709668 -0.50697940
vn 0.50697940 -0.69709668 -0.50697940
vn -0.50697940 0.69709668 -0.50697940
vn -0.50697940 -0.69709668 -0.50697940
vn -0.50697940 0.69709668 0.50697940
vn -0.50697940 -0.69709668 0.50697940
vn 0.50697940 0.69709668 0.50697940
vn 0.50697940 -0.69709668 0.50697940
vn 0.50697940 0.69709668 -0.50697940
vn 0.50697940 -0.69709668 -0.50697940
vn -0.50697940 0.69709668 -0.50697940
vn -0.50697940 -0.69709668 -0.50697940
vn -0.54997194 0.62853936 0.54997194
vn -0.54997194 -0.62853936 0.54997194
vn 0.54997194 0.62853936 0.54997194
vn 0.54997194 -0.62853936 0.54997194
vn 0.54997194 0.62853936 -0.54997194
vn 0.54997194 -0.62853936 -0.54997194
vn -0.54997194 0.62853936 -0.54997194
vn -0.54997194 -0.62853936 -0.54997194
vn -0.50697940 0.69709668 0.50697940
vn -0.50697940 -0.69709668 0.50697940
vn 0.50697940 0.69709668 0.50697940
vn 0.50697940 -0.69709668 0.50697940
vn 0.50697940 0.69709668 -0.50697940
vn 0.50697940 -0.69709668 -0.50697940
vn -0.50697940 0.69709668 -0.50697940
vn -0.50697940 -0.69709668 -0.50697940
vn -0.50697940 0.69709668 0.50697940
vn -0.50697940 -0.69709668 0.50697940
vn 0.50697940 0.69709668 0.50697940
vn 0.50697940 -0.69709668 0.50697940
vn 0.50697940 0.69709668 -0.50697940
vn 0.50697940 -0.69709668 -0.50697940
vn -0.50697940 0.69709668 -0.50697940
vn -0.50697940 -0.69709668 -0.50697940
vn -0.50697940 0.69709668 0.50697940
vn -0.50697940 -0.69709668 0.50697940
vn 0.50697940 0.69709668 0.50697940
vn 0.50697940 -0.69709668 0.50697940
vn 0.50697940 0.69709668 -0.50697940
vn 0.50697940 -0.69709668 -0.50697940
vn -0.50697940 0.69709668 -0.50697940
vn -0.50697940 -0.69709668 -0.50697940
vn -0.50697940 0.69709668 0.50697940
vn -0.50697940 -0.69709668 0.50697940
vn 0.50697940 0.69709668 0.50697940
vn 0.50697940 -0.69709668 0.50697940
vn 0.50697940 0.69709668 -0.50697940
vn 0.50697940 -0.69709668 -0.50697940
vn -0.50697940 0.69709668 -0.50697940
vn -0.50697940 -0.69709668 -0.50697940
vn -0.54997194 0.62853936 0.54997194
vn -0.54997194 -0.62853936 0.54997194
vn 0.54997194 0.62853936 0.54997194
vn 0.54997194 -0.62853936 0.54997194
vn 0.54997194 0.62853936 -0.54997194
vn 0.54997194 -0.62853936 -0.54997194
vn -0.54997194 0.62853936 -0.54997194
vn -0.54997194 -0.62853936 -0.54997194
vn -0.50697940 0.69709668 0.50697940
vn -0.50697940 -0.69709668 0.50697940
vn 0.50697940 0.69709668 0.50697940
vn 0.50697940 -0.69709668 0.50697940
vn 0.50697940 0.69709668 -0.50697940
vn 0.50697940 -0.69709668 -0.50697940
vn -0.50697940 0.69709668 -0.50697940
vn -0.50697940 -0.69709668 -0.50697940
vn -0.50697940 0.69709668 0.50697940
vn -0.50697940 -0.69709668 0.50697940
vn 0.50697940 0.69709668 0.50697940
vn 0.50697940 -0.69709668 0.50697940
vn 0.50697940 0.69709668 -0.50697940
vn 0.50697940 -0.69709668 -0.50697940
vn -0.50697940 0.69709668 -0.50697940
vn -0.50697940 -0.69709668 -0.50697940
vn -0.50697940 0.69709668 0.50697940
vn -0.50697940 -0.69709668 0.50697940
vn 0.50697940 0.69709668 0.50697940
vn 0.50697940 -0.69709668 0.50697940
vn 0.50697940 0.69709668 -0.50697940
vn 0.50697940 -0.69709668 -0.50697940
vn -0.50697940 0.69709668 -0.50697940
vn -0.50697940 -0.69709668 -0.50697940
vn -0.50697940 0.69709668 0.50697940
vn -0.50697940 -0.69709668 0.50697940
vn 0.50697940 0.69709668 0.50697940
vn 0.50697940 -0.69709668 0.50697940
vn 0.50697940 0.69709668 -0.50697940
vn 0.50697940 -0.69709668 -0.50697940
vn -0.50697940 0.69709668 -0.50697940
vn -0.50697940 -0.69709668 -0.50697940
vn -0.54997194 0.62853936 0.54997194
vn -0.54997194 -0.62853936 0.54997194
vn 0.54997194 0.62853936 0.54997194
vn 0.54997194 -0.62853936 0.54997194
vn 0.54997194 0.62853936 -0.54997194
vn 0.54997194 -0.62853936 -0.54997194
vn -0.54997194 0.62853936 -0.54997194
vn -0.54997194 -0.62853936 -0.54997194
vn 0.00000000 0.00000000 -1.00000000
vn 0.00000000 0.00000000 1.00000000
vn -1.00000000 0.00000000 0.00000000
vn 1.00000000 0.00000000 0.00000000
vn 0.00000000 -1.00000000 0.00000000
vn 0.00000000 1.00000000 0.00000000
vn 0.00000000 0.00000000 -1.00000000
vn 0.00000000 0.00000000 1.00000000
vn -1.00000000 0.00000000 0.00000000
vn 1.00000000 0.00000000 0.00000000
vn 0.00000000 -1.00000000 0.00000000
vn 0.00000000 1.00000000 0.00000000
f 1/1/1 4/2/1 3/3/1
f 1/1/1 3/3/1 2/4/1
f 5/5/2 6/6/2 7/7/2
f 5/5/2 7/7/2 8/8/2
f 1/9/3 5/10/3 8/11/3
f 1/9/3 8/11/3 4/12/3
f 2/13/4 3/14/4 7/15/4
f 2/13/4 7/15/4 6/16/4
f 1/17/5 2/18/5 6/19/5
f 1/17/5 6/19/5 5/20/5
f 4/21/6 8/22/6 7/23/6
f 4/21/6 7/23/6 3/24/6
f 1/25/7 11/26/7 10/27/7
f 1/25/7 10/27/7 9/28/7
f 5/29/8 12/30/8 13/31/8
f 5/29/8 13/31/8 14/32/8
f 1/33/9 5/34/9 14/35/9
f 1/33/9 14/35/9 11/36/9
f 9/37/10 10/38/10 13/39/10
f 9/37/10 13/39/10 12/40/10
f 1/41/11 9/42/11 12/43/11
f 1/41/11 12/43/11 5/44/11
f 11/45/12 14/46/12 13/47/12
f 11/45/12 13/47/12 10/48/12
f 15/49/13 17/50/13 16/51/13
f 15/49/13 16/51/13 2/52/13
f 18/53/14 6/54/14 19/55/14
f 18/53/14 19/55/14 20/56/14
f 15/57/15 18/58/15 20/59/15
f 15/57/15 20/59/15 17/60/15
f 2/61/16 16/62/16 19/63/16
f 2/61/16 19/63/16 6/64/16
f 15/65/17 2/66/17 6/67/17
f 15/65/17 6/67/17 18/68/17
f 17/69/18 20/70/18 19/71/18
f 17/69/18 19/71/18 16/72/18
f 9/73/19 10/74/19 17/75/19
f 9/73/19 17/75/19 15/76/19
f 21/77/20 22/78/20 23/79/20
f 21/77/20 23/79/20 24/80/20
f 9/81/21 21/82/21 24/83/21
f 9/81/21 24/83/21 10/84/21
f 15/85/22 17/86/22 23/87/22
f 15/85/22 23/87/22 22/88/22
f 9/89/23 15/90/23 22/91/23
f 9/89/23 22/91/23 21/92/23
f 10/93/24 24/94/24 23/95/24
f 10/93/24 23/95/24 17/96/24
f 25/97/25 28/98/25 27/99/25
f 25/97/25 27/99/25 26/100/25
f 12/101/26 29/102/26 30/103/26
f 12/101/26 30/103/26 13/104/26
f 25/105/27 12/106/27 13/107/27
f 25/105/27 13/107/27 28/108/27
f 26/109/28 27/110/28 30/111/28
f 26/109/28 30/111/28 29/112/28
f 25/113/29 26/114/29 29/115/29
f 25/113/29 29/115/29 12/116/29
f 28/117/30 13/118/30 30/119/30
f 28/117/30 30/119/30 27/120/30
f 31/121/31 34/122/31 33/123/31
f 31/121/31 33/123/31 32/124/31
f 35/125/32 18/126/32 20/127/32
f 35/125/32 20/127/32 36/128/32
f 31/129/33 35/130/33 36/131/33
f 31/129/33 36/131/33 34/132/33
f 32/133/34 33/134/34 20/135/34
f 32/133/34 20/135/34 18/136/34
f 31/137/35 32/138/35 18/139/35
f 31/137/35 18/139/35 35/140/35
f 34/141/36 36/142/36 20/143/36
f 34/141/36 20/143/36 33/144/36
f 37/145/37 27/146/37 34/147/37
f 37/145/37 34/147/37 38/148/37
f 39/149/38 40/150/38 36/151/38
f 39/149/38 36/151/38 30/152/38
f 37/153/39 39/154/39 30/155/39
f 37/153/39 30/155/39 27/156/39
f 38/157/40 34/158/40 36/159/40
f 38/157/40 36/159/40 40/160/40
f 37/161/41 38/162/41 40/163/41
f 37/161/41 40/163/41 39/164/41
f 27/165/42 30/166/42 36/167/42
f 27/165/42 36/167/42 34/168/42
f 41/169/43 44/170/43 43/171/43
f 41/169/43 43/171/43 42/172/43
f 45/173/44 46/174/44 47/175/44
f 45/173/44 47/175/44 48/176/44
f 41/177/45 45/178/45 48/179/45
f 41/177/45 48/179/45 44/180/45
f 42/181/46 43/182/46 47/183/46
f 42/181/46 47/183/46 46/184/46
f 41/185/47 42/186/47 46/187/47
f 41/185/47 46/187/47 45/188/47
f 44/189/48 48/190/48 47/191/48
f 44/189/48 47/191/48 43/192/48
f 49/193/49 50/194/49 51/195/49
f 49/193/49 51/195/49 52/196/49
f 53/197/50 54/198/50 55/199/50
f 53/197/50 55/199/50 56/200/50
f 49/201/51 53/202/51 56/203/51
f 49/201/51 56/203/51 50/204/51
f 52/205/52 51/206/52 55/207/52
f 52/205/52 55/207/52 54/208/52
f 49/209/53 52/210/53 54/211/53
f 49/209/53 54/211/53 53/212/53
f 50/213/54 56/214/54 55/215/54
f 50/213/54 55/215/54 51/216/54
f 57/217/55 60/218/55 59/219/55
f 57/217/55 59/219/55 58/220/55
f 61/221/56 62/222/56 63/223/56
f 61/221/56 63/223/56 64/224/56
f 57/225/57 61/226/57 64/227/57
f 57/225/57 64/227/57 60/228/57
f 58/229/58 59/230/58 63/231/58
f 58/229/58 63/231/58 62/232/58
f 57/233/59 58/234/59 62/235/59
f 57/233/59 62/235/59 61/236/59
f 60/237/60 64/238/60 63/239/60
f 60/237/60 63/239/60 59/240/60
f 65/241/61 66/242/61 67/243/61
f 65/241/61 67/243/61 68/244/61
f 69/245/62 70/246/62 71/247/62
f 69/245/62 71/247/62 72/248/62
f 65/249/63 69/250/63 72/251/63
f 65/249/63 72/251/63 66/252/63
f 68/253/64 67/254/64 71/255/64
f 68/253/64 71/255/64 70/256/64
f 65/257/65 68/258/65 70/259/65
f 65/257/65 70/259/65 69/260/65
f 66/261/66 72/262/66 71/263/66
f 66/261/66 71/263/66 67/264/66
f 73/265/67 76/266/67 75/267/67
f 73/265/67 75/267/67 74/268/67
f 77/269/68 78/270/68 79/271/68
f 77/269/68 79/271/68 80/272/68
f 73/273/69 77/274/69 80/275/69
f 73/273/69 80/275/69 76/276/69
f 74/277/70 75/278/70 79/279/70
f 74/277/70 79/279/70 78/280/70
f 73/281/71 74/282/71 78/283/71
f 73/281/71 78/283/71 77/284/71
f 76/285/72 80/286/72 79/287/72
f 76/285/72 79/287/72 75/288/72
f 81/289/73 84/290/73 83/291/73
f 81/289/73 83/291/73 82/292/73
f 85/293/74 86/294/74 87/295/74
f 85/293/74 87/295/74 88/296/74
f 81/297/75 85/298/75 88/299/75
f 81/297/75 88/299/75 84/300/75
f 82/301/76 83/302/76 87/303/76
f 82/301/76 87/303/76 86/304/76
f 81/305/77 82/306/77 86/307/77
f 81/305/77 86/307/77 85/308/77
f 84/309/78 88/310/78 87/311/78
f 84/309/78 87/311/78 83/312/78
f 89/313/79 90/314/79 91/315/79
f 89/313/79 91/315/79 92/316/79
f 93/317/80 94/318/80 95/319/80
f 93/317/80 95/319/80 96/320/80
f 89/321/81 93/322/81 96/323/81
f 89/321/81 96/323/81 90/324/81
f 92/325/82 91/326/82 95/327/82
f 92/325/82 95/327/82 94/328/82
f 89/329/83 92/330/83 94/331/83
f 89/329/83 94/331/83 93/332/83
f 90/333/84 96/334/84 95/335/84
f 90/333/84 95/335/84 91/336/84
f 97/337/85 100/338/85 99/339/85
f 97/337/85 99/339/85 98/340/85
f 101/341/86 102/342/86 103/343/86
f 101/341/86 103/343/86 104/344/86
f 97/345/87 101/346/87 104/347/87
f 97/345/87 104/347/87 100/348/87
f 98/349/88 99/350/88 103/351/88
f 98/349/88 103/351/88 102/352/88
f 97/353/89 98/354/89 102/355/89
f 97/353/89 102/355/89 101/356/89
f 100/357/90 104/358/90 103/359/90
f 100/357/90 103/359/90 99/360/90
f 105/361/91 106/362/91 107/363/91
f 105/361/91 107/363/91 108/364/91
f 109/365/92 110/366/92 111/367/92
f 109/365/92 111/367/92 112/368/92
f 105/369/93 109/370/93 112/371/93
f 105/369/93 112/371/93 106/372/93
f 108/373/94 107/374/94 111/375/94
f 108/373/94 111/375/94 110/376/94
f 105/377/95 108/378/95 110/379/95
f 105/377/95 110/379/95 109/380/95
f 106/381/96 112/382/96 111/383/96
f 106/381/96 111/383/96 107/384/96
f 113/385/97 116/386/97 115/387/97
f 113/385/97 115/387/97 114/388/97
f 117/389/98 118/390/98 119/391/98
f 117/389/98 119/391/98 120/392/98
f 113/393/99 117/394/99 120/395/99
f 113/393/99 120/395/99 116/396/99
f 114/397/100 115/398/100 119/399/100
f 114/397/100 119/399/100 118/400/100
f 113/401/101 114/402/101 118/403/101
f 113/401/101 118/403/101 117/404/101
f 116/405/102 120/406/102 119/407/102
f 116/405/102 119/407/102 115/408/102
f 121/409/103 124/410/103 123/411/103
f 121/409/103 123/411/103 122/412/103
f 125/413/104 126/414/104 127/415/104
f 125/413/104 127/415/104 128/416/104
f 121/417/105 125/418/105 128/419/105
f 121/417/105 128/419/105 124/420/105
f 122/421/106 123/422/106 127/423/106
f 122/421/106 127/423/106 126/424/106
f 121/425/107 122/426/107 126/427/107
f 121/425/107 126/427/107 125/428/107
f 124/429/108 128/430/108 127/431/108
f 124/429/108 127/431/108 123/432/108
f 129/433/109 130/434/109 131/435/109
f 129/433/109 131/435/109 132/436/109
f 133/437/110 134/438/110 135/439/110
f 133/437/110 135/439/110 136/440/110
f 129/441/111 133/442/111 136/443/111
f 129/441/111 136/443/111 130/444/111
f 132/445/112 131/446/112 135/447/112
f 132/445/112 135/447/112 134/448/112
f 129/449/113 132/450/113 134/451/113
f 129/449/113 134/451/113 133/452/113
f 130/453/114 136/454/114 135/455/114
f 130/453/114 135/455/114 131/456/114
f 137/457/115 140/458/115 139/459/115
f 137/457/115 139/459/115 138/460/115
f 141/461/116 142/462/116 143/463/116
f 141/461/116 143/463/116 144/464/116
f 137/465/117 141/466/117 144/467/117
f 137/465/117 144/467/117 140/468/117
f 138/469/118 139/470/118 143/471/118
f 138/469/118 143/471/118 142/472/118
f 137/473/119 138/474/119 142/475/119
f 137/473/119 142/475/119 141/476/119
f 140/477/120 144/478/120 143/479/120
f 140/477/120 143/479/120 139/480/120
f 145/481/121 146/482/121 147/483/121
f 145/481/121 147/483/121 148/484/121
f 149/485/122 150/486/122 151/487/122
f 149/485/122 151/487/122 152/488/122
f 145/489/123 149/490/123 152/491/123
f 145/489/123 152/491/123 146/492/123
f 148/493/124 147/494/124 151/495/124
f 148/493/124 151/495/124 150/496/124
f 145/497/125 148/498/125 150/499/125
f 145/497/125 150/499/125 149/500/125
f 146/501/126 152/502/126 151/503/126
f 146/501/126 151/503/126 147/504/126
f 153/505/127 156/506/127 155/507/127
f 153/505/127 155/507/127 154/508/127
f 157/509/128 158/510/128 159/511/128
f 157/509/128 159/511/128 160/512/128
f 153/513/129 157/514/129 160/515/129
f 153/513/129 160/515/129 156/516/129
f 154/517/130 155/518/130 159/519/130
f 154/517/130 159/519/130 158/520/130
f 153/521/131 154/522/131 158/523/131
f 153/521/131 158/523/131 157/524/131
f 156/525/132 160/526/132 159/527/132
f 156/525/132 159/527/132 155/528/132
f 161/529/133 164/530/133 163/531/133
f 161/529/133 163/531/133 162/532/133
f 165/533/134 166/534/134 167/535/134
f 165/533/134 167/535/134 168/536/134
f 161/537/135 165/538/135 168/539/135
f 161/537/135 168/539/135 164/540/135
f 162/541/136 163/542/136 167/543/136
f 162/541/136 167/543/136 166/544/136
f 161/545/137 162/546/137 166/547/137
f 161/545/137 166/547/137 165/548/137
f 164/549/138 168/550/138 167/551/138
f 164/549/138 167/551/138 163/552/138
f 169/553/139 170/554/139 171/555/139
f 169/553/139 171/555/139 172/556/139
f 173/557/140 174/558/140 175/559/140
f 173/557/140 175/559/140 176/560/140
f 169/561/141 173/562/141 176/563/141
f 169/561/141 176/563/141 170/564/141
f 172/565/142 171/566/142 175/567/142
f 172/565/142 175/567/142 174/568/142
f 169/569/143 172/570/143 174/571/143
f 169/569/143 174/571/143 173/572/143
f 170/573/144 176/574/144 175/575/144
f 170/573/144 175/575/144 171/576/144
f 177/577/145 180/578/145 179/579/145
f 177/577/145 179/579/145 178/580/145
f 181/581/146 182/582/146 183/583/146
f 181/581/146 183/583/146 184/584/146
f 177/585/147 181/586/147 184/587/147
f 177/585/147 184/587/147 180/588/147
f 178/589/148 179/590/148 183/591/148
f 178/589/148 183/591/148 182/592/148
f 177/593/149 178/594/149 182/595/149
f 177/593/149 182/595/149 181/596/149
f 180/597/150 184/598/150 183/599/150
f 180/597/150 183/599/150 179/600/150
f 185/601/151 186/602/151 187/603/151
f 185/601/151 187/603/151 188/604/151
f 189/605/152 190/606/152 191/607/152
f 189/605/152 191/607/152 192/608/152
f 185/609/153 189/610/153 192/611/153
f 185/609/153 192/611/153 186/612/153
f 188/613/154 187/614/154 191/615/154
f 188/613/154 191/615/154 190/616/154
f 185/617/155 188/618/155 190/619/155
f 185/617/155 190/619/155 189/620/155
f 186/621/156 192/622/156 191/623/156
f 186/621/156 191/623/156 187/624/156
f 193/625/157 196/626/157 195/627/157
f 193/625/157 195/627/157 194/628/157
f 197/629/158 198/630/158 199/631/158
f 197/629/158 199/631/158 200/632/158
f 193/633/159 197/634/159 200/635/159
f 193/633/159 200/635/159 196/636/159
f 194/637/160 195/638/160 199/639/160
f 194/637/160 199/639/160 198/640/160
f 193/641/161 194/642/161 198/643/161
f 193/641/161 198/643/161 197/644/161
f 196/645/162 200/646/162 199/647/162
f 196/645/162 199/647/162 195/648/162
f 201/649/163 202/650/163 203/651/163
f 201/649/163 203/651/163 204/652/163
f 205/653/164 206/654/164 207/655/164
f 205/653/164 207/655/164 208/656/164
f 201/657/165 205/658/165 208/659/165
f 201/657/165 208/659/165 202/660/165
f 204/661/166 203/662/166 207/663/166
f 204/661/166 207/663/166 206/664/166
f 201/665/167 204/666/167 206/667/167
f 201/665/167 206/667/167 205/668/167
f 202/669/168 208/670/168 207/671/168
f 202/669/168 207/671/168 203/672/168
f 209/673/169 210/674/169 211/675/169
f 209/673/169 211/675/169 212/676/169
f 213/677/170 214/678/170 215/679/170
f 213/677/170 215/679/170 216/680/170
f 209/681/171 213/682/171 216/683/171
f 209/681/171 216/683/171 210/684/171
f 212/685/172 211/686/172 215/687/172
f 212/685/172 215/687/172 214/688/172
f 209/689/173 212/690/173 214/691/173
f 209/689/173 214/691/173 213/692/173
f 210/693/174 216/694/174 215/695/174
f 210/693/174 215/695/174 211/696/174
f 217/697/175 218/698/175 219/699/175
f 217/697/175 219/699/175 220/700/175
f 221/701/176 222/702/176 223/703/176
f 221/701/176 223/703/176 224/704/176
f 217/705/177 221/706/177 224/707/177
f 217/705/177 224/707/177 218/708/177
f 220/709/178 219/710/178 223/711/178
f 220/709/178 223/711/178 222/712/178
f 217/713/179 220/714/179 222/715/179
f 217/713/179 222/715/179 221/716/179
f 218/717/180 224/718/180 223/719/180
f 218/717/180 223/719/180 219/720/180
f 225/721/181 226/722/181 227/723/181
f 227/724/182 226/725/182 225/726/182
f 228/727/183 229/728/183 230/729/183
f 230/730/184 229/731/184 228/732/184
f 231/733/185 234/734/185 233/735/185
f 231/733/185 233/735/185 232/736/185
f 235/737/186 236/738/186 237/739/186
f 235/737/186 237/739/186 238/740/186
f 231/741/187 235/742/187 238/743/187
f 231/741/187 238/743/187 234/744/187
f 232/745/188 233/746/188 237/747/188
f 232/745/188 237/747/188 236/748/188
f 231/749/189 232/750/189 236/751/189
f 231/749/189 236/751/189 235/752/189
f 234/753/190 238/754/190 237/755/190
f 234/753/190 237/755/190 233/756/190
f 239/757/191 242/758/191 241/759/191
f 239/757/191 241/759/191 240/760/191
f 243/761/192 244/762/192 245/763/192
f 243/761/192 245/763/192 246/764/192
f 239/765/193 243/766/193 246/767/193
f 239/765/193 246/767/193 242/768/193
f 240/769/194 241/770/194 245/771/194
f 240/769/194 245/771/194 244/772/194
f 239/773/195 240/774/195 244/775/195
f 239/773/195 244/775/195 243/776/195
f 242/777/196 246/778/196 245/779/196
f 242/777/196 245/779/196 241/780/196
f 247/781/197 250/782/197 249/783/197
f 247/781/197 249/783/197 248/784/197
f 251/785/198 252/786/198 253/787/198
f 251/785/198 253/787/198 254/788/198
f 247/789/199 251/790/199 254/791/199
f 247/789/199 254/791/199 250/792/199
f 248/793/200 249/794/200 253/795/200
f 248/793/200 253/795/200 252/796/200
f 247/797/201 248/798/201 252/799/201
f 247/797/201 252/799/201 251/800/201
f 250/801/202 254/802/202 253/803/202
f 250/801/202 253/803/202 249/804/202
f 243/805/203 246/806/203 256/807/203
f 243/805/203 256/807/203 255/808/203
f 247/809/204 257/810/204 258/811/204
f 247/809/204 258/811/204 250/812/204
f 243/813/205 247/814/205 250/815/205
f 243/813/205 250/815/205 246/816/205
f 255/817/206 256/818/206 258/819/206
f 255/817/206 258/819/206 257/820/206
f 243/821/207 255/822/207 257/823/207
f 243/821/207 257/823/207 247/824/207
f 246/825/208 250/826/208 258/827/208
f 246/825/208 258/827/208 256/828/208
f 259/829/209 260/830/209 245/831/209
f 259/829/209 245/831/209 244/832/209
f 261/833/210 248/834/210 249/835/210
f 261/833/210 249/835/210 262/836/210
f 259/837/211 261/838/211 262/839/211
f 259/837/211 262/839/211 260/840/211
f 244/841/212 245/842/212 249/843/212
f 244/841/212 249/843/212 248/844/212
f 259/845/213 244/846/213 248/847/213
f 259/845/213 248/847/213 261/848/213
f 260/849/214 262/850/214 249/851/214
f 260/849/214 249/851/214 245/852/214
f 263/853/215 264/854/215 265/855/215
f 266/856/216 265/857/216 264/858/216
f 263/859/217 265/860/217 267/861/217
f 266/862/218 267/863/218 265/864/218
f 263/865/219 267/866/219 268/867/219
f 266/868/220 268/869/220 267/870/220
f 263/871/221 268/872/221 264/873/221
f 266/874/222 264/875/222 268/876/222
f 269/877/223 270/878/223 271/879/223
f 272/880/224 271/881/224 270/882/224
f 269/883/225 271/884/225 273/885/225
f 272/886/226 273/887/226 271/888/226
f 269/889/227 273/890/227 274/891/227
f 272/892/228 274/893/228 273/894/228
f 269/895/229 274/896/229 270/897/229
f 272/898/230 270/899/230 274/900/230
f 275/901/231 276/902/231 277/903/231
f 278/904/232 277/905/232 276/906/232
f 275/907/233 277/908/233 279/909/233
f 278/910/234 279/911/234 277/912/234
f 275/913/235 279/914/235 280/915/235
f 278/916/236 280/917/236 279/918/236
f 275/919/237 280/920/237 276/921/237
f 278/922/238 276/923/238 280/924/238
f 281/925/239 282/926/239 283/927/239
f 284/928/240 283/929/240 282/930/240
f 281/931/241 283/932/241 285/933/241
f 284/934/242 285/935/242 283/936/242
f 281/937/243 285/938/243 286/939/243
f 284/940/244 286/941/244 285/942/244
f 281/943/245 286/944/245 282/945/245
f 284/946/246 282/947/246 286/948/246
f 287/949/247 288/950/247 289/951/247
f 290/952/248 289/953/248 288/954/248
f 287/955/249 289/956/249 291/957/249
f 290/958/250 291/959/250 289/960/250
f 287/961/251 291/962/251 292/963/251
f 290/964/252 292/965/252 291/966/252
f 287/967/253 292/968/253 288/969/253
f 290/970/254 288/971/254 292/972/254
f 293/973/255 294/974/255 295/975/255
f 296/976/256 295/977/256 294/978/256
f 293/979/257 295/980/257 297/981/257
f 296/982/258 297/983/258 295/984/258
f 293/985/259 297/986/259 298/987/259
f 296/988/260 298/989/260 297/990/260
f 293/991/261 298/992/261 294/993/261
f 296/994/262 294/995/262 298/996/262
f 299/997/263 300/998/263 301/999/263
f 302/1000/264 301/1001/264 300/1002/264
f 299/1003/265 301/1004/265 303/1005/265
f 302/1006/266 303/1007/266 301/1008/266
f 299/1009/267 303/1010/267 304/1011/267
f 302/1012/268 304/1013/268 303/1014/268
f 299/1015/269 304/1016/269 300/1017/269
f 302/1018/270 300/1019/270 304/1020/270
f 305/1021/271 306/1022/271 307/1023/271
f 308/1024/272 307/1025/272 306/1026/272
f 305/1027/273 307/1028/273 309/1029/273
f 308/1030/274 309/1031/274 307/1032/274
f 305/1033/275 309/1034/275 310/1035/275
f 308/1036/276 310/1037/276 309/1038/276
f 305/1039/277 310/1040/277 306/1041/277
f 308/1042/278 306/1043/278 310/1044/278
f 311/1045/279 312/1046/279 313/1047/279
f 314/1048/280 313/1049/280 312/1050/280
f 311/1051/281 313/1052/281 315/1053/281
f 314/1054/282 315/1055/282 313/1056/282
f 311/1057/283 315/1058/283 316/1059/283
f 314/1060/284 316/1061/284 315/1062/284
f 311/1063/285 316/1064/285 312/1065/285
f 314/1066/286 312/1067/286 316/1068/286
f 317/1069/287 318/1070/287 319/1071/287
f 320/1072/288 319/1073/288 318/1074/288
f 317/1075/289 319/1076/289 321/1077/289
f 320/1078/290 321/1079/290 319/1080/290
f 317/1081/291 321/1082/291 322/1083/291
f 320/1084/292 322/1085/292 321/1086/292
f 317/1087/293 322/1088/293 318/1089/293
f 320/1090/294 318/1091/294 322/1092/294
f 323/1093/295 324/1094/295 325/1095/295
f 326/1096/296 325/1097/296 324/1098/296
f 323/1099/297 325/1100/297 327/1101/297
f 326/1102/298 327/1103/298 325/1104/298
f 323/1105/299 327/1106/299 328/1107/299
f 326/1108/300 328/1109/300 327/1110/300
f 323/1111/301 328/1112/301 324/1113/301
f 326/1114/302 324/1115/302 328/1116/302
f 329/1117/303 330/1118/303 331/1119/303
f 332/1120/304 331/1121/304 330/1122/304
f 329/1123/305 331/1124/305 333/1125/305
f 332/1126/306 333/1127/306 331/1128/306
f 329/1129/307 333/1130/307 334/1131/307
f 332/1132/308 334/1133/308 333/1134/308
f 329/1135/309 334/1136/309 330/1137/309
f 332/1138/310 330/1139/310 334/1140/310
f 335/1141/311 336/1142/311 337/1143/311
f 338/1144/312 337/1145/312 336/1146/312
f 335/1147/313 337/1148/313 339/1149/313
f 338/1150/314 339/1151/314 337/1152/314
f 335/1153/315 339/1154/315 340/1155/315
f 338/1156/316 340/1157/316 339/1158/316
f 335/1159/317 340/1160/317 336/1161/317
f 338/1162/318 336/1163/318 340/1164/318
f 341/1165/319 342/1166/319 343/1167/319
f 344/1168/320 343/1169/320 342/1170/320
f 341/1171/321 343/1172/321 345/1173/321
f 344/1174/322 345/1175/322 343/1176/322
f 341/1177/323 345/1178/323 346/1179/323
f 344/1180/324 346/1181/324 345/1182/324
f 341/1183/325 346/1184/325 342/1185/325
f 344/1186/326 342/1187/326 346/1188/326
f 347/1189/327 348/1190/327 349/1191/327
f 350/1192/328 349/1193/328 348/1194/328
f 347/1195/329 349/1196/329 351/1197/329
f 350/1198/330 351/1199/330 349/1200/330
f 347/1201/331 351/1202/331 352/1203/331
f 350/1204/332 352/1205/332 351/1206/332
f 347/1207/333 352/1208/333 348/1209/333
f 350/1210/334 348/1211/334 352/1212/334
f 353/1213/335 354/1214/335 355/1215/335
f 356/1216/336 355/1217/336 354/1218/336
f 353/1219/337 355/1220/337 357/1221/337
f 356/1222/338 357/1223/338 355/1224/338
f 353/1225/339 357/1226/339 358/1227/339
f 356/1228/340 358/1229/340 357/1230/340
f 353/1231/341 358/1232/341 354/1233/341
f 356/1234/342 354/1235/342 358/1236/342
f 359/1237/343 360/1238/343 361/1239/343
f 362/1240/344 361/1241/344 360/1242/344
f 359/1243/345 361/1244/345 363/1245/345
f 362/1246/346 363/1247/346 361/1248/346
f 359/1249/347 363/1250/347 364/1251/347
f 362/1252/348 364/1253/348 363/1254/348
f 359/1255/349 364/1256/349 360/1257/349
f 362/1258/350 360/1259/350 364/1260/350
f 365/1261/351 366/1262/351 367/1263/351
f 368/1264/352 367/1265/352 366/1266/352
f 365/1267/353 367/1268/353 369/1269/353
f 368/1270/354 369/1271/354 367/1272/354
f 365/1273/355 369/1274/355 370/1275/355
f 368/1276/356 370/1277/356 369/1278/356
f 365/1279/357 370/1280/357 366/1281/357
f 368/1282/358 366/1283/358 370/1284/358
f 371/1285/359 372/1286/359 373/1287/359
f 374/1288/360 373/1289/360 372/1290/360
f 371/1291/361 373/1292/361 375/1293/361
f 374/1294/362 375/1295/362 373/1296/362
f 371/1297/363 375/1298/363 376/1299/363
f 374/1300/364 376/1301/364 375/1302/364
f 371/1303/365 376/1304/365 372/1305/365
f 374/1306/366 372/1307/366 376/1308/366
f 377/1309/367 378/1310/367 379/1311/367
f 380/1312/368 379/1313/368 378/1314/368
f 377/1315/369 379/1316/369 381/1317/369
f 380/1318/370 381/1319/370 379/1320/370
f 377/1321/371 381/1322/371 382/1323/371
f 380/1324/372 382/1325/372 381/1326/372
f 377/1327/373 382/1328/373 378/1329/373
f 380/1330/374 378/1331/374 382/1332/374
f 383/1333/375 386/1334/375 385/1335/375
f 383/1333/375 385/1335/375 384/1336/375
f 387/1337/376 388/1338/376 389/1339/376
f 387/1337/376 389/1339/376 390/1340/376
f 383/1341/377 387/1342/377 390/1343/377
f 383/1341/377 390/1343/377 386/1344/377
f 384/1345/378 385/1346/378 389/1347/378
f 384/1345/378 389/1347/378 388/1348/378
f 383/1349/379 384/1350/379 388/1351/379
f 383/1349/379 388/1351/379 387/1352/379
f 386/1353/380 390/1354/380 389/1355/380
f 386/1353/380 389/1355/380 385/1356/380
f 391/1357/381 394/1358/381 393/1359/381
f 391/1357/381 393/1359/381 392/1360/381
f 395/1361/382 396/1362/382 397/1363/382
f 395/1361/382 397/1363/382 398/1364/382
f 391/1365/383 395/1366/383 398/1367/383
f 391/1365/383 398/1367/383 394/1368/383
f 392/1369/384 393/1370/384 397/1371/384
f 392/1369/384 397/1371/384 396/1372/384
f 391/1373/385 392/1374/385 396/1375/385
f 391/1373/385 396/1375/385 395/1376/385
f 394/1377/386 398/1378/386 397/1379/386
f 394/1377/386 397/1379/386 393/1380/386
f 399/1381/387 402/1382/387 401/1383/387
f 399/1381/387 401/1383/387 400/1384/387
f 403/1385/388 404/1386/388 405/1387/388
f 403/1385/388 405/1387/388 406/1388/388
f 399/1389/389 403/1390/389 406/1391/389
f 399/1389/389 406/1391/389 402/1392/389
f 400/1393/390 401/1394/390 405/1395/390
f 400/1393/390 405/1395/390 404/1396/390
f 399/1397/391 400/1398/391 404/1399/391
f 399/1397/391 404/1399/391 403/1400/391
f 402/1401/392 406/1402/392 405/1403/392
f 402/1401/392 405/1403/392 401/1404/392
f 395/1405/393 398/1406/393 408/1407/393
f 395/1405/393 408/1407/393 407/1408/393
f 399/1409/394 409/1410/394 410/1411/394
f 399/1409/394 410/1411/394 402/1412/394
f 395/1413/395 399/1414/395 402/1415/395
f 395/1413/395 402/1415/395 398/1416/395
f 407/1417/396 408/1418/396 410/1419/396
f 407/1417/396 410/1419/396 409/1420/396
f 395/1421/397 407/1422/397 409/1423/397
f 395/1421/397 409/1423/397 399/1424/397
f 398/1425/398 402/1426/398 410/1427/398
f 398/1425/398 410/1427/398 408/1428/398
f 411/1429/399 412/1430/399 397/1431/399
f 411/1429/399 397/1431/399 396/1432/399
f 413/1433/400 400/1434/400 401/1435/400
f 413/1433/400 401/1435/400 414/1436/400
f 411/1437/401 413/1438/401 414/1439/401
f 411/1437/401 414/1439/401 412/1440/401
f 396/1441/402 397/1442/402 401/1443/402
f 396/1441/402 401/1443/402 400/1444/402
f 411/1445/403 396/1446/403 400/1447/403
f 411/1445/403 400/1447/403 413/1448/403
f 412/1449/404 414/1450/404 401/1451/404
f 412/1449/404 401/1451/404 397/1452/404
f 415/1453/405 416/1454/405 417/1455/405
f 418/1456/406 417/1457/406 416/1458/406
f 415/1459/407 417/1460/407 419/1461/407
f 418/1462/408 419/1463/408 417/1464/408
f 415/1465/409 419/1466/409 420/1467/409
f 418/1468/410 420/1469/410 419/1470/410
f 415/1471/411 420/1472/411 416/1473/411
f 418/1474/412 416/1475/412 420/1476/412
f 421/1477/413 422/1478/413 423/1479/413
f 424/1480/414 423/1481/414 422/1482/414
f 421/1483/415 423/1484/415 425/1485/415
f 424/1486/416 425/1487/416 423/1488/416
f 421/1489/417 425/1490/417 426/1491/417
f 424/1492/418 426/1493/418 425/1494/418
f 421/1495/419 426/1496/419 422/1497/419
f 424/1498/420 422/1499/420 426/1500/420
f 427/1501/421 428/1502/421 429/1503/421
f 430/1504/422 429/1505/422 428/1506/422
f 427/1507/423 429/1508/423 431/1509/423
f 430/1510/424 431/1511/424 429/1512/424
f 427/1513/425 431/1514/425 432/1515/425
f 430/1516/426 432/1517/426 431/1518/426
f 427/1519/427 432/1520/427 428/1521/427
f 430/1522/428 428/1523/428 432/1524/428
f 433/1525/429 434/1526/429 435/1527/429
f 436/1528/430 435/1529/430 434/1530/430
f 433/1531/431 435/1532/431 437/1533/431
f 436/1534/432 437/1535/432 435/1536/432
f 433/1537/433 437/1538/433 438/1539/433
f 436/1540/434 438/1541/434 437/1542/434
f 433/1543/435 438/1544/435 434/1545/435
f 436/1546/436 434/1547/436 438/1548/436
f 439/1549/437 440/1550/437 441/1551/437
f 442/1552/438 441/1553/438 440/1554/438
f 439/1555/439 441/1556/439 443/1557/439
f 442/1558/440 443/1559/440 441/1560/440
f 439/1561/441 443/1562/441 444/1563/441
f 442/1564/442 444/1565/442 443/1566/442
f 439/1567/443 444/1568/443 440/1569/443
f 442/1570/444 440/1571/444 444/1572/444
f 445/1573/445 446/1574/445 447/1575/445
f 448/1576/446 447/1577/446 446/1578/446
f 445/1579/447 447/1580/447 449/1581/447
f 448/1582/448 449/1583/448 447/1584/448
f 445/1585/449 449/1586/449 450/1587/449
f 448/1588/450 450/1589/450 449/1590/450
f 445/1591/451 450/1592/451 446/1593/451
f 448/1594/452 446/1595/452 450/1596/452
f 451/1597/453 452/1598/453 453/1599/453
f 454/1600/454 453/1601/454 452/1602/454
f 451/1603/455 453/1604/455 455/1605/455
f 454/1606/456 455/1607/456 453/1608/456
f 451/1609/457 455/1610/457 456/1611/457
f 454/1612/458 456/1613/458 455/1614/458
f 451/1615/459 456/1616/459 452/1617/459
f 454/1618/460 452/1619/460 456/1620/460
f 457/1621/461 458/1622/461 459/1623/461
f 460/1624/462 459/1625/462 458/1626/462
f 457/1627/463 459/1628/463 461/1629/463
f 460/1630/464 461/1631/464 459/1632/464
f 457/1633/465 461/1634/465 462/1635/465
f 460/1636/466 462/1637/466 461/1638/466
f 457/1639/467 462/1640/467 458/1641/467
f 460/1642/468 458/1643/468 462/1644/468
f 463/1645/469 464/1646/469 465/1647/469
f 466/1648/470 465/1649/470 464/1650/470
f 463/1651/471 465/1652/471 467/1653/471
f 466/1654/472 467/1655/472 465/1656/472
f 463/1657/473 467/1658/473 468/1659/473
f 466/1660/474 468/1661/474 467/1662/474
f 463/1663/475 468/1664/475 464/1665/475
f 466/1666/476 464/1667/476 468/1668/476
f 469/1669/477 470/1670/477 471/1671/477
f 472/1672/478 471/1673/478 470/1674/478
f 469/1675/479 471/1676/479 473/1677/479
f 472/1678/480 473/1679/480 471/1680/480
f 469/1681/481 473/1682/481 474/1683/481
f 472/1684/482 474/1685/482 473/1686/482
f 469/1687/483 474/1688/483 470/1689/483
f 472/1690/484 470/1691/484 474/1692/484
f 475/1693/485 476/1694/485 477/1695/485
f 478/1696/486 477/1697/486 476/1698/486
f 475/1699/487 477/1700/487 479/1701/487
f 478/1702/488 479/1703/488 477/1704/488
f 475/1705/489 479/1706/489 480/1707/489
f 478/1708/490 480/1709/490 479/1710/490
f 475/1711/491 480/1712/491 476/1713/491
f 478/1714/492 476/1715/492 480/1716/492
f 481/1717/493 482/1718/493 483/1719/493
f 484/1720/494 483/1721/494 482/1722/494
f 481/1723/495 483/1724/495 485/1725/495
f 484/1726/496 485/1727/496 483/1728/496
f 481/1729/497 485/1730/497 486/1731/497
f 484/1732/498 486/1733/498 485/1734/498
f 481/1735/499 486/1736/499 482/1737/499
f 484/1738/500 482/1739/500 486/1740/500
f 487/1741/501 488/1742/501 489/1743/501
f 490/1744/502 489/1745/502 488/1746/502
f 487/1747/503 489/1748/503 491/1749/503
f 490/1750/504 491/1751/504 489/1752/504
f 487/1753/505 491/1754/505 492/1755/505
f 490/1756/506 492/1757/506 491/1758/506
f 487/1759/507 492/1760/507 488/1761/507
f 490/1762/508 488/1763/508 492/1764/508
f 493/1765/509 494/1766/509 495/1767/509
f 496/1768/510 495/1769/510 494/1770/510
f 493/1771/511 495/1772/511 497/1773/511
f 496/1774/512 497/1775/512 495/1776/512
f 493/1777/513 497/1778/513 498/1779/513
f 496/1780/514 498/1781/514 497/1782/514
f 493/1783/515 498/1784/515 494/1785/515
f 496/1786/516 494/1787/516 498/1788/516
f 499/1789/517 500/1790/517 501/1791/517
f 502/1792/518 501/1793/518 500/1794/518
f 499/1795/519 501/1796/519 503/1797/519
f 502/1798/520 503/1799/520 501/1800/520
f 499/1801/521 503/1802/521 504/1803/521
f 502/1804/522 504/1805/522 503/1806/522
f 499/1807/523 504/1808/523 500/1809/523
f 502/1810/524 500/1811/524 504/1812/524
f 505/1813/525 506/1814/525 507/1815/525
f 508/1816/526 507/1817/526 506/1818/526
f 505/1819/527 507/1820/527 509/1821/527
f 508/1822/528 509/1823/528 507/1824/528
f 505/1825/529 509/1826/529 510/1827/529
f 508/1828/530 510/1829/530 509/1830/530
f 505/1831/531 510/1832/531 506/1833/531
f 508/1834/532 506/1835/532 510/1836/532
f 511/1837/533 512/1838/533 513/1839/533
f 514/1840/534 513/1841/534 512/1842/534
f 511/1843/535 513/1844/535 515/1845/535
f 514/1846/536 515/1847/536 513/1848/536
f 511/1849/537 515/1850/537 516/1851/537
f 514/1852/538 516/1853/538 515/1854/538
f 511/1855/539 516/1856/539 512/1857/539
f 514/1858/540 512/1859/540 516/1860/540
f 517/1861/541 518/1862/541 519/1863/541
f 520/1864/542 519/1865/542 518/1866/542
f 517/1867/543 519/1868/543 521/1869/543
f 520/1870/544 521/1871/544 519/1872/544
f 517/1873/545 521/1874/545 522/1875/545
f 520/1876/546 522/1877/546 521/1878/546
f 517/1879/547 522/1880/547 518/1881/547
f 520/1882/548 518/1883/548 522/1884/548
f 523/1885/549 524/1886/549 525/1887/549
f 526/1888/550 525/1889/550 524/1890/550
f 523/1891/551 525/1892/551 527/1893/551
f 526/1894/552 527/1895/552 525/1896/552
f 523/1897/553 527/1898/553 528/1899/553
f 526/1900/554 528/1901/554 527/1902/554
f 523/1903/555 528/1904/555 524/1905/555
f 526/1906/556 524/1907/556 528/1908/556
f 529/1909/557 530/1910/557 531/1911/557
f 532/1912/558 531/1913/558 530/1914/558
f 529/1915/559 531/1916/559 533/1917/559
f 532/1918/560 533/1919/560 531/1920/560
f 529/1921/561 533/1922/561 534/1923/561
f 532/1924/562 534/1925/562 533/1926/562
f 529/1927/563 534/1928/563 530/1929/563
f 532/1930/564 530/1931/564 534/1932/564
f 535/1933/565 538/1934/565 537/1935/565
f 535/1933/565 537/1935/565 536/1936/565
f 539/1937/566 540/1938/566 541/1939/566
f 539/1937/566 541/1939/566 542/1940/566
f 535/1941/567 539/1942/567 542/1943/567
f 535/1941/567 542/1943/567 538/1944/567
f 536/1945/568 537/1946/568 541/1947/568
f 536/1945/568 541/1947/568 540/1948/568
f 535/1949/569 536/1950/569 540/1951/569
f 535/1949/569 540/1951/569 539/1952/569
f 538/1953/570 542/1954/570 541/1955/570
f 538/1953/570 541/1955/570 537/1956/570
f 543/1957/571 546/1958/571 545/1959/571
f 543/1957/571 545/1959/571 544/1960/571
f 547/1961/572 548/1962/572 549/1963/572
f 547/1961/572 549/1963/572 550/1964/572
f 543/1965/573 547/1966/573 550/1967/573
f 543/1965/573 550/1967/573 546/1968/573
f 544/1969/574 545/1970/574 549/1971/574
f 544/1969/574 549/1971/574 548/1972/574
f 543/1973/575 544/1974/575 548/1975/575
f 543/1973/575 548/1975/575 547/1976/575
f 546/1977/576 550/1978/576 549/1979/576
f 546/1977/576 549/1979/576 545/1980/576
